
==========
== CUDA ==
==========

CUDA Version 12.6.3

Container image Copyright (c) 2016-2023, NVIDIA CORPORATION & AFFILIATES. All rights reserved.

This container image and its contents are governed by the NVIDIA Deep Learning Container License.
By pulling and using the container, you accept the terms and conditions of this license:
https://developer.nvidia.com/ngc/nvidia-deep-learning-container-license

A copy of this license is made available in this container at /NGC-DL-CONTAINER-LICENSE for your convenience.

hpc_core and interface imported.
[    0.00s] Log started
[Config] GPU=requested
[Config] Molecules: ['H2', 'LiH', 'BeH2', 'H2O', 'NH3', 'N2']
[Config] Resolver: max_qubits=30, cache=.pubchem_cache/
[Stack] GPU statevector (cuStateVec) available
[hw] NVIDIA A100-SXM4-40GB (datacenter, 40.0 GB, fp64:fp32≈0.500) | libs: aer-gpu, cuquantum | MPI=1 | backend=custatevec
[Stack]  Initialized 1 MPI rank(s), GPU=enabled, SV_backend=GPU (cuStateVec), backend='simulator'


--- RUNNING CHEMISTRY TASK H2 ---
[Resolver] 'H2' found in local registry 
[Chemistry:H2] [+   0.0s] driver.run() -- PySCF electronic structure
[Chemistry:H2] [+   0.1s] second_q_op() + JW mapping
[Chemistry:H2] [+   0.1s] Hamiltonian: 15 Pauli terms, 4 qubits
[Chemistry:H2] [+   0.1s] FCI ground-truth via PySCF
[Chemistry:H2] [+   0.3s] build_ansatz(tier=hwe_adaptive, reps=1) -- this is the slow one at high n
[Chemistry:H2] [+   0.3s] QASM3 serialization (24 params, 36 gates)
[Chemistry:H2] [+   0.3s] prepare() complete
[Chemistry:H2] 15 Pauli terms, 4 qubits, 24 params, reps=1. FCI reference: -1.1373 Ha 
[Ansatz] HWE (adaptive) (auto) | corr_score=0.342 | off_diag_ratio=0.056
[Reason] score=0.342 in [0.25, 0.55). Moderate correlation (off_diag_ratio=0.056, zz_frac=0.667). Adaptive HWE with full entanglement recommended.
[Stack] Precision: fp64 for 4-qubit problem (GPU fits up to ~30 qubits at this precision)
Iter 0001/200 | E: -0.036757 | Δ: inf | M: 787.2770 | iter=  0.02s | ETA: 0m03s | Path: GPU-cuStateVec+cpu-expect MPI-distributed (1 ranks)
Iter 0002/200 | E: -0.034346 | Δ: 2.41e-03 | M: 409.1015 | iter=  0.01s | ETA: 0m02s | Path: GPU-cuStateVec+cpu-expect MPI-distributed (1 ranks)
Iter 0003/200 | E: -0.041786 | Δ: 7.44e-03 | M: 417.0115 | iter=  0.01s | ETA: 0m01s | Path: GPU-cuStateVec+cpu-expect MPI-distributed (1 ranks)
Iter 0004/200 | E: -0.022947 | Δ: 1.88e-02 | M: 397.0882 | iter=  0.01s | ETA: 0m01s | Path: GPU-cuStateVec+cpu-expect MPI-distributed (1 ranks)
Iter 0005/200 | E: -0.039845 | Δ: 1.69e-02 | M: 400.5823 | iter=  0.01s | ETA: 0m01s | Path: GPU-cuStateVec+cpu-expect MPI-distributed (1 ranks)
[RESILIENCE] Iteration 5: Global theta state checkpointed at path checkpoints/H2/checkpoint_iter_0005.npy. 
Iter 0006/200 | E: -0.032940 | Δ: 6.91e-03 | M: 392.8636 | iter=  0.01s | ETA: 0m00s | Path: GPU-cuStateVec+cpu-expect MPI-distributed (1 ranks)
Iter 0007/200 | E: -0.038593 | Δ: 5.65e-03 | M: 404.4372 | iter=  0.01s | ETA: 0m00s | Path: GPU-cuStateVec+cpu-expect MPI-distributed (1 ranks)
Iter 0008/200 | E: -0.034324 | Δ: 4.27e-03 | M: 375.5639 | iter=  0.01s | ETA: 0m00s | Path: GPU-cuStateVec+cpu-expect MPI-distributed (1 ranks)
Iter 0009/200 | E: -0.038720 | Δ: 4.40e-03 | M: 391.1030 | iter=  0.01s | ETA: 0m00s | Path: GPU-cuStateVec+cpu-expect MPI-distributed (1 ranks)
Iter 0010/200 | E: -0.038716 | Δ: 4.22e-06 | M: 405.2228 | iter=  0.01s | ETA: 0m00s | Path: GPU-cuStateVec+cpu-expect MPI-distributed (1 ranks)
[RESILIENCE] Iteration 10: Global theta state checkpointed at path checkpoints/H2/checkpoint_iter_0010.npy. 
Iter 0011/200 | E: -0.041388 | Δ: 2.67e-03 | M: 406.1742 | iter=  0.01s | ETA: 0m00s | Path: GPU-cuStateVec+cpu-expect MPI-distributed (1 ranks)
Iter 0012/200 | E: -0.039931 | Δ: 1.46e-03 | M: 396.1800 | iter=  0.01s | ETA: 0m00s | Path: GPU-cuStateVec+cpu-expect MPI-distributed (1 ranks)
Iter 0013/200 | E: -0.046354 | Δ: 6.42e-03 | M: 403.4014 | iter=  0.01s | ETA: 0m00s | Path: GPU-cuStateVec+cpu-expect MPI-distributed (1 ranks)
Iter 0014/200 | E: -0.041947 | Δ: 4.41e-03 | M: 407.1204 | iter=  0.01s | ETA: 0m00s | Path: GPU-cuStateVec+cpu-expect MPI-distributed (1 ranks)
Iter 0015/200 | E: -0.049653 | Δ: 7.71e-03 | M: 413.5533 | iter=  0.01s | ETA: 0m00s | Path: GPU-cuStateVec+cpu-expect MPI-distributed (1 ranks)
[RESILIENCE] Iteration 15: Global theta state checkpointed at path checkpoints/H2/checkpoint_iter_0015.npy. 
Iter 0016/200 | E: -0.047697 | Δ: 1.96e-03 | M: 431.1872 | iter=  0.01s | ETA: 0m00s | Path: GPU-cuStateVec+cpu-expect MPI-distributed (1 ranks)
Iter 0017/200 | E: -0.045866 | Δ: 1.83e-03 | M: 173.7355 | iter=  0.01s | ETA: 0m00s | Path: GPU-cuStateVec+cpu-expect MPI-distributed (1 ranks)
Iter 0018/200 | E: -0.051388 | Δ: 5.52e-03 | M: 416.6944 | iter=  0.01s | ETA: 0m00s | Path: GPU-cuStateVec+cpu-expect MPI-distributed (1 ranks)
Iter 0019/200 | E: -0.055030 | Δ: 3.64e-03 | M: 378.6444 | iter=  0.01s | ETA: 0m00s | Path: GPU-cuStateVec+cpu-expect MPI-distributed (1 ranks)
Iter 0020/200 | E: -0.056306 | Δ: 1.28e-03 | M: 415.4885 | iter=  0.01s | ETA: 0m00s | Path: GPU-cuStateVec+cpu-expect MPI-distributed (1 ranks)
[RESILIENCE] Iteration 20: Global theta state checkpointed at path checkpoints/H2/checkpoint_iter_0020.npy. 
Iter 0021/200 | E: -0.055543 | Δ: 7.63e-04 | M: 411.6519 | iter=  0.01s | ETA: 0m00s | Path: GPU-cuStateVec+cpu-expect MPI-distributed (1 ranks)
Iter 0022/200 | E: -0.061926 | Δ: 6.38e-03 | M: 426.4178 | iter=  0.01s | ETA: 0m00s | Path: GPU-cuStateVec+cpu-expect MPI-distributed (1 ranks)
Iter 0023/200 | E: -0.061371 | Δ: 5.56e-04 | M: 412.2277 | iter=  0.01s | ETA: 0m00s | Path: GPU-cuStateVec+cpu-expect MPI-distributed (1 ranks)
Iter 0024/200 | E: -0.052939 | Δ: 8.43e-03 | M: 405.0028 | iter=  0.00s | ETA: 0m00s | Path: GPU-cuStateVec+cpu-expect MPI-distributed (1 ranks)
Iter 0025/200 | E: -0.057413 | Δ: 4.47e-03 | M: 186.2305 | iter=  0.00s | ETA: 0m00s | Path: GPU-cuStateVec+cpu-expect MPI-distributed (1 ranks)
[RESILIENCE] Iteration 25: Global theta state checkpointed at path checkpoints/H2/checkpoint_iter_0025.npy. 
Iter 0026/200 | E: -0.072205 | Δ: 1.48e-02 | M: 408.2314 | iter=  0.01s | ETA: 0m00s | Path: GPU-cuStateVec+cpu-expect MPI-distributed (1 ranks)
Iter 0027/200 | E: -0.082031 | Δ: 9.83e-03 | M: 416.8499 | iter=  0.00s | ETA: 0m00s | Path: GPU-cuStateVec+cpu-expect MPI-distributed (1 ranks)
Iter 0028/200 | E: -0.088259 | Δ: 6.23e-03 | M: 408.6742 | iter=  0.00s | ETA: 0m00s | Path: GPU-cuStateVec+cpu-expect MPI-distributed (1 ranks)
Iter 0029/200 | E: -0.083477 | Δ: 4.78e-03 | M: 417.4129 | iter=  0.01s | ETA: 0m00s | Path: GPU-cuStateVec+cpu-expect MPI-distributed (1 ranks)
Iter 0030/200 | E: -0.087601 | Δ: 4.12e-03 | M: 406.0004 | iter=  0.00s | ETA: 0m00s | Path: GPU-cuStateVec+cpu-expect MPI-distributed (1 ranks)
[RESILIENCE] Iteration 30: Global theta state checkpointed at path checkpoints/H2/checkpoint_iter_0030.npy. 
Iter 0031/200 | E: -0.095204 | Δ: 7.60e-03 | M: 273.1466 | iter=  0.01s | ETA: 0m00s | Path: GPU-cuStateVec+cpu-expect MPI-distributed (1 ranks)
Iter 0032/200 | E: -0.104732 | Δ: 9.53e-03 | M: 415.6206 | iter=  0.01s | ETA: 0m00s | Path: GPU-cuStateVec+cpu-expect MPI-distributed (1 ranks)
Iter 0033/200 | E: -0.105180 | Δ: 4.48e-04 | M: 409.6783 | iter=  0.01s | ETA: 0m00s | Path: GPU-cuStateVec+cpu-expect MPI-distributed (1 ranks)
Iter 0034/200 | E: -0.107591 | Δ: 2.41e-03 | M: 389.9996 | iter=  0.01s | ETA: 0m00s | Path: GPU-cuStateVec+cpu-expect MPI-distributed (1 ranks)
Iter 0035/200 | E: -0.117344 | Δ: 9.75e-03 | M: 398.3195 | iter=  0.01s | ETA: 0m00s | Path: GPU-cuStateVec+cpu-expect MPI-distributed (1 ranks)
[RESILIENCE] Iteration 35: Global theta state checkpointed at path checkpoints/H2/checkpoint_iter_0035.npy. 
Iter 0036/200 | E: -0.125186 | Δ: 7.84e-03 | M: 411.6608 | iter=  0.01s | ETA: 0m00s | Path: GPU-cuStateVec+cpu-expect MPI-distributed (1 ranks)
Iter 0037/200 | E: -0.123267 | Δ: 1.92e-03 | M: 408.7504 | iter=  0.01s | ETA: 0m00s | Path: GPU-cuStateVec+cpu-expect MPI-distributed (1 ranks)
Iter 0038/200 | E: -0.137322 | Δ: 1.41e-02 | M: 413.6289 | iter=  0.01s | ETA: 0m00s | Path: GPU-cuStateVec+cpu-expect MPI-distributed (1 ranks)
Iter 0039/200 | E: -0.152753 | Δ: 1.54e-02 | M: 404.1963 | iter=  0.00s | ETA: 0m00s | Path: GPU-cuStateVec+cpu-expect MPI-distributed (1 ranks)
Iter 0040/200 | E: -0.157060 | Δ: 4.31e-03 | M: 395.1016 | iter=  0.01s | ETA: 0m00s | Path: GPU-cuStateVec+cpu-expect MPI-distributed (1 ranks)
[RESILIENCE] Iteration 40: Global theta state checkpointed at path checkpoints/H2/checkpoint_iter_0040.npy. 
Iter 0041/200 | E: -0.157721 | Δ: 6.61e-04 | M: 412.4462 | iter=  0.01s | ETA: 0m00s | Path: GPU-cuStateVec+cpu-expect MPI-distributed (1 ranks)
Iter 0042/200 | E: -0.156961 | Δ: 7.60e-04 | M: 453.9851 | iter=  0.01s | ETA: 0m00s | Path: GPU-cuStateVec+cpu-expect MPI-distributed (1 ranks)
Iter 0043/200 | E: -0.162177 | Δ: 5.22e-03 | M: 422.7344 | iter=  0.01s | ETA: 0m00s | Path: GPU-cuStateVec+cpu-expect MPI-distributed (1 ranks)
Iter 0044/200 | E: -0.179111 | Δ: 1.69e-02 | M: 423.0126 | iter=  0.01s | ETA: 0m00s | Path: GPU-cuStateVec+cpu-expect MPI-distributed (1 ranks)
Iter 0045/200 | E: -0.188373 | Δ: 9.26e-03 | M: 421.9672 | iter=  0.01s | ETA: 0m00s | Path: GPU-cuStateVec+cpu-expect MPI-distributed (1 ranks)
[RESILIENCE] Iteration 45: Global theta state checkpointed at path checkpoints/H2/checkpoint_iter_0045.npy. 
Iter 0046/200 | E: -0.200790 | Δ: 1.24e-02 | M: 416.3558 | iter=  0.01s | ETA: 0m00s | Path: GPU-cuStateVec+cpu-expect MPI-distributed (1 ranks)
Iter 0047/200 | E: -0.197062 | Δ: 3.73e-03 | M: 419.3811 | iter=  0.01s | ETA: 0m00s | Path: GPU-cuStateVec+cpu-expect MPI-distributed (1 ranks)
Iter 0048/200 | E: -0.189798 | Δ: 7.26e-03 | M: 411.4511 | iter=  0.00s | ETA: 0m00s | Path: GPU-cuStateVec+cpu-expect MPI-distributed (1 ranks)
Iter 0049/200 | E: -0.205025 | Δ: 1.52e-02 | M: 419.5413 | iter=  0.00s | ETA: 0m00s | Path: GPU-cuStateVec+cpu-expect MPI-distributed (1 ranks)
Iter 0050/200 | E: -0.234639 | Δ: 2.96e-02 | M: 188.8955 | iter=  0.01s | ETA: 0m00s | Path: GPU-cuStateVec+cpu-expect MPI-distributed (1 ranks)
[RESILIENCE] Iteration 50: Global theta state checkpointed at path checkpoints/H2/checkpoint_iter_0050.npy. 
Iter 0051/200 | E: -0.230608 | Δ: 4.03e-03 | M: 405.1989 | iter=  0.01s | ETA: 0m00s | Path: GPU-cuStateVec+cpu-expect MPI-distributed (1 ranks)
Iter 0052/200 | E: -0.238507 | Δ: 7.90e-03 | M: 406.6242 | iter=  0.01s | ETA: 0m00s | Path: GPU-cuStateVec+cpu-expect MPI-distributed (1 ranks)
Iter 0053/200 | E: -0.245525 | Δ: 7.02e-03 | M: 411.1847 | iter=  0.00s | ETA: 0m00s | Path: GPU-cuStateVec+cpu-expect MPI-distributed (1 ranks)
Iter 0054/200 | E: -0.237356 | Δ: 8.17e-03 | M: 406.9208 | iter=  0.00s | ETA: 0m00s | Path: GPU-cuStateVec+cpu-expect MPI-distributed (1 ranks)
Iter 0055/200 | E: -0.259306 | Δ: 2.19e-02 | M: 409.0449 | iter=  0.00s | ETA: 0m00s | Path: GPU-cuStateVec+cpu-expect MPI-distributed (1 ranks)
[RESILIENCE] Iteration 55: Global theta state checkpointed at path checkpoints/H2/checkpoint_iter_0055.npy. 
Iter 0056/200 | E: -0.275362 | Δ: 1.61e-02 | M: 407.0023 | iter=  0.01s | ETA: 0m00s | Path: GPU-cuStateVec+cpu-expect MPI-distributed (1 ranks)
Iter 0057/200 | E: -0.272275 | Δ: 3.09e-03 | M: 425.4395 | iter=  0.00s | ETA: 0m00s | Path: GPU-cuStateVec+cpu-expect MPI-distributed (1 ranks)
Iter 0058/200 | E: -0.292185 | Δ: 1.99e-02 | M: 405.3974 | iter=  0.01s | ETA: 0m00s | Path: GPU-cuStateVec+cpu-expect MPI-distributed (1 ranks)
Iter 0059/200 | E: -0.302573 | Δ: 1.04e-02 | M: 400.9922 | iter=  0.00s | ETA: 0m00s | Path: GPU-cuStateVec+cpu-expect MPI-distributed (1 ranks)
Iter 0060/200 | E: -0.349488 | Δ: 4.69e-02 | M: 407.8803 | iter=  0.00s | ETA: 0m00s | Path: GPU-cuStateVec+cpu-expect MPI-distributed (1 ranks)
[RESILIENCE] Iteration 60: Global theta state checkpointed at path checkpoints/H2/checkpoint_iter_0060.npy. 
Iter 0061/200 | E: -0.377147 | Δ: 2.77e-02 | M: 407.3814 | iter=  0.00s | ETA: 0m00s | Path: GPU-cuStateVec+cpu-expect MPI-distributed (1 ranks)
Iter 0062/200 | E: -0.377085 | Δ: 6.25e-05 | M: 411.4144 | iter=  0.00s | ETA: 0m00s | Path: GPU-cuStateVec+cpu-expect MPI-distributed (1 ranks)
Iter 0063/200 | E: -0.378766 | Δ: 1.68e-03 | M: 407.2811 | iter=  0.00s | ETA: 0m00s | Path: GPU-cuStateVec+cpu-expect MPI-distributed (1 ranks)
Iter 0064/200 | E: -0.397378 | Δ: 1.86e-02 | M: 404.6531 | iter=  0.00s | ETA: 0m00s | Path: GPU-cuStateVec+cpu-expect MPI-distributed (1 ranks)
Iter 0065/200 | E: -0.428638 | Δ: 3.13e-02 | M: 390.6235 | iter=  0.00s | ETA: 0m00s | Path: GPU-cuStateVec+cpu-expect MPI-distributed (1 ranks)
[RESILIENCE] Iteration 65: Global theta state checkpointed at path checkpoints/H2/checkpoint_iter_0065.npy. 
Iter 0066/200 | E: -0.428725 | Δ: 8.65e-05 | M: 419.1090 | iter=  0.01s | ETA: 0m00s | Path: GPU-cuStateVec+cpu-expect MPI-distributed (1 ranks)
Iter 0067/200 | E: -0.456223 | Δ: 2.75e-02 | M: 189.8587 | iter=  0.00s | ETA: 0m00s | Path: GPU-cuStateVec+cpu-expect MPI-distributed (1 ranks)
Iter 0068/200 | E: -0.477559 | Δ: 2.13e-02 | M: 410.8647 | iter=  0.00s | ETA: 0m00s | Path: GPU-cuStateVec+cpu-expect MPI-distributed (1 ranks)
Iter 0069/200 | E: -0.481686 | Δ: 4.13e-03 | M: 408.8747 | iter=  0.00s | ETA: 0m00s | Path: GPU-cuStateVec+cpu-expect MPI-distributed (1 ranks)
Iter 0070/200 | E: -0.489568 | Δ: 7.88e-03 | M: 414.1361 | iter=  0.01s | ETA: 0m00s | Path: GPU-cuStateVec+cpu-expect MPI-distributed (1 ranks)
[RESILIENCE] Iteration 70: Global theta state checkpointed at path checkpoints/H2/checkpoint_iter_0070.npy. 
Iter 0071/200 | E: -0.488210 | Δ: 1.36e-03 | M: 410.9085 | iter=  0.00s | ETA: 0m00s | Path: GPU-cuStateVec+cpu-expect MPI-distributed (1 ranks)
Iter 0072/200 | E: -0.492942 | Δ: 4.73e-03 | M: 410.1095 | iter=  0.00s | ETA: 0m00s | Path: GPU-cuStateVec+cpu-expect MPI-distributed (1 ranks)
Iter 0073/200 | E: -0.555441 | Δ: 6.25e-02 | M: 414.8500 | iter=  0.00s | ETA: 0m00s | Path: GPU-cuStateVec+cpu-expect MPI-distributed (1 ranks)
Iter 0074/200 | E: -0.558116 | Δ: 2.67e-03 | M: 407.6945 | iter=  0.00s | ETA: 0m00s | Path: GPU-cuStateVec+cpu-expect MPI-distributed (1 ranks)
Iter 0075/200 | E: -0.557646 | Δ: 4.70e-04 | M: 414.4090 | iter=  0.00s | ETA: 0m00s | Path: GPU-cuStateVec+cpu-expect MPI-distributed (1 ranks)
[RESILIENCE] Iteration 75: Global theta state checkpointed at path checkpoints/H2/checkpoint_iter_0075.npy. 
Iter 0076/200 | E: -0.555519 | Δ: 2.13e-03 | M: 413.8626 | iter=  0.01s | ETA: 0m00s | Path: GPU-cuStateVec+cpu-expect MPI-distributed (1 ranks)
Iter 0077/200 | E: -0.569376 | Δ: 1.39e-02 | M: 411.1809 | iter=  0.00s | ETA: 0m00s | Path: GPU-cuStateVec+cpu-expect MPI-distributed (1 ranks)
Iter 0078/200 | E: -0.593032 | Δ: 2.37e-02 | M: 426.3307 | iter=  0.01s | ETA: 0m00s | Path: GPU-cuStateVec+cpu-expect MPI-distributed (1 ranks)
Iter 0079/200 | E: -0.586227 | Δ: 6.81e-03 | M: 415.4646 | iter=  0.00s | ETA: 0m00s | Path: GPU-cuStateVec+cpu-expect MPI-distributed (1 ranks)
Iter 0080/200 | E: -0.591151 | Δ: 4.92e-03 | M: 410.1829 | iter=  0.00s | ETA: 0m00s | Path: GPU-cuStateVec+cpu-expect MPI-distributed (1 ranks)
[RESILIENCE] Iteration 80: Global theta state checkpointed at path checkpoints/H2/checkpoint_iter_0080.npy. 
Iter 0081/200 | E: -0.608018 | Δ: 1.69e-02 | M: 413.8055 | iter=  0.01s | ETA: 0m00s | Path: GPU-cuStateVec+cpu-expect MPI-distributed (1 ranks)
Iter 0082/200 | E: -0.603117 | Δ: 4.90e-03 | M: 411.0722 | iter=  0.00s | ETA: 0m00s | Path: GPU-cuStateVec+cpu-expect MPI-distributed (1 ranks)
Iter 0083/200 | E: -0.603431 | Δ: 3.14e-04 | M: 414.3186 | iter=  0.00s | ETA: 0m00s | Path: GPU-cuStateVec+cpu-expect MPI-distributed (1 ranks)
Iter 0084/200 | E: -0.623809 | Δ: 2.04e-02 | M: 414.5875 | iter=  0.00s | ETA: 0m00s | Path: GPU-cuStateVec+cpu-expect MPI-distributed (1 ranks)
Iter 0085/200 | E: -0.618667 | Δ: 5.14e-03 | M: 401.9173 | iter=  0.00s | ETA: 0m00s | Path: GPU-cuStateVec+cpu-expect MPI-distributed (1 ranks)
[RESILIENCE] Iteration 85: Global theta state checkpointed at path checkpoints/H2/checkpoint_iter_0085.npy. 
Iter 0086/200 | E: -0.648739 | Δ: 3.01e-02 | M: 416.5099 | iter=  0.01s | ETA: 0m00s | Path: GPU-cuStateVec+cpu-expect MPI-distributed (1 ranks)
Iter 0087/200 | E: -0.645768 | Δ: 2.97e-03 | M: 410.9271 | iter=  0.00s | ETA: 0m00s | Path: GPU-cuStateVec+cpu-expect MPI-distributed (1 ranks)
Iter 0088/200 | E: -0.648330 | Δ: 2.56e-03 | M: 408.8997 | iter=  0.00s | ETA: 0m00s | Path: GPU-cuStateVec+cpu-expect MPI-distributed (1 ranks)
Iter 0089/200 | E: -0.652072 | Δ: 3.74e-03 | M: 401.9851 | iter=  0.01s | ETA: 0m00s | Path: GPU-cuStateVec+cpu-expect MPI-distributed (1 ranks)
Iter 0090/200 | E: -0.663115 | Δ: 1.10e-02 | M: 409.4106 | iter=  0.00s | ETA: 0m00s | Path: GPU-cuStateVec+cpu-expect MPI-distributed (1 ranks)
[RESILIENCE] Iteration 90: Global theta state checkpointed at path checkpoints/H2/checkpoint_iter_0090.npy. 
Iter 0091/200 | E: -0.667072 | Δ: 3.96e-03 | M: 407.6801 | iter=  0.01s | ETA: 0m00s | Path: GPU-cuStateVec+cpu-expect MPI-distributed (1 ranks)
Iter 0092/200 | E: -0.686643 | Δ: 1.96e-02 | M: 414.2070 | iter=  0.00s | ETA: 0m00s | Path: GPU-cuStateVec+cpu-expect MPI-distributed (1 ranks)
Iter 0093/200 | E: -0.717692 | Δ: 3.10e-02 | M: 406.8985 | iter=  0.01s | ETA: 0m00s | Path: GPU-cuStateVec+cpu-expect MPI-distributed (1 ranks)
Iter 0094/200 | E: -0.725276 | Δ: 7.58e-03 | M: 399.7327 | iter=  0.00s | ETA: 0m00s | Path: GPU-cuStateVec+cpu-expect MPI-distributed (1 ranks)
Iter 0095/200 | E: -0.760465 | Δ: 3.52e-02 | M: 407.5703 | iter=  0.00s | ETA: 0m00s | Path: GPU-cuStateVec+cpu-expect MPI-distributed (1 ranks)
[RESILIENCE] Iteration 95: Global theta state checkpointed at path checkpoints/H2/checkpoint_iter_0095.npy. 
Iter 0096/200 | E: -0.760575 | Δ: 1.10e-04 | M: 408.8862 | iter=  0.00s | ETA: 0m00s | Path: GPU-cuStateVec+cpu-expect MPI-distributed (1 ranks)
Iter 0097/200 | E: -0.792131 | Δ: 3.16e-02 | M: 406.1650 | iter=  0.00s | ETA: 0m00s | Path: GPU-cuStateVec+cpu-expect MPI-distributed (1 ranks)
Iter 0098/200 | E: -0.811251 | Δ: 1.91e-02 | M: 417.0032 | iter=  0.00s | ETA: 0m00s | Path: GPU-cuStateVec+cpu-expect MPI-distributed (1 ranks)
Iter 0099/200 | E: -0.834872 | Δ: 2.36e-02 | M: 402.3985 | iter=  0.00s | ETA: 0m00s | Path: GPU-cuStateVec+cpu-expect MPI-distributed (1 ranks)
Iter 0100/200 | E: -0.866477 | Δ: 3.16e-02 | M: 409.0140 | iter=  0.00s | ETA: 0m00s | Path: GPU-cuStateVec+cpu-expect MPI-distributed (1 ranks)
[RESILIENCE] Iteration 100: Global theta state checkpointed at path checkpoints/H2/checkpoint_iter_0100.npy. 
Iter 0101/200 | E: -0.858003 | Δ: 8.47e-03 | M: 557.1156 | iter=  0.01s | ETA: 0m00s | Path: GPU-cuStateVec+cpu-expect MPI-distributed (1 ranks)
Iter 0102/200 | E: -0.907781 | Δ: 4.98e-02 | M: 431.2443 | iter=  0.01s | ETA: 0m00s | Path: GPU-cuStateVec+cpu-expect MPI-distributed (1 ranks)
Iter 0103/200 | E: -0.914757 | Δ: 6.98e-03 | M: 409.2809 | iter=  0.01s | ETA: 0m00s | Path: GPU-cuStateVec+cpu-expect MPI-distributed (1 ranks)
Iter 0104/200 | E: -0.910524 | Δ: 4.23e-03 | M: 414.2019 | iter=  0.01s | ETA: 0m00s | Path: GPU-cuStateVec+cpu-expect MPI-distributed (1 ranks)
Iter 0105/200 | E: -0.916545 | Δ: 6.02e-03 | M: 408.6103 | iter=  0.00s | ETA: 0m00s | Path: GPU-cuStateVec+cpu-expect MPI-distributed (1 ranks)
[RESILIENCE] Iteration 105: Global theta state checkpointed at path checkpoints/H2/checkpoint_iter_0105.npy. 
Iter 0106/200 | E: -0.913122 | Δ: 3.42e-03 | M: 407.5251 | iter=  0.00s | ETA: 0m00s | Path: GPU-cuStateVec+cpu-expect MPI-distributed (1 ranks)
Iter 0107/200 | E: -0.935058 | Δ: 2.19e-02 | M: 410.1266 | iter=  0.00s | ETA: 0m00s | Path: GPU-cuStateVec+cpu-expect MPI-distributed (1 ranks)
Iter 0108/200 | E: -0.939233 | Δ: 4.17e-03 | M: 409.6194 | iter=  0.01s | ETA: 0m00s | Path: GPU-cuStateVec+cpu-expect MPI-distributed (1 ranks)
Iter 0109/200 | E: -0.938823 | Δ: 4.09e-04 | M: 417.7060 | iter=  0.01s | ETA: 0m00s | Path: GPU-cuStateVec+cpu-expect MPI-distributed (1 ranks)
Iter 0110/200 | E: -0.951156 | Δ: 1.23e-02 | M: 414.4506 | iter=  0.00s | ETA: 0m00s | Path: GPU-cuStateVec+cpu-expect MPI-distributed (1 ranks)
[RESILIENCE] Iteration 110: Global theta state checkpointed at path checkpoints/H2/checkpoint_iter_0110.npy. 
Iter 0111/200 | E: -0.972435 | Δ: 2.13e-02 | M: 410.3657 | iter=  0.00s | ETA: 0m00s | Path: GPU-cuStateVec+cpu-expect MPI-distributed (1 ranks)
Iter 0112/200 | E: -1.014662 | Δ: 4.22e-02 | M: 412.8652 | iter=  0.01s | ETA: 0m00s | Path: GPU-cuStateVec+cpu-expect MPI-distributed (1 ranks)
Iter 0113/200 | E: -1.021855 | Δ: 7.19e-03 | M: 414.1974 | iter=  0.00s | ETA: 0m00s | Path: GPU-cuStateVec+cpu-expect MPI-distributed (1 ranks)
Iter 0114/200 | E: -1.039026 | Δ: 1.72e-02 | M: 433.3909 | iter=  0.01s | ETA: 0m00s | Path: GPU-cuStateVec+cpu-expect MPI-distributed (1 ranks)
Iter 0115/200 | E: -1.078631 | Δ: 3.96e-02 | M: 417.0175 | iter=  0.01s | ETA: 0m00s | Path: GPU-cuStateVec+cpu-expect MPI-distributed (1 ranks)
[RESILIENCE] Iteration 115: Global theta state checkpointed at path checkpoints/H2/checkpoint_iter_0115.npy. 
Iter 0116/200 | E: -1.074066 | Δ: 4.57e-03 | M: 403.0848 | iter=  0.00s | ETA: 0m00s | Path: GPU-cuStateVec+cpu-expect MPI-distributed (1 ranks)
Iter 0117/200 | E: -1.080843 | Δ: 6.78e-03 | M: 405.6806 | iter=  0.00s | ETA: 0m00s | Path: GPU-cuStateVec+cpu-expect MPI-distributed (1 ranks)
Iter 0118/200 | E: -1.077193 | Δ: 3.65e-03 | M: 392.9996 | iter=  0.00s | ETA: 0m00s | Path: GPU-cuStateVec+cpu-expect MPI-distributed (1 ranks)
Iter 0119/200 | E: -1.098943 | Δ: 2.18e-02 | M: 402.6374 | iter=  0.00s | ETA: 0m00s | Path: GPU-cuStateVec+cpu-expect MPI-distributed (1 ranks)
Iter 0120/200 | E: -1.113970 | Δ: 1.50e-02 | M: 411.3686 | iter=  0.01s | ETA: 0m00s | Path: GPU-cuStateVec+cpu-expect MPI-distributed (1 ranks)
[RESILIENCE] Iteration 120: Global theta state checkpointed at path checkpoints/H2/checkpoint_iter_0120.npy. 
Iter 0121/200 | E: -1.120281 | Δ: 6.31e-03 | M: 409.6921 | iter=  0.00s | ETA: 0m00s | Path: GPU-cuStateVec+cpu-expect MPI-distributed (1 ranks)
Iter 0122/200 | E: -1.117180 | Δ: 3.10e-03 | M: 404.3696 | iter=  0.00s | ETA: 0m00s | Path: GPU-cuStateVec+cpu-expect MPI-distributed (1 ranks)
Iter 0123/200 | E: -1.131374 | Δ: 1.42e-02 | M: 405.9309 | iter=  0.00s | ETA: 0m00s | Path: GPU-cuStateVec+cpu-expect MPI-distributed (1 ranks)
Iter 0124/200 | E: -1.130586 | Δ: 7.89e-04 | M: 405.8686 | iter=  0.00s | ETA: 0m00s | Path: GPU-cuStateVec+cpu-expect MPI-distributed (1 ranks)
Iter 0125/200 | E: -1.134508 | Δ: 3.92e-03 | M: 410.6983 | iter=  0.00s | ETA: 0m00s | Path: GPU-cuStateVec+cpu-expect MPI-distributed (1 ranks)
[RESILIENCE] Iteration 125: Global theta state checkpointed at path checkpoints/H2/checkpoint_iter_0125.npy. 
Iter 0126/200 | E: -1.134896 | Δ: 3.87e-04 | M: 411.7095 | iter=  0.01s | ETA: 0m00s | Path: GPU-cuStateVec+cpu-expect MPI-distributed (1 ranks)
NOTE: Energy -1.1695 crossed below FCI -1.1373 at iter 127 - HWE ansatz leaving physical sector (expected limitation)
Iter 0127/200 | E: -1.169454 | Δ: 3.46e-02 | M: 418.8363 | iter=  0.01s | ETA: 0m00s | Path: GPU-cuStateVec+cpu-expect MPI-distributed (1 ranks)
Iter 0128/200 | E: -1.161551 | Δ: 7.90e-03 | M: 394.7910 | iter=  0.01s | ETA: 0m00s | Path: GPU-cuStateVec+cpu-expect MPI-distributed (1 ranks)
Iter 0129/200 | E: -1.165341 | Δ: 3.79e-03 | M: 420.7444 | iter=  0.00s | ETA: 0m00s | Path: GPU-cuStateVec+cpu-expect MPI-distributed (1 ranks)
Iter 0130/200 | E: -1.162592 | Δ: 2.75e-03 | M: 411.9452 | iter=  0.00s | ETA: 0m00s | Path: GPU-cuStateVec+cpu-expect MPI-distributed (1 ranks)
[RESILIENCE] Iteration 130: Global theta state checkpointed at path checkpoints/H2/checkpoint_iter_0130.npy. 
Iter 0131/200 | E: -1.166031 | Δ: 3.44e-03 | M: 417.9199 | iter=  0.00s | ETA: 0m00s | Path: GPU-cuStateVec+cpu-expect MPI-distributed (1 ranks)
Iter 0132/200 | E: -1.172081 | Δ: 6.05e-03 | M: 413.6602 | iter=  0.00s | ETA: 0m00s | Path: GPU-cuStateVec+cpu-expect MPI-distributed (1 ranks)
Iter 0133/200 | E: -1.169426 | Δ: 2.66e-03 | M: 415.1183 | iter=  0.00s | ETA: 0m00s | Path: GPU-cuStateVec+cpu-expect MPI-distributed (1 ranks)
Iter 0134/200 | E: -1.178971 | Δ: 9.54e-03 | M: 408.4222 | iter=  0.00s | ETA: 0m00s | Path: GPU-cuStateVec+cpu-expect MPI-distributed (1 ranks)
Iter 0135/200 | E: -1.182285 | Δ: 3.31e-03 | M: 415.5746 | iter=  0.00s | ETA: 0m00s | Path: GPU-cuStateVec+cpu-expect MPI-distributed (1 ranks)
[RESILIENCE] Iteration 135: Global theta state checkpointed at path checkpoints/H2/checkpoint_iter_0135.npy. 
Iter 0136/200 | E: -1.177917 | Δ: 4.37e-03 | M: 161.7904 | iter=  0.00s | ETA: 0m00s | Path: GPU-cuStateVec+cpu-expect MPI-distributed (1 ranks)
Iter 0137/200 | E: -1.179370 | Δ: 1.45e-03 | M: 407.8012 | iter=  0.00s | ETA: 0m00s | Path: GPU-cuStateVec+cpu-expect MPI-distributed (1 ranks)
Iter 0138/200 | E: -1.186667 | Δ: 7.30e-03 | M: 415.0554 | iter=  0.00s | ETA: 0m00s | Path: GPU-cuStateVec+cpu-expect MPI-distributed (1 ranks)
Iter 0139/200 | E: -1.188373 | Δ: 1.71e-03 | M: 412.6891 | iter=  0.00s | ETA: 0m00s | Path: GPU-cuStateVec+cpu-expect MPI-distributed (1 ranks)
Iter 0140/200 | E: -1.187870 | Δ: 5.03e-04 | M: 413.9894 | iter=  0.00s | ETA: 0m00s | Path: GPU-cuStateVec+cpu-expect MPI-distributed (1 ranks)
[RESILIENCE] Iteration 140: Global theta state checkpointed at path checkpoints/H2/checkpoint_iter_0140.npy. 
Iter 0141/200 | E: -1.212090 | Δ: 2.42e-02 | M: 403.7197 | iter=  0.00s | ETA: 0m00s | Path: GPU-cuStateVec+cpu-expect MPI-distributed (1 ranks)
Iter 0142/200 | E: -1.214721 | Δ: 2.63e-03 | M: 405.5104 | iter=  0.00s | ETA: 0m00s | Path: GPU-cuStateVec+cpu-expect MPI-distributed (1 ranks)
Iter 0143/200 | E: -1.219015 | Δ: 4.29e-03 | M: 415.1450 | iter=  0.00s | ETA: 0m00s | Path: GPU-cuStateVec+cpu-expect MPI-distributed (1 ranks)
Iter 0144/200 | E: -1.230619 | Δ: 1.16e-02 | M: 412.3260 | iter=  0.00s | ETA: 0m00s | Path: GPU-cuStateVec+cpu-expect MPI-distributed (1 ranks)
Iter 0145/200 | E: -1.231294 | Δ: 6.75e-04 | M: 414.5909 | iter=  0.00s | ETA: 0m00s | Path: GPU-cuStateVec+cpu-expect MPI-distributed (1 ranks)
[RESILIENCE] Iteration 145: Global theta state checkpointed at path checkpoints/H2/checkpoint_iter_0145.npy. 
Iter 0146/200 | E: -1.238420 | Δ: 7.13e-03 | M: 413.5639 | iter=  0.00s | ETA: 0m00s | Path: GPU-cuStateVec+cpu-expect MPI-distributed (1 ranks)
Iter 0147/200 | E: -1.240041 | Δ: 1.62e-03 | M: 403.7652 | iter=  0.00s | ETA: 0m00s | Path: GPU-cuStateVec+cpu-expect MPI-distributed (1 ranks)
Iter 0148/200 | E: -1.253496 | Δ: 1.35e-02 | M: 385.4996 | iter=  0.01s | ETA: 0m00s | Path: GPU-cuStateVec+cpu-expect MPI-distributed (1 ranks)
Iter 0149/200 | E: -1.265603 | Δ: 1.21e-02 | M: 409.6263 | iter=  0.00s | ETA: 0m00s | Path: GPU-cuStateVec+cpu-expect MPI-distributed (1 ranks)
Iter 0150/200 | E: -1.270863 | Δ: 5.26e-03 | M: 430.3455 | iter=  0.01s | ETA: 0m00s | Path: GPU-cuStateVec+cpu-expect MPI-distributed (1 ranks)
[RESILIENCE] Iteration 150: Global theta state checkpointed at path checkpoints/H2/checkpoint_iter_0150.npy. 
Iter 0151/200 | E: -1.268570 | Δ: 2.29e-03 | M: 412.1911 | iter=  0.01s | ETA: 0m00s | Path: GPU-cuStateVec+cpu-expect MPI-distributed (1 ranks)
Iter 0152/200 | E: -1.276877 | Δ: 8.31e-03 | M: 404.2858 | iter=  0.00s | ETA: 0m00s | Path: GPU-cuStateVec+cpu-expect MPI-distributed (1 ranks)
Iter 0153/200 | E: -1.284514 | Δ: 7.64e-03 | M: 431.5731 | iter=  0.00s | ETA: 0m00s | Path: GPU-cuStateVec+cpu-expect MPI-distributed (1 ranks)
Iter 0154/200 | E: -1.295406 | Δ: 1.09e-02 | M: 407.5732 | iter=  0.00s | ETA: 0m00s | Path: GPU-cuStateVec+cpu-expect MPI-distributed (1 ranks)
Iter 0155/200 | E: -1.297339 | Δ: 1.93e-03 | M: 400.2224 | iter=  0.00s | ETA: 0m00s | Path: GPU-cuStateVec+cpu-expect MPI-distributed (1 ranks)
[RESILIENCE] Iteration 155: Global theta state checkpointed at path checkpoints/H2/checkpoint_iter_0155.npy. 
Iter 0156/200 | E: -1.296740 | Δ: 5.99e-04 | M: 407.4655 | iter=  0.01s | ETA: 0m00s | Path: GPU-cuStateVec+cpu-expect MPI-distributed (1 ranks)
Iter 0157/200 | E: -1.302708 | Δ: 5.97e-03 | M: 412.2054 | iter=  0.00s | ETA: 0m00s | Path: GPU-cuStateVec+cpu-expect MPI-distributed (1 ranks)
Iter 0158/200 | E: -1.304841 | Δ: 2.13e-03 | M: 419.0221 | iter=  0.00s | ETA: 0m00s | Path: GPU-cuStateVec+cpu-expect MPI-distributed (1 ranks)
Iter 0159/200 | E: -1.314083 | Δ: 9.24e-03 | M: 419.9857 | iter=  0.00s | ETA: 0m00s | Path: GPU-cuStateVec+cpu-expect MPI-distributed (1 ranks)
Iter 0160/200 | E: -1.323153 | Δ: 9.07e-03 | M: 411.1935 | iter=  0.00s | ETA: 0m00s | Path: GPU-cuStateVec+cpu-expect MPI-distributed (1 ranks)
[RESILIENCE] Iteration 160: Global theta state checkpointed at path checkpoints/H2/checkpoint_iter_0160.npy. 
Iter 0161/200 | E: -1.325430 | Δ: 2.28e-03 | M: 405.5738 | iter=  0.00s | ETA: 0m00s | Path: GPU-cuStateVec+cpu-expect MPI-distributed (1 ranks)
Iter 0162/200 | E: -1.331394 | Δ: 5.96e-03 | M: 410.0349 | iter=  0.00s | ETA: 0m00s | Path: GPU-cuStateVec+cpu-expect MPI-distributed (1 ranks)
Iter 0163/200 | E: -1.330747 | Δ: 6.47e-04 | M: 411.9161 | iter=  0.01s | ETA: 0m00s | Path: GPU-cuStateVec+cpu-expect MPI-distributed (1 ranks)
Iter 0164/200 | E: -1.332724 | Δ: 1.98e-03 | M: 411.0851 | iter=  0.00s | ETA: 0m00s | Path: GPU-cuStateVec+cpu-expect MPI-distributed (1 ranks)
Iter 0165/200 | E: -1.333137 | Δ: 4.13e-04 | M: 414.2683 | iter=  0.01s | ETA: 0m00s | Path: GPU-cuStateVec+cpu-expect MPI-distributed (1 ranks)
[RESILIENCE] Iteration 165: Global theta state checkpointed at path checkpoints/H2/checkpoint_iter_0165.npy. 
Iter 0166/200 | E: -1.331896 | Δ: 1.24e-03 | M: 411.5784 | iter=  0.00s | ETA: 0m00s | Path: GPU-cuStateVec+cpu-expect MPI-distributed (1 ranks)
Iter 0167/200 | E: -1.335423 | Δ: 3.53e-03 | M: 411.0296 | iter=  0.01s | ETA: 0m00s | Path: GPU-cuStateVec+cpu-expect MPI-distributed (1 ranks)
Iter 0168/200 | E: -1.342308 | Δ: 6.89e-03 | M: 408.4568 | iter=  0.00s | ETA: 0m00s | Path: GPU-cuStateVec+cpu-expect MPI-distributed (1 ranks)
Iter 0169/200 | E: -1.351245 | Δ: 8.94e-03 | M: 409.5307 | iter=  0.00s | ETA: 0m00s | Path: GPU-cuStateVec+cpu-expect MPI-distributed (1 ranks)
Iter 0170/200 | E: -1.355412 | Δ: 4.17e-03 | M: 411.9470 | iter=  0.00s | ETA: 0m00s | Path: GPU-cuStateVec+cpu-expect MPI-distributed (1 ranks)
[RESILIENCE] Iteration 170: Global theta state checkpointed at path checkpoints/H2/checkpoint_iter_0170.npy. 
Iter 0171/200 | E: -1.353259 | Δ: 2.15e-03 | M: 405.7106 | iter=  0.00s | ETA: 0m00s | Path: GPU-cuStateVec+cpu-expect MPI-distributed (1 ranks)
Iter 0172/200 | E: -1.356363 | Δ: 3.10e-03 | M: 402.8439 | iter=  0.00s | ETA: 0m00s | Path: GPU-cuStateVec+cpu-expect MPI-distributed (1 ranks)
Iter 0173/200 | E: -1.357287 | Δ: 9.24e-04 | M: 415.0491 | iter=  0.00s | ETA: 0m00s | Path: GPU-cuStateVec+cpu-expect MPI-distributed (1 ranks)
Iter 0174/200 | E: -1.359004 | Δ: 1.72e-03 | M: 414.1547 | iter=  0.00s | ETA: 0m00s | Path: GPU-cuStateVec+cpu-expect MPI-distributed (1 ranks)
Iter 0175/200 | E: -1.353181 | Δ: 5.82e-03 | M: 413.8444 | iter=  0.00s | ETA: 0m00s | Path: GPU-cuStateVec+cpu-expect MPI-distributed (1 ranks)
[RESILIENCE] Iteration 175: Global theta state checkpointed at path checkpoints/H2/checkpoint_iter_0175.npy. 
Iter 0176/200 | E: -1.363325 | Δ: 1.01e-02 | M: 411.0232 | iter=  0.00s | ETA: 0m00s | Path: GPU-cuStateVec+cpu-expect MPI-distributed (1 ranks)
Iter 0177/200 | E: -1.366474 | Δ: 3.15e-03 | M: 405.1668 | iter=  0.01s | ETA: 0m00s | Path: GPU-cuStateVec+cpu-expect MPI-distributed (1 ranks)
Iter 0178/200 | E: -1.367146 | Δ: 6.72e-04 | M: 405.3719 | iter=  0.00s | ETA: 0m00s | Path: GPU-cuStateVec+cpu-expect MPI-distributed (1 ranks)
Iter 0179/200 | E: -1.367449 | Δ: 3.03e-04 | M: 403.5368 | iter=  0.01s | ETA: 0m00s | Path: GPU-cuStateVec+cpu-expect MPI-distributed (1 ranks)
Iter 0180/200 | E: -1.371866 | Δ: 4.42e-03 | M: 414.2952 | iter=  0.00s | ETA: 0m00s | Path: GPU-cuStateVec+cpu-expect MPI-distributed (1 ranks)
[RESILIENCE] Iteration 180: Global theta state checkpointed at path checkpoints/H2/checkpoint_iter_0180.npy. 
Iter 0181/200 | E: -1.377779 | Δ: 5.91e-03 | M: 418.1689 | iter=  0.01s | ETA: 0m00s | Path: GPU-cuStateVec+cpu-expect MPI-distributed (1 ranks)
Iter 0182/200 | E: -1.385216 | Δ: 7.44e-03 | M: 406.8548 | iter=  0.00s | ETA: 0m00s | Path: GPU-cuStateVec+cpu-expect MPI-distributed (1 ranks)
Iter 0183/200 | E: -1.383623 | Δ: 1.59e-03 | M: 412.6146 | iter=  0.01s | ETA: 0m00s | Path: GPU-cuStateVec+cpu-expect MPI-distributed (1 ranks)
Iter 0184/200 | E: -1.381520 | Δ: 2.10e-03 | M: 398.4498 | iter=  0.00s | ETA: 0m00s | Path: GPU-cuStateVec+cpu-expect MPI-distributed (1 ranks)
Iter 0185/200 | E: -1.388368 | Δ: 6.85e-03 | M: 418.9401 | iter=  0.00s | ETA: 0m00s | Path: GPU-cuStateVec+cpu-expect MPI-distributed (1 ranks)
[RESILIENCE] Iteration 185: Global theta state checkpointed at path checkpoints/H2/checkpoint_iter_0185.npy. 
Iter 0186/200 | E: -1.387086 | Δ: 1.28e-03 | M: 428.7574 | iter=  0.01s | ETA: 0m00s | Path: GPU-cuStateVec+cpu-expect MPI-distributed (1 ranks)
Iter 0187/200 | E: -1.390614 | Δ: 3.53e-03 | M: 415.5148 | iter=  0.01s | ETA: 0m00s | Path: GPU-cuStateVec+cpu-expect MPI-distributed (1 ranks)
Iter 0188/200 | E: -1.386489 | Δ: 4.12e-03 | M: 417.1031 | iter=  0.01s | ETA: 0m00s | Path: GPU-cuStateVec+cpu-expect MPI-distributed (1 ranks)
Iter 0189/200 | E: -1.396734 | Δ: 1.02e-02 | M: 409.4491 | iter=  0.01s | ETA: 0m00s | Path: GPU-cuStateVec+cpu-expect MPI-distributed (1 ranks)
Iter 0190/200 | E: -1.397083 | Δ: 3.50e-04 | M: 420.9089 | iter=  0.01s | ETA: 0m00s | Path: GPU-cuStateVec+cpu-expect MPI-distributed (1 ranks)
[RESILIENCE] Iteration 190: Global theta state checkpointed at path checkpoints/H2/checkpoint_iter_0190.npy. 
Iter 0191/200 | E: -1.394238 | Δ: 2.85e-03 | M: 418.3386 | iter=  0.01s | ETA: 0m00s | Path: GPU-cuStateVec+cpu-expect MPI-distributed (1 ranks)
Iter 0192/200 | E: -1.403216 | Δ: 8.98e-03 | M: 413.5034 | iter=  0.01s | ETA: 0m00s | Path: GPU-cuStateVec+cpu-expect MPI-distributed (1 ranks)
Iter 0193/200 | E: -1.402394 | Δ: 8.21e-04 | M: 417.4963 | iter=  0.01s | ETA: 0m00s | Path: GPU-cuStateVec+cpu-expect MPI-distributed (1 ranks)
Iter 0194/200 | E: -1.407194 | Δ: 4.80e-03 | M: 420.3125 | iter=  0.01s | ETA: 0m00s | Path: GPU-cuStateVec+cpu-expect MPI-distributed (1 ranks)
Iter 0195/200 | E: -1.408051 | Δ: 8.57e-04 | M: 411.0238 | iter=  0.01s | ETA: 0m00s | Path: GPU-cuStateVec+cpu-expect MPI-distributed (1 ranks)
[RESILIENCE] Iteration 195: Global theta state checkpointed at path checkpoints/H2/checkpoint_iter_0195.npy. 
Iter 0196/200 | E: -1.415914 | Δ: 7.86e-03 | M: 418.6008 | iter=  0.01s | ETA: 0m00s | Path: GPU-cuStateVec+cpu-expect MPI-distributed (1 ranks)
Iter 0197/200 | E: -1.415213 | Δ: 7.01e-04 | M: 414.3638 | iter=  0.00s | ETA: 0m00s | Path: GPU-cuStateVec+cpu-expect MPI-distributed (1 ranks)
Iter 0198/200 | E: -1.409566 | Δ: 5.65e-03 | M: 419.7358 | iter=  0.01s | ETA: 0m00s | Path: GPU-cuStateVec+cpu-expect MPI-distributed (1 ranks)
Iter 0199/200 | E: -1.420202 | Δ: 1.06e-02 | M: 421.6237 | iter=  0.01s | ETA: 0m00s | Path: GPU-cuStateVec+cpu-expect MPI-distributed (1 ranks)
Iter 0200/200 | E: -1.420053 | Δ: 1.48e-04 | M: 400.4010 | iter=  0.00s | ETA: 0m00s | Path: GPU-cuStateVec+cpu-expect MPI-distributed (1 ranks)
[RESILIENCE] Iteration 200: Global theta state checkpointed at path checkpoints/H2/checkpoint_iter_0200.npy. 
[VQE] Best physical energy: -1.134896 Ha (error: 0.0024 Ha) at iter 126
[VQE] Final energy -1.420053 is below FCI - reporting best physical result

[H2] Ansatz tier:hwe_adaptive
[H2] Corr score: 0.342 
[H2] Best physical energy: -1.134896 Ha 
[H2] Reference FCI : -1.137284 Ha 
[H2] Absolute error: +0.0024 Ha 
[H2] Iterations run: 200 (best at iter 126)
[H2] Wall time: 1.04s (includes QPU queue + RTT) 
[H2] Time/iter: 0.01 s 
[H2] Source: registry 
[H2] Active electrons: 2 
[H2] Estimated qubits: 4 


--- RUNNING CHEMISTRY TASK LiH ---
[Resolver] 'LiH' found in local registry 
[Chemistry:LiH] [+   0.0s] driver.run() -- PySCF electronic structure
[Chemistry:LiH] [+   0.0s] second_q_op() + JW mapping
[Chemistry:LiH] [+   1.4s] Hamiltonian: 631 Pauli terms, 12 qubits
[Chemistry:LiH] [+   1.4s] FCI ground-truth via PySCF
[Chemistry:LiH] [+   1.4s] build_ansatz(tier=hwe_adaptive, reps=2) -- this is the slow one at high n
[Chemistry:LiH] [+   1.4s] QASM3 serialization (96 params, 294 gates)
[Chemistry:LiH] [+   1.4s] prepare() complete
[Chemistry:LiH] 631 Pauli terms, 12 qubits, 96 params, reps=2. FCI reference: -7.8825 Ha 
[Ansatz] HWE (adaptive) (auto) | corr_score=0.502 | off_diag_ratio=0.007
[Reason] score=0.502 in [0.25, 0.55). Moderate correlation (off_diag_ratio=0.007, zz_frac=0.979). Adaptive HWE with full entanglement recommended.
[Stack] Precision: fp64 for 12-qubit problem (GPU fits up to ~30 qubits at this precision)
Iter 0001/768 | E: -0.446148 | Δ: inf | M: 4674.3993 | iter=  0.07s | ETA: 0m56s | Path: GPU-cuStateVec+cpu-expect MPI-distributed (1 ranks)
Iter 0002/768 | E: -0.454823 | Δ: 8.67e-03 | M: 5402.2824 | iter=  0.07s | ETA: 0m56s | Path: GPU-cuStateVec+cpu-expect MPI-distributed (1 ranks)
Iter 0003/768 | E: -0.412540 | Δ: 4.23e-02 | M: 5783.8943 | iter=  0.07s | ETA: 0m55s | Path: GPU-cuStateVec+cpu-expect MPI-distributed (1 ranks)
Iter 0004/768 | E: -0.399932 | Δ: 1.26e-02 | M: 5427.8903 | iter=  0.07s | ETA: 0m55s | Path: GPU-cuStateVec+cpu-expect MPI-distributed (1 ranks)
Iter 0005/768 | E: -0.415982 | Δ: 1.60e-02 | M: 5305.9930 | iter=  0.07s | ETA: 0m54s | Path: GPU-cuStateVec+cpu-expect MPI-distributed (1 ranks)
[RESILIENCE] Iteration 5: Global theta state checkpointed at path checkpoints/LiH/checkpoint_iter_0005.npy. 
Iter 0006/768 | E: -0.413792 | Δ: 2.19e-03 | M: 5785.1434 | iter=  0.07s | ETA: 0m54s | Path: GPU-cuStateVec+cpu-expect MPI-distributed (1 ranks)
Iter 0007/768 | E: -0.411301 | Δ: 2.49e-03 | M: 5854.1735 | iter=  0.07s | ETA: 0m54s | Path: GPU-cuStateVec+cpu-expect MPI-distributed (1 ranks)
Iter 0008/768 | E: -0.411249 | Δ: 5.21e-05 | M: 5856.2186 | iter=  0.07s | ETA: 0m54s | Path: GPU-cuStateVec+cpu-expect MPI-distributed (1 ranks)
Iter 0009/768 | E: -0.412543 | Δ: 1.29e-03 | M: 5667.7567 | iter=  0.07s | ETA: 0m54s | Path: GPU-cuStateVec+cpu-expect MPI-distributed (1 ranks)
Iter 0010/768 | E: -0.404811 | Δ: 7.73e-03 | M: 5806.8349 | iter=  0.07s | ETA: 0m53s | Path: GPU-cuStateVec+cpu-expect MPI-distributed (1 ranks)
[RESILIENCE] Iteration 10: Global theta state checkpointed at path checkpoints/LiH/checkpoint_iter_0010.npy. 
Iter 0011/768 | E: -0.403208 | Δ: 1.60e-03 | M: 5835.5026 | iter=  0.07s | ETA: 0m53s | Path: GPU-cuStateVec+cpu-expect MPI-distributed (1 ranks)
Iter 0012/768 | E: -0.428774 | Δ: 2.56e-02 | M: 5743.3366 | iter=  0.07s | ETA: 0m53s | Path: GPU-cuStateVec+cpu-expect MPI-distributed (1 ranks)
Iter 0013/768 | E: -0.406082 | Δ: 2.27e-02 | M: 4922.6213 | iter=  0.07s | ETA: 0m54s | Path: GPU-cuStateVec+cpu-expect MPI-distributed (1 ranks)
Iter 0014/768 | E: -0.411147 | Δ: 5.06e-03 | M: 5671.4974 | iter=  0.07s | ETA: 0m54s | Path: GPU-cuStateVec+cpu-expect MPI-distributed (1 ranks)
Iter 0015/768 | E: -0.406957 | Δ: 4.19e-03 | M: 5921.5071 | iter=  0.07s | ETA: 0m54s | Path: GPU-cuStateVec+cpu-expect MPI-distributed (1 ranks)
[RESILIENCE] Iteration 15: Global theta state checkpointed at path checkpoints/LiH/checkpoint_iter_0015.npy. 
Iter 0016/768 | E: -0.412794 | Δ: 5.84e-03 | M: 5776.3803 | iter=  0.07s | ETA: 0m53s | Path: GPU-cuStateVec+cpu-expect MPI-distributed (1 ranks)
Iter 0017/768 | E: -0.417260 | Δ: 4.47e-03 | M: 5783.5326 | iter=  0.07s | ETA: 0m53s | Path: GPU-cuStateVec+cpu-expect MPI-distributed (1 ranks)
Iter 0018/768 | E: -0.450204 | Δ: 3.29e-02 | M: 5883.0381 | iter=  0.07s | ETA: 0m53s | Path: GPU-cuStateVec+cpu-expect MPI-distributed (1 ranks)
Iter 0019/768 | E: -0.447903 | Δ: 2.30e-03 | M: 5748.9317 | iter=  0.07s | ETA: 0m53s | Path: GPU-cuStateVec+cpu-expect MPI-distributed (1 ranks)
Iter 0020/768 | E: -0.427132 | Δ: 2.08e-02 | M: 5220.8977 | iter=  0.07s | ETA: 0m53s | Path: GPU-cuStateVec+cpu-expect MPI-distributed (1 ranks)
[RESILIENCE] Iteration 20: Global theta state checkpointed at path checkpoints/LiH/checkpoint_iter_0020.npy. 
Iter 0021/768 | E: -0.441780 | Δ: 1.46e-02 | M: 5537.1728 | iter=  0.07s | ETA: 0m53s | Path: GPU-cuStateVec+cpu-expect MPI-distributed (1 ranks)
Iter 0022/768 | E: -0.439151 | Δ: 2.63e-03 | M: 5702.2814 | iter=  0.07s | ETA: 0m53s | Path: GPU-cuStateVec+cpu-expect MPI-distributed (1 ranks)
Iter 0023/768 | E: -0.454437 | Δ: 1.53e-02 | M: 5330.2597 | iter=  0.07s | ETA: 0m53s | Path: GPU-cuStateVec+cpu-expect MPI-distributed (1 ranks)
Iter 0024/768 | E: -0.459132 | Δ: 4.70e-03 | M: 5751.5924 | iter=  0.07s | ETA: 0m53s | Path: GPU-cuStateVec+cpu-expect MPI-distributed (1 ranks)
Iter 0025/768 | E: -0.450987 | Δ: 8.14e-03 | M: 5790.7203 | iter=  0.07s | ETA: 0m53s | Path: GPU-cuStateVec+cpu-expect MPI-distributed (1 ranks)
[RESILIENCE] Iteration 25: Global theta state checkpointed at path checkpoints/LiH/checkpoint_iter_0025.npy. 
Iter 0026/768 | E: -0.458987 | Δ: 8.00e-03 | M: 5762.6127 | iter=  0.07s | ETA: 0m52s | Path: GPU-cuStateVec+cpu-expect MPI-distributed (1 ranks)
Iter 0027/768 | E: -0.466759 | Δ: 7.77e-03 | M: 5898.1992 | iter=  0.07s | ETA: 0m52s | Path: GPU-cuStateVec+cpu-expect MPI-distributed (1 ranks)
Iter 0028/768 | E: -0.457552 | Δ: 9.21e-03 | M: 5663.1102 | iter=  0.07s | ETA: 0m52s | Path: GPU-cuStateVec+cpu-expect MPI-distributed (1 ranks)
Iter 0029/768 | E: -0.482201 | Δ: 2.46e-02 | M: 5786.6638 | iter=  0.07s | ETA: 0m52s | Path: GPU-cuStateVec+cpu-expect MPI-distributed (1 ranks)
Iter 0030/768 | E: -0.482023 | Δ: 1.78e-04 | M: 5758.8529 | iter=  0.07s | ETA: 0m52s | Path: GPU-cuStateVec+cpu-expect MPI-distributed (1 ranks)
[RESILIENCE] Iteration 30: Global theta state checkpointed at path checkpoints/LiH/checkpoint_iter_0030.npy. 
Iter 0031/768 | E: -0.557966 | Δ: 7.59e-02 | M: 5792.5731 | iter=  0.07s | ETA: 0m52s | Path: GPU-cuStateVec+cpu-expect MPI-distributed (1 ranks)
Iter 0032/768 | E: -0.587280 | Δ: 2.93e-02 | M: 5592.6643 | iter=  0.07s | ETA: 0m52s | Path: GPU-cuStateVec+cpu-expect MPI-distributed (1 ranks)
Iter 0033/768 | E: -0.602909 | Δ: 1.56e-02 | M: 5741.6194 | iter=  0.07s | ETA: 0m52s | Path: GPU-cuStateVec+cpu-expect MPI-distributed (1 ranks)
Iter 0034/768 | E: -0.604303 | Δ: 1.39e-03 | M: 5835.6970 | iter=  0.07s | ETA: 0m52s | Path: GPU-cuStateVec+cpu-expect MPI-distributed (1 ranks)
Iter 0035/768 | E: -0.608470 | Δ: 4.17e-03 | M: 5776.5175 | iter=  0.07s | ETA: 0m52s | Path: GPU-cuStateVec+cpu-expect MPI-distributed (1 ranks)
[RESILIENCE] Iteration 35: Global theta state checkpointed at path checkpoints/LiH/checkpoint_iter_0035.npy. 
Iter 0036/768 | E: -0.603876 | Δ: 4.59e-03 | M: 5859.7039 | iter=  0.07s | ETA: 0m52s | Path: GPU-cuStateVec+cpu-expect MPI-distributed (1 ranks)
Iter 0037/768 | E: -0.598694 | Δ: 5.18e-03 | M: 5606.0171 | iter=  0.07s | ETA: 0m52s | Path: GPU-cuStateVec+cpu-expect MPI-distributed (1 ranks)
Iter 0038/768 | E: -0.624113 | Δ: 2.54e-02 | M: 5699.5144 | iter=  0.07s | ETA: 0m52s | Path: GPU-cuStateVec+cpu-expect MPI-distributed (1 ranks)
Iter 0039/768 | E: -0.664522 | Δ: 4.04e-02 | M: 5645.9103 | iter=  0.07s | ETA: 0m52s | Path: GPU-cuStateVec+cpu-expect MPI-distributed (1 ranks)
Iter 0040/768 | E: -0.657312 | Δ: 7.21e-03 | M: 5764.5440 | iter=  0.07s | ETA: 0m51s | Path: GPU-cuStateVec+cpu-expect MPI-distributed (1 ranks)
[RESILIENCE] Iteration 40: Global theta state checkpointed at path checkpoints/LiH/checkpoint_iter_0040.npy. 
Iter 0041/768 | E: -0.661108 | Δ: 3.80e-03 | M: 5547.6270 | iter=  0.07s | ETA: 0m51s | Path: GPU-cuStateVec+cpu-expect MPI-distributed (1 ranks)
Iter 0042/768 | E: -0.665507 | Δ: 4.40e-03 | M: 5708.9671 | iter=  0.07s | ETA: 0m51s | Path: GPU-cuStateVec+cpu-expect MPI-distributed (1 ranks)
Iter 0043/768 | E: -0.690731 | Δ: 2.52e-02 | M: 5779.0902 | iter=  0.07s | ETA: 0m51s | Path: GPU-cuStateVec+cpu-expect MPI-distributed (1 ranks)
Iter 0044/768 | E: -0.703530 | Δ: 1.28e-02 | M: 5770.5068 | iter=  0.07s | ETA: 0m51s | Path: GPU-cuStateVec+cpu-expect MPI-distributed (1 ranks)
Iter 0045/768 | E: -0.731756 | Δ: 2.82e-02 | M: 5768.2095 | iter=  0.07s | ETA: 0m51s | Path: GPU-cuStateVec+cpu-expect MPI-distributed (1 ranks)
[RESILIENCE] Iteration 45: Global theta state checkpointed at path checkpoints/LiH/checkpoint_iter_0045.npy. 
Iter 0046/768 | E: -0.754687 | Δ: 2.29e-02 | M: 5681.0631 | iter=  0.07s | ETA: 0m51s | Path: GPU-cuStateVec+cpu-expect MPI-distributed (1 ranks)
Iter 0047/768 | E: -0.777216 | Δ: 2.25e-02 | M: 5398.9754 | iter=  0.07s | ETA: 0m51s | Path: GPU-cuStateVec+cpu-expect MPI-distributed (1 ranks)
Iter 0048/768 | E: -0.870031 | Δ: 9.28e-02 | M: 5567.2295 | iter=  0.07s | ETA: 0m51s | Path: GPU-cuStateVec+cpu-expect MPI-distributed (1 ranks)
Iter 0049/768 | E: -0.893982 | Δ: 2.40e-02 | M: 5805.6666 | iter=  0.07s | ETA: 0m51s | Path: GPU-cuStateVec+cpu-expect MPI-distributed (1 ranks)
Iter 0050/768 | E: -0.959624 | Δ: 6.56e-02 | M: 5676.6033 | iter=  0.07s | ETA: 0m51s | Path: GPU-cuStateVec+cpu-expect MPI-distributed (1 ranks)
[RESILIENCE] Iteration 50: Global theta state checkpointed at path checkpoints/LiH/checkpoint_iter_0050.npy. 
Iter 0051/768 | E: -0.981075 | Δ: 2.15e-02 | M: 5888.0231 | iter=  0.07s | ETA: 0m51s | Path: GPU-cuStateVec+cpu-expect MPI-distributed (1 ranks)
Iter 0052/768 | E: -0.979279 | Δ: 1.80e-03 | M: 5749.7085 | iter=  0.07s | ETA: 0m51s | Path: GPU-cuStateVec+cpu-expect MPI-distributed (1 ranks)
Iter 0053/768 | E: -0.979249 | Δ: 2.99e-05 | M: 5677.0799 | iter=  0.07s | ETA: 0m50s | Path: GPU-cuStateVec+cpu-expect MPI-distributed (1 ranks)
Iter 0054/768 | E: -0.984459 | Δ: 5.21e-03 | M: 5733.4804 | iter=  0.07s | ETA: 0m50s | Path: GPU-cuStateVec+cpu-expect MPI-distributed (1 ranks)
Iter 0055/768 | E: -0.971795 | Δ: 1.27e-02 | M: 5679.3325 | iter=  0.07s | ETA: 0m50s | Path: GPU-cuStateVec+cpu-expect MPI-distributed (1 ranks)
[RESILIENCE] Iteration 55: Global theta state checkpointed at path checkpoints/LiH/checkpoint_iter_0055.npy. 
Iter 0056/768 | E: -1.110052 | Δ: 1.38e-01 | M: 5760.0573 | iter=  0.07s | ETA: 0m50s | Path: GPU-cuStateVec+cpu-expect MPI-distributed (1 ranks)
Iter 0057/768 | E: -1.129452 | Δ: 1.94e-02 | M: 5906.8444 | iter=  0.07s | ETA: 0m50s | Path: GPU-cuStateVec+cpu-expect MPI-distributed (1 ranks)
Iter 0058/768 | E: -1.162319 | Δ: 3.29e-02 | M: 5004.8568 | iter=  0.07s | ETA: 0m50s | Path: GPU-cuStateVec+cpu-expect MPI-distributed (1 ranks)
Iter 0059/768 | E: -1.183668 | Δ: 2.13e-02 | M: 5786.1297 | iter=  0.07s | ETA: 0m50s | Path: GPU-cuStateVec+cpu-expect MPI-distributed (1 ranks)
Iter 0060/768 | E: -1.191993 | Δ: 8.33e-03 | M: 5788.7857 | iter=  0.07s | ETA: 0m50s | Path: GPU-cuStateVec+cpu-expect MPI-distributed (1 ranks)
[RESILIENCE] Iteration 60: Global theta state checkpointed at path checkpoints/LiH/checkpoint_iter_0060.npy. 
Iter 0061/768 | E: -1.205678 | Δ: 1.37e-02 | M: 5485.8912 | iter=  0.07s | ETA: 0m50s | Path: GPU-cuStateVec+cpu-expect MPI-distributed (1 ranks)
Iter 0062/768 | E: -1.215614 | Δ: 9.94e-03 | M: 5911.8034 | iter=  0.07s | ETA: 0m50s | Path: GPU-cuStateVec+cpu-expect MPI-distributed (1 ranks)
Iter 0063/768 | E: -1.225177 | Δ: 9.56e-03 | M: 2845.2598 | iter=  0.07s | ETA: 0m50s | Path: GPU-cuStateVec+cpu-expect MPI-distributed (1 ranks)
Iter 0064/768 | E: -1.231903 | Δ: 6.73e-03 | M: 5784.5815 | iter=  0.07s | ETA: 0m50s | Path: GPU-cuStateVec+cpu-expect MPI-distributed (1 ranks)
Iter 0065/768 | E: -1.232243 | Δ: 3.41e-04 | M: 5690.5655 | iter=  0.07s | ETA: 0m50s | Path: GPU-cuStateVec+cpu-expect MPI-distributed (1 ranks)
[RESILIENCE] Iteration 65: Global theta state checkpointed at path checkpoints/LiH/checkpoint_iter_0065.npy. 
Iter 0066/768 | E: -1.257822 | Δ: 2.56e-02 | M: 5694.3554 | iter=  0.07s | ETA: 0m50s | Path: GPU-cuStateVec+cpu-expect MPI-distributed (1 ranks)
Iter 0067/768 | E: -1.329086 | Δ: 7.13e-02 | M: 5717.5223 | iter=  0.07s | ETA: 0m50s | Path: GPU-cuStateVec+cpu-expect MPI-distributed (1 ranks)
Iter 0068/768 | E: -1.372991 | Δ: 4.39e-02 | M: 5719.0827 | iter=  0.07s | ETA: 0m50s | Path: GPU-cuStateVec+cpu-expect MPI-distributed (1 ranks)
Iter 0069/768 | E: -1.380666 | Δ: 7.68e-03 | M: 5668.4101 | iter=  0.07s | ETA: 0m50s | Path: GPU-cuStateVec+cpu-expect MPI-distributed (1 ranks)
Iter 0070/768 | E: -1.419720 | Δ: 3.91e-02 | M: 5643.8235 | iter=  0.07s | ETA: 0m50s | Path: GPU-cuStateVec+cpu-expect MPI-distributed (1 ranks)
[RESILIENCE] Iteration 70: Global theta state checkpointed at path checkpoints/LiH/checkpoint_iter_0070.npy. 
Iter 0071/768 | E: -1.402267 | Δ: 1.75e-02 | M: 5838.0747 | iter=  0.07s | ETA: 0m49s | Path: GPU-cuStateVec+cpu-expect MPI-distributed (1 ranks)
Iter 0072/768 | E: -1.450290 | Δ: 4.80e-02 | M: 5682.2199 | iter=  0.07s | ETA: 0m50s | Path: GPU-cuStateVec+cpu-expect MPI-distributed (1 ranks)
Iter 0073/768 | E: -1.464082 | Δ: 1.38e-02 | M: 5910.9488 | iter=  0.07s | ETA: 0m49s | Path: GPU-cuStateVec+cpu-expect MPI-distributed (1 ranks)
Iter 0074/768 | E: -1.475274 | Δ: 1.12e-02 | M: 5830.5329 | iter=  0.07s | ETA: 0m49s | Path: GPU-cuStateVec+cpu-expect MPI-distributed (1 ranks)
Iter 0075/768 | E: -1.481733 | Δ: 6.46e-03 | M: 5790.5492 | iter=  0.07s | ETA: 0m49s | Path: GPU-cuStateVec+cpu-expect MPI-distributed (1 ranks)
[RESILIENCE] Iteration 75: Global theta state checkpointed at path checkpoints/LiH/checkpoint_iter_0075.npy. 
Iter 0076/768 | E: -1.480686 | Δ: 1.05e-03 | M: 5922.9838 | iter=  0.07s | ETA: 0m49s | Path: GPU-cuStateVec+cpu-expect MPI-distributed (1 ranks)
Iter 0077/768 | E: -1.485331 | Δ: 4.64e-03 | M: 5744.1914 | iter=  0.07s | ETA: 0m49s | Path: GPU-cuStateVec+cpu-expect MPI-distributed (1 ranks)
Iter 0078/768 | E: -1.682273 | Δ: 1.97e-01 | M: 5989.0960 | iter=  0.07s | ETA: 0m49s | Path: GPU-cuStateVec+cpu-expect MPI-distributed (1 ranks)
Iter 0079/768 | E: -1.736547 | Δ: 5.43e-02 | M: 5773.8785 | iter=  0.07s | ETA: 0m49s | Path: GPU-cuStateVec+cpu-expect MPI-distributed (1 ranks)
Iter 0080/768 | E: -1.964160 | Δ: 2.28e-01 | M: 5891.9782 | iter=  0.07s | ETA: 0m49s | Path: GPU-cuStateVec+cpu-expect MPI-distributed (1 ranks)
[RESILIENCE] Iteration 80: Global theta state checkpointed at path checkpoints/LiH/checkpoint_iter_0080.npy. 
Iter 0081/768 | E: -2.030033 | Δ: 6.59e-02 | M: 5739.7327 | iter=  0.07s | ETA: 0m49s | Path: GPU-cuStateVec+cpu-expect MPI-distributed (1 ranks)
Iter 0082/768 | E: -2.112504 | Δ: 8.25e-02 | M: 5620.4185 | iter=  0.07s | ETA: 0m49s | Path: GPU-cuStateVec+cpu-expect MPI-distributed (1 ranks)
Iter 0083/768 | E: -2.126721 | Δ: 1.42e-02 | M: 5842.0797 | iter=  0.07s | ETA: 0m49s | Path: GPU-cuStateVec+cpu-expect MPI-distributed (1 ranks)
Iter 0084/768 | E: -2.171808 | Δ: 4.51e-02 | M: 5651.4094 | iter=  0.07s | ETA: 0m48s | Path: GPU-cuStateVec+cpu-expect MPI-distributed (1 ranks)
Iter 0085/768 | E: -2.183595 | Δ: 1.18e-02 | M: 5477.7133 | iter=  0.07s | ETA: 0m48s | Path: GPU-cuStateVec+cpu-expect MPI-distributed (1 ranks)
[RESILIENCE] Iteration 85: Global theta state checkpointed at path checkpoints/LiH/checkpoint_iter_0085.npy. 
Iter 0086/768 | E: -2.167585 | Δ: 1.60e-02 | M: 5610.6692 | iter=  0.07s | ETA: 0m48s | Path: GPU-cuStateVec+cpu-expect MPI-distributed (1 ranks)
Iter 0087/768 | E: -2.330092 | Δ: 1.63e-01 | M: 5654.1811 | iter=  0.07s | ETA: 0m48s | Path: GPU-cuStateVec+cpu-expect MPI-distributed (1 ranks)
Iter 0088/768 | E: -2.368421 | Δ: 3.83e-02 | M: 5465.0243 | iter=  0.07s | ETA: 0m48s | Path: GPU-cuStateVec+cpu-expect MPI-distributed (1 ranks)
Iter 0089/768 | E: -2.372634 | Δ: 4.21e-03 | M: 5685.7732 | iter=  0.07s | ETA: 0m48s | Path: GPU-cuStateVec+cpu-expect MPI-distributed (1 ranks)
Iter 0090/768 | E: -2.473957 | Δ: 1.01e-01 | M: 5739.1889 | iter=  0.07s | ETA: 0m48s | Path: GPU-cuStateVec+cpu-expect MPI-distributed (1 ranks)
[RESILIENCE] Iteration 90: Global theta state checkpointed at path checkpoints/LiH/checkpoint_iter_0090.npy. 
Iter 0091/768 | E: -2.480521 | Δ: 6.56e-03 | M: 5618.4714 | iter=  0.07s | ETA: 0m48s | Path: GPU-cuStateVec+cpu-expect MPI-distributed (1 ranks)
Iter 0092/768 | E: -2.631579 | Δ: 1.51e-01 | M: 5715.1859 | iter=  0.07s | ETA: 0m48s | Path: GPU-cuStateVec+cpu-expect MPI-distributed (1 ranks)
Iter 0093/768 | E: -2.628681 | Δ: 2.90e-03 | M: 5772.2110 | iter=  0.07s | ETA: 0m48s | Path: GPU-cuStateVec+cpu-expect MPI-distributed (1 ranks)
Iter 0094/768 | E: -2.714545 | Δ: 8.59e-02 | M: 5687.9200 | iter=  0.07s | ETA: 0m48s | Path: GPU-cuStateVec+cpu-expect MPI-distributed (1 ranks)
Iter 0095/768 | E: -2.724040 | Δ: 9.49e-03 | M: 5753.4559 | iter=  0.07s | ETA: 0m48s | Path: GPU-cuStateVec+cpu-expect MPI-distributed (1 ranks)
[RESILIENCE] Iteration 95: Global theta state checkpointed at path checkpoints/LiH/checkpoint_iter_0095.npy. 
Iter 0096/768 | E: -2.718926 | Δ: 5.11e-03 | M: 5514.7005 | iter=  0.07s | ETA: 0m48s | Path: GPU-cuStateVec+cpu-expect MPI-distributed (1 ranks)
Iter 0097/768 | E: -2.743565 | Δ: 2.46e-02 | M: 5663.3371 | iter=  0.07s | ETA: 0m48s | Path: GPU-cuStateVec+cpu-expect MPI-distributed (1 ranks)
Iter 0098/768 | E: -2.859181 | Δ: 1.16e-01 | M: 5773.2833 | iter=  0.07s | ETA: 0m47s | Path: GPU-cuStateVec+cpu-expect MPI-distributed (1 ranks)
Iter 0099/768 | E: -2.843596 | Δ: 1.56e-02 | M: 5822.7215 | iter=  0.07s | ETA: 0m47s | Path: GPU-cuStateVec+cpu-expect MPI-distributed (1 ranks)
Iter 0100/768 | E: -2.894019 | Δ: 5.04e-02 | M: 5058.2709 | iter=  0.07s | ETA: 0m47s | Path: GPU-cuStateVec+cpu-expect MPI-distributed (1 ranks)
[RESILIENCE] Iteration 100: Global theta state checkpointed at path checkpoints/LiH/checkpoint_iter_0100.npy. 
Iter 0101/768 | E: -2.896094 | Δ: 2.07e-03 | M: 5593.5761 | iter=  0.07s | ETA: 0m47s | Path: GPU-cuStateVec+cpu-expect MPI-distributed (1 ranks)
Iter 0102/768 | E: -2.947467 | Δ: 5.14e-02 | M: 5776.5596 | iter=  0.07s | ETA: 0m47s | Path: GPU-cuStateVec+cpu-expect MPI-distributed (1 ranks)
Iter 0103/768 | E: -2.975088 | Δ: 2.76e-02 | M: 5864.4899 | iter=  0.07s | ETA: 0m47s | Path: GPU-cuStateVec+cpu-expect MPI-distributed (1 ranks)
Iter 0104/768 | E: -2.986883 | Δ: 1.18e-02 | M: 5664.4583 | iter=  0.07s | ETA: 0m47s | Path: GPU-cuStateVec+cpu-expect MPI-distributed (1 ranks)
Iter 0105/768 | E: -2.997162 | Δ: 1.03e-02 | M: 5594.4488 | iter=  0.07s | ETA: 0m47s | Path: GPU-cuStateVec+cpu-expect MPI-distributed (1 ranks)
[RESILIENCE] Iteration 105: Global theta state checkpointed at path checkpoints/LiH/checkpoint_iter_0105.npy. 
Iter 0106/768 | E: -3.095958 | Δ: 9.88e-02 | M: 5750.9016 | iter=  0.07s | ETA: 0m47s | Path: GPU-cuStateVec+cpu-expect MPI-distributed (1 ranks)
Iter 0107/768 | E: -3.180577 | Δ: 8.46e-02 | M: 5871.3329 | iter=  0.07s | ETA: 0m47s | Path: GPU-cuStateVec+cpu-expect MPI-distributed (1 ranks)
Iter 0108/768 | E: -3.188644 | Δ: 8.07e-03 | M: 5744.7784 | iter=  0.07s | ETA: 0m47s | Path: GPU-cuStateVec+cpu-expect MPI-distributed (1 ranks)
Iter 0109/768 | E: -3.172584 | Δ: 1.61e-02 | M: 5881.2723 | iter=  0.07s | ETA: 0m47s | Path: GPU-cuStateVec+cpu-expect MPI-distributed (1 ranks)
Iter 0110/768 | E: -3.193177 | Δ: 2.06e-02 | M: 5691.6427 | iter=  0.07s | ETA: 0m47s | Path: GPU-cuStateVec+cpu-expect MPI-distributed (1 ranks)
[RESILIENCE] Iteration 110: Global theta state checkpointed at path checkpoints/LiH/checkpoint_iter_0110.npy. 
Iter 0111/768 | E: -3.191055 | Δ: 2.12e-03 | M: 5715.9176 | iter=  0.07s | ETA: 0m46s | Path: GPU-cuStateVec+cpu-expect MPI-distributed (1 ranks)
Iter 0112/768 | E: -3.198627 | Δ: 7.57e-03 | M: 5708.4490 | iter=  0.07s | ETA: 0m46s | Path: GPU-cuStateVec+cpu-expect MPI-distributed (1 ranks)
Iter 0113/768 | E: -3.202927 | Δ: 4.30e-03 | M: 5801.4891 | iter=  0.07s | ETA: 0m46s | Path: GPU-cuStateVec+cpu-expect MPI-distributed (1 ranks)
Iter 0114/768 | E: -3.248558 | Δ: 4.56e-02 | M: 5585.2032 | iter=  0.07s | ETA: 0m46s | Path: GPU-cuStateVec+cpu-expect MPI-distributed (1 ranks)
Iter 0115/768 | E: -3.288243 | Δ: 3.97e-02 | M: 5686.3225 | iter=  0.07s | ETA: 0m46s | Path: GPU-cuStateVec+cpu-expect MPI-distributed (1 ranks)
[RESILIENCE] Iteration 115: Global theta state checkpointed at path checkpoints/LiH/checkpoint_iter_0115.npy. 
Iter 0116/768 | E: -3.422236 | Δ: 1.34e-01 | M: 5706.9657 | iter=  0.07s | ETA: 0m46s | Path: GPU-cuStateVec+cpu-expect MPI-distributed (1 ranks)
Iter 0117/768 | E: -3.506297 | Δ: 8.41e-02 | M: 5682.0446 | iter=  0.07s | ETA: 0m46s | Path: GPU-cuStateVec+cpu-expect MPI-distributed (1 ranks)
Iter 0118/768 | E: -3.489467 | Δ: 1.68e-02 | M: 5751.6909 | iter=  0.07s | ETA: 0m46s | Path: GPU-cuStateVec+cpu-expect MPI-distributed (1 ranks)
Iter 0119/768 | E: -3.501259 | Δ: 1.18e-02 | M: 5841.1810 | iter=  0.07s | ETA: 0m46s | Path: GPU-cuStateVec+cpu-expect MPI-distributed (1 ranks)
Iter 0120/768 | E: -3.485738 | Δ: 1.55e-02 | M: 5838.7572 | iter=  0.07s | ETA: 0m46s | Path: GPU-cuStateVec+cpu-expect MPI-distributed (1 ranks)
[RESILIENCE] Iteration 120: Global theta state checkpointed at path checkpoints/LiH/checkpoint_iter_0120.npy. 
Iter 0121/768 | E: -3.746870 | Δ: 2.61e-01 | M: 5706.5835 | iter=  0.07s | ETA: 0m46s | Path: GPU-cuStateVec+cpu-expect MPI-distributed (1 ranks)
Iter 0122/768 | E: -3.745760 | Δ: 1.11e-03 | M: 5699.7221 | iter=  0.07s | ETA: 0m46s | Path: GPU-cuStateVec+cpu-expect MPI-distributed (1 ranks)
Iter 0123/768 | E: -3.744025 | Δ: 1.73e-03 | M: 5791.1971 | iter=  0.07s | ETA: 0m46s | Path: GPU-cuStateVec+cpu-expect MPI-distributed (1 ranks)
Iter 0124/768 | E: -3.792083 | Δ: 4.81e-02 | M: 5595.5102 | iter=  0.07s | ETA: 0m46s | Path: GPU-cuStateVec+cpu-expect MPI-distributed (1 ranks)
Iter 0125/768 | E: -3.782375 | Δ: 9.71e-03 | M: 5917.7777 | iter=  0.07s | ETA: 0m46s | Path: GPU-cuStateVec+cpu-expect MPI-distributed (1 ranks)
[RESILIENCE] Iteration 125: Global theta state checkpointed at path checkpoints/LiH/checkpoint_iter_0125.npy. 
Iter 0126/768 | E: -3.788659 | Δ: 6.28e-03 | M: 5604.6533 | iter=  0.07s | ETA: 0m45s | Path: GPU-cuStateVec+cpu-expect MPI-distributed (1 ranks)
Iter 0127/768 | E: -3.803246 | Δ: 1.46e-02 | M: 5589.4453 | iter=  0.07s | ETA: 0m45s | Path: GPU-cuStateVec+cpu-expect MPI-distributed (1 ranks)
Iter 0128/768 | E: -3.819132 | Δ: 1.59e-02 | M: 5720.6542 | iter=  0.07s | ETA: 0m45s | Path: GPU-cuStateVec+cpu-expect MPI-distributed (1 ranks)
Iter 0129/768 | E: -3.922666 | Δ: 1.04e-01 | M: 5703.7508 | iter=  0.07s | ETA: 0m45s | Path: GPU-cuStateVec+cpu-expect MPI-distributed (1 ranks)
Iter 0130/768 | E: -3.937333 | Δ: 1.47e-02 | M: 5868.7594 | iter=  0.07s | ETA: 0m45s | Path: GPU-cuStateVec+cpu-expect MPI-distributed (1 ranks)
[RESILIENCE] Iteration 130: Global theta state checkpointed at path checkpoints/LiH/checkpoint_iter_0130.npy. 
Iter 0131/768 | E: -4.060606 | Δ: 1.23e-01 | M: 5594.5328 | iter=  0.07s | ETA: 0m45s | Path: GPU-cuStateVec+cpu-expect MPI-distributed (1 ranks)
Iter 0132/768 | E: -4.099834 | Δ: 3.92e-02 | M: 5841.0379 | iter=  0.07s | ETA: 0m45s | Path: GPU-cuStateVec+cpu-expect MPI-distributed (1 ranks)
Iter 0133/768 | E: -4.100946 | Δ: 1.11e-03 | M: 5653.3778 | iter=  0.07s | ETA: 0m45s | Path: GPU-cuStateVec+cpu-expect MPI-distributed (1 ranks)
Iter 0134/768 | E: -4.221305 | Δ: 1.20e-01 | M: 5898.6423 | iter=  0.07s | ETA: 0m45s | Path: GPU-cuStateVec+cpu-expect MPI-distributed (1 ranks)
Iter 0135/768 | E: -4.228292 | Δ: 6.99e-03 | M: 5863.7561 | iter=  0.07s | ETA: 0m45s | Path: GPU-cuStateVec+cpu-expect MPI-distributed (1 ranks)
[RESILIENCE] Iteration 135: Global theta state checkpointed at path checkpoints/LiH/checkpoint_iter_0135.npy. 
Iter 0136/768 | E: -4.239599 | Δ: 1.13e-02 | M: 5746.0025 | iter=  0.07s | ETA: 0m45s | Path: GPU-cuStateVec+cpu-expect MPI-distributed (1 ranks)
Iter 0137/768 | E: -4.235141 | Δ: 4.46e-03 | M: 5455.7624 | iter=  0.07s | ETA: 0m45s | Path: GPU-cuStateVec+cpu-expect MPI-distributed (1 ranks)
Iter 0138/768 | E: -4.290432 | Δ: 5.53e-02 | M: 5642.6122 | iter=  0.07s | ETA: 0m45s | Path: GPU-cuStateVec+cpu-expect MPI-distributed (1 ranks)
Iter 0139/768 | E: -4.301623 | Δ: 1.12e-02 | M: 5744.4021 | iter=  0.07s | ETA: 0m44s | Path: GPU-cuStateVec+cpu-expect MPI-distributed (1 ranks)
Iter 0140/768 | E: -4.305933 | Δ: 4.31e-03 | M: 5770.5585 | iter=  0.07s | ETA: 0m44s | Path: GPU-cuStateVec+cpu-expect MPI-distributed (1 ranks)
[RESILIENCE] Iteration 140: Global theta state checkpointed at path checkpoints/LiH/checkpoint_iter_0140.npy. 
Iter 0141/768 | E: -4.354837 | Δ: 4.89e-02 | M: 5862.6380 | iter=  0.07s | ETA: 0m44s | Path: GPU-cuStateVec+cpu-expect MPI-distributed (1 ranks)
Iter 0142/768 | E: -4.351094 | Δ: 3.74e-03 | M: 5803.8135 | iter=  0.07s | ETA: 0m44s | Path: GPU-cuStateVec+cpu-expect MPI-distributed (1 ranks)
Iter 0143/768 | E: -4.326112 | Δ: 2.50e-02 | M: 5805.8545 | iter=  0.07s | ETA: 0m44s | Path: GPU-cuStateVec+cpu-expect MPI-distributed (1 ranks)
Iter 0144/768 | E: -4.475066 | Δ: 1.49e-01 | M: 5701.4676 | iter=  0.07s | ETA: 0m44s | Path: GPU-cuStateVec+cpu-expect MPI-distributed (1 ranks)
Iter 0145/768 | E: -4.456953 | Δ: 1.81e-02 | M: 5770.2361 | iter=  0.07s | ETA: 0m44s | Path: GPU-cuStateVec+cpu-expect MPI-distributed (1 ranks)
[RESILIENCE] Iteration 145: Global theta state checkpointed at path checkpoints/LiH/checkpoint_iter_0145.npy. 
Iter 0146/768 | E: -4.544984 | Δ: 8.80e-02 | M: 5736.9492 | iter=  0.07s | ETA: 0m44s | Path: GPU-cuStateVec+cpu-expect MPI-distributed (1 ranks)
Iter 0147/768 | E: -4.543223 | Δ: 1.76e-03 | M: 5778.8629 | iter=  0.07s | ETA: 0m44s | Path: GPU-cuStateVec+cpu-expect MPI-distributed (1 ranks)
Iter 0148/768 | E: -4.535145 | Δ: 8.08e-03 | M: 5724.9698 | iter=  0.07s | ETA: 0m44s | Path: GPU-cuStateVec+cpu-expect MPI-distributed (1 ranks)
Iter 0149/768 | E: -4.768158 | Δ: 2.33e-01 | M: 5862.2033 | iter=  0.07s | ETA: 0m44s | Path: GPU-cuStateVec+cpu-expect MPI-distributed (1 ranks)
Iter 0150/768 | E: -4.838036 | Δ: 6.99e-02 | M: 5724.6788 | iter=  0.07s | ETA: 0m44s | Path: GPU-cuStateVec+cpu-expect MPI-distributed (1 ranks)
[RESILIENCE] Iteration 150: Global theta state checkpointed at path checkpoints/LiH/checkpoint_iter_0150.npy. 
Iter 0151/768 | E: -4.876817 | Δ: 3.88e-02 | M: 5704.7199 | iter=  0.07s | ETA: 0m43s | Path: GPU-cuStateVec+cpu-expect MPI-distributed (1 ranks)
Iter 0152/768 | E: -4.873427 | Δ: 3.39e-03 | M: 5757.5942 | iter=  0.07s | ETA: 0m43s | Path: GPU-cuStateVec+cpu-expect MPI-distributed (1 ranks)
Iter 0153/768 | E: -4.884880 | Δ: 1.15e-02 | M: 5666.9360 | iter=  0.07s | ETA: 0m43s | Path: GPU-cuStateVec+cpu-expect MPI-distributed (1 ranks)
Iter 0154/768 | E: -4.882499 | Δ: 2.38e-03 | M: 5827.1715 | iter=  0.07s | ETA: 0m43s | Path: GPU-cuStateVec+cpu-expect MPI-distributed (1 ranks)
Iter 0155/768 | E: -4.900159 | Δ: 1.77e-02 | M: 5715.9768 | iter=  0.07s | ETA: 0m43s | Path: GPU-cuStateVec+cpu-expect MPI-distributed (1 ranks)
[RESILIENCE] Iteration 155: Global theta state checkpointed at path checkpoints/LiH/checkpoint_iter_0155.npy. 
Iter 0156/768 | E: -4.910924 | Δ: 1.08e-02 | M: 5863.5134 | iter=  0.07s | ETA: 0m43s | Path: GPU-cuStateVec+cpu-expect MPI-distributed (1 ranks)
Iter 0157/768 | E: -4.913541 | Δ: 2.62e-03 | M: 5562.7952 | iter=  0.07s | ETA: 0m43s | Path: GPU-cuStateVec+cpu-expect MPI-distributed (1 ranks)
Iter 0158/768 | E: -4.927318 | Δ: 1.38e-02 | M: 5766.7342 | iter=  0.07s | ETA: 0m43s | Path: GPU-cuStateVec+cpu-expect MPI-distributed (1 ranks)
Iter 0159/768 | E: -4.926725 | Δ: 5.93e-04 | M: 5680.6539 | iter=  0.07s | ETA: 0m43s | Path: GPU-cuStateVec+cpu-expect MPI-distributed (1 ranks)
Iter 0160/768 | E: -4.936224 | Δ: 9.50e-03 | M: 5888.1044 | iter=  0.07s | ETA: 0m43s | Path: GPU-cuStateVec+cpu-expect MPI-distributed (1 ranks)
[RESILIENCE] Iteration 160: Global theta state checkpointed at path checkpoints/LiH/checkpoint_iter_0160.npy. 
Iter 0161/768 | E: -4.940002 | Δ: 3.78e-03 | M: 5722.9657 | iter=  0.07s | ETA: 0m43s | Path: GPU-cuStateVec+cpu-expect MPI-distributed (1 ranks)
Iter 0162/768 | E: -4.938023 | Δ: 1.98e-03 | M: 5709.2160 | iter=  0.07s | ETA: 0m43s | Path: GPU-cuStateVec+cpu-expect MPI-distributed (1 ranks)
Iter 0163/768 | E: -4.942662 | Δ: 4.64e-03 | M: 5587.5870 | iter=  0.07s | ETA: 0m43s | Path: GPU-cuStateVec+cpu-expect MPI-distributed (1 ranks)
Iter 0164/768 | E: -4.944193 | Δ: 1.53e-03 | M: 5555.2643 | iter=  0.07s | ETA: 0m43s | Path: GPU-cuStateVec+cpu-expect MPI-distributed (1 ranks)
Iter 0165/768 | E: -4.948424 | Δ: 4.23e-03 | M: 5710.0460 | iter=  0.07s | ETA: 0m43s | Path: GPU-cuStateVec+cpu-expect MPI-distributed (1 ranks)
[RESILIENCE] Iteration 165: Global theta state checkpointed at path checkpoints/LiH/checkpoint_iter_0165.npy. 
Iter 0166/768 | E: -4.954214 | Δ: 5.79e-03 | M: 5711.8658 | iter=  0.07s | ETA: 0m42s | Path: GPU-cuStateVec+cpu-expect MPI-distributed (1 ranks)
Iter 0167/768 | E: -4.966257 | Δ: 1.20e-02 | M: 5819.6999 | iter=  0.07s | ETA: 0m42s | Path: GPU-cuStateVec+cpu-expect MPI-distributed (1 ranks)
Iter 0168/768 | E: -4.972938 | Δ: 6.68e-03 | M: 5665.6485 | iter=  0.07s | ETA: 0m42s | Path: GPU-cuStateVec+cpu-expect MPI-distributed (1 ranks)
Iter 0169/768 | E: -4.995576 | Δ: 2.26e-02 | M: 5341.0903 | iter=  0.07s | ETA: 0m42s | Path: GPU-cuStateVec+cpu-expect MPI-distributed (1 ranks)
Iter 0170/768 | E: -5.037604 | Δ: 4.20e-02 | M: 5801.9385 | iter=  0.07s | ETA: 0m42s | Path: GPU-cuStateVec+cpu-expect MPI-distributed (1 ranks)
[RESILIENCE] Iteration 170: Global theta state checkpointed at path checkpoints/LiH/checkpoint_iter_0170.npy. 
Iter 0171/768 | E: -5.050359 | Δ: 1.28e-02 | M: 5732.2090 | iter=  0.07s | ETA: 0m42s | Path: GPU-cuStateVec+cpu-expect MPI-distributed (1 ranks)
Iter 0172/768 | E: -5.080438 | Δ: 3.01e-02 | M: 5881.2358 | iter=  0.07s | ETA: 0m42s | Path: GPU-cuStateVec+cpu-expect MPI-distributed (1 ranks)
Iter 0173/768 | E: -5.070135 | Δ: 1.03e-02 | M: 5714.3718 | iter=  0.07s | ETA: 0m42s | Path: GPU-cuStateVec+cpu-expect MPI-distributed (1 ranks)
Iter 0174/768 | E: -5.137062 | Δ: 6.69e-02 | M: 5425.7341 | iter=  0.07s | ETA: 0m42s | Path: GPU-cuStateVec+cpu-expect MPI-distributed (1 ranks)
Iter 0175/768 | E: -5.138423 | Δ: 1.36e-03 | M: 5746.3992 | iter=  0.07s | ETA: 0m42s | Path: GPU-cuStateVec+cpu-expect MPI-distributed (1 ranks)
[RESILIENCE] Iteration 175: Global theta state checkpointed at path checkpoints/LiH/checkpoint_iter_0175.npy. 
Iter 0176/768 | E: -5.125132 | Δ: 1.33e-02 | M: 5745.9532 | iter=  0.07s | ETA: 0m42s | Path: GPU-cuStateVec+cpu-expect MPI-distributed (1 ranks)
Iter 0177/768 | E: -5.219422 | Δ: 9.43e-02 | M: 5622.7663 | iter=  0.07s | ETA: 0m42s | Path: GPU-cuStateVec+cpu-expect MPI-distributed (1 ranks)
Iter 0178/768 | E: -5.230939 | Δ: 1.15e-02 | M: 5803.4501 | iter=  0.07s | ETA: 0m42s | Path: GPU-cuStateVec+cpu-expect MPI-distributed (1 ranks)
Iter 0179/768 | E: -5.283689 | Δ: 5.28e-02 | M: 5810.7419 | iter=  0.07s | ETA: 0m42s | Path: GPU-cuStateVec+cpu-expect MPI-distributed (1 ranks)
Iter 0180/768 | E: -5.283985 | Δ: 2.96e-04 | M: 5779.8312 | iter=  0.07s | ETA: 0m42s | Path: GPU-cuStateVec+cpu-expect MPI-distributed (1 ranks)
[RESILIENCE] Iteration 180: Global theta state checkpointed at path checkpoints/LiH/checkpoint_iter_0180.npy. 
Iter 0181/768 | E: -5.278032 | Δ: 5.95e-03 | M: 5642.0266 | iter=  0.07s | ETA: 0m42s | Path: GPU-cuStateVec+cpu-expect MPI-distributed (1 ranks)
Iter 0182/768 | E: -5.281685 | Δ: 3.65e-03 | M: 5843.7777 | iter=  0.07s | ETA: 0m42s | Path: GPU-cuStateVec+cpu-expect MPI-distributed (1 ranks)
Iter 0183/768 | E: -5.287202 | Δ: 5.52e-03 | M: 5808.6252 | iter=  0.07s | ETA: 0m41s | Path: GPU-cuStateVec+cpu-expect MPI-distributed (1 ranks)
Iter 0184/768 | E: -5.280846 | Δ: 6.36e-03 | M: 5842.4118 | iter=  0.07s | ETA: 0m41s | Path: GPU-cuStateVec+cpu-expect MPI-distributed (1 ranks)
Iter 0185/768 | E: -5.318019 | Δ: 3.72e-02 | M: 5769.4739 | iter=  0.07s | ETA: 0m41s | Path: GPU-cuStateVec+cpu-expect MPI-distributed (1 ranks)
[RESILIENCE] Iteration 185: Global theta state checkpointed at path checkpoints/LiH/checkpoint_iter_0185.npy. 
Iter 0186/768 | E: -5.332629 | Δ: 1.46e-02 | M: 5724.8414 | iter=  0.07s | ETA: 0m41s | Path: GPU-cuStateVec+cpu-expect MPI-distributed (1 ranks)
Iter 0187/768 | E: -5.364259 | Δ: 3.16e-02 | M: 5798.2605 | iter=  0.07s | ETA: 0m41s | Path: GPU-cuStateVec+cpu-expect MPI-distributed (1 ranks)
Iter 0188/768 | E: -5.373188 | Δ: 8.93e-03 | M: 5687.6118 | iter=  0.07s | ETA: 0m41s | Path: GPU-cuStateVec+cpu-expect MPI-distributed (1 ranks)
Iter 0189/768 | E: -5.384194 | Δ: 1.10e-02 | M: 5853.3141 | iter=  0.07s | ETA: 0m41s | Path: GPU-cuStateVec+cpu-expect MPI-distributed (1 ranks)
Iter 0190/768 | E: -5.379101 | Δ: 5.09e-03 | M: 5718.2876 | iter=  0.07s | ETA: 0m41s | Path: GPU-cuStateVec+cpu-expect MPI-distributed (1 ranks)
[RESILIENCE] Iteration 190: Global theta state checkpointed at path checkpoints/LiH/checkpoint_iter_0190.npy. 
Iter 0191/768 | E: -5.421126 | Δ: 4.20e-02 | M: 5850.7279 | iter=  0.07s | ETA: 0m41s | Path: GPU-cuStateVec+cpu-expect MPI-distributed (1 ranks)
Iter 0192/768 | E: -5.420489 | Δ: 6.37e-04 | M: 5882.6669 | iter=  0.07s | ETA: 0m41s | Path: GPU-cuStateVec+cpu-expect MPI-distributed (1 ranks)
Iter 0193/768 | E: -5.407259 | Δ: 1.32e-02 | M: 5785.1775 | iter=  0.07s | ETA: 0m41s | Path: GPU-cuStateVec+cpu-expect MPI-distributed (1 ranks)
Iter 0194/768 | E: -5.470545 | Δ: 6.33e-02 | M: 5867.9709 | iter=  0.07s | ETA: 0m41s | Path: GPU-cuStateVec+cpu-expect MPI-distributed (1 ranks)
Iter 0195/768 | E: -5.471179 | Δ: 6.34e-04 | M: 5744.5281 | iter=  0.07s | ETA: 0m41s | Path: GPU-cuStateVec+cpu-expect MPI-distributed (1 ranks)
[RESILIENCE] Iteration 195: Global theta state checkpointed at path checkpoints/LiH/checkpoint_iter_0195.npy. 
Iter 0196/768 | E: -5.474182 | Δ: 3.00e-03 | M: 5904.6704 | iter=  0.07s | ETA: 0m41s | Path: GPU-cuStateVec+cpu-expect MPI-distributed (1 ranks)
Iter 0197/768 | E: -5.482907 | Δ: 8.73e-03 | M: 5831.4922 | iter=  0.07s | ETA: 0m40s | Path: GPU-cuStateVec+cpu-expect MPI-distributed (1 ranks)
Iter 0198/768 | E: -5.473910 | Δ: 9.00e-03 | M: 5635.8405 | iter=  0.07s | ETA: 0m40s | Path: GPU-cuStateVec+cpu-expect MPI-distributed (1 ranks)
Iter 0199/768 | E: -5.523459 | Δ: 4.95e-02 | M: 5029.0796 | iter=  0.07s | ETA: 0m40s | Path: GPU-cuStateVec+cpu-expect MPI-distributed (1 ranks)
Iter 0200/768 | E: -5.529877 | Δ: 6.42e-03 | M: 5700.4843 | iter=  0.07s | ETA: 0m40s | Path: GPU-cuStateVec+cpu-expect MPI-distributed (1 ranks)
[RESILIENCE] Iteration 200: Global theta state checkpointed at path checkpoints/LiH/checkpoint_iter_0200.npy. 
Iter 0201/768 | E: -5.546909 | Δ: 1.70e-02 | M: 5729.7137 | iter=  0.07s | ETA: 0m40s | Path: GPU-cuStateVec+cpu-expect MPI-distributed (1 ranks)
Iter 0202/768 | E: -5.577300 | Δ: 3.04e-02 | M: 5671.2149 | iter=  0.07s | ETA: 0m40s | Path: GPU-cuStateVec+cpu-expect MPI-distributed (1 ranks)
Iter 0203/768 | E: -5.581528 | Δ: 4.23e-03 | M: 5747.1042 | iter=  0.07s | ETA: 0m40s | Path: GPU-cuStateVec+cpu-expect MPI-distributed (1 ranks)
Iter 0204/768 | E: -5.586820 | Δ: 5.29e-03 | M: 5610.0770 | iter=  0.07s | ETA: 0m40s | Path: GPU-cuStateVec+cpu-expect MPI-distributed (1 ranks)
Iter 0205/768 | E: -5.596099 | Δ: 9.28e-03 | M: 5772.9700 | iter=  0.07s | ETA: 0m40s | Path: GPU-cuStateVec+cpu-expect MPI-distributed (1 ranks)
[RESILIENCE] Iteration 205: Global theta state checkpointed at path checkpoints/LiH/checkpoint_iter_0205.npy. 
Iter 0206/768 | E: -5.600447 | Δ: 4.35e-03 | M: 5755.0513 | iter=  0.07s | ETA: 0m40s | Path: GPU-cuStateVec+cpu-expect MPI-distributed (1 ranks)
Iter 0207/768 | E: -5.583261 | Δ: 1.72e-02 | M: 5432.1701 | iter=  0.07s | ETA: 0m40s | Path: GPU-cuStateVec+cpu-expect MPI-distributed (1 ranks)
Iter 0208/768 | E: -5.600096 | Δ: 1.68e-02 | M: 5888.6899 | iter=  0.07s | ETA: 0m39s | Path: GPU-cuStateVec+cpu-expect MPI-distributed (1 ranks)
Iter 0209/768 | E: -5.611354 | Δ: 1.13e-02 | M: 5742.5711 | iter=  0.07s | ETA: 0m39s | Path: GPU-cuStateVec+cpu-expect MPI-distributed (1 ranks)
Iter 0210/768 | E: -5.613835 | Δ: 2.48e-03 | M: 5676.8239 | iter=  0.07s | ETA: 0m39s | Path: GPU-cuStateVec+cpu-expect MPI-distributed (1 ranks)
[RESILIENCE] Iteration 210: Global theta state checkpointed at path checkpoints/LiH/checkpoint_iter_0210.npy. 
Iter 0211/768 | E: -5.626649 | Δ: 1.28e-02 | M: 5648.7797 | iter=  0.07s | ETA: 0m39s | Path: GPU-cuStateVec+cpu-expect MPI-distributed (1 ranks)
Iter 0212/768 | E: -5.620959 | Δ: 5.69e-03 | M: 5754.6195 | iter=  0.07s | ETA: 0m39s | Path: GPU-cuStateVec+cpu-expect MPI-distributed (1 ranks)
Iter 0213/768 | E: -5.622353 | Δ: 1.39e-03 | M: 5803.4409 | iter=  0.07s | ETA: 0m39s | Path: GPU-cuStateVec+cpu-expect MPI-distributed (1 ranks)
Iter 0214/768 | E: -5.621677 | Δ: 6.75e-04 | M: 5897.3093 | iter=  0.07s | ETA: 0m39s | Path: GPU-cuStateVec+cpu-expect MPI-distributed (1 ranks)
Iter 0215/768 | E: -5.633121 | Δ: 1.14e-02 | M: 5788.9650 | iter=  0.07s | ETA: 0m39s | Path: GPU-cuStateVec+cpu-expect MPI-distributed (1 ranks)
[RESILIENCE] Iteration 215: Global theta state checkpointed at path checkpoints/LiH/checkpoint_iter_0215.npy. 
Iter 0216/768 | E: -5.622068 | Δ: 1.11e-02 | M: 5707.8238 | iter=  0.07s | ETA: 0m39s | Path: GPU-cuStateVec+cpu-expect MPI-distributed (1 ranks)
Iter 0217/768 | E: -5.656028 | Δ: 3.40e-02 | M: 5723.6887 | iter=  0.07s | ETA: 0m39s | Path: GPU-cuStateVec+cpu-expect MPI-distributed (1 ranks)
Iter 0218/768 | E: -5.655365 | Δ: 6.63e-04 | M: 5821.5876 | iter=  0.07s | ETA: 0m39s | Path: GPU-cuStateVec+cpu-expect MPI-distributed (1 ranks)
Iter 0219/768 | E: -5.665520 | Δ: 1.02e-02 | M: 5720.7823 | iter=  0.07s | ETA: 0m39s | Path: GPU-cuStateVec+cpu-expect MPI-distributed (1 ranks)
Iter 0220/768 | E: -5.674413 | Δ: 8.89e-03 | M: 5664.5293 | iter=  0.07s | ETA: 0m39s | Path: GPU-cuStateVec+cpu-expect MPI-distributed (1 ranks)
[RESILIENCE] Iteration 220: Global theta state checkpointed at path checkpoints/LiH/checkpoint_iter_0220.npy. 
Iter 0221/768 | E: -5.664063 | Δ: 1.04e-02 | M: 5787.3600 | iter=  0.07s | ETA: 0m39s | Path: GPU-cuStateVec+cpu-expect MPI-distributed (1 ranks)
Iter 0222/768 | E: -5.662883 | Δ: 1.18e-03 | M: 5653.6874 | iter=  0.07s | ETA: 0m38s | Path: GPU-cuStateVec+cpu-expect MPI-distributed (1 ranks)
Iter 0223/768 | E: -5.678422 | Δ: 1.55e-02 | M: 5746.5211 | iter=  0.07s | ETA: 0m38s | Path: GPU-cuStateVec+cpu-expect MPI-distributed (1 ranks)
Iter 0224/768 | E: -5.693653 | Δ: 1.52e-02 | M: 5747.5970 | iter=  0.07s | ETA: 0m38s | Path: GPU-cuStateVec+cpu-expect MPI-distributed (1 ranks)
Iter 0225/768 | E: -5.691571 | Δ: 2.08e-03 | M: 5692.1473 | iter=  0.07s | ETA: 0m38s | Path: GPU-cuStateVec+cpu-expect MPI-distributed (1 ranks)
[RESILIENCE] Iteration 225: Global theta state checkpointed at path checkpoints/LiH/checkpoint_iter_0225.npy. 
Iter 0226/768 | E: -5.700479 | Δ: 8.91e-03 | M: 5768.4689 | iter=  0.07s | ETA: 0m38s | Path: GPU-cuStateVec+cpu-expect MPI-distributed (1 ranks)
Iter 0227/768 | E: -5.706295 | Δ: 5.82e-03 | M: 5783.7114 | iter=  0.07s | ETA: 0m38s | Path: GPU-cuStateVec+cpu-expect MPI-distributed (1 ranks)
Iter 0228/768 | E: -5.703437 | Δ: 2.86e-03 | M: 5643.3899 | iter=  0.07s | ETA: 0m38s | Path: GPU-cuStateVec+cpu-expect MPI-distributed (1 ranks)
Iter 0229/768 | E: -5.700048 | Δ: 3.39e-03 | M: 5852.2364 | iter=  0.07s | ETA: 0m38s | Path: GPU-cuStateVec+cpu-expect MPI-distributed (1 ranks)
Iter 0230/768 | E: -5.712282 | Δ: 1.22e-02 | M: 5637.9572 | iter=  0.07s | ETA: 0m38s | Path: GPU-cuStateVec+cpu-expect MPI-distributed (1 ranks)
[RESILIENCE] Iteration 230: Global theta state checkpointed at path checkpoints/LiH/checkpoint_iter_0230.npy. 
Iter 0231/768 | E: -5.721964 | Δ: 9.68e-03 | M: 5676.7816 | iter=  0.07s | ETA: 0m38s | Path: GPU-cuStateVec+cpu-expect MPI-distributed (1 ranks)
Iter 0232/768 | E: -5.714449 | Δ: 7.51e-03 | M: 5751.6001 | iter=  0.07s | ETA: 0m38s | Path: GPU-cuStateVec+cpu-expect MPI-distributed (1 ranks)
Iter 0233/768 | E: -5.732729 | Δ: 1.83e-02 | M: 5815.2493 | iter=  0.07s | ETA: 0m38s | Path: GPU-cuStateVec+cpu-expect MPI-distributed (1 ranks)
Iter 0234/768 | E: -5.729304 | Δ: 3.43e-03 | M: 5646.7017 | iter=  0.07s | ETA: 0m37s | Path: GPU-cuStateVec+cpu-expect MPI-distributed (1 ranks)
Iter 0235/768 | E: -5.750416 | Δ: 2.11e-02 | M: 5872.7460 | iter=  0.07s | ETA: 0m37s | Path: GPU-cuStateVec+cpu-expect MPI-distributed (1 ranks)
[RESILIENCE] Iteration 235: Global theta state checkpointed at path checkpoints/LiH/checkpoint_iter_0235.npy. 
Iter 0236/768 | E: -5.754593 | Δ: 4.18e-03 | M: 5254.9366 | iter=  0.07s | ETA: 0m37s | Path: GPU-cuStateVec+cpu-expect MPI-distributed (1 ranks)
Iter 0237/768 | E: -5.766786 | Δ: 1.22e-02 | M: 5665.6721 | iter=  0.07s | ETA: 0m37s | Path: GPU-cuStateVec+cpu-expect MPI-distributed (1 ranks)
Iter 0238/768 | E: -5.770172 | Δ: 3.39e-03 | M: 5769.8584 | iter=  0.07s | ETA: 0m37s | Path: GPU-cuStateVec+cpu-expect MPI-distributed (1 ranks)
Iter 0239/768 | E: -5.762608 | Δ: 7.56e-03 | M: 5545.9718 | iter=  0.07s | ETA: 0m37s | Path: GPU-cuStateVec+cpu-expect MPI-distributed (1 ranks)
Iter 0240/768 | E: -5.777885 | Δ: 1.53e-02 | M: 5738.5111 | iter=  0.07s | ETA: 0m37s | Path: GPU-cuStateVec+cpu-expect MPI-distributed (1 ranks)
[RESILIENCE] Iteration 240: Global theta state checkpointed at path checkpoints/LiH/checkpoint_iter_0240.npy. 
Iter 0241/768 | E: -5.764145 | Δ: 1.37e-02 | M: 5532.0485 | iter=  0.07s | ETA: 0m37s | Path: GPU-cuStateVec+cpu-expect MPI-distributed (1 ranks)
Iter 0242/768 | E: -5.768375 | Δ: 4.23e-03 | M: 5756.6409 | iter=  0.07s | ETA: 0m37s | Path: GPU-cuStateVec+cpu-expect MPI-distributed (1 ranks)
Iter 0243/768 | E: -5.775496 | Δ: 7.12e-03 | M: 5875.7389 | iter=  0.07s | ETA: 0m37s | Path: GPU-cuStateVec+cpu-expect MPI-distributed (1 ranks)
Iter 0244/768 | E: -5.776934 | Δ: 1.44e-03 | M: 5716.2957 | iter=  0.07s | ETA: 0m37s | Path: GPU-cuStateVec+cpu-expect MPI-distributed (1 ranks)
Iter 0245/768 | E: -5.793898 | Δ: 1.70e-02 | M: 5698.7446 | iter=  0.07s | ETA: 0m37s | Path: GPU-cuStateVec+cpu-expect MPI-distributed (1 ranks)
[RESILIENCE] Iteration 245: Global theta state checkpointed at path checkpoints/LiH/checkpoint_iter_0245.npy. 
Iter 0246/768 | E: -5.777757 | Δ: 1.61e-02 | M: 5865.2387 | iter=  0.07s | ETA: 0m37s | Path: GPU-cuStateVec+cpu-expect MPI-distributed (1 ranks)
Iter 0247/768 | E: -5.799084 | Δ: 2.13e-02 | M: 5762.4780 | iter=  0.07s | ETA: 0m37s | Path: GPU-cuStateVec+cpu-expect MPI-distributed (1 ranks)
Iter 0248/768 | E: -5.809291 | Δ: 1.02e-02 | M: 5809.3534 | iter=  0.07s | ETA: 0m37s | Path: GPU-cuStateVec+cpu-expect MPI-distributed (1 ranks)
Iter 0249/768 | E: -5.818074 | Δ: 8.78e-03 | M: 5301.2174 | iter=  0.07s | ETA: 0m37s | Path: GPU-cuStateVec+cpu-expect MPI-distributed (1 ranks)
Iter 0250/768 | E: -5.820431 | Δ: 2.36e-03 | M: 5704.4071 | iter=  0.07s | ETA: 0m37s | Path: GPU-cuStateVec+cpu-expect MPI-distributed (1 ranks)
[RESILIENCE] Iteration 250: Global theta state checkpointed at path checkpoints/LiH/checkpoint_iter_0250.npy. 
Iter 0251/768 | E: -5.821632 | Δ: 1.20e-03 | M: 5954.3248 | iter=  0.07s | ETA: 0m36s | Path: GPU-cuStateVec+cpu-expect MPI-distributed (1 ranks)
Iter 0252/768 | E: -5.820604 | Δ: 1.03e-03 | M: 5818.1486 | iter=  0.07s | ETA: 0m36s | Path: GPU-cuStateVec+cpu-expect MPI-distributed (1 ranks)
Iter 0253/768 | E: -5.808837 | Δ: 1.18e-02 | M: 5767.9713 | iter=  0.07s | ETA: 0m36s | Path: GPU-cuStateVec+cpu-expect MPI-distributed (1 ranks)
Iter 0254/768 | E: -5.824721 | Δ: 1.59e-02 | M: 5767.1208 | iter=  0.07s | ETA: 0m36s | Path: GPU-cuStateVec+cpu-expect MPI-distributed (1 ranks)
Iter 0255/768 | E: -5.825852 | Δ: 1.13e-03 | M: 5860.7948 | iter=  0.07s | ETA: 0m36s | Path: GPU-cuStateVec+cpu-expect MPI-distributed (1 ranks)
[RESILIENCE] Iteration 255: Global theta state checkpointed at path checkpoints/LiH/checkpoint_iter_0255.npy. 
Iter 0256/768 | E: -5.824979 | Δ: 8.73e-04 | M: 5718.5930 | iter=  0.07s | ETA: 0m36s | Path: GPU-cuStateVec+cpu-expect MPI-distributed (1 ranks)
Iter 0257/768 | E: -5.850935 | Δ: 2.60e-02 | M: 5719.7583 | iter=  0.07s | ETA: 0m36s | Path: GPU-cuStateVec+cpu-expect MPI-distributed (1 ranks)
Iter 0258/768 | E: -5.837780 | Δ: 1.32e-02 | M: 5782.4940 | iter=  0.07s | ETA: 0m36s | Path: GPU-cuStateVec+cpu-expect MPI-distributed (1 ranks)
Iter 0259/768 | E: -5.839629 | Δ: 1.85e-03 | M: 5945.0784 | iter=  0.07s | ETA: 0m36s | Path: GPU-cuStateVec+cpu-expect MPI-distributed (1 ranks)
Iter 0260/768 | E: -5.859488 | Δ: 1.99e-02 | M: 5713.1923 | iter=  0.07s | ETA: 0m36s | Path: GPU-cuStateVec+cpu-expect MPI-distributed (1 ranks)
[RESILIENCE] Iteration 260: Global theta state checkpointed at path checkpoints/LiH/checkpoint_iter_0260.npy. 
Iter 0261/768 | E: -5.846457 | Δ: 1.30e-02 | M: 5773.9826 | iter=  0.07s | ETA: 0m36s | Path: GPU-cuStateVec+cpu-expect MPI-distributed (1 ranks)
Iter 0262/768 | E: -5.851985 | Δ: 5.53e-03 | M: 5671.0649 | iter=  0.07s | ETA: 0m36s | Path: GPU-cuStateVec+cpu-expect MPI-distributed (1 ranks)
Iter 0263/768 | E: -5.852861 | Δ: 8.76e-04 | M: 5861.8388 | iter=  0.07s | ETA: 0m36s | Path: GPU-cuStateVec+cpu-expect MPI-distributed (1 ranks)
Iter 0264/768 | E: -5.859556 | Δ: 6.69e-03 | M: 5644.4790 | iter=  0.07s | ETA: 0m36s | Path: GPU-cuStateVec+cpu-expect MPI-distributed (1 ranks)
Iter 0265/768 | E: -5.864054 | Δ: 4.50e-03 | M: 5670.2261 | iter=  0.07s | ETA: 0m35s | Path: GPU-cuStateVec+cpu-expect MPI-distributed (1 ranks)
[RESILIENCE] Iteration 265: Global theta state checkpointed at path checkpoints/LiH/checkpoint_iter_0265.npy. 
Iter 0266/768 | E: -5.868333 | Δ: 4.28e-03 | M: 5738.0298 | iter=  0.07s | ETA: 0m35s | Path: GPU-cuStateVec+cpu-expect MPI-distributed (1 ranks)
Iter 0267/768 | E: -5.879946 | Δ: 1.16e-02 | M: 5719.3446 | iter=  0.07s | ETA: 0m35s | Path: GPU-cuStateVec+cpu-expect MPI-distributed (1 ranks)
Iter 0268/768 | E: -5.882830 | Δ: 2.88e-03 | M: 5763.3686 | iter=  0.07s | ETA: 0m35s | Path: GPU-cuStateVec+cpu-expect MPI-distributed (1 ranks)
Iter 0269/768 | E: -5.883697 | Δ: 8.67e-04 | M: 5655.6928 | iter=  0.07s | ETA: 0m35s | Path: GPU-cuStateVec+cpu-expect MPI-distributed (1 ranks)
Iter 0270/768 | E: -5.888566 | Δ: 4.87e-03 | M: 5616.7277 | iter=  0.07s | ETA: 0m35s | Path: GPU-cuStateVec+cpu-expect MPI-distributed (1 ranks)
[RESILIENCE] Iteration 270: Global theta state checkpointed at path checkpoints/LiH/checkpoint_iter_0270.npy. 
Iter 0271/768 | E: -5.883002 | Δ: 5.56e-03 | M: 5827.6150 | iter=  0.07s | ETA: 0m35s | Path: GPU-cuStateVec+cpu-expect MPI-distributed (1 ranks)
Iter 0272/768 | E: -5.886348 | Δ: 3.35e-03 | M: 5653.7514 | iter=  0.07s | ETA: 0m35s | Path: GPU-cuStateVec+cpu-expect MPI-distributed (1 ranks)
Iter 0273/768 | E: -5.895176 | Δ: 8.83e-03 | M: 5382.7982 | iter=  0.07s | ETA: 0m35s | Path: GPU-cuStateVec+cpu-expect MPI-distributed (1 ranks)
Iter 0274/768 | E: -5.905040 | Δ: 9.86e-03 | M: 5638.9792 | iter=  0.07s | ETA: 0m35s | Path: GPU-cuStateVec+cpu-expect MPI-distributed (1 ranks)
Iter 0275/768 | E: -5.909473 | Δ: 4.43e-03 | M: 5716.1514 | iter=  0.07s | ETA: 0m35s | Path: GPU-cuStateVec+cpu-expect MPI-distributed (1 ranks)
[RESILIENCE] Iteration 275: Global theta state checkpointed at path checkpoints/LiH/checkpoint_iter_0275.npy. 
Iter 0276/768 | E: -5.915604 | Δ: 6.13e-03 | M: 5668.5825 | iter=  0.07s | ETA: 0m35s | Path: GPU-cuStateVec+cpu-expect MPI-distributed (1 ranks)
Iter 0277/768 | E: -5.922484 | Δ: 6.88e-03 | M: 5792.1785 | iter=  0.07s | ETA: 0m35s | Path: GPU-cuStateVec+cpu-expect MPI-distributed (1 ranks)
Iter 0278/768 | E: -5.927470 | Δ: 4.99e-03 | M: 5322.2249 | iter=  0.07s | ETA: 0m35s | Path: GPU-cuStateVec+cpu-expect MPI-distributed (1 ranks)
Iter 0279/768 | E: -5.941403 | Δ: 1.39e-02 | M: 5666.0016 | iter=  0.07s | ETA: 0m35s | Path: GPU-cuStateVec+cpu-expect MPI-distributed (1 ranks)
Iter 0280/768 | E: -5.947921 | Δ: 6.52e-03 | M: 5944.3924 | iter=  0.07s | ETA: 0m35s | Path: GPU-cuStateVec+cpu-expect MPI-distributed (1 ranks)
[RESILIENCE] Iteration 280: Global theta state checkpointed at path checkpoints/LiH/checkpoint_iter_0280.npy. 
Iter 0281/768 | E: -5.943044 | Δ: 4.88e-03 | M: 5880.3713 | iter=  0.07s | ETA: 0m34s | Path: GPU-cuStateVec+cpu-expect MPI-distributed (1 ranks)
Iter 0282/768 | E: -5.940184 | Δ: 2.86e-03 | M: 5657.3050 | iter=  0.07s | ETA: 0m34s | Path: GPU-cuStateVec+cpu-expect MPI-distributed (1 ranks)
Iter 0283/768 | E: -5.945530 | Δ: 5.35e-03 | M: 5765.4244 | iter=  0.07s | ETA: 0m34s | Path: GPU-cuStateVec+cpu-expect MPI-distributed (1 ranks)
Iter 0284/768 | E: -5.958782 | Δ: 1.33e-02 | M: 5620.1554 | iter=  0.07s | ETA: 0m34s | Path: GPU-cuStateVec+cpu-expect MPI-distributed (1 ranks)
Iter 0285/768 | E: -5.958055 | Δ: 7.27e-04 | M: 5876.5284 | iter=  0.07s | ETA: 0m34s | Path: GPU-cuStateVec+cpu-expect MPI-distributed (1 ranks)
[RESILIENCE] Iteration 285: Global theta state checkpointed at path checkpoints/LiH/checkpoint_iter_0285.npy. 
Iter 0286/768 | E: -5.952825 | Δ: 5.23e-03 | M: 5360.5970 | iter=  0.07s | ETA: 0m34s | Path: GPU-cuStateVec+cpu-expect MPI-distributed (1 ranks)
Iter 0287/768 | E: -5.957638 | Δ: 4.81e-03 | M: 5677.5230 | iter=  0.07s | ETA: 0m34s | Path: GPU-cuStateVec+cpu-expect MPI-distributed (1 ranks)
Iter 0288/768 | E: -5.957104 | Δ: 5.35e-04 | M: 5751.9985 | iter=  0.07s | ETA: 0m34s | Path: GPU-cuStateVec+cpu-expect MPI-distributed (1 ranks)
Iter 0289/768 | E: -5.967000 | Δ: 9.90e-03 | M: 5676.1017 | iter=  0.07s | ETA: 0m34s | Path: GPU-cuStateVec+cpu-expect MPI-distributed (1 ranks)
Iter 0290/768 | E: -5.968769 | Δ: 1.77e-03 | M: 5595.3654 | iter=  0.07s | ETA: 0m34s | Path: GPU-cuStateVec+cpu-expect MPI-distributed (1 ranks)
[RESILIENCE] Iteration 290: Global theta state checkpointed at path checkpoints/LiH/checkpoint_iter_0290.npy. 
Iter 0291/768 | E: -5.972732 | Δ: 3.96e-03 | M: 5733.9220 | iter=  0.07s | ETA: 0m34s | Path: GPU-cuStateVec+cpu-expect MPI-distributed (1 ranks)
Iter 0292/768 | E: -5.986022 | Δ: 1.33e-02 | M: 5727.2376 | iter=  0.07s | ETA: 0m34s | Path: GPU-cuStateVec+cpu-expect MPI-distributed (1 ranks)
Iter 0293/768 | E: -5.990378 | Δ: 4.36e-03 | M: 5757.2700 | iter=  0.07s | ETA: 0m33s | Path: GPU-cuStateVec+cpu-expect MPI-distributed (1 ranks)
Iter 0294/768 | E: -6.013730 | Δ: 2.34e-02 | M: 5761.1634 | iter=  0.07s | ETA: 0m33s | Path: GPU-cuStateVec+cpu-expect MPI-distributed (1 ranks)
Iter 0295/768 | E: -6.017535 | Δ: 3.81e-03 | M: 5701.9303 | iter=  0.07s | ETA: 0m33s | Path: GPU-cuStateVec+cpu-expect MPI-distributed (1 ranks)
[RESILIENCE] Iteration 295: Global theta state checkpointed at path checkpoints/LiH/checkpoint_iter_0295.npy. 
Iter 0296/768 | E: -6.017124 | Δ: 4.10e-04 | M: 5666.2340 | iter=  0.07s | ETA: 0m33s | Path: GPU-cuStateVec+cpu-expect MPI-distributed (1 ranks)
Iter 0297/768 | E: -6.025405 | Δ: 8.28e-03 | M: 5656.2295 | iter=  0.07s | ETA: 0m33s | Path: GPU-cuStateVec+cpu-expect MPI-distributed (1 ranks)
Iter 0298/768 | E: -6.024988 | Δ: 4.18e-04 | M: 5653.6966 | iter=  0.07s | ETA: 0m33s | Path: GPU-cuStateVec+cpu-expect MPI-distributed (1 ranks)
Iter 0299/768 | E: -6.035145 | Δ: 1.02e-02 | M: 5751.0888 | iter=  0.07s | ETA: 0m33s | Path: GPU-cuStateVec+cpu-expect MPI-distributed (1 ranks)
Iter 0300/768 | E: -6.037808 | Δ: 2.66e-03 | M: 5724.5782 | iter=  0.07s | ETA: 0m33s | Path: GPU-cuStateVec+cpu-expect MPI-distributed (1 ranks)
[RESILIENCE] Iteration 300: Global theta state checkpointed at path checkpoints/LiH/checkpoint_iter_0300.npy. 
Iter 0301/768 | E: -6.031663 | Δ: 6.15e-03 | M: 5375.3944 | iter=  0.07s | ETA: 0m33s | Path: GPU-cuStateVec+cpu-expect MPI-distributed (1 ranks)
Iter 0302/768 | E: -6.031893 | Δ: 2.30e-04 | M: 5708.7526 | iter=  0.07s | ETA: 0m33s | Path: GPU-cuStateVec+cpu-expect MPI-distributed (1 ranks)
Iter 0303/768 | E: -6.047116 | Δ: 1.52e-02 | M: 5725.8818 | iter=  0.07s | ETA: 0m33s | Path: GPU-cuStateVec+cpu-expect MPI-distributed (1 ranks)
Iter 0304/768 | E: -6.051927 | Δ: 4.81e-03 | M: 5746.4239 | iter=  0.07s | ETA: 0m33s | Path: GPU-cuStateVec+cpu-expect MPI-distributed (1 ranks)
Iter 0305/768 | E: -6.050012 | Δ: 1.92e-03 | M: 5821.0485 | iter=  0.07s | ETA: 0m33s | Path: GPU-cuStateVec+cpu-expect MPI-distributed (1 ranks)
[RESILIENCE] Iteration 305: Global theta state checkpointed at path checkpoints/LiH/checkpoint_iter_0305.npy. 
Iter 0306/768 | E: -6.054527 | Δ: 4.52e-03 | M: 5542.6916 | iter=  0.07s | ETA: 0m33s | Path: GPU-cuStateVec+cpu-expect MPI-distributed (1 ranks)
Iter 0307/768 | E: -6.056025 | Δ: 1.50e-03 | M: 5682.0439 | iter=  0.07s | ETA: 0m33s | Path: GPU-cuStateVec+cpu-expect MPI-distributed (1 ranks)
Iter 0308/768 | E: -6.076829 | Δ: 2.08e-02 | M: 5770.2668 | iter=  0.07s | ETA: 0m32s | Path: GPU-cuStateVec+cpu-expect MPI-distributed (1 ranks)
Iter 0309/768 | E: -6.073327 | Δ: 3.50e-03 | M: 5577.4672 | iter=  0.07s | ETA: 0m32s | Path: GPU-cuStateVec+cpu-expect MPI-distributed (1 ranks)
Iter 0310/768 | E: -6.074165 | Δ: 8.38e-04 | M: 5511.7220 | iter=  0.07s | ETA: 0m32s | Path: GPU-cuStateVec+cpu-expect MPI-distributed (1 ranks)
[RESILIENCE] Iteration 310: Global theta state checkpointed at path checkpoints/LiH/checkpoint_iter_0310.npy. 
Iter 0311/768 | E: -6.073136 | Δ: 1.03e-03 | M: 5805.4892 | iter=  0.07s | ETA: 0m32s | Path: GPU-cuStateVec+cpu-expect MPI-distributed (1 ranks)
Iter 0312/768 | E: -6.096348 | Δ: 2.32e-02 | M: 5710.4024 | iter=  0.07s | ETA: 0m32s | Path: GPU-cuStateVec+cpu-expect MPI-distributed (1 ranks)
Iter 0313/768 | E: -6.086960 | Δ: 9.39e-03 | M: 5741.6276 | iter=  0.07s | ETA: 0m32s | Path: GPU-cuStateVec+cpu-expect MPI-distributed (1 ranks)
Iter 0314/768 | E: -6.089330 | Δ: 2.37e-03 | M: 5829.7687 | iter=  0.07s | ETA: 0m32s | Path: GPU-cuStateVec+cpu-expect MPI-distributed (1 ranks)
Iter 0315/768 | E: -6.109791 | Δ: 2.05e-02 | M: 4980.5225 | iter=  0.07s | ETA: 0m32s | Path: GPU-cuStateVec+cpu-expect MPI-distributed (1 ranks)
[RESILIENCE] Iteration 315: Global theta state checkpointed at path checkpoints/LiH/checkpoint_iter_0315.npy. 
Iter 0316/768 | E: -6.105568 | Δ: 4.22e-03 | M: 5567.2302 | iter=  0.07s | ETA: 0m32s | Path: GPU-cuStateVec+cpu-expect MPI-distributed (1 ranks)
Iter 0317/768 | E: -6.106627 | Δ: 1.06e-03 | M: 5733.8428 | iter=  0.07s | ETA: 0m32s | Path: GPU-cuStateVec+cpu-expect MPI-distributed (1 ranks)
Iter 0318/768 | E: -6.106746 | Δ: 1.19e-04 | M: 5769.4498 | iter=  0.07s | ETA: 0m32s | Path: GPU-cuStateVec+cpu-expect MPI-distributed (1 ranks)
Iter 0319/768 | E: -6.102035 | Δ: 4.71e-03 | M: 5751.9159 | iter=  0.07s | ETA: 0m32s | Path: GPU-cuStateVec+cpu-expect MPI-distributed (1 ranks)
Iter 0320/768 | E: -6.114345 | Δ: 1.23e-02 | M: 5747.8503 | iter=  0.07s | ETA: 0m31s | Path: GPU-cuStateVec+cpu-expect MPI-distributed (1 ranks)
[RESILIENCE] Iteration 320: Global theta state checkpointed at path checkpoints/LiH/checkpoint_iter_0320.npy. 
Iter 0321/768 | E: -6.108782 | Δ: 5.56e-03 | M: 5780.2875 | iter=  0.07s | ETA: 0m31s | Path: GPU-cuStateVec+cpu-expect MPI-distributed (1 ranks)
Iter 0322/768 | E: -6.122013 | Δ: 1.32e-02 | M: 5681.0832 | iter=  0.07s | ETA: 0m31s | Path: GPU-cuStateVec+cpu-expect MPI-distributed (1 ranks)
Iter 0323/768 | E: -6.106115 | Δ: 1.59e-02 | M: 5884.1790 | iter=  0.07s | ETA: 0m31s | Path: GPU-cuStateVec+cpu-expect MPI-distributed (1 ranks)
Iter 0324/768 | E: -6.114496 | Δ: 8.38e-03 | M: 5620.0135 | iter=  0.07s | ETA: 0m31s | Path: GPU-cuStateVec+cpu-expect MPI-distributed (1 ranks)
Iter 0325/768 | E: -6.107709 | Δ: 6.79e-03 | M: 5740.6514 | iter=  0.07s | ETA: 0m31s | Path: GPU-cuStateVec+cpu-expect MPI-distributed (1 ranks)
[RESILIENCE] Iteration 325: Global theta state checkpointed at path checkpoints/LiH/checkpoint_iter_0325.npy. 
Iter 0326/768 | E: -6.116728 | Δ: 9.02e-03 | M: 5809.6532 | iter=  0.07s | ETA: 0m31s | Path: GPU-cuStateVec+cpu-expect MPI-distributed (1 ranks)
Iter 0327/768 | E: -6.119236 | Δ: 2.51e-03 | M: 6002.9901 | iter=  0.07s | ETA: 0m31s | Path: GPU-cuStateVec+cpu-expect MPI-distributed (1 ranks)
Iter 0328/768 | E: -6.119419 | Δ: 1.82e-04 | M: 5813.1326 | iter=  0.07s | ETA: 0m31s | Path: GPU-cuStateVec+cpu-expect MPI-distributed (1 ranks)
Iter 0329/768 | E: -6.143002 | Δ: 2.36e-02 | M: 5827.5370 | iter=  0.07s | ETA: 0m31s | Path: GPU-cuStateVec+cpu-expect MPI-distributed (1 ranks)
Iter 0330/768 | E: -6.148907 | Δ: 5.91e-03 | M: 5792.5915 | iter=  0.07s | ETA: 0m31s | Path: GPU-cuStateVec+cpu-expect MPI-distributed (1 ranks)
[RESILIENCE] Iteration 330: Global theta state checkpointed at path checkpoints/LiH/checkpoint_iter_0330.npy. 
Iter 0331/768 | E: -6.146264 | Δ: 2.64e-03 | M: 5701.9242 | iter=  0.07s | ETA: 0m31s | Path: GPU-cuStateVec+cpu-expect MPI-distributed (1 ranks)
Iter 0332/768 | E: -6.167764 | Δ: 2.15e-02 | M: 5755.4383 | iter=  0.07s | ETA: 0m31s | Path: GPU-cuStateVec+cpu-expect MPI-distributed (1 ranks)
Iter 0333/768 | E: -6.147947 | Δ: 1.98e-02 | M: 5578.2180 | iter=  0.07s | ETA: 0m31s | Path: GPU-cuStateVec+cpu-expect MPI-distributed (1 ranks)
Iter 0334/768 | E: -6.155467 | Δ: 7.52e-03 | M: 5870.8543 | iter=  0.07s | ETA: 0m30s | Path: GPU-cuStateVec+cpu-expect MPI-distributed (1 ranks)
Iter 0335/768 | E: -6.159207 | Δ: 3.74e-03 | M: 5842.5132 | iter=  0.07s | ETA: 0m30s | Path: GPU-cuStateVec+cpu-expect MPI-distributed (1 ranks)
[RESILIENCE] Iteration 335: Global theta state checkpointed at path checkpoints/LiH/checkpoint_iter_0335.npy. 
Iter 0336/768 | E: -6.174053 | Δ: 1.48e-02 | M: 5752.6143 | iter=  0.07s | ETA: 0m30s | Path: GPU-cuStateVec+cpu-expect MPI-distributed (1 ranks)
Iter 0337/768 | E: -6.155622 | Δ: 1.84e-02 | M: 5576.8146 | iter=  0.07s | ETA: 0m30s | Path: GPU-cuStateVec+cpu-expect MPI-distributed (1 ranks)
Iter 0338/768 | E: -6.163224 | Δ: 7.60e-03 | M: 5806.0057 | iter=  0.07s | ETA: 0m30s | Path: GPU-cuStateVec+cpu-expect MPI-distributed (1 ranks)
Iter 0339/768 | E: -6.174251 | Δ: 1.10e-02 | M: 5098.5543 | iter=  0.07s | ETA: 0m30s | Path: GPU-cuStateVec+cpu-expect MPI-distributed (1 ranks)
Iter 0340/768 | E: -6.172586 | Δ: 1.66e-03 | M: 5709.0038 | iter=  0.07s | ETA: 0m30s | Path: GPU-cuStateVec+cpu-expect MPI-distributed (1 ranks)
[RESILIENCE] Iteration 340: Global theta state checkpointed at path checkpoints/LiH/checkpoint_iter_0340.npy. 
Iter 0341/768 | E: -6.180197 | Δ: 7.61e-03 | M: 5648.7861 | iter=  0.07s | ETA: 0m30s | Path: GPU-cuStateVec+cpu-expect MPI-distributed (1 ranks)
Iter 0342/768 | E: -6.186063 | Δ: 5.87e-03 | M: 5766.0827 | iter=  0.07s | ETA: 0m30s | Path: GPU-cuStateVec+cpu-expect MPI-distributed (1 ranks)
Iter 0343/768 | E: -6.190131 | Δ: 4.07e-03 | M: 5817.8843 | iter=  0.07s | ETA: 0m30s | Path: GPU-cuStateVec+cpu-expect MPI-distributed (1 ranks)
Iter 0344/768 | E: -6.195875 | Δ: 5.74e-03 | M: 5789.5850 | iter=  0.07s | ETA: 0m30s | Path: GPU-cuStateVec+cpu-expect MPI-distributed (1 ranks)
Iter 0345/768 | E: -6.179585 | Δ: 1.63e-02 | M: 5791.5158 | iter=  0.07s | ETA: 0m30s | Path: GPU-cuStateVec+cpu-expect MPI-distributed (1 ranks)
[RESILIENCE] Iteration 345: Global theta state checkpointed at path checkpoints/LiH/checkpoint_iter_0345.npy. 
Iter 0346/768 | E: -6.183807 | Δ: 4.22e-03 | M: 5712.5865 | iter=  0.07s | ETA: 0m29s | Path: GPU-cuStateVec+cpu-expect MPI-distributed (1 ranks)
Iter 0347/768 | E: -6.200620 | Δ: 1.68e-02 | M: 5863.9359 | iter=  0.07s | ETA: 0m29s | Path: GPU-cuStateVec+cpu-expect MPI-distributed (1 ranks)
Iter 0348/768 | E: -6.191247 | Δ: 9.37e-03 | M: 5784.2270 | iter=  0.07s | ETA: 0m29s | Path: GPU-cuStateVec+cpu-expect MPI-distributed (1 ranks)
Iter 0349/768 | E: -6.211073 | Δ: 1.98e-02 | M: 5863.7066 | iter=  0.07s | ETA: 0m29s | Path: GPU-cuStateVec+cpu-expect MPI-distributed (1 ranks)
Iter 0350/768 | E: -6.223616 | Δ: 1.25e-02 | M: 5822.5272 | iter=  0.07s | ETA: 0m29s | Path: GPU-cuStateVec+cpu-expect MPI-distributed (1 ranks)
[RESILIENCE] Iteration 350: Global theta state checkpointed at path checkpoints/LiH/checkpoint_iter_0350.npy. 
Iter 0351/768 | E: -6.224344 | Δ: 7.28e-04 | M: 5561.1138 | iter=  0.07s | ETA: 0m29s | Path: GPU-cuStateVec+cpu-expect MPI-distributed (1 ranks)
Iter 0352/768 | E: -6.222904 | Δ: 1.44e-03 | M: 5464.4126 | iter=  0.07s | ETA: 0m29s | Path: GPU-cuStateVec+cpu-expect MPI-distributed (1 ranks)
Iter 0353/768 | E: -6.232240 | Δ: 9.34e-03 | M: 5693.6925 | iter=  0.07s | ETA: 0m29s | Path: GPU-cuStateVec+cpu-expect MPI-distributed (1 ranks)
Iter 0354/768 | E: -6.233028 | Δ: 7.89e-04 | M: 5722.0610 | iter=  0.07s | ETA: 0m29s | Path: GPU-cuStateVec+cpu-expect MPI-distributed (1 ranks)
Iter 0355/768 | E: -6.237409 | Δ: 4.38e-03 | M: 5728.1009 | iter=  0.07s | ETA: 0m29s | Path: GPU-cuStateVec+cpu-expect MPI-distributed (1 ranks)
[RESILIENCE] Iteration 355: Global theta state checkpointed at path checkpoints/LiH/checkpoint_iter_0355.npy. 
Iter 0356/768 | E: -6.230926 | Δ: 6.48e-03 | M: 5803.6671 | iter=  0.07s | ETA: 0m29s | Path: GPU-cuStateVec+cpu-expect MPI-distributed (1 ranks)
Iter 0357/768 | E: -6.230876 | Δ: 5.03e-05 | M: 5872.6084 | iter=  0.07s | ETA: 0m29s | Path: GPU-cuStateVec+cpu-expect MPI-distributed (1 ranks)
Iter 0358/768 | E: -6.236682 | Δ: 5.81e-03 | M: 5757.6185 | iter=  0.07s | ETA: 0m29s | Path: GPU-cuStateVec+cpu-expect MPI-distributed (1 ranks)
Iter 0359/768 | E: -6.246369 | Δ: 9.69e-03 | M: 5767.7553 | iter=  0.07s | ETA: 0m29s | Path: GPU-cuStateVec+cpu-expect MPI-distributed (1 ranks)
Iter 0360/768 | E: -6.248997 | Δ: 2.63e-03 | M: 5844.3234 | iter=  0.07s | ETA: 0m29s | Path: GPU-cuStateVec+cpu-expect MPI-distributed (1 ranks)
[RESILIENCE] Iteration 360: Global theta state checkpointed at path checkpoints/LiH/checkpoint_iter_0360.npy. 
Iter 0361/768 | E: -6.254491 | Δ: 5.49e-03 | M: 5701.7320 | iter=  0.07s | ETA: 0m29s | Path: GPU-cuStateVec+cpu-expect MPI-distributed (1 ranks)
Iter 0362/768 | E: -6.254284 | Δ: 2.08e-04 | M: 5694.6502 | iter=  0.07s | ETA: 0m29s | Path: GPU-cuStateVec+cpu-expect MPI-distributed (1 ranks)
Iter 0363/768 | E: -6.254877 | Δ: 5.93e-04 | M: 5842.7415 | iter=  0.07s | ETA: 0m29s | Path: GPU-cuStateVec+cpu-expect MPI-distributed (1 ranks)
Iter 0364/768 | E: -6.268333 | Δ: 1.35e-02 | M: 5750.3189 | iter=  0.07s | ETA: 0m29s | Path: GPU-cuStateVec+cpu-expect MPI-distributed (1 ranks)
Iter 0365/768 | E: -6.251582 | Δ: 1.68e-02 | M: 5783.5056 | iter=  0.07s | ETA: 0m28s | Path: GPU-cuStateVec+cpu-expect MPI-distributed (1 ranks)
[RESILIENCE] Iteration 365: Global theta state checkpointed at path checkpoints/LiH/checkpoint_iter_0365.npy. 
Iter 0366/768 | E: -6.260081 | Δ: 8.50e-03 | M: 5512.4215 | iter=  0.07s | ETA: 0m28s | Path: GPU-cuStateVec+cpu-expect MPI-distributed (1 ranks)
Iter 0367/768 | E: -6.266808 | Δ: 6.73e-03 | M: 5658.4235 | iter=  0.07s | ETA: 0m28s | Path: GPU-cuStateVec+cpu-expect MPI-distributed (1 ranks)
Iter 0368/768 | E: -6.269616 | Δ: 2.81e-03 | M: 5643.0595 | iter=  0.07s | ETA: 0m28s | Path: GPU-cuStateVec+cpu-expect MPI-distributed (1 ranks)
Iter 0369/768 | E: -6.263095 | Δ: 6.52e-03 | M: 5704.5895 | iter=  0.07s | ETA: 0m28s | Path: GPU-cuStateVec+cpu-expect MPI-distributed (1 ranks)
Iter 0370/768 | E: -6.261879 | Δ: 1.22e-03 | M: 5738.7540 | iter=  0.07s | ETA: 0m28s | Path: GPU-cuStateVec+cpu-expect MPI-distributed (1 ranks)
[RESILIENCE] Iteration 370: Global theta state checkpointed at path checkpoints/LiH/checkpoint_iter_0370.npy. 
Iter 0371/768 | E: -6.267912 | Δ: 6.03e-03 | M: 5714.6181 | iter=  0.07s | ETA: 0m28s | Path: GPU-cuStateVec+cpu-expect MPI-distributed (1 ranks)
Iter 0372/768 | E: -6.273930 | Δ: 6.02e-03 | M: 5800.3456 | iter=  0.07s | ETA: 0m28s | Path: GPU-cuStateVec+cpu-expect MPI-distributed (1 ranks)
Iter 0373/768 | E: -6.287242 | Δ: 1.33e-02 | M: 5689.1048 | iter=  0.07s | ETA: 0m28s | Path: GPU-cuStateVec+cpu-expect MPI-distributed (1 ranks)
Iter 0374/768 | E: -6.290305 | Δ: 3.06e-03 | M: 5866.8516 | iter=  0.07s | ETA: 0m28s | Path: GPU-cuStateVec+cpu-expect MPI-distributed (1 ranks)
Iter 0375/768 | E: -6.293440 | Δ: 3.13e-03 | M: 5775.9235 | iter=  0.07s | ETA: 0m28s | Path: GPU-cuStateVec+cpu-expect MPI-distributed (1 ranks)
[RESILIENCE] Iteration 375: Global theta state checkpointed at path checkpoints/LiH/checkpoint_iter_0375.npy. 
Iter 0376/768 | E: -6.309700 | Δ: 1.63e-02 | M: 4967.8937 | iter=  0.07s | ETA: 0m28s | Path: GPU-cuStateVec+cpu-expect MPI-distributed (1 ranks)
Iter 0377/768 | E: -6.299551 | Δ: 1.01e-02 | M: 5661.8792 | iter=  0.07s | ETA: 0m27s | Path: GPU-cuStateVec+cpu-expect MPI-distributed (1 ranks)
Iter 0378/768 | E: -6.302555 | Δ: 3.00e-03 | M: 5790.3563 | iter=  0.07s | ETA: 0m27s | Path: GPU-cuStateVec+cpu-expect MPI-distributed (1 ranks)
Iter 0379/768 | E: -6.307084 | Δ: 4.53e-03 | M: 5680.2299 | iter=  0.07s | ETA: 0m27s | Path: GPU-cuStateVec+cpu-expect MPI-distributed (1 ranks)
Iter 0380/768 | E: -6.294818 | Δ: 1.23e-02 | M: 5852.4726 | iter=  0.07s | ETA: 0m27s | Path: GPU-cuStateVec+cpu-expect MPI-distributed (1 ranks)
[RESILIENCE] Iteration 380: Global theta state checkpointed at path checkpoints/LiH/checkpoint_iter_0380.npy. 
Iter 0381/768 | E: -6.302419 | Δ: 7.60e-03 | M: 5641.5932 | iter=  0.07s | ETA: 0m27s | Path: GPU-cuStateVec+cpu-expect MPI-distributed (1 ranks)
Iter 0382/768 | E: -6.298722 | Δ: 3.70e-03 | M: 5612.2944 | iter=  0.07s | ETA: 0m27s | Path: GPU-cuStateVec+cpu-expect MPI-distributed (1 ranks)
Iter 0383/768 | E: -6.308229 | Δ: 9.51e-03 | M: 5803.4971 | iter=  0.07s | ETA: 0m27s | Path: GPU-cuStateVec+cpu-expect MPI-distributed (1 ranks)
Iter 0384/768 | E: -6.328575 | Δ: 2.03e-02 | M: 5768.6755 | iter=  0.07s | ETA: 0m27s | Path: GPU-cuStateVec+cpu-expect MPI-distributed (1 ranks)
Iter 0385/768 | E: -6.317375 | Δ: 1.12e-02 | M: 5638.7169 | iter=  0.07s | ETA: 0m27s | Path: GPU-cuStateVec+cpu-expect MPI-distributed (1 ranks)
[RESILIENCE] Iteration 385: Global theta state checkpointed at path checkpoints/LiH/checkpoint_iter_0385.npy. 
Iter 0386/768 | E: -6.324061 | Δ: 6.69e-03 | M: 5681.3399 | iter=  0.07s | ETA: 0m27s | Path: GPU-cuStateVec+cpu-expect MPI-distributed (1 ranks)
Iter 0387/768 | E: -6.319380 | Δ: 4.68e-03 | M: 5775.8726 | iter=  0.07s | ETA: 0m27s | Path: GPU-cuStateVec+cpu-expect MPI-distributed (1 ranks)
Iter 0388/768 | E: -6.320762 | Δ: 1.38e-03 | M: 5758.5841 | iter=  0.07s | ETA: 0m27s | Path: GPU-cuStateVec+cpu-expect MPI-distributed (1 ranks)
Iter 0389/768 | E: -6.331172 | Δ: 1.04e-02 | M: 5834.5132 | iter=  0.07s | ETA: 0m27s | Path: GPU-cuStateVec+cpu-expect MPI-distributed (1 ranks)
Iter 0390/768 | E: -6.344123 | Δ: 1.30e-02 | M: 5658.5672 | iter=  0.07s | ETA: 0m26s | Path: GPU-cuStateVec+cpu-expect MPI-distributed (1 ranks)
[RESILIENCE] Iteration 390: Global theta state checkpointed at path checkpoints/LiH/checkpoint_iter_0390.npy. 
Iter 0391/768 | E: -6.348163 | Δ: 4.04e-03 | M: 5627.6266 | iter=  0.07s | ETA: 0m26s | Path: GPU-cuStateVec+cpu-expect MPI-distributed (1 ranks)
Iter 0392/768 | E: -6.355006 | Δ: 6.84e-03 | M: 5844.6589 | iter=  0.07s | ETA: 0m26s | Path: GPU-cuStateVec+cpu-expect MPI-distributed (1 ranks)
Iter 0393/768 | E: -6.350274 | Δ: 4.73e-03 | M: 5720.0400 | iter=  0.07s | ETA: 0m26s | Path: GPU-cuStateVec+cpu-expect MPI-distributed (1 ranks)
Iter 0394/768 | E: -6.349398 | Δ: 8.75e-04 | M: 5636.1047 | iter=  0.07s | ETA: 0m26s | Path: GPU-cuStateVec+cpu-expect MPI-distributed (1 ranks)
Iter 0395/768 | E: -6.353977 | Δ: 4.58e-03 | M: 5883.0530 | iter=  0.07s | ETA: 0m26s | Path: GPU-cuStateVec+cpu-expect MPI-distributed (1 ranks)
[RESILIENCE] Iteration 395: Global theta state checkpointed at path checkpoints/LiH/checkpoint_iter_0395.npy. 
Iter 0396/768 | E: -6.365288 | Δ: 1.13e-02 | M: 5724.5780 | iter=  0.07s | ETA: 0m26s | Path: GPU-cuStateVec+cpu-expect MPI-distributed (1 ranks)
Iter 0397/768 | E: -6.375590 | Δ: 1.03e-02 | M: 5752.3214 | iter=  0.07s | ETA: 0m26s | Path: GPU-cuStateVec+cpu-expect MPI-distributed (1 ranks)
Iter 0398/768 | E: -6.395539 | Δ: 1.99e-02 | M: 5851.9767 | iter=  0.07s | ETA: 0m26s | Path: GPU-cuStateVec+cpu-expect MPI-distributed (1 ranks)
Iter 0399/768 | E: -6.385474 | Δ: 1.01e-02 | M: 5823.5967 | iter=  0.07s | ETA: 0m26s | Path: GPU-cuStateVec+cpu-expect MPI-distributed (1 ranks)
Iter 0400/768 | E: -6.389340 | Δ: 3.87e-03 | M: 5799.2067 | iter=  0.07s | ETA: 0m26s | Path: GPU-cuStateVec+cpu-expect MPI-distributed (1 ranks)
[RESILIENCE] Iteration 400: Global theta state checkpointed at path checkpoints/LiH/checkpoint_iter_0400.npy. 
Iter 0401/768 | E: -6.383479 | Δ: 5.86e-03 | M: 5832.6178 | iter=  0.07s | ETA: 0m26s | Path: GPU-cuStateVec+cpu-expect MPI-distributed (1 ranks)
Iter 0402/768 | E: -6.402455 | Δ: 1.90e-02 | M: 5704.6820 | iter=  0.07s | ETA: 0m26s | Path: GPU-cuStateVec+cpu-expect MPI-distributed (1 ranks)
Iter 0403/768 | E: -6.406656 | Δ: 4.20e-03 | M: 5673.4539 | iter=  0.07s | ETA: 0m26s | Path: GPU-cuStateVec+cpu-expect MPI-distributed (1 ranks)
Iter 0404/768 | E: -6.408629 | Δ: 1.97e-03 | M: 5838.2036 | iter=  0.07s | ETA: 0m25s | Path: GPU-cuStateVec+cpu-expect MPI-distributed (1 ranks)
Iter 0405/768 | E: -6.402219 | Δ: 6.41e-03 | M: 5756.9693 | iter=  0.07s | ETA: 0m25s | Path: GPU-cuStateVec+cpu-expect MPI-distributed (1 ranks)
[RESILIENCE] Iteration 405: Global theta state checkpointed at path checkpoints/LiH/checkpoint_iter_0405.npy. 
Iter 0406/768 | E: -6.421539 | Δ: 1.93e-02 | M: 5731.3401 | iter=  0.07s | ETA: 0m25s | Path: GPU-cuStateVec+cpu-expect MPI-distributed (1 ranks)
Iter 0407/768 | E: -6.421340 | Δ: 1.99e-04 | M: 5835.4054 | iter=  0.07s | ETA: 0m25s | Path: GPU-cuStateVec+cpu-expect MPI-distributed (1 ranks)
Iter 0408/768 | E: -6.425113 | Δ: 3.77e-03 | M: 5378.9172 | iter=  0.07s | ETA: 0m25s | Path: GPU-cuStateVec+cpu-expect MPI-distributed (1 ranks)
Iter 0409/768 | E: -6.422036 | Δ: 3.08e-03 | M: 5735.6117 | iter=  0.07s | ETA: 0m25s | Path: GPU-cuStateVec+cpu-expect MPI-distributed (1 ranks)
Iter 0410/768 | E: -6.426384 | Δ: 4.35e-03 | M: 5767.3698 | iter=  0.07s | ETA: 0m25s | Path: GPU-cuStateVec+cpu-expect MPI-distributed (1 ranks)
[RESILIENCE] Iteration 410: Global theta state checkpointed at path checkpoints/LiH/checkpoint_iter_0410.npy. 
Iter 0411/768 | E: -6.425267 | Δ: 1.12e-03 | M: 5812.8632 | iter=  0.07s | ETA: 0m25s | Path: GPU-cuStateVec+cpu-expect MPI-distributed (1 ranks)
Iter 0412/768 | E: -6.420068 | Δ: 5.20e-03 | M: 5913.9816 | iter=  0.07s | ETA: 0m25s | Path: GPU-cuStateVec+cpu-expect MPI-distributed (1 ranks)
Iter 0413/768 | E: -6.428541 | Δ: 8.47e-03 | M: 5411.8575 | iter=  0.07s | ETA: 0m25s | Path: GPU-cuStateVec+cpu-expect MPI-distributed (1 ranks)
Iter 0414/768 | E: -6.429509 | Δ: 9.68e-04 | M: 5804.9527 | iter=  0.07s | ETA: 0m25s | Path: GPU-cuStateVec+cpu-expect MPI-distributed (1 ranks)
Iter 0415/768 | E: -6.435482 | Δ: 5.97e-03 | M: 5675.6184 | iter=  0.07s | ETA: 0m25s | Path: GPU-cuStateVec+cpu-expect MPI-distributed (1 ranks)
[RESILIENCE] Iteration 415: Global theta state checkpointed at path checkpoints/LiH/checkpoint_iter_0415.npy. 
Iter 0416/768 | E: -6.423418 | Δ: 1.21e-02 | M: 5851.4685 | iter=  0.07s | ETA: 0m24s | Path: GPU-cuStateVec+cpu-expect MPI-distributed (1 ranks)
Iter 0417/768 | E: -6.430232 | Δ: 6.81e-03 | M: 5721.4195 | iter=  0.07s | ETA: 0m25s | Path: GPU-cuStateVec+cpu-expect MPI-distributed (1 ranks)
Iter 0418/768 | E: -6.462587 | Δ: 3.24e-02 | M: 5692.6412 | iter=  0.07s | ETA: 0m24s | Path: GPU-cuStateVec+cpu-expect MPI-distributed (1 ranks)
Iter 0419/768 | E: -6.458796 | Δ: 3.79e-03 | M: 4902.3922 | iter=  0.07s | ETA: 0m24s | Path: GPU-cuStateVec+cpu-expect MPI-distributed (1 ranks)
Iter 0420/768 | E: -6.457606 | Δ: 1.19e-03 | M: 5896.4741 | iter=  0.07s | ETA: 0m24s | Path: GPU-cuStateVec+cpu-expect MPI-distributed (1 ranks)
[RESILIENCE] Iteration 420: Global theta state checkpointed at path checkpoints/LiH/checkpoint_iter_0420.npy. 
Iter 0421/768 | E: -6.461017 | Δ: 3.41e-03 | M: 5659.6119 | iter=  0.07s | ETA: 0m24s | Path: GPU-cuStateVec+cpu-expect MPI-distributed (1 ranks)
Iter 0422/768 | E: -6.451910 | Δ: 9.11e-03 | M: 5826.4756 | iter=  0.07s | ETA: 0m24s | Path: GPU-cuStateVec+cpu-expect MPI-distributed (1 ranks)
Iter 0423/768 | E: -6.466956 | Δ: 1.50e-02 | M: 5787.2109 | iter=  0.07s | ETA: 0m24s | Path: GPU-cuStateVec+cpu-expect MPI-distributed (1 ranks)
Iter 0424/768 | E: -6.482336 | Δ: 1.54e-02 | M: 5763.8022 | iter=  0.07s | ETA: 0m24s | Path: GPU-cuStateVec+cpu-expect MPI-distributed (1 ranks)
Iter 0425/768 | E: -6.482261 | Δ: 7.48e-05 | M: 5868.4635 | iter=  0.07s | ETA: 0m24s | Path: GPU-cuStateVec+cpu-expect MPI-distributed (1 ranks)
[RESILIENCE] Iteration 425: Global theta state checkpointed at path checkpoints/LiH/checkpoint_iter_0425.npy. 
Iter 0426/768 | E: -6.477296 | Δ: 4.96e-03 | M: 5858.9053 | iter=  0.07s | ETA: 0m24s | Path: GPU-cuStateVec+cpu-expect MPI-distributed (1 ranks)
Iter 0427/768 | E: -6.490517 | Δ: 1.32e-02 | M: 5764.7179 | iter=  0.07s | ETA: 0m24s | Path: GPU-cuStateVec+cpu-expect MPI-distributed (1 ranks)
Iter 0428/768 | E: -6.498449 | Δ: 7.93e-03 | M: 5800.1942 | iter=  0.07s | ETA: 0m24s | Path: GPU-cuStateVec+cpu-expect MPI-distributed (1 ranks)
Iter 0429/768 | E: -6.510867 | Δ: 1.24e-02 | M: 5642.5102 | iter=  0.07s | ETA: 0m24s | Path: GPU-cuStateVec+cpu-expect MPI-distributed (1 ranks)
Iter 0430/768 | E: -6.509265 | Δ: 1.60e-03 | M: 5836.5689 | iter=  0.07s | ETA: 0m24s | Path: GPU-cuStateVec+cpu-expect MPI-distributed (1 ranks)
[RESILIENCE] Iteration 430: Global theta state checkpointed at path checkpoints/LiH/checkpoint_iter_0430.npy. 
Iter 0431/768 | E: -6.511759 | Δ: 2.49e-03 | M: 5778.7219 | iter=  0.07s | ETA: 0m24s | Path: GPU-cuStateVec+cpu-expect MPI-distributed (1 ranks)
Iter 0432/768 | E: -6.511298 | Δ: 4.61e-04 | M: 5415.8399 | iter=  0.07s | ETA: 0m23s | Path: GPU-cuStateVec+cpu-expect MPI-distributed (1 ranks)
Iter 0433/768 | E: -6.529876 | Δ: 1.86e-02 | M: 5722.4665 | iter=  0.07s | ETA: 0m23s | Path: GPU-cuStateVec+cpu-expect MPI-distributed (1 ranks)
Iter 0434/768 | E: -6.532056 | Δ: 2.18e-03 | M: 5686.6291 | iter=  0.07s | ETA: 0m23s | Path: GPU-cuStateVec+cpu-expect MPI-distributed (1 ranks)
Iter 0435/768 | E: -6.540836 | Δ: 8.78e-03 | M: 5883.3240 | iter=  0.07s | ETA: 0m23s | Path: GPU-cuStateVec+cpu-expect MPI-distributed (1 ranks)
[RESILIENCE] Iteration 435: Global theta state checkpointed at path checkpoints/LiH/checkpoint_iter_0435.npy. 
Iter 0436/768 | E: -6.553677 | Δ: 1.28e-02 | M: 5695.2457 | iter=  0.07s | ETA: 0m23s | Path: GPU-cuStateVec+cpu-expect MPI-distributed (1 ranks)
Iter 0437/768 | E: -6.561314 | Δ: 7.64e-03 | M: 5850.5135 | iter=  0.07s | ETA: 0m23s | Path: GPU-cuStateVec+cpu-expect MPI-distributed (1 ranks)
Iter 0438/768 | E: -6.557389 | Δ: 3.93e-03 | M: 5809.1705 | iter=  0.07s | ETA: 0m23s | Path: GPU-cuStateVec+cpu-expect MPI-distributed (1 ranks)
Iter 0439/768 | E: -6.563983 | Δ: 6.59e-03 | M: 5781.9795 | iter=  0.07s | ETA: 0m23s | Path: GPU-cuStateVec+cpu-expect MPI-distributed (1 ranks)
Iter 0440/768 | E: -6.581568 | Δ: 1.76e-02 | M: 5743.8415 | iter=  0.07s | ETA: 0m23s | Path: GPU-cuStateVec+cpu-expect MPI-distributed (1 ranks)
[RESILIENCE] Iteration 440: Global theta state checkpointed at path checkpoints/LiH/checkpoint_iter_0440.npy. 
Iter 0441/768 | E: -6.580871 | Δ: 6.97e-04 | M: 5484.9374 | iter=  0.07s | ETA: 0m23s | Path: GPU-cuStateVec+cpu-expect MPI-distributed (1 ranks)
Iter 0442/768 | E: -6.581525 | Δ: 6.54e-04 | M: 5665.3270 | iter=  0.07s | ETA: 0m23s | Path: GPU-cuStateVec+cpu-expect MPI-distributed (1 ranks)
Iter 0443/768 | E: -6.579321 | Δ: 2.20e-03 | M: 5882.4287 | iter=  0.07s | ETA: 0m23s | Path: GPU-cuStateVec+cpu-expect MPI-distributed (1 ranks)
Iter 0444/768 | E: -6.584311 | Δ: 4.99e-03 | M: 5720.2052 | iter=  0.07s | ETA: 0m23s | Path: GPU-cuStateVec+cpu-expect MPI-distributed (1 ranks)
Iter 0445/768 | E: -6.584777 | Δ: 4.66e-04 | M: 5772.9759 | iter=  0.07s | ETA: 0m23s | Path: GPU-cuStateVec+cpu-expect MPI-distributed (1 ranks)
[RESILIENCE] Iteration 445: Global theta state checkpointed at path checkpoints/LiH/checkpoint_iter_0445.npy. 
Iter 0446/768 | E: -6.585951 | Δ: 1.17e-03 | M: 5491.7052 | iter=  0.07s | ETA: 0m23s | Path: GPU-cuStateVec+cpu-expect MPI-distributed (1 ranks)
Iter 0447/768 | E: -6.594191 | Δ: 8.24e-03 | M: 5707.1254 | iter=  0.07s | ETA: 0m22s | Path: GPU-cuStateVec+cpu-expect MPI-distributed (1 ranks)
Iter 0448/768 | E: -6.594177 | Δ: 1.36e-05 | M: 5846.7327 | iter=  0.07s | ETA: 0m22s | Path: GPU-cuStateVec+cpu-expect MPI-distributed (1 ranks)
Iter 0449/768 | E: -6.600516 | Δ: 6.34e-03 | M: 5881.2172 | iter=  0.07s | ETA: 0m22s | Path: GPU-cuStateVec+cpu-expect MPI-distributed (1 ranks)
Iter 0450/768 | E: -6.598835 | Δ: 1.68e-03 | M: 5658.4480 | iter=  0.07s | ETA: 0m22s | Path: GPU-cuStateVec+cpu-expect MPI-distributed (1 ranks)
[RESILIENCE] Iteration 450: Global theta state checkpointed at path checkpoints/LiH/checkpoint_iter_0450.npy. 
Iter 0451/768 | E: -6.604642 | Δ: 5.81e-03 | M: 5724.1009 | iter=  0.07s | ETA: 0m22s | Path: GPU-cuStateVec+cpu-expect MPI-distributed (1 ranks)
Iter 0452/768 | E: -6.612785 | Δ: 8.14e-03 | M: 5346.3134 | iter=  0.07s | ETA: 0m22s | Path: GPU-cuStateVec+cpu-expect MPI-distributed (1 ranks)
Iter 0453/768 | E: -6.605645 | Δ: 7.14e-03 | M: 5819.6888 | iter=  0.07s | ETA: 0m22s | Path: GPU-cuStateVec+cpu-expect MPI-distributed (1 ranks)
Iter 0454/768 | E: -6.610249 | Δ: 4.60e-03 | M: 5740.0193 | iter=  0.07s | ETA: 0m22s | Path: GPU-cuStateVec+cpu-expect MPI-distributed (1 ranks)
Iter 0455/768 | E: -6.616170 | Δ: 5.92e-03 | M: 5862.3608 | iter=  0.07s | ETA: 0m22s | Path: GPU-cuStateVec+cpu-expect MPI-distributed (1 ranks)
[RESILIENCE] Iteration 455: Global theta state checkpointed at path checkpoints/LiH/checkpoint_iter_0455.npy. 
Iter 0456/768 | E: -6.612441 | Δ: 3.73e-03 | M: 5054.9818 | iter=  0.07s | ETA: 0m22s | Path: GPU-cuStateVec+cpu-expect MPI-distributed (1 ranks)
Iter 0457/768 | E: -6.613255 | Δ: 8.15e-04 | M: 5782.5265 | iter=  0.07s | ETA: 0m22s | Path: GPU-cuStateVec+cpu-expect MPI-distributed (1 ranks)
Iter 0458/768 | E: -6.616190 | Δ: 2.94e-03 | M: 5758.6118 | iter=  0.07s | ETA: 0m22s | Path: GPU-cuStateVec+cpu-expect MPI-distributed (1 ranks)
Iter 0459/768 | E: -6.617121 | Δ: 9.31e-04 | M: 5683.3304 | iter=  0.07s | ETA: 0m21s | Path: GPU-cuStateVec+cpu-expect MPI-distributed (1 ranks)
Iter 0460/768 | E: -6.630893 | Δ: 1.38e-02 | M: 5727.4409 | iter=  0.07s | ETA: 0m21s | Path: GPU-cuStateVec+cpu-expect MPI-distributed (1 ranks)
[RESILIENCE] Iteration 460: Global theta state checkpointed at path checkpoints/LiH/checkpoint_iter_0460.npy. 
Iter 0461/768 | E: -6.634523 | Δ: 3.63e-03 | M: 5695.6995 | iter=  0.07s | ETA: 0m21s | Path: GPU-cuStateVec+cpu-expect MPI-distributed (1 ranks)
Iter 0462/768 | E: -6.646007 | Δ: 1.15e-02 | M: 5722.6655 | iter=  0.07s | ETA: 0m21s | Path: GPU-cuStateVec+cpu-expect MPI-distributed (1 ranks)
Iter 0463/768 | E: -6.649564 | Δ: 3.56e-03 | M: 5834.6900 | iter=  0.07s | ETA: 0m21s | Path: GPU-cuStateVec+cpu-expect MPI-distributed (1 ranks)
Iter 0464/768 | E: -6.672805 | Δ: 2.32e-02 | M: 5765.9477 | iter=  0.07s | ETA: 0m21s | Path: GPU-cuStateVec+cpu-expect MPI-distributed (1 ranks)
Iter 0465/768 | E: -6.695276 | Δ: 2.25e-02 | M: 5748.5287 | iter=  0.07s | ETA: 0m21s | Path: GPU-cuStateVec+cpu-expect MPI-distributed (1 ranks)
[RESILIENCE] Iteration 465: Global theta state checkpointed at path checkpoints/LiH/checkpoint_iter_0465.npy. 
Iter 0466/768 | E: -6.703759 | Δ: 8.48e-03 | M: 5643.2271 | iter=  0.07s | ETA: 0m21s | Path: GPU-cuStateVec+cpu-expect MPI-distributed (1 ranks)
Iter 0467/768 | E: -6.708601 | Δ: 4.84e-03 | M: 5601.5485 | iter=  0.07s | ETA: 0m21s | Path: GPU-cuStateVec+cpu-expect MPI-distributed (1 ranks)
Iter 0468/768 | E: -6.719635 | Δ: 1.10e-02 | M: 5811.5760 | iter=  0.07s | ETA: 0m21s | Path: GPU-cuStateVec+cpu-expect MPI-distributed (1 ranks)
Iter 0469/768 | E: -6.719959 | Δ: 3.24e-04 | M: 5687.5634 | iter=  0.07s | ETA: 0m21s | Path: GPU-cuStateVec+cpu-expect MPI-distributed (1 ranks)
Iter 0470/768 | E: -6.725593 | Δ: 5.63e-03 | M: 5671.7450 | iter=  0.07s | ETA: 0m21s | Path: GPU-cuStateVec+cpu-expect MPI-distributed (1 ranks)
[RESILIENCE] Iteration 470: Global theta state checkpointed at path checkpoints/LiH/checkpoint_iter_0470.npy. 
Iter 0471/768 | E: -6.724787 | Δ: 8.05e-04 | M: 5774.8593 | iter=  0.07s | ETA: 0m21s | Path: GPU-cuStateVec+cpu-expect MPI-distributed (1 ranks)
Iter 0472/768 | E: -6.729165 | Δ: 4.38e-03 | M: 5781.2072 | iter=  0.07s | ETA: 0m21s | Path: GPU-cuStateVec+cpu-expect MPI-distributed (1 ranks)
Iter 0473/768 | E: -6.738144 | Δ: 8.98e-03 | M: 5812.1858 | iter=  0.07s | ETA: 0m21s | Path: GPU-cuStateVec+cpu-expect MPI-distributed (1 ranks)
Iter 0474/768 | E: -6.745811 | Δ: 7.67e-03 | M: 5680.2594 | iter=  0.07s | ETA: 0m21s | Path: GPU-cuStateVec+cpu-expect MPI-distributed (1 ranks)
Iter 0475/768 | E: -6.749374 | Δ: 3.56e-03 | M: 5758.7542 | iter=  0.07s | ETA: 0m20s | Path: GPU-cuStateVec+cpu-expect MPI-distributed (1 ranks)
[RESILIENCE] Iteration 475: Global theta state checkpointed at path checkpoints/LiH/checkpoint_iter_0475.npy. 
Iter 0476/768 | E: -6.747242 | Δ: 2.13e-03 | M: 5746.9788 | iter=  0.07s | ETA: 0m20s | Path: GPU-cuStateVec+cpu-expect MPI-distributed (1 ranks)
Iter 0477/768 | E: -6.754591 | Δ: 7.35e-03 | M: 5709.2545 | iter=  0.07s | ETA: 0m20s | Path: GPU-cuStateVec+cpu-expect MPI-distributed (1 ranks)
Iter 0478/768 | E: -6.762333 | Δ: 7.74e-03 | M: 5694.1119 | iter=  0.07s | ETA: 0m20s | Path: GPU-cuStateVec+cpu-expect MPI-distributed (1 ranks)
Iter 0479/768 | E: -6.767994 | Δ: 5.66e-03 | M: 5759.2913 | iter=  0.07s | ETA: 0m20s | Path: GPU-cuStateVec+cpu-expect MPI-distributed (1 ranks)
Iter 0480/768 | E: -6.766217 | Δ: 1.78e-03 | M: 5742.7486 | iter=  0.07s | ETA: 0m20s | Path: GPU-cuStateVec+cpu-expect MPI-distributed (1 ranks)
[RESILIENCE] Iteration 480: Global theta state checkpointed at path checkpoints/LiH/checkpoint_iter_0480.npy. 
Iter 0481/768 | E: -6.775126 | Δ: 8.91e-03 | M: 5680.9217 | iter=  0.07s | ETA: 0m20s | Path: GPU-cuStateVec+cpu-expect MPI-distributed (1 ranks)
Iter 0482/768 | E: -6.778683 | Δ: 3.56e-03 | M: 5707.7528 | iter=  0.07s | ETA: 0m20s | Path: GPU-cuStateVec+cpu-expect MPI-distributed (1 ranks)
Iter 0483/768 | E: -6.787515 | Δ: 8.83e-03 | M: 5826.1069 | iter=  0.07s | ETA: 0m20s | Path: GPU-cuStateVec+cpu-expect MPI-distributed (1 ranks)
Iter 0484/768 | E: -6.800936 | Δ: 1.34e-02 | M: 5883.5534 | iter=  0.07s | ETA: 0m20s | Path: GPU-cuStateVec+cpu-expect MPI-distributed (1 ranks)
Iter 0485/768 | E: -6.808327 | Δ: 7.39e-03 | M: 5616.4028 | iter=  0.07s | ETA: 0m20s | Path: GPU-cuStateVec+cpu-expect MPI-distributed (1 ranks)
[RESILIENCE] Iteration 485: Global theta state checkpointed at path checkpoints/LiH/checkpoint_iter_0485.npy. 
Iter 0486/768 | E: -6.812538 | Δ: 4.21e-03 | M: 5879.4725 | iter=  0.07s | ETA: 0m20s | Path: GPU-cuStateVec+cpu-expect MPI-distributed (1 ranks)
Iter 0487/768 | E: -6.816809 | Δ: 4.27e-03 | M: 5731.9096 | iter=  0.07s | ETA: 0m19s | Path: GPU-cuStateVec+cpu-expect MPI-distributed (1 ranks)
Iter 0488/768 | E: -6.822377 | Δ: 5.57e-03 | M: 5742.1030 | iter=  0.07s | ETA: 0m19s | Path: GPU-cuStateVec+cpu-expect MPI-distributed (1 ranks)
Iter 0489/768 | E: -6.823456 | Δ: 1.08e-03 | M: 5616.1003 | iter=  0.07s | ETA: 0m19s | Path: GPU-cuStateVec+cpu-expect MPI-distributed (1 ranks)
Iter 0490/768 | E: -6.820634 | Δ: 2.82e-03 | M: 5784.1081 | iter=  0.07s | ETA: 0m19s | Path: GPU-cuStateVec+cpu-expect MPI-distributed (1 ranks)
[RESILIENCE] Iteration 490: Global theta state checkpointed at path checkpoints/LiH/checkpoint_iter_0490.npy. 
Iter 0491/768 | E: -6.832783 | Δ: 1.21e-02 | M: 5839.2951 | iter=  0.07s | ETA: 0m19s | Path: GPU-cuStateVec+cpu-expect MPI-distributed (1 ranks)
Iter 0492/768 | E: -6.842033 | Δ: 9.25e-03 | M: 5802.6967 | iter=  0.07s | ETA: 0m19s | Path: GPU-cuStateVec+cpu-expect MPI-distributed (1 ranks)
Iter 0493/768 | E: -6.839224 | Δ: 2.81e-03 | M: 5847.6713 | iter=  0.07s | ETA: 0m19s | Path: GPU-cuStateVec+cpu-expect MPI-distributed (1 ranks)
Iter 0494/768 | E: -6.838604 | Δ: 6.21e-04 | M: 5834.8777 | iter=  0.07s | ETA: 0m19s | Path: GPU-cuStateVec+cpu-expect MPI-distributed (1 ranks)
Iter 0495/768 | E: -6.844086 | Δ: 5.48e-03 | M: 5840.9691 | iter=  0.07s | ETA: 0m19s | Path: GPU-cuStateVec+cpu-expect MPI-distributed (1 ranks)
[RESILIENCE] Iteration 495: Global theta state checkpointed at path checkpoints/LiH/checkpoint_iter_0495.npy. 
Iter 0496/768 | E: -6.844699 | Δ: 6.13e-04 | M: 5720.4038 | iter=  0.07s | ETA: 0m19s | Path: GPU-cuStateVec+cpu-expect MPI-distributed (1 ranks)
Iter 0497/768 | E: -6.842672 | Δ: 2.03e-03 | M: 5697.0514 | iter=  0.07s | ETA: 0m19s | Path: GPU-cuStateVec+cpu-expect MPI-distributed (1 ranks)
Iter 0498/768 | E: -6.845201 | Δ: 2.53e-03 | M: 5736.9308 | iter=  0.07s | ETA: 0m19s | Path: GPU-cuStateVec+cpu-expect MPI-distributed (1 ranks)
Iter 0499/768 | E: -6.845448 | Δ: 2.48e-04 | M: 5263.1268 | iter=  0.07s | ETA: 0m19s | Path: GPU-cuStateVec+cpu-expect MPI-distributed (1 ranks)
Iter 0500/768 | E: -6.845982 | Δ: 5.34e-04 | M: 5734.6862 | iter=  0.07s | ETA: 0m19s | Path: GPU-cuStateVec+cpu-expect MPI-distributed (1 ranks)
[RESILIENCE] Iteration 500: Global theta state checkpointed at path checkpoints/LiH/checkpoint_iter_0500.npy. 
Iter 0501/768 | E: -6.852663 | Δ: 6.68e-03 | M: 5712.0263 | iter=  0.07s | ETA: 0m19s | Path: GPU-cuStateVec+cpu-expect MPI-distributed (1 ranks)
Iter 0502/768 | E: -6.856181 | Δ: 3.52e-03 | M: 5480.9505 | iter=  0.07s | ETA: 0m18s | Path: GPU-cuStateVec+cpu-expect MPI-distributed (1 ranks)
Iter 0503/768 | E: -6.849909 | Δ: 6.27e-03 | M: 5711.5525 | iter=  0.07s | ETA: 0m18s | Path: GPU-cuStateVec+cpu-expect MPI-distributed (1 ranks)
Iter 0504/768 | E: -6.860560 | Δ: 1.07e-02 | M: 5339.9271 | iter=  0.07s | ETA: 0m18s | Path: GPU-cuStateVec+cpu-expect MPI-distributed (1 ranks)
Iter 0505/768 | E: -6.860258 | Δ: 3.02e-04 | M: 5717.6148 | iter=  0.07s | ETA: 0m18s | Path: GPU-cuStateVec+cpu-expect MPI-distributed (1 ranks)
[RESILIENCE] Iteration 505: Global theta state checkpointed at path checkpoints/LiH/checkpoint_iter_0505.npy. 
Iter 0506/768 | E: -6.855166 | Δ: 5.09e-03 | M: 5732.6360 | iter=  0.07s | ETA: 0m18s | Path: GPU-cuStateVec+cpu-expect MPI-distributed (1 ranks)
Iter 0507/768 | E: -6.861189 | Δ: 6.02e-03 | M: 5564.9946 | iter=  0.07s | ETA: 0m18s | Path: GPU-cuStateVec+cpu-expect MPI-distributed (1 ranks)
Iter 0508/768 | E: -6.866465 | Δ: 5.28e-03 | M: 5680.7302 | iter=  0.07s | ETA: 0m18s | Path: GPU-cuStateVec+cpu-expect MPI-distributed (1 ranks)
Iter 0509/768 | E: -6.870599 | Δ: 4.13e-03 | M: 5661.2370 | iter=  0.07s | ETA: 0m18s | Path: GPU-cuStateVec+cpu-expect MPI-distributed (1 ranks)
Iter 0510/768 | E: -6.866397 | Δ: 4.20e-03 | M: 5599.1428 | iter=  0.07s | ETA: 0m18s | Path: GPU-cuStateVec+cpu-expect MPI-distributed (1 ranks)
[RESILIENCE] Iteration 510: Global theta state checkpointed at path checkpoints/LiH/checkpoint_iter_0510.npy. 
Iter 0511/768 | E: -6.875435 | Δ: 9.04e-03 | M: 5597.5421 | iter=  0.07s | ETA: 0m18s | Path: GPU-cuStateVec+cpu-expect MPI-distributed (1 ranks)
Iter 0512/768 | E: -6.881585 | Δ: 6.15e-03 | M: 5841.3660 | iter=  0.07s | ETA: 0m18s | Path: GPU-cuStateVec+cpu-expect MPI-distributed (1 ranks)
Iter 0513/768 | E: -6.879223 | Δ: 2.36e-03 | M: 5652.3119 | iter=  0.07s | ETA: 0m18s | Path: GPU-cuStateVec+cpu-expect MPI-distributed (1 ranks)
Iter 0514/768 | E: -6.883612 | Δ: 4.39e-03 | M: 5784.5361 | iter=  0.07s | ETA: 0m18s | Path: GPU-cuStateVec+cpu-expect MPI-distributed (1 ranks)
Iter 0515/768 | E: -6.895793 | Δ: 1.22e-02 | M: 5617.6528 | iter=  0.07s | ETA: 0m18s | Path: GPU-cuStateVec+cpu-expect MPI-distributed (1 ranks)
[RESILIENCE] Iteration 515: Global theta state checkpointed at path checkpoints/LiH/checkpoint_iter_0515.npy. 
Iter 0516/768 | E: -6.886555 | Δ: 9.24e-03 | M: 5736.9818 | iter=  0.07s | ETA: 0m17s | Path: GPU-cuStateVec+cpu-expect MPI-distributed (1 ranks)
Iter 0517/768 | E: -6.890611 | Δ: 4.06e-03 | M: 5847.4957 | iter=  0.07s | ETA: 0m17s | Path: GPU-cuStateVec+cpu-expect MPI-distributed (1 ranks)
Iter 0518/768 | E: -6.891681 | Δ: 1.07e-03 | M: 5799.2418 | iter=  0.07s | ETA: 0m17s | Path: GPU-cuStateVec+cpu-expect MPI-distributed (1 ranks)
Iter 0519/768 | E: -6.889296 | Δ: 2.38e-03 | M: 5826.6239 | iter=  0.07s | ETA: 0m17s | Path: GPU-cuStateVec+cpu-expect MPI-distributed (1 ranks)
Iter 0520/768 | E: -6.892978 | Δ: 3.68e-03 | M: 5845.7586 | iter=  0.07s | ETA: 0m17s | Path: GPU-cuStateVec+cpu-expect MPI-distributed (1 ranks)
[RESILIENCE] Iteration 520: Global theta state checkpointed at path checkpoints/LiH/checkpoint_iter_0520.npy. 
Iter 0521/768 | E: -6.898061 | Δ: 5.08e-03 | M: 5694.6470 | iter=  0.07s | ETA: 0m17s | Path: GPU-cuStateVec+cpu-expect MPI-distributed (1 ranks)
Iter 0522/768 | E: -6.916504 | Δ: 1.84e-02 | M: 5896.8427 | iter=  0.07s | ETA: 0m17s | Path: GPU-cuStateVec+cpu-expect MPI-distributed (1 ranks)
Iter 0523/768 | E: -6.905466 | Δ: 1.10e-02 | M: 5930.5467 | iter=  0.07s | ETA: 0m17s | Path: GPU-cuStateVec+cpu-expect MPI-distributed (1 ranks)
Iter 0524/768 | E: -6.906424 | Δ: 9.57e-04 | M: 5735.0601 | iter=  0.07s | ETA: 0m17s | Path: GPU-cuStateVec+cpu-expect MPI-distributed (1 ranks)
Iter 0525/768 | E: -6.907394 | Δ: 9.71e-04 | M: 5821.5819 | iter=  0.07s | ETA: 0m17s | Path: GPU-cuStateVec+cpu-expect MPI-distributed (1 ranks)
[RESILIENCE] Iteration 525: Global theta state checkpointed at path checkpoints/LiH/checkpoint_iter_0525.npy. 
Iter 0526/768 | E: -6.916665 | Δ: 9.27e-03 | M: 5620.2125 | iter=  0.07s | ETA: 0m17s | Path: GPU-cuStateVec+cpu-expect MPI-distributed (1 ranks)
Iter 0527/768 | E: -6.917523 | Δ: 8.57e-04 | M: 5770.5496 | iter=  0.07s | ETA: 0m17s | Path: GPU-cuStateVec+cpu-expect MPI-distributed (1 ranks)
Iter 0528/768 | E: -6.908998 | Δ: 8.52e-03 | M: 5734.9799 | iter=  0.07s | ETA: 0m17s | Path: GPU-cuStateVec+cpu-expect MPI-distributed (1 ranks)
Iter 0529/768 | E: -6.914491 | Δ: 5.49e-03 | M: 5717.0847 | iter=  0.07s | ETA: 0m17s | Path: GPU-cuStateVec+cpu-expect MPI-distributed (1 ranks)
Iter 0530/768 | E: -6.916664 | Δ: 2.17e-03 | M: 5789.1472 | iter=  0.07s | ETA: 0m16s | Path: GPU-cuStateVec+cpu-expect MPI-distributed (1 ranks)
[RESILIENCE] Iteration 530: Global theta state checkpointed at path checkpoints/LiH/checkpoint_iter_0530.npy. 
Iter 0531/768 | E: -6.927452 | Δ: 1.08e-02 | M: 5778.8919 | iter=  0.07s | ETA: 0m16s | Path: GPU-cuStateVec+cpu-expect MPI-distributed (1 ranks)
Iter 0532/768 | E: -6.919541 | Δ: 7.91e-03 | M: 5765.3945 | iter=  0.07s | ETA: 0m16s | Path: GPU-cuStateVec+cpu-expect MPI-distributed (1 ranks)
Iter 0533/768 | E: -6.935853 | Δ: 1.63e-02 | M: 5749.1478 | iter=  0.07s | ETA: 0m16s | Path: GPU-cuStateVec+cpu-expect MPI-distributed (1 ranks)
Iter 0534/768 | E: -6.953287 | Δ: 1.74e-02 | M: 5846.6497 | iter=  0.07s | ETA: 0m16s | Path: GPU-cuStateVec+cpu-expect MPI-distributed (1 ranks)
Iter 0535/768 | E: -6.941726 | Δ: 1.16e-02 | M: 5708.0453 | iter=  0.07s | ETA: 0m16s | Path: GPU-cuStateVec+cpu-expect MPI-distributed (1 ranks)
[RESILIENCE] Iteration 535: Global theta state checkpointed at path checkpoints/LiH/checkpoint_iter_0535.npy. 
Iter 0536/768 | E: -6.948213 | Δ: 6.49e-03 | M: 5436.1933 | iter=  0.07s | ETA: 0m16s | Path: GPU-cuStateVec+cpu-expect MPI-distributed (1 ranks)
Iter 0537/768 | E: -6.945929 | Δ: 2.28e-03 | M: 5708.6216 | iter=  0.07s | ETA: 0m16s | Path: GPU-cuStateVec+cpu-expect MPI-distributed (1 ranks)
Iter 0538/768 | E: -6.947392 | Δ: 1.46e-03 | M: 5689.1293 | iter=  0.07s | ETA: 0m16s | Path: GPU-cuStateVec+cpu-expect MPI-distributed (1 ranks)
Iter 0539/768 | E: -6.948486 | Δ: 1.09e-03 | M: 5268.7443 | iter=  0.07s | ETA: 0m16s | Path: GPU-cuStateVec+cpu-expect MPI-distributed (1 ranks)
Iter 0540/768 | E: -6.951636 | Δ: 3.15e-03 | M: 5880.6175 | iter=  0.07s | ETA: 0m16s | Path: GPU-cuStateVec+cpu-expect MPI-distributed (1 ranks)
[RESILIENCE] Iteration 540: Global theta state checkpointed at path checkpoints/LiH/checkpoint_iter_0540.npy. 
Iter 0541/768 | E: -6.948914 | Δ: 2.72e-03 | M: 5325.6059 | iter=  0.07s | ETA: 0m16s | Path: GPU-cuStateVec+cpu-expect MPI-distributed (1 ranks)
Iter 0542/768 | E: -6.955701 | Δ: 6.79e-03 | M: 5710.3955 | iter=  0.07s | ETA: 0m16s | Path: GPU-cuStateVec+cpu-expect MPI-distributed (1 ranks)
Iter 0543/768 | E: -6.961919 | Δ: 6.22e-03 | M: 5756.9162 | iter=  0.07s | ETA: 0m16s | Path: GPU-cuStateVec+cpu-expect MPI-distributed (1 ranks)
Iter 0544/768 | E: -6.958309 | Δ: 3.61e-03 | M: 5710.3600 | iter=  0.07s | ETA: 0m16s | Path: GPU-cuStateVec+cpu-expect MPI-distributed (1 ranks)
Iter 0545/768 | E: -6.963069 | Δ: 4.76e-03 | M: 5602.9730 | iter=  0.07s | ETA: 0m15s | Path: GPU-cuStateVec+cpu-expect MPI-distributed (1 ranks)
[RESILIENCE] Iteration 545: Global theta state checkpointed at path checkpoints/LiH/checkpoint_iter_0545.npy. 
Iter 0546/768 | E: -6.952571 | Δ: 1.05e-02 | M: 5792.7247 | iter=  0.07s | ETA: 0m15s | Path: GPU-cuStateVec+cpu-expect MPI-distributed (1 ranks)
Iter 0547/768 | E: -6.960563 | Δ: 7.99e-03 | M: 5827.5974 | iter=  0.07s | ETA: 0m15s | Path: GPU-cuStateVec+cpu-expect MPI-distributed (1 ranks)
Iter 0548/768 | E: -6.956029 | Δ: 4.53e-03 | M: 5561.0456 | iter=  0.07s | ETA: 0m15s | Path: GPU-cuStateVec+cpu-expect MPI-distributed (1 ranks)
Iter 0549/768 | E: -6.966476 | Δ: 1.04e-02 | M: 5456.2333 | iter=  0.07s | ETA: 0m15s | Path: GPU-cuStateVec+cpu-expect MPI-distributed (1 ranks)
Iter 0550/768 | E: -6.973641 | Δ: 7.16e-03 | M: 2780.1229 | iter=  0.07s | ETA: 0m15s | Path: GPU-cuStateVec+cpu-expect MPI-distributed (1 ranks)
[RESILIENCE] Iteration 550: Global theta state checkpointed at path checkpoints/LiH/checkpoint_iter_0550.npy. 
Iter 0551/768 | E: -6.968361 | Δ: 5.28e-03 | M: 5837.9603 | iter=  0.07s | ETA: 0m15s | Path: GPU-cuStateVec+cpu-expect MPI-distributed (1 ranks)
Iter 0552/768 | E: -6.971859 | Δ: 3.50e-03 | M: 2868.7159 | iter=  0.07s | ETA: 0m15s | Path: GPU-cuStateVec+cpu-expect MPI-distributed (1 ranks)
Iter 0553/768 | E: -6.972878 | Δ: 1.02e-03 | M: 5841.1150 | iter=  0.07s | ETA: 0m15s | Path: GPU-cuStateVec+cpu-expect MPI-distributed (1 ranks)
Iter 0554/768 | E: -6.973177 | Δ: 2.98e-04 | M: 5716.7054 | iter=  0.07s | ETA: 0m15s | Path: GPU-cuStateVec+cpu-expect MPI-distributed (1 ranks)
Iter 0555/768 | E: -6.977259 | Δ: 4.08e-03 | M: 5812.8753 | iter=  0.07s | ETA: 0m15s | Path: GPU-cuStateVec+cpu-expect MPI-distributed (1 ranks)
[RESILIENCE] Iteration 555: Global theta state checkpointed at path checkpoints/LiH/checkpoint_iter_0555.npy. 
Iter 0556/768 | E: -6.985058 | Δ: 7.80e-03 | M: 5500.6949 | iter=  0.07s | ETA: 0m15s | Path: GPU-cuStateVec+cpu-expect MPI-distributed (1 ranks)
Iter 0557/768 | E: -6.980802 | Δ: 4.26e-03 | M: 5758.5796 | iter=  0.07s | ETA: 0m15s | Path: GPU-cuStateVec+cpu-expect MPI-distributed (1 ranks)
Iter 0558/768 | E: -6.984341 | Δ: 3.54e-03 | M: 5850.9245 | iter=  0.07s | ETA: 0m14s | Path: GPU-cuStateVec+cpu-expect MPI-distributed (1 ranks)
Iter 0559/768 | E: -6.987208 | Δ: 2.87e-03 | M: 5737.2712 | iter=  0.07s | ETA: 0m14s | Path: GPU-cuStateVec+cpu-expect MPI-distributed (1 ranks)
Iter 0560/768 | E: -7.000299 | Δ: 1.31e-02 | M: 5677.6447 | iter=  0.07s | ETA: 0m14s | Path: GPU-cuStateVec+cpu-expect MPI-distributed (1 ranks)
[RESILIENCE] Iteration 560: Global theta state checkpointed at path checkpoints/LiH/checkpoint_iter_0560.npy. 
Iter 0561/768 | E: -7.004580 | Δ: 4.28e-03 | M: 5735.2588 | iter=  0.07s | ETA: 0m14s | Path: GPU-cuStateVec+cpu-expect MPI-distributed (1 ranks)
Iter 0562/768 | E: -7.018489 | Δ: 1.39e-02 | M: 5816.4216 | iter=  0.07s | ETA: 0m14s | Path: GPU-cuStateVec+cpu-expect MPI-distributed (1 ranks)
Iter 0563/768 | E: -7.012265 | Δ: 6.22e-03 | M: 2810.5769 | iter=  0.07s | ETA: 0m14s | Path: GPU-cuStateVec+cpu-expect MPI-distributed (1 ranks)
Iter 0564/768 | E: -7.027199 | Δ: 1.49e-02 | M: 5678.6987 | iter=  0.07s | ETA: 0m14s | Path: GPU-cuStateVec+cpu-expect MPI-distributed (1 ranks)
Iter 0565/768 | E: -7.027532 | Δ: 3.33e-04 | M: 5797.3846 | iter=  0.07s | ETA: 0m14s | Path: GPU-cuStateVec+cpu-expect MPI-distributed (1 ranks)
[RESILIENCE] Iteration 565: Global theta state checkpointed at path checkpoints/LiH/checkpoint_iter_0565.npy. 
Iter 0566/768 | E: -7.041175 | Δ: 1.36e-02 | M: 5818.0362 | iter=  0.07s | ETA: 0m14s | Path: GPU-cuStateVec+cpu-expect MPI-distributed (1 ranks)
Iter 0567/768 | E: -7.038091 | Δ: 3.08e-03 | M: 5927.7059 | iter=  0.07s | ETA: 0m14s | Path: GPU-cuStateVec+cpu-expect MPI-distributed (1 ranks)
Iter 0568/768 | E: -7.031384 | Δ: 6.71e-03 | M: 5931.0970 | iter=  0.07s | ETA: 0m14s | Path: GPU-cuStateVec+cpu-expect MPI-distributed (1 ranks)
Iter 0569/768 | E: -7.050458 | Δ: 1.91e-02 | M: 5907.9674 | iter=  0.07s | ETA: 0m14s | Path: GPU-cuStateVec+cpu-expect MPI-distributed (1 ranks)
Iter 0570/768 | E: -7.051601 | Δ: 1.14e-03 | M: 5538.4619 | iter=  0.07s | ETA: 0m14s | Path: GPU-cuStateVec+cpu-expect MPI-distributed (1 ranks)
[RESILIENCE] Iteration 570: Global theta state checkpointed at path checkpoints/LiH/checkpoint_iter_0570.npy. 
Iter 0571/768 | E: -7.044488 | Δ: 7.11e-03 | M: 5622.4643 | iter=  0.07s | ETA: 0m14s | Path: GPU-cuStateVec+cpu-expect MPI-distributed (1 ranks)
Iter 0572/768 | E: -7.047866 | Δ: 3.38e-03 | M: 5395.1140 | iter=  0.07s | ETA: 0m13s | Path: GPU-cuStateVec+cpu-expect MPI-distributed (1 ranks)
Iter 0573/768 | E: -7.065705 | Δ: 1.78e-02 | M: 5806.2398 | iter=  0.07s | ETA: 0m13s | Path: GPU-cuStateVec+cpu-expect MPI-distributed (1 ranks)
Iter 0574/768 | E: -7.062107 | Δ: 3.60e-03 | M: 5632.8436 | iter=  0.07s | ETA: 0m13s | Path: GPU-cuStateVec+cpu-expect MPI-distributed (1 ranks)
Iter 0575/768 | E: -7.071582 | Δ: 9.47e-03 | M: 5668.9500 | iter=  0.07s | ETA: 0m13s | Path: GPU-cuStateVec+cpu-expect MPI-distributed (1 ranks)
[RESILIENCE] Iteration 575: Global theta state checkpointed at path checkpoints/LiH/checkpoint_iter_0575.npy. 
Iter 0576/768 | E: -7.078645 | Δ: 7.06e-03 | M: 4211.6037 | iter=  0.07s | ETA: 0m13s | Path: GPU-cuStateVec+cpu-expect MPI-distributed (1 ranks)
Iter 0577/768 | E: -7.087542 | Δ: 8.90e-03 | M: 5704.8613 | iter=  0.07s | ETA: 0m13s | Path: GPU-cuStateVec+cpu-expect MPI-distributed (1 ranks)
Iter 0578/768 | E: -7.084280 | Δ: 3.26e-03 | M: 5409.6527 | iter=  0.07s | ETA: 0m13s | Path: GPU-cuStateVec+cpu-expect MPI-distributed (1 ranks)
Iter 0579/768 | E: -7.081295 | Δ: 2.98e-03 | M: 4948.1252 | iter=  0.07s | ETA: 0m13s | Path: GPU-cuStateVec+cpu-expect MPI-distributed (1 ranks)
Iter 0580/768 | E: -7.086289 | Δ: 4.99e-03 | M: 5733.5821 | iter=  0.07s | ETA: 0m13s | Path: GPU-cuStateVec+cpu-expect MPI-distributed (1 ranks)
[RESILIENCE] Iteration 580: Global theta state checkpointed at path checkpoints/LiH/checkpoint_iter_0580.npy. 
Iter 0581/768 | E: -7.085219 | Δ: 1.07e-03 | M: 5878.4057 | iter=  0.07s | ETA: 0m13s | Path: GPU-cuStateVec+cpu-expect MPI-distributed (1 ranks)
Iter 0582/768 | E: -7.093812 | Δ: 8.59e-03 | M: 5502.5746 | iter=  0.07s | ETA: 0m13s | Path: GPU-cuStateVec+cpu-expect MPI-distributed (1 ranks)
Iter 0583/768 | E: -7.095875 | Δ: 2.06e-03 | M: 5778.3118 | iter=  0.07s | ETA: 0m13s | Path: GPU-cuStateVec+cpu-expect MPI-distributed (1 ranks)
Iter 0584/768 | E: -7.094564 | Δ: 1.31e-03 | M: 5601.2832 | iter=  0.07s | ETA: 0m13s | Path: GPU-cuStateVec+cpu-expect MPI-distributed (1 ranks)
Iter 0585/768 | E: -7.094630 | Δ: 6.53e-05 | M: 5864.5934 | iter=  0.07s | ETA: 0m12s | Path: GPU-cuStateVec+cpu-expect MPI-distributed (1 ranks)
[RESILIENCE] Iteration 585: Global theta state checkpointed at path checkpoints/LiH/checkpoint_iter_0585.npy. 
Iter 0586/768 | E: -7.092929 | Δ: 1.70e-03 | M: 5667.3891 | iter=  0.07s | ETA: 0m12s | Path: GPU-cuStateVec+cpu-expect MPI-distributed (1 ranks)
Iter 0587/768 | E: -7.092625 | Δ: 3.04e-04 | M: 5395.8608 | iter=  0.07s | ETA: 0m12s | Path: GPU-cuStateVec+cpu-expect MPI-distributed (1 ranks)
Iter 0588/768 | E: -7.099417 | Δ: 6.79e-03 | M: 5907.6919 | iter=  0.07s | ETA: 0m12s | Path: GPU-cuStateVec+cpu-expect MPI-distributed (1 ranks)
Iter 0589/768 | E: -7.103281 | Δ: 3.86e-03 | M: 5766.4569 | iter=  0.07s | ETA: 0m12s | Path: GPU-cuStateVec+cpu-expect MPI-distributed (1 ranks)
Iter 0590/768 | E: -7.107730 | Δ: 4.45e-03 | M: 5667.0719 | iter=  0.07s | ETA: 0m12s | Path: GPU-cuStateVec+cpu-expect MPI-distributed (1 ranks)
[RESILIENCE] Iteration 590: Global theta state checkpointed at path checkpoints/LiH/checkpoint_iter_0590.npy. 
Iter 0591/768 | E: -7.097234 | Δ: 1.05e-02 | M: 5628.8316 | iter=  0.07s | ETA: 0m12s | Path: GPU-cuStateVec+cpu-expect MPI-distributed (1 ranks)
Iter 0592/768 | E: -7.108838 | Δ: 1.16e-02 | M: 5780.8182 | iter=  0.07s | ETA: 0m12s | Path: GPU-cuStateVec+cpu-expect MPI-distributed (1 ranks)
Iter 0593/768 | E: -7.107487 | Δ: 1.35e-03 | M: 5854.5134 | iter=  0.07s | ETA: 0m12s | Path: GPU-cuStateVec+cpu-expect MPI-distributed (1 ranks)
Iter 0594/768 | E: -7.121648 | Δ: 1.42e-02 | M: 5905.7821 | iter=  0.07s | ETA: 0m12s | Path: GPU-cuStateVec+cpu-expect MPI-distributed (1 ranks)
Iter 0595/768 | E: -7.130170 | Δ: 8.52e-03 | M: 5741.2210 | iter=  0.07s | ETA: 0m12s | Path: GPU-cuStateVec+cpu-expect MPI-distributed (1 ranks)
[RESILIENCE] Iteration 595: Global theta state checkpointed at path checkpoints/LiH/checkpoint_iter_0595.npy. 
Iter 0596/768 | E: -7.123495 | Δ: 6.68e-03 | M: 5578.2883 | iter=  0.07s | ETA: 0m12s | Path: GPU-cuStateVec+cpu-expect MPI-distributed (1 ranks)
Iter 0597/768 | E: -7.132943 | Δ: 9.45e-03 | M: 5843.6835 | iter=  0.07s | ETA: 0m12s | Path: GPU-cuStateVec+cpu-expect MPI-distributed (1 ranks)
Iter 0598/768 | E: -7.131708 | Δ: 1.24e-03 | M: 5750.4752 | iter=  0.07s | ETA: 0m12s | Path: GPU-cuStateVec+cpu-expect MPI-distributed (1 ranks)
Iter 0599/768 | E: -7.124063 | Δ: 7.65e-03 | M: 5842.6710 | iter=  0.07s | ETA: 0m12s | Path: GPU-cuStateVec+cpu-expect MPI-distributed (1 ranks)
Iter 0600/768 | E: -7.135310 | Δ: 1.12e-02 | M: 5794.2762 | iter=  0.07s | ETA: 0m11s | Path: GPU-cuStateVec+cpu-expect MPI-distributed (1 ranks)
[RESILIENCE] Iteration 600: Global theta state checkpointed at path checkpoints/LiH/checkpoint_iter_0600.npy. 
Iter 0601/768 | E: -7.140207 | Δ: 4.90e-03 | M: 5766.7719 | iter=  0.07s | ETA: 0m11s | Path: GPU-cuStateVec+cpu-expect MPI-distributed (1 ranks)
Iter 0602/768 | E: -7.138451 | Δ: 1.76e-03 | M: 5671.4664 | iter=  0.07s | ETA: 0m11s | Path: GPU-cuStateVec+cpu-expect MPI-distributed (1 ranks)
Iter 0603/768 | E: -7.140019 | Δ: 1.57e-03 | M: 5853.3844 | iter=  0.07s | ETA: 0m11s | Path: GPU-cuStateVec+cpu-expect MPI-distributed (1 ranks)
Iter 0604/768 | E: -7.147948 | Δ: 7.93e-03 | M: 5837.1520 | iter=  0.07s | ETA: 0m11s | Path: GPU-cuStateVec+cpu-expect MPI-distributed (1 ranks)
Iter 0605/768 | E: -7.142566 | Δ: 5.38e-03 | M: 5637.9882 | iter=  0.07s | ETA: 0m11s | Path: GPU-cuStateVec+cpu-expect MPI-distributed (1 ranks)
[RESILIENCE] Iteration 605: Global theta state checkpointed at path checkpoints/LiH/checkpoint_iter_0605.npy. 
Iter 0606/768 | E: -7.147922 | Δ: 5.36e-03 | M: 5744.3921 | iter=  0.07s | ETA: 0m11s | Path: GPU-cuStateVec+cpu-expect MPI-distributed (1 ranks)
Iter 0607/768 | E: -7.159681 | Δ: 1.18e-02 | M: 2875.8637 | iter=  0.07s | ETA: 0m11s | Path: GPU-cuStateVec+cpu-expect MPI-distributed (1 ranks)
Iter 0608/768 | E: -7.158173 | Δ: 1.51e-03 | M: 5741.2875 | iter=  0.07s | ETA: 0m11s | Path: GPU-cuStateVec+cpu-expect MPI-distributed (1 ranks)
Iter 0609/768 | E: -7.159448 | Δ: 1.28e-03 | M: 5941.9847 | iter=  0.07s | ETA: 0m11s | Path: GPU-cuStateVec+cpu-expect MPI-distributed (1 ranks)
Iter 0610/768 | E: -7.159202 | Δ: 2.46e-04 | M: 5552.9573 | iter=  0.07s | ETA: 0m11s | Path: GPU-cuStateVec+cpu-expect MPI-distributed (1 ranks)
[RESILIENCE] Iteration 610: Global theta state checkpointed at path checkpoints/LiH/checkpoint_iter_0610.npy. 
Iter 0611/768 | E: -7.163343 | Δ: 4.14e-03 | M: 5616.1419 | iter=  0.07s | ETA: 0m11s | Path: GPU-cuStateVec+cpu-expect MPI-distributed (1 ranks)
Iter 0612/768 | E: -7.165585 | Δ: 2.24e-03 | M: 5661.5081 | iter=  0.07s | ETA: 0m11s | Path: GPU-cuStateVec+cpu-expect MPI-distributed (1 ranks)
Iter 0613/768 | E: -7.164688 | Δ: 8.98e-04 | M: 5764.7458 | iter=  0.07s | ETA: 0m11s | Path: GPU-cuStateVec+cpu-expect MPI-distributed (1 ranks)
Iter 0614/768 | E: -7.168277 | Δ: 3.59e-03 | M: 5750.7479 | iter=  0.07s | ETA: 0m11s | Path: GPU-cuStateVec+cpu-expect MPI-distributed (1 ranks)
Iter 0615/768 | E: -7.169092 | Δ: 8.15e-04 | M: 5786.0588 | iter=  0.07s | ETA: 0m10s | Path: GPU-cuStateVec+cpu-expect MPI-distributed (1 ranks)
[RESILIENCE] Iteration 615: Global theta state checkpointed at path checkpoints/LiH/checkpoint_iter_0615.npy. 
Iter 0616/768 | E: -7.168621 | Δ: 4.71e-04 | M: 4837.9533 | iter=  0.07s | ETA: 0m10s | Path: GPU-cuStateVec+cpu-expect MPI-distributed (1 ranks)
Iter 0617/768 | E: -7.181047 | Δ: 1.24e-02 | M: 5714.9984 | iter=  0.07s | ETA: 0m10s | Path: GPU-cuStateVec+cpu-expect MPI-distributed (1 ranks)
Iter 0618/768 | E: -7.182594 | Δ: 1.55e-03 | M: 5767.1605 | iter=  0.07s | ETA: 0m10s | Path: GPU-cuStateVec+cpu-expect MPI-distributed (1 ranks)
Iter 0619/768 | E: -7.177803 | Δ: 4.79e-03 | M: 5657.4995 | iter=  0.07s | ETA: 0m10s | Path: GPU-cuStateVec+cpu-expect MPI-distributed (1 ranks)
Iter 0620/768 | E: -7.177651 | Δ: 1.52e-04 | M: 5641.1781 | iter=  0.07s | ETA: 0m10s | Path: GPU-cuStateVec+cpu-expect MPI-distributed (1 ranks)
[RESILIENCE] Iteration 620: Global theta state checkpointed at path checkpoints/LiH/checkpoint_iter_0620.npy. 
Iter 0621/768 | E: -7.177339 | Δ: 3.12e-04 | M: 5756.5375 | iter=  0.07s | ETA: 0m10s | Path: GPU-cuStateVec+cpu-expect MPI-distributed (1 ranks)
Iter 0622/768 | E: -7.194297 | Δ: 1.70e-02 | M: 5703.9559 | iter=  0.07s | ETA: 0m10s | Path: GPU-cuStateVec+cpu-expect MPI-distributed (1 ranks)
Iter 0623/768 | E: -7.178596 | Δ: 1.57e-02 | M: 5864.2767 | iter=  0.07s | ETA: 0m10s | Path: GPU-cuStateVec+cpu-expect MPI-distributed (1 ranks)
Iter 0624/768 | E: -7.189869 | Δ: 1.13e-02 | M: 5824.5498 | iter=  0.07s | ETA: 0m10s | Path: GPU-cuStateVec+cpu-expect MPI-distributed (1 ranks)
Iter 0625/768 | E: -7.198190 | Δ: 8.32e-03 | M: 5760.2326 | iter=  0.07s | ETA: 0m10s | Path: GPU-cuStateVec+cpu-expect MPI-distributed (1 ranks)
[RESILIENCE] Iteration 625: Global theta state checkpointed at path checkpoints/LiH/checkpoint_iter_0625.npy. 
Iter 0626/768 | E: -7.201386 | Δ: 3.20e-03 | M: 5791.9895 | iter=  0.07s | ETA: 0m10s | Path: GPU-cuStateVec+cpu-expect MPI-distributed (1 ranks)
Iter 0627/768 | E: -7.206003 | Δ: 4.62e-03 | M: 5902.8022 | iter=  0.07s | ETA: 0m10s | Path: GPU-cuStateVec+cpu-expect MPI-distributed (1 ranks)
Iter 0628/768 | E: -7.202734 | Δ: 3.27e-03 | M: 5762.8024 | iter=  0.07s | ETA: 0m09s | Path: GPU-cuStateVec+cpu-expect MPI-distributed (1 ranks)
Iter 0629/768 | E: -7.210255 | Δ: 7.52e-03 | M: 5546.5504 | iter=  0.07s | ETA: 0m09s | Path: GPU-cuStateVec+cpu-expect MPI-distributed (1 ranks)
Iter 0630/768 | E: -7.216812 | Δ: 6.56e-03 | M: 5946.8297 | iter=  0.07s | ETA: 0m09s | Path: GPU-cuStateVec+cpu-expect MPI-distributed (1 ranks)
[RESILIENCE] Iteration 630: Global theta state checkpointed at path checkpoints/LiH/checkpoint_iter_0630.npy. 
Iter 0631/768 | E: -7.215020 | Δ: 1.79e-03 | M: 5806.8348 | iter=  0.07s | ETA: 0m09s | Path: GPU-cuStateVec+cpu-expect MPI-distributed (1 ranks)
Iter 0632/768 | E: -7.218487 | Δ: 3.47e-03 | M: 5670.7428 | iter=  0.07s | ETA: 0m09s | Path: GPU-cuStateVec+cpu-expect MPI-distributed (1 ranks)
Iter 0633/768 | E: -7.219029 | Δ: 5.42e-04 | M: 5920.9228 | iter=  0.07s | ETA: 0m09s | Path: GPU-cuStateVec+cpu-expect MPI-distributed (1 ranks)
Iter 0634/768 | E: -7.222014 | Δ: 2.98e-03 | M: 5783.0047 | iter=  0.07s | ETA: 0m09s | Path: GPU-cuStateVec+cpu-expect MPI-distributed (1 ranks)
Iter 0635/768 | E: -7.216289 | Δ: 5.72e-03 | M: 5799.4269 | iter=  0.07s | ETA: 0m09s | Path: GPU-cuStateVec+cpu-expect MPI-distributed (1 ranks)
[RESILIENCE] Iteration 635: Global theta state checkpointed at path checkpoints/LiH/checkpoint_iter_0635.npy. 
Iter 0636/768 | E: -7.223027 | Δ: 6.74e-03 | M: 2838.8918 | iter=  0.07s | ETA: 0m09s | Path: GPU-cuStateVec+cpu-expect MPI-distributed (1 ranks)
Iter 0637/768 | E: -7.228068 | Δ: 5.04e-03 | M: 5755.5964 | iter=  0.07s | ETA: 0m09s | Path: GPU-cuStateVec+cpu-expect MPI-distributed (1 ranks)
Iter 0638/768 | E: -7.237082 | Δ: 9.01e-03 | M: 5766.9487 | iter=  0.07s | ETA: 0m09s | Path: GPU-cuStateVec+cpu-expect MPI-distributed (1 ranks)
Iter 0639/768 | E: -7.241951 | Δ: 4.87e-03 | M: 5814.2910 | iter=  0.07s | ETA: 0m09s | Path: GPU-cuStateVec+cpu-expect MPI-distributed (1 ranks)
Iter 0640/768 | E: -7.237588 | Δ: 4.36e-03 | M: 5305.3833 | iter=  0.07s | ETA: 0m09s | Path: GPU-cuStateVec+cpu-expect MPI-distributed (1 ranks)
[RESILIENCE] Iteration 640: Global theta state checkpointed at path checkpoints/LiH/checkpoint_iter_0640.npy. 
Iter 0641/768 | E: -7.239860 | Δ: 2.27e-03 | M: 5801.7779 | iter=  0.07s | ETA: 0m09s | Path: GPU-cuStateVec+cpu-expect MPI-distributed (1 ranks)
Iter 0642/768 | E: -7.245512 | Δ: 5.65e-03 | M: 5859.7450 | iter=  0.07s | ETA: 0m09s | Path: GPU-cuStateVec+cpu-expect MPI-distributed (1 ranks)
Iter 0643/768 | E: -7.248618 | Δ: 3.11e-03 | M: 5358.0788 | iter=  0.07s | ETA: 0m08s | Path: GPU-cuStateVec+cpu-expect MPI-distributed (1 ranks)
Iter 0644/768 | E: -7.257830 | Δ: 9.21e-03 | M: 5474.5641 | iter=  0.07s | ETA: 0m08s | Path: GPU-cuStateVec+cpu-expect MPI-distributed (1 ranks)
Iter 0645/768 | E: -7.259538 | Δ: 1.71e-03 | M: 5552.6191 | iter=  0.07s | ETA: 0m08s | Path: GPU-cuStateVec+cpu-expect MPI-distributed (1 ranks)
[RESILIENCE] Iteration 645: Global theta state checkpointed at path checkpoints/LiH/checkpoint_iter_0645.npy. 
Iter 0646/768 | E: -7.265262 | Δ: 5.72e-03 | M: 5663.3492 | iter=  0.07s | ETA: 0m08s | Path: GPU-cuStateVec+cpu-expect MPI-distributed (1 ranks)
Iter 0647/768 | E: -7.274535 | Δ: 9.27e-03 | M: 5816.3597 | iter=  0.07s | ETA: 0m08s | Path: GPU-cuStateVec+cpu-expect MPI-distributed (1 ranks)
Iter 0648/768 | E: -7.282481 | Δ: 7.95e-03 | M: 5855.4702 | iter=  0.07s | ETA: 0m08s | Path: GPU-cuStateVec+cpu-expect MPI-distributed (1 ranks)
Iter 0649/768 | E: -7.277327 | Δ: 5.15e-03 | M: 5906.8256 | iter=  0.07s | ETA: 0m08s | Path: GPU-cuStateVec+cpu-expect MPI-distributed (1 ranks)
Iter 0650/768 | E: -7.288813 | Δ: 1.15e-02 | M: 5630.6116 | iter=  0.07s | ETA: 0m08s | Path: GPU-cuStateVec+cpu-expect MPI-distributed (1 ranks)
[RESILIENCE] Iteration 650: Global theta state checkpointed at path checkpoints/LiH/checkpoint_iter_0650.npy. 
Iter 0651/768 | E: -7.296121 | Δ: 7.31e-03 | M: 5781.0021 | iter=  0.07s | ETA: 0m08s | Path: GPU-cuStateVec+cpu-expect MPI-distributed (1 ranks)
Iter 0652/768 | E: -7.290006 | Δ: 6.12e-03 | M: 5792.2082 | iter=  0.07s | ETA: 0m08s | Path: GPU-cuStateVec+cpu-expect MPI-distributed (1 ranks)
Iter 0653/768 | E: -7.290109 | Δ: 1.03e-04 | M: 5836.7049 | iter=  0.07s | ETA: 0m08s | Path: GPU-cuStateVec+cpu-expect MPI-distributed (1 ranks)
Iter 0654/768 | E: -7.290722 | Δ: 6.14e-04 | M: 5857.7509 | iter=  0.07s | ETA: 0m08s | Path: GPU-cuStateVec+cpu-expect MPI-distributed (1 ranks)
Iter 0655/768 | E: -7.289100 | Δ: 1.62e-03 | M: 5865.6516 | iter=  0.07s | ETA: 0m08s | Path: GPU-cuStateVec+cpu-expect MPI-distributed (1 ranks)
[RESILIENCE] Iteration 655: Global theta state checkpointed at path checkpoints/LiH/checkpoint_iter_0655.npy. 
Iter 0656/768 | E: -7.297694 | Δ: 8.59e-03 | M: 5679.1372 | iter=  0.07s | ETA: 0m07s | Path: GPU-cuStateVec+cpu-expect MPI-distributed (1 ranks)
Iter 0657/768 | E: -7.302898 | Δ: 5.20e-03 | M: 5560.6772 | iter=  0.07s | ETA: 0m07s | Path: GPU-cuStateVec+cpu-expect MPI-distributed (1 ranks)
Iter 0658/768 | E: -7.299302 | Δ: 3.60e-03 | M: 5705.3404 | iter=  0.07s | ETA: 0m07s | Path: GPU-cuStateVec+cpu-expect MPI-distributed (1 ranks)
Iter 0659/768 | E: -7.308821 | Δ: 9.52e-03 | M: 5664.5182 | iter=  0.07s | ETA: 0m07s | Path: GPU-cuStateVec+cpu-expect MPI-distributed (1 ranks)
Iter 0660/768 | E: -7.306236 | Δ: 2.58e-03 | M: 5724.9229 | iter=  0.13s | ETA: 0m07s | Path: GPU-cuStateVec+cpu-expect MPI-distributed (1 ranks)
[RESILIENCE] Iteration 660: Global theta state checkpointed at path checkpoints/LiH/checkpoint_iter_0660.npy. 
Iter 0661/768 | E: -7.311484 | Δ: 5.25e-03 | M: 5364.2446 | iter=  0.07s | ETA: 0m07s | Path: GPU-cuStateVec+cpu-expect MPI-distributed (1 ranks)
Iter 0662/768 | E: -7.311670 | Δ: 1.86e-04 | M: 5484.8424 | iter=  0.07s | ETA: 0m07s | Path: GPU-cuStateVec+cpu-expect MPI-distributed (1 ranks)
Iter 0663/768 | E: -7.315005 | Δ: 3.33e-03 | M: 5608.8932 | iter=  0.07s | ETA: 0m07s | Path: GPU-cuStateVec+cpu-expect MPI-distributed (1 ranks)
Iter 0664/768 | E: -7.313118 | Δ: 1.89e-03 | M: 5651.9478 | iter=  0.07s | ETA: 0m07s | Path: GPU-cuStateVec+cpu-expect MPI-distributed (1 ranks)
Iter 0665/768 | E: -7.318463 | Δ: 5.34e-03 | M: 5609.4426 | iter=  0.07s | ETA: 0m07s | Path: GPU-cuStateVec+cpu-expect MPI-distributed (1 ranks)
[RESILIENCE] Iteration 665: Global theta state checkpointed at path checkpoints/LiH/checkpoint_iter_0665.npy. 
Iter 0666/768 | E: -7.318675 | Δ: 2.12e-04 | M: 5426.6769 | iter=  0.07s | ETA: 0m07s | Path: GPU-cuStateVec+cpu-expect MPI-distributed (1 ranks)
Iter 0667/768 | E: -7.321627 | Δ: 2.95e-03 | M: 5737.1311 | iter=  0.07s | ETA: 0m07s | Path: GPU-cuStateVec+cpu-expect MPI-distributed (1 ranks)
Iter 0668/768 | E: -7.325431 | Δ: 3.80e-03 | M: 5855.8982 | iter=  0.07s | ETA: 0m07s | Path: GPU-cuStateVec+cpu-expect MPI-distributed (1 ranks)
Iter 0669/768 | E: -7.321620 | Δ: 3.81e-03 | M: 5671.1863 | iter=  0.07s | ETA: 0m07s | Path: GPU-cuStateVec+cpu-expect MPI-distributed (1 ranks)
Iter 0670/768 | E: -7.324387 | Δ: 2.77e-03 | M: 5533.6686 | iter=  0.07s | ETA: 0m06s | Path: GPU-cuStateVec+cpu-expect MPI-distributed (1 ranks)
[RESILIENCE] Iteration 670: Global theta state checkpointed at path checkpoints/LiH/checkpoint_iter_0670.npy. 
Iter 0671/768 | E: -7.328259 | Δ: 3.87e-03 | M: 5711.2101 | iter=  0.07s | ETA: 0m06s | Path: GPU-cuStateVec+cpu-expect MPI-distributed (1 ranks)
Iter 0672/768 | E: -7.330933 | Δ: 2.67e-03 | M: 5793.7983 | iter=  0.07s | ETA: 0m06s | Path: GPU-cuStateVec+cpu-expect MPI-distributed (1 ranks)
Iter 0673/768 | E: -7.332038 | Δ: 1.11e-03 | M: 5862.8340 | iter=  0.07s | ETA: 0m06s | Path: GPU-cuStateVec+cpu-expect MPI-distributed (1 ranks)
Iter 0674/768 | E: -7.329763 | Δ: 2.27e-03 | M: 5747.4342 | iter=  0.07s | ETA: 0m06s | Path: GPU-cuStateVec+cpu-expect MPI-distributed (1 ranks)
Iter 0675/768 | E: -7.327470 | Δ: 2.29e-03 | M: 5737.6627 | iter=  0.07s | ETA: 0m06s | Path: GPU-cuStateVec+cpu-expect MPI-distributed (1 ranks)
[RESILIENCE] Iteration 675: Global theta state checkpointed at path checkpoints/LiH/checkpoint_iter_0675.npy. 
Iter 0676/768 | E: -7.332742 | Δ: 5.27e-03 | M: 5198.3839 | iter=  0.07s | ETA: 0m06s | Path: GPU-cuStateVec+cpu-expect MPI-distributed (1 ranks)
Iter 0677/768 | E: -7.344334 | Δ: 1.16e-02 | M: 5618.1307 | iter=  0.07s | ETA: 0m06s | Path: GPU-cuStateVec+cpu-expect MPI-distributed (1 ranks)
Iter 0678/768 | E: -7.336721 | Δ: 7.61e-03 | M: 5646.2557 | iter=  0.07s | ETA: 0m06s | Path: GPU-cuStateVec+cpu-expect MPI-distributed (1 ranks)
Iter 0679/768 | E: -7.333804 | Δ: 2.92e-03 | M: 5827.3786 | iter=  0.07s | ETA: 0m06s | Path: GPU-cuStateVec+cpu-expect MPI-distributed (1 ranks)
Iter 0680/768 | E: -7.334922 | Δ: 1.12e-03 | M: 5754.4382 | iter=  0.07s | ETA: 0m06s | Path: GPU-cuStateVec+cpu-expect MPI-distributed (1 ranks)
[RESILIENCE] Iteration 680: Global theta state checkpointed at path checkpoints/LiH/checkpoint_iter_0680.npy. 
Iter 0681/768 | E: -7.332147 | Δ: 2.78e-03 | M: 5693.5123 | iter=  0.07s | ETA: 0m06s | Path: GPU-cuStateVec+cpu-expect MPI-distributed (1 ranks)
Iter 0682/768 | E: -7.344218 | Δ: 1.21e-02 | M: 4760.8482 | iter=  0.07s | ETA: 0m06s | Path: GPU-cuStateVec+cpu-expect MPI-distributed (1 ranks)
Iter 0683/768 | E: -7.337618 | Δ: 6.60e-03 | M: 5664.9529 | iter=  0.07s | ETA: 0m06s | Path: GPU-cuStateVec+cpu-expect MPI-distributed (1 ranks)
Iter 0684/768 | E: -7.353905 | Δ: 1.63e-02 | M: 5854.1959 | iter=  0.07s | ETA: 0m06s | Path: GPU-cuStateVec+cpu-expect MPI-distributed (1 ranks)
Iter 0685/768 | E: -7.361760 | Δ: 7.85e-03 | M: 5796.4852 | iter=  0.07s | ETA: 0m05s | Path: GPU-cuStateVec+cpu-expect MPI-distributed (1 ranks)
[RESILIENCE] Iteration 685: Global theta state checkpointed at path checkpoints/LiH/checkpoint_iter_0685.npy. 
Iter 0686/768 | E: -7.362798 | Δ: 1.04e-03 | M: 5872.2519 | iter=  0.07s | ETA: 0m05s | Path: GPU-cuStateVec+cpu-expect MPI-distributed (1 ranks)
Iter 0687/768 | E: -7.369098 | Δ: 6.30e-03 | M: 5807.7281 | iter=  0.07s | ETA: 0m05s | Path: GPU-cuStateVec+cpu-expect MPI-distributed (1 ranks)
Iter 0688/768 | E: -7.364502 | Δ: 4.60e-03 | M: 5718.6439 | iter=  0.07s | ETA: 0m05s | Path: GPU-cuStateVec+cpu-expect MPI-distributed (1 ranks)
Iter 0689/768 | E: -7.364565 | Δ: 6.30e-05 | M: 5703.7613 | iter=  0.07s | ETA: 0m05s | Path: GPU-cuStateVec+cpu-expect MPI-distributed (1 ranks)
Iter 0690/768 | E: -7.373458 | Δ: 8.89e-03 | M: 5821.9519 | iter=  0.07s | ETA: 0m05s | Path: GPU-cuStateVec+cpu-expect MPI-distributed (1 ranks)
[RESILIENCE] Iteration 690: Global theta state checkpointed at path checkpoints/LiH/checkpoint_iter_0690.npy. 
Iter 0691/768 | E: -7.385472 | Δ: 1.20e-02 | M: 5758.1259 | iter=  0.07s | ETA: 0m05s | Path: GPU-cuStateVec+cpu-expect MPI-distributed (1 ranks)
Iter 0692/768 | E: -7.385379 | Δ: 9.28e-05 | M: 5718.2127 | iter=  0.07s | ETA: 0m05s | Path: GPU-cuStateVec+cpu-expect MPI-distributed (1 ranks)
Iter 0693/768 | E: -7.385265 | Δ: 1.13e-04 | M: 5718.3336 | iter=  0.07s | ETA: 0m05s | Path: GPU-cuStateVec+cpu-expect MPI-distributed (1 ranks)
Iter 0694/768 | E: -7.384269 | Δ: 9.96e-04 | M: 5687.9937 | iter=  0.07s | ETA: 0m05s | Path: GPU-cuStateVec+cpu-expect MPI-distributed (1 ranks)
Iter 0695/768 | E: -7.393130 | Δ: 8.86e-03 | M: 5768.0484 | iter=  0.07s | ETA: 0m05s | Path: GPU-cuStateVec+cpu-expect MPI-distributed (1 ranks)
[RESILIENCE] Iteration 695: Global theta state checkpointed at path checkpoints/LiH/checkpoint_iter_0695.npy. 
Iter 0696/768 | E: -7.385167 | Δ: 7.96e-03 | M: 5883.0441 | iter=  0.07s | ETA: 0m05s | Path: GPU-cuStateVec+cpu-expect MPI-distributed (1 ranks)
Iter 0697/768 | E: -7.389580 | Δ: 4.41e-03 | M: 5499.2800 | iter=  0.07s | ETA: 0m05s | Path: GPU-cuStateVec+cpu-expect MPI-distributed (1 ranks)
Iter 0698/768 | E: -7.391711 | Δ: 2.13e-03 | M: 5655.9273 | iter=  0.07s | ETA: 0m05s | Path: GPU-cuStateVec+cpu-expect MPI-distributed (1 ranks)
Iter 0699/768 | E: -7.389277 | Δ: 2.43e-03 | M: 5793.6696 | iter=  0.07s | ETA: 0m04s | Path: GPU-cuStateVec+cpu-expect MPI-distributed (1 ranks)
Iter 0700/768 | E: -7.398255 | Δ: 8.98e-03 | M: 5796.3294 | iter=  0.07s | ETA: 0m04s | Path: GPU-cuStateVec+cpu-expect MPI-distributed (1 ranks)
[RESILIENCE] Iteration 700: Global theta state checkpointed at path checkpoints/LiH/checkpoint_iter_0700.npy. 
Iter 0701/768 | E: -7.397075 | Δ: 1.18e-03 | M: 5518.5274 | iter=  0.07s | ETA: 0m04s | Path: GPU-cuStateVec+cpu-expect MPI-distributed (1 ranks)
Iter 0702/768 | E: -7.397762 | Δ: 6.87e-04 | M: 5801.8468 | iter=  0.07s | ETA: 0m04s | Path: GPU-cuStateVec+cpu-expect MPI-distributed (1 ranks)
Iter 0703/768 | E: -7.405564 | Δ: 7.80e-03 | M: 5656.8038 | iter=  0.07s | ETA: 0m04s | Path: GPU-cuStateVec+cpu-expect MPI-distributed (1 ranks)
Iter 0704/768 | E: -7.399551 | Δ: 6.01e-03 | M: 5733.9316 | iter=  0.07s | ETA: 0m04s | Path: GPU-cuStateVec+cpu-expect MPI-distributed (1 ranks)
Iter 0705/768 | E: -7.406111 | Δ: 6.56e-03 | M: 5661.8704 | iter=  0.07s | ETA: 0m04s | Path: GPU-cuStateVec+cpu-expect MPI-distributed (1 ranks)
[RESILIENCE] Iteration 705: Global theta state checkpointed at path checkpoints/LiH/checkpoint_iter_0705.npy. 
Iter 0706/768 | E: -7.409603 | Δ: 3.49e-03 | M: 5649.6210 | iter=  0.07s | ETA: 0m04s | Path: GPU-cuStateVec+cpu-expect MPI-distributed (1 ranks)
Iter 0707/768 | E: -7.411036 | Δ: 1.43e-03 | M: 5629.8364 | iter=  0.07s | ETA: 0m04s | Path: GPU-cuStateVec+cpu-expect MPI-distributed (1 ranks)
Iter 0708/768 | E: -7.405982 | Δ: 5.05e-03 | M: 5687.5047 | iter=  0.07s | ETA: 0m04s | Path: GPU-cuStateVec+cpu-expect MPI-distributed (1 ranks)
Iter 0709/768 | E: -7.414023 | Δ: 8.04e-03 | M: 5862.9170 | iter=  0.07s | ETA: 0m04s | Path: GPU-cuStateVec+cpu-expect MPI-distributed (1 ranks)
Iter 0710/768 | E: -7.417042 | Δ: 3.02e-03 | M: 5815.8808 | iter=  0.07s | ETA: 0m04s | Path: GPU-cuStateVec+cpu-expect MPI-distributed (1 ranks)
[RESILIENCE] Iteration 710: Global theta state checkpointed at path checkpoints/LiH/checkpoint_iter_0710.npy. 
Iter 0711/768 | E: -7.419296 | Δ: 2.25e-03 | M: 5656.6225 | iter=  0.07s | ETA: 0m04s | Path: GPU-cuStateVec+cpu-expect MPI-distributed (1 ranks)
Iter 0712/768 | E: -7.419255 | Δ: 4.04e-05 | M: 5655.4740 | iter=  0.07s | ETA: 0m04s | Path: GPU-cuStateVec+cpu-expect MPI-distributed (1 ranks)
Iter 0713/768 | E: -7.420547 | Δ: 1.29e-03 | M: 5825.4982 | iter=  0.07s | ETA: 0m03s | Path: GPU-cuStateVec+cpu-expect MPI-distributed (1 ranks)
Iter 0714/768 | E: -7.420212 | Δ: 3.35e-04 | M: 5760.5718 | iter=  0.07s | ETA: 0m03s | Path: GPU-cuStateVec+cpu-expect MPI-distributed (1 ranks)
Iter 0715/768 | E: -7.420131 | Δ: 8.07e-05 | M: 5710.9672 | iter=  0.07s | ETA: 0m03s | Path: GPU-cuStateVec+cpu-expect MPI-distributed (1 ranks)
[RESILIENCE] Iteration 715: Global theta state checkpointed at path checkpoints/LiH/checkpoint_iter_0715.npy. 
Iter 0716/768 | E: -7.424852 | Δ: 4.72e-03 | M: 5742.0814 | iter=  0.07s | ETA: 0m03s | Path: GPU-cuStateVec+cpu-expect MPI-distributed (1 ranks)
Iter 0717/768 | E: -7.425227 | Δ: 3.75e-04 | M: 5814.2475 | iter=  0.07s | ETA: 0m03s | Path: GPU-cuStateVec+cpu-expect MPI-distributed (1 ranks)
Iter 0718/768 | E: -7.434022 | Δ: 8.80e-03 | M: 5747.0353 | iter=  0.07s | ETA: 0m03s | Path: GPU-cuStateVec+cpu-expect MPI-distributed (1 ranks)
Iter 0719/768 | E: -7.434309 | Δ: 2.87e-04 | M: 5252.2218 | iter=  0.07s | ETA: 0m03s | Path: GPU-cuStateVec+cpu-expect MPI-distributed (1 ranks)
Iter 0720/768 | E: -7.435402 | Δ: 1.09e-03 | M: 5692.6073 | iter=  0.07s | ETA: 0m03s | Path: GPU-cuStateVec+cpu-expect MPI-distributed (1 ranks)
[RESILIENCE] Iteration 720: Global theta state checkpointed at path checkpoints/LiH/checkpoint_iter_0720.npy. 
Iter 0721/768 | E: -7.439678 | Δ: 4.28e-03 | M: 5770.0214 | iter=  0.07s | ETA: 0m03s | Path: GPU-cuStateVec+cpu-expect MPI-distributed (1 ranks)
Iter 0722/768 | E: -7.434919 | Δ: 4.76e-03 | M: 5767.2492 | iter=  0.07s | ETA: 0m03s | Path: GPU-cuStateVec+cpu-expect MPI-distributed (1 ranks)
Iter 0723/768 | E: -7.442126 | Δ: 7.21e-03 | M: 5759.5536 | iter=  0.07s | ETA: 0m03s | Path: GPU-cuStateVec+cpu-expect MPI-distributed (1 ranks)
Iter 0724/768 | E: -7.440008 | Δ: 2.12e-03 | M: 5808.3778 | iter=  0.07s | ETA: 0m03s | Path: GPU-cuStateVec+cpu-expect MPI-distributed (1 ranks)
Iter 0725/768 | E: -7.435974 | Δ: 4.03e-03 | M: 5806.1411 | iter=  0.07s | ETA: 0m03s | Path: GPU-cuStateVec+cpu-expect MPI-distributed (1 ranks)
[RESILIENCE] Iteration 725: Global theta state checkpointed at path checkpoints/LiH/checkpoint_iter_0725.npy. 
Iter 0726/768 | E: -7.443323 | Δ: 7.35e-03 | M: 5784.6252 | iter=  0.07s | ETA: 0m03s | Path: GPU-cuStateVec+cpu-expect MPI-distributed (1 ranks)
Iter 0727/768 | E: -7.445194 | Δ: 1.87e-03 | M: 5817.4182 | iter=  0.07s | ETA: 0m02s | Path: GPU-cuStateVec+cpu-expect MPI-distributed (1 ranks)
Iter 0728/768 | E: -7.441884 | Δ: 3.31e-03 | M: 5753.1578 | iter=  0.07s | ETA: 0m02s | Path: GPU-cuStateVec+cpu-expect MPI-distributed (1 ranks)
Iter 0729/768 | E: -7.440326 | Δ: 1.56e-03 | M: 5653.1671 | iter=  0.07s | ETA: 0m02s | Path: GPU-cuStateVec+cpu-expect MPI-distributed (1 ranks)
Iter 0730/768 | E: -7.446169 | Δ: 5.84e-03 | M: 5757.1366 | iter=  0.07s | ETA: 0m02s | Path: GPU-cuStateVec+cpu-expect MPI-distributed (1 ranks)
[RESILIENCE] Iteration 730: Global theta state checkpointed at path checkpoints/LiH/checkpoint_iter_0730.npy. 
Iter 0731/768 | E: -7.443565 | Δ: 2.60e-03 | M: 5656.5668 | iter=  0.07s | ETA: 0m02s | Path: GPU-cuStateVec+cpu-expect MPI-distributed (1 ranks)
Iter 0732/768 | E: -7.447769 | Δ: 4.20e-03 | M: 5769.8362 | iter=  0.07s | ETA: 0m02s | Path: GPU-cuStateVec+cpu-expect MPI-distributed (1 ranks)
Iter 0733/768 | E: -7.449210 | Δ: 1.44e-03 | M: 5899.5659 | iter=  0.07s | ETA: 0m02s | Path: GPU-cuStateVec+cpu-expect MPI-distributed (1 ranks)
Iter 0734/768 | E: -7.457065 | Δ: 7.86e-03 | M: 5617.2376 | iter=  0.07s | ETA: 0m02s | Path: GPU-cuStateVec+cpu-expect MPI-distributed (1 ranks)
Iter 0735/768 | E: -7.456345 | Δ: 7.21e-04 | M: 5794.8922 | iter=  0.07s | ETA: 0m02s | Path: GPU-cuStateVec+cpu-expect MPI-distributed (1 ranks)
[RESILIENCE] Iteration 735: Global theta state checkpointed at path checkpoints/LiH/checkpoint_iter_0735.npy. 
Iter 0736/768 | E: -7.457426 | Δ: 1.08e-03 | M: 5674.3306 | iter=  0.07s | ETA: 0m02s | Path: GPU-cuStateVec+cpu-expect MPI-distributed (1 ranks)
Iter 0737/768 | E: -7.460978 | Δ: 3.55e-03 | M: 5606.4779 | iter=  0.07s | ETA: 0m02s | Path: GPU-cuStateVec+cpu-expect MPI-distributed (1 ranks)
Iter 0738/768 | E: -7.464599 | Δ: 3.62e-03 | M: 5781.4868 | iter=  0.07s | ETA: 0m02s | Path: GPU-cuStateVec+cpu-expect MPI-distributed (1 ranks)
Iter 0739/768 | E: -7.461275 | Δ: 3.32e-03 | M: 5904.5369 | iter=  0.07s | ETA: 0m02s | Path: GPU-cuStateVec+cpu-expect MPI-distributed (1 ranks)
Iter 0740/768 | E: -7.476208 | Δ: 1.49e-02 | M: 5762.6608 | iter=  0.07s | ETA: 0m02s | Path: GPU-cuStateVec+cpu-expect MPI-distributed (1 ranks)
[RESILIENCE] Iteration 740: Global theta state checkpointed at path checkpoints/LiH/checkpoint_iter_0740.npy. 
Iter 0741/768 | E: -7.467001 | Δ: 9.21e-03 | M: 5639.8915 | iter=  0.07s | ETA: 0m01s | Path: GPU-cuStateVec+cpu-expect MPI-distributed (1 ranks)
Iter 0742/768 | E: -7.465800 | Δ: 1.20e-03 | M: 5855.1834 | iter=  0.07s | ETA: 0m01s | Path: GPU-cuStateVec+cpu-expect MPI-distributed (1 ranks)
Iter 0743/768 | E: -7.469102 | Δ: 3.30e-03 | M: 5745.1429 | iter=  0.07s | ETA: 0m01s | Path: GPU-cuStateVec+cpu-expect MPI-distributed (1 ranks)
Iter 0744/768 | E: -7.468961 | Δ: 1.41e-04 | M: 5589.5820 | iter=  0.07s | ETA: 0m01s | Path: GPU-cuStateVec+cpu-expect MPI-distributed (1 ranks)
Iter 0745/768 | E: -7.473742 | Δ: 4.78e-03 | M: 5411.7621 | iter=  0.07s | ETA: 0m01s | Path: GPU-cuStateVec+cpu-expect MPI-distributed (1 ranks)
[RESILIENCE] Iteration 745: Global theta state checkpointed at path checkpoints/LiH/checkpoint_iter_0745.npy. 
Iter 0746/768 | E: -7.476260 | Δ: 2.52e-03 | M: 5867.6143 | iter=  0.07s | ETA: 0m01s | Path: GPU-cuStateVec+cpu-expect MPI-distributed (1 ranks)
Iter 0747/768 | E: -7.478885 | Δ: 2.63e-03 | M: 5831.3472 | iter=  0.07s | ETA: 0m01s | Path: GPU-cuStateVec+cpu-expect MPI-distributed (1 ranks)
Iter 0748/768 | E: -7.474779 | Δ: 4.11e-03 | M: 5660.2186 | iter=  0.07s | ETA: 0m01s | Path: GPU-cuStateVec+cpu-expect MPI-distributed (1 ranks)
Iter 0749/768 | E: -7.481669 | Δ: 6.89e-03 | M: 5438.0772 | iter=  0.07s | ETA: 0m01s | Path: GPU-cuStateVec+cpu-expect MPI-distributed (1 ranks)
Iter 0750/768 | E: -7.476764 | Δ: 4.90e-03 | M: 5725.1571 | iter=  0.07s | ETA: 0m01s | Path: GPU-cuStateVec+cpu-expect MPI-distributed (1 ranks)
[RESILIENCE] Iteration 750: Global theta state checkpointed at path checkpoints/LiH/checkpoint_iter_0750.npy. 
Iter 0751/768 | E: -7.482929 | Δ: 6.16e-03 | M: 5729.5172 | iter=  0.07s | ETA: 0m01s | Path: GPU-cuStateVec+cpu-expect MPI-distributed (1 ranks)
Iter 0752/768 | E: -7.475013 | Δ: 7.92e-03 | M: 5508.8447 | iter=  0.07s | ETA: 0m01s | Path: GPU-cuStateVec+cpu-expect MPI-distributed (1 ranks)
Iter 0753/768 | E: -7.491314 | Δ: 1.63e-02 | M: 5717.2685 | iter=  0.07s | ETA: 0m01s | Path: GPU-cuStateVec+cpu-expect MPI-distributed (1 ranks)
Iter 0754/768 | E: -7.493324 | Δ: 2.01e-03 | M: 5921.2063 | iter=  0.07s | ETA: 0m01s | Path: GPU-cuStateVec+cpu-expect MPI-distributed (1 ranks)
Iter 0755/768 | E: -7.493523 | Δ: 1.99e-04 | M: 5799.7917 | iter=  0.07s | ETA: 0m00s | Path: GPU-cuStateVec+cpu-expect MPI-distributed (1 ranks)
[RESILIENCE] Iteration 755: Global theta state checkpointed at path checkpoints/LiH/checkpoint_iter_0755.npy. 
Iter 0756/768 | E: -7.496945 | Δ: 3.42e-03 | M: 4957.2872 | iter=  0.07s | ETA: 0m00s | Path: GPU-cuStateVec+cpu-expect MPI-distributed (1 ranks)
Iter 0757/768 | E: -7.494674 | Δ: 2.27e-03 | M: 5584.0624 | iter=  0.07s | ETA: 0m00s | Path: GPU-cuStateVec+cpu-expect MPI-distributed (1 ranks)
Iter 0758/768 | E: -7.500756 | Δ: 6.08e-03 | M: 5650.7785 | iter=  0.07s | ETA: 0m00s | Path: GPU-cuStateVec+cpu-expect MPI-distributed (1 ranks)
Iter 0759/768 | E: -7.502092 | Δ: 1.34e-03 | M: 5772.7337 | iter=  0.07s | ETA: 0m00s | Path: GPU-cuStateVec+cpu-expect MPI-distributed (1 ranks)
Iter 0760/768 | E: -7.510160 | Δ: 8.07e-03 | M: 5814.7982 | iter=  0.07s | ETA: 0m00s | Path: GPU-cuStateVec+cpu-expect MPI-distributed (1 ranks)
[RESILIENCE] Iteration 760: Global theta state checkpointed at path checkpoints/LiH/checkpoint_iter_0760.npy. 
Iter 0761/768 | E: -7.502959 | Δ: 7.20e-03 | M: 5710.9936 | iter=  0.07s | ETA: 0m00s | Path: GPU-cuStateVec+cpu-expect MPI-distributed (1 ranks)
Iter 0762/768 | E: -7.505018 | Δ: 2.06e-03 | M: 5676.7685 | iter=  0.07s | ETA: 0m00s | Path: GPU-cuStateVec+cpu-expect MPI-distributed (1 ranks)
Iter 0763/768 | E: -7.512826 | Δ: 7.81e-03 | M: 5800.2810 | iter=  0.07s | ETA: 0m00s | Path: GPU-cuStateVec+cpu-expect MPI-distributed (1 ranks)
Iter 0764/768 | E: -7.518845 | Δ: 6.02e-03 | M: 5779.2359 | iter=  0.07s | ETA: 0m00s | Path: GPU-cuStateVec+cpu-expect MPI-distributed (1 ranks)
Iter 0765/768 | E: -7.528467 | Δ: 9.62e-03 | M: 5746.2769 | iter=  0.07s | ETA: 0m00s | Path: GPU-cuStateVec+cpu-expect MPI-distributed (1 ranks)
[RESILIENCE] Iteration 765: Global theta state checkpointed at path checkpoints/LiH/checkpoint_iter_0765.npy. 
Iter 0766/768 | E: -7.528724 | Δ: 2.57e-04 | M: 5573.1793 | iter=  0.07s | ETA: 0m00s | Path: GPU-cuStateVec+cpu-expect MPI-distributed (1 ranks)
Iter 0767/768 | E: -7.535750 | Δ: 7.03e-03 | M: 5633.6007 | iter=  0.07s | ETA: 0m00s | Path: GPU-cuStateVec+cpu-expect MPI-distributed (1 ranks)
Iter 0768/768 | E: -7.546284 | Δ: 1.05e-02 | M: 5900.2018 | iter=  0.07s | ETA: 0m00s | Path: GPU-cuStateVec+cpu-expect MPI-distributed (1 ranks)

[LiH] Ansatz tier:hwe_adaptive
[LiH] Corr score: 0.502 
[LiH] Final energy: -7.546284 Ha 
[LiH] Reference FCI : -7.882472 Ha 
[LiH] Absolute error: +0.3362 Ha 
[LiH] Iterations run: 768 (best at iter 768)
[LiH] Wall time: 55.00s (includes QPU queue + RTT) 
[LiH] Time/iter: 0.07 s 
[LiH] Source: registry 
[LiH] Active electrons: 2 
[LiH] Estimated qubits: 10 
[LiH] Note: Frozen 2 core electrons. Active space: 2 electrons, 10 qubits 


--- RUNNING CHEMISTRY TASK BeH2 ---
[Resolver] 'BeH2' found in local registry 
[Chemistry:BeH2] [+   0.0s] driver.run() -- PySCF electronic structure
[Chemistry:BeH2] [+   0.0s] second_q_op() + JW mapping
[Chemistry:BeH2] [+   1.5s] Hamiltonian: 666 Pauli terms, 14 qubits
[Chemistry:BeH2] [+   1.5s] FCI ground-truth via PySCF
[Chemistry:BeH2] [+   1.5s] build_ansatz(tier=hwe_adaptive, reps=2) -- this is the slow one at high n
[Chemistry:BeH2] [+   1.5s] QASM3 serialization (112 params, 385 gates)
[Chemistry:BeH2] [+   1.6s] prepare() complete
[Chemistry:BeH2] 666 Pauli terms, 14 qubits, 112 params, reps=2. FCI reference: -15.5951 Ha 
[Ansatz] HWE (adaptive) (auto) | corr_score=0.501 | off_diag_ratio=0.004
[Reason] score=0.501 in [0.25, 0.55). Moderate correlation (off_diag_ratio=0.004, zz_frac=0.977). Adaptive HWE with full entanglement recommended.
[Stack] Precision: fp64 for 14-qubit problem (GPU fits up to ~30 qubits at this precision)
Iter 0001/896 | E: -0.975403 | Δ: inf | M: 7517.3815 | iter=  0.12s | ETA: 1m47s | Path: GPU-cuStateVec+cpu-expect MPI-distributed (1 ranks)
Iter 0002/896 | E: -0.895111 | Δ: 8.03e-02 | M: 9218.9483 | iter=  0.12s | ETA: 1m47s | Path: GPU-cuStateVec+cpu-expect MPI-distributed (1 ranks)
Iter 0003/896 | E: -0.846900 | Δ: 4.82e-02 | M: 9022.8382 | iter=  0.12s | ETA: 1m46s | Path: GPU-cuStateVec+cpu-expect MPI-distributed (1 ranks)
Iter 0004/896 | E: -0.926304 | Δ: 7.94e-02 | M: 9290.9966 | iter=  0.12s | ETA: 1m46s | Path: GPU-cuStateVec+cpu-expect MPI-distributed (1 ranks)
Iter 0005/896 | E: -1.007841 | Δ: 8.15e-02 | M: 8410.5857 | iter=  0.12s | ETA: 1m46s | Path: GPU-cuStateVec+cpu-expect MPI-distributed (1 ranks)
[RESILIENCE] Iteration 5: Global theta state checkpointed at path checkpoints/BeH2/checkpoint_iter_0005.npy. 
Iter 0006/896 | E: -1.169179 | Δ: 1.61e-01 | M: 9188.3372 | iter=  0.12s | ETA: 1m45s | Path: GPU-cuStateVec+cpu-expect MPI-distributed (1 ranks)
Iter 0007/896 | E: -1.400253 | Δ: 2.31e-01 | M: 9280.8506 | iter=  0.12s | ETA: 1m45s | Path: GPU-cuStateVec+cpu-expect MPI-distributed (1 ranks)
Iter 0008/896 | E: -1.377644 | Δ: 2.26e-02 | M: 9536.7458 | iter=  0.12s | ETA: 1m45s | Path: GPU-cuStateVec+cpu-expect MPI-distributed (1 ranks)
Iter 0009/896 | E: -1.365462 | Δ: 1.22e-02 | M: 9155.0045 | iter=  0.12s | ETA: 1m45s | Path: GPU-cuStateVec+cpu-expect MPI-distributed (1 ranks)
Iter 0010/896 | E: -1.454839 | Δ: 8.94e-02 | M: 8610.1861 | iter=  0.12s | ETA: 1m45s | Path: GPU-cuStateVec+cpu-expect MPI-distributed (1 ranks)
[RESILIENCE] Iteration 10: Global theta state checkpointed at path checkpoints/BeH2/checkpoint_iter_0010.npy. 
Iter 0011/896 | E: -1.627105 | Δ: 1.72e-01 | M: 9520.2784 | iter=  0.12s | ETA: 1m45s | Path: GPU-cuStateVec+cpu-expect MPI-distributed (1 ranks)
Iter 0012/896 | E: -1.660951 | Δ: 3.38e-02 | M: 9259.9329 | iter=  0.12s | ETA: 1m45s | Path: GPU-cuStateVec+cpu-expect MPI-distributed (1 ranks)
Iter 0013/896 | E: -1.822047 | Δ: 1.61e-01 | M: 9192.6158 | iter=  0.12s | ETA: 1m45s | Path: GPU-cuStateVec+cpu-expect MPI-distributed (1 ranks)
Iter 0014/896 | E: -1.991496 | Δ: 1.69e-01 | M: 9244.0783 | iter=  0.12s | ETA: 1m44s | Path: GPU-cuStateVec+cpu-expect MPI-distributed (1 ranks)
Iter 0015/896 | E: -2.107976 | Δ: 1.16e-01 | M: 9433.5607 | iter=  0.12s | ETA: 1m44s | Path: GPU-cuStateVec+cpu-expect MPI-distributed (1 ranks)
[RESILIENCE] Iteration 15: Global theta state checkpointed at path checkpoints/BeH2/checkpoint_iter_0015.npy. 
Iter 0016/896 | E: -2.101631 | Δ: 6.34e-03 | M: 9220.0741 | iter=  0.12s | ETA: 1m44s | Path: GPU-cuStateVec+cpu-expect MPI-distributed (1 ranks)
Iter 0017/896 | E: -2.086536 | Δ: 1.51e-02 | M: 9303.5326 | iter=  0.12s | ETA: 1m44s | Path: GPU-cuStateVec+cpu-expect MPI-distributed (1 ranks)
Iter 0018/896 | E: -2.105476 | Δ: 1.89e-02 | M: 9352.8337 | iter=  0.12s | ETA: 1m44s | Path: GPU-cuStateVec+cpu-expect MPI-distributed (1 ranks)
Iter 0019/896 | E: -2.836814 | Δ: 7.31e-01 | M: 9490.1966 | iter=  0.12s | ETA: 1m44s | Path: GPU-cuStateVec+cpu-expect MPI-distributed (1 ranks)
Iter 0020/896 | E: -2.823916 | Δ: 1.29e-02 | M: 9453.5866 | iter=  0.12s | ETA: 1m44s | Path: GPU-cuStateVec+cpu-expect MPI-distributed (1 ranks)
[RESILIENCE] Iteration 20: Global theta state checkpointed at path checkpoints/BeH2/checkpoint_iter_0020.npy. 
Iter 0021/896 | E: -3.453277 | Δ: 6.29e-01 | M: 9598.6484 | iter=  0.12s | ETA: 1m44s | Path: GPU-cuStateVec+cpu-expect MPI-distributed (1 ranks)
Iter 0022/896 | E: -3.519866 | Δ: 6.66e-02 | M: 9264.4583 | iter=  0.12s | ETA: 1m43s | Path: GPU-cuStateVec+cpu-expect MPI-distributed (1 ranks)
Iter 0023/896 | E: -3.708672 | Δ: 1.89e-01 | M: 9141.0308 | iter=  0.12s | ETA: 1m43s | Path: GPU-cuStateVec+cpu-expect MPI-distributed (1 ranks)
Iter 0024/896 | E: -3.753686 | Δ: 4.50e-02 | M: 9435.6769 | iter=  0.12s | ETA: 1m43s | Path: GPU-cuStateVec+cpu-expect MPI-distributed (1 ranks)
Iter 0025/896 | E: -4.488584 | Δ: 7.35e-01 | M: 9174.1642 | iter=  0.12s | ETA: 1m43s | Path: GPU-cuStateVec+cpu-expect MPI-distributed (1 ranks)
[RESILIENCE] Iteration 25: Global theta state checkpointed at path checkpoints/BeH2/checkpoint_iter_0025.npy. 
Iter 0026/896 | E: -4.645133 | Δ: 1.57e-01 | M: 9402.9135 | iter=  0.12s | ETA: 1m43s | Path: GPU-cuStateVec+cpu-expect MPI-distributed (1 ranks)
Iter 0027/896 | E: -4.780054 | Δ: 1.35e-01 | M: 9455.7671 | iter=  0.12s | ETA: 1m43s | Path: GPU-cuStateVec+cpu-expect MPI-distributed (1 ranks)
Iter 0028/896 | E: -4.877357 | Δ: 9.73e-02 | M: 8109.7886 | iter=  0.12s | ETA: 1m43s | Path: GPU-cuStateVec+cpu-expect MPI-distributed (1 ranks)
Iter 0029/896 | E: -5.277788 | Δ: 4.00e-01 | M: 9466.8562 | iter=  0.12s | ETA: 1m43s | Path: GPU-cuStateVec+cpu-expect MPI-distributed (1 ranks)
Iter 0030/896 | E: -5.697313 | Δ: 4.20e-01 | M: 9090.3617 | iter=  0.12s | ETA: 1m43s | Path: GPU-cuStateVec+cpu-expect MPI-distributed (1 ranks)
[RESILIENCE] Iteration 30: Global theta state checkpointed at path checkpoints/BeH2/checkpoint_iter_0030.npy. 
Iter 0031/896 | E: -6.077864 | Δ: 3.81e-01 | M: 8861.1142 | iter=  0.12s | ETA: 1m42s | Path: GPU-cuStateVec+cpu-expect MPI-distributed (1 ranks)
Iter 0032/896 | E: -6.301980 | Δ: 2.24e-01 | M: 9377.8666 | iter=  0.12s | ETA: 1m42s | Path: GPU-cuStateVec+cpu-expect MPI-distributed (1 ranks)
Iter 0033/896 | E: -7.239587 | Δ: 9.38e-01 | M: 9220.4873 | iter=  0.12s | ETA: 1m42s | Path: GPU-cuStateVec+cpu-expect MPI-distributed (1 ranks)
Iter 0034/896 | E: -7.320763 | Δ: 8.12e-02 | M: 9610.7159 | iter=  0.12s | ETA: 1m42s | Path: GPU-cuStateVec+cpu-expect MPI-distributed (1 ranks)
Iter 0035/896 | E: -7.302083 | Δ: 1.87e-02 | M: 8970.1352 | iter=  0.12s | ETA: 1m42s | Path: GPU-cuStateVec+cpu-expect MPI-distributed (1 ranks)
[RESILIENCE] Iteration 35: Global theta state checkpointed at path checkpoints/BeH2/checkpoint_iter_0035.npy. 
Iter 0036/896 | E: -7.568018 | Δ: 2.66e-01 | M: 9542.1632 | iter=  0.12s | ETA: 1m42s | Path: GPU-cuStateVec+cpu-expect MPI-distributed (1 ranks)
Iter 0037/896 | E: -7.743127 | Δ: 1.75e-01 | M: 9007.3575 | iter=  0.12s | ETA: 1m41s | Path: GPU-cuStateVec+cpu-expect MPI-distributed (1 ranks)
Iter 0038/896 | E: -7.806948 | Δ: 6.38e-02 | M: 9571.4486 | iter=  0.12s | ETA: 1m41s | Path: GPU-cuStateVec+cpu-expect MPI-distributed (1 ranks)
Iter 0039/896 | E: -7.934750 | Δ: 1.28e-01 | M: 9195.5380 | iter=  0.12s | ETA: 1m41s | Path: GPU-cuStateVec+cpu-expect MPI-distributed (1 ranks)
Iter 0040/896 | E: -7.940707 | Δ: 5.96e-03 | M: 9085.9028 | iter=  0.12s | ETA: 1m41s | Path: GPU-cuStateVec+cpu-expect MPI-distributed (1 ranks)
[RESILIENCE] Iteration 40: Global theta state checkpointed at path checkpoints/BeH2/checkpoint_iter_0040.npy. 
Iter 0041/896 | E: -8.158731 | Δ: 2.18e-01 | M: 9023.9987 | iter=  0.12s | ETA: 1m41s | Path: GPU-cuStateVec+cpu-expect MPI-distributed (1 ranks)
Iter 0042/896 | E: -8.160795 | Δ: 2.06e-03 | M: 9375.5303 | iter=  0.12s | ETA: 1m41s | Path: GPU-cuStateVec+cpu-expect MPI-distributed (1 ranks)
Iter 0043/896 | E: -8.239337 | Δ: 7.85e-02 | M: 9360.6664 | iter=  0.12s | ETA: 1m41s | Path: GPU-cuStateVec+cpu-expect MPI-distributed (1 ranks)
Iter 0044/896 | E: -8.535254 | Δ: 2.96e-01 | M: 9287.0624 | iter=  0.12s | ETA: 1m41s | Path: GPU-cuStateVec+cpu-expect MPI-distributed (1 ranks)
Iter 0045/896 | E: -8.557481 | Δ: 2.22e-02 | M: 3813.6960 | iter=  0.12s | ETA: 1m41s | Path: GPU-cuStateVec+cpu-expect MPI-distributed (1 ranks)
[RESILIENCE] Iteration 45: Global theta state checkpointed at path checkpoints/BeH2/checkpoint_iter_0045.npy. 
Iter 0046/896 | E: -8.596313 | Δ: 3.88e-02 | M: 9311.3571 | iter=  0.12s | ETA: 1m40s | Path: GPU-cuStateVec+cpu-expect MPI-distributed (1 ranks)
Iter 0047/896 | E: -8.618841 | Δ: 2.25e-02 | M: 9178.3514 | iter=  0.12s | ETA: 1m40s | Path: GPU-cuStateVec+cpu-expect MPI-distributed (1 ranks)
Iter 0048/896 | E: -8.649938 | Δ: 3.11e-02 | M: 9033.4530 | iter=  0.12s | ETA: 1m40s | Path: GPU-cuStateVec+cpu-expect MPI-distributed (1 ranks)
Iter 0049/896 | E: -8.717777 | Δ: 6.78e-02 | M: 9339.7911 | iter=  0.12s | ETA: 1m40s | Path: GPU-cuStateVec+cpu-expect MPI-distributed (1 ranks)
Iter 0050/896 | E: -8.840375 | Δ: 1.23e-01 | M: 9121.1841 | iter=  0.12s | ETA: 1m40s | Path: GPU-cuStateVec+cpu-expect MPI-distributed (1 ranks)
[RESILIENCE] Iteration 50: Global theta state checkpointed at path checkpoints/BeH2/checkpoint_iter_0050.npy. 
Iter 0051/896 | E: -8.903111 | Δ: 6.27e-02 | M: 9351.3790 | iter=  0.12s | ETA: 1m40s | Path: GPU-cuStateVec+cpu-expect MPI-distributed (1 ranks)
Iter 0052/896 | E: -8.948470 | Δ: 4.54e-02 | M: 9392.7951 | iter=  0.12s | ETA: 1m40s | Path: GPU-cuStateVec+cpu-expect MPI-distributed (1 ranks)
Iter 0053/896 | E: -8.954184 | Δ: 5.71e-03 | M: 7655.2145 | iter=  0.12s | ETA: 1m40s | Path: GPU-cuStateVec+cpu-expect MPI-distributed (1 ranks)
Iter 0054/896 | E: -8.965291 | Δ: 1.11e-02 | M: 9394.5245 | iter=  0.12s | ETA: 1m40s | Path: GPU-cuStateVec+cpu-expect MPI-distributed (1 ranks)
Iter 0055/896 | E: -8.962166 | Δ: 3.13e-03 | M: 8593.3565 | iter=  0.12s | ETA: 1m39s | Path: GPU-cuStateVec+cpu-expect MPI-distributed (1 ranks)
[RESILIENCE] Iteration 55: Global theta state checkpointed at path checkpoints/BeH2/checkpoint_iter_0055.npy. 
Iter 0056/896 | E: -9.066210 | Δ: 1.04e-01 | M: 9285.0714 | iter=  0.12s | ETA: 1m39s | Path: GPU-cuStateVec+cpu-expect MPI-distributed (1 ranks)
Iter 0057/896 | E: -9.105061 | Δ: 3.89e-02 | M: 9131.4909 | iter=  0.12s | ETA: 1m39s | Path: GPU-cuStateVec+cpu-expect MPI-distributed (1 ranks)
Iter 0058/896 | E: -9.093234 | Δ: 1.18e-02 | M: 9240.5120 | iter=  0.12s | ETA: 1m39s | Path: GPU-cuStateVec+cpu-expect MPI-distributed (1 ranks)
Iter 0059/896 | E: -9.179873 | Δ: 8.66e-02 | M: 9430.3183 | iter=  0.12s | ETA: 1m39s | Path: GPU-cuStateVec+cpu-expect MPI-distributed (1 ranks)
Iter 0060/896 | E: -9.261334 | Δ: 8.15e-02 | M: 9461.5863 | iter=  0.12s | ETA: 1m39s | Path: GPU-cuStateVec+cpu-expect MPI-distributed (1 ranks)
[RESILIENCE] Iteration 60: Global theta state checkpointed at path checkpoints/BeH2/checkpoint_iter_0060.npy. 
Iter 0061/896 | E: -9.314997 | Δ: 5.37e-02 | M: 9201.1919 | iter=  0.12s | ETA: 1m39s | Path: GPU-cuStateVec+cpu-expect MPI-distributed (1 ranks)
Iter 0062/896 | E: -9.347220 | Δ: 3.22e-02 | M: 9348.9905 | iter=  0.12s | ETA: 1m39s | Path: GPU-cuStateVec+cpu-expect MPI-distributed (1 ranks)
Iter 0063/896 | E: -9.355557 | Δ: 8.34e-03 | M: 9438.3563 | iter=  0.12s | ETA: 1m38s | Path: GPU-cuStateVec+cpu-expect MPI-distributed (1 ranks)
Iter 0064/896 | E: -9.451928 | Δ: 9.64e-02 | M: 9340.0518 | iter=  0.12s | ETA: 1m38s | Path: GPU-cuStateVec+cpu-expect MPI-distributed (1 ranks)
Iter 0065/896 | E: -9.606824 | Δ: 1.55e-01 | M: 9176.9794 | iter=  0.12s | ETA: 1m38s | Path: GPU-cuStateVec+cpu-expect MPI-distributed (1 ranks)
[RESILIENCE] Iteration 65: Global theta state checkpointed at path checkpoints/BeH2/checkpoint_iter_0065.npy. 
Iter 0066/896 | E: -9.640133 | Δ: 3.33e-02 | M: 9162.2019 | iter=  0.12s | ETA: 1m38s | Path: GPU-cuStateVec+cpu-expect MPI-distributed (1 ranks)
Iter 0067/896 | E: -9.608463 | Δ: 3.17e-02 | M: 9357.7890 | iter=  0.12s | ETA: 1m38s | Path: GPU-cuStateVec+cpu-expect MPI-distributed (1 ranks)
Iter 0068/896 | E: -9.772234 | Δ: 1.64e-01 | M: 9388.3548 | iter=  0.12s | ETA: 1m38s | Path: GPU-cuStateVec+cpu-expect MPI-distributed (1 ranks)
Iter 0069/896 | E: -9.751396 | Δ: 2.08e-02 | M: 9510.1011 | iter=  0.12s | ETA: 1m37s | Path: GPU-cuStateVec+cpu-expect MPI-distributed (1 ranks)
Iter 0070/896 | E: -9.863667 | Δ: 1.12e-01 | M: 9503.3397 | iter=  0.12s | ETA: 1m37s | Path: GPU-cuStateVec+cpu-expect MPI-distributed (1 ranks)
[RESILIENCE] Iteration 70: Global theta state checkpointed at path checkpoints/BeH2/checkpoint_iter_0070.npy. 
Iter 0071/896 | E: -9.894339 | Δ: 3.07e-02 | M: 8792.9018 | iter=  0.12s | ETA: 1m37s | Path: GPU-cuStateVec+cpu-expect MPI-distributed (1 ranks)
Iter 0072/896 | E: -9.894036 | Δ: 3.03e-04 | M: 9313.3518 | iter=  0.12s | ETA: 1m37s | Path: GPU-cuStateVec+cpu-expect MPI-distributed (1 ranks)
Iter 0073/896 | E: -9.925375 | Δ: 3.13e-02 | M: 9066.3285 | iter=  0.12s | ETA: 1m37s | Path: GPU-cuStateVec+cpu-expect MPI-distributed (1 ranks)
Iter 0074/896 | E: -10.055608 | Δ: 1.30e-01 | M: 9503.4740 | iter=  0.12s | ETA: 1m37s | Path: GPU-cuStateVec+cpu-expect MPI-distributed (1 ranks)
Iter 0075/896 | E: -10.112966 | Δ: 5.74e-02 | M: 9278.9768 | iter=  0.12s | ETA: 1m37s | Path: GPU-cuStateVec+cpu-expect MPI-distributed (1 ranks)
[RESILIENCE] Iteration 75: Global theta state checkpointed at path checkpoints/BeH2/checkpoint_iter_0075.npy. 
Iter 0076/896 | E: -10.258070 | Δ: 1.45e-01 | M: 8564.8401 | iter=  0.12s | ETA: 1m37s | Path: GPU-cuStateVec+cpu-expect MPI-distributed (1 ranks)
Iter 0077/896 | E: -10.275136 | Δ: 1.71e-02 | M: 9222.0849 | iter=  0.12s | ETA: 1m37s | Path: GPU-cuStateVec+cpu-expect MPI-distributed (1 ranks)
Iter 0078/896 | E: -10.257009 | Δ: 1.81e-02 | M: 9290.1509 | iter=  0.12s | ETA: 1m37s | Path: GPU-cuStateVec+cpu-expect MPI-distributed (1 ranks)
Iter 0079/896 | E: -10.344232 | Δ: 8.72e-02 | M: 9302.8444 | iter=  0.12s | ETA: 1m37s | Path: GPU-cuStateVec+cpu-expect MPI-distributed (1 ranks)
Iter 0080/896 | E: -10.345926 | Δ: 1.69e-03 | M: 9455.5589 | iter=  0.12s | ETA: 1m37s | Path: GPU-cuStateVec+cpu-expect MPI-distributed (1 ranks)
[RESILIENCE] Iteration 80: Global theta state checkpointed at path checkpoints/BeH2/checkpoint_iter_0080.npy. 
Iter 0081/896 | E: -10.394710 | Δ: 4.88e-02 | M: 9321.8314 | iter=  0.12s | ETA: 1m36s | Path: GPU-cuStateVec+cpu-expect MPI-distributed (1 ranks)
Iter 0082/896 | E: -10.413019 | Δ: 1.83e-02 | M: 9527.4543 | iter=  0.12s | ETA: 1m36s | Path: GPU-cuStateVec+cpu-expect MPI-distributed (1 ranks)
Iter 0083/896 | E: -10.524177 | Δ: 1.11e-01 | M: 9207.8212 | iter=  0.12s | ETA: 1m36s | Path: GPU-cuStateVec+cpu-expect MPI-distributed (1 ranks)
Iter 0084/896 | E: -10.514866 | Δ: 9.31e-03 | M: 9155.9564 | iter=  0.12s | ETA: 1m36s | Path: GPU-cuStateVec+cpu-expect MPI-distributed (1 ranks)
Iter 0085/896 | E: -10.558256 | Δ: 4.34e-02 | M: 9266.4461 | iter=  0.12s | ETA: 1m36s | Path: GPU-cuStateVec+cpu-expect MPI-distributed (1 ranks)
[RESILIENCE] Iteration 85: Global theta state checkpointed at path checkpoints/BeH2/checkpoint_iter_0085.npy. 
Iter 0086/896 | E: -10.599839 | Δ: 4.16e-02 | M: 9117.6358 | iter=  0.12s | ETA: 1m36s | Path: GPU-cuStateVec+cpu-expect MPI-distributed (1 ranks)
Iter 0087/896 | E: -10.704998 | Δ: 1.05e-01 | M: 9156.9522 | iter=  0.12s | ETA: 1m36s | Path: GPU-cuStateVec+cpu-expect MPI-distributed (1 ranks)
Iter 0088/896 | E: -10.689448 | Δ: 1.55e-02 | M: 9274.5418 | iter=  0.12s | ETA: 1m36s | Path: GPU-cuStateVec+cpu-expect MPI-distributed (1 ranks)
Iter 0089/896 | E: -10.771720 | Δ: 8.23e-02 | M: 9326.2740 | iter=  0.12s | ETA: 1m35s | Path: GPU-cuStateVec+cpu-expect MPI-distributed (1 ranks)
Iter 0090/896 | E: -10.830223 | Δ: 5.85e-02 | M: 7653.4962 | iter=  0.12s | ETA: 1m35s | Path: GPU-cuStateVec+cpu-expect MPI-distributed (1 ranks)
[RESILIENCE] Iteration 90: Global theta state checkpointed at path checkpoints/BeH2/checkpoint_iter_0090.npy. 
Iter 0091/896 | E: -10.975245 | Δ: 1.45e-01 | M: 9559.4349 | iter=  0.12s | ETA: 1m35s | Path: GPU-cuStateVec+cpu-expect MPI-distributed (1 ranks)
Iter 0092/896 | E: -10.999663 | Δ: 2.44e-02 | M: 9191.4944 | iter=  0.12s | ETA: 1m35s | Path: GPU-cuStateVec+cpu-expect MPI-distributed (1 ranks)
Iter 0093/896 | E: -10.980952 | Δ: 1.87e-02 | M: 8752.8963 | iter=  0.12s | ETA: 1m35s | Path: GPU-cuStateVec+cpu-expect MPI-distributed (1 ranks)
Iter 0094/896 | E: -10.977492 | Δ: 3.46e-03 | M: 9570.2043 | iter=  0.12s | ETA: 1m34s | Path: GPU-cuStateVec+cpu-expect MPI-distributed (1 ranks)
Iter 0095/896 | E: -10.998675 | Δ: 2.12e-02 | M: 9220.5343 | iter=  0.12s | ETA: 1m35s | Path: GPU-cuStateVec+cpu-expect MPI-distributed (1 ranks)
[RESILIENCE] Iteration 95: Global theta state checkpointed at path checkpoints/BeH2/checkpoint_iter_0095.npy. 
Iter 0096/896 | E: -11.071337 | Δ: 7.27e-02 | M: 4642.1126 | iter=  0.12s | ETA: 1m35s | Path: GPU-cuStateVec+cpu-expect MPI-distributed (1 ranks)
Iter 0097/896 | E: -11.228310 | Δ: 1.57e-01 | M: 9198.0256 | iter=  0.12s | ETA: 1m34s | Path: GPU-cuStateVec+cpu-expect MPI-distributed (1 ranks)
Iter 0098/896 | E: -11.271932 | Δ: 4.36e-02 | M: 9250.4434 | iter=  0.12s | ETA: 1m34s | Path: GPU-cuStateVec+cpu-expect MPI-distributed (1 ranks)
Iter 0099/896 | E: -11.308531 | Δ: 3.66e-02 | M: 9364.5482 | iter=  0.12s | ETA: 1m34s | Path: GPU-cuStateVec+cpu-expect MPI-distributed (1 ranks)
Iter 0100/896 | E: -11.437423 | Δ: 1.29e-01 | M: 9150.4250 | iter=  0.12s | ETA: 1m34s | Path: GPU-cuStateVec+cpu-expect MPI-distributed (1 ranks)
[RESILIENCE] Iteration 100: Global theta state checkpointed at path checkpoints/BeH2/checkpoint_iter_0100.npy. 
Iter 0101/896 | E: -11.534418 | Δ: 9.70e-02 | M: 9461.1401 | iter=  0.12s | ETA: 1m34s | Path: GPU-cuStateVec+cpu-expect MPI-distributed (1 ranks)
Iter 0102/896 | E: -11.539159 | Δ: 4.74e-03 | M: 9189.6404 | iter=  0.12s | ETA: 1m34s | Path: GPU-cuStateVec+cpu-expect MPI-distributed (1 ranks)
Iter 0103/896 | E: -11.586120 | Δ: 4.70e-02 | M: 9314.0458 | iter=  0.12s | ETA: 1m34s | Path: GPU-cuStateVec+cpu-expect MPI-distributed (1 ranks)
Iter 0104/896 | E: -11.554233 | Δ: 3.19e-02 | M: 9575.2671 | iter=  0.12s | ETA: 1m34s | Path: GPU-cuStateVec+cpu-expect MPI-distributed (1 ranks)
Iter 0105/896 | E: -11.604698 | Δ: 5.05e-02 | M: 9184.3530 | iter=  0.12s | ETA: 1m33s | Path: GPU-cuStateVec+cpu-expect MPI-distributed (1 ranks)
[RESILIENCE] Iteration 105: Global theta state checkpointed at path checkpoints/BeH2/checkpoint_iter_0105.npy. 
Iter 0106/896 | E: -11.682964 | Δ: 7.83e-02 | M: 9466.8888 | iter=  0.12s | ETA: 1m33s | Path: GPU-cuStateVec+cpu-expect MPI-distributed (1 ranks)
Iter 0107/896 | E: -11.784440 | Δ: 1.01e-01 | M: 9330.3015 | iter=  0.12s | ETA: 1m33s | Path: GPU-cuStateVec+cpu-expect MPI-distributed (1 ranks)
Iter 0108/896 | E: -11.780259 | Δ: 4.18e-03 | M: 9494.6014 | iter=  0.12s | ETA: 1m33s | Path: GPU-cuStateVec+cpu-expect MPI-distributed (1 ranks)
Iter 0109/896 | E: -11.831200 | Δ: 5.09e-02 | M: 9186.9621 | iter=  0.12s | ETA: 1m33s | Path: GPU-cuStateVec+cpu-expect MPI-distributed (1 ranks)
Iter 0110/896 | E: -11.892599 | Δ: 6.14e-02 | M: 9395.8674 | iter=  0.12s | ETA: 1m33s | Path: GPU-cuStateVec+cpu-expect MPI-distributed (1 ranks)
[RESILIENCE] Iteration 110: Global theta state checkpointed at path checkpoints/BeH2/checkpoint_iter_0110.npy. 
Iter 0111/896 | E: -11.928181 | Δ: 3.56e-02 | M: 9227.7367 | iter=  0.12s | ETA: 1m33s | Path: GPU-cuStateVec+cpu-expect MPI-distributed (1 ranks)
Iter 0112/896 | E: -11.950667 | Δ: 2.25e-02 | M: 8788.1331 | iter=  0.12s | ETA: 1m33s | Path: GPU-cuStateVec+cpu-expect MPI-distributed (1 ranks)
Iter 0113/896 | E: -11.954497 | Δ: 3.83e-03 | M: 8995.6075 | iter=  0.12s | ETA: 1m32s | Path: GPU-cuStateVec+cpu-expect MPI-distributed (1 ranks)
Iter 0114/896 | E: -11.976928 | Δ: 2.24e-02 | M: 9232.1099 | iter=  0.12s | ETA: 1m32s | Path: GPU-cuStateVec+cpu-expect MPI-distributed (1 ranks)
Iter 0115/896 | E: -11.983137 | Δ: 6.21e-03 | M: 9332.0501 | iter=  0.12s | ETA: 1m32s | Path: GPU-cuStateVec+cpu-expect MPI-distributed (1 ranks)
[RESILIENCE] Iteration 115: Global theta state checkpointed at path checkpoints/BeH2/checkpoint_iter_0115.npy. 
Iter 0116/896 | E: -11.983155 | Δ: 1.86e-05 | M: 8878.3340 | iter=  0.12s | ETA: 1m32s | Path: GPU-cuStateVec+cpu-expect MPI-distributed (1 ranks)
Iter 0117/896 | E: -12.069478 | Δ: 8.63e-02 | M: 9355.8851 | iter=  0.12s | ETA: 1m32s | Path: GPU-cuStateVec+cpu-expect MPI-distributed (1 ranks)
Iter 0118/896 | E: -12.079802 | Δ: 1.03e-02 | M: 9301.0638 | iter=  0.12s | ETA: 1m32s | Path: GPU-cuStateVec+cpu-expect MPI-distributed (1 ranks)
Iter 0119/896 | E: -12.124233 | Δ: 4.44e-02 | M: 9137.1166 | iter=  0.12s | ETA: 1m31s | Path: GPU-cuStateVec+cpu-expect MPI-distributed (1 ranks)
Iter 0120/896 | E: -12.253612 | Δ: 1.29e-01 | M: 9417.7549 | iter=  0.12s | ETA: 1m31s | Path: GPU-cuStateVec+cpu-expect MPI-distributed (1 ranks)
[RESILIENCE] Iteration 120: Global theta state checkpointed at path checkpoints/BeH2/checkpoint_iter_0120.npy. 
Iter 0121/896 | E: -12.317648 | Δ: 6.40e-02 | M: 9606.4606 | iter=  0.12s | ETA: 1m31s | Path: GPU-cuStateVec+cpu-expect MPI-distributed (1 ranks)
Iter 0122/896 | E: -12.351764 | Δ: 3.41e-02 | M: 9479.2790 | iter=  0.12s | ETA: 1m31s | Path: GPU-cuStateVec+cpu-expect MPI-distributed (1 ranks)
Iter 0123/896 | E: -12.378976 | Δ: 2.72e-02 | M: 9481.9410 | iter=  0.12s | ETA: 1m31s | Path: GPU-cuStateVec+cpu-expect MPI-distributed (1 ranks)
Iter 0124/896 | E: -12.461354 | Δ: 8.24e-02 | M: 9320.8032 | iter=  0.12s | ETA: 1m31s | Path: GPU-cuStateVec+cpu-expect MPI-distributed (1 ranks)
Iter 0125/896 | E: -12.448448 | Δ: 1.29e-02 | M: 8915.0109 | iter=  0.12s | ETA: 1m31s | Path: GPU-cuStateVec+cpu-expect MPI-distributed (1 ranks)
[RESILIENCE] Iteration 125: Global theta state checkpointed at path checkpoints/BeH2/checkpoint_iter_0125.npy. 
Iter 0126/896 | E: -12.538850 | Δ: 9.04e-02 | M: 9284.0563 | iter=  0.12s | ETA: 1m31s | Path: GPU-cuStateVec+cpu-expect MPI-distributed (1 ranks)
Iter 0127/896 | E: -12.594478 | Δ: 5.56e-02 | M: 9388.0241 | iter=  0.12s | ETA: 1m31s | Path: GPU-cuStateVec+cpu-expect MPI-distributed (1 ranks)
Iter 0128/896 | E: -12.628768 | Δ: 3.43e-02 | M: 9117.0159 | iter=  0.12s | ETA: 1m31s | Path: GPU-cuStateVec+cpu-expect MPI-distributed (1 ranks)
Iter 0129/896 | E: -12.642780 | Δ: 1.40e-02 | M: 9125.5972 | iter=  0.12s | ETA: 1m30s | Path: GPU-cuStateVec+cpu-expect MPI-distributed (1 ranks)
Iter 0130/896 | E: -12.634011 | Δ: 8.77e-03 | M: 8845.5102 | iter=  0.12s | ETA: 1m30s | Path: GPU-cuStateVec+cpu-expect MPI-distributed (1 ranks)
[RESILIENCE] Iteration 130: Global theta state checkpointed at path checkpoints/BeH2/checkpoint_iter_0130.npy. 
Iter 0131/896 | E: -12.713025 | Δ: 7.90e-02 | M: 8921.1345 | iter=  0.12s | ETA: 1m30s | Path: GPU-cuStateVec+cpu-expect MPI-distributed (1 ranks)
Iter 0132/896 | E: -12.736649 | Δ: 2.36e-02 | M: 9375.4731 | iter=  0.12s | ETA: 1m30s | Path: GPU-cuStateVec+cpu-expect MPI-distributed (1 ranks)
Iter 0133/896 | E: -12.712627 | Δ: 2.40e-02 | M: 9463.4596 | iter=  0.12s | ETA: 1m30s | Path: GPU-cuStateVec+cpu-expect MPI-distributed (1 ranks)
Iter 0134/896 | E: -12.785227 | Δ: 7.26e-02 | M: 9315.6082 | iter=  0.12s | ETA: 1m30s | Path: GPU-cuStateVec+cpu-expect MPI-distributed (1 ranks)
Iter 0135/896 | E: -12.788693 | Δ: 3.47e-03 | M: 8889.3474 | iter=  0.12s | ETA: 1m30s | Path: GPU-cuStateVec+cpu-expect MPI-distributed (1 ranks)
[RESILIENCE] Iteration 135: Global theta state checkpointed at path checkpoints/BeH2/checkpoint_iter_0135.npy. 
Iter 0136/896 | E: -12.833494 | Δ: 4.48e-02 | M: 9111.8921 | iter=  0.12s | ETA: 1m29s | Path: GPU-cuStateVec+cpu-expect MPI-distributed (1 ranks)
Iter 0137/896 | E: -12.899151 | Δ: 6.57e-02 | M: 9459.0788 | iter=  0.12s | ETA: 1m30s | Path: GPU-cuStateVec+cpu-expect MPI-distributed (1 ranks)
Iter 0138/896 | E: -12.919466 | Δ: 2.03e-02 | M: 7896.2355 | iter=  0.12s | ETA: 1m29s | Path: GPU-cuStateVec+cpu-expect MPI-distributed (1 ranks)
Iter 0139/896 | E: -12.911212 | Δ: 8.25e-03 | M: 9328.4216 | iter=  0.12s | ETA: 1m30s | Path: GPU-cuStateVec+cpu-expect MPI-distributed (1 ranks)
Iter 0140/896 | E: -12.953385 | Δ: 4.22e-02 | M: 9373.1630 | iter=  0.12s | ETA: 1m30s | Path: GPU-cuStateVec+cpu-expect MPI-distributed (1 ranks)
[RESILIENCE] Iteration 140: Global theta state checkpointed at path checkpoints/BeH2/checkpoint_iter_0140.npy. 
Iter 0141/896 | E: -13.043472 | Δ: 9.01e-02 | M: 9342.9726 | iter=  0.12s | ETA: 1m29s | Path: GPU-cuStateVec+cpu-expect MPI-distributed (1 ranks)
Iter 0142/896 | E: -13.048355 | Δ: 4.88e-03 | M: 9499.1720 | iter=  0.12s | ETA: 1m29s | Path: GPU-cuStateVec+cpu-expect MPI-distributed (1 ranks)
Iter 0143/896 | E: -13.055720 | Δ: 7.37e-03 | M: 9358.9880 | iter=  0.12s | ETA: 1m29s | Path: GPU-cuStateVec+cpu-expect MPI-distributed (1 ranks)
Iter 0144/896 | E: -13.069395 | Δ: 1.37e-02 | M: 9176.2838 | iter=  0.12s | ETA: 1m29s | Path: GPU-cuStateVec+cpu-expect MPI-distributed (1 ranks)
Iter 0145/896 | E: -13.125489 | Δ: 5.61e-02 | M: 9313.8999 | iter=  0.12s | ETA: 1m29s | Path: GPU-cuStateVec+cpu-expect MPI-distributed (1 ranks)
[RESILIENCE] Iteration 145: Global theta state checkpointed at path checkpoints/BeH2/checkpoint_iter_0145.npy. 
Iter 0146/896 | E: -13.120300 | Δ: 5.19e-03 | M: 9453.3693 | iter=  0.12s | ETA: 1m29s | Path: GPU-cuStateVec+cpu-expect MPI-distributed (1 ranks)
Iter 0147/896 | E: -13.223162 | Δ: 1.03e-01 | M: 9060.7429 | iter=  0.12s | ETA: 1m28s | Path: GPU-cuStateVec+cpu-expect MPI-distributed (1 ranks)
Iter 0148/896 | E: -13.226914 | Δ: 3.75e-03 | M: 9197.9205 | iter=  0.12s | ETA: 1m28s | Path: GPU-cuStateVec+cpu-expect MPI-distributed (1 ranks)
Iter 0149/896 | E: -13.260571 | Δ: 3.37e-02 | M: 9365.3187 | iter=  0.12s | ETA: 1m28s | Path: GPU-cuStateVec+cpu-expect MPI-distributed (1 ranks)
Iter 0150/896 | E: -13.259455 | Δ: 1.12e-03 | M: 9394.8462 | iter=  0.12s | ETA: 1m28s | Path: GPU-cuStateVec+cpu-expect MPI-distributed (1 ranks)
[RESILIENCE] Iteration 150: Global theta state checkpointed at path checkpoints/BeH2/checkpoint_iter_0150.npy. 
Iter 0151/896 | E: -13.285825 | Δ: 2.64e-02 | M: 9279.7401 | iter=  0.12s | ETA: 1m28s | Path: GPU-cuStateVec+cpu-expect MPI-distributed (1 ranks)
Iter 0152/896 | E: -13.317306 | Δ: 3.15e-02 | M: 9384.0367 | iter=  0.12s | ETA: 1m28s | Path: GPU-cuStateVec+cpu-expect MPI-distributed (1 ranks)
Iter 0153/896 | E: -13.316959 | Δ: 3.47e-04 | M: 9231.9477 | iter=  0.12s | ETA: 1m28s | Path: GPU-cuStateVec+cpu-expect MPI-distributed (1 ranks)
Iter 0154/896 | E: -13.318731 | Δ: 1.77e-03 | M: 8930.8317 | iter=  0.12s | ETA: 1m28s | Path: GPU-cuStateVec+cpu-expect MPI-distributed (1 ranks)
Iter 0155/896 | E: -13.365630 | Δ: 4.69e-02 | M: 8950.7644 | iter=  0.12s | ETA: 1m28s | Path: GPU-cuStateVec+cpu-expect MPI-distributed (1 ranks)
[RESILIENCE] Iteration 155: Global theta state checkpointed at path checkpoints/BeH2/checkpoint_iter_0155.npy. 
Iter 0156/896 | E: -13.372205 | Δ: 6.57e-03 | M: 9367.3920 | iter=  0.12s | ETA: 1m28s | Path: GPU-cuStateVec+cpu-expect MPI-distributed (1 ranks)
Iter 0157/896 | E: -13.402228 | Δ: 3.00e-02 | M: 9241.0879 | iter=  0.12s | ETA: 1m27s | Path: GPU-cuStateVec+cpu-expect MPI-distributed (1 ranks)
Iter 0158/896 | E: -13.393590 | Δ: 8.64e-03 | M: 9142.3548 | iter=  0.12s | ETA: 1m27s | Path: GPU-cuStateVec+cpu-expect MPI-distributed (1 ranks)
Iter 0159/896 | E: -13.452793 | Δ: 5.92e-02 | M: 9220.6641 | iter=  0.12s | ETA: 1m27s | Path: GPU-cuStateVec+cpu-expect MPI-distributed (1 ranks)
Iter 0160/896 | E: -13.469219 | Δ: 1.64e-02 | M: 8592.7846 | iter=  0.12s | ETA: 1m27s | Path: GPU-cuStateVec+cpu-expect MPI-distributed (1 ranks)
[RESILIENCE] Iteration 160: Global theta state checkpointed at path checkpoints/BeH2/checkpoint_iter_0160.npy. 
Iter 0161/896 | E: -13.489937 | Δ: 2.07e-02 | M: 9091.3599 | iter=  0.12s | ETA: 1m27s | Path: GPU-cuStateVec+cpu-expect MPI-distributed (1 ranks)
Iter 0162/896 | E: -13.512498 | Δ: 2.26e-02 | M: 9325.8862 | iter=  0.12s | ETA: 1m27s | Path: GPU-cuStateVec+cpu-expect MPI-distributed (1 ranks)
Iter 0163/896 | E: -13.547976 | Δ: 3.55e-02 | M: 8826.3986 | iter=  0.12s | ETA: 1m27s | Path: GPU-cuStateVec+cpu-expect MPI-distributed (1 ranks)
Iter 0164/896 | E: -13.553787 | Δ: 5.81e-03 | M: 9493.2995 | iter=  0.12s | ETA: 1m27s | Path: GPU-cuStateVec+cpu-expect MPI-distributed (1 ranks)
Iter 0165/896 | E: -13.601187 | Δ: 4.74e-02 | M: 9297.9804 | iter=  0.12s | ETA: 1m27s | Path: GPU-cuStateVec+cpu-expect MPI-distributed (1 ranks)
[RESILIENCE] Iteration 165: Global theta state checkpointed at path checkpoints/BeH2/checkpoint_iter_0165.npy. 
Iter 0166/896 | E: -13.653495 | Δ: 5.23e-02 | M: 9329.4856 | iter=  0.12s | ETA: 1m26s | Path: GPU-cuStateVec+cpu-expect MPI-distributed (1 ranks)
Iter 0167/896 | E: -13.666969 | Δ: 1.35e-02 | M: 9366.2866 | iter=  0.12s | ETA: 1m26s | Path: GPU-cuStateVec+cpu-expect MPI-distributed (1 ranks)
Iter 0168/896 | E: -13.790586 | Δ: 1.24e-01 | M: 8759.7236 | iter=  0.12s | ETA: 1m26s | Path: GPU-cuStateVec+cpu-expect MPI-distributed (1 ranks)
Iter 0169/896 | E: -13.819015 | Δ: 2.84e-02 | M: 9209.8818 | iter=  0.12s | ETA: 1m26s | Path: GPU-cuStateVec+cpu-expect MPI-distributed (1 ranks)
Iter 0170/896 | E: -13.850157 | Δ: 3.11e-02 | M: 8658.5452 | iter=  0.12s | ETA: 1m26s | Path: GPU-cuStateVec+cpu-expect MPI-distributed (1 ranks)
[RESILIENCE] Iteration 170: Global theta state checkpointed at path checkpoints/BeH2/checkpoint_iter_0170.npy. 
Iter 0171/896 | E: -13.857347 | Δ: 7.19e-03 | M: 8535.9447 | iter=  0.12s | ETA: 1m26s | Path: GPU-cuStateVec+cpu-expect MPI-distributed (1 ranks)
Iter 0172/896 | E: -13.859403 | Δ: 2.06e-03 | M: 9157.4224 | iter=  0.12s | ETA: 1m26s | Path: GPU-cuStateVec+cpu-expect MPI-distributed (1 ranks)
Iter 0173/896 | E: -13.881285 | Δ: 2.19e-02 | M: 8749.4162 | iter=  0.12s | ETA: 1m25s | Path: GPU-cuStateVec+cpu-expect MPI-distributed (1 ranks)
Iter 0174/896 | E: -13.879678 | Δ: 1.61e-03 | M: 9319.9340 | iter=  0.12s | ETA: 1m25s | Path: GPU-cuStateVec+cpu-expect MPI-distributed (1 ranks)
Iter 0175/896 | E: -13.882812 | Δ: 3.13e-03 | M: 9323.7414 | iter=  0.12s | ETA: 1m25s | Path: GPU-cuStateVec+cpu-expect MPI-distributed (1 ranks)
[RESILIENCE] Iteration 175: Global theta state checkpointed at path checkpoints/BeH2/checkpoint_iter_0175.npy. 
Iter 0176/896 | E: -13.918723 | Δ: 3.59e-02 | M: 9429.9973 | iter=  0.12s | ETA: 1m25s | Path: GPU-cuStateVec+cpu-expect MPI-distributed (1 ranks)
Iter 0177/896 | E: -13.927348 | Δ: 8.62e-03 | M: 9108.4129 | iter=  0.12s | ETA: 1m25s | Path: GPU-cuStateVec+cpu-expect MPI-distributed (1 ranks)
Iter 0178/896 | E: -14.017196 | Δ: 8.98e-02 | M: 9376.6712 | iter=  0.12s | ETA: 1m25s | Path: GPU-cuStateVec+cpu-expect MPI-distributed (1 ranks)
Iter 0179/896 | E: -14.021711 | Δ: 4.51e-03 | M: 9401.4184 | iter=  0.12s | ETA: 1m25s | Path: GPU-cuStateVec+cpu-expect MPI-distributed (1 ranks)
Iter 0180/896 | E: -14.037493 | Δ: 1.58e-02 | M: 9308.8821 | iter=  0.12s | ETA: 1m25s | Path: GPU-cuStateVec+cpu-expect MPI-distributed (1 ranks)
[RESILIENCE] Iteration 180: Global theta state checkpointed at path checkpoints/BeH2/checkpoint_iter_0180.npy. 
Iter 0181/896 | E: -14.057984 | Δ: 2.05e-02 | M: 9374.1944 | iter=  0.12s | ETA: 1m25s | Path: GPU-cuStateVec+cpu-expect MPI-distributed (1 ranks)
Iter 0182/896 | E: -14.132313 | Δ: 7.43e-02 | M: 9176.9903 | iter=  0.12s | ETA: 1m24s | Path: GPU-cuStateVec+cpu-expect MPI-distributed (1 ranks)
Iter 0183/896 | E: -14.117536 | Δ: 1.48e-02 | M: 9652.4834 | iter=  0.12s | ETA: 1m24s | Path: GPU-cuStateVec+cpu-expect MPI-distributed (1 ranks)
Iter 0184/896 | E: -14.147736 | Δ: 3.02e-02 | M: 9425.6756 | iter=  0.12s | ETA: 1m24s | Path: GPU-cuStateVec+cpu-expect MPI-distributed (1 ranks)
Iter 0185/896 | E: -14.148515 | Δ: 7.79e-04 | M: 9557.9614 | iter=  0.12s | ETA: 1m24s | Path: GPU-cuStateVec+cpu-expect MPI-distributed (1 ranks)
[RESILIENCE] Iteration 185: Global theta state checkpointed at path checkpoints/BeH2/checkpoint_iter_0185.npy. 
Iter 0186/896 | E: -14.224669 | Δ: 7.62e-02 | M: 9102.3705 | iter=  0.12s | ETA: 1m24s | Path: GPU-cuStateVec+cpu-expect MPI-distributed (1 ranks)
Iter 0187/896 | E: -14.220482 | Δ: 4.19e-03 | M: 9427.8442 | iter=  0.12s | ETA: 1m24s | Path: GPU-cuStateVec+cpu-expect MPI-distributed (1 ranks)
Iter 0188/896 | E: -14.260343 | Δ: 3.99e-02 | M: 8914.9262 | iter=  0.12s | ETA: 1m24s | Path: GPU-cuStateVec+cpu-expect MPI-distributed (1 ranks)
Iter 0189/896 | E: -14.274559 | Δ: 1.42e-02 | M: 9195.1154 | iter=  0.12s | ETA: 1m24s | Path: GPU-cuStateVec+cpu-expect MPI-distributed (1 ranks)
Iter 0190/896 | E: -14.335203 | Δ: 6.06e-02 | M: 9796.8543 | iter=  0.12s | ETA: 1m24s | Path: GPU-cuStateVec+cpu-expect MPI-distributed (1 ranks)
[RESILIENCE] Iteration 190: Global theta state checkpointed at path checkpoints/BeH2/checkpoint_iter_0190.npy. 
Iter 0191/896 | E: -14.358658 | Δ: 2.35e-02 | M: 8704.5398 | iter=  0.12s | ETA: 1m23s | Path: GPU-cuStateVec+cpu-expect MPI-distributed (1 ranks)
Iter 0192/896 | E: -14.369634 | Δ: 1.10e-02 | M: 9277.4281 | iter=  0.12s | ETA: 1m23s | Path: GPU-cuStateVec+cpu-expect MPI-distributed (1 ranks)
Iter 0193/896 | E: -14.392324 | Δ: 2.27e-02 | M: 9045.2445 | iter=  0.12s | ETA: 1m23s | Path: GPU-cuStateVec+cpu-expect MPI-distributed (1 ranks)
Iter 0194/896 | E: -14.384471 | Δ: 7.85e-03 | M: 9459.0739 | iter=  0.12s | ETA: 1m23s | Path: GPU-cuStateVec+cpu-expect MPI-distributed (1 ranks)
Iter 0195/896 | E: -14.397263 | Δ: 1.28e-02 | M: 9369.1792 | iter=  0.12s | ETA: 1m23s | Path: GPU-cuStateVec+cpu-expect MPI-distributed (1 ranks)
[RESILIENCE] Iteration 195: Global theta state checkpointed at path checkpoints/BeH2/checkpoint_iter_0195.npy. 
Iter 0196/896 | E: -14.406685 | Δ: 9.42e-03 | M: 9034.1162 | iter=  0.12s | ETA: 1m23s | Path: GPU-cuStateVec+cpu-expect MPI-distributed (1 ranks)
Iter 0197/896 | E: -14.453960 | Δ: 4.73e-02 | M: 9468.2910 | iter=  0.12s | ETA: 1m22s | Path: GPU-cuStateVec+cpu-expect MPI-distributed (1 ranks)
Iter 0198/896 | E: -14.450843 | Δ: 3.12e-03 | M: 9409.1218 | iter=  0.12s | ETA: 1m22s | Path: GPU-cuStateVec+cpu-expect MPI-distributed (1 ranks)
Iter 0199/896 | E: -14.521642 | Δ: 7.08e-02 | M: 9564.1269 | iter=  0.12s | ETA: 1m22s | Path: GPU-cuStateVec+cpu-expect MPI-distributed (1 ranks)
Iter 0200/896 | E: -14.539203 | Δ: 1.76e-02 | M: 9371.4949 | iter=  0.12s | ETA: 1m22s | Path: GPU-cuStateVec+cpu-expect MPI-distributed (1 ranks)
[RESILIENCE] Iteration 200: Global theta state checkpointed at path checkpoints/BeH2/checkpoint_iter_0200.npy. 
Iter 0201/896 | E: -14.579852 | Δ: 4.06e-02 | M: 8937.5723 | iter=  0.12s | ETA: 1m22s | Path: GPU-cuStateVec+cpu-expect MPI-distributed (1 ranks)
Iter 0202/896 | E: -14.552191 | Δ: 2.77e-02 | M: 9294.6956 | iter=  0.12s | ETA: 1m22s | Path: GPU-cuStateVec+cpu-expect MPI-distributed (1 ranks)
Iter 0203/896 | E: -14.577567 | Δ: 2.54e-02 | M: 8957.2379 | iter=  0.12s | ETA: 1m22s | Path: GPU-cuStateVec+cpu-expect MPI-distributed (1 ranks)
Iter 0204/896 | E: -14.565570 | Δ: 1.20e-02 | M: 9433.1959 | iter=  0.12s | ETA: 1m22s | Path: GPU-cuStateVec+cpu-expect MPI-distributed (1 ranks)
Iter 0205/896 | E: -14.589981 | Δ: 2.44e-02 | M: 9229.4486 | iter=  0.12s | ETA: 1m22s | Path: GPU-cuStateVec+cpu-expect MPI-distributed (1 ranks)
[RESILIENCE] Iteration 205: Global theta state checkpointed at path checkpoints/BeH2/checkpoint_iter_0205.npy. 
Iter 0206/896 | E: -14.625146 | Δ: 3.52e-02 | M: 9234.9902 | iter=  0.12s | ETA: 1m22s | Path: GPU-cuStateVec+cpu-expect MPI-distributed (1 ranks)
Iter 0207/896 | E: -14.632323 | Δ: 7.18e-03 | M: 9400.1295 | iter=  0.12s | ETA: 1m21s | Path: GPU-cuStateVec+cpu-expect MPI-distributed (1 ranks)
Iter 0208/896 | E: -14.725937 | Δ: 9.36e-02 | M: 8414.2430 | iter=  0.12s | ETA: 1m21s | Path: GPU-cuStateVec+cpu-expect MPI-distributed (1 ranks)
Iter 0209/896 | E: -14.713257 | Δ: 1.27e-02 | M: 9114.0373 | iter=  0.12s | ETA: 1m21s | Path: GPU-cuStateVec+cpu-expect MPI-distributed (1 ranks)
Iter 0210/896 | E: -14.730871 | Δ: 1.76e-02 | M: 9191.5432 | iter=  0.12s | ETA: 1m21s | Path: GPU-cuStateVec+cpu-expect MPI-distributed (1 ranks)
[RESILIENCE] Iteration 210: Global theta state checkpointed at path checkpoints/BeH2/checkpoint_iter_0210.npy. 
Iter 0211/896 | E: -14.737500 | Δ: 6.63e-03 | M: 9123.7350 | iter=  0.12s | ETA: 1m21s | Path: GPU-cuStateVec+cpu-expect MPI-distributed (1 ranks)
Iter 0212/896 | E: -14.735748 | Δ: 1.75e-03 | M: 9176.4113 | iter=  0.12s | ETA: 1m21s | Path: GPU-cuStateVec+cpu-expect MPI-distributed (1 ranks)
Iter 0213/896 | E: -14.732867 | Δ: 2.88e-03 | M: 8497.8300 | iter=  0.12s | ETA: 1m21s | Path: GPU-cuStateVec+cpu-expect MPI-distributed (1 ranks)
Iter 0214/896 | E: -14.763193 | Δ: 3.03e-02 | M: 8758.2162 | iter=  0.12s | ETA: 1m20s | Path: GPU-cuStateVec+cpu-expect MPI-distributed (1 ranks)
Iter 0215/896 | E: -14.762449 | Δ: 7.44e-04 | M: 9184.4105 | iter=  0.12s | ETA: 1m20s | Path: GPU-cuStateVec+cpu-expect MPI-distributed (1 ranks)
[RESILIENCE] Iteration 215: Global theta state checkpointed at path checkpoints/BeH2/checkpoint_iter_0215.npy. 
Iter 0216/896 | E: -14.826207 | Δ: 6.38e-02 | M: 8646.6594 | iter=  0.12s | ETA: 1m20s | Path: GPU-cuStateVec+cpu-expect MPI-distributed (1 ranks)
Iter 0217/896 | E: -14.859591 | Δ: 3.34e-02 | M: 9507.8377 | iter=  0.12s | ETA: 1m20s | Path: GPU-cuStateVec+cpu-expect MPI-distributed (1 ranks)
Iter 0218/896 | E: -14.885144 | Δ: 2.56e-02 | M: 9258.5371 | iter=  0.12s | ETA: 1m20s | Path: GPU-cuStateVec+cpu-expect MPI-distributed (1 ranks)
Iter 0219/896 | E: -14.903150 | Δ: 1.80e-02 | M: 9680.9230 | iter=  0.12s | ETA: 1m20s | Path: GPU-cuStateVec+cpu-expect MPI-distributed (1 ranks)
Iter 0220/896 | E: -14.886903 | Δ: 1.62e-02 | M: 9475.3565 | iter=  0.12s | ETA: 1m20s | Path: GPU-cuStateVec+cpu-expect MPI-distributed (1 ranks)
[RESILIENCE] Iteration 220: Global theta state checkpointed at path checkpoints/BeH2/checkpoint_iter_0220.npy. 
Iter 0221/896 | E: -14.917867 | Δ: 3.10e-02 | M: 9257.6134 | iter=  0.12s | ETA: 1m20s | Path: GPU-cuStateVec+cpu-expect MPI-distributed (1 ranks)
Iter 0222/896 | E: -14.909775 | Δ: 8.09e-03 | M: 9333.5602 | iter=  0.12s | ETA: 1m19s | Path: GPU-cuStateVec+cpu-expect MPI-distributed (1 ranks)
Iter 0223/896 | E: -14.955236 | Δ: 4.55e-02 | M: 9250.4285 | iter=  0.12s | ETA: 1m20s | Path: GPU-cuStateVec+cpu-expect MPI-distributed (1 ranks)
Iter 0224/896 | E: -14.977084 | Δ: 2.18e-02 | M: 9411.9061 | iter=  0.12s | ETA: 1m19s | Path: GPU-cuStateVec+cpu-expect MPI-distributed (1 ranks)
Iter 0225/896 | E: -14.994081 | Δ: 1.70e-02 | M: 9320.9875 | iter=  0.12s | ETA: 1m19s | Path: GPU-cuStateVec+cpu-expect MPI-distributed (1 ranks)
[RESILIENCE] Iteration 225: Global theta state checkpointed at path checkpoints/BeH2/checkpoint_iter_0225.npy. 
Iter 0226/896 | E: -15.007881 | Δ: 1.38e-02 | M: 9412.0078 | iter=  0.12s | ETA: 1m19s | Path: GPU-cuStateVec+cpu-expect MPI-distributed (1 ranks)
Iter 0227/896 | E: -15.018205 | Δ: 1.03e-02 | M: 9170.2368 | iter=  0.12s | ETA: 1m19s | Path: GPU-cuStateVec+cpu-expect MPI-distributed (1 ranks)
Iter 0228/896 | E: -15.016859 | Δ: 1.35e-03 | M: 9108.5465 | iter=  0.12s | ETA: 1m19s | Path: GPU-cuStateVec+cpu-expect MPI-distributed (1 ranks)
Iter 0229/896 | E: -15.045189 | Δ: 2.83e-02 | M: 9587.0029 | iter=  0.12s | ETA: 1m19s | Path: GPU-cuStateVec+cpu-expect MPI-distributed (1 ranks)
Iter 0230/896 | E: -15.032734 | Δ: 1.25e-02 | M: 8997.9809 | iter=  0.12s | ETA: 1m19s | Path: GPU-cuStateVec+cpu-expect MPI-distributed (1 ranks)
[RESILIENCE] Iteration 230: Global theta state checkpointed at path checkpoints/BeH2/checkpoint_iter_0230.npy. 
Iter 0231/896 | E: -15.044886 | Δ: 1.22e-02 | M: 9081.7743 | iter=  0.12s | ETA: 1m19s | Path: GPU-cuStateVec+cpu-expect MPI-distributed (1 ranks)
Iter 0232/896 | E: -15.069872 | Δ: 2.50e-02 | M: 9226.8061 | iter=  0.12s | ETA: 1m19s | Path: GPU-cuStateVec+cpu-expect MPI-distributed (1 ranks)
Iter 0233/896 | E: -15.078229 | Δ: 8.36e-03 | M: 9281.7602 | iter=  0.12s | ETA: 1m19s | Path: GPU-cuStateVec+cpu-expect MPI-distributed (1 ranks)
Iter 0234/896 | E: -15.071912 | Δ: 6.32e-03 | M: 8479.7930 | iter=  0.12s | ETA: 1m18s | Path: GPU-cuStateVec+cpu-expect MPI-distributed (1 ranks)
Iter 0235/896 | E: -15.091418 | Δ: 1.95e-02 | M: 9569.5482 | iter=  0.12s | ETA: 1m18s | Path: GPU-cuStateVec+cpu-expect MPI-distributed (1 ranks)
[RESILIENCE] Iteration 235: Global theta state checkpointed at path checkpoints/BeH2/checkpoint_iter_0235.npy. 
Iter 0236/896 | E: -15.081214 | Δ: 1.02e-02 | M: 9259.9904 | iter=  0.12s | ETA: 1m18s | Path: GPU-cuStateVec+cpu-expect MPI-distributed (1 ranks)
Iter 0237/896 | E: -15.081065 | Δ: 1.49e-04 | M: 9287.4324 | iter=  0.12s | ETA: 1m18s | Path: GPU-cuStateVec+cpu-expect MPI-distributed (1 ranks)
Iter 0238/896 | E: -15.101889 | Δ: 2.08e-02 | M: 8958.0840 | iter=  0.12s | ETA: 1m18s | Path: GPU-cuStateVec+cpu-expect MPI-distributed (1 ranks)
Iter 0239/896 | E: -15.112075 | Δ: 1.02e-02 | M: 9390.7442 | iter=  0.12s | ETA: 1m18s | Path: GPU-cuStateVec+cpu-expect MPI-distributed (1 ranks)
Iter 0240/896 | E: -15.118481 | Δ: 6.41e-03 | M: 9339.1298 | iter=  0.12s | ETA: 1m17s | Path: GPU-cuStateVec+cpu-expect MPI-distributed (1 ranks)
[RESILIENCE] Iteration 240: Global theta state checkpointed at path checkpoints/BeH2/checkpoint_iter_0240.npy. 
Iter 0241/896 | E: -15.144530 | Δ: 2.60e-02 | M: 9459.4070 | iter=  0.12s | ETA: 1m17s | Path: GPU-cuStateVec+cpu-expect MPI-distributed (1 ranks)
Iter 0242/896 | E: -15.150673 | Δ: 6.14e-03 | M: 9373.3092 | iter=  0.12s | ETA: 1m17s | Path: GPU-cuStateVec+cpu-expect MPI-distributed (1 ranks)
Iter 0243/896 | E: -15.158195 | Δ: 7.52e-03 | M: 9165.2839 | iter=  0.12s | ETA: 1m17s | Path: GPU-cuStateVec+cpu-expect MPI-distributed (1 ranks)
Iter 0244/896 | E: -15.174414 | Δ: 1.62e-02 | M: 9243.9723 | iter=  0.12s | ETA: 1m17s | Path: GPU-cuStateVec+cpu-expect MPI-distributed (1 ranks)
Iter 0245/896 | E: -15.184018 | Δ: 9.60e-03 | M: 9636.6373 | iter=  0.12s | ETA: 1m17s | Path: GPU-cuStateVec+cpu-expect MPI-distributed (1 ranks)
[RESILIENCE] Iteration 245: Global theta state checkpointed at path checkpoints/BeH2/checkpoint_iter_0245.npy. 
Iter 0246/896 | E: -15.189069 | Δ: 5.05e-03 | M: 9130.1851 | iter=  0.12s | ETA: 1m17s | Path: GPU-cuStateVec+cpu-expect MPI-distributed (1 ranks)
Iter 0247/896 | E: -15.200235 | Δ: 1.12e-02 | M: 9104.4518 | iter=  0.12s | ETA: 1m17s | Path: GPU-cuStateVec+cpu-expect MPI-distributed (1 ranks)
Iter 0248/896 | E: -15.206764 | Δ: 6.53e-03 | M: 9374.1961 | iter=  0.12s | ETA: 1m17s | Path: GPU-cuStateVec+cpu-expect MPI-distributed (1 ranks)
Iter 0249/896 | E: -15.243219 | Δ: 3.65e-02 | M: 9278.3357 | iter=  0.12s | ETA: 1m17s | Path: GPU-cuStateVec+cpu-expect MPI-distributed (1 ranks)
Iter 0250/896 | E: -15.236443 | Δ: 6.78e-03 | M: 9504.1029 | iter=  0.12s | ETA: 1m16s | Path: GPU-cuStateVec+cpu-expect MPI-distributed (1 ranks)
[RESILIENCE] Iteration 250: Global theta state checkpointed at path checkpoints/BeH2/checkpoint_iter_0250.npy. 
Iter 0251/896 | E: -15.241431 | Δ: 4.99e-03 | M: 9263.6191 | iter=  0.12s | ETA: 1m16s | Path: GPU-cuStateVec+cpu-expect MPI-distributed (1 ranks)
Iter 0252/896 | E: -15.250363 | Δ: 8.93e-03 | M: 8862.5229 | iter=  0.12s | ETA: 1m16s | Path: GPU-cuStateVec+cpu-expect MPI-distributed (1 ranks)
Iter 0253/896 | E: -15.267846 | Δ: 1.75e-02 | M: 9169.5826 | iter=  0.12s | ETA: 1m16s | Path: GPU-cuStateVec+cpu-expect MPI-distributed (1 ranks)
Iter 0254/896 | E: -15.277267 | Δ: 9.42e-03 | M: 9229.5410 | iter=  0.12s | ETA: 1m16s | Path: GPU-cuStateVec+cpu-expect MPI-distributed (1 ranks)
Iter 0255/896 | E: -15.299337 | Δ: 2.21e-02 | M: 9347.4249 | iter=  0.12s | ETA: 1m16s | Path: GPU-cuStateVec+cpu-expect MPI-distributed (1 ranks)
[RESILIENCE] Iteration 255: Global theta state checkpointed at path checkpoints/BeH2/checkpoint_iter_0255.npy. 
Iter 0256/896 | E: -15.324314 | Δ: 2.50e-02 | M: 8041.1763 | iter=  0.12s | ETA: 1m16s | Path: GPU-cuStateVec+cpu-expect MPI-distributed (1 ranks)
Iter 0257/896 | E: -15.363836 | Δ: 3.95e-02 | M: 9233.8119 | iter=  0.12s | ETA: 1m16s | Path: GPU-cuStateVec+cpu-expect MPI-distributed (1 ranks)
Iter 0258/896 | E: -15.421387 | Δ: 5.76e-02 | M: 9642.4498 | iter=  0.12s | ETA: 1m16s | Path: GPU-cuStateVec+cpu-expect MPI-distributed (1 ranks)
Iter 0259/896 | E: -15.443262 | Δ: 2.19e-02 | M: 9422.0917 | iter=  0.12s | ETA: 1m15s | Path: GPU-cuStateVec+cpu-expect MPI-distributed (1 ranks)
Iter 0260/896 | E: -15.486203 | Δ: 4.29e-02 | M: 9257.1469 | iter=  0.12s | ETA: 1m15s | Path: GPU-cuStateVec+cpu-expect MPI-distributed (1 ranks)
[RESILIENCE] Iteration 260: Global theta state checkpointed at path checkpoints/BeH2/checkpoint_iter_0260.npy. 
Iter 0261/896 | E: -15.555709 | Δ: 6.95e-02 | M: 9186.4787 | iter=  0.12s | ETA: 1m15s | Path: GPU-cuStateVec+cpu-expect MPI-distributed (1 ranks)
NOTE: Energy -15.5995 crossed below FCI -15.5951 at iter 262 - HWE ansatz leaving physical sector (expected limitation)
Iter 0262/896 | E: -15.599460 | Δ: 4.38e-02 | M: 9366.3593 | iter=  0.12s | ETA: 1m15s | Path: GPU-cuStateVec+cpu-expect MPI-distributed (1 ranks)
Iter 0263/896 | E: -15.642305 | Δ: 4.28e-02 | M: 9278.4225 | iter=  0.12s | ETA: 1m15s | Path: GPU-cuStateVec+cpu-expect MPI-distributed (1 ranks)
Iter 0264/896 | E: -15.636667 | Δ: 5.64e-03 | M: 9461.4291 | iter=  0.12s | ETA: 1m15s | Path: GPU-cuStateVec+cpu-expect MPI-distributed (1 ranks)
Iter 0265/896 | E: -15.642155 | Δ: 5.49e-03 | M: 9377.1380 | iter=  0.12s | ETA: 1m15s | Path: GPU-cuStateVec+cpu-expect MPI-distributed (1 ranks)
[RESILIENCE] Iteration 265: Global theta state checkpointed at path checkpoints/BeH2/checkpoint_iter_0265.npy. 
Iter 0266/896 | E: -15.634960 | Δ: 7.19e-03 | M: 9256.5155 | iter=  0.12s | ETA: 1m15s | Path: GPU-cuStateVec+cpu-expect MPI-distributed (1 ranks)
Iter 0267/896 | E: -15.652533 | Δ: 1.76e-02 | M: 9554.7759 | iter=  0.12s | ETA: 1m14s | Path: GPU-cuStateVec+cpu-expect MPI-distributed (1 ranks)
Iter 0268/896 | E: -15.678859 | Δ: 2.63e-02 | M: 9285.2384 | iter=  0.12s | ETA: 1m14s | Path: GPU-cuStateVec+cpu-expect MPI-distributed (1 ranks)
Iter 0269/896 | E: -15.678188 | Δ: 6.71e-04 | M: 8926.1063 | iter=  0.12s | ETA: 1m14s | Path: GPU-cuStateVec+cpu-expect MPI-distributed (1 ranks)
Iter 0270/896 | E: -15.676847 | Δ: 1.34e-03 | M: 8516.3178 | iter=  0.12s | ETA: 1m14s | Path: GPU-cuStateVec+cpu-expect MPI-distributed (1 ranks)
[RESILIENCE] Iteration 270: Global theta state checkpointed at path checkpoints/BeH2/checkpoint_iter_0270.npy. 
Iter 0271/896 | E: -15.732046 | Δ: 5.52e-02 | M: 8706.3565 | iter=  0.12s | ETA: 1m14s | Path: GPU-cuStateVec+cpu-expect MPI-distributed (1 ranks)
Iter 0272/896 | E: -15.743759 | Δ: 1.17e-02 | M: 8964.4969 | iter=  0.12s | ETA: 1m14s | Path: GPU-cuStateVec+cpu-expect MPI-distributed (1 ranks)
Iter 0273/896 | E: -15.736357 | Δ: 7.40e-03 | M: 9452.6188 | iter=  0.12s | ETA: 1m14s | Path: GPU-cuStateVec+cpu-expect MPI-distributed (1 ranks)
Iter 0274/896 | E: -15.744317 | Δ: 7.96e-03 | M: 9385.1489 | iter=  0.12s | ETA: 1m14s | Path: GPU-cuStateVec+cpu-expect MPI-distributed (1 ranks)
Iter 0275/896 | E: -15.759564 | Δ: 1.52e-02 | M: 9511.4934 | iter=  0.12s | ETA: 1m13s | Path: GPU-cuStateVec+cpu-expect MPI-distributed (1 ranks)
[RESILIENCE] Iteration 275: Global theta state checkpointed at path checkpoints/BeH2/checkpoint_iter_0275.npy. 
Iter 0276/896 | E: -15.771335 | Δ: 1.18e-02 | M: 4886.5842 | iter=  0.12s | ETA: 1m13s | Path: GPU-cuStateVec+cpu-expect MPI-distributed (1 ranks)
Iter 0277/896 | E: -15.788490 | Δ: 1.72e-02 | M: 9266.1569 | iter=  0.12s | ETA: 1m13s | Path: GPU-cuStateVec+cpu-expect MPI-distributed (1 ranks)
Iter 0278/896 | E: -15.797554 | Δ: 9.06e-03 | M: 9396.0322 | iter=  0.12s | ETA: 1m13s | Path: GPU-cuStateVec+cpu-expect MPI-distributed (1 ranks)
Iter 0279/896 | E: -15.807445 | Δ: 9.89e-03 | M: 9246.9012 | iter=  0.12s | ETA: 1m13s | Path: GPU-cuStateVec+cpu-expect MPI-distributed (1 ranks)
Iter 0280/896 | E: -15.820277 | Δ: 1.28e-02 | M: 9503.5160 | iter=  0.12s | ETA: 1m13s | Path: GPU-cuStateVec+cpu-expect MPI-distributed (1 ranks)
[RESILIENCE] Iteration 280: Global theta state checkpointed at path checkpoints/BeH2/checkpoint_iter_0280.npy. 
Iter 0281/896 | E: -15.815625 | Δ: 4.65e-03 | M: 9002.0778 | iter=  0.12s | ETA: 1m13s | Path: GPU-cuStateVec+cpu-expect MPI-distributed (1 ranks)
Iter 0282/896 | E: -15.826543 | Δ: 1.09e-02 | M: 9398.4780 | iter=  0.12s | ETA: 1m13s | Path: GPU-cuStateVec+cpu-expect MPI-distributed (1 ranks)
Iter 0283/896 | E: -15.833353 | Δ: 6.81e-03 | M: 9236.0069 | iter=  0.12s | ETA: 1m13s | Path: GPU-cuStateVec+cpu-expect MPI-distributed (1 ranks)
Iter 0284/896 | E: -15.830780 | Δ: 2.57e-03 | M: 9274.0243 | iter=  0.12s | ETA: 1m13s | Path: GPU-cuStateVec+cpu-expect MPI-distributed (1 ranks)
Iter 0285/896 | E: -15.850215 | Δ: 1.94e-02 | M: 9318.3187 | iter=  0.12s | ETA: 1m12s | Path: GPU-cuStateVec+cpu-expect MPI-distributed (1 ranks)
[RESILIENCE] Iteration 285: Global theta state checkpointed at path checkpoints/BeH2/checkpoint_iter_0285.npy. 
Iter 0286/896 | E: -15.839235 | Δ: 1.10e-02 | M: 9404.4615 | iter=  0.12s | ETA: 1m12s | Path: GPU-cuStateVec+cpu-expect MPI-distributed (1 ranks)
Iter 0287/896 | E: -15.868860 | Δ: 2.96e-02 | M: 8835.8289 | iter=  0.12s | ETA: 1m12s | Path: GPU-cuStateVec+cpu-expect MPI-distributed (1 ranks)
Iter 0288/896 | E: -15.863138 | Δ: 5.72e-03 | M: 9251.4231 | iter=  0.12s | ETA: 1m12s | Path: GPU-cuStateVec+cpu-expect MPI-distributed (1 ranks)
Iter 0289/896 | E: -15.870758 | Δ: 7.62e-03 | M: 9195.9427 | iter=  0.12s | ETA: 1m12s | Path: GPU-cuStateVec+cpu-expect MPI-distributed (1 ranks)
Iter 0290/896 | E: -15.880832 | Δ: 1.01e-02 | M: 8998.2100 | iter=  0.12s | ETA: 1m12s | Path: GPU-cuStateVec+cpu-expect MPI-distributed (1 ranks)
[RESILIENCE] Iteration 290: Global theta state checkpointed at path checkpoints/BeH2/checkpoint_iter_0290.npy. 
Iter 0291/896 | E: -15.882979 | Δ: 2.15e-03 | M: 9052.8088 | iter=  0.12s | ETA: 1m12s | Path: GPU-cuStateVec+cpu-expect MPI-distributed (1 ranks)
Iter 0292/896 | E: -15.887826 | Δ: 4.85e-03 | M: 9426.7814 | iter=  0.12s | ETA: 1m11s | Path: GPU-cuStateVec+cpu-expect MPI-distributed (1 ranks)
Iter 0293/896 | E: -15.904290 | Δ: 1.65e-02 | M: 8714.3057 | iter=  0.12s | ETA: 1m11s | Path: GPU-cuStateVec+cpu-expect MPI-distributed (1 ranks)
Iter 0294/896 | E: -15.942633 | Δ: 3.83e-02 | M: 9413.8208 | iter=  0.12s | ETA: 1m11s | Path: GPU-cuStateVec+cpu-expect MPI-distributed (1 ranks)
Iter 0295/896 | E: -15.958976 | Δ: 1.63e-02 | M: 8233.5490 | iter=  0.12s | ETA: 1m11s | Path: GPU-cuStateVec+cpu-expect MPI-distributed (1 ranks)
[RESILIENCE] Iteration 295: Global theta state checkpointed at path checkpoints/BeH2/checkpoint_iter_0295.npy. 
Iter 0296/896 | E: -15.962774 | Δ: 3.80e-03 | M: 8855.5856 | iter=  0.12s | ETA: 1m11s | Path: GPU-cuStateVec+cpu-expect MPI-distributed (1 ranks)
Iter 0297/896 | E: -15.977507 | Δ: 1.47e-02 | M: 9785.0917 | iter=  0.12s | ETA: 1m11s | Path: GPU-cuStateVec+cpu-expect MPI-distributed (1 ranks)
Iter 0298/896 | E: -15.999764 | Δ: 2.23e-02 | M: 9389.9963 | iter=  0.12s | ETA: 1m11s | Path: GPU-cuStateVec+cpu-expect MPI-distributed (1 ranks)
Iter 0299/896 | E: -16.003927 | Δ: 4.16e-03 | M: 9333.4518 | iter=  0.12s | ETA: 1m10s | Path: GPU-cuStateVec+cpu-expect MPI-distributed (1 ranks)
Iter 0300/896 | E: -16.004836 | Δ: 9.10e-04 | M: 9633.4295 | iter=  0.12s | ETA: 1m10s | Path: GPU-cuStateVec+cpu-expect MPI-distributed (1 ranks)
[RESILIENCE] Iteration 300: Global theta state checkpointed at path checkpoints/BeH2/checkpoint_iter_0300.npy. 
Iter 0301/896 | E: -15.989113 | Δ: 1.57e-02 | M: 9295.8631 | iter=  0.12s | ETA: 1m10s | Path: GPU-cuStateVec+cpu-expect MPI-distributed (1 ranks)
Iter 0302/896 | E: -16.007388 | Δ: 1.83e-02 | M: 9523.6966 | iter=  0.12s | ETA: 1m10s | Path: GPU-cuStateVec+cpu-expect MPI-distributed (1 ranks)
Iter 0303/896 | E: -16.035822 | Δ: 2.84e-02 | M: 9490.8997 | iter=  0.12s | ETA: 1m10s | Path: GPU-cuStateVec+cpu-expect MPI-distributed (1 ranks)
Iter 0304/896 | E: -16.022006 | Δ: 1.38e-02 | M: 9316.5969 | iter=  0.12s | ETA: 1m10s | Path: GPU-cuStateVec+cpu-expect MPI-distributed (1 ranks)
Iter 0305/896 | E: -16.019083 | Δ: 2.92e-03 | M: 9235.0988 | iter=  0.12s | ETA: 1m10s | Path: GPU-cuStateVec+cpu-expect MPI-distributed (1 ranks)
[RESILIENCE] Iteration 305: Global theta state checkpointed at path checkpoints/BeH2/checkpoint_iter_0305.npy. 
Iter 0306/896 | E: -16.021035 | Δ: 1.95e-03 | M: 9296.4861 | iter=  0.12s | ETA: 1m10s | Path: GPU-cuStateVec+cpu-expect MPI-distributed (1 ranks)
Iter 0307/896 | E: -16.022862 | Δ: 1.83e-03 | M: 9558.2632 | iter=  0.12s | ETA: 1m09s | Path: GPU-cuStateVec+cpu-expect MPI-distributed (1 ranks)
Iter 0308/896 | E: -16.036091 | Δ: 1.32e-02 | M: 9089.5876 | iter=  0.12s | ETA: 1m09s | Path: GPU-cuStateVec+cpu-expect MPI-distributed (1 ranks)
Iter 0309/896 | E: -16.030974 | Δ: 5.12e-03 | M: 9608.1834 | iter=  0.12s | ETA: 1m09s | Path: GPU-cuStateVec+cpu-expect MPI-distributed (1 ranks)
Iter 0310/896 | E: -16.061765 | Δ: 3.08e-02 | M: 9062.1250 | iter=  0.12s | ETA: 1m09s | Path: GPU-cuStateVec+cpu-expect MPI-distributed (1 ranks)
[RESILIENCE] Iteration 310: Global theta state checkpointed at path checkpoints/BeH2/checkpoint_iter_0310.npy. 
Iter 0311/896 | E: -16.070057 | Δ: 8.29e-03 | M: 8952.1691 | iter=  0.12s | ETA: 1m09s | Path: GPU-cuStateVec+cpu-expect MPI-distributed (1 ranks)
Iter 0312/896 | E: -16.081349 | Δ: 1.13e-02 | M: 8858.5544 | iter=  0.12s | ETA: 1m09s | Path: GPU-cuStateVec+cpu-expect MPI-distributed (1 ranks)
Iter 0313/896 | E: -16.089108 | Δ: 7.76e-03 | M: 9062.1398 | iter=  0.12s | ETA: 1m09s | Path: GPU-cuStateVec+cpu-expect MPI-distributed (1 ranks)
Iter 0314/896 | E: -16.092014 | Δ: 2.91e-03 | M: 9172.2226 | iter=  0.12s | ETA: 1m09s | Path: GPU-cuStateVec+cpu-expect MPI-distributed (1 ranks)
Iter 0315/896 | E: -16.088538 | Δ: 3.48e-03 | M: 8654.9352 | iter=  0.12s | ETA: 1m09s | Path: GPU-cuStateVec+cpu-expect MPI-distributed (1 ranks)
[RESILIENCE] Iteration 315: Global theta state checkpointed at path checkpoints/BeH2/checkpoint_iter_0315.npy. 
Iter 0316/896 | E: -16.083990 | Δ: 4.55e-03 | M: 8976.4444 | iter=  0.12s | ETA: 1m09s | Path: GPU-cuStateVec+cpu-expect MPI-distributed (1 ranks)
Iter 0317/896 | E: -16.188467 | Δ: 1.04e-01 | M: 9529.0074 | iter=  0.12s | ETA: 1m08s | Path: GPU-cuStateVec+cpu-expect MPI-distributed (1 ranks)
Iter 0318/896 | E: -16.198673 | Δ: 1.02e-02 | M: 7968.2208 | iter=  0.12s | ETA: 1m08s | Path: GPU-cuStateVec+cpu-expect MPI-distributed (1 ranks)
Iter 0319/896 | E: -16.190148 | Δ: 8.52e-03 | M: 9238.3837 | iter=  0.12s | ETA: 1m08s | Path: GPU-cuStateVec+cpu-expect MPI-distributed (1 ranks)
Iter 0320/896 | E: -16.184334 | Δ: 5.81e-03 | M: 9389.5167 | iter=  0.12s | ETA: 1m08s | Path: GPU-cuStateVec+cpu-expect MPI-distributed (1 ranks)
[RESILIENCE] Iteration 320: Global theta state checkpointed at path checkpoints/BeH2/checkpoint_iter_0320.npy. 
Iter 0321/896 | E: -16.210676 | Δ: 2.63e-02 | M: 9416.7585 | iter=  0.12s | ETA: 1m08s | Path: GPU-cuStateVec+cpu-expect MPI-distributed (1 ranks)
Iter 0322/896 | E: -16.210178 | Δ: 4.99e-04 | M: 9379.1746 | iter=  0.12s | ETA: 1m08s | Path: GPU-cuStateVec+cpu-expect MPI-distributed (1 ranks)
Iter 0323/896 | E: -16.250869 | Δ: 4.07e-02 | M: 9250.8822 | iter=  0.12s | ETA: 1m08s | Path: GPU-cuStateVec+cpu-expect MPI-distributed (1 ranks)
Iter 0324/896 | E: -16.258800 | Δ: 7.93e-03 | M: 8753.5173 | iter=  0.12s | ETA: 1m07s | Path: GPU-cuStateVec+cpu-expect MPI-distributed (1 ranks)
Iter 0325/896 | E: -16.258014 | Δ: 7.86e-04 | M: 9279.3753 | iter=  0.12s | ETA: 1m07s | Path: GPU-cuStateVec+cpu-expect MPI-distributed (1 ranks)
[RESILIENCE] Iteration 325: Global theta state checkpointed at path checkpoints/BeH2/checkpoint_iter_0325.npy. 
Iter 0326/896 | E: -16.262320 | Δ: 4.31e-03 | M: 9491.5070 | iter=  0.12s | ETA: 1m07s | Path: GPU-cuStateVec+cpu-expect MPI-distributed (1 ranks)
Iter 0327/896 | E: -16.258168 | Δ: 4.15e-03 | M: 9096.6076 | iter=  0.12s | ETA: 1m07s | Path: GPU-cuStateVec+cpu-expect MPI-distributed (1 ranks)
Iter 0328/896 | E: -16.269656 | Δ: 1.15e-02 | M: 9387.1512 | iter=  0.12s | ETA: 1m07s | Path: GPU-cuStateVec+cpu-expect MPI-distributed (1 ranks)
Iter 0329/896 | E: -16.265904 | Δ: 3.75e-03 | M: 8723.0190 | iter=  0.12s | ETA: 1m07s | Path: GPU-cuStateVec+cpu-expect MPI-distributed (1 ranks)
Iter 0330/896 | E: -16.273076 | Δ: 7.17e-03 | M: 9275.9741 | iter=  0.12s | ETA: 1m07s | Path: GPU-cuStateVec+cpu-expect MPI-distributed (1 ranks)
[RESILIENCE] Iteration 330: Global theta state checkpointed at path checkpoints/BeH2/checkpoint_iter_0330.npy. 
Iter 0331/896 | E: -16.266265 | Δ: 6.81e-03 | M: 9554.1145 | iter=  0.12s | ETA: 1m07s | Path: GPU-cuStateVec+cpu-expect MPI-distributed (1 ranks)
Iter 0332/896 | E: -16.273594 | Δ: 7.33e-03 | M: 8888.4266 | iter=  0.12s | ETA: 1m06s | Path: GPU-cuStateVec+cpu-expect MPI-distributed (1 ranks)
Iter 0333/896 | E: -16.287207 | Δ: 1.36e-02 | M: 9536.9441 | iter=  0.12s | ETA: 1m06s | Path: GPU-cuStateVec+cpu-expect MPI-distributed (1 ranks)
Iter 0334/896 | E: -16.319937 | Δ: 3.27e-02 | M: 9299.7802 | iter=  0.12s | ETA: 1m06s | Path: GPU-cuStateVec+cpu-expect MPI-distributed (1 ranks)
Iter 0335/896 | E: -16.329844 | Δ: 9.91e-03 | M: 9230.7301 | iter=  0.12s | ETA: 1m06s | Path: GPU-cuStateVec+cpu-expect MPI-distributed (1 ranks)
[RESILIENCE] Iteration 335: Global theta state checkpointed at path checkpoints/BeH2/checkpoint_iter_0335.npy. 
Iter 0336/896 | E: -16.402007 | Δ: 7.22e-02 | M: 9321.4901 | iter=  0.12s | ETA: 1m06s | Path: GPU-cuStateVec+cpu-expect MPI-distributed (1 ranks)
Iter 0337/896 | E: -16.422140 | Δ: 2.01e-02 | M: 9095.0715 | iter=  0.12s | ETA: 1m06s | Path: GPU-cuStateVec+cpu-expect MPI-distributed (1 ranks)
Iter 0338/896 | E: -16.483275 | Δ: 6.11e-02 | M: 8799.3296 | iter=  0.12s | ETA: 1m06s | Path: GPU-cuStateVec+cpu-expect MPI-distributed (1 ranks)
Iter 0339/896 | E: -16.495230 | Δ: 1.20e-02 | M: 9499.5562 | iter=  0.12s | ETA: 1m06s | Path: GPU-cuStateVec+cpu-expect MPI-distributed (1 ranks)
Iter 0340/896 | E: -16.507754 | Δ: 1.25e-02 | M: 9319.6331 | iter=  0.12s | ETA: 1m05s | Path: GPU-cuStateVec+cpu-expect MPI-distributed (1 ranks)
[RESILIENCE] Iteration 340: Global theta state checkpointed at path checkpoints/BeH2/checkpoint_iter_0340.npy. 
Iter 0341/896 | E: -16.492060 | Δ: 1.57e-02 | M: 7732.6600 | iter=  0.12s | ETA: 1m05s | Path: GPU-cuStateVec+cpu-expect MPI-distributed (1 ranks)
Iter 0342/896 | E: -16.509894 | Δ: 1.78e-02 | M: 9298.3563 | iter=  0.12s | ETA: 1m05s | Path: GPU-cuStateVec+cpu-expect MPI-distributed (1 ranks)
Iter 0343/896 | E: -16.541265 | Δ: 3.14e-02 | M: 9431.3800 | iter=  0.12s | ETA: 1m05s | Path: GPU-cuStateVec+cpu-expect MPI-distributed (1 ranks)
Iter 0344/896 | E: -16.557121 | Δ: 1.59e-02 | M: 9387.5843 | iter=  0.12s | ETA: 1m05s | Path: GPU-cuStateVec+cpu-expect MPI-distributed (1 ranks)
Iter 0345/896 | E: -16.581800 | Δ: 2.47e-02 | M: 9557.4433 | iter=  0.12s | ETA: 1m05s | Path: GPU-cuStateVec+cpu-expect MPI-distributed (1 ranks)
[RESILIENCE] Iteration 345: Global theta state checkpointed at path checkpoints/BeH2/checkpoint_iter_0345.npy. 
Iter 0346/896 | E: -16.590883 | Δ: 9.08e-03 | M: 9636.4771 | iter=  0.12s | ETA: 1m05s | Path: GPU-cuStateVec+cpu-expect MPI-distributed (1 ranks)
Iter 0347/896 | E: -16.623691 | Δ: 3.28e-02 | M: 9040.5194 | iter=  0.12s | ETA: 1m05s | Path: GPU-cuStateVec+cpu-expect MPI-distributed (1 ranks)
Iter 0348/896 | E: -16.637198 | Δ: 1.35e-02 | M: 9032.6738 | iter=  0.12s | ETA: 1m05s | Path: GPU-cuStateVec+cpu-expect MPI-distributed (1 ranks)
Iter 0349/896 | E: -16.636424 | Δ: 7.74e-04 | M: 8908.0932 | iter=  0.12s | ETA: 1m04s | Path: GPU-cuStateVec+cpu-expect MPI-distributed (1 ranks)
Iter 0350/896 | E: -16.634430 | Δ: 1.99e-03 | M: 9004.3065 | iter=  0.12s | ETA: 1m04s | Path: GPU-cuStateVec+cpu-expect MPI-distributed (1 ranks)
[RESILIENCE] Iteration 350: Global theta state checkpointed at path checkpoints/BeH2/checkpoint_iter_0350.npy. 
Iter 0351/896 | E: -16.659546 | Δ: 2.51e-02 | M: 9152.8646 | iter=  0.12s | ETA: 1m04s | Path: GPU-cuStateVec+cpu-expect MPI-distributed (1 ranks)
Iter 0352/896 | E: -16.664420 | Δ: 4.87e-03 | M: 9084.7986 | iter=  0.12s | ETA: 1m04s | Path: GPU-cuStateVec+cpu-expect MPI-distributed (1 ranks)
Iter 0353/896 | E: -16.659827 | Δ: 4.59e-03 | M: 9372.7318 | iter=  0.12s | ETA: 1m04s | Path: GPU-cuStateVec+cpu-expect MPI-distributed (1 ranks)
Iter 0354/896 | E: -16.664312 | Δ: 4.49e-03 | M: 9093.0604 | iter=  0.12s | ETA: 1m04s | Path: GPU-cuStateVec+cpu-expect MPI-distributed (1 ranks)
Iter 0355/896 | E: -16.650074 | Δ: 1.42e-02 | M: 9512.0383 | iter=  0.12s | ETA: 1m04s | Path: GPU-cuStateVec+cpu-expect MPI-distributed (1 ranks)
[RESILIENCE] Iteration 355: Global theta state checkpointed at path checkpoints/BeH2/checkpoint_iter_0355.npy. 
Iter 0356/896 | E: -16.666071 | Δ: 1.60e-02 | M: 9459.9157 | iter=  0.12s | ETA: 1m04s | Path: GPU-cuStateVec+cpu-expect MPI-distributed (1 ranks)
Iter 0357/896 | E: -16.681003 | Δ: 1.49e-02 | M: 9323.5709 | iter=  0.12s | ETA: 1m04s | Path: GPU-cuStateVec+cpu-expect MPI-distributed (1 ranks)
Iter 0358/896 | E: -16.686931 | Δ: 5.93e-03 | M: 9585.9752 | iter=  0.12s | ETA: 1m04s | Path: GPU-cuStateVec+cpu-expect MPI-distributed (1 ranks)
Iter 0359/896 | E: -16.676513 | Δ: 1.04e-02 | M: 9199.6578 | iter=  0.12s | ETA: 1m04s | Path: GPU-cuStateVec+cpu-expect MPI-distributed (1 ranks)
Iter 0360/896 | E: -16.681742 | Δ: 5.23e-03 | M: 9497.3188 | iter=  0.12s | ETA: 1m03s | Path: GPU-cuStateVec+cpu-expect MPI-distributed (1 ranks)
[RESILIENCE] Iteration 360: Global theta state checkpointed at path checkpoints/BeH2/checkpoint_iter_0360.npy. 
Iter 0361/896 | E: -16.670000 | Δ: 1.17e-02 | M: 9093.8157 | iter=  0.12s | ETA: 1m03s | Path: GPU-cuStateVec+cpu-expect MPI-distributed (1 ranks)
Iter 0362/896 | E: -16.703056 | Δ: 3.31e-02 | M: 9347.0530 | iter=  0.12s | ETA: 1m03s | Path: GPU-cuStateVec+cpu-expect MPI-distributed (1 ranks)
Iter 0363/896 | E: -16.736393 | Δ: 3.33e-02 | M: 9403.4622 | iter=  0.12s | ETA: 1m03s | Path: GPU-cuStateVec+cpu-expect MPI-distributed (1 ranks)
Iter 0364/896 | E: -16.757353 | Δ: 2.10e-02 | M: 9332.3372 | iter=  0.12s | ETA: 1m03s | Path: GPU-cuStateVec+cpu-expect MPI-distributed (1 ranks)
Iter 0365/896 | E: -16.786285 | Δ: 2.89e-02 | M: 9369.7464 | iter=  0.12s | ETA: 1m03s | Path: GPU-cuStateVec+cpu-expect MPI-distributed (1 ranks)
[RESILIENCE] Iteration 365: Global theta state checkpointed at path checkpoints/BeH2/checkpoint_iter_0365.npy. 
Iter 0366/896 | E: -16.801600 | Δ: 1.53e-02 | M: 8740.8726 | iter=  0.12s | ETA: 1m03s | Path: GPU-cuStateVec+cpu-expect MPI-distributed (1 ranks)
Iter 0367/896 | E: -16.809724 | Δ: 8.12e-03 | M: 9287.8808 | iter=  0.12s | ETA: 1m02s | Path: GPU-cuStateVec+cpu-expect MPI-distributed (1 ranks)
Iter 0368/896 | E: -16.809282 | Δ: 4.42e-04 | M: 4419.1767 | iter=  0.12s | ETA: 1m02s | Path: GPU-cuStateVec+cpu-expect MPI-distributed (1 ranks)
Iter 0369/896 | E: -16.824692 | Δ: 1.54e-02 | M: 9249.2998 | iter=  0.12s | ETA: 1m02s | Path: GPU-cuStateVec+cpu-expect MPI-distributed (1 ranks)
Iter 0370/896 | E: -16.840899 | Δ: 1.62e-02 | M: 9345.1174 | iter=  0.12s | ETA: 1m02s | Path: GPU-cuStateVec+cpu-expect MPI-distributed (1 ranks)
[RESILIENCE] Iteration 370: Global theta state checkpointed at path checkpoints/BeH2/checkpoint_iter_0370.npy. 
Iter 0371/896 | E: -16.836370 | Δ: 4.53e-03 | M: 8681.2847 | iter=  0.12s | ETA: 1m02s | Path: GPU-cuStateVec+cpu-expect MPI-distributed (1 ranks)
Iter 0372/896 | E: -16.862506 | Δ: 2.61e-02 | M: 9161.3485 | iter=  0.12s | ETA: 1m02s | Path: GPU-cuStateVec+cpu-expect MPI-distributed (1 ranks)
Iter 0373/896 | E: -16.873101 | Δ: 1.06e-02 | M: 9433.3189 | iter=  0.12s | ETA: 1m02s | Path: GPU-cuStateVec+cpu-expect MPI-distributed (1 ranks)
Iter 0374/896 | E: -16.928369 | Δ: 5.53e-02 | M: 9165.2169 | iter=  0.12s | ETA: 1m02s | Path: GPU-cuStateVec+cpu-expect MPI-distributed (1 ranks)
Iter 0375/896 | E: -16.945501 | Δ: 1.71e-02 | M: 9272.3405 | iter=  0.12s | ETA: 1m01s | Path: GPU-cuStateVec+cpu-expect MPI-distributed (1 ranks)
[RESILIENCE] Iteration 375: Global theta state checkpointed at path checkpoints/BeH2/checkpoint_iter_0375.npy. 
Iter 0376/896 | E: -16.939694 | Δ: 5.81e-03 | M: 9433.7333 | iter=  0.12s | ETA: 1m01s | Path: GPU-cuStateVec+cpu-expect MPI-distributed (1 ranks)
Iter 0377/896 | E: -16.936229 | Δ: 3.46e-03 | M: 9314.5954 | iter=  0.12s | ETA: 1m01s | Path: GPU-cuStateVec+cpu-expect MPI-distributed (1 ranks)
Iter 0378/896 | E: -16.943255 | Δ: 7.03e-03 | M: 9461.7271 | iter=  0.12s | ETA: 1m01s | Path: GPU-cuStateVec+cpu-expect MPI-distributed (1 ranks)
Iter 0379/896 | E: -16.949812 | Δ: 6.56e-03 | M: 9023.1319 | iter=  0.12s | ETA: 1m01s | Path: GPU-cuStateVec+cpu-expect MPI-distributed (1 ranks)
Iter 0380/896 | E: -16.952050 | Δ: 2.24e-03 | M: 8999.3727 | iter=  0.12s | ETA: 1m01s | Path: GPU-cuStateVec+cpu-expect MPI-distributed (1 ranks)
[RESILIENCE] Iteration 380: Global theta state checkpointed at path checkpoints/BeH2/checkpoint_iter_0380.npy. 
Iter 0381/896 | E: -16.944479 | Δ: 7.57e-03 | M: 9305.2385 | iter=  0.12s | ETA: 1m01s | Path: GPU-cuStateVec+cpu-expect MPI-distributed (1 ranks)
Iter 0382/896 | E: -16.955072 | Δ: 1.06e-02 | M: 9349.8579 | iter=  0.12s | ETA: 1m01s | Path: GPU-cuStateVec+cpu-expect MPI-distributed (1 ranks)
Iter 0383/896 | E: -16.964589 | Δ: 9.52e-03 | M: 9442.3834 | iter=  0.12s | ETA: 1m00s | Path: GPU-cuStateVec+cpu-expect MPI-distributed (1 ranks)
Iter 0384/896 | E: -16.962478 | Δ: 2.11e-03 | M: 9285.7051 | iter=  0.12s | ETA: 1m00s | Path: GPU-cuStateVec+cpu-expect MPI-distributed (1 ranks)
Iter 0385/896 | E: -16.968551 | Δ: 6.07e-03 | M: 9318.0999 | iter=  0.12s | ETA: 1m00s | Path: GPU-cuStateVec+cpu-expect MPI-distributed (1 ranks)
[RESILIENCE] Iteration 385: Global theta state checkpointed at path checkpoints/BeH2/checkpoint_iter_0385.npy. 
Iter 0386/896 | E: -16.988718 | Δ: 2.02e-02 | M: 9490.6355 | iter=  0.12s | ETA: 1m00s | Path: GPU-cuStateVec+cpu-expect MPI-distributed (1 ranks)
Iter 0387/896 | E: -16.979170 | Δ: 9.55e-03 | M: 9258.9439 | iter=  0.12s | ETA: 1m00s | Path: GPU-cuStateVec+cpu-expect MPI-distributed (1 ranks)
Iter 0388/896 | E: -16.992484 | Δ: 1.33e-02 | M: 9305.0847 | iter=  0.12s | ETA: 1m00s | Path: GPU-cuStateVec+cpu-expect MPI-distributed (1 ranks)
Iter 0389/896 | E: -16.995805 | Δ: 3.32e-03 | M: 8616.1999 | iter=  0.12s | ETA: 1m00s | Path: GPU-cuStateVec+cpu-expect MPI-distributed (1 ranks)
Iter 0390/896 | E: -17.008710 | Δ: 1.29e-02 | M: 9505.3395 | iter=  0.12s | ETA: 1m00s | Path: GPU-cuStateVec+cpu-expect MPI-distributed (1 ranks)
[RESILIENCE] Iteration 390: Global theta state checkpointed at path checkpoints/BeH2/checkpoint_iter_0390.npy. 
Iter 0391/896 | E: -17.021549 | Δ: 1.28e-02 | M: 9089.6807 | iter=  0.12s | ETA: 1m00s | Path: GPU-cuStateVec+cpu-expect MPI-distributed (1 ranks)
Iter 0392/896 | E: -17.009511 | Δ: 1.20e-02 | M: 9317.4285 | iter=  0.12s | ETA: 0m59s | Path: GPU-cuStateVec+cpu-expect MPI-distributed (1 ranks)
Iter 0393/896 | E: -17.012687 | Δ: 3.18e-03 | M: 9338.3764 | iter=  0.12s | ETA: 0m59s | Path: GPU-cuStateVec+cpu-expect MPI-distributed (1 ranks)
Iter 0394/896 | E: -17.014069 | Δ: 1.38e-03 | M: 9223.0382 | iter=  0.12s | ETA: 0m59s | Path: GPU-cuStateVec+cpu-expect MPI-distributed (1 ranks)
Iter 0395/896 | E: -17.010223 | Δ: 3.85e-03 | M: 9270.3101 | iter=  0.12s | ETA: 0m59s | Path: GPU-cuStateVec+cpu-expect MPI-distributed (1 ranks)
[RESILIENCE] Iteration 395: Global theta state checkpointed at path checkpoints/BeH2/checkpoint_iter_0395.npy. 
Iter 0396/896 | E: -17.043289 | Δ: 3.31e-02 | M: 8745.7764 | iter=  0.12s | ETA: 0m59s | Path: GPU-cuStateVec+cpu-expect MPI-distributed (1 ranks)
Iter 0397/896 | E: -17.041780 | Δ: 1.51e-03 | M: 9434.8983 | iter=  0.12s | ETA: 0m59s | Path: GPU-cuStateVec+cpu-expect MPI-distributed (1 ranks)
Iter 0398/896 | E: -17.044688 | Δ: 2.91e-03 | M: 9263.0217 | iter=  0.12s | ETA: 0m59s | Path: GPU-cuStateVec+cpu-expect MPI-distributed (1 ranks)
Iter 0399/896 | E: -17.064522 | Δ: 1.98e-02 | M: 9391.0930 | iter=  0.12s | ETA: 0m59s | Path: GPU-cuStateVec+cpu-expect MPI-distributed (1 ranks)
Iter 0400/896 | E: -17.062177 | Δ: 2.34e-03 | M: 9032.1708 | iter=  0.12s | ETA: 0m58s | Path: GPU-cuStateVec+cpu-expect MPI-distributed (1 ranks)
[RESILIENCE] Iteration 400: Global theta state checkpointed at path checkpoints/BeH2/checkpoint_iter_0400.npy. 
Iter 0401/896 | E: -17.069390 | Δ: 7.21e-03 | M: 4757.9536 | iter=  0.12s | ETA: 0m58s | Path: GPU-cuStateVec+cpu-expect MPI-distributed (1 ranks)
Iter 0402/896 | E: -17.082139 | Δ: 1.27e-02 | M: 9114.5385 | iter=  0.12s | ETA: 0m58s | Path: GPU-cuStateVec+cpu-expect MPI-distributed (1 ranks)
Iter 0403/896 | E: -17.095517 | Δ: 1.34e-02 | M: 4614.1506 | iter=  0.12s | ETA: 0m58s | Path: GPU-cuStateVec+cpu-expect MPI-distributed (1 ranks)
Iter 0404/896 | E: -17.095685 | Δ: 1.68e-04 | M: 9311.1247 | iter=  0.12s | ETA: 0m58s | Path: GPU-cuStateVec+cpu-expect MPI-distributed (1 ranks)
Iter 0405/896 | E: -17.101382 | Δ: 5.70e-03 | M: 9347.5438 | iter=  0.12s | ETA: 0m58s | Path: GPU-cuStateVec+cpu-expect MPI-distributed (1 ranks)
[RESILIENCE] Iteration 405: Global theta state checkpointed at path checkpoints/BeH2/checkpoint_iter_0405.npy. 
Iter 0406/896 | E: -17.120672 | Δ: 1.93e-02 | M: 9052.0440 | iter=  0.12s | ETA: 0m58s | Path: GPU-cuStateVec+cpu-expect MPI-distributed (1 ranks)
Iter 0407/896 | E: -17.122051 | Δ: 1.38e-03 | M: 8738.1809 | iter=  0.12s | ETA: 0m58s | Path: GPU-cuStateVec+cpu-expect MPI-distributed (1 ranks)
Iter 0408/896 | E: -17.119730 | Δ: 2.32e-03 | M: 9287.3799 | iter=  0.12s | ETA: 0m57s | Path: GPU-cuStateVec+cpu-expect MPI-distributed (1 ranks)
Iter 0409/896 | E: -17.140485 | Δ: 2.08e-02 | M: 9186.6305 | iter=  0.12s | ETA: 0m57s | Path: GPU-cuStateVec+cpu-expect MPI-distributed (1 ranks)
Iter 0410/896 | E: -17.118854 | Δ: 2.16e-02 | M: 9224.6381 | iter=  0.12s | ETA: 0m57s | Path: GPU-cuStateVec+cpu-expect MPI-distributed (1 ranks)
[RESILIENCE] Iteration 410: Global theta state checkpointed at path checkpoints/BeH2/checkpoint_iter_0410.npy. 
Iter 0411/896 | E: -17.126977 | Δ: 8.12e-03 | M: 9286.4035 | iter=  0.12s | ETA: 0m57s | Path: GPU-cuStateVec+cpu-expect MPI-distributed (1 ranks)
Iter 0412/896 | E: -17.137767 | Δ: 1.08e-02 | M: 9026.3931 | iter=  0.12s | ETA: 0m57s | Path: GPU-cuStateVec+cpu-expect MPI-distributed (1 ranks)
Iter 0413/896 | E: -17.139940 | Δ: 2.17e-03 | M: 9172.8173 | iter=  0.12s | ETA: 0m57s | Path: GPU-cuStateVec+cpu-expect MPI-distributed (1 ranks)
Iter 0414/896 | E: -17.165270 | Δ: 2.53e-02 | M: 8355.3274 | iter=  0.12s | ETA: 0m57s | Path: GPU-cuStateVec+cpu-expect MPI-distributed (1 ranks)
Iter 0415/896 | E: -17.175076 | Δ: 9.81e-03 | M: 9293.4050 | iter=  0.12s | ETA: 0m57s | Path: GPU-cuStateVec+cpu-expect MPI-distributed (1 ranks)
[RESILIENCE] Iteration 415: Global theta state checkpointed at path checkpoints/BeH2/checkpoint_iter_0415.npy. 
Iter 0416/896 | E: -17.172179 | Δ: 2.90e-03 | M: 8308.8752 | iter=  0.12s | ETA: 0m57s | Path: GPU-cuStateVec+cpu-expect MPI-distributed (1 ranks)
Iter 0417/896 | E: -17.173454 | Δ: 1.27e-03 | M: 9124.0999 | iter=  0.12s | ETA: 0m57s | Path: GPU-cuStateVec+cpu-expect MPI-distributed (1 ranks)
Iter 0418/896 | E: -17.166867 | Δ: 6.59e-03 | M: 9444.2638 | iter=  0.12s | ETA: 0m56s | Path: GPU-cuStateVec+cpu-expect MPI-distributed (1 ranks)
Iter 0419/896 | E: -17.183559 | Δ: 1.67e-02 | M: 8847.9382 | iter=  0.12s | ETA: 0m56s | Path: GPU-cuStateVec+cpu-expect MPI-distributed (1 ranks)
Iter 0420/896 | E: -17.181423 | Δ: 2.14e-03 | M: 9254.5679 | iter=  0.12s | ETA: 0m56s | Path: GPU-cuStateVec+cpu-expect MPI-distributed (1 ranks)
[RESILIENCE] Iteration 420: Global theta state checkpointed at path checkpoints/BeH2/checkpoint_iter_0420.npy. 
Iter 0421/896 | E: -17.171786 | Δ: 9.64e-03 | M: 9471.0199 | iter=  0.12s | ETA: 0m56s | Path: GPU-cuStateVec+cpu-expect MPI-distributed (1 ranks)
Iter 0422/896 | E: -17.193422 | Δ: 2.16e-02 | M: 4722.0132 | iter=  0.12s | ETA: 0m56s | Path: GPU-cuStateVec+cpu-expect MPI-distributed (1 ranks)
Iter 0423/896 | E: -17.201828 | Δ: 8.41e-03 | M: 9504.4718 | iter=  0.12s | ETA: 0m56s | Path: GPU-cuStateVec+cpu-expect MPI-distributed (1 ranks)
Iter 0424/896 | E: -17.205510 | Δ: 3.68e-03 | M: 9492.7395 | iter=  0.12s | ETA: 0m55s | Path: GPU-cuStateVec+cpu-expect MPI-distributed (1 ranks)
Iter 0425/896 | E: -17.237581 | Δ: 3.21e-02 | M: 9649.8230 | iter=  0.12s | ETA: 0m55s | Path: GPU-cuStateVec+cpu-expect MPI-distributed (1 ranks)
[RESILIENCE] Iteration 425: Global theta state checkpointed at path checkpoints/BeH2/checkpoint_iter_0425.npy. 
Iter 0426/896 | E: -17.241979 | Δ: 4.40e-03 | M: 9360.4298 | iter=  0.12s | ETA: 0m55s | Path: GPU-cuStateVec+cpu-expect MPI-distributed (1 ranks)
Iter 0427/896 | E: -17.249382 | Δ: 7.40e-03 | M: 9219.8044 | iter=  0.12s | ETA: 0m55s | Path: GPU-cuStateVec+cpu-expect MPI-distributed (1 ranks)
Iter 0428/896 | E: -17.247288 | Δ: 2.09e-03 | M: 9101.1780 | iter=  0.12s | ETA: 0m55s | Path: GPU-cuStateVec+cpu-expect MPI-distributed (1 ranks)
Iter 0429/896 | E: -17.267770 | Δ: 2.05e-02 | M: 8033.2152 | iter=  0.12s | ETA: 0m55s | Path: GPU-cuStateVec+cpu-expect MPI-distributed (1 ranks)
Iter 0430/896 | E: -17.256266 | Δ: 1.15e-02 | M: 9284.7138 | iter=  0.12s | ETA: 0m55s | Path: GPU-cuStateVec+cpu-expect MPI-distributed (1 ranks)
[RESILIENCE] Iteration 430: Global theta state checkpointed at path checkpoints/BeH2/checkpoint_iter_0430.npy. 
Iter 0431/896 | E: -17.270421 | Δ: 1.42e-02 | M: 9466.2849 | iter=  0.12s | ETA: 0m55s | Path: GPU-cuStateVec+cpu-expect MPI-distributed (1 ranks)
Iter 0432/896 | E: -17.274820 | Δ: 4.40e-03 | M: 9291.7829 | iter=  0.12s | ETA: 0m54s | Path: GPU-cuStateVec+cpu-expect MPI-distributed (1 ranks)
Iter 0433/896 | E: -17.285319 | Δ: 1.05e-02 | M: 8572.6727 | iter=  0.12s | ETA: 0m54s | Path: GPU-cuStateVec+cpu-expect MPI-distributed (1 ranks)
Iter 0434/896 | E: -17.279284 | Δ: 6.04e-03 | M: 8510.6127 | iter=  0.12s | ETA: 0m54s | Path: GPU-cuStateVec+cpu-expect MPI-distributed (1 ranks)
Iter 0435/896 | E: -17.301458 | Δ: 2.22e-02 | M: 4796.3129 | iter=  0.12s | ETA: 0m54s | Path: GPU-cuStateVec+cpu-expect MPI-distributed (1 ranks)
[RESILIENCE] Iteration 435: Global theta state checkpointed at path checkpoints/BeH2/checkpoint_iter_0435.npy. 
Iter 0436/896 | E: -17.282740 | Δ: 1.87e-02 | M: 9144.2560 | iter=  0.12s | ETA: 0m54s | Path: GPU-cuStateVec+cpu-expect MPI-distributed (1 ranks)
Iter 0437/896 | E: -17.294005 | Δ: 1.13e-02 | M: 8515.9621 | iter=  0.12s | ETA: 0m54s | Path: GPU-cuStateVec+cpu-expect MPI-distributed (1 ranks)
Iter 0438/896 | E: -17.284311 | Δ: 9.69e-03 | M: 9121.0078 | iter=  0.12s | ETA: 0m54s | Path: GPU-cuStateVec+cpu-expect MPI-distributed (1 ranks)
Iter 0439/896 | E: -17.289380 | Δ: 5.07e-03 | M: 9466.4815 | iter=  0.12s | ETA: 0m54s | Path: GPU-cuStateVec+cpu-expect MPI-distributed (1 ranks)
Iter 0440/896 | E: -17.301485 | Δ: 1.21e-02 | M: 9433.5087 | iter=  0.12s | ETA: 0m54s | Path: GPU-cuStateVec+cpu-expect MPI-distributed (1 ranks)
[RESILIENCE] Iteration 440: Global theta state checkpointed at path checkpoints/BeH2/checkpoint_iter_0440.npy. 
Iter 0441/896 | E: -17.304062 | Δ: 2.58e-03 | M: 9218.3108 | iter=  0.12s | ETA: 0m54s | Path: GPU-cuStateVec+cpu-expect MPI-distributed (1 ranks)
Iter 0442/896 | E: -17.308596 | Δ: 4.53e-03 | M: 9186.0372 | iter=  0.12s | ETA: 0m54s | Path: GPU-cuStateVec+cpu-expect MPI-distributed (1 ranks)
Iter 0443/896 | E: -17.306442 | Δ: 2.15e-03 | M: 9191.3478 | iter=  0.12s | ETA: 0m53s | Path: GPU-cuStateVec+cpu-expect MPI-distributed (1 ranks)
Iter 0444/896 | E: -17.336739 | Δ: 3.03e-02 | M: 9244.9999 | iter=  0.12s | ETA: 0m53s | Path: GPU-cuStateVec+cpu-expect MPI-distributed (1 ranks)
Iter 0445/896 | E: -17.330764 | Δ: 5.98e-03 | M: 9237.7770 | iter=  0.12s | ETA: 0m53s | Path: GPU-cuStateVec+cpu-expect MPI-distributed (1 ranks)
[RESILIENCE] Iteration 445: Global theta state checkpointed at path checkpoints/BeH2/checkpoint_iter_0445.npy. 
Iter 0446/896 | E: -17.322177 | Δ: 8.59e-03 | M: 9164.1428 | iter=  0.12s | ETA: 0m53s | Path: GPU-cuStateVec+cpu-expect MPI-distributed (1 ranks)
Iter 0447/896 | E: -17.316672 | Δ: 5.50e-03 | M: 9076.1288 | iter=  0.12s | ETA: 0m53s | Path: GPU-cuStateVec+cpu-expect MPI-distributed (1 ranks)
Iter 0448/896 | E: -17.335022 | Δ: 1.84e-02 | M: 8642.5197 | iter=  0.12s | ETA: 0m53s | Path: GPU-cuStateVec+cpu-expect MPI-distributed (1 ranks)
Iter 0449/896 | E: -17.340839 | Δ: 5.82e-03 | M: 9235.9124 | iter=  0.12s | ETA: 0m53s | Path: GPU-cuStateVec+cpu-expect MPI-distributed (1 ranks)
Iter 0450/896 | E: -17.351713 | Δ: 1.09e-02 | M: 8914.3540 | iter=  0.12s | ETA: 0m52s | Path: GPU-cuStateVec+cpu-expect MPI-distributed (1 ranks)
[RESILIENCE] Iteration 450: Global theta state checkpointed at path checkpoints/BeH2/checkpoint_iter_0450.npy. 
Iter 0451/896 | E: -17.341685 | Δ: 1.00e-02 | M: 7894.9531 | iter=  0.12s | ETA: 0m53s | Path: GPU-cuStateVec+cpu-expect MPI-distributed (1 ranks)
Iter 0452/896 | E: -17.342404 | Δ: 7.18e-04 | M: 7746.9760 | iter=  0.12s | ETA: 0m53s | Path: GPU-cuStateVec+cpu-expect MPI-distributed (1 ranks)
Iter 0453/896 | E: -17.365128 | Δ: 2.27e-02 | M: 8535.4307 | iter=  0.12s | ETA: 0m52s | Path: GPU-cuStateVec+cpu-expect MPI-distributed (1 ranks)
Iter 0454/896 | E: -17.373258 | Δ: 8.13e-03 | M: 8534.0790 | iter=  0.12s | ETA: 0m52s | Path: GPU-cuStateVec+cpu-expect MPI-distributed (1 ranks)
Iter 0455/896 | E: -17.364688 | Δ: 8.57e-03 | M: 9332.0675 | iter=  0.12s | ETA: 0m52s | Path: GPU-cuStateVec+cpu-expect MPI-distributed (1 ranks)
[RESILIENCE] Iteration 455: Global theta state checkpointed at path checkpoints/BeH2/checkpoint_iter_0455.npy. 
Iter 0456/896 | E: -17.366196 | Δ: 1.51e-03 | M: 9395.4413 | iter=  0.12s | ETA: 0m52s | Path: GPU-cuStateVec+cpu-expect MPI-distributed (1 ranks)
Iter 0457/896 | E: -17.380514 | Δ: 1.43e-02 | M: 9004.2591 | iter=  0.12s | ETA: 0m52s | Path: GPU-cuStateVec+cpu-expect MPI-distributed (1 ranks)
Iter 0458/896 | E: -17.383754 | Δ: 3.24e-03 | M: 9434.0876 | iter=  0.12s | ETA: 0m51s | Path: GPU-cuStateVec+cpu-expect MPI-distributed (1 ranks)
Iter 0459/896 | E: -17.400509 | Δ: 1.68e-02 | M: 9601.1935 | iter=  0.12s | ETA: 0m51s | Path: GPU-cuStateVec+cpu-expect MPI-distributed (1 ranks)
Iter 0460/896 | E: -17.390176 | Δ: 1.03e-02 | M: 9200.0193 | iter=  0.12s | ETA: 0m51s | Path: GPU-cuStateVec+cpu-expect MPI-distributed (1 ranks)
[RESILIENCE] Iteration 460: Global theta state checkpointed at path checkpoints/BeH2/checkpoint_iter_0460.npy. 
Iter 0461/896 | E: -17.391987 | Δ: 1.81e-03 | M: 9548.7283 | iter=  0.12s | ETA: 0m51s | Path: GPU-cuStateVec+cpu-expect MPI-distributed (1 ranks)
Iter 0462/896 | E: -17.397762 | Δ: 5.77e-03 | M: 9139.3874 | iter=  0.12s | ETA: 0m51s | Path: GPU-cuStateVec+cpu-expect MPI-distributed (1 ranks)
Iter 0463/896 | E: -17.402897 | Δ: 5.13e-03 | M: 9262.3699 | iter=  0.12s | ETA: 0m51s | Path: GPU-cuStateVec+cpu-expect MPI-distributed (1 ranks)
Iter 0464/896 | E: -17.400246 | Δ: 2.65e-03 | M: 9291.0859 | iter=  0.12s | ETA: 0m51s | Path: GPU-cuStateVec+cpu-expect MPI-distributed (1 ranks)
Iter 0465/896 | E: -17.403152 | Δ: 2.91e-03 | M: 9531.6752 | iter=  0.12s | ETA: 0m51s | Path: GPU-cuStateVec+cpu-expect MPI-distributed (1 ranks)
[RESILIENCE] Iteration 465: Global theta state checkpointed at path checkpoints/BeH2/checkpoint_iter_0465.npy. 
Iter 0466/896 | E: -17.413932 | Δ: 1.08e-02 | M: 9195.0914 | iter=  0.12s | ETA: 0m50s | Path: GPU-cuStateVec+cpu-expect MPI-distributed (1 ranks)
Iter 0467/896 | E: -17.414034 | Δ: 1.02e-04 | M: 9359.6601 | iter=  0.12s | ETA: 0m50s | Path: GPU-cuStateVec+cpu-expect MPI-distributed (1 ranks)
Iter 0468/896 | E: -17.413685 | Δ: 3.49e-04 | M: 9295.8179 | iter=  0.12s | ETA: 0m50s | Path: GPU-cuStateVec+cpu-expect MPI-distributed (1 ranks)
Iter 0469/896 | E: -17.414160 | Δ: 4.75e-04 | M: 9339.9705 | iter=  0.12s | ETA: 0m50s | Path: GPU-cuStateVec+cpu-expect MPI-distributed (1 ranks)
Iter 0470/896 | E: -17.415994 | Δ: 1.83e-03 | M: 8861.1812 | iter=  0.12s | ETA: 0m50s | Path: GPU-cuStateVec+cpu-expect MPI-distributed (1 ranks)
[RESILIENCE] Iteration 470: Global theta state checkpointed at path checkpoints/BeH2/checkpoint_iter_0470.npy. 
Iter 0471/896 | E: -17.416530 | Δ: 5.36e-04 | M: 9240.2303 | iter=  0.12s | ETA: 0m50s | Path: GPU-cuStateVec+cpu-expect MPI-distributed (1 ranks)
Iter 0472/896 | E: -17.410995 | Δ: 5.53e-03 | M: 9285.1061 | iter=  0.12s | ETA: 0m50s | Path: GPU-cuStateVec+cpu-expect MPI-distributed (1 ranks)
Iter 0473/896 | E: -17.420537 | Δ: 9.54e-03 | M: 8361.5774 | iter=  0.12s | ETA: 0m50s | Path: GPU-cuStateVec+cpu-expect MPI-distributed (1 ranks)
Iter 0474/896 | E: -17.428543 | Δ: 8.01e-03 | M: 9542.2340 | iter=  0.12s | ETA: 0m50s | Path: GPU-cuStateVec+cpu-expect MPI-distributed (1 ranks)
Iter 0475/896 | E: -17.425486 | Δ: 3.06e-03 | M: 8876.0891 | iter=  0.12s | ETA: 0m49s | Path: GPU-cuStateVec+cpu-expect MPI-distributed (1 ranks)
[RESILIENCE] Iteration 475: Global theta state checkpointed at path checkpoints/BeH2/checkpoint_iter_0475.npy. 
Iter 0476/896 | E: -17.431650 | Δ: 6.16e-03 | M: 9019.3247 | iter=  0.12s | ETA: 0m49s | Path: GPU-cuStateVec+cpu-expect MPI-distributed (1 ranks)
Iter 0477/896 | E: -17.439612 | Δ: 7.96e-03 | M: 9473.3701 | iter=  0.12s | ETA: 0m49s | Path: GPU-cuStateVec+cpu-expect MPI-distributed (1 ranks)
Iter 0478/896 | E: -17.434316 | Δ: 5.30e-03 | M: 9198.3000 | iter=  0.12s | ETA: 0m49s | Path: GPU-cuStateVec+cpu-expect MPI-distributed (1 ranks)
Iter 0479/896 | E: -17.442516 | Δ: 8.20e-03 | M: 9276.1385 | iter=  0.12s | ETA: 0m49s | Path: GPU-cuStateVec+cpu-expect MPI-distributed (1 ranks)
Iter 0480/896 | E: -17.444635 | Δ: 2.12e-03 | M: 9228.8159 | iter=  0.12s | ETA: 0m49s | Path: GPU-cuStateVec+cpu-expect MPI-distributed (1 ranks)
[RESILIENCE] Iteration 480: Global theta state checkpointed at path checkpoints/BeH2/checkpoint_iter_0480.npy. 
Iter 0481/896 | E: -17.437031 | Δ: 7.60e-03 | M: 6865.4340 | iter=  0.12s | ETA: 0m49s | Path: GPU-cuStateVec+cpu-expect MPI-distributed (1 ranks)
Iter 0482/896 | E: -17.454004 | Δ: 1.70e-02 | M: 8280.7665 | iter=  0.12s | ETA: 0m49s | Path: GPU-cuStateVec+cpu-expect MPI-distributed (1 ranks)
Iter 0483/896 | E: -17.452504 | Δ: 1.50e-03 | M: 9282.0694 | iter=  0.12s | ETA: 0m49s | Path: GPU-cuStateVec+cpu-expect MPI-distributed (1 ranks)
Iter 0484/896 | E: -17.454794 | Δ: 2.29e-03 | M: 9160.1282 | iter=  0.12s | ETA: 0m49s | Path: GPU-cuStateVec+cpu-expect MPI-distributed (1 ranks)
Iter 0485/896 | E: -17.461127 | Δ: 6.33e-03 | M: 9089.1894 | iter=  0.12s | ETA: 0m48s | Path: GPU-cuStateVec+cpu-expect MPI-distributed (1 ranks)
[RESILIENCE] Iteration 485: Global theta state checkpointed at path checkpoints/BeH2/checkpoint_iter_0485.npy. 
Iter 0486/896 | E: -17.456593 | Δ: 4.53e-03 | M: 8984.1603 | iter=  0.12s | ETA: 0m48s | Path: GPU-cuStateVec+cpu-expect MPI-distributed (1 ranks)
Iter 0487/896 | E: -17.467318 | Δ: 1.07e-02 | M: 9362.9178 | iter=  0.12s | ETA: 0m48s | Path: GPU-cuStateVec+cpu-expect MPI-distributed (1 ranks)
Iter 0488/896 | E: -17.470162 | Δ: 2.84e-03 | M: 9068.4237 | iter=  0.12s | ETA: 0m48s | Path: GPU-cuStateVec+cpu-expect MPI-distributed (1 ranks)
Iter 0489/896 | E: -17.467359 | Δ: 2.80e-03 | M: 9377.5184 | iter=  0.12s | ETA: 0m48s | Path: GPU-cuStateVec+cpu-expect MPI-distributed (1 ranks)
Iter 0490/896 | E: -17.475211 | Δ: 7.85e-03 | M: 8993.6495 | iter=  0.12s | ETA: 0m48s | Path: GPU-cuStateVec+cpu-expect MPI-distributed (1 ranks)
[RESILIENCE] Iteration 490: Global theta state checkpointed at path checkpoints/BeH2/checkpoint_iter_0490.npy. 
Iter 0491/896 | E: -17.473044 | Δ: 2.17e-03 | M: 8529.9088 | iter=  0.12s | ETA: 0m48s | Path: GPU-cuStateVec+cpu-expect MPI-distributed (1 ranks)
Iter 0492/896 | E: -17.488776 | Δ: 1.57e-02 | M: 8656.4386 | iter=  0.12s | ETA: 0m47s | Path: GPU-cuStateVec+cpu-expect MPI-distributed (1 ranks)
Iter 0493/896 | E: -17.494275 | Δ: 5.50e-03 | M: 9526.4866 | iter=  0.12s | ETA: 0m47s | Path: GPU-cuStateVec+cpu-expect MPI-distributed (1 ranks)
Iter 0494/896 | E: -17.483021 | Δ: 1.13e-02 | M: 9344.8515 | iter=  0.12s | ETA: 0m47s | Path: GPU-cuStateVec+cpu-expect MPI-distributed (1 ranks)
Iter 0495/896 | E: -17.471461 | Δ: 1.16e-02 | M: 9263.9380 | iter=  0.12s | ETA: 0m47s | Path: GPU-cuStateVec+cpu-expect MPI-distributed (1 ranks)
[RESILIENCE] Iteration 495: Global theta state checkpointed at path checkpoints/BeH2/checkpoint_iter_0495.npy. 
Iter 0496/896 | E: -17.488838 | Δ: 1.74e-02 | M: 9088.6220 | iter=  0.12s | ETA: 0m47s | Path: GPU-cuStateVec+cpu-expect MPI-distributed (1 ranks)
Iter 0497/896 | E: -17.478649 | Δ: 1.02e-02 | M: 9232.6996 | iter=  0.12s | ETA: 0m47s | Path: GPU-cuStateVec+cpu-expect MPI-distributed (1 ranks)
Iter 0498/896 | E: -17.493802 | Δ: 1.52e-02 | M: 9434.8630 | iter=  0.12s | ETA: 0m47s | Path: GPU-cuStateVec+cpu-expect MPI-distributed (1 ranks)
Iter 0499/896 | E: -17.490562 | Δ: 3.24e-03 | M: 8624.7053 | iter=  0.12s | ETA: 0m47s | Path: GPU-cuStateVec+cpu-expect MPI-distributed (1 ranks)
Iter 0500/896 | E: -17.495728 | Δ: 5.17e-03 | M: 9423.2006 | iter=  0.12s | ETA: 0m46s | Path: GPU-cuStateVec+cpu-expect MPI-distributed (1 ranks)
[RESILIENCE] Iteration 500: Global theta state checkpointed at path checkpoints/BeH2/checkpoint_iter_0500.npy. 
Iter 0501/896 | E: -17.498046 | Δ: 2.32e-03 | M: 9342.3925 | iter=  0.12s | ETA: 0m46s | Path: GPU-cuStateVec+cpu-expect MPI-distributed (1 ranks)
Iter 0502/896 | E: -17.495349 | Δ: 2.70e-03 | M: 9385.8480 | iter=  0.12s | ETA: 0m46s | Path: GPU-cuStateVec+cpu-expect MPI-distributed (1 ranks)
Iter 0503/896 | E: -17.497107 | Δ: 1.76e-03 | M: 9714.7834 | iter=  0.12s | ETA: 0m46s | Path: GPU-cuStateVec+cpu-expect MPI-distributed (1 ranks)
Iter 0504/896 | E: -17.490033 | Δ: 7.07e-03 | M: 9254.7531 | iter=  0.12s | ETA: 0m46s | Path: GPU-cuStateVec+cpu-expect MPI-distributed (1 ranks)
Iter 0505/896 | E: -17.495719 | Δ: 5.69e-03 | M: 9160.6455 | iter=  0.12s | ETA: 0m46s | Path: GPU-cuStateVec+cpu-expect MPI-distributed (1 ranks)
[RESILIENCE] Iteration 505: Global theta state checkpointed at path checkpoints/BeH2/checkpoint_iter_0505.npy. 
Iter 0506/896 | E: -17.504661 | Δ: 8.94e-03 | M: 9501.7972 | iter=  0.12s | ETA: 0m46s | Path: GPU-cuStateVec+cpu-expect MPI-distributed (1 ranks)
Iter 0507/896 | E: -17.508237 | Δ: 3.58e-03 | M: 9313.6765 | iter=  0.12s | ETA: 0m46s | Path: GPU-cuStateVec+cpu-expect MPI-distributed (1 ranks)
Iter 0508/896 | E: -17.513300 | Δ: 5.06e-03 | M: 9198.3587 | iter=  0.12s | ETA: 0m45s | Path: GPU-cuStateVec+cpu-expect MPI-distributed (1 ranks)
Iter 0509/896 | E: -17.521982 | Δ: 8.68e-03 | M: 9114.2896 | iter=  0.12s | ETA: 0m45s | Path: GPU-cuStateVec+cpu-expect MPI-distributed (1 ranks)
Iter 0510/896 | E: -17.518291 | Δ: 3.69e-03 | M: 9571.1409 | iter=  0.12s | ETA: 0m45s | Path: GPU-cuStateVec+cpu-expect MPI-distributed (1 ranks)
[RESILIENCE] Iteration 510: Global theta state checkpointed at path checkpoints/BeH2/checkpoint_iter_0510.npy. 
Iter 0511/896 | E: -17.523859 | Δ: 5.57e-03 | M: 9429.0634 | iter=  0.12s | ETA: 0m45s | Path: GPU-cuStateVec+cpu-expect MPI-distributed (1 ranks)
Iter 0512/896 | E: -17.526161 | Δ: 2.30e-03 | M: 9161.5210 | iter=  0.12s | ETA: 0m45s | Path: GPU-cuStateVec+cpu-expect MPI-distributed (1 ranks)
Iter 0513/896 | E: -17.535875 | Δ: 9.71e-03 | M: 9126.4681 | iter=  0.12s | ETA: 0m45s | Path: GPU-cuStateVec+cpu-expect MPI-distributed (1 ranks)
Iter 0514/896 | E: -17.544123 | Δ: 8.25e-03 | M: 9117.3767 | iter=  0.12s | ETA: 0m45s | Path: GPU-cuStateVec+cpu-expect MPI-distributed (1 ranks)
Iter 0515/896 | E: -17.544891 | Δ: 7.68e-04 | M: 8936.9815 | iter=  0.12s | ETA: 0m45s | Path: GPU-cuStateVec+cpu-expect MPI-distributed (1 ranks)
[RESILIENCE] Iteration 515: Global theta state checkpointed at path checkpoints/BeH2/checkpoint_iter_0515.npy. 
Iter 0516/896 | E: -17.537486 | Δ: 7.40e-03 | M: 9255.9047 | iter=  0.12s | ETA: 0m45s | Path: GPU-cuStateVec+cpu-expect MPI-distributed (1 ranks)
Iter 0517/896 | E: -17.550829 | Δ: 1.33e-02 | M: 9279.5839 | iter=  0.12s | ETA: 0m45s | Path: GPU-cuStateVec+cpu-expect MPI-distributed (1 ranks)
Iter 0518/896 | E: -17.543399 | Δ: 7.43e-03 | M: 9042.3688 | iter=  0.12s | ETA: 0m44s | Path: GPU-cuStateVec+cpu-expect MPI-distributed (1 ranks)
Iter 0519/896 | E: -17.551713 | Δ: 8.31e-03 | M: 8979.7667 | iter=  0.12s | ETA: 0m44s | Path: GPU-cuStateVec+cpu-expect MPI-distributed (1 ranks)
Iter 0520/896 | E: -17.541101 | Δ: 1.06e-02 | M: 9391.3070 | iter=  0.12s | ETA: 0m44s | Path: GPU-cuStateVec+cpu-expect MPI-distributed (1 ranks)
[RESILIENCE] Iteration 520: Global theta state checkpointed at path checkpoints/BeH2/checkpoint_iter_0520.npy. 
Iter 0521/896 | E: -17.563621 | Δ: 2.25e-02 | M: 8151.6824 | iter=  0.12s | ETA: 0m44s | Path: GPU-cuStateVec+cpu-expect MPI-distributed (1 ranks)
Iter 0522/896 | E: -17.559029 | Δ: 4.59e-03 | M: 4661.8914 | iter=  0.12s | ETA: 0m44s | Path: GPU-cuStateVec+cpu-expect MPI-distributed (1 ranks)
Iter 0523/896 | E: -17.561017 | Δ: 1.99e-03 | M: 9486.3561 | iter=  0.12s | ETA: 0m44s | Path: GPU-cuStateVec+cpu-expect MPI-distributed (1 ranks)
Iter 0524/896 | E: -17.568907 | Δ: 7.89e-03 | M: 9162.6635 | iter=  0.12s | ETA: 0m44s | Path: GPU-cuStateVec+cpu-expect MPI-distributed (1 ranks)
Iter 0525/896 | E: -17.570238 | Δ: 1.33e-03 | M: 9312.4523 | iter=  0.12s | ETA: 0m43s | Path: GPU-cuStateVec+cpu-expect MPI-distributed (1 ranks)
[RESILIENCE] Iteration 525: Global theta state checkpointed at path checkpoints/BeH2/checkpoint_iter_0525.npy. 
Iter 0526/896 | E: -17.546867 | Δ: 2.34e-02 | M: 9487.7129 | iter=  0.12s | ETA: 0m43s | Path: GPU-cuStateVec+cpu-expect MPI-distributed (1 ranks)
Iter 0527/896 | E: -17.566875 | Δ: 2.00e-02 | M: 8970.3732 | iter=  0.12s | ETA: 0m43s | Path: GPU-cuStateVec+cpu-expect MPI-distributed (1 ranks)
Iter 0528/896 | E: -17.579576 | Δ: 1.27e-02 | M: 9191.4235 | iter=  0.12s | ETA: 0m43s | Path: GPU-cuStateVec+cpu-expect MPI-distributed (1 ranks)
Iter 0529/896 | E: -17.582774 | Δ: 3.20e-03 | M: 9417.5437 | iter=  0.12s | ETA: 0m43s | Path: GPU-cuStateVec+cpu-expect MPI-distributed (1 ranks)
Iter 0530/896 | E: -17.571168 | Δ: 1.16e-02 | M: 9222.8966 | iter=  0.12s | ETA: 0m43s | Path: GPU-cuStateVec+cpu-expect MPI-distributed (1 ranks)
[RESILIENCE] Iteration 530: Global theta state checkpointed at path checkpoints/BeH2/checkpoint_iter_0530.npy. 
Iter 0531/896 | E: -17.578017 | Δ: 6.85e-03 | M: 9506.0693 | iter=  0.12s | ETA: 0m43s | Path: GPU-cuStateVec+cpu-expect MPI-distributed (1 ranks)
Iter 0532/896 | E: -17.566667 | Δ: 1.13e-02 | M: 8765.4235 | iter=  0.12s | ETA: 0m43s | Path: GPU-cuStateVec+cpu-expect MPI-distributed (1 ranks)
Iter 0533/896 | E: -17.591253 | Δ: 2.46e-02 | M: 8810.9743 | iter=  0.12s | ETA: 0m42s | Path: GPU-cuStateVec+cpu-expect MPI-distributed (1 ranks)
Iter 0534/896 | E: -17.591193 | Δ: 6.04e-05 | M: 8588.7217 | iter=  0.12s | ETA: 0m42s | Path: GPU-cuStateVec+cpu-expect MPI-distributed (1 ranks)
Iter 0535/896 | E: -17.604249 | Δ: 1.31e-02 | M: 9391.8912 | iter=  0.12s | ETA: 0m42s | Path: GPU-cuStateVec+cpu-expect MPI-distributed (1 ranks)
[RESILIENCE] Iteration 535: Global theta state checkpointed at path checkpoints/BeH2/checkpoint_iter_0535.npy. 
Iter 0536/896 | E: -17.597634 | Δ: 6.61e-03 | M: 9359.8678 | iter=  0.12s | ETA: 0m42s | Path: GPU-cuStateVec+cpu-expect MPI-distributed (1 ranks)
Iter 0537/896 | E: -17.596348 | Δ: 1.29e-03 | M: 9336.4741 | iter=  0.12s | ETA: 0m42s | Path: GPU-cuStateVec+cpu-expect MPI-distributed (1 ranks)
Iter 0538/896 | E: -17.603305 | Δ: 6.96e-03 | M: 9110.5288 | iter=  0.12s | ETA: 0m42s | Path: GPU-cuStateVec+cpu-expect MPI-distributed (1 ranks)
Iter 0539/896 | E: -17.609097 | Δ: 5.79e-03 | M: 9188.5373 | iter=  0.12s | ETA: 0m42s | Path: GPU-cuStateVec+cpu-expect MPI-distributed (1 ranks)
Iter 0540/896 | E: -17.606729 | Δ: 2.37e-03 | M: 9191.8105 | iter=  0.12s | ETA: 0m42s | Path: GPU-cuStateVec+cpu-expect MPI-distributed (1 ranks)
[RESILIENCE] Iteration 540: Global theta state checkpointed at path checkpoints/BeH2/checkpoint_iter_0540.npy. 
Iter 0541/896 | E: -17.597835 | Δ: 8.89e-03 | M: 9351.4789 | iter=  0.12s | ETA: 0m42s | Path: GPU-cuStateVec+cpu-expect MPI-distributed (1 ranks)
Iter 0542/896 | E: -17.604248 | Δ: 6.41e-03 | M: 9121.0580 | iter=  0.12s | ETA: 0m42s | Path: GPU-cuStateVec+cpu-expect MPI-distributed (1 ranks)
Iter 0543/896 | E: -17.606965 | Δ: 2.72e-03 | M: 9426.8675 | iter=  0.12s | ETA: 0m41s | Path: GPU-cuStateVec+cpu-expect MPI-distributed (1 ranks)
Iter 0544/896 | E: -17.601369 | Δ: 5.60e-03 | M: 9242.4187 | iter=  0.12s | ETA: 0m41s | Path: GPU-cuStateVec+cpu-expect MPI-distributed (1 ranks)
Iter 0545/896 | E: -17.611198 | Δ: 9.83e-03 | M: 9473.2842 | iter=  0.12s | ETA: 0m41s | Path: GPU-cuStateVec+cpu-expect MPI-distributed (1 ranks)
[RESILIENCE] Iteration 545: Global theta state checkpointed at path checkpoints/BeH2/checkpoint_iter_0545.npy. 
Iter 0546/896 | E: -17.608592 | Δ: 2.61e-03 | M: 9408.7224 | iter=  0.12s | ETA: 0m41s | Path: GPU-cuStateVec+cpu-expect MPI-distributed (1 ranks)
Iter 0547/896 | E: -17.611431 | Δ: 2.84e-03 | M: 4478.9074 | iter=  0.12s | ETA: 0m41s | Path: GPU-cuStateVec+cpu-expect MPI-distributed (1 ranks)
Iter 0548/896 | E: -17.603174 | Δ: 8.26e-03 | M: 9316.4735 | iter=  0.12s | ETA: 0m41s | Path: GPU-cuStateVec+cpu-expect MPI-distributed (1 ranks)
Iter 0549/896 | E: -17.603075 | Δ: 9.89e-05 | M: 8790.0382 | iter=  0.12s | ETA: 0m41s | Path: GPU-cuStateVec+cpu-expect MPI-distributed (1 ranks)
Iter 0550/896 | E: -17.616303 | Δ: 1.32e-02 | M: 9089.6188 | iter=  0.12s | ETA: 0m41s | Path: GPU-cuStateVec+cpu-expect MPI-distributed (1 ranks)
[RESILIENCE] Iteration 550: Global theta state checkpointed at path checkpoints/BeH2/checkpoint_iter_0550.npy. 
Iter 0551/896 | E: -17.618985 | Δ: 2.68e-03 | M: 9549.1535 | iter=  0.12s | ETA: 0m40s | Path: GPU-cuStateVec+cpu-expect MPI-distributed (1 ranks)
Iter 0552/896 | E: -17.620235 | Δ: 1.25e-03 | M: 8858.7382 | iter=  0.12s | ETA: 0m40s | Path: GPU-cuStateVec+cpu-expect MPI-distributed (1 ranks)
Iter 0553/896 | E: -17.621474 | Δ: 1.24e-03 | M: 9349.8395 | iter=  0.12s | ETA: 0m40s | Path: GPU-cuStateVec+cpu-expect MPI-distributed (1 ranks)
Iter 0554/896 | E: -17.620820 | Δ: 6.54e-04 | M: 9327.8856 | iter=  0.12s | ETA: 0m40s | Path: GPU-cuStateVec+cpu-expect MPI-distributed (1 ranks)
Iter 0555/896 | E: -17.626772 | Δ: 5.95e-03 | M: 8878.2295 | iter=  0.12s | ETA: 0m40s | Path: GPU-cuStateVec+cpu-expect MPI-distributed (1 ranks)
[RESILIENCE] Iteration 555: Global theta state checkpointed at path checkpoints/BeH2/checkpoint_iter_0555.npy. 
Iter 0556/896 | E: -17.618353 | Δ: 8.42e-03 | M: 9446.3972 | iter=  0.12s | ETA: 0m40s | Path: GPU-cuStateVec+cpu-expect MPI-distributed (1 ranks)
Iter 0557/896 | E: -17.630483 | Δ: 1.21e-02 | M: 9252.9840 | iter=  0.12s | ETA: 0m40s | Path: GPU-cuStateVec+cpu-expect MPI-distributed (1 ranks)
Iter 0558/896 | E: -17.618253 | Δ: 1.22e-02 | M: 7672.9686 | iter=  0.18s | ETA: 0m40s | Path: GPU-cuStateVec+cpu-expect MPI-distributed (1 ranks)
Iter 0559/896 | E: -17.631093 | Δ: 1.28e-02 | M: 8351.9584 | iter=  0.12s | ETA: 0m40s | Path: GPU-cuStateVec+cpu-expect MPI-distributed (1 ranks)
Iter 0560/896 | E: -17.635589 | Δ: 4.50e-03 | M: 8973.2347 | iter=  0.12s | ETA: 0m39s | Path: GPU-cuStateVec+cpu-expect MPI-distributed (1 ranks)
[RESILIENCE] Iteration 560: Global theta state checkpointed at path checkpoints/BeH2/checkpoint_iter_0560.npy. 
Iter 0561/896 | E: -17.632895 | Δ: 2.69e-03 | M: 9156.5672 | iter=  0.12s | ETA: 0m39s | Path: GPU-cuStateVec+cpu-expect MPI-distributed (1 ranks)
Iter 0562/896 | E: -17.645609 | Δ: 1.27e-02 | M: 8900.2216 | iter=  0.12s | ETA: 0m39s | Path: GPU-cuStateVec+cpu-expect MPI-distributed (1 ranks)
Iter 0563/896 | E: -17.655996 | Δ: 1.04e-02 | M: 9240.2419 | iter=  0.12s | ETA: 0m39s | Path: GPU-cuStateVec+cpu-expect MPI-distributed (1 ranks)
Iter 0564/896 | E: -17.641647 | Δ: 1.43e-02 | M: 9181.8081 | iter=  0.12s | ETA: 0m39s | Path: GPU-cuStateVec+cpu-expect MPI-distributed (1 ranks)
Iter 0565/896 | E: -17.635816 | Δ: 5.83e-03 | M: 9479.3430 | iter=  0.12s | ETA: 0m39s | Path: GPU-cuStateVec+cpu-expect MPI-distributed (1 ranks)
[RESILIENCE] Iteration 565: Global theta state checkpointed at path checkpoints/BeH2/checkpoint_iter_0565.npy. 
Iter 0566/896 | E: -17.657821 | Δ: 2.20e-02 | M: 9451.0182 | iter=  0.12s | ETA: 0m39s | Path: GPU-cuStateVec+cpu-expect MPI-distributed (1 ranks)
Iter 0567/896 | E: -17.651424 | Δ: 6.40e-03 | M: 9248.6857 | iter=  0.12s | ETA: 0m39s | Path: GPU-cuStateVec+cpu-expect MPI-distributed (1 ranks)
Iter 0568/896 | E: -17.646434 | Δ: 4.99e-03 | M: 9370.2279 | iter=  0.12s | ETA: 0m39s | Path: GPU-cuStateVec+cpu-expect MPI-distributed (1 ranks)
Iter 0569/896 | E: -17.656324 | Δ: 9.89e-03 | M: 8151.7973 | iter=  0.12s | ETA: 0m38s | Path: GPU-cuStateVec+cpu-expect MPI-distributed (1 ranks)
Iter 0570/896 | E: -17.662575 | Δ: 6.25e-03 | M: 9279.2382 | iter=  0.12s | ETA: 0m38s | Path: GPU-cuStateVec+cpu-expect MPI-distributed (1 ranks)
[RESILIENCE] Iteration 570: Global theta state checkpointed at path checkpoints/BeH2/checkpoint_iter_0570.npy. 
Iter 0571/896 | E: -17.663369 | Δ: 7.94e-04 | M: 9482.5713 | iter=  0.12s | ETA: 0m38s | Path: GPU-cuStateVec+cpu-expect MPI-distributed (1 ranks)
Iter 0572/896 | E: -17.657177 | Δ: 6.19e-03 | M: 9091.4016 | iter=  0.12s | ETA: 0m38s | Path: GPU-cuStateVec+cpu-expect MPI-distributed (1 ranks)
Iter 0573/896 | E: -17.658080 | Δ: 9.02e-04 | M: 9517.6269 | iter=  0.12s | ETA: 0m38s | Path: GPU-cuStateVec+cpu-expect MPI-distributed (1 ranks)
Iter 0574/896 | E: -17.658812 | Δ: 7.33e-04 | M: 4656.6688 | iter=  0.12s | ETA: 0m38s | Path: GPU-cuStateVec+cpu-expect MPI-distributed (1 ranks)
Iter 0575/896 | E: -17.660633 | Δ: 1.82e-03 | M: 9079.8560 | iter=  0.12s | ETA: 0m37s | Path: GPU-cuStateVec+cpu-expect MPI-distributed (1 ranks)
[RESILIENCE] Iteration 575: Global theta state checkpointed at path checkpoints/BeH2/checkpoint_iter_0575.npy. 
Iter 0576/896 | E: -17.662374 | Δ: 1.74e-03 | M: 9423.4085 | iter=  0.12s | ETA: 0m37s | Path: GPU-cuStateVec+cpu-expect MPI-distributed (1 ranks)
Iter 0577/896 | E: -17.657226 | Δ: 5.15e-03 | M: 9244.9420 | iter=  0.12s | ETA: 0m37s | Path: GPU-cuStateVec+cpu-expect MPI-distributed (1 ranks)
Iter 0578/896 | E: -17.663295 | Δ: 6.07e-03 | M: 9576.7461 | iter=  0.12s | ETA: 0m37s | Path: GPU-cuStateVec+cpu-expect MPI-distributed (1 ranks)
Iter 0579/896 | E: -17.668710 | Δ: 5.41e-03 | M: 9464.8246 | iter=  0.12s | ETA: 0m37s | Path: GPU-cuStateVec+cpu-expect MPI-distributed (1 ranks)
Iter 0580/896 | E: -17.667142 | Δ: 1.57e-03 | M: 9364.6357 | iter=  0.12s | ETA: 0m37s | Path: GPU-cuStateVec+cpu-expect MPI-distributed (1 ranks)
[RESILIENCE] Iteration 580: Global theta state checkpointed at path checkpoints/BeH2/checkpoint_iter_0580.npy. 
Iter 0581/896 | E: -17.675557 | Δ: 8.42e-03 | M: 9533.8871 | iter=  0.12s | ETA: 0m37s | Path: GPU-cuStateVec+cpu-expect MPI-distributed (1 ranks)
Iter 0582/896 | E: -17.664779 | Δ: 1.08e-02 | M: 9444.6086 | iter=  0.12s | ETA: 0m37s | Path: GPU-cuStateVec+cpu-expect MPI-distributed (1 ranks)
Iter 0583/896 | E: -17.679387 | Δ: 1.46e-02 | M: 9421.0411 | iter=  0.12s | ETA: 0m37s | Path: GPU-cuStateVec+cpu-expect MPI-distributed (1 ranks)
Iter 0584/896 | E: -17.676447 | Δ: 2.94e-03 | M: 9483.7171 | iter=  0.12s | ETA: 0m37s | Path: GPU-cuStateVec+cpu-expect MPI-distributed (1 ranks)
Iter 0585/896 | E: -17.664142 | Δ: 1.23e-02 | M: 9204.9297 | iter=  0.12s | ETA: 0m36s | Path: GPU-cuStateVec+cpu-expect MPI-distributed (1 ranks)
[RESILIENCE] Iteration 585: Global theta state checkpointed at path checkpoints/BeH2/checkpoint_iter_0585.npy. 
Iter 0586/896 | E: -17.666291 | Δ: 2.15e-03 | M: 9423.6234 | iter=  0.12s | ETA: 0m36s | Path: GPU-cuStateVec+cpu-expect MPI-distributed (1 ranks)
Iter 0587/896 | E: -17.678615 | Δ: 1.23e-02 | M: 9401.5534 | iter=  0.12s | ETA: 0m36s | Path: GPU-cuStateVec+cpu-expect MPI-distributed (1 ranks)
Iter 0588/896 | E: -17.674352 | Δ: 4.26e-03 | M: 9344.4371 | iter=  0.12s | ETA: 0m36s | Path: GPU-cuStateVec+cpu-expect MPI-distributed (1 ranks)
Iter 0589/896 | E: -17.681359 | Δ: 7.01e-03 | M: 9044.0410 | iter=  0.12s | ETA: 0m36s | Path: GPU-cuStateVec+cpu-expect MPI-distributed (1 ranks)
Iter 0590/896 | E: -17.683368 | Δ: 2.01e-03 | M: 9335.5578 | iter=  0.12s | ETA: 0m36s | Path: GPU-cuStateVec+cpu-expect MPI-distributed (1 ranks)
[RESILIENCE] Iteration 590: Global theta state checkpointed at path checkpoints/BeH2/checkpoint_iter_0590.npy. 
Iter 0591/896 | E: -17.690269 | Δ: 6.90e-03 | M: 9518.7890 | iter=  0.12s | ETA: 0m36s | Path: GPU-cuStateVec+cpu-expect MPI-distributed (1 ranks)
Iter 0592/896 | E: -17.689250 | Δ: 1.02e-03 | M: 8635.9222 | iter=  0.12s | ETA: 0m36s | Path: GPU-cuStateVec+cpu-expect MPI-distributed (1 ranks)
Iter 0593/896 | E: -17.667640 | Δ: 2.16e-02 | M: 9787.1853 | iter=  0.12s | ETA: 0m36s | Path: GPU-cuStateVec+cpu-expect MPI-distributed (1 ranks)
Iter 0594/896 | E: -17.695365 | Δ: 2.77e-02 | M: 9444.1302 | iter=  0.12s | ETA: 0m35s | Path: GPU-cuStateVec+cpu-expect MPI-distributed (1 ranks)
Iter 0595/896 | E: -17.692762 | Δ: 2.60e-03 | M: 8366.9915 | iter=  0.12s | ETA: 0m35s | Path: GPU-cuStateVec+cpu-expect MPI-distributed (1 ranks)
[RESILIENCE] Iteration 595: Global theta state checkpointed at path checkpoints/BeH2/checkpoint_iter_0595.npy. 
Iter 0596/896 | E: -17.689635 | Δ: 3.13e-03 | M: 9359.6059 | iter=  0.12s | ETA: 0m35s | Path: GPU-cuStateVec+cpu-expect MPI-distributed (1 ranks)
Iter 0597/896 | E: -17.684299 | Δ: 5.34e-03 | M: 9656.2328 | iter=  0.12s | ETA: 0m35s | Path: GPU-cuStateVec+cpu-expect MPI-distributed (1 ranks)
Iter 0598/896 | E: -17.702333 | Δ: 1.80e-02 | M: 9401.0686 | iter=  0.12s | ETA: 0m35s | Path: GPU-cuStateVec+cpu-expect MPI-distributed (1 ranks)
Iter 0599/896 | E: -17.694878 | Δ: 7.45e-03 | M: 8967.7073 | iter=  0.12s | ETA: 0m35s | Path: GPU-cuStateVec+cpu-expect MPI-distributed (1 ranks)
Iter 0600/896 | E: -17.696006 | Δ: 1.13e-03 | M: 9242.8774 | iter=  0.12s | ETA: 0m35s | Path: GPU-cuStateVec+cpu-expect MPI-distributed (1 ranks)
[RESILIENCE] Iteration 600: Global theta state checkpointed at path checkpoints/BeH2/checkpoint_iter_0600.npy. 
Iter 0601/896 | E: -17.682923 | Δ: 1.31e-02 | M: 8918.9680 | iter=  0.12s | ETA: 0m34s | Path: GPU-cuStateVec+cpu-expect MPI-distributed (1 ranks)
Iter 0602/896 | E: -17.689077 | Δ: 6.15e-03 | M: 9370.2942 | iter=  0.12s | ETA: 0m34s | Path: GPU-cuStateVec+cpu-expect MPI-distributed (1 ranks)
Iter 0603/896 | E: -17.694351 | Δ: 5.27e-03 | M: 9443.5879 | iter=  0.12s | ETA: 0m34s | Path: GPU-cuStateVec+cpu-expect MPI-distributed (1 ranks)
Iter 0604/896 | E: -17.704958 | Δ: 1.06e-02 | M: 9272.9618 | iter=  0.12s | ETA: 0m34s | Path: GPU-cuStateVec+cpu-expect MPI-distributed (1 ranks)
Iter 0605/896 | E: -17.704739 | Δ: 2.19e-04 | M: 9202.3690 | iter=  0.12s | ETA: 0m34s | Path: GPU-cuStateVec+cpu-expect MPI-distributed (1 ranks)
[RESILIENCE] Iteration 605: Global theta state checkpointed at path checkpoints/BeH2/checkpoint_iter_0605.npy. 
Iter 0606/896 | E: -17.689227 | Δ: 1.55e-02 | M: 9262.9419 | iter=  0.12s | ETA: 0m34s | Path: GPU-cuStateVec+cpu-expect MPI-distributed (1 ranks)
Iter 0607/896 | E: -17.698027 | Δ: 8.80e-03 | M: 9034.5852 | iter=  0.12s | ETA: 0m34s | Path: GPU-cuStateVec+cpu-expect MPI-distributed (1 ranks)
Iter 0608/896 | E: -17.701924 | Δ: 3.90e-03 | M: 7700.5372 | iter=  0.12s | ETA: 0m34s | Path: GPU-cuStateVec+cpu-expect MPI-distributed (1 ranks)
Iter 0609/896 | E: -17.701883 | Δ: 4.19e-05 | M: 7718.0952 | iter=  0.12s | ETA: 0m34s | Path: GPU-cuStateVec+cpu-expect MPI-distributed (1 ranks)
Iter 0610/896 | E: -17.704650 | Δ: 2.77e-03 | M: 9107.8547 | iter=  0.12s | ETA: 0m34s | Path: GPU-cuStateVec+cpu-expect MPI-distributed (1 ranks)
[RESILIENCE] Iteration 610: Global theta state checkpointed at path checkpoints/BeH2/checkpoint_iter_0610.npy. 
Iter 0611/896 | E: -17.703831 | Δ: 8.19e-04 | M: 9129.2168 | iter=  0.12s | ETA: 0m33s | Path: GPU-cuStateVec+cpu-expect MPI-distributed (1 ranks)
Iter 0612/896 | E: -17.707804 | Δ: 3.97e-03 | M: 8869.2573 | iter=  0.12s | ETA: 0m33s | Path: GPU-cuStateVec+cpu-expect MPI-distributed (1 ranks)
Iter 0613/896 | E: -17.700261 | Δ: 7.54e-03 | M: 8885.7609 | iter=  0.12s | ETA: 0m33s | Path: GPU-cuStateVec+cpu-expect MPI-distributed (1 ranks)
Iter 0614/896 | E: -17.711098 | Δ: 1.08e-02 | M: 9349.1687 | iter=  0.12s | ETA: 0m33s | Path: GPU-cuStateVec+cpu-expect MPI-distributed (1 ranks)
Iter 0615/896 | E: -17.717573 | Δ: 6.47e-03 | M: 4802.6302 | iter=  0.12s | ETA: 0m33s | Path: GPU-cuStateVec+cpu-expect MPI-distributed (1 ranks)
[RESILIENCE] Iteration 615: Global theta state checkpointed at path checkpoints/BeH2/checkpoint_iter_0615.npy. 
Iter 0616/896 | E: -17.709388 | Δ: 8.18e-03 | M: 9420.5832 | iter=  0.12s | ETA: 0m33s | Path: GPU-cuStateVec+cpu-expect MPI-distributed (1 ranks)
Iter 0617/896 | E: -17.705974 | Δ: 3.41e-03 | M: 9044.1409 | iter=  0.12s | ETA: 0m33s | Path: GPU-cuStateVec+cpu-expect MPI-distributed (1 ranks)
Iter 0618/896 | E: -17.703501 | Δ: 2.47e-03 | M: 9464.2612 | iter=  0.12s | ETA: 0m33s | Path: GPU-cuStateVec+cpu-expect MPI-distributed (1 ranks)
Iter 0619/896 | E: -17.708855 | Δ: 5.35e-03 | M: 9497.9191 | iter=  0.12s | ETA: 0m32s | Path: GPU-cuStateVec+cpu-expect MPI-distributed (1 ranks)
Iter 0620/896 | E: -17.719507 | Δ: 1.07e-02 | M: 9603.5047 | iter=  0.12s | ETA: 0m32s | Path: GPU-cuStateVec+cpu-expect MPI-distributed (1 ranks)
[RESILIENCE] Iteration 620: Global theta state checkpointed at path checkpoints/BeH2/checkpoint_iter_0620.npy. 
Iter 0621/896 | E: -17.708437 | Δ: 1.11e-02 | M: 8565.7904 | iter=  0.12s | ETA: 0m32s | Path: GPU-cuStateVec+cpu-expect MPI-distributed (1 ranks)
Iter 0622/896 | E: -17.721373 | Δ: 1.29e-02 | M: 9265.1538 | iter=  0.12s | ETA: 0m32s | Path: GPU-cuStateVec+cpu-expect MPI-distributed (1 ranks)
Iter 0623/896 | E: -17.717349 | Δ: 4.02e-03 | M: 9642.7229 | iter=  0.12s | ETA: 0m32s | Path: GPU-cuStateVec+cpu-expect MPI-distributed (1 ranks)
Iter 0624/896 | E: -17.719159 | Δ: 1.81e-03 | M: 9510.8181 | iter=  0.12s | ETA: 0m32s | Path: GPU-cuStateVec+cpu-expect MPI-distributed (1 ranks)
Iter 0625/896 | E: -17.726720 | Δ: 7.56e-03 | M: 8994.9610 | iter=  0.12s | ETA: 0m32s | Path: GPU-cuStateVec+cpu-expect MPI-distributed (1 ranks)
[RESILIENCE] Iteration 625: Global theta state checkpointed at path checkpoints/BeH2/checkpoint_iter_0625.npy. 
Iter 0626/896 | E: -17.732049 | Δ: 5.33e-03 | M: 9377.5800 | iter=  0.12s | ETA: 0m32s | Path: GPU-cuStateVec+cpu-expect MPI-distributed (1 ranks)
Iter 0627/896 | E: -17.738244 | Δ: 6.19e-03 | M: 9056.6240 | iter=  0.12s | ETA: 0m31s | Path: GPU-cuStateVec+cpu-expect MPI-distributed (1 ranks)
Iter 0628/896 | E: -17.732673 | Δ: 5.57e-03 | M: 9284.5655 | iter=  0.12s | ETA: 0m31s | Path: GPU-cuStateVec+cpu-expect MPI-distributed (1 ranks)
Iter 0629/896 | E: -17.728952 | Δ: 3.72e-03 | M: 9424.7688 | iter=  0.12s | ETA: 0m31s | Path: GPU-cuStateVec+cpu-expect MPI-distributed (1 ranks)
Iter 0630/896 | E: -17.734992 | Δ: 6.04e-03 | M: 9229.7400 | iter=  0.12s | ETA: 0m31s | Path: GPU-cuStateVec+cpu-expect MPI-distributed (1 ranks)
[RESILIENCE] Iteration 630: Global theta state checkpointed at path checkpoints/BeH2/checkpoint_iter_0630.npy. 
Iter 0631/896 | E: -17.736672 | Δ: 1.68e-03 | M: 8361.8956 | iter=  0.12s | ETA: 0m31s | Path: GPU-cuStateVec+cpu-expect MPI-distributed (1 ranks)
Iter 0632/896 | E: -17.729391 | Δ: 7.28e-03 | M: 9016.6672 | iter=  0.12s | ETA: 0m31s | Path: GPU-cuStateVec+cpu-expect MPI-distributed (1 ranks)
Iter 0633/896 | E: -17.736057 | Δ: 6.67e-03 | M: 8830.7220 | iter=  0.12s | ETA: 0m31s | Path: GPU-cuStateVec+cpu-expect MPI-distributed (1 ranks)
Iter 0634/896 | E: -17.732245 | Δ: 3.81e-03 | M: 9232.8307 | iter=  0.12s | ETA: 0m31s | Path: GPU-cuStateVec+cpu-expect MPI-distributed (1 ranks)
Iter 0635/896 | E: -17.734859 | Δ: 2.61e-03 | M: 9487.5346 | iter=  0.12s | ETA: 0m30s | Path: GPU-cuStateVec+cpu-expect MPI-distributed (1 ranks)
[RESILIENCE] Iteration 635: Global theta state checkpointed at path checkpoints/BeH2/checkpoint_iter_0635.npy. 
Iter 0636/896 | E: -17.736248 | Δ: 1.39e-03 | M: 9352.8706 | iter=  0.12s | ETA: 0m30s | Path: GPU-cuStateVec+cpu-expect MPI-distributed (1 ranks)
Iter 0637/896 | E: -17.741449 | Δ: 5.20e-03 | M: 9014.8380 | iter=  0.12s | ETA: 0m30s | Path: GPU-cuStateVec+cpu-expect MPI-distributed (1 ranks)
Iter 0638/896 | E: -17.736602 | Δ: 4.85e-03 | M: 9168.0705 | iter=  0.12s | ETA: 0m30s | Path: GPU-cuStateVec+cpu-expect MPI-distributed (1 ranks)
Iter 0639/896 | E: -17.739532 | Δ: 2.93e-03 | M: 9540.1197 | iter=  0.12s | ETA: 0m30s | Path: GPU-cuStateVec+cpu-expect MPI-distributed (1 ranks)
Iter 0640/896 | E: -17.738538 | Δ: 9.94e-04 | M: 9557.6463 | iter=  0.12s | ETA: 0m30s | Path: GPU-cuStateVec+cpu-expect MPI-distributed (1 ranks)
[RESILIENCE] Iteration 640: Global theta state checkpointed at path checkpoints/BeH2/checkpoint_iter_0640.npy. 
Iter 0641/896 | E: -17.750764 | Δ: 1.22e-02 | M: 9639.0726 | iter=  0.12s | ETA: 0m30s | Path: GPU-cuStateVec+cpu-expect MPI-distributed (1 ranks)
Iter 0642/896 | E: -17.745549 | Δ: 5.21e-03 | M: 9116.7057 | iter=  0.12s | ETA: 0m30s | Path: GPU-cuStateVec+cpu-expect MPI-distributed (1 ranks)
Iter 0643/896 | E: -17.747739 | Δ: 2.19e-03 | M: 9175.4491 | iter=  0.12s | ETA: 0m30s | Path: GPU-cuStateVec+cpu-expect MPI-distributed (1 ranks)
Iter 0644/896 | E: -17.745802 | Δ: 1.94e-03 | M: 9420.2520 | iter=  0.12s | ETA: 0m29s | Path: GPU-cuStateVec+cpu-expect MPI-distributed (1 ranks)
Iter 0645/896 | E: -17.744086 | Δ: 1.72e-03 | M: 9509.3088 | iter=  0.12s | ETA: 0m29s | Path: GPU-cuStateVec+cpu-expect MPI-distributed (1 ranks)
[RESILIENCE] Iteration 645: Global theta state checkpointed at path checkpoints/BeH2/checkpoint_iter_0645.npy. 
Iter 0646/896 | E: -17.744313 | Δ: 2.27e-04 | M: 8945.3016 | iter=  0.12s | ETA: 0m29s | Path: GPU-cuStateVec+cpu-expect MPI-distributed (1 ranks)
Iter 0647/896 | E: -17.752655 | Δ: 8.34e-03 | M: 8970.0501 | iter=  0.12s | ETA: 0m29s | Path: GPU-cuStateVec+cpu-expect MPI-distributed (1 ranks)
Iter 0648/896 | E: -17.757646 | Δ: 4.99e-03 | M: 5289.5354 | iter=  0.12s | ETA: 0m29s | Path: GPU-cuStateVec+cpu-expect MPI-distributed (1 ranks)
Iter 0649/896 | E: -17.753233 | Δ: 4.41e-03 | M: 9300.6539 | iter=  0.12s | ETA: 0m29s | Path: GPU-cuStateVec+cpu-expect MPI-distributed (1 ranks)
Iter 0650/896 | E: -17.750791 | Δ: 2.44e-03 | M: 9447.6876 | iter=  0.12s | ETA: 0m29s | Path: GPU-cuStateVec+cpu-expect MPI-distributed (1 ranks)
[RESILIENCE] Iteration 650: Global theta state checkpointed at path checkpoints/BeH2/checkpoint_iter_0650.npy. 
Iter 0651/896 | E: -17.753854 | Δ: 3.06e-03 | M: 9259.6635 | iter=  0.12s | ETA: 0m29s | Path: GPU-cuStateVec+cpu-expect MPI-distributed (1 ranks)
Iter 0652/896 | E: -17.761792 | Δ: 7.94e-03 | M: 8461.7002 | iter=  0.12s | ETA: 0m28s | Path: GPU-cuStateVec+cpu-expect MPI-distributed (1 ranks)
Iter 0653/896 | E: -17.740135 | Δ: 2.17e-02 | M: 8978.7898 | iter=  0.12s | ETA: 0m28s | Path: GPU-cuStateVec+cpu-expect MPI-distributed (1 ranks)
Iter 0654/896 | E: -17.761382 | Δ: 2.12e-02 | M: 8051.5601 | iter=  0.12s | ETA: 0m28s | Path: GPU-cuStateVec+cpu-expect MPI-distributed (1 ranks)
Iter 0655/896 | E: -17.754487 | Δ: 6.90e-03 | M: 9274.1290 | iter=  0.12s | ETA: 0m28s | Path: GPU-cuStateVec+cpu-expect MPI-distributed (1 ranks)
[RESILIENCE] Iteration 655: Global theta state checkpointed at path checkpoints/BeH2/checkpoint_iter_0655.npy. 
Iter 0656/896 | E: -17.763198 | Δ: 8.71e-03 | M: 9303.0143 | iter=  0.12s | ETA: 0m28s | Path: GPU-cuStateVec+cpu-expect MPI-distributed (1 ranks)
Iter 0657/896 | E: -17.761815 | Δ: 1.38e-03 | M: 9542.2043 | iter=  0.12s | ETA: 0m28s | Path: GPU-cuStateVec+cpu-expect MPI-distributed (1 ranks)
Iter 0658/896 | E: -17.764598 | Δ: 2.78e-03 | M: 9400.2200 | iter=  0.12s | ETA: 0m28s | Path: GPU-cuStateVec+cpu-expect MPI-distributed (1 ranks)
Iter 0659/896 | E: -17.763758 | Δ: 8.40e-04 | M: 9363.0217 | iter=  0.12s | ETA: 0m28s | Path: GPU-cuStateVec+cpu-expect MPI-distributed (1 ranks)
Iter 0660/896 | E: -17.762883 | Δ: 8.75e-04 | M: 8973.6131 | iter=  0.12s | ETA: 0m27s | Path: GPU-cuStateVec+cpu-expect MPI-distributed (1 ranks)
[RESILIENCE] Iteration 660: Global theta state checkpointed at path checkpoints/BeH2/checkpoint_iter_0660.npy. 
Iter 0661/896 | E: -17.767680 | Δ: 4.80e-03 | M: 9078.4124 | iter=  0.12s | ETA: 0m27s | Path: GPU-cuStateVec+cpu-expect MPI-distributed (1 ranks)
Iter 0662/896 | E: -17.766555 | Δ: 1.13e-03 | M: 5743.4482 | iter=  0.12s | ETA: 0m27s | Path: GPU-cuStateVec+cpu-expect MPI-distributed (1 ranks)
Iter 0663/896 | E: -17.769534 | Δ: 2.98e-03 | M: 9373.5448 | iter=  0.12s | ETA: 0m27s | Path: GPU-cuStateVec+cpu-expect MPI-distributed (1 ranks)
Iter 0664/896 | E: -17.762606 | Δ: 6.93e-03 | M: 9074.6605 | iter=  0.12s | ETA: 0m27s | Path: GPU-cuStateVec+cpu-expect MPI-distributed (1 ranks)
Iter 0665/896 | E: -17.772121 | Δ: 9.51e-03 | M: 9389.4075 | iter=  0.12s | ETA: 0m27s | Path: GPU-cuStateVec+cpu-expect MPI-distributed (1 ranks)
[RESILIENCE] Iteration 665: Global theta state checkpointed at path checkpoints/BeH2/checkpoint_iter_0665.npy. 
Iter 0666/896 | E: -17.767377 | Δ: 4.74e-03 | M: 9579.3705 | iter=  0.12s | ETA: 0m27s | Path: GPU-cuStateVec+cpu-expect MPI-distributed (1 ranks)
Iter 0667/896 | E: -17.768111 | Δ: 7.34e-04 | M: 9528.8276 | iter=  0.12s | ETA: 0m27s | Path: GPU-cuStateVec+cpu-expect MPI-distributed (1 ranks)
Iter 0668/896 | E: -17.765017 | Δ: 3.09e-03 | M: 9464.5141 | iter=  0.12s | ETA: 0m27s | Path: GPU-cuStateVec+cpu-expect MPI-distributed (1 ranks)
Iter 0669/896 | E: -17.779875 | Δ: 1.49e-02 | M: 9441.1454 | iter=  0.12s | ETA: 0m26s | Path: GPU-cuStateVec+cpu-expect MPI-distributed (1 ranks)
Iter 0670/896 | E: -17.777903 | Δ: 1.97e-03 | M: 9336.8714 | iter=  0.12s | ETA: 0m26s | Path: GPU-cuStateVec+cpu-expect MPI-distributed (1 ranks)
[RESILIENCE] Iteration 670: Global theta state checkpointed at path checkpoints/BeH2/checkpoint_iter_0670.npy. 
Iter 0671/896 | E: -17.775660 | Δ: 2.24e-03 | M: 9334.7253 | iter=  0.12s | ETA: 0m26s | Path: GPU-cuStateVec+cpu-expect MPI-distributed (1 ranks)
Iter 0672/896 | E: -17.783454 | Δ: 7.79e-03 | M: 9235.2389 | iter=  0.12s | ETA: 0m26s | Path: GPU-cuStateVec+cpu-expect MPI-distributed (1 ranks)
Iter 0673/896 | E: -17.778045 | Δ: 5.41e-03 | M: 8682.5951 | iter=  0.12s | ETA: 0m26s | Path: GPU-cuStateVec+cpu-expect MPI-distributed (1 ranks)
Iter 0674/896 | E: -17.775225 | Δ: 2.82e-03 | M: 9630.3640 | iter=  0.12s | ETA: 0m26s | Path: GPU-cuStateVec+cpu-expect MPI-distributed (1 ranks)
Iter 0675/896 | E: -17.774096 | Δ: 1.13e-03 | M: 9274.2171 | iter=  0.12s | ETA: 0m26s | Path: GPU-cuStateVec+cpu-expect MPI-distributed (1 ranks)
[RESILIENCE] Iteration 675: Global theta state checkpointed at path checkpoints/BeH2/checkpoint_iter_0675.npy. 
Iter 0676/896 | E: -17.772431 | Δ: 1.67e-03 | M: 9273.9628 | iter=  0.12s | ETA: 0m26s | Path: GPU-cuStateVec+cpu-expect MPI-distributed (1 ranks)
Iter 0677/896 | E: -17.790115 | Δ: 1.77e-02 | M: 9414.8220 | iter=  0.12s | ETA: 0m26s | Path: GPU-cuStateVec+cpu-expect MPI-distributed (1 ranks)
Iter 0678/896 | E: -17.767013 | Δ: 2.31e-02 | M: 9332.4602 | iter=  0.12s | ETA: 0m25s | Path: GPU-cuStateVec+cpu-expect MPI-distributed (1 ranks)
Iter 0679/896 | E: -17.777221 | Δ: 1.02e-02 | M: 8628.1824 | iter=  0.12s | ETA: 0m25s | Path: GPU-cuStateVec+cpu-expect MPI-distributed (1 ranks)
Iter 0680/896 | E: -17.780745 | Δ: 3.52e-03 | M: 9352.7893 | iter=  0.12s | ETA: 0m25s | Path: GPU-cuStateVec+cpu-expect MPI-distributed (1 ranks)
[RESILIENCE] Iteration 680: Global theta state checkpointed at path checkpoints/BeH2/checkpoint_iter_0680.npy. 
Iter 0681/896 | E: -17.788507 | Δ: 7.76e-03 | M: 9491.0643 | iter=  0.12s | ETA: 0m25s | Path: GPU-cuStateVec+cpu-expect MPI-distributed (1 ranks)
Iter 0682/896 | E: -17.772525 | Δ: 1.60e-02 | M: 9291.9517 | iter=  0.12s | ETA: 0m25s | Path: GPU-cuStateVec+cpu-expect MPI-distributed (1 ranks)
Iter 0683/896 | E: -17.792507 | Δ: 2.00e-02 | M: 9364.4193 | iter=  0.12s | ETA: 0m25s | Path: GPU-cuStateVec+cpu-expect MPI-distributed (1 ranks)
Iter 0684/896 | E: -17.791917 | Δ: 5.91e-04 | M: 9310.2475 | iter=  0.12s | ETA: 0m25s | Path: GPU-cuStateVec+cpu-expect MPI-distributed (1 ranks)
Iter 0685/896 | E: -17.784166 | Δ: 7.75e-03 | M: 9197.0299 | iter=  0.12s | ETA: 0m25s | Path: GPU-cuStateVec+cpu-expect MPI-distributed (1 ranks)
[RESILIENCE] Iteration 685: Global theta state checkpointed at path checkpoints/BeH2/checkpoint_iter_0685.npy. 
Iter 0686/896 | E: -17.791277 | Δ: 7.11e-03 | M: 9044.4573 | iter=  0.12s | ETA: 0m24s | Path: GPU-cuStateVec+cpu-expect MPI-distributed (1 ranks)
Iter 0687/896 | E: -17.793641 | Δ: 2.36e-03 | M: 9486.0661 | iter=  0.12s | ETA: 0m24s | Path: GPU-cuStateVec+cpu-expect MPI-distributed (1 ranks)
Iter 0688/896 | E: -17.799285 | Δ: 5.64e-03 | M: 9250.0293 | iter=  0.12s | ETA: 0m24s | Path: GPU-cuStateVec+cpu-expect MPI-distributed (1 ranks)
Iter 0689/896 | E: -17.798472 | Δ: 8.13e-04 | M: 9530.9576 | iter=  0.12s | ETA: 0m24s | Path: GPU-cuStateVec+cpu-expect MPI-distributed (1 ranks)
Iter 0690/896 | E: -17.806395 | Δ: 7.92e-03 | M: 9658.0929 | iter=  0.12s | ETA: 0m24s | Path: GPU-cuStateVec+cpu-expect MPI-distributed (1 ranks)
[RESILIENCE] Iteration 690: Global theta state checkpointed at path checkpoints/BeH2/checkpoint_iter_0690.npy. 
Iter 0691/896 | E: -17.802390 | Δ: 4.00e-03 | M: 9503.9183 | iter=  0.12s | ETA: 0m24s | Path: GPU-cuStateVec+cpu-expect MPI-distributed (1 ranks)
Iter 0692/896 | E: -17.796820 | Δ: 5.57e-03 | M: 9426.5644 | iter=  0.12s | ETA: 0m24s | Path: GPU-cuStateVec+cpu-expect MPI-distributed (1 ranks)
Iter 0693/896 | E: -17.793661 | Δ: 3.16e-03 | M: 8946.2119 | iter=  0.12s | ETA: 0m24s | Path: GPU-cuStateVec+cpu-expect MPI-distributed (1 ranks)
Iter 0694/896 | E: -17.805662 | Δ: 1.20e-02 | M: 7481.6422 | iter=  0.12s | ETA: 0m23s | Path: GPU-cuStateVec+cpu-expect MPI-distributed (1 ranks)
Iter 0695/896 | E: -17.800451 | Δ: 5.21e-03 | M: 8877.0011 | iter=  0.12s | ETA: 0m23s | Path: GPU-cuStateVec+cpu-expect MPI-distributed (1 ranks)
[RESILIENCE] Iteration 695: Global theta state checkpointed at path checkpoints/BeH2/checkpoint_iter_0695.npy. 
Iter 0696/896 | E: -17.813668 | Δ: 1.32e-02 | M: 8680.7672 | iter=  0.12s | ETA: 0m23s | Path: GPU-cuStateVec+cpu-expect MPI-distributed (1 ranks)
Iter 0697/896 | E: -17.800056 | Δ: 1.36e-02 | M: 8970.3259 | iter=  0.12s | ETA: 0m23s | Path: GPU-cuStateVec+cpu-expect MPI-distributed (1 ranks)
Iter 0698/896 | E: -17.797993 | Δ: 2.06e-03 | M: 8678.0518 | iter=  0.12s | ETA: 0m23s | Path: GPU-cuStateVec+cpu-expect MPI-distributed (1 ranks)
Iter 0699/896 | E: -17.811103 | Δ: 1.31e-02 | M: 9046.6930 | iter=  0.12s | ETA: 0m23s | Path: GPU-cuStateVec+cpu-expect MPI-distributed (1 ranks)
Iter 0700/896 | E: -17.812230 | Δ: 1.13e-03 | M: 9161.9887 | iter=  0.12s | ETA: 0m23s | Path: GPU-cuStateVec+cpu-expect MPI-distributed (1 ranks)
[RESILIENCE] Iteration 700: Global theta state checkpointed at path checkpoints/BeH2/checkpoint_iter_0700.npy. 
Iter 0701/896 | E: -17.801074 | Δ: 1.12e-02 | M: 9269.5673 | iter=  0.12s | ETA: 0m23s | Path: GPU-cuStateVec+cpu-expect MPI-distributed (1 ranks)
Iter 0702/896 | E: -17.802792 | Δ: 1.72e-03 | M: 9005.2246 | iter=  0.12s | ETA: 0m22s | Path: GPU-cuStateVec+cpu-expect MPI-distributed (1 ranks)
Iter 0703/896 | E: -17.815126 | Δ: 1.23e-02 | M: 9634.9876 | iter=  0.12s | ETA: 0m22s | Path: GPU-cuStateVec+cpu-expect MPI-distributed (1 ranks)
Iter 0704/896 | E: -17.817905 | Δ: 2.78e-03 | M: 9425.9876 | iter=  0.12s | ETA: 0m22s | Path: GPU-cuStateVec+cpu-expect MPI-distributed (1 ranks)
Iter 0705/896 | E: -17.814501 | Δ: 3.40e-03 | M: 9416.1868 | iter=  0.12s | ETA: 0m22s | Path: GPU-cuStateVec+cpu-expect MPI-distributed (1 ranks)
[RESILIENCE] Iteration 705: Global theta state checkpointed at path checkpoints/BeH2/checkpoint_iter_0705.npy. 
Iter 0706/896 | E: -17.812004 | Δ: 2.50e-03 | M: 9252.6385 | iter=  0.12s | ETA: 0m22s | Path: GPU-cuStateVec+cpu-expect MPI-distributed (1 ranks)
Iter 0707/896 | E: -17.823452 | Δ: 1.14e-02 | M: 9028.9150 | iter=  0.12s | ETA: 0m22s | Path: GPU-cuStateVec+cpu-expect MPI-distributed (1 ranks)
Iter 0708/896 | E: -17.813527 | Δ: 9.92e-03 | M: 9102.8507 | iter=  0.12s | ETA: 0m22s | Path: GPU-cuStateVec+cpu-expect MPI-distributed (1 ranks)
Iter 0709/896 | E: -17.814484 | Δ: 9.57e-04 | M: 9432.3794 | iter=  0.12s | ETA: 0m22s | Path: GPU-cuStateVec+cpu-expect MPI-distributed (1 ranks)
Iter 0710/896 | E: -17.808739 | Δ: 5.75e-03 | M: 9383.0288 | iter=  0.12s | ETA: 0m22s | Path: GPU-cuStateVec+cpu-expect MPI-distributed (1 ranks)
[RESILIENCE] Iteration 710: Global theta state checkpointed at path checkpoints/BeH2/checkpoint_iter_0710.npy. 
Iter 0711/896 | E: -17.809748 | Δ: 1.01e-03 | M: 9353.4853 | iter=  0.12s | ETA: 0m22s | Path: GPU-cuStateVec+cpu-expect MPI-distributed (1 ranks)
Iter 0712/896 | E: -17.816920 | Δ: 7.17e-03 | M: 9061.2050 | iter=  0.12s | ETA: 0m21s | Path: GPU-cuStateVec+cpu-expect MPI-distributed (1 ranks)
Iter 0713/896 | E: -17.819039 | Δ: 2.12e-03 | M: 9135.1718 | iter=  0.12s | ETA: 0m21s | Path: GPU-cuStateVec+cpu-expect MPI-distributed (1 ranks)
Iter 0714/896 | E: -17.817004 | Δ: 2.04e-03 | M: 9445.0257 | iter=  0.12s | ETA: 0m21s | Path: GPU-cuStateVec+cpu-expect MPI-distributed (1 ranks)
Iter 0715/896 | E: -17.829438 | Δ: 1.24e-02 | M: 9389.1879 | iter=  0.12s | ETA: 0m21s | Path: GPU-cuStateVec+cpu-expect MPI-distributed (1 ranks)
[RESILIENCE] Iteration 715: Global theta state checkpointed at path checkpoints/BeH2/checkpoint_iter_0715.npy. 
Iter 0716/896 | E: -17.823100 | Δ: 6.34e-03 | M: 9359.7066 | iter=  0.12s | ETA: 0m21s | Path: GPU-cuStateVec+cpu-expect MPI-distributed (1 ranks)
Iter 0717/896 | E: -17.826574 | Δ: 3.47e-03 | M: 9383.1943 | iter=  0.12s | ETA: 0m21s | Path: GPU-cuStateVec+cpu-expect MPI-distributed (1 ranks)
Iter 0718/896 | E: -17.825877 | Δ: 6.96e-04 | M: 9306.5496 | iter=  0.12s | ETA: 0m21s | Path: GPU-cuStateVec+cpu-expect MPI-distributed (1 ranks)
Iter 0719/896 | E: -17.832843 | Δ: 6.97e-03 | M: 9344.8693 | iter=  0.12s | ETA: 0m21s | Path: GPU-cuStateVec+cpu-expect MPI-distributed (1 ranks)
Iter 0720/896 | E: -17.828824 | Δ: 4.02e-03 | M: 9535.4430 | iter=  0.12s | ETA: 0m20s | Path: GPU-cuStateVec+cpu-expect MPI-distributed (1 ranks)
[RESILIENCE] Iteration 720: Global theta state checkpointed at path checkpoints/BeH2/checkpoint_iter_0720.npy. 
Iter 0721/896 | E: -17.831990 | Δ: 3.17e-03 | M: 9729.4816 | iter=  0.12s | ETA: 0m20s | Path: GPU-cuStateVec+cpu-expect MPI-distributed (1 ranks)
Iter 0722/896 | E: -17.841554 | Δ: 9.56e-03 | M: 9035.2068 | iter=  0.12s | ETA: 0m20s | Path: GPU-cuStateVec+cpu-expect MPI-distributed (1 ranks)
Iter 0723/896 | E: -17.828447 | Δ: 1.31e-02 | M: 9648.3475 | iter=  0.12s | ETA: 0m20s | Path: GPU-cuStateVec+cpu-expect MPI-distributed (1 ranks)
Iter 0724/896 | E: -17.832748 | Δ: 4.30e-03 | M: 9421.1902 | iter=  0.12s | ETA: 0m20s | Path: GPU-cuStateVec+cpu-expect MPI-distributed (1 ranks)
Iter 0725/896 | E: -17.834468 | Δ: 1.72e-03 | M: 9689.9390 | iter=  0.12s | ETA: 0m20s | Path: GPU-cuStateVec+cpu-expect MPI-distributed (1 ranks)
[RESILIENCE] Iteration 725: Global theta state checkpointed at path checkpoints/BeH2/checkpoint_iter_0725.npy. 
Iter 0726/896 | E: -17.844131 | Δ: 9.66e-03 | M: 9486.1013 | iter=  0.12s | ETA: 0m20s | Path: GPU-cuStateVec+cpu-expect MPI-distributed (1 ranks)
Iter 0727/896 | E: -17.842083 | Δ: 2.05e-03 | M: 8641.9716 | iter=  0.12s | ETA: 0m20s | Path: GPU-cuStateVec+cpu-expect MPI-distributed (1 ranks)
Iter 0728/896 | E: -17.844603 | Δ: 2.52e-03 | M: 9535.1033 | iter=  0.12s | ETA: 0m19s | Path: GPU-cuStateVec+cpu-expect MPI-distributed (1 ranks)
Iter 0729/896 | E: -17.838216 | Δ: 6.39e-03 | M: 9183.6708 | iter=  0.12s | ETA: 0m19s | Path: GPU-cuStateVec+cpu-expect MPI-distributed (1 ranks)
Iter 0730/896 | E: -17.845435 | Δ: 7.22e-03 | M: 9483.7498 | iter=  0.12s | ETA: 0m19s | Path: GPU-cuStateVec+cpu-expect MPI-distributed (1 ranks)
[RESILIENCE] Iteration 730: Global theta state checkpointed at path checkpoints/BeH2/checkpoint_iter_0730.npy. 
Iter 0731/896 | E: -17.844074 | Δ: 1.36e-03 | M: 9412.9265 | iter=  0.12s | ETA: 0m19s | Path: GPU-cuStateVec+cpu-expect MPI-distributed (1 ranks)
Iter 0732/896 | E: -17.841299 | Δ: 2.78e-03 | M: 9118.8655 | iter=  0.12s | ETA: 0m19s | Path: GPU-cuStateVec+cpu-expect MPI-distributed (1 ranks)
Iter 0733/896 | E: -17.837131 | Δ: 4.17e-03 | M: 9458.8883 | iter=  0.12s | ETA: 0m19s | Path: GPU-cuStateVec+cpu-expect MPI-distributed (1 ranks)
Iter 0734/896 | E: -17.850637 | Δ: 1.35e-02 | M: 7376.7605 | iter=  0.12s | ETA: 0m19s | Path: GPU-cuStateVec+cpu-expect MPI-distributed (1 ranks)
Iter 0735/896 | E: -17.839873 | Δ: 1.08e-02 | M: 10152.5190 | iter=  0.14s | ETA: 0m19s | Path: GPU-cuStateVec+cpu-expect MPI-distributed (1 ranks)
[RESILIENCE] Iteration 735: Global theta state checkpointed at path checkpoints/BeH2/checkpoint_iter_0735.npy. 
Iter 0736/896 | E: -17.837496 | Δ: 2.38e-03 | M: 7890.0604 | iter=  0.12s | ETA: 0m19s | Path: GPU-cuStateVec+cpu-expect MPI-distributed (1 ranks)
Iter 0737/896 | E: -17.842311 | Δ: 4.82e-03 | M: 8556.2779 | iter=  0.12s | ETA: 0m19s | Path: GPU-cuStateVec+cpu-expect MPI-distributed (1 ranks)
Iter 0738/896 | E: -17.853571 | Δ: 1.13e-02 | M: 9050.2912 | iter=  0.12s | ETA: 0m18s | Path: GPU-cuStateVec+cpu-expect MPI-distributed (1 ranks)
Iter 0739/896 | E: -17.848496 | Δ: 5.08e-03 | M: 9207.3520 | iter=  0.12s | ETA: 0m18s | Path: GPU-cuStateVec+cpu-expect MPI-distributed (1 ranks)
Iter 0740/896 | E: -17.847151 | Δ: 1.35e-03 | M: 9140.7480 | iter=  0.12s | ETA: 0m18s | Path: GPU-cuStateVec+cpu-expect MPI-distributed (1 ranks)
[RESILIENCE] Iteration 740: Global theta state checkpointed at path checkpoints/BeH2/checkpoint_iter_0740.npy. 
Iter 0741/896 | E: -17.841200 | Δ: 5.95e-03 | M: 9678.1810 | iter=  0.12s | ETA: 0m18s | Path: GPU-cuStateVec+cpu-expect MPI-distributed (1 ranks)
Iter 0742/896 | E: -17.850992 | Δ: 9.79e-03 | M: 9211.9158 | iter=  0.12s | ETA: 0m18s | Path: GPU-cuStateVec+cpu-expect MPI-distributed (1 ranks)
Iter 0743/896 | E: -17.848477 | Δ: 2.51e-03 | M: 9513.8169 | iter=  0.12s | ETA: 0m18s | Path: GPU-cuStateVec+cpu-expect MPI-distributed (1 ranks)
Iter 0744/896 | E: -17.853880 | Δ: 5.40e-03 | M: 9395.3616 | iter=  0.12s | ETA: 0m18s | Path: GPU-cuStateVec+cpu-expect MPI-distributed (1 ranks)
Iter 0745/896 | E: -17.857783 | Δ: 3.90e-03 | M: 9368.6288 | iter=  0.12s | ETA: 0m17s | Path: GPU-cuStateVec+cpu-expect MPI-distributed (1 ranks)
[RESILIENCE] Iteration 745: Global theta state checkpointed at path checkpoints/BeH2/checkpoint_iter_0745.npy. 
Iter 0746/896 | E: -17.857961 | Δ: 1.79e-04 | M: 9514.4506 | iter=  0.12s | ETA: 0m17s | Path: GPU-cuStateVec+cpu-expect MPI-distributed (1 ranks)
Iter 0747/896 | E: -17.849887 | Δ: 8.07e-03 | M: 9466.9904 | iter=  0.12s | ETA: 0m17s | Path: GPU-cuStateVec+cpu-expect MPI-distributed (1 ranks)
Iter 0748/896 | E: -17.850771 | Δ: 8.84e-04 | M: 9553.6233 | iter=  0.12s | ETA: 0m17s | Path: GPU-cuStateVec+cpu-expect MPI-distributed (1 ranks)
Iter 0749/896 | E: -17.859453 | Δ: 8.68e-03 | M: 9353.3463 | iter=  0.12s | ETA: 0m17s | Path: GPU-cuStateVec+cpu-expect MPI-distributed (1 ranks)
Iter 0750/896 | E: -17.849665 | Δ: 9.79e-03 | M: 8175.0716 | iter=  0.12s | ETA: 0m17s | Path: GPU-cuStateVec+cpu-expect MPI-distributed (1 ranks)
[RESILIENCE] Iteration 750: Global theta state checkpointed at path checkpoints/BeH2/checkpoint_iter_0750.npy. 
Iter 0751/896 | E: -17.855668 | Δ: 6.00e-03 | M: 8306.8285 | iter=  0.12s | ETA: 0m17s | Path: GPU-cuStateVec+cpu-expect MPI-distributed (1 ranks)
Iter 0752/896 | E: -17.855537 | Δ: 1.31e-04 | M: 9355.9488 | iter=  0.12s | ETA: 0m17s | Path: GPU-cuStateVec+cpu-expect MPI-distributed (1 ranks)
Iter 0753/896 | E: -17.854681 | Δ: 8.56e-04 | M: 8937.1113 | iter=  0.12s | ETA: 0m17s | Path: GPU-cuStateVec+cpu-expect MPI-distributed (1 ranks)
Iter 0754/896 | E: -17.850791 | Δ: 3.89e-03 | M: 9350.3004 | iter=  0.12s | ETA: 0m16s | Path: GPU-cuStateVec+cpu-expect MPI-distributed (1 ranks)
Iter 0755/896 | E: -17.858382 | Δ: 7.59e-03 | M: 8768.4201 | iter=  0.12s | ETA: 0m16s | Path: GPU-cuStateVec+cpu-expect MPI-distributed (1 ranks)
[RESILIENCE] Iteration 755: Global theta state checkpointed at path checkpoints/BeH2/checkpoint_iter_0755.npy. 
Iter 0756/896 | E: -17.861193 | Δ: 2.81e-03 | M: 8979.4897 | iter=  0.12s | ETA: 0m16s | Path: GPU-cuStateVec+cpu-expect MPI-distributed (1 ranks)
Iter 0757/896 | E: -17.862302 | Δ: 1.11e-03 | M: 9315.4626 | iter=  0.12s | ETA: 0m16s | Path: GPU-cuStateVec+cpu-expect MPI-distributed (1 ranks)
Iter 0758/896 | E: -17.867077 | Δ: 4.77e-03 | M: 9550.6541 | iter=  0.12s | ETA: 0m16s | Path: GPU-cuStateVec+cpu-expect MPI-distributed (1 ranks)
Iter 0759/896 | E: -17.867233 | Δ: 1.56e-04 | M: 9227.2891 | iter=  0.12s | ETA: 0m16s | Path: GPU-cuStateVec+cpu-expect MPI-distributed (1 ranks)
Iter 0760/896 | E: -17.867882 | Δ: 6.50e-04 | M: 8962.9018 | iter=  0.12s | ETA: 0m16s | Path: GPU-cuStateVec+cpu-expect MPI-distributed (1 ranks)
[RESILIENCE] Iteration 760: Global theta state checkpointed at path checkpoints/BeH2/checkpoint_iter_0760.npy. 
Iter 0761/896 | E: -17.860779 | Δ: 7.10e-03 | M: 9007.0774 | iter=  0.12s | ETA: 0m15s | Path: GPU-cuStateVec+cpu-expect MPI-distributed (1 ranks)
Iter 0762/896 | E: -17.867043 | Δ: 6.26e-03 | M: 9198.2292 | iter=  0.12s | ETA: 0m15s | Path: GPU-cuStateVec+cpu-expect MPI-distributed (1 ranks)
Iter 0763/896 | E: -17.860957 | Δ: 6.09e-03 | M: 9215.8621 | iter=  0.12s | ETA: 0m15s | Path: GPU-cuStateVec+cpu-expect MPI-distributed (1 ranks)
Iter 0764/896 | E: -17.867024 | Δ: 6.07e-03 | M: 9475.8466 | iter=  0.12s | ETA: 0m15s | Path: GPU-cuStateVec+cpu-expect MPI-distributed (1 ranks)
Iter 0765/896 | E: -17.866428 | Δ: 5.96e-04 | M: 9179.8366 | iter=  0.12s | ETA: 0m15s | Path: GPU-cuStateVec+cpu-expect MPI-distributed (1 ranks)
[RESILIENCE] Iteration 765: Global theta state checkpointed at path checkpoints/BeH2/checkpoint_iter_0765.npy. 
Iter 0766/896 | E: -17.874322 | Δ: 7.89e-03 | M: 9551.7601 | iter=  0.12s | ETA: 0m15s | Path: GPU-cuStateVec+cpu-expect MPI-distributed (1 ranks)
Iter 0767/896 | E: -17.865694 | Δ: 8.63e-03 | M: 9419.1499 | iter=  0.12s | ETA: 0m15s | Path: GPU-cuStateVec+cpu-expect MPI-distributed (1 ranks)
Iter 0768/896 | E: -17.874730 | Δ: 9.04e-03 | M: 9413.1231 | iter=  0.12s | ETA: 0m15s | Path: GPU-cuStateVec+cpu-expect MPI-distributed (1 ranks)
Iter 0769/896 | E: -17.853629 | Δ: 2.11e-02 | M: 9581.9217 | iter=  0.12s | ETA: 0m15s | Path: GPU-cuStateVec+cpu-expect MPI-distributed (1 ranks)
Iter 0770/896 | E: -17.874479 | Δ: 2.09e-02 | M: 8955.1219 | iter=  0.12s | ETA: 0m14s | Path: GPU-cuStateVec+cpu-expect MPI-distributed (1 ranks)
[RESILIENCE] Iteration 770: Global theta state checkpointed at path checkpoints/BeH2/checkpoint_iter_0770.npy. 
Iter 0771/896 | E: -17.869673 | Δ: 4.81e-03 | M: 9067.8474 | iter=  0.12s | ETA: 0m14s | Path: GPU-cuStateVec+cpu-expect MPI-distributed (1 ranks)
Iter 0772/896 | E: -17.865886 | Δ: 3.79e-03 | M: 9449.9257 | iter=  0.12s | ETA: 0m14s | Path: GPU-cuStateVec+cpu-expect MPI-distributed (1 ranks)
Iter 0773/896 | E: -17.863613 | Δ: 2.27e-03 | M: 8835.6084 | iter=  0.12s | ETA: 0m14s | Path: GPU-cuStateVec+cpu-expect MPI-distributed (1 ranks)
Iter 0774/896 | E: -17.881015 | Δ: 1.74e-02 | M: 9158.8098 | iter=  0.12s | ETA: 0m14s | Path: GPU-cuStateVec+cpu-expect MPI-distributed (1 ranks)
Iter 0775/896 | E: -17.865043 | Δ: 1.60e-02 | M: 8154.2587 | iter=  0.12s | ETA: 0m14s | Path: GPU-cuStateVec+cpu-expect MPI-distributed (1 ranks)
[RESILIENCE] Iteration 775: Global theta state checkpointed at path checkpoints/BeH2/checkpoint_iter_0775.npy. 
Iter 0776/896 | E: -17.884259 | Δ: 1.92e-02 | M: 9369.6017 | iter=  0.12s | ETA: 0m14s | Path: GPU-cuStateVec+cpu-expect MPI-distributed (1 ranks)
Iter 0777/896 | E: -17.879766 | Δ: 4.49e-03 | M: 9318.2343 | iter=  0.12s | ETA: 0m14s | Path: GPU-cuStateVec+cpu-expect MPI-distributed (1 ranks)
Iter 0778/896 | E: -17.867683 | Δ: 1.21e-02 | M: 4674.8241 | iter=  0.12s | ETA: 0m14s | Path: GPU-cuStateVec+cpu-expect MPI-distributed (1 ranks)
Iter 0779/896 | E: -17.885678 | Δ: 1.80e-02 | M: 7455.1465 | iter=  0.12s | ETA: 0m13s | Path: GPU-cuStateVec+cpu-expect MPI-distributed (1 ranks)
Iter 0780/896 | E: -17.878307 | Δ: 7.37e-03 | M: 8585.0708 | iter=  0.12s | ETA: 0m13s | Path: GPU-cuStateVec+cpu-expect MPI-distributed (1 ranks)
[RESILIENCE] Iteration 780: Global theta state checkpointed at path checkpoints/BeH2/checkpoint_iter_0780.npy. 
Iter 0781/896 | E: -17.876351 | Δ: 1.96e-03 | M: 9147.6016 | iter=  0.12s | ETA: 0m13s | Path: GPU-cuStateVec+cpu-expect MPI-distributed (1 ranks)
Iter 0782/896 | E: -17.878339 | Δ: 1.99e-03 | M: 9013.9848 | iter=  0.12s | ETA: 0m13s | Path: GPU-cuStateVec+cpu-expect MPI-distributed (1 ranks)
Iter 0783/896 | E: -17.869064 | Δ: 9.27e-03 | M: 9244.8533 | iter=  0.12s | ETA: 0m13s | Path: GPU-cuStateVec+cpu-expect MPI-distributed (1 ranks)
Iter 0784/896 | E: -17.886568 | Δ: 1.75e-02 | M: 9340.3012 | iter=  0.12s | ETA: 0m13s | Path: GPU-cuStateVec+cpu-expect MPI-distributed (1 ranks)
Iter 0785/896 | E: -17.888724 | Δ: 2.16e-03 | M: 9074.6237 | iter=  0.12s | ETA: 0m13s | Path: GPU-cuStateVec+cpu-expect MPI-distributed (1 ranks)
[RESILIENCE] Iteration 785: Global theta state checkpointed at path checkpoints/BeH2/checkpoint_iter_0785.npy. 
Iter 0786/896 | E: -17.881898 | Δ: 6.83e-03 | M: 9474.9446 | iter=  0.12s | ETA: 0m13s | Path: GPU-cuStateVec+cpu-expect MPI-distributed (1 ranks)
Iter 0787/896 | E: -17.873736 | Δ: 8.16e-03 | M: 9435.2745 | iter=  0.12s | ETA: 0m12s | Path: GPU-cuStateVec+cpu-expect MPI-distributed (1 ranks)
Iter 0788/896 | E: -17.878161 | Δ: 4.43e-03 | M: 9398.7443 | iter=  0.12s | ETA: 0m12s | Path: GPU-cuStateVec+cpu-expect MPI-distributed (1 ranks)
Iter 0789/896 | E: -17.876909 | Δ: 1.25e-03 | M: 9680.4820 | iter=  0.12s | ETA: 0m12s | Path: GPU-cuStateVec+cpu-expect MPI-distributed (1 ranks)
Iter 0790/896 | E: -17.887669 | Δ: 1.08e-02 | M: 9145.0968 | iter=  0.12s | ETA: 0m12s | Path: GPU-cuStateVec+cpu-expect MPI-distributed (1 ranks)
[RESILIENCE] Iteration 790: Global theta state checkpointed at path checkpoints/BeH2/checkpoint_iter_0790.npy. 
Iter 0791/896 | E: -17.877336 | Δ: 1.03e-02 | M: 9663.1877 | iter=  0.12s | ETA: 0m12s | Path: GPU-cuStateVec+cpu-expect MPI-distributed (1 ranks)
Iter 0792/896 | E: -17.885503 | Δ: 8.17e-03 | M: 8720.8632 | iter=  0.12s | ETA: 0m12s | Path: GPU-cuStateVec+cpu-expect MPI-distributed (1 ranks)
Iter 0793/896 | E: -17.883253 | Δ: 2.25e-03 | M: 9284.7453 | iter=  0.12s | ETA: 0m12s | Path: GPU-cuStateVec+cpu-expect MPI-distributed (1 ranks)
Iter 0794/896 | E: -17.889387 | Δ: 6.13e-03 | M: 9176.7888 | iter=  0.12s | ETA: 0m12s | Path: GPU-cuStateVec+cpu-expect MPI-distributed (1 ranks)
Iter 0795/896 | E: -17.873762 | Δ: 1.56e-02 | M: 9275.5890 | iter=  0.12s | ETA: 0m12s | Path: GPU-cuStateVec+cpu-expect MPI-distributed (1 ranks)
[RESILIENCE] Iteration 795: Global theta state checkpointed at path checkpoints/BeH2/checkpoint_iter_0795.npy. 
Iter 0796/896 | E: -17.883566 | Δ: 9.80e-03 | M: 9413.1899 | iter=  0.12s | ETA: 0m11s | Path: GPU-cuStateVec+cpu-expect MPI-distributed (1 ranks)
Iter 0797/896 | E: -17.892524 | Δ: 8.96e-03 | M: 9146.8626 | iter=  0.12s | ETA: 0m11s | Path: GPU-cuStateVec+cpu-expect MPI-distributed (1 ranks)
Iter 0798/896 | E: -17.874482 | Δ: 1.80e-02 | M: 8132.3382 | iter=  0.12s | ETA: 0m11s | Path: GPU-cuStateVec+cpu-expect MPI-distributed (1 ranks)
Iter 0799/896 | E: -17.888313 | Δ: 1.38e-02 | M: 9174.4213 | iter=  0.12s | ETA: 0m11s | Path: GPU-cuStateVec+cpu-expect MPI-distributed (1 ranks)
Iter 0800/896 | E: -17.892205 | Δ: 3.89e-03 | M: 9343.0357 | iter=  0.12s | ETA: 0m11s | Path: GPU-cuStateVec+cpu-expect MPI-distributed (1 ranks)
[RESILIENCE] Iteration 800: Global theta state checkpointed at path checkpoints/BeH2/checkpoint_iter_0800.npy. 
Iter 0801/896 | E: -17.880531 | Δ: 1.17e-02 | M: 9272.0010 | iter=  0.12s | ETA: 0m11s | Path: GPU-cuStateVec+cpu-expect MPI-distributed (1 ranks)
Iter 0802/896 | E: -17.886060 | Δ: 5.53e-03 | M: 9438.2859 | iter=  0.12s | ETA: 0m11s | Path: GPU-cuStateVec+cpu-expect MPI-distributed (1 ranks)
Iter 0803/896 | E: -17.888240 | Δ: 2.18e-03 | M: 9249.2625 | iter=  0.12s | ETA: 0m10s | Path: GPU-cuStateVec+cpu-expect MPI-distributed (1 ranks)
Iter 0804/896 | E: -17.880836 | Δ: 7.40e-03 | M: 9154.2748 | iter=  0.12s | ETA: 0m10s | Path: GPU-cuStateVec+cpu-expect MPI-distributed (1 ranks)
Iter 0805/896 | E: -17.891796 | Δ: 1.10e-02 | M: 9394.9099 | iter=  0.12s | ETA: 0m10s | Path: GPU-cuStateVec+cpu-expect MPI-distributed (1 ranks)
[RESILIENCE] Iteration 805: Global theta state checkpointed at path checkpoints/BeH2/checkpoint_iter_0805.npy. 
Iter 0806/896 | E: -17.884953 | Δ: 6.84e-03 | M: 9409.8947 | iter=  0.12s | ETA: 0m10s | Path: GPU-cuStateVec+cpu-expect MPI-distributed (1 ranks)
Iter 0807/896 | E: -17.891465 | Δ: 6.51e-03 | M: 9136.8066 | iter=  0.12s | ETA: 0m10s | Path: GPU-cuStateVec+cpu-expect MPI-distributed (1 ranks)
Iter 0808/896 | E: -17.888889 | Δ: 2.58e-03 | M: 9403.9715 | iter=  0.12s | ETA: 0m10s | Path: GPU-cuStateVec+cpu-expect MPI-distributed (1 ranks)
Iter 0809/896 | E: -17.897272 | Δ: 8.38e-03 | M: 9539.8164 | iter=  0.12s | ETA: 0m10s | Path: GPU-cuStateVec+cpu-expect MPI-distributed (1 ranks)
Iter 0810/896 | E: -17.884718 | Δ: 1.26e-02 | M: 9271.7443 | iter=  0.12s | ETA: 0m10s | Path: GPU-cuStateVec+cpu-expect MPI-distributed (1 ranks)
[RESILIENCE] Iteration 810: Global theta state checkpointed at path checkpoints/BeH2/checkpoint_iter_0810.npy. 
Iter 0811/896 | E: -17.901051 | Δ: 1.63e-02 | M: 9031.2384 | iter=  0.12s | ETA: 0m10s | Path: GPU-cuStateVec+cpu-expect MPI-distributed (1 ranks)
Iter 0812/896 | E: -17.896501 | Δ: 4.55e-03 | M: 7720.9960 | iter=  0.12s | ETA: 0m10s | Path: GPU-cuStateVec+cpu-expect MPI-distributed (1 ranks)
Iter 0813/896 | E: -17.887077 | Δ: 9.42e-03 | M: 9423.1525 | iter=  0.12s | ETA: 0m09s | Path: GPU-cuStateVec+cpu-expect MPI-distributed (1 ranks)
Iter 0814/896 | E: -17.898602 | Δ: 1.15e-02 | M: 9175.0746 | iter=  0.12s | ETA: 0m09s | Path: GPU-cuStateVec+cpu-expect MPI-distributed (1 ranks)
Iter 0815/896 | E: -17.900209 | Δ: 1.61e-03 | M: 9152.2259 | iter=  0.12s | ETA: 0m09s | Path: GPU-cuStateVec+cpu-expect MPI-distributed (1 ranks)
[RESILIENCE] Iteration 815: Global theta state checkpointed at path checkpoints/BeH2/checkpoint_iter_0815.npy. 
Iter 0816/896 | E: -17.890619 | Δ: 9.59e-03 | M: 9436.6586 | iter=  0.12s | ETA: 0m09s | Path: GPU-cuStateVec+cpu-expect MPI-distributed (1 ranks)
Iter 0817/896 | E: -17.891726 | Δ: 1.11e-03 | M: 9345.0012 | iter=  0.12s | ETA: 0m09s | Path: GPU-cuStateVec+cpu-expect MPI-distributed (1 ranks)
Iter 0818/896 | E: -17.907873 | Δ: 1.61e-02 | M: 9248.0960 | iter=  0.12s | ETA: 0m09s | Path: GPU-cuStateVec+cpu-expect MPI-distributed (1 ranks)
Iter 0819/896 | E: -17.893797 | Δ: 1.41e-02 | M: 9548.6434 | iter=  0.12s | ETA: 0m09s | Path: GPU-cuStateVec+cpu-expect MPI-distributed (1 ranks)
Iter 0820/896 | E: -17.900078 | Δ: 6.28e-03 | M: 9345.1069 | iter=  0.12s | ETA: 0m09s | Path: GPU-cuStateVec+cpu-expect MPI-distributed (1 ranks)
[RESILIENCE] Iteration 820: Global theta state checkpointed at path checkpoints/BeH2/checkpoint_iter_0820.npy. 
Iter 0821/896 | E: -17.905801 | Δ: 5.72e-03 | M: 8145.2322 | iter=  0.12s | ETA: 0m08s | Path: GPU-cuStateVec+cpu-expect MPI-distributed (1 ranks)
Iter 0822/896 | E: -17.908014 | Δ: 2.21e-03 | M: 9404.2055 | iter=  0.12s | ETA: 0m08s | Path: GPU-cuStateVec+cpu-expect MPI-distributed (1 ranks)
Iter 0823/896 | E: -17.915575 | Δ: 7.56e-03 | M: 9056.3703 | iter=  0.12s | ETA: 0m08s | Path: GPU-cuStateVec+cpu-expect MPI-distributed (1 ranks)
Iter 0824/896 | E: -17.896199 | Δ: 1.94e-02 | M: 9024.1222 | iter=  0.12s | ETA: 0m08s | Path: GPU-cuStateVec+cpu-expect MPI-distributed (1 ranks)
Iter 0825/896 | E: -17.910935 | Δ: 1.47e-02 | M: 8176.3619 | iter=  0.12s | ETA: 0m08s | Path: GPU-cuStateVec+cpu-expect MPI-distributed (1 ranks)
[RESILIENCE] Iteration 825: Global theta state checkpointed at path checkpoints/BeH2/checkpoint_iter_0825.npy. 
Iter 0826/896 | E: -17.912055 | Δ: 1.12e-03 | M: 9109.9457 | iter=  0.12s | ETA: 0m08s | Path: GPU-cuStateVec+cpu-expect MPI-distributed (1 ranks)
Iter 0827/896 | E: -17.907696 | Δ: 4.36e-03 | M: 8994.2146 | iter=  0.12s | ETA: 0m08s | Path: GPU-cuStateVec+cpu-expect MPI-distributed (1 ranks)
Iter 0828/896 | E: -17.909768 | Δ: 2.07e-03 | M: 8408.4672 | iter=  0.12s | ETA: 0m08s | Path: GPU-cuStateVec+cpu-expect MPI-distributed (1 ranks)
Iter 0829/896 | E: -17.900921 | Δ: 8.85e-03 | M: 8845.1554 | iter=  0.12s | ETA: 0m07s | Path: GPU-cuStateVec+cpu-expect MPI-distributed (1 ranks)
Iter 0830/896 | E: -17.907881 | Δ: 6.96e-03 | M: 8721.8383 | iter=  0.12s | ETA: 0m07s | Path: GPU-cuStateVec+cpu-expect MPI-distributed (1 ranks)
[RESILIENCE] Iteration 830: Global theta state checkpointed at path checkpoints/BeH2/checkpoint_iter_0830.npy. 
Iter 0831/896 | E: -17.914785 | Δ: 6.90e-03 | M: 8867.6542 | iter=  0.12s | ETA: 0m07s | Path: GPU-cuStateVec+cpu-expect MPI-distributed (1 ranks)
Iter 0832/896 | E: -17.908626 | Δ: 6.16e-03 | M: 9101.0809 | iter=  0.12s | ETA: 0m07s | Path: GPU-cuStateVec+cpu-expect MPI-distributed (1 ranks)
Iter 0833/896 | E: -17.906757 | Δ: 1.87e-03 | M: 9320.5361 | iter=  0.12s | ETA: 0m07s | Path: GPU-cuStateVec+cpu-expect MPI-distributed (1 ranks)
Iter 0834/896 | E: -17.911829 | Δ: 5.07e-03 | M: 8186.8020 | iter=  0.12s | ETA: 0m07s | Path: GPU-cuStateVec+cpu-expect MPI-distributed (1 ranks)
Iter 0835/896 | E: -17.920781 | Δ: 8.95e-03 | M: 8676.4161 | iter=  0.12s | ETA: 0m07s | Path: GPU-cuStateVec+cpu-expect MPI-distributed (1 ranks)
[RESILIENCE] Iteration 835: Global theta state checkpointed at path checkpoints/BeH2/checkpoint_iter_0835.npy. 
Iter 0836/896 | E: -17.916112 | Δ: 4.67e-03 | M: 8479.1502 | iter=  0.12s | ETA: 0m07s | Path: GPU-cuStateVec+cpu-expect MPI-distributed (1 ranks)
Iter 0837/896 | E: -17.921113 | Δ: 5.00e-03 | M: 9112.0530 | iter=  0.12s | ETA: 0m06s | Path: GPU-cuStateVec+cpu-expect MPI-distributed (1 ranks)
Iter 0838/896 | E: -17.914304 | Δ: 6.81e-03 | M: 9363.4034 | iter=  0.12s | ETA: 0m06s | Path: GPU-cuStateVec+cpu-expect MPI-distributed (1 ranks)
Iter 0839/896 | E: -17.916749 | Δ: 2.45e-03 | M: 9323.9955 | iter=  0.12s | ETA: 0m06s | Path: GPU-cuStateVec+cpu-expect MPI-distributed (1 ranks)
Iter 0840/896 | E: -17.919973 | Δ: 3.22e-03 | M: 9111.1378 | iter=  0.12s | ETA: 0m06s | Path: GPU-cuStateVec+cpu-expect MPI-distributed (1 ranks)
[RESILIENCE] Iteration 840: Global theta state checkpointed at path checkpoints/BeH2/checkpoint_iter_0840.npy. 
Iter 0841/896 | E: -17.919677 | Δ: 2.97e-04 | M: 9213.3383 | iter=  0.12s | ETA: 0m06s | Path: GPU-cuStateVec+cpu-expect MPI-distributed (1 ranks)
Iter 0842/896 | E: -17.925762 | Δ: 6.09e-03 | M: 9651.1217 | iter=  0.12s | ETA: 0m06s | Path: GPU-cuStateVec+cpu-expect MPI-distributed (1 ranks)
Iter 0843/896 | E: -17.915594 | Δ: 1.02e-02 | M: 9329.6536 | iter=  0.12s | ETA: 0m06s | Path: GPU-cuStateVec+cpu-expect MPI-distributed (1 ranks)
Iter 0844/896 | E: -17.916819 | Δ: 1.23e-03 | M: 9499.0125 | iter=  0.12s | ETA: 0m06s | Path: GPU-cuStateVec+cpu-expect MPI-distributed (1 ranks)
Iter 0845/896 | E: -17.917911 | Δ: 1.09e-03 | M: 9495.5030 | iter=  0.12s | ETA: 0m06s | Path: GPU-cuStateVec+cpu-expect MPI-distributed (1 ranks)
[RESILIENCE] Iteration 845: Global theta state checkpointed at path checkpoints/BeH2/checkpoint_iter_0845.npy. 
Iter 0846/896 | E: -17.919722 | Δ: 1.81e-03 | M: 9425.0807 | iter=  0.12s | ETA: 0m05s | Path: GPU-cuStateVec+cpu-expect MPI-distributed (1 ranks)
Iter 0847/896 | E: -17.919370 | Δ: 3.53e-04 | M: 9194.0968 | iter=  0.12s | ETA: 0m05s | Path: GPU-cuStateVec+cpu-expect MPI-distributed (1 ranks)
Iter 0848/896 | E: -17.926097 | Δ: 6.73e-03 | M: 9063.8460 | iter=  0.12s | ETA: 0m05s | Path: GPU-cuStateVec+cpu-expect MPI-distributed (1 ranks)
Iter 0849/896 | E: -17.920668 | Δ: 5.43e-03 | M: 9248.5283 | iter=  0.12s | ETA: 0m05s | Path: GPU-cuStateVec+cpu-expect MPI-distributed (1 ranks)
Iter 0850/896 | E: -17.922002 | Δ: 1.33e-03 | M: 9364.7753 | iter=  0.12s | ETA: 0m05s | Path: GPU-cuStateVec+cpu-expect MPI-distributed (1 ranks)
[RESILIENCE] Iteration 850: Global theta state checkpointed at path checkpoints/BeH2/checkpoint_iter_0850.npy. 
Iter 0851/896 | E: -17.929752 | Δ: 7.75e-03 | M: 8983.9268 | iter=  0.12s | ETA: 0m05s | Path: GPU-cuStateVec+cpu-expect MPI-distributed (1 ranks)
Iter 0852/896 | E: -17.921696 | Δ: 8.06e-03 | M: 9507.8820 | iter=  0.12s | ETA: 0m05s | Path: GPU-cuStateVec+cpu-expect MPI-distributed (1 ranks)
Iter 0853/896 | E: -17.919197 | Δ: 2.50e-03 | M: 9425.6626 | iter=  0.12s | ETA: 0m05s | Path: GPU-cuStateVec+cpu-expect MPI-distributed (1 ranks)
Iter 0854/896 | E: -17.929495 | Δ: 1.03e-02 | M: 9457.4138 | iter=  0.12s | ETA: 0m05s | Path: GPU-cuStateVec+cpu-expect MPI-distributed (1 ranks)
Iter 0855/896 | E: -17.920498 | Δ: 9.00e-03 | M: 9607.5457 | iter=  0.12s | ETA: 0m04s | Path: GPU-cuStateVec+cpu-expect MPI-distributed (1 ranks)
[RESILIENCE] Iteration 855: Global theta state checkpointed at path checkpoints/BeH2/checkpoint_iter_0855.npy. 
Iter 0856/896 | E: -17.933246 | Δ: 1.27e-02 | M: 8937.9992 | iter=  0.12s | ETA: 0m04s | Path: GPU-cuStateVec+cpu-expect MPI-distributed (1 ranks)
Iter 0857/896 | E: -17.928227 | Δ: 5.02e-03 | M: 8826.4687 | iter=  0.12s | ETA: 0m04s | Path: GPU-cuStateVec+cpu-expect MPI-distributed (1 ranks)
Iter 0858/896 | E: -17.922372 | Δ: 5.85e-03 | M: 9328.4137 | iter=  0.12s | ETA: 0m04s | Path: GPU-cuStateVec+cpu-expect MPI-distributed (1 ranks)
Iter 0859/896 | E: -17.932913 | Δ: 1.05e-02 | M: 6840.0935 | iter=  0.12s | ETA: 0m04s | Path: GPU-cuStateVec+cpu-expect MPI-distributed (1 ranks)
Iter 0860/896 | E: -17.933756 | Δ: 8.43e-04 | M: 7860.4565 | iter=  0.12s | ETA: 0m04s | Path: GPU-cuStateVec+cpu-expect MPI-distributed (1 ranks)
[RESILIENCE] Iteration 860: Global theta state checkpointed at path checkpoints/BeH2/checkpoint_iter_0860.npy. 
Iter 0861/896 | E: -17.933531 | Δ: 2.25e-04 | M: 9260.0406 | iter=  0.12s | ETA: 0m04s | Path: GPU-cuStateVec+cpu-expect MPI-distributed (1 ranks)
Iter 0862/896 | E: -17.927405 | Δ: 6.13e-03 | M: 9156.5622 | iter=  0.12s | ETA: 0m04s | Path: GPU-cuStateVec+cpu-expect MPI-distributed (1 ranks)
Iter 0863/896 | E: -17.923218 | Δ: 4.19e-03 | M: 8728.5763 | iter=  0.12s | ETA: 0m03s | Path: GPU-cuStateVec+cpu-expect MPI-distributed (1 ranks)
Iter 0864/896 | E: -17.925283 | Δ: 2.06e-03 | M: 9083.3082 | iter=  0.12s | ETA: 0m03s | Path: GPU-cuStateVec+cpu-expect MPI-distributed (1 ranks)
Iter 0865/896 | E: -17.935059 | Δ: 9.78e-03 | M: 9026.3642 | iter=  0.12s | ETA: 0m03s | Path: GPU-cuStateVec+cpu-expect MPI-distributed (1 ranks)
[RESILIENCE] Iteration 865: Global theta state checkpointed at path checkpoints/BeH2/checkpoint_iter_0865.npy. 
Iter 0866/896 | E: -17.939903 | Δ: 4.84e-03 | M: 9111.0008 | iter=  0.12s | ETA: 0m03s | Path: GPU-cuStateVec+cpu-expect MPI-distributed (1 ranks)
Iter 0867/896 | E: -17.940091 | Δ: 1.88e-04 | M: 9119.0555 | iter=  0.12s | ETA: 0m03s | Path: GPU-cuStateVec+cpu-expect MPI-distributed (1 ranks)
Iter 0868/896 | E: -17.940276 | Δ: 1.85e-04 | M: 9523.5811 | iter=  0.12s | ETA: 0m03s | Path: GPU-cuStateVec+cpu-expect MPI-distributed (1 ranks)
Iter 0869/896 | E: -17.946334 | Δ: 6.06e-03 | M: 9599.2047 | iter=  0.12s | ETA: 0m03s | Path: GPU-cuStateVec+cpu-expect MPI-distributed (1 ranks)
Iter 0870/896 | E: -17.934836 | Δ: 1.15e-02 | M: 9655.4504 | iter=  0.12s | ETA: 0m03s | Path: GPU-cuStateVec+cpu-expect MPI-distributed (1 ranks)
[RESILIENCE] Iteration 870: Global theta state checkpointed at path checkpoints/BeH2/checkpoint_iter_0870.npy. 
Iter 0871/896 | E: -17.940470 | Δ: 5.63e-03 | M: 9615.4983 | iter=  0.12s | ETA: 0m02s | Path: GPU-cuStateVec+cpu-expect MPI-distributed (1 ranks)
Iter 0872/896 | E: -17.949686 | Δ: 9.22e-03 | M: 9462.2223 | iter=  0.12s | ETA: 0m02s | Path: GPU-cuStateVec+cpu-expect MPI-distributed (1 ranks)
Iter 0873/896 | E: -17.946114 | Δ: 3.57e-03 | M: 9045.4230 | iter=  0.12s | ETA: 0m02s | Path: GPU-cuStateVec+cpu-expect MPI-distributed (1 ranks)
Iter 0874/896 | E: -17.940375 | Δ: 5.74e-03 | M: 9319.0265 | iter=  0.12s | ETA: 0m02s | Path: GPU-cuStateVec+cpu-expect MPI-distributed (1 ranks)
Iter 0875/896 | E: -17.947222 | Δ: 6.85e-03 | M: 9492.7834 | iter=  0.12s | ETA: 0m02s | Path: GPU-cuStateVec+cpu-expect MPI-distributed (1 ranks)
[RESILIENCE] Iteration 875: Global theta state checkpointed at path checkpoints/BeH2/checkpoint_iter_0875.npy. 
Iter 0876/896 | E: -17.943548 | Δ: 3.67e-03 | M: 9269.9544 | iter=  0.12s | ETA: 0m02s | Path: GPU-cuStateVec+cpu-expect MPI-distributed (1 ranks)
Iter 0877/896 | E: -17.948212 | Δ: 4.66e-03 | M: 9145.9155 | iter=  0.12s | ETA: 0m02s | Path: GPU-cuStateVec+cpu-expect MPI-distributed (1 ranks)
Iter 0878/896 | E: -17.940944 | Δ: 7.27e-03 | M: 3707.0202 | iter=  0.12s | ETA: 0m02s | Path: GPU-cuStateVec+cpu-expect MPI-distributed (1 ranks)
Iter 0879/896 | E: -17.946491 | Δ: 5.55e-03 | M: 9359.0217 | iter=  0.12s | ETA: 0m02s | Path: GPU-cuStateVec+cpu-expect MPI-distributed (1 ranks)
Iter 0880/896 | E: -17.953289 | Δ: 6.80e-03 | M: 9291.4185 | iter=  0.12s | ETA: 0m01s | Path: GPU-cuStateVec+cpu-expect MPI-distributed (1 ranks)
[RESILIENCE] Iteration 880: Global theta state checkpointed at path checkpoints/BeH2/checkpoint_iter_0880.npy. 
Iter 0881/896 | E: -17.954479 | Δ: 1.19e-03 | M: 9449.9640 | iter=  0.12s | ETA: 0m01s | Path: GPU-cuStateVec+cpu-expect MPI-distributed (1 ranks)
Iter 0882/896 | E: -17.944264 | Δ: 1.02e-02 | M: 8026.7328 | iter=  0.12s | ETA: 0m01s | Path: GPU-cuStateVec+cpu-expect MPI-distributed (1 ranks)
Iter 0883/896 | E: -17.951679 | Δ: 7.42e-03 | M: 9355.3067 | iter=  0.12s | ETA: 0m01s | Path: GPU-cuStateVec+cpu-expect MPI-distributed (1 ranks)
Iter 0884/896 | E: -17.945661 | Δ: 6.02e-03 | M: 9552.5432 | iter=  0.12s | ETA: 0m01s | Path: GPU-cuStateVec+cpu-expect MPI-distributed (1 ranks)
Iter 0885/896 | E: -17.950423 | Δ: 4.76e-03 | M: 9253.1019 | iter=  0.12s | ETA: 0m01s | Path: GPU-cuStateVec+cpu-expect MPI-distributed (1 ranks)
[RESILIENCE] Iteration 885: Global theta state checkpointed at path checkpoints/BeH2/checkpoint_iter_0885.npy. 
Iter 0886/896 | E: -17.942195 | Δ: 8.23e-03 | M: 9378.4154 | iter=  0.12s | ETA: 0m01s | Path: GPU-cuStateVec+cpu-expect MPI-distributed (1 ranks)
Iter 0887/896 | E: -17.948812 | Δ: 6.62e-03 | M: 9676.6711 | iter=  0.12s | ETA: 0m01s | Path: GPU-cuStateVec+cpu-expect MPI-distributed (1 ranks)
Iter 0888/896 | E: -17.956479 | Δ: 7.67e-03 | M: 4278.7309 | iter=  0.12s | ETA: 0m00s | Path: GPU-cuStateVec+cpu-expect MPI-distributed (1 ranks)
Iter 0889/896 | E: -17.956607 | Δ: 1.28e-04 | M: 9594.1379 | iter=  0.12s | ETA: 0m00s | Path: GPU-cuStateVec+cpu-expect MPI-distributed (1 ranks)
Iter 0890/896 | E: -17.954958 | Δ: 1.65e-03 | M: 9226.6530 | iter=  0.12s | ETA: 0m00s | Path: GPU-cuStateVec+cpu-expect MPI-distributed (1 ranks)
[RESILIENCE] Iteration 890: Global theta state checkpointed at path checkpoints/BeH2/checkpoint_iter_0890.npy. 
Iter 0891/896 | E: -17.958212 | Δ: 3.25e-03 | M: 9061.6055 | iter=  0.12s | ETA: 0m00s | Path: GPU-cuStateVec+cpu-expect MPI-distributed (1 ranks)
Iter 0892/896 | E: -17.951669 | Δ: 6.54e-03 | M: 8779.1566 | iter=  0.12s | ETA: 0m00s | Path: GPU-cuStateVec+cpu-expect MPI-distributed (1 ranks)
Iter 0893/896 | E: -17.954108 | Δ: 2.44e-03 | M: 8660.6970 | iter=  0.12s | ETA: 0m00s | Path: GPU-cuStateVec+cpu-expect MPI-distributed (1 ranks)
Iter 0894/896 | E: -17.951670 | Δ: 2.44e-03 | M: 9507.3929 | iter=  0.12s | ETA: 0m00s | Path: GPU-cuStateVec+cpu-expect MPI-distributed (1 ranks)
Iter 0895/896 | E: -17.951701 | Δ: 3.15e-05 | M: 9163.7472 | iter=  0.12s | ETA: 0m00s | Path: GPU-cuStateVec+cpu-expect MPI-distributed (1 ranks)
[RESILIENCE] Iteration 895: Global theta state checkpointed at path checkpoints/BeH2/checkpoint_iter_0895.npy. 
Iter 0896/896 | E: -17.948102 | Δ: 3.60e-03 | M: 9473.4414 | iter=  0.12s | ETA: 0m00s | Path: GPU-cuStateVec+cpu-expect MPI-distributed (1 ranks)
[VQE] Best physical energy: -15.555709 Ha (error: 0.0394 Ha) at iter 261
[VQE] Final energy -17.948102 is below FCI - reporting best physical result

[BeH2] Ansatz tier:hwe_adaptive
[BeH2] Corr score: 0.501 
[BeH2] Best physical energy: -15.555709 Ha 
[BeH2] Reference FCI : -15.595118 Ha 
[BeH2] Absolute error: +0.0394 Ha 
[BeH2] Iterations run: 896 (best at iter 261)
[BeH2] Wall time: 106.61s (includes QPU queue + RTT) 
[BeH2] Time/iter: 0.12 s 
[BeH2] Source: registry 
[BeH2] Active electrons: 4 
[BeH2] Estimated qubits: 12 
[BeH2] Note: Frozen 2 core electrons. Active space: 4 electrons, 12 qubits 


--- RUNNING CHEMISTRY TASK H2O ---
[Resolver] 'H2O' found in local registry 
[Chemistry:H2O] [+   0.0s] driver.run() -- PySCF electronic structure
[Chemistry:H2O] [+   0.0s] second_q_op() + JW mapping
[Chemistry:H2O] [+   2.3s] Hamiltonian: 1086 Pauli terms, 14 qubits
[Chemistry:H2O] [+   2.3s] FCI ground-truth via PySCF
[Chemistry:H2O] [+   2.3s] build_ansatz(tier=hwe_adaptive, reps=2) -- this is the slow one at high n
[Chemistry:H2O] [+   2.4s] QASM3 serialization (112 params, 385 gates)
[Chemistry:H2O] [+   2.4s] prepare() complete
[Chemistry:H2O] 1086 Pauli terms, 14 qubits, 112 params, reps=2. FCI reference: -75.0124 Ha 
[Ansatz] HWE (adaptive) (auto) | corr_score=0.502 | off_diag_ratio=0.007
[Reason] score=0.502 in [0.25, 0.55). Moderate correlation (off_diag_ratio=0.007, zz_frac=0.986). Adaptive HWE with full entanglement recommended.
[Stack] Precision: fp64 for 14-qubit problem (GPU fits up to ~30 qubits at this precision)
Iter 0001/896 | E: -3.372252 | Δ: inf | M: 11945.6937 | iter=  0.19s | ETA: 2m46s | Path: GPU-cuStateVec+cpu-expect MPI-distributed (1 ranks)
Iter 0002/896 | E: -3.086089 | Δ: 2.86e-01 | M: 13091.0951 | iter=  0.19s | ETA: 2m46s | Path: GPU-cuStateVec+cpu-expect MPI-distributed (1 ranks)
Iter 0003/896 | E: -3.538012 | Δ: 4.52e-01 | M: 12759.0209 | iter=  0.19s | ETA: 2m46s | Path: GPU-cuStateVec+cpu-expect MPI-distributed (1 ranks)
Iter 0004/896 | E: -8.634443 | Δ: 5.10e+00 | M: 13490.1904 | iter=  0.18s | ETA: 2m46s | Path: GPU-cuStateVec+cpu-expect MPI-distributed (1 ranks)
Iter 0005/896 | E: -12.952978 | Δ: 4.32e+00 | M: 13972.3745 | iter=  0.18s | ETA: 2m45s | Path: GPU-cuStateVec+cpu-expect MPI-distributed (1 ranks)
[RESILIENCE] Iteration 5: Global theta state checkpointed at path checkpoints/H2O/checkpoint_iter_0005.npy. 
Iter 0006/896 | E: -22.035908 | Δ: 9.08e+00 | M: 13951.0400 | iter=  0.19s | ETA: 2m45s | Path: GPU-cuStateVec+cpu-expect MPI-distributed (1 ranks)
Iter 0007/896 | E: -41.801752 | Δ: 1.98e+01 | M: 14355.9773 | iter=  0.18s | ETA: 2m43s | Path: GPU-cuStateVec+cpu-expect MPI-distributed (1 ranks)
Iter 0008/896 | E: -41.731292 | Δ: 7.05e-02 | M: 14297.6092 | iter=  0.18s | ETA: 2m43s | Path: GPU-cuStateVec+cpu-expect MPI-distributed (1 ranks)
Iter 0009/896 | E: -41.861514 | Δ: 1.30e-01 | M: 12829.8489 | iter=  0.18s | ETA: 2m43s | Path: GPU-cuStateVec+cpu-expect MPI-distributed (1 ranks)
Iter 0010/896 | E: -43.069333 | Δ: 1.21e+00 | M: 13726.4607 | iter=  0.18s | ETA: 2m42s | Path: GPU-cuStateVec+cpu-expect MPI-distributed (1 ranks)
[RESILIENCE] Iteration 10: Global theta state checkpointed at path checkpoints/H2O/checkpoint_iter_0010.npy. 
Iter 0011/896 | E: -47.304159 | Δ: 4.23e+00 | M: 13849.0643 | iter=  0.18s | ETA: 2m42s | Path: GPU-cuStateVec+cpu-expect MPI-distributed (1 ranks)
Iter 0012/896 | E: -52.141461 | Δ: 4.84e+00 | M: 14613.8035 | iter=  0.18s | ETA: 2m42s | Path: GPU-cuStateVec+cpu-expect MPI-distributed (1 ranks)
Iter 0013/896 | E: -58.041127 | Δ: 5.90e+00 | M: 14179.0225 | iter=  0.18s | ETA: 2m42s | Path: GPU-cuStateVec+cpu-expect MPI-distributed (1 ranks)
Iter 0014/896 | E: -58.782722 | Δ: 7.42e-01 | M: 14005.4775 | iter=  0.18s | ETA: 2m42s | Path: GPU-cuStateVec+cpu-expect MPI-distributed (1 ranks)
Iter 0015/896 | E: -59.108855 | Δ: 3.26e-01 | M: 13914.6420 | iter=  0.19s | ETA: 2m42s | Path: GPU-cuStateVec+cpu-expect MPI-distributed (1 ranks)
[RESILIENCE] Iteration 15: Global theta state checkpointed at path checkpoints/H2O/checkpoint_iter_0015.npy. 
Iter 0016/896 | E: -59.107712 | Δ: 1.14e-03 | M: 13937.7350 | iter=  0.19s | ETA: 2m42s | Path: GPU-cuStateVec+cpu-expect MPI-distributed (1 ranks)
Iter 0017/896 | E: -59.253636 | Δ: 1.46e-01 | M: 14234.1821 | iter=  0.19s | ETA: 2m42s | Path: GPU-cuStateVec+cpu-expect MPI-distributed (1 ranks)
Iter 0018/896 | E: -59.657562 | Δ: 4.04e-01 | M: 13207.4879 | iter=  0.18s | ETA: 2m42s | Path: GPU-cuStateVec+cpu-expect MPI-distributed (1 ranks)
Iter 0019/896 | E: -59.776690 | Δ: 1.19e-01 | M: 7277.5047 | iter=  0.19s | ETA: 2m42s | Path: GPU-cuStateVec+cpu-expect MPI-distributed (1 ranks)
Iter 0020/896 | E: -60.022895 | Δ: 2.46e-01 | M: 12786.6762 | iter=  0.19s | ETA: 2m42s | Path: GPU-cuStateVec+cpu-expect MPI-distributed (1 ranks)
[RESILIENCE] Iteration 20: Global theta state checkpointed at path checkpoints/H2O/checkpoint_iter_0020.npy. 
Iter 0021/896 | E: -60.407839 | Δ: 3.85e-01 | M: 13309.2917 | iter=  0.18s | ETA: 2m42s | Path: GPU-cuStateVec+cpu-expect MPI-distributed (1 ranks)
Iter 0022/896 | E: -60.448116 | Δ: 4.03e-02 | M: 14076.1229 | iter=  0.18s | ETA: 2m41s | Path: GPU-cuStateVec+cpu-expect MPI-distributed (1 ranks)
Iter 0023/896 | E: -60.668313 | Δ: 2.20e-01 | M: 13280.8147 | iter=  0.18s | ETA: 2m41s | Path: GPU-cuStateVec+cpu-expect MPI-distributed (1 ranks)
Iter 0024/896 | E: -60.723607 | Δ: 5.53e-02 | M: 13724.5983 | iter=  0.18s | ETA: 2m41s | Path: GPU-cuStateVec+cpu-expect MPI-distributed (1 ranks)
Iter 0025/896 | E: -61.170939 | Δ: 4.47e-01 | M: 13348.8129 | iter=  0.18s | ETA: 2m40s | Path: GPU-cuStateVec+cpu-expect MPI-distributed (1 ranks)
[RESILIENCE] Iteration 25: Global theta state checkpointed at path checkpoints/H2O/checkpoint_iter_0025.npy. 
Iter 0026/896 | E: -64.376332 | Δ: 3.21e+00 | M: 13051.4720 | iter=  0.18s | ETA: 2m40s | Path: GPU-cuStateVec+cpu-expect MPI-distributed (1 ranks)
Iter 0027/896 | E: -64.573487 | Δ: 1.97e-01 | M: 14044.8297 | iter=  0.18s | ETA: 2m40s | Path: GPU-cuStateVec+cpu-expect MPI-distributed (1 ranks)
Iter 0028/896 | E: -67.131535 | Δ: 2.56e+00 | M: 14301.8279 | iter=  0.18s | ETA: 2m39s | Path: GPU-cuStateVec+cpu-expect MPI-distributed (1 ranks)
Iter 0029/896 | E: -67.256193 | Δ: 1.25e-01 | M: 14283.9313 | iter=  0.18s | ETA: 2m39s | Path: GPU-cuStateVec+cpu-expect MPI-distributed (1 ranks)
Iter 0030/896 | E: -68.397780 | Δ: 1.14e+00 | M: 14200.4844 | iter=  0.18s | ETA: 2m39s | Path: GPU-cuStateVec+cpu-expect MPI-distributed (1 ranks)
[RESILIENCE] Iteration 30: Global theta state checkpointed at path checkpoints/H2O/checkpoint_iter_0030.npy. 
Iter 0031/896 | E: -68.658456 | Δ: 2.61e-01 | M: 14204.1579 | iter=  0.18s | ETA: 2m38s | Path: GPU-cuStateVec+cpu-expect MPI-distributed (1 ranks)
Iter 0032/896 | E: -72.246680 | Δ: 3.59e+00 | M: 14314.2593 | iter=  0.18s | ETA: 2m39s | Path: GPU-cuStateVec+cpu-expect MPI-distributed (1 ranks)
Iter 0033/896 | E: -72.284873 | Δ: 3.82e-02 | M: 14842.0131 | iter=  0.18s | ETA: 2m39s | Path: GPU-cuStateVec+cpu-expect MPI-distributed (1 ranks)
Iter 0034/896 | E: -73.816726 | Δ: 1.53e+00 | M: 13765.6052 | iter=  0.18s | ETA: 2m38s | Path: GPU-cuStateVec+cpu-expect MPI-distributed (1 ranks)
Iter 0035/896 | E: -73.988863 | Δ: 1.72e-01 | M: 14195.9622 | iter=  0.18s | ETA: 2m38s | Path: GPU-cuStateVec+cpu-expect MPI-distributed (1 ranks)
[RESILIENCE] Iteration 35: Global theta state checkpointed at path checkpoints/H2O/checkpoint_iter_0035.npy. 
Iter 0036/896 | E: -74.718277 | Δ: 7.29e-01 | M: 14322.5000 | iter=  0.18s | ETA: 2m38s | Path: GPU-cuStateVec+cpu-expect MPI-distributed (1 ranks)
Iter 0037/896 | E: -74.792123 | Δ: 7.38e-02 | M: 14236.2231 | iter=  0.19s | ETA: 2m38s | Path: GPU-cuStateVec+cpu-expect MPI-distributed (1 ranks)
NOTE: Energy -75.0827 crossed below FCI -75.0124 at iter 38 - HWE ansatz leaving physical sector (expected limitation)
Iter 0038/896 | E: -75.082724 | Δ: 2.91e-01 | M: 14139.3816 | iter=  0.19s | ETA: 2m38s | Path: GPU-cuStateVec+cpu-expect MPI-distributed (1 ranks)
Iter 0039/896 | E: -75.073802 | Δ: 8.92e-03 | M: 14163.5608 | iter=  0.18s | ETA: 2m38s | Path: GPU-cuStateVec+cpu-expect MPI-distributed (1 ranks)
Iter 0040/896 | E: -75.652345 | Δ: 5.79e-01 | M: 12353.0598 | iter=  0.18s | ETA: 2m38s | Path: GPU-cuStateVec+cpu-expect MPI-distributed (1 ranks)
[RESILIENCE] Iteration 40: Global theta state checkpointed at path checkpoints/H2O/checkpoint_iter_0040.npy. 
Iter 0041/896 | E: -75.708641 | Δ: 5.63e-02 | M: 14119.4652 | iter=  0.18s | ETA: 2m37s | Path: GPU-cuStateVec+cpu-expect MPI-distributed (1 ranks)
Iter 0042/896 | E: -75.745708 | Δ: 3.71e-02 | M: 14666.2569 | iter=  0.18s | ETA: 2m37s | Path: GPU-cuStateVec+cpu-expect MPI-distributed (1 ranks)
Iter 0043/896 | E: -75.743097 | Δ: 2.61e-03 | M: 14162.9657 | iter=  0.18s | ETA: 2m37s | Path: GPU-cuStateVec+cpu-expect MPI-distributed (1 ranks)
Iter 0044/896 | E: -75.930972 | Δ: 1.88e-01 | M: 14096.3102 | iter=  0.18s | ETA: 2m37s | Path: GPU-cuStateVec+cpu-expect MPI-distributed (1 ranks)
Iter 0045/896 | E: -75.991241 | Δ: 6.03e-02 | M: 13012.3191 | iter=  0.19s | ETA: 2m37s | Path: GPU-cuStateVec+cpu-expect MPI-distributed (1 ranks)
[RESILIENCE] Iteration 45: Global theta state checkpointed at path checkpoints/H2O/checkpoint_iter_0045.npy. 
Iter 0046/896 | E: -76.121235 | Δ: 1.30e-01 | M: 13850.4348 | iter=  0.18s | ETA: 2m36s | Path: GPU-cuStateVec+cpu-expect MPI-distributed (1 ranks)
Iter 0047/896 | E: -76.583062 | Δ: 4.62e-01 | M: 13688.3980 | iter=  0.18s | ETA: 2m36s | Path: GPU-cuStateVec+cpu-expect MPI-distributed (1 ranks)
Iter 0048/896 | E: -77.122689 | Δ: 5.40e-01 | M: 14118.8823 | iter=  0.18s | ETA: 2m36s | Path: GPU-cuStateVec+cpu-expect MPI-distributed (1 ranks)
Iter 0049/896 | E: -77.424598 | Δ: 3.02e-01 | M: 13539.6829 | iter=  0.18s | ETA: 2m36s | Path: GPU-cuStateVec+cpu-expect MPI-distributed (1 ranks)
Iter 0050/896 | E: -77.417361 | Δ: 7.24e-03 | M: 13088.5887 | iter=  0.18s | ETA: 2m35s | Path: GPU-cuStateVec+cpu-expect MPI-distributed (1 ranks)
[RESILIENCE] Iteration 50: Global theta state checkpointed at path checkpoints/H2O/checkpoint_iter_0050.npy. 
Iter 0051/896 | E: -77.486141 | Δ: 6.88e-02 | M: 12553.5049 | iter=  0.18s | ETA: 2m35s | Path: GPU-cuStateVec+cpu-expect MPI-distributed (1 ranks)
Iter 0052/896 | E: -77.689883 | Δ: 2.04e-01 | M: 13441.1031 | iter=  0.18s | ETA: 2m35s | Path: GPU-cuStateVec+cpu-expect MPI-distributed (1 ranks)
Iter 0053/896 | E: -77.807999 | Δ: 1.18e-01 | M: 13935.4996 | iter=  0.18s | ETA: 2m35s | Path: GPU-cuStateVec+cpu-expect MPI-distributed (1 ranks)
Iter 0054/896 | E: -77.824985 | Δ: 1.70e-02 | M: 13757.5358 | iter=  0.18s | ETA: 2m35s | Path: GPU-cuStateVec+cpu-expect MPI-distributed (1 ranks)
Iter 0055/896 | E: -78.010696 | Δ: 1.86e-01 | M: 14135.2362 | iter=  0.18s | ETA: 2m35s | Path: GPU-cuStateVec+cpu-expect MPI-distributed (1 ranks)
[RESILIENCE] Iteration 55: Global theta state checkpointed at path checkpoints/H2O/checkpoint_iter_0055.npy. 
Iter 0056/896 | E: -78.091333 | Δ: 8.06e-02 | M: 13387.4871 | iter=  0.18s | ETA: 2m35s | Path: GPU-cuStateVec+cpu-expect MPI-distributed (1 ranks)
Iter 0057/896 | E: -78.119199 | Δ: 2.79e-02 | M: 13951.6617 | iter=  0.18s | ETA: 2m34s | Path: GPU-cuStateVec+cpu-expect MPI-distributed (1 ranks)
Iter 0058/896 | E: -78.210017 | Δ: 9.08e-02 | M: 13646.3981 | iter=  0.18s | ETA: 2m34s | Path: GPU-cuStateVec+cpu-expect MPI-distributed (1 ranks)
Iter 0059/896 | E: -78.334762 | Δ: 1.25e-01 | M: 13925.5515 | iter=  0.18s | ETA: 2m34s | Path: GPU-cuStateVec+cpu-expect MPI-distributed (1 ranks)
Iter 0060/896 | E: -78.409454 | Δ: 7.47e-02 | M: 13188.6318 | iter=  0.18s | ETA: 2m34s | Path: GPU-cuStateVec+cpu-expect MPI-distributed (1 ranks)
[RESILIENCE] Iteration 60: Global theta state checkpointed at path checkpoints/H2O/checkpoint_iter_0060.npy. 
Iter 0061/896 | E: -78.489287 | Δ: 7.98e-02 | M: 14019.6006 | iter=  0.18s | ETA: 2m33s | Path: GPU-cuStateVec+cpu-expect MPI-distributed (1 ranks)
Iter 0062/896 | E: -78.535080 | Δ: 4.58e-02 | M: 12848.9526 | iter=  0.18s | ETA: 2m33s | Path: GPU-cuStateVec+cpu-expect MPI-distributed (1 ranks)
Iter 0063/896 | E: -78.601259 | Δ: 6.62e-02 | M: 13481.1520 | iter=  0.18s | ETA: 2m33s | Path: GPU-cuStateVec+cpu-expect MPI-distributed (1 ranks)
Iter 0064/896 | E: -78.816412 | Δ: 2.15e-01 | M: 12636.4547 | iter=  0.18s | ETA: 2m33s | Path: GPU-cuStateVec+cpu-expect MPI-distributed (1 ranks)
Iter 0065/896 | E: -78.885010 | Δ: 6.86e-02 | M: 12414.1692 | iter=  0.18s | ETA: 2m32s | Path: GPU-cuStateVec+cpu-expect MPI-distributed (1 ranks)
[RESILIENCE] Iteration 65: Global theta state checkpointed at path checkpoints/H2O/checkpoint_iter_0065.npy. 
Iter 0066/896 | E: -79.011539 | Δ: 1.27e-01 | M: 13032.7283 | iter=  0.18s | ETA: 2m32s | Path: GPU-cuStateVec+cpu-expect MPI-distributed (1 ranks)
Iter 0067/896 | E: -79.012091 | Δ: 5.51e-04 | M: 13959.4528 | iter=  0.18s | ETA: 2m32s | Path: GPU-cuStateVec+cpu-expect MPI-distributed (1 ranks)
Iter 0068/896 | E: -79.039318 | Δ: 2.72e-02 | M: 13978.6405 | iter=  0.18s | ETA: 2m32s | Path: GPU-cuStateVec+cpu-expect MPI-distributed (1 ranks)
Iter 0069/896 | E: -79.285657 | Δ: 2.46e-01 | M: 13856.7038 | iter=  0.18s | ETA: 2m32s | Path: GPU-cuStateVec+cpu-expect MPI-distributed (1 ranks)
Iter 0070/896 | E: -79.273292 | Δ: 1.24e-02 | M: 13770.5275 | iter=  0.18s | ETA: 2m32s | Path: GPU-cuStateVec+cpu-expect MPI-distributed (1 ranks)
[RESILIENCE] Iteration 70: Global theta state checkpointed at path checkpoints/H2O/checkpoint_iter_0070.npy. 
Iter 0071/896 | E: -79.275286 | Δ: 1.99e-03 | M: 13981.7326 | iter=  0.19s | ETA: 2m32s | Path: GPU-cuStateVec+cpu-expect MPI-distributed (1 ranks)
Iter 0072/896 | E: -79.356840 | Δ: 8.16e-02 | M: 13414.9998 | iter=  0.19s | ETA: 2m32s | Path: GPU-cuStateVec+cpu-expect MPI-distributed (1 ranks)
Iter 0073/896 | E: -79.365608 | Δ: 8.77e-03 | M: 12277.7759 | iter=  0.19s | ETA: 2m32s | Path: GPU-cuStateVec+cpu-expect MPI-distributed (1 ranks)
Iter 0074/896 | E: -79.361994 | Δ: 3.61e-03 | M: 13236.4941 | iter=  0.19s | ETA: 2m32s | Path: GPU-cuStateVec+cpu-expect MPI-distributed (1 ranks)
Iter 0075/896 | E: -79.475059 | Δ: 1.13e-01 | M: 13976.2080 | iter=  0.18s | ETA: 2m32s | Path: GPU-cuStateVec+cpu-expect MPI-distributed (1 ranks)
[RESILIENCE] Iteration 75: Global theta state checkpointed at path checkpoints/H2O/checkpoint_iter_0075.npy. 
Iter 0076/896 | E: -79.496683 | Δ: 2.16e-02 | M: 12067.2712 | iter=  0.19s | ETA: 2m31s | Path: GPU-cuStateVec+cpu-expect MPI-distributed (1 ranks)
Iter 0077/896 | E: -79.669545 | Δ: 1.73e-01 | M: 13560.2576 | iter=  0.18s | ETA: 2m31s | Path: GPU-cuStateVec+cpu-expect MPI-distributed (1 ranks)
Iter 0078/896 | E: -79.678745 | Δ: 9.20e-03 | M: 13145.0811 | iter=  0.18s | ETA: 2m31s | Path: GPU-cuStateVec+cpu-expect MPI-distributed (1 ranks)
Iter 0079/896 | E: -79.692223 | Δ: 1.35e-02 | M: 13652.6013 | iter=  0.18s | ETA: 2m30s | Path: GPU-cuStateVec+cpu-expect MPI-distributed (1 ranks)
Iter 0080/896 | E: -79.684103 | Δ: 8.12e-03 | M: 12388.2001 | iter=  0.18s | ETA: 2m30s | Path: GPU-cuStateVec+cpu-expect MPI-distributed (1 ranks)
[RESILIENCE] Iteration 80: Global theta state checkpointed at path checkpoints/H2O/checkpoint_iter_0080.npy. 
Iter 0081/896 | E: -79.777753 | Δ: 9.37e-02 | M: 13966.0163 | iter=  0.18s | ETA: 2m30s | Path: GPU-cuStateVec+cpu-expect MPI-distributed (1 ranks)
Iter 0082/896 | E: -79.801871 | Δ: 2.41e-02 | M: 13878.8531 | iter=  0.18s | ETA: 2m30s | Path: GPU-cuStateVec+cpu-expect MPI-distributed (1 ranks)
Iter 0083/896 | E: -79.857525 | Δ: 5.57e-02 | M: 14218.0117 | iter=  0.18s | ETA: 2m29s | Path: GPU-cuStateVec+cpu-expect MPI-distributed (1 ranks)
Iter 0084/896 | E: -79.865546 | Δ: 8.02e-03 | M: 14818.8762 | iter=  0.19s | ETA: 2m29s | Path: GPU-cuStateVec+cpu-expect MPI-distributed (1 ranks)
Iter 0085/896 | E: -79.864275 | Δ: 1.27e-03 | M: 13676.8288 | iter=  0.18s | ETA: 2m29s | Path: GPU-cuStateVec+cpu-expect MPI-distributed (1 ranks)
[RESILIENCE] Iteration 85: Global theta state checkpointed at path checkpoints/H2O/checkpoint_iter_0085.npy. 
Iter 0086/896 | E: -79.858531 | Δ: 5.74e-03 | M: 14454.2648 | iter=  0.19s | ETA: 2m29s | Path: GPU-cuStateVec+cpu-expect MPI-distributed (1 ranks)
Iter 0087/896 | E: -79.885583 | Δ: 2.71e-02 | M: 14154.0772 | iter=  0.19s | ETA: 2m29s | Path: GPU-cuStateVec+cpu-expect MPI-distributed (1 ranks)
Iter 0088/896 | E: -79.915755 | Δ: 3.02e-02 | M: 13663.5640 | iter=  0.19s | ETA: 2m29s | Path: GPU-cuStateVec+cpu-expect MPI-distributed (1 ranks)
Iter 0089/896 | E: -79.911209 | Δ: 4.55e-03 | M: 14359.0106 | iter=  0.19s | ETA: 2m29s | Path: GPU-cuStateVec+cpu-expect MPI-distributed (1 ranks)
Iter 0090/896 | E: -80.009208 | Δ: 9.80e-02 | M: 7181.9551 | iter=  0.18s | ETA: 2m29s | Path: GPU-cuStateVec+cpu-expect MPI-distributed (1 ranks)
[RESILIENCE] Iteration 90: Global theta state checkpointed at path checkpoints/H2O/checkpoint_iter_0090.npy. 
Iter 0091/896 | E: -80.047342 | Δ: 3.81e-02 | M: 13871.2791 | iter=  0.18s | ETA: 2m28s | Path: GPU-cuStateVec+cpu-expect MPI-distributed (1 ranks)
Iter 0092/896 | E: -80.064039 | Δ: 1.67e-02 | M: 14093.5628 | iter=  0.18s | ETA: 2m28s | Path: GPU-cuStateVec+cpu-expect MPI-distributed (1 ranks)
Iter 0093/896 | E: -80.078583 | Δ: 1.45e-02 | M: 13189.2121 | iter=  0.19s | ETA: 2m28s | Path: GPU-cuStateVec+cpu-expect MPI-distributed (1 ranks)
Iter 0094/896 | E: -80.122022 | Δ: 4.34e-02 | M: 14279.6373 | iter=  0.18s | ETA: 2m28s | Path: GPU-cuStateVec+cpu-expect MPI-distributed (1 ranks)
Iter 0095/896 | E: -80.104013 | Δ: 1.80e-02 | M: 12824.5709 | iter=  0.18s | ETA: 2m27s | Path: GPU-cuStateVec+cpu-expect MPI-distributed (1 ranks)
[RESILIENCE] Iteration 95: Global theta state checkpointed at path checkpoints/H2O/checkpoint_iter_0095.npy. 
Iter 0096/896 | E: -80.102728 | Δ: 1.29e-03 | M: 14147.9427 | iter=  0.18s | ETA: 2m27s | Path: GPU-cuStateVec+cpu-expect MPI-distributed (1 ranks)
Iter 0097/896 | E: -80.120782 | Δ: 1.81e-02 | M: 14831.1695 | iter=  0.19s | ETA: 2m27s | Path: GPU-cuStateVec+cpu-expect MPI-distributed (1 ranks)
Iter 0098/896 | E: -80.137925 | Δ: 1.71e-02 | M: 14537.1853 | iter=  0.18s | ETA: 2m27s | Path: GPU-cuStateVec+cpu-expect MPI-distributed (1 ranks)
Iter 0099/896 | E: -80.160162 | Δ: 2.22e-02 | M: 14180.5835 | iter=  0.18s | ETA: 2m27s | Path: GPU-cuStateVec+cpu-expect MPI-distributed (1 ranks)
Iter 0100/896 | E: -80.183386 | Δ: 2.32e-02 | M: 14134.9698 | iter=  0.19s | ETA: 2m27s | Path: GPU-cuStateVec+cpu-expect MPI-distributed (1 ranks)
[RESILIENCE] Iteration 100: Global theta state checkpointed at path checkpoints/H2O/checkpoint_iter_0100.npy. 
Iter 0101/896 | E: -80.229441 | Δ: 4.61e-02 | M: 12773.1734 | iter=  0.18s | ETA: 2m27s | Path: GPU-cuStateVec+cpu-expect MPI-distributed (1 ranks)
Iter 0102/896 | E: -80.271818 | Δ: 4.24e-02 | M: 14389.9111 | iter=  0.18s | ETA: 2m26s | Path: GPU-cuStateVec+cpu-expect MPI-distributed (1 ranks)
Iter 0103/896 | E: -80.294274 | Δ: 2.25e-02 | M: 13492.3564 | iter=  0.19s | ETA: 2m26s | Path: GPU-cuStateVec+cpu-expect MPI-distributed (1 ranks)
Iter 0104/896 | E: -80.319048 | Δ: 2.48e-02 | M: 13384.6819 | iter=  0.18s | ETA: 2m26s | Path: GPU-cuStateVec+cpu-expect MPI-distributed (1 ranks)
Iter 0105/896 | E: -80.357329 | Δ: 3.83e-02 | M: 13438.3601 | iter=  0.18s | ETA: 2m26s | Path: GPU-cuStateVec+cpu-expect MPI-distributed (1 ranks)
[RESILIENCE] Iteration 105: Global theta state checkpointed at path checkpoints/H2O/checkpoint_iter_0105.npy. 
Iter 0106/896 | E: -80.375310 | Δ: 1.80e-02 | M: 13856.2057 | iter=  0.18s | ETA: 2m25s | Path: GPU-cuStateVec+cpu-expect MPI-distributed (1 ranks)
Iter 0107/896 | E: -80.363953 | Δ: 1.14e-02 | M: 13573.3506 | iter=  0.19s | ETA: 2m25s | Path: GPU-cuStateVec+cpu-expect MPI-distributed (1 ranks)
Iter 0108/896 | E: -80.409255 | Δ: 4.53e-02 | M: 6966.7680 | iter=  0.18s | ETA: 2m25s | Path: GPU-cuStateVec+cpu-expect MPI-distributed (1 ranks)
Iter 0109/896 | E: -80.440130 | Δ: 3.09e-02 | M: 14218.3407 | iter=  0.18s | ETA: 2m25s | Path: GPU-cuStateVec+cpu-expect MPI-distributed (1 ranks)
Iter 0110/896 | E: -80.432970 | Δ: 7.16e-03 | M: 14395.1456 | iter=  0.18s | ETA: 2m24s | Path: GPU-cuStateVec+cpu-expect MPI-distributed (1 ranks)
[RESILIENCE] Iteration 110: Global theta state checkpointed at path checkpoints/H2O/checkpoint_iter_0110.npy. 
Iter 0111/896 | E: -80.450021 | Δ: 1.71e-02 | M: 14411.6861 | iter=  0.18s | ETA: 2m24s | Path: GPU-cuStateVec+cpu-expect MPI-distributed (1 ranks)
Iter 0112/896 | E: -80.448529 | Δ: 1.49e-03 | M: 7493.9880 | iter=  0.19s | ETA: 2m24s | Path: GPU-cuStateVec+cpu-expect MPI-distributed (1 ranks)
Iter 0113/896 | E: -80.456080 | Δ: 7.55e-03 | M: 14686.1605 | iter=  0.18s | ETA: 2m24s | Path: GPU-cuStateVec+cpu-expect MPI-distributed (1 ranks)
Iter 0114/896 | E: -80.512582 | Δ: 5.65e-02 | M: 14700.6680 | iter=  0.18s | ETA: 2m24s | Path: GPU-cuStateVec+cpu-expect MPI-distributed (1 ranks)
Iter 0115/896 | E: -80.493532 | Δ: 1.91e-02 | M: 13853.2120 | iter=  0.18s | ETA: 2m24s | Path: GPU-cuStateVec+cpu-expect MPI-distributed (1 ranks)
[RESILIENCE] Iteration 115: Global theta state checkpointed at path checkpoints/H2O/checkpoint_iter_0115.npy. 
Iter 0116/896 | E: -80.497291 | Δ: 3.76e-03 | M: 14541.1537 | iter=  0.18s | ETA: 2m23s | Path: GPU-cuStateVec+cpu-expect MPI-distributed (1 ranks)
Iter 0117/896 | E: -80.511304 | Δ: 1.40e-02 | M: 14542.2204 | iter=  0.18s | ETA: 2m23s | Path: GPU-cuStateVec+cpu-expect MPI-distributed (1 ranks)
Iter 0118/896 | E: -80.563333 | Δ: 5.20e-02 | M: 12465.2051 | iter=  0.18s | ETA: 2m23s | Path: GPU-cuStateVec+cpu-expect MPI-distributed (1 ranks)
Iter 0119/896 | E: -80.598274 | Δ: 3.49e-02 | M: 13870.3863 | iter=  0.19s | ETA: 2m23s | Path: GPU-cuStateVec+cpu-expect MPI-distributed (1 ranks)
Iter 0120/896 | E: -80.643509 | Δ: 4.52e-02 | M: 14066.0815 | iter=  0.18s | ETA: 2m23s | Path: GPU-cuStateVec+cpu-expect MPI-distributed (1 ranks)
[RESILIENCE] Iteration 120: Global theta state checkpointed at path checkpoints/H2O/checkpoint_iter_0120.npy. 
Iter 0121/896 | E: -80.689600 | Δ: 4.61e-02 | M: 14035.7502 | iter=  0.18s | ETA: 2m23s | Path: GPU-cuStateVec+cpu-expect MPI-distributed (1 ranks)
Iter 0122/896 | E: -80.699466 | Δ: 9.87e-03 | M: 13378.5185 | iter=  0.18s | ETA: 2m22s | Path: GPU-cuStateVec+cpu-expect MPI-distributed (1 ranks)
Iter 0123/896 | E: -80.738593 | Δ: 3.91e-02 | M: 13402.1516 | iter=  0.18s | ETA: 2m21s | Path: GPU-cuStateVec+cpu-expect MPI-distributed (1 ranks)
Iter 0124/896 | E: -80.753004 | Δ: 1.44e-02 | M: 13860.4138 | iter=  0.18s | ETA: 2m21s | Path: GPU-cuStateVec+cpu-expect MPI-distributed (1 ranks)
Iter 0125/896 | E: -80.755995 | Δ: 2.99e-03 | M: 13960.1734 | iter=  0.18s | ETA: 2m21s | Path: GPU-cuStateVec+cpu-expect MPI-distributed (1 ranks)
[RESILIENCE] Iteration 125: Global theta state checkpointed at path checkpoints/H2O/checkpoint_iter_0125.npy. 
Iter 0126/896 | E: -80.737520 | Δ: 1.85e-02 | M: 7331.1270 | iter=  0.18s | ETA: 2m21s | Path: GPU-cuStateVec+cpu-expect MPI-distributed (1 ranks)
Iter 0127/896 | E: -80.743128 | Δ: 5.61e-03 | M: 10599.1089 | iter=  0.25s | ETA: 2m22s | Path: GPU-cuStateVec+cpu-expect MPI-distributed (1 ranks)
Iter 0128/896 | E: -80.763172 | Δ: 2.00e-02 | M: 12471.2400 | iter=  0.18s | ETA: 2m21s | Path: GPU-cuStateVec+cpu-expect MPI-distributed (1 ranks)
Iter 0129/896 | E: -80.794106 | Δ: 3.09e-02 | M: 13766.8898 | iter=  0.18s | ETA: 2m21s | Path: GPU-cuStateVec+cpu-expect MPI-distributed (1 ranks)
Iter 0130/896 | E: -80.777741 | Δ: 1.64e-02 | M: 14049.9586 | iter=  0.18s | ETA: 2m21s | Path: GPU-cuStateVec+cpu-expect MPI-distributed (1 ranks)
[RESILIENCE] Iteration 130: Global theta state checkpointed at path checkpoints/H2O/checkpoint_iter_0130.npy. 
Iter 0131/896 | E: -80.782321 | Δ: 4.58e-03 | M: 13907.7434 | iter=  0.19s | ETA: 2m21s | Path: GPU-cuStateVec+cpu-expect MPI-distributed (1 ranks)
Iter 0132/896 | E: -80.805593 | Δ: 2.33e-02 | M: 13794.5811 | iter=  0.19s | ETA: 2m21s | Path: GPU-cuStateVec+cpu-expect MPI-distributed (1 ranks)
Iter 0133/896 | E: -80.822961 | Δ: 1.74e-02 | M: 13623.0157 | iter=  0.18s | ETA: 2m21s | Path: GPU-cuStateVec+cpu-expect MPI-distributed (1 ranks)
Iter 0134/896 | E: -80.807614 | Δ: 1.53e-02 | M: 14054.1517 | iter=  0.18s | ETA: 2m20s | Path: GPU-cuStateVec+cpu-expect MPI-distributed (1 ranks)
Iter 0135/896 | E: -80.812390 | Δ: 4.78e-03 | M: 12705.8282 | iter=  0.19s | ETA: 2m20s | Path: GPU-cuStateVec+cpu-expect MPI-distributed (1 ranks)
[RESILIENCE] Iteration 135: Global theta state checkpointed at path checkpoints/H2O/checkpoint_iter_0135.npy. 
Iter 0136/896 | E: -80.809713 | Δ: 2.68e-03 | M: 14141.1855 | iter=  0.18s | ETA: 2m20s | Path: GPU-cuStateVec+cpu-expect MPI-distributed (1 ranks)
Iter 0137/896 | E: -80.815385 | Δ: 5.67e-03 | M: 14442.1204 | iter=  0.18s | ETA: 2m20s | Path: GPU-cuStateVec+cpu-expect MPI-distributed (1 ranks)
Iter 0138/896 | E: -80.831187 | Δ: 1.58e-02 | M: 14676.6623 | iter=  0.19s | ETA: 2m20s | Path: GPU-cuStateVec+cpu-expect MPI-distributed (1 ranks)
Iter 0139/896 | E: -80.848581 | Δ: 1.74e-02 | M: 14728.2827 | iter=  0.19s | ETA: 2m20s | Path: GPU-cuStateVec+cpu-expect MPI-distributed (1 ranks)
Iter 0140/896 | E: -80.843182 | Δ: 5.40e-03 | M: 14751.3859 | iter=  0.18s | ETA: 2m19s | Path: GPU-cuStateVec+cpu-expect MPI-distributed (1 ranks)
[RESILIENCE] Iteration 140: Global theta state checkpointed at path checkpoints/H2O/checkpoint_iter_0140.npy. 
Iter 0141/896 | E: -80.850076 | Δ: 6.89e-03 | M: 14173.4143 | iter=  0.18s | ETA: 2m19s | Path: GPU-cuStateVec+cpu-expect MPI-distributed (1 ranks)
Iter 0142/896 | E: -80.854803 | Δ: 4.73e-03 | M: 14510.2475 | iter=  0.18s | ETA: 2m19s | Path: GPU-cuStateVec+cpu-expect MPI-distributed (1 ranks)
Iter 0143/896 | E: -80.840061 | Δ: 1.47e-02 | M: 14484.2985 | iter=  0.18s | ETA: 2m18s | Path: GPU-cuStateVec+cpu-expect MPI-distributed (1 ranks)
Iter 0144/896 | E: -80.857683 | Δ: 1.76e-02 | M: 14370.9670 | iter=  0.18s | ETA: 2m18s | Path: GPU-cuStateVec+cpu-expect MPI-distributed (1 ranks)
Iter 0145/896 | E: -80.877200 | Δ: 1.95e-02 | M: 14433.2842 | iter=  0.18s | ETA: 2m18s | Path: GPU-cuStateVec+cpu-expect MPI-distributed (1 ranks)
[RESILIENCE] Iteration 145: Global theta state checkpointed at path checkpoints/H2O/checkpoint_iter_0145.npy. 
Iter 0146/896 | E: -80.897452 | Δ: 2.03e-02 | M: 13588.0171 | iter=  0.18s | ETA: 2m18s | Path: GPU-cuStateVec+cpu-expect MPI-distributed (1 ranks)
Iter 0147/896 | E: -80.881467 | Δ: 1.60e-02 | M: 13544.2305 | iter=  0.18s | ETA: 2m18s | Path: GPU-cuStateVec+cpu-expect MPI-distributed (1 ranks)
Iter 0148/896 | E: -80.877999 | Δ: 3.47e-03 | M: 14580.5758 | iter=  0.18s | ETA: 2m17s | Path: GPU-cuStateVec+cpu-expect MPI-distributed (1 ranks)
Iter 0149/896 | E: -80.886314 | Δ: 8.31e-03 | M: 13914.9685 | iter=  0.18s | ETA: 2m17s | Path: GPU-cuStateVec+cpu-expect MPI-distributed (1 ranks)
Iter 0150/896 | E: -80.893246 | Δ: 6.93e-03 | M: 14077.9122 | iter=  0.19s | ETA: 2m17s | Path: GPU-cuStateVec+cpu-expect MPI-distributed (1 ranks)
[RESILIENCE] Iteration 150: Global theta state checkpointed at path checkpoints/H2O/checkpoint_iter_0150.npy. 
Iter 0151/896 | E: -80.889765 | Δ: 3.48e-03 | M: 14383.8082 | iter=  0.18s | ETA: 2m17s | Path: GPU-cuStateVec+cpu-expect MPI-distributed (1 ranks)
Iter 0152/896 | E: -80.885444 | Δ: 4.32e-03 | M: 14013.6490 | iter=  0.18s | ETA: 2m17s | Path: GPU-cuStateVec+cpu-expect MPI-distributed (1 ranks)
Iter 0153/896 | E: -80.873523 | Δ: 1.19e-02 | M: 14724.8331 | iter=  0.19s | ETA: 2m17s | Path: GPU-cuStateVec+cpu-expect MPI-distributed (1 ranks)
Iter 0154/896 | E: -80.908199 | Δ: 3.47e-02 | M: 14332.5660 | iter=  0.18s | ETA: 2m17s | Path: GPU-cuStateVec+cpu-expect MPI-distributed (1 ranks)
Iter 0155/896 | E: -80.927730 | Δ: 1.95e-02 | M: 14529.6886 | iter=  0.18s | ETA: 2m16s | Path: GPU-cuStateVec+cpu-expect MPI-distributed (1 ranks)
[RESILIENCE] Iteration 155: Global theta state checkpointed at path checkpoints/H2O/checkpoint_iter_0155.npy. 
Iter 0156/896 | E: -80.988069 | Δ: 6.03e-02 | M: 14035.9748 | iter=  0.18s | ETA: 2m16s | Path: GPU-cuStateVec+cpu-expect MPI-distributed (1 ranks)
Iter 0157/896 | E: -80.976269 | Δ: 1.18e-02 | M: 13364.4313 | iter=  0.18s | ETA: 2m16s | Path: GPU-cuStateVec+cpu-expect MPI-distributed (1 ranks)
Iter 0158/896 | E: -80.991528 | Δ: 1.53e-02 | M: 12947.3447 | iter=  0.18s | ETA: 2m15s | Path: GPU-cuStateVec+cpu-expect MPI-distributed (1 ranks)
Iter 0159/896 | E: -81.004407 | Δ: 1.29e-02 | M: 13727.7812 | iter=  0.18s | ETA: 2m15s | Path: GPU-cuStateVec+cpu-expect MPI-distributed (1 ranks)
Iter 0160/896 | E: -81.002063 | Δ: 2.34e-03 | M: 13609.0351 | iter=  0.18s | ETA: 2m15s | Path: GPU-cuStateVec+cpu-expect MPI-distributed (1 ranks)
[RESILIENCE] Iteration 160: Global theta state checkpointed at path checkpoints/H2O/checkpoint_iter_0160.npy. 
Iter 0161/896 | E: -81.004366 | Δ: 2.30e-03 | M: 14634.3891 | iter=  0.18s | ETA: 2m15s | Path: GPU-cuStateVec+cpu-expect MPI-distributed (1 ranks)
Iter 0162/896 | E: -81.021457 | Δ: 1.71e-02 | M: 13669.4413 | iter=  0.18s | ETA: 2m15s | Path: GPU-cuStateVec+cpu-expect MPI-distributed (1 ranks)
Iter 0163/896 | E: -81.042859 | Δ: 2.14e-02 | M: 14038.6165 | iter=  0.18s | ETA: 2m15s | Path: GPU-cuStateVec+cpu-expect MPI-distributed (1 ranks)
Iter 0164/896 | E: -81.027113 | Δ: 1.57e-02 | M: 14279.6515 | iter=  0.18s | ETA: 2m14s | Path: GPU-cuStateVec+cpu-expect MPI-distributed (1 ranks)
Iter 0165/896 | E: -81.034085 | Δ: 6.97e-03 | M: 14327.7380 | iter=  0.18s | ETA: 2m14s | Path: GPU-cuStateVec+cpu-expect MPI-distributed (1 ranks)
[RESILIENCE] Iteration 165: Global theta state checkpointed at path checkpoints/H2O/checkpoint_iter_0165.npy. 
Iter 0166/896 | E: -81.045355 | Δ: 1.13e-02 | M: 13913.0438 | iter=  0.18s | ETA: 2m14s | Path: GPU-cuStateVec+cpu-expect MPI-distributed (1 ranks)
Iter 0167/896 | E: -81.088641 | Δ: 4.33e-02 | M: 14302.4520 | iter=  0.18s | ETA: 2m14s | Path: GPU-cuStateVec+cpu-expect MPI-distributed (1 ranks)
Iter 0168/896 | E: -81.085161 | Δ: 3.48e-03 | M: 13567.0604 | iter=  0.18s | ETA: 2m14s | Path: GPU-cuStateVec+cpu-expect MPI-distributed (1 ranks)
Iter 0169/896 | E: -81.058858 | Δ: 2.63e-02 | M: 14106.5477 | iter=  0.18s | ETA: 2m13s | Path: GPU-cuStateVec+cpu-expect MPI-distributed (1 ranks)
Iter 0170/896 | E: -81.088997 | Δ: 3.01e-02 | M: 13722.2915 | iter=  0.18s | ETA: 2m13s | Path: GPU-cuStateVec+cpu-expect MPI-distributed (1 ranks)
[RESILIENCE] Iteration 170: Global theta state checkpointed at path checkpoints/H2O/checkpoint_iter_0170.npy. 
Iter 0171/896 | E: -81.080668 | Δ: 8.33e-03 | M: 14299.4406 | iter=  0.18s | ETA: 2m13s | Path: GPU-cuStateVec+cpu-expect MPI-distributed (1 ranks)
Iter 0172/896 | E: -81.094563 | Δ: 1.39e-02 | M: 14277.5896 | iter=  0.18s | ETA: 2m13s | Path: GPU-cuStateVec+cpu-expect MPI-distributed (1 ranks)
Iter 0173/896 | E: -81.082457 | Δ: 1.21e-02 | M: 12834.7278 | iter=  0.18s | ETA: 2m13s | Path: GPU-cuStateVec+cpu-expect MPI-distributed (1 ranks)
Iter 0174/896 | E: -81.083848 | Δ: 1.39e-03 | M: 13222.9094 | iter=  0.18s | ETA: 2m13s | Path: GPU-cuStateVec+cpu-expect MPI-distributed (1 ranks)
Iter 0175/896 | E: -81.080585 | Δ: 3.26e-03 | M: 14095.6889 | iter=  0.19s | ETA: 2m13s | Path: GPU-cuStateVec+cpu-expect MPI-distributed (1 ranks)
[RESILIENCE] Iteration 175: Global theta state checkpointed at path checkpoints/H2O/checkpoint_iter_0175.npy. 
Iter 0176/896 | E: -81.082875 | Δ: 2.29e-03 | M: 14046.5140 | iter=  0.19s | ETA: 2m13s | Path: GPU-cuStateVec+cpu-expect MPI-distributed (1 ranks)
Iter 0177/896 | E: -81.129663 | Δ: 4.68e-02 | M: 14079.4272 | iter=  0.18s | ETA: 2m12s | Path: GPU-cuStateVec+cpu-expect MPI-distributed (1 ranks)
Iter 0178/896 | E: -81.080355 | Δ: 4.93e-02 | M: 14464.9394 | iter=  0.18s | ETA: 2m12s | Path: GPU-cuStateVec+cpu-expect MPI-distributed (1 ranks)
Iter 0179/896 | E: -81.076434 | Δ: 3.92e-03 | M: 14283.9317 | iter=  0.18s | ETA: 2m12s | Path: GPU-cuStateVec+cpu-expect MPI-distributed (1 ranks)
Iter 0180/896 | E: -81.091522 | Δ: 1.51e-02 | M: 13808.3853 | iter=  0.18s | ETA: 2m11s | Path: GPU-cuStateVec+cpu-expect MPI-distributed (1 ranks)
[RESILIENCE] Iteration 180: Global theta state checkpointed at path checkpoints/H2O/checkpoint_iter_0180.npy. 
Iter 0181/896 | E: -81.139127 | Δ: 4.76e-02 | M: 14181.8240 | iter=  0.18s | ETA: 2m11s | Path: GPU-cuStateVec+cpu-expect MPI-distributed (1 ranks)
Iter 0182/896 | E: -81.166630 | Δ: 2.75e-02 | M: 14364.4979 | iter=  0.18s | ETA: 2m11s | Path: GPU-cuStateVec+cpu-expect MPI-distributed (1 ranks)
Iter 0183/896 | E: -81.197747 | Δ: 3.11e-02 | M: 13360.7706 | iter=  0.18s | ETA: 2m11s | Path: GPU-cuStateVec+cpu-expect MPI-distributed (1 ranks)
Iter 0184/896 | E: -81.165560 | Δ: 3.22e-02 | M: 14296.9082 | iter=  0.18s | ETA: 2m11s | Path: GPU-cuStateVec+cpu-expect MPI-distributed (1 ranks)
Iter 0185/896 | E: -81.164848 | Δ: 7.12e-04 | M: 13071.2554 | iter=  0.18s | ETA: 2m11s | Path: GPU-cuStateVec+cpu-expect MPI-distributed (1 ranks)
[RESILIENCE] Iteration 185: Global theta state checkpointed at path checkpoints/H2O/checkpoint_iter_0185.npy. 
Iter 0186/896 | E: -81.175867 | Δ: 1.10e-02 | M: 14539.5658 | iter=  0.18s | ETA: 2m10s | Path: GPU-cuStateVec+cpu-expect MPI-distributed (1 ranks)
Iter 0187/896 | E: -81.205258 | Δ: 2.94e-02 | M: 12696.4322 | iter=  0.19s | ETA: 2m10s | Path: GPU-cuStateVec+cpu-expect MPI-distributed (1 ranks)
Iter 0188/896 | E: -81.206541 | Δ: 1.28e-03 | M: 14924.5347 | iter=  0.18s | ETA: 2m10s | Path: GPU-cuStateVec+cpu-expect MPI-distributed (1 ranks)
Iter 0189/896 | E: -81.214902 | Δ: 8.36e-03 | M: 12442.1859 | iter=  0.19s | ETA: 2m10s | Path: GPU-cuStateVec+cpu-expect MPI-distributed (1 ranks)
Iter 0190/896 | E: -81.222216 | Δ: 7.31e-03 | M: 14598.7735 | iter=  0.18s | ETA: 2m10s | Path: GPU-cuStateVec+cpu-expect MPI-distributed (1 ranks)
[RESILIENCE] Iteration 190: Global theta state checkpointed at path checkpoints/H2O/checkpoint_iter_0190.npy. 
Iter 0191/896 | E: -81.230905 | Δ: 8.69e-03 | M: 14309.9498 | iter=  0.18s | ETA: 2m10s | Path: GPU-cuStateVec+cpu-expect MPI-distributed (1 ranks)
Iter 0192/896 | E: -81.224451 | Δ: 6.45e-03 | M: 14268.1293 | iter=  0.19s | ETA: 2m10s | Path: GPU-cuStateVec+cpu-expect MPI-distributed (1 ranks)
Iter 0193/896 | E: -81.247403 | Δ: 2.30e-02 | M: 14716.9123 | iter=  0.18s | ETA: 2m09s | Path: GPU-cuStateVec+cpu-expect MPI-distributed (1 ranks)
Iter 0194/896 | E: -81.260941 | Δ: 1.35e-02 | M: 14174.0165 | iter=  0.18s | ETA: 2m09s | Path: GPU-cuStateVec+cpu-expect MPI-distributed (1 ranks)
Iter 0195/896 | E: -81.244987 | Δ: 1.60e-02 | M: 14105.5991 | iter=  0.18s | ETA: 2m09s | Path: GPU-cuStateVec+cpu-expect MPI-distributed (1 ranks)
[RESILIENCE] Iteration 195: Global theta state checkpointed at path checkpoints/H2O/checkpoint_iter_0195.npy. 
Iter 0196/896 | E: -81.265512 | Δ: 2.05e-02 | M: 13952.4118 | iter=  0.18s | ETA: 2m08s | Path: GPU-cuStateVec+cpu-expect MPI-distributed (1 ranks)
Iter 0197/896 | E: -81.280975 | Δ: 1.55e-02 | M: 14599.4439 | iter=  0.18s | ETA: 2m08s | Path: GPU-cuStateVec+cpu-expect MPI-distributed (1 ranks)
Iter 0198/896 | E: -81.249793 | Δ: 3.12e-02 | M: 13925.4971 | iter=  0.19s | ETA: 2m08s | Path: GPU-cuStateVec+cpu-expect MPI-distributed (1 ranks)
Iter 0199/896 | E: -81.261414 | Δ: 1.16e-02 | M: 13688.4804 | iter=  0.18s | ETA: 2m08s | Path: GPU-cuStateVec+cpu-expect MPI-distributed (1 ranks)
Iter 0200/896 | E: -81.339699 | Δ: 7.83e-02 | M: 14172.2378 | iter=  0.18s | ETA: 2m08s | Path: GPU-cuStateVec+cpu-expect MPI-distributed (1 ranks)
[RESILIENCE] Iteration 200: Global theta state checkpointed at path checkpoints/H2O/checkpoint_iter_0200.npy. 
Iter 0201/896 | E: -81.352753 | Δ: 1.31e-02 | M: 13083.8306 | iter=  0.18s | ETA: 2m08s | Path: GPU-cuStateVec+cpu-expect MPI-distributed (1 ranks)
Iter 0202/896 | E: -81.381257 | Δ: 2.85e-02 | M: 13040.8571 | iter=  0.18s | ETA: 2m08s | Path: GPU-cuStateVec+cpu-expect MPI-distributed (1 ranks)
Iter 0203/896 | E: -81.363937 | Δ: 1.73e-02 | M: 13985.4451 | iter=  0.18s | ETA: 2m07s | Path: GPU-cuStateVec+cpu-expect MPI-distributed (1 ranks)
Iter 0204/896 | E: -81.381442 | Δ: 1.75e-02 | M: 13534.9941 | iter=  0.18s | ETA: 2m07s | Path: GPU-cuStateVec+cpu-expect MPI-distributed (1 ranks)
Iter 0205/896 | E: -81.378656 | Δ: 2.79e-03 | M: 14469.9294 | iter=  0.18s | ETA: 2m07s | Path: GPU-cuStateVec+cpu-expect MPI-distributed (1 ranks)
[RESILIENCE] Iteration 205: Global theta state checkpointed at path checkpoints/H2O/checkpoint_iter_0205.npy. 
Iter 0206/896 | E: -81.419491 | Δ: 4.08e-02 | M: 14676.4495 | iter=  0.18s | ETA: 2m07s | Path: GPU-cuStateVec+cpu-expect MPI-distributed (1 ranks)
Iter 0207/896 | E: -81.402854 | Δ: 1.66e-02 | M: 13786.8583 | iter=  0.19s | ETA: 2m07s | Path: GPU-cuStateVec+cpu-expect MPI-distributed (1 ranks)
Iter 0208/896 | E: -81.395738 | Δ: 7.12e-03 | M: 14372.3621 | iter=  0.18s | ETA: 2m06s | Path: GPU-cuStateVec+cpu-expect MPI-distributed (1 ranks)
Iter 0209/896 | E: -81.471360 | Δ: 7.56e-02 | M: 14291.6519 | iter=  0.18s | ETA: 2m06s | Path: GPU-cuStateVec+cpu-expect MPI-distributed (1 ranks)
Iter 0210/896 | E: -81.425577 | Δ: 4.58e-02 | M: 13431.7749 | iter=  0.19s | ETA: 2m06s | Path: GPU-cuStateVec+cpu-expect MPI-distributed (1 ranks)
[RESILIENCE] Iteration 210: Global theta state checkpointed at path checkpoints/H2O/checkpoint_iter_0210.npy. 
Iter 0211/896 | E: -81.469958 | Δ: 4.44e-02 | M: 14323.2837 | iter=  0.18s | ETA: 2m06s | Path: GPU-cuStateVec+cpu-expect MPI-distributed (1 ranks)
Iter 0212/896 | E: -81.492111 | Δ: 2.22e-02 | M: 13983.1807 | iter=  0.18s | ETA: 2m06s | Path: GPU-cuStateVec+cpu-expect MPI-distributed (1 ranks)
Iter 0213/896 | E: -81.495311 | Δ: 3.20e-03 | M: 13504.4676 | iter=  0.18s | ETA: 2m06s | Path: GPU-cuStateVec+cpu-expect MPI-distributed (1 ranks)
Iter 0214/896 | E: -81.481538 | Δ: 1.38e-02 | M: 13522.7250 | iter=  0.19s | ETA: 2m06s | Path: GPU-cuStateVec+cpu-expect MPI-distributed (1 ranks)
Iter 0215/896 | E: -81.500634 | Δ: 1.91e-02 | M: 13443.7728 | iter=  0.18s | ETA: 2m05s | Path: GPU-cuStateVec+cpu-expect MPI-distributed (1 ranks)
[RESILIENCE] Iteration 215: Global theta state checkpointed at path checkpoints/H2O/checkpoint_iter_0215.npy. 
Iter 0216/896 | E: -81.499632 | Δ: 1.00e-03 | M: 14196.3686 | iter=  0.18s | ETA: 2m05s | Path: GPU-cuStateVec+cpu-expect MPI-distributed (1 ranks)
Iter 0217/896 | E: -81.527269 | Δ: 2.76e-02 | M: 14776.7203 | iter=  0.18s | ETA: 2m05s | Path: GPU-cuStateVec+cpu-expect MPI-distributed (1 ranks)
Iter 0218/896 | E: -81.499978 | Δ: 2.73e-02 | M: 14761.2914 | iter=  0.18s | ETA: 2m04s | Path: GPU-cuStateVec+cpu-expect MPI-distributed (1 ranks)
Iter 0219/896 | E: -81.530504 | Δ: 3.05e-02 | M: 14314.1735 | iter=  0.18s | ETA: 2m04s | Path: GPU-cuStateVec+cpu-expect MPI-distributed (1 ranks)
Iter 0220/896 | E: -81.508814 | Δ: 2.17e-02 | M: 13223.8673 | iter=  0.18s | ETA: 2m04s | Path: GPU-cuStateVec+cpu-expect MPI-distributed (1 ranks)
[RESILIENCE] Iteration 220: Global theta state checkpointed at path checkpoints/H2O/checkpoint_iter_0220.npy. 
Iter 0221/896 | E: -81.517097 | Δ: 8.28e-03 | M: 14411.6254 | iter=  0.18s | ETA: 2m04s | Path: GPU-cuStateVec+cpu-expect MPI-distributed (1 ranks)
Iter 0222/896 | E: -81.494043 | Δ: 2.31e-02 | M: 13740.7677 | iter=  0.18s | ETA: 2m04s | Path: GPU-cuStateVec+cpu-expect MPI-distributed (1 ranks)
Iter 0223/896 | E: -81.522564 | Δ: 2.85e-02 | M: 13008.8848 | iter=  0.18s | ETA: 2m04s | Path: GPU-cuStateVec+cpu-expect MPI-distributed (1 ranks)
Iter 0224/896 | E: -81.539991 | Δ: 1.74e-02 | M: 14475.8232 | iter=  0.18s | ETA: 2m03s | Path: GPU-cuStateVec+cpu-expect MPI-distributed (1 ranks)
Iter 0225/896 | E: -81.529568 | Δ: 1.04e-02 | M: 13367.5738 | iter=  0.19s | ETA: 2m03s | Path: GPU-cuStateVec+cpu-expect MPI-distributed (1 ranks)
[RESILIENCE] Iteration 225: Global theta state checkpointed at path checkpoints/H2O/checkpoint_iter_0225.npy. 
Iter 0226/896 | E: -81.519777 | Δ: 9.79e-03 | M: 13741.3795 | iter=  0.18s | ETA: 2m03s | Path: GPU-cuStateVec+cpu-expect MPI-distributed (1 ranks)
Iter 0227/896 | E: -81.567383 | Δ: 4.76e-02 | M: 14482.8320 | iter=  0.18s | ETA: 2m03s | Path: GPU-cuStateVec+cpu-expect MPI-distributed (1 ranks)
Iter 0228/896 | E: -81.545138 | Δ: 2.22e-02 | M: 13818.5313 | iter=  0.18s | ETA: 2m03s | Path: GPU-cuStateVec+cpu-expect MPI-distributed (1 ranks)
Iter 0229/896 | E: -81.563608 | Δ: 1.85e-02 | M: 13547.5037 | iter=  0.18s | ETA: 2m03s | Path: GPU-cuStateVec+cpu-expect MPI-distributed (1 ranks)
Iter 0230/896 | E: -81.576557 | Δ: 1.29e-02 | M: 14032.9850 | iter=  0.18s | ETA: 2m02s | Path: GPU-cuStateVec+cpu-expect MPI-distributed (1 ranks)
[RESILIENCE] Iteration 230: Global theta state checkpointed at path checkpoints/H2O/checkpoint_iter_0230.npy. 
Iter 0231/896 | E: -81.570303 | Δ: 6.25e-03 | M: 13825.5804 | iter=  0.18s | ETA: 2m02s | Path: GPU-cuStateVec+cpu-expect MPI-distributed (1 ranks)
Iter 0232/896 | E: -81.552353 | Δ: 1.80e-02 | M: 14301.0571 | iter=  0.18s | ETA: 2m02s | Path: GPU-cuStateVec+cpu-expect MPI-distributed (1 ranks)
Iter 0233/896 | E: -81.552680 | Δ: 3.27e-04 | M: 14051.9921 | iter=  0.18s | ETA: 2m02s | Path: GPU-cuStateVec+cpu-expect MPI-distributed (1 ranks)
Iter 0234/896 | E: -81.553752 | Δ: 1.07e-03 | M: 12424.2513 | iter=  0.18s | ETA: 2m02s | Path: GPU-cuStateVec+cpu-expect MPI-distributed (1 ranks)
Iter 0235/896 | E: -81.604538 | Δ: 5.08e-02 | M: 14209.4644 | iter=  0.18s | ETA: 2m01s | Path: GPU-cuStateVec+cpu-expect MPI-distributed (1 ranks)
[RESILIENCE] Iteration 235: Global theta state checkpointed at path checkpoints/H2O/checkpoint_iter_0235.npy. 
Iter 0236/896 | E: -81.596457 | Δ: 8.08e-03 | M: 13801.3806 | iter=  0.19s | ETA: 2m01s | Path: GPU-cuStateVec+cpu-expect MPI-distributed (1 ranks)
Iter 0237/896 | E: -81.597760 | Δ: 1.30e-03 | M: 13814.4407 | iter=  0.18s | ETA: 2m01s | Path: GPU-cuStateVec+cpu-expect MPI-distributed (1 ranks)
Iter 0238/896 | E: -81.595491 | Δ: 2.27e-03 | M: 13883.1070 | iter=  0.18s | ETA: 2m01s | Path: GPU-cuStateVec+cpu-expect MPI-distributed (1 ranks)
Iter 0239/896 | E: -81.583568 | Δ: 1.19e-02 | M: 12933.2180 | iter=  0.18s | ETA: 2m01s | Path: GPU-cuStateVec+cpu-expect MPI-distributed (1 ranks)
Iter 0240/896 | E: -81.539408 | Δ: 4.42e-02 | M: 13664.0276 | iter=  0.18s | ETA: 2m01s | Path: GPU-cuStateVec+cpu-expect MPI-distributed (1 ranks)
[RESILIENCE] Iteration 240: Global theta state checkpointed at path checkpoints/H2O/checkpoint_iter_0240.npy. 
Iter 0241/896 | E: -81.614240 | Δ: 7.48e-02 | M: 14281.9799 | iter=  0.18s | ETA: 2m00s | Path: GPU-cuStateVec+cpu-expect MPI-distributed (1 ranks)
Iter 0242/896 | E: -81.626914 | Δ: 1.27e-02 | M: 14000.6760 | iter=  0.18s | ETA: 2m00s | Path: GPU-cuStateVec+cpu-expect MPI-distributed (1 ranks)
Iter 0243/896 | E: -81.627118 | Δ: 2.04e-04 | M: 14135.1708 | iter=  0.18s | ETA: 2m00s | Path: GPU-cuStateVec+cpu-expect MPI-distributed (1 ranks)
Iter 0244/896 | E: -81.634327 | Δ: 7.21e-03 | M: 14415.7677 | iter=  0.18s | ETA: 2m00s | Path: GPU-cuStateVec+cpu-expect MPI-distributed (1 ranks)
Iter 0245/896 | E: -81.607690 | Δ: 2.66e-02 | M: 14654.0686 | iter=  0.18s | ETA: 1m59s | Path: GPU-cuStateVec+cpu-expect MPI-distributed (1 ranks)
[RESILIENCE] Iteration 245: Global theta state checkpointed at path checkpoints/H2O/checkpoint_iter_0245.npy. 
Iter 0246/896 | E: -81.604656 | Δ: 3.03e-03 | M: 14414.2895 | iter=  0.18s | ETA: 1m59s | Path: GPU-cuStateVec+cpu-expect MPI-distributed (1 ranks)
Iter 0247/896 | E: -81.626329 | Δ: 2.17e-02 | M: 13340.9753 | iter=  0.19s | ETA: 1m59s | Path: GPU-cuStateVec+cpu-expect MPI-distributed (1 ranks)
Iter 0248/896 | E: -81.603155 | Δ: 2.32e-02 | M: 13154.4841 | iter=  0.19s | ETA: 1m59s | Path: GPU-cuStateVec+cpu-expect MPI-distributed (1 ranks)
Iter 0249/896 | E: -81.611535 | Δ: 8.38e-03 | M: 13038.6170 | iter=  0.18s | ETA: 1m59s | Path: GPU-cuStateVec+cpu-expect MPI-distributed (1 ranks)
Iter 0250/896 | E: -81.589812 | Δ: 2.17e-02 | M: 7462.2878 | iter=  0.18s | ETA: 1m59s | Path: GPU-cuStateVec+cpu-expect MPI-distributed (1 ranks)
[RESILIENCE] Iteration 250: Global theta state checkpointed at path checkpoints/H2O/checkpoint_iter_0250.npy. 
Iter 0251/896 | E: -81.601412 | Δ: 1.16e-02 | M: 13282.7249 | iter=  0.18s | ETA: 1m59s | Path: GPU-cuStateVec+cpu-expect MPI-distributed (1 ranks)
Iter 0252/896 | E: -81.641519 | Δ: 4.01e-02 | M: 13672.1001 | iter=  0.18s | ETA: 1m58s | Path: GPU-cuStateVec+cpu-expect MPI-distributed (1 ranks)
Iter 0253/896 | E: -81.644521 | Δ: 3.00e-03 | M: 14083.4990 | iter=  0.18s | ETA: 1m58s | Path: GPU-cuStateVec+cpu-expect MPI-distributed (1 ranks)
Iter 0254/896 | E: -81.647648 | Δ: 3.13e-03 | M: 12639.1349 | iter=  0.18s | ETA: 1m58s | Path: GPU-cuStateVec+cpu-expect MPI-distributed (1 ranks)
Iter 0255/896 | E: -81.669551 | Δ: 2.19e-02 | M: 13850.1342 | iter=  0.18s | ETA: 1m58s | Path: GPU-cuStateVec+cpu-expect MPI-distributed (1 ranks)
[RESILIENCE] Iteration 255: Global theta state checkpointed at path checkpoints/H2O/checkpoint_iter_0255.npy. 
Iter 0256/896 | E: -81.642656 | Δ: 2.69e-02 | M: 14420.4590 | iter=  0.18s | ETA: 1m57s | Path: GPU-cuStateVec+cpu-expect MPI-distributed (1 ranks)
Iter 0257/896 | E: -81.661540 | Δ: 1.89e-02 | M: 14306.7289 | iter=  0.18s | ETA: 1m57s | Path: GPU-cuStateVec+cpu-expect MPI-distributed (1 ranks)
Iter 0258/896 | E: -81.635558 | Δ: 2.60e-02 | M: 13897.0286 | iter=  0.18s | ETA: 1m57s | Path: GPU-cuStateVec+cpu-expect MPI-distributed (1 ranks)
Iter 0259/896 | E: -81.646889 | Δ: 1.13e-02 | M: 14213.3547 | iter=  0.19s | ETA: 1m57s | Path: GPU-cuStateVec+cpu-expect MPI-distributed (1 ranks)
Iter 0260/896 | E: -81.667783 | Δ: 2.09e-02 | M: 14028.8166 | iter=  0.18s | ETA: 1m57s | Path: GPU-cuStateVec+cpu-expect MPI-distributed (1 ranks)
[RESILIENCE] Iteration 260: Global theta state checkpointed at path checkpoints/H2O/checkpoint_iter_0260.npy. 
Iter 0261/896 | E: -81.653751 | Δ: 1.40e-02 | M: 14540.5888 | iter=  0.19s | ETA: 1m56s | Path: GPU-cuStateVec+cpu-expect MPI-distributed (1 ranks)
Iter 0262/896 | E: -81.643532 | Δ: 1.02e-02 | M: 14077.4788 | iter=  0.18s | ETA: 1m56s | Path: GPU-cuStateVec+cpu-expect MPI-distributed (1 ranks)
Iter 0263/896 | E: -81.652660 | Δ: 9.13e-03 | M: 14033.0208 | iter=  0.19s | ETA: 1m57s | Path: GPU-cuStateVec+cpu-expect MPI-distributed (1 ranks)
Iter 0264/896 | E: -81.668535 | Δ: 1.59e-02 | M: 14411.3435 | iter=  0.18s | ETA: 1m56s | Path: GPU-cuStateVec+cpu-expect MPI-distributed (1 ranks)
Iter 0265/896 | E: -81.660970 | Δ: 7.57e-03 | M: 13894.5040 | iter=  0.18s | ETA: 1m56s | Path: GPU-cuStateVec+cpu-expect MPI-distributed (1 ranks)
[RESILIENCE] Iteration 265: Global theta state checkpointed at path checkpoints/H2O/checkpoint_iter_0265.npy. 
Iter 0266/896 | E: -81.658931 | Δ: 2.04e-03 | M: 14525.3337 | iter=  0.18s | ETA: 1m56s | Path: GPU-cuStateVec+cpu-expect MPI-distributed (1 ranks)
Iter 0267/896 | E: -81.678777 | Δ: 1.98e-02 | M: 13197.7668 | iter=  0.18s | ETA: 1m56s | Path: GPU-cuStateVec+cpu-expect MPI-distributed (1 ranks)
Iter 0268/896 | E: -81.662393 | Δ: 1.64e-02 | M: 13621.4155 | iter=  0.19s | ETA: 1m56s | Path: GPU-cuStateVec+cpu-expect MPI-distributed (1 ranks)
Iter 0269/896 | E: -81.668549 | Δ: 6.16e-03 | M: 13719.4643 | iter=  0.19s | ETA: 1m55s | Path: GPU-cuStateVec+cpu-expect MPI-distributed (1 ranks)
Iter 0270/896 | E: -81.680847 | Δ: 1.23e-02 | M: 14832.7164 | iter=  0.18s | ETA: 1m55s | Path: GPU-cuStateVec+cpu-expect MPI-distributed (1 ranks)
[RESILIENCE] Iteration 270: Global theta state checkpointed at path checkpoints/H2O/checkpoint_iter_0270.npy. 
Iter 0271/896 | E: -81.679264 | Δ: 1.58e-03 | M: 10172.9840 | iter=  0.24s | ETA: 1m55s | Path: GPU-cuStateVec+cpu-expect MPI-distributed (1 ranks)
Iter 0272/896 | E: -81.738167 | Δ: 5.89e-02 | M: 13367.6436 | iter=  0.18s | ETA: 1m55s | Path: GPU-cuStateVec+cpu-expect MPI-distributed (1 ranks)
Iter 0273/896 | E: -81.737073 | Δ: 1.09e-03 | M: 13476.6135 | iter=  0.18s | ETA: 1m55s | Path: GPU-cuStateVec+cpu-expect MPI-distributed (1 ranks)
Iter 0274/896 | E: -81.736450 | Δ: 6.22e-04 | M: 13757.2840 | iter=  0.18s | ETA: 1m54s | Path: GPU-cuStateVec+cpu-expect MPI-distributed (1 ranks)
Iter 0275/896 | E: -81.724928 | Δ: 1.15e-02 | M: 14099.7488 | iter=  0.18s | ETA: 1m54s | Path: GPU-cuStateVec+cpu-expect MPI-distributed (1 ranks)
[RESILIENCE] Iteration 275: Global theta state checkpointed at path checkpoints/H2O/checkpoint_iter_0275.npy. 
Iter 0276/896 | E: -81.726763 | Δ: 1.83e-03 | M: 13658.8875 | iter=  0.18s | ETA: 1m54s | Path: GPU-cuStateVec+cpu-expect MPI-distributed (1 ranks)
Iter 0277/896 | E: -81.715895 | Δ: 1.09e-02 | M: 14492.0016 | iter=  0.18s | ETA: 1m54s | Path: GPU-cuStateVec+cpu-expect MPI-distributed (1 ranks)
Iter 0278/896 | E: -81.707092 | Δ: 8.80e-03 | M: 13656.3277 | iter=  0.19s | ETA: 1m54s | Path: GPU-cuStateVec+cpu-expect MPI-distributed (1 ranks)
Iter 0279/896 | E: -81.717853 | Δ: 1.08e-02 | M: 14300.2615 | iter=  0.18s | ETA: 1m53s | Path: GPU-cuStateVec+cpu-expect MPI-distributed (1 ranks)
Iter 0280/896 | E: -81.755703 | Δ: 3.79e-02 | M: 15135.8372 | iter=  0.19s | ETA: 1m53s | Path: GPU-cuStateVec+cpu-expect MPI-distributed (1 ranks)
[RESILIENCE] Iteration 280: Global theta state checkpointed at path checkpoints/H2O/checkpoint_iter_0280.npy. 
Iter 0281/896 | E: -81.728785 | Δ: 2.69e-02 | M: 13913.6169 | iter=  0.18s | ETA: 1m53s | Path: GPU-cuStateVec+cpu-expect MPI-distributed (1 ranks)
Iter 0282/896 | E: -81.734799 | Δ: 6.01e-03 | M: 14403.1626 | iter=  0.18s | ETA: 1m53s | Path: GPU-cuStateVec+cpu-expect MPI-distributed (1 ranks)
Iter 0283/896 | E: -81.749227 | Δ: 1.44e-02 | M: 14787.7709 | iter=  0.18s | ETA: 1m53s | Path: GPU-cuStateVec+cpu-expect MPI-distributed (1 ranks)
Iter 0284/896 | E: -81.772780 | Δ: 2.36e-02 | M: 7012.9804 | iter=  0.18s | ETA: 1m53s | Path: GPU-cuStateVec+cpu-expect MPI-distributed (1 ranks)
Iter 0285/896 | E: -81.770935 | Δ: 1.84e-03 | M: 13974.9166 | iter=  0.18s | ETA: 1m52s | Path: GPU-cuStateVec+cpu-expect MPI-distributed (1 ranks)
[RESILIENCE] Iteration 285: Global theta state checkpointed at path checkpoints/H2O/checkpoint_iter_0285.npy. 
Iter 0286/896 | E: -81.775716 | Δ: 4.78e-03 | M: 13673.9047 | iter=  0.18s | ETA: 1m52s | Path: GPU-cuStateVec+cpu-expect MPI-distributed (1 ranks)
Iter 0287/896 | E: -81.756000 | Δ: 1.97e-02 | M: 14617.7134 | iter=  0.19s | ETA: 1m52s | Path: GPU-cuStateVec+cpu-expect MPI-distributed (1 ranks)
Iter 0288/896 | E: -81.768804 | Δ: 1.28e-02 | M: 14084.6102 | iter=  0.18s | ETA: 1m52s | Path: GPU-cuStateVec+cpu-expect MPI-distributed (1 ranks)
Iter 0289/896 | E: -81.769289 | Δ: 4.85e-04 | M: 13719.7432 | iter=  0.19s | ETA: 1m52s | Path: GPU-cuStateVec+cpu-expect MPI-distributed (1 ranks)
Iter 0290/896 | E: -81.749158 | Δ: 2.01e-02 | M: 13908.5358 | iter=  0.18s | ETA: 1m51s | Path: GPU-cuStateVec+cpu-expect MPI-distributed (1 ranks)
[RESILIENCE] Iteration 290: Global theta state checkpointed at path checkpoints/H2O/checkpoint_iter_0290.npy. 
Iter 0291/896 | E: -81.779142 | Δ: 3.00e-02 | M: 14341.4554 | iter=  0.19s | ETA: 1m52s | Path: GPU-cuStateVec+cpu-expect MPI-distributed (1 ranks)
Iter 0292/896 | E: -81.805892 | Δ: 2.67e-02 | M: 13835.0460 | iter=  0.18s | ETA: 1m51s | Path: GPU-cuStateVec+cpu-expect MPI-distributed (1 ranks)
Iter 0293/896 | E: -81.761939 | Δ: 4.40e-02 | M: 14630.7791 | iter=  0.18s | ETA: 1m51s | Path: GPU-cuStateVec+cpu-expect MPI-distributed (1 ranks)
Iter 0294/896 | E: -81.748242 | Δ: 1.37e-02 | M: 14420.0903 | iter=  0.18s | ETA: 1m51s | Path: GPU-cuStateVec+cpu-expect MPI-distributed (1 ranks)
Iter 0295/896 | E: -81.815484 | Δ: 6.72e-02 | M: 13918.9849 | iter=  0.18s | ETA: 1m50s | Path: GPU-cuStateVec+cpu-expect MPI-distributed (1 ranks)
[RESILIENCE] Iteration 295: Global theta state checkpointed at path checkpoints/H2O/checkpoint_iter_0295.npy. 
Iter 0296/896 | E: -81.788284 | Δ: 2.72e-02 | M: 14246.3959 | iter=  0.18s | ETA: 1m50s | Path: GPU-cuStateVec+cpu-expect MPI-distributed (1 ranks)
Iter 0297/896 | E: -81.825597 | Δ: 3.73e-02 | M: 14338.2411 | iter=  0.18s | ETA: 1m50s | Path: GPU-cuStateVec+cpu-expect MPI-distributed (1 ranks)
Iter 0298/896 | E: -81.780525 | Δ: 4.51e-02 | M: 11188.2677 | iter=  0.18s | ETA: 1m50s | Path: GPU-cuStateVec+cpu-expect MPI-distributed (1 ranks)
Iter 0299/896 | E: -81.818514 | Δ: 3.80e-02 | M: 13263.5462 | iter=  0.18s | ETA: 1m50s | Path: GPU-cuStateVec+cpu-expect MPI-distributed (1 ranks)
Iter 0300/896 | E: -81.802495 | Δ: 1.60e-02 | M: 12824.2942 | iter=  0.18s | ETA: 1m50s | Path: GPU-cuStateVec+cpu-expect MPI-distributed (1 ranks)
[RESILIENCE] Iteration 300: Global theta state checkpointed at path checkpoints/H2O/checkpoint_iter_0300.npy. 
Iter 0301/896 | E: -81.788004 | Δ: 1.45e-02 | M: 11725.7213 | iter=  0.18s | ETA: 1m49s | Path: GPU-cuStateVec+cpu-expect MPI-distributed (1 ranks)
Iter 0302/896 | E: -81.831418 | Δ: 4.34e-02 | M: 13560.4912 | iter=  0.18s | ETA: 1m49s | Path: GPU-cuStateVec+cpu-expect MPI-distributed (1 ranks)
Iter 0303/896 | E: -81.796097 | Δ: 3.53e-02 | M: 11807.2603 | iter=  0.18s | ETA: 1m49s | Path: GPU-cuStateVec+cpu-expect MPI-distributed (1 ranks)
Iter 0304/896 | E: -81.831095 | Δ: 3.50e-02 | M: 14221.4570 | iter=  0.18s | ETA: 1m49s | Path: GPU-cuStateVec+cpu-expect MPI-distributed (1 ranks)
Iter 0305/896 | E: -81.824221 | Δ: 6.87e-03 | M: 12724.2232 | iter=  0.18s | ETA: 1m49s | Path: GPU-cuStateVec+cpu-expect MPI-distributed (1 ranks)
[RESILIENCE] Iteration 305: Global theta state checkpointed at path checkpoints/H2O/checkpoint_iter_0305.npy. 
Iter 0306/896 | E: -81.825950 | Δ: 1.73e-03 | M: 13983.4695 | iter=  0.19s | ETA: 1m48s | Path: GPU-cuStateVec+cpu-expect MPI-distributed (1 ranks)
Iter 0307/896 | E: -81.823107 | Δ: 2.84e-03 | M: 14410.0532 | iter=  0.18s | ETA: 1m48s | Path: GPU-cuStateVec+cpu-expect MPI-distributed (1 ranks)
Iter 0308/896 | E: -81.865125 | Δ: 4.20e-02 | M: 13756.7948 | iter=  0.19s | ETA: 1m48s | Path: GPU-cuStateVec+cpu-expect MPI-distributed (1 ranks)
Iter 0309/896 | E: -81.853187 | Δ: 1.19e-02 | M: 13475.8246 | iter=  0.18s | ETA: 1m48s | Path: GPU-cuStateVec+cpu-expect MPI-distributed (1 ranks)
Iter 0310/896 | E: -81.820604 | Δ: 3.26e-02 | M: 14634.2864 | iter=  0.18s | ETA: 1m48s | Path: GPU-cuStateVec+cpu-expect MPI-distributed (1 ranks)
[RESILIENCE] Iteration 310: Global theta state checkpointed at path checkpoints/H2O/checkpoint_iter_0310.npy. 
Iter 0311/896 | E: -81.813092 | Δ: 7.51e-03 | M: 14585.1891 | iter=  0.19s | ETA: 1m48s | Path: GPU-cuStateVec+cpu-expect MPI-distributed (1 ranks)
Iter 0312/896 | E: -81.859672 | Δ: 4.66e-02 | M: 14415.1945 | iter=  0.19s | ETA: 1m48s | Path: GPU-cuStateVec+cpu-expect MPI-distributed (1 ranks)
Iter 0313/896 | E: -81.866910 | Δ: 7.24e-03 | M: 13962.6834 | iter=  0.18s | ETA: 1m47s | Path: GPU-cuStateVec+cpu-expect MPI-distributed (1 ranks)
Iter 0314/896 | E: -81.813948 | Δ: 5.30e-02 | M: 14616.4191 | iter=  0.18s | ETA: 1m47s | Path: GPU-cuStateVec+cpu-expect MPI-distributed (1 ranks)
Iter 0315/896 | E: -81.871259 | Δ: 5.73e-02 | M: 13690.4069 | iter=  0.19s | ETA: 1m47s | Path: GPU-cuStateVec+cpu-expect MPI-distributed (1 ranks)
[RESILIENCE] Iteration 315: Global theta state checkpointed at path checkpoints/H2O/checkpoint_iter_0315.npy. 
Iter 0316/896 | E: -81.848193 | Δ: 2.31e-02 | M: 14330.3316 | iter=  0.19s | ETA: 1m47s | Path: GPU-cuStateVec+cpu-expect MPI-distributed (1 ranks)
Iter 0317/896 | E: -81.851252 | Δ: 3.06e-03 | M: 13873.8167 | iter=  0.18s | ETA: 1m46s | Path: GPU-cuStateVec+cpu-expect MPI-distributed (1 ranks)
Iter 0318/896 | E: -81.874142 | Δ: 2.29e-02 | M: 14123.4634 | iter=  0.18s | ETA: 1m46s | Path: GPU-cuStateVec+cpu-expect MPI-distributed (1 ranks)
Iter 0319/896 | E: -81.843491 | Δ: 3.07e-02 | M: 11875.6866 | iter=  0.19s | ETA: 1m46s | Path: GPU-cuStateVec+cpu-expect MPI-distributed (1 ranks)
Iter 0320/896 | E: -81.896523 | Δ: 5.30e-02 | M: 14386.2905 | iter=  0.18s | ETA: 1m46s | Path: GPU-cuStateVec+cpu-expect MPI-distributed (1 ranks)
[RESILIENCE] Iteration 320: Global theta state checkpointed at path checkpoints/H2O/checkpoint_iter_0320.npy. 
Iter 0321/896 | E: -81.887431 | Δ: 9.09e-03 | M: 14437.9095 | iter=  0.18s | ETA: 1m46s | Path: GPU-cuStateVec+cpu-expect MPI-distributed (1 ranks)
Iter 0322/896 | E: -81.870916 | Δ: 1.65e-02 | M: 14377.8460 | iter=  0.18s | ETA: 1m45s | Path: GPU-cuStateVec+cpu-expect MPI-distributed (1 ranks)
Iter 0323/896 | E: -81.887959 | Δ: 1.70e-02 | M: 14158.4837 | iter=  0.19s | ETA: 1m45s | Path: GPU-cuStateVec+cpu-expect MPI-distributed (1 ranks)
Iter 0324/896 | E: -81.884996 | Δ: 2.96e-03 | M: 14536.6278 | iter=  0.18s | ETA: 1m45s | Path: GPU-cuStateVec+cpu-expect MPI-distributed (1 ranks)
Iter 0325/896 | E: -81.888693 | Δ: 3.70e-03 | M: 15026.3086 | iter=  0.18s | ETA: 1m45s | Path: GPU-cuStateVec+cpu-expect MPI-distributed (1 ranks)
[RESILIENCE] Iteration 325: Global theta state checkpointed at path checkpoints/H2O/checkpoint_iter_0325.npy. 
Iter 0326/896 | E: -81.896278 | Δ: 7.58e-03 | M: 14057.2525 | iter=  0.19s | ETA: 1m45s | Path: GPU-cuStateVec+cpu-expect MPI-distributed (1 ranks)
Iter 0327/896 | E: -81.889947 | Δ: 6.33e-03 | M: 14535.8780 | iter=  0.19s | ETA: 1m45s | Path: GPU-cuStateVec+cpu-expect MPI-distributed (1 ranks)
Iter 0328/896 | E: -81.894939 | Δ: 4.99e-03 | M: 14263.3748 | iter=  0.19s | ETA: 1m45s | Path: GPU-cuStateVec+cpu-expect MPI-distributed (1 ranks)
Iter 0329/896 | E: -81.913478 | Δ: 1.85e-02 | M: 13900.7152 | iter=  0.19s | ETA: 1m44s | Path: GPU-cuStateVec+cpu-expect MPI-distributed (1 ranks)
Iter 0330/896 | E: -81.888263 | Δ: 2.52e-02 | M: 14005.2264 | iter=  0.18s | ETA: 1m44s | Path: GPU-cuStateVec+cpu-expect MPI-distributed (1 ranks)
[RESILIENCE] Iteration 330: Global theta state checkpointed at path checkpoints/H2O/checkpoint_iter_0330.npy. 
Iter 0331/896 | E: -81.908885 | Δ: 2.06e-02 | M: 14202.5435 | iter=  0.18s | ETA: 1m44s | Path: GPU-cuStateVec+cpu-expect MPI-distributed (1 ranks)
Iter 0332/896 | E: -81.895506 | Δ: 1.34e-02 | M: 13963.6400 | iter=  0.18s | ETA: 1m44s | Path: GPU-cuStateVec+cpu-expect MPI-distributed (1 ranks)
Iter 0333/896 | E: -81.893470 | Δ: 2.04e-03 | M: 14214.4405 | iter=  0.18s | ETA: 1m43s | Path: GPU-cuStateVec+cpu-expect MPI-distributed (1 ranks)
Iter 0334/896 | E: -81.921146 | Δ: 2.77e-02 | M: 14360.7753 | iter=  0.19s | ETA: 1m43s | Path: GPU-cuStateVec+cpu-expect MPI-distributed (1 ranks)
Iter 0335/896 | E: -81.918628 | Δ: 2.52e-03 | M: 14399.0901 | iter=  0.18s | ETA: 1m43s | Path: GPU-cuStateVec+cpu-expect MPI-distributed (1 ranks)
[RESILIENCE] Iteration 335: Global theta state checkpointed at path checkpoints/H2O/checkpoint_iter_0335.npy. 
Iter 0336/896 | E: -81.901228 | Δ: 1.74e-02 | M: 12293.1070 | iter=  0.18s | ETA: 1m43s | Path: GPU-cuStateVec+cpu-expect MPI-distributed (1 ranks)
Iter 0337/896 | E: -81.922197 | Δ: 2.10e-02 | M: 14600.5309 | iter=  0.18s | ETA: 1m43s | Path: GPU-cuStateVec+cpu-expect MPI-distributed (1 ranks)
Iter 0338/896 | E: -81.925262 | Δ: 3.06e-03 | M: 14082.0658 | iter=  0.18s | ETA: 1m42s | Path: GPU-cuStateVec+cpu-expect MPI-distributed (1 ranks)
Iter 0339/896 | E: -81.891844 | Δ: 3.34e-02 | M: 12019.1671 | iter=  0.18s | ETA: 1m42s | Path: GPU-cuStateVec+cpu-expect MPI-distributed (1 ranks)
Iter 0340/896 | E: -81.911238 | Δ: 1.94e-02 | M: 14436.1297 | iter=  0.18s | ETA: 1m42s | Path: GPU-cuStateVec+cpu-expect MPI-distributed (1 ranks)
[RESILIENCE] Iteration 340: Global theta state checkpointed at path checkpoints/H2O/checkpoint_iter_0340.npy. 
Iter 0341/896 | E: -81.907370 | Δ: 3.87e-03 | M: 13473.5766 | iter=  0.18s | ETA: 1m42s | Path: GPU-cuStateVec+cpu-expect MPI-distributed (1 ranks)
Iter 0342/896 | E: -81.899075 | Δ: 8.29e-03 | M: 14776.7553 | iter=  0.18s | ETA: 1m41s | Path: GPU-cuStateVec+cpu-expect MPI-distributed (1 ranks)
Iter 0343/896 | E: -81.955807 | Δ: 5.67e-02 | M: 14272.0609 | iter=  0.19s | ETA: 1m41s | Path: GPU-cuStateVec+cpu-expect MPI-distributed (1 ranks)
Iter 0344/896 | E: -81.931667 | Δ: 2.41e-02 | M: 14538.7479 | iter=  0.18s | ETA: 1m41s | Path: GPU-cuStateVec+cpu-expect MPI-distributed (1 ranks)
Iter 0345/896 | E: -81.923262 | Δ: 8.41e-03 | M: 14502.1613 | iter=  0.18s | ETA: 1m41s | Path: GPU-cuStateVec+cpu-expect MPI-distributed (1 ranks)
[RESILIENCE] Iteration 345: Global theta state checkpointed at path checkpoints/H2O/checkpoint_iter_0345.npy. 
Iter 0346/896 | E: -81.919535 | Δ: 3.73e-03 | M: 13763.0967 | iter=  0.18s | ETA: 1m41s | Path: GPU-cuStateVec+cpu-expect MPI-distributed (1 ranks)
Iter 0347/896 | E: -81.899976 | Δ: 1.96e-02 | M: 13909.7739 | iter=  0.19s | ETA: 1m41s | Path: GPU-cuStateVec+cpu-expect MPI-distributed (1 ranks)
Iter 0348/896 | E: -81.922583 | Δ: 2.26e-02 | M: 13859.1374 | iter=  0.18s | ETA: 1m41s | Path: GPU-cuStateVec+cpu-expect MPI-distributed (1 ranks)
Iter 0349/896 | E: -81.950147 | Δ: 2.76e-02 | M: 14106.7145 | iter=  0.18s | ETA: 1m40s | Path: GPU-cuStateVec+cpu-expect MPI-distributed (1 ranks)
Iter 0350/896 | E: -81.905162 | Δ: 4.50e-02 | M: 12935.5328 | iter=  0.18s | ETA: 1m40s | Path: GPU-cuStateVec+cpu-expect MPI-distributed (1 ranks)
[RESILIENCE] Iteration 350: Global theta state checkpointed at path checkpoints/H2O/checkpoint_iter_0350.npy. 
Iter 0351/896 | E: -81.935820 | Δ: 3.07e-02 | M: 12640.0578 | iter=  0.19s | ETA: 1m40s | Path: GPU-cuStateVec+cpu-expect MPI-distributed (1 ranks)
Iter 0352/896 | E: -81.929109 | Δ: 6.71e-03 | M: 13725.2381 | iter=  0.19s | ETA: 1m40s | Path: GPU-cuStateVec+cpu-expect MPI-distributed (1 ranks)
Iter 0353/896 | E: -81.951990 | Δ: 2.29e-02 | M: 14121.2998 | iter=  0.18s | ETA: 1m40s | Path: GPU-cuStateVec+cpu-expect MPI-distributed (1 ranks)
Iter 0354/896 | E: -81.966523 | Δ: 1.45e-02 | M: 13334.4974 | iter=  0.18s | ETA: 1m40s | Path: GPU-cuStateVec+cpu-expect MPI-distributed (1 ranks)
Iter 0355/896 | E: -81.941771 | Δ: 2.48e-02 | M: 13666.6804 | iter=  0.18s | ETA: 1m40s | Path: GPU-cuStateVec+cpu-expect MPI-distributed (1 ranks)
[RESILIENCE] Iteration 355: Global theta state checkpointed at path checkpoints/H2O/checkpoint_iter_0355.npy. 
Iter 0356/896 | E: -81.955088 | Δ: 1.33e-02 | M: 14427.1363 | iter=  0.19s | ETA: 1m39s | Path: GPU-cuStateVec+cpu-expect MPI-distributed (1 ranks)
Iter 0357/896 | E: -81.990144 | Δ: 3.51e-02 | M: 13415.4252 | iter=  0.18s | ETA: 1m39s | Path: GPU-cuStateVec+cpu-expect MPI-distributed (1 ranks)
Iter 0358/896 | E: -82.002115 | Δ: 1.20e-02 | M: 13655.3178 | iter=  0.18s | ETA: 1m39s | Path: GPU-cuStateVec+cpu-expect MPI-distributed (1 ranks)
Iter 0359/896 | E: -81.991110 | Δ: 1.10e-02 | M: 14111.4746 | iter=  0.18s | ETA: 1m39s | Path: GPU-cuStateVec+cpu-expect MPI-distributed (1 ranks)
Iter 0360/896 | E: -81.973789 | Δ: 1.73e-02 | M: 14517.8781 | iter=  0.19s | ETA: 1m39s | Path: GPU-cuStateVec+cpu-expect MPI-distributed (1 ranks)
[RESILIENCE] Iteration 360: Global theta state checkpointed at path checkpoints/H2O/checkpoint_iter_0360.npy. 
Iter 0361/896 | E: -82.008598 | Δ: 3.48e-02 | M: 14453.8190 | iter=  0.18s | ETA: 1m38s | Path: GPU-cuStateVec+cpu-expect MPI-distributed (1 ranks)
Iter 0362/896 | E: -82.005093 | Δ: 3.51e-03 | M: 14698.3734 | iter=  0.18s | ETA: 1m38s | Path: GPU-cuStateVec+cpu-expect MPI-distributed (1 ranks)
Iter 0363/896 | E: -81.976350 | Δ: 2.87e-02 | M: 14102.9788 | iter=  0.18s | ETA: 1m38s | Path: GPU-cuStateVec+cpu-expect MPI-distributed (1 ranks)
Iter 0364/896 | E: -81.971230 | Δ: 5.12e-03 | M: 13441.9067 | iter=  0.18s | ETA: 1m38s | Path: GPU-cuStateVec+cpu-expect MPI-distributed (1 ranks)
Iter 0365/896 | E: -82.020480 | Δ: 4.93e-02 | M: 13886.5301 | iter=  0.19s | ETA: 1m37s | Path: GPU-cuStateVec+cpu-expect MPI-distributed (1 ranks)
[RESILIENCE] Iteration 365: Global theta state checkpointed at path checkpoints/H2O/checkpoint_iter_0365.npy. 
Iter 0366/896 | E: -82.016739 | Δ: 3.74e-03 | M: 13791.2283 | iter=  0.18s | ETA: 1m37s | Path: GPU-cuStateVec+cpu-expect MPI-distributed (1 ranks)
Iter 0367/896 | E: -81.985297 | Δ: 3.14e-02 | M: 11921.2448 | iter=  0.18s | ETA: 1m37s | Path: GPU-cuStateVec+cpu-expect MPI-distributed (1 ranks)
Iter 0368/896 | E: -81.995724 | Δ: 1.04e-02 | M: 9246.4056 | iter=  0.24s | ETA: 1m37s | Path: GPU-cuStateVec+cpu-expect MPI-distributed (1 ranks)
Iter 0369/896 | E: -82.036569 | Δ: 4.08e-02 | M: 12391.5422 | iter=  0.19s | ETA: 1m37s | Path: GPU-cuStateVec+cpu-expect MPI-distributed (1 ranks)
Iter 0370/896 | E: -82.008295 | Δ: 2.83e-02 | M: 12537.0689 | iter=  0.19s | ETA: 1m37s | Path: GPU-cuStateVec+cpu-expect MPI-distributed (1 ranks)
[RESILIENCE] Iteration 370: Global theta state checkpointed at path checkpoints/H2O/checkpoint_iter_0370.npy. 
Iter 0371/896 | E: -82.004612 | Δ: 3.68e-03 | M: 12968.3928 | iter=  0.18s | ETA: 1m37s | Path: GPU-cuStateVec+cpu-expect MPI-distributed (1 ranks)
Iter 0372/896 | E: -82.004115 | Δ: 4.97e-04 | M: 13611.0051 | iter=  0.18s | ETA: 1m37s | Path: GPU-cuStateVec+cpu-expect MPI-distributed (1 ranks)
Iter 0373/896 | E: -81.999807 | Δ: 4.31e-03 | M: 13769.3286 | iter=  0.18s | ETA: 1m36s | Path: GPU-cuStateVec+cpu-expect MPI-distributed (1 ranks)
Iter 0374/896 | E: -81.992799 | Δ: 7.01e-03 | M: 14279.9402 | iter=  0.18s | ETA: 1m36s | Path: GPU-cuStateVec+cpu-expect MPI-distributed (1 ranks)
Iter 0375/896 | E: -82.050102 | Δ: 5.73e-02 | M: 14441.4137 | iter=  0.18s | ETA: 1m35s | Path: GPU-cuStateVec+cpu-expect MPI-distributed (1 ranks)
[RESILIENCE] Iteration 375: Global theta state checkpointed at path checkpoints/H2O/checkpoint_iter_0375.npy. 
Iter 0376/896 | E: -82.017818 | Δ: 3.23e-02 | M: 13641.6027 | iter=  0.19s | ETA: 1m35s | Path: GPU-cuStateVec+cpu-expect MPI-distributed (1 ranks)
Iter 0377/896 | E: -82.024768 | Δ: 6.95e-03 | M: 14272.4563 | iter=  0.18s | ETA: 1m35s | Path: GPU-cuStateVec+cpu-expect MPI-distributed (1 ranks)
Iter 0378/896 | E: -82.047810 | Δ: 2.30e-02 | M: 13615.5121 | iter=  0.18s | ETA: 1m35s | Path: GPU-cuStateVec+cpu-expect MPI-distributed (1 ranks)
Iter 0379/896 | E: -82.074418 | Δ: 2.66e-02 | M: 13579.0864 | iter=  0.18s | ETA: 1m35s | Path: GPU-cuStateVec+cpu-expect MPI-distributed (1 ranks)
Iter 0380/896 | E: -82.058869 | Δ: 1.55e-02 | M: 14639.3578 | iter=  0.18s | ETA: 1m35s | Path: GPU-cuStateVec+cpu-expect MPI-distributed (1 ranks)
[RESILIENCE] Iteration 380: Global theta state checkpointed at path checkpoints/H2O/checkpoint_iter_0380.npy. 
Iter 0381/896 | E: -82.068867 | Δ: 1.00e-02 | M: 12445.7412 | iter=  0.18s | ETA: 1m34s | Path: GPU-cuStateVec+cpu-expect MPI-distributed (1 ranks)
Iter 0382/896 | E: -82.033441 | Δ: 3.54e-02 | M: 14040.4431 | iter=  0.18s | ETA: 1m34s | Path: GPU-cuStateVec+cpu-expect MPI-distributed (1 ranks)
Iter 0383/896 | E: -82.084636 | Δ: 5.12e-02 | M: 14377.1346 | iter=  0.18s | ETA: 1m34s | Path: GPU-cuStateVec+cpu-expect MPI-distributed (1 ranks)
Iter 0384/896 | E: -82.095829 | Δ: 1.12e-02 | M: 13178.4700 | iter=  0.18s | ETA: 1m34s | Path: GPU-cuStateVec+cpu-expect MPI-distributed (1 ranks)
Iter 0385/896 | E: -82.081047 | Δ: 1.48e-02 | M: 13582.5429 | iter=  0.18s | ETA: 1m34s | Path: GPU-cuStateVec+cpu-expect MPI-distributed (1 ranks)
[RESILIENCE] Iteration 385: Global theta state checkpointed at path checkpoints/H2O/checkpoint_iter_0385.npy. 
Iter 0386/896 | E: -82.055906 | Δ: 2.51e-02 | M: 14687.2718 | iter=  0.18s | ETA: 1m33s | Path: GPU-cuStateVec+cpu-expect MPI-distributed (1 ranks)
Iter 0387/896 | E: -82.045844 | Δ: 1.01e-02 | M: 14653.4476 | iter=  0.18s | ETA: 1m33s | Path: GPU-cuStateVec+cpu-expect MPI-distributed (1 ranks)
Iter 0388/896 | E: -82.051221 | Δ: 5.38e-03 | M: 14470.4675 | iter=  0.18s | ETA: 1m33s | Path: GPU-cuStateVec+cpu-expect MPI-distributed (1 ranks)
Iter 0389/896 | E: -82.048454 | Δ: 2.77e-03 | M: 14286.8500 | iter=  0.18s | ETA: 1m33s | Path: GPU-cuStateVec+cpu-expect MPI-distributed (1 ranks)
Iter 0390/896 | E: -82.098815 | Δ: 5.04e-02 | M: 12818.6817 | iter=  0.18s | ETA: 1m33s | Path: GPU-cuStateVec+cpu-expect MPI-distributed (1 ranks)
[RESILIENCE] Iteration 390: Global theta state checkpointed at path checkpoints/H2O/checkpoint_iter_0390.npy. 
Iter 0391/896 | E: -82.074845 | Δ: 2.40e-02 | M: 13712.5059 | iter=  0.19s | ETA: 1m33s | Path: GPU-cuStateVec+cpu-expect MPI-distributed (1 ranks)
Iter 0392/896 | E: -82.100151 | Δ: 2.53e-02 | M: 13776.4478 | iter=  0.19s | ETA: 1m32s | Path: GPU-cuStateVec+cpu-expect MPI-distributed (1 ranks)
Iter 0393/896 | E: -82.102689 | Δ: 2.54e-03 | M: 14540.3077 | iter=  0.18s | ETA: 1m32s | Path: GPU-cuStateVec+cpu-expect MPI-distributed (1 ranks)
Iter 0394/896 | E: -82.064168 | Δ: 3.85e-02 | M: 14107.4728 | iter=  0.18s | ETA: 1m32s | Path: GPU-cuStateVec+cpu-expect MPI-distributed (1 ranks)
Iter 0395/896 | E: -82.112479 | Δ: 4.83e-02 | M: 14248.2109 | iter=  0.18s | ETA: 1m32s | Path: GPU-cuStateVec+cpu-expect MPI-distributed (1 ranks)
[RESILIENCE] Iteration 395: Global theta state checkpointed at path checkpoints/H2O/checkpoint_iter_0395.npy. 
Iter 0396/896 | E: -82.099298 | Δ: 1.32e-02 | M: 13828.1748 | iter=  0.18s | ETA: 1m32s | Path: GPU-cuStateVec+cpu-expect MPI-distributed (1 ranks)
Iter 0397/896 | E: -82.064590 | Δ: 3.47e-02 | M: 13922.0442 | iter=  0.18s | ETA: 1m31s | Path: GPU-cuStateVec+cpu-expect MPI-distributed (1 ranks)
Iter 0398/896 | E: -82.105392 | Δ: 4.08e-02 | M: 14236.7280 | iter=  0.18s | ETA: 1m31s | Path: GPU-cuStateVec+cpu-expect MPI-distributed (1 ranks)
Iter 0399/896 | E: -82.128788 | Δ: 2.34e-02 | M: 14675.1793 | iter=  0.18s | ETA: 1m31s | Path: GPU-cuStateVec+cpu-expect MPI-distributed (1 ranks)
Iter 0400/896 | E: -82.118815 | Δ: 9.97e-03 | M: 13788.2108 | iter=  0.18s | ETA: 1m31s | Path: GPU-cuStateVec+cpu-expect MPI-distributed (1 ranks)
[RESILIENCE] Iteration 400: Global theta state checkpointed at path checkpoints/H2O/checkpoint_iter_0400.npy. 
Iter 0401/896 | E: -82.092128 | Δ: 2.67e-02 | M: 14084.9613 | iter=  0.18s | ETA: 1m31s | Path: GPU-cuStateVec+cpu-expect MPI-distributed (1 ranks)
Iter 0402/896 | E: -82.085325 | Δ: 6.80e-03 | M: 13627.0097 | iter=  0.18s | ETA: 1m30s | Path: GPU-cuStateVec+cpu-expect MPI-distributed (1 ranks)
Iter 0403/896 | E: -82.129626 | Δ: 4.43e-02 | M: 14189.9088 | iter=  0.18s | ETA: 1m30s | Path: GPU-cuStateVec+cpu-expect MPI-distributed (1 ranks)
Iter 0404/896 | E: -82.144799 | Δ: 1.52e-02 | M: 14164.8738 | iter=  0.19s | ETA: 1m30s | Path: GPU-cuStateVec+cpu-expect MPI-distributed (1 ranks)
Iter 0405/896 | E: -82.100058 | Δ: 4.47e-02 | M: 12530.1657 | iter=  0.18s | ETA: 1m30s | Path: GPU-cuStateVec+cpu-expect MPI-distributed (1 ranks)
[RESILIENCE] Iteration 405: Global theta state checkpointed at path checkpoints/H2O/checkpoint_iter_0405.npy. 
Iter 0406/896 | E: -82.132594 | Δ: 3.25e-02 | M: 13356.5851 | iter=  0.18s | ETA: 1m30s | Path: GPU-cuStateVec+cpu-expect MPI-distributed (1 ranks)
Iter 0407/896 | E: -82.120673 | Δ: 1.19e-02 | M: 13825.7760 | iter=  0.18s | ETA: 1m30s | Path: GPU-cuStateVec+cpu-expect MPI-distributed (1 ranks)
Iter 0408/896 | E: -82.120662 | Δ: 1.09e-05 | M: 14166.3372 | iter=  0.19s | ETA: 1m30s | Path: GPU-cuStateVec+cpu-expect MPI-distributed (1 ranks)
Iter 0409/896 | E: -82.146074 | Δ: 2.54e-02 | M: 14574.9559 | iter=  0.18s | ETA: 1m29s | Path: GPU-cuStateVec+cpu-expect MPI-distributed (1 ranks)
Iter 0410/896 | E: -82.125550 | Δ: 2.05e-02 | M: 13514.9099 | iter=  0.18s | ETA: 1m29s | Path: GPU-cuStateVec+cpu-expect MPI-distributed (1 ranks)
[RESILIENCE] Iteration 410: Global theta state checkpointed at path checkpoints/H2O/checkpoint_iter_0410.npy. 
Iter 0411/896 | E: -82.114804 | Δ: 1.07e-02 | M: 13174.2535 | iter=  0.19s | ETA: 1m29s | Path: GPU-cuStateVec+cpu-expect MPI-distributed (1 ranks)
Iter 0412/896 | E: -82.115853 | Δ: 1.05e-03 | M: 13510.2562 | iter=  0.19s | ETA: 1m29s | Path: GPU-cuStateVec+cpu-expect MPI-distributed (1 ranks)
Iter 0413/896 | E: -82.119096 | Δ: 3.24e-03 | M: 14469.9578 | iter=  0.19s | ETA: 1m29s | Path: GPU-cuStateVec+cpu-expect MPI-distributed (1 ranks)
Iter 0414/896 | E: -82.120618 | Δ: 1.52e-03 | M: 14820.7972 | iter=  0.18s | ETA: 1m29s | Path: GPU-cuStateVec+cpu-expect MPI-distributed (1 ranks)
Iter 0415/896 | E: -82.168654 | Δ: 4.80e-02 | M: 13425.4349 | iter=  0.18s | ETA: 1m29s | Path: GPU-cuStateVec+cpu-expect MPI-distributed (1 ranks)
[RESILIENCE] Iteration 415: Global theta state checkpointed at path checkpoints/H2O/checkpoint_iter_0415.npy. 
Iter 0416/896 | E: -82.169088 | Δ: 4.34e-04 | M: 13175.5539 | iter=  0.18s | ETA: 1m28s | Path: GPU-cuStateVec+cpu-expect MPI-distributed (1 ranks)
Iter 0417/896 | E: -82.153380 | Δ: 1.57e-02 | M: 14184.4884 | iter=  0.18s | ETA: 1m28s | Path: GPU-cuStateVec+cpu-expect MPI-distributed (1 ranks)
Iter 0418/896 | E: -82.159119 | Δ: 5.74e-03 | M: 13340.3949 | iter=  0.18s | ETA: 1m28s | Path: GPU-cuStateVec+cpu-expect MPI-distributed (1 ranks)
Iter 0419/896 | E: -82.167575 | Δ: 8.46e-03 | M: 12966.8876 | iter=  0.18s | ETA: 1m27s | Path: GPU-cuStateVec+cpu-expect MPI-distributed (1 ranks)
Iter 0420/896 | E: -82.131925 | Δ: 3.57e-02 | M: 14050.0348 | iter=  0.18s | ETA: 1m27s | Path: GPU-cuStateVec+cpu-expect MPI-distributed (1 ranks)
[RESILIENCE] Iteration 420: Global theta state checkpointed at path checkpoints/H2O/checkpoint_iter_0420.npy. 
Iter 0421/896 | E: -82.135825 | Δ: 3.90e-03 | M: 11754.4100 | iter=  0.18s | ETA: 1m27s | Path: GPU-cuStateVec+cpu-expect MPI-distributed (1 ranks)
Iter 0422/896 | E: -82.138557 | Δ: 2.73e-03 | M: 13888.3449 | iter=  0.18s | ETA: 1m27s | Path: GPU-cuStateVec+cpu-expect MPI-distributed (1 ranks)
Iter 0423/896 | E: -82.169838 | Δ: 3.13e-02 | M: 13651.9036 | iter=  0.18s | ETA: 1m27s | Path: GPU-cuStateVec+cpu-expect MPI-distributed (1 ranks)
Iter 0424/896 | E: -82.125488 | Δ: 4.43e-02 | M: 13958.2999 | iter=  0.19s | ETA: 1m27s | Path: GPU-cuStateVec+cpu-expect MPI-distributed (1 ranks)
Iter 0425/896 | E: -82.173231 | Δ: 4.77e-02 | M: 13756.4399 | iter=  0.19s | ETA: 1m27s | Path: GPU-cuStateVec+cpu-expect MPI-distributed (1 ranks)
[RESILIENCE] Iteration 425: Global theta state checkpointed at path checkpoints/H2O/checkpoint_iter_0425.npy. 
Iter 0426/896 | E: -82.183706 | Δ: 1.05e-02 | M: 12842.2868 | iter=  0.18s | ETA: 1m26s | Path: GPU-cuStateVec+cpu-expect MPI-distributed (1 ranks)
Iter 0427/896 | E: -82.170059 | Δ: 1.36e-02 | M: 13940.0439 | iter=  0.19s | ETA: 1m26s | Path: GPU-cuStateVec+cpu-expect MPI-distributed (1 ranks)
Iter 0428/896 | E: -82.160448 | Δ: 9.61e-03 | M: 14482.9282 | iter=  0.18s | ETA: 1m26s | Path: GPU-cuStateVec+cpu-expect MPI-distributed (1 ranks)
Iter 0429/896 | E: -82.131069 | Δ: 2.94e-02 | M: 14454.1250 | iter=  0.19s | ETA: 1m26s | Path: GPU-cuStateVec+cpu-expect MPI-distributed (1 ranks)
Iter 0430/896 | E: -82.158433 | Δ: 2.74e-02 | M: 12074.2190 | iter=  0.19s | ETA: 1m26s | Path: GPU-cuStateVec+cpu-expect MPI-distributed (1 ranks)
[RESILIENCE] Iteration 430: Global theta state checkpointed at path checkpoints/H2O/checkpoint_iter_0430.npy. 
Iter 0431/896 | E: -82.191774 | Δ: 3.33e-02 | M: 11697.8822 | iter=  0.19s | ETA: 1m26s | Path: GPU-cuStateVec+cpu-expect MPI-distributed (1 ranks)
Iter 0432/896 | E: -82.161558 | Δ: 3.02e-02 | M: 13975.4518 | iter=  0.19s | ETA: 1m26s | Path: GPU-cuStateVec+cpu-expect MPI-distributed (1 ranks)
Iter 0433/896 | E: -82.180123 | Δ: 1.86e-02 | M: 13876.9299 | iter=  0.19s | ETA: 1m25s | Path: GPU-cuStateVec+cpu-expect MPI-distributed (1 ranks)
Iter 0434/896 | E: -82.151221 | Δ: 2.89e-02 | M: 13509.9410 | iter=  0.19s | ETA: 1m25s | Path: GPU-cuStateVec+cpu-expect MPI-distributed (1 ranks)
Iter 0435/896 | E: -82.185397 | Δ: 3.42e-02 | M: 13041.3158 | iter=  0.19s | ETA: 1m25s | Path: GPU-cuStateVec+cpu-expect MPI-distributed (1 ranks)
[RESILIENCE] Iteration 435: Global theta state checkpointed at path checkpoints/H2O/checkpoint_iter_0435.npy. 
Iter 0436/896 | E: -82.154683 | Δ: 3.07e-02 | M: 13969.9396 | iter=  0.18s | ETA: 1m25s | Path: GPU-cuStateVec+cpu-expect MPI-distributed (1 ranks)
Iter 0437/896 | E: -82.196107 | Δ: 4.14e-02 | M: 14233.0123 | iter=  0.18s | ETA: 1m24s | Path: GPU-cuStateVec+cpu-expect MPI-distributed (1 ranks)
Iter 0438/896 | E: -82.199430 | Δ: 3.32e-03 | M: 14560.7663 | iter=  0.19s | ETA: 1m24s | Path: GPU-cuStateVec+cpu-expect MPI-distributed (1 ranks)
Iter 0439/896 | E: -82.195551 | Δ: 3.88e-03 | M: 13924.1895 | iter=  0.18s | ETA: 1m24s | Path: GPU-cuStateVec+cpu-expect MPI-distributed (1 ranks)
Iter 0440/896 | E: -82.201536 | Δ: 5.98e-03 | M: 7241.3622 | iter=  0.19s | ETA: 1m24s | Path: GPU-cuStateVec+cpu-expect MPI-distributed (1 ranks)
[RESILIENCE] Iteration 440: Global theta state checkpointed at path checkpoints/H2O/checkpoint_iter_0440.npy. 
Iter 0441/896 | E: -82.200181 | Δ: 1.35e-03 | M: 14657.3946 | iter=  0.19s | ETA: 1m24s | Path: GPU-cuStateVec+cpu-expect MPI-distributed (1 ranks)
Iter 0442/896 | E: -82.210218 | Δ: 1.00e-02 | M: 14689.2332 | iter=  0.18s | ETA: 1m24s | Path: GPU-cuStateVec+cpu-expect MPI-distributed (1 ranks)
Iter 0443/896 | E: -82.219120 | Δ: 8.90e-03 | M: 14669.2956 | iter=  0.19s | ETA: 1m23s | Path: GPU-cuStateVec+cpu-expect MPI-distributed (1 ranks)
Iter 0444/896 | E: -82.189354 | Δ: 2.98e-02 | M: 13433.8387 | iter=  0.18s | ETA: 1m23s | Path: GPU-cuStateVec+cpu-expect MPI-distributed (1 ranks)
Iter 0445/896 | E: -82.183929 | Δ: 5.43e-03 | M: 12836.6627 | iter=  0.19s | ETA: 1m23s | Path: GPU-cuStateVec+cpu-expect MPI-distributed (1 ranks)
[RESILIENCE] Iteration 445: Global theta state checkpointed at path checkpoints/H2O/checkpoint_iter_0445.npy. 
Iter 0446/896 | E: -82.179874 | Δ: 4.06e-03 | M: 13920.4842 | iter=  0.18s | ETA: 1m23s | Path: GPU-cuStateVec+cpu-expect MPI-distributed (1 ranks)
Iter 0447/896 | E: -82.210292 | Δ: 3.04e-02 | M: 14318.6090 | iter=  0.18s | ETA: 1m23s | Path: GPU-cuStateVec+cpu-expect MPI-distributed (1 ranks)
Iter 0448/896 | E: -82.186347 | Δ: 2.39e-02 | M: 14350.4294 | iter=  0.19s | ETA: 1m22s | Path: GPU-cuStateVec+cpu-expect MPI-distributed (1 ranks)
Iter 0449/896 | E: -82.189149 | Δ: 2.80e-03 | M: 15166.7866 | iter=  0.19s | ETA: 1m22s | Path: GPU-cuStateVec+cpu-expect MPI-distributed (1 ranks)
Iter 0450/896 | E: -82.199149 | Δ: 1.00e-02 | M: 12087.7233 | iter=  0.18s | ETA: 1m22s | Path: GPU-cuStateVec+cpu-expect MPI-distributed (1 ranks)
[RESILIENCE] Iteration 450: Global theta state checkpointed at path checkpoints/H2O/checkpoint_iter_0450.npy. 
Iter 0451/896 | E: -82.188239 | Δ: 1.09e-02 | M: 14202.3216 | iter=  0.19s | ETA: 1m22s | Path: GPU-cuStateVec+cpu-expect MPI-distributed (1 ranks)
Iter 0452/896 | E: -82.219328 | Δ: 3.11e-02 | M: 7037.0377 | iter=  0.18s | ETA: 1m22s | Path: GPU-cuStateVec+cpu-expect MPI-distributed (1 ranks)
Iter 0453/896 | E: -82.207402 | Δ: 1.19e-02 | M: 13872.4954 | iter=  0.18s | ETA: 1m21s | Path: GPU-cuStateVec+cpu-expect MPI-distributed (1 ranks)
Iter 0454/896 | E: -82.198107 | Δ: 9.30e-03 | M: 14067.1273 | iter=  0.19s | ETA: 1m21s | Path: GPU-cuStateVec+cpu-expect MPI-distributed (1 ranks)
Iter 0455/896 | E: -82.229902 | Δ: 3.18e-02 | M: 13429.3980 | iter=  0.19s | ETA: 1m21s | Path: GPU-cuStateVec+cpu-expect MPI-distributed (1 ranks)
[RESILIENCE] Iteration 455: Global theta state checkpointed at path checkpoints/H2O/checkpoint_iter_0455.npy. 
Iter 0456/896 | E: -82.212518 | Δ: 1.74e-02 | M: 14316.1559 | iter=  0.18s | ETA: 1m21s | Path: GPU-cuStateVec+cpu-expect MPI-distributed (1 ranks)
Iter 0457/896 | E: -82.200707 | Δ: 1.18e-02 | M: 13912.3672 | iter=  0.19s | ETA: 1m21s | Path: GPU-cuStateVec+cpu-expect MPI-distributed (1 ranks)
Iter 0458/896 | E: -82.210445 | Δ: 9.74e-03 | M: 14851.0027 | iter=  0.19s | ETA: 1m21s | Path: GPU-cuStateVec+cpu-expect MPI-distributed (1 ranks)
Iter 0459/896 | E: -82.242687 | Δ: 3.22e-02 | M: 14595.4177 | iter=  0.18s | ETA: 1m21s | Path: GPU-cuStateVec+cpu-expect MPI-distributed (1 ranks)
Iter 0460/896 | E: -82.225976 | Δ: 1.67e-02 | M: 14649.4362 | iter=  0.18s | ETA: 1m20s | Path: GPU-cuStateVec+cpu-expect MPI-distributed (1 ranks)
[RESILIENCE] Iteration 460: Global theta state checkpointed at path checkpoints/H2O/checkpoint_iter_0460.npy. 
Iter 0461/896 | E: -82.208216 | Δ: 1.78e-02 | M: 14595.5801 | iter=  0.19s | ETA: 1m20s | Path: GPU-cuStateVec+cpu-expect MPI-distributed (1 ranks)
Iter 0462/896 | E: -82.248626 | Δ: 4.04e-02 | M: 14931.3310 | iter=  0.19s | ETA: 1m20s | Path: GPU-cuStateVec+cpu-expect MPI-distributed (1 ranks)
Iter 0463/896 | E: -82.230078 | Δ: 1.85e-02 | M: 14611.2434 | iter=  0.18s | ETA: 1m19s | Path: GPU-cuStateVec+cpu-expect MPI-distributed (1 ranks)
Iter 0464/896 | E: -82.211518 | Δ: 1.86e-02 | M: 14616.3920 | iter=  0.19s | ETA: 1m19s | Path: GPU-cuStateVec+cpu-expect MPI-distributed (1 ranks)
Iter 0465/896 | E: -82.211460 | Δ: 5.79e-05 | M: 14595.9631 | iter=  0.19s | ETA: 1m19s | Path: GPU-cuStateVec+cpu-expect MPI-distributed (1 ranks)
[RESILIENCE] Iteration 465: Global theta state checkpointed at path checkpoints/H2O/checkpoint_iter_0465.npy. 
Iter 0466/896 | E: -82.240212 | Δ: 2.88e-02 | M: 12614.5095 | iter=  0.19s | ETA: 1m19s | Path: GPU-cuStateVec+cpu-expect MPI-distributed (1 ranks)
Iter 0467/896 | E: -82.218181 | Δ: 2.20e-02 | M: 14416.8886 | iter=  0.18s | ETA: 1m19s | Path: GPU-cuStateVec+cpu-expect MPI-distributed (1 ranks)
Iter 0468/896 | E: -82.217509 | Δ: 6.72e-04 | M: 13478.7793 | iter=  0.18s | ETA: 1m19s | Path: GPU-cuStateVec+cpu-expect MPI-distributed (1 ranks)
Iter 0469/896 | E: -82.270287 | Δ: 5.28e-02 | M: 14422.5941 | iter=  0.18s | ETA: 1m18s | Path: GPU-cuStateVec+cpu-expect MPI-distributed (1 ranks)
Iter 0470/896 | E: -82.226138 | Δ: 4.41e-02 | M: 13692.0522 | iter=  0.19s | ETA: 1m18s | Path: GPU-cuStateVec+cpu-expect MPI-distributed (1 ranks)
[RESILIENCE] Iteration 470: Global theta state checkpointed at path checkpoints/H2O/checkpoint_iter_0470.npy. 
Iter 0471/896 | E: -82.225025 | Δ: 1.11e-03 | M: 14401.7942 | iter=  0.18s | ETA: 1m18s | Path: GPU-cuStateVec+cpu-expect MPI-distributed (1 ranks)
Iter 0472/896 | E: -82.225404 | Δ: 3.79e-04 | M: 13962.4124 | iter=  0.18s | ETA: 1m18s | Path: GPU-cuStateVec+cpu-expect MPI-distributed (1 ranks)
Iter 0473/896 | E: -82.237676 | Δ: 1.23e-02 | M: 13772.8698 | iter=  0.19s | ETA: 1m18s | Path: GPU-cuStateVec+cpu-expect MPI-distributed (1 ranks)
Iter 0474/896 | E: -82.267524 | Δ: 2.98e-02 | M: 14323.4308 | iter=  0.18s | ETA: 1m18s | Path: GPU-cuStateVec+cpu-expect MPI-distributed (1 ranks)
Iter 0475/896 | E: -82.231545 | Δ: 3.60e-02 | M: 14811.2149 | iter=  0.18s | ETA: 1m17s | Path: GPU-cuStateVec+cpu-expect MPI-distributed (1 ranks)
[RESILIENCE] Iteration 475: Global theta state checkpointed at path checkpoints/H2O/checkpoint_iter_0475.npy. 
Iter 0476/896 | E: -82.271030 | Δ: 3.95e-02 | M: 14158.1457 | iter=  0.18s | ETA: 1m17s | Path: GPU-cuStateVec+cpu-expect MPI-distributed (1 ranks)
Iter 0477/896 | E: -82.256634 | Δ: 1.44e-02 | M: 14516.2103 | iter=  0.19s | ETA: 1m17s | Path: GPU-cuStateVec+cpu-expect MPI-distributed (1 ranks)
Iter 0478/896 | E: -82.248264 | Δ: 8.37e-03 | M: 14563.2839 | iter=  0.18s | ETA: 1m17s | Path: GPU-cuStateVec+cpu-expect MPI-distributed (1 ranks)
Iter 0479/896 | E: -82.287421 | Δ: 3.92e-02 | M: 14165.3953 | iter=  0.18s | ETA: 1m16s | Path: GPU-cuStateVec+cpu-expect MPI-distributed (1 ranks)
Iter 0480/896 | E: -82.270229 | Δ: 1.72e-02 | M: 14338.1691 | iter=  0.18s | ETA: 1m16s | Path: GPU-cuStateVec+cpu-expect MPI-distributed (1 ranks)
[RESILIENCE] Iteration 480: Global theta state checkpointed at path checkpoints/H2O/checkpoint_iter_0480.npy. 
Iter 0481/896 | E: -82.281745 | Δ: 1.15e-02 | M: 14058.3087 | iter=  0.19s | ETA: 1m16s | Path: GPU-cuStateVec+cpu-expect MPI-distributed (1 ranks)
Iter 0482/896 | E: -82.251480 | Δ: 3.03e-02 | M: 14471.1378 | iter=  0.18s | ETA: 1m16s | Path: GPU-cuStateVec+cpu-expect MPI-distributed (1 ranks)
Iter 0483/896 | E: -82.278972 | Δ: 2.75e-02 | M: 12845.9986 | iter=  0.18s | ETA: 1m16s | Path: GPU-cuStateVec+cpu-expect MPI-distributed (1 ranks)
Iter 0484/896 | E: -82.263890 | Δ: 1.51e-02 | M: 12968.8783 | iter=  0.19s | ETA: 1m16s | Path: GPU-cuStateVec+cpu-expect MPI-distributed (1 ranks)
Iter 0485/896 | E: -82.262137 | Δ: 1.75e-03 | M: 14144.3503 | iter=  0.18s | ETA: 1m16s | Path: GPU-cuStateVec+cpu-expect MPI-distributed (1 ranks)
[RESILIENCE] Iteration 485: Global theta state checkpointed at path checkpoints/H2O/checkpoint_iter_0485.npy. 
Iter 0486/896 | E: -82.306176 | Δ: 4.40e-02 | M: 14747.5333 | iter=  0.18s | ETA: 1m15s | Path: GPU-cuStateVec+cpu-expect MPI-distributed (1 ranks)
Iter 0487/896 | E: -82.258727 | Δ: 4.74e-02 | M: 14689.7187 | iter=  0.18s | ETA: 1m15s | Path: GPU-cuStateVec+cpu-expect MPI-distributed (1 ranks)
Iter 0488/896 | E: -82.285160 | Δ: 2.64e-02 | M: 14250.2433 | iter=  0.18s | ETA: 1m15s | Path: GPU-cuStateVec+cpu-expect MPI-distributed (1 ranks)
Iter 0489/896 | E: -82.304878 | Δ: 1.97e-02 | M: 14333.2721 | iter=  0.19s | ETA: 1m14s | Path: GPU-cuStateVec+cpu-expect MPI-distributed (1 ranks)
Iter 0490/896 | E: -82.301603 | Δ: 3.28e-03 | M: 14477.8499 | iter=  0.18s | ETA: 1m14s | Path: GPU-cuStateVec+cpu-expect MPI-distributed (1 ranks)
[RESILIENCE] Iteration 490: Global theta state checkpointed at path checkpoints/H2O/checkpoint_iter_0490.npy. 
Iter 0491/896 | E: -82.272923 | Δ: 2.87e-02 | M: 14703.5862 | iter=  0.19s | ETA: 1m14s | Path: GPU-cuStateVec+cpu-expect MPI-distributed (1 ranks)
Iter 0492/896 | E: -82.268421 | Δ: 4.50e-03 | M: 14381.0595 | iter=  0.18s | ETA: 1m14s | Path: GPU-cuStateVec+cpu-expect MPI-distributed (1 ranks)
Iter 0493/896 | E: -82.275177 | Δ: 6.76e-03 | M: 14924.6318 | iter=  0.18s | ETA: 1m14s | Path: GPU-cuStateVec+cpu-expect MPI-distributed (1 ranks)
Iter 0494/896 | E: -82.301925 | Δ: 2.67e-02 | M: 14374.0924 | iter=  0.18s | ETA: 1m14s | Path: GPU-cuStateVec+cpu-expect MPI-distributed (1 ranks)
Iter 0495/896 | E: -82.313511 | Δ: 1.16e-02 | M: 13542.6428 | iter=  0.19s | ETA: 1m13s | Path: GPU-cuStateVec+cpu-expect MPI-distributed (1 ranks)
[RESILIENCE] Iteration 495: Global theta state checkpointed at path checkpoints/H2O/checkpoint_iter_0495.npy. 
Iter 0496/896 | E: -82.322268 | Δ: 8.76e-03 | M: 14292.1305 | iter=  0.18s | ETA: 1m13s | Path: GPU-cuStateVec+cpu-expect MPI-distributed (1 ranks)
Iter 0497/896 | E: -82.288154 | Δ: 3.41e-02 | M: 12447.6899 | iter=  0.19s | ETA: 1m13s | Path: GPU-cuStateVec+cpu-expect MPI-distributed (1 ranks)
Iter 0498/896 | E: -82.297208 | Δ: 9.05e-03 | M: 14144.5867 | iter=  0.18s | ETA: 1m13s | Path: GPU-cuStateVec+cpu-expect MPI-distributed (1 ranks)
Iter 0499/896 | E: -82.296606 | Δ: 6.02e-04 | M: 14627.6611 | iter=  0.18s | ETA: 1m13s | Path: GPU-cuStateVec+cpu-expect MPI-distributed (1 ranks)
Iter 0500/896 | E: -82.288602 | Δ: 8.00e-03 | M: 14323.7349 | iter=  0.19s | ETA: 1m13s | Path: GPU-cuStateVec+cpu-expect MPI-distributed (1 ranks)
[RESILIENCE] Iteration 500: Global theta state checkpointed at path checkpoints/H2O/checkpoint_iter_0500.npy. 
Iter 0501/896 | E: -82.286354 | Δ: 2.25e-03 | M: 13875.3172 | iter=  0.18s | ETA: 1m13s | Path: GPU-cuStateVec+cpu-expect MPI-distributed (1 ranks)
Iter 0502/896 | E: -82.286808 | Δ: 4.54e-04 | M: 13660.0173 | iter=  0.19s | ETA: 1m12s | Path: GPU-cuStateVec+cpu-expect MPI-distributed (1 ranks)
Iter 0503/896 | E: -82.281418 | Δ: 5.39e-03 | M: 14107.1816 | iter=  0.18s | ETA: 1m12s | Path: GPU-cuStateVec+cpu-expect MPI-distributed (1 ranks)
Iter 0504/896 | E: -82.286239 | Δ: 4.82e-03 | M: 13794.7809 | iter=  0.18s | ETA: 1m12s | Path: GPU-cuStateVec+cpu-expect MPI-distributed (1 ranks)
Iter 0505/896 | E: -82.298474 | Δ: 1.22e-02 | M: 14073.6546 | iter=  0.18s | ETA: 1m12s | Path: GPU-cuStateVec+cpu-expect MPI-distributed (1 ranks)
[RESILIENCE] Iteration 505: Global theta state checkpointed at path checkpoints/H2O/checkpoint_iter_0505.npy. 
Iter 0506/896 | E: -82.284043 | Δ: 1.44e-02 | M: 12331.9799 | iter=  0.18s | ETA: 1m11s | Path: GPU-cuStateVec+cpu-expect MPI-distributed (1 ranks)
Iter 0507/896 | E: -82.314100 | Δ: 3.01e-02 | M: 14261.2427 | iter=  0.18s | ETA: 1m11s | Path: GPU-cuStateVec+cpu-expect MPI-distributed (1 ranks)
Iter 0508/896 | E: -82.346135 | Δ: 3.20e-02 | M: 13985.8140 | iter=  0.18s | ETA: 1m11s | Path: GPU-cuStateVec+cpu-expect MPI-distributed (1 ranks)
Iter 0509/896 | E: -82.323202 | Δ: 2.29e-02 | M: 14516.8693 | iter=  0.19s | ETA: 1m11s | Path: GPU-cuStateVec+cpu-expect MPI-distributed (1 ranks)
Iter 0510/896 | E: -82.308429 | Δ: 1.48e-02 | M: 13970.1238 | iter=  0.18s | ETA: 1m11s | Path: GPU-cuStateVec+cpu-expect MPI-distributed (1 ranks)
[RESILIENCE] Iteration 510: Global theta state checkpointed at path checkpoints/H2O/checkpoint_iter_0510.npy. 
Iter 0511/896 | E: -82.346972 | Δ: 3.85e-02 | M: 9019.9701 | iter=  0.18s | ETA: 1m11s | Path: GPU-cuStateVec+cpu-expect MPI-distributed (1 ranks)
Iter 0512/896 | E: -82.331666 | Δ: 1.53e-02 | M: 13905.6416 | iter=  0.19s | ETA: 1m10s | Path: GPU-cuStateVec+cpu-expect MPI-distributed (1 ranks)
Iter 0513/896 | E: -82.306493 | Δ: 2.52e-02 | M: 13825.3106 | iter=  0.19s | ETA: 1m11s | Path: GPU-cuStateVec+cpu-expect MPI-distributed (1 ranks)
Iter 0514/896 | E: -82.301217 | Δ: 5.28e-03 | M: 14253.6986 | iter=  0.18s | ETA: 1m10s | Path: GPU-cuStateVec+cpu-expect MPI-distributed (1 ranks)
Iter 0515/896 | E: -82.312093 | Δ: 1.09e-02 | M: 14414.5155 | iter=  0.18s | ETA: 1m10s | Path: GPU-cuStateVec+cpu-expect MPI-distributed (1 ranks)
[RESILIENCE] Iteration 515: Global theta state checkpointed at path checkpoints/H2O/checkpoint_iter_0515.npy. 
Iter 0516/896 | E: -82.346144 | Δ: 3.41e-02 | M: 14894.4111 | iter=  0.18s | ETA: 1m10s | Path: GPU-cuStateVec+cpu-expect MPI-distributed (1 ranks)
Iter 0517/896 | E: -82.299613 | Δ: 4.65e-02 | M: 13694.0541 | iter=  0.18s | ETA: 1m10s | Path: GPU-cuStateVec+cpu-expect MPI-distributed (1 ranks)
Iter 0518/896 | E: -82.313773 | Δ: 1.42e-02 | M: 14094.0494 | iter=  0.19s | ETA: 1m09s | Path: GPU-cuStateVec+cpu-expect MPI-distributed (1 ranks)
Iter 0519/896 | E: -82.328479 | Δ: 1.47e-02 | M: 14449.4774 | iter=  0.19s | ETA: 1m09s | Path: GPU-cuStateVec+cpu-expect MPI-distributed (1 ranks)
Iter 0520/896 | E: -82.295294 | Δ: 3.32e-02 | M: 13785.7270 | iter=  0.19s | ETA: 1m09s | Path: GPU-cuStateVec+cpu-expect MPI-distributed (1 ranks)
[RESILIENCE] Iteration 520: Global theta state checkpointed at path checkpoints/H2O/checkpoint_iter_0520.npy. 
Iter 0521/896 | E: -82.332512 | Δ: 3.72e-02 | M: 13049.7682 | iter=  0.19s | ETA: 1m09s | Path: GPU-cuStateVec+cpu-expect MPI-distributed (1 ranks)
Iter 0522/896 | E: -82.338447 | Δ: 5.94e-03 | M: 14054.0217 | iter=  0.19s | ETA: 1m09s | Path: GPU-cuStateVec+cpu-expect MPI-distributed (1 ranks)
Iter 0523/896 | E: -82.309044 | Δ: 2.94e-02 | M: 14210.5022 | iter=  0.18s | ETA: 1m09s | Path: GPU-cuStateVec+cpu-expect MPI-distributed (1 ranks)
Iter 0524/896 | E: -82.321704 | Δ: 1.27e-02 | M: 14263.8858 | iter=  0.18s | ETA: 1m09s | Path: GPU-cuStateVec+cpu-expect MPI-distributed (1 ranks)
Iter 0525/896 | E: -82.315740 | Δ: 5.96e-03 | M: 14410.5701 | iter=  0.18s | ETA: 1m08s | Path: GPU-cuStateVec+cpu-expect MPI-distributed (1 ranks)
[RESILIENCE] Iteration 525: Global theta state checkpointed at path checkpoints/H2O/checkpoint_iter_0525.npy. 
Iter 0526/896 | E: -82.313113 | Δ: 2.63e-03 | M: 14802.8497 | iter=  0.19s | ETA: 1m08s | Path: GPU-cuStateVec+cpu-expect MPI-distributed (1 ranks)
Iter 0527/896 | E: -82.320353 | Δ: 7.24e-03 | M: 14211.2566 | iter=  0.18s | ETA: 1m08s | Path: GPU-cuStateVec+cpu-expect MPI-distributed (1 ranks)
Iter 0528/896 | E: -82.347415 | Δ: 2.71e-02 | M: 14793.1757 | iter=  0.19s | ETA: 1m07s | Path: GPU-cuStateVec+cpu-expect MPI-distributed (1 ranks)
Iter 0529/896 | E: -82.329701 | Δ: 1.77e-02 | M: 14099.8915 | iter=  0.19s | ETA: 1m07s | Path: GPU-cuStateVec+cpu-expect MPI-distributed (1 ranks)
Iter 0530/896 | E: -82.353917 | Δ: 2.42e-02 | M: 14080.8693 | iter=  0.18s | ETA: 1m07s | Path: GPU-cuStateVec+cpu-expect MPI-distributed (1 ranks)
[RESILIENCE] Iteration 530: Global theta state checkpointed at path checkpoints/H2O/checkpoint_iter_0530.npy. 
Iter 0531/896 | E: -82.304082 | Δ: 4.98e-02 | M: 14493.0149 | iter=  0.18s | ETA: 1m07s | Path: GPU-cuStateVec+cpu-expect MPI-distributed (1 ranks)
Iter 0532/896 | E: -82.350207 | Δ: 4.61e-02 | M: 13263.7641 | iter=  0.19s | ETA: 1m07s | Path: GPU-cuStateVec+cpu-expect MPI-distributed (1 ranks)
Iter 0533/896 | E: -82.350321 | Δ: 1.14e-04 | M: 13985.9631 | iter=  0.18s | ETA: 1m07s | Path: GPU-cuStateVec+cpu-expect MPI-distributed (1 ranks)
Iter 0534/896 | E: -82.314609 | Δ: 3.57e-02 | M: 14080.7868 | iter=  0.18s | ETA: 1m06s | Path: GPU-cuStateVec+cpu-expect MPI-distributed (1 ranks)
Iter 0535/896 | E: -82.331294 | Δ: 1.67e-02 | M: 13626.5625 | iter=  0.18s | ETA: 1m06s | Path: GPU-cuStateVec+cpu-expect MPI-distributed (1 ranks)
[RESILIENCE] Iteration 535: Global theta state checkpointed at path checkpoints/H2O/checkpoint_iter_0535.npy. 
Iter 0536/896 | E: -82.326207 | Δ: 5.09e-03 | M: 14271.4713 | iter=  0.18s | ETA: 1m06s | Path: GPU-cuStateVec+cpu-expect MPI-distributed (1 ranks)
Iter 0537/896 | E: -82.356050 | Δ: 2.98e-02 | M: 12446.6193 | iter=  0.18s | ETA: 1m06s | Path: GPU-cuStateVec+cpu-expect MPI-distributed (1 ranks)
Iter 0538/896 | E: -82.330454 | Δ: 2.56e-02 | M: 12468.8068 | iter=  0.19s | ETA: 1m06s | Path: GPU-cuStateVec+cpu-expect MPI-distributed (1 ranks)
Iter 0539/896 | E: -82.335202 | Δ: 4.75e-03 | M: 13571.2322 | iter=  0.18s | ETA: 1m05s | Path: GPU-cuStateVec+cpu-expect MPI-distributed (1 ranks)
Iter 0540/896 | E: -82.341709 | Δ: 6.51e-03 | M: 13925.9312 | iter=  0.19s | ETA: 1m05s | Path: GPU-cuStateVec+cpu-expect MPI-distributed (1 ranks)
[RESILIENCE] Iteration 540: Global theta state checkpointed at path checkpoints/H2O/checkpoint_iter_0540.npy. 
Iter 0541/896 | E: -82.330520 | Δ: 1.12e-02 | M: 13670.5331 | iter=  0.18s | ETA: 1m05s | Path: GPU-cuStateVec+cpu-expect MPI-distributed (1 ranks)
Iter 0542/896 | E: -82.342836 | Δ: 1.23e-02 | M: 13176.8330 | iter=  0.18s | ETA: 1m05s | Path: GPU-cuStateVec+cpu-expect MPI-distributed (1 ranks)
Iter 0543/896 | E: -82.329430 | Δ: 1.34e-02 | M: 11704.7987 | iter=  0.18s | ETA: 1m05s | Path: GPU-cuStateVec+cpu-expect MPI-distributed (1 ranks)
Iter 0544/896 | E: -82.377183 | Δ: 4.78e-02 | M: 13280.0966 | iter=  0.18s | ETA: 1m05s | Path: GPU-cuStateVec+cpu-expect MPI-distributed (1 ranks)
Iter 0545/896 | E: -82.371943 | Δ: 5.24e-03 | M: 12815.9568 | iter=  0.18s | ETA: 1m04s | Path: GPU-cuStateVec+cpu-expect MPI-distributed (1 ranks)
[RESILIENCE] Iteration 545: Global theta state checkpointed at path checkpoints/H2O/checkpoint_iter_0545.npy. 
Iter 0546/896 | E: -82.388289 | Δ: 1.63e-02 | M: 13241.3921 | iter=  0.19s | ETA: 1m04s | Path: GPU-cuStateVec+cpu-expect MPI-distributed (1 ranks)
Iter 0547/896 | E: -82.342024 | Δ: 4.63e-02 | M: 13641.4554 | iter=  0.19s | ETA: 1m04s | Path: GPU-cuStateVec+cpu-expect MPI-distributed (1 ranks)
Iter 0548/896 | E: -82.345360 | Δ: 3.34e-03 | M: 13556.3824 | iter=  0.19s | ETA: 1m04s | Path: GPU-cuStateVec+cpu-expect MPI-distributed (1 ranks)
Iter 0549/896 | E: -82.390162 | Δ: 4.48e-02 | M: 13049.9386 | iter=  0.19s | ETA: 1m04s | Path: GPU-cuStateVec+cpu-expect MPI-distributed (1 ranks)
Iter 0550/896 | E: -82.382083 | Δ: 8.08e-03 | M: 13905.0104 | iter=  0.18s | ETA: 1m04s | Path: GPU-cuStateVec+cpu-expect MPI-distributed (1 ranks)
[RESILIENCE] Iteration 550: Global theta state checkpointed at path checkpoints/H2O/checkpoint_iter_0550.npy. 
Iter 0551/896 | E: -82.356144 | Δ: 2.59e-02 | M: 11732.4530 | iter=  0.18s | ETA: 1m03s | Path: GPU-cuStateVec+cpu-expect MPI-distributed (1 ranks)
Iter 0552/896 | E: -82.390108 | Δ: 3.40e-02 | M: 13500.3454 | iter=  0.19s | ETA: 1m03s | Path: GPU-cuStateVec+cpu-expect MPI-distributed (1 ranks)
Iter 0553/896 | E: -82.345183 | Δ: 4.49e-02 | M: 14002.1783 | iter=  0.18s | ETA: 1m03s | Path: GPU-cuStateVec+cpu-expect MPI-distributed (1 ranks)
Iter 0554/896 | E: -82.392440 | Δ: 4.73e-02 | M: 14245.7902 | iter=  0.19s | ETA: 1m03s | Path: GPU-cuStateVec+cpu-expect MPI-distributed (1 ranks)
Iter 0555/896 | E: -82.382702 | Δ: 9.74e-03 | M: 13730.4223 | iter=  0.19s | ETA: 1m03s | Path: GPU-cuStateVec+cpu-expect MPI-distributed (1 ranks)
[RESILIENCE] Iteration 555: Global theta state checkpointed at path checkpoints/H2O/checkpoint_iter_0555.npy. 
Iter 0556/896 | E: -82.369267 | Δ: 1.34e-02 | M: 14494.1803 | iter=  0.19s | ETA: 1m03s | Path: GPU-cuStateVec+cpu-expect MPI-distributed (1 ranks)
Iter 0557/896 | E: -82.362856 | Δ: 6.41e-03 | M: 15006.9677 | iter=  0.19s | ETA: 1m03s | Path: GPU-cuStateVec+cpu-expect MPI-distributed (1 ranks)
Iter 0558/896 | E: -82.373240 | Δ: 1.04e-02 | M: 14186.0704 | iter=  0.18s | ETA: 1m02s | Path: GPU-cuStateVec+cpu-expect MPI-distributed (1 ranks)
Iter 0559/896 | E: -82.408439 | Δ: 3.52e-02 | M: 14766.1779 | iter=  0.18s | ETA: 1m02s | Path: GPU-cuStateVec+cpu-expect MPI-distributed (1 ranks)
Iter 0560/896 | E: -82.397062 | Δ: 1.14e-02 | M: 13536.9751 | iter=  0.18s | ETA: 1m02s | Path: GPU-cuStateVec+cpu-expect MPI-distributed (1 ranks)
[RESILIENCE] Iteration 560: Global theta state checkpointed at path checkpoints/H2O/checkpoint_iter_0560.npy. 
Iter 0561/896 | E: -82.403060 | Δ: 6.00e-03 | M: 13884.3386 | iter=  0.18s | ETA: 1m01s | Path: GPU-cuStateVec+cpu-expect MPI-distributed (1 ranks)
Iter 0562/896 | E: -82.413092 | Δ: 1.00e-02 | M: 14260.9869 | iter=  0.18s | ETA: 1m01s | Path: GPU-cuStateVec+cpu-expect MPI-distributed (1 ranks)
Iter 0563/896 | E: -82.358689 | Δ: 5.44e-02 | M: 14291.4668 | iter=  0.18s | ETA: 1m01s | Path: GPU-cuStateVec+cpu-expect MPI-distributed (1 ranks)
Iter 0564/896 | E: -82.404589 | Δ: 4.59e-02 | M: 14056.6495 | iter=  0.18s | ETA: 1m01s | Path: GPU-cuStateVec+cpu-expect MPI-distributed (1 ranks)
Iter 0565/896 | E: -82.403112 | Δ: 1.48e-03 | M: 14601.8858 | iter=  0.18s | ETA: 1m00s | Path: GPU-cuStateVec+cpu-expect MPI-distributed (1 ranks)
[RESILIENCE] Iteration 565: Global theta state checkpointed at path checkpoints/H2O/checkpoint_iter_0565.npy. 
Iter 0566/896 | E: -82.407802 | Δ: 4.69e-03 | M: 13460.6938 | iter=  0.18s | ETA: 1m00s | Path: GPU-cuStateVec+cpu-expect MPI-distributed (1 ranks)
Iter 0567/896 | E: -82.396176 | Δ: 1.16e-02 | M: 14718.8643 | iter=  0.19s | ETA: 1m00s | Path: GPU-cuStateVec+cpu-expect MPI-distributed (1 ranks)
Iter 0568/896 | E: -82.389800 | Δ: 6.38e-03 | M: 13110.5501 | iter=  0.19s | ETA: 1m00s | Path: GPU-cuStateVec+cpu-expect MPI-distributed (1 ranks)
Iter 0569/896 | E: -82.385184 | Δ: 4.62e-03 | M: 14774.3262 | iter=  0.18s | ETA: 1m00s | Path: GPU-cuStateVec+cpu-expect MPI-distributed (1 ranks)
Iter 0570/896 | E: -82.405391 | Δ: 2.02e-02 | M: 14294.6132 | iter=  0.19s | ETA: 1m00s | Path: GPU-cuStateVec+cpu-expect MPI-distributed (1 ranks)
[RESILIENCE] Iteration 570: Global theta state checkpointed at path checkpoints/H2O/checkpoint_iter_0570.npy. 
Iter 0571/896 | E: -82.369527 | Δ: 3.59e-02 | M: 13568.8949 | iter=  0.18s | ETA: 1m00s | Path: GPU-cuStateVec+cpu-expect MPI-distributed (1 ranks)
Iter 0572/896 | E: -82.402534 | Δ: 3.30e-02 | M: 13298.5134 | iter=  0.19s | ETA: 1m00s | Path: GPU-cuStateVec+cpu-expect MPI-distributed (1 ranks)
Iter 0573/896 | E: -82.413669 | Δ: 1.11e-02 | M: 13446.9578 | iter=  0.19s | ETA: 0m59s | Path: GPU-cuStateVec+cpu-expect MPI-distributed (1 ranks)
Iter 0574/896 | E: -82.368885 | Δ: 4.48e-02 | M: 7170.4688 | iter=  0.18s | ETA: 0m59s | Path: GPU-cuStateVec+cpu-expect MPI-distributed (1 ranks)
Iter 0575/896 | E: -82.405055 | Δ: 3.62e-02 | M: 14939.8241 | iter=  0.19s | ETA: 0m59s | Path: GPU-cuStateVec+cpu-expect MPI-distributed (1 ranks)
[RESILIENCE] Iteration 575: Global theta state checkpointed at path checkpoints/H2O/checkpoint_iter_0575.npy. 
Iter 0576/896 | E: -82.389749 | Δ: 1.53e-02 | M: 14319.3410 | iter=  0.18s | ETA: 0m59s | Path: GPU-cuStateVec+cpu-expect MPI-distributed (1 ranks)
Iter 0577/896 | E: -82.372943 | Δ: 1.68e-02 | M: 14543.1848 | iter=  0.18s | ETA: 0m58s | Path: GPU-cuStateVec+cpu-expect MPI-distributed (1 ranks)
Iter 0578/896 | E: -82.404759 | Δ: 3.18e-02 | M: 14496.2979 | iter=  0.18s | ETA: 0m58s | Path: GPU-cuStateVec+cpu-expect MPI-distributed (1 ranks)
Iter 0579/896 | E: -82.377756 | Δ: 2.70e-02 | M: 14563.6593 | iter=  0.18s | ETA: 0m58s | Path: GPU-cuStateVec+cpu-expect MPI-distributed (1 ranks)
Iter 0580/896 | E: -82.394127 | Δ: 1.64e-02 | M: 14802.5577 | iter=  0.19s | ETA: 0m58s | Path: GPU-cuStateVec+cpu-expect MPI-distributed (1 ranks)
[RESILIENCE] Iteration 580: Global theta state checkpointed at path checkpoints/H2O/checkpoint_iter_0580.npy. 
Iter 0581/896 | E: -82.419260 | Δ: 2.51e-02 | M: 14393.0360 | iter=  0.19s | ETA: 0m58s | Path: GPU-cuStateVec+cpu-expect MPI-distributed (1 ranks)
Iter 0582/896 | E: -82.403791 | Δ: 1.55e-02 | M: 12622.1834 | iter=  0.19s | ETA: 0m58s | Path: GPU-cuStateVec+cpu-expect MPI-distributed (1 ranks)
Iter 0583/896 | E: -82.425005 | Δ: 2.12e-02 | M: 13990.8313 | iter=  0.19s | ETA: 0m57s | Path: GPU-cuStateVec+cpu-expect MPI-distributed (1 ranks)
Iter 0584/896 | E: -82.381453 | Δ: 4.36e-02 | M: 14051.1383 | iter=  0.19s | ETA: 0m57s | Path: GPU-cuStateVec+cpu-expect MPI-distributed (1 ranks)
Iter 0585/896 | E: -82.408838 | Δ: 2.74e-02 | M: 14400.2776 | iter=  0.19s | ETA: 0m57s | Path: GPU-cuStateVec+cpu-expect MPI-distributed (1 ranks)
[RESILIENCE] Iteration 585: Global theta state checkpointed at path checkpoints/H2O/checkpoint_iter_0585.npy. 
Iter 0586/896 | E: -82.382723 | Δ: 2.61e-02 | M: 14577.4457 | iter=  0.19s | ETA: 0m57s | Path: GPU-cuStateVec+cpu-expect MPI-distributed (1 ranks)
Iter 0587/896 | E: -82.395555 | Δ: 1.28e-02 | M: 14203.4981 | iter=  0.18s | ETA: 0m57s | Path: GPU-cuStateVec+cpu-expect MPI-distributed (1 ranks)
Iter 0588/896 | E: -82.411501 | Δ: 1.59e-02 | M: 13237.8697 | iter=  0.19s | ETA: 0m57s | Path: GPU-cuStateVec+cpu-expect MPI-distributed (1 ranks)
Iter 0589/896 | E: -82.419784 | Δ: 8.28e-03 | M: 14316.6070 | iter=  0.18s | ETA: 0m56s | Path: GPU-cuStateVec+cpu-expect MPI-distributed (1 ranks)
Iter 0590/896 | E: -82.384708 | Δ: 3.51e-02 | M: 14648.5548 | iter=  0.18s | ETA: 0m56s | Path: GPU-cuStateVec+cpu-expect MPI-distributed (1 ranks)
[RESILIENCE] Iteration 590: Global theta state checkpointed at path checkpoints/H2O/checkpoint_iter_0590.npy. 
Iter 0591/896 | E: -82.430804 | Δ: 4.61e-02 | M: 14335.8439 | iter=  0.18s | ETA: 0m56s | Path: GPU-cuStateVec+cpu-expect MPI-distributed (1 ranks)
Iter 0592/896 | E: -82.399687 | Δ: 3.11e-02 | M: 14500.5188 | iter=  0.19s | ETA: 0m56s | Path: GPU-cuStateVec+cpu-expect MPI-distributed (1 ranks)
Iter 0593/896 | E: -82.412029 | Δ: 1.23e-02 | M: 14604.5062 | iter=  0.19s | ETA: 0m55s | Path: GPU-cuStateVec+cpu-expect MPI-distributed (1 ranks)
Iter 0594/896 | E: -82.430084 | Δ: 1.81e-02 | M: 14018.8956 | iter=  0.18s | ETA: 0m55s | Path: GPU-cuStateVec+cpu-expect MPI-distributed (1 ranks)
Iter 0595/896 | E: -82.414634 | Δ: 1.54e-02 | M: 14772.4802 | iter=  0.18s | ETA: 0m55s | Path: GPU-cuStateVec+cpu-expect MPI-distributed (1 ranks)
[RESILIENCE] Iteration 595: Global theta state checkpointed at path checkpoints/H2O/checkpoint_iter_0595.npy. 
Iter 0596/896 | E: -82.417583 | Δ: 2.95e-03 | M: 14188.0222 | iter=  0.18s | ETA: 0m55s | Path: GPU-cuStateVec+cpu-expect MPI-distributed (1 ranks)
Iter 0597/896 | E: -82.389093 | Δ: 2.85e-02 | M: 13979.8453 | iter=  0.18s | ETA: 0m55s | Path: GPU-cuStateVec+cpu-expect MPI-distributed (1 ranks)
Iter 0598/896 | E: -82.411493 | Δ: 2.24e-02 | M: 14355.8420 | iter=  0.18s | ETA: 0m54s | Path: GPU-cuStateVec+cpu-expect MPI-distributed (1 ranks)
Iter 0599/896 | E: -82.425090 | Δ: 1.36e-02 | M: 12944.1269 | iter=  0.19s | ETA: 0m54s | Path: GPU-cuStateVec+cpu-expect MPI-distributed (1 ranks)
Iter 0600/896 | E: -82.394016 | Δ: 3.11e-02 | M: 13737.8695 | iter=  0.18s | ETA: 0m54s | Path: GPU-cuStateVec+cpu-expect MPI-distributed (1 ranks)
[RESILIENCE] Iteration 600: Global theta state checkpointed at path checkpoints/H2O/checkpoint_iter_0600.npy. 
Iter 0601/896 | E: -82.419352 | Δ: 2.53e-02 | M: 13680.5399 | iter=  0.18s | ETA: 0m54s | Path: GPU-cuStateVec+cpu-expect MPI-distributed (1 ranks)
Iter 0602/896 | E: -82.396062 | Δ: 2.33e-02 | M: 13843.7040 | iter=  0.18s | ETA: 0m54s | Path: GPU-cuStateVec+cpu-expect MPI-distributed (1 ranks)
Iter 0603/896 | E: -82.392370 | Δ: 3.69e-03 | M: 14553.8115 | iter=  0.18s | ETA: 0m54s | Path: GPU-cuStateVec+cpu-expect MPI-distributed (1 ranks)
Iter 0604/896 | E: -82.425322 | Δ: 3.30e-02 | M: 13971.2968 | iter=  0.19s | ETA: 0m53s | Path: GPU-cuStateVec+cpu-expect MPI-distributed (1 ranks)
Iter 0605/896 | E: -82.417362 | Δ: 7.96e-03 | M: 13863.1084 | iter=  0.19s | ETA: 0m53s | Path: GPU-cuStateVec+cpu-expect MPI-distributed (1 ranks)
[RESILIENCE] Iteration 605: Global theta state checkpointed at path checkpoints/H2O/checkpoint_iter_0605.npy. 
Iter 0606/896 | E: -82.421281 | Δ: 3.92e-03 | M: 14110.8793 | iter=  0.18s | ETA: 0m53s | Path: GPU-cuStateVec+cpu-expect MPI-distributed (1 ranks)
Iter 0607/896 | E: -82.416554 | Δ: 4.73e-03 | M: 14370.0588 | iter=  0.18s | ETA: 0m53s | Path: GPU-cuStateVec+cpu-expect MPI-distributed (1 ranks)
Iter 0608/896 | E: -82.416727 | Δ: 1.73e-04 | M: 13850.7644 | iter=  0.19s | ETA: 0m53s | Path: GPU-cuStateVec+cpu-expect MPI-distributed (1 ranks)
Iter 0609/896 | E: -82.430268 | Δ: 1.35e-02 | M: 14449.4370 | iter=  0.18s | ETA: 0m52s | Path: GPU-cuStateVec+cpu-expect MPI-distributed (1 ranks)
Iter 0610/896 | E: -82.404842 | Δ: 2.54e-02 | M: 14574.6091 | iter=  0.18s | ETA: 0m52s | Path: GPU-cuStateVec+cpu-expect MPI-distributed (1 ranks)
[RESILIENCE] Iteration 610: Global theta state checkpointed at path checkpoints/H2O/checkpoint_iter_0610.npy. 
Iter 0611/896 | E: -82.413777 | Δ: 8.94e-03 | M: 13428.7588 | iter=  0.18s | ETA: 0m52s | Path: GPU-cuStateVec+cpu-expect MPI-distributed (1 ranks)
Iter 0612/896 | E: -82.426544 | Δ: 1.28e-02 | M: 10168.8355 | iter=  0.19s | ETA: 0m52s | Path: GPU-cuStateVec+cpu-expect MPI-distributed (1 ranks)
Iter 0613/896 | E: -82.421819 | Δ: 4.72e-03 | M: 6713.7501 | iter=  0.19s | ETA: 0m52s | Path: GPU-cuStateVec+cpu-expect MPI-distributed (1 ranks)
Iter 0614/896 | E: -82.430978 | Δ: 9.16e-03 | M: 13237.7386 | iter=  0.18s | ETA: 0m52s | Path: GPU-cuStateVec+cpu-expect MPI-distributed (1 ranks)
Iter 0615/896 | E: -82.420148 | Δ: 1.08e-02 | M: 13982.7962 | iter=  0.18s | ETA: 0m51s | Path: GPU-cuStateVec+cpu-expect MPI-distributed (1 ranks)
[RESILIENCE] Iteration 615: Global theta state checkpointed at path checkpoints/H2O/checkpoint_iter_0615.npy. 
Iter 0616/896 | E: -82.460932 | Δ: 4.08e-02 | M: 13211.1851 | iter=  0.18s | ETA: 0m51s | Path: GPU-cuStateVec+cpu-expect MPI-distributed (1 ranks)
Iter 0617/896 | E: -82.451004 | Δ: 9.93e-03 | M: 6773.9569 | iter=  0.18s | ETA: 0m51s | Path: GPU-cuStateVec+cpu-expect MPI-distributed (1 ranks)
Iter 0618/896 | E: -82.412935 | Δ: 3.81e-02 | M: 14017.4270 | iter=  0.18s | ETA: 0m51s | Path: GPU-cuStateVec+cpu-expect MPI-distributed (1 ranks)
Iter 0619/896 | E: -82.433529 | Δ: 2.06e-02 | M: 14329.0858 | iter=  0.19s | ETA: 0m51s | Path: GPU-cuStateVec+cpu-expect MPI-distributed (1 ranks)
Iter 0620/896 | E: -82.435487 | Δ: 1.96e-03 | M: 13648.3515 | iter=  0.19s | ETA: 0m50s | Path: GPU-cuStateVec+cpu-expect MPI-distributed (1 ranks)
[RESILIENCE] Iteration 620: Global theta state checkpointed at path checkpoints/H2O/checkpoint_iter_0620.npy. 
Iter 0621/896 | E: -82.437754 | Δ: 2.27e-03 | M: 14159.9953 | iter=  0.18s | ETA: 0m50s | Path: GPU-cuStateVec+cpu-expect MPI-distributed (1 ranks)
Iter 0622/896 | E: -82.451526 | Δ: 1.38e-02 | M: 12399.9596 | iter=  0.19s | ETA: 0m50s | Path: GPU-cuStateVec+cpu-expect MPI-distributed (1 ranks)
Iter 0623/896 | E: -82.450014 | Δ: 1.51e-03 | M: 13683.9655 | iter=  0.18s | ETA: 0m50s | Path: GPU-cuStateVec+cpu-expect MPI-distributed (1 ranks)
Iter 0624/896 | E: -82.447336 | Δ: 2.68e-03 | M: 13525.9782 | iter=  0.19s | ETA: 0m50s | Path: GPU-cuStateVec+cpu-expect MPI-distributed (1 ranks)
Iter 0625/896 | E: -82.450483 | Δ: 3.15e-03 | M: 14012.7215 | iter=  0.18s | ETA: 0m50s | Path: GPU-cuStateVec+cpu-expect MPI-distributed (1 ranks)
[RESILIENCE] Iteration 625: Global theta state checkpointed at path checkpoints/H2O/checkpoint_iter_0625.npy. 
Iter 0626/896 | E: -82.458084 | Δ: 7.60e-03 | M: 13768.3184 | iter=  0.19s | ETA: 0m50s | Path: GPU-cuStateVec+cpu-expect MPI-distributed (1 ranks)
Iter 0627/896 | E: -82.454220 | Δ: 3.86e-03 | M: 13760.2939 | iter=  0.18s | ETA: 0m49s | Path: GPU-cuStateVec+cpu-expect MPI-distributed (1 ranks)
Iter 0628/896 | E: -82.463365 | Δ: 9.14e-03 | M: 14161.6103 | iter=  0.18s | ETA: 0m49s | Path: GPU-cuStateVec+cpu-expect MPI-distributed (1 ranks)
Iter 0629/896 | E: -82.440802 | Δ: 2.26e-02 | M: 14767.8957 | iter=  0.19s | ETA: 0m49s | Path: GPU-cuStateVec+cpu-expect MPI-distributed (1 ranks)
Iter 0630/896 | E: -82.427959 | Δ: 1.28e-02 | M: 14406.8049 | iter=  0.18s | ETA: 0m49s | Path: GPU-cuStateVec+cpu-expect MPI-distributed (1 ranks)
[RESILIENCE] Iteration 630: Global theta state checkpointed at path checkpoints/H2O/checkpoint_iter_0630.npy. 
Iter 0631/896 | E: -82.475850 | Δ: 4.79e-02 | M: 14540.6838 | iter=  0.18s | ETA: 0m48s | Path: GPU-cuStateVec+cpu-expect MPI-distributed (1 ranks)
Iter 0632/896 | E: -82.443150 | Δ: 3.27e-02 | M: 14255.1550 | iter=  0.19s | ETA: 0m48s | Path: GPU-cuStateVec+cpu-expect MPI-distributed (1 ranks)
Iter 0633/896 | E: -82.462056 | Δ: 1.89e-02 | M: 14468.0951 | iter=  0.18s | ETA: 0m48s | Path: GPU-cuStateVec+cpu-expect MPI-distributed (1 ranks)
Iter 0634/896 | E: -82.428228 | Δ: 3.38e-02 | M: 14039.9365 | iter=  0.18s | ETA: 0m48s | Path: GPU-cuStateVec+cpu-expect MPI-distributed (1 ranks)
Iter 0635/896 | E: -82.445372 | Δ: 1.71e-02 | M: 14121.8156 | iter=  0.18s | ETA: 0m48s | Path: GPU-cuStateVec+cpu-expect MPI-distributed (1 ranks)
[RESILIENCE] Iteration 635: Global theta state checkpointed at path checkpoints/H2O/checkpoint_iter_0635.npy. 
Iter 0636/896 | E: -82.431778 | Δ: 1.36e-02 | M: 14068.9854 | iter=  0.19s | ETA: 0m48s | Path: GPU-cuStateVec+cpu-expect MPI-distributed (1 ranks)
Iter 0637/896 | E: -82.468727 | Δ: 3.69e-02 | M: 12752.2659 | iter=  0.18s | ETA: 0m47s | Path: GPU-cuStateVec+cpu-expect MPI-distributed (1 ranks)
Iter 0638/896 | E: -82.483710 | Δ: 1.50e-02 | M: 13718.1354 | iter=  0.18s | ETA: 0m47s | Path: GPU-cuStateVec+cpu-expect MPI-distributed (1 ranks)
Iter 0639/896 | E: -82.437284 | Δ: 4.64e-02 | M: 14170.6415 | iter=  0.18s | ETA: 0m47s | Path: GPU-cuStateVec+cpu-expect MPI-distributed (1 ranks)
Iter 0640/896 | E: -82.439074 | Δ: 1.79e-03 | M: 14024.1263 | iter=  0.18s | ETA: 0m47s | Path: GPU-cuStateVec+cpu-expect MPI-distributed (1 ranks)
[RESILIENCE] Iteration 640: Global theta state checkpointed at path checkpoints/H2O/checkpoint_iter_0640.npy. 
Iter 0641/896 | E: -82.451734 | Δ: 1.27e-02 | M: 13870.8186 | iter=  0.18s | ETA: 0m46s | Path: GPU-cuStateVec+cpu-expect MPI-distributed (1 ranks)
Iter 0642/896 | E: -82.478831 | Δ: 2.71e-02 | M: 14228.4987 | iter=  0.19s | ETA: 0m46s | Path: GPU-cuStateVec+cpu-expect MPI-distributed (1 ranks)
Iter 0643/896 | E: -82.458792 | Δ: 2.00e-02 | M: 13083.7590 | iter=  0.18s | ETA: 0m46s | Path: GPU-cuStateVec+cpu-expect MPI-distributed (1 ranks)
Iter 0644/896 | E: -82.483199 | Δ: 2.44e-02 | M: 7139.1206 | iter=  0.18s | ETA: 0m46s | Path: GPU-cuStateVec+cpu-expect MPI-distributed (1 ranks)
Iter 0645/896 | E: -82.480486 | Δ: 2.71e-03 | M: 14493.8995 | iter=  0.19s | ETA: 0m46s | Path: GPU-cuStateVec+cpu-expect MPI-distributed (1 ranks)
[RESILIENCE] Iteration 645: Global theta state checkpointed at path checkpoints/H2O/checkpoint_iter_0645.npy. 
Iter 0646/896 | E: -82.465445 | Δ: 1.50e-02 | M: 13713.6899 | iter=  0.18s | ETA: 0m46s | Path: GPU-cuStateVec+cpu-expect MPI-distributed (1 ranks)
Iter 0647/896 | E: -82.459354 | Δ: 6.09e-03 | M: 13837.9940 | iter=  0.18s | ETA: 0m45s | Path: GPU-cuStateVec+cpu-expect MPI-distributed (1 ranks)
Iter 0648/896 | E: -82.459085 | Δ: 2.69e-04 | M: 10025.9957 | iter=  0.24s | ETA: 0m45s | Path: GPU-cuStateVec+cpu-expect MPI-distributed (1 ranks)
Iter 0649/896 | E: -82.450314 | Δ: 8.77e-03 | M: 13114.5665 | iter=  0.18s | ETA: 0m45s | Path: GPU-cuStateVec+cpu-expect MPI-distributed (1 ranks)
Iter 0650/896 | E: -82.464661 | Δ: 1.43e-02 | M: 13900.0787 | iter=  0.18s | ETA: 0m45s | Path: GPU-cuStateVec+cpu-expect MPI-distributed (1 ranks)
[RESILIENCE] Iteration 650: Global theta state checkpointed at path checkpoints/H2O/checkpoint_iter_0650.npy. 
Iter 0651/896 | E: -82.445822 | Δ: 1.88e-02 | M: 13295.7965 | iter=  0.18s | ETA: 0m45s | Path: GPU-cuStateVec+cpu-expect MPI-distributed (1 ranks)
Iter 0652/896 | E: -82.471572 | Δ: 2.57e-02 | M: 14475.6455 | iter=  0.18s | ETA: 0m45s | Path: GPU-cuStateVec+cpu-expect MPI-distributed (1 ranks)
Iter 0653/896 | E: -82.490486 | Δ: 1.89e-02 | M: 12345.1242 | iter=  0.19s | ETA: 0m44s | Path: GPU-cuStateVec+cpu-expect MPI-distributed (1 ranks)
Iter 0654/896 | E: -82.464128 | Δ: 2.64e-02 | M: 14555.4485 | iter=  0.19s | ETA: 0m44s | Path: GPU-cuStateVec+cpu-expect MPI-distributed (1 ranks)
Iter 0655/896 | E: -82.492974 | Δ: 2.88e-02 | M: 14065.6423 | iter=  0.18s | ETA: 0m44s | Path: GPU-cuStateVec+cpu-expect MPI-distributed (1 ranks)
[RESILIENCE] Iteration 655: Global theta state checkpointed at path checkpoints/H2O/checkpoint_iter_0655.npy. 
Iter 0656/896 | E: -82.464004 | Δ: 2.90e-02 | M: 14948.0368 | iter=  0.19s | ETA: 0m44s | Path: GPU-cuStateVec+cpu-expect MPI-distributed (1 ranks)
Iter 0657/896 | E: -82.495730 | Δ: 3.17e-02 | M: 14403.3429 | iter=  0.18s | ETA: 0m44s | Path: GPU-cuStateVec+cpu-expect MPI-distributed (1 ranks)
Iter 0658/896 | E: -82.475280 | Δ: 2.05e-02 | M: 14734.5086 | iter=  0.18s | ETA: 0m44s | Path: GPU-cuStateVec+cpu-expect MPI-distributed (1 ranks)
Iter 0659/896 | E: -82.505312 | Δ: 3.00e-02 | M: 14357.5571 | iter=  0.18s | ETA: 0m43s | Path: GPU-cuStateVec+cpu-expect MPI-distributed (1 ranks)
Iter 0660/896 | E: -82.459672 | Δ: 4.56e-02 | M: 14129.8970 | iter=  0.19s | ETA: 0m43s | Path: GPU-cuStateVec+cpu-expect MPI-distributed (1 ranks)
[RESILIENCE] Iteration 660: Global theta state checkpointed at path checkpoints/H2O/checkpoint_iter_0660.npy. 
Iter 0661/896 | E: -82.493047 | Δ: 3.34e-02 | M: 13930.8223 | iter=  0.18s | ETA: 0m43s | Path: GPU-cuStateVec+cpu-expect MPI-distributed (1 ranks)
Iter 0662/896 | E: -82.468245 | Δ: 2.48e-02 | M: 14217.9947 | iter=  0.18s | ETA: 0m43s | Path: GPU-cuStateVec+cpu-expect MPI-distributed (1 ranks)
Iter 0663/896 | E: -82.504369 | Δ: 3.61e-02 | M: 13292.6064 | iter=  0.18s | ETA: 0m42s | Path: GPU-cuStateVec+cpu-expect MPI-distributed (1 ranks)
Iter 0664/896 | E: -82.461077 | Δ: 4.33e-02 | M: 14044.3108 | iter=  0.18s | ETA: 0m42s | Path: GPU-cuStateVec+cpu-expect MPI-distributed (1 ranks)
Iter 0665/896 | E: -82.476348 | Δ: 1.53e-02 | M: 13862.0468 | iter=  0.18s | ETA: 0m42s | Path: GPU-cuStateVec+cpu-expect MPI-distributed (1 ranks)
[RESILIENCE] Iteration 665: Global theta state checkpointed at path checkpoints/H2O/checkpoint_iter_0665.npy. 
Iter 0666/896 | E: -82.483393 | Δ: 7.05e-03 | M: 13465.5547 | iter=  0.18s | ETA: 0m42s | Path: GPU-cuStateVec+cpu-expect MPI-distributed (1 ranks)
Iter 0667/896 | E: -82.490096 | Δ: 6.70e-03 | M: 12212.8120 | iter=  0.18s | ETA: 0m42s | Path: GPU-cuStateVec+cpu-expect MPI-distributed (1 ranks)
Iter 0668/896 | E: -82.500336 | Δ: 1.02e-02 | M: 14525.6406 | iter=  0.19s | ETA: 0m41s | Path: GPU-cuStateVec+cpu-expect MPI-distributed (1 ranks)
Iter 0669/896 | E: -82.499811 | Δ: 5.25e-04 | M: 14073.9165 | iter=  0.18s | ETA: 0m41s | Path: GPU-cuStateVec+cpu-expect MPI-distributed (1 ranks)
Iter 0670/896 | E: -82.498336 | Δ: 1.47e-03 | M: 14260.8560 | iter=  0.18s | ETA: 0m41s | Path: GPU-cuStateVec+cpu-expect MPI-distributed (1 ranks)
[RESILIENCE] Iteration 670: Global theta state checkpointed at path checkpoints/H2O/checkpoint_iter_0670.npy. 
Iter 0671/896 | E: -82.473340 | Δ: 2.50e-02 | M: 13535.9493 | iter=  0.18s | ETA: 0m41s | Path: GPU-cuStateVec+cpu-expect MPI-distributed (1 ranks)
Iter 0672/896 | E: -82.498610 | Δ: 2.53e-02 | M: 14416.2742 | iter=  0.19s | ETA: 0m41s | Path: GPU-cuStateVec+cpu-expect MPI-distributed (1 ranks)
Iter 0673/896 | E: -82.464467 | Δ: 3.41e-02 | M: 14041.5444 | iter=  0.18s | ETA: 0m41s | Path: GPU-cuStateVec+cpu-expect MPI-distributed (1 ranks)
Iter 0674/896 | E: -82.500736 | Δ: 3.63e-02 | M: 14238.0769 | iter=  0.18s | ETA: 0m40s | Path: GPU-cuStateVec+cpu-expect MPI-distributed (1 ranks)
Iter 0675/896 | E: -82.496947 | Δ: 3.79e-03 | M: 14459.2938 | iter=  0.18s | ETA: 0m40s | Path: GPU-cuStateVec+cpu-expect MPI-distributed (1 ranks)
[RESILIENCE] Iteration 675: Global theta state checkpointed at path checkpoints/H2O/checkpoint_iter_0675.npy. 
Iter 0676/896 | E: -82.474353 | Δ: 2.26e-02 | M: 14171.4844 | iter=  0.18s | ETA: 0m40s | Path: GPU-cuStateVec+cpu-expect MPI-distributed (1 ranks)
Iter 0677/896 | E: -82.506404 | Δ: 3.21e-02 | M: 14390.7513 | iter=  0.18s | ETA: 0m40s | Path: GPU-cuStateVec+cpu-expect MPI-distributed (1 ranks)
Iter 0678/896 | E: -82.514824 | Δ: 8.42e-03 | M: 13587.7622 | iter=  0.18s | ETA: 0m40s | Path: GPU-cuStateVec+cpu-expect MPI-distributed (1 ranks)
Iter 0679/896 | E: -82.516048 | Δ: 1.22e-03 | M: 14640.1173 | iter=  0.18s | ETA: 0m39s | Path: GPU-cuStateVec+cpu-expect MPI-distributed (1 ranks)
Iter 0680/896 | E: -82.477105 | Δ: 3.89e-02 | M: 14137.6064 | iter=  0.18s | ETA: 0m39s | Path: GPU-cuStateVec+cpu-expect MPI-distributed (1 ranks)
[RESILIENCE] Iteration 680: Global theta state checkpointed at path checkpoints/H2O/checkpoint_iter_0680.npy. 
Iter 0681/896 | E: -82.483504 | Δ: 6.40e-03 | M: 14353.6188 | iter=  0.18s | ETA: 0m39s | Path: GPU-cuStateVec+cpu-expect MPI-distributed (1 ranks)
Iter 0682/896 | E: -82.527066 | Δ: 4.36e-02 | M: 13579.2696 | iter=  0.18s | ETA: 0m39s | Path: GPU-cuStateVec+cpu-expect MPI-distributed (1 ranks)
Iter 0683/896 | E: -82.527243 | Δ: 1.78e-04 | M: 14641.2656 | iter=  0.19s | ETA: 0m39s | Path: GPU-cuStateVec+cpu-expect MPI-distributed (1 ranks)
Iter 0684/896 | E: -82.488703 | Δ: 3.85e-02 | M: 12947.0340 | iter=  0.19s | ETA: 0m39s | Path: GPU-cuStateVec+cpu-expect MPI-distributed (1 ranks)
Iter 0685/896 | E: -82.530360 | Δ: 4.17e-02 | M: 14089.3078 | iter=  0.19s | ETA: 0m39s | Path: GPU-cuStateVec+cpu-expect MPI-distributed (1 ranks)
[RESILIENCE] Iteration 685: Global theta state checkpointed at path checkpoints/H2O/checkpoint_iter_0685.npy. 
Iter 0686/896 | E: -82.487233 | Δ: 4.31e-02 | M: 14392.5122 | iter=  0.18s | ETA: 0m38s | Path: GPU-cuStateVec+cpu-expect MPI-distributed (1 ranks)
Iter 0687/896 | E: -82.499061 | Δ: 1.18e-02 | M: 13673.9567 | iter=  0.18s | ETA: 0m38s | Path: GPU-cuStateVec+cpu-expect MPI-distributed (1 ranks)
Iter 0688/896 | E: -82.499922 | Δ: 8.61e-04 | M: 14073.1801 | iter=  0.19s | ETA: 0m38s | Path: GPU-cuStateVec+cpu-expect MPI-distributed (1 ranks)
Iter 0689/896 | E: -82.513341 | Δ: 1.34e-02 | M: 13878.0938 | iter=  0.19s | ETA: 0m38s | Path: GPU-cuStateVec+cpu-expect MPI-distributed (1 ranks)
Iter 0690/896 | E: -82.518999 | Δ: 5.66e-03 | M: 14406.7846 | iter=  0.18s | ETA: 0m37s | Path: GPU-cuStateVec+cpu-expect MPI-distributed (1 ranks)
[RESILIENCE] Iteration 690: Global theta state checkpointed at path checkpoints/H2O/checkpoint_iter_0690.npy. 
Iter 0691/896 | E: -82.525295 | Δ: 6.30e-03 | M: 14088.4469 | iter=  0.18s | ETA: 0m37s | Path: GPU-cuStateVec+cpu-expect MPI-distributed (1 ranks)
Iter 0692/896 | E: -82.506392 | Δ: 1.89e-02 | M: 14626.9075 | iter=  0.18s | ETA: 0m37s | Path: GPU-cuStateVec+cpu-expect MPI-distributed (1 ranks)
Iter 0693/896 | E: -82.516937 | Δ: 1.05e-02 | M: 13729.7567 | iter=  0.19s | ETA: 0m37s | Path: GPU-cuStateVec+cpu-expect MPI-distributed (1 ranks)
Iter 0694/896 | E: -82.505865 | Δ: 1.11e-02 | M: 14012.5846 | iter=  0.18s | ETA: 0m37s | Path: GPU-cuStateVec+cpu-expect MPI-distributed (1 ranks)
Iter 0695/896 | E: -82.510629 | Δ: 4.76e-03 | M: 14240.1098 | iter=  0.18s | ETA: 0m36s | Path: GPU-cuStateVec+cpu-expect MPI-distributed (1 ranks)
[RESILIENCE] Iteration 695: Global theta state checkpointed at path checkpoints/H2O/checkpoint_iter_0695.npy. 
Iter 0696/896 | E: -82.498113 | Δ: 1.25e-02 | M: 14334.2947 | iter=  0.18s | ETA: 0m36s | Path: GPU-cuStateVec+cpu-expect MPI-distributed (1 ranks)
Iter 0697/896 | E: -82.523188 | Δ: 2.51e-02 | M: 14640.1880 | iter=  0.18s | ETA: 0m36s | Path: GPU-cuStateVec+cpu-expect MPI-distributed (1 ranks)
Iter 0698/896 | E: -82.508627 | Δ: 1.46e-02 | M: 12555.0021 | iter=  0.18s | ETA: 0m36s | Path: GPU-cuStateVec+cpu-expect MPI-distributed (1 ranks)
Iter 0699/896 | E: -82.510426 | Δ: 1.80e-03 | M: 13512.3510 | iter=  0.18s | ETA: 0m36s | Path: GPU-cuStateVec+cpu-expect MPI-distributed (1 ranks)
Iter 0700/896 | E: -82.511607 | Δ: 1.18e-03 | M: 13471.5516 | iter=  0.18s | ETA: 0m36s | Path: GPU-cuStateVec+cpu-expect MPI-distributed (1 ranks)
[RESILIENCE] Iteration 700: Global theta state checkpointed at path checkpoints/H2O/checkpoint_iter_0700.npy. 
Iter 0701/896 | E: -82.545726 | Δ: 3.41e-02 | M: 7272.6364 | iter=  0.18s | ETA: 0m35s | Path: GPU-cuStateVec+cpu-expect MPI-distributed (1 ranks)
Iter 0702/896 | E: -82.515814 | Δ: 2.99e-02 | M: 14111.4381 | iter=  0.18s | ETA: 0m35s | Path: GPU-cuStateVec+cpu-expect MPI-distributed (1 ranks)
Iter 0703/896 | E: -82.504737 | Δ: 1.11e-02 | M: 14828.0350 | iter=  0.18s | ETA: 0m35s | Path: GPU-cuStateVec+cpu-expect MPI-distributed (1 ranks)
Iter 0704/896 | E: -82.540287 | Δ: 3.56e-02 | M: 14286.2968 | iter=  0.18s | ETA: 0m35s | Path: GPU-cuStateVec+cpu-expect MPI-distributed (1 ranks)
Iter 0705/896 | E: -82.534137 | Δ: 6.15e-03 | M: 13274.0189 | iter=  0.18s | ETA: 0m35s | Path: GPU-cuStateVec+cpu-expect MPI-distributed (1 ranks)
[RESILIENCE] Iteration 705: Global theta state checkpointed at path checkpoints/H2O/checkpoint_iter_0705.npy. 
Iter 0706/896 | E: -82.544482 | Δ: 1.03e-02 | M: 13744.6109 | iter=  0.18s | ETA: 0m34s | Path: GPU-cuStateVec+cpu-expect MPI-distributed (1 ranks)
Iter 0707/896 | E: -82.536198 | Δ: 8.28e-03 | M: 14339.8710 | iter=  0.18s | ETA: 0m34s | Path: GPU-cuStateVec+cpu-expect MPI-distributed (1 ranks)
Iter 0708/896 | E: -82.543624 | Δ: 7.43e-03 | M: 14303.1159 | iter=  0.18s | ETA: 0m34s | Path: GPU-cuStateVec+cpu-expect MPI-distributed (1 ranks)
Iter 0709/896 | E: -82.508711 | Δ: 3.49e-02 | M: 13892.0751 | iter=  0.18s | ETA: 0m34s | Path: GPU-cuStateVec+cpu-expect MPI-distributed (1 ranks)
Iter 0710/896 | E: -82.541912 | Δ: 3.32e-02 | M: 13810.2363 | iter=  0.18s | ETA: 0m34s | Path: GPU-cuStateVec+cpu-expect MPI-distributed (1 ranks)
[RESILIENCE] Iteration 710: Global theta state checkpointed at path checkpoints/H2O/checkpoint_iter_0710.npy. 
Iter 0711/896 | E: -82.542208 | Δ: 2.96e-04 | M: 13843.9148 | iter=  0.18s | ETA: 0m34s | Path: GPU-cuStateVec+cpu-expect MPI-distributed (1 ranks)
Iter 0712/896 | E: -82.552784 | Δ: 1.06e-02 | M: 13974.1140 | iter=  0.19s | ETA: 0m33s | Path: GPU-cuStateVec+cpu-expect MPI-distributed (1 ranks)
Iter 0713/896 | E: -82.514706 | Δ: 3.81e-02 | M: 13503.1422 | iter=  0.18s | ETA: 0m33s | Path: GPU-cuStateVec+cpu-expect MPI-distributed (1 ranks)
Iter 0714/896 | E: -82.556939 | Δ: 4.22e-02 | M: 13852.9551 | iter=  0.18s | ETA: 0m33s | Path: GPU-cuStateVec+cpu-expect MPI-distributed (1 ranks)
Iter 0715/896 | E: -82.542601 | Δ: 1.43e-02 | M: 13091.7928 | iter=  0.19s | ETA: 0m33s | Path: GPU-cuStateVec+cpu-expect MPI-distributed (1 ranks)
[RESILIENCE] Iteration 715: Global theta state checkpointed at path checkpoints/H2O/checkpoint_iter_0715.npy. 
Iter 0716/896 | E: -82.534475 | Δ: 8.13e-03 | M: 13384.3537 | iter=  0.18s | ETA: 0m33s | Path: GPU-cuStateVec+cpu-expect MPI-distributed (1 ranks)
Iter 0717/896 | E: -82.537835 | Δ: 3.36e-03 | M: 13538.8393 | iter=  0.18s | ETA: 0m33s | Path: GPU-cuStateVec+cpu-expect MPI-distributed (1 ranks)
Iter 0718/896 | E: -82.513121 | Δ: 2.47e-02 | M: 13398.0422 | iter=  0.18s | ETA: 0m32s | Path: GPU-cuStateVec+cpu-expect MPI-distributed (1 ranks)
Iter 0719/896 | E: -82.553666 | Δ: 4.05e-02 | M: 14272.1974 | iter=  0.18s | ETA: 0m32s | Path: GPU-cuStateVec+cpu-expect MPI-distributed (1 ranks)
Iter 0720/896 | E: -82.553397 | Δ: 2.70e-04 | M: 14342.0760 | iter=  0.18s | ETA: 0m32s | Path: GPU-cuStateVec+cpu-expect MPI-distributed (1 ranks)
[RESILIENCE] Iteration 720: Global theta state checkpointed at path checkpoints/H2O/checkpoint_iter_0720.npy. 
Iter 0721/896 | E: -82.541201 | Δ: 1.22e-02 | M: 14070.7887 | iter=  0.18s | ETA: 0m32s | Path: GPU-cuStateVec+cpu-expect MPI-distributed (1 ranks)
Iter 0722/896 | E: -82.559746 | Δ: 1.85e-02 | M: 14243.3623 | iter=  0.18s | ETA: 0m32s | Path: GPU-cuStateVec+cpu-expect MPI-distributed (1 ranks)
Iter 0723/896 | E: -82.569373 | Δ: 9.63e-03 | M: 14567.2368 | iter=  0.18s | ETA: 0m31s | Path: GPU-cuStateVec+cpu-expect MPI-distributed (1 ranks)
Iter 0724/896 | E: -82.571087 | Δ: 1.71e-03 | M: 14545.2804 | iter=  0.18s | ETA: 0m31s | Path: GPU-cuStateVec+cpu-expect MPI-distributed (1 ranks)
Iter 0725/896 | E: -82.527824 | Δ: 4.33e-02 | M: 13397.2887 | iter=  0.18s | ETA: 0m31s | Path: GPU-cuStateVec+cpu-expect MPI-distributed (1 ranks)
[RESILIENCE] Iteration 725: Global theta state checkpointed at path checkpoints/H2O/checkpoint_iter_0725.npy. 
Iter 0726/896 | E: -82.559608 | Δ: 3.18e-02 | M: 14293.0312 | iter=  0.18s | ETA: 0m31s | Path: GPU-cuStateVec+cpu-expect MPI-distributed (1 ranks)
Iter 0727/896 | E: -82.529287 | Δ: 3.03e-02 | M: 14220.5522 | iter=  0.18s | ETA: 0m31s | Path: GPU-cuStateVec+cpu-expect MPI-distributed (1 ranks)
Iter 0728/896 | E: -82.531117 | Δ: 1.83e-03 | M: 14120.3413 | iter=  0.18s | ETA: 0m30s | Path: GPU-cuStateVec+cpu-expect MPI-distributed (1 ranks)
Iter 0729/896 | E: -82.572403 | Δ: 4.13e-02 | M: 12374.9835 | iter=  0.18s | ETA: 0m30s | Path: GPU-cuStateVec+cpu-expect MPI-distributed (1 ranks)
Iter 0730/896 | E: -82.568795 | Δ: 3.61e-03 | M: 14188.6635 | iter=  0.18s | ETA: 0m30s | Path: GPU-cuStateVec+cpu-expect MPI-distributed (1 ranks)
[RESILIENCE] Iteration 730: Global theta state checkpointed at path checkpoints/H2O/checkpoint_iter_0730.npy. 
Iter 0731/896 | E: -82.583813 | Δ: 1.50e-02 | M: 13648.9833 | iter=  0.18s | ETA: 0m30s | Path: GPU-cuStateVec+cpu-expect MPI-distributed (1 ranks)
Iter 0732/896 | E: -82.542828 | Δ: 4.10e-02 | M: 13803.6413 | iter=  0.19s | ETA: 0m30s | Path: GPU-cuStateVec+cpu-expect MPI-distributed (1 ranks)
Iter 0733/896 | E: -82.573876 | Δ: 3.10e-02 | M: 14473.1261 | iter=  0.19s | ETA: 0m30s | Path: GPU-cuStateVec+cpu-expect MPI-distributed (1 ranks)
Iter 0734/896 | E: -82.567077 | Δ: 6.80e-03 | M: 14588.6342 | iter=  0.18s | ETA: 0m29s | Path: GPU-cuStateVec+cpu-expect MPI-distributed (1 ranks)
Iter 0735/896 | E: -82.576987 | Δ: 9.91e-03 | M: 13885.2606 | iter=  0.18s | ETA: 0m29s | Path: GPU-cuStateVec+cpu-expect MPI-distributed (1 ranks)
[RESILIENCE] Iteration 735: Global theta state checkpointed at path checkpoints/H2O/checkpoint_iter_0735.npy. 
Iter 0736/896 | E: -82.576031 | Δ: 9.55e-04 | M: 14206.0121 | iter=  0.19s | ETA: 0m29s | Path: GPU-cuStateVec+cpu-expect MPI-distributed (1 ranks)
Iter 0737/896 | E: -82.555214 | Δ: 2.08e-02 | M: 13876.2022 | iter=  0.18s | ETA: 0m29s | Path: GPU-cuStateVec+cpu-expect MPI-distributed (1 ranks)
Iter 0738/896 | E: -82.581348 | Δ: 2.61e-02 | M: 12674.5402 | iter=  0.18s | ETA: 0m29s | Path: GPU-cuStateVec+cpu-expect MPI-distributed (1 ranks)
Iter 0739/896 | E: -82.580108 | Δ: 1.24e-03 | M: 13308.4131 | iter=  0.18s | ETA: 0m28s | Path: GPU-cuStateVec+cpu-expect MPI-distributed (1 ranks)
Iter 0740/896 | E: -82.578707 | Δ: 1.40e-03 | M: 13400.0395 | iter=  0.18s | ETA: 0m28s | Path: GPU-cuStateVec+cpu-expect MPI-distributed (1 ranks)
[RESILIENCE] Iteration 740: Global theta state checkpointed at path checkpoints/H2O/checkpoint_iter_0740.npy. 
Iter 0741/896 | E: -82.554810 | Δ: 2.39e-02 | M: 14484.6288 | iter=  0.18s | ETA: 0m28s | Path: GPU-cuStateVec+cpu-expect MPI-distributed (1 ranks)
Iter 0742/896 | E: -82.588161 | Δ: 3.34e-02 | M: 13689.4157 | iter=  0.18s | ETA: 0m28s | Path: GPU-cuStateVec+cpu-expect MPI-distributed (1 ranks)
Iter 0743/896 | E: -82.575640 | Δ: 1.25e-02 | M: 7341.5567 | iter=  0.18s | ETA: 0m28s | Path: GPU-cuStateVec+cpu-expect MPI-distributed (1 ranks)
Iter 0744/896 | E: -82.556803 | Δ: 1.88e-02 | M: 14765.9586 | iter=  0.18s | ETA: 0m27s | Path: GPU-cuStateVec+cpu-expect MPI-distributed (1 ranks)
Iter 0745/896 | E: -82.570424 | Δ: 1.36e-02 | M: 14318.1412 | iter=  0.18s | ETA: 0m27s | Path: GPU-cuStateVec+cpu-expect MPI-distributed (1 ranks)
[RESILIENCE] Iteration 745: Global theta state checkpointed at path checkpoints/H2O/checkpoint_iter_0745.npy. 
Iter 0746/896 | E: -82.556882 | Δ: 1.35e-02 | M: 13681.8982 | iter=  0.18s | ETA: 0m27s | Path: GPU-cuStateVec+cpu-expect MPI-distributed (1 ranks)
Iter 0747/896 | E: -82.579738 | Δ: 2.29e-02 | M: 14636.6771 | iter=  0.18s | ETA: 0m27s | Path: GPU-cuStateVec+cpu-expect MPI-distributed (1 ranks)
Iter 0748/896 | E: -82.559278 | Δ: 2.05e-02 | M: 13843.7492 | iter=  0.18s | ETA: 0m27s | Path: GPU-cuStateVec+cpu-expect MPI-distributed (1 ranks)
Iter 0749/896 | E: -82.585240 | Δ: 2.60e-02 | M: 14521.1978 | iter=  0.18s | ETA: 0m27s | Path: GPU-cuStateVec+cpu-expect MPI-distributed (1 ranks)
Iter 0750/896 | E: -82.589880 | Δ: 4.64e-03 | M: 14498.2972 | iter=  0.18s | ETA: 0m26s | Path: GPU-cuStateVec+cpu-expect MPI-distributed (1 ranks)
[RESILIENCE] Iteration 750: Global theta state checkpointed at path checkpoints/H2O/checkpoint_iter_0750.npy. 
Iter 0751/896 | E: -82.575114 | Δ: 1.48e-02 | M: 14531.0073 | iter=  0.18s | ETA: 0m26s | Path: GPU-cuStateVec+cpu-expect MPI-distributed (1 ranks)
Iter 0752/896 | E: -82.573309 | Δ: 1.80e-03 | M: 13856.0309 | iter=  0.18s | ETA: 0m26s | Path: GPU-cuStateVec+cpu-expect MPI-distributed (1 ranks)
Iter 0753/896 | E: -82.598677 | Δ: 2.54e-02 | M: 13165.4804 | iter=  0.18s | ETA: 0m26s | Path: GPU-cuStateVec+cpu-expect MPI-distributed (1 ranks)
Iter 0754/896 | E: -82.591879 | Δ: 6.80e-03 | M: 14053.0384 | iter=  0.18s | ETA: 0m26s | Path: GPU-cuStateVec+cpu-expect MPI-distributed (1 ranks)
Iter 0755/896 | E: -82.547046 | Δ: 4.48e-02 | M: 14239.5386 | iter=  0.18s | ETA: 0m26s | Path: GPU-cuStateVec+cpu-expect MPI-distributed (1 ranks)
[RESILIENCE] Iteration 755: Global theta state checkpointed at path checkpoints/H2O/checkpoint_iter_0755.npy. 
Iter 0756/896 | E: -82.581023 | Δ: 3.40e-02 | M: 13532.2745 | iter=  0.19s | ETA: 0m25s | Path: GPU-cuStateVec+cpu-expect MPI-distributed (1 ranks)
Iter 0757/896 | E: -82.585176 | Δ: 4.15e-03 | M: 13103.8617 | iter=  0.19s | ETA: 0m25s | Path: GPU-cuStateVec+cpu-expect MPI-distributed (1 ranks)
Iter 0758/896 | E: -82.565330 | Δ: 1.98e-02 | M: 14734.5853 | iter=  0.19s | ETA: 0m25s | Path: GPU-cuStateVec+cpu-expect MPI-distributed (1 ranks)
Iter 0759/896 | E: -82.591445 | Δ: 2.61e-02 | M: 13974.9317 | iter=  0.18s | ETA: 0m25s | Path: GPU-cuStateVec+cpu-expect MPI-distributed (1 ranks)
Iter 0760/896 | E: -82.603898 | Δ: 1.25e-02 | M: 14619.0788 | iter=  0.19s | ETA: 0m25s | Path: GPU-cuStateVec+cpu-expect MPI-distributed (1 ranks)
[RESILIENCE] Iteration 760: Global theta state checkpointed at path checkpoints/H2O/checkpoint_iter_0760.npy. 
Iter 0761/896 | E: -82.579538 | Δ: 2.44e-02 | M: 14384.1858 | iter=  0.18s | ETA: 0m25s | Path: GPU-cuStateVec+cpu-expect MPI-distributed (1 ranks)
Iter 0762/896 | E: -82.599189 | Δ: 1.97e-02 | M: 7448.6825 | iter=  0.19s | ETA: 0m24s | Path: GPU-cuStateVec+cpu-expect MPI-distributed (1 ranks)
Iter 0763/896 | E: -82.590578 | Δ: 8.61e-03 | M: 13550.8419 | iter=  0.18s | ETA: 0m24s | Path: GPU-cuStateVec+cpu-expect MPI-distributed (1 ranks)
Iter 0764/896 | E: -82.589703 | Δ: 8.75e-04 | M: 14325.1018 | iter=  0.18s | ETA: 0m24s | Path: GPU-cuStateVec+cpu-expect MPI-distributed (1 ranks)
Iter 0765/896 | E: -82.570514 | Δ: 1.92e-02 | M: 14050.8669 | iter=  0.18s | ETA: 0m24s | Path: GPU-cuStateVec+cpu-expect MPI-distributed (1 ranks)
[RESILIENCE] Iteration 765: Global theta state checkpointed at path checkpoints/H2O/checkpoint_iter_0765.npy. 
Iter 0766/896 | E: -82.590336 | Δ: 1.98e-02 | M: 14608.0761 | iter=  0.19s | ETA: 0m24s | Path: GPU-cuStateVec+cpu-expect MPI-distributed (1 ranks)
Iter 0767/896 | E: -82.578663 | Δ: 1.17e-02 | M: 13253.7506 | iter=  0.19s | ETA: 0m23s | Path: GPU-cuStateVec+cpu-expect MPI-distributed (1 ranks)
Iter 0768/896 | E: -82.593377 | Δ: 1.47e-02 | M: 14559.8783 | iter=  0.18s | ETA: 0m23s | Path: GPU-cuStateVec+cpu-expect MPI-distributed (1 ranks)
Iter 0769/896 | E: -82.606260 | Δ: 1.29e-02 | M: 14075.4589 | iter=  0.18s | ETA: 0m23s | Path: GPU-cuStateVec+cpu-expect MPI-distributed (1 ranks)
Iter 0770/896 | E: -82.565692 | Δ: 4.06e-02 | M: 14388.1585 | iter=  0.18s | ETA: 0m23s | Path: GPU-cuStateVec+cpu-expect MPI-distributed (1 ranks)
[RESILIENCE] Iteration 770: Global theta state checkpointed at path checkpoints/H2O/checkpoint_iter_0770.npy. 
Iter 0771/896 | E: -82.609316 | Δ: 4.36e-02 | M: 13744.0585 | iter=  0.19s | ETA: 0m23s | Path: GPU-cuStateVec+cpu-expect MPI-distributed (1 ranks)
Iter 0772/896 | E: -82.573560 | Δ: 3.58e-02 | M: 14506.8961 | iter=  0.18s | ETA: 0m22s | Path: GPU-cuStateVec+cpu-expect MPI-distributed (1 ranks)
Iter 0773/896 | E: -82.564929 | Δ: 8.63e-03 | M: 13697.9083 | iter=  0.18s | ETA: 0m22s | Path: GPU-cuStateVec+cpu-expect MPI-distributed (1 ranks)
Iter 0774/896 | E: -82.598526 | Δ: 3.36e-02 | M: 14735.9416 | iter=  0.18s | ETA: 0m22s | Path: GPU-cuStateVec+cpu-expect MPI-distributed (1 ranks)
Iter 0775/896 | E: -82.610823 | Δ: 1.23e-02 | M: 14234.3143 | iter=  0.19s | ETA: 0m22s | Path: GPU-cuStateVec+cpu-expect MPI-distributed (1 ranks)
[RESILIENCE] Iteration 775: Global theta state checkpointed at path checkpoints/H2O/checkpoint_iter_0775.npy. 
Iter 0776/896 | E: -82.585208 | Δ: 2.56e-02 | M: 7046.1726 | iter=  0.19s | ETA: 0m22s | Path: GPU-cuStateVec+cpu-expect MPI-distributed (1 ranks)
Iter 0777/896 | E: -82.596343 | Δ: 1.11e-02 | M: 14350.6697 | iter=  0.18s | ETA: 0m21s | Path: GPU-cuStateVec+cpu-expect MPI-distributed (1 ranks)
Iter 0778/896 | E: -82.592561 | Δ: 3.78e-03 | M: 13014.2443 | iter=  0.18s | ETA: 0m21s | Path: GPU-cuStateVec+cpu-expect MPI-distributed (1 ranks)
Iter 0779/896 | E: -82.606846 | Δ: 1.43e-02 | M: 13369.3058 | iter=  0.18s | ETA: 0m21s | Path: GPU-cuStateVec+cpu-expect MPI-distributed (1 ranks)
Iter 0780/896 | E: -82.599016 | Δ: 7.83e-03 | M: 14154.3316 | iter=  0.19s | ETA: 0m21s | Path: GPU-cuStateVec+cpu-expect MPI-distributed (1 ranks)
[RESILIENCE] Iteration 780: Global theta state checkpointed at path checkpoints/H2O/checkpoint_iter_0780.npy. 
Iter 0781/896 | E: -82.591862 | Δ: 7.15e-03 | M: 13481.2536 | iter=  0.18s | ETA: 0m21s | Path: GPU-cuStateVec+cpu-expect MPI-distributed (1 ranks)
Iter 0782/896 | E: -82.574081 | Δ: 1.78e-02 | M: 14140.7117 | iter=  0.19s | ETA: 0m21s | Path: GPU-cuStateVec+cpu-expect MPI-distributed (1 ranks)
Iter 0783/896 | E: -82.612668 | Δ: 3.86e-02 | M: 13907.1962 | iter=  0.18s | ETA: 0m20s | Path: GPU-cuStateVec+cpu-expect MPI-distributed (1 ranks)
Iter 0784/896 | E: -82.609986 | Δ: 2.68e-03 | M: 12213.4520 | iter=  0.18s | ETA: 0m20s | Path: GPU-cuStateVec+cpu-expect MPI-distributed (1 ranks)
Iter 0785/896 | E: -82.585811 | Δ: 2.42e-02 | M: 14625.7543 | iter=  0.18s | ETA: 0m20s | Path: GPU-cuStateVec+cpu-expect MPI-distributed (1 ranks)
[RESILIENCE] Iteration 785: Global theta state checkpointed at path checkpoints/H2O/checkpoint_iter_0785.npy. 
Iter 0786/896 | E: -82.591691 | Δ: 5.88e-03 | M: 15064.5769 | iter=  0.18s | ETA: 0m20s | Path: GPU-cuStateVec+cpu-expect MPI-distributed (1 ranks)
Iter 0787/896 | E: -82.603038 | Δ: 1.13e-02 | M: 14767.3427 | iter=  0.18s | ETA: 0m20s | Path: GPU-cuStateVec+cpu-expect MPI-distributed (1 ranks)
Iter 0788/896 | E: -82.609657 | Δ: 6.62e-03 | M: 14339.6756 | iter=  0.19s | ETA: 0m19s | Path: GPU-cuStateVec+cpu-expect MPI-distributed (1 ranks)
Iter 0789/896 | E: -82.583633 | Δ: 2.60e-02 | M: 14213.2080 | iter=  0.19s | ETA: 0m19s | Path: GPU-cuStateVec+cpu-expect MPI-distributed (1 ranks)
Iter 0790/896 | E: -82.612061 | Δ: 2.84e-02 | M: 15024.2015 | iter=  0.19s | ETA: 0m19s | Path: GPU-cuStateVec+cpu-expect MPI-distributed (1 ranks)
[RESILIENCE] Iteration 790: Global theta state checkpointed at path checkpoints/H2O/checkpoint_iter_0790.npy. 
Iter 0791/896 | E: -82.584773 | Δ: 2.73e-02 | M: 14699.8272 | iter=  0.18s | ETA: 0m19s | Path: GPU-cuStateVec+cpu-expect MPI-distributed (1 ranks)
Iter 0792/896 | E: -82.584726 | Δ: 4.73e-05 | M: 9739.3679 | iter=  0.24s | ETA: 0m19s | Path: GPU-cuStateVec+cpu-expect MPI-distributed (1 ranks)
Iter 0793/896 | E: -82.604813 | Δ: 2.01e-02 | M: 12936.5989 | iter=  0.19s | ETA: 0m19s | Path: GPU-cuStateVec+cpu-expect MPI-distributed (1 ranks)
Iter 0794/896 | E: -82.594475 | Δ: 1.03e-02 | M: 12551.4860 | iter=  0.18s | ETA: 0m18s | Path: GPU-cuStateVec+cpu-expect MPI-distributed (1 ranks)
Iter 0795/896 | E: -82.608818 | Δ: 1.43e-02 | M: 14098.9319 | iter=  0.18s | ETA: 0m18s | Path: GPU-cuStateVec+cpu-expect MPI-distributed (1 ranks)
[RESILIENCE] Iteration 795: Global theta state checkpointed at path checkpoints/H2O/checkpoint_iter_0795.npy. 
Iter 0796/896 | E: -82.621431 | Δ: 1.26e-02 | M: 12906.0975 | iter=  0.18s | ETA: 0m18s | Path: GPU-cuStateVec+cpu-expect MPI-distributed (1 ranks)
Iter 0797/896 | E: -82.594362 | Δ: 2.71e-02 | M: 13843.0007 | iter=  0.18s | ETA: 0m18s | Path: GPU-cuStateVec+cpu-expect MPI-distributed (1 ranks)
Iter 0798/896 | E: -82.598374 | Δ: 4.01e-03 | M: 13866.6935 | iter=  0.18s | ETA: 0m18s | Path: GPU-cuStateVec+cpu-expect MPI-distributed (1 ranks)
Iter 0799/896 | E: -82.600604 | Δ: 2.23e-03 | M: 7259.3927 | iter=  0.18s | ETA: 0m17s | Path: GPU-cuStateVec+cpu-expect MPI-distributed (1 ranks)
Iter 0800/896 | E: -82.619773 | Δ: 1.92e-02 | M: 12323.2906 | iter=  0.18s | ETA: 0m17s | Path: GPU-cuStateVec+cpu-expect MPI-distributed (1 ranks)
[RESILIENCE] Iteration 800: Global theta state checkpointed at path checkpoints/H2O/checkpoint_iter_0800.npy. 
Iter 0801/896 | E: -82.606917 | Δ: 1.29e-02 | M: 13442.1566 | iter=  0.19s | ETA: 0m17s | Path: GPU-cuStateVec+cpu-expect MPI-distributed (1 ranks)
Iter 0802/896 | E: -82.620964 | Δ: 1.40e-02 | M: 14434.8507 | iter=  0.19s | ETA: 0m17s | Path: GPU-cuStateVec+cpu-expect MPI-distributed (1 ranks)
Iter 0803/896 | E: -82.585603 | Δ: 3.54e-02 | M: 13269.5682 | iter=  0.18s | ETA: 0m17s | Path: GPU-cuStateVec+cpu-expect MPI-distributed (1 ranks)
Iter 0804/896 | E: -82.609506 | Δ: 2.39e-02 | M: 14225.6056 | iter=  0.18s | ETA: 0m16s | Path: GPU-cuStateVec+cpu-expect MPI-distributed (1 ranks)
Iter 0805/896 | E: -82.621177 | Δ: 1.17e-02 | M: 13590.3409 | iter=  0.18s | ETA: 0m16s | Path: GPU-cuStateVec+cpu-expect MPI-distributed (1 ranks)
[RESILIENCE] Iteration 805: Global theta state checkpointed at path checkpoints/H2O/checkpoint_iter_0805.npy. 
Iter 0806/896 | E: -82.618937 | Δ: 2.24e-03 | M: 13579.6652 | iter=  0.18s | ETA: 0m16s | Path: GPU-cuStateVec+cpu-expect MPI-distributed (1 ranks)
Iter 0807/896 | E: -82.642443 | Δ: 2.35e-02 | M: 14763.1157 | iter=  0.18s | ETA: 0m16s | Path: GPU-cuStateVec+cpu-expect MPI-distributed (1 ranks)
Iter 0808/896 | E: -82.603555 | Δ: 3.89e-02 | M: 14419.5109 | iter=  0.18s | ETA: 0m16s | Path: GPU-cuStateVec+cpu-expect MPI-distributed (1 ranks)
Iter 0809/896 | E: -82.598634 | Δ: 4.92e-03 | M: 14445.7290 | iter=  0.18s | ETA: 0m16s | Path: GPU-cuStateVec+cpu-expect MPI-distributed (1 ranks)
Iter 0810/896 | E: -82.579791 | Δ: 1.88e-02 | M: 14724.7829 | iter=  0.18s | ETA: 0m15s | Path: GPU-cuStateVec+cpu-expect MPI-distributed (1 ranks)
[RESILIENCE] Iteration 810: Global theta state checkpointed at path checkpoints/H2O/checkpoint_iter_0810.npy. 
Iter 0811/896 | E: -82.614093 | Δ: 3.43e-02 | M: 13857.4422 | iter=  0.18s | ETA: 0m15s | Path: GPU-cuStateVec+cpu-expect MPI-distributed (1 ranks)
Iter 0812/896 | E: -82.616676 | Δ: 2.58e-03 | M: 14640.2738 | iter=  0.18s | ETA: 0m15s | Path: GPU-cuStateVec+cpu-expect MPI-distributed (1 ranks)
Iter 0813/896 | E: -82.630562 | Δ: 1.39e-02 | M: 14699.1500 | iter=  0.18s | ETA: 0m15s | Path: GPU-cuStateVec+cpu-expect MPI-distributed (1 ranks)
Iter 0814/896 | E: -82.613763 | Δ: 1.68e-02 | M: 12686.1627 | iter=  0.18s | ETA: 0m15s | Path: GPU-cuStateVec+cpu-expect MPI-distributed (1 ranks)
Iter 0815/896 | E: -82.632187 | Δ: 1.84e-02 | M: 14257.2429 | iter=  0.18s | ETA: 0m14s | Path: GPU-cuStateVec+cpu-expect MPI-distributed (1 ranks)
[RESILIENCE] Iteration 815: Global theta state checkpointed at path checkpoints/H2O/checkpoint_iter_0815.npy. 
Iter 0816/896 | E: -82.605877 | Δ: 2.63e-02 | M: 14171.7493 | iter=  0.19s | ETA: 0m14s | Path: GPU-cuStateVec+cpu-expect MPI-distributed (1 ranks)
Iter 0817/896 | E: -82.616617 | Δ: 1.07e-02 | M: 14451.4663 | iter=  0.18s | ETA: 0m14s | Path: GPU-cuStateVec+cpu-expect MPI-distributed (1 ranks)
Iter 0818/896 | E: -82.638717 | Δ: 2.21e-02 | M: 13641.0568 | iter=  0.18s | ETA: 0m14s | Path: GPU-cuStateVec+cpu-expect MPI-distributed (1 ranks)
Iter 0819/896 | E: -82.603124 | Δ: 3.56e-02 | M: 13935.5581 | iter=  0.18s | ETA: 0m14s | Path: GPU-cuStateVec+cpu-expect MPI-distributed (1 ranks)
Iter 0820/896 | E: -82.600253 | Δ: 2.87e-03 | M: 14087.3074 | iter=  0.18s | ETA: 0m13s | Path: GPU-cuStateVec+cpu-expect MPI-distributed (1 ranks)
[RESILIENCE] Iteration 820: Global theta state checkpointed at path checkpoints/H2O/checkpoint_iter_0820.npy. 
Iter 0821/896 | E: -82.641009 | Δ: 4.08e-02 | M: 13115.3136 | iter=  0.18s | ETA: 0m13s | Path: GPU-cuStateVec+cpu-expect MPI-distributed (1 ranks)
Iter 0822/896 | E: -82.610316 | Δ: 3.07e-02 | M: 13869.0752 | iter=  0.18s | ETA: 0m13s | Path: GPU-cuStateVec+cpu-expect MPI-distributed (1 ranks)
Iter 0823/896 | E: -82.638502 | Δ: 2.82e-02 | M: 14305.3428 | iter=  0.18s | ETA: 0m13s | Path: GPU-cuStateVec+cpu-expect MPI-distributed (1 ranks)
Iter 0824/896 | E: -82.597455 | Δ: 4.10e-02 | M: 7240.9712 | iter=  0.18s | ETA: 0m13s | Path: GPU-cuStateVec+cpu-expect MPI-distributed (1 ranks)
Iter 0825/896 | E: -82.612276 | Δ: 1.48e-02 | M: 14227.1913 | iter=  0.18s | ETA: 0m13s | Path: GPU-cuStateVec+cpu-expect MPI-distributed (1 ranks)
[RESILIENCE] Iteration 825: Global theta state checkpointed at path checkpoints/H2O/checkpoint_iter_0825.npy. 
Iter 0826/896 | E: -82.615358 | Δ: 3.08e-03 | M: 13847.9017 | iter=  0.19s | ETA: 0m12s | Path: GPU-cuStateVec+cpu-expect MPI-distributed (1 ranks)
Iter 0827/896 | E: -82.621578 | Δ: 6.22e-03 | M: 13534.8885 | iter=  0.18s | ETA: 0m12s | Path: GPU-cuStateVec+cpu-expect MPI-distributed (1 ranks)
Iter 0828/896 | E: -82.643752 | Δ: 2.22e-02 | M: 13379.6688 | iter=  0.18s | ETA: 0m12s | Path: GPU-cuStateVec+cpu-expect MPI-distributed (1 ranks)
Iter 0829/896 | E: -82.660897 | Δ: 1.71e-02 | M: 13738.8321 | iter=  0.18s | ETA: 0m12s | Path: GPU-cuStateVec+cpu-expect MPI-distributed (1 ranks)
Iter 0830/896 | E: -82.614633 | Δ: 4.63e-02 | M: 13863.4205 | iter=  0.18s | ETA: 0m12s | Path: GPU-cuStateVec+cpu-expect MPI-distributed (1 ranks)
[RESILIENCE] Iteration 830: Global theta state checkpointed at path checkpoints/H2O/checkpoint_iter_0830.npy. 
Iter 0831/896 | E: -82.660088 | Δ: 4.55e-02 | M: 12559.3126 | iter=  0.18s | ETA: 0m11s | Path: GPU-cuStateVec+cpu-expect MPI-distributed (1 ranks)
Iter 0832/896 | E: -82.630740 | Δ: 2.93e-02 | M: 13311.0346 | iter=  0.18s | ETA: 0m11s | Path: GPU-cuStateVec+cpu-expect MPI-distributed (1 ranks)
Iter 0833/896 | E: -82.643031 | Δ: 1.23e-02 | M: 14280.6241 | iter=  0.18s | ETA: 0m11s | Path: GPU-cuStateVec+cpu-expect MPI-distributed (1 ranks)
Iter 0834/896 | E: -82.649993 | Δ: 6.96e-03 | M: 14297.2879 | iter=  0.18s | ETA: 0m11s | Path: GPU-cuStateVec+cpu-expect MPI-distributed (1 ranks)
Iter 0835/896 | E: -82.662087 | Δ: 1.21e-02 | M: 14472.6304 | iter=  0.18s | ETA: 0m11s | Path: GPU-cuStateVec+cpu-expect MPI-distributed (1 ranks)
[RESILIENCE] Iteration 835: Global theta state checkpointed at path checkpoints/H2O/checkpoint_iter_0835.npy. 
Iter 0836/896 | E: -82.620546 | Δ: 4.15e-02 | M: 14336.2333 | iter=  0.19s | ETA: 0m11s | Path: GPU-cuStateVec+cpu-expect MPI-distributed (1 ranks)
Iter 0837/896 | E: -82.650713 | Δ: 3.02e-02 | M: 13971.7446 | iter=  0.18s | ETA: 0m10s | Path: GPU-cuStateVec+cpu-expect MPI-distributed (1 ranks)
Iter 0838/896 | E: -82.665059 | Δ: 1.43e-02 | M: 14526.8650 | iter=  0.18s | ETA: 0m10s | Path: GPU-cuStateVec+cpu-expect MPI-distributed (1 ranks)
Iter 0839/896 | E: -82.634822 | Δ: 3.02e-02 | M: 14800.8510 | iter=  0.18s | ETA: 0m10s | Path: GPU-cuStateVec+cpu-expect MPI-distributed (1 ranks)
Iter 0840/896 | E: -82.666770 | Δ: 3.19e-02 | M: 14309.9638 | iter=  0.19s | ETA: 0m10s | Path: GPU-cuStateVec+cpu-expect MPI-distributed (1 ranks)
[RESILIENCE] Iteration 840: Global theta state checkpointed at path checkpoints/H2O/checkpoint_iter_0840.npy. 
Iter 0841/896 | E: -82.640295 | Δ: 2.65e-02 | M: 14486.1012 | iter=  0.18s | ETA: 0m10s | Path: GPU-cuStateVec+cpu-expect MPI-distributed (1 ranks)
Iter 0842/896 | E: -82.625120 | Δ: 1.52e-02 | M: 14495.6688 | iter=  0.18s | ETA: 0m09s | Path: GPU-cuStateVec+cpu-expect MPI-distributed (1 ranks)
Iter 0843/896 | E: -82.645646 | Δ: 2.05e-02 | M: 14157.9005 | iter=  0.18s | ETA: 0m09s | Path: GPU-cuStateVec+cpu-expect MPI-distributed (1 ranks)
Iter 0844/896 | E: -82.670752 | Δ: 2.51e-02 | M: 14265.4109 | iter=  0.19s | ETA: 0m09s | Path: GPU-cuStateVec+cpu-expect MPI-distributed (1 ranks)
Iter 0845/896 | E: -82.660698 | Δ: 1.01e-02 | M: 12762.6833 | iter=  0.18s | ETA: 0m09s | Path: GPU-cuStateVec+cpu-expect MPI-distributed (1 ranks)
[RESILIENCE] Iteration 845: Global theta state checkpointed at path checkpoints/H2O/checkpoint_iter_0845.npy. 
Iter 0846/896 | E: -82.634339 | Δ: 2.64e-02 | M: 15017.9201 | iter=  0.18s | ETA: 0m09s | Path: GPU-cuStateVec+cpu-expect MPI-distributed (1 ranks)
Iter 0847/896 | E: -82.632725 | Δ: 1.61e-03 | M: 14169.8127 | iter=  0.18s | ETA: 0m09s | Path: GPU-cuStateVec+cpu-expect MPI-distributed (1 ranks)
Iter 0848/896 | E: -82.660835 | Δ: 2.81e-02 | M: 13683.0945 | iter=  0.18s | ETA: 0m08s | Path: GPU-cuStateVec+cpu-expect MPI-distributed (1 ranks)
Iter 0849/896 | E: -82.634605 | Δ: 2.62e-02 | M: 14014.7693 | iter=  0.18s | ETA: 0m08s | Path: GPU-cuStateVec+cpu-expect MPI-distributed (1 ranks)
Iter 0850/896 | E: -82.626348 | Δ: 8.26e-03 | M: 14118.4849 | iter=  0.18s | ETA: 0m08s | Path: GPU-cuStateVec+cpu-expect MPI-distributed (1 ranks)
[RESILIENCE] Iteration 850: Global theta state checkpointed at path checkpoints/H2O/checkpoint_iter_0850.npy. 
Iter 0851/896 | E: -82.660649 | Δ: 3.43e-02 | M: 14530.6573 | iter=  0.18s | ETA: 0m08s | Path: GPU-cuStateVec+cpu-expect MPI-distributed (1 ranks)
Iter 0852/896 | E: -82.650050 | Δ: 1.06e-02 | M: 14124.3245 | iter=  0.18s | ETA: 0m08s | Path: GPU-cuStateVec+cpu-expect MPI-distributed (1 ranks)
Iter 0853/896 | E: -82.635624 | Δ: 1.44e-02 | M: 13487.9089 | iter=  0.18s | ETA: 0m07s | Path: GPU-cuStateVec+cpu-expect MPI-distributed (1 ranks)
Iter 0854/896 | E: -82.615683 | Δ: 1.99e-02 | M: 12171.9516 | iter=  0.18s | ETA: 0m07s | Path: GPU-cuStateVec+cpu-expect MPI-distributed (1 ranks)
Iter 0855/896 | E: -82.657899 | Δ: 4.22e-02 | M: 13773.3041 | iter=  0.18s | ETA: 0m07s | Path: GPU-cuStateVec+cpu-expect MPI-distributed (1 ranks)
[RESILIENCE] Iteration 855: Global theta state checkpointed at path checkpoints/H2O/checkpoint_iter_0855.npy. 
Iter 0856/896 | E: -82.648451 | Δ: 9.45e-03 | M: 12416.4137 | iter=  0.18s | ETA: 0m07s | Path: GPU-cuStateVec+cpu-expect MPI-distributed (1 ranks)
Iter 0857/896 | E: -82.670807 | Δ: 2.24e-02 | M: 14444.3965 | iter=  0.18s | ETA: 0m07s | Path: GPU-cuStateVec+cpu-expect MPI-distributed (1 ranks)
Iter 0858/896 | E: -82.634161 | Δ: 3.66e-02 | M: 14126.4125 | iter=  0.18s | ETA: 0m06s | Path: GPU-cuStateVec+cpu-expect MPI-distributed (1 ranks)
Iter 0859/896 | E: -82.647004 | Δ: 1.28e-02 | M: 14220.1699 | iter=  0.18s | ETA: 0m06s | Path: GPU-cuStateVec+cpu-expect MPI-distributed (1 ranks)
Iter 0860/896 | E: -82.643506 | Δ: 3.50e-03 | M: 14112.0638 | iter=  0.18s | ETA: 0m06s | Path: GPU-cuStateVec+cpu-expect MPI-distributed (1 ranks)
[RESILIENCE] Iteration 860: Global theta state checkpointed at path checkpoints/H2O/checkpoint_iter_0860.npy. 
Iter 0861/896 | E: -82.646775 | Δ: 3.27e-03 | M: 13983.6016 | iter=  0.18s | ETA: 0m06s | Path: GPU-cuStateVec+cpu-expect MPI-distributed (1 ranks)
Iter 0862/896 | E: -82.626978 | Δ: 1.98e-02 | M: 14315.5411 | iter=  0.18s | ETA: 0m06s | Path: GPU-cuStateVec+cpu-expect MPI-distributed (1 ranks)
Iter 0863/896 | E: -82.684608 | Δ: 5.76e-02 | M: 14074.4970 | iter=  0.18s | ETA: 0m06s | Path: GPU-cuStateVec+cpu-expect MPI-distributed (1 ranks)
Iter 0864/896 | E: -82.641600 | Δ: 4.30e-02 | M: 14298.3278 | iter=  0.19s | ETA: 0m05s | Path: GPU-cuStateVec+cpu-expect MPI-distributed (1 ranks)
Iter 0865/896 | E: -82.660204 | Δ: 1.86e-02 | M: 13992.2291 | iter=  0.18s | ETA: 0m05s | Path: GPU-cuStateVec+cpu-expect MPI-distributed (1 ranks)
[RESILIENCE] Iteration 865: Global theta state checkpointed at path checkpoints/H2O/checkpoint_iter_0865.npy. 
Iter 0866/896 | E: -82.651466 | Δ: 8.74e-03 | M: 14030.0632 | iter=  0.18s | ETA: 0m05s | Path: GPU-cuStateVec+cpu-expect MPI-distributed (1 ranks)
Iter 0867/896 | E: -82.634579 | Δ: 1.69e-02 | M: 13577.6080 | iter=  0.18s | ETA: 0m05s | Path: GPU-cuStateVec+cpu-expect MPI-distributed (1 ranks)
Iter 0868/896 | E: -82.650218 | Δ: 1.56e-02 | M: 14220.1881 | iter=  0.18s | ETA: 0m05s | Path: GPU-cuStateVec+cpu-expect MPI-distributed (1 ranks)
Iter 0869/896 | E: -82.657005 | Δ: 6.79e-03 | M: 11917.7502 | iter=  0.18s | ETA: 0m04s | Path: GPU-cuStateVec+cpu-expect MPI-distributed (1 ranks)
Iter 0870/896 | E: -82.650674 | Δ: 6.33e-03 | M: 12753.4702 | iter=  0.18s | ETA: 0m04s | Path: GPU-cuStateVec+cpu-expect MPI-distributed (1 ranks)
[RESILIENCE] Iteration 870: Global theta state checkpointed at path checkpoints/H2O/checkpoint_iter_0870.npy. 
Iter 0871/896 | E: -82.669190 | Δ: 1.85e-02 | M: 13670.7079 | iter=  0.18s | ETA: 0m04s | Path: GPU-cuStateVec+cpu-expect MPI-distributed (1 ranks)
Iter 0872/896 | E: -82.670307 | Δ: 1.12e-03 | M: 14046.3787 | iter=  0.18s | ETA: 0m04s | Path: GPU-cuStateVec+cpu-expect MPI-distributed (1 ranks)
Iter 0873/896 | E: -82.647457 | Δ: 2.29e-02 | M: 13917.3612 | iter=  0.18s | ETA: 0m04s | Path: GPU-cuStateVec+cpu-expect MPI-distributed (1 ranks)
Iter 0874/896 | E: -82.670967 | Δ: 2.35e-02 | M: 14570.8544 | iter=  0.18s | ETA: 0m04s | Path: GPU-cuStateVec+cpu-expect MPI-distributed (1 ranks)
Iter 0875/896 | E: -82.676625 | Δ: 5.66e-03 | M: 7307.3161 | iter=  0.18s | ETA: 0m03s | Path: GPU-cuStateVec+cpu-expect MPI-distributed (1 ranks)
[RESILIENCE] Iteration 875: Global theta state checkpointed at path checkpoints/H2O/checkpoint_iter_0875.npy. 
Iter 0876/896 | E: -82.678831 | Δ: 2.21e-03 | M: 13392.6256 | iter=  0.18s | ETA: 0m03s | Path: GPU-cuStateVec+cpu-expect MPI-distributed (1 ranks)
Iter 0877/896 | E: -82.649935 | Δ: 2.89e-02 | M: 14732.9241 | iter=  0.18s | ETA: 0m03s | Path: GPU-cuStateVec+cpu-expect MPI-distributed (1 ranks)
Iter 0878/896 | E: -82.640351 | Δ: 9.58e-03 | M: 14489.6743 | iter=  0.18s | ETA: 0m03s | Path: GPU-cuStateVec+cpu-expect MPI-distributed (1 ranks)
Iter 0879/896 | E: -82.676181 | Δ: 3.58e-02 | M: 13140.8990 | iter=  0.18s | ETA: 0m03s | Path: GPU-cuStateVec+cpu-expect MPI-distributed (1 ranks)
Iter 0880/896 | E: -82.680791 | Δ: 4.61e-03 | M: 14107.4072 | iter=  0.19s | ETA: 0m02s | Path: GPU-cuStateVec+cpu-expect MPI-distributed (1 ranks)
[RESILIENCE] Iteration 880: Global theta state checkpointed at path checkpoints/H2O/checkpoint_iter_0880.npy. 
Iter 0881/896 | E: -82.650712 | Δ: 3.01e-02 | M: 14096.5786 | iter=  0.18s | ETA: 0m02s | Path: GPU-cuStateVec+cpu-expect MPI-distributed (1 ranks)
Iter 0882/896 | E: -82.676005 | Δ: 2.53e-02 | M: 14324.6373 | iter=  0.18s | ETA: 0m02s | Path: GPU-cuStateVec+cpu-expect MPI-distributed (1 ranks)
Iter 0883/896 | E: -82.672171 | Δ: 3.83e-03 | M: 13776.7756 | iter=  0.18s | ETA: 0m02s | Path: GPU-cuStateVec+cpu-expect MPI-distributed (1 ranks)
Iter 0884/896 | E: -82.646401 | Δ: 2.58e-02 | M: 14197.2281 | iter=  0.18s | ETA: 0m02s | Path: GPU-cuStateVec+cpu-expect MPI-distributed (1 ranks)
Iter 0885/896 | E: -82.678284 | Δ: 3.19e-02 | M: 12067.8716 | iter=  0.18s | ETA: 0m02s | Path: GPU-cuStateVec+cpu-expect MPI-distributed (1 ranks)
[RESILIENCE] Iteration 885: Global theta state checkpointed at path checkpoints/H2O/checkpoint_iter_0885.npy. 
Iter 0886/896 | E: -82.650030 | Δ: 2.83e-02 | M: 14208.2070 | iter=  0.18s | ETA: 0m01s | Path: GPU-cuStateVec+cpu-expect MPI-distributed (1 ranks)
Iter 0887/896 | E: -82.680481 | Δ: 3.05e-02 | M: 14621.9985 | iter=  0.18s | ETA: 0m01s | Path: GPU-cuStateVec+cpu-expect MPI-distributed (1 ranks)
Iter 0888/896 | E: -82.646250 | Δ: 3.42e-02 | M: 14618.3392 | iter=  0.19s | ETA: 0m01s | Path: GPU-cuStateVec+cpu-expect MPI-distributed (1 ranks)
Iter 0889/896 | E: -82.668529 | Δ: 2.23e-02 | M: 10589.8096 | iter=  0.24s | ETA: 0m01s | Path: GPU-cuStateVec+cpu-expect MPI-distributed (1 ranks)
Iter 0890/896 | E: -82.654422 | Δ: 1.41e-02 | M: 6899.3114 | iter=  0.18s | ETA: 0m01s | Path: GPU-cuStateVec+cpu-expect MPI-distributed (1 ranks)
[RESILIENCE] Iteration 890: Global theta state checkpointed at path checkpoints/H2O/checkpoint_iter_0890.npy. 
Iter 0891/896 | E: -82.672878 | Δ: 1.85e-02 | M: 13254.5128 | iter=  0.18s | ETA: 0m00s | Path: GPU-cuStateVec+cpu-expect MPI-distributed (1 ranks)
Iter 0892/896 | E: -82.690826 | Δ: 1.79e-02 | M: 13875.1185 | iter=  0.18s | ETA: 0m00s | Path: GPU-cuStateVec+cpu-expect MPI-distributed (1 ranks)
Iter 0893/896 | E: -82.647392 | Δ: 4.34e-02 | M: 14142.6238 | iter=  0.18s | ETA: 0m00s | Path: GPU-cuStateVec+cpu-expect MPI-distributed (1 ranks)
Iter 0894/896 | E: -82.665641 | Δ: 1.82e-02 | M: 14366.3237 | iter=  0.18s | ETA: 0m00s | Path: GPU-cuStateVec+cpu-expect MPI-distributed (1 ranks)
Iter 0895/896 | E: -82.662223 | Δ: 3.42e-03 | M: 12408.8052 | iter=  0.18s | ETA: 0m00s | Path: GPU-cuStateVec+cpu-expect MPI-distributed (1 ranks)
[RESILIENCE] Iteration 895: Global theta state checkpointed at path checkpoints/H2O/checkpoint_iter_0895.npy. 
Iter 0896/896 | E: -82.680151 | Δ: 1.79e-02 | M: 14092.5765 | iter=  0.18s | ETA: 0m00s | Path: GPU-cuStateVec+cpu-expect MPI-distributed (1 ranks)
[VQE] Best physical energy: -74.792123 Ha (error: 0.2203 Ha) at iter 37
[VQE] Final energy -82.680151 is below FCI - reporting best physical result

[H2O] Ansatz tier:hwe_adaptive
[H2O] Corr score: 0.502 
[H2O] Best physical energy: -74.792123 Ha 
[H2O] Reference FCI : -75.012437 Ha 
[H2O] Absolute error: +0.2203 Ha 
[H2O] Iterations run: 896 (best at iter 37)
[H2O] Wall time: 165.87s (includes QPU queue + RTT) 
[H2O] Time/iter: 0.19 s 
[H2O] Source: registry 
[H2O] Active electrons: 8 
[H2O] Estimated qubits: 12 
[H2O] Note: Frozen 2 core electrons. Active space: 8 electrons, 12 qubits 


--- RUNNING CHEMISTRY TASK NH3 ---
[Resolver] 'NH3' found in local registry 
[Chemistry:NH3] [+   0.0s] driver.run() -- PySCF electronic structure
[Chemistry:NH3] [+   0.1s] second_q_op() + JW mapping
[Chemistry:NH3] [+   6.2s] Hamiltonian: 3057 Pauli terms, 16 qubits
[Chemistry:NH3] [+   6.2s] FCI ground-truth via PySCF
[Chemistry:NH3] [+   6.3s] build_ansatz(tier=hwe_adaptive, reps=2) -- this is the slow one at high n
[Chemistry:NH3] [+   6.3s] QASM3 serialization (128 params, 488 gates)
[Chemistry:NH3] [+   6.3s] prepare() complete
[Chemistry:NH3] 3057 Pauli terms, 16 qubits, 128 params, reps=2. FCI reference: -55.5183 Ha 
[Ansatz] HWE (adaptive) (auto) | corr_score=0.501 | off_diag_ratio=0.005
[Reason] score=0.501 in [0.25, 0.55). Moderate correlation (off_diag_ratio=0.005, zz_frac=0.994). Adaptive HWE with full entanglement recommended.
[Stack] Precision: fp64 for 16-qubit problem (GPU fits up to ~30 qubits at this precision)
Iter 0001/1024 | E: -3.037263 | Δ: inf | M: 56111.7171 | iter=  1.23s | ETA: 21m00s | Path: GPU-cuStateVec+cpu-expect MPI-distributed (1 ranks)
Iter 0002/1024 | E: -3.171150 | Δ: 1.34e-01 | M: 64566.1859 | iter=  1.23s | ETA: 20m58s | Path: GPU-cuStateVec+cpu-expect MPI-distributed (1 ranks)
Iter 0003/1024 | E: -5.230602 | Δ: 2.06e+00 | M: 65110.4113 | iter=  1.23s | ETA: 20m57s | Path: GPU-cuStateVec+cpu-expect MPI-distributed (1 ranks)
Iter 0004/1024 | E: -6.712289 | Δ: 1.48e+00 | M: 49874.0173 | iter=  1.23s | ETA: 20m56s | Path: GPU-cuStateVec+cpu-expect MPI-distributed (1 ranks)
Iter 0005/1024 | E: -7.017390 | Δ: 3.05e-01 | M: 49638.2179 | iter=  1.23s | ETA: 20m55s | Path: GPU-cuStateVec+cpu-expect MPI-distributed (1 ranks)
[RESILIENCE] Iteration 5: Global theta state checkpointed at path checkpoints/NH3/checkpoint_iter_0005.npy. 
Iter 0006/1024 | E: -8.497328 | Δ: 1.48e+00 | M: 50408.8143 | iter=  1.23s | ETA: 20m54s | Path: GPU-cuStateVec+cpu-expect MPI-distributed (1 ranks)
Iter 0007/1024 | E: -8.335881 | Δ: 1.61e-01 | M: 48034.9322 | iter=  1.29s | ETA: 20m54s | Path: GPU-cuStateVec+cpu-expect MPI-distributed (1 ranks)
Iter 0008/1024 | E: -9.529191 | Δ: 1.19e+00 | M: 49372.3739 | iter=  1.23s | ETA: 20m53s | Path: GPU-cuStateVec+cpu-expect MPI-distributed (1 ranks)
Iter 0009/1024 | E: -12.815928 | Δ: 3.29e+00 | M: 50903.3310 | iter=  1.23s | ETA: 20m46s | Path: GPU-cuStateVec+cpu-expect MPI-distributed (1 ranks)
Iter 0010/1024 | E: -14.727288 | Δ: 1.91e+00 | M: 52152.1085 | iter=  1.23s | ETA: 20m44s | Path: GPU-cuStateVec+cpu-expect MPI-distributed (1 ranks)
[RESILIENCE] Iteration 10: Global theta state checkpointed at path checkpoints/NH3/checkpoint_iter_0010.npy. 
Iter 0011/1024 | E: -15.769840 | Δ: 1.04e+00 | M: 52445.1832 | iter=  1.23s | ETA: 20m43s | Path: GPU-cuStateVec+cpu-expect MPI-distributed (1 ranks)
Iter 0012/1024 | E: -16.483662 | Δ: 7.14e-01 | M: 52465.6096 | iter=  1.23s | ETA: 20m42s | Path: GPU-cuStateVec+cpu-expect MPI-distributed (1 ranks)
Iter 0013/1024 | E: -19.880440 | Δ: 3.40e+00 | M: 52309.2973 | iter=  1.23s | ETA: 20m42s | Path: GPU-cuStateVec+cpu-expect MPI-distributed (1 ranks)
Iter 0014/1024 | E: -23.381530 | Δ: 3.50e+00 | M: 53287.1886 | iter=  1.23s | ETA: 20m41s | Path: GPU-cuStateVec+cpu-expect MPI-distributed (1 ranks)
Iter 0015/1024 | E: -23.599274 | Δ: 2.18e-01 | M: 43934.1808 | iter=  1.23s | ETA: 20m40s | Path: GPU-cuStateVec+cpu-expect MPI-distributed (1 ranks)
[RESILIENCE] Iteration 15: Global theta state checkpointed at path checkpoints/NH3/checkpoint_iter_0015.npy. 
Iter 0016/1024 | E: -32.981401 | Δ: 9.38e+00 | M: 44967.1203 | iter=  1.23s | ETA: 20m39s | Path: GPU-cuStateVec+cpu-expect MPI-distributed (1 ranks)
Iter 0017/1024 | E: -32.936018 | Δ: 4.54e-02 | M: 45485.8500 | iter=  1.23s | ETA: 20m37s | Path: GPU-cuStateVec+cpu-expect MPI-distributed (1 ranks)
Iter 0018/1024 | E: -35.139081 | Δ: 2.20e+00 | M: 50233.7559 | iter=  1.23s | ETA: 20m36s | Path: GPU-cuStateVec+cpu-expect MPI-distributed (1 ranks)
Iter 0019/1024 | E: -43.814022 | Δ: 8.67e+00 | M: 50973.5001 | iter=  1.23s | ETA: 20m36s | Path: GPU-cuStateVec+cpu-expect MPI-distributed (1 ranks)
Iter 0020/1024 | E: -44.851626 | Δ: 1.04e+00 | M: 49933.4846 | iter=  1.23s | ETA: 20m35s | Path: GPU-cuStateVec+cpu-expect MPI-distributed (1 ranks)
[RESILIENCE] Iteration 20: Global theta state checkpointed at path checkpoints/NH3/checkpoint_iter_0020.npy. 
Iter 0021/1024 | E: -44.855853 | Δ: 4.23e-03 | M: 52530.3875 | iter=  1.23s | ETA: 20m34s | Path: GPU-cuStateVec+cpu-expect MPI-distributed (1 ranks)
Iter 0022/1024 | E: -44.941086 | Δ: 8.52e-02 | M: 57777.8716 | iter=  1.23s | ETA: 20m32s | Path: GPU-cuStateVec+cpu-expect MPI-distributed (1 ranks)
Iter 0023/1024 | E: -45.182999 | Δ: 2.42e-01 | M: 49302.1324 | iter=  1.24s | ETA: 20m32s | Path: GPU-cuStateVec+cpu-expect MPI-distributed (1 ranks)
Iter 0024/1024 | E: -46.997825 | Δ: 1.81e+00 | M: 56639.6977 | iter=  1.23s | ETA: 20m33s | Path: GPU-cuStateVec+cpu-expect MPI-distributed (1 ranks)
Iter 0025/1024 | E: -47.111691 | Δ: 1.14e-01 | M: 33207.9711 | iter=  1.23s | ETA: 20m33s | Path: GPU-cuStateVec+cpu-expect MPI-distributed (1 ranks)
[RESILIENCE] Iteration 25: Global theta state checkpointed at path checkpoints/NH3/checkpoint_iter_0025.npy. 
Iter 0026/1024 | E: -47.434227 | Δ: 3.23e-01 | M: 51161.8438 | iter=  1.23s | ETA: 20m32s | Path: GPU-cuStateVec+cpu-expect MPI-distributed (1 ranks)
Iter 0027/1024 | E: -47.839575 | Δ: 4.05e-01 | M: 46877.6662 | iter=  1.29s | ETA: 20m30s | Path: GPU-cuStateVec+cpu-expect MPI-distributed (1 ranks)
Iter 0028/1024 | E: -47.773377 | Δ: 6.62e-02 | M: 45100.2351 | iter=  1.24s | ETA: 20m29s | Path: GPU-cuStateVec+cpu-expect MPI-distributed (1 ranks)
Iter 0029/1024 | E: -48.433842 | Δ: 6.60e-01 | M: 47169.2281 | iter=  1.24s | ETA: 20m29s | Path: GPU-cuStateVec+cpu-expect MPI-distributed (1 ranks)
Iter 0030/1024 | E: -48.841262 | Δ: 4.07e-01 | M: 47267.2489 | iter=  1.24s | ETA: 20m28s | Path: GPU-cuStateVec+cpu-expect MPI-distributed (1 ranks)
[RESILIENCE] Iteration 30: Global theta state checkpointed at path checkpoints/NH3/checkpoint_iter_0030.npy. 
Iter 0031/1024 | E: -48.807346 | Δ: 3.39e-02 | M: 47635.6356 | iter=  1.24s | ETA: 20m28s | Path: GPU-cuStateVec+cpu-expect MPI-distributed (1 ranks)
Iter 0032/1024 | E: -49.950781 | Δ: 1.14e+00 | M: 49431.8752 | iter=  1.24s | ETA: 20m27s | Path: GPU-cuStateVec+cpu-expect MPI-distributed (1 ranks)
Iter 0033/1024 | E: -50.018396 | Δ: 6.76e-02 | M: 50336.4102 | iter=  1.24s | ETA: 20m26s | Path: GPU-cuStateVec+cpu-expect MPI-distributed (1 ranks)
Iter 0034/1024 | E: -51.336295 | Δ: 1.32e+00 | M: 47539.3401 | iter=  1.24s | ETA: 20m27s | Path: GPU-cuStateVec+cpu-expect MPI-distributed (1 ranks)
Iter 0035/1024 | E: -51.977893 | Δ: 6.42e-01 | M: 47841.6623 | iter=  1.24s | ETA: 20m28s | Path: GPU-cuStateVec+cpu-expect MPI-distributed (1 ranks)
[RESILIENCE] Iteration 35: Global theta state checkpointed at path checkpoints/NH3/checkpoint_iter_0035.npy. 
Iter 0036/1024 | E: -52.485811 | Δ: 5.08e-01 | M: 44708.1203 | iter=  1.24s | ETA: 20m27s | Path: GPU-cuStateVec+cpu-expect MPI-distributed (1 ranks)
Iter 0037/1024 | E: -52.540376 | Δ: 5.46e-02 | M: 47059.9716 | iter=  1.23s | ETA: 20m25s | Path: GPU-cuStateVec+cpu-expect MPI-distributed (1 ranks)
Iter 0038/1024 | E: -52.930858 | Δ: 3.90e-01 | M: 50466.6135 | iter=  1.24s | ETA: 20m24s | Path: GPU-cuStateVec+cpu-expect MPI-distributed (1 ranks)
Iter 0039/1024 | E: -52.935638 | Δ: 4.78e-03 | M: 50859.7089 | iter=  1.23s | ETA: 20m17s | Path: GPU-cuStateVec+cpu-expect MPI-distributed (1 ranks)
Iter 0040/1024 | E: -53.337496 | Δ: 4.02e-01 | M: 48351.8242 | iter=  1.23s | ETA: 20m13s | Path: GPU-cuStateVec+cpu-expect MPI-distributed (1 ranks)
[RESILIENCE] Iteration 40: Global theta state checkpointed at path checkpoints/NH3/checkpoint_iter_0040.npy. 
Iter 0041/1024 | E: -53.402349 | Δ: 6.49e-02 | M: 47932.7824 | iter=  1.23s | ETA: 20m12s | Path: GPU-cuStateVec+cpu-expect MPI-distributed (1 ranks)
Iter 0042/1024 | E: -53.518629 | Δ: 1.16e-01 | M: 50557.7630 | iter=  1.23s | ETA: 20m11s | Path: GPU-cuStateVec+cpu-expect MPI-distributed (1 ranks)
Iter 0043/1024 | E: -53.571709 | Δ: 5.31e-02 | M: 48628.2585 | iter=  1.23s | ETA: 20m06s | Path: GPU-cuStateVec+cpu-expect MPI-distributed (1 ranks)
Iter 0044/1024 | E: -53.699638 | Δ: 1.28e-01 | M: 46469.4149 | iter=  1.23s | ETA: 20m05s | Path: GPU-cuStateVec+cpu-expect MPI-distributed (1 ranks)
Iter 0045/1024 | E: -53.798421 | Δ: 9.88e-02 | M: 50876.4319 | iter=  1.23s | ETA: 20m04s | Path: GPU-cuStateVec+cpu-expect MPI-distributed (1 ranks)
[RESILIENCE] Iteration 45: Global theta state checkpointed at path checkpoints/NH3/checkpoint_iter_0045.npy. 
Iter 0046/1024 | E: -54.135855 | Δ: 3.37e-01 | M: 49644.8786 | iter=  1.23s | ETA: 20m02s | Path: GPU-cuStateVec+cpu-expect MPI-distributed (1 ranks)
Iter 0047/1024 | E: -54.540989 | Δ: 4.05e-01 | M: 50474.8674 | iter=  1.24s | ETA: 20m06s | Path: GPU-cuStateVec+cpu-expect MPI-distributed (1 ranks)
Iter 0048/1024 | E: -54.954394 | Δ: 4.13e-01 | M: 53596.4882 | iter=  1.23s | ETA: 20m04s | Path: GPU-cuStateVec+cpu-expect MPI-distributed (1 ranks)
Iter 0049/1024 | E: -54.967258 | Δ: 1.29e-02 | M: 54444.5669 | iter=  1.23s | ETA: 19m58s | Path: GPU-cuStateVec+cpu-expect MPI-distributed (1 ranks)
NOTE: Energy -56.2203 crossed below FCI -55.5183 at iter 50 - HWE ansatz leaving physical sector (expected limitation)
Iter 0050/1024 | E: -56.220287 | Δ: 1.25e+00 | M: 49093.1655 | iter=  1.25s | ETA: 20m02s | Path: GPU-cuStateVec+cpu-expect MPI-distributed (1 ranks)
[RESILIENCE] Iteration 50: Global theta state checkpointed at path checkpoints/NH3/checkpoint_iter_0050.npy. 
Iter 0051/1024 | E: -56.283425 | Δ: 6.31e-02 | M: 47136.9794 | iter=  1.24s | ETA: 20m02s | Path: GPU-cuStateVec+cpu-expect MPI-distributed (1 ranks)
Iter 0052/1024 | E: -56.606288 | Δ: 3.23e-01 | M: 48026.6894 | iter=  1.25s | ETA: 20m08s | Path: GPU-cuStateVec+cpu-expect MPI-distributed (1 ranks)
Iter 0053/1024 | E: -56.686034 | Δ: 7.97e-02 | M: 47383.2349 | iter=  1.24s | ETA: 20m06s | Path: GPU-cuStateVec+cpu-expect MPI-distributed (1 ranks)
Iter 0054/1024 | E: -56.685727 | Δ: 3.07e-04 | M: 48416.0717 | iter=  1.23s | ETA: 20m05s | Path: GPU-cuStateVec+cpu-expect MPI-distributed (1 ranks)
Iter 0055/1024 | E: -56.740654 | Δ: 5.49e-02 | M: 51113.7189 | iter=  1.23s | ETA: 20m00s | Path: GPU-cuStateVec+cpu-expect MPI-distributed (1 ranks)
[RESILIENCE] Iteration 55: Global theta state checkpointed at path checkpoints/NH3/checkpoint_iter_0055.npy. 
Iter 0056/1024 | E: -57.105001 | Δ: 3.64e-01 | M: 49429.2188 | iter=  1.23s | ETA: 19m54s | Path: GPU-cuStateVec+cpu-expect MPI-distributed (1 ranks)
Iter 0057/1024 | E: -57.067600 | Δ: 3.74e-02 | M: 55811.4803 | iter=  1.23s | ETA: 19m52s | Path: GPU-cuStateVec+cpu-expect MPI-distributed (1 ranks)
Iter 0058/1024 | E: -57.117918 | Δ: 5.03e-02 | M: 51863.1536 | iter=  1.23s | ETA: 19m48s | Path: GPU-cuStateVec+cpu-expect MPI-distributed (1 ranks)
Iter 0059/1024 | E: -57.202398 | Δ: 8.45e-02 | M: 43016.7242 | iter=  1.23s | ETA: 19m47s | Path: GPU-cuStateVec+cpu-expect MPI-distributed (1 ranks)
Iter 0060/1024 | E: -57.233058 | Δ: 3.07e-02 | M: 47385.8105 | iter=  1.23s | ETA: 19m46s | Path: GPU-cuStateVec+cpu-expect MPI-distributed (1 ranks)
[RESILIENCE] Iteration 60: Global theta state checkpointed at path checkpoints/NH3/checkpoint_iter_0060.npy. 
Iter 0061/1024 | E: -57.212643 | Δ: 2.04e-02 | M: 48760.3558 | iter=  1.23s | ETA: 19m45s | Path: GPU-cuStateVec+cpu-expect MPI-distributed (1 ranks)
Iter 0062/1024 | E: -57.397140 | Δ: 1.84e-01 | M: 31473.8754 | iter=  1.23s | ETA: 19m43s | Path: GPU-cuStateVec+cpu-expect MPI-distributed (1 ranks)
Iter 0063/1024 | E: -57.525797 | Δ: 1.29e-01 | M: 50041.5898 | iter=  1.29s | ETA: 19m45s | Path: GPU-cuStateVec+cpu-expect MPI-distributed (1 ranks)
Iter 0064/1024 | E: -57.519785 | Δ: 6.01e-03 | M: 34140.5914 | iter=  1.23s | ETA: 19m44s | Path: GPU-cuStateVec+cpu-expect MPI-distributed (1 ranks)
Iter 0065/1024 | E: -57.578823 | Δ: 5.90e-02 | M: 29960.9088 | iter=  1.23s | ETA: 19m43s | Path: GPU-cuStateVec+cpu-expect MPI-distributed (1 ranks)
[RESILIENCE] Iteration 65: Global theta state checkpointed at path checkpoints/NH3/checkpoint_iter_0065.npy. 
Iter 0066/1024 | E: -58.345233 | Δ: 7.66e-01 | M: 49747.6581 | iter=  1.23s | ETA: 19m41s | Path: GPU-cuStateVec+cpu-expect MPI-distributed (1 ranks)
Iter 0067/1024 | E: -58.328176 | Δ: 1.71e-02 | M: 45908.2158 | iter=  1.23s | ETA: 19m37s | Path: GPU-cuStateVec+cpu-expect MPI-distributed (1 ranks)
Iter 0068/1024 | E: -58.378658 | Δ: 5.05e-02 | M: 48515.1852 | iter=  1.23s | ETA: 19m36s | Path: GPU-cuStateVec+cpu-expect MPI-distributed (1 ranks)
Iter 0069/1024 | E: -58.504333 | Δ: 1.26e-01 | M: 46588.3667 | iter=  1.23s | ETA: 19m35s | Path: GPU-cuStateVec+cpu-expect MPI-distributed (1 ranks)
Iter 0070/1024 | E: -58.641329 | Δ: 1.37e-01 | M: 50675.1076 | iter=  1.23s | ETA: 19m32s | Path: GPU-cuStateVec+cpu-expect MPI-distributed (1 ranks)
[RESILIENCE] Iteration 70: Global theta state checkpointed at path checkpoints/NH3/checkpoint_iter_0070.npy. 
Iter 0071/1024 | E: -58.688285 | Δ: 4.70e-02 | M: 49922.2422 | iter=  1.24s | ETA: 19m31s | Path: GPU-cuStateVec+cpu-expect MPI-distributed (1 ranks)
Iter 0072/1024 | E: -58.737680 | Δ: 4.94e-02 | M: 53770.4480 | iter=  1.23s | ETA: 19m30s | Path: GPU-cuStateVec+cpu-expect MPI-distributed (1 ranks)
Iter 0073/1024 | E: -59.080106 | Δ: 3.42e-01 | M: 50271.7805 | iter=  1.23s | ETA: 19m29s | Path: GPU-cuStateVec+cpu-expect MPI-distributed (1 ranks)
Iter 0074/1024 | E: -59.205644 | Δ: 1.26e-01 | M: 33130.7787 | iter=  1.23s | ETA: 19m28s | Path: GPU-cuStateVec+cpu-expect MPI-distributed (1 ranks)
Iter 0075/1024 | E: -59.246001 | Δ: 4.04e-02 | M: 55516.4831 | iter=  1.24s | ETA: 19m28s | Path: GPU-cuStateVec+cpu-expect MPI-distributed (1 ranks)
[RESILIENCE] Iteration 75: Global theta state checkpointed at path checkpoints/NH3/checkpoint_iter_0075.npy. 
Iter 0076/1024 | E: -59.366537 | Δ: 1.21e-01 | M: 53728.2332 | iter=  1.23s | ETA: 19m26s | Path: GPU-cuStateVec+cpu-expect MPI-distributed (1 ranks)
Iter 0077/1024 | E: -59.385147 | Δ: 1.86e-02 | M: 48309.2460 | iter=  1.23s | ETA: 19m25s | Path: GPU-cuStateVec+cpu-expect MPI-distributed (1 ranks)
Iter 0078/1024 | E: -59.876703 | Δ: 4.92e-01 | M: 47932.4807 | iter=  1.23s | ETA: 19m24s | Path: GPU-cuStateVec+cpu-expect MPI-distributed (1 ranks)
Iter 0079/1024 | E: -59.955168 | Δ: 7.85e-02 | M: 48518.9675 | iter=  1.23s | ETA: 19m23s | Path: GPU-cuStateVec+cpu-expect MPI-distributed (1 ranks)
Iter 0080/1024 | E: -60.126017 | Δ: 1.71e-01 | M: 50838.8014 | iter=  1.23s | ETA: 19m21s | Path: GPU-cuStateVec+cpu-expect MPI-distributed (1 ranks)
[RESILIENCE] Iteration 80: Global theta state checkpointed at path checkpoints/NH3/checkpoint_iter_0080.npy. 
Iter 0081/1024 | E: -60.136539 | Δ: 1.05e-02 | M: 53739.7376 | iter=  1.23s | ETA: 19m20s | Path: GPU-cuStateVec+cpu-expect MPI-distributed (1 ranks)
Iter 0082/1024 | E: -60.307689 | Δ: 1.71e-01 | M: 48359.6104 | iter=  1.23s | ETA: 19m18s | Path: GPU-cuStateVec+cpu-expect MPI-distributed (1 ranks)
Iter 0083/1024 | E: -60.469704 | Δ: 1.62e-01 | M: 56258.8020 | iter=  1.24s | ETA: 19m17s | Path: GPU-cuStateVec+cpu-expect MPI-distributed (1 ranks)
Iter 0084/1024 | E: -60.499465 | Δ: 2.98e-02 | M: 51739.9845 | iter=  1.23s | ETA: 19m17s | Path: GPU-cuStateVec+cpu-expect MPI-distributed (1 ranks)
Iter 0085/1024 | E: -60.748499 | Δ: 2.49e-01 | M: 50107.3310 | iter=  1.23s | ETA: 19m16s | Path: GPU-cuStateVec+cpu-expect MPI-distributed (1 ranks)
[RESILIENCE] Iteration 85: Global theta state checkpointed at path checkpoints/NH3/checkpoint_iter_0085.npy. 
Iter 0086/1024 | E: -60.980448 | Δ: 2.32e-01 | M: 57588.4350 | iter=  1.24s | ETA: 19m16s | Path: GPU-cuStateVec+cpu-expect MPI-distributed (1 ranks)
Iter 0087/1024 | E: -60.988770 | Δ: 8.32e-03 | M: 59344.3204 | iter=  1.23s | ETA: 19m16s | Path: GPU-cuStateVec+cpu-expect MPI-distributed (1 ranks)
Iter 0088/1024 | E: -61.066520 | Δ: 7.78e-02 | M: 61252.6319 | iter=  1.24s | ETA: 19m15s | Path: GPU-cuStateVec+cpu-expect MPI-distributed (1 ranks)
Iter 0089/1024 | E: -61.108670 | Δ: 4.21e-02 | M: 50073.4566 | iter=  1.24s | ETA: 19m15s | Path: GPU-cuStateVec+cpu-expect MPI-distributed (1 ranks)
Iter 0090/1024 | E: -61.436055 | Δ: 3.27e-01 | M: 48380.1262 | iter=  1.29s | ETA: 19m15s | Path: GPU-cuStateVec+cpu-expect MPI-distributed (1 ranks)
[RESILIENCE] Iteration 90: Global theta state checkpointed at path checkpoints/NH3/checkpoint_iter_0090.npy. 
Iter 0091/1024 | E: -61.704523 | Δ: 2.68e-01 | M: 48168.8400 | iter=  1.23s | ETA: 19m12s | Path: GPU-cuStateVec+cpu-expect MPI-distributed (1 ranks)
Iter 0092/1024 | E: -61.731245 | Δ: 2.67e-02 | M: 56539.4900 | iter=  1.23s | ETA: 19m11s | Path: GPU-cuStateVec+cpu-expect MPI-distributed (1 ranks)
Iter 0093/1024 | E: -61.818087 | Δ: 8.68e-02 | M: 52786.7084 | iter=  1.23s | ETA: 19m06s | Path: GPU-cuStateVec+cpu-expect MPI-distributed (1 ranks)
Iter 0094/1024 | E: -61.984290 | Δ: 1.66e-01 | M: 54941.5153 | iter=  1.23s | ETA: 19m05s | Path: GPU-cuStateVec+cpu-expect MPI-distributed (1 ranks)
Iter 0095/1024 | E: -62.149239 | Δ: 1.65e-01 | M: 54813.1270 | iter=  1.23s | ETA: 19m03s | Path: GPU-cuStateVec+cpu-expect MPI-distributed (1 ranks)
[RESILIENCE] Iteration 95: Global theta state checkpointed at path checkpoints/NH3/checkpoint_iter_0095.npy. 
Iter 0096/1024 | E: -62.141771 | Δ: 7.47e-03 | M: 45618.3669 | iter=  1.23s | ETA: 19m02s | Path: GPU-cuStateVec+cpu-expect MPI-distributed (1 ranks)
Iter 0097/1024 | E: -62.381679 | Δ: 2.40e-01 | M: 54461.0463 | iter=  1.23s | ETA: 19m01s | Path: GPU-cuStateVec+cpu-expect MPI-distributed (1 ranks)
Iter 0098/1024 | E: -62.439131 | Δ: 5.75e-02 | M: 47513.1180 | iter=  1.23s | ETA: 18m59s | Path: GPU-cuStateVec+cpu-expect MPI-distributed (1 ranks)
Iter 0099/1024 | E: -62.536865 | Δ: 9.77e-02 | M: 51928.8077 | iter=  1.23s | ETA: 18m58s | Path: GPU-cuStateVec+cpu-expect MPI-distributed (1 ranks)
Iter 0100/1024 | E: -62.564498 | Δ: 2.76e-02 | M: 62021.5141 | iter=  1.23s | ETA: 18m56s | Path: GPU-cuStateVec+cpu-expect MPI-distributed (1 ranks)
[RESILIENCE] Iteration 100: Global theta state checkpointed at path checkpoints/NH3/checkpoint_iter_0100.npy. 
Iter 0101/1024 | E: -62.580322 | Δ: 1.58e-02 | M: 48977.8621 | iter=  1.23s | ETA: 18m56s | Path: GPU-cuStateVec+cpu-expect MPI-distributed (1 ranks)
Iter 0102/1024 | E: -62.619316 | Δ: 3.90e-02 | M: 50659.8629 | iter=  1.23s | ETA: 18m56s | Path: GPU-cuStateVec+cpu-expect MPI-distributed (1 ranks)
Iter 0103/1024 | E: -62.627154 | Δ: 7.84e-03 | M: 54163.0173 | iter=  1.23s | ETA: 18m52s | Path: GPU-cuStateVec+cpu-expect MPI-distributed (1 ranks)
Iter 0104/1024 | E: -62.745398 | Δ: 1.18e-01 | M: 54176.2086 | iter=  1.23s | ETA: 18m52s | Path: GPU-cuStateVec+cpu-expect MPI-distributed (1 ranks)
Iter 0105/1024 | E: -62.826301 | Δ: 8.09e-02 | M: 52905.6270 | iter=  1.23s | ETA: 18m51s | Path: GPU-cuStateVec+cpu-expect MPI-distributed (1 ranks)
[RESILIENCE] Iteration 105: Global theta state checkpointed at path checkpoints/NH3/checkpoint_iter_0105.npy. 
Iter 0106/1024 | E: -62.851504 | Δ: 2.52e-02 | M: 54270.1096 | iter=  1.23s | ETA: 18m49s | Path: GPU-cuStateVec+cpu-expect MPI-distributed (1 ranks)
Iter 0107/1024 | E: -62.871906 | Δ: 2.04e-02 | M: 52368.2731 | iter=  1.23s | ETA: 18m48s | Path: GPU-cuStateVec+cpu-expect MPI-distributed (1 ranks)
Iter 0108/1024 | E: -62.925085 | Δ: 5.32e-02 | M: 60500.0136 | iter=  1.23s | ETA: 18m47s | Path: GPU-cuStateVec+cpu-expect MPI-distributed (1 ranks)
Iter 0109/1024 | E: -62.936195 | Δ: 1.11e-02 | M: 55421.9965 | iter=  1.23s | ETA: 18m45s | Path: GPU-cuStateVec+cpu-expect MPI-distributed (1 ranks)
Iter 0110/1024 | E: -62.941538 | Δ: 5.34e-03 | M: 61928.6865 | iter=  1.23s | ETA: 18m43s | Path: GPU-cuStateVec+cpu-expect MPI-distributed (1 ranks)
[RESILIENCE] Iteration 110: Global theta state checkpointed at path checkpoints/NH3/checkpoint_iter_0110.npy. 
Iter 0111/1024 | E: -62.975951 | Δ: 3.44e-02 | M: 53339.5702 | iter=  1.23s | ETA: 18m42s | Path: GPU-cuStateVec+cpu-expect MPI-distributed (1 ranks)
Iter 0112/1024 | E: -62.980641 | Δ: 4.69e-03 | M: 52460.7609 | iter=  1.24s | ETA: 18m41s | Path: GPU-cuStateVec+cpu-expect MPI-distributed (1 ranks)
Iter 0113/1024 | E: -62.981457 | Δ: 8.17e-04 | M: 31765.8182 | iter=  1.29s | ETA: 18m41s | Path: GPU-cuStateVec+cpu-expect MPI-distributed (1 ranks)
Iter 0114/1024 | E: -63.004370 | Δ: 2.29e-02 | M: 53438.5556 | iter=  1.23s | ETA: 18m40s | Path: GPU-cuStateVec+cpu-expect MPI-distributed (1 ranks)
Iter 0115/1024 | E: -63.035256 | Δ: 3.09e-02 | M: 51137.4261 | iter=  1.23s | ETA: 18m39s | Path: GPU-cuStateVec+cpu-expect MPI-distributed (1 ranks)
[RESILIENCE] Iteration 115: Global theta state checkpointed at path checkpoints/NH3/checkpoint_iter_0115.npy. 
Iter 0116/1024 | E: -63.041982 | Δ: 6.73e-03 | M: 51699.6871 | iter=  1.23s | ETA: 18m38s | Path: GPU-cuStateVec+cpu-expect MPI-distributed (1 ranks)
Iter 0117/1024 | E: -63.042288 | Δ: 3.06e-04 | M: 49954.3387 | iter=  1.23s | ETA: 18m37s | Path: GPU-cuStateVec+cpu-expect MPI-distributed (1 ranks)
Iter 0118/1024 | E: -63.047953 | Δ: 5.66e-03 | M: 52803.2350 | iter=  1.23s | ETA: 18m34s | Path: GPU-cuStateVec+cpu-expect MPI-distributed (1 ranks)
Iter 0119/1024 | E: -63.056778 | Δ: 8.82e-03 | M: 56769.1587 | iter=  1.23s | ETA: 18m33s | Path: GPU-cuStateVec+cpu-expect MPI-distributed (1 ranks)
Iter 0120/1024 | E: -63.061372 | Δ: 4.59e-03 | M: 33350.3828 | iter=  1.23s | ETA: 18m32s | Path: GPU-cuStateVec+cpu-expect MPI-distributed (1 ranks)
[RESILIENCE] Iteration 120: Global theta state checkpointed at path checkpoints/NH3/checkpoint_iter_0120.npy. 
Iter 0121/1024 | E: -63.067357 | Δ: 5.99e-03 | M: 47790.6381 | iter=  1.23s | ETA: 18m30s | Path: GPU-cuStateVec+cpu-expect MPI-distributed (1 ranks)
Iter 0122/1024 | E: -63.087718 | Δ: 2.04e-02 | M: 49307.5560 | iter=  1.23s | ETA: 18m29s | Path: GPU-cuStateVec+cpu-expect MPI-distributed (1 ranks)
Iter 0123/1024 | E: -63.106419 | Δ: 1.87e-02 | M: 50170.4704 | iter=  1.23s | ETA: 18m29s | Path: GPU-cuStateVec+cpu-expect MPI-distributed (1 ranks)
Iter 0124/1024 | E: -63.124909 | Δ: 1.85e-02 | M: 58916.7415 | iter=  1.23s | ETA: 18m28s | Path: GPU-cuStateVec+cpu-expect MPI-distributed (1 ranks)
Iter 0125/1024 | E: -63.135985 | Δ: 1.11e-02 | M: 52411.7804 | iter=  1.23s | ETA: 18m27s | Path: GPU-cuStateVec+cpu-expect MPI-distributed (1 ranks)
[RESILIENCE] Iteration 125: Global theta state checkpointed at path checkpoints/NH3/checkpoint_iter_0125.npy. 
Iter 0126/1024 | E: -63.140318 | Δ: 4.33e-03 | M: 57806.8874 | iter=  1.23s | ETA: 18m25s | Path: GPU-cuStateVec+cpu-expect MPI-distributed (1 ranks)
Iter 0127/1024 | E: -63.131648 | Δ: 8.67e-03 | M: 60536.2783 | iter=  1.23s | ETA: 18m24s | Path: GPU-cuStateVec+cpu-expect MPI-distributed (1 ranks)
Iter 0128/1024 | E: -63.133226 | Δ: 1.58e-03 | M: 51504.4499 | iter=  1.23s | ETA: 18m23s | Path: GPU-cuStateVec+cpu-expect MPI-distributed (1 ranks)
Iter 0129/1024 | E: -63.144024 | Δ: 1.08e-02 | M: 47044.0898 | iter=  1.23s | ETA: 18m21s | Path: GPU-cuStateVec+cpu-expect MPI-distributed (1 ranks)
Iter 0130/1024 | E: -63.159905 | Δ: 1.59e-02 | M: 48343.6862 | iter=  1.23s | ETA: 18m20s | Path: GPU-cuStateVec+cpu-expect MPI-distributed (1 ranks)
[RESILIENCE] Iteration 130: Global theta state checkpointed at path checkpoints/NH3/checkpoint_iter_0130.npy. 
Iter 0131/1024 | E: -63.134381 | Δ: 2.55e-02 | M: 47194.8746 | iter=  1.29s | ETA: 18m19s | Path: GPU-cuStateVec+cpu-expect MPI-distributed (1 ranks)
Iter 0132/1024 | E: -63.145049 | Δ: 1.07e-02 | M: 51602.4992 | iter=  1.23s | ETA: 18m17s | Path: GPU-cuStateVec+cpu-expect MPI-distributed (1 ranks)
Iter 0133/1024 | E: -63.157372 | Δ: 1.23e-02 | M: 49895.6079 | iter=  1.23s | ETA: 18m16s | Path: GPU-cuStateVec+cpu-expect MPI-distributed (1 ranks)
Iter 0134/1024 | E: -63.166839 | Δ: 9.47e-03 | M: 52666.1833 | iter=  1.23s | ETA: 18m15s | Path: GPU-cuStateVec+cpu-expect MPI-distributed (1 ranks)
Iter 0135/1024 | E: -63.161659 | Δ: 5.18e-03 | M: 49087.3144 | iter=  1.23s | ETA: 18m13s | Path: GPU-cuStateVec+cpu-expect MPI-distributed (1 ranks)
[RESILIENCE] Iteration 135: Global theta state checkpointed at path checkpoints/NH3/checkpoint_iter_0135.npy. 
Iter 0136/1024 | E: -63.169886 | Δ: 8.23e-03 | M: 51488.8203 | iter=  1.23s | ETA: 18m11s | Path: GPU-cuStateVec+cpu-expect MPI-distributed (1 ranks)
Iter 0137/1024 | E: -63.179117 | Δ: 9.23e-03 | M: 56476.0089 | iter=  1.23s | ETA: 18m09s | Path: GPU-cuStateVec+cpu-expect MPI-distributed (1 ranks)
Iter 0138/1024 | E: -63.180463 | Δ: 1.35e-03 | M: 60949.9071 | iter=  1.23s | ETA: 18m09s | Path: GPU-cuStateVec+cpu-expect MPI-distributed (1 ranks)
Iter 0139/1024 | E: -63.179898 | Δ: 5.65e-04 | M: 53064.9847 | iter=  1.23s | ETA: 18m08s | Path: GPU-cuStateVec+cpu-expect MPI-distributed (1 ranks)
Iter 0140/1024 | E: -63.175822 | Δ: 4.08e-03 | M: 52836.2487 | iter=  1.23s | ETA: 18m07s | Path: GPU-cuStateVec+cpu-expect MPI-distributed (1 ranks)
[RESILIENCE] Iteration 140: Global theta state checkpointed at path checkpoints/NH3/checkpoint_iter_0140.npy. 
Iter 0141/1024 | E: -63.194238 | Δ: 1.84e-02 | M: 50918.0295 | iter=  1.23s | ETA: 18m07s | Path: GPU-cuStateVec+cpu-expect MPI-distributed (1 ranks)
Iter 0142/1024 | E: -63.205216 | Δ: 1.10e-02 | M: 53318.2496 | iter=  1.23s | ETA: 18m06s | Path: GPU-cuStateVec+cpu-expect MPI-distributed (1 ranks)
Iter 0143/1024 | E: -63.214841 | Δ: 9.63e-03 | M: 51595.8601 | iter=  1.23s | ETA: 18m04s | Path: GPU-cuStateVec+cpu-expect MPI-distributed (1 ranks)
Iter 0144/1024 | E: -63.209555 | Δ: 5.29e-03 | M: 54297.2633 | iter=  1.23s | ETA: 18m02s | Path: GPU-cuStateVec+cpu-expect MPI-distributed (1 ranks)
Iter 0145/1024 | E: -63.213252 | Δ: 3.70e-03 | M: 54000.8973 | iter=  1.23s | ETA: 18m01s | Path: GPU-cuStateVec+cpu-expect MPI-distributed (1 ranks)
[RESILIENCE] Iteration 145: Global theta state checkpointed at path checkpoints/NH3/checkpoint_iter_0145.npy. 
Iter 0146/1024 | E: -63.218438 | Δ: 5.19e-03 | M: 55079.9096 | iter=  1.23s | ETA: 17m59s | Path: GPU-cuStateVec+cpu-expect MPI-distributed (1 ranks)
Iter 0147/1024 | E: -63.211997 | Δ: 6.44e-03 | M: 47070.1972 | iter=  1.23s | ETA: 17m58s | Path: GPU-cuStateVec+cpu-expect MPI-distributed (1 ranks)
Iter 0148/1024 | E: -63.226770 | Δ: 1.48e-02 | M: 52625.0992 | iter=  1.23s | ETA: 17m56s | Path: GPU-cuStateVec+cpu-expect MPI-distributed (1 ranks)
Iter 0149/1024 | E: -63.216621 | Δ: 1.01e-02 | M: 32817.0801 | iter=  1.23s | ETA: 17m57s | Path: GPU-cuStateVec+cpu-expect MPI-distributed (1 ranks)
Iter 0150/1024 | E: -63.219985 | Δ: 3.36e-03 | M: 54519.7310 | iter=  1.23s | ETA: 17m54s | Path: GPU-cuStateVec+cpu-expect MPI-distributed (1 ranks)
[RESILIENCE] Iteration 150: Global theta state checkpointed at path checkpoints/NH3/checkpoint_iter_0150.npy. 
Iter 0151/1024 | E: -63.230751 | Δ: 1.08e-02 | M: 53038.8484 | iter=  1.23s | ETA: 17m54s | Path: GPU-cuStateVec+cpu-expect MPI-distributed (1 ranks)
Iter 0152/1024 | E: -63.239687 | Δ: 8.94e-03 | M: 55186.1113 | iter=  1.23s | ETA: 17m53s | Path: GPU-cuStateVec+cpu-expect MPI-distributed (1 ranks)
Iter 0153/1024 | E: -63.234606 | Δ: 5.08e-03 | M: 51256.3391 | iter=  1.23s | ETA: 17m51s | Path: GPU-cuStateVec+cpu-expect MPI-distributed (1 ranks)
Iter 0154/1024 | E: -63.237322 | Δ: 2.72e-03 | M: 55497.7170 | iter=  1.23s | ETA: 17m50s | Path: GPU-cuStateVec+cpu-expect MPI-distributed (1 ranks)
Iter 0155/1024 | E: -63.240069 | Δ: 2.75e-03 | M: 47324.8523 | iter=  1.23s | ETA: 17m48s | Path: GPU-cuStateVec+cpu-expect MPI-distributed (1 ranks)
[RESILIENCE] Iteration 155: Global theta state checkpointed at path checkpoints/NH3/checkpoint_iter_0155.npy. 
Iter 0156/1024 | E: -63.244127 | Δ: 4.06e-03 | M: 53531.6301 | iter=  1.23s | ETA: 17m47s | Path: GPU-cuStateVec+cpu-expect MPI-distributed (1 ranks)
Iter 0157/1024 | E: -63.231403 | Δ: 1.27e-02 | M: 51542.1843 | iter=  1.23s | ETA: 17m46s | Path: GPU-cuStateVec+cpu-expect MPI-distributed (1 ranks)
Iter 0158/1024 | E: -63.234514 | Δ: 3.11e-03 | M: 52914.6556 | iter=  1.23s | ETA: 17m45s | Path: GPU-cuStateVec+cpu-expect MPI-distributed (1 ranks)
Iter 0159/1024 | E: -63.240341 | Δ: 5.83e-03 | M: 54815.8585 | iter=  1.23s | ETA: 17m44s | Path: GPU-cuStateVec+cpu-expect MPI-distributed (1 ranks)
Iter 0160/1024 | E: -63.254246 | Δ: 1.39e-02 | M: 51254.9275 | iter=  1.23s | ETA: 17m43s | Path: GPU-cuStateVec+cpu-expect MPI-distributed (1 ranks)
[RESILIENCE] Iteration 160: Global theta state checkpointed at path checkpoints/NH3/checkpoint_iter_0160.npy. 
Iter 0161/1024 | E: -63.242582 | Δ: 1.17e-02 | M: 51892.8507 | iter=  1.23s | ETA: 17m42s | Path: GPU-cuStateVec+cpu-expect MPI-distributed (1 ranks)
Iter 0162/1024 | E: -63.252761 | Δ: 1.02e-02 | M: 50116.7780 | iter=  1.23s | ETA: 17m41s | Path: GPU-cuStateVec+cpu-expect MPI-distributed (1 ranks)
Iter 0163/1024 | E: -63.246634 | Δ: 6.13e-03 | M: 51303.5113 | iter=  1.23s | ETA: 17m40s | Path: GPU-cuStateVec+cpu-expect MPI-distributed (1 ranks)
Iter 0164/1024 | E: -63.260089 | Δ: 1.35e-02 | M: 59026.0198 | iter=  1.23s | ETA: 17m38s | Path: GPU-cuStateVec+cpu-expect MPI-distributed (1 ranks)
Iter 0165/1024 | E: -63.252225 | Δ: 7.86e-03 | M: 55289.7752 | iter=  1.23s | ETA: 17m36s | Path: GPU-cuStateVec+cpu-expect MPI-distributed (1 ranks)
[RESILIENCE] Iteration 165: Global theta state checkpointed at path checkpoints/NH3/checkpoint_iter_0165.npy. 
Iter 0166/1024 | E: -63.267607 | Δ: 1.54e-02 | M: 58108.5963 | iter=  1.23s | ETA: 17m35s | Path: GPU-cuStateVec+cpu-expect MPI-distributed (1 ranks)
Iter 0167/1024 | E: -63.271645 | Δ: 4.04e-03 | M: 48953.8520 | iter=  1.29s | ETA: 17m34s | Path: GPU-cuStateVec+cpu-expect MPI-distributed (1 ranks)
Iter 0168/1024 | E: -63.273252 | Δ: 1.61e-03 | M: 53753.8735 | iter=  1.23s | ETA: 17m33s | Path: GPU-cuStateVec+cpu-expect MPI-distributed (1 ranks)
Iter 0169/1024 | E: -63.279948 | Δ: 6.70e-03 | M: 53640.8715 | iter=  1.23s | ETA: 17m33s | Path: GPU-cuStateVec+cpu-expect MPI-distributed (1 ranks)
Iter 0170/1024 | E: -63.278830 | Δ: 1.12e-03 | M: 32867.2492 | iter=  1.23s | ETA: 17m32s | Path: GPU-cuStateVec+cpu-expect MPI-distributed (1 ranks)
[RESILIENCE] Iteration 170: Global theta state checkpointed at path checkpoints/NH3/checkpoint_iter_0170.npy. 
Iter 0171/1024 | E: -63.283846 | Δ: 5.02e-03 | M: 52143.6559 | iter=  1.23s | ETA: 17m31s | Path: GPU-cuStateVec+cpu-expect MPI-distributed (1 ranks)
Iter 0172/1024 | E: -63.296255 | Δ: 1.24e-02 | M: 46933.8876 | iter=  1.23s | ETA: 17m29s | Path: GPU-cuStateVec+cpu-expect MPI-distributed (1 ranks)
Iter 0173/1024 | E: -63.291515 | Δ: 4.74e-03 | M: 50442.3169 | iter=  1.23s | ETA: 17m27s | Path: GPU-cuStateVec+cpu-expect MPI-distributed (1 ranks)
Iter 0174/1024 | E: -63.295185 | Δ: 3.67e-03 | M: 44535.4136 | iter=  1.23s | ETA: 17m26s | Path: GPU-cuStateVec+cpu-expect MPI-distributed (1 ranks)
Iter 0175/1024 | E: -63.298705 | Δ: 3.52e-03 | M: 46187.2374 | iter=  1.23s | ETA: 17m25s | Path: GPU-cuStateVec+cpu-expect MPI-distributed (1 ranks)
[RESILIENCE] Iteration 175: Global theta state checkpointed at path checkpoints/NH3/checkpoint_iter_0175.npy. 
Iter 0176/1024 | E: -63.294544 | Δ: 4.16e-03 | M: 48752.6988 | iter=  1.23s | ETA: 17m23s | Path: GPU-cuStateVec+cpu-expect MPI-distributed (1 ranks)
Iter 0177/1024 | E: -63.310374 | Δ: 1.58e-02 | M: 49201.1380 | iter=  1.23s | ETA: 17m22s | Path: GPU-cuStateVec+cpu-expect MPI-distributed (1 ranks)
Iter 0178/1024 | E: -63.298029 | Δ: 1.23e-02 | M: 62598.7837 | iter=  1.23s | ETA: 17m20s | Path: GPU-cuStateVec+cpu-expect MPI-distributed (1 ranks)
Iter 0179/1024 | E: -63.319882 | Δ: 2.19e-02 | M: 50757.9920 | iter=  1.23s | ETA: 17m19s | Path: GPU-cuStateVec+cpu-expect MPI-distributed (1 ranks)
Iter 0180/1024 | E: -63.318119 | Δ: 1.76e-03 | M: 51738.0698 | iter=  1.23s | ETA: 17m18s | Path: GPU-cuStateVec+cpu-expect MPI-distributed (1 ranks)
[RESILIENCE] Iteration 180: Global theta state checkpointed at path checkpoints/NH3/checkpoint_iter_0180.npy. 
Iter 0181/1024 | E: -63.326531 | Δ: 8.41e-03 | M: 59042.1765 | iter=  1.23s | ETA: 17m17s | Path: GPU-cuStateVec+cpu-expect MPI-distributed (1 ranks)
Iter 0182/1024 | E: -63.331487 | Δ: 4.96e-03 | M: 64602.5245 | iter=  1.23s | ETA: 17m15s | Path: GPU-cuStateVec+cpu-expect MPI-distributed (1 ranks)
Iter 0183/1024 | E: -63.318672 | Δ: 1.28e-02 | M: 50319.0579 | iter=  1.23s | ETA: 17m14s | Path: GPU-cuStateVec+cpu-expect MPI-distributed (1 ranks)
Iter 0184/1024 | E: -63.324764 | Δ: 6.09e-03 | M: 47739.1652 | iter=  1.23s | ETA: 17m14s | Path: GPU-cuStateVec+cpu-expect MPI-distributed (1 ranks)
Iter 0185/1024 | E: -63.319556 | Δ: 5.21e-03 | M: 52065.0037 | iter=  1.23s | ETA: 17m12s | Path: GPU-cuStateVec+cpu-expect MPI-distributed (1 ranks)
[RESILIENCE] Iteration 185: Global theta state checkpointed at path checkpoints/NH3/checkpoint_iter_0185.npy. 
Iter 0186/1024 | E: -63.322031 | Δ: 2.48e-03 | M: 60154.6113 | iter=  1.23s | ETA: 17m11s | Path: GPU-cuStateVec+cpu-expect MPI-distributed (1 ranks)
Iter 0187/1024 | E: -63.326829 | Δ: 4.80e-03 | M: 49543.8884 | iter=  1.23s | ETA: 17m10s | Path: GPU-cuStateVec+cpu-expect MPI-distributed (1 ranks)
Iter 0188/1024 | E: -63.329024 | Δ: 2.20e-03 | M: 48619.3817 | iter=  1.23s | ETA: 17m09s | Path: GPU-cuStateVec+cpu-expect MPI-distributed (1 ranks)
Iter 0189/1024 | E: -63.333271 | Δ: 4.25e-03 | M: 55799.6542 | iter=  1.23s | ETA: 17m07s | Path: GPU-cuStateVec+cpu-expect MPI-distributed (1 ranks)
Iter 0190/1024 | E: -63.335812 | Δ: 2.54e-03 | M: 47286.3397 | iter=  1.23s | ETA: 17m06s | Path: GPU-cuStateVec+cpu-expect MPI-distributed (1 ranks)
[RESILIENCE] Iteration 190: Global theta state checkpointed at path checkpoints/NH3/checkpoint_iter_0190.npy. 
Iter 0191/1024 | E: -63.333120 | Δ: 2.69e-03 | M: 47579.0351 | iter=  1.23s | ETA: 17m07s | Path: GPU-cuStateVec+cpu-expect MPI-distributed (1 ranks)
Iter 0192/1024 | E: -63.325899 | Δ: 7.22e-03 | M: 54940.8534 | iter=  1.23s | ETA: 17m04s | Path: GPU-cuStateVec+cpu-expect MPI-distributed (1 ranks)
Iter 0193/1024 | E: -63.351036 | Δ: 2.51e-02 | M: 44633.6765 | iter=  1.23s | ETA: 17m03s | Path: GPU-cuStateVec+cpu-expect MPI-distributed (1 ranks)
Iter 0194/1024 | E: -63.337030 | Δ: 1.40e-02 | M: 47790.6414 | iter=  1.29s | ETA: 17m03s | Path: GPU-cuStateVec+cpu-expect MPI-distributed (1 ranks)
Iter 0195/1024 | E: -63.347807 | Δ: 1.08e-02 | M: 33305.0835 | iter=  1.23s | ETA: 17m02s | Path: GPU-cuStateVec+cpu-expect MPI-distributed (1 ranks)
[RESILIENCE] Iteration 195: Global theta state checkpointed at path checkpoints/NH3/checkpoint_iter_0195.npy. 
Iter 0196/1024 | E: -63.361786 | Δ: 1.40e-02 | M: 45184.0809 | iter=  1.23s | ETA: 16m59s | Path: GPU-cuStateVec+cpu-expect MPI-distributed (1 ranks)
Iter 0197/1024 | E: -63.347815 | Δ: 1.40e-02 | M: 49038.7148 | iter=  1.23s | ETA: 16m59s | Path: GPU-cuStateVec+cpu-expect MPI-distributed (1 ranks)
Iter 0198/1024 | E: -63.355057 | Δ: 7.24e-03 | M: 54801.1199 | iter=  1.23s | ETA: 16m57s | Path: GPU-cuStateVec+cpu-expect MPI-distributed (1 ranks)
Iter 0199/1024 | E: -63.347908 | Δ: 7.15e-03 | M: 48929.0043 | iter=  1.23s | ETA: 16m55s | Path: GPU-cuStateVec+cpu-expect MPI-distributed (1 ranks)
Iter 0200/1024 | E: -63.351132 | Δ: 3.22e-03 | M: 53608.1963 | iter=  1.23s | ETA: 16m54s | Path: GPU-cuStateVec+cpu-expect MPI-distributed (1 ranks)
[RESILIENCE] Iteration 200: Global theta state checkpointed at path checkpoints/NH3/checkpoint_iter_0200.npy. 
Iter 0201/1024 | E: -63.359732 | Δ: 8.60e-03 | M: 61010.8148 | iter=  1.23s | ETA: 16m52s | Path: GPU-cuStateVec+cpu-expect MPI-distributed (1 ranks)
Iter 0202/1024 | E: -63.349624 | Δ: 1.01e-02 | M: 55602.8095 | iter=  1.23s | ETA: 16m50s | Path: GPU-cuStateVec+cpu-expect MPI-distributed (1 ranks)
Iter 0203/1024 | E: -63.367605 | Δ: 1.80e-02 | M: 57062.2282 | iter=  1.23s | ETA: 16m49s | Path: GPU-cuStateVec+cpu-expect MPI-distributed (1 ranks)
Iter 0204/1024 | E: -63.364196 | Δ: 3.41e-03 | M: 59241.4916 | iter=  1.23s | ETA: 16m48s | Path: GPU-cuStateVec+cpu-expect MPI-distributed (1 ranks)
Iter 0205/1024 | E: -63.354441 | Δ: 9.75e-03 | M: 57595.2430 | iter=  1.23s | ETA: 16m46s | Path: GPU-cuStateVec+cpu-expect MPI-distributed (1 ranks)
[RESILIENCE] Iteration 205: Global theta state checkpointed at path checkpoints/NH3/checkpoint_iter_0205.npy. 
Iter 0206/1024 | E: -63.359901 | Δ: 5.46e-03 | M: 62320.9183 | iter=  1.23s | ETA: 16m45s | Path: GPU-cuStateVec+cpu-expect MPI-distributed (1 ranks)
Iter 0207/1024 | E: -63.386205 | Δ: 2.63e-02 | M: 54848.4878 | iter=  1.23s | ETA: 16m44s | Path: GPU-cuStateVec+cpu-expect MPI-distributed (1 ranks)
Iter 0208/1024 | E: -63.390983 | Δ: 4.78e-03 | M: 56941.4940 | iter=  1.23s | ETA: 16m43s | Path: GPU-cuStateVec+cpu-expect MPI-distributed (1 ranks)
Iter 0209/1024 | E: -63.394983 | Δ: 4.00e-03 | M: 57310.2124 | iter=  1.23s | ETA: 16m42s | Path: GPU-cuStateVec+cpu-expect MPI-distributed (1 ranks)
Iter 0210/1024 | E: -63.395363 | Δ: 3.80e-04 | M: 56679.6167 | iter=  1.23s | ETA: 16m40s | Path: GPU-cuStateVec+cpu-expect MPI-distributed (1 ranks)
[RESILIENCE] Iteration 210: Global theta state checkpointed at path checkpoints/NH3/checkpoint_iter_0210.npy. 
Iter 0211/1024 | E: -63.402564 | Δ: 7.20e-03 | M: 51461.0782 | iter=  1.23s | ETA: 16m39s | Path: GPU-cuStateVec+cpu-expect MPI-distributed (1 ranks)
Iter 0212/1024 | E: -63.406199 | Δ: 3.64e-03 | M: 61407.4103 | iter=  1.23s | ETA: 16m38s | Path: GPU-cuStateVec+cpu-expect MPI-distributed (1 ranks)
Iter 0213/1024 | E: -63.395321 | Δ: 1.09e-02 | M: 59639.7650 | iter=  1.23s | ETA: 16m36s | Path: GPU-cuStateVec+cpu-expect MPI-distributed (1 ranks)
Iter 0214/1024 | E: -63.411579 | Δ: 1.63e-02 | M: 57427.0289 | iter=  1.23s | ETA: 16m35s | Path: GPU-cuStateVec+cpu-expect MPI-distributed (1 ranks)
Iter 0215/1024 | E: -63.418359 | Δ: 6.78e-03 | M: 58461.9404 | iter=  1.23s | ETA: 16m35s | Path: GPU-cuStateVec+cpu-expect MPI-distributed (1 ranks)
[RESILIENCE] Iteration 215: Global theta state checkpointed at path checkpoints/NH3/checkpoint_iter_0215.npy. 
Iter 0216/1024 | E: -63.420256 | Δ: 1.90e-03 | M: 50601.6606 | iter=  1.23s | ETA: 16m35s | Path: GPU-cuStateVec+cpu-expect MPI-distributed (1 ranks)
Iter 0217/1024 | E: -63.418925 | Δ: 1.33e-03 | M: 47795.2483 | iter=  1.29s | ETA: 16m35s | Path: GPU-cuStateVec+cpu-expect MPI-distributed (1 ranks)
Iter 0218/1024 | E: -63.426107 | Δ: 7.18e-03 | M: 49064.9528 | iter=  1.23s | ETA: 16m34s | Path: GPU-cuStateVec+cpu-expect MPI-distributed (1 ranks)
Iter 0219/1024 | E: -63.417976 | Δ: 8.13e-03 | M: 55168.3252 | iter=  1.23s | ETA: 16m33s | Path: GPU-cuStateVec+cpu-expect MPI-distributed (1 ranks)
Iter 0220/1024 | E: -63.431442 | Δ: 1.35e-02 | M: 58958.5053 | iter=  1.23s | ETA: 16m32s | Path: GPU-cuStateVec+cpu-expect MPI-distributed (1 ranks)
[RESILIENCE] Iteration 220: Global theta state checkpointed at path checkpoints/NH3/checkpoint_iter_0220.npy. 
Iter 0221/1024 | E: -63.428097 | Δ: 3.35e-03 | M: 50983.3799 | iter=  1.24s | ETA: 16m31s | Path: GPU-cuStateVec+cpu-expect MPI-distributed (1 ranks)
Iter 0222/1024 | E: -63.429485 | Δ: 1.39e-03 | M: 61281.8668 | iter=  1.23s | ETA: 16m29s | Path: GPU-cuStateVec+cpu-expect MPI-distributed (1 ranks)
Iter 0223/1024 | E: -63.415263 | Δ: 1.42e-02 | M: 61083.9877 | iter=  1.24s | ETA: 16m28s | Path: GPU-cuStateVec+cpu-expect MPI-distributed (1 ranks)
Iter 0224/1024 | E: -63.420541 | Δ: 5.28e-03 | M: 53778.1184 | iter=  1.24s | ETA: 16m28s | Path: GPU-cuStateVec+cpu-expect MPI-distributed (1 ranks)
Iter 0225/1024 | E: -63.439781 | Δ: 1.92e-02 | M: 54519.7867 | iter=  1.23s | ETA: 16m26s | Path: GPU-cuStateVec+cpu-expect MPI-distributed (1 ranks)
[RESILIENCE] Iteration 225: Global theta state checkpointed at path checkpoints/NH3/checkpoint_iter_0225.npy. 
Iter 0226/1024 | E: -63.424101 | Δ: 1.57e-02 | M: 52545.7169 | iter=  1.24s | ETA: 16m25s | Path: GPU-cuStateVec+cpu-expect MPI-distributed (1 ranks)
Iter 0227/1024 | E: -63.418593 | Δ: 5.51e-03 | M: 52882.6150 | iter=  1.24s | ETA: 16m24s | Path: GPU-cuStateVec+cpu-expect MPI-distributed (1 ranks)
Iter 0228/1024 | E: -63.426841 | Δ: 8.25e-03 | M: 58280.9185 | iter=  1.24s | ETA: 16m23s | Path: GPU-cuStateVec+cpu-expect MPI-distributed (1 ranks)
Iter 0229/1024 | E: -63.437973 | Δ: 1.11e-02 | M: 49833.5313 | iter=  1.24s | ETA: 16m23s | Path: GPU-cuStateVec+cpu-expect MPI-distributed (1 ranks)
Iter 0230/1024 | E: -63.428686 | Δ: 9.29e-03 | M: 60107.0484 | iter=  1.23s | ETA: 16m22s | Path: GPU-cuStateVec+cpu-expect MPI-distributed (1 ranks)
[RESILIENCE] Iteration 230: Global theta state checkpointed at path checkpoints/NH3/checkpoint_iter_0230.npy. 
Iter 0231/1024 | E: -63.426614 | Δ: 2.07e-03 | M: 57353.4089 | iter=  1.23s | ETA: 16m21s | Path: GPU-cuStateVec+cpu-expect MPI-distributed (1 ranks)
Iter 0232/1024 | E: -63.445976 | Δ: 1.94e-02 | M: 45295.5922 | iter=  1.23s | ETA: 16m16s | Path: GPU-cuStateVec+cpu-expect MPI-distributed (1 ranks)
Iter 0233/1024 | E: -63.442815 | Δ: 3.16e-03 | M: 49806.2543 | iter=  1.24s | ETA: 16m15s | Path: GPU-cuStateVec+cpu-expect MPI-distributed (1 ranks)
Iter 0234/1024 | E: -63.444691 | Δ: 1.88e-03 | M: 57417.9369 | iter=  1.24s | ETA: 16m14s | Path: GPU-cuStateVec+cpu-expect MPI-distributed (1 ranks)
Iter 0235/1024 | E: -63.436814 | Δ: 7.88e-03 | M: 47908.1601 | iter=  1.30s | ETA: 16m14s | Path: GPU-cuStateVec+cpu-expect MPI-distributed (1 ranks)
[RESILIENCE] Iteration 235: Global theta state checkpointed at path checkpoints/NH3/checkpoint_iter_0235.npy. 
Iter 0236/1024 | E: -63.438929 | Δ: 2.11e-03 | M: 53477.5422 | iter=  1.24s | ETA: 16m14s | Path: GPU-cuStateVec+cpu-expect MPI-distributed (1 ranks)
Iter 0237/1024 | E: -63.452511 | Δ: 1.36e-02 | M: 48323.9429 | iter=  1.24s | ETA: 16m13s | Path: GPU-cuStateVec+cpu-expect MPI-distributed (1 ranks)
Iter 0238/1024 | E: -63.458039 | Δ: 5.53e-03 | M: 64212.6942 | iter=  1.23s | ETA: 16m11s | Path: GPU-cuStateVec+cpu-expect MPI-distributed (1 ranks)
Iter 0239/1024 | E: -63.448150 | Δ: 9.89e-03 | M: 60470.8184 | iter=  1.23s | ETA: 16m09s | Path: GPU-cuStateVec+cpu-expect MPI-distributed (1 ranks)
Iter 0240/1024 | E: -63.452216 | Δ: 4.07e-03 | M: 58109.5339 | iter=  1.24s | ETA: 16m08s | Path: GPU-cuStateVec+cpu-expect MPI-distributed (1 ranks)
[RESILIENCE] Iteration 240: Global theta state checkpointed at path checkpoints/NH3/checkpoint_iter_0240.npy. 
Iter 0241/1024 | E: -63.445742 | Δ: 6.47e-03 | M: 51871.0872 | iter=  1.23s | ETA: 16m06s | Path: GPU-cuStateVec+cpu-expect MPI-distributed (1 ranks)
Iter 0242/1024 | E: -63.455414 | Δ: 9.67e-03 | M: 55512.3806 | iter=  1.23s | ETA: 16m04s | Path: GPU-cuStateVec+cpu-expect MPI-distributed (1 ranks)
Iter 0243/1024 | E: -63.458078 | Δ: 2.66e-03 | M: 51052.0686 | iter=  1.23s | ETA: 16m03s | Path: GPU-cuStateVec+cpu-expect MPI-distributed (1 ranks)
Iter 0244/1024 | E: -63.470610 | Δ: 1.25e-02 | M: 49380.7051 | iter=  1.23s | ETA: 16m02s | Path: GPU-cuStateVec+cpu-expect MPI-distributed (1 ranks)
Iter 0245/1024 | E: -63.458055 | Δ: 1.26e-02 | M: 50750.4593 | iter=  1.24s | ETA: 16m00s | Path: GPU-cuStateVec+cpu-expect MPI-distributed (1 ranks)
[RESILIENCE] Iteration 245: Global theta state checkpointed at path checkpoints/NH3/checkpoint_iter_0245.npy. 
Iter 0246/1024 | E: -63.472409 | Δ: 1.44e-02 | M: 55734.2992 | iter=  1.24s | ETA: 16m00s | Path: GPU-cuStateVec+cpu-expect MPI-distributed (1 ranks)
Iter 0247/1024 | E: -63.462710 | Δ: 9.70e-03 | M: 61814.0147 | iter=  1.24s | ETA: 15m59s | Path: GPU-cuStateVec+cpu-expect MPI-distributed (1 ranks)
Iter 0248/1024 | E: -63.466980 | Δ: 4.27e-03 | M: 54703.0280 | iter=  1.23s | ETA: 15m58s | Path: GPU-cuStateVec+cpu-expect MPI-distributed (1 ranks)
Iter 0249/1024 | E: -63.458332 | Δ: 8.65e-03 | M: 52829.9044 | iter=  1.24s | ETA: 15m57s | Path: GPU-cuStateVec+cpu-expect MPI-distributed (1 ranks)
Iter 0250/1024 | E: -63.469492 | Δ: 1.12e-02 | M: 47555.3002 | iter=  1.24s | ETA: 15m56s | Path: GPU-cuStateVec+cpu-expect MPI-distributed (1 ranks)
[RESILIENCE] Iteration 250: Global theta state checkpointed at path checkpoints/NH3/checkpoint_iter_0250.npy. 
Iter 0251/1024 | E: -63.468554 | Δ: 9.38e-04 | M: 51845.6233 | iter=  1.23s | ETA: 15m54s | Path: GPU-cuStateVec+cpu-expect MPI-distributed (1 ranks)
Iter 0252/1024 | E: -63.480431 | Δ: 1.19e-02 | M: 48646.8431 | iter=  1.23s | ETA: 15m50s | Path: GPU-cuStateVec+cpu-expect MPI-distributed (1 ranks)
Iter 0253/1024 | E: -63.480901 | Δ: 4.70e-04 | M: 50218.8943 | iter=  1.23s | ETA: 15m51s | Path: GPU-cuStateVec+cpu-expect MPI-distributed (1 ranks)
Iter 0254/1024 | E: -63.481698 | Δ: 7.97e-04 | M: 48056.6825 | iter=  1.23s | ETA: 15m46s | Path: GPU-cuStateVec+cpu-expect MPI-distributed (1 ranks)
Iter 0255/1024 | E: -63.484606 | Δ: 2.91e-03 | M: 58121.8924 | iter=  1.23s | ETA: 15m45s | Path: GPU-cuStateVec+cpu-expect MPI-distributed (1 ranks)
[RESILIENCE] Iteration 255: Global theta state checkpointed at path checkpoints/NH3/checkpoint_iter_0255.npy. 
Iter 0256/1024 | E: -63.475181 | Δ: 9.43e-03 | M: 52658.8869 | iter=  1.24s | ETA: 15m47s | Path: GPU-cuStateVec+cpu-expect MPI-distributed (1 ranks)
Iter 0257/1024 | E: -63.467333 | Δ: 7.85e-03 | M: 43231.1255 | iter=  1.24s | ETA: 15m47s | Path: GPU-cuStateVec+cpu-expect MPI-distributed (1 ranks)
Iter 0258/1024 | E: -63.486828 | Δ: 1.95e-02 | M: 54144.9020 | iter=  1.24s | ETA: 15m47s | Path: GPU-cuStateVec+cpu-expect MPI-distributed (1 ranks)
Iter 0259/1024 | E: -63.490670 | Δ: 3.84e-03 | M: 48099.4981 | iter=  1.23s | ETA: 15m45s | Path: GPU-cuStateVec+cpu-expect MPI-distributed (1 ranks)
Iter 0260/1024 | E: -63.494932 | Δ: 4.26e-03 | M: 55486.1920 | iter=  1.23s | ETA: 15m44s | Path: GPU-cuStateVec+cpu-expect MPI-distributed (1 ranks)
[RESILIENCE] Iteration 260: Global theta state checkpointed at path checkpoints/NH3/checkpoint_iter_0260.npy. 
Iter 0261/1024 | E: -63.491402 | Δ: 3.53e-03 | M: 51878.7303 | iter=  1.24s | ETA: 15m42s | Path: GPU-cuStateVec+cpu-expect MPI-distributed (1 ranks)
Iter 0262/1024 | E: -63.499543 | Δ: 8.14e-03 | M: 46274.4516 | iter=  1.23s | ETA: 15m40s | Path: GPU-cuStateVec+cpu-expect MPI-distributed (1 ranks)
Iter 0263/1024 | E: -63.501867 | Δ: 2.32e-03 | M: 57476.8843 | iter=  1.24s | ETA: 15m39s | Path: GPU-cuStateVec+cpu-expect MPI-distributed (1 ranks)
Iter 0264/1024 | E: -63.504631 | Δ: 2.76e-03 | M: 51046.4833 | iter=  1.23s | ETA: 15m38s | Path: GPU-cuStateVec+cpu-expect MPI-distributed (1 ranks)
Iter 0265/1024 | E: -63.498438 | Δ: 6.19e-03 | M: 52006.8591 | iter=  1.24s | ETA: 15m37s | Path: GPU-cuStateVec+cpu-expect MPI-distributed (1 ranks)
[RESILIENCE] Iteration 265: Global theta state checkpointed at path checkpoints/NH3/checkpoint_iter_0265.npy. 
Iter 0266/1024 | E: -63.499965 | Δ: 1.53e-03 | M: 46271.0947 | iter=  1.24s | ETA: 15m36s | Path: GPU-cuStateVec+cpu-expect MPI-distributed (1 ranks)
Iter 0267/1024 | E: -63.511608 | Δ: 1.16e-02 | M: 50091.3271 | iter=  1.24s | ETA: 15m35s | Path: GPU-cuStateVec+cpu-expect MPI-distributed (1 ranks)
Iter 0268/1024 | E: -63.515007 | Δ: 3.40e-03 | M: 56571.4940 | iter=  1.23s | ETA: 15m34s | Path: GPU-cuStateVec+cpu-expect MPI-distributed (1 ranks)
Iter 0269/1024 | E: -63.512883 | Δ: 2.12e-03 | M: 57977.4447 | iter=  1.23s | ETA: 15m32s | Path: GPU-cuStateVec+cpu-expect MPI-distributed (1 ranks)
Iter 0270/1024 | E: -63.527085 | Δ: 1.42e-02 | M: 44295.9234 | iter=  1.23s | ETA: 15m30s | Path: GPU-cuStateVec+cpu-expect MPI-distributed (1 ranks)
[RESILIENCE] Iteration 270: Global theta state checkpointed at path checkpoints/NH3/checkpoint_iter_0270.npy. 
Iter 0271/1024 | E: -63.522611 | Δ: 4.47e-03 | M: 49908.6706 | iter=  1.29s | ETA: 15m29s | Path: GPU-cuStateVec+cpu-expect MPI-distributed (1 ranks)
Iter 0272/1024 | E: -63.522546 | Δ: 6.48e-05 | M: 54222.7729 | iter=  1.24s | ETA: 15m28s | Path: GPU-cuStateVec+cpu-expect MPI-distributed (1 ranks)
Iter 0273/1024 | E: -63.531097 | Δ: 8.55e-03 | M: 50581.3449 | iter=  1.24s | ETA: 15m28s | Path: GPU-cuStateVec+cpu-expect MPI-distributed (1 ranks)
Iter 0274/1024 | E: -63.517627 | Δ: 1.35e-02 | M: 52378.0131 | iter=  1.23s | ETA: 15m27s | Path: GPU-cuStateVec+cpu-expect MPI-distributed (1 ranks)
Iter 0275/1024 | E: -63.511590 | Δ: 6.04e-03 | M: 50879.6361 | iter=  1.24s | ETA: 15m26s | Path: GPU-cuStateVec+cpu-expect MPI-distributed (1 ranks)
[RESILIENCE] Iteration 275: Global theta state checkpointed at path checkpoints/NH3/checkpoint_iter_0275.npy. 
Iter 0276/1024 | E: -63.529966 | Δ: 1.84e-02 | M: 54100.8919 | iter=  1.23s | ETA: 15m23s | Path: GPU-cuStateVec+cpu-expect MPI-distributed (1 ranks)
Iter 0277/1024 | E: -63.532087 | Δ: 2.12e-03 | M: 51922.7896 | iter=  1.24s | ETA: 15m22s | Path: GPU-cuStateVec+cpu-expect MPI-distributed (1 ranks)
Iter 0278/1024 | E: -63.531364 | Δ: 7.24e-04 | M: 56277.0277 | iter=  1.23s | ETA: 15m20s | Path: GPU-cuStateVec+cpu-expect MPI-distributed (1 ranks)
Iter 0279/1024 | E: -63.534324 | Δ: 2.96e-03 | M: 55626.4137 | iter=  1.23s | ETA: 15m19s | Path: GPU-cuStateVec+cpu-expect MPI-distributed (1 ranks)
Iter 0280/1024 | E: -63.528927 | Δ: 5.40e-03 | M: 57209.8932 | iter=  1.23s | ETA: 15m17s | Path: GPU-cuStateVec+cpu-expect MPI-distributed (1 ranks)
[RESILIENCE] Iteration 280: Global theta state checkpointed at path checkpoints/NH3/checkpoint_iter_0280.npy. 
Iter 0281/1024 | E: -63.539772 | Δ: 1.08e-02 | M: 46241.1795 | iter=  1.23s | ETA: 15m15s | Path: GPU-cuStateVec+cpu-expect MPI-distributed (1 ranks)
Iter 0282/1024 | E: -63.523573 | Δ: 1.62e-02 | M: 56612.1290 | iter=  1.23s | ETA: 15m13s | Path: GPU-cuStateVec+cpu-expect MPI-distributed (1 ranks)
Iter 0283/1024 | E: -63.537403 | Δ: 1.38e-02 | M: 50902.8097 | iter=  1.23s | ETA: 15m11s | Path: GPU-cuStateVec+cpu-expect MPI-distributed (1 ranks)
Iter 0284/1024 | E: -63.539850 | Δ: 2.45e-03 | M: 36576.3680 | iter=  1.23s | ETA: 15m10s | Path: GPU-cuStateVec+cpu-expect MPI-distributed (1 ranks)
Iter 0285/1024 | E: -63.532430 | Δ: 7.42e-03 | M: 54326.2148 | iter=  1.23s | ETA: 15m09s | Path: GPU-cuStateVec+cpu-expect MPI-distributed (1 ranks)
[RESILIENCE] Iteration 285: Global theta state checkpointed at path checkpoints/NH3/checkpoint_iter_0285.npy. 
Iter 0286/1024 | E: -63.542464 | Δ: 1.00e-02 | M: 55174.4225 | iter=  1.23s | ETA: 15m08s | Path: GPU-cuStateVec+cpu-expect MPI-distributed (1 ranks)
Iter 0287/1024 | E: -63.535599 | Δ: 6.87e-03 | M: 47469.4102 | iter=  1.23s | ETA: 15m07s | Path: GPU-cuStateVec+cpu-expect MPI-distributed (1 ranks)
Iter 0288/1024 | E: -63.542729 | Δ: 7.13e-03 | M: 53776.3417 | iter=  1.23s | ETA: 15m05s | Path: GPU-cuStateVec+cpu-expect MPI-distributed (1 ranks)
Iter 0289/1024 | E: -63.538859 | Δ: 3.87e-03 | M: 47389.0469 | iter=  1.23s | ETA: 15m04s | Path: GPU-cuStateVec+cpu-expect MPI-distributed (1 ranks)
Iter 0290/1024 | E: -63.557511 | Δ: 1.87e-02 | M: 45244.1718 | iter=  1.23s | ETA: 15m04s | Path: GPU-cuStateVec+cpu-expect MPI-distributed (1 ranks)
[RESILIENCE] Iteration 290: Global theta state checkpointed at path checkpoints/NH3/checkpoint_iter_0290.npy. 
Iter 0291/1024 | E: -63.553646 | Δ: 3.87e-03 | M: 33916.6811 | iter=  1.23s | ETA: 15m03s | Path: GPU-cuStateVec+cpu-expect MPI-distributed (1 ranks)
Iter 0292/1024 | E: -63.551746 | Δ: 1.90e-03 | M: 52530.4234 | iter=  1.23s | ETA: 15m02s | Path: GPU-cuStateVec+cpu-expect MPI-distributed (1 ranks)
Iter 0293/1024 | E: -63.545122 | Δ: 6.62e-03 | M: 42244.5261 | iter=  1.23s | ETA: 15m00s | Path: GPU-cuStateVec+cpu-expect MPI-distributed (1 ranks)
Iter 0294/1024 | E: -63.556358 | Δ: 1.12e-02 | M: 49381.5053 | iter=  1.23s | ETA: 14m59s | Path: GPU-cuStateVec+cpu-expect MPI-distributed (1 ranks)
Iter 0295/1024 | E: -63.570281 | Δ: 1.39e-02 | M: 44562.2692 | iter=  1.23s | ETA: 14m56s | Path: GPU-cuStateVec+cpu-expect MPI-distributed (1 ranks)
[RESILIENCE] Iteration 295: Global theta state checkpointed at path checkpoints/NH3/checkpoint_iter_0295.npy. 
Iter 0296/1024 | E: -63.560300 | Δ: 9.98e-03 | M: 43220.5541 | iter=  1.23s | ETA: 14m55s | Path: GPU-cuStateVec+cpu-expect MPI-distributed (1 ranks)
Iter 0297/1024 | E: -63.552995 | Δ: 7.30e-03 | M: 42146.8109 | iter=  1.23s | ETA: 14m54s | Path: GPU-cuStateVec+cpu-expect MPI-distributed (1 ranks)
Iter 0298/1024 | E: -63.568036 | Δ: 1.50e-02 | M: 46928.6549 | iter=  1.29s | ETA: 14m53s | Path: GPU-cuStateVec+cpu-expect MPI-distributed (1 ranks)
Iter 0299/1024 | E: -63.575459 | Δ: 7.42e-03 | M: 45683.0449 | iter=  1.23s | ETA: 14m52s | Path: GPU-cuStateVec+cpu-expect MPI-distributed (1 ranks)
Iter 0300/1024 | E: -63.570354 | Δ: 5.11e-03 | M: 50763.7830 | iter=  1.23s | ETA: 14m51s | Path: GPU-cuStateVec+cpu-expect MPI-distributed (1 ranks)
[RESILIENCE] Iteration 300: Global theta state checkpointed at path checkpoints/NH3/checkpoint_iter_0300.npy. 
Iter 0301/1024 | E: -63.574732 | Δ: 4.38e-03 | M: 50439.8705 | iter=  1.23s | ETA: 14m50s | Path: GPU-cuStateVec+cpu-expect MPI-distributed (1 ranks)
Iter 0302/1024 | E: -63.579752 | Δ: 5.02e-03 | M: 47631.0912 | iter=  1.23s | ETA: 14m49s | Path: GPU-cuStateVec+cpu-expect MPI-distributed (1 ranks)
Iter 0303/1024 | E: -63.583850 | Δ: 4.10e-03 | M: 52526.1629 | iter=  1.23s | ETA: 14m46s | Path: GPU-cuStateVec+cpu-expect MPI-distributed (1 ranks)
Iter 0304/1024 | E: -63.570803 | Δ: 1.30e-02 | M: 53801.9986 | iter=  1.23s | ETA: 14m45s | Path: GPU-cuStateVec+cpu-expect MPI-distributed (1 ranks)
Iter 0305/1024 | E: -63.574564 | Δ: 3.76e-03 | M: 48922.0749 | iter=  1.23s | ETA: 14m44s | Path: GPU-cuStateVec+cpu-expect MPI-distributed (1 ranks)
[RESILIENCE] Iteration 305: Global theta state checkpointed at path checkpoints/NH3/checkpoint_iter_0305.npy. 
Iter 0306/1024 | E: -63.580792 | Δ: 6.23e-03 | M: 55961.0541 | iter=  1.23s | ETA: 14m42s | Path: GPU-cuStateVec+cpu-expect MPI-distributed (1 ranks)
Iter 0307/1024 | E: -63.571099 | Δ: 9.69e-03 | M: 61336.1506 | iter=  1.23s | ETA: 14m41s | Path: GPU-cuStateVec+cpu-expect MPI-distributed (1 ranks)
Iter 0308/1024 | E: -63.580772 | Δ: 9.67e-03 | M: 50511.8292 | iter=  1.23s | ETA: 14m40s | Path: GPU-cuStateVec+cpu-expect MPI-distributed (1 ranks)
Iter 0309/1024 | E: -63.591235 | Δ: 1.05e-02 | M: 56763.6909 | iter=  1.23s | ETA: 14m39s | Path: GPU-cuStateVec+cpu-expect MPI-distributed (1 ranks)
Iter 0310/1024 | E: -63.582285 | Δ: 8.95e-03 | M: 57728.3748 | iter=  1.23s | ETA: 14m37s | Path: GPU-cuStateVec+cpu-expect MPI-distributed (1 ranks)
[RESILIENCE] Iteration 310: Global theta state checkpointed at path checkpoints/NH3/checkpoint_iter_0310.npy. 
Iter 0311/1024 | E: -63.590595 | Δ: 8.31e-03 | M: 57280.2412 | iter=  1.23s | ETA: 14m36s | Path: GPU-cuStateVec+cpu-expect MPI-distributed (1 ranks)
Iter 0312/1024 | E: -63.590683 | Δ: 8.74e-05 | M: 61353.3288 | iter=  1.23s | ETA: 14m35s | Path: GPU-cuStateVec+cpu-expect MPI-distributed (1 ranks)
Iter 0313/1024 | E: -63.594375 | Δ: 3.69e-03 | M: 58938.0949 | iter=  1.23s | ETA: 14m34s | Path: GPU-cuStateVec+cpu-expect MPI-distributed (1 ranks)
Iter 0314/1024 | E: -63.602210 | Δ: 7.83e-03 | M: 47070.4603 | iter=  1.23s | ETA: 14m33s | Path: GPU-cuStateVec+cpu-expect MPI-distributed (1 ranks)
Iter 0315/1024 | E: -63.608006 | Δ: 5.80e-03 | M: 47994.1276 | iter=  1.23s | ETA: 14m32s | Path: GPU-cuStateVec+cpu-expect MPI-distributed (1 ranks)
[RESILIENCE] Iteration 315: Global theta state checkpointed at path checkpoints/NH3/checkpoint_iter_0315.npy. 
Iter 0316/1024 | E: -63.601126 | Δ: 6.88e-03 | M: 48381.0759 | iter=  1.24s | ETA: 14m31s | Path: GPU-cuStateVec+cpu-expect MPI-distributed (1 ranks)
Iter 0317/1024 | E: -63.598126 | Δ: 3.00e-03 | M: 50152.6564 | iter=  1.24s | ETA: 14m31s | Path: GPU-cuStateVec+cpu-expect MPI-distributed (1 ranks)
Iter 0318/1024 | E: -63.595248 | Δ: 2.88e-03 | M: 53566.5858 | iter=  1.24s | ETA: 14m32s | Path: GPU-cuStateVec+cpu-expect MPI-distributed (1 ranks)
Iter 0319/1024 | E: -63.605373 | Δ: 1.01e-02 | M: 49795.3360 | iter=  1.25s | ETA: 14m34s | Path: GPU-cuStateVec+cpu-expect MPI-distributed (1 ranks)
Iter 0320/1024 | E: -63.607197 | Δ: 1.82e-03 | M: 55755.2879 | iter=  1.24s | ETA: 14m35s | Path: GPU-cuStateVec+cpu-expect MPI-distributed (1 ranks)
[RESILIENCE] Iteration 320: Global theta state checkpointed at path checkpoints/NH3/checkpoint_iter_0320.npy. 
Iter 0321/1024 | E: -63.606764 | Δ: 4.33e-04 | M: 49664.3191 | iter=  1.29s | ETA: 14m34s | Path: GPU-cuStateVec+cpu-expect MPI-distributed (1 ranks)
Iter 0322/1024 | E: -63.619805 | Δ: 1.30e-02 | M: 63843.6169 | iter=  1.23s | ETA: 14m33s | Path: GPU-cuStateVec+cpu-expect MPI-distributed (1 ranks)
Iter 0323/1024 | E: -63.608420 | Δ: 1.14e-02 | M: 55647.1152 | iter=  1.24s | ETA: 14m32s | Path: GPU-cuStateVec+cpu-expect MPI-distributed (1 ranks)
Iter 0324/1024 | E: -63.618622 | Δ: 1.02e-02 | M: 53341.8968 | iter=  1.23s | ETA: 14m25s | Path: GPU-cuStateVec+cpu-expect MPI-distributed (1 ranks)
Iter 0325/1024 | E: -63.607428 | Δ: 1.12e-02 | M: 53709.2064 | iter=  1.24s | ETA: 14m23s | Path: GPU-cuStateVec+cpu-expect MPI-distributed (1 ranks)
[RESILIENCE] Iteration 325: Global theta state checkpointed at path checkpoints/NH3/checkpoint_iter_0325.npy. 
Iter 0326/1024 | E: -63.607619 | Δ: 1.90e-04 | M: 59563.8167 | iter=  1.23s | ETA: 14m21s | Path: GPU-cuStateVec+cpu-expect MPI-distributed (1 ranks)
Iter 0327/1024 | E: -63.618272 | Δ: 1.07e-02 | M: 54684.4618 | iter=  1.23s | ETA: 14m20s | Path: GPU-cuStateVec+cpu-expect MPI-distributed (1 ranks)
Iter 0328/1024 | E: -63.612760 | Δ: 5.51e-03 | M: 56862.1214 | iter=  1.24s | ETA: 14m18s | Path: GPU-cuStateVec+cpu-expect MPI-distributed (1 ranks)
Iter 0329/1024 | E: -63.616647 | Δ: 3.89e-03 | M: 56026.2319 | iter=  1.24s | ETA: 14m18s | Path: GPU-cuStateVec+cpu-expect MPI-distributed (1 ranks)
Iter 0330/1024 | E: -63.618005 | Δ: 1.36e-03 | M: 48180.0882 | iter=  1.23s | ETA: 14m16s | Path: GPU-cuStateVec+cpu-expect MPI-distributed (1 ranks)
[RESILIENCE] Iteration 330: Global theta state checkpointed at path checkpoints/NH3/checkpoint_iter_0330.npy. 
Iter 0331/1024 | E: -63.616095 | Δ: 1.91e-03 | M: 51814.1161 | iter=  1.23s | ETA: 14m15s | Path: GPU-cuStateVec+cpu-expect MPI-distributed (1 ranks)
Iter 0332/1024 | E: -63.616692 | Δ: 5.97e-04 | M: 51653.1521 | iter=  1.24s | ETA: 14m14s | Path: GPU-cuStateVec+cpu-expect MPI-distributed (1 ranks)
Iter 0333/1024 | E: -63.630417 | Δ: 1.37e-02 | M: 59538.8162 | iter=  1.24s | ETA: 14m13s | Path: GPU-cuStateVec+cpu-expect MPI-distributed (1 ranks)
Iter 0334/1024 | E: -63.638291 | Δ: 7.87e-03 | M: 55577.4339 | iter=  1.23s | ETA: 14m11s | Path: GPU-cuStateVec+cpu-expect MPI-distributed (1 ranks)
Iter 0335/1024 | E: -63.640812 | Δ: 2.52e-03 | M: 56474.5037 | iter=  1.23s | ETA: 14m10s | Path: GPU-cuStateVec+cpu-expect MPI-distributed (1 ranks)
[RESILIENCE] Iteration 335: Global theta state checkpointed at path checkpoints/NH3/checkpoint_iter_0335.npy. 
Iter 0336/1024 | E: -63.640486 | Δ: 3.25e-04 | M: 62866.2899 | iter=  1.24s | ETA: 14m10s | Path: GPU-cuStateVec+cpu-expect MPI-distributed (1 ranks)
Iter 0337/1024 | E: -63.642388 | Δ: 1.90e-03 | M: 56799.5387 | iter=  1.23s | ETA: 14m08s | Path: GPU-cuStateVec+cpu-expect MPI-distributed (1 ranks)
Iter 0338/1024 | E: -63.636521 | Δ: 5.87e-03 | M: 51271.2443 | iter=  1.24s | ETA: 14m07s | Path: GPU-cuStateVec+cpu-expect MPI-distributed (1 ranks)
Iter 0339/1024 | E: -63.642169 | Δ: 5.65e-03 | M: 48730.6142 | iter=  1.29s | ETA: 14m07s | Path: GPU-cuStateVec+cpu-expect MPI-distributed (1 ranks)
Iter 0340/1024 | E: -63.661783 | Δ: 1.96e-02 | M: 51967.0772 | iter=  1.24s | ETA: 14m06s | Path: GPU-cuStateVec+cpu-expect MPI-distributed (1 ranks)
[RESILIENCE] Iteration 340: Global theta state checkpointed at path checkpoints/NH3/checkpoint_iter_0340.npy. 
Iter 0341/1024 | E: -63.660475 | Δ: 1.31e-03 | M: 53145.7312 | iter=  1.23s | ETA: 14m04s | Path: GPU-cuStateVec+cpu-expect MPI-distributed (1 ranks)
Iter 0342/1024 | E: -63.658243 | Δ: 2.23e-03 | M: 56033.8694 | iter=  1.23s | ETA: 14m03s | Path: GPU-cuStateVec+cpu-expect MPI-distributed (1 ranks)
Iter 0343/1024 | E: -63.644384 | Δ: 1.39e-02 | M: 48435.4080 | iter=  1.23s | ETA: 14m00s | Path: GPU-cuStateVec+cpu-expect MPI-distributed (1 ranks)
Iter 0344/1024 | E: -63.649129 | Δ: 4.74e-03 | M: 31930.7902 | iter=  1.24s | ETA: 13m59s | Path: GPU-cuStateVec+cpu-expect MPI-distributed (1 ranks)
Iter 0345/1024 | E: -63.653688 | Δ: 4.56e-03 | M: 47200.7281 | iter=  1.23s | ETA: 13m58s | Path: GPU-cuStateVec+cpu-expect MPI-distributed (1 ranks)
[RESILIENCE] Iteration 345: Global theta state checkpointed at path checkpoints/NH3/checkpoint_iter_0345.npy. 
Iter 0346/1024 | E: -63.660950 | Δ: 7.26e-03 | M: 55036.4158 | iter=  1.23s | ETA: 13m55s | Path: GPU-cuStateVec+cpu-expect MPI-distributed (1 ranks)
Iter 0347/1024 | E: -63.655449 | Δ: 5.50e-03 | M: 51482.3064 | iter=  1.23s | ETA: 13m53s | Path: GPU-cuStateVec+cpu-expect MPI-distributed (1 ranks)
Iter 0348/1024 | E: -63.651001 | Δ: 4.45e-03 | M: 52193.7427 | iter=  1.23s | ETA: 13m53s | Path: GPU-cuStateVec+cpu-expect MPI-distributed (1 ranks)
Iter 0349/1024 | E: -63.660787 | Δ: 9.79e-03 | M: 59756.0285 | iter=  1.23s | ETA: 13m50s | Path: GPU-cuStateVec+cpu-expect MPI-distributed (1 ranks)
Iter 0350/1024 | E: -63.662281 | Δ: 1.49e-03 | M: 56878.4738 | iter=  1.23s | ETA: 13m48s | Path: GPU-cuStateVec+cpu-expect MPI-distributed (1 ranks)
[RESILIENCE] Iteration 350: Global theta state checkpointed at path checkpoints/NH3/checkpoint_iter_0350.npy. 
Iter 0351/1024 | E: -63.659800 | Δ: 2.48e-03 | M: 53843.2431 | iter=  1.23s | ETA: 13m48s | Path: GPU-cuStateVec+cpu-expect MPI-distributed (1 ranks)
Iter 0352/1024 | E: -63.667845 | Δ: 8.05e-03 | M: 54699.6337 | iter=  1.23s | ETA: 13m46s | Path: GPU-cuStateVec+cpu-expect MPI-distributed (1 ranks)
Iter 0353/1024 | E: -63.663859 | Δ: 3.99e-03 | M: 56850.8138 | iter=  1.23s | ETA: 13m44s | Path: GPU-cuStateVec+cpu-expect MPI-distributed (1 ranks)
Iter 0354/1024 | E: -63.668025 | Δ: 4.17e-03 | M: 44104.6589 | iter=  1.23s | ETA: 13m45s | Path: GPU-cuStateVec+cpu-expect MPI-distributed (1 ranks)
Iter 0355/1024 | E: -63.671888 | Δ: 3.86e-03 | M: 53858.3053 | iter=  1.23s | ETA: 13m44s | Path: GPU-cuStateVec+cpu-expect MPI-distributed (1 ranks)
[RESILIENCE] Iteration 355: Global theta state checkpointed at path checkpoints/NH3/checkpoint_iter_0355.npy. 
Iter 0356/1024 | E: -63.675311 | Δ: 3.42e-03 | M: 52863.8418 | iter=  1.24s | ETA: 13m43s | Path: GPU-cuStateVec+cpu-expect MPI-distributed (1 ranks)
Iter 0357/1024 | E: -63.678799 | Δ: 3.49e-03 | M: 56976.2011 | iter=  1.23s | ETA: 13m42s | Path: GPU-cuStateVec+cpu-expect MPI-distributed (1 ranks)
Iter 0358/1024 | E: -63.689156 | Δ: 1.04e-02 | M: 53238.6774 | iter=  1.24s | ETA: 13m41s | Path: GPU-cuStateVec+cpu-expect MPI-distributed (1 ranks)
Iter 0359/1024 | E: -63.675347 | Δ: 1.38e-02 | M: 55060.8089 | iter=  1.23s | ETA: 13m40s | Path: GPU-cuStateVec+cpu-expect MPI-distributed (1 ranks)
Iter 0360/1024 | E: -63.673149 | Δ: 2.20e-03 | M: 56776.3322 | iter=  1.23s | ETA: 13m39s | Path: GPU-cuStateVec+cpu-expect MPI-distributed (1 ranks)
[RESILIENCE] Iteration 360: Global theta state checkpointed at path checkpoints/NH3/checkpoint_iter_0360.npy. 
Iter 0361/1024 | E: -63.681257 | Δ: 8.11e-03 | M: 62333.3552 | iter=  1.23s | ETA: 13m38s | Path: GPU-cuStateVec+cpu-expect MPI-distributed (1 ranks)
Iter 0362/1024 | E: -63.689933 | Δ: 8.68e-03 | M: 51580.7977 | iter=  1.23s | ETA: 13m36s | Path: GPU-cuStateVec+cpu-expect MPI-distributed (1 ranks)
Iter 0363/1024 | E: -63.686790 | Δ: 3.14e-03 | M: 44127.7466 | iter=  1.24s | ETA: 13m35s | Path: GPU-cuStateVec+cpu-expect MPI-distributed (1 ranks)
Iter 0364/1024 | E: -63.689181 | Δ: 2.39e-03 | M: 47162.6710 | iter=  1.23s | ETA: 13m33s | Path: GPU-cuStateVec+cpu-expect MPI-distributed (1 ranks)
Iter 0365/1024 | E: -63.692391 | Δ: 3.21e-03 | M: 47443.1470 | iter=  1.24s | ETA: 13m32s | Path: GPU-cuStateVec+cpu-expect MPI-distributed (1 ranks)
[RESILIENCE] Iteration 365: Global theta state checkpointed at path checkpoints/NH3/checkpoint_iter_0365.npy. 
Iter 0366/1024 | E: -63.694074 | Δ: 1.68e-03 | M: 44923.0945 | iter=  1.24s | ETA: 13m32s | Path: GPU-cuStateVec+cpu-expect MPI-distributed (1 ranks)
Iter 0367/1024 | E: -63.696549 | Δ: 2.47e-03 | M: 46391.0692 | iter=  1.23s | ETA: 13m31s | Path: GPU-cuStateVec+cpu-expect MPI-distributed (1 ranks)
Iter 0368/1024 | E: -63.698970 | Δ: 2.42e-03 | M: 48711.5703 | iter=  1.23s | ETA: 13m29s | Path: GPU-cuStateVec+cpu-expect MPI-distributed (1 ranks)
Iter 0369/1024 | E: -63.704571 | Δ: 5.60e-03 | M: 55949.5553 | iter=  1.23s | ETA: 13m28s | Path: GPU-cuStateVec+cpu-expect MPI-distributed (1 ranks)
Iter 0370/1024 | E: -63.706529 | Δ: 1.96e-03 | M: 48484.5243 | iter=  1.23s | ETA: 13m25s | Path: GPU-cuStateVec+cpu-expect MPI-distributed (1 ranks)
[RESILIENCE] Iteration 370: Global theta state checkpointed at path checkpoints/NH3/checkpoint_iter_0370.npy. 
Iter 0371/1024 | E: -63.713955 | Δ: 7.43e-03 | M: 56713.0174 | iter=  1.23s | ETA: 13m24s | Path: GPU-cuStateVec+cpu-expect MPI-distributed (1 ranks)
Iter 0372/1024 | E: -63.696794 | Δ: 1.72e-02 | M: 55418.1090 | iter=  1.23s | ETA: 13m23s | Path: GPU-cuStateVec+cpu-expect MPI-distributed (1 ranks)
Iter 0373/1024 | E: -63.705923 | Δ: 9.13e-03 | M: 54107.1151 | iter=  1.23s | ETA: 13m21s | Path: GPU-cuStateVec+cpu-expect MPI-distributed (1 ranks)
Iter 0374/1024 | E: -63.710237 | Δ: 4.31e-03 | M: 47852.6894 | iter=  1.23s | ETA: 13m20s | Path: GPU-cuStateVec+cpu-expect MPI-distributed (1 ranks)
Iter 0375/1024 | E: -63.711716 | Δ: 1.48e-03 | M: 47531.9737 | iter=  1.29s | ETA: 13m19s | Path: GPU-cuStateVec+cpu-expect MPI-distributed (1 ranks)
[RESILIENCE] Iteration 375: Global theta state checkpointed at path checkpoints/NH3/checkpoint_iter_0375.npy. 
Iter 0376/1024 | E: -63.719090 | Δ: 7.37e-03 | M: 60948.9371 | iter=  1.23s | ETA: 13m18s | Path: GPU-cuStateVec+cpu-expect MPI-distributed (1 ranks)
Iter 0377/1024 | E: -63.720370 | Δ: 1.28e-03 | M: 56395.6509 | iter=  1.23s | ETA: 13m17s | Path: GPU-cuStateVec+cpu-expect MPI-distributed (1 ranks)
Iter 0378/1024 | E: -63.709659 | Δ: 1.07e-02 | M: 45886.4287 | iter=  1.24s | ETA: 13m17s | Path: GPU-cuStateVec+cpu-expect MPI-distributed (1 ranks)
Iter 0379/1024 | E: -63.710005 | Δ: 3.46e-04 | M: 45979.9537 | iter=  1.24s | ETA: 13m16s | Path: GPU-cuStateVec+cpu-expect MPI-distributed (1 ranks)
Iter 0380/1024 | E: -63.717873 | Δ: 7.87e-03 | M: 44831.2011 | iter=  1.23s | ETA: 13m15s | Path: GPU-cuStateVec+cpu-expect MPI-distributed (1 ranks)
[RESILIENCE] Iteration 380: Global theta state checkpointed at path checkpoints/NH3/checkpoint_iter_0380.npy. 
Iter 0381/1024 | E: -63.710974 | Δ: 6.90e-03 | M: 59326.3079 | iter=  1.23s | ETA: 13m13s | Path: GPU-cuStateVec+cpu-expect MPI-distributed (1 ranks)
Iter 0382/1024 | E: -63.715622 | Δ: 4.65e-03 | M: 49595.2659 | iter=  1.23s | ETA: 13m10s | Path: GPU-cuStateVec+cpu-expect MPI-distributed (1 ranks)
Iter 0383/1024 | E: -63.719470 | Δ: 3.85e-03 | M: 51739.6389 | iter=  1.24s | ETA: 13m09s | Path: GPU-cuStateVec+cpu-expect MPI-distributed (1 ranks)
Iter 0384/1024 | E: -63.732258 | Δ: 1.28e-02 | M: 49985.1571 | iter=  1.25s | ETA: 13m08s | Path: GPU-cuStateVec+cpu-expect MPI-distributed (1 ranks)
Iter 0385/1024 | E: -63.744364 | Δ: 1.21e-02 | M: 57569.8757 | iter=  1.24s | ETA: 13m10s | Path: GPU-cuStateVec+cpu-expect MPI-distributed (1 ranks)
[RESILIENCE] Iteration 385: Global theta state checkpointed at path checkpoints/NH3/checkpoint_iter_0385.npy. 
Iter 0386/1024 | E: -63.743409 | Δ: 9.55e-04 | M: 52080.2274 | iter=  1.25s | ETA: 13m13s | Path: GPU-cuStateVec+cpu-expect MPI-distributed (1 ranks)
Iter 0387/1024 | E: -63.744165 | Δ: 7.55e-04 | M: 51614.7131 | iter=  1.24s | ETA: 13m11s | Path: GPU-cuStateVec+cpu-expect MPI-distributed (1 ranks)
Iter 0388/1024 | E: -63.750225 | Δ: 6.06e-03 | M: 56361.6501 | iter=  1.23s | ETA: 13m07s | Path: GPU-cuStateVec+cpu-expect MPI-distributed (1 ranks)
Iter 0389/1024 | E: -63.735060 | Δ: 1.52e-02 | M: 52857.5654 | iter=  1.24s | ETA: 13m05s | Path: GPU-cuStateVec+cpu-expect MPI-distributed (1 ranks)
Iter 0390/1024 | E: -63.740816 | Δ: 5.76e-03 | M: 46758.2909 | iter=  1.23s | ETA: 13m03s | Path: GPU-cuStateVec+cpu-expect MPI-distributed (1 ranks)
[RESILIENCE] Iteration 390: Global theta state checkpointed at path checkpoints/NH3/checkpoint_iter_0390.npy. 
Iter 0391/1024 | E: -63.744876 | Δ: 4.06e-03 | M: 49847.1814 | iter=  1.23s | ETA: 13m01s | Path: GPU-cuStateVec+cpu-expect MPI-distributed (1 ranks)
Iter 0392/1024 | E: -63.745066 | Δ: 1.90e-04 | M: 33182.6185 | iter=  1.23s | ETA: 12m59s | Path: GPU-cuStateVec+cpu-expect MPI-distributed (1 ranks)
Iter 0393/1024 | E: -63.743251 | Δ: 1.82e-03 | M: 50699.1293 | iter=  1.23s | ETA: 12m58s | Path: GPU-cuStateVec+cpu-expect MPI-distributed (1 ranks)
Iter 0394/1024 | E: -63.750728 | Δ: 7.48e-03 | M: 58762.0240 | iter=  1.23s | ETA: 12m56s | Path: GPU-cuStateVec+cpu-expect MPI-distributed (1 ranks)
Iter 0395/1024 | E: -63.762428 | Δ: 1.17e-02 | M: 52364.3021 | iter=  1.23s | ETA: 12m55s | Path: GPU-cuStateVec+cpu-expect MPI-distributed (1 ranks)
[RESILIENCE] Iteration 395: Global theta state checkpointed at path checkpoints/NH3/checkpoint_iter_0395.npy. 
Iter 0396/1024 | E: -63.758587 | Δ: 3.84e-03 | M: 49280.3246 | iter=  1.23s | ETA: 12m53s | Path: GPU-cuStateVec+cpu-expect MPI-distributed (1 ranks)
Iter 0397/1024 | E: -63.763427 | Δ: 4.84e-03 | M: 50778.2752 | iter=  1.23s | ETA: 12m52s | Path: GPU-cuStateVec+cpu-expect MPI-distributed (1 ranks)
Iter 0398/1024 | E: -63.755041 | Δ: 8.39e-03 | M: 54001.5534 | iter=  1.23s | ETA: 12m51s | Path: GPU-cuStateVec+cpu-expect MPI-distributed (1 ranks)
Iter 0399/1024 | E: -63.748667 | Δ: 6.37e-03 | M: 53552.4171 | iter=  1.23s | ETA: 12m50s | Path: GPU-cuStateVec+cpu-expect MPI-distributed (1 ranks)
Iter 0400/1024 | E: -63.759521 | Δ: 1.09e-02 | M: 51841.0903 | iter=  1.23s | ETA: 12m48s | Path: GPU-cuStateVec+cpu-expect MPI-distributed (1 ranks)
[RESILIENCE] Iteration 400: Global theta state checkpointed at path checkpoints/NH3/checkpoint_iter_0400.npy. 
Iter 0401/1024 | E: -63.750389 | Δ: 9.13e-03 | M: 52761.1954 | iter=  1.23s | ETA: 12m47s | Path: GPU-cuStateVec+cpu-expect MPI-distributed (1 ranks)
Iter 0402/1024 | E: -63.758728 | Δ: 8.34e-03 | M: 47033.4320 | iter=  1.29s | ETA: 12m47s | Path: GPU-cuStateVec+cpu-expect MPI-distributed (1 ranks)
Iter 0403/1024 | E: -63.758445 | Δ: 2.83e-04 | M: 45939.2190 | iter=  1.24s | ETA: 12m46s | Path: GPU-cuStateVec+cpu-expect MPI-distributed (1 ranks)
Iter 0404/1024 | E: -63.769125 | Δ: 1.07e-02 | M: 46307.4571 | iter=  1.24s | ETA: 12m45s | Path: GPU-cuStateVec+cpu-expect MPI-distributed (1 ranks)
Iter 0405/1024 | E: -63.769300 | Δ: 1.75e-04 | M: 58224.7046 | iter=  1.23s | ETA: 12m44s | Path: GPU-cuStateVec+cpu-expect MPI-distributed (1 ranks)
[RESILIENCE] Iteration 405: Global theta state checkpointed at path checkpoints/NH3/checkpoint_iter_0405.npy. 
Iter 0406/1024 | E: -63.765653 | Δ: 3.65e-03 | M: 56246.0982 | iter=  1.23s | ETA: 12m43s | Path: GPU-cuStateVec+cpu-expect MPI-distributed (1 ranks)
Iter 0407/1024 | E: -63.781289 | Δ: 1.56e-02 | M: 57467.2983 | iter=  1.24s | ETA: 12m42s | Path: GPU-cuStateVec+cpu-expect MPI-distributed (1 ranks)
Iter 0408/1024 | E: -63.778541 | Δ: 2.75e-03 | M: 58709.3049 | iter=  1.23s | ETA: 12m39s | Path: GPU-cuStateVec+cpu-expect MPI-distributed (1 ranks)
Iter 0409/1024 | E: -63.775354 | Δ: 3.19e-03 | M: 54767.8516 | iter=  1.23s | ETA: 12m37s | Path: GPU-cuStateVec+cpu-expect MPI-distributed (1 ranks)
Iter 0410/1024 | E: -63.778497 | Δ: 3.14e-03 | M: 53566.5922 | iter=  1.23s | ETA: 12m36s | Path: GPU-cuStateVec+cpu-expect MPI-distributed (1 ranks)
[RESILIENCE] Iteration 410: Global theta state checkpointed at path checkpoints/NH3/checkpoint_iter_0410.npy. 
Iter 0411/1024 | E: -63.771543 | Δ: 6.95e-03 | M: 56493.0187 | iter=  1.23s | ETA: 12m34s | Path: GPU-cuStateVec+cpu-expect MPI-distributed (1 ranks)
Iter 0412/1024 | E: -63.772377 | Δ: 8.34e-04 | M: 49621.6649 | iter=  1.23s | ETA: 12m33s | Path: GPU-cuStateVec+cpu-expect MPI-distributed (1 ranks)
Iter 0413/1024 | E: -63.781965 | Δ: 9.59e-03 | M: 49833.3972 | iter=  1.23s | ETA: 12m33s | Path: GPU-cuStateVec+cpu-expect MPI-distributed (1 ranks)
Iter 0414/1024 | E: -63.785974 | Δ: 4.01e-03 | M: 49775.7408 | iter=  1.23s | ETA: 12m32s | Path: GPU-cuStateVec+cpu-expect MPI-distributed (1 ranks)
Iter 0415/1024 | E: -63.780848 | Δ: 5.13e-03 | M: 47289.9348 | iter=  1.24s | ETA: 12m30s | Path: GPU-cuStateVec+cpu-expect MPI-distributed (1 ranks)
[RESILIENCE] Iteration 415: Global theta state checkpointed at path checkpoints/NH3/checkpoint_iter_0415.npy. 
Iter 0416/1024 | E: -63.778012 | Δ: 2.84e-03 | M: 55359.0415 | iter=  1.23s | ETA: 12m29s | Path: GPU-cuStateVec+cpu-expect MPI-distributed (1 ranks)
Iter 0417/1024 | E: -63.789642 | Δ: 1.16e-02 | M: 57159.2182 | iter=  1.23s | ETA: 12m28s | Path: GPU-cuStateVec+cpu-expect MPI-distributed (1 ranks)
Iter 0418/1024 | E: -63.781213 | Δ: 8.43e-03 | M: 58308.8951 | iter=  1.23s | ETA: 12m27s | Path: GPU-cuStateVec+cpu-expect MPI-distributed (1 ranks)
Iter 0419/1024 | E: -63.780447 | Δ: 7.67e-04 | M: 48533.6463 | iter=  1.23s | ETA: 12m25s | Path: GPU-cuStateVec+cpu-expect MPI-distributed (1 ranks)
Iter 0420/1024 | E: -63.787130 | Δ: 6.68e-03 | M: 54224.6868 | iter=  1.24s | ETA: 12m24s | Path: GPU-cuStateVec+cpu-expect MPI-distributed (1 ranks)
[RESILIENCE] Iteration 420: Global theta state checkpointed at path checkpoints/NH3/checkpoint_iter_0420.npy. 
Iter 0421/1024 | E: -63.785880 | Δ: 1.25e-03 | M: 50384.1085 | iter=  1.23s | ETA: 12m22s | Path: GPU-cuStateVec+cpu-expect MPI-distributed (1 ranks)
Iter 0422/1024 | E: -63.784049 | Δ: 1.83e-03 | M: 48417.7865 | iter=  1.23s | ETA: 12m21s | Path: GPU-cuStateVec+cpu-expect MPI-distributed (1 ranks)
Iter 0423/1024 | E: -63.789285 | Δ: 5.24e-03 | M: 46628.9368 | iter=  1.24s | ETA: 12m20s | Path: GPU-cuStateVec+cpu-expect MPI-distributed (1 ranks)
Iter 0424/1024 | E: -63.785554 | Δ: 3.73e-03 | M: 46720.8520 | iter=  1.23s | ETA: 12m19s | Path: GPU-cuStateVec+cpu-expect MPI-distributed (1 ranks)
Iter 0425/1024 | E: -63.790395 | Δ: 4.84e-03 | M: 47479.0534 | iter=  1.29s | ETA: 12m18s | Path: GPU-cuStateVec+cpu-expect MPI-distributed (1 ranks)
[RESILIENCE] Iteration 425: Global theta state checkpointed at path checkpoints/NH3/checkpoint_iter_0425.npy. 
Iter 0426/1024 | E: -63.784927 | Δ: 5.47e-03 | M: 53545.9950 | iter=  1.24s | ETA: 12m18s | Path: GPU-cuStateVec+cpu-expect MPI-distributed (1 ranks)
Iter 0427/1024 | E: -63.789337 | Δ: 4.41e-03 | M: 46028.5084 | iter=  1.23s | ETA: 12m17s | Path: GPU-cuStateVec+cpu-expect MPI-distributed (1 ranks)
Iter 0428/1024 | E: -63.796049 | Δ: 6.71e-03 | M: 56421.6374 | iter=  1.23s | ETA: 12m15s | Path: GPU-cuStateVec+cpu-expect MPI-distributed (1 ranks)
Iter 0429/1024 | E: -63.783098 | Δ: 1.30e-02 | M: 53675.3334 | iter=  1.23s | ETA: 12m14s | Path: GPU-cuStateVec+cpu-expect MPI-distributed (1 ranks)
Iter 0430/1024 | E: -63.793961 | Δ: 1.09e-02 | M: 61884.7635 | iter=  1.23s | ETA: 12m12s | Path: GPU-cuStateVec+cpu-expect MPI-distributed (1 ranks)
[RESILIENCE] Iteration 430: Global theta state checkpointed at path checkpoints/NH3/checkpoint_iter_0430.npy. 
Iter 0431/1024 | E: -63.798031 | Δ: 4.07e-03 | M: 55334.6823 | iter=  1.24s | ETA: 12m11s | Path: GPU-cuStateVec+cpu-expect MPI-distributed (1 ranks)
Iter 0432/1024 | E: -63.792130 | Δ: 5.90e-03 | M: 53547.1432 | iter=  1.23s | ETA: 12m10s | Path: GPU-cuStateVec+cpu-expect MPI-distributed (1 ranks)
Iter 0433/1024 | E: -63.794716 | Δ: 2.59e-03 | M: 56641.2829 | iter=  1.23s | ETA: 12m09s | Path: GPU-cuStateVec+cpu-expect MPI-distributed (1 ranks)
Iter 0434/1024 | E: -63.795136 | Δ: 4.19e-04 | M: 64749.3660 | iter=  1.23s | ETA: 12m08s | Path: GPU-cuStateVec+cpu-expect MPI-distributed (1 ranks)
Iter 0435/1024 | E: -63.792847 | Δ: 2.29e-03 | M: 54527.0391 | iter=  1.23s | ETA: 12m06s | Path: GPU-cuStateVec+cpu-expect MPI-distributed (1 ranks)
[RESILIENCE] Iteration 435: Global theta state checkpointed at path checkpoints/NH3/checkpoint_iter_0435.npy. 
Iter 0436/1024 | E: -63.799482 | Δ: 6.63e-03 | M: 60706.5807 | iter=  1.23s | ETA: 12m05s | Path: GPU-cuStateVec+cpu-expect MPI-distributed (1 ranks)
Iter 0437/1024 | E: -63.794883 | Δ: 4.60e-03 | M: 57874.3412 | iter=  1.24s | ETA: 12m04s | Path: GPU-cuStateVec+cpu-expect MPI-distributed (1 ranks)
Iter 0438/1024 | E: -63.795493 | Δ: 6.11e-04 | M: 50760.1803 | iter=  1.23s | ETA: 12m03s | Path: GPU-cuStateVec+cpu-expect MPI-distributed (1 ranks)
Iter 0439/1024 | E: -63.803178 | Δ: 7.68e-03 | M: 54679.2455 | iter=  1.23s | ETA: 12m01s | Path: GPU-cuStateVec+cpu-expect MPI-distributed (1 ranks)
Iter 0440/1024 | E: -63.803324 | Δ: 1.46e-04 | M: 49664.8354 | iter=  1.24s | ETA: 12m00s | Path: GPU-cuStateVec+cpu-expect MPI-distributed (1 ranks)
[RESILIENCE] Iteration 440: Global theta state checkpointed at path checkpoints/NH3/checkpoint_iter_0440.npy. 
Iter 0441/1024 | E: -63.804337 | Δ: 1.01e-03 | M: 48144.9520 | iter=  1.23s | ETA: 11m59s | Path: GPU-cuStateVec+cpu-expect MPI-distributed (1 ranks)
Iter 0442/1024 | E: -63.806089 | Δ: 1.75e-03 | M: 50216.7692 | iter=  1.23s | ETA: 11m57s | Path: GPU-cuStateVec+cpu-expect MPI-distributed (1 ranks)
Iter 0443/1024 | E: -63.812314 | Δ: 6.22e-03 | M: 45791.8044 | iter=  1.29s | ETA: 11m56s | Path: GPU-cuStateVec+cpu-expect MPI-distributed (1 ranks)
Iter 0444/1024 | E: -63.806004 | Δ: 6.31e-03 | M: 52295.8883 | iter=  1.24s | ETA: 11m56s | Path: GPU-cuStateVec+cpu-expect MPI-distributed (1 ranks)
Iter 0445/1024 | E: -63.812131 | Δ: 6.13e-03 | M: 47598.8539 | iter=  1.23s | ETA: 11m53s | Path: GPU-cuStateVec+cpu-expect MPI-distributed (1 ranks)
[RESILIENCE] Iteration 445: Global theta state checkpointed at path checkpoints/NH3/checkpoint_iter_0445.npy. 
Iter 0446/1024 | E: -63.810409 | Δ: 1.72e-03 | M: 53717.4137 | iter=  1.23s | ETA: 11m52s | Path: GPU-cuStateVec+cpu-expect MPI-distributed (1 ranks)
Iter 0447/1024 | E: -63.803467 | Δ: 6.94e-03 | M: 59766.9417 | iter=  1.23s | ETA: 11m51s | Path: GPU-cuStateVec+cpu-expect MPI-distributed (1 ranks)
Iter 0448/1024 | E: -63.815381 | Δ: 1.19e-02 | M: 49618.0326 | iter=  1.23s | ETA: 11m49s | Path: GPU-cuStateVec+cpu-expect MPI-distributed (1 ranks)
Iter 0449/1024 | E: -63.813246 | Δ: 2.13e-03 | M: 50154.4945 | iter=  1.23s | ETA: 11m47s | Path: GPU-cuStateVec+cpu-expect MPI-distributed (1 ranks)
Iter 0450/1024 | E: -63.818629 | Δ: 5.38e-03 | M: 51534.9392 | iter=  1.24s | ETA: 11m46s | Path: GPU-cuStateVec+cpu-expect MPI-distributed (1 ranks)
[RESILIENCE] Iteration 450: Global theta state checkpointed at path checkpoints/NH3/checkpoint_iter_0450.npy. 
Iter 0451/1024 | E: -63.821263 | Δ: 2.63e-03 | M: 46880.4308 | iter=  1.23s | ETA: 11m46s | Path: GPU-cuStateVec+cpu-expect MPI-distributed (1 ranks)
Iter 0452/1024 | E: -63.810967 | Δ: 1.03e-02 | M: 49864.5822 | iter=  1.23s | ETA: 11m45s | Path: GPU-cuStateVec+cpu-expect MPI-distributed (1 ranks)
Iter 0453/1024 | E: -63.818060 | Δ: 7.09e-03 | M: 50717.2794 | iter=  1.23s | ETA: 11m43s | Path: GPU-cuStateVec+cpu-expect MPI-distributed (1 ranks)
Iter 0454/1024 | E: -63.817186 | Δ: 8.74e-04 | M: 52462.0177 | iter=  1.23s | ETA: 11m42s | Path: GPU-cuStateVec+cpu-expect MPI-distributed (1 ranks)
Iter 0455/1024 | E: -63.815393 | Δ: 1.79e-03 | M: 34502.9749 | iter=  1.23s | ETA: 11m41s | Path: GPU-cuStateVec+cpu-expect MPI-distributed (1 ranks)
[RESILIENCE] Iteration 455: Global theta state checkpointed at path checkpoints/NH3/checkpoint_iter_0455.npy. 
Iter 0456/1024 | E: -63.817979 | Δ: 2.59e-03 | M: 52852.4352 | iter=  1.23s | ETA: 11m39s | Path: GPU-cuStateVec+cpu-expect MPI-distributed (1 ranks)
Iter 0457/1024 | E: -63.821869 | Δ: 3.89e-03 | M: 50075.4878 | iter=  1.23s | ETA: 11m38s | Path: GPU-cuStateVec+cpu-expect MPI-distributed (1 ranks)
Iter 0458/1024 | E: -63.830697 | Δ: 8.83e-03 | M: 54838.9607 | iter=  1.23s | ETA: 11m37s | Path: GPU-cuStateVec+cpu-expect MPI-distributed (1 ranks)
Iter 0459/1024 | E: -63.824275 | Δ: 6.42e-03 | M: 47674.3905 | iter=  1.23s | ETA: 11m35s | Path: GPU-cuStateVec+cpu-expect MPI-distributed (1 ranks)
Iter 0460/1024 | E: -63.837547 | Δ: 1.33e-02 | M: 54103.8583 | iter=  1.24s | ETA: 11m33s | Path: GPU-cuStateVec+cpu-expect MPI-distributed (1 ranks)
[RESILIENCE] Iteration 460: Global theta state checkpointed at path checkpoints/NH3/checkpoint_iter_0460.npy. 
Iter 0461/1024 | E: -63.827212 | Δ: 1.03e-02 | M: 56609.3675 | iter=  1.24s | ETA: 11m34s | Path: GPU-cuStateVec+cpu-expect MPI-distributed (1 ranks)
Iter 0462/1024 | E: -63.827440 | Δ: 2.27e-04 | M: 49871.3617 | iter=  1.24s | ETA: 11m34s | Path: GPU-cuStateVec+cpu-expect MPI-distributed (1 ranks)
Iter 0463/1024 | E: -63.832067 | Δ: 4.63e-03 | M: 54135.1087 | iter=  1.24s | ETA: 11m33s | Path: GPU-cuStateVec+cpu-expect MPI-distributed (1 ranks)
Iter 0464/1024 | E: -63.829314 | Δ: 2.75e-03 | M: 54082.0357 | iter=  1.23s | ETA: 11m31s | Path: GPU-cuStateVec+cpu-expect MPI-distributed (1 ranks)
Iter 0465/1024 | E: -63.830191 | Δ: 8.77e-04 | M: 56223.9055 | iter=  1.23s | ETA: 11m30s | Path: GPU-cuStateVec+cpu-expect MPI-distributed (1 ranks)
[RESILIENCE] Iteration 465: Global theta state checkpointed at path checkpoints/NH3/checkpoint_iter_0465.npy. 
Iter 0466/1024 | E: -63.826928 | Δ: 3.26e-03 | M: 70296.1004 | iter=  1.23s | ETA: 11m27s | Path: GPU-cuStateVec+cpu-expect MPI-distributed (1 ranks)
Iter 0467/1024 | E: -63.835794 | Δ: 8.87e-03 | M: 58454.6848 | iter=  1.23s | ETA: 11m26s | Path: GPU-cuStateVec+cpu-expect MPI-distributed (1 ranks)
Iter 0468/1024 | E: -63.841423 | Δ: 5.63e-03 | M: 59579.9787 | iter=  1.23s | ETA: 11m24s | Path: GPU-cuStateVec+cpu-expect MPI-distributed (1 ranks)
Iter 0469/1024 | E: -63.837011 | Δ: 4.41e-03 | M: 63422.8856 | iter=  1.23s | ETA: 11m23s | Path: GPU-cuStateVec+cpu-expect MPI-distributed (1 ranks)
Iter 0470/1024 | E: -63.840724 | Δ: 3.71e-03 | M: 54983.7804 | iter=  1.23s | ETA: 11m21s | Path: GPU-cuStateVec+cpu-expect MPI-distributed (1 ranks)
[RESILIENCE] Iteration 470: Global theta state checkpointed at path checkpoints/NH3/checkpoint_iter_0470.npy. 
Iter 0471/1024 | E: -63.843413 | Δ: 2.69e-03 | M: 59124.5138 | iter=  1.23s | ETA: 11m19s | Path: GPU-cuStateVec+cpu-expect MPI-distributed (1 ranks)
Iter 0472/1024 | E: -63.846542 | Δ: 3.13e-03 | M: 48132.2434 | iter=  1.23s | ETA: 11m18s | Path: GPU-cuStateVec+cpu-expect MPI-distributed (1 ranks)
Iter 0473/1024 | E: -63.837238 | Δ: 9.30e-03 | M: 33446.4682 | iter=  1.23s | ETA: 11m17s | Path: GPU-cuStateVec+cpu-expect MPI-distributed (1 ranks)
Iter 0474/1024 | E: -63.845612 | Δ: 8.37e-03 | M: 58129.8787 | iter=  1.23s | ETA: 11m17s | Path: GPU-cuStateVec+cpu-expect MPI-distributed (1 ranks)
Iter 0475/1024 | E: -63.841158 | Δ: 4.45e-03 | M: 60977.7841 | iter=  1.23s | ETA: 11m16s | Path: GPU-cuStateVec+cpu-expect MPI-distributed (1 ranks)
[RESILIENCE] Iteration 475: Global theta state checkpointed at path checkpoints/NH3/checkpoint_iter_0475.npy. 
Iter 0476/1024 | E: -63.848222 | Δ: 7.06e-03 | M: 55434.4136 | iter=  1.23s | ETA: 11m15s | Path: GPU-cuStateVec+cpu-expect MPI-distributed (1 ranks)
Iter 0477/1024 | E: -63.853907 | Δ: 5.69e-03 | M: 66360.6437 | iter=  1.23s | ETA: 11m13s | Path: GPU-cuStateVec+cpu-expect MPI-distributed (1 ranks)
Iter 0478/1024 | E: -63.838699 | Δ: 1.52e-02 | M: 52699.2444 | iter=  1.23s | ETA: 11m11s | Path: GPU-cuStateVec+cpu-expect MPI-distributed (1 ranks)
Iter 0479/1024 | E: -63.854649 | Δ: 1.59e-02 | M: 50229.0060 | iter=  1.29s | ETA: 11m10s | Path: GPU-cuStateVec+cpu-expect MPI-distributed (1 ranks)
Iter 0480/1024 | E: -63.856352 | Δ: 1.70e-03 | M: 57529.9165 | iter=  1.23s | ETA: 11m09s | Path: GPU-cuStateVec+cpu-expect MPI-distributed (1 ranks)
[RESILIENCE] Iteration 480: Global theta state checkpointed at path checkpoints/NH3/checkpoint_iter_0480.npy. 
Iter 0481/1024 | E: -63.853244 | Δ: 3.11e-03 | M: 56445.3466 | iter=  1.23s | ETA: 11m07s | Path: GPU-cuStateVec+cpu-expect MPI-distributed (1 ranks)
Iter 0482/1024 | E: -63.856258 | Δ: 3.01e-03 | M: 61415.3004 | iter=  1.23s | ETA: 11m06s | Path: GPU-cuStateVec+cpu-expect MPI-distributed (1 ranks)
Iter 0483/1024 | E: -63.863076 | Δ: 6.82e-03 | M: 64221.2162 | iter=  1.23s | ETA: 11m05s | Path: GPU-cuStateVec+cpu-expect MPI-distributed (1 ranks)
Iter 0484/1024 | E: -63.853743 | Δ: 9.33e-03 | M: 55108.9315 | iter=  1.23s | ETA: 11m03s | Path: GPU-cuStateVec+cpu-expect MPI-distributed (1 ranks)
Iter 0485/1024 | E: -63.860594 | Δ: 6.85e-03 | M: 56007.2483 | iter=  1.23s | ETA: 11m02s | Path: GPU-cuStateVec+cpu-expect MPI-distributed (1 ranks)
[RESILIENCE] Iteration 485: Global theta state checkpointed at path checkpoints/NH3/checkpoint_iter_0485.npy. 
Iter 0486/1024 | E: -63.863021 | Δ: 2.43e-03 | M: 51059.2479 | iter=  1.23s | ETA: 11m01s | Path: GPU-cuStateVec+cpu-expect MPI-distributed (1 ranks)
Iter 0487/1024 | E: -63.864091 | Δ: 1.07e-03 | M: 54127.3809 | iter=  1.23s | ETA: 11m00s | Path: GPU-cuStateVec+cpu-expect MPI-distributed (1 ranks)
Iter 0488/1024 | E: -63.852904 | Δ: 1.12e-02 | M: 52936.9997 | iter=  1.23s | ETA: 10m59s | Path: GPU-cuStateVec+cpu-expect MPI-distributed (1 ranks)
Iter 0489/1024 | E: -63.863789 | Δ: 1.09e-02 | M: 46181.6106 | iter=  1.23s | ETA: 10m57s | Path: GPU-cuStateVec+cpu-expect MPI-distributed (1 ranks)
Iter 0490/1024 | E: -63.865524 | Δ: 1.74e-03 | M: 48810.1452 | iter=  1.23s | ETA: 10m56s | Path: GPU-cuStateVec+cpu-expect MPI-distributed (1 ranks)
[RESILIENCE] Iteration 490: Global theta state checkpointed at path checkpoints/NH3/checkpoint_iter_0490.npy. 
Iter 0491/1024 | E: -63.853877 | Δ: 1.16e-02 | M: 51173.2629 | iter=  1.23s | ETA: 10m56s | Path: GPU-cuStateVec+cpu-expect MPI-distributed (1 ranks)
Iter 0492/1024 | E: -63.874697 | Δ: 2.08e-02 | M: 32252.9942 | iter=  1.23s | ETA: 10m54s | Path: GPU-cuStateVec+cpu-expect MPI-distributed (1 ranks)
Iter 0493/1024 | E: -63.860249 | Δ: 1.44e-02 | M: 60225.6601 | iter=  1.23s | ETA: 10m53s | Path: GPU-cuStateVec+cpu-expect MPI-distributed (1 ranks)
Iter 0494/1024 | E: -63.865333 | Δ: 5.08e-03 | M: 56277.3142 | iter=  1.23s | ETA: 10m52s | Path: GPU-cuStateVec+cpu-expect MPI-distributed (1 ranks)
Iter 0495/1024 | E: -63.861346 | Δ: 3.99e-03 | M: 61096.8286 | iter=  1.23s | ETA: 10m50s | Path: GPU-cuStateVec+cpu-expect MPI-distributed (1 ranks)
[RESILIENCE] Iteration 495: Global theta state checkpointed at path checkpoints/NH3/checkpoint_iter_0495.npy. 
Iter 0496/1024 | E: -63.860819 | Δ: 5.27e-04 | M: 36575.2859 | iter=  1.23s | ETA: 10m49s | Path: GPU-cuStateVec+cpu-expect MPI-distributed (1 ranks)
Iter 0497/1024 | E: -63.861355 | Δ: 5.36e-04 | M: 59279.7083 | iter=  1.23s | ETA: 10m48s | Path: GPU-cuStateVec+cpu-expect MPI-distributed (1 ranks)
Iter 0498/1024 | E: -63.863419 | Δ: 2.06e-03 | M: 60734.1199 | iter=  1.23s | ETA: 10m47s | Path: GPU-cuStateVec+cpu-expect MPI-distributed (1 ranks)
Iter 0499/1024 | E: -63.858270 | Δ: 5.15e-03 | M: 64668.9002 | iter=  1.23s | ETA: 10m46s | Path: GPU-cuStateVec+cpu-expect MPI-distributed (1 ranks)
Iter 0500/1024 | E: -63.868445 | Δ: 1.02e-02 | M: 58075.2466 | iter=  1.23s | ETA: 10m45s | Path: GPU-cuStateVec+cpu-expect MPI-distributed (1 ranks)
[RESILIENCE] Iteration 500: Global theta state checkpointed at path checkpoints/NH3/checkpoint_iter_0500.npy. 
Iter 0501/1024 | E: -63.862508 | Δ: 5.94e-03 | M: 51606.1062 | iter=  1.24s | ETA: 10m44s | Path: GPU-cuStateVec+cpu-expect MPI-distributed (1 ranks)
Iter 0502/1024 | E: -63.869182 | Δ: 6.67e-03 | M: 58828.8560 | iter=  1.23s | ETA: 10m43s | Path: GPU-cuStateVec+cpu-expect MPI-distributed (1 ranks)
Iter 0503/1024 | E: -63.867748 | Δ: 1.43e-03 | M: 47717.3401 | iter=  1.23s | ETA: 10m42s | Path: GPU-cuStateVec+cpu-expect MPI-distributed (1 ranks)
Iter 0504/1024 | E: -63.869241 | Δ: 1.49e-03 | M: 55254.8246 | iter=  1.23s | ETA: 10m41s | Path: GPU-cuStateVec+cpu-expect MPI-distributed (1 ranks)
Iter 0505/1024 | E: -63.872846 | Δ: 3.61e-03 | M: 51261.6991 | iter=  1.23s | ETA: 10m40s | Path: GPU-cuStateVec+cpu-expect MPI-distributed (1 ranks)
[RESILIENCE] Iteration 505: Global theta state checkpointed at path checkpoints/NH3/checkpoint_iter_0505.npy. 
Iter 0506/1024 | E: -63.886511 | Δ: 1.37e-02 | M: 44464.2863 | iter=  1.29s | ETA: 10m38s | Path: GPU-cuStateVec+cpu-expect MPI-distributed (1 ranks)
Iter 0507/1024 | E: -63.869076 | Δ: 1.74e-02 | M: 51285.6374 | iter=  1.24s | ETA: 10m37s | Path: GPU-cuStateVec+cpu-expect MPI-distributed (1 ranks)
Iter 0508/1024 | E: -63.872777 | Δ: 3.70e-03 | M: 52560.9370 | iter=  1.24s | ETA: 10m37s | Path: GPU-cuStateVec+cpu-expect MPI-distributed (1 ranks)
Iter 0509/1024 | E: -63.869711 | Δ: 3.07e-03 | M: 48869.7679 | iter=  1.24s | ETA: 10m37s | Path: GPU-cuStateVec+cpu-expect MPI-distributed (1 ranks)
Iter 0510/1024 | E: -63.861702 | Δ: 8.01e-03 | M: 53976.8828 | iter=  1.23s | ETA: 10m36s | Path: GPU-cuStateVec+cpu-expect MPI-distributed (1 ranks)
[RESILIENCE] Iteration 510: Global theta state checkpointed at path checkpoints/NH3/checkpoint_iter_0510.npy. 
Iter 0511/1024 | E: -63.872246 | Δ: 1.05e-02 | M: 50510.9850 | iter=  1.23s | ETA: 10m34s | Path: GPU-cuStateVec+cpu-expect MPI-distributed (1 ranks)
Iter 0512/1024 | E: -63.880987 | Δ: 8.74e-03 | M: 59210.3984 | iter=  1.23s | ETA: 10m31s | Path: GPU-cuStateVec+cpu-expect MPI-distributed (1 ranks)
Iter 0513/1024 | E: -63.877811 | Δ: 3.18e-03 | M: 48344.4061 | iter=  1.23s | ETA: 10m29s | Path: GPU-cuStateVec+cpu-expect MPI-distributed (1 ranks)
Iter 0514/1024 | E: -63.888066 | Δ: 1.03e-02 | M: 57221.0070 | iter=  1.23s | ETA: 10m27s | Path: GPU-cuStateVec+cpu-expect MPI-distributed (1 ranks)
Iter 0515/1024 | E: -63.886435 | Δ: 1.63e-03 | M: 57642.1119 | iter=  1.23s | ETA: 10m26s | Path: GPU-cuStateVec+cpu-expect MPI-distributed (1 ranks)
[RESILIENCE] Iteration 515: Global theta state checkpointed at path checkpoints/NH3/checkpoint_iter_0515.npy. 
Iter 0516/1024 | E: -63.888294 | Δ: 1.86e-03 | M: 65874.6384 | iter=  1.23s | ETA: 10m25s | Path: GPU-cuStateVec+cpu-expect MPI-distributed (1 ranks)
Iter 0517/1024 | E: -63.872708 | Δ: 1.56e-02 | M: 51786.1302 | iter=  1.23s | ETA: 10m24s | Path: GPU-cuStateVec+cpu-expect MPI-distributed (1 ranks)
Iter 0518/1024 | E: -63.894215 | Δ: 2.15e-02 | M: 54388.8766 | iter=  1.24s | ETA: 10m24s | Path: GPU-cuStateVec+cpu-expect MPI-distributed (1 ranks)
Iter 0519/1024 | E: -63.885895 | Δ: 8.32e-03 | M: 52238.6690 | iter=  1.23s | ETA: 10m22s | Path: GPU-cuStateVec+cpu-expect MPI-distributed (1 ranks)
Iter 0520/1024 | E: -63.893848 | Δ: 7.95e-03 | M: 55199.6615 | iter=  1.23s | ETA: 10m21s | Path: GPU-cuStateVec+cpu-expect MPI-distributed (1 ranks)
[RESILIENCE] Iteration 520: Global theta state checkpointed at path checkpoints/NH3/checkpoint_iter_0520.npy. 
Iter 0521/1024 | E: -63.895612 | Δ: 1.76e-03 | M: 54736.3597 | iter=  1.23s | ETA: 10m20s | Path: GPU-cuStateVec+cpu-expect MPI-distributed (1 ranks)
Iter 0522/1024 | E: -63.891958 | Δ: 3.65e-03 | M: 54698.0150 | iter=  1.23s | ETA: 10m17s | Path: GPU-cuStateVec+cpu-expect MPI-distributed (1 ranks)
Iter 0523/1024 | E: -63.895255 | Δ: 3.30e-03 | M: 66200.4927 | iter=  1.23s | ETA: 10m15s | Path: GPU-cuStateVec+cpu-expect MPI-distributed (1 ranks)
Iter 0524/1024 | E: -63.887715 | Δ: 7.54e-03 | M: 58220.4815 | iter=  1.23s | ETA: 10m14s | Path: GPU-cuStateVec+cpu-expect MPI-distributed (1 ranks)
Iter 0525/1024 | E: -63.891506 | Δ: 3.79e-03 | M: 54809.6036 | iter=  1.23s | ETA: 10m13s | Path: GPU-cuStateVec+cpu-expect MPI-distributed (1 ranks)
[RESILIENCE] Iteration 525: Global theta state checkpointed at path checkpoints/NH3/checkpoint_iter_0525.npy. 
Iter 0526/1024 | E: -63.901553 | Δ: 1.00e-02 | M: 60943.0621 | iter=  1.23s | ETA: 10m12s | Path: GPU-cuStateVec+cpu-expect MPI-distributed (1 ranks)
Iter 0527/1024 | E: -63.889206 | Δ: 1.23e-02 | M: 56699.1905 | iter=  1.23s | ETA: 10m11s | Path: GPU-cuStateVec+cpu-expect MPI-distributed (1 ranks)
Iter 0528/1024 | E: -63.890224 | Δ: 1.02e-03 | M: 56349.8730 | iter=  1.23s | ETA: 10m10s | Path: GPU-cuStateVec+cpu-expect MPI-distributed (1 ranks)
Iter 0529/1024 | E: -63.899520 | Δ: 9.30e-03 | M: 49788.5833 | iter=  1.28s | ETA: 10m09s | Path: GPU-cuStateVec+cpu-expect MPI-distributed (1 ranks)
Iter 0530/1024 | E: -63.902437 | Δ: 2.92e-03 | M: 48817.6467 | iter=  1.23s | ETA: 10m08s | Path: GPU-cuStateVec+cpu-expect MPI-distributed (1 ranks)
[RESILIENCE] Iteration 530: Global theta state checkpointed at path checkpoints/NH3/checkpoint_iter_0530.npy. 
Iter 0531/1024 | E: -63.899797 | Δ: 2.64e-03 | M: 53165.2477 | iter=  1.23s | ETA: 10m06s | Path: GPU-cuStateVec+cpu-expect MPI-distributed (1 ranks)
Iter 0532/1024 | E: -63.898645 | Δ: 1.15e-03 | M: 55759.8627 | iter=  1.23s | ETA: 10m05s | Path: GPU-cuStateVec+cpu-expect MPI-distributed (1 ranks)
Iter 0533/1024 | E: -63.901224 | Δ: 2.58e-03 | M: 49690.7433 | iter=  1.23s | ETA: 10m04s | Path: GPU-cuStateVec+cpu-expect MPI-distributed (1 ranks)
Iter 0534/1024 | E: -63.904261 | Δ: 3.04e-03 | M: 51105.8743 | iter=  1.23s | ETA: 10m03s | Path: GPU-cuStateVec+cpu-expect MPI-distributed (1 ranks)
Iter 0535/1024 | E: -63.916473 | Δ: 1.22e-02 | M: 47997.8193 | iter=  1.23s | ETA: 10m02s | Path: GPU-cuStateVec+cpu-expect MPI-distributed (1 ranks)
[RESILIENCE] Iteration 535: Global theta state checkpointed at path checkpoints/NH3/checkpoint_iter_0535.npy. 
Iter 0536/1024 | E: -63.895789 | Δ: 2.07e-02 | M: 53077.2539 | iter=  1.23s | ETA: 10m00s | Path: GPU-cuStateVec+cpu-expect MPI-distributed (1 ranks)
Iter 0537/1024 | E: -63.901775 | Δ: 5.99e-03 | M: 61471.9252 | iter=  1.23s | ETA: 9m59s | Path: GPU-cuStateVec+cpu-expect MPI-distributed (1 ranks)
Iter 0538/1024 | E: -63.896138 | Δ: 5.64e-03 | M: 44642.4490 | iter=  1.23s | ETA: 9m57s | Path: GPU-cuStateVec+cpu-expect MPI-distributed (1 ranks)
Iter 0539/1024 | E: -63.904247 | Δ: 8.11e-03 | M: 47920.4139 | iter=  1.23s | ETA: 9m57s | Path: GPU-cuStateVec+cpu-expect MPI-distributed (1 ranks)
Iter 0540/1024 | E: -63.908186 | Δ: 3.94e-03 | M: 46077.1764 | iter=  1.23s | ETA: 9m55s | Path: GPU-cuStateVec+cpu-expect MPI-distributed (1 ranks)
[RESILIENCE] Iteration 540: Global theta state checkpointed at path checkpoints/NH3/checkpoint_iter_0540.npy. 
Iter 0541/1024 | E: -63.905831 | Δ: 2.35e-03 | M: 46744.9820 | iter=  1.23s | ETA: 9m54s | Path: GPU-cuStateVec+cpu-expect MPI-distributed (1 ranks)
Iter 0542/1024 | E: -63.911357 | Δ: 5.53e-03 | M: 47204.1458 | iter=  1.23s | ETA: 9m53s | Path: GPU-cuStateVec+cpu-expect MPI-distributed (1 ranks)
Iter 0543/1024 | E: -63.919002 | Δ: 7.64e-03 | M: 53415.4301 | iter=  1.24s | ETA: 9m51s | Path: GPU-cuStateVec+cpu-expect MPI-distributed (1 ranks)
Iter 0544/1024 | E: -63.916126 | Δ: 2.88e-03 | M: 53308.8276 | iter=  1.23s | ETA: 9m50s | Path: GPU-cuStateVec+cpu-expect MPI-distributed (1 ranks)
Iter 0545/1024 | E: -63.915229 | Δ: 8.97e-04 | M: 57844.5748 | iter=  1.23s | ETA: 9m49s | Path: GPU-cuStateVec+cpu-expect MPI-distributed (1 ranks)
[RESILIENCE] Iteration 545: Global theta state checkpointed at path checkpoints/NH3/checkpoint_iter_0545.npy. 
Iter 0546/1024 | E: -63.916232 | Δ: 1.00e-03 | M: 50551.3770 | iter=  1.23s | ETA: 9m48s | Path: GPU-cuStateVec+cpu-expect MPI-distributed (1 ranks)
Iter 0547/1024 | E: -63.917103 | Δ: 8.71e-04 | M: 48874.6542 | iter=  1.29s | ETA: 9m47s | Path: GPU-cuStateVec+cpu-expect MPI-distributed (1 ranks)
Iter 0548/1024 | E: -63.921717 | Δ: 4.61e-03 | M: 46081.4220 | iter=  1.23s | ETA: 9m45s | Path: GPU-cuStateVec+cpu-expect MPI-distributed (1 ranks)
Iter 0549/1024 | E: -63.923619 | Δ: 1.90e-03 | M: 52017.3763 | iter=  1.23s | ETA: 9m44s | Path: GPU-cuStateVec+cpu-expect MPI-distributed (1 ranks)
Iter 0550/1024 | E: -63.915038 | Δ: 8.58e-03 | M: 56791.0207 | iter=  1.23s | ETA: 9m42s | Path: GPU-cuStateVec+cpu-expect MPI-distributed (1 ranks)
[RESILIENCE] Iteration 550: Global theta state checkpointed at path checkpoints/NH3/checkpoint_iter_0550.npy. 
Iter 0551/1024 | E: -63.921921 | Δ: 6.88e-03 | M: 54709.3890 | iter=  1.23s | ETA: 9m42s | Path: GPU-cuStateVec+cpu-expect MPI-distributed (1 ranks)
Iter 0552/1024 | E: -63.931545 | Δ: 9.62e-03 | M: 58620.1207 | iter=  1.23s | ETA: 9m40s | Path: GPU-cuStateVec+cpu-expect MPI-distributed (1 ranks)
Iter 0553/1024 | E: -63.923736 | Δ: 7.81e-03 | M: 66697.9598 | iter=  1.23s | ETA: 9m38s | Path: GPU-cuStateVec+cpu-expect MPI-distributed (1 ranks)
Iter 0554/1024 | E: -63.941148 | Δ: 1.74e-02 | M: 59352.2680 | iter=  1.23s | ETA: 9m37s | Path: GPU-cuStateVec+cpu-expect MPI-distributed (1 ranks)
Iter 0555/1024 | E: -63.929819 | Δ: 1.13e-02 | M: 63283.4950 | iter=  1.23s | ETA: 9m36s | Path: GPU-cuStateVec+cpu-expect MPI-distributed (1 ranks)
[RESILIENCE] Iteration 555: Global theta state checkpointed at path checkpoints/NH3/checkpoint_iter_0555.npy. 
Iter 0556/1024 | E: -63.939412 | Δ: 9.59e-03 | M: 69957.2342 | iter=  1.23s | ETA: 9m34s | Path: GPU-cuStateVec+cpu-expect MPI-distributed (1 ranks)
Iter 0557/1024 | E: -63.932722 | Δ: 6.69e-03 | M: 51379.1280 | iter=  1.23s | ETA: 9m33s | Path: GPU-cuStateVec+cpu-expect MPI-distributed (1 ranks)
Iter 0558/1024 | E: -63.937888 | Δ: 5.17e-03 | M: 59194.7097 | iter=  1.24s | ETA: 9m33s | Path: GPU-cuStateVec+cpu-expect MPI-distributed (1 ranks)
Iter 0559/1024 | E: -63.939500 | Δ: 1.61e-03 | M: 55307.8283 | iter=  1.24s | ETA: 9m32s | Path: GPU-cuStateVec+cpu-expect MPI-distributed (1 ranks)
Iter 0560/1024 | E: -63.935413 | Δ: 4.09e-03 | M: 30435.8534 | iter=  1.24s | ETA: 9m33s | Path: GPU-cuStateVec+cpu-expect MPI-distributed (1 ranks)
[RESILIENCE] Iteration 560: Global theta state checkpointed at path checkpoints/NH3/checkpoint_iter_0560.npy. 
Iter 0561/1024 | E: -63.944325 | Δ: 8.91e-03 | M: 60185.5510 | iter=  1.23s | ETA: 9m31s | Path: GPU-cuStateVec+cpu-expect MPI-distributed (1 ranks)
Iter 0562/1024 | E: -63.938687 | Δ: 5.64e-03 | M: 57051.1882 | iter=  1.23s | ETA: 9m30s | Path: GPU-cuStateVec+cpu-expect MPI-distributed (1 ranks)
Iter 0563/1024 | E: -63.951371 | Δ: 1.27e-02 | M: 50336.3624 | iter=  1.23s | ETA: 9m26s | Path: GPU-cuStateVec+cpu-expect MPI-distributed (1 ranks)
Iter 0564/1024 | E: -63.931220 | Δ: 2.02e-02 | M: 51711.3176 | iter=  1.23s | ETA: 9m25s | Path: GPU-cuStateVec+cpu-expect MPI-distributed (1 ranks)
Iter 0565/1024 | E: -63.957973 | Δ: 2.68e-02 | M: 50423.3102 | iter=  1.23s | ETA: 9m23s | Path: GPU-cuStateVec+cpu-expect MPI-distributed (1 ranks)
[RESILIENCE] Iteration 565: Global theta state checkpointed at path checkpoints/NH3/checkpoint_iter_0565.npy. 
Iter 0566/1024 | E: -63.949631 | Δ: 8.34e-03 | M: 59022.8345 | iter=  1.23s | ETA: 9m22s | Path: GPU-cuStateVec+cpu-expect MPI-distributed (1 ranks)
Iter 0567/1024 | E: -63.951517 | Δ: 1.89e-03 | M: 59181.4216 | iter=  1.23s | ETA: 9m22s | Path: GPU-cuStateVec+cpu-expect MPI-distributed (1 ranks)
Iter 0568/1024 | E: -63.951967 | Δ: 4.50e-04 | M: 55866.5162 | iter=  1.23s | ETA: 9m20s | Path: GPU-cuStateVec+cpu-expect MPI-distributed (1 ranks)
Iter 0569/1024 | E: -63.948738 | Δ: 3.23e-03 | M: 45987.3534 | iter=  1.23s | ETA: 9m19s | Path: GPU-cuStateVec+cpu-expect MPI-distributed (1 ranks)
Iter 0570/1024 | E: -63.955129 | Δ: 6.39e-03 | M: 46817.3855 | iter=  1.23s | ETA: 9m18s | Path: GPU-cuStateVec+cpu-expect MPI-distributed (1 ranks)
[RESILIENCE] Iteration 570: Global theta state checkpointed at path checkpoints/NH3/checkpoint_iter_0570.npy. 
Iter 0571/1024 | E: -63.954407 | Δ: 7.22e-04 | M: 48083.8097 | iter=  1.23s | ETA: 9m17s | Path: GPU-cuStateVec+cpu-expect MPI-distributed (1 ranks)
Iter 0572/1024 | E: -63.949405 | Δ: 5.00e-03 | M: 59580.5775 | iter=  1.23s | ETA: 9m15s | Path: GPU-cuStateVec+cpu-expect MPI-distributed (1 ranks)
Iter 0573/1024 | E: -63.959389 | Δ: 9.98e-03 | M: 63825.3241 | iter=  1.23s | ETA: 9m14s | Path: GPU-cuStateVec+cpu-expect MPI-distributed (1 ranks)
Iter 0574/1024 | E: -63.952257 | Δ: 7.13e-03 | M: 55040.4443 | iter=  1.23s | ETA: 9m13s | Path: GPU-cuStateVec+cpu-expect MPI-distributed (1 ranks)
Iter 0575/1024 | E: -63.950664 | Δ: 1.59e-03 | M: 64576.2256 | iter=  1.23s | ETA: 9m11s | Path: GPU-cuStateVec+cpu-expect MPI-distributed (1 ranks)
[RESILIENCE] Iteration 575: Global theta state checkpointed at path checkpoints/NH3/checkpoint_iter_0575.npy. 
Iter 0576/1024 | E: -63.950892 | Δ: 2.28e-04 | M: 49101.1987 | iter=  1.23s | ETA: 9m10s | Path: GPU-cuStateVec+cpu-expect MPI-distributed (1 ranks)
Iter 0577/1024 | E: -63.955297 | Δ: 4.40e-03 | M: 57745.4503 | iter=  1.23s | ETA: 9m09s | Path: GPU-cuStateVec+cpu-expect MPI-distributed (1 ranks)
Iter 0578/1024 | E: -63.946176 | Δ: 9.12e-03 | M: 47904.1551 | iter=  1.23s | ETA: 9m08s | Path: GPU-cuStateVec+cpu-expect MPI-distributed (1 ranks)
Iter 0579/1024 | E: -63.965700 | Δ: 1.95e-02 | M: 51378.1619 | iter=  1.23s | ETA: 9m07s | Path: GPU-cuStateVec+cpu-expect MPI-distributed (1 ranks)
Iter 0580/1024 | E: -63.949277 | Δ: 1.64e-02 | M: 51063.8364 | iter=  1.23s | ETA: 9m06s | Path: GPU-cuStateVec+cpu-expect MPI-distributed (1 ranks)
[RESILIENCE] Iteration 580: Global theta state checkpointed at path checkpoints/NH3/checkpoint_iter_0580.npy. 
Iter 0581/1024 | E: -63.958632 | Δ: 9.36e-03 | M: 53706.4171 | iter=  1.23s | ETA: 9m05s | Path: GPU-cuStateVec+cpu-expect MPI-distributed (1 ranks)
Iter 0582/1024 | E: -63.958683 | Δ: 5.11e-05 | M: 51726.1430 | iter=  1.23s | ETA: 9m03s | Path: GPU-cuStateVec+cpu-expect MPI-distributed (1 ranks)
Iter 0583/1024 | E: -63.963841 | Δ: 5.16e-03 | M: 48678.9084 | iter=  1.29s | ETA: 9m03s | Path: GPU-cuStateVec+cpu-expect MPI-distributed (1 ranks)
Iter 0584/1024 | E: -63.957028 | Δ: 6.81e-03 | M: 53323.7040 | iter=  1.23s | ETA: 9m02s | Path: GPU-cuStateVec+cpu-expect MPI-distributed (1 ranks)
Iter 0585/1024 | E: -63.961413 | Δ: 4.38e-03 | M: 56356.9308 | iter=  1.24s | ETA: 9m01s | Path: GPU-cuStateVec+cpu-expect MPI-distributed (1 ranks)
[RESILIENCE] Iteration 585: Global theta state checkpointed at path checkpoints/NH3/checkpoint_iter_0585.npy. 
Iter 0586/1024 | E: -63.958999 | Δ: 2.41e-03 | M: 51086.8778 | iter=  1.24s | ETA: 9m01s | Path: GPU-cuStateVec+cpu-expect MPI-distributed (1 ranks)
Iter 0587/1024 | E: -63.953301 | Δ: 5.70e-03 | M: 51319.8897 | iter=  1.24s | ETA: 9m00s | Path: GPU-cuStateVec+cpu-expect MPI-distributed (1 ranks)
Iter 0588/1024 | E: -63.962684 | Δ: 9.38e-03 | M: 59026.8629 | iter=  1.24s | ETA: 8m58s | Path: GPU-cuStateVec+cpu-expect MPI-distributed (1 ranks)
Iter 0589/1024 | E: -63.960900 | Δ: 1.78e-03 | M: 63002.0131 | iter=  1.23s | ETA: 8m57s | Path: GPU-cuStateVec+cpu-expect MPI-distributed (1 ranks)
Iter 0590/1024 | E: -63.958564 | Δ: 2.34e-03 | M: 62928.1547 | iter=  1.23s | ETA: 8m56s | Path: GPU-cuStateVec+cpu-expect MPI-distributed (1 ranks)
[RESILIENCE] Iteration 590: Global theta state checkpointed at path checkpoints/NH3/checkpoint_iter_0590.npy. 
Iter 0591/1024 | E: -63.955559 | Δ: 3.01e-03 | M: 57597.9472 | iter=  1.24s | ETA: 8m54s | Path: GPU-cuStateVec+cpu-expect MPI-distributed (1 ranks)
Iter 0592/1024 | E: -63.963818 | Δ: 8.26e-03 | M: 66385.2836 | iter=  1.23s | ETA: 8m53s | Path: GPU-cuStateVec+cpu-expect MPI-distributed (1 ranks)
Iter 0593/1024 | E: -63.954658 | Δ: 9.16e-03 | M: 50648.9788 | iter=  1.23s | ETA: 8m51s | Path: GPU-cuStateVec+cpu-expect MPI-distributed (1 ranks)
Iter 0594/1024 | E: -63.965641 | Δ: 1.10e-02 | M: 58509.4891 | iter=  1.23s | ETA: 8m49s | Path: GPU-cuStateVec+cpu-expect MPI-distributed (1 ranks)
Iter 0595/1024 | E: -63.961877 | Δ: 3.76e-03 | M: 50062.9316 | iter=  1.23s | ETA: 8m48s | Path: GPU-cuStateVec+cpu-expect MPI-distributed (1 ranks)
[RESILIENCE] Iteration 595: Global theta state checkpointed at path checkpoints/NH3/checkpoint_iter_0595.npy. 
Iter 0596/1024 | E: -63.967916 | Δ: 6.04e-03 | M: 57673.0741 | iter=  1.23s | ETA: 8m47s | Path: GPU-cuStateVec+cpu-expect MPI-distributed (1 ranks)
Iter 0597/1024 | E: -63.968800 | Δ: 8.83e-04 | M: 53177.3166 | iter=  1.23s | ETA: 8m46s | Path: GPU-cuStateVec+cpu-expect MPI-distributed (1 ranks)
Iter 0598/1024 | E: -63.968578 | Δ: 2.22e-04 | M: 50593.1726 | iter=  1.23s | ETA: 8m45s | Path: GPU-cuStateVec+cpu-expect MPI-distributed (1 ranks)
Iter 0599/1024 | E: -63.966423 | Δ: 2.15e-03 | M: 52812.6172 | iter=  1.23s | ETA: 8m43s | Path: GPU-cuStateVec+cpu-expect MPI-distributed (1 ranks)
Iter 0600/1024 | E: -63.968338 | Δ: 1.91e-03 | M: 57199.2446 | iter=  1.23s | ETA: 8m42s | Path: GPU-cuStateVec+cpu-expect MPI-distributed (1 ranks)
[RESILIENCE] Iteration 600: Global theta state checkpointed at path checkpoints/NH3/checkpoint_iter_0600.npy. 
Iter 0601/1024 | E: -63.971094 | Δ: 2.76e-03 | M: 51654.7529 | iter=  1.23s | ETA: 8m41s | Path: GPU-cuStateVec+cpu-expect MPI-distributed (1 ranks)
Iter 0602/1024 | E: -63.977106 | Δ: 6.01e-03 | M: 49749.5146 | iter=  1.23s | ETA: 8m39s | Path: GPU-cuStateVec+cpu-expect MPI-distributed (1 ranks)
Iter 0603/1024 | E: -63.965748 | Δ: 1.14e-02 | M: 53375.8223 | iter=  1.23s | ETA: 8m37s | Path: GPU-cuStateVec+cpu-expect MPI-distributed (1 ranks)
Iter 0604/1024 | E: -63.965105 | Δ: 6.42e-04 | M: 58745.6743 | iter=  1.23s | ETA: 8m36s | Path: GPU-cuStateVec+cpu-expect MPI-distributed (1 ranks)
Iter 0605/1024 | E: -63.966357 | Δ: 1.25e-03 | M: 63557.3811 | iter=  1.23s | ETA: 8m34s | Path: GPU-cuStateVec+cpu-expect MPI-distributed (1 ranks)
[RESILIENCE] Iteration 605: Global theta state checkpointed at path checkpoints/NH3/checkpoint_iter_0605.npy. 
Iter 0606/1024 | E: -63.974829 | Δ: 8.47e-03 | M: 56131.1911 | iter=  1.23s | ETA: 8m34s | Path: GPU-cuStateVec+cpu-expect MPI-distributed (1 ranks)
Iter 0607/1024 | E: -63.972560 | Δ: 2.27e-03 | M: 59979.7831 | iter=  1.23s | ETA: 8m32s | Path: GPU-cuStateVec+cpu-expect MPI-distributed (1 ranks)
Iter 0608/1024 | E: -63.972495 | Δ: 6.49e-05 | M: 61845.4844 | iter=  1.23s | ETA: 8m31s | Path: GPU-cuStateVec+cpu-expect MPI-distributed (1 ranks)
Iter 0609/1024 | E: -63.978080 | Δ: 5.58e-03 | M: 58160.7588 | iter=  1.24s | ETA: 8m31s | Path: GPU-cuStateVec+cpu-expect MPI-distributed (1 ranks)
Iter 0610/1024 | E: -63.972706 | Δ: 5.37e-03 | M: 48450.9541 | iter=  1.29s | ETA: 8m30s | Path: GPU-cuStateVec+cpu-expect MPI-distributed (1 ranks)
[RESILIENCE] Iteration 610: Global theta state checkpointed at path checkpoints/NH3/checkpoint_iter_0610.npy. 
Iter 0611/1024 | E: -63.977982 | Δ: 5.28e-03 | M: 53562.8013 | iter=  1.24s | ETA: 8m30s | Path: GPU-cuStateVec+cpu-expect MPI-distributed (1 ranks)
Iter 0612/1024 | E: -63.975440 | Δ: 2.54e-03 | M: 53558.3583 | iter=  1.24s | ETA: 8m29s | Path: GPU-cuStateVec+cpu-expect MPI-distributed (1 ranks)
Iter 0613/1024 | E: -63.994873 | Δ: 1.94e-02 | M: 49740.5403 | iter=  1.23s | ETA: 8m28s | Path: GPU-cuStateVec+cpu-expect MPI-distributed (1 ranks)
Iter 0614/1024 | E: -63.976830 | Δ: 1.80e-02 | M: 45567.7392 | iter=  1.23s | ETA: 8m26s | Path: GPU-cuStateVec+cpu-expect MPI-distributed (1 ranks)
Iter 0615/1024 | E: -63.979451 | Δ: 2.62e-03 | M: 53736.2277 | iter=  1.24s | ETA: 8m25s | Path: GPU-cuStateVec+cpu-expect MPI-distributed (1 ranks)
[RESILIENCE] Iteration 615: Global theta state checkpointed at path checkpoints/NH3/checkpoint_iter_0615.npy. 
Iter 0616/1024 | E: -63.982889 | Δ: 3.44e-03 | M: 58363.9214 | iter=  1.23s | ETA: 8m23s | Path: GPU-cuStateVec+cpu-expect MPI-distributed (1 ranks)
Iter 0617/1024 | E: -63.983505 | Δ: 6.15e-04 | M: 66239.1778 | iter=  1.23s | ETA: 8m21s | Path: GPU-cuStateVec+cpu-expect MPI-distributed (1 ranks)
Iter 0618/1024 | E: -63.990252 | Δ: 6.75e-03 | M: 60515.8629 | iter=  1.24s | ETA: 8m21s | Path: GPU-cuStateVec+cpu-expect MPI-distributed (1 ranks)
Iter 0619/1024 | E: -63.984807 | Δ: 5.45e-03 | M: 66279.0848 | iter=  1.24s | ETA: 8m20s | Path: GPU-cuStateVec+cpu-expect MPI-distributed (1 ranks)
Iter 0620/1024 | E: -63.991408 | Δ: 6.60e-03 | M: 36877.3375 | iter=  1.23s | ETA: 8m18s | Path: GPU-cuStateVec+cpu-expect MPI-distributed (1 ranks)
[RESILIENCE] Iteration 620: Global theta state checkpointed at path checkpoints/NH3/checkpoint_iter_0620.npy. 
Iter 0621/1024 | E: -63.990194 | Δ: 1.21e-03 | M: 60377.1000 | iter=  1.24s | ETA: 8m17s | Path: GPU-cuStateVec+cpu-expect MPI-distributed (1 ranks)
Iter 0622/1024 | E: -63.994348 | Δ: 4.15e-03 | M: 57153.0443 | iter=  1.23s | ETA: 8m16s | Path: GPU-cuStateVec+cpu-expect MPI-distributed (1 ranks)
Iter 0623/1024 | E: -63.986471 | Δ: 7.88e-03 | M: 49502.1071 | iter=  1.23s | ETA: 8m14s | Path: GPU-cuStateVec+cpu-expect MPI-distributed (1 ranks)
Iter 0624/1024 | E: -63.992282 | Δ: 5.81e-03 | M: 56295.1060 | iter=  1.23s | ETA: 8m12s | Path: GPU-cuStateVec+cpu-expect MPI-distributed (1 ranks)
Iter 0625/1024 | E: -63.991644 | Δ: 6.38e-04 | M: 61023.1510 | iter=  1.23s | ETA: 8m12s | Path: GPU-cuStateVec+cpu-expect MPI-distributed (1 ranks)
[RESILIENCE] Iteration 625: Global theta state checkpointed at path checkpoints/NH3/checkpoint_iter_0625.npy. 
Iter 0626/1024 | E: -63.993261 | Δ: 1.62e-03 | M: 47820.4659 | iter=  1.23s | ETA: 8m10s | Path: GPU-cuStateVec+cpu-expect MPI-distributed (1 ranks)
Iter 0627/1024 | E: -64.008166 | Δ: 1.49e-02 | M: 63458.4314 | iter=  1.23s | ETA: 8m08s | Path: GPU-cuStateVec+cpu-expect MPI-distributed (1 ranks)
Iter 0628/1024 | E: -63.997283 | Δ: 1.09e-02 | M: 55977.0466 | iter=  1.23s | ETA: 8m08s | Path: GPU-cuStateVec+cpu-expect MPI-distributed (1 ranks)
Iter 0629/1024 | E: -63.990876 | Δ: 6.41e-03 | M: 57194.8395 | iter=  1.23s | ETA: 8m07s | Path: GPU-cuStateVec+cpu-expect MPI-distributed (1 ranks)
Iter 0630/1024 | E: -63.997317 | Δ: 6.44e-03 | M: 57261.0493 | iter=  1.24s | ETA: 8m05s | Path: GPU-cuStateVec+cpu-expect MPI-distributed (1 ranks)
[RESILIENCE] Iteration 630: Global theta state checkpointed at path checkpoints/NH3/checkpoint_iter_0630.npy. 
Iter 0631/1024 | E: -63.995137 | Δ: 2.18e-03 | M: 60976.4646 | iter=  1.23s | ETA: 8m04s | Path: GPU-cuStateVec+cpu-expect MPI-distributed (1 ranks)
Iter 0632/1024 | E: -63.994194 | Δ: 9.43e-04 | M: 50150.6747 | iter=  1.23s | ETA: 8m02s | Path: GPU-cuStateVec+cpu-expect MPI-distributed (1 ranks)
Iter 0633/1024 | E: -63.998278 | Δ: 4.08e-03 | M: 50395.4972 | iter=  1.29s | ETA: 8m01s | Path: GPU-cuStateVec+cpu-expect MPI-distributed (1 ranks)
Iter 0634/1024 | E: -64.009599 | Δ: 1.13e-02 | M: 54031.6661 | iter=  1.23s | ETA: 8m00s | Path: GPU-cuStateVec+cpu-expect MPI-distributed (1 ranks)
Iter 0635/1024 | E: -63.998849 | Δ: 1.07e-02 | M: 59459.1975 | iter=  1.23s | ETA: 7m59s | Path: GPU-cuStateVec+cpu-expect MPI-distributed (1 ranks)
[RESILIENCE] Iteration 635: Global theta state checkpointed at path checkpoints/NH3/checkpoint_iter_0635.npy. 
Iter 0636/1024 | E: -64.002388 | Δ: 3.54e-03 | M: 54927.1868 | iter=  1.23s | ETA: 7m58s | Path: GPU-cuStateVec+cpu-expect MPI-distributed (1 ranks)
Iter 0637/1024 | E: -64.000714 | Δ: 1.67e-03 | M: 67464.8341 | iter=  1.24s | ETA: 7m57s | Path: GPU-cuStateVec+cpu-expect MPI-distributed (1 ranks)
Iter 0638/1024 | E: -64.004606 | Δ: 3.89e-03 | M: 63748.0801 | iter=  1.23s | ETA: 7m55s | Path: GPU-cuStateVec+cpu-expect MPI-distributed (1 ranks)
Iter 0639/1024 | E: -63.998611 | Δ: 5.99e-03 | M: 55598.3436 | iter=  1.24s | ETA: 7m54s | Path: GPU-cuStateVec+cpu-expect MPI-distributed (1 ranks)
Iter 0640/1024 | E: -64.000901 | Δ: 2.29e-03 | M: 53089.0119 | iter=  1.23s | ETA: 7m53s | Path: GPU-cuStateVec+cpu-expect MPI-distributed (1 ranks)
[RESILIENCE] Iteration 640: Global theta state checkpointed at path checkpoints/NH3/checkpoint_iter_0640.npy. 
Iter 0641/1024 | E: -64.003834 | Δ: 2.93e-03 | M: 67393.8817 | iter=  1.24s | ETA: 7m53s | Path: GPU-cuStateVec+cpu-expect MPI-distributed (1 ranks)
Iter 0642/1024 | E: -63.994546 | Δ: 9.29e-03 | M: 61379.3718 | iter=  1.23s | ETA: 7m51s | Path: GPU-cuStateVec+cpu-expect MPI-distributed (1 ranks)
Iter 0643/1024 | E: -63.995820 | Δ: 1.27e-03 | M: 66185.0696 | iter=  1.23s | ETA: 7m50s | Path: GPU-cuStateVec+cpu-expect MPI-distributed (1 ranks)
Iter 0644/1024 | E: -64.001091 | Δ: 5.27e-03 | M: 56825.7434 | iter=  1.24s | ETA: 7m48s | Path: GPU-cuStateVec+cpu-expect MPI-distributed (1 ranks)
Iter 0645/1024 | E: -64.000096 | Δ: 9.95e-04 | M: 58518.1644 | iter=  1.23s | ETA: 7m47s | Path: GPU-cuStateVec+cpu-expect MPI-distributed (1 ranks)
[RESILIENCE] Iteration 645: Global theta state checkpointed at path checkpoints/NH3/checkpoint_iter_0645.npy. 
Iter 0646/1024 | E: -63.996260 | Δ: 3.84e-03 | M: 65662.4393 | iter=  1.23s | ETA: 7m46s | Path: GPU-cuStateVec+cpu-expect MPI-distributed (1 ranks)
Iter 0647/1024 | E: -64.003598 | Δ: 7.34e-03 | M: 61970.2336 | iter=  1.24s | ETA: 7m45s | Path: GPU-cuStateVec+cpu-expect MPI-distributed (1 ranks)
Iter 0648/1024 | E: -64.002182 | Δ: 1.42e-03 | M: 54436.8964 | iter=  1.23s | ETA: 7m44s | Path: GPU-cuStateVec+cpu-expect MPI-distributed (1 ranks)
Iter 0649/1024 | E: -64.015687 | Δ: 1.35e-02 | M: 58091.0779 | iter=  1.23s | ETA: 7m42s | Path: GPU-cuStateVec+cpu-expect MPI-distributed (1 ranks)
Iter 0650/1024 | E: -64.010147 | Δ: 5.54e-03 | M: 56449.2694 | iter=  1.23s | ETA: 7m41s | Path: GPU-cuStateVec+cpu-expect MPI-distributed (1 ranks)
[RESILIENCE] Iteration 650: Global theta state checkpointed at path checkpoints/NH3/checkpoint_iter_0650.npy. 
Iter 0651/1024 | E: -64.002015 | Δ: 8.13e-03 | M: 51988.8311 | iter=  1.29s | ETA: 7m40s | Path: GPU-cuStateVec+cpu-expect MPI-distributed (1 ranks)
Iter 0652/1024 | E: -64.006284 | Δ: 4.27e-03 | M: 60471.0690 | iter=  1.24s | ETA: 7m39s | Path: GPU-cuStateVec+cpu-expect MPI-distributed (1 ranks)
Iter 0653/1024 | E: -64.014345 | Δ: 8.06e-03 | M: 58116.1267 | iter=  1.24s | ETA: 7m38s | Path: GPU-cuStateVec+cpu-expect MPI-distributed (1 ranks)
Iter 0654/1024 | E: -64.013295 | Δ: 1.05e-03 | M: 59421.2029 | iter=  1.23s | ETA: 7m37s | Path: GPU-cuStateVec+cpu-expect MPI-distributed (1 ranks)
Iter 0655/1024 | E: -64.021451 | Δ: 8.16e-03 | M: 63730.5002 | iter=  1.23s | ETA: 7m35s | Path: GPU-cuStateVec+cpu-expect MPI-distributed (1 ranks)
[RESILIENCE] Iteration 655: Global theta state checkpointed at path checkpoints/NH3/checkpoint_iter_0655.npy. 
Iter 0656/1024 | E: -64.014102 | Δ: 7.35e-03 | M: 49459.4774 | iter=  1.24s | ETA: 7m34s | Path: GPU-cuStateVec+cpu-expect MPI-distributed (1 ranks)
Iter 0657/1024 | E: -64.015532 | Δ: 1.43e-03 | M: 59335.2164 | iter=  1.23s | ETA: 7m32s | Path: GPU-cuStateVec+cpu-expect MPI-distributed (1 ranks)
Iter 0658/1024 | E: -64.016259 | Δ: 7.28e-04 | M: 58217.7365 | iter=  1.23s | ETA: 7m31s | Path: GPU-cuStateVec+cpu-expect MPI-distributed (1 ranks)
Iter 0659/1024 | E: -64.018917 | Δ: 2.66e-03 | M: 64574.4359 | iter=  1.23s | ETA: 7m30s | Path: GPU-cuStateVec+cpu-expect MPI-distributed (1 ranks)
Iter 0660/1024 | E: -64.021484 | Δ: 2.57e-03 | M: 62665.4173 | iter=  1.24s | ETA: 7m29s | Path: GPU-cuStateVec+cpu-expect MPI-distributed (1 ranks)
[RESILIENCE] Iteration 660: Global theta state checkpointed at path checkpoints/NH3/checkpoint_iter_0660.npy. 
Iter 0661/1024 | E: -64.023451 | Δ: 1.97e-03 | M: 51475.4059 | iter=  1.23s | ETA: 7m27s | Path: GPU-cuStateVec+cpu-expect MPI-distributed (1 ranks)
Iter 0662/1024 | E: -64.015703 | Δ: 7.75e-03 | M: 61393.1474 | iter=  1.24s | ETA: 7m26s | Path: GPU-cuStateVec+cpu-expect MPI-distributed (1 ranks)
Iter 0663/1024 | E: -64.023848 | Δ: 8.14e-03 | M: 52993.0452 | iter=  1.24s | ETA: 7m26s | Path: GPU-cuStateVec+cpu-expect MPI-distributed (1 ranks)
Iter 0664/1024 | E: -64.019871 | Δ: 3.98e-03 | M: 54656.0004 | iter=  1.24s | ETA: 7m24s | Path: GPU-cuStateVec+cpu-expect MPI-distributed (1 ranks)
Iter 0665/1024 | E: -64.021006 | Δ: 1.14e-03 | M: 56868.0349 | iter=  1.23s | ETA: 7m23s | Path: GPU-cuStateVec+cpu-expect MPI-distributed (1 ranks)
[RESILIENCE] Iteration 665: Global theta state checkpointed at path checkpoints/NH3/checkpoint_iter_0665.npy. 
Iter 0666/1024 | E: -64.019846 | Δ: 1.16e-03 | M: 61421.6238 | iter=  1.23s | ETA: 7m22s | Path: GPU-cuStateVec+cpu-expect MPI-distributed (1 ranks)
Iter 0667/1024 | E: -64.018908 | Δ: 9.39e-04 | M: 55908.7780 | iter=  1.23s | ETA: 7m20s | Path: GPU-cuStateVec+cpu-expect MPI-distributed (1 ranks)
Iter 0668/1024 | E: -64.015131 | Δ: 3.78e-03 | M: 45861.3549 | iter=  1.23s | ETA: 7m19s | Path: GPU-cuStateVec+cpu-expect MPI-distributed (1 ranks)
Iter 0669/1024 | E: -64.020174 | Δ: 5.04e-03 | M: 53083.6479 | iter=  1.23s | ETA: 7m18s | Path: GPU-cuStateVec+cpu-expect MPI-distributed (1 ranks)
Iter 0670/1024 | E: -64.018477 | Δ: 1.70e-03 | M: 57459.7928 | iter=  1.23s | ETA: 7m16s | Path: GPU-cuStateVec+cpu-expect MPI-distributed (1 ranks)
[RESILIENCE] Iteration 670: Global theta state checkpointed at path checkpoints/NH3/checkpoint_iter_0670.npy. 
Iter 0671/1024 | E: -64.024942 | Δ: 6.46e-03 | M: 50943.1562 | iter=  1.24s | ETA: 7m15s | Path: GPU-cuStateVec+cpu-expect MPI-distributed (1 ranks)
Iter 0672/1024 | E: -64.025151 | Δ: 2.09e-04 | M: 52774.0901 | iter=  1.23s | ETA: 7m14s | Path: GPU-cuStateVec+cpu-expect MPI-distributed (1 ranks)
Iter 0673/1024 | E: -64.032697 | Δ: 7.55e-03 | M: 52554.5236 | iter=  1.23s | ETA: 7m13s | Path: GPU-cuStateVec+cpu-expect MPI-distributed (1 ranks)
Iter 0674/1024 | E: -64.033362 | Δ: 6.64e-04 | M: 59871.5279 | iter=  1.24s | ETA: 7m12s | Path: GPU-cuStateVec+cpu-expect MPI-distributed (1 ranks)
Iter 0675/1024 | E: -64.028209 | Δ: 5.15e-03 | M: 56685.1139 | iter=  1.23s | ETA: 7m10s | Path: GPU-cuStateVec+cpu-expect MPI-distributed (1 ranks)
[RESILIENCE] Iteration 675: Global theta state checkpointed at path checkpoints/NH3/checkpoint_iter_0675.npy. 
Iter 0676/1024 | E: -64.033692 | Δ: 5.48e-03 | M: 53661.3133 | iter=  1.23s | ETA: 7m09s | Path: GPU-cuStateVec+cpu-expect MPI-distributed (1 ranks)
Iter 0677/1024 | E: -64.022927 | Δ: 1.08e-02 | M: 51080.8239 | iter=  1.23s | ETA: 7m08s | Path: GPU-cuStateVec+cpu-expect MPI-distributed (1 ranks)
Iter 0678/1024 | E: -64.037380 | Δ: 1.45e-02 | M: 53770.3411 | iter=  1.23s | ETA: 7m06s | Path: GPU-cuStateVec+cpu-expect MPI-distributed (1 ranks)
Iter 0679/1024 | E: -64.029550 | Δ: 7.83e-03 | M: 64212.2956 | iter=  1.24s | ETA: 7m05s | Path: GPU-cuStateVec+cpu-expect MPI-distributed (1 ranks)
Iter 0680/1024 | E: -64.035568 | Δ: 6.02e-03 | M: 57992.2298 | iter=  1.23s | ETA: 7m04s | Path: GPU-cuStateVec+cpu-expect MPI-distributed (1 ranks)
[RESILIENCE] Iteration 680: Global theta state checkpointed at path checkpoints/NH3/checkpoint_iter_0680.npy. 
Iter 0681/1024 | E: -64.028473 | Δ: 7.10e-03 | M: 66353.4076 | iter=  1.23s | ETA: 7m03s | Path: GPU-cuStateVec+cpu-expect MPI-distributed (1 ranks)
Iter 0682/1024 | E: -64.037397 | Δ: 8.92e-03 | M: 63542.7185 | iter=  1.23s | ETA: 7m01s | Path: GPU-cuStateVec+cpu-expect MPI-distributed (1 ranks)
Iter 0683/1024 | E: -64.032706 | Δ: 4.69e-03 | M: 59325.1799 | iter=  1.24s | ETA: 7m00s | Path: GPU-cuStateVec+cpu-expect MPI-distributed (1 ranks)
Iter 0684/1024 | E: -64.036238 | Δ: 3.53e-03 | M: 58720.2052 | iter=  1.23s | ETA: 6m59s | Path: GPU-cuStateVec+cpu-expect MPI-distributed (1 ranks)
Iter 0685/1024 | E: -64.034213 | Δ: 2.02e-03 | M: 54371.7048 | iter=  1.24s | ETA: 6m58s | Path: GPU-cuStateVec+cpu-expect MPI-distributed (1 ranks)
[RESILIENCE] Iteration 685: Global theta state checkpointed at path checkpoints/NH3/checkpoint_iter_0685.npy. 
Iter 0686/1024 | E: -64.042285 | Δ: 8.07e-03 | M: 53230.3413 | iter=  1.23s | ETA: 6m57s | Path: GPU-cuStateVec+cpu-expect MPI-distributed (1 ranks)
Iter 0687/1024 | E: -64.039639 | Δ: 2.65e-03 | M: 48695.4708 | iter=  1.29s | ETA: 6m56s | Path: GPU-cuStateVec+cpu-expect MPI-distributed (1 ranks)
Iter 0688/1024 | E: -64.041807 | Δ: 2.17e-03 | M: 51856.9606 | iter=  1.24s | ETA: 6m55s | Path: GPU-cuStateVec+cpu-expect MPI-distributed (1 ranks)
Iter 0689/1024 | E: -64.044057 | Δ: 2.25e-03 | M: 53861.7903 | iter=  1.24s | ETA: 6m54s | Path: GPU-cuStateVec+cpu-expect MPI-distributed (1 ranks)
Iter 0690/1024 | E: -64.046165 | Δ: 2.11e-03 | M: 53594.5570 | iter=  1.24s | ETA: 6m53s | Path: GPU-cuStateVec+cpu-expect MPI-distributed (1 ranks)
[RESILIENCE] Iteration 690: Global theta state checkpointed at path checkpoints/NH3/checkpoint_iter_0690.npy. 
Iter 0691/1024 | E: -64.033545 | Δ: 1.26e-02 | M: 53021.0866 | iter=  1.23s | ETA: 6m51s | Path: GPU-cuStateVec+cpu-expect MPI-distributed (1 ranks)
Iter 0692/1024 | E: -64.042404 | Δ: 8.86e-03 | M: 56604.9713 | iter=  1.23s | ETA: 6m50s | Path: GPU-cuStateVec+cpu-expect MPI-distributed (1 ranks)
Iter 0693/1024 | E: -64.050073 | Δ: 7.67e-03 | M: 52329.2173 | iter=  1.23s | ETA: 6m48s | Path: GPU-cuStateVec+cpu-expect MPI-distributed (1 ranks)
Iter 0694/1024 | E: -64.040437 | Δ: 9.64e-03 | M: 62598.9363 | iter=  1.23s | ETA: 6m47s | Path: GPU-cuStateVec+cpu-expect MPI-distributed (1 ranks)
Iter 0695/1024 | E: -64.048397 | Δ: 7.96e-03 | M: 55731.1788 | iter=  1.23s | ETA: 6m45s | Path: GPU-cuStateVec+cpu-expect MPI-distributed (1 ranks)
[RESILIENCE] Iteration 695: Global theta state checkpointed at path checkpoints/NH3/checkpoint_iter_0695.npy. 
Iter 0696/1024 | E: -64.043422 | Δ: 4.97e-03 | M: 53956.2153 | iter=  1.24s | ETA: 6m44s | Path: GPU-cuStateVec+cpu-expect MPI-distributed (1 ranks)
Iter 0697/1024 | E: -64.057610 | Δ: 1.42e-02 | M: 51882.9286 | iter=  1.24s | ETA: 6m43s | Path: GPU-cuStateVec+cpu-expect MPI-distributed (1 ranks)
Iter 0698/1024 | E: -64.042628 | Δ: 1.50e-02 | M: 52521.5519 | iter=  1.23s | ETA: 6m42s | Path: GPU-cuStateVec+cpu-expect MPI-distributed (1 ranks)
Iter 0699/1024 | E: -64.054405 | Δ: 1.18e-02 | M: 55119.9093 | iter=  1.23s | ETA: 6m41s | Path: GPU-cuStateVec+cpu-expect MPI-distributed (1 ranks)
Iter 0700/1024 | E: -64.051226 | Δ: 3.18e-03 | M: 56193.2951 | iter=  1.23s | ETA: 6m40s | Path: GPU-cuStateVec+cpu-expect MPI-distributed (1 ranks)
[RESILIENCE] Iteration 700: Global theta state checkpointed at path checkpoints/NH3/checkpoint_iter_0700.npy. 
Iter 0701/1024 | E: -64.048198 | Δ: 3.03e-03 | M: 54648.6086 | iter=  1.24s | ETA: 6m38s | Path: GPU-cuStateVec+cpu-expect MPI-distributed (1 ranks)
Iter 0702/1024 | E: -64.041417 | Δ: 6.78e-03 | M: 54023.7617 | iter=  1.23s | ETA: 6m37s | Path: GPU-cuStateVec+cpu-expect MPI-distributed (1 ranks)
Iter 0703/1024 | E: -64.053016 | Δ: 1.16e-02 | M: 59229.0279 | iter=  1.23s | ETA: 6m36s | Path: GPU-cuStateVec+cpu-expect MPI-distributed (1 ranks)
Iter 0704/1024 | E: -64.058220 | Δ: 5.20e-03 | M: 57445.4270 | iter=  1.23s | ETA: 6m34s | Path: GPU-cuStateVec+cpu-expect MPI-distributed (1 ranks)
Iter 0705/1024 | E: -64.057609 | Δ: 6.11e-04 | M: 55551.7964 | iter=  1.23s | ETA: 6m33s | Path: GPU-cuStateVec+cpu-expect MPI-distributed (1 ranks)
[RESILIENCE] Iteration 705: Global theta state checkpointed at path checkpoints/NH3/checkpoint_iter_0705.npy. 
Iter 0706/1024 | E: -64.061189 | Δ: 3.58e-03 | M: 56080.5628 | iter=  1.24s | ETA: 6m32s | Path: GPU-cuStateVec+cpu-expect MPI-distributed (1 ranks)
Iter 0707/1024 | E: -64.055444 | Δ: 5.74e-03 | M: 55347.9796 | iter=  1.24s | ETA: 6m31s | Path: GPU-cuStateVec+cpu-expect MPI-distributed (1 ranks)
Iter 0708/1024 | E: -64.052881 | Δ: 2.56e-03 | M: 61175.9273 | iter=  1.23s | ETA: 6m30s | Path: GPU-cuStateVec+cpu-expect MPI-distributed (1 ranks)
Iter 0709/1024 | E: -64.065318 | Δ: 1.24e-02 | M: 59240.6231 | iter=  1.23s | ETA: 6m28s | Path: GPU-cuStateVec+cpu-expect MPI-distributed (1 ranks)
Iter 0710/1024 | E: -64.050257 | Δ: 1.51e-02 | M: 52834.2270 | iter=  1.25s | ETA: 6m27s | Path: GPU-cuStateVec+cpu-expect MPI-distributed (1 ranks)
[RESILIENCE] Iteration 710: Global theta state checkpointed at path checkpoints/NH3/checkpoint_iter_0710.npy. 
Iter 0711/1024 | E: -64.055743 | Δ: 5.49e-03 | M: 62619.1969 | iter=  1.24s | ETA: 6m26s | Path: GPU-cuStateVec+cpu-expect MPI-distributed (1 ranks)
Iter 0712/1024 | E: -64.058930 | Δ: 3.19e-03 | M: 63607.2923 | iter=  1.24s | ETA: 6m25s | Path: GPU-cuStateVec+cpu-expect MPI-distributed (1 ranks)
Iter 0713/1024 | E: -64.048955 | Δ: 9.98e-03 | M: 62152.9313 | iter=  1.24s | ETA: 6m24s | Path: GPU-cuStateVec+cpu-expect MPI-distributed (1 ranks)
Iter 0714/1024 | E: -64.055995 | Δ: 7.04e-03 | M: 50468.3002 | iter=  1.29s | ETA: 6m23s | Path: GPU-cuStateVec+cpu-expect MPI-distributed (1 ranks)
Iter 0715/1024 | E: -64.063138 | Δ: 7.14e-03 | M: 31525.9232 | iter=  1.24s | ETA: 6m22s | Path: GPU-cuStateVec+cpu-expect MPI-distributed (1 ranks)
[RESILIENCE] Iteration 715: Global theta state checkpointed at path checkpoints/NH3/checkpoint_iter_0715.npy. 
Iter 0716/1024 | E: -64.063853 | Δ: 7.14e-04 | M: 59858.0753 | iter=  1.23s | ETA: 6m20s | Path: GPU-cuStateVec+cpu-expect MPI-distributed (1 ranks)
Iter 0717/1024 | E: -64.057724 | Δ: 6.13e-03 | M: 65205.1793 | iter=  1.23s | ETA: 6m19s | Path: GPU-cuStateVec+cpu-expect MPI-distributed (1 ranks)
Iter 0718/1024 | E: -64.056983 | Δ: 7.41e-04 | M: 57294.9423 | iter=  1.23s | ETA: 6m17s | Path: GPU-cuStateVec+cpu-expect MPI-distributed (1 ranks)
Iter 0719/1024 | E: -64.065792 | Δ: 8.81e-03 | M: 63767.6263 | iter=  1.24s | ETA: 6m16s | Path: GPU-cuStateVec+cpu-expect MPI-distributed (1 ranks)
Iter 0720/1024 | E: -64.071736 | Δ: 5.94e-03 | M: 57214.1939 | iter=  1.23s | ETA: 6m15s | Path: GPU-cuStateVec+cpu-expect MPI-distributed (1 ranks)
[RESILIENCE] Iteration 720: Global theta state checkpointed at path checkpoints/NH3/checkpoint_iter_0720.npy. 
Iter 0721/1024 | E: -64.078255 | Δ: 6.52e-03 | M: 56949.7396 | iter=  1.23s | ETA: 6m13s | Path: GPU-cuStateVec+cpu-expect MPI-distributed (1 ranks)
Iter 0722/1024 | E: -64.063766 | Δ: 1.45e-02 | M: 54792.4738 | iter=  1.23s | ETA: 6m12s | Path: GPU-cuStateVec+cpu-expect MPI-distributed (1 ranks)
Iter 0723/1024 | E: -64.077415 | Δ: 1.36e-02 | M: 61712.5818 | iter=  1.23s | ETA: 6m11s | Path: GPU-cuStateVec+cpu-expect MPI-distributed (1 ranks)
Iter 0724/1024 | E: -64.073124 | Δ: 4.29e-03 | M: 63434.2565 | iter=  1.23s | ETA: 6m09s | Path: GPU-cuStateVec+cpu-expect MPI-distributed (1 ranks)
Iter 0725/1024 | E: -64.079022 | Δ: 5.90e-03 | M: 65503.9814 | iter=  1.23s | ETA: 6m07s | Path: GPU-cuStateVec+cpu-expect MPI-distributed (1 ranks)
[RESILIENCE] Iteration 725: Global theta state checkpointed at path checkpoints/NH3/checkpoint_iter_0725.npy. 
Iter 0726/1024 | E: -64.075475 | Δ: 3.55e-03 | M: 65759.6021 | iter=  1.23s | ETA: 6m07s | Path: GPU-cuStateVec+cpu-expect MPI-distributed (1 ranks)
Iter 0727/1024 | E: -64.077965 | Δ: 2.49e-03 | M: 64117.2050 | iter=  1.23s | ETA: 6m05s | Path: GPU-cuStateVec+cpu-expect MPI-distributed (1 ranks)
Iter 0728/1024 | E: -64.077028 | Δ: 9.36e-04 | M: 63404.2119 | iter=  1.23s | ETA: 6m04s | Path: GPU-cuStateVec+cpu-expect MPI-distributed (1 ranks)
Iter 0729/1024 | E: -64.086459 | Δ: 9.43e-03 | M: 63544.9451 | iter=  1.23s | ETA: 6m02s | Path: GPU-cuStateVec+cpu-expect MPI-distributed (1 ranks)
Iter 0730/1024 | E: -64.085246 | Δ: 1.21e-03 | M: 67232.3820 | iter=  1.23s | ETA: 6m01s | Path: GPU-cuStateVec+cpu-expect MPI-distributed (1 ranks)
[RESILIENCE] Iteration 730: Global theta state checkpointed at path checkpoints/NH3/checkpoint_iter_0730.npy. 
Iter 0731/1024 | E: -64.082502 | Δ: 2.74e-03 | M: 58275.8828 | iter=  1.24s | ETA: 6m00s | Path: GPU-cuStateVec+cpu-expect MPI-distributed (1 ranks)
Iter 0732/1024 | E: -64.081797 | Δ: 7.04e-04 | M: 58946.7312 | iter=  1.23s | ETA: 5m59s | Path: GPU-cuStateVec+cpu-expect MPI-distributed (1 ranks)
Iter 0733/1024 | E: -64.076682 | Δ: 5.12e-03 | M: 51610.1567 | iter=  1.23s | ETA: 5m58s | Path: GPU-cuStateVec+cpu-expect MPI-distributed (1 ranks)
Iter 0734/1024 | E: -64.077714 | Δ: 1.03e-03 | M: 49710.9200 | iter=  1.23s | ETA: 5m57s | Path: GPU-cuStateVec+cpu-expect MPI-distributed (1 ranks)
Iter 0735/1024 | E: -64.088004 | Δ: 1.03e-02 | M: 50527.8144 | iter=  1.23s | ETA: 5m55s | Path: GPU-cuStateVec+cpu-expect MPI-distributed (1 ranks)
[RESILIENCE] Iteration 735: Global theta state checkpointed at path checkpoints/NH3/checkpoint_iter_0735.npy. 
Iter 0736/1024 | E: -64.082976 | Δ: 5.03e-03 | M: 51901.2765 | iter=  1.23s | ETA: 5m54s | Path: GPU-cuStateVec+cpu-expect MPI-distributed (1 ranks)
Iter 0737/1024 | E: -64.086347 | Δ: 3.37e-03 | M: 48714.8226 | iter=  1.28s | ETA: 5m54s | Path: GPU-cuStateVec+cpu-expect MPI-distributed (1 ranks)
Iter 0738/1024 | E: -64.091367 | Δ: 5.02e-03 | M: 55221.2584 | iter=  1.23s | ETA: 5m52s | Path: GPU-cuStateVec+cpu-expect MPI-distributed (1 ranks)
Iter 0739/1024 | E: -64.099693 | Δ: 8.33e-03 | M: 50717.0328 | iter=  1.23s | ETA: 5m51s | Path: GPU-cuStateVec+cpu-expect MPI-distributed (1 ranks)
Iter 0740/1024 | E: -64.094175 | Δ: 5.52e-03 | M: 52930.8701 | iter=  1.23s | ETA: 5m49s | Path: GPU-cuStateVec+cpu-expect MPI-distributed (1 ranks)
[RESILIENCE] Iteration 740: Global theta state checkpointed at path checkpoints/NH3/checkpoint_iter_0740.npy. 
Iter 0741/1024 | E: -64.096905 | Δ: 2.73e-03 | M: 49051.8150 | iter=  1.23s | ETA: 5m48s | Path: GPU-cuStateVec+cpu-expect MPI-distributed (1 ranks)
Iter 0742/1024 | E: -64.101713 | Δ: 4.81e-03 | M: 49792.4106 | iter=  1.24s | ETA: 5m47s | Path: GPU-cuStateVec+cpu-expect MPI-distributed (1 ranks)
Iter 0743/1024 | E: -64.090426 | Δ: 1.13e-02 | M: 50668.7755 | iter=  1.23s | ETA: 5m46s | Path: GPU-cuStateVec+cpu-expect MPI-distributed (1 ranks)
Iter 0744/1024 | E: -64.102017 | Δ: 1.16e-02 | M: 53976.6159 | iter=  1.24s | ETA: 5m44s | Path: GPU-cuStateVec+cpu-expect MPI-distributed (1 ranks)
Iter 0745/1024 | E: -64.101157 | Δ: 8.60e-04 | M: 55466.0655 | iter=  1.23s | ETA: 5m43s | Path: GPU-cuStateVec+cpu-expect MPI-distributed (1 ranks)
[RESILIENCE] Iteration 745: Global theta state checkpointed at path checkpoints/NH3/checkpoint_iter_0745.npy. 
Iter 0746/1024 | E: -64.105576 | Δ: 4.42e-03 | M: 56233.0979 | iter=  1.23s | ETA: 5m42s | Path: GPU-cuStateVec+cpu-expect MPI-distributed (1 ranks)
Iter 0747/1024 | E: -64.093312 | Δ: 1.23e-02 | M: 72315.0865 | iter=  1.24s | ETA: 5m41s | Path: GPU-cuStateVec+cpu-expect MPI-distributed (1 ranks)
Iter 0748/1024 | E: -64.101070 | Δ: 7.76e-03 | M: 60833.4053 | iter=  1.23s | ETA: 5m40s | Path: GPU-cuStateVec+cpu-expect MPI-distributed (1 ranks)
Iter 0749/1024 | E: -64.104410 | Δ: 3.34e-03 | M: 69120.6689 | iter=  1.23s | ETA: 5m38s | Path: GPU-cuStateVec+cpu-expect MPI-distributed (1 ranks)
Iter 0750/1024 | E: -64.096987 | Δ: 7.42e-03 | M: 58526.4853 | iter=  1.23s | ETA: 5m37s | Path: GPU-cuStateVec+cpu-expect MPI-distributed (1 ranks)
[RESILIENCE] Iteration 750: Global theta state checkpointed at path checkpoints/NH3/checkpoint_iter_0750.npy. 
Iter 0751/1024 | E: -64.107241 | Δ: 1.03e-02 | M: 64815.9603 | iter=  1.23s | ETA: 5m36s | Path: GPU-cuStateVec+cpu-expect MPI-distributed (1 ranks)
Iter 0752/1024 | E: -64.107471 | Δ: 2.29e-04 | M: 57268.7928 | iter=  1.24s | ETA: 5m35s | Path: GPU-cuStateVec+cpu-expect MPI-distributed (1 ranks)
Iter 0753/1024 | E: -64.102229 | Δ: 5.24e-03 | M: 56206.9711 | iter=  1.23s | ETA: 5m33s | Path: GPU-cuStateVec+cpu-expect MPI-distributed (1 ranks)
Iter 0754/1024 | E: -64.110802 | Δ: 8.57e-03 | M: 58876.0042 | iter=  1.23s | ETA: 5m32s | Path: GPU-cuStateVec+cpu-expect MPI-distributed (1 ranks)
Iter 0755/1024 | E: -64.101922 | Δ: 8.88e-03 | M: 49562.0122 | iter=  1.29s | ETA: 5m31s | Path: GPU-cuStateVec+cpu-expect MPI-distributed (1 ranks)
[RESILIENCE] Iteration 755: Global theta state checkpointed at path checkpoints/NH3/checkpoint_iter_0755.npy. 
Iter 0756/1024 | E: -64.111414 | Δ: 9.49e-03 | M: 57280.5563 | iter=  1.23s | ETA: 5m30s | Path: GPU-cuStateVec+cpu-expect MPI-distributed (1 ranks)
Iter 0757/1024 | E: -64.112065 | Δ: 6.51e-04 | M: 64571.9997 | iter=  1.23s | ETA: 5m29s | Path: GPU-cuStateVec+cpu-expect MPI-distributed (1 ranks)
Iter 0758/1024 | E: -64.127579 | Δ: 1.55e-02 | M: 58259.5896 | iter=  1.24s | ETA: 5m28s | Path: GPU-cuStateVec+cpu-expect MPI-distributed (1 ranks)
Iter 0759/1024 | E: -64.119305 | Δ: 8.27e-03 | M: 51021.8822 | iter=  1.25s | ETA: 5m27s | Path: GPU-cuStateVec+cpu-expect MPI-distributed (1 ranks)
Iter 0760/1024 | E: -64.126206 | Δ: 6.90e-03 | M: 17943.1225 | iter=  1.24s | ETA: 5m26s | Path: GPU-cuStateVec+cpu-expect MPI-distributed (1 ranks)
[RESILIENCE] Iteration 760: Global theta state checkpointed at path checkpoints/NH3/checkpoint_iter_0760.npy. 
Iter 0761/1024 | E: -64.115388 | Δ: 1.08e-02 | M: 51422.4148 | iter=  1.25s | ETA: 5m26s | Path: GPU-cuStateVec+cpu-expect MPI-distributed (1 ranks)
Iter 0762/1024 | E: -64.119388 | Δ: 4.00e-03 | M: 60841.7795 | iter=  1.23s | ETA: 5m25s | Path: GPU-cuStateVec+cpu-expect MPI-distributed (1 ranks)
Iter 0763/1024 | E: -64.122773 | Δ: 3.38e-03 | M: 66441.2053 | iter=  1.23s | ETA: 5m24s | Path: GPU-cuStateVec+cpu-expect MPI-distributed (1 ranks)
Iter 0764/1024 | E: -64.127639 | Δ: 4.87e-03 | M: 58945.3872 | iter=  1.23s | ETA: 5m20s | Path: GPU-cuStateVec+cpu-expect MPI-distributed (1 ranks)
Iter 0765/1024 | E: -64.125882 | Δ: 1.76e-03 | M: 55773.9558 | iter=  1.23s | ETA: 5m19s | Path: GPU-cuStateVec+cpu-expect MPI-distributed (1 ranks)
[RESILIENCE] Iteration 765: Global theta state checkpointed at path checkpoints/NH3/checkpoint_iter_0765.npy. 
Iter 0766/1024 | E: -64.127225 | Δ: 1.34e-03 | M: 58082.6906 | iter=  1.24s | ETA: 5m17s | Path: GPU-cuStateVec+cpu-expect MPI-distributed (1 ranks)
Iter 0767/1024 | E: -64.134769 | Δ: 7.54e-03 | M: 66206.6046 | iter=  1.24s | ETA: 5m17s | Path: GPU-cuStateVec+cpu-expect MPI-distributed (1 ranks)
Iter 0768/1024 | E: -64.128087 | Δ: 6.68e-03 | M: 60187.1890 | iter=  1.23s | ETA: 5m15s | Path: GPU-cuStateVec+cpu-expect MPI-distributed (1 ranks)
Iter 0769/1024 | E: -64.130080 | Δ: 1.99e-03 | M: 58640.9780 | iter=  1.23s | ETA: 5m14s | Path: GPU-cuStateVec+cpu-expect MPI-distributed (1 ranks)
Iter 0770/1024 | E: -64.125549 | Δ: 4.53e-03 | M: 50110.1477 | iter=  1.23s | ETA: 5m13s | Path: GPU-cuStateVec+cpu-expect MPI-distributed (1 ranks)
[RESILIENCE] Iteration 770: Global theta state checkpointed at path checkpoints/NH3/checkpoint_iter_0770.npy. 
Iter 0771/1024 | E: -64.135439 | Δ: 9.89e-03 | M: 60212.9134 | iter=  1.23s | ETA: 5m12s | Path: GPU-cuStateVec+cpu-expect MPI-distributed (1 ranks)
Iter 0772/1024 | E: -64.130239 | Δ: 5.20e-03 | M: 50914.1554 | iter=  1.23s | ETA: 5m10s | Path: GPU-cuStateVec+cpu-expect MPI-distributed (1 ranks)
Iter 0773/1024 | E: -64.128318 | Δ: 1.92e-03 | M: 50574.0996 | iter=  1.23s | ETA: 5m09s | Path: GPU-cuStateVec+cpu-expect MPI-distributed (1 ranks)
Iter 0774/1024 | E: -64.140245 | Δ: 1.19e-02 | M: 50348.7258 | iter=  1.23s | ETA: 5m08s | Path: GPU-cuStateVec+cpu-expect MPI-distributed (1 ranks)
Iter 0775/1024 | E: -64.137631 | Δ: 2.61e-03 | M: 51095.2926 | iter=  1.23s | ETA: 5m07s | Path: GPU-cuStateVec+cpu-expect MPI-distributed (1 ranks)
[RESILIENCE] Iteration 775: Global theta state checkpointed at path checkpoints/NH3/checkpoint_iter_0775.npy. 
Iter 0776/1024 | E: -64.142764 | Δ: 5.13e-03 | M: 49907.9694 | iter=  1.23s | ETA: 5m06s | Path: GPU-cuStateVec+cpu-expect MPI-distributed (1 ranks)
Iter 0777/1024 | E: -64.142667 | Δ: 9.67e-05 | M: 48330.9489 | iter=  1.23s | ETA: 5m04s | Path: GPU-cuStateVec+cpu-expect MPI-distributed (1 ranks)
Iter 0778/1024 | E: -64.134135 | Δ: 8.53e-03 | M: 52864.2619 | iter=  1.23s | ETA: 5m03s | Path: GPU-cuStateVec+cpu-expect MPI-distributed (1 ranks)
Iter 0779/1024 | E: -64.141163 | Δ: 7.03e-03 | M: 55466.4139 | iter=  1.23s | ETA: 5m02s | Path: GPU-cuStateVec+cpu-expect MPI-distributed (1 ranks)
Iter 0780/1024 | E: -64.139187 | Δ: 1.98e-03 | M: 50847.2084 | iter=  1.23s | ETA: 5m01s | Path: GPU-cuStateVec+cpu-expect MPI-distributed (1 ranks)
[RESILIENCE] Iteration 780: Global theta state checkpointed at path checkpoints/NH3/checkpoint_iter_0780.npy. 
Iter 0781/1024 | E: -64.134456 | Δ: 4.73e-03 | M: 49530.7871 | iter=  1.24s | ETA: 4m59s | Path: GPU-cuStateVec+cpu-expect MPI-distributed (1 ranks)
Iter 0782/1024 | E: -64.152140 | Δ: 1.77e-02 | M: 48436.4792 | iter=  1.23s | ETA: 4m58s | Path: GPU-cuStateVec+cpu-expect MPI-distributed (1 ranks)
Iter 0783/1024 | E: -64.143727 | Δ: 8.41e-03 | M: 53863.2529 | iter=  1.23s | ETA: 4m57s | Path: GPU-cuStateVec+cpu-expect MPI-distributed (1 ranks)
Iter 0784/1024 | E: -64.144381 | Δ: 6.53e-04 | M: 64688.0422 | iter=  1.23s | ETA: 4m55s | Path: GPU-cuStateVec+cpu-expect MPI-distributed (1 ranks)
Iter 0785/1024 | E: -64.151304 | Δ: 6.92e-03 | M: 55407.9800 | iter=  1.23s | ETA: 4m53s | Path: GPU-cuStateVec+cpu-expect MPI-distributed (1 ranks)
[RESILIENCE] Iteration 785: Global theta state checkpointed at path checkpoints/NH3/checkpoint_iter_0785.npy. 
Iter 0786/1024 | E: -64.138252 | Δ: 1.31e-02 | M: 56476.6087 | iter=  1.23s | ETA: 4m52s | Path: GPU-cuStateVec+cpu-expect MPI-distributed (1 ranks)
Iter 0787/1024 | E: -64.155247 | Δ: 1.70e-02 | M: 55977.2786 | iter=  1.23s | ETA: 4m51s | Path: GPU-cuStateVec+cpu-expect MPI-distributed (1 ranks)
Iter 0788/1024 | E: -64.155131 | Δ: 1.16e-04 | M: 52867.2449 | iter=  1.23s | ETA: 4m49s | Path: GPU-cuStateVec+cpu-expect MPI-distributed (1 ranks)
Iter 0789/1024 | E: -64.147081 | Δ: 8.05e-03 | M: 52564.5329 | iter=  1.23s | ETA: 4m48s | Path: GPU-cuStateVec+cpu-expect MPI-distributed (1 ranks)
Iter 0790/1024 | E: -64.150742 | Δ: 3.66e-03 | M: 55849.1734 | iter=  1.23s | ETA: 4m47s | Path: GPU-cuStateVec+cpu-expect MPI-distributed (1 ranks)
[RESILIENCE] Iteration 790: Global theta state checkpointed at path checkpoints/NH3/checkpoint_iter_0790.npy. 
Iter 0791/1024 | E: -64.148829 | Δ: 1.91e-03 | M: 49109.4736 | iter=  1.29s | ETA: 4m46s | Path: GPU-cuStateVec+cpu-expect MPI-distributed (1 ranks)
Iter 0792/1024 | E: -64.156156 | Δ: 7.33e-03 | M: 55869.1130 | iter=  1.25s | ETA: 4m46s | Path: GPU-cuStateVec+cpu-expect MPI-distributed (1 ranks)
Iter 0793/1024 | E: -64.163429 | Δ: 7.27e-03 | M: 49813.9331 | iter=  1.24s | ETA: 4m46s | Path: GPU-cuStateVec+cpu-expect MPI-distributed (1 ranks)
Iter 0794/1024 | E: -64.158129 | Δ: 5.30e-03 | M: 54115.9097 | iter=  1.24s | ETA: 4m44s | Path: GPU-cuStateVec+cpu-expect MPI-distributed (1 ranks)
Iter 0795/1024 | E: -64.155833 | Δ: 2.30e-03 | M: 51361.2541 | iter=  1.24s | ETA: 4m44s | Path: GPU-cuStateVec+cpu-expect MPI-distributed (1 ranks)
[RESILIENCE] Iteration 795: Global theta state checkpointed at path checkpoints/NH3/checkpoint_iter_0795.npy. 
Iter 0796/1024 | E: -64.151521 | Δ: 4.31e-03 | M: 53780.7020 | iter=  1.24s | ETA: 4m42s | Path: GPU-cuStateVec+cpu-expect MPI-distributed (1 ranks)
Iter 0797/1024 | E: -64.160638 | Δ: 9.12e-03 | M: 61951.0683 | iter=  1.24s | ETA: 4m41s | Path: GPU-cuStateVec+cpu-expect MPI-distributed (1 ranks)
Iter 0798/1024 | E: -64.153945 | Δ: 6.69e-03 | M: 65276.5749 | iter=  1.23s | ETA: 4m39s | Path: GPU-cuStateVec+cpu-expect MPI-distributed (1 ranks)
Iter 0799/1024 | E: -64.158748 | Δ: 4.80e-03 | M: 58064.9309 | iter=  1.23s | ETA: 4m38s | Path: GPU-cuStateVec+cpu-expect MPI-distributed (1 ranks)
Iter 0800/1024 | E: -64.161199 | Δ: 2.45e-03 | M: 65210.5219 | iter=  1.24s | ETA: 4m36s | Path: GPU-cuStateVec+cpu-expect MPI-distributed (1 ranks)
[RESILIENCE] Iteration 800: Global theta state checkpointed at path checkpoints/NH3/checkpoint_iter_0800.npy. 
Iter 0801/1024 | E: -64.152026 | Δ: 9.17e-03 | M: 61774.6395 | iter=  1.23s | ETA: 4m34s | Path: GPU-cuStateVec+cpu-expect MPI-distributed (1 ranks)
Iter 0802/1024 | E: -64.162682 | Δ: 1.07e-02 | M: 55434.4320 | iter=  1.23s | ETA: 4m33s | Path: GPU-cuStateVec+cpu-expect MPI-distributed (1 ranks)
Iter 0803/1024 | E: -64.159254 | Δ: 3.43e-03 | M: 51876.2531 | iter=  1.23s | ETA: 4m32s | Path: GPU-cuStateVec+cpu-expect MPI-distributed (1 ranks)
Iter 0804/1024 | E: -64.157116 | Δ: 2.14e-03 | M: 65743.9137 | iter=  1.23s | ETA: 4m31s | Path: GPU-cuStateVec+cpu-expect MPI-distributed (1 ranks)
Iter 0805/1024 | E: -64.161018 | Δ: 3.90e-03 | M: 58304.9128 | iter=  1.23s | ETA: 4m30s | Path: GPU-cuStateVec+cpu-expect MPI-distributed (1 ranks)
[RESILIENCE] Iteration 805: Global theta state checkpointed at path checkpoints/NH3/checkpoint_iter_0805.npy. 
Iter 0806/1024 | E: -64.167588 | Δ: 6.57e-03 | M: 68782.1747 | iter=  1.23s | ETA: 4m28s | Path: GPU-cuStateVec+cpu-expect MPI-distributed (1 ranks)
Iter 0807/1024 | E: -64.168720 | Δ: 1.13e-03 | M: 61647.8295 | iter=  1.24s | ETA: 4m27s | Path: GPU-cuStateVec+cpu-expect MPI-distributed (1 ranks)
Iter 0808/1024 | E: -64.155056 | Δ: 1.37e-02 | M: 62912.8274 | iter=  1.23s | ETA: 4m25s | Path: GPU-cuStateVec+cpu-expect MPI-distributed (1 ranks)
Iter 0809/1024 | E: -64.160860 | Δ: 5.80e-03 | M: 61706.6431 | iter=  1.23s | ETA: 4m24s | Path: GPU-cuStateVec+cpu-expect MPI-distributed (1 ranks)
Iter 0810/1024 | E: -64.162340 | Δ: 1.48e-03 | M: 57815.6449 | iter=  1.24s | ETA: 4m23s | Path: GPU-cuStateVec+cpu-expect MPI-distributed (1 ranks)
[RESILIENCE] Iteration 810: Global theta state checkpointed at path checkpoints/NH3/checkpoint_iter_0810.npy. 
Iter 0811/1024 | E: -64.170301 | Δ: 7.96e-03 | M: 55479.9914 | iter=  1.24s | ETA: 4m23s | Path: GPU-cuStateVec+cpu-expect MPI-distributed (1 ranks)
Iter 0812/1024 | E: -64.163707 | Δ: 6.59e-03 | M: 58267.3345 | iter=  1.24s | ETA: 4m22s | Path: GPU-cuStateVec+cpu-expect MPI-distributed (1 ranks)
Iter 0813/1024 | E: -64.170099 | Δ: 6.39e-03 | M: 54326.0149 | iter=  1.24s | ETA: 4m21s | Path: GPU-cuStateVec+cpu-expect MPI-distributed (1 ranks)
Iter 0814/1024 | E: -64.168861 | Δ: 1.24e-03 | M: 58436.2564 | iter=  1.23s | ETA: 4m20s | Path: GPU-cuStateVec+cpu-expect MPI-distributed (1 ranks)
Iter 0815/1024 | E: -64.159217 | Δ: 9.64e-03 | M: 61197.4443 | iter=  1.24s | ETA: 4m18s | Path: GPU-cuStateVec+cpu-expect MPI-distributed (1 ranks)
[RESILIENCE] Iteration 815: Global theta state checkpointed at path checkpoints/NH3/checkpoint_iter_0815.npy. 
Iter 0816/1024 | E: -64.170356 | Δ: 1.11e-02 | M: 60693.6635 | iter=  1.23s | ETA: 4m16s | Path: GPU-cuStateVec+cpu-expect MPI-distributed (1 ranks)
Iter 0817/1024 | E: -64.168721 | Δ: 1.64e-03 | M: 69847.5199 | iter=  1.23s | ETA: 4m14s | Path: GPU-cuStateVec+cpu-expect MPI-distributed (1 ranks)
Iter 0818/1024 | E: -64.164124 | Δ: 4.60e-03 | M: 50737.8050 | iter=  1.29s | ETA: 4m13s | Path: GPU-cuStateVec+cpu-expect MPI-distributed (1 ranks)
Iter 0819/1024 | E: -64.173360 | Δ: 9.24e-03 | M: 63190.3205 | iter=  1.23s | ETA: 4m12s | Path: GPU-cuStateVec+cpu-expect MPI-distributed (1 ranks)
Iter 0820/1024 | E: -64.173780 | Δ: 4.21e-04 | M: 64814.5662 | iter=  1.24s | ETA: 4m11s | Path: GPU-cuStateVec+cpu-expect MPI-distributed (1 ranks)
[RESILIENCE] Iteration 820: Global theta state checkpointed at path checkpoints/NH3/checkpoint_iter_0820.npy. 
Iter 0821/1024 | E: -64.183775 | Δ: 9.99e-03 | M: 61896.6495 | iter=  1.23s | ETA: 4m10s | Path: GPU-cuStateVec+cpu-expect MPI-distributed (1 ranks)
Iter 0822/1024 | E: -64.187166 | Δ: 3.39e-03 | M: 52185.7909 | iter=  1.24s | ETA: 4m09s | Path: GPU-cuStateVec+cpu-expect MPI-distributed (1 ranks)
Iter 0823/1024 | E: -64.180404 | Δ: 6.76e-03 | M: 54477.8607 | iter=  1.23s | ETA: 4m08s | Path: GPU-cuStateVec+cpu-expect MPI-distributed (1 ranks)
Iter 0824/1024 | E: -64.174166 | Δ: 6.24e-03 | M: 50566.7697 | iter=  1.23s | ETA: 4m06s | Path: GPU-cuStateVec+cpu-expect MPI-distributed (1 ranks)
Iter 0825/1024 | E: -64.176498 | Δ: 2.33e-03 | M: 53485.0458 | iter=  1.23s | ETA: 4m05s | Path: GPU-cuStateVec+cpu-expect MPI-distributed (1 ranks)
[RESILIENCE] Iteration 825: Global theta state checkpointed at path checkpoints/NH3/checkpoint_iter_0825.npy. 
Iter 0826/1024 | E: -64.177609 | Δ: 1.11e-03 | M: 49693.5872 | iter=  1.23s | ETA: 4m04s | Path: GPU-cuStateVec+cpu-expect MPI-distributed (1 ranks)
Iter 0827/1024 | E: -64.175258 | Δ: 2.35e-03 | M: 50424.7881 | iter=  1.23s | ETA: 4m02s | Path: GPU-cuStateVec+cpu-expect MPI-distributed (1 ranks)
Iter 0828/1024 | E: -64.178735 | Δ: 3.48e-03 | M: 57141.6353 | iter=  1.24s | ETA: 4m01s | Path: GPU-cuStateVec+cpu-expect MPI-distributed (1 ranks)
Iter 0829/1024 | E: -64.184542 | Δ: 5.81e-03 | M: 47875.9009 | iter=  1.23s | ETA: 4m00s | Path: GPU-cuStateVec+cpu-expect MPI-distributed (1 ranks)
Iter 0830/1024 | E: -64.176249 | Δ: 8.29e-03 | M: 51780.4260 | iter=  1.23s | ETA: 3m59s | Path: GPU-cuStateVec+cpu-expect MPI-distributed (1 ranks)
[RESILIENCE] Iteration 830: Global theta state checkpointed at path checkpoints/NH3/checkpoint_iter_0830.npy. 
Iter 0831/1024 | E: -64.174372 | Δ: 1.88e-03 | M: 50032.4512 | iter=  1.23s | ETA: 3m57s | Path: GPU-cuStateVec+cpu-expect MPI-distributed (1 ranks)
Iter 0832/1024 | E: -64.181614 | Δ: 7.24e-03 | M: 50242.4879 | iter=  1.23s | ETA: 3m56s | Path: GPU-cuStateVec+cpu-expect MPI-distributed (1 ranks)
Iter 0833/1024 | E: -64.183621 | Δ: 2.01e-03 | M: 61318.3228 | iter=  1.23s | ETA: 3m55s | Path: GPU-cuStateVec+cpu-expect MPI-distributed (1 ranks)
Iter 0834/1024 | E: -64.166945 | Δ: 1.67e-02 | M: 68163.9301 | iter=  1.23s | ETA: 3m54s | Path: GPU-cuStateVec+cpu-expect MPI-distributed (1 ranks)
Iter 0835/1024 | E: -64.190110 | Δ: 2.32e-02 | M: 51195.9794 | iter=  1.23s | ETA: 3m53s | Path: GPU-cuStateVec+cpu-expect MPI-distributed (1 ranks)
[RESILIENCE] Iteration 835: Global theta state checkpointed at path checkpoints/NH3/checkpoint_iter_0835.npy. 
Iter 0836/1024 | E: -64.186343 | Δ: 3.77e-03 | M: 57451.4853 | iter=  1.23s | ETA: 3m52s | Path: GPU-cuStateVec+cpu-expect MPI-distributed (1 ranks)
Iter 0837/1024 | E: -64.184524 | Δ: 1.82e-03 | M: 52010.6080 | iter=  1.23s | ETA: 3m50s | Path: GPU-cuStateVec+cpu-expect MPI-distributed (1 ranks)
Iter 0838/1024 | E: -64.181993 | Δ: 2.53e-03 | M: 65109.9245 | iter=  1.23s | ETA: 3m49s | Path: GPU-cuStateVec+cpu-expect MPI-distributed (1 ranks)
Iter 0839/1024 | E: -64.180302 | Δ: 1.69e-03 | M: 69648.1482 | iter=  1.24s | ETA: 3m47s | Path: GPU-cuStateVec+cpu-expect MPI-distributed (1 ranks)
Iter 0840/1024 | E: -64.188058 | Δ: 7.76e-03 | M: 55234.9059 | iter=  1.23s | ETA: 3m46s | Path: GPU-cuStateVec+cpu-expect MPI-distributed (1 ranks)
[RESILIENCE] Iteration 840: Global theta state checkpointed at path checkpoints/NH3/checkpoint_iter_0840.npy. 
Iter 0841/1024 | E: -64.184389 | Δ: 3.67e-03 | M: 48666.8463 | iter=  1.29s | ETA: 3m45s | Path: GPU-cuStateVec+cpu-expect MPI-distributed (1 ranks)
Iter 0842/1024 | E: -64.190744 | Δ: 6.36e-03 | M: 50688.4935 | iter=  1.24s | ETA: 3m44s | Path: GPU-cuStateVec+cpu-expect MPI-distributed (1 ranks)
Iter 0843/1024 | E: -64.190011 | Δ: 7.32e-04 | M: 58988.9871 | iter=  1.23s | ETA: 3m43s | Path: GPU-cuStateVec+cpu-expect MPI-distributed (1 ranks)
Iter 0844/1024 | E: -64.176015 | Δ: 1.40e-02 | M: 54273.4799 | iter=  1.24s | ETA: 3m42s | Path: GPU-cuStateVec+cpu-expect MPI-distributed (1 ranks)
Iter 0845/1024 | E: -64.184000 | Δ: 7.98e-03 | M: 64388.0450 | iter=  1.23s | ETA: 3m41s | Path: GPU-cuStateVec+cpu-expect MPI-distributed (1 ranks)
[RESILIENCE] Iteration 845: Global theta state checkpointed at path checkpoints/NH3/checkpoint_iter_0845.npy. 
Iter 0846/1024 | E: -64.188155 | Δ: 4.16e-03 | M: 66933.6758 | iter=  1.23s | ETA: 3m39s | Path: GPU-cuStateVec+cpu-expect MPI-distributed (1 ranks)
Iter 0847/1024 | E: -64.189088 | Δ: 9.33e-04 | M: 71105.6708 | iter=  1.23s | ETA: 3m37s | Path: GPU-cuStateVec+cpu-expect MPI-distributed (1 ranks)
Iter 0848/1024 | E: -64.187137 | Δ: 1.95e-03 | M: 53766.8428 | iter=  1.23s | ETA: 3m36s | Path: GPU-cuStateVec+cpu-expect MPI-distributed (1 ranks)
Iter 0849/1024 | E: -64.190217 | Δ: 3.08e-03 | M: 71151.2354 | iter=  1.23s | ETA: 3m35s | Path: GPU-cuStateVec+cpu-expect MPI-distributed (1 ranks)
Iter 0850/1024 | E: -64.192342 | Δ: 2.13e-03 | M: 71061.1952 | iter=  1.23s | ETA: 3m34s | Path: GPU-cuStateVec+cpu-expect MPI-distributed (1 ranks)
[RESILIENCE] Iteration 850: Global theta state checkpointed at path checkpoints/NH3/checkpoint_iter_0850.npy. 
Iter 0851/1024 | E: -64.186784 | Δ: 5.56e-03 | M: 55128.1778 | iter=  1.24s | ETA: 3m33s | Path: GPU-cuStateVec+cpu-expect MPI-distributed (1 ranks)
Iter 0852/1024 | E: -64.192665 | Δ: 5.88e-03 | M: 52101.6455 | iter=  1.24s | ETA: 3m32s | Path: GPU-cuStateVec+cpu-expect MPI-distributed (1 ranks)
Iter 0853/1024 | E: -64.184136 | Δ: 8.53e-03 | M: 57956.5958 | iter=  1.23s | ETA: 3m31s | Path: GPU-cuStateVec+cpu-expect MPI-distributed (1 ranks)
Iter 0854/1024 | E: -64.193549 | Δ: 9.41e-03 | M: 50982.1656 | iter=  1.23s | ETA: 3m29s | Path: GPU-cuStateVec+cpu-expect MPI-distributed (1 ranks)
Iter 0855/1024 | E: -64.193388 | Δ: 1.61e-04 | M: 70653.2872 | iter=  1.24s | ETA: 3m28s | Path: GPU-cuStateVec+cpu-expect MPI-distributed (1 ranks)
[RESILIENCE] Iteration 855: Global theta state checkpointed at path checkpoints/NH3/checkpoint_iter_0855.npy. 
Iter 0856/1024 | E: -64.190857 | Δ: 2.53e-03 | M: 53276.7699 | iter=  1.23s | ETA: 3m27s | Path: GPU-cuStateVec+cpu-expect MPI-distributed (1 ranks)
Iter 0857/1024 | E: -64.198130 | Δ: 7.27e-03 | M: 64590.3371 | iter=  1.23s | ETA: 3m25s | Path: GPU-cuStateVec+cpu-expect MPI-distributed (1 ranks)
Iter 0858/1024 | E: -64.193827 | Δ: 4.30e-03 | M: 65048.7057 | iter=  1.23s | ETA: 3m24s | Path: GPU-cuStateVec+cpu-expect MPI-distributed (1 ranks)
Iter 0859/1024 | E: -64.192567 | Δ: 1.26e-03 | M: 51611.9691 | iter=  1.29s | ETA: 3m23s | Path: GPU-cuStateVec+cpu-expect MPI-distributed (1 ranks)
Iter 0860/1024 | E: -64.198014 | Δ: 5.45e-03 | M: 51099.1040 | iter=  1.23s | ETA: 3m22s | Path: GPU-cuStateVec+cpu-expect MPI-distributed (1 ranks)
[RESILIENCE] Iteration 860: Global theta state checkpointed at path checkpoints/NH3/checkpoint_iter_0860.npy. 
Iter 0861/1024 | E: -64.194317 | Δ: 3.70e-03 | M: 53445.0591 | iter=  1.23s | ETA: 3m20s | Path: GPU-cuStateVec+cpu-expect MPI-distributed (1 ranks)
Iter 0862/1024 | E: -64.198821 | Δ: 4.50e-03 | M: 59494.0127 | iter=  1.23s | ETA: 3m19s | Path: GPU-cuStateVec+cpu-expect MPI-distributed (1 ranks)
Iter 0863/1024 | E: -64.205745 | Δ: 6.92e-03 | M: 67475.3442 | iter=  1.23s | ETA: 3m18s | Path: GPU-cuStateVec+cpu-expect MPI-distributed (1 ranks)
Iter 0864/1024 | E: -64.193287 | Δ: 1.25e-02 | M: 54681.4630 | iter=  1.23s | ETA: 3m17s | Path: GPU-cuStateVec+cpu-expect MPI-distributed (1 ranks)
Iter 0865/1024 | E: -64.208042 | Δ: 1.48e-02 | M: 47792.3283 | iter=  1.23s | ETA: 3m15s | Path: GPU-cuStateVec+cpu-expect MPI-distributed (1 ranks)
[RESILIENCE] Iteration 865: Global theta state checkpointed at path checkpoints/NH3/checkpoint_iter_0865.npy. 
Iter 0866/1024 | E: -64.206055 | Δ: 1.99e-03 | M: 54183.7534 | iter=  1.23s | ETA: 3m14s | Path: GPU-cuStateVec+cpu-expect MPI-distributed (1 ranks)
Iter 0867/1024 | E: -64.206729 | Δ: 6.74e-04 | M: 51666.1167 | iter=  1.25s | ETA: 3m13s | Path: GPU-cuStateVec+cpu-expect MPI-distributed (1 ranks)
Iter 0868/1024 | E: -64.205400 | Δ: 1.33e-03 | M: 49104.4047 | iter=  1.24s | ETA: 3m12s | Path: GPU-cuStateVec+cpu-expect MPI-distributed (1 ranks)
Iter 0869/1024 | E: -64.209189 | Δ: 3.79e-03 | M: 59533.2979 | iter=  1.23s | ETA: 3m11s | Path: GPU-cuStateVec+cpu-expect MPI-distributed (1 ranks)
Iter 0870/1024 | E: -64.211059 | Δ: 1.87e-03 | M: 58812.7974 | iter=  1.23s | ETA: 3m09s | Path: GPU-cuStateVec+cpu-expect MPI-distributed (1 ranks)
[RESILIENCE] Iteration 870: Global theta state checkpointed at path checkpoints/NH3/checkpoint_iter_0870.npy. 
Iter 0871/1024 | E: -64.204474 | Δ: 6.59e-03 | M: 57050.7418 | iter=  1.23s | ETA: 3m08s | Path: GPU-cuStateVec+cpu-expect MPI-distributed (1 ranks)
Iter 0872/1024 | E: -64.191697 | Δ: 1.28e-02 | M: 47138.1064 | iter=  1.23s | ETA: 3m07s | Path: GPU-cuStateVec+cpu-expect MPI-distributed (1 ranks)
Iter 0873/1024 | E: -64.206309 | Δ: 1.46e-02 | M: 52201.1616 | iter=  1.23s | ETA: 3m06s | Path: GPU-cuStateVec+cpu-expect MPI-distributed (1 ranks)
Iter 0874/1024 | E: -64.214304 | Δ: 7.99e-03 | M: 58732.9701 | iter=  1.23s | ETA: 3m04s | Path: GPU-cuStateVec+cpu-expect MPI-distributed (1 ranks)
Iter 0875/1024 | E: -64.210899 | Δ: 3.41e-03 | M: 54791.5911 | iter=  1.23s | ETA: 3m03s | Path: GPU-cuStateVec+cpu-expect MPI-distributed (1 ranks)
[RESILIENCE] Iteration 875: Global theta state checkpointed at path checkpoints/NH3/checkpoint_iter_0875.npy. 
Iter 0876/1024 | E: -64.212953 | Δ: 2.05e-03 | M: 47199.8624 | iter=  1.24s | ETA: 3m02s | Path: GPU-cuStateVec+cpu-expect MPI-distributed (1 ranks)
Iter 0877/1024 | E: -64.217033 | Δ: 4.08e-03 | M: 50193.2639 | iter=  1.23s | ETA: 3m01s | Path: GPU-cuStateVec+cpu-expect MPI-distributed (1 ranks)
Iter 0878/1024 | E: -64.207851 | Δ: 9.18e-03 | M: 51668.9270 | iter=  1.24s | ETA: 3m00s | Path: GPU-cuStateVec+cpu-expect MPI-distributed (1 ranks)
Iter 0879/1024 | E: -64.206441 | Δ: 1.41e-03 | M: 53964.9695 | iter=  1.23s | ETA: 2m59s | Path: GPU-cuStateVec+cpu-expect MPI-distributed (1 ranks)
Iter 0880/1024 | E: -64.208409 | Δ: 1.97e-03 | M: 49426.0946 | iter=  1.24s | ETA: 2m58s | Path: GPU-cuStateVec+cpu-expect MPI-distributed (1 ranks)
[RESILIENCE] Iteration 880: Global theta state checkpointed at path checkpoints/NH3/checkpoint_iter_0880.npy. 
Iter 0881/1024 | E: -64.212154 | Δ: 3.75e-03 | M: 33373.4976 | iter=  1.23s | ETA: 2m56s | Path: GPU-cuStateVec+cpu-expect MPI-distributed (1 ranks)
Iter 0882/1024 | E: -64.212703 | Δ: 5.49e-04 | M: 56773.6366 | iter=  1.23s | ETA: 2m55s | Path: GPU-cuStateVec+cpu-expect MPI-distributed (1 ranks)
Iter 0883/1024 | E: -64.207658 | Δ: 5.05e-03 | M: 54306.6326 | iter=  1.23s | ETA: 2m53s | Path: GPU-cuStateVec+cpu-expect MPI-distributed (1 ranks)
Iter 0884/1024 | E: -64.209663 | Δ: 2.01e-03 | M: 58701.6869 | iter=  1.23s | ETA: 2m52s | Path: GPU-cuStateVec+cpu-expect MPI-distributed (1 ranks)
Iter 0885/1024 | E: -64.215896 | Δ: 6.23e-03 | M: 52065.5108 | iter=  1.23s | ETA: 2m51s | Path: GPU-cuStateVec+cpu-expect MPI-distributed (1 ranks)
[RESILIENCE] Iteration 885: Global theta state checkpointed at path checkpoints/NH3/checkpoint_iter_0885.npy. 
Iter 0886/1024 | E: -64.210777 | Δ: 5.12e-03 | M: 58550.6779 | iter=  1.23s | ETA: 2m49s | Path: GPU-cuStateVec+cpu-expect MPI-distributed (1 ranks)
Iter 0887/1024 | E: -64.222838 | Δ: 1.21e-02 | M: 69996.3584 | iter=  1.23s | ETA: 2m48s | Path: GPU-cuStateVec+cpu-expect MPI-distributed (1 ranks)
Iter 0888/1024 | E: -64.215093 | Δ: 7.75e-03 | M: 46503.2169 | iter=  1.24s | ETA: 2m47s | Path: GPU-cuStateVec+cpu-expect MPI-distributed (1 ranks)
Iter 0889/1024 | E: -64.220813 | Δ: 5.72e-03 | M: 48951.5793 | iter=  1.23s | ETA: 2m46s | Path: GPU-cuStateVec+cpu-expect MPI-distributed (1 ranks)
Iter 0890/1024 | E: -64.218255 | Δ: 2.56e-03 | M: 51348.3914 | iter=  1.23s | ETA: 2m44s | Path: GPU-cuStateVec+cpu-expect MPI-distributed (1 ranks)
[RESILIENCE] Iteration 890: Global theta state checkpointed at path checkpoints/NH3/checkpoint_iter_0890.npy. 
Iter 0891/1024 | E: -64.216630 | Δ: 1.62e-03 | M: 50546.8979 | iter=  1.23s | ETA: 2m43s | Path: GPU-cuStateVec+cpu-expect MPI-distributed (1 ranks)
Iter 0892/1024 | E: -64.216160 | Δ: 4.70e-04 | M: 67701.1665 | iter=  1.23s | ETA: 2m42s | Path: GPU-cuStateVec+cpu-expect MPI-distributed (1 ranks)
Iter 0893/1024 | E: -64.219332 | Δ: 3.17e-03 | M: 55675.4473 | iter=  1.24s | ETA: 2m41s | Path: GPU-cuStateVec+cpu-expect MPI-distributed (1 ranks)
Iter 0894/1024 | E: -64.221545 | Δ: 2.21e-03 | M: 55569.8728 | iter=  1.24s | ETA: 2m39s | Path: GPU-cuStateVec+cpu-expect MPI-distributed (1 ranks)
Iter 0895/1024 | E: -64.218191 | Δ: 3.35e-03 | M: 50026.3644 | iter=  1.29s | ETA: 2m39s | Path: GPU-cuStateVec+cpu-expect MPI-distributed (1 ranks)
[RESILIENCE] Iteration 895: Global theta state checkpointed at path checkpoints/NH3/checkpoint_iter_0895.npy. 
Iter 0896/1024 | E: -64.224891 | Δ: 6.70e-03 | M: 64231.0343 | iter=  1.23s | ETA: 2m38s | Path: GPU-cuStateVec+cpu-expect MPI-distributed (1 ranks)
Iter 0897/1024 | E: -64.221620 | Δ: 3.27e-03 | M: 48620.0638 | iter=  1.24s | ETA: 2m36s | Path: GPU-cuStateVec+cpu-expect MPI-distributed (1 ranks)
Iter 0898/1024 | E: -64.217352 | Δ: 4.27e-03 | M: 48842.4515 | iter=  1.23s | ETA: 2m35s | Path: GPU-cuStateVec+cpu-expect MPI-distributed (1 ranks)
Iter 0899/1024 | E: -64.225862 | Δ: 8.51e-03 | M: 48871.5885 | iter=  1.23s | ETA: 2m33s | Path: GPU-cuStateVec+cpu-expect MPI-distributed (1 ranks)
Iter 0900/1024 | E: -64.219257 | Δ: 6.60e-03 | M: 48388.4843 | iter=  1.23s | ETA: 2m32s | Path: GPU-cuStateVec+cpu-expect MPI-distributed (1 ranks)
[RESILIENCE] Iteration 900: Global theta state checkpointed at path checkpoints/NH3/checkpoint_iter_0900.npy. 
Iter 0901/1024 | E: -64.214617 | Δ: 4.64e-03 | M: 51035.5001 | iter=  1.23s | ETA: 2m31s | Path: GPU-cuStateVec+cpu-expect MPI-distributed (1 ranks)
Iter 0902/1024 | E: -64.227468 | Δ: 1.29e-02 | M: 48214.2781 | iter=  1.24s | ETA: 2m30s | Path: GPU-cuStateVec+cpu-expect MPI-distributed (1 ranks)
Iter 0903/1024 | E: -64.218147 | Δ: 9.32e-03 | M: 57842.6105 | iter=  1.23s | ETA: 2m28s | Path: GPU-cuStateVec+cpu-expect MPI-distributed (1 ranks)
Iter 0904/1024 | E: -64.227753 | Δ: 9.61e-03 | M: 50472.0223 | iter=  1.23s | ETA: 2m27s | Path: GPU-cuStateVec+cpu-expect MPI-distributed (1 ranks)
Iter 0905/1024 | E: -64.230788 | Δ: 3.03e-03 | M: 51210.5925 | iter=  1.23s | ETA: 2m26s | Path: GPU-cuStateVec+cpu-expect MPI-distributed (1 ranks)
[RESILIENCE] Iteration 905: Global theta state checkpointed at path checkpoints/NH3/checkpoint_iter_0905.npy. 
Iter 0906/1024 | E: -64.233353 | Δ: 2.57e-03 | M: 63758.9737 | iter=  1.24s | ETA: 2m25s | Path: GPU-cuStateVec+cpu-expect MPI-distributed (1 ranks)
Iter 0907/1024 | E: -64.224566 | Δ: 8.79e-03 | M: 73355.8400 | iter=  1.23s | ETA: 2m24s | Path: GPU-cuStateVec+cpu-expect MPI-distributed (1 ranks)
Iter 0908/1024 | E: -64.224050 | Δ: 5.16e-04 | M: 55865.8920 | iter=  1.23s | ETA: 2m22s | Path: GPU-cuStateVec+cpu-expect MPI-distributed (1 ranks)
Iter 0909/1024 | E: -64.219993 | Δ: 4.06e-03 | M: 53064.4426 | iter=  1.23s | ETA: 2m21s | Path: GPU-cuStateVec+cpu-expect MPI-distributed (1 ranks)
Iter 0910/1024 | E: -64.222148 | Δ: 2.15e-03 | M: 58871.8367 | iter=  1.23s | ETA: 2m20s | Path: GPU-cuStateVec+cpu-expect MPI-distributed (1 ranks)
[RESILIENCE] Iteration 910: Global theta state checkpointed at path checkpoints/NH3/checkpoint_iter_0910.npy. 
Iter 0911/1024 | E: -64.227816 | Δ: 5.67e-03 | M: 54891.8554 | iter=  1.25s | ETA: 2m18s | Path: GPU-cuStateVec+cpu-expect MPI-distributed (1 ranks)
Iter 0912/1024 | E: -64.231273 | Δ: 3.46e-03 | M: 53973.1517 | iter=  1.24s | ETA: 2m17s | Path: GPU-cuStateVec+cpu-expect MPI-distributed (1 ranks)
Iter 0913/1024 | E: -64.230737 | Δ: 5.37e-04 | M: 46031.6691 | iter=  1.23s | ETA: 2m16s | Path: GPU-cuStateVec+cpu-expect MPI-distributed (1 ranks)
Iter 0914/1024 | E: -64.239643 | Δ: 8.91e-03 | M: 56410.0629 | iter=  1.23s | ETA: 2m15s | Path: GPU-cuStateVec+cpu-expect MPI-distributed (1 ranks)
Iter 0915/1024 | E: -64.233788 | Δ: 5.85e-03 | M: 67085.8955 | iter=  1.23s | ETA: 2m14s | Path: GPU-cuStateVec+cpu-expect MPI-distributed (1 ranks)
[RESILIENCE] Iteration 915: Global theta state checkpointed at path checkpoints/NH3/checkpoint_iter_0915.npy. 
Iter 0916/1024 | E: -64.228685 | Δ: 5.10e-03 | M: 47571.4668 | iter=  1.23s | ETA: 2m13s | Path: GPU-cuStateVec+cpu-expect MPI-distributed (1 ranks)
Iter 0917/1024 | E: -64.227321 | Δ: 1.36e-03 | M: 53550.1681 | iter=  1.23s | ETA: 2m11s | Path: GPU-cuStateVec+cpu-expect MPI-distributed (1 ranks)
Iter 0918/1024 | E: -64.234182 | Δ: 6.86e-03 | M: 61220.6126 | iter=  1.23s | ETA: 2m10s | Path: GPU-cuStateVec+cpu-expect MPI-distributed (1 ranks)
Iter 0919/1024 | E: -64.238227 | Δ: 4.04e-03 | M: 58476.9652 | iter=  1.23s | ETA: 2m09s | Path: GPU-cuStateVec+cpu-expect MPI-distributed (1 ranks)
Iter 0920/1024 | E: -64.235051 | Δ: 3.18e-03 | M: 61201.2592 | iter=  1.23s | ETA: 2m08s | Path: GPU-cuStateVec+cpu-expect MPI-distributed (1 ranks)
[RESILIENCE] Iteration 920: Global theta state checkpointed at path checkpoints/NH3/checkpoint_iter_0920.npy. 
Iter 0921/1024 | E: -64.238952 | Δ: 3.90e-03 | M: 45260.1683 | iter=  1.23s | ETA: 2m06s | Path: GPU-cuStateVec+cpu-expect MPI-distributed (1 ranks)
Iter 0922/1024 | E: -64.237932 | Δ: 1.02e-03 | M: 48176.3683 | iter=  1.29s | ETA: 2m05s | Path: GPU-cuStateVec+cpu-expect MPI-distributed (1 ranks)
Iter 0923/1024 | E: -64.244815 | Δ: 6.88e-03 | M: 51167.2641 | iter=  1.23s | ETA: 2m04s | Path: GPU-cuStateVec+cpu-expect MPI-distributed (1 ranks)
Iter 0924/1024 | E: -64.239890 | Δ: 4.93e-03 | M: 57928.6029 | iter=  1.23s | ETA: 2m03s | Path: GPU-cuStateVec+cpu-expect MPI-distributed (1 ranks)
Iter 0925/1024 | E: -64.236863 | Δ: 3.03e-03 | M: 54238.0866 | iter=  1.23s | ETA: 2m02s | Path: GPU-cuStateVec+cpu-expect MPI-distributed (1 ranks)
[RESILIENCE] Iteration 925: Global theta state checkpointed at path checkpoints/NH3/checkpoint_iter_0925.npy. 
Iter 0926/1024 | E: -64.239289 | Δ: 2.43e-03 | M: 58709.2213 | iter=  1.23s | ETA: 2m00s | Path: GPU-cuStateVec+cpu-expect MPI-distributed (1 ranks)
Iter 0927/1024 | E: -64.245342 | Δ: 6.05e-03 | M: 39002.4297 | iter=  1.23s | ETA: 1m59s | Path: GPU-cuStateVec+cpu-expect MPI-distributed (1 ranks)
Iter 0928/1024 | E: -64.246994 | Δ: 1.65e-03 | M: 66784.4490 | iter=  1.23s | ETA: 1m58s | Path: GPU-cuStateVec+cpu-expect MPI-distributed (1 ranks)
Iter 0929/1024 | E: -64.239375 | Δ: 7.62e-03 | M: 53350.1021 | iter=  1.23s | ETA: 1m57s | Path: GPU-cuStateVec+cpu-expect MPI-distributed (1 ranks)
Iter 0930/1024 | E: -64.258915 | Δ: 1.95e-02 | M: 65131.1734 | iter=  1.23s | ETA: 1m55s | Path: GPU-cuStateVec+cpu-expect MPI-distributed (1 ranks)
[RESILIENCE] Iteration 930: Global theta state checkpointed at path checkpoints/NH3/checkpoint_iter_0930.npy. 
Iter 0931/1024 | E: -64.252900 | Δ: 6.01e-03 | M: 57617.1961 | iter=  1.23s | ETA: 1m54s | Path: GPU-cuStateVec+cpu-expect MPI-distributed (1 ranks)
Iter 0932/1024 | E: -64.245550 | Δ: 7.35e-03 | M: 65221.0700 | iter=  1.23s | ETA: 1m53s | Path: GPU-cuStateVec+cpu-expect MPI-distributed (1 ranks)
Iter 0933/1024 | E: -64.249830 | Δ: 4.28e-03 | M: 55818.7855 | iter=  1.23s | ETA: 1m52s | Path: GPU-cuStateVec+cpu-expect MPI-distributed (1 ranks)
Iter 0934/1024 | E: -64.248152 | Δ: 1.68e-03 | M: 30854.6356 | iter=  1.23s | ETA: 1m50s | Path: GPU-cuStateVec+cpu-expect MPI-distributed (1 ranks)
Iter 0935/1024 | E: -64.237531 | Δ: 1.06e-02 | M: 64122.1884 | iter=  1.23s | ETA: 1m49s | Path: GPU-cuStateVec+cpu-expect MPI-distributed (1 ranks)
[RESILIENCE] Iteration 935: Global theta state checkpointed at path checkpoints/NH3/checkpoint_iter_0935.npy. 
Iter 0936/1024 | E: -64.255296 | Δ: 1.78e-02 | M: 66819.2457 | iter=  1.23s | ETA: 1m48s | Path: GPU-cuStateVec+cpu-expect MPI-distributed (1 ranks)
Iter 0937/1024 | E: -64.246148 | Δ: 9.15e-03 | M: 55284.3711 | iter=  1.23s | ETA: 1m47s | Path: GPU-cuStateVec+cpu-expect MPI-distributed (1 ranks)
Iter 0938/1024 | E: -64.244870 | Δ: 1.28e-03 | M: 61165.8735 | iter=  1.23s | ETA: 1m45s | Path: GPU-cuStateVec+cpu-expect MPI-distributed (1 ranks)
Iter 0939/1024 | E: -64.248567 | Δ: 3.70e-03 | M: 57202.2840 | iter=  1.23s | ETA: 1m44s | Path: GPU-cuStateVec+cpu-expect MPI-distributed (1 ranks)
Iter 0940/1024 | E: -64.253733 | Δ: 5.17e-03 | M: 59353.7142 | iter=  1.23s | ETA: 1m43s | Path: GPU-cuStateVec+cpu-expect MPI-distributed (1 ranks)
[RESILIENCE] Iteration 940: Global theta state checkpointed at path checkpoints/NH3/checkpoint_iter_0940.npy. 
Iter 0941/1024 | E: -64.257578 | Δ: 3.85e-03 | M: 60801.2118 | iter=  1.23s | ETA: 1m42s | Path: GPU-cuStateVec+cpu-expect MPI-distributed (1 ranks)
Iter 0942/1024 | E: -64.256718 | Δ: 8.60e-04 | M: 66450.7403 | iter=  1.23s | ETA: 1m40s | Path: GPU-cuStateVec+cpu-expect MPI-distributed (1 ranks)
Iter 0943/1024 | E: -64.262473 | Δ: 5.75e-03 | M: 56919.6397 | iter=  1.23s | ETA: 1m39s | Path: GPU-cuStateVec+cpu-expect MPI-distributed (1 ranks)
Iter 0944/1024 | E: -64.260287 | Δ: 2.19e-03 | M: 74360.5558 | iter=  1.23s | ETA: 1m38s | Path: GPU-cuStateVec+cpu-expect MPI-distributed (1 ranks)
Iter 0945/1024 | E: -64.255893 | Δ: 4.39e-03 | M: 49685.9648 | iter=  1.29s | ETA: 1m37s | Path: GPU-cuStateVec+cpu-expect MPI-distributed (1 ranks)
[RESILIENCE] Iteration 945: Global theta state checkpointed at path checkpoints/NH3/checkpoint_iter_0945.npy. 
Iter 0946/1024 | E: -64.260869 | Δ: 4.98e-03 | M: 48742.8000 | iter=  1.23s | ETA: 1m36s | Path: GPU-cuStateVec+cpu-expect MPI-distributed (1 ranks)
Iter 0947/1024 | E: -64.257421 | Δ: 3.45e-03 | M: 48490.1542 | iter=  1.23s | ETA: 1m34s | Path: GPU-cuStateVec+cpu-expect MPI-distributed (1 ranks)
Iter 0948/1024 | E: -64.255710 | Δ: 1.71e-03 | M: 49585.5434 | iter=  1.23s | ETA: 1m33s | Path: GPU-cuStateVec+cpu-expect MPI-distributed (1 ranks)
Iter 0949/1024 | E: -64.259014 | Δ: 3.30e-03 | M: 58526.9327 | iter=  1.23s | ETA: 1m32s | Path: GPU-cuStateVec+cpu-expect MPI-distributed (1 ranks)
Iter 0950/1024 | E: -64.263451 | Δ: 4.44e-03 | M: 59080.7092 | iter=  1.23s | ETA: 1m31s | Path: GPU-cuStateVec+cpu-expect MPI-distributed (1 ranks)
[RESILIENCE] Iteration 950: Global theta state checkpointed at path checkpoints/NH3/checkpoint_iter_0950.npy. 
Iter 0951/1024 | E: -64.264614 | Δ: 1.16e-03 | M: 51246.3442 | iter=  1.23s | ETA: 1m29s | Path: GPU-cuStateVec+cpu-expect MPI-distributed (1 ranks)
Iter 0952/1024 | E: -64.265238 | Δ: 6.24e-04 | M: 58422.9898 | iter=  1.24s | ETA: 1m28s | Path: GPU-cuStateVec+cpu-expect MPI-distributed (1 ranks)
Iter 0953/1024 | E: -64.269136 | Δ: 3.90e-03 | M: 49381.5393 | iter=  1.23s | ETA: 1m27s | Path: GPU-cuStateVec+cpu-expect MPI-distributed (1 ranks)
Iter 0954/1024 | E: -64.257263 | Δ: 1.19e-02 | M: 46119.6666 | iter=  1.23s | ETA: 1m26s | Path: GPU-cuStateVec+cpu-expect MPI-distributed (1 ranks)
Iter 0955/1024 | E: -64.268205 | Δ: 1.09e-02 | M: 59295.7235 | iter=  1.23s | ETA: 1m24s | Path: GPU-cuStateVec+cpu-expect MPI-distributed (1 ranks)
[RESILIENCE] Iteration 955: Global theta state checkpointed at path checkpoints/NH3/checkpoint_iter_0955.npy. 
Iter 0956/1024 | E: -64.260806 | Δ: 7.40e-03 | M: 46238.9791 | iter=  1.23s | ETA: 1m23s | Path: GPU-cuStateVec+cpu-expect MPI-distributed (1 ranks)
Iter 0957/1024 | E: -64.255669 | Δ: 5.14e-03 | M: 55309.8734 | iter=  1.23s | ETA: 1m22s | Path: GPU-cuStateVec+cpu-expect MPI-distributed (1 ranks)
Iter 0958/1024 | E: -64.267961 | Δ: 1.23e-02 | M: 55913.8207 | iter=  1.23s | ETA: 1m21s | Path: GPU-cuStateVec+cpu-expect MPI-distributed (1 ranks)
Iter 0959/1024 | E: -64.273659 | Δ: 5.70e-03 | M: 54548.7872 | iter=  1.23s | ETA: 1m20s | Path: GPU-cuStateVec+cpu-expect MPI-distributed (1 ranks)
Iter 0960/1024 | E: -64.271585 | Δ: 2.07e-03 | M: 53228.6577 | iter=  1.23s | ETA: 1m18s | Path: GPU-cuStateVec+cpu-expect MPI-distributed (1 ranks)
[RESILIENCE] Iteration 960: Global theta state checkpointed at path checkpoints/NH3/checkpoint_iter_0960.npy. 
Iter 0961/1024 | E: -64.277597 | Δ: 6.01e-03 | M: 34837.8039 | iter=  1.23s | ETA: 1m17s | Path: GPU-cuStateVec+cpu-expect MPI-distributed (1 ranks)
Iter 0962/1024 | E: -64.267415 | Δ: 1.02e-02 | M: 47603.0913 | iter=  1.23s | ETA: 1m16s | Path: GPU-cuStateVec+cpu-expect MPI-distributed (1 ranks)
Iter 0963/1024 | E: -64.274086 | Δ: 6.67e-03 | M: 21058.3778 | iter=  1.29s | ETA: 1m15s | Path: GPU-cuStateVec+cpu-expect MPI-distributed (1 ranks)
Iter 0964/1024 | E: -64.270550 | Δ: 3.54e-03 | M: 50398.2650 | iter=  1.23s | ETA: 1m13s | Path: GPU-cuStateVec+cpu-expect MPI-distributed (1 ranks)
Iter 0965/1024 | E: -64.279114 | Δ: 8.56e-03 | M: 54671.4034 | iter=  1.24s | ETA: 1m12s | Path: GPU-cuStateVec+cpu-expect MPI-distributed (1 ranks)
[RESILIENCE] Iteration 965: Global theta state checkpointed at path checkpoints/NH3/checkpoint_iter_0965.npy. 
Iter 0966/1024 | E: -64.281080 | Δ: 1.97e-03 | M: 47330.0705 | iter=  1.23s | ETA: 1m11s | Path: GPU-cuStateVec+cpu-expect MPI-distributed (1 ranks)
Iter 0967/1024 | E: -64.279779 | Δ: 1.30e-03 | M: 49888.7683 | iter=  1.23s | ETA: 1m10s | Path: GPU-cuStateVec+cpu-expect MPI-distributed (1 ranks)
Iter 0968/1024 | E: -64.271604 | Δ: 8.18e-03 | M: 59092.4244 | iter=  1.23s | ETA: 1m08s | Path: GPU-cuStateVec+cpu-expect MPI-distributed (1 ranks)
Iter 0969/1024 | E: -64.280705 | Δ: 9.10e-03 | M: 64036.6168 | iter=  1.23s | ETA: 1m07s | Path: GPU-cuStateVec+cpu-expect MPI-distributed (1 ranks)
Iter 0970/1024 | E: -64.285431 | Δ: 4.73e-03 | M: 56749.1084 | iter=  1.23s | ETA: 1m06s | Path: GPU-cuStateVec+cpu-expect MPI-distributed (1 ranks)
[RESILIENCE] Iteration 970: Global theta state checkpointed at path checkpoints/NH3/checkpoint_iter_0970.npy. 
Iter 0971/1024 | E: -64.282091 | Δ: 3.34e-03 | M: 67086.9477 | iter=  1.23s | ETA: 1m05s | Path: GPU-cuStateVec+cpu-expect MPI-distributed (1 ranks)
Iter 0972/1024 | E: -64.279479 | Δ: 2.61e-03 | M: 55144.1522 | iter=  1.23s | ETA: 1m03s | Path: GPU-cuStateVec+cpu-expect MPI-distributed (1 ranks)
Iter 0973/1024 | E: -64.288525 | Δ: 9.05e-03 | M: 56988.1863 | iter=  1.23s | ETA: 1m02s | Path: GPU-cuStateVec+cpu-expect MPI-distributed (1 ranks)
Iter 0974/1024 | E: -64.274362 | Δ: 1.42e-02 | M: 57440.4754 | iter=  1.23s | ETA: 1m01s | Path: GPU-cuStateVec+cpu-expect MPI-distributed (1 ranks)
Iter 0975/1024 | E: -64.281882 | Δ: 7.52e-03 | M: 59578.4901 | iter=  1.24s | ETA: 1m00s | Path: GPU-cuStateVec+cpu-expect MPI-distributed (1 ranks)
[RESILIENCE] Iteration 975: Global theta state checkpointed at path checkpoints/NH3/checkpoint_iter_0975.npy. 
Iter 0976/1024 | E: -64.294741 | Δ: 1.29e-02 | M: 55700.6966 | iter=  1.23s | ETA: 0m59s | Path: GPU-cuStateVec+cpu-expect MPI-distributed (1 ranks)
Iter 0977/1024 | E: -64.283709 | Δ: 1.10e-02 | M: 66622.8727 | iter=  1.23s | ETA: 0m57s | Path: GPU-cuStateVec+cpu-expect MPI-distributed (1 ranks)
Iter 0978/1024 | E: -64.284018 | Δ: 3.09e-04 | M: 59776.9053 | iter=  1.23s | ETA: 0m56s | Path: GPU-cuStateVec+cpu-expect MPI-distributed (1 ranks)
Iter 0979/1024 | E: -64.297979 | Δ: 1.40e-02 | M: 71268.9433 | iter=  1.23s | ETA: 0m55s | Path: GPU-cuStateVec+cpu-expect MPI-distributed (1 ranks)
Iter 0980/1024 | E: -64.292285 | Δ: 5.69e-03 | M: 61938.2872 | iter=  1.23s | ETA: 0m54s | Path: GPU-cuStateVec+cpu-expect MPI-distributed (1 ranks)
[RESILIENCE] Iteration 980: Global theta state checkpointed at path checkpoints/NH3/checkpoint_iter_0980.npy. 
Iter 0981/1024 | E: -64.280921 | Δ: 1.14e-02 | M: 63393.8545 | iter=  1.23s | ETA: 0m52s | Path: GPU-cuStateVec+cpu-expect MPI-distributed (1 ranks)
Iter 0982/1024 | E: -64.281151 | Δ: 2.30e-04 | M: 57239.5103 | iter=  1.23s | ETA: 0m51s | Path: GPU-cuStateVec+cpu-expect MPI-distributed (1 ranks)
Iter 0983/1024 | E: -64.293547 | Δ: 1.24e-02 | M: 55095.5911 | iter=  1.23s | ETA: 0m50s | Path: GPU-cuStateVec+cpu-expect MPI-distributed (1 ranks)
Iter 0984/1024 | E: -64.292925 | Δ: 6.22e-04 | M: 63807.7337 | iter=  1.23s | ETA: 0m49s | Path: GPU-cuStateVec+cpu-expect MPI-distributed (1 ranks)
Iter 0985/1024 | E: -64.294169 | Δ: 1.24e-03 | M: 67812.3705 | iter=  1.23s | ETA: 0m47s | Path: GPU-cuStateVec+cpu-expect MPI-distributed (1 ranks)
[RESILIENCE] Iteration 985: Global theta state checkpointed at path checkpoints/NH3/checkpoint_iter_0985.npy. 
Iter 0986/1024 | E: -64.290929 | Δ: 3.24e-03 | M: 51017.2274 | iter=  1.23s | ETA: 0m46s | Path: GPU-cuStateVec+cpu-expect MPI-distributed (1 ranks)
Iter 0987/1024 | E: -64.296911 | Δ: 5.98e-03 | M: 54877.9620 | iter=  1.23s | ETA: 0m45s | Path: GPU-cuStateVec+cpu-expect MPI-distributed (1 ranks)
Iter 0988/1024 | E: -64.288278 | Δ: 8.63e-03 | M: 54019.3392 | iter=  1.23s | ETA: 0m44s | Path: GPU-cuStateVec+cpu-expect MPI-distributed (1 ranks)
Iter 0989/1024 | E: -64.307027 | Δ: 1.87e-02 | M: 56146.4203 | iter=  1.24s | ETA: 0m43s | Path: GPU-cuStateVec+cpu-expect MPI-distributed (1 ranks)
Iter 0990/1024 | E: -64.297302 | Δ: 9.72e-03 | M: 55428.0330 | iter=  1.23s | ETA: 0m41s | Path: GPU-cuStateVec+cpu-expect MPI-distributed (1 ranks)
[RESILIENCE] Iteration 990: Global theta state checkpointed at path checkpoints/NH3/checkpoint_iter_0990.npy. 
Iter 0991/1024 | E: -64.300928 | Δ: 3.63e-03 | M: 56587.0786 | iter=  1.23s | ETA: 0m40s | Path: GPU-cuStateVec+cpu-expect MPI-distributed (1 ranks)
Iter 0992/1024 | E: -64.306190 | Δ: 5.26e-03 | M: 52648.6223 | iter=  1.23s | ETA: 0m39s | Path: GPU-cuStateVec+cpu-expect MPI-distributed (1 ranks)
Iter 0993/1024 | E: -64.294372 | Δ: 1.18e-02 | M: 60962.7235 | iter=  1.23s | ETA: 0m38s | Path: GPU-cuStateVec+cpu-expect MPI-distributed (1 ranks)
Iter 0994/1024 | E: -64.299270 | Δ: 4.90e-03 | M: 50294.1176 | iter=  1.24s | ETA: 0m37s | Path: GPU-cuStateVec+cpu-expect MPI-distributed (1 ranks)
Iter 0995/1024 | E: -64.298227 | Δ: 1.04e-03 | M: 55211.4581 | iter=  1.23s | ETA: 0m35s | Path: GPU-cuStateVec+cpu-expect MPI-distributed (1 ranks)
[RESILIENCE] Iteration 995: Global theta state checkpointed at path checkpoints/NH3/checkpoint_iter_0995.npy. 
Iter 0996/1024 | E: -64.292381 | Δ: 5.85e-03 | M: 52078.4554 | iter=  1.23s | ETA: 0m34s | Path: GPU-cuStateVec+cpu-expect MPI-distributed (1 ranks)
Iter 0997/1024 | E: -64.301841 | Δ: 9.46e-03 | M: 48274.1372 | iter=  1.23s | ETA: 0m33s | Path: GPU-cuStateVec+cpu-expect MPI-distributed (1 ranks)
Iter 0998/1024 | E: -64.301597 | Δ: 2.44e-04 | M: 58133.4062 | iter=  1.23s | ETA: 0m32s | Path: GPU-cuStateVec+cpu-expect MPI-distributed (1 ranks)
Iter 0999/1024 | E: -64.301217 | Δ: 3.80e-04 | M: 47872.5643 | iter=  1.29s | ETA: 0m30s | Path: GPU-cuStateVec+cpu-expect MPI-distributed (1 ranks)
Iter 1000/1024 | E: -64.309692 | Δ: 8.47e-03 | M: 55672.1939 | iter=  1.23s | ETA: 0m29s | Path: GPU-cuStateVec+cpu-expect MPI-distributed (1 ranks)
[RESILIENCE] Iteration 1000: Global theta state checkpointed at path checkpoints/NH3/checkpoint_iter_1000.npy. 
Iter 1001/1024 | E: -64.302284 | Δ: 7.41e-03 | M: 69498.7779 | iter=  1.24s | ETA: 0m28s | Path: GPU-cuStateVec+cpu-expect MPI-distributed (1 ranks)
Iter 1002/1024 | E: -64.299118 | Δ: 3.17e-03 | M: 52130.1927 | iter=  1.24s | ETA: 0m27s | Path: GPU-cuStateVec+cpu-expect MPI-distributed (1 ranks)
Iter 1003/1024 | E: -64.301352 | Δ: 2.23e-03 | M: 59120.5794 | iter=  1.23s | ETA: 0m25s | Path: GPU-cuStateVec+cpu-expect MPI-distributed (1 ranks)
Iter 1004/1024 | E: -64.302455 | Δ: 1.10e-03 | M: 56754.2442 | iter=  1.24s | ETA: 0m24s | Path: GPU-cuStateVec+cpu-expect MPI-distributed (1 ranks)
Iter 1005/1024 | E: -64.308769 | Δ: 6.31e-03 | M: 37598.9757 | iter=  1.23s | ETA: 0m23s | Path: GPU-cuStateVec+cpu-expect MPI-distributed (1 ranks)
[RESILIENCE] Iteration 1005: Global theta state checkpointed at path checkpoints/NH3/checkpoint_iter_1005.npy. 
Iter 1006/1024 | E: -64.306918 | Δ: 1.85e-03 | M: 58703.8736 | iter=  1.23s | ETA: 0m22s | Path: GPU-cuStateVec+cpu-expect MPI-distributed (1 ranks)
Iter 1007/1024 | E: -64.307680 | Δ: 7.62e-04 | M: 56073.0301 | iter=  1.24s | ETA: 0m20s | Path: GPU-cuStateVec+cpu-expect MPI-distributed (1 ranks)
Iter 1008/1024 | E: -64.311636 | Δ: 3.96e-03 | M: 52908.1202 | iter=  1.24s | ETA: 0m19s | Path: GPU-cuStateVec+cpu-expect MPI-distributed (1 ranks)
Iter 1009/1024 | E: -64.313960 | Δ: 2.32e-03 | M: 57257.4126 | iter=  1.23s | ETA: 0m18s | Path: GPU-cuStateVec+cpu-expect MPI-distributed (1 ranks)
Iter 1010/1024 | E: -64.306703 | Δ: 7.26e-03 | M: 54411.6630 | iter=  1.23s | ETA: 0m17s | Path: GPU-cuStateVec+cpu-expect MPI-distributed (1 ranks)
[RESILIENCE] Iteration 1010: Global theta state checkpointed at path checkpoints/NH3/checkpoint_iter_1010.npy. 
Iter 1011/1024 | E: -64.313490 | Δ: 6.79e-03 | M: 59975.6717 | iter=  1.24s | ETA: 0m16s | Path: GPU-cuStateVec+cpu-expect MPI-distributed (1 ranks)
Iter 1012/1024 | E: -64.313085 | Δ: 4.05e-04 | M: 57561.9152 | iter=  1.23s | ETA: 0m14s | Path: GPU-cuStateVec+cpu-expect MPI-distributed (1 ranks)
Iter 1013/1024 | E: -64.319666 | Δ: 6.58e-03 | M: 55177.8865 | iter=  1.24s | ETA: 0m13s | Path: GPU-cuStateVec+cpu-expect MPI-distributed (1 ranks)
Iter 1014/1024 | E: -64.308787 | Δ: 1.09e-02 | M: 60086.8613 | iter=  1.24s | ETA: 0m12s | Path: GPU-cuStateVec+cpu-expect MPI-distributed (1 ranks)
Iter 1015/1024 | E: -64.308765 | Δ: 2.19e-05 | M: 55403.3438 | iter=  1.23s | ETA: 0m11s | Path: GPU-cuStateVec+cpu-expect MPI-distributed (1 ranks)
[RESILIENCE] Iteration 1015: Global theta state checkpointed at path checkpoints/NH3/checkpoint_iter_1015.npy. 
Iter 1016/1024 | E: -64.310767 | Δ: 2.00e-03 | M: 56045.0251 | iter=  1.23s | ETA: 0m09s | Path: GPU-cuStateVec+cpu-expect MPI-distributed (1 ranks)
Iter 1017/1024 | E: -64.316915 | Δ: 6.15e-03 | M: 57454.2616 | iter=  1.23s | ETA: 0m08s | Path: GPU-cuStateVec+cpu-expect MPI-distributed (1 ranks)
Iter 1018/1024 | E: -64.318321 | Δ: 1.41e-03 | M: 65220.8419 | iter=  1.23s | ETA: 0m07s | Path: GPU-cuStateVec+cpu-expect MPI-distributed (1 ranks)
Iter 1019/1024 | E: -64.318784 | Δ: 4.63e-04 | M: 63656.3342 | iter=  1.24s | ETA: 0m06s | Path: GPU-cuStateVec+cpu-expect MPI-distributed (1 ranks)
Iter 1020/1024 | E: -64.316839 | Δ: 1.95e-03 | M: 67978.4323 | iter=  1.24s | ETA: 0m04s | Path: GPU-cuStateVec+cpu-expect MPI-distributed (1 ranks)
[RESILIENCE] Iteration 1020: Global theta state checkpointed at path checkpoints/NH3/checkpoint_iter_1020.npy. 
Iter 1021/1024 | E: -64.323832 | Δ: 6.99e-03 | M: 65313.7567 | iter=  1.23s | ETA: 0m03s | Path: GPU-cuStateVec+cpu-expect MPI-distributed (1 ranks)
Iter 1022/1024 | E: -64.319210 | Δ: 4.62e-03 | M: 62035.3717 | iter=  1.23s | ETA: 0m02s | Path: GPU-cuStateVec+cpu-expect MPI-distributed (1 ranks)
Iter 1023/1024 | E: -64.315891 | Δ: 3.32e-03 | M: 64619.1719 | iter=  1.24s | ETA: 0m01s | Path: GPU-cuStateVec+cpu-expect MPI-distributed (1 ranks)
Iter 1024/1024 | E: -64.318675 | Δ: 2.78e-03 | M: 63834.3236 | iter=  1.23s | ETA: 0m00s | Path: GPU-cuStateVec+cpu-expect MPI-distributed (1 ranks)
[VQE] Best physical energy: -74.792123 Ha (error: 19.2739 Ha) at iter 37
[VQE] Final energy -64.318675 is below FCI - reporting best physical result

[NH3] Ansatz tier:hwe_adaptive
[NH3] Corr score: 0.501 
[NH3] Best physical energy: -74.792123 Ha 
[NH3] Reference FCI : -55.518270 Ha 
[NH3] Absolute error: +19.2739 Ha 
[NH3] Iterations run: 1024 (best at iter 37)
[NH3] Wall time: 1264.63s (includes QPU queue + RTT) 
[NH3] Time/iter: 1.23 s 
[NH3] Source: registry 
[NH3] Active electrons: 8 
[NH3] Estimated qubits: 14 
[NH3] Note: Frozen 2 core electrons. Active space: 8 electrons, 14 qubits 


--- RUNNING CHEMISTRY TASK N2 ---
[Resolver] 'N2' found in local registry 
[Chemistry:N2] [+   0.0s] driver.run() -- PySCF electronic structure
[Chemistry:N2] [+   0.0s] second_q_op() + JW mapping
[Chemistry:N2] [+   6.1s] Hamiltonian: 2951 Pauli terms, 20 qubits
[Chemistry:N2] [+   6.1s] FCI ground-truth via PySCF
[Chemistry:N2] [+   6.3s] build_ansatz(tier=hwe_adaptive, reps=2) -- this is the slow one at high n
[Chemistry:N2] [+   6.3s] QASM3 serialization (160 params, 730 gates)
[Chemistry:N2] [+   6.3s] prepare() complete
[Chemistry:N2] 2951 Pauli terms, 20 qubits, 160 params, reps=2. FCI reference: -107.6482 Ha 
[Ansatz] HWE (adaptive) (auto) | corr_score=0.501 | off_diag_ratio=0.005
[Reason] score=0.501 in [0.25, 0.55). Moderate correlation (off_diag_ratio=0.005, zz_frac=0.993). Adaptive HWE with full entanglement recommended.
[Stack] Precision: fp64 for 20-qubit problem (GPU fits up to ~30 qubits at this precision)
[iter 0001] start 11:08:36 (20q, 2951 Pauli terms, 160 params)
Iter 0001/1280 | E: -5.917477 | Δ: inf | M: 539207.1234 | iter= 15.66s | ETA: 5h33m | Path: GPU-cuStateVec+cpu-expect MPI-distributed (1 ranks)
[iter 0002] start 11:08:52 (20q, 2951 Pauli terms, 160 params)
Iter 0002/1280 | E: -6.053017 | Δ: 1.36e-01 | M: 525973.4241 | iter= 15.63s | ETA: 5h33m | Path: GPU-cuStateVec+cpu-expect MPI-distributed (1 ranks)
[iter 0003] start 11:09:07 (20q, 2951 Pauli terms, 160 params)
Iter 0003/1280 | E: -6.589211 | Δ: 5.36e-01 | M: 554392.6062 | iter= 15.63s | ETA: 5h32m | Path: GPU-cuStateVec+cpu-expect MPI-distributed (1 ranks)
[iter 0004] start 11:09:23 (20q, 2951 Pauli terms, 160 params)
Iter 0004/1280 | E: -6.749206 | Δ: 1.60e-01 | M: 529996.4727 | iter= 15.72s | ETA: 5h33m | Path: GPU-cuStateVec+cpu-expect MPI-distributed (1 ranks)
[iter 0005] start 11:09:39 (20q, 2951 Pauli terms, 160 params)
Iter 0005/1280 | E: -15.646847 | Δ: 8.90e+00 | M: 393912.8027 | iter= 15.68s | ETA: 5h32m | Path: GPU-cuStateVec+cpu-expect MPI-distributed (1 ranks)
[RESILIENCE] Iteration 5: Global theta state checkpointed at path checkpoints/N2/checkpoint_iter_0005.npy. 
[iter 0006] start 11:09:54 (20q, 2951 Pauli terms, 160 params)
Iter 0006/1280 | E: -21.823741 | Δ: 6.18e+00 | M: 558060.8454 | iter= 15.79s | ETA: 5h33m | Path: GPU-cuStateVec+cpu-expect MPI-distributed (1 ranks)
[iter 0007] start 11:10:10 (20q, 2951 Pauli terms, 160 params)
Iter 0007/1280 | E: -22.513213 | Δ: 6.89e-01 | M: 551579.8439 | iter= 15.77s | ETA: 5h33m | Path: GPU-cuStateVec+cpu-expect MPI-distributed (1 ranks)
[iter 0008] start 11:10:26 (20q, 2951 Pauli terms, 160 params)
Iter 0008/1280 | E: -23.328620 | Δ: 8.15e-01 | M: 542988.5489 | iter= 15.76s | ETA: 5h34m | Path: GPU-cuStateVec+cpu-expect MPI-distributed (1 ranks)
[iter 0009] start 11:10:42 (20q, 2951 Pauli terms, 160 params)
Iter 0009/1280 | E: -23.204276 | Δ: 1.24e-01 | M: 412208.6541 | iter= 15.76s | ETA: 5h33m | Path: GPU-cuStateVec+cpu-expect MPI-distributed (1 ranks)
[iter 0010] start 11:10:57 (20q, 2951 Pauli terms, 160 params)
Iter 0010/1280 | E: -32.104841 | Δ: 8.90e+00 | M: 550804.6923 | iter= 15.60s | ETA: 5h33m | Path: GPU-cuStateVec+cpu-expect MPI-distributed (1 ranks)
[RESILIENCE] Iteration 10: Global theta state checkpointed at path checkpoints/N2/checkpoint_iter_0010.npy. 
[iter 0011] start 11:11:13 (20q, 2951 Pauli terms, 160 params)
Iter 0011/1280 | E: -32.459120 | Δ: 3.54e-01 | M: 560022.3517 | iter= 15.64s | ETA: 5h33m | Path: GPU-cuStateVec+cpu-expect MPI-distributed (1 ranks)
[iter 0012] start 11:11:29 (20q, 2951 Pauli terms, 160 params)
Iter 0012/1280 | E: -32.773092 | Δ: 3.14e-01 | M: 551951.4706 | iter= 15.67s | ETA: 5h31m | Path: GPU-cuStateVec+cpu-expect MPI-distributed (1 ranks)
[iter 0013] start 11:11:44 (20q, 2951 Pauli terms, 160 params)
Iter 0013/1280 | E: -53.816948 | Δ: 2.10e+01 | M: 522973.9139 | iter= 15.62s | ETA: 5h30m | Path: GPU-cuStateVec+cpu-expect MPI-distributed (1 ranks)
[iter 0014] start 11:12:00 (20q, 2951 Pauli terms, 160 params)
Iter 0014/1280 | E: -53.819934 | Δ: 2.99e-03 | M: 530853.6289 | iter= 15.57s | ETA: 5h29m | Path: GPU-cuStateVec+cpu-expect MPI-distributed (1 ranks)
[iter 0015] start 11:12:15 (20q, 2951 Pauli terms, 160 params)
Iter 0015/1280 | E: -54.402385 | Δ: 5.82e-01 | M: 527904.1893 | iter= 15.71s | ETA: 5h29m | Path: GPU-cuStateVec+cpu-expect MPI-distributed (1 ranks)
[RESILIENCE] Iteration 15: Global theta state checkpointed at path checkpoints/N2/checkpoint_iter_0015.npy. 
[iter 0016] start 11:12:31 (20q, 2951 Pauli terms, 160 params)
Iter 0016/1280 | E: -58.485683 | Δ: 4.08e+00 | M: 546069.4858 | iter= 15.79s | ETA: 5h30m | Path: GPU-cuStateVec+cpu-expect MPI-distributed (1 ranks)
[iter 0017] start 11:12:47 (20q, 2951 Pauli terms, 160 params)
Iter 0017/1280 | E: -58.694005 | Δ: 2.08e-01 | M: 547805.2052 | iter= 15.76s | ETA: 5h30m | Path: GPU-cuStateVec+cpu-expect MPI-distributed (1 ranks)
[iter 0018] start 11:13:03 (20q, 2951 Pauli terms, 160 params)
Iter 0018/1280 | E: -60.496051 | Δ: 1.80e+00 | M: 554169.3521 | iter= 15.77s | ETA: 5h31m | Path: GPU-cuStateVec+cpu-expect MPI-distributed (1 ranks)
[iter 0019] start 11:13:18 (20q, 2951 Pauli terms, 160 params)
Iter 0019/1280 | E: -61.028548 | Δ: 5.32e-01 | M: 399479.6859 | iter= 15.77s | ETA: 5h31m | Path: GPU-cuStateVec+cpu-expect MPI-distributed (1 ranks)
[iter 0020] start 11:13:34 (20q, 2951 Pauli terms, 160 params)
Iter 0020/1280 | E: -68.860271 | Δ: 7.83e+00 | M: 548602.3545 | iter= 15.75s | ETA: 5h31m | Path: GPU-cuStateVec+cpu-expect MPI-distributed (1 ranks)
[RESILIENCE] Iteration 20: Global theta state checkpointed at path checkpoints/N2/checkpoint_iter_0020.npy. 
[iter 0021] start 11:13:50 (20q, 2951 Pauli terms, 160 params)
Iter 0021/1280 | E: -69.390079 | Δ: 5.30e-01 | M: 535331.1382 | iter= 15.71s | ETA: 5h30m | Path: GPU-cuStateVec+cpu-expect MPI-distributed (1 ranks)
[iter 0022] start 11:14:06 (20q, 2951 Pauli terms, 160 params)
Iter 0022/1280 | E: -71.048867 | Δ: 1.66e+00 | M: 545014.7018 | iter= 15.80s | ETA: 5h30m | Path: GPU-cuStateVec+cpu-expect MPI-distributed (1 ranks)
[iter 0023] start 11:14:21 (20q, 2951 Pauli terms, 160 params)
Iter 0023/1280 | E: -78.728760 | Δ: 7.68e+00 | M: 393439.6140 | iter= 15.75s | ETA: 5h29m | Path: GPU-cuStateVec+cpu-expect MPI-distributed (1 ranks)
[iter 0024] start 11:14:37 (20q, 2951 Pauli terms, 160 params)
Iter 0024/1280 | E: -80.829033 | Δ: 2.10e+00 | M: 528457.3011 | iter= 15.68s | ETA: 5h29m | Path: GPU-cuStateVec+cpu-expect MPI-distributed (1 ranks)
[iter 0025] start 11:14:53 (20q, 2951 Pauli terms, 160 params)
Iter 0025/1280 | E: -80.645391 | Δ: 1.84e-01 | M: 537654.3040 | iter= 15.61s | ETA: 5h28m | Path: GPU-cuStateVec+cpu-expect MPI-distributed (1 ranks)
[RESILIENCE] Iteration 25: Global theta state checkpointed at path checkpoints/N2/checkpoint_iter_0025.npy. 
[iter 0026] start 11:15:09 (20q, 2951 Pauli terms, 160 params)
Iter 0026/1280 | E: -80.759400 | Δ: 1.14e-01 | M: 533434.4916 | iter= 15.58s | ETA: 5h27m | Path: GPU-cuStateVec+cpu-expect MPI-distributed (1 ranks)
[iter 0027] start 11:15:24 (20q, 2951 Pauli terms, 160 params)
Iter 0027/1280 | E: -81.071884 | Δ: 3.12e-01 | M: 548799.3257 | iter= 15.58s | ETA: 5h26m | Path: GPU-cuStateVec+cpu-expect MPI-distributed (1 ranks)
[iter 0028] start 11:15:40 (20q, 2951 Pauli terms, 160 params)
Iter 0028/1280 | E: -88.562261 | Δ: 7.49e+00 | M: 531585.5829 | iter= 15.45s | ETA: 5h25m | Path: GPU-cuStateVec+cpu-expect MPI-distributed (1 ranks)
[iter 0029] start 11:15:55 (20q, 2951 Pauli terms, 160 params)
Iter 0029/1280 | E: -90.414665 | Δ: 1.85e+00 | M: 536920.0911 | iter= 15.55s | ETA: 5h24m | Path: GPU-cuStateVec+cpu-expect MPI-distributed (1 ranks)
[iter 0030] start 11:16:11 (20q, 2951 Pauli terms, 160 params)
Iter 0030/1280 | E: -90.511810 | Δ: 9.71e-02 | M: 528361.4406 | iter= 15.54s | ETA: 5h23m | Path: GPU-cuStateVec+cpu-expect MPI-distributed (1 ranks)
[RESILIENCE] Iteration 30: Global theta state checkpointed at path checkpoints/N2/checkpoint_iter_0030.npy. 
[iter 0031] start 11:16:26 (20q, 2951 Pauli terms, 160 params)
Iter 0031/1280 | E: -90.736671 | Δ: 2.25e-01 | M: 534683.8500 | iter= 15.63s | ETA: 5h23m | Path: GPU-cuStateVec+cpu-expect MPI-distributed (1 ranks)
[iter 0032] start 11:16:42 (20q, 2951 Pauli terms, 160 params)
Iter 0032/1280 | E: -91.673128 | Δ: 9.36e-01 | M: 539819.9639 | iter= 15.67s | ETA: 5h23m | Path: GPU-cuStateVec+cpu-expect MPI-distributed (1 ranks)
[iter 0033] start 11:16:58 (20q, 2951 Pauli terms, 160 params)
Iter 0033/1280 | E: -94.080283 | Δ: 2.41e+00 | M: 549642.6903 | iter= 15.57s | ETA: 5h23m | Path: GPU-cuStateVec+cpu-expect MPI-distributed (1 ranks)
[iter 0034] start 11:17:13 (20q, 2951 Pauli terms, 160 params)
Iter 0034/1280 | E: -94.082062 | Δ: 1.78e-03 | M: 539591.3391 | iter= 15.61s | ETA: 5h24m | Path: GPU-cuStateVec+cpu-expect MPI-distributed (1 ranks)
[iter 0035] start 11:17:29 (20q, 2951 Pauli terms, 160 params)
Iter 0035/1280 | E: -94.473104 | Δ: 3.91e-01 | M: 538321.6341 | iter= 15.55s | ETA: 5h23m | Path: GPU-cuStateVec+cpu-expect MPI-distributed (1 ranks)
[RESILIENCE] Iteration 35: Global theta state checkpointed at path checkpoints/N2/checkpoint_iter_0035.npy. 
[iter 0036] start 11:17:44 (20q, 2951 Pauli terms, 160 params)
Iter 0036/1280 | E: -94.598767 | Δ: 1.26e-01 | M: 560746.7546 | iter= 15.59s | ETA: 5h23m | Path: GPU-cuStateVec+cpu-expect MPI-distributed (1 ranks)
[iter 0037] start 11:18:00 (20q, 2951 Pauli terms, 160 params)
Iter 0037/1280 | E: -95.405274 | Δ: 8.07e-01 | M: 537861.2311 | iter= 15.58s | ETA: 5h22m | Path: GPU-cuStateVec+cpu-expect MPI-distributed (1 ranks)
[iter 0038] start 11:18:15 (20q, 2951 Pauli terms, 160 params)
Iter 0038/1280 | E: -97.447713 | Δ: 2.04e+00 | M: 535051.7359 | iter= 15.60s | ETA: 5h22m | Path: GPU-cuStateVec+cpu-expect MPI-distributed (1 ranks)
[iter 0039] start 11:18:31 (20q, 2951 Pauli terms, 160 params)
Iter 0039/1280 | E: -99.968520 | Δ: 2.52e+00 | M: 562549.0263 | iter= 15.62s | ETA: 5h22m | Path: GPU-cuStateVec+cpu-expect MPI-distributed (1 ranks)
[iter 0040] start 11:18:47 (20q, 2951 Pauli terms, 160 params)
Iter 0040/1280 | E: -100.215512 | Δ: 2.47e-01 | M: 552891.8875 | iter= 15.69s | ETA: 5h22m | Path: GPU-cuStateVec+cpu-expect MPI-distributed (1 ranks)
[RESILIENCE] Iteration 40: Global theta state checkpointed at path checkpoints/N2/checkpoint_iter_0040.npy. 
[iter 0041] start 11:19:02 (20q, 2951 Pauli terms, 160 params)
Iter 0041/1280 | E: -100.319985 | Δ: 1.04e-01 | M: 540884.6527 | iter= 15.56s | ETA: 5h22m | Path: GPU-cuStateVec+cpu-expect MPI-distributed (1 ranks)
[iter 0042] start 11:19:18 (20q, 2951 Pauli terms, 160 params)
Iter 0042/1280 | E: -100.524054 | Δ: 2.04e-01 | M: 553500.3276 | iter= 15.59s | ETA: 5h21m | Path: GPU-cuStateVec+cpu-expect MPI-distributed (1 ranks)
[iter 0043] start 11:19:34 (20q, 2951 Pauli terms, 160 params)
Iter 0043/1280 | E: -100.528165 | Δ: 4.11e-03 | M: 547234.8651 | iter= 15.47s | ETA: 5h21m | Path: GPU-cuStateVec+cpu-expect MPI-distributed (1 ranks)
[iter 0044] start 11:19:49 (20q, 2951 Pauli terms, 160 params)
Iter 0044/1280 | E: -100.494652 | Δ: 3.35e-02 | M: 562774.5104 | iter= 15.57s | ETA: 5h20m | Path: GPU-cuStateVec+cpu-expect MPI-distributed (1 ranks)
[iter 0045] start 11:20:05 (20q, 2951 Pauli terms, 160 params)
Iter 0045/1280 | E: -100.790468 | Δ: 2.96e-01 | M: 549501.5229 | iter= 15.49s | ETA: 5h20m | Path: GPU-cuStateVec+cpu-expect MPI-distributed (1 ranks)
[RESILIENCE] Iteration 45: Global theta state checkpointed at path checkpoints/N2/checkpoint_iter_0045.npy. 
[iter 0046] start 11:20:20 (20q, 2951 Pauli terms, 160 params)
Iter 0046/1280 | E: -101.285679 | Δ: 4.95e-01 | M: 537714.9755 | iter= 15.62s | ETA: 5h20m | Path: GPU-cuStateVec+cpu-expect MPI-distributed (1 ranks)
[iter 0047] start 11:20:36 (20q, 2951 Pauli terms, 160 params)
Iter 0047/1280 | E: -101.113589 | Δ: 1.72e-01 | M: 544390.3432 | iter= 15.60s | ETA: 5h19m | Path: GPU-cuStateVec+cpu-expect MPI-distributed (1 ranks)
[iter 0048] start 11:20:51 (20q, 2951 Pauli terms, 160 params)
Iter 0048/1280 | E: -101.318813 | Δ: 2.05e-01 | M: 542452.5282 | iter= 15.49s | ETA: 5h19m | Path: GPU-cuStateVec+cpu-expect MPI-distributed (1 ranks)
[iter 0049] start 11:21:07 (20q, 2951 Pauli terms, 160 params)
Iter 0049/1280 | E: -101.434638 | Δ: 1.16e-01 | M: 528439.4011 | iter= 15.50s | ETA: 5h17m | Path: GPU-cuStateVec+cpu-expect MPI-distributed (1 ranks)
[iter 0050] start 11:21:22 (20q, 2951 Pauli terms, 160 params)
Iter 0050/1280 | E: -102.036564 | Δ: 6.02e-01 | M: 518649.0627 | iter= 15.52s | ETA: 5h18m | Path: GPU-cuStateVec+cpu-expect MPI-distributed (1 ranks)
[RESILIENCE] Iteration 50: Global theta state checkpointed at path checkpoints/N2/checkpoint_iter_0050.npy. 
[iter 0051] start 11:21:38 (20q, 2951 Pauli terms, 160 params)
Iter 0051/1280 | E: -102.131701 | Δ: 9.51e-02 | M: 530479.4353 | iter= 15.48s | ETA: 5h17m | Path: GPU-cuStateVec+cpu-expect MPI-distributed (1 ranks)
[iter 0052] start 11:21:53 (20q, 2951 Pauli terms, 160 params)
Iter 0052/1280 | E: -102.809996 | Δ: 6.78e-01 | M: 532928.7033 | iter= 15.43s | ETA: 5h17m | Path: GPU-cuStateVec+cpu-expect MPI-distributed (1 ranks)
[iter 0053] start 11:22:09 (20q, 2951 Pauli terms, 160 params)
Iter 0053/1280 | E: -102.910246 | Δ: 1.00e-01 | M: 531514.7391 | iter= 15.56s | ETA: 5h16m | Path: GPU-cuStateVec+cpu-expect MPI-distributed (1 ranks)
[iter 0054] start 11:22:24 (20q, 2951 Pauli terms, 160 params)
Iter 0054/1280 | E: -103.459518 | Δ: 5.49e-01 | M: 512140.9682 | iter= 15.61s | ETA: 5h17m | Path: GPU-cuStateVec+cpu-expect MPI-distributed (1 ranks)
[iter 0055] start 11:22:40 (20q, 2951 Pauli terms, 160 params)
Iter 0055/1280 | E: -103.639773 | Δ: 1.80e-01 | M: 530165.9902 | iter= 15.58s | ETA: 5h17m | Path: GPU-cuStateVec+cpu-expect MPI-distributed (1 ranks)
[RESILIENCE] Iteration 55: Global theta state checkpointed at path checkpoints/N2/checkpoint_iter_0055.npy. 
[iter 0056] start 11:22:55 (20q, 2951 Pauli terms, 160 params)
Iter 0056/1280 | E: -103.952349 | Δ: 3.13e-01 | M: 555882.9317 | iter= 15.62s | ETA: 5h17m | Path: GPU-cuStateVec+cpu-expect MPI-distributed (1 ranks)
[iter 0057] start 11:23:11 (20q, 2951 Pauli terms, 160 params)
Iter 0057/1280 | E: -104.153210 | Δ: 2.01e-01 | M: 532338.2800 | iter= 15.69s | ETA: 5h18m | Path: GPU-cuStateVec+cpu-expect MPI-distributed (1 ranks)
[iter 0058] start 11:23:27 (20q, 2951 Pauli terms, 160 params)
Iter 0058/1280 | E: -104.688279 | Δ: 5.35e-01 | M: 552213.0345 | iter= 15.62s | ETA: 5h18m | Path: GPU-cuStateVec+cpu-expect MPI-distributed (1 ranks)
[iter 0059] start 11:23:42 (20q, 2951 Pauli terms, 160 params)
Iter 0059/1280 | E: -105.273805 | Δ: 5.86e-01 | M: 528803.8827 | iter= 15.60s | ETA: 5h17m | Path: GPU-cuStateVec+cpu-expect MPI-distributed (1 ranks)
[iter 0060] start 11:23:58 (20q, 2951 Pauli terms, 160 params)
Iter 0060/1280 | E: -105.212483 | Δ: 6.13e-02 | M: 536528.5734 | iter= 15.66s | ETA: 5h17m | Path: GPU-cuStateVec+cpu-expect MPI-distributed (1 ranks)
[RESILIENCE] Iteration 60: Global theta state checkpointed at path checkpoints/N2/checkpoint_iter_0060.npy. 
[iter 0061] start 11:24:14 (20q, 2951 Pauli terms, 160 params)
Iter 0061/1280 | E: -105.222910 | Δ: 1.04e-02 | M: 540832.1048 | iter= 15.62s | ETA: 5h17m | Path: GPU-cuStateVec+cpu-expect MPI-distributed (1 ranks)
[iter 0062] start 11:24:29 (20q, 2951 Pauli terms, 160 params)
Iter 0062/1280 | E: -106.236858 | Δ: 1.01e+00 | M: 533037.2297 | iter= 15.57s | ETA: 5h17m | Path: GPU-cuStateVec+cpu-expect MPI-distributed (1 ranks)
[iter 0063] start 11:24:45 (20q, 2951 Pauli terms, 160 params)
Iter 0063/1280 | E: -106.250752 | Δ: 1.39e-02 | M: 518578.2790 | iter= 15.61s | ETA: 5h16m | Path: GPU-cuStateVec+cpu-expect MPI-distributed (1 ranks)
[iter 0064] start 11:25:00 (20q, 2951 Pauli terms, 160 params)
Iter 0064/1280 | E: -106.187307 | Δ: 6.34e-02 | M: 537451.6091 | iter= 15.56s | ETA: 5h16m | Path: GPU-cuStateVec+cpu-expect MPI-distributed (1 ranks)
[iter 0065] start 11:25:16 (20q, 2951 Pauli terms, 160 params)
Iter 0065/1280 | E: -106.238734 | Δ: 5.14e-02 | M: 543090.5484 | iter= 15.59s | ETA: 5h15m | Path: GPU-cuStateVec+cpu-expect MPI-distributed (1 ranks)
[RESILIENCE] Iteration 65: Global theta state checkpointed at path checkpoints/N2/checkpoint_iter_0065.npy. 
[iter 0066] start 11:25:32 (20q, 2951 Pauli terms, 160 params)
Iter 0066/1280 | E: -106.232598 | Δ: 6.14e-03 | M: 554960.6789 | iter= 15.55s | ETA: 5h15m | Path: GPU-cuStateVec+cpu-expect MPI-distributed (1 ranks)
[iter 0067] start 11:25:47 (20q, 2951 Pauli terms, 160 params)
Iter 0067/1280 | E: -106.528291 | Δ: 2.96e-01 | M: 530241.3798 | iter= 15.60s | ETA: 5h15m | Path: GPU-cuStateVec+cpu-expect MPI-distributed (1 ranks)
[iter 0068] start 11:26:03 (20q, 2951 Pauli terms, 160 params)
NOTE: Energy -107.7035 crossed below FCI -107.6482 at iter 68 - HWE ansatz leaving physical sector (expected limitation)
Iter 0068/1280 | E: -107.703532 | Δ: 1.18e+00 | M: 539090.5067 | iter= 15.59s | ETA: 5h14m | Path: GPU-cuStateVec+cpu-expect MPI-distributed (1 ranks)
[iter 0069] start 11:26:18 (20q, 2951 Pauli terms, 160 params)
Iter 0069/1280 | E: -107.663508 | Δ: 4.00e-02 | M: 557409.3999 | iter= 15.58s | ETA: 5h14m | Path: GPU-cuStateVec+cpu-expect MPI-distributed (1 ranks)
[iter 0070] start 11:26:34 (20q, 2951 Pauli terms, 160 params)
Iter 0070/1280 | E: -107.702268 | Δ: 3.88e-02 | M: 529641.1913 | iter= 15.60s | ETA: 5h14m | Path: GPU-cuStateVec+cpu-expect MPI-distributed (1 ranks)
[RESILIENCE] Iteration 70: Global theta state checkpointed at path checkpoints/N2/checkpoint_iter_0070.npy. 
[iter 0071] start 11:26:50 (20q, 2951 Pauli terms, 160 params)
Iter 0071/1280 | E: -108.055517 | Δ: 3.53e-01 | M: 554058.6426 | iter= 15.63s | ETA: 5h14m | Path: GPU-cuStateVec+cpu-expect MPI-distributed (1 ranks)
[iter 0072] start 11:27:05 (20q, 2951 Pauli terms, 160 params)
Iter 0072/1280 | E: -108.052233 | Δ: 3.28e-03 | M: 552990.6530 | iter= 15.62s | ETA: 5h14m | Path: GPU-cuStateVec+cpu-expect MPI-distributed (1 ranks)
[iter 0073] start 11:27:21 (20q, 2951 Pauli terms, 160 params)
Iter 0073/1280 | E: -108.075500 | Δ: 2.33e-02 | M: 556052.3008 | iter= 15.65s | ETA: 5h14m | Path: GPU-cuStateVec+cpu-expect MPI-distributed (1 ranks)
[iter 0074] start 11:27:36 (20q, 2951 Pauli terms, 160 params)
Iter 0074/1280 | E: -108.190913 | Δ: 1.15e-01 | M: 534347.9148 | iter= 15.63s | ETA: 5h14m | Path: GPU-cuStateVec+cpu-expect MPI-distributed (1 ranks)
[iter 0075] start 11:27:52 (20q, 2951 Pauli terms, 160 params)
Iter 0075/1280 | E: -108.473695 | Δ: 2.83e-01 | M: 548998.0740 | iter= 15.70s | ETA: 5h13m | Path: GPU-cuStateVec+cpu-expect MPI-distributed (1 ranks)
[RESILIENCE] Iteration 75: Global theta state checkpointed at path checkpoints/N2/checkpoint_iter_0075.npy. 
[iter 0076] start 11:28:08 (20q, 2951 Pauli terms, 160 params)
Iter 0076/1280 | E: -108.596130 | Δ: 1.22e-01 | M: 542895.0690 | iter= 15.65s | ETA: 5h13m | Path: GPU-cuStateVec+cpu-expect MPI-distributed (1 ranks)
[iter 0077] start 11:28:23 (20q, 2951 Pauli terms, 160 params)
Iter 0077/1280 | E: -108.623071 | Δ: 2.69e-02 | M: 559686.7319 | iter= 15.64s | ETA: 5h13m | Path: GPU-cuStateVec+cpu-expect MPI-distributed (1 ranks)
[iter 0078] start 11:28:39 (20q, 2951 Pauli terms, 160 params)
Iter 0078/1280 | E: -108.848164 | Δ: 2.25e-01 | M: 534016.6177 | iter= 15.59s | ETA: 5h13m | Path: GPU-cuStateVec+cpu-expect MPI-distributed (1 ranks)
[iter 0079] start 11:28:55 (20q, 2951 Pauli terms, 160 params)
Iter 0079/1280 | E: -109.024913 | Δ: 1.77e-01 | M: 530183.6975 | iter= 15.64s | ETA: 5h13m | Path: GPU-cuStateVec+cpu-expect MPI-distributed (1 ranks)
[iter 0080] start 11:29:10 (20q, 2951 Pauli terms, 160 params)
Iter 0080/1280 | E: -109.261742 | Δ: 2.37e-01 | M: 540310.4402 | iter= 15.64s | ETA: 5h12m | Path: GPU-cuStateVec+cpu-expect MPI-distributed (1 ranks)
[RESILIENCE] Iteration 80: Global theta state checkpointed at path checkpoints/N2/checkpoint_iter_0080.npy. 
[iter 0081] start 11:29:26 (20q, 2951 Pauli terms, 160 params)
Iter 0081/1280 | E: -109.844239 | Δ: 5.82e-01 | M: 545058.0044 | iter= 15.59s | ETA: 5h12m | Path: GPU-cuStateVec+cpu-expect MPI-distributed (1 ranks)
[iter 0082] start 11:29:41 (20q, 2951 Pauli terms, 160 params)
Iter 0082/1280 | E: -109.890879 | Δ: 4.66e-02 | M: 532196.8695 | iter= 15.60s | ETA: 5h11m | Path: GPU-cuStateVec+cpu-expect MPI-distributed (1 ranks)
[iter 0083] start 11:29:57 (20q, 2951 Pauli terms, 160 params)
Iter 0083/1280 | E: -110.445421 | Δ: 5.55e-01 | M: 537048.5495 | iter= 15.61s | ETA: 5h11m | Path: GPU-cuStateVec+cpu-expect MPI-distributed (1 ranks)
[iter 0084] start 11:30:13 (20q, 2951 Pauli terms, 160 params)
Iter 0084/1280 | E: -110.424887 | Δ: 2.05e-02 | M: 559950.3992 | iter= 15.56s | ETA: 5h10m | Path: GPU-cuStateVec+cpu-expect MPI-distributed (1 ranks)
[iter 0085] start 11:30:28 (20q, 2951 Pauli terms, 160 params)
Iter 0085/1280 | E: -110.440012 | Δ: 1.51e-02 | M: 564684.7817 | iter= 15.58s | ETA: 5h10m | Path: GPU-cuStateVec+cpu-expect MPI-distributed (1 ranks)
[RESILIENCE] Iteration 85: Global theta state checkpointed at path checkpoints/N2/checkpoint_iter_0085.npy. 
[iter 0086] start 11:30:44 (20q, 2951 Pauli terms, 160 params)
Iter 0086/1280 | E: -110.621509 | Δ: 1.81e-01 | M: 551081.1877 | iter= 15.55s | ETA: 5h10m | Path: GPU-cuStateVec+cpu-expect MPI-distributed (1 ranks)
[iter 0087] start 11:30:59 (20q, 2951 Pauli terms, 160 params)
Iter 0087/1280 | E: -113.239778 | Δ: 2.62e+00 | M: 539807.9804 | iter= 15.53s | ETA: 5h09m | Path: GPU-cuStateVec+cpu-expect MPI-distributed (1 ranks)
[iter 0088] start 11:31:15 (20q, 2951 Pauli terms, 160 params)
Iter 0088/1280 | E: -113.730617 | Δ: 4.91e-01 | M: 558798.8161 | iter= 15.58s | ETA: 5h09m | Path: GPU-cuStateVec+cpu-expect MPI-distributed (1 ranks)
[iter 0089] start 11:31:30 (20q, 2951 Pauli terms, 160 params)
Iter 0089/1280 | E: -114.746863 | Δ: 1.02e+00 | M: 547838.9699 | iter= 15.59s | ETA: 5h09m | Path: GPU-cuStateVec+cpu-expect MPI-distributed (1 ranks)
[iter 0090] start 11:31:46 (20q, 2951 Pauli terms, 160 params)
Iter 0090/1280 | E: -114.922989 | Δ: 1.76e-01 | M: 525986.5613 | iter= 15.55s | ETA: 5h08m | Path: GPU-cuStateVec+cpu-expect MPI-distributed (1 ranks)
[RESILIENCE] Iteration 90: Global theta state checkpointed at path checkpoints/N2/checkpoint_iter_0090.npy. 
[iter 0091] start 11:32:02 (20q, 2951 Pauli terms, 160 params)
Iter 0091/1280 | E: -115.214299 | Δ: 2.91e-01 | M: 532015.8693 | iter= 15.54s | ETA: 5h08m | Path: GPU-cuStateVec+cpu-expect MPI-distributed (1 ranks)
[iter 0092] start 11:32:17 (20q, 2951 Pauli terms, 160 params)
Iter 0092/1280 | E: -115.262473 | Δ: 4.82e-02 | M: 549727.1522 | iter= 15.46s | ETA: 5h07m | Path: GPU-cuStateVec+cpu-expect MPI-distributed (1 ranks)
[iter 0093] start 11:32:33 (20q, 2951 Pauli terms, 160 params)
Iter 0093/1280 | E: -115.306885 | Δ: 4.44e-02 | M: 531653.2153 | iter= 15.49s | ETA: 5h07m | Path: GPU-cuStateVec+cpu-expect MPI-distributed (1 ranks)
[iter 0094] start 11:32:48 (20q, 2951 Pauli terms, 160 params)
Iter 0094/1280 | E: -115.413650 | Δ: 1.07e-01 | M: 549666.0621 | iter= 15.58s | ETA: 5h07m | Path: GPU-cuStateVec+cpu-expect MPI-distributed (1 ranks)
[iter 0095] start 11:33:04 (20q, 2951 Pauli terms, 160 params)
Iter 0095/1280 | E: -115.468518 | Δ: 5.49e-02 | M: 547519.2942 | iter= 15.72s | ETA: 5h06m | Path: GPU-cuStateVec+cpu-expect MPI-distributed (1 ranks)
[RESILIENCE] Iteration 95: Global theta state checkpointed at path checkpoints/N2/checkpoint_iter_0095.npy. 
[iter 0096] start 11:33:19 (20q, 2951 Pauli terms, 160 params)
Iter 0096/1280 | E: -115.625837 | Δ: 1.57e-01 | M: 540061.3084 | iter= 15.56s | ETA: 5h07m | Path: GPU-cuStateVec+cpu-expect MPI-distributed (1 ranks)
[iter 0097] start 11:33:35 (20q, 2951 Pauli terms, 160 params)
Iter 0097/1280 | E: -115.737383 | Δ: 1.12e-01 | M: 558139.0247 | iter= 15.53s | ETA: 5h06m | Path: GPU-cuStateVec+cpu-expect MPI-distributed (1 ranks)
[iter 0098] start 11:33:51 (20q, 2951 Pauli terms, 160 params)
Iter 0098/1280 | E: -115.940970 | Δ: 2.04e-01 | M: 548398.9646 | iter= 15.49s | ETA: 5h06m | Path: GPU-cuStateVec+cpu-expect MPI-distributed (1 ranks)
[iter 0099] start 11:34:06 (20q, 2951 Pauli terms, 160 params)
Iter 0099/1280 | E: -116.052205 | Δ: 1.11e-01 | M: 559661.2685 | iter= 15.45s | ETA: 5h05m | Path: GPU-cuStateVec+cpu-expect MPI-distributed (1 ranks)
[iter 0100] start 11:34:21 (20q, 2951 Pauli terms, 160 params)
Iter 0100/1280 | E: -116.187785 | Δ: 1.36e-01 | M: 552424.0958 | iter= 15.44s | ETA: 5h04m | Path: GPU-cuStateVec+cpu-expect MPI-distributed (1 ranks)
[RESILIENCE] Iteration 100: Global theta state checkpointed at path checkpoints/N2/checkpoint_iter_0100.npy. 
[iter 0101] start 11:34:37 (20q, 2951 Pauli terms, 160 params)
Iter 0101/1280 | E: -116.290982 | Δ: 1.03e-01 | M: 388489.3416 | iter= 15.48s | ETA: 5h04m | Path: GPU-cuStateVec+cpu-expect MPI-distributed (1 ranks)
[iter 0102] start 11:34:52 (20q, 2951 Pauli terms, 160 params)
Iter 0102/1280 | E: -116.373493 | Δ: 8.25e-02 | M: 538547.2641 | iter= 15.57s | ETA: 5h03m | Path: GPU-cuStateVec+cpu-expect MPI-distributed (1 ranks)
[iter 0103] start 11:35:08 (20q, 2951 Pauli terms, 160 params)
Iter 0103/1280 | E: -116.447150 | Δ: 7.37e-02 | M: 543968.0857 | iter= 15.52s | ETA: 5h03m | Path: GPU-cuStateVec+cpu-expect MPI-distributed (1 ranks)
[iter 0104] start 11:35:23 (20q, 2951 Pauli terms, 160 params)
Iter 0104/1280 | E: -116.684306 | Δ: 2.37e-01 | M: 535755.0418 | iter= 15.44s | ETA: 5h03m | Path: GPU-cuStateVec+cpu-expect MPI-distributed (1 ranks)
[iter 0105] start 11:35:39 (20q, 2951 Pauli terms, 160 params)
Iter 0105/1280 | E: -116.698680 | Δ: 1.44e-02 | M: 544788.9622 | iter= 15.56s | ETA: 5h03m | Path: GPU-cuStateVec+cpu-expect MPI-distributed (1 ranks)
[RESILIENCE] Iteration 105: Global theta state checkpointed at path checkpoints/N2/checkpoint_iter_0105.npy. 
[iter 0106] start 11:35:54 (20q, 2951 Pauli terms, 160 params)
Iter 0106/1280 | E: -116.800534 | Δ: 1.02e-01 | M: 535734.7234 | iter= 15.56s | ETA: 5h04m | Path: GPU-cuStateVec+cpu-expect MPI-distributed (1 ranks)
[iter 0107] start 11:36:10 (20q, 2951 Pauli terms, 160 params)
Iter 0107/1280 | E: -116.814808 | Δ: 1.43e-02 | M: 543893.4421 | iter= 15.54s | ETA: 5h03m | Path: GPU-cuStateVec+cpu-expect MPI-distributed (1 ranks)
[iter 0108] start 11:36:26 (20q, 2951 Pauli terms, 160 params)
Iter 0108/1280 | E: -116.905730 | Δ: 9.09e-02 | M: 559164.4006 | iter= 15.52s | ETA: 5h03m | Path: GPU-cuStateVec+cpu-expect MPI-distributed (1 ranks)
[iter 0109] start 11:36:41 (20q, 2951 Pauli terms, 160 params)
Iter 0109/1280 | E: -116.983942 | Δ: 7.82e-02 | M: 552586.7224 | iter= 15.55s | ETA: 5h03m | Path: GPU-cuStateVec+cpu-expect MPI-distributed (1 ranks)
[iter 0110] start 11:36:57 (20q, 2951 Pauli terms, 160 params)
Iter 0110/1280 | E: -116.951918 | Δ: 3.20e-02 | M: 534598.6902 | iter= 15.55s | ETA: 5h03m | Path: GPU-cuStateVec+cpu-expect MPI-distributed (1 ranks)
[RESILIENCE] Iteration 110: Global theta state checkpointed at path checkpoints/N2/checkpoint_iter_0110.npy. 
[iter 0111] start 11:37:12 (20q, 2951 Pauli terms, 160 params)
Iter 0111/1280 | E: -116.926062 | Δ: 2.59e-02 | M: 559357.8062 | iter= 15.53s | ETA: 5h02m | Path: GPU-cuStateVec+cpu-expect MPI-distributed (1 ranks)
[iter 0112] start 11:37:28 (20q, 2951 Pauli terms, 160 params)
Iter 0112/1280 | E: -116.977678 | Δ: 5.16e-02 | M: 541209.2603 | iter= 15.49s | ETA: 5h02m | Path: GPU-cuStateVec+cpu-expect MPI-distributed (1 ranks)
[iter 0113] start 11:37:43 (20q, 2951 Pauli terms, 160 params)
Iter 0113/1280 | E: -116.955552 | Δ: 2.21e-02 | M: 560635.2439 | iter= 15.50s | ETA: 5h02m | Path: GPU-cuStateVec+cpu-expect MPI-distributed (1 ranks)
[iter 0114] start 11:37:59 (20q, 2951 Pauli terms, 160 params)
Iter 0114/1280 | E: -116.920221 | Δ: 3.53e-02 | M: 519019.1025 | iter= 15.56s | ETA: 5h01m | Path: GPU-cuStateVec+cpu-expect MPI-distributed (1 ranks)
[iter 0115] start 11:38:14 (20q, 2951 Pauli terms, 160 params)
Iter 0115/1280 | E: -117.038054 | Δ: 1.18e-01 | M: 546949.4628 | iter= 15.51s | ETA: 5h01m | Path: GPU-cuStateVec+cpu-expect MPI-distributed (1 ranks)
[RESILIENCE] Iteration 115: Global theta state checkpointed at path checkpoints/N2/checkpoint_iter_0115.npy. 
[iter 0116] start 11:38:30 (20q, 2951 Pauli terms, 160 params)
Iter 0116/1280 | E: -117.043357 | Δ: 5.30e-03 | M: 529954.9301 | iter= 15.54s | ETA: 5h00m | Path: GPU-cuStateVec+cpu-expect MPI-distributed (1 ranks)
[iter 0117] start 11:38:45 (20q, 2951 Pauli terms, 160 params)
Iter 0117/1280 | E: -117.139990 | Δ: 9.66e-02 | M: 396662.4930 | iter= 15.47s | ETA: 5h00m | Path: GPU-cuStateVec+cpu-expect MPI-distributed (1 ranks)
[iter 0118] start 11:39:01 (20q, 2951 Pauli terms, 160 params)
Iter 0118/1280 | E: -117.138188 | Δ: 1.80e-03 | M: 545331.2765 | iter= 15.51s | ETA: 5h00m | Path: GPU-cuStateVec+cpu-expect MPI-distributed (1 ranks)
[iter 0119] start 11:39:16 (20q, 2951 Pauli terms, 160 params)
Iter 0119/1280 | E: -117.121716 | Δ: 1.65e-02 | M: 551068.3848 | iter= 15.53s | ETA: 5h00m | Path: GPU-cuStateVec+cpu-expect MPI-distributed (1 ranks)
[iter 0120] start 11:39:32 (20q, 2951 Pauli terms, 160 params)
Iter 0120/1280 | E: -117.301687 | Δ: 1.80e-01 | M: 543341.5501 | iter= 15.52s | ETA: 5h00m | Path: GPU-cuStateVec+cpu-expect MPI-distributed (1 ranks)
[RESILIENCE] Iteration 120: Global theta state checkpointed at path checkpoints/N2/checkpoint_iter_0120.npy. 
[iter 0121] start 11:39:47 (20q, 2951 Pauli terms, 160 params)
Iter 0121/1280 | E: -117.211353 | Δ: 9.03e-02 | M: 541994.7790 | iter= 15.49s | ETA: 4h59m | Path: GPU-cuStateVec+cpu-expect MPI-distributed (1 ranks)
[iter 0122] start 11:40:03 (20q, 2951 Pauli terms, 160 params)
Iter 0122/1280 | E: -117.224593 | Δ: 1.32e-02 | M: 537103.8303 | iter= 15.58s | ETA: 4h59m | Path: GPU-cuStateVec+cpu-expect MPI-distributed (1 ranks)
[iter 0123] start 11:40:18 (20q, 2951 Pauli terms, 160 params)
Iter 0123/1280 | E: -117.437140 | Δ: 2.13e-01 | M: 564842.5932 | iter= 15.55s | ETA: 4h59m | Path: GPU-cuStateVec+cpu-expect MPI-distributed (1 ranks)
[iter 0124] start 11:40:34 (20q, 2951 Pauli terms, 160 params)
Iter 0124/1280 | E: -117.400404 | Δ: 3.67e-02 | M: 530557.4810 | iter= 15.56s | ETA: 4h59m | Path: GPU-cuStateVec+cpu-expect MPI-distributed (1 ranks)
[iter 0125] start 11:40:50 (20q, 2951 Pauli terms, 160 params)
Iter 0125/1280 | E: -117.450137 | Δ: 4.97e-02 | M: 569903.1325 | iter= 15.56s | ETA: 4h59m | Path: GPU-cuStateVec+cpu-expect MPI-distributed (1 ranks)
[RESILIENCE] Iteration 125: Global theta state checkpointed at path checkpoints/N2/checkpoint_iter_0125.npy. 
[iter 0126] start 11:41:05 (20q, 2951 Pauli terms, 160 params)
Iter 0126/1280 | E: -117.546687 | Δ: 9.66e-02 | M: 529292.7878 | iter= 15.57s | ETA: 4h59m | Path: GPU-cuStateVec+cpu-expect MPI-distributed (1 ranks)
[iter 0127] start 11:41:21 (20q, 2951 Pauli terms, 160 params)
Iter 0127/1280 | E: -117.633863 | Δ: 8.72e-02 | M: 541342.8985 | iter= 15.54s | ETA: 4h58m | Path: GPU-cuStateVec+cpu-expect MPI-distributed (1 ranks)
[iter 0128] start 11:41:36 (20q, 2951 Pauli terms, 160 params)
Iter 0128/1280 | E: -117.696345 | Δ: 6.25e-02 | M: 549329.9247 | iter= 15.53s | ETA: 4h58m | Path: GPU-cuStateVec+cpu-expect MPI-distributed (1 ranks)
[iter 0129] start 11:41:52 (20q, 2951 Pauli terms, 160 params)
Iter 0129/1280 | E: -117.696500 | Δ: 1.55e-04 | M: 541984.4555 | iter= 15.56s | ETA: 4h58m | Path: GPU-cuStateVec+cpu-expect MPI-distributed (1 ranks)
[iter 0130] start 11:42:07 (20q, 2951 Pauli terms, 160 params)
Iter 0130/1280 | E: -117.746229 | Δ: 4.97e-02 | M: 570420.0741 | iter= 15.55s | ETA: 4h58m | Path: GPU-cuStateVec+cpu-expect MPI-distributed (1 ranks)
[RESILIENCE] Iteration 130: Global theta state checkpointed at path checkpoints/N2/checkpoint_iter_0130.npy. 
[iter 0131] start 11:42:23 (20q, 2951 Pauli terms, 160 params)
Iter 0131/1280 | E: -117.721248 | Δ: 2.50e-02 | M: 525330.5172 | iter= 15.54s | ETA: 4h57m | Path: GPU-cuStateVec+cpu-expect MPI-distributed (1 ranks)
[iter 0132] start 11:42:38 (20q, 2951 Pauli terms, 160 params)
Iter 0132/1280 | E: -117.784380 | Δ: 6.31e-02 | M: 544237.9012 | iter= 15.59s | ETA: 4h57m | Path: GPU-cuStateVec+cpu-expect MPI-distributed (1 ranks)
[iter 0133] start 11:42:54 (20q, 2951 Pauli terms, 160 params)
Iter 0133/1280 | E: -117.880870 | Δ: 9.65e-02 | M: 558318.8569 | iter= 15.60s | ETA: 4h57m | Path: GPU-cuStateVec+cpu-expect MPI-distributed (1 ranks)
[iter 0134] start 11:43:10 (20q, 2951 Pauli terms, 160 params)
Iter 0134/1280 | E: -117.802883 | Δ: 7.80e-02 | M: 528572.0018 | iter= 15.56s | ETA: 4h57m | Path: GPU-cuStateVec+cpu-expect MPI-distributed (1 ranks)
[iter 0135] start 11:43:25 (20q, 2951 Pauli terms, 160 params)
Iter 0135/1280 | E: -117.911422 | Δ: 1.09e-01 | M: 543070.3988 | iter= 15.55s | ETA: 4h57m | Path: GPU-cuStateVec+cpu-expect MPI-distributed (1 ranks)
[RESILIENCE] Iteration 135: Global theta state checkpointed at path checkpoints/N2/checkpoint_iter_0135.npy. 
[iter 0136] start 11:43:41 (20q, 2951 Pauli terms, 160 params)
Iter 0136/1280 | E: -118.004100 | Δ: 9.27e-02 | M: 540667.6885 | iter= 15.55s | ETA: 4h56m | Path: GPU-cuStateVec+cpu-expect MPI-distributed (1 ranks)
[iter 0137] start 11:43:56 (20q, 2951 Pauli terms, 160 params)
Iter 0137/1280 | E: -118.083489 | Δ: 7.94e-02 | M: 543830.2826 | iter= 15.56s | ETA: 4h56m | Path: GPU-cuStateVec+cpu-expect MPI-distributed (1 ranks)
[iter 0138] start 11:44:12 (20q, 2951 Pauli terms, 160 params)
Iter 0138/1280 | E: -118.016074 | Δ: 6.74e-02 | M: 529276.2928 | iter= 15.56s | ETA: 4h56m | Path: GPU-cuStateVec+cpu-expect MPI-distributed (1 ranks)
[iter 0139] start 11:44:27 (20q, 2951 Pauli terms, 160 params)
Iter 0139/1280 | E: -118.067145 | Δ: 5.11e-02 | M: 547414.2557 | iter= 15.55s | ETA: 4h55m | Path: GPU-cuStateVec+cpu-expect MPI-distributed (1 ranks)
[iter 0140] start 11:44:43 (20q, 2951 Pauli terms, 160 params)
Iter 0140/1280 | E: -118.115274 | Δ: 4.81e-02 | M: 527521.8029 | iter= 15.49s | ETA: 4h55m | Path: GPU-cuStateVec+cpu-expect MPI-distributed (1 ranks)
[RESILIENCE] Iteration 140: Global theta state checkpointed at path checkpoints/N2/checkpoint_iter_0140.npy. 
[iter 0141] start 11:44:58 (20q, 2951 Pauli terms, 160 params)
Iter 0141/1280 | E: -118.101747 | Δ: 1.35e-02 | M: 540366.7597 | iter= 15.51s | ETA: 4h55m | Path: GPU-cuStateVec+cpu-expect MPI-distributed (1 ranks)
[iter 0142] start 11:45:14 (20q, 2951 Pauli terms, 160 params)
Iter 0142/1280 | E: -118.074613 | Δ: 2.71e-02 | M: 524503.1515 | iter= 15.53s | ETA: 4h54m | Path: GPU-cuStateVec+cpu-expect MPI-distributed (1 ranks)
[iter 0143] start 11:45:29 (20q, 2951 Pauli terms, 160 params)
Iter 0143/1280 | E: -118.023205 | Δ: 5.14e-02 | M: 544356.9221 | iter= 15.50s | ETA: 4h53m | Path: GPU-cuStateVec+cpu-expect MPI-distributed (1 ranks)
[iter 0144] start 11:45:45 (20q, 2951 Pauli terms, 160 params)
Iter 0144/1280 | E: -118.157682 | Δ: 1.34e-01 | M: 544811.2885 | iter= 15.46s | ETA: 4h53m | Path: GPU-cuStateVec+cpu-expect MPI-distributed (1 ranks)
[iter 0145] start 11:46:00 (20q, 2951 Pauli terms, 160 params)
Iter 0145/1280 | E: -118.162224 | Δ: 4.54e-03 | M: 528026.4476 | iter= 15.59s | ETA: 4h53m | Path: GPU-cuStateVec+cpu-expect MPI-distributed (1 ranks)
[RESILIENCE] Iteration 145: Global theta state checkpointed at path checkpoints/N2/checkpoint_iter_0145.npy. 
[iter 0146] start 11:46:16 (20q, 2951 Pauli terms, 160 params)
Iter 0146/1280 | E: -118.087256 | Δ: 7.50e-02 | M: 543053.2527 | iter= 15.52s | ETA: 4h53m | Path: GPU-cuStateVec+cpu-expect MPI-distributed (1 ranks)
[iter 0147] start 11:46:32 (20q, 2951 Pauli terms, 160 params)
Iter 0147/1280 | E: -118.106996 | Δ: 1.97e-02 | M: 538847.6214 | iter= 15.44s | ETA: 4h52m | Path: GPU-cuStateVec+cpu-expect MPI-distributed (1 ranks)
[iter 0148] start 11:46:47 (20q, 2951 Pauli terms, 160 params)
Iter 0148/1280 | E: -118.291352 | Δ: 1.84e-01 | M: 534841.2950 | iter= 15.49s | ETA: 4h52m | Path: GPU-cuStateVec+cpu-expect MPI-distributed (1 ranks)
[iter 0149] start 11:47:02 (20q, 2951 Pauli terms, 160 params)
Iter 0149/1280 | E: -118.358384 | Δ: 6.70e-02 | M: 559902.8332 | iter= 15.49s | ETA: 4h52m | Path: GPU-cuStateVec+cpu-expect MPI-distributed (1 ranks)
[iter 0150] start 11:47:18 (20q, 2951 Pauli terms, 160 params)
Iter 0150/1280 | E: -118.390982 | Δ: 3.26e-02 | M: 542990.6259 | iter= 15.45s | ETA: 4h51m | Path: GPU-cuStateVec+cpu-expect MPI-distributed (1 ranks)
[RESILIENCE] Iteration 150: Global theta state checkpointed at path checkpoints/N2/checkpoint_iter_0150.npy. 
[iter 0151] start 11:47:33 (20q, 2951 Pauli terms, 160 params)
Iter 0151/1280 | E: -118.385115 | Δ: 5.87e-03 | M: 536507.0990 | iter= 15.54s | ETA: 4h51m | Path: GPU-cuStateVec+cpu-expect MPI-distributed (1 ranks)
[iter 0152] start 11:47:49 (20q, 2951 Pauli terms, 160 params)
Iter 0152/1280 | E: -118.373742 | Δ: 1.14e-02 | M: 197162.5736 | iter= 15.51s | ETA: 4h51m | Path: GPU-cuStateVec+cpu-expect MPI-distributed (1 ranks)
[iter 0153] start 11:48:04 (20q, 2951 Pauli terms, 160 params)
Iter 0153/1280 | E: -118.431363 | Δ: 5.76e-02 | M: 550337.0945 | iter= 15.54s | ETA: 4h51m | Path: GPU-cuStateVec+cpu-expect MPI-distributed (1 ranks)
[iter 0154] start 11:48:20 (20q, 2951 Pauli terms, 160 params)
Iter 0154/1280 | E: -118.374037 | Δ: 5.73e-02 | M: 551885.3474 | iter= 15.54s | ETA: 4h51m | Path: GPU-cuStateVec+cpu-expect MPI-distributed (1 ranks)
[iter 0155] start 11:48:36 (20q, 2951 Pauli terms, 160 params)
Iter 0155/1280 | E: -118.404451 | Δ: 3.04e-02 | M: 399846.7381 | iter= 15.53s | ETA: 4h51m | Path: GPU-cuStateVec+cpu-expect MPI-distributed (1 ranks)
[RESILIENCE] Iteration 155: Global theta state checkpointed at path checkpoints/N2/checkpoint_iter_0155.npy. 
[iter 0156] start 11:48:51 (20q, 2951 Pauli terms, 160 params)
Iter 0156/1280 | E: -118.475182 | Δ: 7.07e-02 | M: 560909.9986 | iter= 15.55s | ETA: 4h51m | Path: GPU-cuStateVec+cpu-expect MPI-distributed (1 ranks)
[iter 0157] start 11:49:07 (20q, 2951 Pauli terms, 160 params)
Iter 0157/1280 | E: -118.394120 | Δ: 8.11e-02 | M: 358951.4542 | iter= 15.56s | ETA: 4h50m | Path: GPU-cuStateVec+cpu-expect MPI-distributed (1 ranks)
[iter 0158] start 11:49:22 (20q, 2951 Pauli terms, 160 params)
Iter 0158/1280 | E: -118.479223 | Δ: 8.51e-02 | M: 403846.6295 | iter= 15.50s | ETA: 4h50m | Path: GPU-cuStateVec+cpu-expect MPI-distributed (1 ranks)
[iter 0159] start 11:49:38 (20q, 2951 Pauli terms, 160 params)
Iter 0159/1280 | E: -118.441455 | Δ: 3.78e-02 | M: 406519.9706 | iter= 15.49s | ETA: 4h50m | Path: GPU-cuStateVec+cpu-expect MPI-distributed (1 ranks)
[iter 0160] start 11:49:53 (20q, 2951 Pauli terms, 160 params)
Iter 0160/1280 | E: -118.501254 | Δ: 5.98e-02 | M: 543148.9911 | iter= 15.51s | ETA: 4h49m | Path: GPU-cuStateVec+cpu-expect MPI-distributed (1 ranks)
[RESILIENCE] Iteration 160: Global theta state checkpointed at path checkpoints/N2/checkpoint_iter_0160.npy. 
[iter 0161] start 11:50:09 (20q, 2951 Pauli terms, 160 params)
Iter 0161/1280 | E: -118.475850 | Δ: 2.54e-02 | M: 565246.3293 | iter= 15.52s | ETA: 4h49m | Path: GPU-cuStateVec+cpu-expect MPI-distributed (1 ranks)
[iter 0162] start 11:50:24 (20q, 2951 Pauli terms, 160 params)
Iter 0162/1280 | E: -118.434130 | Δ: 4.17e-02 | M: 558928.6907 | iter= 15.50s | ETA: 4h48m | Path: GPU-cuStateVec+cpu-expect MPI-distributed (1 ranks)
[iter 0163] start 11:50:40 (20q, 2951 Pauli terms, 160 params)
Iter 0163/1280 | E: -118.540519 | Δ: 1.06e-01 | M: 557984.7823 | iter= 15.55s | ETA: 4h48m | Path: GPU-cuStateVec+cpu-expect MPI-distributed (1 ranks)
[iter 0164] start 11:50:55 (20q, 2951 Pauli terms, 160 params)
Iter 0164/1280 | E: -118.524036 | Δ: 1.65e-02 | M: 555311.7194 | iter= 15.52s | ETA: 4h48m | Path: GPU-cuStateVec+cpu-expect MPI-distributed (1 ranks)
[iter 0165] start 11:51:11 (20q, 2951 Pauli terms, 160 params)
Iter 0165/1280 | E: -118.553859 | Δ: 2.98e-02 | M: 409822.7601 | iter= 15.53s | ETA: 4h48m | Path: GPU-cuStateVec+cpu-expect MPI-distributed (1 ranks)
[RESILIENCE] Iteration 165: Global theta state checkpointed at path checkpoints/N2/checkpoint_iter_0165.npy. 
[iter 0166] start 11:51:26 (20q, 2951 Pauli terms, 160 params)
Iter 0166/1280 | E: -118.567130 | Δ: 1.33e-02 | M: 552293.5673 | iter= 15.44s | ETA: 4h48m | Path: GPU-cuStateVec+cpu-expect MPI-distributed (1 ranks)
[iter 0167] start 11:51:42 (20q, 2951 Pauli terms, 160 params)
Iter 0167/1280 | E: -118.555817 | Δ: 1.13e-02 | M: 551593.2796 | iter= 15.56s | ETA: 4h48m | Path: GPU-cuStateVec+cpu-expect MPI-distributed (1 ranks)
[iter 0168] start 11:51:57 (20q, 2951 Pauli terms, 160 params)
Iter 0168/1280 | E: -118.647840 | Δ: 9.20e-02 | M: 541346.4530 | iter= 15.57s | ETA: 4h47m | Path: GPU-cuStateVec+cpu-expect MPI-distributed (1 ranks)
[iter 0169] start 11:52:13 (20q, 2951 Pauli terms, 160 params)
Iter 0169/1280 | E: -118.598014 | Δ: 4.98e-02 | M: 545277.2991 | iter= 15.54s | ETA: 4h47m | Path: GPU-cuStateVec+cpu-expect MPI-distributed (1 ranks)
[iter 0170] start 11:52:28 (20q, 2951 Pauli terms, 160 params)
Iter 0170/1280 | E: -118.653746 | Δ: 5.57e-02 | M: 555968.5140 | iter= 15.53s | ETA: 4h47m | Path: GPU-cuStateVec+cpu-expect MPI-distributed (1 ranks)
[RESILIENCE] Iteration 170: Global theta state checkpointed at path checkpoints/N2/checkpoint_iter_0170.npy. 
[iter 0171] start 11:52:44 (20q, 2951 Pauli terms, 160 params)
Iter 0171/1280 | E: -118.654050 | Δ: 3.03e-04 | M: 568039.2656 | iter= 15.55s | ETA: 4h47m | Path: GPU-cuStateVec+cpu-expect MPI-distributed (1 ranks)
[iter 0172] start 11:52:59 (20q, 2951 Pauli terms, 160 params)
Iter 0172/1280 | E: -118.660342 | Δ: 6.29e-03 | M: 558596.4240 | iter= 15.50s | ETA: 4h46m | Path: GPU-cuStateVec+cpu-expect MPI-distributed (1 ranks)
[iter 0173] start 11:53:15 (20q, 2951 Pauli terms, 160 params)
Iter 0173/1280 | E: -118.625438 | Δ: 3.49e-02 | M: 548519.4379 | iter= 15.57s | ETA: 4h46m | Path: GPU-cuStateVec+cpu-expect MPI-distributed (1 ranks)
[iter 0174] start 11:53:31 (20q, 2951 Pauli terms, 160 params)
Iter 0174/1280 | E: -118.592398 | Δ: 3.30e-02 | M: 543880.6210 | iter= 15.46s | ETA: 4h46m | Path: GPU-cuStateVec+cpu-expect MPI-distributed (1 ranks)
[iter 0175] start 11:53:46 (20q, 2951 Pauli terms, 160 params)
Iter 0175/1280 | E: -118.648728 | Δ: 5.63e-02 | M: 539874.2826 | iter= 15.56s | ETA: 4h46m | Path: GPU-cuStateVec+cpu-expect MPI-distributed (1 ranks)
[RESILIENCE] Iteration 175: Global theta state checkpointed at path checkpoints/N2/checkpoint_iter_0175.npy. 
[iter 0176] start 11:54:02 (20q, 2951 Pauli terms, 160 params)
Iter 0176/1280 | E: -118.587990 | Δ: 6.07e-02 | M: 536606.7329 | iter= 15.59s | ETA: 4h46m | Path: GPU-cuStateVec+cpu-expect MPI-distributed (1 ranks)
[iter 0177] start 11:54:17 (20q, 2951 Pauli terms, 160 params)
Iter 0177/1280 | E: -118.589435 | Δ: 1.44e-03 | M: 549983.7289 | iter= 15.50s | ETA: 4h46m | Path: GPU-cuStateVec+cpu-expect MPI-distributed (1 ranks)
[iter 0178] start 11:54:33 (20q, 2951 Pauli terms, 160 params)
Iter 0178/1280 | E: -118.696002 | Δ: 1.07e-01 | M: 539484.1609 | iter= 15.60s | ETA: 4h45m | Path: GPU-cuStateVec+cpu-expect MPI-distributed (1 ranks)
[iter 0179] start 11:54:48 (20q, 2951 Pauli terms, 160 params)
Iter 0179/1280 | E: -118.620454 | Δ: 7.55e-02 | M: 552739.2760 | iter= 15.51s | ETA: 4h45m | Path: GPU-cuStateVec+cpu-expect MPI-distributed (1 ranks)
[iter 0180] start 11:55:04 (20q, 2951 Pauli terms, 160 params)
Iter 0180/1280 | E: -118.743310 | Δ: 1.23e-01 | M: 530059.0298 | iter= 15.56s | ETA: 4h45m | Path: GPU-cuStateVec+cpu-expect MPI-distributed (1 ranks)
[RESILIENCE] Iteration 180: Global theta state checkpointed at path checkpoints/N2/checkpoint_iter_0180.npy. 
[iter 0181] start 11:55:19 (20q, 2951 Pauli terms, 160 params)
Iter 0181/1280 | E: -118.712784 | Δ: 3.05e-02 | M: 559371.6392 | iter= 15.57s | ETA: 4h45m | Path: GPU-cuStateVec+cpu-expect MPI-distributed (1 ranks)
[iter 0182] start 11:55:35 (20q, 2951 Pauli terms, 160 params)
Iter 0182/1280 | E: -118.733133 | Δ: 2.03e-02 | M: 554821.0102 | iter= 15.55s | ETA: 4h44m | Path: GPU-cuStateVec+cpu-expect MPI-distributed (1 ranks)
[iter 0183] start 11:55:50 (20q, 2951 Pauli terms, 160 params)
Iter 0183/1280 | E: -118.708595 | Δ: 2.45e-02 | M: 540282.0181 | iter= 15.56s | ETA: 4h44m | Path: GPU-cuStateVec+cpu-expect MPI-distributed (1 ranks)
[iter 0184] start 11:56:06 (20q, 2951 Pauli terms, 160 params)
Iter 0184/1280 | E: -118.764664 | Δ: 5.61e-02 | M: 541290.5901 | iter= 15.58s | ETA: 4h44m | Path: GPU-cuStateVec+cpu-expect MPI-distributed (1 ranks)
[iter 0185] start 11:56:22 (20q, 2951 Pauli terms, 160 params)
Iter 0185/1280 | E: -118.794402 | Δ: 2.97e-02 | M: 539153.1941 | iter= 15.55s | ETA: 4h44m | Path: GPU-cuStateVec+cpu-expect MPI-distributed (1 ranks)
[RESILIENCE] Iteration 185: Global theta state checkpointed at path checkpoints/N2/checkpoint_iter_0185.npy. 
[iter 0186] start 11:56:37 (20q, 2951 Pauli terms, 160 params)
Iter 0186/1280 | E: -118.689028 | Δ: 1.05e-01 | M: 544454.9887 | iter= 15.49s | ETA: 4h43m | Path: GPU-cuStateVec+cpu-expect MPI-distributed (1 ranks)
[iter 0187] start 11:56:53 (20q, 2951 Pauli terms, 160 params)
Iter 0187/1280 | E: -118.763941 | Δ: 7.49e-02 | M: 537948.3216 | iter= 15.51s | ETA: 4h43m | Path: GPU-cuStateVec+cpu-expect MPI-distributed (1 ranks)
[iter 0188] start 11:57:08 (20q, 2951 Pauli terms, 160 params)
Iter 0188/1280 | E: -118.797193 | Δ: 3.33e-02 | M: 562784.2476 | iter= 15.57s | ETA: 4h42m | Path: GPU-cuStateVec+cpu-expect MPI-distributed (1 ranks)
[iter 0189] start 11:57:24 (20q, 2951 Pauli terms, 160 params)
Iter 0189/1280 | E: -118.827795 | Δ: 3.06e-02 | M: 515486.1000 | iter= 15.54s | ETA: 4h42m | Path: GPU-cuStateVec+cpu-expect MPI-distributed (1 ranks)
[iter 0190] start 11:57:39 (20q, 2951 Pauli terms, 160 params)
Iter 0190/1280 | E: -118.840504 | Δ: 1.27e-02 | M: 547951.4424 | iter= 15.54s | ETA: 4h42m | Path: GPU-cuStateVec+cpu-expect MPI-distributed (1 ranks)
[RESILIENCE] Iteration 190: Global theta state checkpointed at path checkpoints/N2/checkpoint_iter_0190.npy. 
[iter 0191] start 11:57:55 (20q, 2951 Pauli terms, 160 params)
Iter 0191/1280 | E: -118.757990 | Δ: 8.25e-02 | M: 539698.0953 | iter= 15.60s | ETA: 4h42m | Path: GPU-cuStateVec+cpu-expect MPI-distributed (1 ranks)
[iter 0192] start 11:58:10 (20q, 2951 Pauli terms, 160 params)
Iter 0192/1280 | E: -118.872685 | Δ: 1.15e-01 | M: 539817.2833 | iter= 15.52s | ETA: 4h41m | Path: GPU-cuStateVec+cpu-expect MPI-distributed (1 ranks)
[iter 0193] start 11:58:26 (20q, 2951 Pauli terms, 160 params)
Iter 0193/1280 | E: -118.793261 | Δ: 7.94e-02 | M: 526113.2196 | iter= 15.64s | ETA: 4h41m | Path: GPU-cuStateVec+cpu-expect MPI-distributed (1 ranks)
[iter 0194] start 11:58:42 (20q, 2951 Pauli terms, 160 params)
Iter 0194/1280 | E: -118.890631 | Δ: 9.74e-02 | M: 542019.8444 | iter= 15.59s | ETA: 4h42m | Path: GPU-cuStateVec+cpu-expect MPI-distributed (1 ranks)
[iter 0195] start 11:58:57 (20q, 2951 Pauli terms, 160 params)
Iter 0195/1280 | E: -118.883853 | Δ: 6.78e-03 | M: 525160.7073 | iter= 15.62s | ETA: 4h42m | Path: GPU-cuStateVec+cpu-expect MPI-distributed (1 ranks)
[RESILIENCE] Iteration 195: Global theta state checkpointed at path checkpoints/N2/checkpoint_iter_0195.npy. 
[iter 0196] start 11:59:13 (20q, 2951 Pauli terms, 160 params)
Iter 0196/1280 | E: -118.845204 | Δ: 3.86e-02 | M: 543869.5359 | iter= 15.47s | ETA: 4h41m | Path: GPU-cuStateVec+cpu-expect MPI-distributed (1 ranks)
[iter 0197] start 11:59:28 (20q, 2951 Pauli terms, 160 params)
Iter 0197/1280 | E: -118.840354 | Δ: 4.85e-03 | M: 545237.5694 | iter= 15.56s | ETA: 4h41m | Path: GPU-cuStateVec+cpu-expect MPI-distributed (1 ranks)
[iter 0198] start 11:59:44 (20q, 2951 Pauli terms, 160 params)
Iter 0198/1280 | E: -118.814203 | Δ: 2.62e-02 | M: 568399.4017 | iter= 15.51s | ETA: 4h40m | Path: GPU-cuStateVec+cpu-expect MPI-distributed (1 ranks)
[iter 0199] start 11:59:59 (20q, 2951 Pauli terms, 160 params)
Iter 0199/1280 | E: -118.903905 | Δ: 8.97e-02 | M: 558240.8473 | iter= 15.53s | ETA: 4h39m | Path: GPU-cuStateVec+cpu-expect MPI-distributed (1 ranks)
[iter 0200] start 12:00:15 (20q, 2951 Pauli terms, 160 params)
Iter 0200/1280 | E: -118.812856 | Δ: 9.10e-02 | M: 530543.3422 | iter= 15.56s | ETA: 4h39m | Path: GPU-cuStateVec+cpu-expect MPI-distributed (1 ranks)
[RESILIENCE] Iteration 200: Global theta state checkpointed at path checkpoints/N2/checkpoint_iter_0200.npy. 
[iter 0201] start 12:00:30 (20q, 2951 Pauli terms, 160 params)
Iter 0201/1280 | E: -118.889456 | Δ: 7.66e-02 | M: 537559.0260 | iter= 15.62s | ETA: 4h39m | Path: GPU-cuStateVec+cpu-expect MPI-distributed (1 ranks)
[iter 0202] start 12:00:46 (20q, 2951 Pauli terms, 160 params)
Iter 0202/1280 | E: -118.868218 | Δ: 2.12e-02 | M: 547027.5924 | iter= 15.64s | ETA: 4h39m | Path: GPU-cuStateVec+cpu-expect MPI-distributed (1 ranks)
[iter 0203] start 12:01:02 (20q, 2951 Pauli terms, 160 params)
Iter 0203/1280 | E: -118.940483 | Δ: 7.23e-02 | M: 536601.9204 | iter= 15.59s | ETA: 4h39m | Path: GPU-cuStateVec+cpu-expect MPI-distributed (1 ranks)
[iter 0204] start 12:01:17 (20q, 2951 Pauli terms, 160 params)
Iter 0204/1280 | E: -118.968766 | Δ: 2.83e-02 | M: 540587.0839 | iter= 15.59s | ETA: 4h39m | Path: GPU-cuStateVec+cpu-expect MPI-distributed (1 ranks)
[iter 0205] start 12:01:33 (20q, 2951 Pauli terms, 160 params)
Iter 0205/1280 | E: -119.006206 | Δ: 3.74e-02 | M: 558044.9656 | iter= 15.63s | ETA: 4h39m | Path: GPU-cuStateVec+cpu-expect MPI-distributed (1 ranks)
[RESILIENCE] Iteration 205: Global theta state checkpointed at path checkpoints/N2/checkpoint_iter_0205.npy. 
[iter 0206] start 12:01:48 (20q, 2951 Pauli terms, 160 params)
Iter 0206/1280 | E: -118.924461 | Δ: 8.17e-02 | M: 544670.2129 | iter= 15.59s | ETA: 4h39m | Path: GPU-cuStateVec+cpu-expect MPI-distributed (1 ranks)
[iter 0207] start 12:02:04 (20q, 2951 Pauli terms, 160 params)
Iter 0207/1280 | E: -118.899551 | Δ: 2.49e-02 | M: 555010.6684 | iter= 15.61s | ETA: 4h38m | Path: GPU-cuStateVec+cpu-expect MPI-distributed (1 ranks)
[iter 0208] start 12:02:20 (20q, 2951 Pauli terms, 160 params)
Iter 0208/1280 | E: -118.891161 | Δ: 8.39e-03 | M: 553387.3933 | iter= 15.59s | ETA: 4h38m | Path: GPU-cuStateVec+cpu-expect MPI-distributed (1 ranks)
[iter 0209] start 12:02:35 (20q, 2951 Pauli terms, 160 params)
Iter 0209/1280 | E: -118.950934 | Δ: 5.98e-02 | M: 565967.1429 | iter= 15.50s | ETA: 4h38m | Path: GPU-cuStateVec+cpu-expect MPI-distributed (1 ranks)
[iter 0210] start 12:02:51 (20q, 2951 Pauli terms, 160 params)
Iter 0210/1280 | E: -118.907494 | Δ: 4.34e-02 | M: 530040.8601 | iter= 15.50s | ETA: 4h37m | Path: GPU-cuStateVec+cpu-expect MPI-distributed (1 ranks)
[RESILIENCE] Iteration 210: Global theta state checkpointed at path checkpoints/N2/checkpoint_iter_0210.npy. 
[iter 0211] start 12:03:06 (20q, 2951 Pauli terms, 160 params)
Iter 0211/1280 | E: -118.944221 | Δ: 3.67e-02 | M: 556452.6475 | iter= 15.61s | ETA: 4h37m | Path: GPU-cuStateVec+cpu-expect MPI-distributed (1 ranks)
[iter 0212] start 12:03:22 (20q, 2951 Pauli terms, 160 params)
Iter 0212/1280 | E: -118.917697 | Δ: 2.65e-02 | M: 544914.3340 | iter= 15.54s | ETA: 4h36m | Path: GPU-cuStateVec+cpu-expect MPI-distributed (1 ranks)
[iter 0213] start 12:03:37 (20q, 2951 Pauli terms, 160 params)
Iter 0213/1280 | E: -119.026515 | Δ: 1.09e-01 | M: 543941.0529 | iter= 15.63s | ETA: 4h36m | Path: GPU-cuStateVec+cpu-expect MPI-distributed (1 ranks)
[iter 0214] start 12:03:53 (20q, 2951 Pauli terms, 160 params)
Iter 0214/1280 | E: -118.979699 | Δ: 4.68e-02 | M: 549298.6434 | iter= 15.56s | ETA: 4h36m | Path: GPU-cuStateVec+cpu-expect MPI-distributed (1 ranks)
[iter 0215] start 12:04:09 (20q, 2951 Pauli terms, 160 params)
Iter 0215/1280 | E: -118.998802 | Δ: 1.91e-02 | M: 537320.8743 | iter= 15.53s | ETA: 4h36m | Path: GPU-cuStateVec+cpu-expect MPI-distributed (1 ranks)
[RESILIENCE] Iteration 215: Global theta state checkpointed at path checkpoints/N2/checkpoint_iter_0215.npy. 
[iter 0216] start 12:04:24 (20q, 2951 Pauli terms, 160 params)
Iter 0216/1280 | E: -119.007097 | Δ: 8.30e-03 | M: 543939.5353 | iter= 15.58s | ETA: 4h36m | Path: GPU-cuStateVec+cpu-expect MPI-distributed (1 ranks)
[iter 0217] start 12:04:40 (20q, 2951 Pauli terms, 160 params)
Iter 0217/1280 | E: -119.005000 | Δ: 2.10e-03 | M: 534606.5188 | iter= 15.51s | ETA: 4h35m | Path: GPU-cuStateVec+cpu-expect MPI-distributed (1 ranks)
[iter 0218] start 12:04:55 (20q, 2951 Pauli terms, 160 params)
Iter 0218/1280 | E: -118.965579 | Δ: 3.94e-02 | M: 561322.4660 | iter= 15.57s | ETA: 4h35m | Path: GPU-cuStateVec+cpu-expect MPI-distributed (1 ranks)
[iter 0219] start 12:05:11 (20q, 2951 Pauli terms, 160 params)
Iter 0219/1280 | E: -118.907554 | Δ: 5.80e-02 | M: 538616.0772 | iter= 15.58s | ETA: 4h35m | Path: GPU-cuStateVec+cpu-expect MPI-distributed (1 ranks)
[iter 0220] start 12:05:26 (20q, 2951 Pauli terms, 160 params)
Iter 0220/1280 | E: -118.939037 | Δ: 3.15e-02 | M: 530029.2107 | iter= 15.51s | ETA: 4h35m | Path: GPU-cuStateVec+cpu-expect MPI-distributed (1 ranks)
[RESILIENCE] Iteration 220: Global theta state checkpointed at path checkpoints/N2/checkpoint_iter_0220.npy. 
[iter 0221] start 12:05:42 (20q, 2951 Pauli terms, 160 params)
Iter 0221/1280 | E: -119.063336 | Δ: 1.24e-01 | M: 563467.9273 | iter= 15.60s | ETA: 4h34m | Path: GPU-cuStateVec+cpu-expect MPI-distributed (1 ranks)
[iter 0222] start 12:05:58 (20q, 2951 Pauli terms, 160 params)
Iter 0222/1280 | E: -119.001996 | Δ: 6.13e-02 | M: 522656.3442 | iter= 15.53s | ETA: 4h34m | Path: GPU-cuStateVec+cpu-expect MPI-distributed (1 ranks)
[iter 0223] start 12:06:13 (20q, 2951 Pauli terms, 160 params)
Iter 0223/1280 | E: -119.024346 | Δ: 2.24e-02 | M: 555348.6851 | iter= 15.59s | ETA: 4h34m | Path: GPU-cuStateVec+cpu-expect MPI-distributed (1 ranks)
[iter 0224] start 12:06:29 (20q, 2951 Pauli terms, 160 params)
Iter 0224/1280 | E: -118.950643 | Δ: 7.37e-02 | M: 569756.5334 | iter= 15.58s | ETA: 4h34m | Path: GPU-cuStateVec+cpu-expect MPI-distributed (1 ranks)
[iter 0225] start 12:06:44 (20q, 2951 Pauli terms, 160 params)
Iter 0225/1280 | E: -119.059100 | Δ: 1.08e-01 | M: 549178.7357 | iter= 15.55s | ETA: 4h34m | Path: GPU-cuStateVec+cpu-expect MPI-distributed (1 ranks)
[RESILIENCE] Iteration 225: Global theta state checkpointed at path checkpoints/N2/checkpoint_iter_0225.npy. 
[iter 0226] start 12:07:00 (20q, 2951 Pauli terms, 160 params)
Iter 0226/1280 | E: -118.998400 | Δ: 6.07e-02 | M: 529282.9459 | iter= 15.61s | ETA: 4h33m | Path: GPU-cuStateVec+cpu-expect MPI-distributed (1 ranks)
[iter 0227] start 12:07:15 (20q, 2951 Pauli terms, 160 params)
Iter 0227/1280 | E: -119.017034 | Δ: 1.86e-02 | M: 553741.8828 | iter= 15.58s | ETA: 4h33m | Path: GPU-cuStateVec+cpu-expect MPI-distributed (1 ranks)
[iter 0228] start 12:07:31 (20q, 2951 Pauli terms, 160 params)
Iter 0228/1280 | E: -119.031677 | Δ: 1.46e-02 | M: 531289.7925 | iter= 15.57s | ETA: 4h33m | Path: GPU-cuStateVec+cpu-expect MPI-distributed (1 ranks)
[iter 0229] start 12:07:47 (20q, 2951 Pauli terms, 160 params)
Iter 0229/1280 | E: -118.963400 | Δ: 6.83e-02 | M: 549828.1018 | iter= 15.56s | ETA: 4h32m | Path: GPU-cuStateVec+cpu-expect MPI-distributed (1 ranks)
[iter 0230] start 12:08:02 (20q, 2951 Pauli terms, 160 params)
Iter 0230/1280 | E: -119.073799 | Δ: 1.10e-01 | M: 568046.2818 | iter= 15.57s | ETA: 4h32m | Path: GPU-cuStateVec+cpu-expect MPI-distributed (1 ranks)
[RESILIENCE] Iteration 230: Global theta state checkpointed at path checkpoints/N2/checkpoint_iter_0230.npy. 
[iter 0231] start 12:08:18 (20q, 2951 Pauli terms, 160 params)
Iter 0231/1280 | E: -119.028109 | Δ: 4.57e-02 | M: 543391.2545 | iter= 15.63s | ETA: 4h32m | Path: GPU-cuStateVec+cpu-expect MPI-distributed (1 ranks)
[iter 0232] start 12:08:33 (20q, 2951 Pauli terms, 160 params)
Iter 0232/1280 | E: -119.106801 | Δ: 7.87e-02 | M: 559355.6935 | iter= 15.57s | ETA: 4h31m | Path: GPU-cuStateVec+cpu-expect MPI-distributed (1 ranks)
[iter 0233] start 12:08:49 (20q, 2951 Pauli terms, 160 params)
Iter 0233/1280 | E: -119.036264 | Δ: 7.05e-02 | M: 549613.1952 | iter= 15.62s | ETA: 4h31m | Path: GPU-cuStateVec+cpu-expect MPI-distributed (1 ranks)
[iter 0234] start 12:09:04 (20q, 2951 Pauli terms, 160 params)
Iter 0234/1280 | E: -119.101778 | Δ: 6.55e-02 | M: 526541.8942 | iter= 15.60s | ETA: 4h31m | Path: GPU-cuStateVec+cpu-expect MPI-distributed (1 ranks)
[iter 0235] start 12:09:20 (20q, 2951 Pauli terms, 160 params)
Iter 0235/1280 | E: -119.042188 | Δ: 5.96e-02 | M: 552281.8815 | iter= 15.57s | ETA: 4h31m | Path: GPU-cuStateVec+cpu-expect MPI-distributed (1 ranks)
[RESILIENCE] Iteration 235: Global theta state checkpointed at path checkpoints/N2/checkpoint_iter_0235.npy. 
[iter 0236] start 12:09:36 (20q, 2951 Pauli terms, 160 params)
Iter 0236/1280 | E: -119.055119 | Δ: 1.29e-02 | M: 545638.8257 | iter= 15.61s | ETA: 4h31m | Path: GPU-cuStateVec+cpu-expect MPI-distributed (1 ranks)
[iter 0237] start 12:09:51 (20q, 2951 Pauli terms, 160 params)
Iter 0237/1280 | E: -119.003737 | Δ: 5.14e-02 | M: 556857.2438 | iter= 15.61s | ETA: 4h31m | Path: GPU-cuStateVec+cpu-expect MPI-distributed (1 ranks)
[iter 0238] start 12:10:07 (20q, 2951 Pauli terms, 160 params)
Iter 0238/1280 | E: -119.119332 | Δ: 1.16e-01 | M: 553174.1719 | iter= 15.58s | ETA: 4h30m | Path: GPU-cuStateVec+cpu-expect MPI-distributed (1 ranks)
[iter 0239] start 12:10:22 (20q, 2951 Pauli terms, 160 params)
Iter 0239/1280 | E: -119.059203 | Δ: 6.01e-02 | M: 547452.1181 | iter= 15.61s | ETA: 4h30m | Path: GPU-cuStateVec+cpu-expect MPI-distributed (1 ranks)
[iter 0240] start 12:10:38 (20q, 2951 Pauli terms, 160 params)
Iter 0240/1280 | E: -119.110762 | Δ: 5.16e-02 | M: 572765.8830 | iter= 15.65s | ETA: 4h30m | Path: GPU-cuStateVec+cpu-expect MPI-distributed (1 ranks)
[RESILIENCE] Iteration 240: Global theta state checkpointed at path checkpoints/N2/checkpoint_iter_0240.npy. 
[iter 0241] start 12:10:54 (20q, 2951 Pauli terms, 160 params)
Iter 0241/1280 | E: -119.109682 | Δ: 1.08e-03 | M: 545506.4806 | iter= 15.61s | ETA: 4h30m | Path: GPU-cuStateVec+cpu-expect MPI-distributed (1 ranks)
[iter 0242] start 12:11:09 (20q, 2951 Pauli terms, 160 params)
Iter 0242/1280 | E: -119.076055 | Δ: 3.36e-02 | M: 528883.5521 | iter= 15.67s | ETA: 4h30m | Path: GPU-cuStateVec+cpu-expect MPI-distributed (1 ranks)
[iter 0243] start 12:11:25 (20q, 2951 Pauli terms, 160 params)
Iter 0243/1280 | E: -119.143926 | Δ: 6.79e-02 | M: 528605.1658 | iter= 15.55s | ETA: 4h29m | Path: GPU-cuStateVec+cpu-expect MPI-distributed (1 ranks)
[iter 0244] start 12:11:41 (20q, 2951 Pauli terms, 160 params)
