
==========
== CUDA ==
==========

CUDA Version 12.6.3

Container image Copyright (c) 2016-2023, NVIDIA CORPORATION & AFFILIATES. All rights reserved.

This container image and its contents are governed by the NVIDIA Deep Learning Container License.
By pulling and using the container, you accept the terms and conditions of this license:
https://developer.nvidia.com/ngc/nvidia-deep-learning-container-license

A copy of this license is made available in this container at /NGC-DL-CONTAINER-LICENSE for your convenience.

hpc_core and interface imported.
[    0.00s] Log started
[Config] GPU=requested
[Config] Molecules: ['H2', 'LiH', 'BeH2', 'H2O']
[Config] Resolver: max_qubits=20, cache=.pubchem_cache/
hpc_core and interface imported.
[    0.00s] Log started
[Config] GPU=requested
[Config] Molecules: ['H2', 'LiH', 'BeH2', 'H2O']
[Config] Resolver: max_qubits=20, cache=.pubchem_cache/
hpc_core and interface imported.
[    0.00s] Log started
[Config] GPU=requested
[Config] Molecules: ['H2', 'LiH', 'BeH2', 'H2O']
[Config] Resolver: max_qubits=20, cache=.pubchem_cache/
hpc_core and interface imported.
[    0.00s] Log started
[Config] GPU=requested
[Config] Molecules: ['H2', 'LiH', 'BeH2', 'H2O']
[Config] Resolver: max_qubits=20, cache=.pubchem_cache/
[Resolver] 'H2' found in local registry 
[Resolver] 'H2' found in local registry 
[Resolver] 'H2' found in local registry 
[Stack] GPU statevector (cuStateVec) available
[Stack]  Initialized 4 MPI rank(s), GPU=enabled, SV_backend=GPU (cuStateVec), backend='simulator'


--- RUNNING CHEMISTRY TASK H2 ---
[Resolver] 'H2' found in local registry 
[Chemistry:H2] 15 Pauli terms, 4 qubits, 24 params, reps=1. FCI reference: -1.1373 Ha 
[Ansatz] HWE (adaptive) (auto) | corr_score=0.342 | off_diag_ratio=0.056
[Reason] score=0.342 in [0.25, 0.55). Moderate correlation (off_diag_ratio=0.056, zz_frac=0.667). Adaptive HWE with full entanglement recommended.
[Chemistry:H2] 15 Pauli terms, 4 qubits, 24 params, reps=1. FCI reference: -1.1373 Ha 
[Ansatz] HWE (adaptive) (auto) | corr_score=0.342 | off_diag_ratio=0.056
[Reason] score=0.342 in [0.25, 0.55). Moderate correlation (off_diag_ratio=0.056, zz_frac=0.667). Adaptive HWE with full entanglement recommended.
[Chemistry:H2] 15 Pauli terms, 4 qubits, 24 params, reps=1. FCI reference: -1.1373 Ha 
[Ansatz] HWE (adaptive) (auto) | corr_score=0.342 | off_diag_ratio=0.056
[Reason] score=0.342 in [0.25, 0.55). Moderate correlation (off_diag_ratio=0.056, zz_frac=0.667). Adaptive HWE with full entanglement recommended.
[Chemistry:H2] 15 Pauli terms, 4 qubits, 24 params, reps=1. FCI reference: -1.1373 Ha 
[Ansatz] HWE (adaptive) (auto) | corr_score=0.342 | off_diag_ratio=0.056
[Reason] score=0.342 in [0.25, 0.55). Moderate correlation (off_diag_ratio=0.056, zz_frac=0.667). Adaptive HWE with full entanglement recommended.
/usr/local/lib/python3.11/dist-packages/samplomatic/__init__.py:20: UserWarning: 
You have imported samplomatic==0.17.1 which is in 
beta development. Please expect breaking changes between 
minor versions and pin your dependencies accordingly.
  _warn_once_per_version(
Iter 0001 | Energy: -0.415769 | Delta: inf | M: 598.7394 | Path: GPU-cuStateVec MPI-distributed (4 ranks)
Iter 0002 | Energy: -0.414238 | Delta: 1.53e-03 | M: 71.6227 | Path: GPU-cuStateVec MPI-distributed (4 ranks)
Iter 0003 | Energy: -0.414237 | Delta: 1.17e-06 | M: 75.4049 | Path: GPU-cuStateVec MPI-distributed (4 ranks)
Iter 0004 | Energy: -0.404982 | Delta: 9.25e-03 | M: 37.6304 | Path: GPU-cuStateVec MPI-distributed (4 ranks)
Iter 0005 | Energy: -0.411638 | Delta: 6.66e-03 | M: 33.0618 | Path: GPU-cuStateVec MPI-distributed (4 ranks)
[RESILIENCE] Iteration 5: Global theta state checkpointed at path checkpoints/H2/checkpoint_iter_0005.npy. 
Iter 0006 | Energy: -0.410751 | Delta: 8.88e-04 | M: 43.7712 | Path: GPU-cuStateVec MPI-distributed (4 ranks)
Iter 0007 | Energy: -0.410402 | Delta: 3.48e-04 | M: 46.8345 | Path: GPU-cuStateVec MPI-distributed (4 ranks)
Iter 0008 | Energy: -0.411980 | Delta: 1.58e-03 | M: 58.4672 | Path: GPU-cuStateVec MPI-distributed (4 ranks)
Iter 0009 | Energy: -0.411343 | Delta: 6.37e-04 | M: 51.2785 | Path: GPU-cuStateVec MPI-distributed (4 ranks)
Iter 0010 | Energy: -0.413588 | Delta: 2.25e-03 | M: 35.5192 | Path: GPU-cuStateVec MPI-distributed (4 ranks)
[RESILIENCE] Iteration 10: Global theta state checkpointed at path checkpoints/H2/checkpoint_iter_0010.npy. 
Iter 0011 | Energy: -0.408617 | Delta: 4.97e-03 | M: 45.6414 | Path: GPU-cuStateVec MPI-distributed (4 ranks)
Iter 0012 | Energy: -0.407999 | Delta: 6.18e-04 | M: 43.4633 | Path: GPU-cuStateVec MPI-distributed (4 ranks)
Iter 0013 | Energy: -0.413237 | Delta: 5.24e-03 | M: 31.3933 | Path: GPU-cuStateVec MPI-distributed (4 ranks)
Iter 0014 | Energy: -0.409132 | Delta: 4.10e-03 | M: 72.2746 | Path: GPU-cuStateVec MPI-distributed (4 ranks)
Iter 0015 | Energy: -0.415285 | Delta: 6.15e-03 | M: 37.5732 | Path: GPU-cuStateVec MPI-distributed (4 ranks)
[RESILIENCE] Iteration 15: Global theta state checkpointed at path checkpoints/H2/checkpoint_iter_0015.npy. 
Iter 0016 | Energy: -0.413150 | Delta: 2.13e-03 | M: 48.3013 | Path: GPU-cuStateVec MPI-distributed (4 ranks)
Iter 0017 | Energy: -0.410279 | Delta: 2.87e-03 | M: 38.4993 | Path: GPU-cuStateVec MPI-distributed (4 ranks)
Iter 0018 | Energy: -0.413731 | Delta: 3.45e-03 | M: 30.2191 | Path: GPU-cuStateVec MPI-distributed (4 ranks)
Iter 0019 | Energy: -0.415341 | Delta: 1.61e-03 | M: 49.6568 | Path: GPU-cuStateVec MPI-distributed (4 ranks)
Iter 0020 | Energy: -0.414812 | Delta: 5.28e-04 | M: 8.3209 | Path: GPU-cuStateVec MPI-distributed (4 ranks)
[RESILIENCE] Iteration 20: Global theta state checkpointed at path checkpoints/H2/checkpoint_iter_0020.npy. 
Iter 0021 | Energy: -0.415110 | Delta: 2.97e-04 | M: 54.0656 | Path: GPU-cuStateVec MPI-distributed (4 ranks)
Iter 0022 | Energy: -0.416220 | Delta: 1.11e-03 | M: 38.7149 | Path: GPU-cuStateVec MPI-distributed (4 ranks)
Iter 0023 | Energy: -0.415681 | Delta: 5.39e-04 | M: 36.2421 | Path: GPU-cuStateVec MPI-distributed (4 ranks)
Iter 0024 | Energy: -0.413188 | Delta: 2.49e-03 | M: 48.8178 | Path: GPU-cuStateVec MPI-distributed (4 ranks)
Iter 0025 | Energy: -0.413405 | Delta: 2.17e-04 | M: 54.2007 | Path: GPU-cuStateVec MPI-distributed (4 ranks)
[RESILIENCE] Iteration 25: Global theta state checkpointed at path checkpoints/H2/checkpoint_iter_0025.npy. 
Iter 0026 | Energy: -0.420886 | Delta: 7.48e-03 | M: 47.0426 | Path: GPU-cuStateVec MPI-distributed (4 ranks)
Iter 0027 | Energy: -0.421932 | Delta: 1.05e-03 | M: 34.0366 | Path: GPU-cuStateVec MPI-distributed (4 ranks)
Iter 0028 | Energy: -0.423704 | Delta: 1.77e-03 | M: 21.8842 | Path: GPU-cuStateVec MPI-distributed (4 ranks)
Iter 0029 | Energy: -0.423902 | Delta: 1.98e-04 | M: 26.9417 | Path: GPU-cuStateVec MPI-distributed (4 ranks)
Iter 0030 | Energy: -0.425555 | Delta: 1.65e-03 | M: 54.5458 | Path: GPU-cuStateVec MPI-distributed (4 ranks)
[RESILIENCE] Iteration 30: Global theta state checkpointed at path checkpoints/H2/checkpoint_iter_0030.npy. 
Iter 0031 | Energy: -0.426032 | Delta: 4.76e-04 | M: 38.6281 | Path: GPU-cuStateVec MPI-distributed (4 ranks)
Iter 0032 | Energy: -0.428081 | Delta: 2.05e-03 | M: 26.7477 | Path: GPU-cuStateVec MPI-distributed (4 ranks)
Iter 0033 | Energy: -0.426308 | Delta: 1.77e-03 | M: 35.4932 | Path: GPU-cuStateVec MPI-distributed (4 ranks)
Iter 0034 | Energy: -0.425536 | Delta: 7.72e-04 | M: 44.1712 | Path: GPU-cuStateVec MPI-distributed (4 ranks)
Iter 0035 | Energy: -0.432150 | Delta: 6.61e-03 | M: 95.9898 | Path: GPU-cuStateVec MPI-distributed (4 ranks)
[RESILIENCE] Iteration 35: Global theta state checkpointed at path checkpoints/H2/checkpoint_iter_0035.npy. 
Iter 0036 | Energy: -0.428034 | Delta: 4.12e-03 | M: 25.0051 | Path: GPU-cuStateVec MPI-distributed (4 ranks)
Iter 0037 | Energy: -0.426126 | Delta: 1.91e-03 | M: 54.8490 | Path: GPU-cuStateVec MPI-distributed (4 ranks)
Iter 0038 | Energy: -0.431975 | Delta: 5.85e-03 | M: 45.1729 | Path: GPU-cuStateVec MPI-distributed (4 ranks)
Iter 0039 | Energy: -0.432206 | Delta: 2.31e-04 | M: 21.6152 | Path: GPU-cuStateVec MPI-distributed (4 ranks)
Iter 0040 | Energy: -0.439498 | Delta: 7.29e-03 | M: 6564.0063 | Path: GPU-cuStateVec MPI-distributed (4 ranks)
[RESILIENCE] Iteration 40: Global theta state checkpointed at path checkpoints/H2/checkpoint_iter_0040.npy. 
Iter 0041 | Energy: -0.435992 | Delta: 3.51e-03 | M: 6666.5984 | Path: GPU-cuStateVec MPI-distributed (4 ranks)
Iter 0042 | Energy: -0.434088 | Delta: 1.90e-03 | M: 59.9061 | Path: GPU-cuStateVec MPI-distributed (4 ranks)
Iter 0043 | Energy: -0.436261 | Delta: 2.17e-03 | M: 43.8105 | Path: GPU-cuStateVec MPI-distributed (4 ranks)
Iter 0044 | Energy: -0.442139 | Delta: 5.88e-03 | M: 24.5327 | Path: GPU-cuStateVec MPI-distributed (4 ranks)
Iter 0045 | Energy: -0.443055 | Delta: 9.16e-04 | M: 77.3172 | Path: GPU-cuStateVec MPI-distributed (4 ranks)
[RESILIENCE] Iteration 45: Global theta state checkpointed at path checkpoints/H2/checkpoint_iter_0045.npy. 
Iter 0046 | Energy: -0.452456 | Delta: 9.40e-03 | M: 68.3544 | Path: GPU-cuStateVec MPI-distributed (4 ranks)
Iter 0047 | Energy: -0.450788 | Delta: 1.67e-03 | M: 7143.3627 | Path: GPU-cuStateVec MPI-distributed (4 ranks)
Iter 0048 | Energy: -0.446015 | Delta: 4.77e-03 | M: 58.7199 | Path: GPU-cuStateVec MPI-distributed (4 ranks)
Iter 0049 | Energy: -0.449972 | Delta: 3.96e-03 | M: 43.4206 | Path: GPU-cuStateVec MPI-distributed (4 ranks)
Iter 0050 | Energy: -0.461351 | Delta: 1.14e-02 | M: 46.9371 | Path: GPU-cuStateVec MPI-distributed (4 ranks)
[RESILIENCE] Iteration 50: Global theta state checkpointed at path checkpoints/H2/checkpoint_iter_0050.npy. 
Iter 0051 | Energy: -0.457401 | Delta: 3.95e-03 | M: 24.7184 | Path: GPU-cuStateVec MPI-distributed (4 ranks)
Iter 0052 | Energy: -0.458754 | Delta: 1.35e-03 | M: 24.2527 | Path: GPU-cuStateVec MPI-distributed (4 ranks)
Iter 0053 | Energy: -0.468033 | Delta: 9.28e-03 | M: 37.1056 | Path: GPU-cuStateVec MPI-distributed (4 ranks)
Iter 0054 | Energy: -0.464556 | Delta: 3.48e-03 | M: 67.3520 | Path: GPU-cuStateVec MPI-distributed (4 ranks)
Iter 0055 | Energy: -0.467731 | Delta: 3.18e-03 | M: 67.7692 | Path: GPU-cuStateVec MPI-distributed (4 ranks)
[RESILIENCE] Iteration 55: Global theta state checkpointed at path checkpoints/H2/checkpoint_iter_0055.npy. 
Iter 0056 | Energy: -0.474267 | Delta: 6.54e-03 | M: 92.5516 | Path: GPU-cuStateVec MPI-distributed (4 ranks)
Iter 0057 | Energy: -0.472280 | Delta: 1.99e-03 | M: 30.3547 | Path: GPU-cuStateVec MPI-distributed (4 ranks)
Iter 0058 | Energy: -0.480852 | Delta: 8.57e-03 | M: 62.6995 | Path: GPU-cuStateVec MPI-distributed (4 ranks)
Iter 0059 | Energy: -0.482216 | Delta: 1.36e-03 | M: 31.0150 | Path: GPU-cuStateVec MPI-distributed (4 ranks)
Iter 0060 | Energy: -0.490064 | Delta: 7.85e-03 | M: 49.3239 | Path: GPU-cuStateVec MPI-distributed (4 ranks)
[RESILIENCE] Iteration 60: Global theta state checkpointed at path checkpoints/H2/checkpoint_iter_0060.npy. 
Iter 0061 | Energy: -0.497491 | Delta: 7.43e-03 | M: 34.6555 | Path: GPU-cuStateVec MPI-distributed (4 ranks)
Iter 0062 | Energy: -0.500866 | Delta: 3.38e-03 | M: 115.7158 | Path: GPU-cuStateVec MPI-distributed (4 ranks)
Iter 0063 | Energy: -0.500269 | Delta: 5.97e-04 | M: 67.1810 | Path: GPU-cuStateVec MPI-distributed (4 ranks)
Iter 0064 | Energy: -0.503942 | Delta: 3.67e-03 | M: 30.3391 | Path: GPU-cuStateVec MPI-distributed (4 ranks)
Iter 0065 | Energy: -0.515819 | Delta: 1.19e-02 | M: 49.3354 | Path: GPU-cuStateVec MPI-distributed (4 ranks)
[RESILIENCE] Iteration 65: Global theta state checkpointed at path checkpoints/H2/checkpoint_iter_0065.npy. 
Iter 0066 | Energy: -0.515044 | Delta: 7.75e-04 | M: 34.5757 | Path: GPU-cuStateVec MPI-distributed (4 ranks)
Iter 0067 | Energy: -0.524634 | Delta: 9.59e-03 | M: 54.4607 | Path: GPU-cuStateVec MPI-distributed (4 ranks)
Iter 0068 | Energy: -0.526894 | Delta: 2.26e-03 | M: 53.8928 | Path: GPU-cuStateVec MPI-distributed (4 ranks)
Iter 0069 | Energy: -0.528178 | Delta: 1.28e-03 | M: 35.5538 | Path: GPU-cuStateVec MPI-distributed (4 ranks)
Iter 0070 | Energy: -0.533745 | Delta: 5.57e-03 | M: 75.5451 | Path: GPU-cuStateVec MPI-distributed (4 ranks)
[RESILIENCE] Iteration 70: Global theta state checkpointed at path checkpoints/H2/checkpoint_iter_0070.npy. 
Iter 0071 | Energy: -0.533760 | Delta: 1.50e-05 | M: 36.0439 | Path: GPU-cuStateVec MPI-distributed (4 ranks)
Iter 0072 | Energy: -0.540007 | Delta: 6.25e-03 | M: 68.2415 | Path: GPU-cuStateVec MPI-distributed (4 ranks)
Iter 0073 | Energy: -0.548012 | Delta: 8.01e-03 | M: 54.0828 | Path: GPU-cuStateVec MPI-distributed (4 ranks)
Iter 0074 | Energy: -0.550994 | Delta: 2.98e-03 | M: 40.6874 | Path: GPU-cuStateVec MPI-distributed (4 ranks)
Iter 0075 | Energy: -0.549733 | Delta: 1.26e-03 | M: 64.0997 | Path: GPU-cuStateVec MPI-distributed (4 ranks)
[RESILIENCE] Iteration 75: Global theta state checkpointed at path checkpoints/H2/checkpoint_iter_0075.npy. 
Iter 0076 | Energy: -0.548930 | Delta: 8.03e-04 | M: 58.9830 | Path: GPU-cuStateVec MPI-distributed (4 ranks)
Iter 0077 | Energy: -0.557313 | Delta: 8.38e-03 | M: 61.9777 | Path: GPU-cuStateVec MPI-distributed (4 ranks)
Iter 0078 | Energy: -0.570625 | Delta: 1.33e-02 | M: 281.2290 | Path: GPU-cuStateVec MPI-distributed (4 ranks)
Iter 0079 | Energy: -0.569273 | Delta: 1.35e-03 | M: 490.0064 | Path: GPU-cuStateVec MPI-distributed (4 ranks)
Iter 0080 | Energy: -0.570924 | Delta: 1.65e-03 | M: 107.9437 | Path: GPU-cuStateVec MPI-distributed (4 ranks)
[RESILIENCE] Iteration 80: Global theta state checkpointed at path checkpoints/H2/checkpoint_iter_0080.npy. 
Iter 0081 | Energy: -0.575249 | Delta: 4.33e-03 | M: 39.9819 | Path: GPU-cuStateVec MPI-distributed (4 ranks)
Iter 0082 | Energy: -0.574026 | Delta: 1.22e-03 | M: 59.1353 | Path: GPU-cuStateVec MPI-distributed (4 ranks)
Iter 0083 | Energy: -0.575847 | Delta: 1.82e-03 | M: 463.4097 | Path: GPU-cuStateVec MPI-distributed (4 ranks)
Iter 0084 | Energy: -0.583277 | Delta: 7.43e-03 | M: 87.2931 | Path: GPU-cuStateVec MPI-distributed (4 ranks)
Iter 0085 | Energy: -0.580814 | Delta: 2.46e-03 | M: 49.4802 | Path: GPU-cuStateVec MPI-distributed (4 ranks)
[RESILIENCE] Iteration 85: Global theta state checkpointed at path checkpoints/H2/checkpoint_iter_0085.npy. 
Iter 0086 | Energy: -0.589661 | Delta: 8.85e-03 | M: 56.4906 | Path: GPU-cuStateVec MPI-distributed (4 ranks)
Iter 0087 | Energy: -0.590972 | Delta: 1.31e-03 | M: 45.7465 | Path: GPU-cuStateVec MPI-distributed (4 ranks)
Iter 0088 | Energy: -0.591397 | Delta: 4.25e-04 | M: 40.6503 | Path: GPU-cuStateVec MPI-distributed (4 ranks)
Iter 0089 | Energy: -0.601083 | Delta: 9.69e-03 | M: 104.4777 | Path: GPU-cuStateVec MPI-distributed (4 ranks)
Iter 0090 | Energy: -0.607640 | Delta: 6.56e-03 | M: 1072.6357 | Path: GPU-cuStateVec MPI-distributed (4 ranks)
[RESILIENCE] Iteration 90: Global theta state checkpointed at path checkpoints/H2/checkpoint_iter_0090.npy. 
Iter 0091 | Energy: -0.605422 | Delta: 2.22e-03 | M: 61.3741 | Path: GPU-cuStateVec MPI-distributed (4 ranks)
Iter 0092 | Energy: -0.611042 | Delta: 5.62e-03 | M: 28.9137 | Path: GPU-cuStateVec MPI-distributed (4 ranks)
Iter 0093 | Energy: -0.624251 | Delta: 1.32e-02 | M: 31.1701 | Path: GPU-cuStateVec MPI-distributed (4 ranks)
Iter 0094 | Energy: -0.631851 | Delta: 7.60e-03 | M: 47.0185 | Path: GPU-cuStateVec MPI-distributed (4 ranks)
Iter 0095 | Energy: -0.643684 | Delta: 1.18e-02 | M: 85.1029 | Path: GPU-cuStateVec MPI-distributed (4 ranks)
[RESILIENCE] Iteration 95: Global theta state checkpointed at path checkpoints/H2/checkpoint_iter_0095.npy. 
Iter 0096 | Energy: -0.642758 | Delta: 9.26e-04 | M: 140.5306 | Path: GPU-cuStateVec MPI-distributed (4 ranks)
Iter 0097 | Energy: -0.652467 | Delta: 9.71e-03 | M: 56.0077 | Path: GPU-cuStateVec MPI-distributed (4 ranks)
Iter 0098 | Energy: -0.656976 | Delta: 4.51e-03 | M: 68.3401 | Path: GPU-cuStateVec MPI-distributed (4 ranks)
Iter 0099 | Energy: -0.674526 | Delta: 1.76e-02 | M: 62.3539 | Path: GPU-cuStateVec MPI-distributed (4 ranks)
Iter 0100 | Energy: -0.687939 | Delta: 1.34e-02 | M: 50.9263 | Path: GPU-cuStateVec MPI-distributed (4 ranks)
[RESILIENCE] Iteration 100: Global theta state checkpointed at path checkpoints/H2/checkpoint_iter_0100.npy. 
Iter 0101 | Energy: -0.683986 | Delta: 3.95e-03 | M: 105.7780 | Path: GPU-cuStateVec MPI-distributed (4 ranks)
Iter 0102 | Energy: -0.702453 | Delta: 1.85e-02 | M: 1004.2233 | Path: GPU-cuStateVec MPI-distributed (4 ranks)
Iter 0103 | Energy: -0.706883 | Delta: 4.43e-03 | M: 81.3238 | Path: GPU-cuStateVec MPI-distributed (4 ranks)
Iter 0104 | Energy: -0.709110 | Delta: 2.23e-03 | M: 36.7812 | Path: GPU-cuStateVec MPI-distributed (4 ranks)
Iter 0105 | Energy: -0.716880 | Delta: 7.77e-03 | M: 91.4031 | Path: GPU-cuStateVec MPI-distributed (4 ranks)
[RESILIENCE] Iteration 105: Global theta state checkpointed at path checkpoints/H2/checkpoint_iter_0105.npy. 
Iter 0106 | Energy: -0.717492 | Delta: 6.12e-04 | M: 204.1109 | Path: GPU-cuStateVec MPI-distributed (4 ranks)
Iter 0107 | Energy: -0.732452 | Delta: 1.50e-02 | M: 80.3682 | Path: GPU-cuStateVec MPI-distributed (4 ranks)
Iter 0108 | Energy: -0.734334 | Delta: 1.88e-03 | M: 40.4207 | Path: GPU-cuStateVec MPI-distributed (4 ranks)
Iter 0109 | Energy: -0.738640 | Delta: 4.31e-03 | M: 74.7918 | Path: GPU-cuStateVec MPI-distributed (4 ranks)
Iter 0110 | Energy: -0.749914 | Delta: 1.13e-02 | M: 86.9130 | Path: GPU-cuStateVec MPI-distributed (4 ranks)
[RESILIENCE] Iteration 110: Global theta state checkpointed at path checkpoints/H2/checkpoint_iter_0110.npy. 
Iter 0111 | Energy: -0.756341 | Delta: 6.43e-03 | M: 86.2493 | Path: GPU-cuStateVec MPI-distributed (4 ranks)
Iter 0112 | Energy: -0.774493 | Delta: 1.82e-02 | M: 156.9212 | Path: GPU-cuStateVec MPI-distributed (4 ranks)
Iter 0113 | Energy: -0.785837 | Delta: 1.13e-02 | M: 226.0197 | Path: GPU-cuStateVec MPI-distributed (4 ranks)
Iter 0114 | Energy: -0.793677 | Delta: 7.84e-03 | M: 46.2332 | Path: GPU-cuStateVec MPI-distributed (4 ranks)
Iter 0115 | Energy: -0.811167 | Delta: 1.75e-02 | M: 81.8619 | Path: GPU-cuStateVec MPI-distributed (4 ranks)
[RESILIENCE] Iteration 115: Global theta state checkpointed at path checkpoints/H2/checkpoint_iter_0115.npy. 
Iter 0116 | Energy: -0.814883 | Delta: 3.72e-03 | M: 31.8216 | Path: GPU-cuStateVec MPI-distributed (4 ranks)
Iter 0117 | Energy: -0.827185 | Delta: 1.23e-02 | M: 109.4416 | Path: GPU-cuStateVec MPI-distributed (4 ranks)
Iter 0118 | Energy: -0.826636 | Delta: 5.49e-04 | M: 116.3334 | Path: GPU-cuStateVec MPI-distributed (4 ranks)
Iter 0119 | Energy: -0.845874 | Delta: 1.92e-02 | M: 517.3217 | Path: GPU-cuStateVec MPI-distributed (4 ranks)
Iter 0120 | Energy: -0.852801 | Delta: 6.93e-03 | M: 63.8086 | Path: GPU-cuStateVec MPI-distributed (4 ranks)
[RESILIENCE] Iteration 120: Global theta state checkpointed at path checkpoints/H2/checkpoint_iter_0120.npy. 
Iter 0121 | Energy: -0.862108 | Delta: 9.31e-03 | M: 54.0010 | Path: GPU-cuStateVec MPI-distributed (4 ranks)
Iter 0122 | Energy: -0.865461 | Delta: 3.35e-03 | M: 361.7736 | Path: GPU-cuStateVec MPI-distributed (4 ranks)
Iter 0123 | Energy: -0.883316 | Delta: 1.79e-02 | M: 114.1904 | Path: GPU-cuStateVec MPI-distributed (4 ranks)
Iter 0124 | Energy: -0.884685 | Delta: 1.37e-03 | M: 65.3822 | Path: GPU-cuStateVec MPI-distributed (4 ranks)
Iter 0125 | Energy: -0.906774 | Delta: 2.21e-02 | M: 37.9232 | Path: GPU-cuStateVec MPI-distributed (4 ranks)
[RESILIENCE] Iteration 125: Global theta state checkpointed at path checkpoints/H2/checkpoint_iter_0125.npy. 
Iter 0126 | Energy: -0.907567 | Delta: 7.93e-04 | M: 504.9587 | Path: GPU-cuStateVec MPI-distributed (4 ranks)
Iter 0127 | Energy: -0.923621 | Delta: 1.61e-02 | M: 45.6506 | Path: GPU-cuStateVec MPI-distributed (4 ranks)
Iter 0128 | Energy: -0.918566 | Delta: 5.05e-03 | M: 46.2587 | Path: GPU-cuStateVec MPI-distributed (4 ranks)
Iter 0129 | Energy: -0.933789 | Delta: 1.52e-02 | M: 781.9302 | Path: GPU-cuStateVec MPI-distributed (4 ranks)
Iter 0130 | Energy: -0.932681 | Delta: 1.11e-03 | M: 8096.8418 | Path: GPU-cuStateVec MPI-distributed (4 ranks)
[RESILIENCE] Iteration 130: Global theta state checkpointed at path checkpoints/H2/checkpoint_iter_0130.npy. 
Iter 0131 | Energy: -0.939305 | Delta: 6.62e-03 | M: 5945.1563 | Path: GPU-cuStateVec MPI-distributed (4 ranks)
Iter 0132 | Energy: -0.952581 | Delta: 1.33e-02 | M: 4813.2085 | Path: GPU-cuStateVec MPI-distributed (4 ranks)
Iter 0133 | Energy: -0.956752 | Delta: 4.17e-03 | M: 104.3650 | Path: GPU-cuStateVec MPI-distributed (4 ranks)
Iter 0134 | Energy: -0.971182 | Delta: 1.44e-02 | M: 106.5890 | Path: GPU-cuStateVec MPI-distributed (4 ranks)
Iter 0135 | Energy: -0.976093 | Delta: 4.91e-03 | M: 281.5904 | Path: GPU-cuStateVec MPI-distributed (4 ranks)
[RESILIENCE] Iteration 135: Global theta state checkpointed at path checkpoints/H2/checkpoint_iter_0135.npy. 
Iter 0136 | Energy: -0.985136 | Delta: 9.04e-03 | M: 6010.0819 | Path: GPU-cuStateVec MPI-distributed (4 ranks)
Iter 0137 | Energy: -0.988102 | Delta: 2.97e-03 | M: 39.5095 | Path: GPU-cuStateVec MPI-distributed (4 ranks)
Iter 0138 | Energy: -1.007704 | Delta: 1.96e-02 | M: 5727.5186 | Path: GPU-cuStateVec MPI-distributed (4 ranks)
Iter 0139 | Energy: -1.013027 | Delta: 5.32e-03 | M: 6024.6654 | Path: GPU-cuStateVec MPI-distributed (4 ranks)
Iter 0140 | Energy: -1.029527 | Delta: 1.65e-02 | M: 6418.8915 | Path: GPU-cuStateVec MPI-distributed (4 ranks)
[RESILIENCE] Iteration 140: Global theta state checkpointed at path checkpoints/H2/checkpoint_iter_0140.npy. 
Iter 0141 | Energy: -1.039300 | Delta: 9.77e-03 | M: 128.7140 | Path: GPU-cuStateVec MPI-distributed (4 ranks)
Iter 0142 | Energy: -1.050669 | Delta: 1.14e-02 | M: 316.4736 | Path: GPU-cuStateVec MPI-distributed (4 ranks)
Iter 0143 | Energy: -1.060161 | Delta: 9.49e-03 | M: 90.8200 | Path: GPU-cuStateVec MPI-distributed (4 ranks)
Iter 0144 | Energy: -1.077972 | Delta: 1.78e-02 | M: 124.1768 | Path: GPU-cuStateVec MPI-distributed (4 ranks)
Iter 0145 | Energy: -1.081470 | Delta: 3.50e-03 | M: 336.3624 | Path: GPU-cuStateVec MPI-distributed (4 ranks)
[RESILIENCE] Iteration 145: Global theta state checkpointed at path checkpoints/H2/checkpoint_iter_0145.npy. 
Iter 0146 | Energy: -1.090674 | Delta: 9.20e-03 | M: 439.4679 | Path: GPU-cuStateVec MPI-distributed (4 ranks)
Iter 0147 | Energy: -1.103644 | Delta: 1.30e-02 | M: 8159.0673 | Path: GPU-cuStateVec MPI-distributed (4 ranks)
Iter 0148 | Energy: -1.123243 | Delta: 1.96e-02 | M: 5801.0705 | Path: GPU-cuStateVec MPI-distributed (4 ranks)
Iter 0149 | Energy: -1.137153 | Delta: 1.39e-02 | M: 394.3269 | Path: GPU-cuStateVec MPI-distributed (4 ranks)
NOTE: Energy -1.1505 crossed below FCI -1.1373 at iter 150 — HWE ansatz leaving physical sector (expected limitation)
Iter 0150 | Energy: -1.150469 | Delta: 1.33e-02 | M: 88.3064 | Path: GPU-cuStateVec MPI-distributed (4 ranks)
[RESILIENCE] Iteration 150: Global theta state checkpointed at path checkpoints/H2/checkpoint_iter_0150.npy. 
Iter 0151 | Energy: -1.143093 | Delta: 7.38e-03 | M: 338.5581 | Path: GPU-cuStateVec MPI-distributed (4 ranks)
Iter 0152 | Energy: -1.164865 | Delta: 2.18e-02 | M: 7.6735 | Path: GPU-cuStateVec MPI-distributed (4 ranks)
Iter 0153 | Energy: -1.176185 | Delta: 1.13e-02 | M: 99.9541 | Path: GPU-cuStateVec MPI-distributed (4 ranks)
Iter 0154 | Energy: -1.194438 | Delta: 1.83e-02 | M: 46.6909 | Path: GPU-cuStateVec MPI-distributed (4 ranks)
Iter 0155 | Energy: -1.188110 | Delta: 6.33e-03 | M: 38.4469 | Path: GPU-cuStateVec MPI-distributed (4 ranks)
[RESILIENCE] Iteration 155: Global theta state checkpointed at path checkpoints/H2/checkpoint_iter_0155.npy. 
Iter 0156 | Energy: -1.196242 | Delta: 8.13e-03 | M: 80.9285 | Path: GPU-cuStateVec MPI-distributed (4 ranks)
Iter 0157 | Energy: -1.203483 | Delta: 7.24e-03 | M: 41.7931 | Path: GPU-cuStateVec MPI-distributed (4 ranks)
Iter 0158 | Energy: -1.216629 | Delta: 1.31e-02 | M: 122.1993 | Path: GPU-cuStateVec MPI-distributed (4 ranks)
Iter 0159 | Energy: -1.232879 | Delta: 1.62e-02 | M: 95.6103 | Path: GPU-cuStateVec MPI-distributed (4 ranks)
Iter 0160 | Energy: -1.246408 | Delta: 1.35e-02 | M: 62.4741 | Path: GPU-cuStateVec MPI-distributed (4 ranks)
[RESILIENCE] Iteration 160: Global theta state checkpointed at path checkpoints/H2/checkpoint_iter_0160.npy. 
Iter 0161 | Energy: -1.245264 | Delta: 1.14e-03 | M: 178.3741 | Path: GPU-cuStateVec MPI-distributed (4 ranks)
Iter 0162 | Energy: -1.252229 | Delta: 6.97e-03 | M: 70.5503 | Path: GPU-cuStateVec MPI-distributed (4 ranks)
Iter 0163 | Energy: -1.252536 | Delta: 3.07e-04 | M: 2566.6065 | Path: GPU-cuStateVec MPI-distributed (4 ranks)
Iter 0164 | Energy: -1.257031 | Delta: 4.50e-03 | M: 6113.4735 | Path: GPU-cuStateVec MPI-distributed (4 ranks)
Iter 0165 | Energy: -1.261565 | Delta: 4.53e-03 | M: 420.5742 | Path: GPU-cuStateVec MPI-distributed (4 ranks)
[RESILIENCE] Iteration 165: Global theta state checkpointed at path checkpoints/H2/checkpoint_iter_0165.npy. 
Iter 0166 | Energy: -1.264501 | Delta: 2.94e-03 | M: 71.5459 | Path: GPU-cuStateVec MPI-distributed (4 ranks)
Iter 0167 | Energy: -1.284042 | Delta: 1.95e-02 | M: 47.6620 | Path: GPU-cuStateVec MPI-distributed (4 ranks)
Iter 0168 | Energy: -1.292514 | Delta: 8.47e-03 | M: 98.9543 | Path: GPU-cuStateVec MPI-distributed (4 ranks)
Iter 0169 | Energy: -1.304968 | Delta: 1.25e-02 | M: 204.2964 | Path: GPU-cuStateVec MPI-distributed (4 ranks)
Iter 0170 | Energy: -1.312048 | Delta: 7.08e-03 | M: 44.5331 | Path: GPU-cuStateVec MPI-distributed (4 ranks)
[RESILIENCE] Iteration 170: Global theta state checkpointed at path checkpoints/H2/checkpoint_iter_0170.npy. 
Iter 0171 | Energy: -1.325148 | Delta: 1.31e-02 | M: 59.0941 | Path: GPU-cuStateVec MPI-distributed (4 ranks)
Iter 0172 | Energy: -1.322627 | Delta: 2.52e-03 | M: 58.2712 | Path: GPU-cuStateVec MPI-distributed (4 ranks)
Iter 0173 | Energy: -1.338047 | Delta: 1.54e-02 | M: 51.8024 | Path: GPU-cuStateVec MPI-distributed (4 ranks)
Iter 0174 | Energy: -1.349696 | Delta: 1.16e-02 | M: 65.4566 | Path: GPU-cuStateVec MPI-distributed (4 ranks)
Iter 0175 | Energy: -1.350252 | Delta: 5.56e-04 | M: 90.9184 | Path: GPU-cuStateVec MPI-distributed (4 ranks)
[RESILIENCE] Iteration 175: Global theta state checkpointed at path checkpoints/H2/checkpoint_iter_0175.npy. 
Iter 0176 | Energy: -1.360269 | Delta: 1.00e-02 | M: 237.7929 | Path: GPU-cuStateVec MPI-distributed (4 ranks)
Iter 0177 | Energy: -1.376067 | Delta: 1.58e-02 | M: 550.7763 | Path: GPU-cuStateVec MPI-distributed (4 ranks)
Iter 0178 | Energy: -1.393075 | Delta: 1.70e-02 | M: 153.2242 | Path: GPU-cuStateVec MPI-distributed (4 ranks)
Iter 0179 | Energy: -1.398986 | Delta: 5.91e-03 | M: 61.5134 | Path: GPU-cuStateVec MPI-distributed (4 ranks)
Iter 0180 | Energy: -1.410395 | Delta: 1.14e-02 | M: 123.2457 | Path: GPU-cuStateVec MPI-distributed (4 ranks)
[RESILIENCE] Iteration 180: Global theta state checkpointed at path checkpoints/H2/checkpoint_iter_0180.npy. 
Iter 0181 | Energy: -1.428907 | Delta: 1.85e-02 | M: 182.0082 | Path: GPU-cuStateVec MPI-distributed (4 ranks)
Iter 0182 | Energy: -1.431473 | Delta: 2.57e-03 | M: 490.0275 | Path: GPU-cuStateVec MPI-distributed (4 ranks)
Iter 0183 | Energy: -1.440299 | Delta: 8.83e-03 | M: 176.0942 | Path: GPU-cuStateVec MPI-distributed (4 ranks)
Iter 0184 | Energy: -1.444169 | Delta: 3.87e-03 | M: 8039.1871 | Path: GPU-cuStateVec MPI-distributed (4 ranks)
Iter 0185 | Energy: -1.455166 | Delta: 1.10e-02 | M: 1158.3954 | Path: GPU-cuStateVec MPI-distributed (4 ranks)
[RESILIENCE] Iteration 185: Global theta state checkpointed at path checkpoints/H2/checkpoint_iter_0185.npy. 
Iter 0186 | Energy: -1.459344 | Delta: 4.18e-03 | M: 127.6896 | Path: GPU-cuStateVec MPI-distributed (4 ranks)
Iter 0187 | Energy: -1.459682 | Delta: 3.38e-04 | M: 58.4291 | Path: GPU-cuStateVec MPI-distributed (4 ranks)
Iter 0188 | Energy: -1.472817 | Delta: 1.31e-02 | M: 43.5958 | Path: GPU-cuStateVec MPI-distributed (4 ranks)
Iter 0189 | Energy: -1.479830 | Delta: 7.01e-03 | M: 133.0024 | Path: GPU-cuStateVec MPI-distributed (4 ranks)
Iter 0190 | Energy: -1.477121 | Delta: 2.71e-03 | M: 72.4398 | Path: GPU-cuStateVec MPI-distributed (4 ranks)
[RESILIENCE] Iteration 190: Global theta state checkpointed at path checkpoints/H2/checkpoint_iter_0190.npy. 
Iter 0191 | Energy: -1.486511 | Delta: 9.39e-03 | M: 39.1601 | Path: GPU-cuStateVec MPI-distributed (4 ranks)
Iter 0192 | Energy: -1.500004 | Delta: 1.35e-02 | M: 31.9906 | Path: GPU-cuStateVec MPI-distributed (4 ranks)
Iter 0193 | Energy: -1.504101 | Delta: 4.10e-03 | M: 36.4505 | Path: GPU-cuStateVec MPI-distributed (4 ranks)
Iter 0194 | Energy: -1.503086 | Delta: 1.01e-03 | M: 122.1054 | Path: GPU-cuStateVec MPI-distributed (4 ranks)
Iter 0195 | Energy: -1.515735 | Delta: 1.26e-02 | M: 139.1804 | Path: GPU-cuStateVec MPI-distributed (4 ranks)
[RESILIENCE] Iteration 195: Global theta state checkpointed at path checkpoints/H2/checkpoint_iter_0195.npy. 
Iter 0196 | Energy: -1.523943 | Delta: 8.21e-03 | M: 48.0895 | Path: GPU-cuStateVec MPI-distributed (4 ranks)
Iter 0197 | Energy: -1.531804 | Delta: 7.86e-03 | M: 44.8195 | Path: GPU-cuStateVec MPI-distributed (4 ranks)
Iter 0198 | Energy: -1.531041 | Delta: 7.63e-04 | M: 43.5031 | Path: GPU-cuStateVec MPI-distributed (4 ranks)
Iter 0199 | Energy: -1.545755 | Delta: 1.47e-02 | M: 60.4849 | Path: GPU-cuStateVec MPI-distributed (4 ranks)
Iter 0200 | Energy: -1.558169 | Delta: 1.24e-02 | M: 30.7097 | Path: GPU-cuStateVec MPI-distributed (4 ranks)
[RESILIENCE] Iteration 200: Global theta state checkpointed at path checkpoints/H2/checkpoint_iter_0200.npy. 
[VQE] Best physical energy: -1.137153 Ha (error: 0.0001 Ha) at iter 149
[VQE] Final energy -1.558169 is below FCI — reporting best physical result

[H2] Ansatz tier:hwe_adaptive
[H2] Corr score: 0.342 
[H2] Best physical energy: -1.137153 Ha 
[H2] Reference FCI : -1.137284 Ha 
[Resolver] 'LiH' found in local registry 
[Resolver] 'LiH' found in local registry 
[Resolver] 'LiH' found in local registry 
[H2] Absolute error: +0.0001 Ha 
[H2] Iterations run: 200 (best at iter 149)
[H2] Wall time: 39.62s (includes QPU queue + RTT) 
[H2] Time/iter: 0.20 s 
[H2] Source: registry 
[H2] Active electrons: 2 
[H2] Estimated qubits: 4 


--- RUNNING CHEMISTRY TASK LiH ---
[Resolver] 'LiH' found in local registry 
[Chemistry:LiH] 631 Pauli terms, 12 qubits, 96 params, reps=2. FCI reference: -7.8825 Ha 
[Ansatz] HWE (adaptive) (auto) | corr_score=0.502 | off_diag_ratio=0.007
[Reason] score=0.502 in [0.25, 0.55). Moderate correlation (off_diag_ratio=0.007, zz_frac=0.979). Adaptive HWE with full entanglement recommended.
[Chemistry:LiH] 631 Pauli terms, 12 qubits, 96 params, reps=2. FCI reference: -7.8825 Ha 
[Ansatz] HWE (adaptive) (auto) | corr_score=0.502 | off_diag_ratio=0.007
[Reason] score=0.502 in [0.25, 0.55). Moderate correlation (off_diag_ratio=0.007, zz_frac=0.979). Adaptive HWE with full entanglement recommended.
[Chemistry:LiH] 631 Pauli terms, 12 qubits, 96 params, reps=2. FCI reference: -7.8825 Ha 
[Ansatz] HWE (adaptive) (auto) | corr_score=0.502 | off_diag_ratio=0.007
[Reason] score=0.502 in [0.25, 0.55). Moderate correlation (off_diag_ratio=0.007, zz_frac=0.979). Adaptive HWE with full entanglement recommended.
[Chemistry:LiH] 631 Pauli terms, 12 qubits, 96 params, reps=2. FCI reference: -7.8825 Ha 
[Ansatz] HWE (adaptive) (auto) | corr_score=0.502 | off_diag_ratio=0.007
[Reason] score=0.502 in [0.25, 0.55). Moderate correlation (off_diag_ratio=0.007, zz_frac=0.979). Adaptive HWE with full entanglement recommended.
Iter 0001 | Energy: -0.446148 | Delta: inf | M: 130.4324 | Path: GPU-cuStateVec MPI-distributed (4 ranks)
Iter 0002 | Energy: -0.454823 | Delta: 8.67e-03 | M: 70.9862 | Path: GPU-cuStateVec MPI-distributed (4 ranks)
Iter 0003 | Energy: -0.412540 | Delta: 4.23e-02 | M: 72.4994 | Path: GPU-cuStateVec MPI-distributed (4 ranks)
Iter 0004 | Energy: -0.399932 | Delta: 1.26e-02 | M: 41.3828 | Path: GPU-cuStateVec MPI-distributed (4 ranks)
Iter 0005 | Energy: -0.415982 | Delta: 1.60e-02 | M: 43.4325 | Path: GPU-cuStateVec MPI-distributed (4 ranks)
[RESILIENCE] Iteration 5: Global theta state checkpointed at path checkpoints/LiH/checkpoint_iter_0005.npy. 
Iter 0006 | Energy: -0.413792 | Delta: 2.19e-03 | M: 38.0612 | Path: GPU-cuStateVec MPI-distributed (4 ranks)
Iter 0007 | Energy: -0.411301 | Delta: 2.49e-03 | M: 101.1306 | Path: GPU-cuStateVec MPI-distributed (4 ranks)
Iter 0008 | Energy: -0.411249 | Delta: 5.21e-05 | M: 37.2719 | Path: GPU-cuStateVec MPI-distributed (4 ranks)
Iter 0009 | Energy: -0.412543 | Delta: 1.29e-03 | M: 65.2389 | Path: GPU-cuStateVec MPI-distributed (4 ranks)
Iter 0010 | Energy: -0.404811 | Delta: 7.73e-03 | M: 69.0768 | Path: GPU-cuStateVec MPI-distributed (4 ranks)
[RESILIENCE] Iteration 10: Global theta state checkpointed at path checkpoints/LiH/checkpoint_iter_0010.npy. 
Iter 0011 | Energy: -0.403208 | Delta: 1.60e-03 | M: 63.6821 | Path: GPU-cuStateVec MPI-distributed (4 ranks)
Iter 0012 | Energy: -0.428774 | Delta: 2.56e-02 | M: 31.8720 | Path: GPU-cuStateVec MPI-distributed (4 ranks)
Iter 0013 | Energy: -0.406082 | Delta: 2.27e-02 | M: 130.1866 | Path: GPU-cuStateVec MPI-distributed (4 ranks)
Iter 0014 | Energy: -0.411147 | Delta: 5.06e-03 | M: 44.8769 | Path: GPU-cuStateVec MPI-distributed (4 ranks)
Iter 0015 | Energy: -0.406957 | Delta: 4.19e-03 | M: 49.9653 | Path: GPU-cuStateVec MPI-distributed (4 ranks)
[RESILIENCE] Iteration 15: Global theta state checkpointed at path checkpoints/LiH/checkpoint_iter_0015.npy. 
Iter 0016 | Energy: -0.412794 | Delta: 5.84e-03 | M: 58.6362 | Path: GPU-cuStateVec MPI-distributed (4 ranks)
Iter 0017 | Energy: -0.417260 | Delta: 4.47e-03 | M: 26.6907 | Path: GPU-cuStateVec MPI-distributed (4 ranks)
Iter 0018 | Energy: -0.450204 | Delta: 3.29e-02 | M: 70.5944 | Path: GPU-cuStateVec MPI-distributed (4 ranks)
Iter 0019 | Energy: -0.447903 | Delta: 2.30e-03 | M: 37.2052 | Path: GPU-cuStateVec MPI-distributed (4 ranks)
Iter 0020 | Energy: -0.427132 | Delta: 2.08e-02 | M: 60.2934 | Path: GPU-cuStateVec MPI-distributed (4 ranks)
[RESILIENCE] Iteration 20: Global theta state checkpointed at path checkpoints/LiH/checkpoint_iter_0020.npy. 
Iter 0021 | Energy: -0.441780 | Delta: 1.46e-02 | M: 66.4243 | Path: GPU-cuStateVec MPI-distributed (4 ranks)
Iter 0022 | Energy: -0.439151 | Delta: 2.63e-03 | M: 34.4450 | Path: GPU-cuStateVec MPI-distributed (4 ranks)
Iter 0023 | Energy: -0.454437 | Delta: 1.53e-02 | M: 25.5362 | Path: GPU-cuStateVec MPI-distributed (4 ranks)
Iter 0024 | Energy: -0.459132 | Delta: 4.70e-03 | M: 24.4034 | Path: GPU-cuStateVec MPI-distributed (4 ranks)
Iter 0025 | Energy: -0.450987 | Delta: 8.14e-03 | M: 69.6557 | Path: GPU-cuStateVec MPI-distributed (4 ranks)
[RESILIENCE] Iteration 25: Global theta state checkpointed at path checkpoints/LiH/checkpoint_iter_0025.npy. 
Iter 0026 | Energy: -0.458987 | Delta: 8.00e-03 | M: 61.4778 | Path: GPU-cuStateVec MPI-distributed (4 ranks)
Iter 0027 | Energy: -0.466759 | Delta: 7.77e-03 | M: 34.1222 | Path: GPU-cuStateVec MPI-distributed (4 ranks)
Iter 0028 | Energy: -0.457552 | Delta: 9.21e-03 | M: 41.3900 | Path: GPU-cuStateVec MPI-distributed (4 ranks)
Iter 0029 | Energy: -0.482201 | Delta: 2.46e-02 | M: 10072.2067 | Path: GPU-cuStateVec MPI-distributed (4 ranks)
Iter 0030 | Energy: -0.482023 | Delta: 1.78e-04 | M: 55.6249 | Path: GPU-cuStateVec MPI-distributed (4 ranks)
[RESILIENCE] Iteration 30: Global theta state checkpointed at path checkpoints/LiH/checkpoint_iter_0030.npy. 
Iter 0031 | Energy: -0.557966 | Delta: 7.59e-02 | M: 72.6196 | Path: GPU-cuStateVec MPI-distributed (4 ranks)
Iter 0032 | Energy: -0.587280 | Delta: 2.93e-02 | M: 21.7640 | Path: GPU-cuStateVec MPI-distributed (4 ranks)
Iter 0033 | Energy: -0.602909 | Delta: 1.56e-02 | M: 25.4511 | Path: GPU-cuStateVec MPI-distributed (4 ranks)
Iter 0034 | Energy: -0.604303 | Delta: 1.39e-03 | M: 27.1984 | Path: GPU-cuStateVec MPI-distributed (4 ranks)
Iter 0035 | Energy: -0.608470 | Delta: 4.17e-03 | M: 36.3720 | Path: GPU-cuStateVec MPI-distributed (4 ranks)
[RESILIENCE] Iteration 35: Global theta state checkpointed at path checkpoints/LiH/checkpoint_iter_0035.npy. 
Iter 0036 | Energy: -0.603876 | Delta: 4.59e-03 | M: 31.0052 | Path: GPU-cuStateVec MPI-distributed (4 ranks)
Iter 0037 | Energy: -0.598694 | Delta: 5.18e-03 | M: 51.4558 | Path: GPU-cuStateVec MPI-distributed (4 ranks)
Iter 0038 | Energy: -0.624113 | Delta: 2.54e-02 | M: 34.0998 | Path: GPU-cuStateVec MPI-distributed (4 ranks)
Iter 0039 | Energy: -0.664522 | Delta: 4.04e-02 | M: 27.3579 | Path: GPU-cuStateVec MPI-distributed (4 ranks)
Iter 0040 | Energy: -0.657312 | Delta: 7.21e-03 | M: 21.2865 | Path: GPU-cuStateVec MPI-distributed (4 ranks)
[RESILIENCE] Iteration 40: Global theta state checkpointed at path checkpoints/LiH/checkpoint_iter_0040.npy. 
Iter 0041 | Energy: -0.661108 | Delta: 3.80e-03 | M: 40.3979 | Path: GPU-cuStateVec MPI-distributed (4 ranks)
Iter 0042 | Energy: -0.665507 | Delta: 4.40e-03 | M: 23.6555 | Path: GPU-cuStateVec MPI-distributed (4 ranks)
Iter 0043 | Energy: -0.690731 | Delta: 2.52e-02 | M: 74.2115 | Path: GPU-cuStateVec MPI-distributed (4 ranks)
Iter 0044 | Energy: -0.703530 | Delta: 1.28e-02 | M: 38.1150 | Path: GPU-cuStateVec MPI-distributed (4 ranks)
Iter 0045 | Energy: -0.731756 | Delta: 2.82e-02 | M: 21.5216 | Path: GPU-cuStateVec MPI-distributed (4 ranks)
[RESILIENCE] Iteration 45: Global theta state checkpointed at path checkpoints/LiH/checkpoint_iter_0045.npy. 
Iter 0046 | Energy: -0.754687 | Delta: 2.29e-02 | M: 48.5421 | Path: GPU-cuStateVec MPI-distributed (4 ranks)
Iter 0047 | Energy: -0.777216 | Delta: 2.25e-02 | M: 30.3668 | Path: GPU-cuStateVec MPI-distributed (4 ranks)
Iter 0048 | Energy: -0.870031 | Delta: 9.28e-02 | M: 32.7990 | Path: GPU-cuStateVec MPI-distributed (4 ranks)
Iter 0049 | Energy: -0.893982 | Delta: 2.40e-02 | M: 30.4922 | Path: GPU-cuStateVec MPI-distributed (4 ranks)
Iter 0050 | Energy: -0.959624 | Delta: 6.56e-02 | M: 23.3466 | Path: GPU-cuStateVec MPI-distributed (4 ranks)
[RESILIENCE] Iteration 50: Global theta state checkpointed at path checkpoints/LiH/checkpoint_iter_0050.npy. 
Iter 0051 | Energy: -0.981075 | Delta: 2.15e-02 | M: 70.9940 | Path: GPU-cuStateVec MPI-distributed (4 ranks)
Iter 0052 | Energy: -0.979279 | Delta: 1.80e-03 | M: 47.7921 | Path: GPU-cuStateVec MPI-distributed (4 ranks)
Iter 0053 | Energy: -0.979249 | Delta: 2.99e-05 | M: 21.1278 | Path: GPU-cuStateVec MPI-distributed (4 ranks)
Iter 0054 | Energy: -0.984459 | Delta: 5.21e-03 | M: 30.2890 | Path: GPU-cuStateVec MPI-distributed (4 ranks)
Iter 0055 | Energy: -0.971795 | Delta: 1.27e-02 | M: 44.8094 | Path: GPU-cuStateVec MPI-distributed (4 ranks)
[RESILIENCE] Iteration 55: Global theta state checkpointed at path checkpoints/LiH/checkpoint_iter_0055.npy. 
Iter 0056 | Energy: -1.110052 | Delta: 1.38e-01 | M: 37.2426 | Path: GPU-cuStateVec MPI-distributed (4 ranks)
Iter 0057 | Energy: -1.129452 | Delta: 1.94e-02 | M: 23.0801 | Path: GPU-cuStateVec MPI-distributed (4 ranks)
Iter 0058 | Energy: -1.162319 | Delta: 3.29e-02 | M: 47.6277 | Path: GPU-cuStateVec MPI-distributed (4 ranks)
Iter 0059 | Energy: -1.183668 | Delta: 2.13e-02 | M: 132.6828 | Path: GPU-cuStateVec MPI-distributed (4 ranks)
Iter 0060 | Energy: -1.191993 | Delta: 8.33e-03 | M: 10039.5092 | Path: GPU-cuStateVec MPI-distributed (4 ranks)
[RESILIENCE] Iteration 60: Global theta state checkpointed at path checkpoints/LiH/checkpoint_iter_0060.npy. 
Iter 0061 | Energy: -1.205678 | Delta: 1.37e-02 | M: 65.6376 | Path: GPU-cuStateVec MPI-distributed (4 ranks)
Iter 0062 | Energy: -1.215614 | Delta: 9.94e-03 | M: 38.4848 | Path: GPU-cuStateVec MPI-distributed (4 ranks)
Iter 0063 | Energy: -1.225177 | Delta: 9.56e-03 | M: 34.2508 | Path: GPU-cuStateVec MPI-distributed (4 ranks)
Iter 0064 | Energy: -1.231903 | Delta: 6.73e-03 | M: 45.5962 | Path: GPU-cuStateVec MPI-distributed (4 ranks)
Iter 0065 | Energy: -1.232243 | Delta: 3.41e-04 | M: 53.4039 | Path: GPU-cuStateVec MPI-distributed (4 ranks)
[RESILIENCE] Iteration 65: Global theta state checkpointed at path checkpoints/LiH/checkpoint_iter_0065.npy. 
Iter 0066 | Energy: -1.257822 | Delta: 2.56e-02 | M: 8430.8640 | Path: GPU-cuStateVec MPI-distributed (4 ranks)
Iter 0067 | Energy: -1.329086 | Delta: 7.13e-02 | M: 166.5129 | Path: GPU-cuStateVec MPI-distributed (4 ranks)
Iter 0068 | Energy: -1.372991 | Delta: 4.39e-02 | M: 23.6184 | Path: GPU-cuStateVec MPI-distributed (4 ranks)
Iter 0069 | Energy: -1.380666 | Delta: 7.68e-03 | M: 48.2475 | Path: GPU-cuStateVec MPI-distributed (4 ranks)
Iter 0070 | Energy: -1.419720 | Delta: 3.91e-02 | M: 31.1343 | Path: GPU-cuStateVec MPI-distributed (4 ranks)
[RESILIENCE] Iteration 70: Global theta state checkpointed at path checkpoints/LiH/checkpoint_iter_0070.npy. 
Iter 0071 | Energy: -1.402267 | Delta: 1.75e-02 | M: 69.0592 | Path: GPU-cuStateVec MPI-distributed (4 ranks)
Iter 0072 | Energy: -1.450290 | Delta: 4.80e-02 | M: 88.4853 | Path: GPU-cuStateVec MPI-distributed (4 ranks)
Iter 0073 | Energy: -1.464082 | Delta: 1.38e-02 | M: 22.1857 | Path: GPU-cuStateVec MPI-distributed (4 ranks)
Iter 0074 | Energy: -1.475274 | Delta: 1.12e-02 | M: 63.7382 | Path: GPU-cuStateVec MPI-distributed (4 ranks)
Iter 0075 | Energy: -1.481733 | Delta: 6.46e-03 | M: 54.9265 | Path: GPU-cuStateVec MPI-distributed (4 ranks)
[RESILIENCE] Iteration 75: Global theta state checkpointed at path checkpoints/LiH/checkpoint_iter_0075.npy. 
Iter 0076 | Energy: -1.480686 | Delta: 1.05e-03 | M: 53.4728 | Path: GPU-cuStateVec MPI-distributed (4 ranks)
Iter 0077 | Energy: -1.485331 | Delta: 4.64e-03 | M: 63.2697 | Path: GPU-cuStateVec MPI-distributed (4 ranks)
Iter 0078 | Energy: -1.682273 | Delta: 1.97e-01 | M: 61.3595 | Path: GPU-cuStateVec MPI-distributed (4 ranks)
Iter 0079 | Energy: -1.736547 | Delta: 5.43e-02 | M: 54.7747 | Path: GPU-cuStateVec MPI-distributed (4 ranks)
Iter 0080 | Energy: -1.964160 | Delta: 2.28e-01 | M: 28.8749 | Path: GPU-cuStateVec MPI-distributed (4 ranks)
[RESILIENCE] Iteration 80: Global theta state checkpointed at path checkpoints/LiH/checkpoint_iter_0080.npy. 
Iter 0081 | Energy: -2.030033 | Delta: 6.59e-02 | M: 27.5173 | Path: GPU-cuStateVec MPI-distributed (4 ranks)
Iter 0082 | Energy: -2.112504 | Delta: 8.25e-02 | M: 30.0470 | Path: GPU-cuStateVec MPI-distributed (4 ranks)
Iter 0083 | Energy: -2.126721 | Delta: 1.42e-02 | M: 30.3479 | Path: GPU-cuStateVec MPI-distributed (4 ranks)
Iter 0084 | Energy: -2.171808 | Delta: 4.51e-02 | M: 24.3603 | Path: GPU-cuStateVec MPI-distributed (4 ranks)
Iter 0085 | Energy: -2.183595 | Delta: 1.18e-02 | M: 46.1104 | Path: GPU-cuStateVec MPI-distributed (4 ranks)
[RESILIENCE] Iteration 85: Global theta state checkpointed at path checkpoints/LiH/checkpoint_iter_0085.npy. 
Iter 0086 | Energy: -2.167585 | Delta: 1.60e-02 | M: 44.1879 | Path: GPU-cuStateVec MPI-distributed (4 ranks)
Iter 0087 | Energy: -2.330092 | Delta: 1.63e-01 | M: 50.3473 | Path: GPU-cuStateVec MPI-distributed (4 ranks)
Iter 0088 | Energy: -2.368421 | Delta: 3.83e-02 | M: 36.4590 | Path: GPU-cuStateVec MPI-distributed (4 ranks)
Iter 0089 | Energy: -2.372634 | Delta: 4.21e-03 | M: 27.0164 | Path: GPU-cuStateVec MPI-distributed (4 ranks)
Iter 0090 | Energy: -2.473957 | Delta: 1.01e-01 | M: 45.8496 | Path: GPU-cuStateVec MPI-distributed (4 ranks)
[RESILIENCE] Iteration 90: Global theta state checkpointed at path checkpoints/LiH/checkpoint_iter_0090.npy. 
Iter 0091 | Energy: -2.480521 | Delta: 6.56e-03 | M: 49.0045 | Path: GPU-cuStateVec MPI-distributed (4 ranks)
Iter 0092 | Energy: -2.631579 | Delta: 1.51e-01 | M: 21.6934 | Path: GPU-cuStateVec MPI-distributed (4 ranks)
Iter 0093 | Energy: -2.628681 | Delta: 2.90e-03 | M: 21.3541 | Path: GPU-cuStateVec MPI-distributed (4 ranks)
Iter 0094 | Energy: -2.714545 | Delta: 8.59e-02 | M: 42.6103 | Path: GPU-cuStateVec MPI-distributed (4 ranks)
Iter 0095 | Energy: -2.724040 | Delta: 9.49e-03 | M: 48.8430 | Path: GPU-cuStateVec MPI-distributed (4 ranks)
[RESILIENCE] Iteration 95: Global theta state checkpointed at path checkpoints/LiH/checkpoint_iter_0095.npy. 
Iter 0096 | Energy: -2.718926 | Delta: 5.11e-03 | M: 53.0771 | Path: GPU-cuStateVec MPI-distributed (4 ranks)
Iter 0097 | Energy: -2.743565 | Delta: 2.46e-02 | M: 25.3782 | Path: GPU-cuStateVec MPI-distributed (4 ranks)
Iter 0098 | Energy: -2.859181 | Delta: 1.16e-01 | M: 51.3869 | Path: GPU-cuStateVec MPI-distributed (4 ranks)
Iter 0099 | Energy: -2.843596 | Delta: 1.56e-02 | M: 98.8252 | Path: GPU-cuStateVec MPI-distributed (4 ranks)
Iter 0100 | Energy: -2.894019 | Delta: 5.04e-02 | M: 132.9559 | Path: GPU-cuStateVec MPI-distributed (4 ranks)
[RESILIENCE] Iteration 100: Global theta state checkpointed at path checkpoints/LiH/checkpoint_iter_0100.npy. 
Iter 0101 | Energy: -2.896094 | Delta: 2.07e-03 | M: 35.8052 | Path: GPU-cuStateVec MPI-distributed (4 ranks)
Iter 0102 | Energy: -2.947467 | Delta: 5.14e-02 | M: 122.7710 | Path: GPU-cuStateVec MPI-distributed (4 ranks)
Iter 0103 | Energy: -2.975088 | Delta: 2.76e-02 | M: 50.8686 | Path: GPU-cuStateVec MPI-distributed (4 ranks)
Iter 0104 | Energy: -2.986883 | Delta: 1.18e-02 | M: 71.5569 | Path: GPU-cuStateVec MPI-distributed (4 ranks)
Iter 0105 | Energy: -2.997162 | Delta: 1.03e-02 | M: 25.8313 | Path: GPU-cuStateVec MPI-distributed (4 ranks)
[RESILIENCE] Iteration 105: Global theta state checkpointed at path checkpoints/LiH/checkpoint_iter_0105.npy. 
Iter 0106 | Energy: -3.095958 | Delta: 9.88e-02 | M: 52.4561 | Path: GPU-cuStateVec MPI-distributed (4 ranks)
Iter 0107 | Energy: -3.180577 | Delta: 8.46e-02 | M: 43.5742 | Path: GPU-cuStateVec MPI-distributed (4 ranks)
Iter 0108 | Energy: -3.188644 | Delta: 8.07e-03 | M: 27.5900 | Path: GPU-cuStateVec MPI-distributed (4 ranks)
Iter 0109 | Energy: -3.172584 | Delta: 1.61e-02 | M: 42.7108 | Path: GPU-cuStateVec MPI-distributed (4 ranks)
Iter 0110 | Energy: -3.193177 | Delta: 2.06e-02 | M: 42.5127 | Path: GPU-cuStateVec MPI-distributed (4 ranks)
[RESILIENCE] Iteration 110: Global theta state checkpointed at path checkpoints/LiH/checkpoint_iter_0110.npy. 
Iter 0111 | Energy: -3.191055 | Delta: 2.12e-03 | M: 58.7955 | Path: GPU-cuStateVec MPI-distributed (4 ranks)
Iter 0112 | Energy: -3.198627 | Delta: 7.57e-03 | M: 45.8069 | Path: GPU-cuStateVec MPI-distributed (4 ranks)
Iter 0113 | Energy: -3.202927 | Delta: 4.30e-03 | M: 48.3471 | Path: GPU-cuStateVec MPI-distributed (4 ranks)
Iter 0114 | Energy: -3.248558 | Delta: 4.56e-02 | M: 40.1624 | Path: GPU-cuStateVec MPI-distributed (4 ranks)
Iter 0115 | Energy: -3.288243 | Delta: 3.97e-02 | M: 24.3964 | Path: GPU-cuStateVec MPI-distributed (4 ranks)
[RESILIENCE] Iteration 115: Global theta state checkpointed at path checkpoints/LiH/checkpoint_iter_0115.npy. 
Iter 0116 | Energy: -3.422236 | Delta: 1.34e-01 | M: 96.9505 | Path: GPU-cuStateVec MPI-distributed (4 ranks)
Iter 0117 | Energy: -3.506297 | Delta: 8.41e-02 | M: 9300.9544 | Path: GPU-cuStateVec MPI-distributed (4 ranks)
Iter 0118 | Energy: -3.489467 | Delta: 1.68e-02 | M: 41.9484 | Path: GPU-cuStateVec MPI-distributed (4 ranks)
Iter 0119 | Energy: -3.501259 | Delta: 1.18e-02 | M: 23.2675 | Path: GPU-cuStateVec MPI-distributed (4 ranks)
Iter 0120 | Energy: -3.485738 | Delta: 1.55e-02 | M: 82.0448 | Path: GPU-cuStateVec MPI-distributed (4 ranks)
[RESILIENCE] Iteration 120: Global theta state checkpointed at path checkpoints/LiH/checkpoint_iter_0120.npy. 
Iter 0121 | Energy: -3.746870 | Delta: 2.61e-01 | M: 23.1868 | Path: GPU-cuStateVec MPI-distributed (4 ranks)
Iter 0122 | Energy: -3.745760 | Delta: 1.11e-03 | M: 25.5042 | Path: GPU-cuStateVec MPI-distributed (4 ranks)
Iter 0123 | Energy: -3.744025 | Delta: 1.73e-03 | M: 32.2620 | Path: GPU-cuStateVec MPI-distributed (4 ranks)
Iter 0124 | Energy: -3.792083 | Delta: 4.81e-02 | M: 48.0423 | Path: GPU-cuStateVec MPI-distributed (4 ranks)
Iter 0125 | Energy: -3.782375 | Delta: 9.71e-03 | M: 38.8705 | Path: GPU-cuStateVec MPI-distributed (4 ranks)
[RESILIENCE] Iteration 125: Global theta state checkpointed at path checkpoints/LiH/checkpoint_iter_0125.npy. 
Iter 0126 | Energy: -3.788659 | Delta: 6.28e-03 | M: 49.3928 | Path: GPU-cuStateVec MPI-distributed (4 ranks)
Iter 0127 | Energy: -3.803246 | Delta: 1.46e-02 | M: 38.4387 | Path: GPU-cuStateVec MPI-distributed (4 ranks)
Iter 0128 | Energy: -3.819132 | Delta: 1.59e-02 | M: 49.5823 | Path: GPU-cuStateVec MPI-distributed (4 ranks)
Iter 0129 | Energy: -3.922666 | Delta: 1.04e-01 | M: 45.4951 | Path: GPU-cuStateVec MPI-distributed (4 ranks)
Iter 0130 | Energy: -3.937333 | Delta: 1.47e-02 | M: 41.2338 | Path: GPU-cuStateVec MPI-distributed (4 ranks)
[RESILIENCE] Iteration 130: Global theta state checkpointed at path checkpoints/LiH/checkpoint_iter_0130.npy. 
Iter 0131 | Energy: -4.060606 | Delta: 1.23e-01 | M: 47.7114 | Path: GPU-cuStateVec MPI-distributed (4 ranks)
Iter 0132 | Energy: -4.099834 | Delta: 3.92e-02 | M: 72.7096 | Path: GPU-cuStateVec MPI-distributed (4 ranks)
Iter 0133 | Energy: -4.100946 | Delta: 1.11e-03 | M: 36.5223 | Path: GPU-cuStateVec MPI-distributed (4 ranks)
Iter 0134 | Energy: -4.221305 | Delta: 1.20e-01 | M: 45.7887 | Path: GPU-cuStateVec MPI-distributed (4 ranks)
Iter 0135 | Energy: -4.228292 | Delta: 6.99e-03 | M: 49.1216 | Path: GPU-cuStateVec MPI-distributed (4 ranks)
[RESILIENCE] Iteration 135: Global theta state checkpointed at path checkpoints/LiH/checkpoint_iter_0135.npy. 
Iter 0136 | Energy: -4.239599 | Delta: 1.13e-02 | M: 45.6300 | Path: GPU-cuStateVec MPI-distributed (4 ranks)
Iter 0137 | Energy: -4.235141 | Delta: 4.46e-03 | M: 48.9481 | Path: GPU-cuStateVec MPI-distributed (4 ranks)
Iter 0138 | Energy: -4.290432 | Delta: 5.53e-02 | M: 56.6051 | Path: GPU-cuStateVec MPI-distributed (4 ranks)
Iter 0139 | Energy: -4.301623 | Delta: 1.12e-02 | M: 24.4585 | Path: GPU-cuStateVec MPI-distributed (4 ranks)
Iter 0140 | Energy: -4.305933 | Delta: 4.31e-03 | M: 27.1486 | Path: GPU-cuStateVec MPI-distributed (4 ranks)
[RESILIENCE] Iteration 140: Global theta state checkpointed at path checkpoints/LiH/checkpoint_iter_0140.npy. 
Iter 0141 | Energy: -4.354837 | Delta: 4.89e-02 | M: 38.0087 | Path: GPU-cuStateVec MPI-distributed (4 ranks)
Iter 0142 | Energy: -4.351094 | Delta: 3.74e-03 | M: 39.8994 | Path: GPU-cuStateVec MPI-distributed (4 ranks)
Iter 0143 | Energy: -4.326112 | Delta: 2.50e-02 | M: 37.1418 | Path: GPU-cuStateVec MPI-distributed (4 ranks)
Iter 0144 | Energy: -4.475066 | Delta: 1.49e-01 | M: 73.3181 | Path: GPU-cuStateVec MPI-distributed (4 ranks)
Iter 0145 | Energy: -4.456953 | Delta: 1.81e-02 | M: 27.3514 | Path: GPU-cuStateVec MPI-distributed (4 ranks)
[RESILIENCE] Iteration 145: Global theta state checkpointed at path checkpoints/LiH/checkpoint_iter_0145.npy. 
Iter 0146 | Energy: -4.544984 | Delta: 8.80e-02 | M: 32.3595 | Path: GPU-cuStateVec MPI-distributed (4 ranks)
Iter 0147 | Energy: -4.543223 | Delta: 1.76e-03 | M: 30.4056 | Path: GPU-cuStateVec MPI-distributed (4 ranks)
Iter 0148 | Energy: -4.535145 | Delta: 8.08e-03 | M: 53.4668 | Path: GPU-cuStateVec MPI-distributed (4 ranks)
Iter 0149 | Energy: -4.768158 | Delta: 2.33e-01 | M: 37.4150 | Path: GPU-cuStateVec MPI-distributed (4 ranks)
Iter 0150 | Energy: -4.838036 | Delta: 6.99e-02 | M: 149.5415 | Path: GPU-cuStateVec MPI-distributed (4 ranks)
[RESILIENCE] Iteration 150: Global theta state checkpointed at path checkpoints/LiH/checkpoint_iter_0150.npy. 
Iter 0151 | Energy: -4.876817 | Delta: 3.88e-02 | M: 65.3404 | Path: GPU-cuStateVec MPI-distributed (4 ranks)
Iter 0152 | Energy: -4.873427 | Delta: 3.39e-03 | M: 25.0906 | Path: GPU-cuStateVec MPI-distributed (4 ranks)
Iter 0153 | Energy: -4.884880 | Delta: 1.15e-02 | M: 30.5409 | Path: GPU-cuStateVec MPI-distributed (4 ranks)
Iter 0154 | Energy: -4.882499 | Delta: 2.38e-03 | M: 39.5603 | Path: GPU-cuStateVec MPI-distributed (4 ranks)
Iter 0155 | Energy: -4.900159 | Delta: 1.77e-02 | M: 55.5147 | Path: GPU-cuStateVec MPI-distributed (4 ranks)
[RESILIENCE] Iteration 155: Global theta state checkpointed at path checkpoints/LiH/checkpoint_iter_0155.npy. 
Iter 0156 | Energy: -4.910924 | Delta: 1.08e-02 | M: 64.2090 | Path: GPU-cuStateVec MPI-distributed (4 ranks)
Iter 0157 | Energy: -4.913541 | Delta: 2.62e-03 | M: 127.7589 | Path: GPU-cuStateVec MPI-distributed (4 ranks)
Iter 0158 | Energy: -4.927318 | Delta: 1.38e-02 | M: 120.2140 | Path: GPU-cuStateVec MPI-distributed (4 ranks)
Iter 0159 | Energy: -4.926725 | Delta: 5.93e-04 | M: 35.4387 | Path: GPU-cuStateVec MPI-distributed (4 ranks)
Iter 0160 | Energy: -4.936224 | Delta: 9.50e-03 | M: 56.1149 | Path: GPU-cuStateVec MPI-distributed (4 ranks)
[RESILIENCE] Iteration 160: Global theta state checkpointed at path checkpoints/LiH/checkpoint_iter_0160.npy. 
Iter 0161 | Energy: -4.940002 | Delta: 3.78e-03 | M: 38.6680 | Path: GPU-cuStateVec MPI-distributed (4 ranks)
Iter 0162 | Energy: -4.938023 | Delta: 1.98e-03 | M: 63.8067 | Path: GPU-cuStateVec MPI-distributed (4 ranks)
Iter 0163 | Energy: -4.942662 | Delta: 4.64e-03 | M: 66.3646 | Path: GPU-cuStateVec MPI-distributed (4 ranks)
Iter 0164 | Energy: -4.944193 | Delta: 1.53e-03 | M: 32.2739 | Path: GPU-cuStateVec MPI-distributed (4 ranks)
Iter 0165 | Energy: -4.948424 | Delta: 4.23e-03 | M: 20.2371 | Path: GPU-cuStateVec MPI-distributed (4 ranks)
[RESILIENCE] Iteration 165: Global theta state checkpointed at path checkpoints/LiH/checkpoint_iter_0165.npy. 
Iter 0166 | Energy: -4.954214 | Delta: 5.79e-03 | M: 191.3696 | Path: GPU-cuStateVec MPI-distributed (4 ranks)
Iter 0167 | Energy: -4.966257 | Delta: 1.20e-02 | M: 96.1447 | Path: GPU-cuStateVec MPI-distributed (4 ranks)
Iter 0168 | Energy: -4.972938 | Delta: 6.68e-03 | M: 9705.5367 | Path: GPU-cuStateVec MPI-distributed (4 ranks)
Iter 0169 | Energy: -4.995576 | Delta: 2.26e-02 | M: 71.7028 | Path: GPU-cuStateVec MPI-distributed (4 ranks)
Iter 0170 | Energy: -5.037604 | Delta: 4.20e-02 | M: 53.0391 | Path: GPU-cuStateVec MPI-distributed (4 ranks)
[RESILIENCE] Iteration 170: Global theta state checkpointed at path checkpoints/LiH/checkpoint_iter_0170.npy. 
Iter 0171 | Energy: -5.050359 | Delta: 1.28e-02 | M: 9474.0667 | Path: GPU-cuStateVec MPI-distributed (4 ranks)
Iter 0172 | Energy: -5.080438 | Delta: 3.01e-02 | M: 107.6526 | Path: GPU-cuStateVec MPI-distributed (4 ranks)
Iter 0173 | Energy: -5.070135 | Delta: 1.03e-02 | M: 68.0573 | Path: GPU-cuStateVec MPI-distributed (4 ranks)
Iter 0174 | Energy: -5.137062 | Delta: 6.69e-02 | M: 52.7952 | Path: GPU-cuStateVec MPI-distributed (4 ranks)
Iter 0175 | Energy: -5.138423 | Delta: 1.36e-03 | M: 32.4599 | Path: GPU-cuStateVec MPI-distributed (4 ranks)
[RESILIENCE] Iteration 175: Global theta state checkpointed at path checkpoints/LiH/checkpoint_iter_0175.npy. 
Iter 0176 | Energy: -5.125132 | Delta: 1.33e-02 | M: 38.3306 | Path: GPU-cuStateVec MPI-distributed (4 ranks)
Iter 0177 | Energy: -5.219422 | Delta: 9.43e-02 | M: 72.8775 | Path: GPU-cuStateVec MPI-distributed (4 ranks)
Iter 0178 | Energy: -5.230939 | Delta: 1.15e-02 | M: 29.0178 | Path: GPU-cuStateVec MPI-distributed (4 ranks)
Iter 0179 | Energy: -5.283689 | Delta: 5.28e-02 | M: 40.6632 | Path: GPU-cuStateVec MPI-distributed (4 ranks)
Iter 0180 | Energy: -5.283985 | Delta: 2.96e-04 | M: 42.3768 | Path: GPU-cuStateVec MPI-distributed (4 ranks)
[RESILIENCE] Iteration 180: Global theta state checkpointed at path checkpoints/LiH/checkpoint_iter_0180.npy. 
Iter 0181 | Energy: -5.278032 | Delta: 5.95e-03 | M: 49.5862 | Path: GPU-cuStateVec MPI-distributed (4 ranks)
Iter 0182 | Energy: -5.281685 | Delta: 3.65e-03 | M: 33.1514 | Path: GPU-cuStateVec MPI-distributed (4 ranks)
Iter 0183 | Energy: -5.287202 | Delta: 5.52e-03 | M: 27.8574 | Path: GPU-cuStateVec MPI-distributed (4 ranks)
Iter 0184 | Energy: -5.280846 | Delta: 6.36e-03 | M: 30.4022 | Path: GPU-cuStateVec MPI-distributed (4 ranks)
Iter 0185 | Energy: -5.318019 | Delta: 3.72e-02 | M: 29.7785 | Path: GPU-cuStateVec MPI-distributed (4 ranks)
[RESILIENCE] Iteration 185: Global theta state checkpointed at path checkpoints/LiH/checkpoint_iter_0185.npy. 
Iter 0186 | Energy: -5.332629 | Delta: 1.46e-02 | M: 40.3894 | Path: GPU-cuStateVec MPI-distributed (4 ranks)
Iter 0187 | Energy: -5.364259 | Delta: 3.16e-02 | M: 44.0554 | Path: GPU-cuStateVec MPI-distributed (4 ranks)
Iter 0188 | Energy: -5.373188 | Delta: 8.93e-03 | M: 54.3329 | Path: GPU-cuStateVec MPI-distributed (4 ranks)
Iter 0189 | Energy: -5.384194 | Delta: 1.10e-02 | M: 67.1460 | Path: GPU-cuStateVec MPI-distributed (4 ranks)
Iter 0190 | Energy: -5.379101 | Delta: 5.09e-03 | M: 61.7358 | Path: GPU-cuStateVec MPI-distributed (4 ranks)
[RESILIENCE] Iteration 190: Global theta state checkpointed at path checkpoints/LiH/checkpoint_iter_0190.npy. 
Iter 0191 | Energy: -5.421126 | Delta: 4.20e-02 | M: 43.8898 | Path: GPU-cuStateVec MPI-distributed (4 ranks)
Iter 0192 | Energy: -5.420489 | Delta: 6.37e-04 | M: 34.3946 | Path: GPU-cuStateVec MPI-distributed (4 ranks)
Iter 0193 | Energy: -5.407259 | Delta: 1.32e-02 | M: 50.2868 | Path: GPU-cuStateVec MPI-distributed (4 ranks)
Iter 0194 | Energy: -5.470545 | Delta: 6.33e-02 | M: 27.7368 | Path: GPU-cuStateVec MPI-distributed (4 ranks)
Iter 0195 | Energy: -5.471179 | Delta: 6.34e-04 | M: 41.5225 | Path: GPU-cuStateVec MPI-distributed (4 ranks)
[RESILIENCE] Iteration 195: Global theta state checkpointed at path checkpoints/LiH/checkpoint_iter_0195.npy. 
Iter 0196 | Energy: -5.474182 | Delta: 3.00e-03 | M: 57.3165 | Path: GPU-cuStateVec MPI-distributed (4 ranks)
Iter 0197 | Energy: -5.482907 | Delta: 8.73e-03 | M: 37.7165 | Path: GPU-cuStateVec MPI-distributed (4 ranks)
Iter 0198 | Energy: -5.473910 | Delta: 9.00e-03 | M: 35.4562 | Path: GPU-cuStateVec MPI-distributed (4 ranks)
Iter 0199 | Energy: -5.523459 | Delta: 4.95e-02 | M: 37.4204 | Path: GPU-cuStateVec MPI-distributed (4 ranks)
Iter 0200 | Energy: -5.529877 | Delta: 6.42e-03 | M: 50.3305 | Path: GPU-cuStateVec MPI-distributed (4 ranks)
[RESILIENCE] Iteration 200: Global theta state checkpointed at path checkpoints/LiH/checkpoint_iter_0200.npy. 
Iter 0201 | Energy: -5.546909 | Delta: 1.70e-02 | M: 31.5609 | Path: GPU-cuStateVec MPI-distributed (4 ranks)
Iter 0202 | Energy: -5.577300 | Delta: 3.04e-02 | M: 50.6215 | Path: GPU-cuStateVec MPI-distributed (4 ranks)
Iter 0203 | Energy: -5.581528 | Delta: 4.23e-03 | M: 33.1533 | Path: GPU-cuStateVec MPI-distributed (4 ranks)
Iter 0204 | Energy: -5.586820 | Delta: 5.29e-03 | M: 40.3065 | Path: GPU-cuStateVec MPI-distributed (4 ranks)
Iter 0205 | Energy: -5.596099 | Delta: 9.28e-03 | M: 26.3423 | Path: GPU-cuStateVec MPI-distributed (4 ranks)
[RESILIENCE] Iteration 205: Global theta state checkpointed at path checkpoints/LiH/checkpoint_iter_0205.npy. 
Iter 0206 | Energy: -5.600447 | Delta: 4.35e-03 | M: 34.0722 | Path: GPU-cuStateVec MPI-distributed (4 ranks)
Iter 0207 | Energy: -5.583261 | Delta: 1.72e-02 | M: 26.8248 | Path: GPU-cuStateVec MPI-distributed (4 ranks)
Iter 0208 | Energy: -5.600096 | Delta: 1.68e-02 | M: 31.5377 | Path: GPU-cuStateVec MPI-distributed (4 ranks)
Iter 0209 | Energy: -5.611354 | Delta: 1.13e-02 | M: 23.5321 | Path: GPU-cuStateVec MPI-distributed (4 ranks)
Iter 0210 | Energy: -5.613835 | Delta: 2.48e-03 | M: 44.3343 | Path: GPU-cuStateVec MPI-distributed (4 ranks)
[RESILIENCE] Iteration 210: Global theta state checkpointed at path checkpoints/LiH/checkpoint_iter_0210.npy. 
Iter 0211 | Energy: -5.626649 | Delta: 1.28e-02 | M: 43.1830 | Path: GPU-cuStateVec MPI-distributed (4 ranks)
Iter 0212 | Energy: -5.620959 | Delta: 5.69e-03 | M: 35.9184 | Path: GPU-cuStateVec MPI-distributed (4 ranks)
Iter 0213 | Energy: -5.622353 | Delta: 1.39e-03 | M: 38.0347 | Path: GPU-cuStateVec MPI-distributed (4 ranks)
Iter 0214 | Energy: -5.621677 | Delta: 6.75e-04 | M: 70.2815 | Path: GPU-cuStateVec MPI-distributed (4 ranks)
Iter 0215 | Energy: -5.633121 | Delta: 1.14e-02 | M: 93.9144 | Path: GPU-cuStateVec MPI-distributed (4 ranks)
[RESILIENCE] Iteration 215: Global theta state checkpointed at path checkpoints/LiH/checkpoint_iter_0215.npy. 
Iter 0216 | Energy: -5.622068 | Delta: 1.11e-02 | M: 60.0130 | Path: GPU-cuStateVec MPI-distributed (4 ranks)
Iter 0217 | Energy: -5.656028 | Delta: 3.40e-02 | M: 44.3732 | Path: GPU-cuStateVec MPI-distributed (4 ranks)
Iter 0218 | Energy: -5.655365 | Delta: 6.63e-04 | M: 74.3325 | Path: GPU-cuStateVec MPI-distributed (4 ranks)
Iter 0219 | Energy: -5.665520 | Delta: 1.02e-02 | M: 28.0877 | Path: GPU-cuStateVec MPI-distributed (4 ranks)
Iter 0220 | Energy: -5.674413 | Delta: 8.89e-03 | M: 35.8377 | Path: GPU-cuStateVec MPI-distributed (4 ranks)
[RESILIENCE] Iteration 220: Global theta state checkpointed at path checkpoints/LiH/checkpoint_iter_0220.npy. 
Iter 0221 | Energy: -5.664063 | Delta: 1.04e-02 | M: 34.4934 | Path: GPU-cuStateVec MPI-distributed (4 ranks)
Iter 0222 | Energy: -5.662883 | Delta: 1.18e-03 | M: 48.1730 | Path: GPU-cuStateVec MPI-distributed (4 ranks)
Iter 0223 | Energy: -5.678422 | Delta: 1.55e-02 | M: 28.5217 | Path: GPU-cuStateVec MPI-distributed (4 ranks)
Iter 0224 | Energy: -5.693653 | Delta: 1.52e-02 | M: 46.4567 | Path: GPU-cuStateVec MPI-distributed (4 ranks)
Iter 0225 | Energy: -5.691571 | Delta: 2.08e-03 | M: 33.6342 | Path: GPU-cuStateVec MPI-distributed (4 ranks)
[RESILIENCE] Iteration 225: Global theta state checkpointed at path checkpoints/LiH/checkpoint_iter_0225.npy. 
Iter 0226 | Energy: -5.700479 | Delta: 8.91e-03 | M: 44.2574 | Path: GPU-cuStateVec MPI-distributed (4 ranks)
Iter 0227 | Energy: -5.706295 | Delta: 5.82e-03 | M: 46.4971 | Path: GPU-cuStateVec MPI-distributed (4 ranks)
Iter 0228 | Energy: -5.703437 | Delta: 2.86e-03 | M: 34.5782 | Path: GPU-cuStateVec MPI-distributed (4 ranks)
Iter 0229 | Energy: -5.700048 | Delta: 3.39e-03 | M: 53.6385 | Path: GPU-cuStateVec MPI-distributed (4 ranks)
Iter 0230 | Energy: -5.712282 | Delta: 1.22e-02 | M: 40.1048 | Path: GPU-cuStateVec MPI-distributed (4 ranks)
[RESILIENCE] Iteration 230: Global theta state checkpointed at path checkpoints/LiH/checkpoint_iter_0230.npy. 
Iter 0231 | Energy: -5.721964 | Delta: 9.68e-03 | M: 83.3523 | Path: GPU-cuStateVec MPI-distributed (4 ranks)
Iter 0232 | Energy: -5.714449 | Delta: 7.51e-03 | M: 47.4374 | Path: GPU-cuStateVec MPI-distributed (4 ranks)
Iter 0233 | Energy: -5.732729 | Delta: 1.83e-02 | M: 44.9824 | Path: GPU-cuStateVec MPI-distributed (4 ranks)
Iter 0234 | Energy: -5.729304 | Delta: 3.43e-03 | M: 34.0490 | Path: GPU-cuStateVec MPI-distributed (4 ranks)
Iter 0235 | Energy: -5.750416 | Delta: 2.11e-02 | M: 48.4449 | Path: GPU-cuStateVec MPI-distributed (4 ranks)
[RESILIENCE] Iteration 235: Global theta state checkpointed at path checkpoints/LiH/checkpoint_iter_0235.npy. 
Iter 0236 | Energy: -5.754593 | Delta: 4.18e-03 | M: 116.1253 | Path: GPU-cuStateVec MPI-distributed (4 ranks)
Iter 0237 | Energy: -5.766786 | Delta: 1.22e-02 | M: 44.1175 | Path: GPU-cuStateVec MPI-distributed (4 ranks)
Iter 0238 | Energy: -5.770172 | Delta: 3.39e-03 | M: 48.3282 | Path: GPU-cuStateVec MPI-distributed (4 ranks)
Iter 0239 | Energy: -5.762608 | Delta: 7.56e-03 | M: 32.2035 | Path: GPU-cuStateVec MPI-distributed (4 ranks)
Iter 0240 | Energy: -5.777885 | Delta: 1.53e-02 | M: 51.6203 | Path: GPU-cuStateVec MPI-distributed (4 ranks)
[RESILIENCE] Iteration 240: Global theta state checkpointed at path checkpoints/LiH/checkpoint_iter_0240.npy. 
Iter 0241 | Energy: -5.764145 | Delta: 1.37e-02 | M: 22.4160 | Path: GPU-cuStateVec MPI-distributed (4 ranks)
Iter 0242 | Energy: -5.768375 | Delta: 4.23e-03 | M: 31.8961 | Path: GPU-cuStateVec MPI-distributed (4 ranks)
Iter 0243 | Energy: -5.775496 | Delta: 7.12e-03 | M: 36.5194 | Path: GPU-cuStateVec MPI-distributed (4 ranks)
Iter 0244 | Energy: -5.776934 | Delta: 1.44e-03 | M: 33.9714 | Path: GPU-cuStateVec MPI-distributed (4 ranks)
Iter 0245 | Energy: -5.793898 | Delta: 1.70e-02 | M: 32.1871 | Path: GPU-cuStateVec MPI-distributed (4 ranks)
[RESILIENCE] Iteration 245: Global theta state checkpointed at path checkpoints/LiH/checkpoint_iter_0245.npy. 
Iter 0246 | Energy: -5.777757 | Delta: 1.61e-02 | M: 41.7665 | Path: GPU-cuStateVec MPI-distributed (4 ranks)
Iter 0247 | Energy: -5.799084 | Delta: 2.13e-02 | M: 42.9816 | Path: GPU-cuStateVec MPI-distributed (4 ranks)
Iter 0248 | Energy: -5.809291 | Delta: 1.02e-02 | M: 45.8825 | Path: GPU-cuStateVec MPI-distributed (4 ranks)
Iter 0249 | Energy: -5.818074 | Delta: 8.78e-03 | M: 46.9201 | Path: GPU-cuStateVec MPI-distributed (4 ranks)
Iter 0250 | Energy: -5.820431 | Delta: 2.36e-03 | M: 49.2977 | Path: GPU-cuStateVec MPI-distributed (4 ranks)
[RESILIENCE] Iteration 250: Global theta state checkpointed at path checkpoints/LiH/checkpoint_iter_0250.npy. 
Iter 0251 | Energy: -5.821632 | Delta: 1.20e-03 | M: 61.8781 | Path: GPU-cuStateVec MPI-distributed (4 ranks)
Iter 0252 | Energy: -5.820604 | Delta: 1.03e-03 | M: 33.6859 | Path: GPU-cuStateVec MPI-distributed (4 ranks)
Iter 0253 | Energy: -5.808837 | Delta: 1.18e-02 | M: 23.6618 | Path: GPU-cuStateVec MPI-distributed (4 ranks)
Iter 0254 | Energy: -5.824721 | Delta: 1.59e-02 | M: 25.6463 | Path: GPU-cuStateVec MPI-distributed (4 ranks)
Iter 0255 | Energy: -5.825852 | Delta: 1.13e-03 | M: 33.7337 | Path: GPU-cuStateVec MPI-distributed (4 ranks)
[RESILIENCE] Iteration 255: Global theta state checkpointed at path checkpoints/LiH/checkpoint_iter_0255.npy. 
Iter 0256 | Energy: -5.824979 | Delta: 8.73e-04 | M: 21.1210 | Path: GPU-cuStateVec MPI-distributed (4 ranks)
Iter 0257 | Energy: -5.850935 | Delta: 2.60e-02 | M: 41.2469 | Path: GPU-cuStateVec MPI-distributed (4 ranks)
Iter 0258 | Energy: -5.837780 | Delta: 1.32e-02 | M: 75.8273 | Path: GPU-cuStateVec MPI-distributed (4 ranks)
Iter 0259 | Energy: -5.839629 | Delta: 1.85e-03 | M: 48.7873 | Path: GPU-cuStateVec MPI-distributed (4 ranks)
Iter 0260 | Energy: -5.859488 | Delta: 1.99e-02 | M: 31.4716 | Path: GPU-cuStateVec MPI-distributed (4 ranks)
[RESILIENCE] Iteration 260: Global theta state checkpointed at path checkpoints/LiH/checkpoint_iter_0260.npy. 
Iter 0261 | Energy: -5.846457 | Delta: 1.30e-02 | M: 47.2772 | Path: GPU-cuStateVec MPI-distributed (4 ranks)
Iter 0262 | Energy: -5.851985 | Delta: 5.53e-03 | M: 101.3209 | Path: GPU-cuStateVec MPI-distributed (4 ranks)
Iter 0263 | Energy: -5.852861 | Delta: 8.76e-04 | M: 51.0794 | Path: GPU-cuStateVec MPI-distributed (4 ranks)
Iter 0264 | Energy: -5.859556 | Delta: 6.69e-03 | M: 45.7547 | Path: GPU-cuStateVec MPI-distributed (4 ranks)
Iter 0265 | Energy: -5.864054 | Delta: 4.50e-03 | M: 27.8680 | Path: GPU-cuStateVec MPI-distributed (4 ranks)
[RESILIENCE] Iteration 265: Global theta state checkpointed at path checkpoints/LiH/checkpoint_iter_0265.npy. 
Iter 0266 | Energy: -5.868333 | Delta: 4.28e-03 | M: 25.7573 | Path: GPU-cuStateVec MPI-distributed (4 ranks)
Iter 0267 | Energy: -5.879946 | Delta: 1.16e-02 | M: 46.0497 | Path: GPU-cuStateVec MPI-distributed (4 ranks)
Iter 0268 | Energy: -5.882830 | Delta: 2.88e-03 | M: 45.6830 | Path: GPU-cuStateVec MPI-distributed (4 ranks)
Iter 0269 | Energy: -5.883697 | Delta: 8.67e-04 | M: 20.9374 | Path: GPU-cuStateVec MPI-distributed (4 ranks)
Iter 0270 | Energy: -5.888566 | Delta: 4.87e-03 | M: 35.5878 | Path: GPU-cuStateVec MPI-distributed (4 ranks)
[RESILIENCE] Iteration 270: Global theta state checkpointed at path checkpoints/LiH/checkpoint_iter_0270.npy. 
Iter 0271 | Energy: -5.883002 | Delta: 5.56e-03 | M: 53.8393 | Path: GPU-cuStateVec MPI-distributed (4 ranks)
Iter 0272 | Energy: -5.886348 | Delta: 3.35e-03 | M: 79.7751 | Path: GPU-cuStateVec MPI-distributed (4 ranks)
Iter 0273 | Energy: -5.895176 | Delta: 8.83e-03 | M: 58.1386 | Path: GPU-cuStateVec MPI-distributed (4 ranks)
Iter 0274 | Energy: -5.905040 | Delta: 9.86e-03 | M: 110.9408 | Path: GPU-cuStateVec MPI-distributed (4 ranks)
Iter 0275 | Energy: -5.909473 | Delta: 4.43e-03 | M: 123.0674 | Path: GPU-cuStateVec MPI-distributed (4 ranks)
[RESILIENCE] Iteration 275: Global theta state checkpointed at path checkpoints/LiH/checkpoint_iter_0275.npy. 
Iter 0276 | Energy: -5.915604 | Delta: 6.13e-03 | M: 82.8466 | Path: GPU-cuStateVec MPI-distributed (4 ranks)
Iter 0277 | Energy: -5.922484 | Delta: 6.88e-03 | M: 42.8389 | Path: GPU-cuStateVec MPI-distributed (4 ranks)
Iter 0278 | Energy: -5.927470 | Delta: 4.99e-03 | M: 98.1505 | Path: GPU-cuStateVec MPI-distributed (4 ranks)
Iter 0279 | Energy: -5.941403 | Delta: 1.39e-02 | M: 49.9327 | Path: GPU-cuStateVec MPI-distributed (4 ranks)
Iter 0280 | Energy: -5.947921 | Delta: 6.52e-03 | M: 69.7699 | Path: GPU-cuStateVec MPI-distributed (4 ranks)
[RESILIENCE] Iteration 280: Global theta state checkpointed at path checkpoints/LiH/checkpoint_iter_0280.npy. 
Iter 0281 | Energy: -5.943044 | Delta: 4.88e-03 | M: 122.9596 | Path: GPU-cuStateVec MPI-distributed (4 ranks)
Iter 0282 | Energy: -5.940184 | Delta: 2.86e-03 | M: 59.2725 | Path: GPU-cuStateVec MPI-distributed (4 ranks)
Iter 0283 | Energy: -5.945530 | Delta: 5.35e-03 | M: 74.9890 | Path: GPU-cuStateVec MPI-distributed (4 ranks)
Iter 0284 | Energy: -5.958782 | Delta: 1.33e-02 | M: 77.3053 | Path: GPU-cuStateVec MPI-distributed (4 ranks)
Iter 0285 | Energy: -5.958055 | Delta: 7.27e-04 | M: 101.0696 | Path: GPU-cuStateVec MPI-distributed (4 ranks)
[RESILIENCE] Iteration 285: Global theta state checkpointed at path checkpoints/LiH/checkpoint_iter_0285.npy. 
Iter 0286 | Energy: -5.952825 | Delta: 5.23e-03 | M: 130.1198 | Path: GPU-cuStateVec MPI-distributed (4 ranks)
Iter 0287 | Energy: -5.957638 | Delta: 4.81e-03 | M: 104.7574 | Path: GPU-cuStateVec MPI-distributed (4 ranks)
Iter 0288 | Energy: -5.957104 | Delta: 5.35e-04 | M: 69.5074 | Path: GPU-cuStateVec MPI-distributed (4 ranks)
Iter 0289 | Energy: -5.967000 | Delta: 9.90e-03 | M: 72.6515 | Path: GPU-cuStateVec MPI-distributed (4 ranks)
Iter 0290 | Energy: -5.968769 | Delta: 1.77e-03 | M: 50.6329 | Path: GPU-cuStateVec MPI-distributed (4 ranks)
[RESILIENCE] Iteration 290: Global theta state checkpointed at path checkpoints/LiH/checkpoint_iter_0290.npy. 
Iter 0291 | Energy: -5.972732 | Delta: 3.96e-03 | M: 55.9313 | Path: GPU-cuStateVec MPI-distributed (4 ranks)
Iter 0292 | Energy: -5.986022 | Delta: 1.33e-02 | M: 71.0629 | Path: GPU-cuStateVec MPI-distributed (4 ranks)
Iter 0293 | Energy: -5.990378 | Delta: 4.36e-03 | M: 120.2497 | Path: GPU-cuStateVec MPI-distributed (4 ranks)
Iter 0294 | Energy: -6.013730 | Delta: 2.34e-02 | M: 8623.7368 | Path: GPU-cuStateVec MPI-distributed (4 ranks)
Iter 0295 | Energy: -6.017535 | Delta: 3.81e-03 | M: 90.5982 | Path: GPU-cuStateVec MPI-distributed (4 ranks)
[RESILIENCE] Iteration 295: Global theta state checkpointed at path checkpoints/LiH/checkpoint_iter_0295.npy. 
Iter 0296 | Energy: -6.017124 | Delta: 4.10e-04 | M: 136.1793 | Path: GPU-cuStateVec MPI-distributed (4 ranks)
Iter 0297 | Energy: -6.025405 | Delta: 8.28e-03 | M: 42.4578 | Path: GPU-cuStateVec MPI-distributed (4 ranks)
Iter 0298 | Energy: -6.024988 | Delta: 4.18e-04 | M: 146.2333 | Path: GPU-cuStateVec MPI-distributed (4 ranks)
Iter 0299 | Energy: -6.035145 | Delta: 1.02e-02 | M: 80.3526 | Path: GPU-cuStateVec MPI-distributed (4 ranks)
Iter 0300 | Energy: -6.037808 | Delta: 2.66e-03 | M: 9674.4504 | Path: GPU-cuStateVec MPI-distributed (4 ranks)
[RESILIENCE] Iteration 300: Global theta state checkpointed at path checkpoints/LiH/checkpoint_iter_0300.npy. 
Iter 0301 | Energy: -6.031663 | Delta: 6.15e-03 | M: 8443.3050 | Path: GPU-cuStateVec MPI-distributed (4 ranks)
Iter 0302 | Energy: -6.031893 | Delta: 2.30e-04 | M: 43.6310 | Path: GPU-cuStateVec MPI-distributed (4 ranks)
Iter 0303 | Energy: -6.047116 | Delta: 1.52e-02 | M: 45.5706 | Path: GPU-cuStateVec MPI-distributed (4 ranks)
Iter 0304 | Energy: -6.051927 | Delta: 4.81e-03 | M: 62.0712 | Path: GPU-cuStateVec MPI-distributed (4 ranks)
Iter 0305 | Energy: -6.050012 | Delta: 1.92e-03 | M: 115.2087 | Path: GPU-cuStateVec MPI-distributed (4 ranks)
[RESILIENCE] Iteration 305: Global theta state checkpointed at path checkpoints/LiH/checkpoint_iter_0305.npy. 
Iter 0306 | Energy: -6.054527 | Delta: 4.52e-03 | M: 9701.7070 | Path: GPU-cuStateVec MPI-distributed (4 ranks)
Iter 0307 | Energy: -6.056025 | Delta: 1.50e-03 | M: 71.8940 | Path: GPU-cuStateVec MPI-distributed (4 ranks)
Iter 0308 | Energy: -6.076829 | Delta: 2.08e-02 | M: 38.6423 | Path: GPU-cuStateVec MPI-distributed (4 ranks)
Iter 0309 | Energy: -6.073327 | Delta: 3.50e-03 | M: 43.9268 | Path: GPU-cuStateVec MPI-distributed (4 ranks)
Iter 0310 | Energy: -6.074165 | Delta: 8.38e-04 | M: 84.5711 | Path: GPU-cuStateVec MPI-distributed (4 ranks)
[RESILIENCE] Iteration 310: Global theta state checkpointed at path checkpoints/LiH/checkpoint_iter_0310.npy. 
Iter 0311 | Energy: -6.073136 | Delta: 1.03e-03 | M: 9712.7913 | Path: GPU-cuStateVec MPI-distributed (4 ranks)
Iter 0312 | Energy: -6.096348 | Delta: 2.32e-02 | M: 148.6919 | Path: GPU-cuStateVec MPI-distributed (4 ranks)
Iter 0313 | Energy: -6.086960 | Delta: 9.39e-03 | M: 57.2592 | Path: GPU-cuStateVec MPI-distributed (4 ranks)
Iter 0314 | Energy: -6.089330 | Delta: 2.37e-03 | M: 37.0524 | Path: GPU-cuStateVec MPI-distributed (4 ranks)
Iter 0315 | Energy: -6.109791 | Delta: 2.05e-02 | M: 39.0356 | Path: GPU-cuStateVec MPI-distributed (4 ranks)
[RESILIENCE] Iteration 315: Global theta state checkpointed at path checkpoints/LiH/checkpoint_iter_0315.npy. 
Iter 0316 | Energy: -6.105568 | Delta: 4.22e-03 | M: 43.2406 | Path: GPU-cuStateVec MPI-distributed (4 ranks)
Iter 0317 | Energy: -6.106627 | Delta: 1.06e-03 | M: 61.4813 | Path: GPU-cuStateVec MPI-distributed (4 ranks)
Iter 0318 | Energy: -6.106746 | Delta: 1.19e-04 | M: 9438.8416 | Path: GPU-cuStateVec MPI-distributed (4 ranks)
Iter 0319 | Energy: -6.102035 | Delta: 4.71e-03 | M: 30.8563 | Path: GPU-cuStateVec MPI-distributed (4 ranks)
Iter 0320 | Energy: -6.114345 | Delta: 1.23e-02 | M: 23.5243 | Path: GPU-cuStateVec MPI-distributed (4 ranks)
[RESILIENCE] Iteration 320: Global theta state checkpointed at path checkpoints/LiH/checkpoint_iter_0320.npy. 
Iter 0321 | Energy: -6.108782 | Delta: 5.56e-03 | M: 43.1166 | Path: GPU-cuStateVec MPI-distributed (4 ranks)
Iter 0322 | Energy: -6.122013 | Delta: 1.32e-02 | M: 58.0249 | Path: GPU-cuStateVec MPI-distributed (4 ranks)
Iter 0323 | Energy: -6.106115 | Delta: 1.59e-02 | M: 52.7433 | Path: GPU-cuStateVec MPI-distributed (4 ranks)
Iter 0324 | Energy: -6.114496 | Delta: 8.38e-03 | M: 115.3165 | Path: GPU-cuStateVec MPI-distributed (4 ranks)
Iter 0325 | Energy: -6.107709 | Delta: 6.79e-03 | M: 51.4147 | Path: GPU-cuStateVec MPI-distributed (4 ranks)
[RESILIENCE] Iteration 325: Global theta state checkpointed at path checkpoints/LiH/checkpoint_iter_0325.npy. 
Iter 0326 | Energy: -6.116728 | Delta: 9.02e-03 | M: 28.5572 | Path: GPU-cuStateVec MPI-distributed (4 ranks)
Iter 0327 | Energy: -6.119236 | Delta: 2.51e-03 | M: 43.9671 | Path: GPU-cuStateVec MPI-distributed (4 ranks)
Iter 0328 | Energy: -6.119419 | Delta: 1.82e-04 | M: 41.0298 | Path: GPU-cuStateVec MPI-distributed (4 ranks)
Iter 0329 | Energy: -6.143002 | Delta: 2.36e-02 | M: 53.5320 | Path: GPU-cuStateVec MPI-distributed (4 ranks)
Iter 0330 | Energy: -6.148907 | Delta: 5.91e-03 | M: 9030.0865 | Path: GPU-cuStateVec MPI-distributed (4 ranks)
[RESILIENCE] Iteration 330: Global theta state checkpointed at path checkpoints/LiH/checkpoint_iter_0330.npy. 
Iter 0331 | Energy: -6.146264 | Delta: 2.64e-03 | M: 57.0819 | Path: GPU-cuStateVec MPI-distributed (4 ranks)
Iter 0332 | Energy: -6.167764 | Delta: 2.15e-02 | M: 67.5095 | Path: GPU-cuStateVec MPI-distributed (4 ranks)
Iter 0333 | Energy: -6.147947 | Delta: 1.98e-02 | M: 37.9347 | Path: GPU-cuStateVec MPI-distributed (4 ranks)
Iter 0334 | Energy: -6.155467 | Delta: 7.52e-03 | M: 47.3547 | Path: GPU-cuStateVec MPI-distributed (4 ranks)
Iter 0335 | Energy: -6.159207 | Delta: 3.74e-03 | M: 53.4846 | Path: GPU-cuStateVec MPI-distributed (4 ranks)
[RESILIENCE] Iteration 335: Global theta state checkpointed at path checkpoints/LiH/checkpoint_iter_0335.npy. 
Iter 0336 | Energy: -6.174053 | Delta: 1.48e-02 | M: 90.6030 | Path: GPU-cuStateVec MPI-distributed (4 ranks)
Iter 0337 | Energy: -6.155622 | Delta: 1.84e-02 | M: 41.4847 | Path: GPU-cuStateVec MPI-distributed (4 ranks)
Iter 0338 | Energy: -6.163224 | Delta: 7.60e-03 | M: 30.4060 | Path: GPU-cuStateVec MPI-distributed (4 ranks)
Iter 0339 | Energy: -6.174251 | Delta: 1.10e-02 | M: 41.3902 | Path: GPU-cuStateVec MPI-distributed (4 ranks)
Iter 0340 | Energy: -6.172586 | Delta: 1.66e-03 | M: 52.4254 | Path: GPU-cuStateVec MPI-distributed (4 ranks)
[RESILIENCE] Iteration 340: Global theta state checkpointed at path checkpoints/LiH/checkpoint_iter_0340.npy. 
Iter 0341 | Energy: -6.180197 | Delta: 7.61e-03 | M: 9431.7772 | Path: GPU-cuStateVec MPI-distributed (4 ranks)
Iter 0342 | Energy: -6.186063 | Delta: 5.87e-03 | M: 61.6261 | Path: GPU-cuStateVec MPI-distributed (4 ranks)
Iter 0343 | Energy: -6.190131 | Delta: 4.07e-03 | M: 9720.6171 | Path: GPU-cuStateVec MPI-distributed (4 ranks)
Iter 0344 | Energy: -6.195875 | Delta: 5.74e-03 | M: 49.5025 | Path: GPU-cuStateVec MPI-distributed (4 ranks)
Iter 0345 | Energy: -6.179585 | Delta: 1.63e-02 | M: 122.1993 | Path: GPU-cuStateVec MPI-distributed (4 ranks)
[RESILIENCE] Iteration 345: Global theta state checkpointed at path checkpoints/LiH/checkpoint_iter_0345.npy. 
Iter 0346 | Energy: -6.183807 | Delta: 4.22e-03 | M: 39.4274 | Path: GPU-cuStateVec MPI-distributed (4 ranks)
Iter 0347 | Energy: -6.200620 | Delta: 1.68e-02 | M: 51.7454 | Path: GPU-cuStateVec MPI-distributed (4 ranks)
Iter 0348 | Energy: -6.191247 | Delta: 9.37e-03 | M: 9312.6813 | Path: GPU-cuStateVec MPI-distributed (4 ranks)
Iter 0349 | Energy: -6.211073 | Delta: 1.98e-02 | M: 59.8991 | Path: GPU-cuStateVec MPI-distributed (4 ranks)
Iter 0350 | Energy: -6.223616 | Delta: 1.25e-02 | M: 141.8443 | Path: GPU-cuStateVec MPI-distributed (4 ranks)
[RESILIENCE] Iteration 350: Global theta state checkpointed at path checkpoints/LiH/checkpoint_iter_0350.npy. 
Iter 0351 | Energy: -6.224344 | Delta: 7.28e-04 | M: 129.5676 | Path: GPU-cuStateVec MPI-distributed (4 ranks)
Iter 0352 | Energy: -6.222904 | Delta: 1.44e-03 | M: 37.1023 | Path: GPU-cuStateVec MPI-distributed (4 ranks)
Iter 0353 | Energy: -6.232240 | Delta: 9.34e-03 | M: 41.5247 | Path: GPU-cuStateVec MPI-distributed (4 ranks)
Iter 0354 | Energy: -6.233028 | Delta: 7.89e-04 | M: 41.7513 | Path: GPU-cuStateVec MPI-distributed (4 ranks)
Iter 0355 | Energy: -6.237409 | Delta: 4.38e-03 | M: 43.6472 | Path: GPU-cuStateVec MPI-distributed (4 ranks)
[RESILIENCE] Iteration 355: Global theta state checkpointed at path checkpoints/LiH/checkpoint_iter_0355.npy. 
Iter 0356 | Energy: -6.230926 | Delta: 6.48e-03 | M: 75.5758 | Path: GPU-cuStateVec MPI-distributed (4 ranks)
Iter 0357 | Energy: -6.230876 | Delta: 5.03e-05 | M: 40.3910 | Path: GPU-cuStateVec MPI-distributed (4 ranks)
Iter 0358 | Energy: -6.236682 | Delta: 5.81e-03 | M: 58.6921 | Path: GPU-cuStateVec MPI-distributed (4 ranks)
Iter 0359 | Energy: -6.246369 | Delta: 9.69e-03 | M: 102.5169 | Path: GPU-cuStateVec MPI-distributed (4 ranks)
Iter 0360 | Energy: -6.248997 | Delta: 2.63e-03 | M: 44.9585 | Path: GPU-cuStateVec MPI-distributed (4 ranks)
[RESILIENCE] Iteration 360: Global theta state checkpointed at path checkpoints/LiH/checkpoint_iter_0360.npy. 
Iter 0361 | Energy: -6.254491 | Delta: 5.49e-03 | M: 54.8926 | Path: GPU-cuStateVec MPI-distributed (4 ranks)
Iter 0362 | Energy: -6.254284 | Delta: 2.08e-04 | M: 63.7267 | Path: GPU-cuStateVec MPI-distributed (4 ranks)
Iter 0363 | Energy: -6.254877 | Delta: 5.93e-04 | M: 47.6888 | Path: GPU-cuStateVec MPI-distributed (4 ranks)
Iter 0364 | Energy: -6.268333 | Delta: 1.35e-02 | M: 55.6031 | Path: GPU-cuStateVec MPI-distributed (4 ranks)
Iter 0365 | Energy: -6.251582 | Delta: 1.68e-02 | M: 123.6214 | Path: GPU-cuStateVec MPI-distributed (4 ranks)
[RESILIENCE] Iteration 365: Global theta state checkpointed at path checkpoints/LiH/checkpoint_iter_0365.npy. 
Iter 0366 | Energy: -6.260081 | Delta: 8.50e-03 | M: 91.4132 | Path: GPU-cuStateVec MPI-distributed (4 ranks)
Iter 0367 | Energy: -6.266808 | Delta: 6.73e-03 | M: 63.7918 | Path: GPU-cuStateVec MPI-distributed (4 ranks)
Iter 0368 | Energy: -6.269616 | Delta: 2.81e-03 | M: 57.6995 | Path: GPU-cuStateVec MPI-distributed (4 ranks)
Iter 0369 | Energy: -6.263095 | Delta: 6.52e-03 | M: 45.4953 | Path: GPU-cuStateVec MPI-distributed (4 ranks)
Iter 0370 | Energy: -6.261879 | Delta: 1.22e-03 | M: 83.9885 | Path: GPU-cuStateVec MPI-distributed (4 ranks)
[RESILIENCE] Iteration 370: Global theta state checkpointed at path checkpoints/LiH/checkpoint_iter_0370.npy. 
Iter 0371 | Energy: -6.267912 | Delta: 6.03e-03 | M: 10118.0942 | Path: GPU-cuStateVec MPI-distributed (4 ranks)
Iter 0372 | Energy: -6.273930 | Delta: 6.02e-03 | M: 137.5674 | Path: GPU-cuStateVec MPI-distributed (4 ranks)
Iter 0373 | Energy: -6.287242 | Delta: 1.33e-02 | M: 57.2673 | Path: GPU-cuStateVec MPI-distributed (4 ranks)
Iter 0374 | Energy: -6.290305 | Delta: 3.06e-03 | M: 38.6232 | Path: GPU-cuStateVec MPI-distributed (4 ranks)
Iter 0375 | Energy: -6.293440 | Delta: 3.13e-03 | M: 39.2698 | Path: GPU-cuStateVec MPI-distributed (4 ranks)
[RESILIENCE] Iteration 375: Global theta state checkpointed at path checkpoints/LiH/checkpoint_iter_0375.npy. 
Iter 0376 | Energy: -6.309700 | Delta: 1.63e-02 | M: 44.3133 | Path: GPU-cuStateVec MPI-distributed (4 ranks)
Iter 0377 | Energy: -6.299551 | Delta: 1.01e-02 | M: 48.6868 | Path: GPU-cuStateVec MPI-distributed (4 ranks)
Iter 0378 | Energy: -6.302555 | Delta: 3.00e-03 | M: 54.6529 | Path: GPU-cuStateVec MPI-distributed (4 ranks)
Iter 0379 | Energy: -6.307084 | Delta: 4.53e-03 | M: 43.3866 | Path: GPU-cuStateVec MPI-distributed (4 ranks)
Iter 0380 | Energy: -6.294818 | Delta: 1.23e-02 | M: 60.9945 | Path: GPU-cuStateVec MPI-distributed (4 ranks)
[RESILIENCE] Iteration 380: Global theta state checkpointed at path checkpoints/LiH/checkpoint_iter_0380.npy. 
Iter 0381 | Energy: -6.302419 | Delta: 7.60e-03 | M: 56.0616 | Path: GPU-cuStateVec MPI-distributed (4 ranks)
Iter 0382 | Energy: -6.298722 | Delta: 3.70e-03 | M: 47.0689 | Path: GPU-cuStateVec MPI-distributed (4 ranks)
Iter 0383 | Energy: -6.308229 | Delta: 9.51e-03 | M: 52.5370 | Path: GPU-cuStateVec MPI-distributed (4 ranks)
Iter 0384 | Energy: -6.328575 | Delta: 2.03e-02 | M: 30.4210 | Path: GPU-cuStateVec MPI-distributed (4 ranks)
Iter 0385 | Energy: -6.317375 | Delta: 1.12e-02 | M: 48.6510 | Path: GPU-cuStateVec MPI-distributed (4 ranks)
[RESILIENCE] Iteration 385: Global theta state checkpointed at path checkpoints/LiH/checkpoint_iter_0385.npy. 
Iter 0386 | Energy: -6.324061 | Delta: 6.69e-03 | M: 41.4064 | Path: GPU-cuStateVec MPI-distributed (4 ranks)
Iter 0387 | Energy: -6.319380 | Delta: 4.68e-03 | M: 68.1891 | Path: GPU-cuStateVec MPI-distributed (4 ranks)
Iter 0388 | Energy: -6.320762 | Delta: 1.38e-03 | M: 54.0213 | Path: GPU-cuStateVec MPI-distributed (4 ranks)
Iter 0389 | Energy: -6.331172 | Delta: 1.04e-02 | M: 48.3690 | Path: GPU-cuStateVec MPI-distributed (4 ranks)
Iter 0390 | Energy: -6.344123 | Delta: 1.30e-02 | M: 64.9656 | Path: GPU-cuStateVec MPI-distributed (4 ranks)
[RESILIENCE] Iteration 390: Global theta state checkpointed at path checkpoints/LiH/checkpoint_iter_0390.npy. 
Iter 0391 | Energy: -6.348163 | Delta: 4.04e-03 | M: 42.9767 | Path: GPU-cuStateVec MPI-distributed (4 ranks)
Iter 0392 | Energy: -6.355006 | Delta: 6.84e-03 | M: 42.6888 | Path: GPU-cuStateVec MPI-distributed (4 ranks)
Iter 0393 | Energy: -6.350274 | Delta: 4.73e-03 | M: 43.4845 | Path: GPU-cuStateVec MPI-distributed (4 ranks)
Iter 0394 | Energy: -6.349398 | Delta: 8.75e-04 | M: 37.1527 | Path: GPU-cuStateVec MPI-distributed (4 ranks)
Iter 0395 | Energy: -6.353977 | Delta: 4.58e-03 | M: 57.7127 | Path: GPU-cuStateVec MPI-distributed (4 ranks)
[RESILIENCE] Iteration 395: Global theta state checkpointed at path checkpoints/LiH/checkpoint_iter_0395.npy. 
Iter 0396 | Energy: -6.365288 | Delta: 1.13e-02 | M: 85.5604 | Path: GPU-cuStateVec MPI-distributed (4 ranks)
Iter 0397 | Energy: -6.375590 | Delta: 1.03e-02 | M: 39.7089 | Path: GPU-cuStateVec MPI-distributed (4 ranks)
Iter 0398 | Energy: -6.395539 | Delta: 1.99e-02 | M: 48.3204 | Path: GPU-cuStateVec MPI-distributed (4 ranks)
Iter 0399 | Energy: -6.385474 | Delta: 1.01e-02 | M: 27.5414 | Path: GPU-cuStateVec MPI-distributed (4 ranks)
Iter 0400 | Energy: -6.389340 | Delta: 3.87e-03 | M: 69.0311 | Path: GPU-cuStateVec MPI-distributed (4 ranks)
[RESILIENCE] Iteration 400: Global theta state checkpointed at path checkpoints/LiH/checkpoint_iter_0400.npy. 
Iter 0401 | Energy: -6.383479 | Delta: 5.86e-03 | M: 9905.9774 | Path: GPU-cuStateVec MPI-distributed (4 ranks)
Iter 0402 | Energy: -6.402455 | Delta: 1.90e-02 | M: 68.9459 | Path: GPU-cuStateVec MPI-distributed (4 ranks)
Iter 0403 | Energy: -6.406656 | Delta: 4.20e-03 | M: 22.8043 | Path: GPU-cuStateVec MPI-distributed (4 ranks)
Iter 0404 | Energy: -6.408629 | Delta: 1.97e-03 | M: 40.1741 | Path: GPU-cuStateVec MPI-distributed (4 ranks)
Iter 0405 | Energy: -6.402219 | Delta: 6.41e-03 | M: 39.3407 | Path: GPU-cuStateVec MPI-distributed (4 ranks)
[RESILIENCE] Iteration 405: Global theta state checkpointed at path checkpoints/LiH/checkpoint_iter_0405.npy. 
Iter 0406 | Energy: -6.421539 | Delta: 1.93e-02 | M: 35.5318 | Path: GPU-cuStateVec MPI-distributed (4 ranks)
Iter 0407 | Energy: -6.421340 | Delta: 1.99e-04 | M: 43.2703 | Path: GPU-cuStateVec MPI-distributed (4 ranks)
Iter 0408 | Energy: -6.425113 | Delta: 3.77e-03 | M: 55.1932 | Path: GPU-cuStateVec MPI-distributed (4 ranks)
Iter 0409 | Energy: -6.422036 | Delta: 3.08e-03 | M: 19.8722 | Path: GPU-cuStateVec MPI-distributed (4 ranks)
Iter 0410 | Energy: -6.426384 | Delta: 4.35e-03 | M: 23.7052 | Path: GPU-cuStateVec MPI-distributed (4 ranks)
[RESILIENCE] Iteration 410: Global theta state checkpointed at path checkpoints/LiH/checkpoint_iter_0410.npy. 
Iter 0411 | Energy: -6.425267 | Delta: 1.12e-03 | M: 23.7300 | Path: GPU-cuStateVec MPI-distributed (4 ranks)
Iter 0412 | Energy: -6.420068 | Delta: 5.20e-03 | M: 35.8231 | Path: GPU-cuStateVec MPI-distributed (4 ranks)
Iter 0413 | Energy: -6.428541 | Delta: 8.47e-03 | M: 53.3206 | Path: GPU-cuStateVec MPI-distributed (4 ranks)
Iter 0414 | Energy: -6.429509 | Delta: 9.68e-04 | M: 20.8322 | Path: GPU-cuStateVec MPI-distributed (4 ranks)
Iter 0415 | Energy: -6.435482 | Delta: 5.97e-03 | M: 24.3655 | Path: GPU-cuStateVec MPI-distributed (4 ranks)
[RESILIENCE] Iteration 415: Global theta state checkpointed at path checkpoints/LiH/checkpoint_iter_0415.npy. 
Iter 0416 | Energy: -6.423418 | Delta: 1.21e-02 | M: 15.5531 | Path: GPU-cuStateVec MPI-distributed (4 ranks)
Iter 0417 | Energy: -6.430232 | Delta: 6.81e-03 | M: 24.1507 | Path: GPU-cuStateVec MPI-distributed (4 ranks)
Iter 0418 | Energy: -6.462587 | Delta: 3.24e-02 | M: 29.8387 | Path: GPU-cuStateVec MPI-distributed (4 ranks)
Iter 0419 | Energy: -6.458796 | Delta: 3.79e-03 | M: 42.4074 | Path: GPU-cuStateVec MPI-distributed (4 ranks)
Iter 0420 | Energy: -6.457606 | Delta: 1.19e-03 | M: 34.3648 | Path: GPU-cuStateVec MPI-distributed (4 ranks)
[RESILIENCE] Iteration 420: Global theta state checkpointed at path checkpoints/LiH/checkpoint_iter_0420.npy. 
Iter 0421 | Energy: -6.461017 | Delta: 3.41e-03 | M: 23.1502 | Path: GPU-cuStateVec MPI-distributed (4 ranks)
Iter 0422 | Energy: -6.451910 | Delta: 9.11e-03 | M: 56.8917 | Path: GPU-cuStateVec MPI-distributed (4 ranks)
Iter 0423 | Energy: -6.466956 | Delta: 1.50e-02 | M: 29.2245 | Path: GPU-cuStateVec MPI-distributed (4 ranks)
Iter 0424 | Energy: -6.482336 | Delta: 1.54e-02 | M: 50.4779 | Path: GPU-cuStateVec MPI-distributed (4 ranks)
Iter 0425 | Energy: -6.482261 | Delta: 7.48e-05 | M: 54.3288 | Path: GPU-cuStateVec MPI-distributed (4 ranks)
[RESILIENCE] Iteration 425: Global theta state checkpointed at path checkpoints/LiH/checkpoint_iter_0425.npy. 
Iter 0426 | Energy: -6.477296 | Delta: 4.96e-03 | M: 58.7330 | Path: GPU-cuStateVec MPI-distributed (4 ranks)
Iter 0427 | Energy: -6.490517 | Delta: 1.32e-02 | M: 79.4450 | Path: GPU-cuStateVec MPI-distributed (4 ranks)
Iter 0428 | Energy: -6.498449 | Delta: 7.93e-03 | M: 47.9081 | Path: GPU-cuStateVec MPI-distributed (4 ranks)
Iter 0429 | Energy: -6.510867 | Delta: 1.24e-02 | M: 93.9546 | Path: GPU-cuStateVec MPI-distributed (4 ranks)
Iter 0430 | Energy: -6.509265 | Delta: 1.60e-03 | M: 77.2086 | Path: GPU-cuStateVec MPI-distributed (4 ranks)
[RESILIENCE] Iteration 430: Global theta state checkpointed at path checkpoints/LiH/checkpoint_iter_0430.npy. 
Iter 0431 | Energy: -6.511759 | Delta: 2.49e-03 | M: 9697.9520 | Path: GPU-cuStateVec MPI-distributed (4 ranks)
Iter 0432 | Energy: -6.511298 | Delta: 4.61e-04 | M: 52.3948 | Path: GPU-cuStateVec MPI-distributed (4 ranks)
Iter 0433 | Energy: -6.529876 | Delta: 1.86e-02 | M: 67.0974 | Path: GPU-cuStateVec MPI-distributed (4 ranks)
Iter 0434 | Energy: -6.532056 | Delta: 2.18e-03 | M: 89.3709 | Path: GPU-cuStateVec MPI-distributed (4 ranks)
Iter 0435 | Energy: -6.540836 | Delta: 8.78e-03 | M: 9676.1692 | Path: GPU-cuStateVec MPI-distributed (4 ranks)
[RESILIENCE] Iteration 435: Global theta state checkpointed at path checkpoints/LiH/checkpoint_iter_0435.npy. 
Iter 0436 | Energy: -6.553677 | Delta: 1.28e-02 | M: 9572.6670 | Path: GPU-cuStateVec MPI-distributed (4 ranks)
Iter 0437 | Energy: -6.561314 | Delta: 7.64e-03 | M: 81.6030 | Path: GPU-cuStateVec MPI-distributed (4 ranks)
Iter 0438 | Energy: -6.557389 | Delta: 3.93e-03 | M: 49.5135 | Path: GPU-cuStateVec MPI-distributed (4 ranks)
Iter 0439 | Energy: -6.563983 | Delta: 6.59e-03 | M: 53.9770 | Path: GPU-cuStateVec MPI-distributed (4 ranks)
Iter 0440 | Energy: -6.581568 | Delta: 1.76e-02 | M: 33.1490 | Path: GPU-cuStateVec MPI-distributed (4 ranks)
[RESILIENCE] Iteration 440: Global theta state checkpointed at path checkpoints/LiH/checkpoint_iter_0440.npy. 
Iter 0441 | Energy: -6.580871 | Delta: 6.97e-04 | M: 45.5080 | Path: GPU-cuStateVec MPI-distributed (4 ranks)
Iter 0442 | Energy: -6.581525 | Delta: 6.54e-04 | M: 34.4022 | Path: GPU-cuStateVec MPI-distributed (4 ranks)
Iter 0443 | Energy: -6.579321 | Delta: 2.20e-03 | M: 67.1808 | Path: GPU-cuStateVec MPI-distributed (4 ranks)
Iter 0444 | Energy: -6.584311 | Delta: 4.99e-03 | M: 48.9862 | Path: GPU-cuStateVec MPI-distributed (4 ranks)
Iter 0445 | Energy: -6.584777 | Delta: 4.66e-04 | M: 102.5979 | Path: GPU-cuStateVec MPI-distributed (4 ranks)
[RESILIENCE] Iteration 445: Global theta state checkpointed at path checkpoints/LiH/checkpoint_iter_0445.npy. 
Iter 0446 | Energy: -6.585951 | Delta: 1.17e-03 | M: 46.9553 | Path: GPU-cuStateVec MPI-distributed (4 ranks)
Iter 0447 | Energy: -6.594191 | Delta: 8.24e-03 | M: 25.3016 | Path: GPU-cuStateVec MPI-distributed (4 ranks)
Iter 0448 | Energy: -6.594177 | Delta: 1.36e-05 | M: 36.5230 | Path: GPU-cuStateVec MPI-distributed (4 ranks)
Iter 0449 | Energy: -6.600516 | Delta: 6.34e-03 | M: 73.8538 | Path: GPU-cuStateVec MPI-distributed (4 ranks)
Iter 0450 | Energy: -6.598835 | Delta: 1.68e-03 | M: 58.4403 | Path: GPU-cuStateVec MPI-distributed (4 ranks)
[RESILIENCE] Iteration 450: Global theta state checkpointed at path checkpoints/LiH/checkpoint_iter_0450.npy. 
Iter 0451 | Energy: -6.604642 | Delta: 5.81e-03 | M: 7292.3679 | Path: GPU-cuStateVec MPI-distributed (4 ranks)
Iter 0452 | Energy: -6.612785 | Delta: 8.14e-03 | M: 27.2175 | Path: GPU-cuStateVec MPI-distributed (4 ranks)
Iter 0453 | Energy: -6.605645 | Delta: 7.14e-03 | M: 40.8683 | Path: GPU-cuStateVec MPI-distributed (4 ranks)
Iter 0454 | Energy: -6.610249 | Delta: 4.60e-03 | M: 41.5278 | Path: GPU-cuStateVec MPI-distributed (4 ranks)
Iter 0455 | Energy: -6.616170 | Delta: 5.92e-03 | M: 54.9480 | Path: GPU-cuStateVec MPI-distributed (4 ranks)
[RESILIENCE] Iteration 455: Global theta state checkpointed at path checkpoints/LiH/checkpoint_iter_0455.npy. 
Iter 0456 | Energy: -6.612441 | Delta: 3.73e-03 | M: 9074.3316 | Path: GPU-cuStateVec MPI-distributed (4 ranks)
Iter 0457 | Energy: -6.613255 | Delta: 8.15e-04 | M: 33.4883 | Path: GPU-cuStateVec MPI-distributed (4 ranks)
Iter 0458 | Energy: -6.616190 | Delta: 2.94e-03 | M: 41.7046 | Path: GPU-cuStateVec MPI-distributed (4 ranks)
Iter 0459 | Energy: -6.617121 | Delta: 9.31e-04 | M: 23.4475 | Path: GPU-cuStateVec MPI-distributed (4 ranks)
Iter 0460 | Energy: -6.630893 | Delta: 1.38e-02 | M: 40.3696 | Path: GPU-cuStateVec MPI-distributed (4 ranks)
[RESILIENCE] Iteration 460: Global theta state checkpointed at path checkpoints/LiH/checkpoint_iter_0460.npy. 
Iter 0461 | Energy: -6.634523 | Delta: 3.63e-03 | M: 52.4971 | Path: GPU-cuStateVec MPI-distributed (4 ranks)
Iter 0462 | Energy: -6.646007 | Delta: 1.15e-02 | M: 88.0954 | Path: GPU-cuStateVec MPI-distributed (4 ranks)
Iter 0463 | Energy: -6.649564 | Delta: 3.56e-03 | M: 72.9025 | Path: GPU-cuStateVec MPI-distributed (4 ranks)
Iter 0464 | Energy: -6.672805 | Delta: 2.32e-02 | M: 39.4493 | Path: GPU-cuStateVec MPI-distributed (4 ranks)
Iter 0465 | Energy: -6.695276 | Delta: 2.25e-02 | M: 45.2345 | Path: GPU-cuStateVec MPI-distributed (4 ranks)
[RESILIENCE] Iteration 465: Global theta state checkpointed at path checkpoints/LiH/checkpoint_iter_0465.npy. 
Iter 0466 | Energy: -6.703759 | Delta: 8.48e-03 | M: 82.6046 | Path: GPU-cuStateVec MPI-distributed (4 ranks)
Iter 0467 | Energy: -6.708601 | Delta: 4.84e-03 | M: 48.5683 | Path: GPU-cuStateVec MPI-distributed (4 ranks)
Iter 0468 | Energy: -6.719635 | Delta: 1.10e-02 | M: 59.7781 | Path: GPU-cuStateVec MPI-distributed (4 ranks)
Iter 0469 | Energy: -6.719959 | Delta: 3.24e-04 | M: 189.4320 | Path: GPU-cuStateVec MPI-distributed (4 ranks)
Iter 0470 | Energy: -6.725593 | Delta: 5.63e-03 | M: 37.2934 | Path: GPU-cuStateVec MPI-distributed (4 ranks)
[RESILIENCE] Iteration 470: Global theta state checkpointed at path checkpoints/LiH/checkpoint_iter_0470.npy. 
Iter 0471 | Energy: -6.724787 | Delta: 8.05e-04 | M: 54.7143 | Path: GPU-cuStateVec MPI-distributed (4 ranks)
Iter 0472 | Energy: -6.729165 | Delta: 4.38e-03 | M: 55.5324 | Path: GPU-cuStateVec MPI-distributed (4 ranks)
Iter 0473 | Energy: -6.738144 | Delta: 8.98e-03 | M: 29.9298 | Path: GPU-cuStateVec MPI-distributed (4 ranks)
Iter 0474 | Energy: -6.745811 | Delta: 7.67e-03 | M: 46.4557 | Path: GPU-cuStateVec MPI-distributed (4 ranks)
Iter 0475 | Energy: -6.749374 | Delta: 3.56e-03 | M: 82.1481 | Path: GPU-cuStateVec MPI-distributed (4 ranks)
[RESILIENCE] Iteration 475: Global theta state checkpointed at path checkpoints/LiH/checkpoint_iter_0475.npy. 
Iter 0476 | Energy: -6.747242 | Delta: 2.13e-03 | M: 51.3396 | Path: GPU-cuStateVec MPI-distributed (4 ranks)
Iter 0477 | Energy: -6.754591 | Delta: 7.35e-03 | M: 25.8154 | Path: GPU-cuStateVec MPI-distributed (4 ranks)
Iter 0478 | Energy: -6.762333 | Delta: 7.74e-03 | M: 27.0481 | Path: GPU-cuStateVec MPI-distributed (4 ranks)
Iter 0479 | Energy: -6.767994 | Delta: 5.66e-03 | M: 39.4479 | Path: GPU-cuStateVec MPI-distributed (4 ranks)
Iter 0480 | Energy: -6.766217 | Delta: 1.78e-03 | M: 69.3146 | Path: GPU-cuStateVec MPI-distributed (4 ranks)
[RESILIENCE] Iteration 480: Global theta state checkpointed at path checkpoints/LiH/checkpoint_iter_0480.npy. 
Iter 0481 | Energy: -6.775126 | Delta: 8.91e-03 | M: 50.2991 | Path: GPU-cuStateVec MPI-distributed (4 ranks)
Iter 0482 | Energy: -6.778683 | Delta: 3.56e-03 | M: 63.3218 | Path: GPU-cuStateVec MPI-distributed (4 ranks)
Iter 0483 | Energy: -6.787515 | Delta: 8.83e-03 | M: 156.1795 | Path: GPU-cuStateVec MPI-distributed (4 ranks)
Iter 0484 | Energy: -6.800936 | Delta: 1.34e-02 | M: 27.1407 | Path: GPU-cuStateVec MPI-distributed (4 ranks)
Iter 0485 | Energy: -6.808327 | Delta: 7.39e-03 | M: 177.8690 | Path: GPU-cuStateVec MPI-distributed (4 ranks)
[RESILIENCE] Iteration 485: Global theta state checkpointed at path checkpoints/LiH/checkpoint_iter_0485.npy. 
Iter 0486 | Energy: -6.812538 | Delta: 4.21e-03 | M: 63.7129 | Path: GPU-cuStateVec MPI-distributed (4 ranks)
Iter 0487 | Energy: -6.816809 | Delta: 4.27e-03 | M: 95.2358 | Path: GPU-cuStateVec MPI-distributed (4 ranks)
Iter 0488 | Energy: -6.822377 | Delta: 5.57e-03 | M: 64.2099 | Path: GPU-cuStateVec MPI-distributed (4 ranks)
Iter 0489 | Energy: -6.823456 | Delta: 1.08e-03 | M: 32.6160 | Path: GPU-cuStateVec MPI-distributed (4 ranks)
Iter 0490 | Energy: -6.820634 | Delta: 2.82e-03 | M: 16.7681 | Path: GPU-cuStateVec MPI-distributed (4 ranks)
[RESILIENCE] Iteration 490: Global theta state checkpointed at path checkpoints/LiH/checkpoint_iter_0490.npy. 
Iter 0491 | Energy: -6.832783 | Delta: 1.21e-02 | M: 55.7418 | Path: GPU-cuStateVec MPI-distributed (4 ranks)
Iter 0492 | Energy: -6.842033 | Delta: 9.25e-03 | M: 70.0500 | Path: GPU-cuStateVec MPI-distributed (4 ranks)
Iter 0493 | Energy: -6.839224 | Delta: 2.81e-03 | M: 93.0155 | Path: GPU-cuStateVec MPI-distributed (4 ranks)
Iter 0494 | Energy: -6.838604 | Delta: 6.21e-04 | M: 131.5097 | Path: GPU-cuStateVec MPI-distributed (4 ranks)
Iter 0495 | Energy: -6.844086 | Delta: 5.48e-03 | M: 31.8276 | Path: GPU-cuStateVec MPI-distributed (4 ranks)
[RESILIENCE] Iteration 495: Global theta state checkpointed at path checkpoints/LiH/checkpoint_iter_0495.npy. 
Iter 0496 | Energy: -6.844699 | Delta: 6.13e-04 | M: 29.8246 | Path: GPU-cuStateVec MPI-distributed (4 ranks)
Iter 0497 | Energy: -6.842672 | Delta: 2.03e-03 | M: 29.9203 | Path: GPU-cuStateVec MPI-distributed (4 ranks)
Iter 0498 | Energy: -6.845201 | Delta: 2.53e-03 | M: 22.8658 | Path: GPU-cuStateVec MPI-distributed (4 ranks)
Iter 0499 | Energy: -6.845448 | Delta: 2.48e-04 | M: 27.9314 | Path: GPU-cuStateVec MPI-distributed (4 ranks)
Iter 0500 | Energy: -6.845982 | Delta: 5.34e-04 | M: 25.2891 | Path: GPU-cuStateVec MPI-distributed (4 ranks)
[RESILIENCE] Iteration 500: Global theta state checkpointed at path checkpoints/LiH/checkpoint_iter_0500.npy. 
Iter 0501 | Energy: -6.852663 | Delta: 6.68e-03 | M: 27.8857 | Path: GPU-cuStateVec MPI-distributed (4 ranks)
Iter 0502 | Energy: -6.856181 | Delta: 3.52e-03 | M: 27.8459 | Path: GPU-cuStateVec MPI-distributed (4 ranks)
Iter 0503 | Energy: -6.849909 | Delta: 6.27e-03 | M: 22.6814 | Path: GPU-cuStateVec MPI-distributed (4 ranks)
Iter 0504 | Energy: -6.860560 | Delta: 1.07e-02 | M: 21.1432 | Path: GPU-cuStateVec MPI-distributed (4 ranks)
Iter 0505 | Energy: -6.860258 | Delta: 3.02e-04 | M: 24.1465 | Path: GPU-cuStateVec MPI-distributed (4 ranks)
[RESILIENCE] Iteration 505: Global theta state checkpointed at path checkpoints/LiH/checkpoint_iter_0505.npy. 
Iter 0506 | Energy: -6.855166 | Delta: 5.09e-03 | M: 27.1818 | Path: GPU-cuStateVec MPI-distributed (4 ranks)
Iter 0507 | Energy: -6.861189 | Delta: 6.02e-03 | M: 26.6959 | Path: GPU-cuStateVec MPI-distributed (4 ranks)
Iter 0508 | Energy: -6.866465 | Delta: 5.28e-03 | M: 36.6547 | Path: GPU-cuStateVec MPI-distributed (4 ranks)
Iter 0509 | Energy: -6.870599 | Delta: 4.13e-03 | M: 34.9480 | Path: GPU-cuStateVec MPI-distributed (4 ranks)
Iter 0510 | Energy: -6.866397 | Delta: 4.20e-03 | M: 40.3757 | Path: GPU-cuStateVec MPI-distributed (4 ranks)
[RESILIENCE] Iteration 510: Global theta state checkpointed at path checkpoints/LiH/checkpoint_iter_0510.npy. 
Iter 0511 | Energy: -6.875435 | Delta: 9.04e-03 | M: 23.9133 | Path: GPU-cuStateVec MPI-distributed (4 ranks)
Iter 0512 | Energy: -6.881585 | Delta: 6.15e-03 | M: 25.3700 | Path: GPU-cuStateVec MPI-distributed (4 ranks)
Iter 0513 | Energy: -6.879223 | Delta: 2.36e-03 | M: 9996.5558 | Path: GPU-cuStateVec MPI-distributed (4 ranks)
Iter 0514 | Energy: -6.883612 | Delta: 4.39e-03 | M: 59.9565 | Path: GPU-cuStateVec MPI-distributed (4 ranks)
Iter 0515 | Energy: -6.895793 | Delta: 1.22e-02 | M: 73.1242 | Path: GPU-cuStateVec MPI-distributed (4 ranks)
[RESILIENCE] Iteration 515: Global theta state checkpointed at path checkpoints/LiH/checkpoint_iter_0515.npy. 
Iter 0516 | Energy: -6.886555 | Delta: 9.24e-03 | M: 41.3043 | Path: GPU-cuStateVec MPI-distributed (4 ranks)
Iter 0517 | Energy: -6.890611 | Delta: 4.06e-03 | M: 76.9977 | Path: GPU-cuStateVec MPI-distributed (4 ranks)
Iter 0518 | Energy: -6.891681 | Delta: 1.07e-03 | M: 19.0168 | Path: GPU-cuStateVec MPI-distributed (4 ranks)
Iter 0519 | Energy: -6.889296 | Delta: 2.38e-03 | M: 27.6480 | Path: GPU-cuStateVec MPI-distributed (4 ranks)
Iter 0520 | Energy: -6.892978 | Delta: 3.68e-03 | M: 41.9335 | Path: GPU-cuStateVec MPI-distributed (4 ranks)
[RESILIENCE] Iteration 520: Global theta state checkpointed at path checkpoints/LiH/checkpoint_iter_0520.npy. 
Iter 0521 | Energy: -6.898061 | Delta: 5.08e-03 | M: 49.3816 | Path: GPU-cuStateVec MPI-distributed (4 ranks)
Iter 0522 | Energy: -6.916504 | Delta: 1.84e-02 | M: 75.2937 | Path: GPU-cuStateVec MPI-distributed (4 ranks)
Iter 0523 | Energy: -6.905466 | Delta: 1.10e-02 | M: 9285.8004 | Path: GPU-cuStateVec MPI-distributed (4 ranks)
Iter 0524 | Energy: -6.906424 | Delta: 9.57e-04 | M: 51.1524 | Path: GPU-cuStateVec MPI-distributed (4 ranks)
Iter 0525 | Energy: -6.907394 | Delta: 9.71e-04 | M: 128.2429 | Path: GPU-cuStateVec MPI-distributed (4 ranks)
[RESILIENCE] Iteration 525: Global theta state checkpointed at path checkpoints/LiH/checkpoint_iter_0525.npy. 
Iter 0526 | Energy: -6.916665 | Delta: 9.27e-03 | M: 58.5562 | Path: GPU-cuStateVec MPI-distributed (4 ranks)
Iter 0527 | Energy: -6.917523 | Delta: 8.57e-04 | M: 9083.2202 | Path: GPU-cuStateVec MPI-distributed (4 ranks)
Iter 0528 | Energy: -6.908998 | Delta: 8.52e-03 | M: 51.4508 | Path: GPU-cuStateVec MPI-distributed (4 ranks)
Iter 0529 | Energy: -6.914491 | Delta: 5.49e-03 | M: 102.4355 | Path: GPU-cuStateVec MPI-distributed (4 ranks)
Iter 0530 | Energy: -6.916664 | Delta: 2.17e-03 | M: 42.7264 | Path: GPU-cuStateVec MPI-distributed (4 ranks)
[RESILIENCE] Iteration 530: Global theta state checkpointed at path checkpoints/LiH/checkpoint_iter_0530.npy. 
Iter 0531 | Energy: -6.927452 | Delta: 1.08e-02 | M: 77.9870 | Path: GPU-cuStateVec MPI-distributed (4 ranks)
Iter 0532 | Energy: -6.919541 | Delta: 7.91e-03 | M: 52.2119 | Path: GPU-cuStateVec MPI-distributed (4 ranks)
Iter 0533 | Energy: -6.935853 | Delta: 1.63e-02 | M: 30.1289 | Path: GPU-cuStateVec MPI-distributed (4 ranks)
Iter 0534 | Energy: -6.953287 | Delta: 1.74e-02 | M: 53.0719 | Path: GPU-cuStateVec MPI-distributed (4 ranks)
Iter 0535 | Energy: -6.941726 | Delta: 1.16e-02 | M: 46.5340 | Path: GPU-cuStateVec MPI-distributed (4 ranks)
[RESILIENCE] Iteration 535: Global theta state checkpointed at path checkpoints/LiH/checkpoint_iter_0535.npy. 
Iter 0536 | Energy: -6.948213 | Delta: 6.49e-03 | M: 52.4681 | Path: GPU-cuStateVec MPI-distributed (4 ranks)
Iter 0537 | Energy: -6.945929 | Delta: 2.28e-03 | M: 29.6504 | Path: GPU-cuStateVec MPI-distributed (4 ranks)
Iter 0538 | Energy: -6.947392 | Delta: 1.46e-03 | M: 161.7164 | Path: GPU-cuStateVec MPI-distributed (4 ranks)
Iter 0539 | Energy: -6.948486 | Delta: 1.09e-03 | M: 52.3327 | Path: GPU-cuStateVec MPI-distributed (4 ranks)
Iter 0540 | Energy: -6.951636 | Delta: 3.15e-03 | M: 39.1701 | Path: GPU-cuStateVec MPI-distributed (4 ranks)
[RESILIENCE] Iteration 540: Global theta state checkpointed at path checkpoints/LiH/checkpoint_iter_0540.npy. 
Iter 0541 | Energy: -6.948914 | Delta: 2.72e-03 | M: 44.0794 | Path: GPU-cuStateVec MPI-distributed (4 ranks)
Iter 0542 | Energy: -6.955701 | Delta: 6.79e-03 | M: 32.0106 | Path: GPU-cuStateVec MPI-distributed (4 ranks)
Iter 0543 | Energy: -6.961919 | Delta: 6.22e-03 | M: 19.8203 | Path: GPU-cuStateVec MPI-distributed (4 ranks)
Iter 0544 | Energy: -6.958309 | Delta: 3.61e-03 | M: 24.8813 | Path: GPU-cuStateVec MPI-distributed (4 ranks)
Iter 0545 | Energy: -6.963069 | Delta: 4.76e-03 | M: 36.3288 | Path: GPU-cuStateVec MPI-distributed (4 ranks)
[RESILIENCE] Iteration 545: Global theta state checkpointed at path checkpoints/LiH/checkpoint_iter_0545.npy. 
Iter 0546 | Energy: -6.952571 | Delta: 1.05e-02 | M: 36.9382 | Path: GPU-cuStateVec MPI-distributed (4 ranks)
Iter 0547 | Energy: -6.960563 | Delta: 7.99e-03 | M: 41.6755 | Path: GPU-cuStateVec MPI-distributed (4 ranks)
Iter 0548 | Energy: -6.956029 | Delta: 4.53e-03 | M: 46.4551 | Path: GPU-cuStateVec MPI-distributed (4 ranks)
Iter 0549 | Energy: -6.966476 | Delta: 1.04e-02 | M: 20.0492 | Path: GPU-cuStateVec MPI-distributed (4 ranks)
Iter 0550 | Energy: -6.973641 | Delta: 7.16e-03 | M: 24.6913 | Path: GPU-cuStateVec MPI-distributed (4 ranks)
[RESILIENCE] Iteration 550: Global theta state checkpointed at path checkpoints/LiH/checkpoint_iter_0550.npy. 
Iter 0551 | Energy: -6.968361 | Delta: 5.28e-03 | M: 67.2517 | Path: GPU-cuStateVec MPI-distributed (4 ranks)
Iter 0552 | Energy: -6.971859 | Delta: 3.50e-03 | M: 74.9597 | Path: GPU-cuStateVec MPI-distributed (4 ranks)
Iter 0553 | Energy: -6.972878 | Delta: 1.02e-03 | M: 36.4512 | Path: GPU-cuStateVec MPI-distributed (4 ranks)
Iter 0554 | Energy: -6.973177 | Delta: 2.98e-04 | M: 98.0531 | Path: GPU-cuStateVec MPI-distributed (4 ranks)
Iter 0555 | Energy: -6.977259 | Delta: 4.08e-03 | M: 55.9431 | Path: GPU-cuStateVec MPI-distributed (4 ranks)
[RESILIENCE] Iteration 555: Global theta state checkpointed at path checkpoints/LiH/checkpoint_iter_0555.npy. 
Iter 0556 | Energy: -6.985058 | Delta: 7.80e-03 | M: 8791.0481 | Path: GPU-cuStateVec MPI-distributed (4 ranks)
Iter 0557 | Energy: -6.980802 | Delta: 4.26e-03 | M: 55.8568 | Path: GPU-cuStateVec MPI-distributed (4 ranks)
Iter 0558 | Energy: -6.984341 | Delta: 3.54e-03 | M: 45.5616 | Path: GPU-cuStateVec MPI-distributed (4 ranks)
Iter 0559 | Energy: -6.987208 | Delta: 2.87e-03 | M: 28.6980 | Path: GPU-cuStateVec MPI-distributed (4 ranks)
Iter 0560 | Energy: -7.000299 | Delta: 1.31e-02 | M: 59.7282 | Path: GPU-cuStateVec MPI-distributed (4 ranks)
[RESILIENCE] Iteration 560: Global theta state checkpointed at path checkpoints/LiH/checkpoint_iter_0560.npy. 
Iter 0561 | Energy: -7.004580 | Delta: 4.28e-03 | M: 27.7252 | Path: GPU-cuStateVec MPI-distributed (4 ranks)
Iter 0562 | Energy: -7.018489 | Delta: 1.39e-02 | M: 27.8412 | Path: GPU-cuStateVec MPI-distributed (4 ranks)
Iter 0563 | Energy: -7.012265 | Delta: 6.22e-03 | M: 91.0583 | Path: GPU-cuStateVec MPI-distributed (4 ranks)
Iter 0564 | Energy: -7.027199 | Delta: 1.49e-02 | M: 72.0599 | Path: GPU-cuStateVec MPI-distributed (4 ranks)
Iter 0565 | Energy: -7.027532 | Delta: 3.33e-04 | M: 9731.0591 | Path: GPU-cuStateVec MPI-distributed (4 ranks)
[RESILIENCE] Iteration 565: Global theta state checkpointed at path checkpoints/LiH/checkpoint_iter_0565.npy. 
Iter 0566 | Energy: -7.041175 | Delta: 1.36e-02 | M: 38.1227 | Path: GPU-cuStateVec MPI-distributed (4 ranks)
Iter 0567 | Energy: -7.038091 | Delta: 3.08e-03 | M: 24.0605 | Path: GPU-cuStateVec MPI-distributed (4 ranks)
Iter 0568 | Energy: -7.031384 | Delta: 6.71e-03 | M: 32.5906 | Path: GPU-cuStateVec MPI-distributed (4 ranks)
Iter 0569 | Energy: -7.050458 | Delta: 1.91e-02 | M: 47.6376 | Path: GPU-cuStateVec MPI-distributed (4 ranks)
Iter 0570 | Energy: -7.051601 | Delta: 1.14e-03 | M: 62.5769 | Path: GPU-cuStateVec MPI-distributed (4 ranks)
[RESILIENCE] Iteration 570: Global theta state checkpointed at path checkpoints/LiH/checkpoint_iter_0570.npy. 
Iter 0571 | Energy: -7.044488 | Delta: 7.11e-03 | M: 6282.7052 | Path: GPU-cuStateVec MPI-distributed (4 ranks)
Iter 0572 | Energy: -7.047866 | Delta: 3.38e-03 | M: 37.4157 | Path: GPU-cuStateVec MPI-distributed (4 ranks)
Iter 0573 | Energy: -7.065705 | Delta: 1.78e-02 | M: 29.4882 | Path: GPU-cuStateVec MPI-distributed (4 ranks)
Iter 0574 | Energy: -7.062107 | Delta: 3.60e-03 | M: 30.4208 | Path: GPU-cuStateVec MPI-distributed (4 ranks)
Iter 0575 | Energy: -7.071582 | Delta: 9.47e-03 | M: 45.8341 | Path: GPU-cuStateVec MPI-distributed (4 ranks)
[RESILIENCE] Iteration 575: Global theta state checkpointed at path checkpoints/LiH/checkpoint_iter_0575.npy. 
Iter 0576 | Energy: -7.078645 | Delta: 7.06e-03 | M: 54.9494 | Path: GPU-cuStateVec MPI-distributed (4 ranks)
Iter 0577 | Energy: -7.087542 | Delta: 8.90e-03 | M: 82.8122 | Path: GPU-cuStateVec MPI-distributed (4 ranks)
Iter 0578 | Energy: -7.084280 | Delta: 3.26e-03 | M: 27.7496 | Path: GPU-cuStateVec MPI-distributed (4 ranks)
Iter 0579 | Energy: -7.081295 | Delta: 2.98e-03 | M: 45.5419 | Path: GPU-cuStateVec MPI-distributed (4 ranks)
Iter 0580 | Energy: -7.086289 | Delta: 4.99e-03 | M: 113.7653 | Path: GPU-cuStateVec MPI-distributed (4 ranks)
[RESILIENCE] Iteration 580: Global theta state checkpointed at path checkpoints/LiH/checkpoint_iter_0580.npy. 
Iter 0581 | Energy: -7.085219 | Delta: 1.07e-03 | M: 65.6393 | Path: GPU-cuStateVec MPI-distributed (4 ranks)
Iter 0582 | Energy: -7.093812 | Delta: 8.59e-03 | M: 104.8527 | Path: GPU-cuStateVec MPI-distributed (4 ranks)
Iter 0583 | Energy: -7.095875 | Delta: 2.06e-03 | M: 78.9748 | Path: GPU-cuStateVec MPI-distributed (4 ranks)
Iter 0584 | Energy: -7.094564 | Delta: 1.31e-03 | M: 64.2564 | Path: GPU-cuStateVec MPI-distributed (4 ranks)
Iter 0585 | Energy: -7.094630 | Delta: 6.53e-05 | M: 79.5941 | Path: GPU-cuStateVec MPI-distributed (4 ranks)
[RESILIENCE] Iteration 585: Global theta state checkpointed at path checkpoints/LiH/checkpoint_iter_0585.npy. 
Iter 0586 | Energy: -7.092929 | Delta: 1.70e-03 | M: 112.2405 | Path: GPU-cuStateVec MPI-distributed (4 ranks)
Iter 0587 | Energy: -7.092625 | Delta: 3.04e-04 | M: 27.8440 | Path: GPU-cuStateVec MPI-distributed (4 ranks)
Iter 0588 | Energy: -7.099417 | Delta: 6.79e-03 | M: 42.8821 | Path: GPU-cuStateVec MPI-distributed (4 ranks)
Iter 0589 | Energy: -7.103281 | Delta: 3.86e-03 | M: 9946.9875 | Path: GPU-cuStateVec MPI-distributed (4 ranks)
Iter 0590 | Energy: -7.107730 | Delta: 4.45e-03 | M: 50.3534 | Path: GPU-cuStateVec MPI-distributed (4 ranks)
[RESILIENCE] Iteration 590: Global theta state checkpointed at path checkpoints/LiH/checkpoint_iter_0590.npy. 
Iter 0591 | Energy: -7.097234 | Delta: 1.05e-02 | M: 55.7923 | Path: GPU-cuStateVec MPI-distributed (4 ranks)
Iter 0592 | Energy: -7.108838 | Delta: 1.16e-02 | M: 58.9719 | Path: GPU-cuStateVec MPI-distributed (4 ranks)
Iter 0593 | Energy: -7.107487 | Delta: 1.35e-03 | M: 39.9435 | Path: GPU-cuStateVec MPI-distributed (4 ranks)
Iter 0594 | Energy: -7.121648 | Delta: 1.42e-02 | M: 55.1625 | Path: GPU-cuStateVec MPI-distributed (4 ranks)
Iter 0595 | Energy: -7.130170 | Delta: 8.52e-03 | M: 52.8060 | Path: GPU-cuStateVec MPI-distributed (4 ranks)
[RESILIENCE] Iteration 595: Global theta state checkpointed at path checkpoints/LiH/checkpoint_iter_0595.npy. 
Iter 0596 | Energy: -7.123495 | Delta: 6.68e-03 | M: 171.8443 | Path: GPU-cuStateVec MPI-distributed (4 ranks)
Iter 0597 | Energy: -7.132943 | Delta: 9.45e-03 | M: 26.1860 | Path: GPU-cuStateVec MPI-distributed (4 ranks)
Iter 0598 | Energy: -7.131708 | Delta: 1.24e-03 | M: 33.4161 | Path: GPU-cuStateVec MPI-distributed (4 ranks)
Iter 0599 | Energy: -7.124063 | Delta: 7.65e-03 | M: 28.7226 | Path: GPU-cuStateVec MPI-distributed (4 ranks)
Iter 0600 | Energy: -7.135310 | Delta: 1.12e-02 | M: 160.3868 | Path: GPU-cuStateVec MPI-distributed (4 ranks)
[RESILIENCE] Iteration 600: Global theta state checkpointed at path checkpoints/LiH/checkpoint_iter_0600.npy. 
Iter 0601 | Energy: -7.140207 | Delta: 4.90e-03 | M: 8247.5614 | Path: GPU-cuStateVec MPI-distributed (4 ranks)
Iter 0602 | Energy: -7.138451 | Delta: 1.76e-03 | M: 26.5416 | Path: GPU-cuStateVec MPI-distributed (4 ranks)
Iter 0603 | Energy: -7.140019 | Delta: 1.57e-03 | M: 27.5474 | Path: GPU-cuStateVec MPI-distributed (4 ranks)
Iter 0604 | Energy: -7.147948 | Delta: 7.93e-03 | M: 57.0744 | Path: GPU-cuStateVec MPI-distributed (4 ranks)
Iter 0605 | Energy: -7.142566 | Delta: 5.38e-03 | M: 24.6009 | Path: GPU-cuStateVec MPI-distributed (4 ranks)
[RESILIENCE] Iteration 605: Global theta state checkpointed at path checkpoints/LiH/checkpoint_iter_0605.npy. 
Iter 0606 | Energy: -7.147922 | Delta: 5.36e-03 | M: 44.7132 | Path: GPU-cuStateVec MPI-distributed (4 ranks)
Iter 0607 | Energy: -7.159681 | Delta: 1.18e-02 | M: 58.8384 | Path: GPU-cuStateVec MPI-distributed (4 ranks)
Iter 0608 | Energy: -7.158173 | Delta: 1.51e-03 | M: 72.6798 | Path: GPU-cuStateVec MPI-distributed (4 ranks)
Iter 0609 | Energy: -7.159448 | Delta: 1.28e-03 | M: 50.8916 | Path: GPU-cuStateVec MPI-distributed (4 ranks)
Iter 0610 | Energy: -7.159202 | Delta: 2.46e-04 | M: 21.6482 | Path: GPU-cuStateVec MPI-distributed (4 ranks)
[RESILIENCE] Iteration 610: Global theta state checkpointed at path checkpoints/LiH/checkpoint_iter_0610.npy. 
Iter 0611 | Energy: -7.163343 | Delta: 4.14e-03 | M: 59.1770 | Path: GPU-cuStateVec MPI-distributed (4 ranks)
Iter 0612 | Energy: -7.165585 | Delta: 2.24e-03 | M: 58.6355 | Path: GPU-cuStateVec MPI-distributed (4 ranks)
Iter 0613 | Energy: -7.164688 | Delta: 8.98e-04 | M: 45.6333 | Path: GPU-cuStateVec MPI-distributed (4 ranks)
Iter 0614 | Energy: -7.168277 | Delta: 3.59e-03 | M: 34.3129 | Path: GPU-cuStateVec MPI-distributed (4 ranks)
Iter 0615 | Energy: -7.169092 | Delta: 8.15e-04 | M: 47.1688 | Path: GPU-cuStateVec MPI-distributed (4 ranks)
[RESILIENCE] Iteration 615: Global theta state checkpointed at path checkpoints/LiH/checkpoint_iter_0615.npy. 
Iter 0616 | Energy: -7.168621 | Delta: 4.71e-04 | M: 151.8041 | Path: GPU-cuStateVec MPI-distributed (4 ranks)
Iter 0617 | Energy: -7.181047 | Delta: 1.24e-02 | M: 43.9190 | Path: GPU-cuStateVec MPI-distributed (4 ranks)
Iter 0618 | Energy: -7.182594 | Delta: 1.55e-03 | M: 56.8991 | Path: GPU-cuStateVec MPI-distributed (4 ranks)
Iter 0619 | Energy: -7.177803 | Delta: 4.79e-03 | M: 107.0134 | Path: GPU-cuStateVec MPI-distributed (4 ranks)
Iter 0620 | Energy: -7.177651 | Delta: 1.52e-04 | M: 61.7804 | Path: GPU-cuStateVec MPI-distributed (4 ranks)
[RESILIENCE] Iteration 620: Global theta state checkpointed at path checkpoints/LiH/checkpoint_iter_0620.npy. 
Iter 0621 | Energy: -7.177339 | Delta: 3.12e-04 | M: 60.4223 | Path: GPU-cuStateVec MPI-distributed (4 ranks)
Iter 0622 | Energy: -7.194297 | Delta: 1.70e-02 | M: 29.5386 | Path: GPU-cuStateVec MPI-distributed (4 ranks)
Iter 0623 | Energy: -7.178596 | Delta: 1.57e-02 | M: 44.5255 | Path: GPU-cuStateVec MPI-distributed (4 ranks)
Iter 0624 | Energy: -7.189869 | Delta: 1.13e-02 | M: 52.9973 | Path: GPU-cuStateVec MPI-distributed (4 ranks)
Iter 0625 | Energy: -7.198190 | Delta: 8.32e-03 | M: 53.1897 | Path: GPU-cuStateVec MPI-distributed (4 ranks)
[RESILIENCE] Iteration 625: Global theta state checkpointed at path checkpoints/LiH/checkpoint_iter_0625.npy. 
Iter 0626 | Energy: -7.201386 | Delta: 3.20e-03 | M: 30.9847 | Path: GPU-cuStateVec MPI-distributed (4 ranks)
Iter 0627 | Energy: -7.206003 | Delta: 4.62e-03 | M: 27.6483 | Path: GPU-cuStateVec MPI-distributed (4 ranks)
Iter 0628 | Energy: -7.202734 | Delta: 3.27e-03 | M: 32.4528 | Path: GPU-cuStateVec MPI-distributed (4 ranks)
Iter 0629 | Energy: -7.210255 | Delta: 7.52e-03 | M: 26.6661 | Path: GPU-cuStateVec MPI-distributed (4 ranks)
Iter 0630 | Energy: -7.216812 | Delta: 6.56e-03 | M: 24.8996 | Path: GPU-cuStateVec MPI-distributed (4 ranks)
[RESILIENCE] Iteration 630: Global theta state checkpointed at path checkpoints/LiH/checkpoint_iter_0630.npy. 
Iter 0631 | Energy: -7.215020 | Delta: 1.79e-03 | M: 60.5166 | Path: GPU-cuStateVec MPI-distributed (4 ranks)
Iter 0632 | Energy: -7.218487 | Delta: 3.47e-03 | M: 36.7939 | Path: GPU-cuStateVec MPI-distributed (4 ranks)
Iter 0633 | Energy: -7.219029 | Delta: 5.42e-04 | M: 72.6528 | Path: GPU-cuStateVec MPI-distributed (4 ranks)
Iter 0634 | Energy: -7.222014 | Delta: 2.98e-03 | M: 61.5813 | Path: GPU-cuStateVec MPI-distributed (4 ranks)
Iter 0635 | Energy: -7.216289 | Delta: 5.72e-03 | M: 34.9412 | Path: GPU-cuStateVec MPI-distributed (4 ranks)
[RESILIENCE] Iteration 635: Global theta state checkpointed at path checkpoints/LiH/checkpoint_iter_0635.npy. 
Iter 0636 | Energy: -7.223027 | Delta: 6.74e-03 | M: 59.1325 | Path: GPU-cuStateVec MPI-distributed (4 ranks)
Iter 0637 | Energy: -7.228068 | Delta: 5.04e-03 | M: 45.1890 | Path: GPU-cuStateVec MPI-distributed (4 ranks)
Iter 0638 | Energy: -7.237082 | Delta: 9.01e-03 | M: 45.2482 | Path: GPU-cuStateVec MPI-distributed (4 ranks)
Iter 0639 | Energy: -7.241951 | Delta: 4.87e-03 | M: 54.4475 | Path: GPU-cuStateVec MPI-distributed (4 ranks)
Iter 0640 | Energy: -7.237588 | Delta: 4.36e-03 | M: 39.0004 | Path: GPU-cuStateVec MPI-distributed (4 ranks)
[RESILIENCE] Iteration 640: Global theta state checkpointed at path checkpoints/LiH/checkpoint_iter_0640.npy. 
Iter 0641 | Energy: -7.239860 | Delta: 2.27e-03 | M: 34.3037 | Path: GPU-cuStateVec MPI-distributed (4 ranks)
Iter 0642 | Energy: -7.245512 | Delta: 5.65e-03 | M: 57.5707 | Path: GPU-cuStateVec MPI-distributed (4 ranks)
Iter 0643 | Energy: -7.248618 | Delta: 3.11e-03 | M: 39.3156 | Path: GPU-cuStateVec MPI-distributed (4 ranks)
Iter 0644 | Energy: -7.257830 | Delta: 9.21e-03 | M: 65.6025 | Path: GPU-cuStateVec MPI-distributed (4 ranks)
Iter 0645 | Energy: -7.259538 | Delta: 1.71e-03 | M: 36.1108 | Path: GPU-cuStateVec MPI-distributed (4 ranks)
[RESILIENCE] Iteration 645: Global theta state checkpointed at path checkpoints/LiH/checkpoint_iter_0645.npy. 
Iter 0646 | Energy: -7.265262 | Delta: 5.72e-03 | M: 42.3402 | Path: GPU-cuStateVec MPI-distributed (4 ranks)
Iter 0647 | Energy: -7.274535 | Delta: 9.27e-03 | M: 72.8223 | Path: GPU-cuStateVec MPI-distributed (4 ranks)
Iter 0648 | Energy: -7.282481 | Delta: 7.95e-03 | M: 69.3027 | Path: GPU-cuStateVec MPI-distributed (4 ranks)
Iter 0649 | Energy: -7.277327 | Delta: 5.15e-03 | M: 29.6200 | Path: GPU-cuStateVec MPI-distributed (4 ranks)
Iter 0650 | Energy: -7.288813 | Delta: 1.15e-02 | M: 38.1677 | Path: GPU-cuStateVec MPI-distributed (4 ranks)
[RESILIENCE] Iteration 650: Global theta state checkpointed at path checkpoints/LiH/checkpoint_iter_0650.npy. 
Iter 0651 | Energy: -7.296121 | Delta: 7.31e-03 | M: 65.1509 | Path: GPU-cuStateVec MPI-distributed (4 ranks)
Iter 0652 | Energy: -7.290006 | Delta: 6.12e-03 | M: 67.2222 | Path: GPU-cuStateVec MPI-distributed (4 ranks)
Iter 0653 | Energy: -7.290109 | Delta: 1.03e-04 | M: 69.8736 | Path: GPU-cuStateVec MPI-distributed (4 ranks)
Iter 0654 | Energy: -7.290722 | Delta: 6.14e-04 | M: 63.8023 | Path: GPU-cuStateVec MPI-distributed (4 ranks)
Iter 0655 | Energy: -7.289100 | Delta: 1.62e-03 | M: 64.6843 | Path: GPU-cuStateVec MPI-distributed (4 ranks)
[RESILIENCE] Iteration 655: Global theta state checkpointed at path checkpoints/LiH/checkpoint_iter_0655.npy. 
Iter 0656 | Energy: -7.297694 | Delta: 8.59e-03 | M: 69.1028 | Path: GPU-cuStateVec MPI-distributed (4 ranks)
Iter 0657 | Energy: -7.302898 | Delta: 5.20e-03 | M: 45.1967 | Path: GPU-cuStateVec MPI-distributed (4 ranks)
Iter 0658 | Energy: -7.299302 | Delta: 3.60e-03 | M: 9473.9861 | Path: GPU-cuStateVec MPI-distributed (4 ranks)
Iter 0659 | Energy: -7.308821 | Delta: 9.52e-03 | M: 61.3744 | Path: GPU-cuStateVec MPI-distributed (4 ranks)
Iter 0660 | Energy: -7.306236 | Delta: 2.58e-03 | M: 69.8065 | Path: GPU-cuStateVec MPI-distributed (4 ranks)
[RESILIENCE] Iteration 660: Global theta state checkpointed at path checkpoints/LiH/checkpoint_iter_0660.npy. 
Iter 0661 | Energy: -7.311484 | Delta: 5.25e-03 | M: 71.8953 | Path: GPU-cuStateVec MPI-distributed (4 ranks)
Iter 0662 | Energy: -7.311670 | Delta: 1.86e-04 | M: 167.1072 | Path: GPU-cuStateVec MPI-distributed (4 ranks)
Iter 0663 | Energy: -7.315005 | Delta: 3.33e-03 | M: 9439.3824 | Path: GPU-cuStateVec MPI-distributed (4 ranks)
Iter 0664 | Energy: -7.313118 | Delta: 1.89e-03 | M: 67.6629 | Path: GPU-cuStateVec MPI-distributed (4 ranks)
Iter 0665 | Energy: -7.318463 | Delta: 5.34e-03 | M: 157.3192 | Path: GPU-cuStateVec MPI-distributed (4 ranks)
[RESILIENCE] Iteration 665: Global theta state checkpointed at path checkpoints/LiH/checkpoint_iter_0665.npy. 
Iter 0666 | Energy: -7.318675 | Delta: 2.12e-04 | M: 56.4669 | Path: GPU-cuStateVec MPI-distributed (4 ranks)
Iter 0667 | Energy: -7.321627 | Delta: 2.95e-03 | M: 58.4976 | Path: GPU-cuStateVec MPI-distributed (4 ranks)
Iter 0668 | Energy: -7.325431 | Delta: 3.80e-03 | M: 39.7141 | Path: GPU-cuStateVec MPI-distributed (4 ranks)
Iter 0669 | Energy: -7.321620 | Delta: 3.81e-03 | M: 25.2221 | Path: GPU-cuStateVec MPI-distributed (4 ranks)
Iter 0670 | Energy: -7.324387 | Delta: 2.77e-03 | M: 33.1260 | Path: GPU-cuStateVec MPI-distributed (4 ranks)
[RESILIENCE] Iteration 670: Global theta state checkpointed at path checkpoints/LiH/checkpoint_iter_0670.npy. 
Iter 0671 | Energy: -7.328259 | Delta: 3.87e-03 | M: 10.1780 | Path: GPU-cuStateVec MPI-distributed (4 ranks)
Iter 0672 | Energy: -7.330933 | Delta: 2.67e-03 | M: 61.4761 | Path: GPU-cuStateVec MPI-distributed (4 ranks)
Iter 0673 | Energy: -7.332038 | Delta: 1.11e-03 | M: 70.6764 | Path: GPU-cuStateVec MPI-distributed (4 ranks)
Iter 0674 | Energy: -7.329763 | Delta: 2.27e-03 | M: 45.9729 | Path: GPU-cuStateVec MPI-distributed (4 ranks)
Iter 0675 | Energy: -7.327470 | Delta: 2.29e-03 | M: 24.2373 | Path: GPU-cuStateVec MPI-distributed (4 ranks)
[RESILIENCE] Iteration 675: Global theta state checkpointed at path checkpoints/LiH/checkpoint_iter_0675.npy. 
Iter 0676 | Energy: -7.332742 | Delta: 5.27e-03 | M: 54.5112 | Path: GPU-cuStateVec MPI-distributed (4 ranks)
Iter 0677 | Energy: -7.344334 | Delta: 1.16e-02 | M: 27.5889 | Path: GPU-cuStateVec MPI-distributed (4 ranks)
Iter 0678 | Energy: -7.336721 | Delta: 7.61e-03 | M: 19.4987 | Path: GPU-cuStateVec MPI-distributed (4 ranks)
Iter 0679 | Energy: -7.333804 | Delta: 2.92e-03 | M: 29.7700 | Path: GPU-cuStateVec MPI-distributed (4 ranks)
Iter 0680 | Energy: -7.334922 | Delta: 1.12e-03 | M: 48.6404 | Path: GPU-cuStateVec MPI-distributed (4 ranks)
[RESILIENCE] Iteration 680: Global theta state checkpointed at path checkpoints/LiH/checkpoint_iter_0680.npy. 
Iter 0681 | Energy: -7.332147 | Delta: 2.78e-03 | M: 168.6803 | Path: GPU-cuStateVec MPI-distributed (4 ranks)
Iter 0682 | Energy: -7.344218 | Delta: 1.21e-02 | M: 35.5817 | Path: GPU-cuStateVec MPI-distributed (4 ranks)
Iter 0683 | Energy: -7.337618 | Delta: 6.60e-03 | M: 64.9245 | Path: GPU-cuStateVec MPI-distributed (4 ranks)
Iter 0684 | Energy: -7.353905 | Delta: 1.63e-02 | M: 44.4733 | Path: GPU-cuStateVec MPI-distributed (4 ranks)
Iter 0685 | Energy: -7.361760 | Delta: 7.85e-03 | M: 43.2631 | Path: GPU-cuStateVec MPI-distributed (4 ranks)
[RESILIENCE] Iteration 685: Global theta state checkpointed at path checkpoints/LiH/checkpoint_iter_0685.npy. 
Iter 0686 | Energy: -7.362798 | Delta: 1.04e-03 | M: 138.8252 | Path: GPU-cuStateVec MPI-distributed (4 ranks)
Iter 0687 | Energy: -7.369098 | Delta: 6.30e-03 | M: 29.2610 | Path: GPU-cuStateVec MPI-distributed (4 ranks)
Iter 0688 | Energy: -7.364502 | Delta: 4.60e-03 | M: 5521.0974 | Path: GPU-cuStateVec MPI-distributed (4 ranks)
Iter 0689 | Energy: -7.364565 | Delta: 6.30e-05 | M: 47.3295 | Path: GPU-cuStateVec MPI-distributed (4 ranks)
Iter 0690 | Energy: -7.373458 | Delta: 8.89e-03 | M: 20.6416 | Path: GPU-cuStateVec MPI-distributed (4 ranks)
[RESILIENCE] Iteration 690: Global theta state checkpointed at path checkpoints/LiH/checkpoint_iter_0690.npy. 
Iter 0691 | Energy: -7.385472 | Delta: 1.20e-02 | M: 133.6678 | Path: GPU-cuStateVec MPI-distributed (4 ranks)
Iter 0692 | Energy: -7.385379 | Delta: 9.28e-05 | M: 48.1546 | Path: GPU-cuStateVec MPI-distributed (4 ranks)
Iter 0693 | Energy: -7.385265 | Delta: 1.13e-04 | M: 27.4326 | Path: GPU-cuStateVec MPI-distributed (4 ranks)
Iter 0694 | Energy: -7.384269 | Delta: 9.96e-04 | M: 29.8506 | Path: GPU-cuStateVec MPI-distributed (4 ranks)
Iter 0695 | Energy: -7.393130 | Delta: 8.86e-03 | M: 66.7217 | Path: GPU-cuStateVec MPI-distributed (4 ranks)
[RESILIENCE] Iteration 695: Global theta state checkpointed at path checkpoints/LiH/checkpoint_iter_0695.npy. 
Iter 0696 | Energy: -7.385167 | Delta: 7.96e-03 | M: 72.7836 | Path: GPU-cuStateVec MPI-distributed (4 ranks)
Iter 0697 | Energy: -7.389580 | Delta: 4.41e-03 | M: 53.6549 | Path: GPU-cuStateVec MPI-distributed (4 ranks)
Iter 0698 | Energy: -7.391711 | Delta: 2.13e-03 | M: 37.3377 | Path: GPU-cuStateVec MPI-distributed (4 ranks)
Iter 0699 | Energy: -7.389277 | Delta: 2.43e-03 | M: 26.2036 | Path: GPU-cuStateVec MPI-distributed (4 ranks)
Iter 0700 | Energy: -7.398255 | Delta: 8.98e-03 | M: 31.3547 | Path: GPU-cuStateVec MPI-distributed (4 ranks)
[RESILIENCE] Iteration 700: Global theta state checkpointed at path checkpoints/LiH/checkpoint_iter_0700.npy. 
Iter 0701 | Energy: -7.397075 | Delta: 1.18e-03 | M: 32.8920 | Path: GPU-cuStateVec MPI-distributed (4 ranks)
Iter 0702 | Energy: -7.397762 | Delta: 6.87e-04 | M: 55.9914 | Path: GPU-cuStateVec MPI-distributed (4 ranks)
Iter 0703 | Energy: -7.405564 | Delta: 7.80e-03 | M: 53.5775 | Path: GPU-cuStateVec MPI-distributed (4 ranks)
Iter 0704 | Energy: -7.399551 | Delta: 6.01e-03 | M: 44.4304 | Path: GPU-cuStateVec MPI-distributed (4 ranks)
Iter 0705 | Energy: -7.406111 | Delta: 6.56e-03 | M: 42.7676 | Path: GPU-cuStateVec MPI-distributed (4 ranks)
[RESILIENCE] Iteration 705: Global theta state checkpointed at path checkpoints/LiH/checkpoint_iter_0705.npy. 
Iter 0706 | Energy: -7.409603 | Delta: 3.49e-03 | M: 39.3265 | Path: GPU-cuStateVec MPI-distributed (4 ranks)
Iter 0707 | Energy: -7.411036 | Delta: 1.43e-03 | M: 61.4853 | Path: GPU-cuStateVec MPI-distributed (4 ranks)
Iter 0708 | Energy: -7.405982 | Delta: 5.05e-03 | M: 29.4030 | Path: GPU-cuStateVec MPI-distributed (4 ranks)
Iter 0709 | Energy: -7.414023 | Delta: 8.04e-03 | M: 29.8396 | Path: GPU-cuStateVec MPI-distributed (4 ranks)
Iter 0710 | Energy: -7.417042 | Delta: 3.02e-03 | M: 56.2238 | Path: GPU-cuStateVec MPI-distributed (4 ranks)
[RESILIENCE] Iteration 710: Global theta state checkpointed at path checkpoints/LiH/checkpoint_iter_0710.npy. 
Iter 0711 | Energy: -7.419296 | Delta: 2.25e-03 | M: 46.8874 | Path: GPU-cuStateVec MPI-distributed (4 ranks)
Iter 0712 | Energy: -7.419255 | Delta: 4.04e-05 | M: 16.5007 | Path: GPU-cuStateVec MPI-distributed (4 ranks)
Iter 0713 | Energy: -7.420547 | Delta: 1.29e-03 | M: 43.8484 | Path: GPU-cuStateVec MPI-distributed (4 ranks)
Iter 0714 | Energy: -7.420212 | Delta: 3.35e-04 | M: 15.4303 | Path: GPU-cuStateVec MPI-distributed (4 ranks)
Iter 0715 | Energy: -7.420131 | Delta: 8.07e-05 | M: 35.4522 | Path: GPU-cuStateVec MPI-distributed (4 ranks)
[RESILIENCE] Iteration 715: Global theta state checkpointed at path checkpoints/LiH/checkpoint_iter_0715.npy. 
Iter 0716 | Energy: -7.424852 | Delta: 4.72e-03 | M: 48.6781 | Path: GPU-cuStateVec MPI-distributed (4 ranks)
Iter 0717 | Energy: -7.425227 | Delta: 3.75e-04 | M: 35.3961 | Path: GPU-cuStateVec MPI-distributed (4 ranks)
Iter 0718 | Energy: -7.434022 | Delta: 8.80e-03 | M: 40.5487 | Path: GPU-cuStateVec MPI-distributed (4 ranks)
Iter 0719 | Energy: -7.434309 | Delta: 2.87e-04 | M: 19.1019 | Path: GPU-cuStateVec MPI-distributed (4 ranks)
Iter 0720 | Energy: -7.435402 | Delta: 1.09e-03 | M: 17.6191 | Path: GPU-cuStateVec MPI-distributed (4 ranks)
[RESILIENCE] Iteration 720: Global theta state checkpointed at path checkpoints/LiH/checkpoint_iter_0720.npy. 
Iter 0721 | Energy: -7.439678 | Delta: 4.28e-03 | M: 35.8958 | Path: GPU-cuStateVec MPI-distributed (4 ranks)
Iter 0722 | Energy: -7.434919 | Delta: 4.76e-03 | M: 92.1566 | Path: GPU-cuStateVec MPI-distributed (4 ranks)
Iter 0723 | Energy: -7.442126 | Delta: 7.21e-03 | M: 28.3399 | Path: GPU-cuStateVec MPI-distributed (4 ranks)
Iter 0724 | Energy: -7.440008 | Delta: 2.12e-03 | M: 51.9128 | Path: GPU-cuStateVec MPI-distributed (4 ranks)
Iter 0725 | Energy: -7.435974 | Delta: 4.03e-03 | M: 9507.0637 | Path: GPU-cuStateVec MPI-distributed (4 ranks)
[RESILIENCE] Iteration 725: Global theta state checkpointed at path checkpoints/LiH/checkpoint_iter_0725.npy. 
Iter 0726 | Energy: -7.443323 | Delta: 7.35e-03 | M: 49.1669 | Path: GPU-cuStateVec MPI-distributed (4 ranks)
Iter 0727 | Energy: -7.445194 | Delta: 1.87e-03 | M: 8939.3301 | Path: GPU-cuStateVec MPI-distributed (4 ranks)
Iter 0728 | Energy: -7.441884 | Delta: 3.31e-03 | M: 57.0578 | Path: GPU-cuStateVec MPI-distributed (4 ranks)
Iter 0729 | Energy: -7.440326 | Delta: 1.56e-03 | M: 51.7835 | Path: GPU-cuStateVec MPI-distributed (4 ranks)
Iter 0730 | Energy: -7.446169 | Delta: 5.84e-03 | M: 44.1525 | Path: GPU-cuStateVec MPI-distributed (4 ranks)
[RESILIENCE] Iteration 730: Global theta state checkpointed at path checkpoints/LiH/checkpoint_iter_0730.npy. 
Iter 0731 | Energy: -7.443565 | Delta: 2.60e-03 | M: 50.1512 | Path: GPU-cuStateVec MPI-distributed (4 ranks)
Iter 0732 | Energy: -7.447769 | Delta: 4.20e-03 | M: 56.3314 | Path: GPU-cuStateVec MPI-distributed (4 ranks)
Iter 0733 | Energy: -7.449210 | Delta: 1.44e-03 | M: 24.0736 | Path: GPU-cuStateVec MPI-distributed (4 ranks)
Iter 0734 | Energy: -7.457065 | Delta: 7.86e-03 | M: 71.6929 | Path: GPU-cuStateVec MPI-distributed (4 ranks)
Iter 0735 | Energy: -7.456345 | Delta: 7.21e-04 | M: 45.8880 | Path: GPU-cuStateVec MPI-distributed (4 ranks)
[RESILIENCE] Iteration 735: Global theta state checkpointed at path checkpoints/LiH/checkpoint_iter_0735.npy. 
Iter 0736 | Energy: -7.457426 | Delta: 1.08e-03 | M: 39.6955 | Path: GPU-cuStateVec MPI-distributed (4 ranks)
Iter 0737 | Energy: -7.460978 | Delta: 3.55e-03 | M: 20.5940 | Path: GPU-cuStateVec MPI-distributed (4 ranks)
Iter 0738 | Energy: -7.464599 | Delta: 3.62e-03 | M: 37.1201 | Path: GPU-cuStateVec MPI-distributed (4 ranks)
Iter 0739 | Energy: -7.461275 | Delta: 3.32e-03 | M: 81.5468 | Path: GPU-cuStateVec MPI-distributed (4 ranks)
Iter 0740 | Energy: -7.476208 | Delta: 1.49e-02 | M: 42.7749 | Path: GPU-cuStateVec MPI-distributed (4 ranks)
[RESILIENCE] Iteration 740: Global theta state checkpointed at path checkpoints/LiH/checkpoint_iter_0740.npy. 
Iter 0741 | Energy: -7.467001 | Delta: 9.21e-03 | M: 53.3357 | Path: GPU-cuStateVec MPI-distributed (4 ranks)
Iter 0742 | Energy: -7.465800 | Delta: 1.20e-03 | M: 41.5994 | Path: GPU-cuStateVec MPI-distributed (4 ranks)
Iter 0743 | Energy: -7.469102 | Delta: 3.30e-03 | M: 30.5921 | Path: GPU-cuStateVec MPI-distributed (4 ranks)
Iter 0744 | Energy: -7.468961 | Delta: 1.41e-04 | M: 33.3005 | Path: GPU-cuStateVec MPI-distributed (4 ranks)
Iter 0745 | Energy: -7.473742 | Delta: 4.78e-03 | M: 42.7001 | Path: GPU-cuStateVec MPI-distributed (4 ranks)
[RESILIENCE] Iteration 745: Global theta state checkpointed at path checkpoints/LiH/checkpoint_iter_0745.npy. 
Iter 0746 | Energy: -7.476260 | Delta: 2.52e-03 | M: 42.5794 | Path: GPU-cuStateVec MPI-distributed (4 ranks)
Iter 0747 | Energy: -7.478885 | Delta: 2.63e-03 | M: 65.1643 | Path: GPU-cuStateVec MPI-distributed (4 ranks)
Iter 0748 | Energy: -7.474779 | Delta: 4.11e-03 | M: 35.8009 | Path: GPU-cuStateVec MPI-distributed (4 ranks)
Iter 0749 | Energy: -7.481669 | Delta: 6.89e-03 | M: 21.9114 | Path: GPU-cuStateVec MPI-distributed (4 ranks)
Iter 0750 | Energy: -7.476764 | Delta: 4.90e-03 | M: 34.3248 | Path: GPU-cuStateVec MPI-distributed (4 ranks)
[RESILIENCE] Iteration 750: Global theta state checkpointed at path checkpoints/LiH/checkpoint_iter_0750.npy. 
Iter 0751 | Energy: -7.482929 | Delta: 6.16e-03 | M: 37.9704 | Path: GPU-cuStateVec MPI-distributed (4 ranks)
Iter 0752 | Energy: -7.475013 | Delta: 7.92e-03 | M: 32.2361 | Path: GPU-cuStateVec MPI-distributed (4 ranks)
Iter 0753 | Energy: -7.491314 | Delta: 1.63e-02 | M: 62.1691 | Path: GPU-cuStateVec MPI-distributed (4 ranks)
Iter 0754 | Energy: -7.493324 | Delta: 2.01e-03 | M: 41.6649 | Path: GPU-cuStateVec MPI-distributed (4 ranks)
Iter 0755 | Energy: -7.493523 | Delta: 1.99e-04 | M: 36.8714 | Path: GPU-cuStateVec MPI-distributed (4 ranks)
[RESILIENCE] Iteration 755: Global theta state checkpointed at path checkpoints/LiH/checkpoint_iter_0755.npy. 
Iter 0756 | Energy: -7.496945 | Delta: 3.42e-03 | M: 21.4859 | Path: GPU-cuStateVec MPI-distributed (4 ranks)
Iter 0757 | Energy: -7.494674 | Delta: 2.27e-03 | M: 26.9372 | Path: GPU-cuStateVec MPI-distributed (4 ranks)
Iter 0758 | Energy: -7.500756 | Delta: 6.08e-03 | M: 35.7436 | Path: GPU-cuStateVec MPI-distributed (4 ranks)
Iter 0759 | Energy: -7.502092 | Delta: 1.34e-03 | M: 42.3034 | Path: GPU-cuStateVec MPI-distributed (4 ranks)
Iter 0760 | Energy: -7.510160 | Delta: 8.07e-03 | M: 43.2119 | Path: GPU-cuStateVec MPI-distributed (4 ranks)
[RESILIENCE] Iteration 760: Global theta state checkpointed at path checkpoints/LiH/checkpoint_iter_0760.npy. 
Iter 0761 | Energy: -7.502959 | Delta: 7.20e-03 | M: 31.5501 | Path: GPU-cuStateVec MPI-distributed (4 ranks)
Iter 0762 | Energy: -7.505018 | Delta: 2.06e-03 | M: 38.4788 | Path: GPU-cuStateVec MPI-distributed (4 ranks)
Iter 0763 | Energy: -7.512826 | Delta: 7.81e-03 | M: 37.0009 | Path: GPU-cuStateVec MPI-distributed (4 ranks)
Iter 0764 | Energy: -7.518845 | Delta: 6.02e-03 | M: 43.2800 | Path: GPU-cuStateVec MPI-distributed (4 ranks)
Iter 0765 | Energy: -7.528467 | Delta: 9.62e-03 | M: 72.0665 | Path: GPU-cuStateVec MPI-distributed (4 ranks)
[RESILIENCE] Iteration 765: Global theta state checkpointed at path checkpoints/LiH/checkpoint_iter_0765.npy. 
Iter 0766 | Energy: -7.528724 | Delta: 2.57e-04 | M: 43.8378 | Path: GPU-cuStateVec MPI-distributed (4 ranks)
Iter 0767 | Energy: -7.535750 | Delta: 7.03e-03 | M: 35.2284 | Path: GPU-cuStateVec MPI-distributed (4 ranks)
Iter 0768 | Energy: -7.546284 | Delta: 1.05e-02 | M: 36.5235 | Path: GPU-cuStateVec MPI-distributed (4 ranks)

[LiH] Ansatz tier:hwe_adaptive
[LiH] Corr score: 0.502 
[LiH] Final energy: -7.546284 Ha 
[LiH] Reference FCI : -7.882472 Ha 
[LiH] Absolute error: +0.3362 Ha 
[Resolver] 'BeH2' found in local registry 
[Resolver] 'BeH2' found in local registry 
[Resolver] 'BeH2' found in local registry 
[LiH] Iterations run: 768 (best at iter 768)
[LiH] Wall time: 179.75s (includes QPU queue + RTT) 
[LiH] Time/iter: 0.23 s 
[LiH] Source: registry 
[LiH] Active electrons: 2 
[LiH] Estimated qubits: 10 
[LiH] Note: Frozen 2 core electrons. Active space: 2 electrons, 10 qubits 


--- RUNNING CHEMISTRY TASK BeH2 ---
[Resolver] 'BeH2' found in local registry 
[Chemistry:BeH2] 666 Pauli terms, 14 qubits, 112 params, reps=2. FCI reference: -15.5951 Ha 
[Ansatz] HWE (adaptive) (auto) | corr_score=0.501 | off_diag_ratio=0.004
[Reason] score=0.501 in [0.25, 0.55). Moderate correlation (off_diag_ratio=0.004, zz_frac=0.977). Adaptive HWE with full entanglement recommended.
[Chemistry:BeH2] 666 Pauli terms, 14 qubits, 112 params, reps=2. FCI reference: -15.5951 Ha 
[Ansatz] HWE (adaptive) (auto) | corr_score=0.501 | off_diag_ratio=0.004
[Reason] score=0.501 in [0.25, 0.55). Moderate correlation (off_diag_ratio=0.004, zz_frac=0.977). Adaptive HWE with full entanglement recommended.
[Chemistry:BeH2] 666 Pauli terms, 14 qubits, 112 params, reps=2. FCI reference: -15.5951 Ha 
[Ansatz] HWE (adaptive) (auto) | corr_score=0.501 | off_diag_ratio=0.004
[Reason] score=0.501 in [0.25, 0.55). Moderate correlation (off_diag_ratio=0.004, zz_frac=0.977). Adaptive HWE with full entanglement recommended.
[Chemistry:BeH2] 666 Pauli terms, 14 qubits, 112 params, reps=2. FCI reference: -15.5951 Ha 
[Ansatz] HWE (adaptive) (auto) | corr_score=0.501 | off_diag_ratio=0.004
[Reason] score=0.501 in [0.25, 0.55). Moderate correlation (off_diag_ratio=0.004, zz_frac=0.977). Adaptive HWE with full entanglement recommended.
Iter 0001 | Energy: -0.975403 | Delta: inf | M: 3.6912 | Path: GPU-cuStateVec MPI-distributed (4 ranks)
Iter 0002 | Energy: -0.895111 | Delta: 8.03e-02 | M: 47.9682 | Path: GPU-cuStateVec MPI-distributed (4 ranks)
Iter 0003 | Energy: -0.846900 | Delta: 4.82e-02 | M: 44.4131 | Path: GPU-cuStateVec MPI-distributed (4 ranks)
Iter 0004 | Energy: -0.926304 | Delta: 7.94e-02 | M: 19.9066 | Path: GPU-cuStateVec MPI-distributed (4 ranks)
Iter 0005 | Energy: -1.007841 | Delta: 8.15e-02 | M: 31.5965 | Path: GPU-cuStateVec MPI-distributed (4 ranks)
[RESILIENCE] Iteration 5: Global theta state checkpointed at path checkpoints/BeH2/checkpoint_iter_0005.npy. 
Iter 0006 | Energy: -1.169179 | Delta: 1.61e-01 | M: 25.6376 | Path: GPU-cuStateVec MPI-distributed (4 ranks)
Iter 0007 | Energy: -1.400253 | Delta: 2.31e-01 | M: 28.1811 | Path: GPU-cuStateVec MPI-distributed (4 ranks)
Iter 0008 | Energy: -1.377644 | Delta: 2.26e-02 | M: 26.1885 | Path: GPU-cuStateVec MPI-distributed (4 ranks)
Iter 0009 | Energy: -1.365462 | Delta: 1.22e-02 | M: 47.7034 | Path: GPU-cuStateVec MPI-distributed (4 ranks)
Iter 0010 | Energy: -1.454839 | Delta: 8.94e-02 | M: 50.8030 | Path: GPU-cuStateVec MPI-distributed (4 ranks)
[RESILIENCE] Iteration 10: Global theta state checkpointed at path checkpoints/BeH2/checkpoint_iter_0010.npy. 
Iter 0011 | Energy: -1.627105 | Delta: 1.72e-01 | M: 27.2696 | Path: GPU-cuStateVec MPI-distributed (4 ranks)
Iter 0012 | Energy: -1.660951 | Delta: 3.38e-02 | M: 35.3021 | Path: GPU-cuStateVec MPI-distributed (4 ranks)
Iter 0013 | Energy: -1.822047 | Delta: 1.61e-01 | M: 9555.9801 | Path: GPU-cuStateVec MPI-distributed (4 ranks)
Iter 0014 | Energy: -1.991496 | Delta: 1.69e-01 | M: 107.8475 | Path: GPU-cuStateVec MPI-distributed (4 ranks)
Iter 0015 | Energy: -2.107976 | Delta: 1.16e-01 | M: 10316.4598 | Path: GPU-cuStateVec MPI-distributed (4 ranks)
[RESILIENCE] Iteration 15: Global theta state checkpointed at path checkpoints/BeH2/checkpoint_iter_0015.npy. 
Iter 0016 | Energy: -2.101631 | Delta: 6.34e-03 | M: 45.4557 | Path: GPU-cuStateVec MPI-distributed (4 ranks)
Iter 0017 | Energy: -2.086536 | Delta: 1.51e-02 | M: 105.6347 | Path: GPU-cuStateVec MPI-distributed (4 ranks)
Iter 0018 | Energy: -2.105476 | Delta: 1.89e-02 | M: 61.6650 | Path: GPU-cuStateVec MPI-distributed (4 ranks)
Iter 0019 | Energy: -2.836814 | Delta: 7.31e-01 | M: 44.2194 | Path: GPU-cuStateVec MPI-distributed (4 ranks)
Iter 0020 | Energy: -2.823916 | Delta: 1.29e-02 | M: 37.5321 | Path: GPU-cuStateVec MPI-distributed (4 ranks)
[RESILIENCE] Iteration 20: Global theta state checkpointed at path checkpoints/BeH2/checkpoint_iter_0020.npy. 
Iter 0021 | Energy: -3.453277 | Delta: 6.29e-01 | M: 70.3973 | Path: GPU-cuStateVec MPI-distributed (4 ranks)
Iter 0022 | Energy: -3.519866 | Delta: 6.66e-02 | M: 68.4201 | Path: GPU-cuStateVec MPI-distributed (4 ranks)
Iter 0023 | Energy: -3.708672 | Delta: 1.89e-01 | M: 47.7855 | Path: GPU-cuStateVec MPI-distributed (4 ranks)
Iter 0024 | Energy: -3.753686 | Delta: 4.50e-02 | M: 40.3993 | Path: GPU-cuStateVec MPI-distributed (4 ranks)
Iter 0025 | Energy: -4.488584 | Delta: 7.35e-01 | M: 38.5429 | Path: GPU-cuStateVec MPI-distributed (4 ranks)
[RESILIENCE] Iteration 25: Global theta state checkpointed at path checkpoints/BeH2/checkpoint_iter_0025.npy. 
Iter 0026 | Energy: -4.645133 | Delta: 1.57e-01 | M: 58.0835 | Path: GPU-cuStateVec MPI-distributed (4 ranks)
Iter 0027 | Energy: -4.780054 | Delta: 1.35e-01 | M: 38.9462 | Path: GPU-cuStateVec MPI-distributed (4 ranks)
Iter 0028 | Energy: -4.877357 | Delta: 9.73e-02 | M: 65.6780 | Path: GPU-cuStateVec MPI-distributed (4 ranks)
Iter 0029 | Energy: -5.277788 | Delta: 4.00e-01 | M: 42.5058 | Path: GPU-cuStateVec MPI-distributed (4 ranks)
Iter 0030 | Energy: -5.697313 | Delta: 4.20e-01 | M: 43.9729 | Path: GPU-cuStateVec MPI-distributed (4 ranks)
[RESILIENCE] Iteration 30: Global theta state checkpointed at path checkpoints/BeH2/checkpoint_iter_0030.npy. 
Iter 0031 | Energy: -6.077864 | Delta: 3.81e-01 | M: 78.6597 | Path: GPU-cuStateVec MPI-distributed (4 ranks)
Iter 0032 | Energy: -6.301980 | Delta: 2.24e-01 | M: 49.2914 | Path: GPU-cuStateVec MPI-distributed (4 ranks)
Iter 0033 | Energy: -7.239587 | Delta: 9.38e-01 | M: 41.6701 | Path: GPU-cuStateVec MPI-distributed (4 ranks)
Iter 0034 | Energy: -7.320763 | Delta: 8.12e-02 | M: 32.3062 | Path: GPU-cuStateVec MPI-distributed (4 ranks)
Iter 0035 | Energy: -7.302083 | Delta: 1.87e-02 | M: 40.4120 | Path: GPU-cuStateVec MPI-distributed (4 ranks)
[RESILIENCE] Iteration 35: Global theta state checkpointed at path checkpoints/BeH2/checkpoint_iter_0035.npy. 
Iter 0036 | Energy: -7.568018 | Delta: 2.66e-01 | M: 82.5681 | Path: GPU-cuStateVec MPI-distributed (4 ranks)
Iter 0037 | Energy: -7.743127 | Delta: 1.75e-01 | M: 41.4161 | Path: GPU-cuStateVec MPI-distributed (4 ranks)
Iter 0038 | Energy: -7.806948 | Delta: 6.38e-02 | M: 48.3319 | Path: GPU-cuStateVec MPI-distributed (4 ranks)
Iter 0039 | Energy: -7.934750 | Delta: 1.28e-01 | M: 40.7858 | Path: GPU-cuStateVec MPI-distributed (4 ranks)
Iter 0040 | Energy: -7.940707 | Delta: 5.96e-03 | M: 32.3991 | Path: GPU-cuStateVec MPI-distributed (4 ranks)
[RESILIENCE] Iteration 40: Global theta state checkpointed at path checkpoints/BeH2/checkpoint_iter_0040.npy. 
Iter 0041 | Energy: -8.158731 | Delta: 2.18e-01 | M: 38.5763 | Path: GPU-cuStateVec MPI-distributed (4 ranks)
Iter 0042 | Energy: -8.160795 | Delta: 2.06e-03 | M: 43.1712 | Path: GPU-cuStateVec MPI-distributed (4 ranks)
Iter 0043 | Energy: -8.239337 | Delta: 7.85e-02 | M: 52.3465 | Path: GPU-cuStateVec MPI-distributed (4 ranks)
Iter 0044 | Energy: -8.535254 | Delta: 2.96e-01 | M: 33.2853 | Path: GPU-cuStateVec MPI-distributed (4 ranks)
Iter 0045 | Energy: -8.557481 | Delta: 2.22e-02 | M: 62.6900 | Path: GPU-cuStateVec MPI-distributed (4 ranks)
[RESILIENCE] Iteration 45: Global theta state checkpointed at path checkpoints/BeH2/checkpoint_iter_0045.npy. 
Iter 0046 | Energy: -8.596313 | Delta: 3.88e-02 | M: 66.2622 | Path: GPU-cuStateVec MPI-distributed (4 ranks)
Iter 0047 | Energy: -8.618841 | Delta: 2.25e-02 | M: 38.2472 | Path: GPU-cuStateVec MPI-distributed (4 ranks)
Iter 0048 | Energy: -8.649938 | Delta: 3.11e-02 | M: 64.5618 | Path: GPU-cuStateVec MPI-distributed (4 ranks)
Iter 0049 | Energy: -8.717777 | Delta: 6.78e-02 | M: 71.2065 | Path: GPU-cuStateVec MPI-distributed (4 ranks)
Iter 0050 | Energy: -8.840375 | Delta: 1.23e-01 | M: 42.2683 | Path: GPU-cuStateVec MPI-distributed (4 ranks)
[RESILIENCE] Iteration 50: Global theta state checkpointed at path checkpoints/BeH2/checkpoint_iter_0050.npy. 
Iter 0051 | Energy: -8.903111 | Delta: 6.27e-02 | M: 42.9714 | Path: GPU-cuStateVec MPI-distributed (4 ranks)
Iter 0052 | Energy: -8.948470 | Delta: 4.54e-02 | M: 9493.8660 | Path: GPU-cuStateVec MPI-distributed (4 ranks)
Iter 0053 | Energy: -8.954184 | Delta: 5.71e-03 | M: 39.7712 | Path: GPU-cuStateVec MPI-distributed (4 ranks)
Iter 0054 | Energy: -8.965291 | Delta: 1.11e-02 | M: 45.2613 | Path: GPU-cuStateVec MPI-distributed (4 ranks)
Iter 0055 | Energy: -8.962166 | Delta: 3.13e-03 | M: 20.7288 | Path: GPU-cuStateVec MPI-distributed (4 ranks)
[RESILIENCE] Iteration 55: Global theta state checkpointed at path checkpoints/BeH2/checkpoint_iter_0055.npy. 
Iter 0056 | Energy: -9.066210 | Delta: 1.04e-01 | M: 45.3570 | Path: GPU-cuStateVec MPI-distributed (4 ranks)
Iter 0057 | Energy: -9.105061 | Delta: 3.89e-02 | M: 42.6730 | Path: GPU-cuStateVec MPI-distributed (4 ranks)
Iter 0058 | Energy: -9.093234 | Delta: 1.18e-02 | M: 48.5213 | Path: GPU-cuStateVec MPI-distributed (4 ranks)
Iter 0059 | Energy: -9.179873 | Delta: 8.66e-02 | M: 42.1261 | Path: GPU-cuStateVec MPI-distributed (4 ranks)
Iter 0060 | Energy: -9.261334 | Delta: 8.15e-02 | M: 34.8308 | Path: GPU-cuStateVec MPI-distributed (4 ranks)
[RESILIENCE] Iteration 60: Global theta state checkpointed at path checkpoints/BeH2/checkpoint_iter_0060.npy. 
Iter 0061 | Energy: -9.314997 | Delta: 5.37e-02 | M: 41.4434 | Path: GPU-cuStateVec MPI-distributed (4 ranks)
Iter 0062 | Energy: -9.347220 | Delta: 3.22e-02 | M: 27.7467 | Path: GPU-cuStateVec MPI-distributed (4 ranks)
Iter 0063 | Energy: -9.355557 | Delta: 8.34e-03 | M: 47.0213 | Path: GPU-cuStateVec MPI-distributed (4 ranks)
Iter 0064 | Energy: -9.451928 | Delta: 9.64e-02 | M: 26.8967 | Path: GPU-cuStateVec MPI-distributed (4 ranks)
Iter 0065 | Energy: -9.606824 | Delta: 1.55e-01 | M: 41.9196 | Path: GPU-cuStateVec MPI-distributed (4 ranks)
[RESILIENCE] Iteration 65: Global theta state checkpointed at path checkpoints/BeH2/checkpoint_iter_0065.npy. 
Iter 0066 | Energy: -9.640133 | Delta: 3.33e-02 | M: 34.1608 | Path: GPU-cuStateVec MPI-distributed (4 ranks)
Iter 0067 | Energy: -9.608463 | Delta: 3.17e-02 | M: 36.1325 | Path: GPU-cuStateVec MPI-distributed (4 ranks)
Iter 0068 | Energy: -9.772234 | Delta: 1.64e-01 | M: 43.5437 | Path: GPU-cuStateVec MPI-distributed (4 ranks)
Iter 0069 | Energy: -9.751396 | Delta: 2.08e-02 | M: 38.9307 | Path: GPU-cuStateVec MPI-distributed (4 ranks)
Iter 0070 | Energy: -9.863667 | Delta: 1.12e-01 | M: 30.6595 | Path: GPU-cuStateVec MPI-distributed (4 ranks)
[RESILIENCE] Iteration 70: Global theta state checkpointed at path checkpoints/BeH2/checkpoint_iter_0070.npy. 
Iter 0071 | Energy: -9.894339 | Delta: 3.07e-02 | M: 38.2764 | Path: GPU-cuStateVec MPI-distributed (4 ranks)
Iter 0072 | Energy: -9.894036 | Delta: 3.03e-04 | M: 42.3530 | Path: GPU-cuStateVec MPI-distributed (4 ranks)
Iter 0073 | Energy: -9.925375 | Delta: 3.13e-02 | M: 76.2886 | Path: GPU-cuStateVec MPI-distributed (4 ranks)
Iter 0074 | Energy: -10.055608 | Delta: 1.30e-01 | M: 7012.7705 | Path: GPU-cuStateVec MPI-distributed (4 ranks)
Iter 0075 | Energy: -10.112966 | Delta: 5.74e-02 | M: 49.3913 | Path: GPU-cuStateVec MPI-distributed (4 ranks)
[RESILIENCE] Iteration 75: Global theta state checkpointed at path checkpoints/BeH2/checkpoint_iter_0075.npy. 
Iter 0076 | Energy: -10.258070 | Delta: 1.45e-01 | M: 38.6225 | Path: GPU-cuStateVec MPI-distributed (4 ranks)
Iter 0077 | Energy: -10.275136 | Delta: 1.71e-02 | M: 40.2258 | Path: GPU-cuStateVec MPI-distributed (4 ranks)
Iter 0078 | Energy: -10.257009 | Delta: 1.81e-02 | M: 21.5905 | Path: GPU-cuStateVec MPI-distributed (4 ranks)
Iter 0079 | Energy: -10.344232 | Delta: 8.72e-02 | M: 21.7028 | Path: GPU-cuStateVec MPI-distributed (4 ranks)
Iter 0080 | Energy: -10.345926 | Delta: 1.69e-03 | M: 42.7007 | Path: GPU-cuStateVec MPI-distributed (4 ranks)
[RESILIENCE] Iteration 80: Global theta state checkpointed at path checkpoints/BeH2/checkpoint_iter_0080.npy. 
Iter 0081 | Energy: -10.394710 | Delta: 4.88e-02 | M: 38.4268 | Path: GPU-cuStateVec MPI-distributed (4 ranks)
Iter 0082 | Energy: -10.413019 | Delta: 1.83e-02 | M: 31.1709 | Path: GPU-cuStateVec MPI-distributed (4 ranks)
Iter 0083 | Energy: -10.524177 | Delta: 1.11e-01 | M: 22.2070 | Path: GPU-cuStateVec MPI-distributed (4 ranks)
Iter 0084 | Energy: -10.514866 | Delta: 9.31e-03 | M: 35.5302 | Path: GPU-cuStateVec MPI-distributed (4 ranks)
Iter 0085 | Energy: -10.558256 | Delta: 4.34e-02 | M: 23.0085 | Path: GPU-cuStateVec MPI-distributed (4 ranks)
[RESILIENCE] Iteration 85: Global theta state checkpointed at path checkpoints/BeH2/checkpoint_iter_0085.npy. 
Iter 0086 | Energy: -10.599839 | Delta: 4.16e-02 | M: 39.7631 | Path: GPU-cuStateVec MPI-distributed (4 ranks)
Iter 0087 | Energy: -10.704998 | Delta: 1.05e-01 | M: 27.4681 | Path: GPU-cuStateVec MPI-distributed (4 ranks)
Iter 0088 | Energy: -10.689448 | Delta: 1.55e-02 | M: 66.0692 | Path: GPU-cuStateVec MPI-distributed (4 ranks)
Iter 0089 | Energy: -10.771720 | Delta: 8.23e-02 | M: 35.8888 | Path: GPU-cuStateVec MPI-distributed (4 ranks)
Iter 0090 | Energy: -10.830223 | Delta: 5.85e-02 | M: 23.0364 | Path: GPU-cuStateVec MPI-distributed (4 ranks)
[RESILIENCE] Iteration 90: Global theta state checkpointed at path checkpoints/BeH2/checkpoint_iter_0090.npy. 
Iter 0091 | Energy: -10.975245 | Delta: 1.45e-01 | M: 49.7235 | Path: GPU-cuStateVec MPI-distributed (4 ranks)
Iter 0092 | Energy: -10.999663 | Delta: 2.44e-02 | M: 32.2580 | Path: GPU-cuStateVec MPI-distributed (4 ranks)
Iter 0093 | Energy: -10.980952 | Delta: 1.87e-02 | M: 19.9859 | Path: GPU-cuStateVec MPI-distributed (4 ranks)
Iter 0094 | Energy: -10.977492 | Delta: 3.46e-03 | M: 39.7419 | Path: GPU-cuStateVec MPI-distributed (4 ranks)
Iter 0095 | Energy: -10.998675 | Delta: 2.12e-02 | M: 36.5771 | Path: GPU-cuStateVec MPI-distributed (4 ranks)
[RESILIENCE] Iteration 95: Global theta state checkpointed at path checkpoints/BeH2/checkpoint_iter_0095.npy. 
Iter 0096 | Energy: -11.071337 | Delta: 7.27e-02 | M: 25.0905 | Path: GPU-cuStateVec MPI-distributed (4 ranks)
Iter 0097 | Energy: -11.228310 | Delta: 1.57e-01 | M: 40.9888 | Path: GPU-cuStateVec MPI-distributed (4 ranks)
Iter 0098 | Energy: -11.271932 | Delta: 4.36e-02 | M: 34.0339 | Path: GPU-cuStateVec MPI-distributed (4 ranks)
Iter 0099 | Energy: -11.308531 | Delta: 3.66e-02 | M: 82.1363 | Path: GPU-cuStateVec MPI-distributed (4 ranks)
Iter 0100 | Energy: -11.437423 | Delta: 1.29e-01 | M: 23.1351 | Path: GPU-cuStateVec MPI-distributed (4 ranks)
[RESILIENCE] Iteration 100: Global theta state checkpointed at path checkpoints/BeH2/checkpoint_iter_0100.npy. 
Iter 0101 | Energy: -11.534418 | Delta: 9.70e-02 | M: 41.0240 | Path: GPU-cuStateVec MPI-distributed (4 ranks)
Iter 0102 | Energy: -11.539159 | Delta: 4.74e-03 | M: 41.0090 | Path: GPU-cuStateVec MPI-distributed (4 ranks)
Iter 0103 | Energy: -11.586120 | Delta: 4.70e-02 | M: 20.4515 | Path: GPU-cuStateVec MPI-distributed (4 ranks)
Iter 0104 | Energy: -11.554233 | Delta: 3.19e-02 | M: 41.9922 | Path: GPU-cuStateVec MPI-distributed (4 ranks)
Iter 0105 | Energy: -11.604698 | Delta: 5.05e-02 | M: 97.1474 | Path: GPU-cuStateVec MPI-distributed (4 ranks)
[RESILIENCE] Iteration 105: Global theta state checkpointed at path checkpoints/BeH2/checkpoint_iter_0105.npy. 
Iter 0106 | Energy: -11.682964 | Delta: 7.83e-02 | M: 9615.5033 | Path: GPU-cuStateVec MPI-distributed (4 ranks)
Iter 0107 | Energy: -11.784440 | Delta: 1.01e-01 | M: 23.1821 | Path: GPU-cuStateVec MPI-distributed (4 ranks)
Iter 0108 | Energy: -11.780259 | Delta: 4.18e-03 | M: 51.1374 | Path: GPU-cuStateVec MPI-distributed (4 ranks)
Iter 0109 | Energy: -11.831200 | Delta: 5.09e-02 | M: 45.6086 | Path: GPU-cuStateVec MPI-distributed (4 ranks)
Iter 0110 | Energy: -11.892599 | Delta: 6.14e-02 | M: 77.8339 | Path: GPU-cuStateVec MPI-distributed (4 ranks)
[RESILIENCE] Iteration 110: Global theta state checkpointed at path checkpoints/BeH2/checkpoint_iter_0110.npy. 
Iter 0111 | Energy: -11.928181 | Delta: 3.56e-02 | M: 81.9929 | Path: GPU-cuStateVec MPI-distributed (4 ranks)
Iter 0112 | Energy: -11.950667 | Delta: 2.25e-02 | M: 52.7979 | Path: GPU-cuStateVec MPI-distributed (4 ranks)
Iter 0113 | Energy: -11.954497 | Delta: 3.83e-03 | M: 63.0124 | Path: GPU-cuStateVec MPI-distributed (4 ranks)
Iter 0114 | Energy: -11.976928 | Delta: 2.24e-02 | M: 38.0685 | Path: GPU-cuStateVec MPI-distributed (4 ranks)
Iter 0115 | Energy: -11.983137 | Delta: 6.21e-03 | M: 52.3359 | Path: GPU-cuStateVec MPI-distributed (4 ranks)
[RESILIENCE] Iteration 115: Global theta state checkpointed at path checkpoints/BeH2/checkpoint_iter_0115.npy. 
Iter 0116 | Energy: -11.983155 | Delta: 1.86e-05 | M: 32.6168 | Path: GPU-cuStateVec MPI-distributed (4 ranks)
Iter 0117 | Energy: -12.069478 | Delta: 8.63e-02 | M: 66.6868 | Path: GPU-cuStateVec MPI-distributed (4 ranks)
Iter 0118 | Energy: -12.079802 | Delta: 1.03e-02 | M: 48.0499 | Path: GPU-cuStateVec MPI-distributed (4 ranks)
Iter 0119 | Energy: -12.124233 | Delta: 4.44e-02 | M: 47.7562 | Path: GPU-cuStateVec MPI-distributed (4 ranks)
Iter 0120 | Energy: -12.253612 | Delta: 1.29e-01 | M: 43.3054 | Path: GPU-cuStateVec MPI-distributed (4 ranks)
[RESILIENCE] Iteration 120: Global theta state checkpointed at path checkpoints/BeH2/checkpoint_iter_0120.npy. 
Iter 0121 | Energy: -12.317648 | Delta: 6.40e-02 | M: 75.0517 | Path: GPU-cuStateVec MPI-distributed (4 ranks)
Iter 0122 | Energy: -12.351764 | Delta: 3.41e-02 | M: 63.4798 | Path: GPU-cuStateVec MPI-distributed (4 ranks)
Iter 0123 | Energy: -12.378976 | Delta: 2.72e-02 | M: 77.3400 | Path: GPU-cuStateVec MPI-distributed (4 ranks)
Iter 0124 | Energy: -12.461354 | Delta: 8.24e-02 | M: 26.0406 | Path: GPU-cuStateVec MPI-distributed (4 ranks)
Iter 0125 | Energy: -12.448448 | Delta: 1.29e-02 | M: 75.3508 | Path: GPU-cuStateVec MPI-distributed (4 ranks)
[RESILIENCE] Iteration 125: Global theta state checkpointed at path checkpoints/BeH2/checkpoint_iter_0125.npy. 
Iter 0126 | Energy: -12.538850 | Delta: 9.04e-02 | M: 37.7721 | Path: GPU-cuStateVec MPI-distributed (4 ranks)
Iter 0127 | Energy: -12.594478 | Delta: 5.56e-02 | M: 23.1906 | Path: GPU-cuStateVec MPI-distributed (4 ranks)
Iter 0128 | Energy: -12.628768 | Delta: 3.43e-02 | M: 44.1671 | Path: GPU-cuStateVec MPI-distributed (4 ranks)
Iter 0129 | Energy: -12.642780 | Delta: 1.40e-02 | M: 78.2252 | Path: GPU-cuStateVec MPI-distributed (4 ranks)
Iter 0130 | Energy: -12.634011 | Delta: 8.77e-03 | M: 39.6618 | Path: GPU-cuStateVec MPI-distributed (4 ranks)
[RESILIENCE] Iteration 130: Global theta state checkpointed at path checkpoints/BeH2/checkpoint_iter_0130.npy. 
Iter 0131 | Energy: -12.713025 | Delta: 7.90e-02 | M: 50.9708 | Path: GPU-cuStateVec MPI-distributed (4 ranks)
Iter 0132 | Energy: -12.736649 | Delta: 2.36e-02 | M: 40.0130 | Path: GPU-cuStateVec MPI-distributed (4 ranks)
Iter 0133 | Energy: -12.712627 | Delta: 2.40e-02 | M: 51.1459 | Path: GPU-cuStateVec MPI-distributed (4 ranks)
Iter 0134 | Energy: -12.785227 | Delta: 7.26e-02 | M: 79.6060 | Path: GPU-cuStateVec MPI-distributed (4 ranks)
Iter 0135 | Energy: -12.788693 | Delta: 3.47e-03 | M: 56.1544 | Path: GPU-cuStateVec MPI-distributed (4 ranks)
[RESILIENCE] Iteration 135: Global theta state checkpointed at path checkpoints/BeH2/checkpoint_iter_0135.npy. 
Iter 0136 | Energy: -12.833494 | Delta: 4.48e-02 | M: 30.3100 | Path: GPU-cuStateVec MPI-distributed (4 ranks)
Iter 0137 | Energy: -12.899151 | Delta: 6.57e-02 | M: 32.2715 | Path: GPU-cuStateVec MPI-distributed (4 ranks)
Iter 0138 | Energy: -12.919466 | Delta: 2.03e-02 | M: 43.4393 | Path: GPU-cuStateVec MPI-distributed (4 ranks)
Iter 0139 | Energy: -12.911212 | Delta: 8.25e-03 | M: 39.3031 | Path: GPU-cuStateVec MPI-distributed (4 ranks)
Iter 0140 | Energy: -12.953385 | Delta: 4.22e-02 | M: 30.6740 | Path: GPU-cuStateVec MPI-distributed (4 ranks)
[RESILIENCE] Iteration 140: Global theta state checkpointed at path checkpoints/BeH2/checkpoint_iter_0140.npy. 
Iter 0141 | Energy: -13.043472 | Delta: 9.01e-02 | M: 55.9549 | Path: GPU-cuStateVec MPI-distributed (4 ranks)
Iter 0142 | Energy: -13.048355 | Delta: 4.88e-03 | M: 38.6176 | Path: GPU-cuStateVec MPI-distributed (4 ranks)
Iter 0143 | Energy: -13.055720 | Delta: 7.37e-03 | M: 38.4614 | Path: GPU-cuStateVec MPI-distributed (4 ranks)
Iter 0144 | Energy: -13.069395 | Delta: 1.37e-02 | M: 22.1660 | Path: GPU-cuStateVec MPI-distributed (4 ranks)
Iter 0145 | Energy: -13.125489 | Delta: 5.61e-02 | M: 35.5284 | Path: GPU-cuStateVec MPI-distributed (4 ranks)
[RESILIENCE] Iteration 145: Global theta state checkpointed at path checkpoints/BeH2/checkpoint_iter_0145.npy. 
Iter 0146 | Energy: -13.120300 | Delta: 5.19e-03 | M: 44.9037 | Path: GPU-cuStateVec MPI-distributed (4 ranks)
Iter 0147 | Energy: -13.223162 | Delta: 1.03e-01 | M: 41.2817 | Path: GPU-cuStateVec MPI-distributed (4 ranks)
Iter 0148 | Energy: -13.226914 | Delta: 3.75e-03 | M: 32.9059 | Path: GPU-cuStateVec MPI-distributed (4 ranks)
Iter 0149 | Energy: -13.260571 | Delta: 3.37e-02 | M: 36.6691 | Path: GPU-cuStateVec MPI-distributed (4 ranks)
Iter 0150 | Energy: -13.259455 | Delta: 1.12e-03 | M: 31.6444 | Path: GPU-cuStateVec MPI-distributed (4 ranks)
[RESILIENCE] Iteration 150: Global theta state checkpointed at path checkpoints/BeH2/checkpoint_iter_0150.npy. 
Iter 0151 | Energy: -13.285825 | Delta: 2.64e-02 | M: 29.4921 | Path: GPU-cuStateVec MPI-distributed (4 ranks)
Iter 0152 | Energy: -13.317306 | Delta: 3.15e-02 | M: 43.5631 | Path: GPU-cuStateVec MPI-distributed (4 ranks)
Iter 0153 | Energy: -13.316959 | Delta: 3.47e-04 | M: 49.2709 | Path: GPU-cuStateVec MPI-distributed (4 ranks)
Iter 0154 | Energy: -13.318731 | Delta: 1.77e-03 | M: 28.9569 | Path: GPU-cuStateVec MPI-distributed (4 ranks)
Iter 0155 | Energy: -13.365630 | Delta: 4.69e-02 | M: 39.1566 | Path: GPU-cuStateVec MPI-distributed (4 ranks)
[RESILIENCE] Iteration 155: Global theta state checkpointed at path checkpoints/BeH2/checkpoint_iter_0155.npy. 
Iter 0156 | Energy: -13.372205 | Delta: 6.57e-03 | M: 32.1984 | Path: GPU-cuStateVec MPI-distributed (4 ranks)
Iter 0157 | Energy: -13.402228 | Delta: 3.00e-02 | M: 34.3255 | Path: GPU-cuStateVec MPI-distributed (4 ranks)
Iter 0158 | Energy: -13.393590 | Delta: 8.64e-03 | M: 46.7907 | Path: GPU-cuStateVec MPI-distributed (4 ranks)
Iter 0159 | Energy: -13.452793 | Delta: 5.92e-02 | M: 41.0109 | Path: GPU-cuStateVec MPI-distributed (4 ranks)
Iter 0160 | Energy: -13.469219 | Delta: 1.64e-02 | M: 32.5484 | Path: GPU-cuStateVec MPI-distributed (4 ranks)
[RESILIENCE] Iteration 160: Global theta state checkpointed at path checkpoints/BeH2/checkpoint_iter_0160.npy. 
Iter 0161 | Energy: -13.489937 | Delta: 2.07e-02 | M: 51.2751 | Path: GPU-cuStateVec MPI-distributed (4 ranks)
Iter 0162 | Energy: -13.512498 | Delta: 2.26e-02 | M: 40.1961 | Path: GPU-cuStateVec MPI-distributed (4 ranks)
Iter 0163 | Energy: -13.547976 | Delta: 3.55e-02 | M: 32.8881 | Path: GPU-cuStateVec MPI-distributed (4 ranks)
Iter 0164 | Energy: -13.553787 | Delta: 5.81e-03 | M: 27.6065 | Path: GPU-cuStateVec MPI-distributed (4 ranks)
Iter 0165 | Energy: -13.601187 | Delta: 4.74e-02 | M: 48.1282 | Path: GPU-cuStateVec MPI-distributed (4 ranks)
[RESILIENCE] Iteration 165: Global theta state checkpointed at path checkpoints/BeH2/checkpoint_iter_0165.npy. 
Iter 0166 | Energy: -13.653495 | Delta: 5.23e-02 | M: 31.3398 | Path: GPU-cuStateVec MPI-distributed (4 ranks)
Iter 0167 | Energy: -13.666969 | Delta: 1.35e-02 | M: 37.3536 | Path: GPU-cuStateVec MPI-distributed (4 ranks)
Iter 0168 | Energy: -13.790586 | Delta: 1.24e-01 | M: 49.5648 | Path: GPU-cuStateVec MPI-distributed (4 ranks)
Iter 0169 | Energy: -13.819015 | Delta: 2.84e-02 | M: 62.1457 | Path: GPU-cuStateVec MPI-distributed (4 ranks)
Iter 0170 | Energy: -13.850157 | Delta: 3.11e-02 | M: 49.5894 | Path: GPU-cuStateVec MPI-distributed (4 ranks)
[RESILIENCE] Iteration 170: Global theta state checkpointed at path checkpoints/BeH2/checkpoint_iter_0170.npy. 
Iter 0171 | Energy: -13.857347 | Delta: 7.19e-03 | M: 59.1212 | Path: GPU-cuStateVec MPI-distributed (4 ranks)
Iter 0172 | Energy: -13.859403 | Delta: 2.06e-03 | M: 47.1036 | Path: GPU-cuStateVec MPI-distributed (4 ranks)
Iter 0173 | Energy: -13.881285 | Delta: 2.19e-02 | M: 23.4972 | Path: GPU-cuStateVec MPI-distributed (4 ranks)
Iter 0174 | Energy: -13.879678 | Delta: 1.61e-03 | M: 38.8444 | Path: GPU-cuStateVec MPI-distributed (4 ranks)
Iter 0175 | Energy: -13.882812 | Delta: 3.13e-03 | M: 53.7465 | Path: GPU-cuStateVec MPI-distributed (4 ranks)
[RESILIENCE] Iteration 175: Global theta state checkpointed at path checkpoints/BeH2/checkpoint_iter_0175.npy. 
Iter 0176 | Energy: -13.918723 | Delta: 3.59e-02 | M: 33.4319 | Path: GPU-cuStateVec MPI-distributed (4 ranks)
Iter 0177 | Energy: -13.927348 | Delta: 8.62e-03 | M: 52.6711 | Path: GPU-cuStateVec MPI-distributed (4 ranks)
Iter 0178 | Energy: -14.017196 | Delta: 8.98e-02 | M: 36.0047 | Path: GPU-cuStateVec MPI-distributed (4 ranks)
Iter 0179 | Energy: -14.021711 | Delta: 4.51e-03 | M: 42.6417 | Path: GPU-cuStateVec MPI-distributed (4 ranks)
Iter 0180 | Energy: -14.037493 | Delta: 1.58e-02 | M: 33.1634 | Path: GPU-cuStateVec MPI-distributed (4 ranks)
[RESILIENCE] Iteration 180: Global theta state checkpointed at path checkpoints/BeH2/checkpoint_iter_0180.npy. 
Iter 0181 | Energy: -14.057984 | Delta: 2.05e-02 | M: 44.4556 | Path: GPU-cuStateVec MPI-distributed (4 ranks)
Iter 0182 | Energy: -14.132313 | Delta: 7.43e-02 | M: 44.8239 | Path: GPU-cuStateVec MPI-distributed (4 ranks)
Iter 0183 | Energy: -14.117536 | Delta: 1.48e-02 | M: 57.8821 | Path: GPU-cuStateVec MPI-distributed (4 ranks)
Iter 0184 | Energy: -14.147736 | Delta: 3.02e-02 | M: 43.3944 | Path: GPU-cuStateVec MPI-distributed (4 ranks)
Iter 0185 | Energy: -14.148515 | Delta: 7.79e-04 | M: 30.4211 | Path: GPU-cuStateVec MPI-distributed (4 ranks)
[RESILIENCE] Iteration 185: Global theta state checkpointed at path checkpoints/BeH2/checkpoint_iter_0185.npy. 
Iter 0186 | Energy: -14.224669 | Delta: 7.62e-02 | M: 10482.6834 | Path: GPU-cuStateVec MPI-distributed (4 ranks)
Iter 0187 | Energy: -14.220482 | Delta: 4.19e-03 | M: 32.5303 | Path: GPU-cuStateVec MPI-distributed (4 ranks)
Iter 0188 | Energy: -14.260343 | Delta: 3.99e-02 | M: 34.8609 | Path: GPU-cuStateVec MPI-distributed (4 ranks)
Iter 0189 | Energy: -14.274559 | Delta: 1.42e-02 | M: 10823.3888 | Path: GPU-cuStateVec MPI-distributed (4 ranks)
Iter 0190 | Energy: -14.335203 | Delta: 6.06e-02 | M: 8480.8855 | Path: GPU-cuStateVec MPI-distributed (4 ranks)
[RESILIENCE] Iteration 190: Global theta state checkpointed at path checkpoints/BeH2/checkpoint_iter_0190.npy. 
Iter 0191 | Energy: -14.358658 | Delta: 2.35e-02 | M: 57.4289 | Path: GPU-cuStateVec MPI-distributed (4 ranks)
Iter 0192 | Energy: -14.369634 | Delta: 1.10e-02 | M: 46.1122 | Path: GPU-cuStateVec MPI-distributed (4 ranks)
Iter 0193 | Energy: -14.392324 | Delta: 2.27e-02 | M: 52.2816 | Path: GPU-cuStateVec MPI-distributed (4 ranks)
Iter 0194 | Energy: -14.384471 | Delta: 7.85e-03 | M: 108.9505 | Path: GPU-cuStateVec MPI-distributed (4 ranks)
Iter 0195 | Energy: -14.397263 | Delta: 1.28e-02 | M: 64.6184 | Path: GPU-cuStateVec MPI-distributed (4 ranks)
[RESILIENCE] Iteration 195: Global theta state checkpointed at path checkpoints/BeH2/checkpoint_iter_0195.npy. 
Iter 0196 | Energy: -14.406685 | Delta: 9.42e-03 | M: 53.7708 | Path: GPU-cuStateVec MPI-distributed (4 ranks)
Iter 0197 | Energy: -14.453960 | Delta: 4.73e-02 | M: 60.2034 | Path: GPU-cuStateVec MPI-distributed (4 ranks)
Iter 0198 | Energy: -14.450843 | Delta: 3.12e-03 | M: 62.5445 | Path: GPU-cuStateVec MPI-distributed (4 ranks)
Iter 0199 | Energy: -14.521642 | Delta: 7.08e-02 | M: 6706.7794 | Path: GPU-cuStateVec MPI-distributed (4 ranks)
Iter 0200 | Energy: -14.539203 | Delta: 1.76e-02 | M: 938.8953 | Path: GPU-cuStateVec MPI-distributed (4 ranks)
[RESILIENCE] Iteration 200: Global theta state checkpointed at path checkpoints/BeH2/checkpoint_iter_0200.npy. 
Iter 0201 | Energy: -14.579852 | Delta: 4.06e-02 | M: 63.3484 | Path: GPU-cuStateVec MPI-distributed (4 ranks)
Iter 0202 | Energy: -14.552191 | Delta: 2.77e-02 | M: 46.6818 | Path: GPU-cuStateVec MPI-distributed (4 ranks)
Iter 0203 | Energy: -14.577567 | Delta: 2.54e-02 | M: 27.5518 | Path: GPU-cuStateVec MPI-distributed (4 ranks)
Iter 0204 | Energy: -14.565570 | Delta: 1.20e-02 | M: 82.5196 | Path: GPU-cuStateVec MPI-distributed (4 ranks)
Iter 0205 | Energy: -14.589981 | Delta: 2.44e-02 | M: 55.0039 | Path: GPU-cuStateVec MPI-distributed (4 ranks)
[RESILIENCE] Iteration 205: Global theta state checkpointed at path checkpoints/BeH2/checkpoint_iter_0205.npy. 
Iter 0206 | Energy: -14.625146 | Delta: 3.52e-02 | M: 46.5238 | Path: GPU-cuStateVec MPI-distributed (4 ranks)
Iter 0207 | Energy: -14.632323 | Delta: 7.18e-03 | M: 71.8600 | Path: GPU-cuStateVec MPI-distributed (4 ranks)
Iter 0208 | Energy: -14.725937 | Delta: 9.36e-02 | M: 9465.5085 | Path: GPU-cuStateVec MPI-distributed (4 ranks)
Iter 0209 | Energy: -14.713257 | Delta: 1.27e-02 | M: 62.8302 | Path: GPU-cuStateVec MPI-distributed (4 ranks)
Iter 0210 | Energy: -14.730871 | Delta: 1.76e-02 | M: 47.8581 | Path: GPU-cuStateVec MPI-distributed (4 ranks)
[RESILIENCE] Iteration 210: Global theta state checkpointed at path checkpoints/BeH2/checkpoint_iter_0210.npy. 
Iter 0211 | Energy: -14.737500 | Delta: 6.63e-03 | M: 48.5442 | Path: GPU-cuStateVec MPI-distributed (4 ranks)
Iter 0212 | Energy: -14.735748 | Delta: 1.75e-03 | M: 52.8580 | Path: GPU-cuStateVec MPI-distributed (4 ranks)
Iter 0213 | Energy: -14.732867 | Delta: 2.88e-03 | M: 48.1305 | Path: GPU-cuStateVec MPI-distributed (4 ranks)
Iter 0214 | Energy: -14.763193 | Delta: 3.03e-02 | M: 52.0490 | Path: GPU-cuStateVec MPI-distributed (4 ranks)
Iter 0215 | Energy: -14.762449 | Delta: 7.44e-04 | M: 51.1464 | Path: GPU-cuStateVec MPI-distributed (4 ranks)
[RESILIENCE] Iteration 215: Global theta state checkpointed at path checkpoints/BeH2/checkpoint_iter_0215.npy. 
Iter 0216 | Energy: -14.826207 | Delta: 6.38e-02 | M: 49.3409 | Path: GPU-cuStateVec MPI-distributed (4 ranks)
Iter 0217 | Energy: -14.859591 | Delta: 3.34e-02 | M: 40.2690 | Path: GPU-cuStateVec MPI-distributed (4 ranks)
Iter 0218 | Energy: -14.885144 | Delta: 2.56e-02 | M: 43.2599 | Path: GPU-cuStateVec MPI-distributed (4 ranks)
Iter 0219 | Energy: -14.903150 | Delta: 1.80e-02 | M: 63.2375 | Path: GPU-cuStateVec MPI-distributed (4 ranks)
Iter 0220 | Energy: -14.886903 | Delta: 1.62e-02 | M: 68.7916 | Path: GPU-cuStateVec MPI-distributed (4 ranks)
[RESILIENCE] Iteration 220: Global theta state checkpointed at path checkpoints/BeH2/checkpoint_iter_0220.npy. 
Iter 0221 | Energy: -14.917867 | Delta: 3.10e-02 | M: 51.5063 | Path: GPU-cuStateVec MPI-distributed (4 ranks)
Iter 0222 | Energy: -14.909775 | Delta: 8.09e-03 | M: 58.5705 | Path: GPU-cuStateVec MPI-distributed (4 ranks)
Iter 0223 | Energy: -14.955236 | Delta: 4.55e-02 | M: 40.3265 | Path: GPU-cuStateVec MPI-distributed (4 ranks)
Iter 0224 | Energy: -14.977084 | Delta: 2.18e-02 | M: 47.6267 | Path: GPU-cuStateVec MPI-distributed (4 ranks)
Iter 0225 | Energy: -14.994081 | Delta: 1.70e-02 | M: 62.9606 | Path: GPU-cuStateVec MPI-distributed (4 ranks)
[RESILIENCE] Iteration 225: Global theta state checkpointed at path checkpoints/BeH2/checkpoint_iter_0225.npy. 
Iter 0226 | Energy: -15.007881 | Delta: 1.38e-02 | M: 106.5376 | Path: GPU-cuStateVec MPI-distributed (4 ranks)
Iter 0227 | Energy: -15.018205 | Delta: 1.03e-02 | M: 65.8425 | Path: GPU-cuStateVec MPI-distributed (4 ranks)
Iter 0228 | Energy: -15.016859 | Delta: 1.35e-03 | M: 50.4700 | Path: GPU-cuStateVec MPI-distributed (4 ranks)
Iter 0229 | Energy: -15.045189 | Delta: 2.83e-02 | M: 42.3770 | Path: GPU-cuStateVec MPI-distributed (4 ranks)
Iter 0230 | Energy: -15.032734 | Delta: 1.25e-02 | M: 50.5699 | Path: GPU-cuStateVec MPI-distributed (4 ranks)
[RESILIENCE] Iteration 230: Global theta state checkpointed at path checkpoints/BeH2/checkpoint_iter_0230.npy. 
Iter 0231 | Energy: -15.044886 | Delta: 1.22e-02 | M: 76.3400 | Path: GPU-cuStateVec MPI-distributed (4 ranks)
Iter 0232 | Energy: -15.069872 | Delta: 2.50e-02 | M: 41.8103 | Path: GPU-cuStateVec MPI-distributed (4 ranks)
Iter 0233 | Energy: -15.078229 | Delta: 8.36e-03 | M: 43.1665 | Path: GPU-cuStateVec MPI-distributed (4 ranks)
Iter 0234 | Energy: -15.071912 | Delta: 6.32e-03 | M: 49.9537 | Path: GPU-cuStateVec MPI-distributed (4 ranks)
Iter 0235 | Energy: -15.091418 | Delta: 1.95e-02 | M: 33.8661 | Path: GPU-cuStateVec MPI-distributed (4 ranks)
[RESILIENCE] Iteration 235: Global theta state checkpointed at path checkpoints/BeH2/checkpoint_iter_0235.npy. 
Iter 0236 | Energy: -15.081214 | Delta: 1.02e-02 | M: 10733.2625 | Path: GPU-cuStateVec MPI-distributed (4 ranks)
Iter 0237 | Energy: -15.081065 | Delta: 1.49e-04 | M: 58.4836 | Path: GPU-cuStateVec MPI-distributed (4 ranks)
Iter 0238 | Energy: -15.101889 | Delta: 2.08e-02 | M: 101.5610 | Path: GPU-cuStateVec MPI-distributed (4 ranks)
Iter 0239 | Energy: -15.112075 | Delta: 1.02e-02 | M: 37.0047 | Path: GPU-cuStateVec MPI-distributed (4 ranks)
Iter 0240 | Energy: -15.118481 | Delta: 6.41e-03 | M: 43.5109 | Path: GPU-cuStateVec MPI-distributed (4 ranks)
[RESILIENCE] Iteration 240: Global theta state checkpointed at path checkpoints/BeH2/checkpoint_iter_0240.npy. 
Iter 0241 | Energy: -15.144530 | Delta: 2.60e-02 | M: 55.8396 | Path: GPU-cuStateVec MPI-distributed (4 ranks)
Iter 0242 | Energy: -15.150673 | Delta: 6.14e-03 | M: 54.7022 | Path: GPU-cuStateVec MPI-distributed (4 ranks)
Iter 0243 | Energy: -15.158195 | Delta: 7.52e-03 | M: 56.1435 | Path: GPU-cuStateVec MPI-distributed (4 ranks)
Iter 0244 | Energy: -15.174414 | Delta: 1.62e-02 | M: 55.3264 | Path: GPU-cuStateVec MPI-distributed (4 ranks)
Iter 0245 | Energy: -15.184018 | Delta: 9.60e-03 | M: 57.3710 | Path: GPU-cuStateVec MPI-distributed (4 ranks)
[RESILIENCE] Iteration 245: Global theta state checkpointed at path checkpoints/BeH2/checkpoint_iter_0245.npy. 
Iter 0246 | Energy: -15.189069 | Delta: 5.05e-03 | M: 5086.4260 | Path: GPU-cuStateVec MPI-distributed (4 ranks)
Iter 0247 | Energy: -15.200235 | Delta: 1.12e-02 | M: 52.9914 | Path: GPU-cuStateVec MPI-distributed (4 ranks)
Iter 0248 | Energy: -15.206764 | Delta: 6.53e-03 | M: 65.1952 | Path: GPU-cuStateVec MPI-distributed (4 ranks)
Iter 0249 | Energy: -15.243219 | Delta: 3.65e-02 | M: 9186.8254 | Path: GPU-cuStateVec MPI-distributed (4 ranks)
Iter 0250 | Energy: -15.236443 | Delta: 6.78e-03 | M: 74.2891 | Path: GPU-cuStateVec MPI-distributed (4 ranks)
[RESILIENCE] Iteration 250: Global theta state checkpointed at path checkpoints/BeH2/checkpoint_iter_0250.npy. 
Iter 0251 | Energy: -15.241431 | Delta: 4.99e-03 | M: 5012.9534 | Path: GPU-cuStateVec MPI-distributed (4 ranks)
Iter 0252 | Energy: -15.250363 | Delta: 8.93e-03 | M: 54.2055 | Path: GPU-cuStateVec MPI-distributed (4 ranks)
Iter 0253 | Energy: -15.267846 | Delta: 1.75e-02 | M: 47.0887 | Path: GPU-cuStateVec MPI-distributed (4 ranks)
Iter 0254 | Energy: -15.277267 | Delta: 9.42e-03 | M: 63.5740 | Path: GPU-cuStateVec MPI-distributed (4 ranks)
Iter 0255 | Energy: -15.299337 | Delta: 2.21e-02 | M: 52.5158 | Path: GPU-cuStateVec MPI-distributed (4 ranks)
[RESILIENCE] Iteration 255: Global theta state checkpointed at path checkpoints/BeH2/checkpoint_iter_0255.npy. 
Iter 0256 | Energy: -15.324314 | Delta: 2.50e-02 | M: 9956.3418 | Path: GPU-cuStateVec MPI-distributed (4 ranks)
Iter 0257 | Energy: -15.363836 | Delta: 3.95e-02 | M: 52.9032 | Path: GPU-cuStateVec MPI-distributed (4 ranks)
Iter 0258 | Energy: -15.421387 | Delta: 5.76e-02 | M: 81.9513 | Path: GPU-cuStateVec MPI-distributed (4 ranks)
Iter 0259 | Energy: -15.443262 | Delta: 2.19e-02 | M: 41.6492 | Path: GPU-cuStateVec MPI-distributed (4 ranks)
Iter 0260 | Energy: -15.486203 | Delta: 4.29e-02 | M: 63.6539 | Path: GPU-cuStateVec MPI-distributed (4 ranks)
[RESILIENCE] Iteration 260: Global theta state checkpointed at path checkpoints/BeH2/checkpoint_iter_0260.npy. 
Iter 0261 | Energy: -15.555709 | Delta: 6.95e-02 | M: 49.9235 | Path: GPU-cuStateVec MPI-distributed (4 ranks)
NOTE: Energy -15.5995 crossed below FCI -15.5951 at iter 262 — HWE ansatz leaving physical sector (expected limitation)
Iter 0262 | Energy: -15.599460 | Delta: 4.38e-02 | M: 45.8241 | Path: GPU-cuStateVec MPI-distributed (4 ranks)
Iter 0263 | Energy: -15.642305 | Delta: 4.28e-02 | M: 61.0126 | Path: GPU-cuStateVec MPI-distributed (4 ranks)
Iter 0264 | Energy: -15.636667 | Delta: 5.64e-03 | M: 9341.4704 | Path: GPU-cuStateVec MPI-distributed (4 ranks)
Iter 0265 | Energy: -15.642155 | Delta: 5.49e-03 | M: 53.6544 | Path: GPU-cuStateVec MPI-distributed (4 ranks)
[RESILIENCE] Iteration 265: Global theta state checkpointed at path checkpoints/BeH2/checkpoint_iter_0265.npy. 
Iter 0266 | Energy: -15.634960 | Delta: 7.19e-03 | M: 10552.7695 | Path: GPU-cuStateVec MPI-distributed (4 ranks)
Iter 0267 | Energy: -15.652533 | Delta: 1.76e-02 | M: 52.7726 | Path: GPU-cuStateVec MPI-distributed (4 ranks)
Iter 0268 | Energy: -15.678859 | Delta: 2.63e-02 | M: 47.9271 | Path: GPU-cuStateVec MPI-distributed (4 ranks)
Iter 0269 | Energy: -15.678188 | Delta: 6.71e-04 | M: 36.8611 | Path: GPU-cuStateVec MPI-distributed (4 ranks)
Iter 0270 | Energy: -15.676847 | Delta: 1.34e-03 | M: 52.2815 | Path: GPU-cuStateVec MPI-distributed (4 ranks)
[RESILIENCE] Iteration 270: Global theta state checkpointed at path checkpoints/BeH2/checkpoint_iter_0270.npy. 
Iter 0271 | Energy: -15.732046 | Delta: 5.52e-02 | M: 86.9165 | Path: GPU-cuStateVec MPI-distributed (4 ranks)
Iter 0272 | Energy: -15.743759 | Delta: 1.17e-02 | M: 9660.0565 | Path: GPU-cuStateVec MPI-distributed (4 ranks)
Iter 0273 | Energy: -15.736357 | Delta: 7.40e-03 | M: 52.5733 | Path: GPU-cuStateVec MPI-distributed (4 ranks)
Iter 0274 | Energy: -15.744317 | Delta: 7.96e-03 | M: 79.2497 | Path: GPU-cuStateVec MPI-distributed (4 ranks)
Iter 0275 | Energy: -15.759564 | Delta: 1.52e-02 | M: 43.2418 | Path: GPU-cuStateVec MPI-distributed (4 ranks)
[RESILIENCE] Iteration 275: Global theta state checkpointed at path checkpoints/BeH2/checkpoint_iter_0275.npy. 
Iter 0276 | Energy: -15.771335 | Delta: 1.18e-02 | M: 10623.8876 | Path: GPU-cuStateVec MPI-distributed (4 ranks)
Iter 0277 | Energy: -15.788490 | Delta: 1.72e-02 | M: 59.9258 | Path: GPU-cuStateVec MPI-distributed (4 ranks)
Iter 0278 | Energy: -15.797554 | Delta: 9.06e-03 | M: 85.6127 | Path: GPU-cuStateVec MPI-distributed (4 ranks)
Iter 0279 | Energy: -15.807445 | Delta: 9.89e-03 | M: 53.0189 | Path: GPU-cuStateVec MPI-distributed (4 ranks)
Iter 0280 | Energy: -15.820277 | Delta: 1.28e-02 | M: 33.1351 | Path: GPU-cuStateVec MPI-distributed (4 ranks)
[RESILIENCE] Iteration 280: Global theta state checkpointed at path checkpoints/BeH2/checkpoint_iter_0280.npy. 
Iter 0281 | Energy: -15.815625 | Delta: 4.65e-03 | M: 42.0051 | Path: GPU-cuStateVec MPI-distributed (4 ranks)
Iter 0282 | Energy: -15.826543 | Delta: 1.09e-02 | M: 30.3912 | Path: GPU-cuStateVec MPI-distributed (4 ranks)
Iter 0283 | Energy: -15.833353 | Delta: 6.81e-03 | M: 9926.3119 | Path: GPU-cuStateVec MPI-distributed (4 ranks)
Iter 0284 | Energy: -15.830780 | Delta: 2.57e-03 | M: 9024.7211 | Path: GPU-cuStateVec MPI-distributed (4 ranks)
Iter 0285 | Energy: -15.850215 | Delta: 1.94e-02 | M: 34.6966 | Path: GPU-cuStateVec MPI-distributed (4 ranks)
[RESILIENCE] Iteration 285: Global theta state checkpointed at path checkpoints/BeH2/checkpoint_iter_0285.npy. 
Iter 0286 | Energy: -15.839235 | Delta: 1.10e-02 | M: 40.3134 | Path: GPU-cuStateVec MPI-distributed (4 ranks)
Iter 0287 | Energy: -15.868860 | Delta: 2.96e-02 | M: 35.0189 | Path: GPU-cuStateVec MPI-distributed (4 ranks)
Iter 0288 | Energy: -15.863138 | Delta: 5.72e-03 | M: 10081.5974 | Path: GPU-cuStateVec MPI-distributed (4 ranks)
Iter 0289 | Energy: -15.870758 | Delta: 7.62e-03 | M: 9524.2799 | Path: GPU-cuStateVec MPI-distributed (4 ranks)
Iter 0290 | Energy: -15.880832 | Delta: 1.01e-02 | M: 41.9903 | Path: GPU-cuStateVec MPI-distributed (4 ranks)
[RESILIENCE] Iteration 290: Global theta state checkpointed at path checkpoints/BeH2/checkpoint_iter_0290.npy. 
Iter 0291 | Energy: -15.882979 | Delta: 2.15e-03 | M: 32.7902 | Path: GPU-cuStateVec MPI-distributed (4 ranks)
Iter 0292 | Energy: -15.887826 | Delta: 4.85e-03 | M: 57.0901 | Path: GPU-cuStateVec MPI-distributed (4 ranks)
Iter 0293 | Energy: -15.904290 | Delta: 1.65e-02 | M: 56.4487 | Path: GPU-cuStateVec MPI-distributed (4 ranks)
Iter 0294 | Energy: -15.942633 | Delta: 3.83e-02 | M: 39.1737 | Path: GPU-cuStateVec MPI-distributed (4 ranks)
Iter 0295 | Energy: -15.958976 | Delta: 1.63e-02 | M: 37.7569 | Path: GPU-cuStateVec MPI-distributed (4 ranks)
[RESILIENCE] Iteration 295: Global theta state checkpointed at path checkpoints/BeH2/checkpoint_iter_0295.npy. 
Iter 0296 | Energy: -15.962774 | Delta: 3.80e-03 | M: 49.1499 | Path: GPU-cuStateVec MPI-distributed (4 ranks)
Iter 0297 | Energy: -15.977507 | Delta: 1.47e-02 | M: 35.3453 | Path: GPU-cuStateVec MPI-distributed (4 ranks)
Iter 0298 | Energy: -15.999764 | Delta: 2.23e-02 | M: 37.1115 | Path: GPU-cuStateVec MPI-distributed (4 ranks)
Iter 0299 | Energy: -16.003927 | Delta: 4.16e-03 | M: 97.6042 | Path: GPU-cuStateVec MPI-distributed (4 ranks)
Iter 0300 | Energy: -16.004836 | Delta: 9.10e-04 | M: 34.3889 | Path: GPU-cuStateVec MPI-distributed (4 ranks)
[RESILIENCE] Iteration 300: Global theta state checkpointed at path checkpoints/BeH2/checkpoint_iter_0300.npy. 
Iter 0301 | Energy: -15.989113 | Delta: 1.57e-02 | M: 6180.6176 | Path: GPU-cuStateVec MPI-distributed (4 ranks)
Iter 0302 | Energy: -16.007388 | Delta: 1.83e-02 | M: 7843.9413 | Path: GPU-cuStateVec MPI-distributed (4 ranks)
Iter 0303 | Energy: -16.035822 | Delta: 2.84e-02 | M: 32.9803 | Path: GPU-cuStateVec MPI-distributed (4 ranks)
Iter 0304 | Energy: -16.022006 | Delta: 1.38e-02 | M: 34.3095 | Path: GPU-cuStateVec MPI-distributed (4 ranks)
Iter 0305 | Energy: -16.019083 | Delta: 2.92e-03 | M: 46.4181 | Path: GPU-cuStateVec MPI-distributed (4 ranks)
[RESILIENCE] Iteration 305: Global theta state checkpointed at path checkpoints/BeH2/checkpoint_iter_0305.npy. 
Iter 0306 | Energy: -16.021035 | Delta: 1.95e-03 | M: 26.6746 | Path: GPU-cuStateVec MPI-distributed (4 ranks)
Iter 0307 | Energy: -16.022862 | Delta: 1.83e-03 | M: 25.1230 | Path: GPU-cuStateVec MPI-distributed (4 ranks)
Iter 0308 | Energy: -16.036091 | Delta: 1.32e-02 | M: 22.7731 | Path: GPU-cuStateVec MPI-distributed (4 ranks)
Iter 0309 | Energy: -16.030974 | Delta: 5.12e-03 | M: 33.1355 | Path: GPU-cuStateVec MPI-distributed (4 ranks)
Iter 0310 | Energy: -16.061765 | Delta: 3.08e-02 | M: 50.0511 | Path: GPU-cuStateVec MPI-distributed (4 ranks)
[RESILIENCE] Iteration 310: Global theta state checkpointed at path checkpoints/BeH2/checkpoint_iter_0310.npy. 
Iter 0311 | Energy: -16.070057 | Delta: 8.29e-03 | M: 23.1250 | Path: GPU-cuStateVec MPI-distributed (4 ranks)
Iter 0312 | Energy: -16.081349 | Delta: 1.13e-02 | M: 33.9155 | Path: GPU-cuStateVec MPI-distributed (4 ranks)
Iter 0313 | Energy: -16.089108 | Delta: 7.76e-03 | M: 34.0510 | Path: GPU-cuStateVec MPI-distributed (4 ranks)
Iter 0314 | Energy: -16.092014 | Delta: 2.91e-03 | M: 17.7387 | Path: GPU-cuStateVec MPI-distributed (4 ranks)
Iter 0315 | Energy: -16.088538 | Delta: 3.48e-03 | M: 31.8565 | Path: GPU-cuStateVec MPI-distributed (4 ranks)
[RESILIENCE] Iteration 315: Global theta state checkpointed at path checkpoints/BeH2/checkpoint_iter_0315.npy. 
Iter 0316 | Energy: -16.083990 | Delta: 4.55e-03 | M: 38.0520 | Path: GPU-cuStateVec MPI-distributed (4 ranks)
Iter 0317 | Energy: -16.188467 | Delta: 1.04e-01 | M: 49.0034 | Path: GPU-cuStateVec MPI-distributed (4 ranks)
Iter 0318 | Energy: -16.198673 | Delta: 1.02e-02 | M: 43.1350 | Path: GPU-cuStateVec MPI-distributed (4 ranks)
Iter 0319 | Energy: -16.190148 | Delta: 8.52e-03 | M: 33.5513 | Path: GPU-cuStateVec MPI-distributed (4 ranks)
Iter 0320 | Energy: -16.184334 | Delta: 5.81e-03 | M: 21.7967 | Path: GPU-cuStateVec MPI-distributed (4 ranks)
[RESILIENCE] Iteration 320: Global theta state checkpointed at path checkpoints/BeH2/checkpoint_iter_0320.npy. 
Iter 0321 | Energy: -16.210676 | Delta: 2.63e-02 | M: 35.0263 | Path: GPU-cuStateVec MPI-distributed (4 ranks)
Iter 0322 | Energy: -16.210178 | Delta: 4.99e-04 | M: 46.3121 | Path: GPU-cuStateVec MPI-distributed (4 ranks)
Iter 0323 | Energy: -16.250869 | Delta: 4.07e-02 | M: 31.4585 | Path: GPU-cuStateVec MPI-distributed (4 ranks)
Iter 0324 | Energy: -16.258800 | Delta: 7.93e-03 | M: 19.4534 | Path: GPU-cuStateVec MPI-distributed (4 ranks)
Iter 0325 | Energy: -16.258014 | Delta: 7.86e-04 | M: 31.3426 | Path: GPU-cuStateVec MPI-distributed (4 ranks)
[RESILIENCE] Iteration 325: Global theta state checkpointed at path checkpoints/BeH2/checkpoint_iter_0325.npy. 
Iter 0326 | Energy: -16.262320 | Delta: 4.31e-03 | M: 20.5727 | Path: GPU-cuStateVec MPI-distributed (4 ranks)
Iter 0327 | Energy: -16.258168 | Delta: 4.15e-03 | M: 23.5010 | Path: GPU-cuStateVec MPI-distributed (4 ranks)
Iter 0328 | Energy: -16.269656 | Delta: 1.15e-02 | M: 40.6718 | Path: GPU-cuStateVec MPI-distributed (4 ranks)
Iter 0329 | Energy: -16.265904 | Delta: 3.75e-03 | M: 33.6308 | Path: GPU-cuStateVec MPI-distributed (4 ranks)
Iter 0330 | Energy: -16.273076 | Delta: 7.17e-03 | M: 30.6084 | Path: GPU-cuStateVec MPI-distributed (4 ranks)
[RESILIENCE] Iteration 330: Global theta state checkpointed at path checkpoints/BeH2/checkpoint_iter_0330.npy. 
Iter 0331 | Energy: -16.266265 | Delta: 6.81e-03 | M: 46.3292 | Path: GPU-cuStateVec MPI-distributed (4 ranks)
Iter 0332 | Energy: -16.273594 | Delta: 7.33e-03 | M: 23.9298 | Path: GPU-cuStateVec MPI-distributed (4 ranks)
Iter 0333 | Energy: -16.287207 | Delta: 1.36e-02 | M: 65.7201 | Path: GPU-cuStateVec MPI-distributed (4 ranks)
Iter 0334 | Energy: -16.319937 | Delta: 3.27e-02 | M: 23.9688 | Path: GPU-cuStateVec MPI-distributed (4 ranks)
Iter 0335 | Energy: -16.329844 | Delta: 9.91e-03 | M: 27.9932 | Path: GPU-cuStateVec MPI-distributed (4 ranks)
[RESILIENCE] Iteration 335: Global theta state checkpointed at path checkpoints/BeH2/checkpoint_iter_0335.npy. 
Iter 0336 | Energy: -16.402007 | Delta: 7.22e-02 | M: 40.6601 | Path: GPU-cuStateVec MPI-distributed (4 ranks)
Iter 0337 | Energy: -16.422140 | Delta: 2.01e-02 | M: 21.7331 | Path: GPU-cuStateVec MPI-distributed (4 ranks)
Iter 0338 | Energy: -16.483275 | Delta: 6.11e-02 | M: 21.8430 | Path: GPU-cuStateVec MPI-distributed (4 ranks)
Iter 0339 | Energy: -16.495230 | Delta: 1.20e-02 | M: 38.9217 | Path: GPU-cuStateVec MPI-distributed (4 ranks)
Iter 0340 | Energy: -16.507754 | Delta: 1.25e-02 | M: 33.5424 | Path: GPU-cuStateVec MPI-distributed (4 ranks)
[RESILIENCE] Iteration 340: Global theta state checkpointed at path checkpoints/BeH2/checkpoint_iter_0340.npy. 
Iter 0341 | Energy: -16.492060 | Delta: 1.57e-02 | M: 36.6935 | Path: GPU-cuStateVec MPI-distributed (4 ranks)
Iter 0342 | Energy: -16.509894 | Delta: 1.78e-02 | M: 47.2822 | Path: GPU-cuStateVec MPI-distributed (4 ranks)
Iter 0343 | Energy: -16.541265 | Delta: 3.14e-02 | M: 30.9564 | Path: GPU-cuStateVec MPI-distributed (4 ranks)
Iter 0344 | Energy: -16.557121 | Delta: 1.59e-02 | M: 24.2162 | Path: GPU-cuStateVec MPI-distributed (4 ranks)
Iter 0345 | Energy: -16.581800 | Delta: 2.47e-02 | M: 43.1095 | Path: GPU-cuStateVec MPI-distributed (4 ranks)
[RESILIENCE] Iteration 345: Global theta state checkpointed at path checkpoints/BeH2/checkpoint_iter_0345.npy. 
Iter 0346 | Energy: -16.590883 | Delta: 9.08e-03 | M: 9255.8189 | Path: GPU-cuStateVec MPI-distributed (4 ranks)
Iter 0347 | Energy: -16.623691 | Delta: 3.28e-02 | M: 50.6500 | Path: GPU-cuStateVec MPI-distributed (4 ranks)
Iter 0348 | Energy: -16.637198 | Delta: 1.35e-02 | M: 9616.5115 | Path: GPU-cuStateVec MPI-distributed (4 ranks)
Iter 0349 | Energy: -16.636424 | Delta: 7.74e-04 | M: 37.9204 | Path: GPU-cuStateVec MPI-distributed (4 ranks)
Iter 0350 | Energy: -16.634430 | Delta: 1.99e-03 | M: 8497.1704 | Path: GPU-cuStateVec MPI-distributed (4 ranks)
[RESILIENCE] Iteration 350: Global theta state checkpointed at path checkpoints/BeH2/checkpoint_iter_0350.npy. 
Iter 0351 | Energy: -16.659546 | Delta: 2.51e-02 | M: 38.2375 | Path: GPU-cuStateVec MPI-distributed (4 ranks)
Iter 0352 | Energy: -16.664420 | Delta: 4.87e-03 | M: 44.4580 | Path: GPU-cuStateVec MPI-distributed (4 ranks)
Iter 0353 | Energy: -16.659827 | Delta: 4.59e-03 | M: 34.1613 | Path: GPU-cuStateVec MPI-distributed (4 ranks)
Iter 0354 | Energy: -16.664312 | Delta: 4.49e-03 | M: 23.8893 | Path: GPU-cuStateVec MPI-distributed (4 ranks)
Iter 0355 | Energy: -16.650074 | Delta: 1.42e-02 | M: 39.2143 | Path: GPU-cuStateVec MPI-distributed (4 ranks)
[RESILIENCE] Iteration 355: Global theta state checkpointed at path checkpoints/BeH2/checkpoint_iter_0355.npy. 
Iter 0356 | Energy: -16.666071 | Delta: 1.60e-02 | M: 31.1015 | Path: GPU-cuStateVec MPI-distributed (4 ranks)
Iter 0357 | Energy: -16.681003 | Delta: 1.49e-02 | M: 42.0924 | Path: GPU-cuStateVec MPI-distributed (4 ranks)
Iter 0358 | Energy: -16.686931 | Delta: 5.93e-03 | M: 32.3710 | Path: GPU-cuStateVec MPI-distributed (4 ranks)
Iter 0359 | Energy: -16.676513 | Delta: 1.04e-02 | M: 32.0791 | Path: GPU-cuStateVec MPI-distributed (4 ranks)
Iter 0360 | Energy: -16.681742 | Delta: 5.23e-03 | M: 7705.7632 | Path: GPU-cuStateVec MPI-distributed (4 ranks)
[RESILIENCE] Iteration 360: Global theta state checkpointed at path checkpoints/BeH2/checkpoint_iter_0360.npy. 
Iter 0361 | Energy: -16.670000 | Delta: 1.17e-02 | M: 32.6316 | Path: GPU-cuStateVec MPI-distributed (4 ranks)
Iter 0362 | Energy: -16.703056 | Delta: 3.31e-02 | M: 26.8986 | Path: GPU-cuStateVec MPI-distributed (4 ranks)
Iter 0363 | Energy: -16.736393 | Delta: 3.33e-02 | M: 82.7421 | Path: GPU-cuStateVec MPI-distributed (4 ranks)
Iter 0364 | Energy: -16.757353 | Delta: 2.10e-02 | M: 37.5198 | Path: GPU-cuStateVec MPI-distributed (4 ranks)
Iter 0365 | Energy: -16.786285 | Delta: 2.89e-02 | M: 34.3137 | Path: GPU-cuStateVec MPI-distributed (4 ranks)
[RESILIENCE] Iteration 365: Global theta state checkpointed at path checkpoints/BeH2/checkpoint_iter_0365.npy. 
Iter 0366 | Energy: -16.801600 | Delta: 1.53e-02 | M: 51.6168 | Path: GPU-cuStateVec MPI-distributed (4 ranks)
Iter 0367 | Energy: -16.809724 | Delta: 8.12e-03 | M: 23.4422 | Path: GPU-cuStateVec MPI-distributed (4 ranks)
Iter 0368 | Energy: -16.809282 | Delta: 4.42e-04 | M: 33.0550 | Path: GPU-cuStateVec MPI-distributed (4 ranks)
Iter 0369 | Energy: -16.824692 | Delta: 1.54e-02 | M: 40.3496 | Path: GPU-cuStateVec MPI-distributed (4 ranks)
Iter 0370 | Energy: -16.840899 | Delta: 1.62e-02 | M: 36.6294 | Path: GPU-cuStateVec MPI-distributed (4 ranks)
[RESILIENCE] Iteration 370: Global theta state checkpointed at path checkpoints/BeH2/checkpoint_iter_0370.npy. 
Iter 0371 | Energy: -16.836370 | Delta: 4.53e-03 | M: 82.5079 | Path: GPU-cuStateVec MPI-distributed (4 ranks)
Iter 0372 | Energy: -16.862506 | Delta: 2.61e-02 | M: 33.5387 | Path: GPU-cuStateVec MPI-distributed (4 ranks)
Iter 0373 | Energy: -16.873101 | Delta: 1.06e-02 | M: 30.0397 | Path: GPU-cuStateVec MPI-distributed (4 ranks)
Iter 0374 | Energy: -16.928369 | Delta: 5.53e-02 | M: 21.9786 | Path: GPU-cuStateVec MPI-distributed (4 ranks)
Iter 0375 | Energy: -16.945501 | Delta: 1.71e-02 | M: 45.4608 | Path: GPU-cuStateVec MPI-distributed (4 ranks)
[RESILIENCE] Iteration 375: Global theta state checkpointed at path checkpoints/BeH2/checkpoint_iter_0375.npy. 
Iter 0376 | Energy: -16.939694 | Delta: 5.81e-03 | M: 44.2430 | Path: GPU-cuStateVec MPI-distributed (4 ranks)
Iter 0377 | Energy: -16.936229 | Delta: 3.46e-03 | M: 37.8207 | Path: GPU-cuStateVec MPI-distributed (4 ranks)
Iter 0378 | Energy: -16.943255 | Delta: 7.03e-03 | M: 41.4263 | Path: GPU-cuStateVec MPI-distributed (4 ranks)
Iter 0379 | Energy: -16.949812 | Delta: 6.56e-03 | M: 21.7133 | Path: GPU-cuStateVec MPI-distributed (4 ranks)
Iter 0380 | Energy: -16.952050 | Delta: 2.24e-03 | M: 28.8280 | Path: GPU-cuStateVec MPI-distributed (4 ranks)
[RESILIENCE] Iteration 380: Global theta state checkpointed at path checkpoints/BeH2/checkpoint_iter_0380.npy. 
Iter 0381 | Energy: -16.944479 | Delta: 7.57e-03 | M: 24.6957 | Path: GPU-cuStateVec MPI-distributed (4 ranks)
Iter 0382 | Energy: -16.955072 | Delta: 1.06e-02 | M: 28.2131 | Path: GPU-cuStateVec MPI-distributed (4 ranks)
Iter 0383 | Energy: -16.964589 | Delta: 9.52e-03 | M: 39.3790 | Path: GPU-cuStateVec MPI-distributed (4 ranks)
Iter 0384 | Energy: -16.962478 | Delta: 2.11e-03 | M: 42.9273 | Path: GPU-cuStateVec MPI-distributed (4 ranks)
Iter 0385 | Energy: -16.968551 | Delta: 6.07e-03 | M: 35.5570 | Path: GPU-cuStateVec MPI-distributed (4 ranks)
[RESILIENCE] Iteration 385: Global theta state checkpointed at path checkpoints/BeH2/checkpoint_iter_0385.npy. 
Iter 0386 | Energy: -16.988718 | Delta: 2.02e-02 | M: 29.7865 | Path: GPU-cuStateVec MPI-distributed (4 ranks)
Iter 0387 | Energy: -16.979170 | Delta: 9.55e-03 | M: 37.9668 | Path: GPU-cuStateVec MPI-distributed (4 ranks)
Iter 0388 | Energy: -16.992484 | Delta: 1.33e-02 | M: 27.4892 | Path: GPU-cuStateVec MPI-distributed (4 ranks)
Iter 0389 | Energy: -16.995805 | Delta: 3.32e-03 | M: 27.8789 | Path: GPU-cuStateVec MPI-distributed (4 ranks)
Iter 0390 | Energy: -17.008710 | Delta: 1.29e-02 | M: 30.4636 | Path: GPU-cuStateVec MPI-distributed (4 ranks)
[RESILIENCE] Iteration 390: Global theta state checkpointed at path checkpoints/BeH2/checkpoint_iter_0390.npy. 
Iter 0391 | Energy: -17.021549 | Delta: 1.28e-02 | M: 45.5460 | Path: GPU-cuStateVec MPI-distributed (4 ranks)
Iter 0392 | Energy: -17.009511 | Delta: 1.20e-02 | M: 36.9882 | Path: GPU-cuStateVec MPI-distributed (4 ranks)
Iter 0393 | Energy: -17.012687 | Delta: 3.18e-03 | M: 35.2993 | Path: GPU-cuStateVec MPI-distributed (4 ranks)
Iter 0394 | Energy: -17.014069 | Delta: 1.38e-03 | M: 27.4906 | Path: GPU-cuStateVec MPI-distributed (4 ranks)
Iter 0395 | Energy: -17.010223 | Delta: 3.85e-03 | M: 25.7216 | Path: GPU-cuStateVec MPI-distributed (4 ranks)
[RESILIENCE] Iteration 395: Global theta state checkpointed at path checkpoints/BeH2/checkpoint_iter_0395.npy. 
Iter 0396 | Energy: -17.043289 | Delta: 3.31e-02 | M: 27.9573 | Path: GPU-cuStateVec MPI-distributed (4 ranks)
Iter 0397 | Energy: -17.041780 | Delta: 1.51e-03 | M: 26.1010 | Path: GPU-cuStateVec MPI-distributed (4 ranks)
Iter 0398 | Energy: -17.044688 | Delta: 2.91e-03 | M: 37.1235 | Path: GPU-cuStateVec MPI-distributed (4 ranks)
Iter 0399 | Energy: -17.064522 | Delta: 1.98e-02 | M: 34.8220 | Path: GPU-cuStateVec MPI-distributed (4 ranks)
Iter 0400 | Energy: -17.062177 | Delta: 2.34e-03 | M: 24.4206 | Path: GPU-cuStateVec MPI-distributed (4 ranks)
[RESILIENCE] Iteration 400: Global theta state checkpointed at path checkpoints/BeH2/checkpoint_iter_0400.npy. 
Iter 0401 | Energy: -17.069390 | Delta: 7.21e-03 | M: 39.4336 | Path: GPU-cuStateVec MPI-distributed (4 ranks)
Iter 0402 | Energy: -17.082139 | Delta: 1.27e-02 | M: 41.7893 | Path: GPU-cuStateVec MPI-distributed (4 ranks)
Iter 0403 | Energy: -17.095517 | Delta: 1.34e-02 | M: 23.9691 | Path: GPU-cuStateVec MPI-distributed (4 ranks)
Iter 0404 | Energy: -17.095685 | Delta: 1.68e-04 | M: 25.0113 | Path: GPU-cuStateVec MPI-distributed (4 ranks)
Iter 0405 | Energy: -17.101382 | Delta: 5.70e-03 | M: 18.9568 | Path: GPU-cuStateVec MPI-distributed (4 ranks)
[RESILIENCE] Iteration 405: Global theta state checkpointed at path checkpoints/BeH2/checkpoint_iter_0405.npy. 
Iter 0406 | Energy: -17.120672 | Delta: 1.93e-02 | M: 32.0138 | Path: GPU-cuStateVec MPI-distributed (4 ranks)
Iter 0407 | Energy: -17.122051 | Delta: 1.38e-03 | M: 36.3770 | Path: GPU-cuStateVec MPI-distributed (4 ranks)
Iter 0408 | Energy: -17.119730 | Delta: 2.32e-03 | M: 27.2275 | Path: GPU-cuStateVec MPI-distributed (4 ranks)
Iter 0409 | Energy: -17.140485 | Delta: 2.08e-02 | M: 25.3795 | Path: GPU-cuStateVec MPI-distributed (4 ranks)
Iter 0410 | Energy: -17.118854 | Delta: 2.16e-02 | M: 14.7974 | Path: GPU-cuStateVec MPI-distributed (4 ranks)
[RESILIENCE] Iteration 410: Global theta state checkpointed at path checkpoints/BeH2/checkpoint_iter_0410.npy. 
Iter 0411 | Energy: -17.126977 | Delta: 8.12e-03 | M: 37.5963 | Path: GPU-cuStateVec MPI-distributed (4 ranks)
Iter 0412 | Energy: -17.137767 | Delta: 1.08e-02 | M: 36.1234 | Path: GPU-cuStateVec MPI-distributed (4 ranks)
Iter 0413 | Energy: -17.139940 | Delta: 2.17e-03 | M: 24.5066 | Path: GPU-cuStateVec MPI-distributed (4 ranks)
Iter 0414 | Energy: -17.165270 | Delta: 2.53e-02 | M: 26.2529 | Path: GPU-cuStateVec MPI-distributed (4 ranks)
Iter 0415 | Energy: -17.175076 | Delta: 9.81e-03 | M: 23.8493 | Path: GPU-cuStateVec MPI-distributed (4 ranks)
[RESILIENCE] Iteration 415: Global theta state checkpointed at path checkpoints/BeH2/checkpoint_iter_0415.npy. 
Iter 0416 | Energy: -17.172179 | Delta: 2.90e-03 | M: 21.8898 | Path: GPU-cuStateVec MPI-distributed (4 ranks)
Iter 0417 | Energy: -17.173454 | Delta: 1.27e-03 | M: 20.6057 | Path: GPU-cuStateVec MPI-distributed (4 ranks)
Iter 0418 | Energy: -17.166867 | Delta: 6.59e-03 | M: 21.5738 | Path: GPU-cuStateVec MPI-distributed (4 ranks)
Iter 0419 | Energy: -17.183559 | Delta: 1.67e-02 | M: 42.0373 | Path: GPU-cuStateVec MPI-distributed (4 ranks)
Iter 0420 | Energy: -17.181423 | Delta: 2.14e-03 | M: 29.5244 | Path: GPU-cuStateVec MPI-distributed (4 ranks)
[RESILIENCE] Iteration 420: Global theta state checkpointed at path checkpoints/BeH2/checkpoint_iter_0420.npy. 
Iter 0421 | Energy: -17.171786 | Delta: 9.64e-03 | M: 25.7142 | Path: GPU-cuStateVec MPI-distributed (4 ranks)
Iter 0422 | Energy: -17.193422 | Delta: 2.16e-02 | M: 18.3568 | Path: GPU-cuStateVec MPI-distributed (4 ranks)
Iter 0423 | Energy: -17.201828 | Delta: 8.41e-03 | M: 26.5798 | Path: GPU-cuStateVec MPI-distributed (4 ranks)
Iter 0424 | Energy: -17.205510 | Delta: 3.68e-03 | M: 28.7691 | Path: GPU-cuStateVec MPI-distributed (4 ranks)
Iter 0425 | Energy: -17.237581 | Delta: 3.21e-02 | M: 24.8823 | Path: GPU-cuStateVec MPI-distributed (4 ranks)
[RESILIENCE] Iteration 425: Global theta state checkpointed at path checkpoints/BeH2/checkpoint_iter_0425.npy. 
Iter 0426 | Energy: -17.241979 | Delta: 4.40e-03 | M: 34.7870 | Path: GPU-cuStateVec MPI-distributed (4 ranks)
Iter 0427 | Energy: -17.249382 | Delta: 7.40e-03 | M: 33.0310 | Path: GPU-cuStateVec MPI-distributed (4 ranks)
Iter 0428 | Energy: -17.247288 | Delta: 2.09e-03 | M: 22.0351 | Path: GPU-cuStateVec MPI-distributed (4 ranks)
Iter 0429 | Energy: -17.267770 | Delta: 2.05e-02 | M: 21.6139 | Path: GPU-cuStateVec MPI-distributed (4 ranks)
Iter 0430 | Energy: -17.256266 | Delta: 1.15e-02 | M: 39.0388 | Path: GPU-cuStateVec MPI-distributed (4 ranks)
[RESILIENCE] Iteration 430: Global theta state checkpointed at path checkpoints/BeH2/checkpoint_iter_0430.npy. 
Iter 0431 | Energy: -17.270421 | Delta: 1.42e-02 | M: 29.9200 | Path: GPU-cuStateVec MPI-distributed (4 ranks)
Iter 0432 | Energy: -17.274820 | Delta: 4.40e-03 | M: 32.0653 | Path: GPU-cuStateVec MPI-distributed (4 ranks)
Iter 0433 | Energy: -17.285319 | Delta: 1.05e-02 | M: 34.0351 | Path: GPU-cuStateVec MPI-distributed (4 ranks)
Iter 0434 | Energy: -17.279284 | Delta: 6.04e-03 | M: 24.8675 | Path: GPU-cuStateVec MPI-distributed (4 ranks)
Iter 0435 | Energy: -17.301458 | Delta: 2.22e-02 | M: 39.2925 | Path: GPU-cuStateVec MPI-distributed (4 ranks)
[RESILIENCE] Iteration 435: Global theta state checkpointed at path checkpoints/BeH2/checkpoint_iter_0435.npy. 
Iter 0436 | Energy: -17.282740 | Delta: 1.87e-02 | M: 45.8426 | Path: GPU-cuStateVec MPI-distributed (4 ranks)
Iter 0437 | Energy: -17.294005 | Delta: 1.13e-02 | M: 31.1017 | Path: GPU-cuStateVec MPI-distributed (4 ranks)
Iter 0438 | Energy: -17.284311 | Delta: 9.69e-03 | M: 42.7736 | Path: GPU-cuStateVec MPI-distributed (4 ranks)
Iter 0439 | Energy: -17.289380 | Delta: 5.07e-03 | M: 36.2000 | Path: GPU-cuStateVec MPI-distributed (4 ranks)
Iter 0440 | Energy: -17.301485 | Delta: 1.21e-02 | M: 26.6260 | Path: GPU-cuStateVec MPI-distributed (4 ranks)
[RESILIENCE] Iteration 440: Global theta state checkpointed at path checkpoints/BeH2/checkpoint_iter_0440.npy. 
Iter 0441 | Energy: -17.304062 | Delta: 2.58e-03 | M: 51.1299 | Path: GPU-cuStateVec MPI-distributed (4 ranks)
Iter 0442 | Energy: -17.308596 | Delta: 4.53e-03 | M: 39.3408 | Path: GPU-cuStateVec MPI-distributed (4 ranks)
Iter 0443 | Energy: -17.306442 | Delta: 2.15e-03 | M: 31.6142 | Path: GPU-cuStateVec MPI-distributed (4 ranks)
Iter 0444 | Energy: -17.336739 | Delta: 3.03e-02 | M: 43.0275 | Path: GPU-cuStateVec MPI-distributed (4 ranks)
Iter 0445 | Energy: -17.330764 | Delta: 5.98e-03 | M: 50.0522 | Path: GPU-cuStateVec MPI-distributed (4 ranks)
[RESILIENCE] Iteration 445: Global theta state checkpointed at path checkpoints/BeH2/checkpoint_iter_0445.npy. 
Iter 0446 | Energy: -17.322177 | Delta: 8.59e-03 | M: 55.3887 | Path: GPU-cuStateVec MPI-distributed (4 ranks)
Iter 0447 | Energy: -17.316672 | Delta: 5.50e-03 | M: 36.3550 | Path: GPU-cuStateVec MPI-distributed (4 ranks)
Iter 0448 | Energy: -17.335022 | Delta: 1.84e-02 | M: 78.3640 | Path: GPU-cuStateVec MPI-distributed (4 ranks)
Iter 0449 | Energy: -17.340839 | Delta: 5.82e-03 | M: 38.4178 | Path: GPU-cuStateVec MPI-distributed (4 ranks)
Iter 0450 | Energy: -17.351713 | Delta: 1.09e-02 | M: 39.1536 | Path: GPU-cuStateVec MPI-distributed (4 ranks)
[RESILIENCE] Iteration 450: Global theta state checkpointed at path checkpoints/BeH2/checkpoint_iter_0450.npy. 
Iter 0451 | Energy: -17.341685 | Delta: 1.00e-02 | M: 39.8719 | Path: GPU-cuStateVec MPI-distributed (4 ranks)
Iter 0452 | Energy: -17.342404 | Delta: 7.18e-04 | M: 24.5444 | Path: GPU-cuStateVec MPI-distributed (4 ranks)
Iter 0453 | Energy: -17.365128 | Delta: 2.27e-02 | M: 44.2592 | Path: GPU-cuStateVec MPI-distributed (4 ranks)
Iter 0454 | Energy: -17.373258 | Delta: 8.13e-03 | M: 43.0105 | Path: GPU-cuStateVec MPI-distributed (4 ranks)
Iter 0455 | Energy: -17.364688 | Delta: 8.57e-03 | M: 27.4805 | Path: GPU-cuStateVec MPI-distributed (4 ranks)
[RESILIENCE] Iteration 455: Global theta state checkpointed at path checkpoints/BeH2/checkpoint_iter_0455.npy. 
Iter 0456 | Energy: -17.366196 | Delta: 1.51e-03 | M: 7896.6988 | Path: GPU-cuStateVec MPI-distributed (4 ranks)
Iter 0457 | Energy: -17.380514 | Delta: 1.43e-02 | M: 31.0740 | Path: GPU-cuStateVec MPI-distributed (4 ranks)
Iter 0458 | Energy: -17.383754 | Delta: 3.24e-03 | M: 8733.6256 | Path: GPU-cuStateVec MPI-distributed (4 ranks)
Iter 0459 | Energy: -17.400509 | Delta: 1.68e-02 | M: 36.1369 | Path: GPU-cuStateVec MPI-distributed (4 ranks)
Iter 0460 | Energy: -17.390176 | Delta: 1.03e-02 | M: 80.4546 | Path: GPU-cuStateVec MPI-distributed (4 ranks)
[RESILIENCE] Iteration 460: Global theta state checkpointed at path checkpoints/BeH2/checkpoint_iter_0460.npy. 
Iter 0461 | Energy: -17.391987 | Delta: 1.81e-03 | M: 22.8486 | Path: GPU-cuStateVec MPI-distributed (4 ranks)
Iter 0462 | Energy: -17.397762 | Delta: 5.77e-03 | M: 8384.9377 | Path: GPU-cuStateVec MPI-distributed (4 ranks)
Iter 0463 | Energy: -17.402897 | Delta: 5.13e-03 | M: 9561.4364 | Path: GPU-cuStateVec MPI-distributed (4 ranks)
Iter 0464 | Energy: -17.400246 | Delta: 2.65e-03 | M: 27.1760 | Path: GPU-cuStateVec MPI-distributed (4 ranks)
Iter 0465 | Energy: -17.403152 | Delta: 2.91e-03 | M: 31.4768 | Path: GPU-cuStateVec MPI-distributed (4 ranks)
[RESILIENCE] Iteration 465: Global theta state checkpointed at path checkpoints/BeH2/checkpoint_iter_0465.npy. 
Iter 0466 | Energy: -17.413932 | Delta: 1.08e-02 | M: 38.1549 | Path: GPU-cuStateVec MPI-distributed (4 ranks)
Iter 0467 | Energy: -17.414034 | Delta: 1.02e-04 | M: 21.9626 | Path: GPU-cuStateVec MPI-distributed (4 ranks)
Iter 0468 | Energy: -17.413685 | Delta: 3.49e-04 | M: 46.0468 | Path: GPU-cuStateVec MPI-distributed (4 ranks)
Iter 0469 | Energy: -17.414160 | Delta: 4.75e-04 | M: 40.2257 | Path: GPU-cuStateVec MPI-distributed (4 ranks)
Iter 0470 | Energy: -17.415994 | Delta: 1.83e-03 | M: 77.3943 | Path: GPU-cuStateVec MPI-distributed (4 ranks)
[RESILIENCE] Iteration 470: Global theta state checkpointed at path checkpoints/BeH2/checkpoint_iter_0470.npy. 
Iter 0471 | Energy: -17.416530 | Delta: 5.36e-04 | M: 44.5646 | Path: GPU-cuStateVec MPI-distributed (4 ranks)
Iter 0472 | Energy: -17.410995 | Delta: 5.53e-03 | M: 21.9289 | Path: GPU-cuStateVec MPI-distributed (4 ranks)
Iter 0473 | Energy: -17.420537 | Delta: 9.54e-03 | M: 24.2373 | Path: GPU-cuStateVec MPI-distributed (4 ranks)
Iter 0474 | Energy: -17.428543 | Delta: 8.01e-03 | M: 40.6623 | Path: GPU-cuStateVec MPI-distributed (4 ranks)
Iter 0475 | Energy: -17.425486 | Delta: 3.06e-03 | M: 37.6234 | Path: GPU-cuStateVec MPI-distributed (4 ranks)
[RESILIENCE] Iteration 475: Global theta state checkpointed at path checkpoints/BeH2/checkpoint_iter_0475.npy. 
Iter 0476 | Energy: -17.431650 | Delta: 6.16e-03 | M: 8049.5133 | Path: GPU-cuStateVec MPI-distributed (4 ranks)
Iter 0477 | Energy: -17.439612 | Delta: 7.96e-03 | M: 64.1820 | Path: GPU-cuStateVec MPI-distributed (4 ranks)
Iter 0478 | Energy: -17.434316 | Delta: 5.30e-03 | M: 52.8496 | Path: GPU-cuStateVec MPI-distributed (4 ranks)
Iter 0479 | Energy: -17.442516 | Delta: 8.20e-03 | M: 28.3073 | Path: GPU-cuStateVec MPI-distributed (4 ranks)
Iter 0480 | Energy: -17.444635 | Delta: 2.12e-03 | M: 9109.6525 | Path: GPU-cuStateVec MPI-distributed (4 ranks)
[RESILIENCE] Iteration 480: Global theta state checkpointed at path checkpoints/BeH2/checkpoint_iter_0480.npy. 
Iter 0481 | Energy: -17.437031 | Delta: 7.60e-03 | M: 36.6731 | Path: GPU-cuStateVec MPI-distributed (4 ranks)
Iter 0482 | Energy: -17.454004 | Delta: 1.70e-02 | M: 42.4160 | Path: GPU-cuStateVec MPI-distributed (4 ranks)
Iter 0483 | Energy: -17.452504 | Delta: 1.50e-03 | M: 46.0761 | Path: GPU-cuStateVec MPI-distributed (4 ranks)
Iter 0484 | Energy: -17.454794 | Delta: 2.29e-03 | M: 8746.9146 | Path: GPU-cuStateVec MPI-distributed (4 ranks)
Iter 0485 | Energy: -17.461127 | Delta: 6.33e-03 | M: 27.6562 | Path: GPU-cuStateVec MPI-distributed (4 ranks)
[RESILIENCE] Iteration 485: Global theta state checkpointed at path checkpoints/BeH2/checkpoint_iter_0485.npy. 
Iter 0486 | Energy: -17.456593 | Delta: 4.53e-03 | M: 19.0981 | Path: GPU-cuStateVec MPI-distributed (4 ranks)
Iter 0487 | Energy: -17.467318 | Delta: 1.07e-02 | M: 22.8626 | Path: GPU-cuStateVec MPI-distributed (4 ranks)
Iter 0488 | Energy: -17.470162 | Delta: 2.84e-03 | M: 50.1866 | Path: GPU-cuStateVec MPI-distributed (4 ranks)
Iter 0489 | Energy: -17.467359 | Delta: 2.80e-03 | M: 29.3617 | Path: GPU-cuStateVec MPI-distributed (4 ranks)
Iter 0490 | Energy: -17.475211 | Delta: 7.85e-03 | M: 24.8825 | Path: GPU-cuStateVec MPI-distributed (4 ranks)
[RESILIENCE] Iteration 490: Global theta state checkpointed at path checkpoints/BeH2/checkpoint_iter_0490.npy. 
Iter 0491 | Energy: -17.473044 | Delta: 2.17e-03 | M: 36.2596 | Path: GPU-cuStateVec MPI-distributed (4 ranks)
Iter 0492 | Energy: -17.488776 | Delta: 1.57e-02 | M: 47.3039 | Path: GPU-cuStateVec MPI-distributed (4 ranks)
Iter 0493 | Energy: -17.494275 | Delta: 5.50e-03 | M: 77.3163 | Path: GPU-cuStateVec MPI-distributed (4 ranks)
Iter 0494 | Energy: -17.483021 | Delta: 1.13e-02 | M: 34.6827 | Path: GPU-cuStateVec MPI-distributed (4 ranks)
Iter 0495 | Energy: -17.471461 | Delta: 1.16e-02 | M: 47.9370 | Path: GPU-cuStateVec MPI-distributed (4 ranks)
[RESILIENCE] Iteration 495: Global theta state checkpointed at path checkpoints/BeH2/checkpoint_iter_0495.npy. 
Iter 0496 | Energy: -17.488838 | Delta: 1.74e-02 | M: 48.4718 | Path: GPU-cuStateVec MPI-distributed (4 ranks)
Iter 0497 | Energy: -17.478649 | Delta: 1.02e-02 | M: 34.2616 | Path: GPU-cuStateVec MPI-distributed (4 ranks)
Iter 0498 | Energy: -17.493802 | Delta: 1.52e-02 | M: 76.0272 | Path: GPU-cuStateVec MPI-distributed (4 ranks)
Iter 0499 | Energy: -17.490562 | Delta: 3.24e-03 | M: 44.2950 | Path: GPU-cuStateVec MPI-distributed (4 ranks)
Iter 0500 | Energy: -17.495728 | Delta: 5.17e-03 | M: 39.1581 | Path: GPU-cuStateVec MPI-distributed (4 ranks)
[RESILIENCE] Iteration 500: Global theta state checkpointed at path checkpoints/BeH2/checkpoint_iter_0500.npy. 
Iter 0501 | Energy: -17.498046 | Delta: 2.32e-03 | M: 48.9378 | Path: GPU-cuStateVec MPI-distributed (4 ranks)
Iter 0502 | Energy: -17.495349 | Delta: 2.70e-03 | M: 41.2198 | Path: GPU-cuStateVec MPI-distributed (4 ranks)
Iter 0503 | Energy: -17.497107 | Delta: 1.76e-03 | M: 26.6336 | Path: GPU-cuStateVec MPI-distributed (4 ranks)
Iter 0504 | Energy: -17.490033 | Delta: 7.07e-03 | M: 78.6333 | Path: GPU-cuStateVec MPI-distributed (4 ranks)
Iter 0505 | Energy: -17.495719 | Delta: 5.69e-03 | M: 45.8624 | Path: GPU-cuStateVec MPI-distributed (4 ranks)
[RESILIENCE] Iteration 505: Global theta state checkpointed at path checkpoints/BeH2/checkpoint_iter_0505.npy. 
Iter 0506 | Energy: -17.504661 | Delta: 8.94e-03 | M: 10369.6664 | Path: GPU-cuStateVec MPI-distributed (4 ranks)
Iter 0507 | Energy: -17.508237 | Delta: 3.58e-03 | M: 26.5526 | Path: GPU-cuStateVec MPI-distributed (4 ranks)
Iter 0508 | Energy: -17.513300 | Delta: 5.06e-03 | M: 46.4779 | Path: GPU-cuStateVec MPI-distributed (4 ranks)
Iter 0509 | Energy: -17.521982 | Delta: 8.68e-03 | M: 18.0133 | Path: GPU-cuStateVec MPI-distributed (4 ranks)
Iter 0510 | Energy: -17.518291 | Delta: 3.69e-03 | M: 21.8015 | Path: GPU-cuStateVec MPI-distributed (4 ranks)
[RESILIENCE] Iteration 510: Global theta state checkpointed at path checkpoints/BeH2/checkpoint_iter_0510.npy. 
Iter 0511 | Energy: -17.523859 | Delta: 5.57e-03 | M: 47.3327 | Path: GPU-cuStateVec MPI-distributed (4 ranks)
Iter 0512 | Energy: -17.526161 | Delta: 2.30e-03 | M: 52.0896 | Path: GPU-cuStateVec MPI-distributed (4 ranks)
Iter 0513 | Energy: -17.535875 | Delta: 9.71e-03 | M: 20.5753 | Path: GPU-cuStateVec MPI-distributed (4 ranks)
Iter 0514 | Energy: -17.544123 | Delta: 8.25e-03 | M: 21.9815 | Path: GPU-cuStateVec MPI-distributed (4 ranks)
Iter 0515 | Energy: -17.544891 | Delta: 7.68e-04 | M: 30.5748 | Path: GPU-cuStateVec MPI-distributed (4 ranks)
[RESILIENCE] Iteration 515: Global theta state checkpointed at path checkpoints/BeH2/checkpoint_iter_0515.npy. 
Iter 0516 | Energy: -17.537486 | Delta: 7.40e-03 | M: 44.6203 | Path: GPU-cuStateVec MPI-distributed (4 ranks)
Iter 0517 | Energy: -17.550829 | Delta: 1.33e-02 | M: 77.0605 | Path: GPU-cuStateVec MPI-distributed (4 ranks)
Iter 0518 | Energy: -17.543399 | Delta: 7.43e-03 | M: 26.7147 | Path: GPU-cuStateVec MPI-distributed (4 ranks)
Iter 0519 | Energy: -17.551713 | Delta: 8.31e-03 | M: 18.1052 | Path: GPU-cuStateVec MPI-distributed (4 ranks)
Iter 0520 | Energy: -17.541101 | Delta: 1.06e-02 | M: 49.8643 | Path: GPU-cuStateVec MPI-distributed (4 ranks)
[RESILIENCE] Iteration 520: Global theta state checkpointed at path checkpoints/BeH2/checkpoint_iter_0520.npy. 
Iter 0521 | Energy: -17.563621 | Delta: 2.25e-02 | M: 20.9839 | Path: GPU-cuStateVec MPI-distributed (4 ranks)
Iter 0522 | Energy: -17.559029 | Delta: 4.59e-03 | M: 20.8853 | Path: GPU-cuStateVec MPI-distributed (4 ranks)
Iter 0523 | Energy: -17.561017 | Delta: 1.99e-03 | M: 52.8892 | Path: GPU-cuStateVec MPI-distributed (4 ranks)
Iter 0524 | Energy: -17.568907 | Delta: 7.89e-03 | M: 40.4139 | Path: GPU-cuStateVec MPI-distributed (4 ranks)
Iter 0525 | Energy: -17.570238 | Delta: 1.33e-03 | M: 42.9501 | Path: GPU-cuStateVec MPI-distributed (4 ranks)
[RESILIENCE] Iteration 525: Global theta state checkpointed at path checkpoints/BeH2/checkpoint_iter_0525.npy. 
Iter 0526 | Energy: -17.546867 | Delta: 2.34e-02 | M: 43.7978 | Path: GPU-cuStateVec MPI-distributed (4 ranks)
Iter 0527 | Energy: -17.566875 | Delta: 2.00e-02 | M: 28.4944 | Path: GPU-cuStateVec MPI-distributed (4 ranks)
Iter 0528 | Energy: -17.579576 | Delta: 1.27e-02 | M: 10235.9339 | Path: GPU-cuStateVec MPI-distributed (4 ranks)
Iter 0529 | Energy: -17.582774 | Delta: 3.20e-03 | M: 10641.3936 | Path: GPU-cuStateVec MPI-distributed (4 ranks)
Iter 0530 | Energy: -17.571168 | Delta: 1.16e-02 | M: 40.7111 | Path: GPU-cuStateVec MPI-distributed (4 ranks)
[RESILIENCE] Iteration 530: Global theta state checkpointed at path checkpoints/BeH2/checkpoint_iter_0530.npy. 
Iter 0531 | Energy: -17.578017 | Delta: 6.85e-03 | M: 43.6211 | Path: GPU-cuStateVec MPI-distributed (4 ranks)
Iter 0532 | Energy: -17.566667 | Delta: 1.13e-02 | M: 45.2528 | Path: GPU-cuStateVec MPI-distributed (4 ranks)
Iter 0533 | Energy: -17.591253 | Delta: 2.46e-02 | M: 25.5462 | Path: GPU-cuStateVec MPI-distributed (4 ranks)
Iter 0534 | Energy: -17.591193 | Delta: 6.04e-05 | M: 21.0939 | Path: GPU-cuStateVec MPI-distributed (4 ranks)
Iter 0535 | Energy: -17.604249 | Delta: 1.31e-02 | M: 81.6923 | Path: GPU-cuStateVec MPI-distributed (4 ranks)
[RESILIENCE] Iteration 535: Global theta state checkpointed at path checkpoints/BeH2/checkpoint_iter_0535.npy. 
Iter 0536 | Energy: -17.597634 | Delta: 6.61e-03 | M: 39.8407 | Path: GPU-cuStateVec MPI-distributed (4 ranks)
Iter 0537 | Energy: -17.596348 | Delta: 1.29e-03 | M: 50.6572 | Path: GPU-cuStateVec MPI-distributed (4 ranks)
Iter 0538 | Energy: -17.603305 | Delta: 6.96e-03 | M: 39.4911 | Path: GPU-cuStateVec MPI-distributed (4 ranks)
Iter 0539 | Energy: -17.609097 | Delta: 5.79e-03 | M: 23.4123 | Path: GPU-cuStateVec MPI-distributed (4 ranks)
Iter 0540 | Energy: -17.606729 | Delta: 2.37e-03 | M: 37.0563 | Path: GPU-cuStateVec MPI-distributed (4 ranks)
[RESILIENCE] Iteration 540: Global theta state checkpointed at path checkpoints/BeH2/checkpoint_iter_0540.npy. 
Iter 0541 | Energy: -17.597835 | Delta: 8.89e-03 | M: 76.3354 | Path: GPU-cuStateVec MPI-distributed (4 ranks)
Iter 0542 | Energy: -17.604248 | Delta: 6.41e-03 | M: 35.7236 | Path: GPU-cuStateVec MPI-distributed (4 ranks)
Iter 0543 | Energy: -17.606965 | Delta: 2.72e-03 | M: 53.0451 | Path: GPU-cuStateVec MPI-distributed (4 ranks)
Iter 0544 | Energy: -17.601369 | Delta: 5.60e-03 | M: 32.8785 | Path: GPU-cuStateVec MPI-distributed (4 ranks)
Iter 0545 | Energy: -17.611198 | Delta: 9.83e-03 | M: 26.8485 | Path: GPU-cuStateVec MPI-distributed (4 ranks)
[RESILIENCE] Iteration 545: Global theta state checkpointed at path checkpoints/BeH2/checkpoint_iter_0545.npy. 
Iter 0546 | Energy: -17.608592 | Delta: 2.61e-03 | M: 49.1233 | Path: GPU-cuStateVec MPI-distributed (4 ranks)
Iter 0547 | Energy: -17.611431 | Delta: 2.84e-03 | M: 59.7071 | Path: GPU-cuStateVec MPI-distributed (4 ranks)
Iter 0548 | Energy: -17.603174 | Delta: 8.26e-03 | M: 43.5761 | Path: GPU-cuStateVec MPI-distributed (4 ranks)
Iter 0549 | Energy: -17.603075 | Delta: 9.89e-05 | M: 31.8162 | Path: GPU-cuStateVec MPI-distributed (4 ranks)
Iter 0550 | Energy: -17.616303 | Delta: 1.32e-02 | M: 19.7385 | Path: GPU-cuStateVec MPI-distributed (4 ranks)
[RESILIENCE] Iteration 550: Global theta state checkpointed at path checkpoints/BeH2/checkpoint_iter_0550.npy. 
Iter 0551 | Energy: -17.618985 | Delta: 2.68e-03 | M: 26.2157 | Path: GPU-cuStateVec MPI-distributed (4 ranks)
Iter 0552 | Energy: -17.620235 | Delta: 1.25e-03 | M: 39.0037 | Path: GPU-cuStateVec MPI-distributed (4 ranks)
Iter 0553 | Energy: -17.621474 | Delta: 1.24e-03 | M: 25.3334 | Path: GPU-cuStateVec MPI-distributed (4 ranks)
Iter 0554 | Energy: -17.620820 | Delta: 6.54e-04 | M: 34.3409 | Path: GPU-cuStateVec MPI-distributed (4 ranks)
Iter 0555 | Energy: -17.626772 | Delta: 5.95e-03 | M: 35.0829 | Path: GPU-cuStateVec MPI-distributed (4 ranks)
[RESILIENCE] Iteration 555: Global theta state checkpointed at path checkpoints/BeH2/checkpoint_iter_0555.npy. 
Iter 0556 | Energy: -17.618353 | Delta: 8.42e-03 | M: 35.4919 | Path: GPU-cuStateVec MPI-distributed (4 ranks)
Iter 0557 | Energy: -17.630483 | Delta: 1.21e-02 | M: 24.2008 | Path: GPU-cuStateVec MPI-distributed (4 ranks)
Iter 0558 | Energy: -17.618253 | Delta: 1.22e-02 | M: 96.3727 | Path: GPU-cuStateVec MPI-distributed (4 ranks)
Iter 0559 | Energy: -17.631093 | Delta: 1.28e-02 | M: 62.8015 | Path: GPU-cuStateVec MPI-distributed (4 ranks)
Iter 0560 | Energy: -17.635589 | Delta: 4.50e-03 | M: 10773.6829 | Path: GPU-cuStateVec MPI-distributed (4 ranks)
[RESILIENCE] Iteration 560: Global theta state checkpointed at path checkpoints/BeH2/checkpoint_iter_0560.npy. 
Iter 0561 | Energy: -17.632895 | Delta: 2.69e-03 | M: 49.5684 | Path: GPU-cuStateVec MPI-distributed (4 ranks)
Iter 0562 | Energy: -17.645609 | Delta: 1.27e-02 | M: 33.2973 | Path: GPU-cuStateVec MPI-distributed (4 ranks)
Iter 0563 | Energy: -17.655996 | Delta: 1.04e-02 | M: 28.9127 | Path: GPU-cuStateVec MPI-distributed (4 ranks)
Iter 0564 | Energy: -17.641647 | Delta: 1.43e-02 | M: 47.1059 | Path: GPU-cuStateVec MPI-distributed (4 ranks)
Iter 0565 | Energy: -17.635816 | Delta: 5.83e-03 | M: 77.4350 | Path: GPU-cuStateVec MPI-distributed (4 ranks)
[RESILIENCE] Iteration 565: Global theta state checkpointed at path checkpoints/BeH2/checkpoint_iter_0565.npy. 
Iter 0566 | Energy: -17.657821 | Delta: 2.20e-02 | M: 54.4098 | Path: GPU-cuStateVec MPI-distributed (4 ranks)
Iter 0567 | Energy: -17.651424 | Delta: 6.40e-03 | M: 45.3549 | Path: GPU-cuStateVec MPI-distributed (4 ranks)
Iter 0568 | Energy: -17.646434 | Delta: 4.99e-03 | M: 45.9734 | Path: GPU-cuStateVec MPI-distributed (4 ranks)
Iter 0569 | Energy: -17.656324 | Delta: 9.89e-03 | M: 39.5393 | Path: GPU-cuStateVec MPI-distributed (4 ranks)
Iter 0570 | Energy: -17.662575 | Delta: 6.25e-03 | M: 46.5092 | Path: GPU-cuStateVec MPI-distributed (4 ranks)
[RESILIENCE] Iteration 570: Global theta state checkpointed at path checkpoints/BeH2/checkpoint_iter_0570.npy. 
Iter 0571 | Energy: -17.663369 | Delta: 7.94e-04 | M: 56.5837 | Path: GPU-cuStateVec MPI-distributed (4 ranks)
Iter 0572 | Energy: -17.657177 | Delta: 6.19e-03 | M: 22.8593 | Path: GPU-cuStateVec MPI-distributed (4 ranks)
Iter 0573 | Energy: -17.658080 | Delta: 9.02e-04 | M: 36.8991 | Path: GPU-cuStateVec MPI-distributed (4 ranks)
Iter 0574 | Energy: -17.658812 | Delta: 7.33e-04 | M: 42.8027 | Path: GPU-cuStateVec MPI-distributed (4 ranks)
Iter 0575 | Energy: -17.660633 | Delta: 1.82e-03 | M: 40.1532 | Path: GPU-cuStateVec MPI-distributed (4 ranks)
[RESILIENCE] Iteration 575: Global theta state checkpointed at path checkpoints/BeH2/checkpoint_iter_0575.npy. 
Iter 0576 | Energy: -17.662374 | Delta: 1.74e-03 | M: 96.5806 | Path: GPU-cuStateVec MPI-distributed (4 ranks)
Iter 0577 | Energy: -17.657226 | Delta: 5.15e-03 | M: 46.9439 | Path: GPU-cuStateVec MPI-distributed (4 ranks)
Iter 0578 | Energy: -17.663295 | Delta: 6.07e-03 | M: 48.4660 | Path: GPU-cuStateVec MPI-distributed (4 ranks)
Iter 0579 | Energy: -17.668710 | Delta: 5.41e-03 | M: 51.1775 | Path: GPU-cuStateVec MPI-distributed (4 ranks)
Iter 0580 | Energy: -17.667142 | Delta: 1.57e-03 | M: 42.8886 | Path: GPU-cuStateVec MPI-distributed (4 ranks)
[RESILIENCE] Iteration 580: Global theta state checkpointed at path checkpoints/BeH2/checkpoint_iter_0580.npy. 
Iter 0581 | Energy: -17.675557 | Delta: 8.42e-03 | M: 10519.5047 | Path: GPU-cuStateVec MPI-distributed (4 ranks)
Iter 0582 | Energy: -17.664779 | Delta: 1.08e-02 | M: 22.4547 | Path: GPU-cuStateVec MPI-distributed (4 ranks)
Iter 0583 | Energy: -17.679387 | Delta: 1.46e-02 | M: 20.9390 | Path: GPU-cuStateVec MPI-distributed (4 ranks)
Iter 0584 | Energy: -17.676447 | Delta: 2.94e-03 | M: 65.1450 | Path: GPU-cuStateVec MPI-distributed (4 ranks)
Iter 0585 | Energy: -17.664142 | Delta: 1.23e-02 | M: 49.7995 | Path: GPU-cuStateVec MPI-distributed (4 ranks)
[RESILIENCE] Iteration 585: Global theta state checkpointed at path checkpoints/BeH2/checkpoint_iter_0585.npy. 
Iter 0586 | Energy: -17.666291 | Delta: 2.15e-03 | M: 55.8459 | Path: GPU-cuStateVec MPI-distributed (4 ranks)
Iter 0587 | Energy: -17.678615 | Delta: 1.23e-02 | M: 96.8400 | Path: GPU-cuStateVec MPI-distributed (4 ranks)
Iter 0588 | Energy: -17.674352 | Delta: 4.26e-03 | M: 51.9677 | Path: GPU-cuStateVec MPI-distributed (4 ranks)
Iter 0589 | Energy: -17.681359 | Delta: 7.01e-03 | M: 40.1782 | Path: GPU-cuStateVec MPI-distributed (4 ranks)
Iter 0590 | Energy: -17.683368 | Delta: 2.01e-03 | M: 43.9751 | Path: GPU-cuStateVec MPI-distributed (4 ranks)
[RESILIENCE] Iteration 590: Global theta state checkpointed at path checkpoints/BeH2/checkpoint_iter_0590.npy. 
Iter 0591 | Energy: -17.690269 | Delta: 6.90e-03 | M: 27.8101 | Path: GPU-cuStateVec MPI-distributed (4 ranks)
Iter 0592 | Energy: -17.689250 | Delta: 1.02e-03 | M: 21.4084 | Path: GPU-cuStateVec MPI-distributed (4 ranks)
Iter 0593 | Energy: -17.667640 | Delta: 2.16e-02 | M: 41.6821 | Path: GPU-cuStateVec MPI-distributed (4 ranks)
Iter 0594 | Energy: -17.695365 | Delta: 2.77e-02 | M: 48.9538 | Path: GPU-cuStateVec MPI-distributed (4 ranks)
Iter 0595 | Energy: -17.692762 | Delta: 2.60e-03 | M: 38.1708 | Path: GPU-cuStateVec MPI-distributed (4 ranks)
[RESILIENCE] Iteration 595: Global theta state checkpointed at path checkpoints/BeH2/checkpoint_iter_0595.npy. 
Iter 0596 | Energy: -17.689635 | Delta: 3.13e-03 | M: 29.4115 | Path: GPU-cuStateVec MPI-distributed (4 ranks)
Iter 0597 | Energy: -17.684299 | Delta: 5.34e-03 | M: 38.4414 | Path: GPU-cuStateVec MPI-distributed (4 ranks)
Iter 0598 | Energy: -17.702333 | Delta: 1.80e-02 | M: 32.7043 | Path: GPU-cuStateVec MPI-distributed (4 ranks)
Iter 0599 | Energy: -17.694878 | Delta: 7.45e-03 | M: 48.2727 | Path: GPU-cuStateVec MPI-distributed (4 ranks)
Iter 0600 | Energy: -17.696006 | Delta: 1.13e-03 | M: 32.7203 | Path: GPU-cuStateVec MPI-distributed (4 ranks)
[RESILIENCE] Iteration 600: Global theta state checkpointed at path checkpoints/BeH2/checkpoint_iter_0600.npy. 
Iter 0601 | Energy: -17.682923 | Delta: 1.31e-02 | M: 37.5124 | Path: GPU-cuStateVec MPI-distributed (4 ranks)
Iter 0602 | Energy: -17.689077 | Delta: 6.15e-03 | M: 27.7653 | Path: GPU-cuStateVec MPI-distributed (4 ranks)
Iter 0603 | Energy: -17.694351 | Delta: 5.27e-03 | M: 9731.4570 | Path: GPU-cuStateVec MPI-distributed (4 ranks)
Iter 0604 | Energy: -17.704958 | Delta: 1.06e-02 | M: 48.2331 | Path: GPU-cuStateVec MPI-distributed (4 ranks)
Iter 0605 | Energy: -17.704739 | Delta: 2.19e-04 | M: 9292.4146 | Path: GPU-cuStateVec MPI-distributed (4 ranks)
[RESILIENCE] Iteration 605: Global theta state checkpointed at path checkpoints/BeH2/checkpoint_iter_0605.npy. 
Iter 0606 | Energy: -17.689227 | Delta: 1.55e-02 | M: 45.0265 | Path: GPU-cuStateVec MPI-distributed (4 ranks)
Iter 0607 | Energy: -17.698027 | Delta: 8.80e-03 | M: 60.4178 | Path: GPU-cuStateVec MPI-distributed (4 ranks)
Iter 0608 | Energy: -17.701924 | Delta: 3.90e-03 | M: 9177.4245 | Path: GPU-cuStateVec MPI-distributed (4 ranks)
Iter 0609 | Energy: -17.701883 | Delta: 4.19e-05 | M: 45.6062 | Path: GPU-cuStateVec MPI-distributed (4 ranks)
Iter 0610 | Energy: -17.704650 | Delta: 2.77e-03 | M: 45.7591 | Path: GPU-cuStateVec MPI-distributed (4 ranks)
[RESILIENCE] Iteration 610: Global theta state checkpointed at path checkpoints/BeH2/checkpoint_iter_0610.npy. 
Iter 0611 | Energy: -17.703831 | Delta: 8.19e-04 | M: 33.8205 | Path: GPU-cuStateVec MPI-distributed (4 ranks)
Iter 0612 | Energy: -17.707804 | Delta: 3.97e-03 | M: 34.2460 | Path: GPU-cuStateVec MPI-distributed (4 ranks)
Iter 0613 | Energy: -17.700261 | Delta: 7.54e-03 | M: 35.4382 | Path: GPU-cuStateVec MPI-distributed (4 ranks)
Iter 0614 | Energy: -17.711098 | Delta: 1.08e-02 | M: 31.9750 | Path: GPU-cuStateVec MPI-distributed (4 ranks)
Iter 0615 | Energy: -17.717573 | Delta: 6.47e-03 | M: 32.1460 | Path: GPU-cuStateVec MPI-distributed (4 ranks)
[RESILIENCE] Iteration 615: Global theta state checkpointed at path checkpoints/BeH2/checkpoint_iter_0615.npy. 
Iter 0616 | Energy: -17.709388 | Delta: 8.18e-03 | M: 42.7874 | Path: GPU-cuStateVec MPI-distributed (4 ranks)
Iter 0617 | Energy: -17.705974 | Delta: 3.41e-03 | M: 39.7686 | Path: GPU-cuStateVec MPI-distributed (4 ranks)
Iter 0618 | Energy: -17.703501 | Delta: 2.47e-03 | M: 29.8387 | Path: GPU-cuStateVec MPI-distributed (4 ranks)
Iter 0619 | Energy: -17.708855 | Delta: 5.35e-03 | M: 30.4218 | Path: GPU-cuStateVec MPI-distributed (4 ranks)
Iter 0620 | Energy: -17.719507 | Delta: 1.07e-02 | M: 47.4976 | Path: GPU-cuStateVec MPI-distributed (4 ranks)
[RESILIENCE] Iteration 620: Global theta state checkpointed at path checkpoints/BeH2/checkpoint_iter_0620.npy. 
Iter 0621 | Energy: -17.708437 | Delta: 1.11e-02 | M: 48.2852 | Path: GPU-cuStateVec MPI-distributed (4 ranks)
Iter 0622 | Energy: -17.721373 | Delta: 1.29e-02 | M: 33.4907 | Path: GPU-cuStateVec MPI-distributed (4 ranks)
Iter 0623 | Energy: -17.717349 | Delta: 4.02e-03 | M: 43.3002 | Path: GPU-cuStateVec MPI-distributed (4 ranks)
Iter 0624 | Energy: -17.719159 | Delta: 1.81e-03 | M: 34.1327 | Path: GPU-cuStateVec MPI-distributed (4 ranks)
Iter 0625 | Energy: -17.726720 | Delta: 7.56e-03 | M: 21.5594 | Path: GPU-cuStateVec MPI-distributed (4 ranks)
[RESILIENCE] Iteration 625: Global theta state checkpointed at path checkpoints/BeH2/checkpoint_iter_0625.npy. 
Iter 0626 | Energy: -17.732049 | Delta: 5.33e-03 | M: 39.8422 | Path: GPU-cuStateVec MPI-distributed (4 ranks)
Iter 0627 | Energy: -17.738244 | Delta: 6.19e-03 | M: 32.9710 | Path: GPU-cuStateVec MPI-distributed (4 ranks)
Iter 0628 | Energy: -17.732673 | Delta: 5.57e-03 | M: 33.0656 | Path: GPU-cuStateVec MPI-distributed (4 ranks)
Iter 0629 | Energy: -17.728952 | Delta: 3.72e-03 | M: 24.1071 | Path: GPU-cuStateVec MPI-distributed (4 ranks)
Iter 0630 | Energy: -17.734992 | Delta: 6.04e-03 | M: 22.2200 | Path: GPU-cuStateVec MPI-distributed (4 ranks)
[RESILIENCE] Iteration 630: Global theta state checkpointed at path checkpoints/BeH2/checkpoint_iter_0630.npy. 
Iter 0631 | Energy: -17.736672 | Delta: 1.68e-03 | M: 27.2105 | Path: GPU-cuStateVec MPI-distributed (4 ranks)
Iter 0632 | Energy: -17.729391 | Delta: 7.28e-03 | M: 40.6626 | Path: GPU-cuStateVec MPI-distributed (4 ranks)
Iter 0633 | Energy: -17.736057 | Delta: 6.67e-03 | M: 31.3064 | Path: GPU-cuStateVec MPI-distributed (4 ranks)
Iter 0634 | Energy: -17.732245 | Delta: 3.81e-03 | M: 34.4214 | Path: GPU-cuStateVec MPI-distributed (4 ranks)
Iter 0635 | Energy: -17.734859 | Delta: 2.61e-03 | M: 23.9841 | Path: GPU-cuStateVec MPI-distributed (4 ranks)
[RESILIENCE] Iteration 635: Global theta state checkpointed at path checkpoints/BeH2/checkpoint_iter_0635.npy. 
Iter 0636 | Energy: -17.736248 | Delta: 1.39e-03 | M: 36.0608 | Path: GPU-cuStateVec MPI-distributed (4 ranks)
Iter 0637 | Energy: -17.741449 | Delta: 5.20e-03 | M: 40.6007 | Path: GPU-cuStateVec MPI-distributed (4 ranks)
Iter 0638 | Energy: -17.736602 | Delta: 4.85e-03 | M: 32.2751 | Path: GPU-cuStateVec MPI-distributed (4 ranks)
Iter 0639 | Energy: -17.739532 | Delta: 2.93e-03 | M: 37.9624 | Path: GPU-cuStateVec MPI-distributed (4 ranks)
Iter 0640 | Energy: -17.738538 | Delta: 9.94e-04 | M: 40.6071 | Path: GPU-cuStateVec MPI-distributed (4 ranks)
[RESILIENCE] Iteration 640: Global theta state checkpointed at path checkpoints/BeH2/checkpoint_iter_0640.npy. 
Iter 0641 | Energy: -17.750764 | Delta: 1.22e-02 | M: 35.2879 | Path: GPU-cuStateVec MPI-distributed (4 ranks)
Iter 0642 | Energy: -17.745549 | Delta: 5.21e-03 | M: 41.5842 | Path: GPU-cuStateVec MPI-distributed (4 ranks)
Iter 0643 | Energy: -17.747739 | Delta: 2.19e-03 | M: 63.1189 | Path: GPU-cuStateVec MPI-distributed (4 ranks)
Iter 0644 | Energy: -17.745802 | Delta: 1.94e-03 | M: 20.8676 | Path: GPU-cuStateVec MPI-distributed (4 ranks)
Iter 0645 | Energy: -17.744086 | Delta: 1.72e-03 | M: 25.8138 | Path: GPU-cuStateVec MPI-distributed (4 ranks)
[RESILIENCE] Iteration 645: Global theta state checkpointed at path checkpoints/BeH2/checkpoint_iter_0645.npy. 
Iter 0646 | Energy: -17.744313 | Delta: 2.27e-04 | M: 40.6962 | Path: GPU-cuStateVec MPI-distributed (4 ranks)
Iter 0647 | Energy: -17.752655 | Delta: 8.34e-03 | M: 35.9796 | Path: GPU-cuStateVec MPI-distributed (4 ranks)
Iter 0648 | Energy: -17.757646 | Delta: 4.99e-03 | M: 57.5421 | Path: GPU-cuStateVec MPI-distributed (4 ranks)
Iter 0649 | Energy: -17.753233 | Delta: 4.41e-03 | M: 38.8416 | Path: GPU-cuStateVec MPI-distributed (4 ranks)
Iter 0650 | Energy: -17.750791 | Delta: 2.44e-03 | M: 24.5354 | Path: GPU-cuStateVec MPI-distributed (4 ranks)
[RESILIENCE] Iteration 650: Global theta state checkpointed at path checkpoints/BeH2/checkpoint_iter_0650.npy. 
Iter 0651 | Energy: -17.753854 | Delta: 3.06e-03 | M: 49.2927 | Path: GPU-cuStateVec MPI-distributed (4 ranks)
Iter 0652 | Energy: -17.761792 | Delta: 7.94e-03 | M: 32.3460 | Path: GPU-cuStateVec MPI-distributed (4 ranks)
Iter 0653 | Energy: -17.740135 | Delta: 2.17e-02 | M: 46.6193 | Path: GPU-cuStateVec MPI-distributed (4 ranks)
Iter 0654 | Energy: -17.761382 | Delta: 2.12e-02 | M: 39.8651 | Path: GPU-cuStateVec MPI-distributed (4 ranks)
Iter 0655 | Energy: -17.754487 | Delta: 6.90e-03 | M: 32.1669 | Path: GPU-cuStateVec MPI-distributed (4 ranks)
[RESILIENCE] Iteration 655: Global theta state checkpointed at path checkpoints/BeH2/checkpoint_iter_0655.npy. 
Iter 0656 | Energy: -17.763198 | Delta: 8.71e-03 | M: 41.6556 | Path: GPU-cuStateVec MPI-distributed (4 ranks)
Iter 0657 | Energy: -17.761815 | Delta: 1.38e-03 | M: 25.4738 | Path: GPU-cuStateVec MPI-distributed (4 ranks)
Iter 0658 | Energy: -17.764598 | Delta: 2.78e-03 | M: 28.1587 | Path: GPU-cuStateVec MPI-distributed (4 ranks)
Iter 0659 | Energy: -17.763758 | Delta: 8.40e-04 | M: 23.7799 | Path: GPU-cuStateVec MPI-distributed (4 ranks)
Iter 0660 | Energy: -17.762883 | Delta: 8.75e-04 | M: 47.0001 | Path: GPU-cuStateVec MPI-distributed (4 ranks)
[RESILIENCE] Iteration 660: Global theta state checkpointed at path checkpoints/BeH2/checkpoint_iter_0660.npy. 
Iter 0661 | Energy: -17.767680 | Delta: 4.80e-03 | M: 25.4675 | Path: GPU-cuStateVec MPI-distributed (4 ranks)
Iter 0662 | Energy: -17.766555 | Delta: 1.13e-03 | M: 43.3264 | Path: GPU-cuStateVec MPI-distributed (4 ranks)
Iter 0663 | Energy: -17.769534 | Delta: 2.98e-03 | M: 25.3895 | Path: GPU-cuStateVec MPI-distributed (4 ranks)
Iter 0664 | Energy: -17.762606 | Delta: 6.93e-03 | M: 35.0025 | Path: GPU-cuStateVec MPI-distributed (4 ranks)
Iter 0665 | Energy: -17.772121 | Delta: 9.51e-03 | M: 28.2912 | Path: GPU-cuStateVec MPI-distributed (4 ranks)
[RESILIENCE] Iteration 665: Global theta state checkpointed at path checkpoints/BeH2/checkpoint_iter_0665.npy. 
Iter 0666 | Energy: -17.767377 | Delta: 4.74e-03 | M: 44.0015 | Path: GPU-cuStateVec MPI-distributed (4 ranks)
Iter 0667 | Energy: -17.768111 | Delta: 7.34e-04 | M: 48.2441 | Path: GPU-cuStateVec MPI-distributed (4 ranks)
Iter 0668 | Energy: -17.765017 | Delta: 3.09e-03 | M: 22.3313 | Path: GPU-cuStateVec MPI-distributed (4 ranks)
Iter 0669 | Energy: -17.779875 | Delta: 1.49e-02 | M: 43.3493 | Path: GPU-cuStateVec MPI-distributed (4 ranks)
Iter 0670 | Energy: -17.777903 | Delta: 1.97e-03 | M: 45.2755 | Path: GPU-cuStateVec MPI-distributed (4 ranks)
[RESILIENCE] Iteration 670: Global theta state checkpointed at path checkpoints/BeH2/checkpoint_iter_0670.npy. 
Iter 0671 | Energy: -17.775660 | Delta: 2.24e-03 | M: 32.9680 | Path: GPU-cuStateVec MPI-distributed (4 ranks)
Iter 0672 | Energy: -17.783454 | Delta: 7.79e-03 | M: 51.2606 | Path: GPU-cuStateVec MPI-distributed (4 ranks)
Iter 0673 | Energy: -17.778045 | Delta: 5.41e-03 | M: 25.6738 | Path: GPU-cuStateVec MPI-distributed (4 ranks)
Iter 0674 | Energy: -17.775225 | Delta: 2.82e-03 | M: 37.0236 | Path: GPU-cuStateVec MPI-distributed (4 ranks)
Iter 0675 | Energy: -17.774096 | Delta: 1.13e-03 | M: 20.4409 | Path: GPU-cuStateVec MPI-distributed (4 ranks)
[RESILIENCE] Iteration 675: Global theta state checkpointed at path checkpoints/BeH2/checkpoint_iter_0675.npy. 
Iter 0676 | Energy: -17.772431 | Delta: 1.67e-03 | M: 41.9868 | Path: GPU-cuStateVec MPI-distributed (4 ranks)
Iter 0677 | Energy: -17.790115 | Delta: 1.77e-02 | M: 47.3482 | Path: GPU-cuStateVec MPI-distributed (4 ranks)
Iter 0678 | Energy: -17.767013 | Delta: 2.31e-02 | M: 49.4568 | Path: GPU-cuStateVec MPI-distributed (4 ranks)
Iter 0679 | Energy: -17.777221 | Delta: 1.02e-02 | M: 45.2697 | Path: GPU-cuStateVec MPI-distributed (4 ranks)
Iter 0680 | Energy: -17.780745 | Delta: 3.52e-03 | M: 27.4790 | Path: GPU-cuStateVec MPI-distributed (4 ranks)
[RESILIENCE] Iteration 680: Global theta state checkpointed at path checkpoints/BeH2/checkpoint_iter_0680.npy. 
Iter 0681 | Energy: -17.788507 | Delta: 7.76e-03 | M: 42.9137 | Path: GPU-cuStateVec MPI-distributed (4 ranks)
Iter 0682 | Energy: -17.772525 | Delta: 1.60e-02 | M: 32.8433 | Path: GPU-cuStateVec MPI-distributed (4 ranks)
Iter 0683 | Energy: -17.792507 | Delta: 2.00e-02 | M: 51.2217 | Path: GPU-cuStateVec MPI-distributed (4 ranks)
Iter 0684 | Energy: -17.791917 | Delta: 5.91e-04 | M: 50.1384 | Path: GPU-cuStateVec MPI-distributed (4 ranks)
Iter 0685 | Energy: -17.784166 | Delta: 7.75e-03 | M: 24.3161 | Path: GPU-cuStateVec MPI-distributed (4 ranks)
[RESILIENCE] Iteration 685: Global theta state checkpointed at path checkpoints/BeH2/checkpoint_iter_0685.npy. 
Iter 0686 | Energy: -17.791277 | Delta: 7.11e-03 | M: 22.9137 | Path: GPU-cuStateVec MPI-distributed (4 ranks)
Iter 0687 | Energy: -17.793641 | Delta: 2.36e-03 | M: 50.3964 | Path: GPU-cuStateVec MPI-distributed (4 ranks)
Iter 0688 | Energy: -17.799285 | Delta: 5.64e-03 | M: 38.9729 | Path: GPU-cuStateVec MPI-distributed (4 ranks)
Iter 0689 | Energy: -17.798472 | Delta: 8.13e-04 | M: 47.7081 | Path: GPU-cuStateVec MPI-distributed (4 ranks)
Iter 0690 | Energy: -17.806395 | Delta: 7.92e-03 | M: 43.4946 | Path: GPU-cuStateVec MPI-distributed (4 ranks)
[RESILIENCE] Iteration 690: Global theta state checkpointed at path checkpoints/BeH2/checkpoint_iter_0690.npy. 
Iter 0691 | Energy: -17.802390 | Delta: 4.00e-03 | M: 48.8285 | Path: GPU-cuStateVec MPI-distributed (4 ranks)
Iter 0692 | Energy: -17.796820 | Delta: 5.57e-03 | M: 27.9049 | Path: GPU-cuStateVec MPI-distributed (4 ranks)
Iter 0693 | Energy: -17.793661 | Delta: 3.16e-03 | M: 53.7100 | Path: GPU-cuStateVec MPI-distributed (4 ranks)
Iter 0694 | Energy: -17.805662 | Delta: 1.20e-02 | M: 38.9865 | Path: GPU-cuStateVec MPI-distributed (4 ranks)
Iter 0695 | Energy: -17.800451 | Delta: 5.21e-03 | M: 55.1391 | Path: GPU-cuStateVec MPI-distributed (4 ranks)
[RESILIENCE] Iteration 695: Global theta state checkpointed at path checkpoints/BeH2/checkpoint_iter_0695.npy. 
Iter 0696 | Energy: -17.813668 | Delta: 1.32e-02 | M: 39.7868 | Path: GPU-cuStateVec MPI-distributed (4 ranks)
Iter 0697 | Energy: -17.800056 | Delta: 1.36e-02 | M: 31.0890 | Path: GPU-cuStateVec MPI-distributed (4 ranks)
Iter 0698 | Energy: -17.797993 | Delta: 2.06e-03 | M: 40.1131 | Path: GPU-cuStateVec MPI-distributed (4 ranks)
Iter 0699 | Energy: -17.811103 | Delta: 1.31e-02 | M: 42.5950 | Path: GPU-cuStateVec MPI-distributed (4 ranks)
Iter 0700 | Energy: -17.812230 | Delta: 1.13e-03 | M: 37.9351 | Path: GPU-cuStateVec MPI-distributed (4 ranks)
[RESILIENCE] Iteration 700: Global theta state checkpointed at path checkpoints/BeH2/checkpoint_iter_0700.npy. 
Iter 0701 | Energy: -17.801074 | Delta: 1.12e-02 | M: 47.8485 | Path: GPU-cuStateVec MPI-distributed (4 ranks)
Iter 0702 | Energy: -17.802792 | Delta: 1.72e-03 | M: 50.4439 | Path: GPU-cuStateVec MPI-distributed (4 ranks)
Iter 0703 | Energy: -17.815126 | Delta: 1.23e-02 | M: 40.4353 | Path: GPU-cuStateVec MPI-distributed (4 ranks)
Iter 0704 | Energy: -17.817905 | Delta: 2.78e-03 | M: 21.2724 | Path: GPU-cuStateVec MPI-distributed (4 ranks)
Iter 0705 | Energy: -17.814501 | Delta: 3.40e-03 | M: 91.3870 | Path: GPU-cuStateVec MPI-distributed (4 ranks)
[RESILIENCE] Iteration 705: Global theta state checkpointed at path checkpoints/BeH2/checkpoint_iter_0705.npy. 
Iter 0706 | Energy: -17.812004 | Delta: 2.50e-03 | M: 41.7928 | Path: GPU-cuStateVec MPI-distributed (4 ranks)
Iter 0707 | Energy: -17.823452 | Delta: 1.14e-02 | M: 44.2121 | Path: GPU-cuStateVec MPI-distributed (4 ranks)
Iter 0708 | Energy: -17.813527 | Delta: 9.92e-03 | M: 45.1976 | Path: GPU-cuStateVec MPI-distributed (4 ranks)
Iter 0709 | Energy: -17.814484 | Delta: 9.57e-04 | M: 39.4946 | Path: GPU-cuStateVec MPI-distributed (4 ranks)
Iter 0710 | Energy: -17.808739 | Delta: 5.75e-03 | M: 25.4274 | Path: GPU-cuStateVec MPI-distributed (4 ranks)
[RESILIENCE] Iteration 710: Global theta state checkpointed at path checkpoints/BeH2/checkpoint_iter_0710.npy. 
Iter 0711 | Energy: -17.809748 | Delta: 1.01e-03 | M: 35.8917 | Path: GPU-cuStateVec MPI-distributed (4 ranks)
Iter 0712 | Energy: -17.816920 | Delta: 7.17e-03 | M: 41.4220 | Path: GPU-cuStateVec MPI-distributed (4 ranks)
Iter 0713 | Energy: -17.819039 | Delta: 2.12e-03 | M: 42.7333 | Path: GPU-cuStateVec MPI-distributed (4 ranks)
Iter 0714 | Energy: -17.817004 | Delta: 2.04e-03 | M: 50.6840 | Path: GPU-cuStateVec MPI-distributed (4 ranks)
Iter 0715 | Energy: -17.829438 | Delta: 1.24e-02 | M: 10169.5747 | Path: GPU-cuStateVec MPI-distributed (4 ranks)
[RESILIENCE] Iteration 715: Global theta state checkpointed at path checkpoints/BeH2/checkpoint_iter_0715.npy. 
Iter 0716 | Energy: -17.823100 | Delta: 6.34e-03 | M: 39.7719 | Path: GPU-cuStateVec MPI-distributed (4 ranks)
Iter 0717 | Energy: -17.826574 | Delta: 3.47e-03 | M: 37.3887 | Path: GPU-cuStateVec MPI-distributed (4 ranks)
Iter 0718 | Energy: -17.825877 | Delta: 6.96e-04 | M: 35.7070 | Path: GPU-cuStateVec MPI-distributed (4 ranks)
Iter 0719 | Energy: -17.832843 | Delta: 6.97e-03 | M: 30.5958 | Path: GPU-cuStateVec MPI-distributed (4 ranks)
Iter 0720 | Energy: -17.828824 | Delta: 4.02e-03 | M: 57.7286 | Path: GPU-cuStateVec MPI-distributed (4 ranks)
[RESILIENCE] Iteration 720: Global theta state checkpointed at path checkpoints/BeH2/checkpoint_iter_0720.npy. 
Iter 0721 | Energy: -17.831990 | Delta: 3.17e-03 | M: 54.1552 | Path: GPU-cuStateVec MPI-distributed (4 ranks)
Iter 0722 | Energy: -17.841554 | Delta: 9.56e-03 | M: 26.4641 | Path: GPU-cuStateVec MPI-distributed (4 ranks)
Iter 0723 | Energy: -17.828447 | Delta: 1.31e-02 | M: 19.5970 | Path: GPU-cuStateVec MPI-distributed (4 ranks)
Iter 0724 | Energy: -17.832748 | Delta: 4.30e-03 | M: 43.6036 | Path: GPU-cuStateVec MPI-distributed (4 ranks)
Iter 0725 | Energy: -17.834468 | Delta: 1.72e-03 | M: 37.0270 | Path: GPU-cuStateVec MPI-distributed (4 ranks)
[RESILIENCE] Iteration 725: Global theta state checkpointed at path checkpoints/BeH2/checkpoint_iter_0725.npy. 
Iter 0726 | Energy: -17.844131 | Delta: 9.66e-03 | M: 61.7329 | Path: GPU-cuStateVec MPI-distributed (4 ranks)
Iter 0727 | Energy: -17.842083 | Delta: 2.05e-03 | M: 41.3074 | Path: GPU-cuStateVec MPI-distributed (4 ranks)
Iter 0728 | Energy: -17.844603 | Delta: 2.52e-03 | M: 20.5899 | Path: GPU-cuStateVec MPI-distributed (4 ranks)
Iter 0729 | Energy: -17.838216 | Delta: 6.39e-03 | M: 37.7733 | Path: GPU-cuStateVec MPI-distributed (4 ranks)
Iter 0730 | Energy: -17.845435 | Delta: 7.22e-03 | M: 87.9266 | Path: GPU-cuStateVec MPI-distributed (4 ranks)
[RESILIENCE] Iteration 730: Global theta state checkpointed at path checkpoints/BeH2/checkpoint_iter_0730.npy. 
Iter 0731 | Energy: -17.844074 | Delta: 1.36e-03 | M: 31.3050 | Path: GPU-cuStateVec MPI-distributed (4 ranks)
Iter 0732 | Energy: -17.841299 | Delta: 2.78e-03 | M: 89.3686 | Path: GPU-cuStateVec MPI-distributed (4 ranks)
Iter 0733 | Energy: -17.837131 | Delta: 4.17e-03 | M: 29.4401 | Path: GPU-cuStateVec MPI-distributed (4 ranks)
Iter 0734 | Energy: -17.850637 | Delta: 1.35e-02 | M: 44.3138 | Path: GPU-cuStateVec MPI-distributed (4 ranks)
Iter 0735 | Energy: -17.839873 | Delta: 1.08e-02 | M: 24.0389 | Path: GPU-cuStateVec MPI-distributed (4 ranks)
[RESILIENCE] Iteration 735: Global theta state checkpointed at path checkpoints/BeH2/checkpoint_iter_0735.npy. 
Iter 0736 | Energy: -17.837496 | Delta: 2.38e-03 | M: 41.4456 | Path: GPU-cuStateVec MPI-distributed (4 ranks)
Iter 0737 | Energy: -17.842311 | Delta: 4.82e-03 | M: 42.8926 | Path: GPU-cuStateVec MPI-distributed (4 ranks)
Iter 0738 | Energy: -17.853571 | Delta: 1.13e-02 | M: 54.8290 | Path: GPU-cuStateVec MPI-distributed (4 ranks)
Iter 0739 | Energy: -17.848496 | Delta: 5.08e-03 | M: 27.1613 | Path: GPU-cuStateVec MPI-distributed (4 ranks)
Iter 0740 | Energy: -17.847151 | Delta: 1.35e-03 | M: 48.5570 | Path: GPU-cuStateVec MPI-distributed (4 ranks)
[RESILIENCE] Iteration 740: Global theta state checkpointed at path checkpoints/BeH2/checkpoint_iter_0740.npy. 
Iter 0741 | Energy: -17.841200 | Delta: 5.95e-03 | M: 38.1436 | Path: GPU-cuStateVec MPI-distributed (4 ranks)
Iter 0742 | Energy: -17.850992 | Delta: 9.79e-03 | M: 36.2493 | Path: GPU-cuStateVec MPI-distributed (4 ranks)
Iter 0743 | Energy: -17.848477 | Delta: 2.51e-03 | M: 44.4733 | Path: GPU-cuStateVec MPI-distributed (4 ranks)
Iter 0744 | Energy: -17.853880 | Delta: 5.40e-03 | M: 100.7726 | Path: GPU-cuStateVec MPI-distributed (4 ranks)
Iter 0745 | Energy: -17.857783 | Delta: 3.90e-03 | M: 42.8448 | Path: GPU-cuStateVec MPI-distributed (4 ranks)
[RESILIENCE] Iteration 745: Global theta state checkpointed at path checkpoints/BeH2/checkpoint_iter_0745.npy. 
Iter 0746 | Energy: -17.857961 | Delta: 1.79e-04 | M: 32.5184 | Path: GPU-cuStateVec MPI-distributed (4 ranks)
Iter 0747 | Energy: -17.849887 | Delta: 8.07e-03 | M: 39.5606 | Path: GPU-cuStateVec MPI-distributed (4 ranks)
Iter 0748 | Energy: -17.850771 | Delta: 8.84e-04 | M: 38.5335 | Path: GPU-cuStateVec MPI-distributed (4 ranks)
Iter 0749 | Energy: -17.859453 | Delta: 8.68e-03 | M: 35.8688 | Path: GPU-cuStateVec MPI-distributed (4 ranks)
Iter 0750 | Energy: -17.849665 | Delta: 9.79e-03 | M: 50.5645 | Path: GPU-cuStateVec MPI-distributed (4 ranks)
[RESILIENCE] Iteration 750: Global theta state checkpointed at path checkpoints/BeH2/checkpoint_iter_0750.npy. 
Iter 0751 | Energy: -17.855668 | Delta: 6.00e-03 | M: 9976.0927 | Path: GPU-cuStateVec MPI-distributed (4 ranks)
Iter 0752 | Energy: -17.855537 | Delta: 1.31e-04 | M: 48.2273 | Path: GPU-cuStateVec MPI-distributed (4 ranks)
Iter 0753 | Energy: -17.854681 | Delta: 8.56e-04 | M: 26.8058 | Path: GPU-cuStateVec MPI-distributed (4 ranks)
Iter 0754 | Energy: -17.850791 | Delta: 3.89e-03 | M: 31.9327 | Path: GPU-cuStateVec MPI-distributed (4 ranks)
Iter 0755 | Energy: -17.858382 | Delta: 7.59e-03 | M: 100.6423 | Path: GPU-cuStateVec MPI-distributed (4 ranks)
[RESILIENCE] Iteration 755: Global theta state checkpointed at path checkpoints/BeH2/checkpoint_iter_0755.npy. 
Iter 0756 | Energy: -17.861193 | Delta: 2.81e-03 | M: 45.8553 | Path: GPU-cuStateVec MPI-distributed (4 ranks)
Iter 0757 | Energy: -17.862302 | Delta: 1.11e-03 | M: 4925.5441 | Path: GPU-cuStateVec MPI-distributed (4 ranks)
Iter 0758 | Energy: -17.867077 | Delta: 4.77e-03 | M: 42.9898 | Path: GPU-cuStateVec MPI-distributed (4 ranks)
Iter 0759 | Energy: -17.867233 | Delta: 1.56e-04 | M: 43.8803 | Path: GPU-cuStateVec MPI-distributed (4 ranks)
Iter 0760 | Energy: -17.867882 | Delta: 6.50e-04 | M: 30.2764 | Path: GPU-cuStateVec MPI-distributed (4 ranks)
[RESILIENCE] Iteration 760: Global theta state checkpointed at path checkpoints/BeH2/checkpoint_iter_0760.npy. 
Iter 0761 | Energy: -17.860779 | Delta: 7.10e-03 | M: 29.8090 | Path: GPU-cuStateVec MPI-distributed (4 ranks)
Iter 0762 | Energy: -17.867043 | Delta: 6.26e-03 | M: 35.0907 | Path: GPU-cuStateVec MPI-distributed (4 ranks)
Iter 0763 | Energy: -17.860957 | Delta: 6.09e-03 | M: 50.0449 | Path: GPU-cuStateVec MPI-distributed (4 ranks)
Iter 0764 | Energy: -17.867024 | Delta: 6.07e-03 | M: 36.1696 | Path: GPU-cuStateVec MPI-distributed (4 ranks)
Iter 0765 | Energy: -17.866428 | Delta: 5.96e-04 | M: 50.7363 | Path: GPU-cuStateVec MPI-distributed (4 ranks)
[RESILIENCE] Iteration 765: Global theta state checkpointed at path checkpoints/BeH2/checkpoint_iter_0765.npy. 
Iter 0766 | Energy: -17.874322 | Delta: 7.89e-03 | M: 41.1855 | Path: GPU-cuStateVec MPI-distributed (4 ranks)
Iter 0767 | Energy: -17.865694 | Delta: 8.63e-03 | M: 43.3152 | Path: GPU-cuStateVec MPI-distributed (4 ranks)
Iter 0768 | Energy: -17.874730 | Delta: 9.04e-03 | M: 40.5219 | Path: GPU-cuStateVec MPI-distributed (4 ranks)
Iter 0769 | Energy: -17.853629 | Delta: 2.11e-02 | M: 54.0866 | Path: GPU-cuStateVec MPI-distributed (4 ranks)
Iter 0770 | Energy: -17.874479 | Delta: 2.09e-02 | M: 21.0330 | Path: GPU-cuStateVec MPI-distributed (4 ranks)
[RESILIENCE] Iteration 770: Global theta state checkpointed at path checkpoints/BeH2/checkpoint_iter_0770.npy. 
Iter 0771 | Energy: -17.869673 | Delta: 4.81e-03 | M: 29.5990 | Path: GPU-cuStateVec MPI-distributed (4 ranks)
Iter 0772 | Energy: -17.865886 | Delta: 3.79e-03 | M: 40.7251 | Path: GPU-cuStateVec MPI-distributed (4 ranks)
Iter 0773 | Energy: -17.863613 | Delta: 2.27e-03 | M: 36.3385 | Path: GPU-cuStateVec MPI-distributed (4 ranks)
Iter 0774 | Energy: -17.881015 | Delta: 1.74e-02 | M: 23.4009 | Path: GPU-cuStateVec MPI-distributed (4 ranks)
Iter 0775 | Energy: -17.865043 | Delta: 1.60e-02 | M: 10393.0718 | Path: GPU-cuStateVec MPI-distributed (4 ranks)
[RESILIENCE] Iteration 775: Global theta state checkpointed at path checkpoints/BeH2/checkpoint_iter_0775.npy. 
Iter 0776 | Energy: -17.884259 | Delta: 1.92e-02 | M: 40.1204 | Path: GPU-cuStateVec MPI-distributed (4 ranks)
Iter 0777 | Energy: -17.879766 | Delta: 4.49e-03 | M: 50.1231 | Path: GPU-cuStateVec MPI-distributed (4 ranks)
Iter 0778 | Energy: -17.867683 | Delta: 1.21e-02 | M: 41.1299 | Path: GPU-cuStateVec MPI-distributed (4 ranks)
Iter 0779 | Energy: -17.885678 | Delta: 1.80e-02 | M: 40.9793 | Path: GPU-cuStateVec MPI-distributed (4 ranks)
Iter 0780 | Energy: -17.878307 | Delta: 7.37e-03 | M: 20.9956 | Path: GPU-cuStateVec MPI-distributed (4 ranks)
[RESILIENCE] Iteration 780: Global theta state checkpointed at path checkpoints/BeH2/checkpoint_iter_0780.npy. 
Iter 0781 | Energy: -17.876351 | Delta: 1.96e-03 | M: 81.2834 | Path: GPU-cuStateVec MPI-distributed (4 ranks)
Iter 0782 | Energy: -17.878339 | Delta: 1.99e-03 | M: 62.2810 | Path: GPU-cuStateVec MPI-distributed (4 ranks)
Iter 0783 | Energy: -17.869064 | Delta: 9.27e-03 | M: 54.8426 | Path: GPU-cuStateVec MPI-distributed (4 ranks)
Iter 0784 | Energy: -17.886568 | Delta: 1.75e-02 | M: 18.8715 | Path: GPU-cuStateVec MPI-distributed (4 ranks)
Iter 0785 | Energy: -17.888724 | Delta: 2.16e-03 | M: 47.7648 | Path: GPU-cuStateVec MPI-distributed (4 ranks)
[RESILIENCE] Iteration 785: Global theta state checkpointed at path checkpoints/BeH2/checkpoint_iter_0785.npy. 
Iter 0786 | Energy: -17.881898 | Delta: 6.83e-03 | M: 45.1491 | Path: GPU-cuStateVec MPI-distributed (4 ranks)
Iter 0787 | Energy: -17.873736 | Delta: 8.16e-03 | M: 83.3027 | Path: GPU-cuStateVec MPI-distributed (4 ranks)
Iter 0788 | Energy: -17.878161 | Delta: 4.43e-03 | M: 48.7837 | Path: GPU-cuStateVec MPI-distributed (4 ranks)
Iter 0789 | Energy: -17.876909 | Delta: 1.25e-03 | M: 44.3141 | Path: GPU-cuStateVec MPI-distributed (4 ranks)
Iter 0790 | Energy: -17.887669 | Delta: 1.08e-02 | M: 33.6011 | Path: GPU-cuStateVec MPI-distributed (4 ranks)
[RESILIENCE] Iteration 790: Global theta state checkpointed at path checkpoints/BeH2/checkpoint_iter_0790.npy. 
Iter 0791 | Energy: -17.877336 | Delta: 1.03e-02 | M: 27.9391 | Path: GPU-cuStateVec MPI-distributed (4 ranks)
Iter 0792 | Energy: -17.885503 | Delta: 8.17e-03 | M: 41.2066 | Path: GPU-cuStateVec MPI-distributed (4 ranks)
Iter 0793 | Energy: -17.883253 | Delta: 2.25e-03 | M: 96.3257 | Path: GPU-cuStateVec MPI-distributed (4 ranks)
Iter 0794 | Energy: -17.889387 | Delta: 6.13e-03 | M: 95.8788 | Path: GPU-cuStateVec MPI-distributed (4 ranks)
Iter 0795 | Energy: -17.873762 | Delta: 1.56e-02 | M: 36.7973 | Path: GPU-cuStateVec MPI-distributed (4 ranks)
[RESILIENCE] Iteration 795: Global theta state checkpointed at path checkpoints/BeH2/checkpoint_iter_0795.npy. 
Iter 0796 | Energy: -17.883566 | Delta: 9.80e-03 | M: 20.5705 | Path: GPU-cuStateVec MPI-distributed (4 ranks)
Iter 0797 | Energy: -17.892524 | Delta: 8.96e-03 | M: 32.6462 | Path: GPU-cuStateVec MPI-distributed (4 ranks)
Iter 0798 | Energy: -17.874482 | Delta: 1.80e-02 | M: 24.3172 | Path: GPU-cuStateVec MPI-distributed (4 ranks)
Iter 0799 | Energy: -17.888313 | Delta: 1.38e-02 | M: 10204.7836 | Path: GPU-cuStateVec MPI-distributed (4 ranks)
Iter 0800 | Energy: -17.892205 | Delta: 3.89e-03 | M: 46.6518 | Path: GPU-cuStateVec MPI-distributed (4 ranks)
[RESILIENCE] Iteration 800: Global theta state checkpointed at path checkpoints/BeH2/checkpoint_iter_0800.npy. 
Iter 0801 | Energy: -17.880531 | Delta: 1.17e-02 | M: 23.5319 | Path: GPU-cuStateVec MPI-distributed (4 ranks)
Iter 0802 | Energy: -17.886060 | Delta: 5.53e-03 | M: 30.9305 | Path: GPU-cuStateVec MPI-distributed (4 ranks)
Iter 0803 | Energy: -17.888240 | Delta: 2.18e-03 | M: 46.5709 | Path: GPU-cuStateVec MPI-distributed (4 ranks)
Iter 0804 | Energy: -17.880836 | Delta: 7.40e-03 | M: 23.4988 | Path: GPU-cuStateVec MPI-distributed (4 ranks)
Iter 0805 | Energy: -17.891796 | Delta: 1.10e-02 | M: 59.2525 | Path: GPU-cuStateVec MPI-distributed (4 ranks)
[RESILIENCE] Iteration 805: Global theta state checkpointed at path checkpoints/BeH2/checkpoint_iter_0805.npy. 
Iter 0806 | Energy: -17.884953 | Delta: 6.84e-03 | M: 8573.8846 | Path: GPU-cuStateVec MPI-distributed (4 ranks)
Iter 0807 | Energy: -17.891465 | Delta: 6.51e-03 | M: 27.6542 | Path: GPU-cuStateVec MPI-distributed (4 ranks)
Iter 0808 | Energy: -17.888889 | Delta: 2.58e-03 | M: 9990.6291 | Path: GPU-cuStateVec MPI-distributed (4 ranks)
Iter 0809 | Energy: -17.897272 | Delta: 8.38e-03 | M: 44.2434 | Path: GPU-cuStateVec MPI-distributed (4 ranks)
Iter 0810 | Energy: -17.884718 | Delta: 1.26e-02 | M: 26.9771 | Path: GPU-cuStateVec MPI-distributed (4 ranks)
[RESILIENCE] Iteration 810: Global theta state checkpointed at path checkpoints/BeH2/checkpoint_iter_0810.npy. 
Iter 0811 | Energy: -17.901051 | Delta: 1.63e-02 | M: 9141.7484 | Path: GPU-cuStateVec MPI-distributed (4 ranks)
Iter 0812 | Energy: -17.896501 | Delta: 4.55e-03 | M: 103.1011 | Path: GPU-cuStateVec MPI-distributed (4 ranks)
Iter 0813 | Energy: -17.887077 | Delta: 9.42e-03 | M: 24.3878 | Path: GPU-cuStateVec MPI-distributed (4 ranks)
Iter 0814 | Energy: -17.898602 | Delta: 1.15e-02 | M: 53.9388 | Path: GPU-cuStateVec MPI-distributed (4 ranks)
Iter 0815 | Energy: -17.900209 | Delta: 1.61e-03 | M: 42.8588 | Path: GPU-cuStateVec MPI-distributed (4 ranks)
[RESILIENCE] Iteration 815: Global theta state checkpointed at path checkpoints/BeH2/checkpoint_iter_0815.npy. 
Iter 0816 | Energy: -17.890619 | Delta: 9.59e-03 | M: 23.4666 | Path: GPU-cuStateVec MPI-distributed (4 ranks)
Iter 0817 | Energy: -17.891726 | Delta: 1.11e-03 | M: 56.2333 | Path: GPU-cuStateVec MPI-distributed (4 ranks)
Iter 0818 | Energy: -17.907873 | Delta: 1.61e-02 | M: 77.5865 | Path: GPU-cuStateVec MPI-distributed (4 ranks)
Iter 0819 | Energy: -17.893797 | Delta: 1.41e-02 | M: 32.7979 | Path: GPU-cuStateVec MPI-distributed (4 ranks)
Iter 0820 | Energy: -17.900078 | Delta: 6.28e-03 | M: 38.6473 | Path: GPU-cuStateVec MPI-distributed (4 ranks)
[RESILIENCE] Iteration 820: Global theta state checkpointed at path checkpoints/BeH2/checkpoint_iter_0820.npy. 
Iter 0821 | Energy: -17.905801 | Delta: 5.72e-03 | M: 38.0843 | Path: GPU-cuStateVec MPI-distributed (4 ranks)
Iter 0822 | Energy: -17.908014 | Delta: 2.21e-03 | M: 25.8955 | Path: GPU-cuStateVec MPI-distributed (4 ranks)
Iter 0823 | Energy: -17.915575 | Delta: 7.56e-03 | M: 10574.8032 | Path: GPU-cuStateVec MPI-distributed (4 ranks)
Iter 0824 | Energy: -17.896199 | Delta: 1.94e-02 | M: 10273.1662 | Path: GPU-cuStateVec MPI-distributed (4 ranks)
Iter 0825 | Energy: -17.910935 | Delta: 1.47e-02 | M: 47.3107 | Path: GPU-cuStateVec MPI-distributed (4 ranks)
[RESILIENCE] Iteration 825: Global theta state checkpointed at path checkpoints/BeH2/checkpoint_iter_0825.npy. 
Iter 0826 | Energy: -17.912055 | Delta: 1.12e-03 | M: 45.5391 | Path: GPU-cuStateVec MPI-distributed (4 ranks)
Iter 0827 | Energy: -17.907696 | Delta: 4.36e-03 | M: 35.9250 | Path: GPU-cuStateVec MPI-distributed (4 ranks)
Iter 0828 | Energy: -17.909768 | Delta: 2.07e-03 | M: 18.9982 | Path: GPU-cuStateVec MPI-distributed (4 ranks)
Iter 0829 | Energy: -17.900921 | Delta: 8.85e-03 | M: 39.2971 | Path: GPU-cuStateVec MPI-distributed (4 ranks)
Iter 0830 | Energy: -17.907881 | Delta: 6.96e-03 | M: 45.2653 | Path: GPU-cuStateVec MPI-distributed (4 ranks)
[RESILIENCE] Iteration 830: Global theta state checkpointed at path checkpoints/BeH2/checkpoint_iter_0830.npy. 
Iter 0831 | Energy: -17.914785 | Delta: 6.90e-03 | M: 9471.0784 | Path: GPU-cuStateVec MPI-distributed (4 ranks)
Iter 0832 | Energy: -17.908626 | Delta: 6.16e-03 | M: 40.9548 | Path: GPU-cuStateVec MPI-distributed (4 ranks)
Iter 0833 | Energy: -17.906757 | Delta: 1.87e-03 | M: 25.2932 | Path: GPU-cuStateVec MPI-distributed (4 ranks)
Iter 0834 | Energy: -17.911829 | Delta: 5.07e-03 | M: 26.9601 | Path: GPU-cuStateVec MPI-distributed (4 ranks)
Iter 0835 | Energy: -17.920781 | Delta: 8.95e-03 | M: 56.0697 | Path: GPU-cuStateVec MPI-distributed (4 ranks)
[RESILIENCE] Iteration 835: Global theta state checkpointed at path checkpoints/BeH2/checkpoint_iter_0835.npy. 
Iter 0836 | Energy: -17.916112 | Delta: 4.67e-03 | M: 87.4927 | Path: GPU-cuStateVec MPI-distributed (4 ranks)
Iter 0837 | Energy: -17.921113 | Delta: 5.00e-03 | M: 45.0727 | Path: GPU-cuStateVec MPI-distributed (4 ranks)
Iter 0838 | Energy: -17.914304 | Delta: 6.81e-03 | M: 55.1062 | Path: GPU-cuStateVec MPI-distributed (4 ranks)
Iter 0839 | Energy: -17.916749 | Delta: 2.45e-03 | M: 19.8004 | Path: GPU-cuStateVec MPI-distributed (4 ranks)
Iter 0840 | Energy: -17.919973 | Delta: 3.22e-03 | M: 19.8048 | Path: GPU-cuStateVec MPI-distributed (4 ranks)
[RESILIENCE] Iteration 840: Global theta state checkpointed at path checkpoints/BeH2/checkpoint_iter_0840.npy. 
Iter 0841 | Energy: -17.919677 | Delta: 2.97e-04 | M: 92.8555 | Path: GPU-cuStateVec MPI-distributed (4 ranks)
Iter 0842 | Energy: -17.925762 | Delta: 6.09e-03 | M: 86.0826 | Path: GPU-cuStateVec MPI-distributed (4 ranks)
Iter 0843 | Energy: -17.915594 | Delta: 1.02e-02 | M: 117.8064 | Path: GPU-cuStateVec MPI-distributed (4 ranks)
Iter 0844 | Energy: -17.916819 | Delta: 1.23e-03 | M: 50.3223 | Path: GPU-cuStateVec MPI-distributed (4 ranks)
Iter 0845 | Energy: -17.917911 | Delta: 1.09e-03 | M: 8257.5096 | Path: GPU-cuStateVec MPI-distributed (4 ranks)
[RESILIENCE] Iteration 845: Global theta state checkpointed at path checkpoints/BeH2/checkpoint_iter_0845.npy. 
Iter 0846 | Energy: -17.919722 | Delta: 1.81e-03 | M: 31.6099 | Path: GPU-cuStateVec MPI-distributed (4 ranks)
Iter 0847 | Energy: -17.919370 | Delta: 3.53e-04 | M: 9244.6989 | Path: GPU-cuStateVec MPI-distributed (4 ranks)
Iter 0848 | Energy: -17.926097 | Delta: 6.73e-03 | M: 120.2154 | Path: GPU-cuStateVec MPI-distributed (4 ranks)
Iter 0849 | Energy: -17.920668 | Delta: 5.43e-03 | M: 9034.2954 | Path: GPU-cuStateVec MPI-distributed (4 ranks)
Iter 0850 | Energy: -17.922002 | Delta: 1.33e-03 | M: 59.5695 | Path: GPU-cuStateVec MPI-distributed (4 ranks)
[RESILIENCE] Iteration 850: Global theta state checkpointed at path checkpoints/BeH2/checkpoint_iter_0850.npy. 
Iter 0851 | Energy: -17.929752 | Delta: 7.75e-03 | M: 48.9384 | Path: GPU-cuStateVec MPI-distributed (4 ranks)
Iter 0852 | Energy: -17.921696 | Delta: 8.06e-03 | M: 39.2208 | Path: GPU-cuStateVec MPI-distributed (4 ranks)
Iter 0853 | Energy: -17.919197 | Delta: 2.50e-03 | M: 10000.9859 | Path: GPU-cuStateVec MPI-distributed (4 ranks)
Iter 0854 | Energy: -17.929495 | Delta: 1.03e-02 | M: 10653.2883 | Path: GPU-cuStateVec MPI-distributed (4 ranks)
Iter 0855 | Energy: -17.920498 | Delta: 9.00e-03 | M: 8642.7717 | Path: GPU-cuStateVec MPI-distributed (4 ranks)
[RESILIENCE] Iteration 855: Global theta state checkpointed at path checkpoints/BeH2/checkpoint_iter_0855.npy. 
Iter 0856 | Energy: -17.933246 | Delta: 1.27e-02 | M: 48.8603 | Path: GPU-cuStateVec MPI-distributed (4 ranks)
Iter 0857 | Energy: -17.928227 | Delta: 5.02e-03 | M: 32.6925 | Path: GPU-cuStateVec MPI-distributed (4 ranks)
Iter 0858 | Energy: -17.922372 | Delta: 5.85e-03 | M: 30.4825 | Path: GPU-cuStateVec MPI-distributed (4 ranks)
Iter 0859 | Energy: -17.932913 | Delta: 1.05e-02 | M: 10179.8390 | Path: GPU-cuStateVec MPI-distributed (4 ranks)
Iter 0860 | Energy: -17.933756 | Delta: 8.43e-04 | M: 57.4288 | Path: GPU-cuStateVec MPI-distributed (4 ranks)
[RESILIENCE] Iteration 860: Global theta state checkpointed at path checkpoints/BeH2/checkpoint_iter_0860.npy. 
Iter 0861 | Energy: -17.933531 | Delta: 2.25e-04 | M: 115.4268 | Path: GPU-cuStateVec MPI-distributed (4 ranks)
Iter 0862 | Energy: -17.927405 | Delta: 6.13e-03 | M: 44.9769 | Path: GPU-cuStateVec MPI-distributed (4 ranks)
Iter 0863 | Energy: -17.923218 | Delta: 4.19e-03 | M: 46.4306 | Path: GPU-cuStateVec MPI-distributed (4 ranks)
Iter 0864 | Energy: -17.925283 | Delta: 2.06e-03 | M: 22.6168 | Path: GPU-cuStateVec MPI-distributed (4 ranks)
Iter 0865 | Energy: -17.935059 | Delta: 9.78e-03 | M: 62.4050 | Path: GPU-cuStateVec MPI-distributed (4 ranks)
[RESILIENCE] Iteration 865: Global theta state checkpointed at path checkpoints/BeH2/checkpoint_iter_0865.npy. 
Iter 0866 | Energy: -17.939903 | Delta: 4.84e-03 | M: 10172.9489 | Path: GPU-cuStateVec MPI-distributed (4 ranks)
Iter 0867 | Energy: -17.940091 | Delta: 1.88e-04 | M: 45.4041 | Path: GPU-cuStateVec MPI-distributed (4 ranks)
Iter 0868 | Energy: -17.940276 | Delta: 1.85e-04 | M: 47.3489 | Path: GPU-cuStateVec MPI-distributed (4 ranks)
Iter 0869 | Energy: -17.946334 | Delta: 6.06e-03 | M: 39.6054 | Path: GPU-cuStateVec MPI-distributed (4 ranks)
Iter 0870 | Energy: -17.934836 | Delta: 1.15e-02 | M: 23.4073 | Path: GPU-cuStateVec MPI-distributed (4 ranks)
[RESILIENCE] Iteration 870: Global theta state checkpointed at path checkpoints/BeH2/checkpoint_iter_0870.npy. 
Iter 0871 | Energy: -17.940470 | Delta: 5.63e-03 | M: 43.4997 | Path: GPU-cuStateVec MPI-distributed (4 ranks)
Iter 0872 | Energy: -17.949686 | Delta: 9.22e-03 | M: 67.5869 | Path: GPU-cuStateVec MPI-distributed (4 ranks)
Iter 0873 | Energy: -17.946114 | Delta: 3.57e-03 | M: 49.0706 | Path: GPU-cuStateVec MPI-distributed (4 ranks)
Iter 0874 | Energy: -17.940375 | Delta: 5.74e-03 | M: 47.7066 | Path: GPU-cuStateVec MPI-distributed (4 ranks)
Iter 0875 | Energy: -17.947222 | Delta: 6.85e-03 | M: 47.1353 | Path: GPU-cuStateVec MPI-distributed (4 ranks)
[RESILIENCE] Iteration 875: Global theta state checkpointed at path checkpoints/BeH2/checkpoint_iter_0875.npy. 
Iter 0876 | Energy: -17.943548 | Delta: 3.67e-03 | M: 24.7547 | Path: GPU-cuStateVec MPI-distributed (4 ranks)
Iter 0877 | Energy: -17.948212 | Delta: 4.66e-03 | M: 5244.6284 | Path: GPU-cuStateVec MPI-distributed (4 ranks)
Iter 0878 | Energy: -17.940944 | Delta: 7.27e-03 | M: 9574.0955 | Path: GPU-cuStateVec MPI-distributed (4 ranks)
Iter 0879 | Energy: -17.946491 | Delta: 5.55e-03 | M: 10433.5211 | Path: GPU-cuStateVec MPI-distributed (4 ranks)
Iter 0880 | Energy: -17.953289 | Delta: 6.80e-03 | M: 46.3830 | Path: GPU-cuStateVec MPI-distributed (4 ranks)
[RESILIENCE] Iteration 880: Global theta state checkpointed at path checkpoints/BeH2/checkpoint_iter_0880.npy. 
Iter 0881 | Energy: -17.954479 | Delta: 1.19e-03 | M: 45.6452 | Path: GPU-cuStateVec MPI-distributed (4 ranks)
Iter 0882 | Energy: -17.944264 | Delta: 1.02e-02 | M: 22.8004 | Path: GPU-cuStateVec MPI-distributed (4 ranks)
Iter 0883 | Energy: -17.951679 | Delta: 7.42e-03 | M: 21.9354 | Path: GPU-cuStateVec MPI-distributed (4 ranks)
Iter 0884 | Energy: -17.945661 | Delta: 6.02e-03 | M: 91.3023 | Path: GPU-cuStateVec MPI-distributed (4 ranks)
Iter 0885 | Energy: -17.950423 | Delta: 4.76e-03 | M: 49.4089 | Path: GPU-cuStateVec MPI-distributed (4 ranks)
[RESILIENCE] Iteration 885: Global theta state checkpointed at path checkpoints/BeH2/checkpoint_iter_0885.npy. 
Iter 0886 | Energy: -17.942195 | Delta: 8.23e-03 | M: 44.8480 | Path: GPU-cuStateVec MPI-distributed (4 ranks)
Iter 0887 | Energy: -17.948812 | Delta: 6.62e-03 | M: 25.9534 | Path: GPU-cuStateVec MPI-distributed (4 ranks)
Iter 0888 | Energy: -17.956479 | Delta: 7.67e-03 | M: 25.3323 | Path: GPU-cuStateVec MPI-distributed (4 ranks)
Iter 0889 | Energy: -17.956607 | Delta: 1.28e-04 | M: 27.9373 | Path: GPU-cuStateVec MPI-distributed (4 ranks)
Iter 0890 | Energy: -17.954958 | Delta: 1.65e-03 | M: 8731.3597 | Path: GPU-cuStateVec MPI-distributed (4 ranks)
[RESILIENCE] Iteration 890: Global theta state checkpointed at path checkpoints/BeH2/checkpoint_iter_0890.npy. 
Iter 0891 | Energy: -17.958212 | Delta: 3.25e-03 | M: 9195.0194 | Path: GPU-cuStateVec MPI-distributed (4 ranks)
Iter 0892 | Energy: -17.951669 | Delta: 6.54e-03 | M: 58.1175 | Path: GPU-cuStateVec MPI-distributed (4 ranks)
Iter 0893 | Energy: -17.954108 | Delta: 2.44e-03 | M: 24.7773 | Path: GPU-cuStateVec MPI-distributed (4 ranks)
Iter 0894 | Energy: -17.951670 | Delta: 2.44e-03 | M: 30.1418 | Path: GPU-cuStateVec MPI-distributed (4 ranks)
Iter 0895 | Energy: -17.951701 | Delta: 3.15e-05 | M: 56.0308 | Path: GPU-cuStateVec MPI-distributed (4 ranks)
[RESILIENCE] Iteration 895: Global theta state checkpointed at path checkpoints/BeH2/checkpoint_iter_0895.npy. 
Iter 0896 | Energy: -17.948102 | Delta: 3.60e-03 | M: 82.1930 | Path: GPU-cuStateVec MPI-distributed (4 ranks)
[VQE] Best physical energy: -15.555709 Ha (error: 0.0394 Ha) at iter 261
[VQE] Final energy -17.948102 is below FCI — reporting best physical result

[BeH2] Ansatz tier:hwe_adaptive
[BeH2] Corr score: 0.501 
[BeH2] Best physical energy: -15.555709 Ha 
[BeH2] Reference FCI : -15.595118 Ha 
[BeH2] Absolute error: +0.0394 Ha 
[BeH2] Iterations run: 896 (best at iter 261)
[BeH2] Wall time: 229.77s (includes QPU queue + RTT) 
[Resolver] 'H2O' found in local registry 
[Resolver] 'H2O' found in local registry 
[Resolver] 'H2O' found in local registry 
[BeH2] Time/iter: 0.26 s 
[BeH2] Source: registry 
[BeH2] Active electrons: 4 
[BeH2] Estimated qubits: 12 
[BeH2] Note: Frozen 2 core electrons. Active space: 4 electrons, 12 qubits 


--- RUNNING CHEMISTRY TASK H2O ---
[Resolver] 'H2O' found in local registry 
[Chemistry:H2O] 1086 Pauli terms, 14 qubits, 112 params, reps=2. FCI reference: -75.0124 Ha 
[Ansatz] HWE (adaptive) (auto) | corr_score=0.502 | off_diag_ratio=0.007
[Reason] score=0.502 in [0.25, 0.55). Moderate correlation (off_diag_ratio=0.007, zz_frac=0.986). Adaptive HWE with full entanglement recommended.
[Chemistry:H2O] 1086 Pauli terms, 14 qubits, 112 params, reps=2. FCI reference: -75.0124 Ha 
[Ansatz] HWE (adaptive) (auto) | corr_score=0.502 | off_diag_ratio=0.007
[Reason] score=0.502 in [0.25, 0.55). Moderate correlation (off_diag_ratio=0.007, zz_frac=0.986). Adaptive HWE with full entanglement recommended.
[Chemistry:H2O] 1086 Pauli terms, 14 qubits, 112 params, reps=2. FCI reference: -75.0124 Ha 
[Ansatz] HWE (adaptive) (auto) | corr_score=0.502 | off_diag_ratio=0.007
[Reason] score=0.502 in [0.25, 0.55). Moderate correlation (off_diag_ratio=0.007, zz_frac=0.986). Adaptive HWE with full entanglement recommended.
[Chemistry:H2O] 1086 Pauli terms, 14 qubits, 112 params, reps=2. FCI reference: -75.0124 Ha 
[Ansatz] HWE (adaptive) (auto) | corr_score=0.502 | off_diag_ratio=0.007
[Reason] score=0.502 in [0.25, 0.55). Moderate correlation (off_diag_ratio=0.007, zz_frac=0.986). Adaptive HWE with full entanglement recommended.
Iter 0001 | Energy: -3.372252 | Delta: inf | M: 7.7119 | Path: GPU-cuStateVec MPI-distributed (4 ranks)
Iter 0002 | Energy: -3.086089 | Delta: 2.86e-01 | M: 34.0035 | Path: GPU-cuStateVec MPI-distributed (4 ranks)
Iter 0003 | Energy: -3.538012 | Delta: 4.52e-01 | M: 48.6411 | Path: GPU-cuStateVec MPI-distributed (4 ranks)
Iter 0004 | Energy: -8.634443 | Delta: 5.10e+00 | M: 32.7062 | Path: GPU-cuStateVec MPI-distributed (4 ranks)
Iter 0005 | Energy: -12.952978 | Delta: 4.32e+00 | M: 28.9238 | Path: GPU-cuStateVec MPI-distributed (4 ranks)
[RESILIENCE] Iteration 5: Global theta state checkpointed at path checkpoints/H2O/checkpoint_iter_0005.npy. 
Iter 0006 | Energy: -22.035908 | Delta: 9.08e+00 | M: 17.9748 | Path: GPU-cuStateVec MPI-distributed (4 ranks)
Iter 0007 | Energy: -41.801752 | Delta: 1.98e+01 | M: 35.2259 | Path: GPU-cuStateVec MPI-distributed (4 ranks)
Iter 0008 | Energy: -41.731292 | Delta: 7.05e-02 | M: 24.8931 | Path: GPU-cuStateVec MPI-distributed (4 ranks)
Iter 0009 | Energy: -41.861514 | Delta: 1.30e-01 | M: 22.7077 | Path: GPU-cuStateVec MPI-distributed (4 ranks)
Iter 0010 | Energy: -43.069333 | Delta: 1.21e+00 | M: 29.7138 | Path: GPU-cuStateVec MPI-distributed (4 ranks)
[RESILIENCE] Iteration 10: Global theta state checkpointed at path checkpoints/H2O/checkpoint_iter_0010.npy. 
Iter 0011 | Energy: -47.304159 | Delta: 4.23e+00 | M: 37.7957 | Path: GPU-cuStateVec MPI-distributed (4 ranks)
Iter 0012 | Energy: -52.141461 | Delta: 4.84e+00 | M: 28.6813 | Path: GPU-cuStateVec MPI-distributed (4 ranks)
Iter 0013 | Energy: -58.041127 | Delta: 5.90e+00 | M: 33.0691 | Path: GPU-cuStateVec MPI-distributed (4 ranks)
Iter 0014 | Energy: -58.782722 | Delta: 7.42e-01 | M: 39.6672 | Path: GPU-cuStateVec MPI-distributed (4 ranks)
Iter 0015 | Energy: -59.108855 | Delta: 3.26e-01 | M: 33.3094 | Path: GPU-cuStateVec MPI-distributed (4 ranks)
[RESILIENCE] Iteration 15: Global theta state checkpointed at path checkpoints/H2O/checkpoint_iter_0015.npy. 
Iter 0016 | Energy: -59.107712 | Delta: 1.14e-03 | M: 34.8333 | Path: GPU-cuStateVec MPI-distributed (4 ranks)
Iter 0017 | Energy: -59.253636 | Delta: 1.46e-01 | M: 44.2960 | Path: GPU-cuStateVec MPI-distributed (4 ranks)
Iter 0018 | Energy: -59.657562 | Delta: 4.04e-01 | M: 21.5954 | Path: GPU-cuStateVec MPI-distributed (4 ranks)
Iter 0019 | Energy: -59.776690 | Delta: 1.19e-01 | M: 20.7703 | Path: GPU-cuStateVec MPI-distributed (4 ranks)
Iter 0020 | Energy: -60.022895 | Delta: 2.46e-01 | M: 34.2008 | Path: GPU-cuStateVec MPI-distributed (4 ranks)
[RESILIENCE] Iteration 20: Global theta state checkpointed at path checkpoints/H2O/checkpoint_iter_0020.npy. 
Iter 0021 | Energy: -60.407839 | Delta: 3.85e-01 | M: 24.4381 | Path: GPU-cuStateVec MPI-distributed (4 ranks)
Iter 0022 | Energy: -60.448116 | Delta: 4.03e-02 | M: 29.6740 | Path: GPU-cuStateVec MPI-distributed (4 ranks)
Iter 0023 | Energy: -60.668313 | Delta: 2.20e-01 | M: 30.5407 | Path: GPU-cuStateVec MPI-distributed (4 ranks)
Iter 0024 | Energy: -60.723607 | Delta: 5.53e-02 | M: 17.7200 | Path: GPU-cuStateVec MPI-distributed (4 ranks)
Iter 0025 | Energy: -61.170939 | Delta: 4.47e-01 | M: 42.9483 | Path: GPU-cuStateVec MPI-distributed (4 ranks)
[RESILIENCE] Iteration 25: Global theta state checkpointed at path checkpoints/H2O/checkpoint_iter_0025.npy. 
Iter 0026 | Energy: -64.376332 | Delta: 3.21e+00 | M: 44.4542 | Path: GPU-cuStateVec MPI-distributed (4 ranks)
Iter 0027 | Energy: -64.573487 | Delta: 1.97e-01 | M: 29.9675 | Path: GPU-cuStateVec MPI-distributed (4 ranks)
Iter 0028 | Energy: -67.131535 | Delta: 2.56e+00 | M: 36.2393 | Path: GPU-cuStateVec MPI-distributed (4 ranks)
Iter 0029 | Energy: -67.256193 | Delta: 1.25e-01 | M: 21.6390 | Path: GPU-cuStateVec MPI-distributed (4 ranks)
Iter 0030 | Energy: -68.397780 | Delta: 1.14e+00 | M: 36.2843 | Path: GPU-cuStateVec MPI-distributed (4 ranks)
[RESILIENCE] Iteration 30: Global theta state checkpointed at path checkpoints/H2O/checkpoint_iter_0030.npy. 
Iter 0031 | Energy: -68.658456 | Delta: 2.61e-01 | M: 40.3469 | Path: GPU-cuStateVec MPI-distributed (4 ranks)
Iter 0032 | Energy: -72.246680 | Delta: 3.59e+00 | M: 26.9153 | Path: GPU-cuStateVec MPI-distributed (4 ranks)
Iter 0033 | Energy: -72.284873 | Delta: 3.82e-02 | M: 37.7699 | Path: GPU-cuStateVec MPI-distributed (4 ranks)
Iter 0034 | Energy: -73.816726 | Delta: 1.53e+00 | M: 39.9057 | Path: GPU-cuStateVec MPI-distributed (4 ranks)
Iter 0035 | Energy: -73.988863 | Delta: 1.72e-01 | M: 36.5870 | Path: GPU-cuStateVec MPI-distributed (4 ranks)
[RESILIENCE] Iteration 35: Global theta state checkpointed at path checkpoints/H2O/checkpoint_iter_0035.npy. 
Iter 0036 | Energy: -74.718277 | Delta: 7.29e-01 | M: 29.2953 | Path: GPU-cuStateVec MPI-distributed (4 ranks)
Iter 0037 | Energy: -74.792123 | Delta: 7.38e-02 | M: 20.1491 | Path: GPU-cuStateVec MPI-distributed (4 ranks)
NOTE: Energy -75.0827 crossed below FCI -75.0124 at iter 38 — HWE ansatz leaving physical sector (expected limitation)
Iter 0038 | Energy: -75.082724 | Delta: 2.91e-01 | M: 33.1763 | Path: GPU-cuStateVec MPI-distributed (4 ranks)
Iter 0039 | Energy: -75.073802 | Delta: 8.92e-03 | M: 22.3327 | Path: GPU-cuStateVec MPI-distributed (4 ranks)
Iter 0040 | Energy: -75.652345 | Delta: 5.79e-01 | M: 23.2755 | Path: GPU-cuStateVec MPI-distributed (4 ranks)
[RESILIENCE] Iteration 40: Global theta state checkpointed at path checkpoints/H2O/checkpoint_iter_0040.npy. 
Iter 0041 | Energy: -75.708641 | Delta: 5.63e-02 | M: 30.6593 | Path: GPU-cuStateVec MPI-distributed (4 ranks)
Iter 0042 | Energy: -75.745708 | Delta: 3.71e-02 | M: 26.2550 | Path: GPU-cuStateVec MPI-distributed (4 ranks)
Iter 0043 | Energy: -75.743097 | Delta: 2.61e-03 | M: 20.8691 | Path: GPU-cuStateVec MPI-distributed (4 ranks)
Iter 0044 | Energy: -75.930972 | Delta: 1.88e-01 | M: 23.7872 | Path: GPU-cuStateVec MPI-distributed (4 ranks)
Iter 0045 | Energy: -75.991241 | Delta: 6.03e-02 | M: 27.5705 | Path: GPU-cuStateVec MPI-distributed (4 ranks)
[RESILIENCE] Iteration 45: Global theta state checkpointed at path checkpoints/H2O/checkpoint_iter_0045.npy. 
Iter 0046 | Energy: -76.121235 | Delta: 1.30e-01 | M: 40.2971 | Path: GPU-cuStateVec MPI-distributed (4 ranks)
Iter 0047 | Energy: -76.583062 | Delta: 4.62e-01 | M: 30.6755 | Path: GPU-cuStateVec MPI-distributed (4 ranks)
Iter 0048 | Energy: -77.122689 | Delta: 5.40e-01 | M: 43.1869 | Path: GPU-cuStateVec MPI-distributed (4 ranks)
Iter 0049 | Energy: -77.424598 | Delta: 3.02e-01 | M: 32.3692 | Path: GPU-cuStateVec MPI-distributed (4 ranks)
Iter 0050 | Energy: -77.417361 | Delta: 7.24e-03 | M: 40.9293 | Path: GPU-cuStateVec MPI-distributed (4 ranks)
[RESILIENCE] Iteration 50: Global theta state checkpointed at path checkpoints/H2O/checkpoint_iter_0050.npy. 
Iter 0051 | Energy: -77.486141 | Delta: 6.88e-02 | M: 43.2103 | Path: GPU-cuStateVec MPI-distributed (4 ranks)
Iter 0052 | Energy: -77.689883 | Delta: 2.04e-01 | M: 32.0212 | Path: GPU-cuStateVec MPI-distributed (4 ranks)
Iter 0053 | Energy: -77.807999 | Delta: 1.18e-01 | M: 58.5172 | Path: GPU-cuStateVec MPI-distributed (4 ranks)
Iter 0054 | Energy: -77.824985 | Delta: 1.70e-02 | M: 43.9483 | Path: GPU-cuStateVec MPI-distributed (4 ranks)
Iter 0055 | Energy: -78.010696 | Delta: 1.86e-01 | M: 47.9979 | Path: GPU-cuStateVec MPI-distributed (4 ranks)
[RESILIENCE] Iteration 55: Global theta state checkpointed at path checkpoints/H2O/checkpoint_iter_0055.npy. 
Iter 0056 | Energy: -78.091333 | Delta: 8.06e-02 | M: 47.0245 | Path: GPU-cuStateVec MPI-distributed (4 ranks)
Iter 0057 | Energy: -78.119199 | Delta: 2.79e-02 | M: 43.0895 | Path: GPU-cuStateVec MPI-distributed (4 ranks)
Iter 0058 | Energy: -78.210017 | Delta: 9.08e-02 | M: 45.1754 | Path: GPU-cuStateVec MPI-distributed (4 ranks)
Iter 0059 | Energy: -78.334762 | Delta: 1.25e-01 | M: 56.2604 | Path: GPU-cuStateVec MPI-distributed (4 ranks)
Iter 0060 | Energy: -78.409454 | Delta: 7.47e-02 | M: 40.7382 | Path: GPU-cuStateVec MPI-distributed (4 ranks)
[RESILIENCE] Iteration 60: Global theta state checkpointed at path checkpoints/H2O/checkpoint_iter_0060.npy. 
Iter 0061 | Energy: -78.489287 | Delta: 7.98e-02 | M: 50.1913 | Path: GPU-cuStateVec MPI-distributed (4 ranks)
Iter 0062 | Energy: -78.535080 | Delta: 4.58e-02 | M: 32.2198 | Path: GPU-cuStateVec MPI-distributed (4 ranks)
Iter 0063 | Energy: -78.601259 | Delta: 6.62e-02 | M: 23.8742 | Path: GPU-cuStateVec MPI-distributed (4 ranks)
Iter 0064 | Energy: -78.816412 | Delta: 2.15e-01 | M: 23.6072 | Path: GPU-cuStateVec MPI-distributed (4 ranks)
Iter 0065 | Energy: -78.885010 | Delta: 6.86e-02 | M: 24.8071 | Path: GPU-cuStateVec MPI-distributed (4 ranks)
[RESILIENCE] Iteration 65: Global theta state checkpointed at path checkpoints/H2O/checkpoint_iter_0065.npy. 
Iter 0066 | Energy: -79.011539 | Delta: 1.27e-01 | M: 26.2630 | Path: GPU-cuStateVec MPI-distributed (4 ranks)
Iter 0067 | Energy: -79.012091 | Delta: 5.51e-04 | M: 23.2061 | Path: GPU-cuStateVec MPI-distributed (4 ranks)
Iter 0068 | Energy: -79.039318 | Delta: 2.72e-02 | M: 30.2913 | Path: GPU-cuStateVec MPI-distributed (4 ranks)
Iter 0069 | Energy: -79.285657 | Delta: 2.46e-01 | M: 37.6690 | Path: GPU-cuStateVec MPI-distributed (4 ranks)
Iter 0070 | Energy: -79.273292 | Delta: 1.24e-02 | M: 24.0762 | Path: GPU-cuStateVec MPI-distributed (4 ranks)
[RESILIENCE] Iteration 70: Global theta state checkpointed at path checkpoints/H2O/checkpoint_iter_0070.npy. 
Iter 0071 | Energy: -79.275286 | Delta: 1.99e-03 | M: 21.8216 | Path: GPU-cuStateVec MPI-distributed (4 ranks)
Iter 0072 | Energy: -79.356840 | Delta: 8.16e-02 | M: 20.3133 | Path: GPU-cuStateVec MPI-distributed (4 ranks)
Iter 0073 | Energy: -79.365608 | Delta: 8.77e-03 | M: 22.2268 | Path: GPU-cuStateVec MPI-distributed (4 ranks)
Iter 0074 | Energy: -79.361994 | Delta: 3.61e-03 | M: 21.3408 | Path: GPU-cuStateVec MPI-distributed (4 ranks)
Iter 0075 | Energy: -79.475059 | Delta: 1.13e-01 | M: 36.6907 | Path: GPU-cuStateVec MPI-distributed (4 ranks)
[RESILIENCE] Iteration 75: Global theta state checkpointed at path checkpoints/H2O/checkpoint_iter_0075.npy. 
Iter 0076 | Energy: -79.496683 | Delta: 2.16e-02 | M: 43.8746 | Path: GPU-cuStateVec MPI-distributed (4 ranks)
Iter 0077 | Energy: -79.669545 | Delta: 1.73e-01 | M: 23.9940 | Path: GPU-cuStateVec MPI-distributed (4 ranks)
Iter 0078 | Energy: -79.678745 | Delta: 9.20e-03 | M: 35.9395 | Path: GPU-cuStateVec MPI-distributed (4 ranks)
Iter 0079 | Energy: -79.692223 | Delta: 1.35e-02 | M: 27.7105 | Path: GPU-cuStateVec MPI-distributed (4 ranks)
Iter 0080 | Energy: -79.684103 | Delta: 8.12e-03 | M: 32.6249 | Path: GPU-cuStateVec MPI-distributed (4 ranks)
[RESILIENCE] Iteration 80: Global theta state checkpointed at path checkpoints/H2O/checkpoint_iter_0080.npy. 
Iter 0081 | Energy: -79.777753 | Delta: 9.37e-02 | M: 29.6336 | Path: GPU-cuStateVec MPI-distributed (4 ranks)
Iter 0082 | Energy: -79.801871 | Delta: 2.41e-02 | M: 39.9980 | Path: GPU-cuStateVec MPI-distributed (4 ranks)
Iter 0083 | Energy: -79.857525 | Delta: 5.57e-02 | M: 24.2028 | Path: GPU-cuStateVec MPI-distributed (4 ranks)
Iter 0084 | Energy: -79.865546 | Delta: 8.02e-03 | M: 26.6932 | Path: GPU-cuStateVec MPI-distributed (4 ranks)
Iter 0085 | Energy: -79.864275 | Delta: 1.27e-03 | M: 31.4603 | Path: GPU-cuStateVec MPI-distributed (4 ranks)
[RESILIENCE] Iteration 85: Global theta state checkpointed at path checkpoints/H2O/checkpoint_iter_0085.npy. 
Iter 0086 | Energy: -79.858531 | Delta: 5.74e-03 | M: 41.6705 | Path: GPU-cuStateVec MPI-distributed (4 ranks)
Iter 0087 | Energy: -79.885583 | Delta: 2.71e-02 | M: 31.2526 | Path: GPU-cuStateVec MPI-distributed (4 ranks)
Iter 0088 | Energy: -79.915755 | Delta: 3.02e-02 | M: 35.3470 | Path: GPU-cuStateVec MPI-distributed (4 ranks)
Iter 0089 | Energy: -79.911209 | Delta: 4.55e-03 | M: 41.6133 | Path: GPU-cuStateVec MPI-distributed (4 ranks)
Iter 0090 | Energy: -80.009208 | Delta: 9.80e-02 | M: 38.5783 | Path: GPU-cuStateVec MPI-distributed (4 ranks)
[RESILIENCE] Iteration 90: Global theta state checkpointed at path checkpoints/H2O/checkpoint_iter_0090.npy. 
Iter 0091 | Energy: -80.047342 | Delta: 3.81e-02 | M: 35.0366 | Path: GPU-cuStateVec MPI-distributed (4 ranks)
Iter 0092 | Energy: -80.064039 | Delta: 1.67e-02 | M: 45.5275 | Path: GPU-cuStateVec MPI-distributed (4 ranks)
Iter 0093 | Energy: -80.078583 | Delta: 1.45e-02 | M: 22.5366 | Path: GPU-cuStateVec MPI-distributed (4 ranks)
Iter 0094 | Energy: -80.122022 | Delta: 4.34e-02 | M: 43.7303 | Path: GPU-cuStateVec MPI-distributed (4 ranks)
Iter 0095 | Energy: -80.104013 | Delta: 1.80e-02 | M: 28.4122 | Path: GPU-cuStateVec MPI-distributed (4 ranks)
[RESILIENCE] Iteration 95: Global theta state checkpointed at path checkpoints/H2O/checkpoint_iter_0095.npy. 
Iter 0096 | Energy: -80.102728 | Delta: 1.29e-03 | M: 23.8176 | Path: GPU-cuStateVec MPI-distributed (4 ranks)
Iter 0097 | Energy: -80.120782 | Delta: 1.81e-02 | M: 41.2847 | Path: GPU-cuStateVec MPI-distributed (4 ranks)
Iter 0098 | Energy: -80.137925 | Delta: 1.71e-02 | M: 46.7106 | Path: GPU-cuStateVec MPI-distributed (4 ranks)
Iter 0099 | Energy: -80.160162 | Delta: 2.22e-02 | M: 25.1139 | Path: GPU-cuStateVec MPI-distributed (4 ranks)
Iter 0100 | Energy: -80.183386 | Delta: 2.32e-02 | M: 35.5427 | Path: GPU-cuStateVec MPI-distributed (4 ranks)
[RESILIENCE] Iteration 100: Global theta state checkpointed at path checkpoints/H2O/checkpoint_iter_0100.npy. 
Iter 0101 | Energy: -80.229441 | Delta: 4.61e-02 | M: 24.7110 | Path: GPU-cuStateVec MPI-distributed (4 ranks)
Iter 0102 | Energy: -80.271818 | Delta: 4.24e-02 | M: 23.4061 | Path: GPU-cuStateVec MPI-distributed (4 ranks)
Iter 0103 | Energy: -80.294274 | Delta: 2.25e-02 | M: 44.5704 | Path: GPU-cuStateVec MPI-distributed (4 ranks)
Iter 0104 | Energy: -80.319048 | Delta: 2.48e-02 | M: 39.7534 | Path: GPU-cuStateVec MPI-distributed (4 ranks)
Iter 0105 | Energy: -80.357329 | Delta: 3.83e-02 | M: 22.6831 | Path: GPU-cuStateVec MPI-distributed (4 ranks)
[RESILIENCE] Iteration 105: Global theta state checkpointed at path checkpoints/H2O/checkpoint_iter_0105.npy. 
Iter 0106 | Energy: -80.375310 | Delta: 1.80e-02 | M: 49.1038 | Path: GPU-cuStateVec MPI-distributed (4 ranks)
Iter 0107 | Energy: -80.363953 | Delta: 1.14e-02 | M: 37.1284 | Path: GPU-cuStateVec MPI-distributed (4 ranks)
Iter 0108 | Energy: -80.409255 | Delta: 4.53e-02 | M: 25.6262 | Path: GPU-cuStateVec MPI-distributed (4 ranks)
Iter 0109 | Energy: -80.440130 | Delta: 3.09e-02 | M: 45.9647 | Path: GPU-cuStateVec MPI-distributed (4 ranks)
Iter 0110 | Energy: -80.432970 | Delta: 7.16e-03 | M: 44.1656 | Path: GPU-cuStateVec MPI-distributed (4 ranks)
[RESILIENCE] Iteration 110: Global theta state checkpointed at path checkpoints/H2O/checkpoint_iter_0110.npy. 
Iter 0111 | Energy: -80.450021 | Delta: 1.71e-02 | M: 41.0367 | Path: GPU-cuStateVec MPI-distributed (4 ranks)
Iter 0112 | Energy: -80.448529 | Delta: 1.49e-03 | M: 36.4001 | Path: GPU-cuStateVec MPI-distributed (4 ranks)
Iter 0113 | Energy: -80.456080 | Delta: 7.55e-03 | M: 45.8498 | Path: GPU-cuStateVec MPI-distributed (4 ranks)
Iter 0114 | Energy: -80.512582 | Delta: 5.65e-02 | M: 34.5499 | Path: GPU-cuStateVec MPI-distributed (4 ranks)
Iter 0115 | Energy: -80.493532 | Delta: 1.91e-02 | M: 77.0678 | Path: GPU-cuStateVec MPI-distributed (4 ranks)
[RESILIENCE] Iteration 115: Global theta state checkpointed at path checkpoints/H2O/checkpoint_iter_0115.npy. 
Iter 0116 | Energy: -80.497291 | Delta: 3.76e-03 | M: 34.1093 | Path: GPU-cuStateVec MPI-distributed (4 ranks)
Iter 0117 | Energy: -80.511304 | Delta: 1.40e-02 | M: 41.3813 | Path: GPU-cuStateVec MPI-distributed (4 ranks)
Iter 0118 | Energy: -80.563333 | Delta: 5.20e-02 | M: 43.3079 | Path: GPU-cuStateVec MPI-distributed (4 ranks)
Iter 0119 | Energy: -80.598274 | Delta: 3.49e-02 | M: 9883.6755 | Path: GPU-cuStateVec MPI-distributed (4 ranks)
Iter 0120 | Energy: -80.643509 | Delta: 4.52e-02 | M: 40.2244 | Path: GPU-cuStateVec MPI-distributed (4 ranks)
[RESILIENCE] Iteration 120: Global theta state checkpointed at path checkpoints/H2O/checkpoint_iter_0120.npy. 
Iter 0121 | Energy: -80.689600 | Delta: 4.61e-02 | M: 1111.0716 | Path: GPU-cuStateVec MPI-distributed (4 ranks)
Iter 0122 | Energy: -80.699466 | Delta: 9.87e-03 | M: 44.0367 | Path: GPU-cuStateVec MPI-distributed (4 ranks)
Iter 0123 | Energy: -80.738593 | Delta: 3.91e-02 | M: 52.8711 | Path: GPU-cuStateVec MPI-distributed (4 ranks)
Iter 0124 | Energy: -80.753004 | Delta: 1.44e-02 | M: 42.0111 | Path: GPU-cuStateVec MPI-distributed (4 ranks)
Iter 0125 | Energy: -80.755995 | Delta: 2.99e-03 | M: 45.8938 | Path: GPU-cuStateVec MPI-distributed (4 ranks)
[RESILIENCE] Iteration 125: Global theta state checkpointed at path checkpoints/H2O/checkpoint_iter_0125.npy. 
Iter 0126 | Energy: -80.737520 | Delta: 1.85e-02 | M: 40.3047 | Path: GPU-cuStateVec MPI-distributed (4 ranks)
Iter 0127 | Energy: -80.743128 | Delta: 5.61e-03 | M: 28.6091 | Path: GPU-cuStateVec MPI-distributed (4 ranks)
Iter 0128 | Energy: -80.763172 | Delta: 2.00e-02 | M: 43.3662 | Path: GPU-cuStateVec MPI-distributed (4 ranks)
Iter 0129 | Energy: -80.794106 | Delta: 3.09e-02 | M: 41.2193 | Path: GPU-cuStateVec MPI-distributed (4 ranks)
Iter 0130 | Energy: -80.777741 | Delta: 1.64e-02 | M: 32.2980 | Path: GPU-cuStateVec MPI-distributed (4 ranks)
[RESILIENCE] Iteration 130: Global theta state checkpointed at path checkpoints/H2O/checkpoint_iter_0130.npy. 
Iter 0131 | Energy: -80.782321 | Delta: 4.58e-03 | M: 31.8461 | Path: GPU-cuStateVec MPI-distributed (4 ranks)
Iter 0132 | Energy: -80.805593 | Delta: 2.33e-02 | M: 30.7955 | Path: GPU-cuStateVec MPI-distributed (4 ranks)
Iter 0133 | Energy: -80.822961 | Delta: 1.74e-02 | M: 35.0199 | Path: GPU-cuStateVec MPI-distributed (4 ranks)
Iter 0134 | Energy: -80.807614 | Delta: 1.53e-02 | M: 38.9711 | Path: GPU-cuStateVec MPI-distributed (4 ranks)
Iter 0135 | Energy: -80.812390 | Delta: 4.78e-03 | M: 36.8811 | Path: GPU-cuStateVec MPI-distributed (4 ranks)
[RESILIENCE] Iteration 135: Global theta state checkpointed at path checkpoints/H2O/checkpoint_iter_0135.npy. 
Iter 0136 | Energy: -80.809713 | Delta: 2.68e-03 | M: 42.0644 | Path: GPU-cuStateVec MPI-distributed (4 ranks)
Iter 0137 | Energy: -80.815385 | Delta: 5.67e-03 | M: 31.4625 | Path: GPU-cuStateVec MPI-distributed (4 ranks)
Iter 0138 | Energy: -80.831187 | Delta: 1.58e-02 | M: 37.8288 | Path: GPU-cuStateVec MPI-distributed (4 ranks)
Iter 0139 | Energy: -80.848581 | Delta: 1.74e-02 | M: 37.4318 | Path: GPU-cuStateVec MPI-distributed (4 ranks)
Iter 0140 | Energy: -80.843182 | Delta: 5.40e-03 | M: 31.5071 | Path: GPU-cuStateVec MPI-distributed (4 ranks)
[RESILIENCE] Iteration 140: Global theta state checkpointed at path checkpoints/H2O/checkpoint_iter_0140.npy. 
Iter 0141 | Energy: -80.850076 | Delta: 6.89e-03 | M: 35.3369 | Path: GPU-cuStateVec MPI-distributed (4 ranks)
Iter 0142 | Energy: -80.854803 | Delta: 4.73e-03 | M: 43.7487 | Path: GPU-cuStateVec MPI-distributed (4 ranks)
Iter 0143 | Energy: -80.840061 | Delta: 1.47e-02 | M: 27.1476 | Path: GPU-cuStateVec MPI-distributed (4 ranks)
Iter 0144 | Energy: -80.857683 | Delta: 1.76e-02 | M: 36.1029 | Path: GPU-cuStateVec MPI-distributed (4 ranks)
Iter 0145 | Energy: -80.877200 | Delta: 1.95e-02 | M: 31.0141 | Path: GPU-cuStateVec MPI-distributed (4 ranks)
[RESILIENCE] Iteration 145: Global theta state checkpointed at path checkpoints/H2O/checkpoint_iter_0145.npy. 
Iter 0146 | Energy: -80.897452 | Delta: 2.03e-02 | M: 37.2250 | Path: GPU-cuStateVec MPI-distributed (4 ranks)
Iter 0147 | Energy: -80.881467 | Delta: 1.60e-02 | M: 23.0518 | Path: GPU-cuStateVec MPI-distributed (4 ranks)
Iter 0148 | Energy: -80.877999 | Delta: 3.47e-03 | M: 22.2876 | Path: GPU-cuStateVec MPI-distributed (4 ranks)
Iter 0149 | Energy: -80.886314 | Delta: 8.31e-03 | M: 32.0386 | Path: GPU-cuStateVec MPI-distributed (4 ranks)
Iter 0150 | Energy: -80.893246 | Delta: 6.93e-03 | M: 43.2326 | Path: GPU-cuStateVec MPI-distributed (4 ranks)
[RESILIENCE] Iteration 150: Global theta state checkpointed at path checkpoints/H2O/checkpoint_iter_0150.npy. 
Iter 0151 | Energy: -80.889765 | Delta: 3.48e-03 | M: 50.4626 | Path: GPU-cuStateVec MPI-distributed (4 ranks)
Iter 0152 | Energy: -80.885444 | Delta: 4.32e-03 | M: 30.9051 | Path: GPU-cuStateVec MPI-distributed (4 ranks)
Iter 0153 | Energy: -80.873523 | Delta: 1.19e-02 | M: 24.2173 | Path: GPU-cuStateVec MPI-distributed (4 ranks)
Iter 0154 | Energy: -80.908199 | Delta: 3.47e-02 | M: 20.4388 | Path: GPU-cuStateVec MPI-distributed (4 ranks)
Iter 0155 | Energy: -80.927730 | Delta: 1.95e-02 | M: 21.2641 | Path: GPU-cuStateVec MPI-distributed (4 ranks)
[RESILIENCE] Iteration 155: Global theta state checkpointed at path checkpoints/H2O/checkpoint_iter_0155.npy. 
Iter 0156 | Energy: -80.988069 | Delta: 6.03e-02 | M: 50.0583 | Path: GPU-cuStateVec MPI-distributed (4 ranks)
Iter 0157 | Energy: -80.976269 | Delta: 1.18e-02 | M: 33.5394 | Path: GPU-cuStateVec MPI-distributed (4 ranks)
Iter 0158 | Energy: -80.991528 | Delta: 1.53e-02 | M: 30.9563 | Path: GPU-cuStateVec MPI-distributed (4 ranks)
Iter 0159 | Energy: -81.004407 | Delta: 1.29e-02 | M: 21.3627 | Path: GPU-cuStateVec MPI-distributed (4 ranks)
Iter 0160 | Energy: -81.002063 | Delta: 2.34e-03 | M: 22.4289 | Path: GPU-cuStateVec MPI-distributed (4 ranks)
[RESILIENCE] Iteration 160: Global theta state checkpointed at path checkpoints/H2O/checkpoint_iter_0160.npy. 
Iter 0161 | Energy: -81.004366 | Delta: 2.30e-03 | M: 45.7553 | Path: GPU-cuStateVec MPI-distributed (4 ranks)
Iter 0162 | Energy: -81.021457 | Delta: 1.71e-02 | M: 35.4671 | Path: GPU-cuStateVec MPI-distributed (4 ranks)
Iter 0163 | Energy: -81.042859 | Delta: 2.14e-02 | M: 24.2678 | Path: GPU-cuStateVec MPI-distributed (4 ranks)
Iter 0164 | Energy: -81.027113 | Delta: 1.57e-02 | M: 43.5802 | Path: GPU-cuStateVec MPI-distributed (4 ranks)
Iter 0165 | Energy: -81.034085 | Delta: 6.97e-03 | M: 41.3905 | Path: GPU-cuStateVec MPI-distributed (4 ranks)
[RESILIENCE] Iteration 165: Global theta state checkpointed at path checkpoints/H2O/checkpoint_iter_0165.npy. 
Iter 0166 | Energy: -81.045355 | Delta: 1.13e-02 | M: 22.5793 | Path: GPU-cuStateVec MPI-distributed (4 ranks)
Iter 0167 | Energy: -81.088641 | Delta: 4.33e-02 | M: 28.4993 | Path: GPU-cuStateVec MPI-distributed (4 ranks)
Iter 0168 | Energy: -81.085161 | Delta: 3.48e-03 | M: 41.7045 | Path: GPU-cuStateVec MPI-distributed (4 ranks)
Iter 0169 | Energy: -81.058858 | Delta: 2.63e-02 | M: 31.5454 | Path: GPU-cuStateVec MPI-distributed (4 ranks)
Iter 0170 | Energy: -81.088997 | Delta: 3.01e-02 | M: 39.2809 | Path: GPU-cuStateVec MPI-distributed (4 ranks)
[RESILIENCE] Iteration 170: Global theta state checkpointed at path checkpoints/H2O/checkpoint_iter_0170.npy. 
Iter 0171 | Energy: -81.080668 | Delta: 8.33e-03 | M: 40.3961 | Path: GPU-cuStateVec MPI-distributed (4 ranks)
Iter 0172 | Energy: -81.094563 | Delta: 1.39e-02 | M: 24.8195 | Path: GPU-cuStateVec MPI-distributed (4 ranks)
Iter 0173 | Energy: -81.082457 | Delta: 1.21e-02 | M: 37.0003 | Path: GPU-cuStateVec MPI-distributed (4 ranks)
Iter 0174 | Energy: -81.083848 | Delta: 1.39e-03 | M: 41.8750 | Path: GPU-cuStateVec MPI-distributed (4 ranks)
Iter 0175 | Energy: -81.080585 | Delta: 3.26e-03 | M: 30.4199 | Path: GPU-cuStateVec MPI-distributed (4 ranks)
[RESILIENCE] Iteration 175: Global theta state checkpointed at path checkpoints/H2O/checkpoint_iter_0175.npy. 
Iter 0176 | Energy: -81.082875 | Delta: 2.29e-03 | M: 30.9177 | Path: GPU-cuStateVec MPI-distributed (4 ranks)
Iter 0177 | Energy: -81.129663 | Delta: 4.68e-02 | M: 23.2659 | Path: GPU-cuStateVec MPI-distributed (4 ranks)
Iter 0178 | Energy: -81.080355 | Delta: 4.93e-02 | M: 21.5618 | Path: GPU-cuStateVec MPI-distributed (4 ranks)
Iter 0179 | Energy: -81.076434 | Delta: 3.92e-03 | M: 44.0673 | Path: GPU-cuStateVec MPI-distributed (4 ranks)
Iter 0180 | Energy: -81.091522 | Delta: 1.51e-02 | M: 39.8539 | Path: GPU-cuStateVec MPI-distributed (4 ranks)
[RESILIENCE] Iteration 180: Global theta state checkpointed at path checkpoints/H2O/checkpoint_iter_0180.npy. 
Iter 0181 | Energy: -81.139127 | Delta: 4.76e-02 | M: 41.5700 | Path: GPU-cuStateVec MPI-distributed (4 ranks)
Iter 0182 | Energy: -81.166630 | Delta: 2.75e-02 | M: 37.1809 | Path: GPU-cuStateVec MPI-distributed (4 ranks)
Iter 0183 | Energy: -81.197747 | Delta: 3.11e-02 | M: 41.7451 | Path: GPU-cuStateVec MPI-distributed (4 ranks)
Iter 0184 | Energy: -81.165560 | Delta: 3.22e-02 | M: 60.0104 | Path: GPU-cuStateVec MPI-distributed (4 ranks)
Iter 0185 | Energy: -81.164848 | Delta: 7.12e-04 | M: 39.5771 | Path: GPU-cuStateVec MPI-distributed (4 ranks)
[RESILIENCE] Iteration 185: Global theta state checkpointed at path checkpoints/H2O/checkpoint_iter_0185.npy. 
Iter 0186 | Energy: -81.175867 | Delta: 1.10e-02 | M: 31.9190 | Path: GPU-cuStateVec MPI-distributed (4 ranks)
Iter 0187 | Energy: -81.205258 | Delta: 2.94e-02 | M: 42.8093 | Path: GPU-cuStateVec MPI-distributed (4 ranks)
Iter 0188 | Energy: -81.206541 | Delta: 1.28e-03 | M: 34.7350 | Path: GPU-cuStateVec MPI-distributed (4 ranks)
Iter 0189 | Energy: -81.214902 | Delta: 8.36e-03 | M: 47.3551 | Path: GPU-cuStateVec MPI-distributed (4 ranks)
Iter 0190 | Energy: -81.222216 | Delta: 7.31e-03 | M: 24.5672 | Path: GPU-cuStateVec MPI-distributed (4 ranks)
[RESILIENCE] Iteration 190: Global theta state checkpointed at path checkpoints/H2O/checkpoint_iter_0190.npy. 
Iter 0191 | Energy: -81.230905 | Delta: 8.69e-03 | M: 43.2239 | Path: GPU-cuStateVec MPI-distributed (4 ranks)
Iter 0192 | Energy: -81.224451 | Delta: 6.45e-03 | M: 35.5295 | Path: GPU-cuStateVec MPI-distributed (4 ranks)
Iter 0193 | Energy: -81.247403 | Delta: 2.30e-02 | M: 30.2419 | Path: GPU-cuStateVec MPI-distributed (4 ranks)
Iter 0194 | Energy: -81.260941 | Delta: 1.35e-02 | M: 35.4248 | Path: GPU-cuStateVec MPI-distributed (4 ranks)
Iter 0195 | Energy: -81.244987 | Delta: 1.60e-02 | M: 51.1287 | Path: GPU-cuStateVec MPI-distributed (4 ranks)
[RESILIENCE] Iteration 195: Global theta state checkpointed at path checkpoints/H2O/checkpoint_iter_0195.npy. 
Iter 0196 | Energy: -81.265512 | Delta: 2.05e-02 | M: 27.8170 | Path: GPU-cuStateVec MPI-distributed (4 ranks)
Iter 0197 | Energy: -81.280975 | Delta: 1.55e-02 | M: 26.9628 | Path: GPU-cuStateVec MPI-distributed (4 ranks)
Iter 0198 | Energy: -81.249793 | Delta: 3.12e-02 | M: 24.3902 | Path: GPU-cuStateVec MPI-distributed (4 ranks)
Iter 0199 | Energy: -81.261414 | Delta: 1.16e-02 | M: 24.8902 | Path: GPU-cuStateVec MPI-distributed (4 ranks)
Iter 0200 | Energy: -81.339699 | Delta: 7.83e-02 | M: 26.4362 | Path: GPU-cuStateVec MPI-distributed (4 ranks)
[RESILIENCE] Iteration 200: Global theta state checkpointed at path checkpoints/H2O/checkpoint_iter_0200.npy. 
Iter 0201 | Energy: -81.352753 | Delta: 1.31e-02 | M: 11032.9746 | Path: GPU-cuStateVec MPI-distributed (4 ranks)
Iter 0202 | Energy: -81.381257 | Delta: 2.85e-02 | M: 50.9139 | Path: GPU-cuStateVec MPI-distributed (4 ranks)
Iter 0203 | Energy: -81.363937 | Delta: 1.73e-02 | M: 31.9116 | Path: GPU-cuStateVec MPI-distributed (4 ranks)
Iter 0204 | Energy: -81.381442 | Delta: 1.75e-02 | M: 46.3980 | Path: GPU-cuStateVec MPI-distributed (4 ranks)
Iter 0205 | Energy: -81.378656 | Delta: 2.79e-03 | M: 32.1942 | Path: GPU-cuStateVec MPI-distributed (4 ranks)
[RESILIENCE] Iteration 205: Global theta state checkpointed at path checkpoints/H2O/checkpoint_iter_0205.npy. 
Iter 0206 | Energy: -81.419491 | Delta: 4.08e-02 | M: 34.3560 | Path: GPU-cuStateVec MPI-distributed (4 ranks)
Iter 0207 | Energy: -81.402854 | Delta: 1.66e-02 | M: 34.2371 | Path: GPU-cuStateVec MPI-distributed (4 ranks)
Iter 0208 | Energy: -81.395738 | Delta: 7.12e-03 | M: 28.0913 | Path: GPU-cuStateVec MPI-distributed (4 ranks)
Iter 0209 | Energy: -81.471360 | Delta: 7.56e-02 | M: 10800.8139 | Path: GPU-cuStateVec MPI-distributed (4 ranks)
Iter 0210 | Energy: -81.425577 | Delta: 4.58e-02 | M: 24.8128 | Path: GPU-cuStateVec MPI-distributed (4 ranks)
[RESILIENCE] Iteration 210: Global theta state checkpointed at path checkpoints/H2O/checkpoint_iter_0210.npy. 
Iter 0211 | Energy: -81.469958 | Delta: 4.44e-02 | M: 47.7234 | Path: GPU-cuStateVec MPI-distributed (4 ranks)
Iter 0212 | Energy: -81.492111 | Delta: 2.22e-02 | M: 24.2712 | Path: GPU-cuStateVec MPI-distributed (4 ranks)
Iter 0213 | Energy: -81.495311 | Delta: 3.20e-03 | M: 48.0945 | Path: GPU-cuStateVec MPI-distributed (4 ranks)
Iter 0214 | Energy: -81.481538 | Delta: 1.38e-02 | M: 23.6143 | Path: GPU-cuStateVec MPI-distributed (4 ranks)
Iter 0215 | Energy: -81.500634 | Delta: 1.91e-02 | M: 24.9523 | Path: GPU-cuStateVec MPI-distributed (4 ranks)
[RESILIENCE] Iteration 215: Global theta state checkpointed at path checkpoints/H2O/checkpoint_iter_0215.npy. 
Iter 0216 | Energy: -81.499632 | Delta: 1.00e-03 | M: 47.7700 | Path: GPU-cuStateVec MPI-distributed (4 ranks)
Iter 0217 | Energy: -81.527269 | Delta: 2.76e-02 | M: 40.6638 | Path: GPU-cuStateVec MPI-distributed (4 ranks)
Iter 0218 | Energy: -81.499978 | Delta: 2.73e-02 | M: 39.4731 | Path: GPU-cuStateVec MPI-distributed (4 ranks)
Iter 0219 | Energy: -81.530504 | Delta: 3.05e-02 | M: 24.4727 | Path: GPU-cuStateVec MPI-distributed (4 ranks)
Iter 0220 | Energy: -81.508814 | Delta: 2.17e-02 | M: 35.6614 | Path: GPU-cuStateVec MPI-distributed (4 ranks)
[RESILIENCE] Iteration 220: Global theta state checkpointed at path checkpoints/H2O/checkpoint_iter_0220.npy. 
Iter 0221 | Energy: -81.517097 | Delta: 8.28e-03 | M: 36.4953 | Path: GPU-cuStateVec MPI-distributed (4 ranks)
Iter 0222 | Energy: -81.494043 | Delta: 2.31e-02 | M: 26.6285 | Path: GPU-cuStateVec MPI-distributed (4 ranks)
Iter 0223 | Energy: -81.522564 | Delta: 2.85e-02 | M: 45.5945 | Path: GPU-cuStateVec MPI-distributed (4 ranks)
Iter 0224 | Energy: -81.539991 | Delta: 1.74e-02 | M: 36.8490 | Path: GPU-cuStateVec MPI-distributed (4 ranks)
Iter 0225 | Energy: -81.529568 | Delta: 1.04e-02 | M: 10546.4254 | Path: GPU-cuStateVec MPI-distributed (4 ranks)
[RESILIENCE] Iteration 225: Global theta state checkpointed at path checkpoints/H2O/checkpoint_iter_0225.npy. 
Iter 0226 | Energy: -81.519777 | Delta: 9.79e-03 | M: 48.5919 | Path: GPU-cuStateVec MPI-distributed (4 ranks)
Iter 0227 | Energy: -81.567383 | Delta: 4.76e-02 | M: 24.6737 | Path: GPU-cuStateVec MPI-distributed (4 ranks)
Iter 0228 | Energy: -81.545138 | Delta: 2.22e-02 | M: 41.7859 | Path: GPU-cuStateVec MPI-distributed (4 ranks)
Iter 0229 | Energy: -81.563608 | Delta: 1.85e-02 | M: 38.0201 | Path: GPU-cuStateVec MPI-distributed (4 ranks)
Iter 0230 | Energy: -81.576557 | Delta: 1.29e-02 | M: 39.1725 | Path: GPU-cuStateVec MPI-distributed (4 ranks)
[RESILIENCE] Iteration 230: Global theta state checkpointed at path checkpoints/H2O/checkpoint_iter_0230.npy. 
Iter 0231 | Energy: -81.570303 | Delta: 6.25e-03 | M: 52.4443 | Path: GPU-cuStateVec MPI-distributed (4 ranks)
Iter 0232 | Energy: -81.552353 | Delta: 1.80e-02 | M: 72.0203 | Path: GPU-cuStateVec MPI-distributed (4 ranks)
Iter 0233 | Energy: -81.552680 | Delta: 3.27e-04 | M: 33.1699 | Path: GPU-cuStateVec MPI-distributed (4 ranks)
Iter 0234 | Energy: -81.553752 | Delta: 1.07e-03 | M: 43.1613 | Path: GPU-cuStateVec MPI-distributed (4 ranks)
Iter 0235 | Energy: -81.604538 | Delta: 5.08e-02 | M: 9584.8871 | Path: GPU-cuStateVec MPI-distributed (4 ranks)
[RESILIENCE] Iteration 235: Global theta state checkpointed at path checkpoints/H2O/checkpoint_iter_0235.npy. 
Iter 0236 | Energy: -81.596457 | Delta: 8.08e-03 | M: 43.9921 | Path: GPU-cuStateVec MPI-distributed (4 ranks)
Iter 0237 | Energy: -81.597760 | Delta: 1.30e-03 | M: 11265.9300 | Path: GPU-cuStateVec MPI-distributed (4 ranks)
Iter 0238 | Energy: -81.595491 | Delta: 2.27e-03 | M: 39.6939 | Path: GPU-cuStateVec MPI-distributed (4 ranks)
Iter 0239 | Energy: -81.583568 | Delta: 1.19e-02 | M: 23.6351 | Path: GPU-cuStateVec MPI-distributed (4 ranks)
Iter 0240 | Energy: -81.539408 | Delta: 4.42e-02 | M: 28.4373 | Path: GPU-cuStateVec MPI-distributed (4 ranks)
[RESILIENCE] Iteration 240: Global theta state checkpointed at path checkpoints/H2O/checkpoint_iter_0240.npy. 
Iter 0241 | Energy: -81.614240 | Delta: 7.48e-02 | M: 32.7475 | Path: GPU-cuStateVec MPI-distributed (4 ranks)
Iter 0242 | Energy: -81.626914 | Delta: 1.27e-02 | M: 33.8805 | Path: GPU-cuStateVec MPI-distributed (4 ranks)
Iter 0243 | Energy: -81.627118 | Delta: 2.04e-04 | M: 54.0872 | Path: GPU-cuStateVec MPI-distributed (4 ranks)
Iter 0244 | Energy: -81.634327 | Delta: 7.21e-03 | M: 34.8477 | Path: GPU-cuStateVec MPI-distributed (4 ranks)
Iter 0245 | Energy: -81.607690 | Delta: 2.66e-02 | M: 56.5760 | Path: GPU-cuStateVec MPI-distributed (4 ranks)
[RESILIENCE] Iteration 245: Global theta state checkpointed at path checkpoints/H2O/checkpoint_iter_0245.npy. 
Iter 0246 | Energy: -81.604656 | Delta: 3.03e-03 | M: 37.3226 | Path: GPU-cuStateVec MPI-distributed (4 ranks)
Iter 0247 | Energy: -81.626329 | Delta: 2.17e-02 | M: 43.1234 | Path: GPU-cuStateVec MPI-distributed (4 ranks)
Iter 0248 | Energy: -81.603155 | Delta: 2.32e-02 | M: 40.1605 | Path: GPU-cuStateVec MPI-distributed (4 ranks)
Iter 0249 | Energy: -81.611535 | Delta: 8.38e-03 | M: 36.5546 | Path: GPU-cuStateVec MPI-distributed (4 ranks)
Iter 0250 | Energy: -81.589812 | Delta: 2.17e-02 | M: 45.5798 | Path: GPU-cuStateVec MPI-distributed (4 ranks)
[RESILIENCE] Iteration 250: Global theta state checkpointed at path checkpoints/H2O/checkpoint_iter_0250.npy. 
Iter 0251 | Energy: -81.601412 | Delta: 1.16e-02 | M: 48.5961 | Path: GPU-cuStateVec MPI-distributed (4 ranks)
Iter 0252 | Energy: -81.641519 | Delta: 4.01e-02 | M: 39.2951 | Path: GPU-cuStateVec MPI-distributed (4 ranks)
Iter 0253 | Energy: -81.644521 | Delta: 3.00e-03 | M: 27.3006 | Path: GPU-cuStateVec MPI-distributed (4 ranks)
Iter 0254 | Energy: -81.647648 | Delta: 3.13e-03 | M: 40.0714 | Path: GPU-cuStateVec MPI-distributed (4 ranks)
Iter 0255 | Energy: -81.669551 | Delta: 2.19e-02 | M: 56.9828 | Path: GPU-cuStateVec MPI-distributed (4 ranks)
[RESILIENCE] Iteration 255: Global theta state checkpointed at path checkpoints/H2O/checkpoint_iter_0255.npy. 
Iter 0256 | Energy: -81.642656 | Delta: 2.69e-02 | M: 64.0516 | Path: GPU-cuStateVec MPI-distributed (4 ranks)
Iter 0257 | Energy: -81.661540 | Delta: 1.89e-02 | M: 41.1722 | Path: GPU-cuStateVec MPI-distributed (4 ranks)
Iter 0258 | Energy: -81.635558 | Delta: 2.60e-02 | M: 40.0903 | Path: GPU-cuStateVec MPI-distributed (4 ranks)
Iter 0259 | Energy: -81.646889 | Delta: 1.13e-02 | M: 32.5822 | Path: GPU-cuStateVec MPI-distributed (4 ranks)
Iter 0260 | Energy: -81.667783 | Delta: 2.09e-02 | M: 27.9253 | Path: GPU-cuStateVec MPI-distributed (4 ranks)
[RESILIENCE] Iteration 260: Global theta state checkpointed at path checkpoints/H2O/checkpoint_iter_0260.npy. 
Iter 0261 | Energy: -81.653751 | Delta: 1.40e-02 | M: 94.2505 | Path: GPU-cuStateVec MPI-distributed (4 ranks)
Iter 0262 | Energy: -81.643532 | Delta: 1.02e-02 | M: 62.2060 | Path: GPU-cuStateVec MPI-distributed (4 ranks)
Iter 0263 | Energy: -81.652660 | Delta: 9.13e-03 | M: 29.9643 | Path: GPU-cuStateVec MPI-distributed (4 ranks)
Iter 0264 | Energy: -81.668535 | Delta: 1.59e-02 | M: 30.0038 | Path: GPU-cuStateVec MPI-distributed (4 ranks)
Iter 0265 | Energy: -81.660970 | Delta: 7.57e-03 | M: 40.8210 | Path: GPU-cuStateVec MPI-distributed (4 ranks)
[RESILIENCE] Iteration 265: Global theta state checkpointed at path checkpoints/H2O/checkpoint_iter_0265.npy. 
Iter 0266 | Energy: -81.658931 | Delta: 2.04e-03 | M: 31.1624 | Path: GPU-cuStateVec MPI-distributed (4 ranks)
Iter 0267 | Energy: -81.678777 | Delta: 1.98e-02 | M: 35.3743 | Path: GPU-cuStateVec MPI-distributed (4 ranks)
Iter 0268 | Energy: -81.662393 | Delta: 1.64e-02 | M: 54.4076 | Path: GPU-cuStateVec MPI-distributed (4 ranks)
Iter 0269 | Energy: -81.668549 | Delta: 6.16e-03 | M: 59.6418 | Path: GPU-cuStateVec MPI-distributed (4 ranks)
Iter 0270 | Energy: -81.680847 | Delta: 1.23e-02 | M: 35.2305 | Path: GPU-cuStateVec MPI-distributed (4 ranks)
[RESILIENCE] Iteration 270: Global theta state checkpointed at path checkpoints/H2O/checkpoint_iter_0270.npy. 
Iter 0271 | Energy: -81.679264 | Delta: 1.58e-03 | M: 30.0024 | Path: GPU-cuStateVec MPI-distributed (4 ranks)
Iter 0272 | Energy: -81.738167 | Delta: 5.89e-02 | M: 77.1386 | Path: GPU-cuStateVec MPI-distributed (4 ranks)
Iter 0273 | Energy: -81.737073 | Delta: 1.09e-03 | M: 54.7510 | Path: GPU-cuStateVec MPI-distributed (4 ranks)
Iter 0274 | Energy: -81.736450 | Delta: 6.22e-04 | M: 80.1566 | Path: GPU-cuStateVec MPI-distributed (4 ranks)
Iter 0275 | Energy: -81.724928 | Delta: 1.15e-02 | M: 48.6856 | Path: GPU-cuStateVec MPI-distributed (4 ranks)
[RESILIENCE] Iteration 275: Global theta state checkpointed at path checkpoints/H2O/checkpoint_iter_0275.npy. 
Iter 0276 | Energy: -81.726763 | Delta: 1.83e-03 | M: 33.9516 | Path: GPU-cuStateVec MPI-distributed (4 ranks)
Iter 0277 | Energy: -81.715895 | Delta: 1.09e-02 | M: 46.8718 | Path: GPU-cuStateVec MPI-distributed (4 ranks)
Iter 0278 | Energy: -81.707092 | Delta: 8.80e-03 | M: 40.7250 | Path: GPU-cuStateVec MPI-distributed (4 ranks)
Iter 0279 | Energy: -81.717853 | Delta: 1.08e-02 | M: 36.6252 | Path: GPU-cuStateVec MPI-distributed (4 ranks)
Iter 0280 | Energy: -81.755703 | Delta: 3.79e-02 | M: 56.6474 | Path: GPU-cuStateVec MPI-distributed (4 ranks)
[RESILIENCE] Iteration 280: Global theta state checkpointed at path checkpoints/H2O/checkpoint_iter_0280.npy. 
Iter 0281 | Energy: -81.728785 | Delta: 2.69e-02 | M: 48.6801 | Path: GPU-cuStateVec MPI-distributed (4 ranks)
Iter 0282 | Energy: -81.734799 | Delta: 6.01e-03 | M: 35.8253 | Path: GPU-cuStateVec MPI-distributed (4 ranks)
Iter 0283 | Energy: -81.749227 | Delta: 1.44e-02 | M: 40.0325 | Path: GPU-cuStateVec MPI-distributed (4 ranks)
Iter 0284 | Energy: -81.772780 | Delta: 2.36e-02 | M: 32.9147 | Path: GPU-cuStateVec MPI-distributed (4 ranks)
Iter 0285 | Energy: -81.770935 | Delta: 1.84e-03 | M: 43.0489 | Path: GPU-cuStateVec MPI-distributed (4 ranks)
[RESILIENCE] Iteration 285: Global theta state checkpointed at path checkpoints/H2O/checkpoint_iter_0285.npy. 
Iter 0286 | Energy: -81.775716 | Delta: 4.78e-03 | M: 38.7348 | Path: GPU-cuStateVec MPI-distributed (4 ranks)
Iter 0287 | Energy: -81.756000 | Delta: 1.97e-02 | M: 33.6069 | Path: GPU-cuStateVec MPI-distributed (4 ranks)
Iter 0288 | Energy: -81.768804 | Delta: 1.28e-02 | M: 28.2696 | Path: GPU-cuStateVec MPI-distributed (4 ranks)
Iter 0289 | Energy: -81.769289 | Delta: 4.85e-04 | M: 41.7439 | Path: GPU-cuStateVec MPI-distributed (4 ranks)
Iter 0290 | Energy: -81.749158 | Delta: 2.01e-02 | M: 35.7752 | Path: GPU-cuStateVec MPI-distributed (4 ranks)
[RESILIENCE] Iteration 290: Global theta state checkpointed at path checkpoints/H2O/checkpoint_iter_0290.npy. 
Iter 0291 | Energy: -81.779142 | Delta: 3.00e-02 | M: 41.0468 | Path: GPU-cuStateVec MPI-distributed (4 ranks)
Iter 0292 | Energy: -81.805892 | Delta: 2.67e-02 | M: 64.0117 | Path: GPU-cuStateVec MPI-distributed (4 ranks)
Iter 0293 | Energy: -81.761939 | Delta: 4.40e-02 | M: 43.0848 | Path: GPU-cuStateVec MPI-distributed (4 ranks)
Iter 0294 | Energy: -81.748242 | Delta: 1.37e-02 | M: 20.8218 | Path: GPU-cuStateVec MPI-distributed (4 ranks)
Iter 0295 | Energy: -81.815484 | Delta: 6.72e-02 | M: 43.2325 | Path: GPU-cuStateVec MPI-distributed (4 ranks)
[RESILIENCE] Iteration 295: Global theta state checkpointed at path checkpoints/H2O/checkpoint_iter_0295.npy. 
Iter 0296 | Energy: -81.788284 | Delta: 2.72e-02 | M: 43.7667 | Path: GPU-cuStateVec MPI-distributed (4 ranks)
Iter 0297 | Energy: -81.825597 | Delta: 3.73e-02 | M: 30.6137 | Path: GPU-cuStateVec MPI-distributed (4 ranks)
Iter 0298 | Energy: -81.780525 | Delta: 4.51e-02 | M: 21.3467 | Path: GPU-cuStateVec MPI-distributed (4 ranks)
Iter 0299 | Energy: -81.818514 | Delta: 3.80e-02 | M: 25.2975 | Path: GPU-cuStateVec MPI-distributed (4 ranks)
Iter 0300 | Energy: -81.802495 | Delta: 1.60e-02 | M: 17.1356 | Path: GPU-cuStateVec MPI-distributed (4 ranks)
[RESILIENCE] Iteration 300: Global theta state checkpointed at path checkpoints/H2O/checkpoint_iter_0300.npy. 
Iter 0301 | Energy: -81.788004 | Delta: 1.45e-02 | M: 17.9181 | Path: GPU-cuStateVec MPI-distributed (4 ranks)
Iter 0302 | Energy: -81.831418 | Delta: 4.34e-02 | M: 29.6901 | Path: GPU-cuStateVec MPI-distributed (4 ranks)
Iter 0303 | Energy: -81.796097 | Delta: 3.53e-02 | M: 22.5920 | Path: GPU-cuStateVec MPI-distributed (4 ranks)
Iter 0304 | Energy: -81.831095 | Delta: 3.50e-02 | M: 61.0734 | Path: GPU-cuStateVec MPI-distributed (4 ranks)
Iter 0305 | Energy: -81.824221 | Delta: 6.87e-03 | M: 59.6750 | Path: GPU-cuStateVec MPI-distributed (4 ranks)
[RESILIENCE] Iteration 305: Global theta state checkpointed at path checkpoints/H2O/checkpoint_iter_0305.npy. 
Iter 0306 | Energy: -81.825950 | Delta: 1.73e-03 | M: 44.0217 | Path: GPU-cuStateVec MPI-distributed (4 ranks)
Iter 0307 | Energy: -81.823107 | Delta: 2.84e-03 | M: 45.0430 | Path: GPU-cuStateVec MPI-distributed (4 ranks)
Iter 0308 | Energy: -81.865125 | Delta: 4.20e-02 | M: 20.0147 | Path: GPU-cuStateVec MPI-distributed (4 ranks)
Iter 0309 | Energy: -81.853187 | Delta: 1.19e-02 | M: 77.7265 | Path: GPU-cuStateVec MPI-distributed (4 ranks)
Iter 0310 | Energy: -81.820604 | Delta: 3.26e-02 | M: 40.4548 | Path: GPU-cuStateVec MPI-distributed (4 ranks)
[RESILIENCE] Iteration 310: Global theta state checkpointed at path checkpoints/H2O/checkpoint_iter_0310.npy. 
Iter 0311 | Energy: -81.813092 | Delta: 7.51e-03 | M: 62.6008 | Path: GPU-cuStateVec MPI-distributed (4 ranks)
Iter 0312 | Energy: -81.859672 | Delta: 4.66e-02 | M: 26.6654 | Path: GPU-cuStateVec MPI-distributed (4 ranks)
Iter 0313 | Energy: -81.866910 | Delta: 7.24e-03 | M: 42.7972 | Path: GPU-cuStateVec MPI-distributed (4 ranks)
Iter 0314 | Energy: -81.813948 | Delta: 5.30e-02 | M: 21.0861 | Path: GPU-cuStateVec MPI-distributed (4 ranks)
Iter 0315 | Energy: -81.871259 | Delta: 5.73e-02 | M: 32.7509 | Path: GPU-cuStateVec MPI-distributed (4 ranks)
[RESILIENCE] Iteration 315: Global theta state checkpointed at path checkpoints/H2O/checkpoint_iter_0315.npy. 
Iter 0316 | Energy: -81.848193 | Delta: 2.31e-02 | M: 74.4858 | Path: GPU-cuStateVec MPI-distributed (4 ranks)
Iter 0317 | Energy: -81.851252 | Delta: 3.06e-03 | M: 77.6433 | Path: GPU-cuStateVec MPI-distributed (4 ranks)
Iter 0318 | Energy: -81.874142 | Delta: 2.29e-02 | M: 76.6404 | Path: GPU-cuStateVec MPI-distributed (4 ranks)
Iter 0319 | Energy: -81.843491 | Delta: 3.07e-02 | M: 28.9059 | Path: GPU-cuStateVec MPI-distributed (4 ranks)
Iter 0320 | Energy: -81.896523 | Delta: 5.30e-02 | M: 20.9699 | Path: GPU-cuStateVec MPI-distributed (4 ranks)
[RESILIENCE] Iteration 320: Global theta state checkpointed at path checkpoints/H2O/checkpoint_iter_0320.npy. 
Iter 0321 | Energy: -81.887431 | Delta: 9.09e-03 | M: 21.4634 | Path: GPU-cuStateVec MPI-distributed (4 ranks)
Iter 0322 | Energy: -81.870916 | Delta: 1.65e-02 | M: 22.4606 | Path: GPU-cuStateVec MPI-distributed (4 ranks)
Iter 0323 | Energy: -81.887959 | Delta: 1.70e-02 | M: 37.1100 | Path: GPU-cuStateVec MPI-distributed (4 ranks)
Iter 0324 | Energy: -81.884996 | Delta: 2.96e-03 | M: 24.9463 | Path: GPU-cuStateVec MPI-distributed (4 ranks)
Iter 0325 | Energy: -81.888693 | Delta: 3.70e-03 | M: 36.7421 | Path: GPU-cuStateVec MPI-distributed (4 ranks)
[RESILIENCE] Iteration 325: Global theta state checkpointed at path checkpoints/H2O/checkpoint_iter_0325.npy. 
Iter 0326 | Energy: -81.896278 | Delta: 7.58e-03 | M: 35.9435 | Path: GPU-cuStateVec MPI-distributed (4 ranks)
Iter 0327 | Energy: -81.889947 | Delta: 6.33e-03 | M: 24.8700 | Path: GPU-cuStateVec MPI-distributed (4 ranks)
Iter 0328 | Energy: -81.894939 | Delta: 4.99e-03 | M: 32.4154 | Path: GPU-cuStateVec MPI-distributed (4 ranks)
Iter 0329 | Energy: -81.913478 | Delta: 1.85e-02 | M: 70.0356 | Path: GPU-cuStateVec MPI-distributed (4 ranks)
Iter 0330 | Energy: -81.888263 | Delta: 2.52e-02 | M: 46.0583 | Path: GPU-cuStateVec MPI-distributed (4 ranks)
[RESILIENCE] Iteration 330: Global theta state checkpointed at path checkpoints/H2O/checkpoint_iter_0330.npy. 
Iter 0331 | Energy: -81.908885 | Delta: 2.06e-02 | M: 37.8668 | Path: GPU-cuStateVec MPI-distributed (4 ranks)
Iter 0332 | Energy: -81.895506 | Delta: 1.34e-02 | M: 42.1808 | Path: GPU-cuStateVec MPI-distributed (4 ranks)
Iter 0333 | Energy: -81.893470 | Delta: 2.04e-03 | M: 31.8137 | Path: GPU-cuStateVec MPI-distributed (4 ranks)
Iter 0334 | Energy: -81.921146 | Delta: 2.77e-02 | M: 53.2644 | Path: GPU-cuStateVec MPI-distributed (4 ranks)
Iter 0335 | Energy: -81.918628 | Delta: 2.52e-03 | M: 11431.0171 | Path: GPU-cuStateVec MPI-distributed (4 ranks)
[RESILIENCE] Iteration 335: Global theta state checkpointed at path checkpoints/H2O/checkpoint_iter_0335.npy. 
Iter 0336 | Energy: -81.901228 | Delta: 1.74e-02 | M: 41.6625 | Path: GPU-cuStateVec MPI-distributed (4 ranks)
Iter 0337 | Energy: -81.922197 | Delta: 2.10e-02 | M: 38.1426 | Path: GPU-cuStateVec MPI-distributed (4 ranks)
Iter 0338 | Energy: -81.925262 | Delta: 3.06e-03 | M: 36.8228 | Path: GPU-cuStateVec MPI-distributed (4 ranks)
Iter 0339 | Energy: -81.891844 | Delta: 3.34e-02 | M: 47.9627 | Path: GPU-cuStateVec MPI-distributed (4 ranks)
Iter 0340 | Energy: -81.911238 | Delta: 1.94e-02 | M: 22.8320 | Path: GPU-cuStateVec MPI-distributed (4 ranks)
[RESILIENCE] Iteration 340: Global theta state checkpointed at path checkpoints/H2O/checkpoint_iter_0340.npy. 
Iter 0341 | Energy: -81.907370 | Delta: 3.87e-03 | M: 10599.0681 | Path: GPU-cuStateVec MPI-distributed (4 ranks)
Iter 0342 | Energy: -81.899075 | Delta: 8.29e-03 | M: 54.1607 | Path: GPU-cuStateVec MPI-distributed (4 ranks)
Iter 0343 | Energy: -81.955807 | Delta: 5.67e-02 | M: 39.7313 | Path: GPU-cuStateVec MPI-distributed (4 ranks)
Iter 0344 | Energy: -81.931667 | Delta: 2.41e-02 | M: 20.7803 | Path: GPU-cuStateVec MPI-distributed (4 ranks)
Iter 0345 | Energy: -81.923262 | Delta: 8.41e-03 | M: 30.3163 | Path: GPU-cuStateVec MPI-distributed (4 ranks)
[RESILIENCE] Iteration 345: Global theta state checkpointed at path checkpoints/H2O/checkpoint_iter_0345.npy. 
Iter 0346 | Energy: -81.919535 | Delta: 3.73e-03 | M: 11585.3160 | Path: GPU-cuStateVec MPI-distributed (4 ranks)
Iter 0347 | Energy: -81.899976 | Delta: 1.96e-02 | M: 58.7660 | Path: GPU-cuStateVec MPI-distributed (4 ranks)
Iter 0348 | Energy: -81.922583 | Delta: 2.26e-02 | M: 39.6676 | Path: GPU-cuStateVec MPI-distributed (4 ranks)
Iter 0349 | Energy: -81.950147 | Delta: 2.76e-02 | M: 47.0874 | Path: GPU-cuStateVec MPI-distributed (4 ranks)
Iter 0350 | Energy: -81.905162 | Delta: 4.50e-02 | M: 36.8511 | Path: GPU-cuStateVec MPI-distributed (4 ranks)
[RESILIENCE] Iteration 350: Global theta state checkpointed at path checkpoints/H2O/checkpoint_iter_0350.npy. 
Iter 0351 | Energy: -81.935820 | Delta: 3.07e-02 | M: 24.9385 | Path: GPU-cuStateVec MPI-distributed (4 ranks)
Iter 0352 | Energy: -81.929109 | Delta: 6.71e-03 | M: 30.6437 | Path: GPU-cuStateVec MPI-distributed (4 ranks)
Iter 0353 | Energy: -81.951990 | Delta: 2.29e-02 | M: 50.7947 | Path: GPU-cuStateVec MPI-distributed (4 ranks)
Iter 0354 | Energy: -81.966523 | Delta: 1.45e-02 | M: 34.7629 | Path: GPU-cuStateVec MPI-distributed (4 ranks)
Iter 0355 | Energy: -81.941771 | Delta: 2.48e-02 | M: 29.1925 | Path: GPU-cuStateVec MPI-distributed (4 ranks)
[RESILIENCE] Iteration 355: Global theta state checkpointed at path checkpoints/H2O/checkpoint_iter_0355.npy. 
Iter 0356 | Energy: -81.955088 | Delta: 1.33e-02 | M: 41.1343 | Path: GPU-cuStateVec MPI-distributed (4 ranks)
Iter 0357 | Energy: -81.990144 | Delta: 3.51e-02 | M: 24.7160 | Path: GPU-cuStateVec MPI-distributed (4 ranks)
Iter 0358 | Energy: -82.002115 | Delta: 1.20e-02 | M: 27.8556 | Path: GPU-cuStateVec MPI-distributed (4 ranks)
Iter 0359 | Energy: -81.991110 | Delta: 1.10e-02 | M: 53.8345 | Path: GPU-cuStateVec MPI-distributed (4 ranks)
Iter 0360 | Energy: -81.973789 | Delta: 1.73e-02 | M: 28.5500 | Path: GPU-cuStateVec MPI-distributed (4 ranks)
[RESILIENCE] Iteration 360: Global theta state checkpointed at path checkpoints/H2O/checkpoint_iter_0360.npy. 
Iter 0361 | Energy: -82.008598 | Delta: 3.48e-02 | M: 37.5417 | Path: GPU-cuStateVec MPI-distributed (4 ranks)
Iter 0362 | Energy: -82.005093 | Delta: 3.51e-03 | M: 43.0627 | Path: GPU-cuStateVec MPI-distributed (4 ranks)
Iter 0363 | Energy: -81.976350 | Delta: 2.87e-02 | M: 26.0496 | Path: GPU-cuStateVec MPI-distributed (4 ranks)
Iter 0364 | Energy: -81.971230 | Delta: 5.12e-03 | M: 26.0751 | Path: GPU-cuStateVec MPI-distributed (4 ranks)
Iter 0365 | Energy: -82.020480 | Delta: 4.93e-02 | M: 41.0125 | Path: GPU-cuStateVec MPI-distributed (4 ranks)
[RESILIENCE] Iteration 365: Global theta state checkpointed at path checkpoints/H2O/checkpoint_iter_0365.npy. 
Iter 0366 | Energy: -82.016739 | Delta: 3.74e-03 | M: 46.9154 | Path: GPU-cuStateVec MPI-distributed (4 ranks)
Iter 0367 | Energy: -81.985297 | Delta: 3.14e-02 | M: 27.6867 | Path: GPU-cuStateVec MPI-distributed (4 ranks)
Iter 0368 | Energy: -81.995724 | Delta: 1.04e-02 | M: 35.3417 | Path: GPU-cuStateVec MPI-distributed (4 ranks)
Iter 0369 | Energy: -82.036569 | Delta: 4.08e-02 | M: 22.3997 | Path: GPU-cuStateVec MPI-distributed (4 ranks)
Iter 0370 | Energy: -82.008295 | Delta: 2.83e-02 | M: 35.8129 | Path: GPU-cuStateVec MPI-distributed (4 ranks)
[RESILIENCE] Iteration 370: Global theta state checkpointed at path checkpoints/H2O/checkpoint_iter_0370.npy. 
Iter 0371 | Energy: -82.004612 | Delta: 3.68e-03 | M: 39.3852 | Path: GPU-cuStateVec MPI-distributed (4 ranks)
Iter 0372 | Energy: -82.004115 | Delta: 4.97e-04 | M: 37.2096 | Path: GPU-cuStateVec MPI-distributed (4 ranks)
Iter 0373 | Energy: -81.999807 | Delta: 4.31e-03 | M: 24.1904 | Path: GPU-cuStateVec MPI-distributed (4 ranks)
Iter 0374 | Energy: -81.992799 | Delta: 7.01e-03 | M: 23.9641 | Path: GPU-cuStateVec MPI-distributed (4 ranks)
Iter 0375 | Energy: -82.050102 | Delta: 5.73e-02 | M: 27.1246 | Path: GPU-cuStateVec MPI-distributed (4 ranks)
[RESILIENCE] Iteration 375: Global theta state checkpointed at path checkpoints/H2O/checkpoint_iter_0375.npy. 
Iter 0376 | Energy: -82.017818 | Delta: 3.23e-02 | M: 34.3807 | Path: GPU-cuStateVec MPI-distributed (4 ranks)
Iter 0377 | Energy: -82.024768 | Delta: 6.95e-03 | M: 35.5021 | Path: GPU-cuStateVec MPI-distributed (4 ranks)
Iter 0378 | Energy: -82.047810 | Delta: 2.30e-02 | M: 32.1868 | Path: GPU-cuStateVec MPI-distributed (4 ranks)
Iter 0379 | Energy: -82.074418 | Delta: 2.66e-02 | M: 23.2919 | Path: GPU-cuStateVec MPI-distributed (4 ranks)
Iter 0380 | Energy: -82.058869 | Delta: 1.55e-02 | M: 29.7640 | Path: GPU-cuStateVec MPI-distributed (4 ranks)
[RESILIENCE] Iteration 380: Global theta state checkpointed at path checkpoints/H2O/checkpoint_iter_0380.npy. 
Iter 0381 | Energy: -82.068867 | Delta: 1.00e-02 | M: 21.9885 | Path: GPU-cuStateVec MPI-distributed (4 ranks)
Iter 0382 | Energy: -82.033441 | Delta: 3.54e-02 | M: 37.5532 | Path: GPU-cuStateVec MPI-distributed (4 ranks)
Iter 0383 | Energy: -82.084636 | Delta: 5.12e-02 | M: 34.7026 | Path: GPU-cuStateVec MPI-distributed (4 ranks)
Iter 0384 | Energy: -82.095829 | Delta: 1.12e-02 | M: 30.0178 | Path: GPU-cuStateVec MPI-distributed (4 ranks)
Iter 0385 | Energy: -82.081047 | Delta: 1.48e-02 | M: 29.2511 | Path: GPU-cuStateVec MPI-distributed (4 ranks)
[RESILIENCE] Iteration 385: Global theta state checkpointed at path checkpoints/H2O/checkpoint_iter_0385.npy. 
Iter 0386 | Energy: -82.055906 | Delta: 2.51e-02 | M: 35.0717 | Path: GPU-cuStateVec MPI-distributed (4 ranks)
Iter 0387 | Energy: -82.045844 | Delta: 1.01e-02 | M: 24.1618 | Path: GPU-cuStateVec MPI-distributed (4 ranks)
Iter 0388 | Energy: -82.051221 | Delta: 5.38e-03 | M: 43.0812 | Path: GPU-cuStateVec MPI-distributed (4 ranks)
Iter 0389 | Energy: -82.048454 | Delta: 2.77e-03 | M: 82.2691 | Path: GPU-cuStateVec MPI-distributed (4 ranks)
Iter 0390 | Energy: -82.098815 | Delta: 5.04e-02 | M: 31.6223 | Path: GPU-cuStateVec MPI-distributed (4 ranks)
[RESILIENCE] Iteration 390: Global theta state checkpointed at path checkpoints/H2O/checkpoint_iter_0390.npy. 
Iter 0391 | Energy: -82.074845 | Delta: 2.40e-02 | M: 30.6386 | Path: GPU-cuStateVec MPI-distributed (4 ranks)
Iter 0392 | Energy: -82.100151 | Delta: 2.53e-02 | M: 27.6879 | Path: GPU-cuStateVec MPI-distributed (4 ranks)
Iter 0393 | Energy: -82.102689 | Delta: 2.54e-03 | M: 25.0255 | Path: GPU-cuStateVec MPI-distributed (4 ranks)
Iter 0394 | Energy: -82.064168 | Delta: 3.85e-02 | M: 23.9337 | Path: GPU-cuStateVec MPI-distributed (4 ranks)
Iter 0395 | Energy: -82.112479 | Delta: 4.83e-02 | M: 46.5247 | Path: GPU-cuStateVec MPI-distributed (4 ranks)
[RESILIENCE] Iteration 395: Global theta state checkpointed at path checkpoints/H2O/checkpoint_iter_0395.npy. 
Iter 0396 | Energy: -82.099298 | Delta: 1.32e-02 | M: 53.5313 | Path: GPU-cuStateVec MPI-distributed (4 ranks)
Iter 0397 | Energy: -82.064590 | Delta: 3.47e-02 | M: 35.8719 | Path: GPU-cuStateVec MPI-distributed (4 ranks)
Iter 0398 | Energy: -82.105392 | Delta: 4.08e-02 | M: 49.2204 | Path: GPU-cuStateVec MPI-distributed (4 ranks)
Iter 0399 | Energy: -82.128788 | Delta: 2.34e-02 | M: 23.6030 | Path: GPU-cuStateVec MPI-distributed (4 ranks)
Iter 0400 | Energy: -82.118815 | Delta: 9.97e-03 | M: 40.9152 | Path: GPU-cuStateVec MPI-distributed (4 ranks)
[RESILIENCE] Iteration 400: Global theta state checkpointed at path checkpoints/H2O/checkpoint_iter_0400.npy. 
Iter 0401 | Energy: -82.092128 | Delta: 2.67e-02 | M: 37.5307 | Path: GPU-cuStateVec MPI-distributed (4 ranks)
Iter 0402 | Energy: -82.085325 | Delta: 6.80e-03 | M: 41.9542 | Path: GPU-cuStateVec MPI-distributed (4 ranks)
Iter 0403 | Energy: -82.129626 | Delta: 4.43e-02 | M: 22.2895 | Path: GPU-cuStateVec MPI-distributed (4 ranks)
Iter 0404 | Energy: -82.144799 | Delta: 1.52e-02 | M: 21.0404 | Path: GPU-cuStateVec MPI-distributed (4 ranks)
Iter 0405 | Energy: -82.100058 | Delta: 4.47e-02 | M: 19.7724 | Path: GPU-cuStateVec MPI-distributed (4 ranks)
[RESILIENCE] Iteration 405: Global theta state checkpointed at path checkpoints/H2O/checkpoint_iter_0405.npy. 
Iter 0406 | Energy: -82.132594 | Delta: 3.25e-02 | M: 26.3615 | Path: GPU-cuStateVec MPI-distributed (4 ranks)
Iter 0407 | Energy: -82.120673 | Delta: 1.19e-02 | M: 26.7672 | Path: GPU-cuStateVec MPI-distributed (4 ranks)
Iter 0408 | Energy: -82.120662 | Delta: 1.09e-05 | M: 53.9505 | Path: GPU-cuStateVec MPI-distributed (4 ranks)
Iter 0409 | Energy: -82.146074 | Delta: 2.54e-02 | M: 27.6998 | Path: GPU-cuStateVec MPI-distributed (4 ranks)
Iter 0410 | Energy: -82.125550 | Delta: 2.05e-02 | M: 25.3444 | Path: GPU-cuStateVec MPI-distributed (4 ranks)
[RESILIENCE] Iteration 410: Global theta state checkpointed at path checkpoints/H2O/checkpoint_iter_0410.npy. 
Iter 0411 | Energy: -82.114804 | Delta: 1.07e-02 | M: 31.3256 | Path: GPU-cuStateVec MPI-distributed (4 ranks)
Iter 0412 | Energy: -82.115853 | Delta: 1.05e-03 | M: 21.1099 | Path: GPU-cuStateVec MPI-distributed (4 ranks)
Iter 0413 | Energy: -82.119096 | Delta: 3.24e-03 | M: 21.2326 | Path: GPU-cuStateVec MPI-distributed (4 ranks)
Iter 0414 | Energy: -82.120618 | Delta: 1.52e-03 | M: 30.9986 | Path: GPU-cuStateVec MPI-distributed (4 ranks)
Iter 0415 | Energy: -82.168654 | Delta: 4.80e-02 | M: 40.5082 | Path: GPU-cuStateVec MPI-distributed (4 ranks)
[RESILIENCE] Iteration 415: Global theta state checkpointed at path checkpoints/H2O/checkpoint_iter_0415.npy. 
Iter 0416 | Energy: -82.169088 | Delta: 4.34e-04 | M: 39.1632 | Path: GPU-cuStateVec MPI-distributed (4 ranks)
Iter 0417 | Energy: -82.153380 | Delta: 1.57e-02 | M: 34.4375 | Path: GPU-cuStateVec MPI-distributed (4 ranks)
Iter 0418 | Energy: -82.159119 | Delta: 5.74e-03 | M: 37.5219 | Path: GPU-cuStateVec MPI-distributed (4 ranks)
Iter 0419 | Energy: -82.167575 | Delta: 8.46e-03 | M: 28.7416 | Path: GPU-cuStateVec MPI-distributed (4 ranks)
Iter 0420 | Energy: -82.131925 | Delta: 3.57e-02 | M: 31.2611 | Path: GPU-cuStateVec MPI-distributed (4 ranks)
[RESILIENCE] Iteration 420: Global theta state checkpointed at path checkpoints/H2O/checkpoint_iter_0420.npy. 
Iter 0421 | Energy: -82.135825 | Delta: 3.90e-03 | M: 49.7522 | Path: GPU-cuStateVec MPI-distributed (4 ranks)
Iter 0422 | Energy: -82.138557 | Delta: 2.73e-03 | M: 34.8393 | Path: GPU-cuStateVec MPI-distributed (4 ranks)
Iter 0423 | Energy: -82.169838 | Delta: 3.13e-02 | M: 28.0332 | Path: GPU-cuStateVec MPI-distributed (4 ranks)
Iter 0424 | Energy: -82.125488 | Delta: 4.43e-02 | M: 31.7066 | Path: GPU-cuStateVec MPI-distributed (4 ranks)
Iter 0425 | Energy: -82.173231 | Delta: 4.77e-02 | M: 29.2069 | Path: GPU-cuStateVec MPI-distributed (4 ranks)
[RESILIENCE] Iteration 425: Global theta state checkpointed at path checkpoints/H2O/checkpoint_iter_0425.npy. 
Iter 0426 | Energy: -82.183706 | Delta: 1.05e-02 | M: 18.8749 | Path: GPU-cuStateVec MPI-distributed (4 ranks)
Iter 0427 | Energy: -82.170059 | Delta: 1.36e-02 | M: 36.3280 | Path: GPU-cuStateVec MPI-distributed (4 ranks)
Iter 0428 | Energy: -82.160448 | Delta: 9.61e-03 | M: 27.1042 | Path: GPU-cuStateVec MPI-distributed (4 ranks)
Iter 0429 | Energy: -82.131069 | Delta: 2.94e-02 | M: 25.6691 | Path: GPU-cuStateVec MPI-distributed (4 ranks)
Iter 0430 | Energy: -82.158433 | Delta: 2.74e-02 | M: 28.2955 | Path: GPU-cuStateVec MPI-distributed (4 ranks)
[RESILIENCE] Iteration 430: Global theta state checkpointed at path checkpoints/H2O/checkpoint_iter_0430.npy. 
Iter 0431 | Energy: -82.191774 | Delta: 3.33e-02 | M: 47.9957 | Path: GPU-cuStateVec MPI-distributed (4 ranks)
Iter 0432 | Energy: -82.161558 | Delta: 3.02e-02 | M: 25.3826 | Path: GPU-cuStateVec MPI-distributed (4 ranks)
Iter 0433 | Energy: -82.180123 | Delta: 1.86e-02 | M: 28.2956 | Path: GPU-cuStateVec MPI-distributed (4 ranks)
Iter 0434 | Energy: -82.151221 | Delta: 2.89e-02 | M: 28.7046 | Path: GPU-cuStateVec MPI-distributed (4 ranks)
Iter 0435 | Energy: -82.185397 | Delta: 3.42e-02 | M: 36.2475 | Path: GPU-cuStateVec MPI-distributed (4 ranks)
[RESILIENCE] Iteration 435: Global theta state checkpointed at path checkpoints/H2O/checkpoint_iter_0435.npy. 
Iter 0436 | Energy: -82.154683 | Delta: 3.07e-02 | M: 34.7886 | Path: GPU-cuStateVec MPI-distributed (4 ranks)
Iter 0437 | Energy: -82.196107 | Delta: 4.14e-02 | M: 24.7982 | Path: GPU-cuStateVec MPI-distributed (4 ranks)
Iter 0438 | Energy: -82.199430 | Delta: 3.32e-03 | M: 40.1668 | Path: GPU-cuStateVec MPI-distributed (4 ranks)
Iter 0439 | Energy: -82.195551 | Delta: 3.88e-03 | M: 37.8679 | Path: GPU-cuStateVec MPI-distributed (4 ranks)
Iter 0440 | Energy: -82.201536 | Delta: 5.98e-03 | M: 36.0603 | Path: GPU-cuStateVec MPI-distributed (4 ranks)
[RESILIENCE] Iteration 440: Global theta state checkpointed at path checkpoints/H2O/checkpoint_iter_0440.npy. 
Iter 0441 | Energy: -82.200181 | Delta: 1.35e-03 | M: 18.6135 | Path: GPU-cuStateVec MPI-distributed (4 ranks)
Iter 0442 | Energy: -82.210218 | Delta: 1.00e-02 | M: 22.5856 | Path: GPU-cuStateVec MPI-distributed (4 ranks)
Iter 0443 | Energy: -82.219120 | Delta: 8.90e-03 | M: 37.7157 | Path: GPU-cuStateVec MPI-distributed (4 ranks)
Iter 0444 | Energy: -82.189354 | Delta: 2.98e-02 | M: 37.4340 | Path: GPU-cuStateVec MPI-distributed (4 ranks)
Iter 0445 | Energy: -82.183929 | Delta: 5.43e-03 | M: 29.1793 | Path: GPU-cuStateVec MPI-distributed (4 ranks)
[RESILIENCE] Iteration 445: Global theta state checkpointed at path checkpoints/H2O/checkpoint_iter_0445.npy. 
Iter 0446 | Energy: -82.179874 | Delta: 4.06e-03 | M: 36.8094 | Path: GPU-cuStateVec MPI-distributed (4 ranks)
Iter 0447 | Energy: -82.210292 | Delta: 3.04e-02 | M: 46.5740 | Path: GPU-cuStateVec MPI-distributed (4 ranks)
Iter 0448 | Energy: -82.186347 | Delta: 2.39e-02 | M: 848.0880 | Path: GPU-cuStateVec MPI-distributed (4 ranks)
Iter 0449 | Energy: -82.189149 | Delta: 2.80e-03 | M: 38.5369 | Path: GPU-cuStateVec MPI-distributed (4 ranks)
Iter 0450 | Energy: -82.199149 | Delta: 1.00e-02 | M: 33.9840 | Path: GPU-cuStateVec MPI-distributed (4 ranks)
[RESILIENCE] Iteration 450: Global theta state checkpointed at path checkpoints/H2O/checkpoint_iter_0450.npy. 
Iter 0451 | Energy: -82.188239 | Delta: 1.09e-02 | M: 32.9591 | Path: GPU-cuStateVec MPI-distributed (4 ranks)
Iter 0452 | Energy: -82.219328 | Delta: 3.11e-02 | M: 32.3431 | Path: GPU-cuStateVec MPI-distributed (4 ranks)
Iter 0453 | Energy: -82.207402 | Delta: 1.19e-02 | M: 24.9148 | Path: GPU-cuStateVec MPI-distributed (4 ranks)
Iter 0454 | Energy: -82.198107 | Delta: 9.30e-03 | M: 24.5470 | Path: GPU-cuStateVec MPI-distributed (4 ranks)
Iter 0455 | Energy: -82.229902 | Delta: 3.18e-02 | M: 27.6355 | Path: GPU-cuStateVec MPI-distributed (4 ranks)
[RESILIENCE] Iteration 455: Global theta state checkpointed at path checkpoints/H2O/checkpoint_iter_0455.npy. 
Iter 0456 | Energy: -82.212518 | Delta: 1.74e-02 | M: 36.9684 | Path: GPU-cuStateVec MPI-distributed (4 ranks)
Iter 0457 | Energy: -82.200707 | Delta: 1.18e-02 | M: 32.2856 | Path: GPU-cuStateVec MPI-distributed (4 ranks)
Iter 0458 | Energy: -82.210445 | Delta: 9.74e-03 | M: 23.5615 | Path: GPU-cuStateVec MPI-distributed (4 ranks)
Iter 0459 | Energy: -82.242687 | Delta: 3.22e-02 | M: 25.6346 | Path: GPU-cuStateVec MPI-distributed (4 ranks)
Iter 0460 | Energy: -82.225976 | Delta: 1.67e-02 | M: 40.0069 | Path: GPU-cuStateVec MPI-distributed (4 ranks)
[RESILIENCE] Iteration 460: Global theta state checkpointed at path checkpoints/H2O/checkpoint_iter_0460.npy. 
Iter 0461 | Energy: -82.208216 | Delta: 1.78e-02 | M: 38.8884 | Path: GPU-cuStateVec MPI-distributed (4 ranks)
Iter 0462 | Energy: -82.248626 | Delta: 4.04e-02 | M: 40.9402 | Path: GPU-cuStateVec MPI-distributed (4 ranks)
Iter 0463 | Energy: -82.230078 | Delta: 1.85e-02 | M: 33.0110 | Path: GPU-cuStateVec MPI-distributed (4 ranks)
Iter 0464 | Energy: -82.211518 | Delta: 1.86e-02 | M: 38.5113 | Path: GPU-cuStateVec MPI-distributed (4 ranks)
Iter 0465 | Energy: -82.211460 | Delta: 5.79e-05 | M: 31.5352 | Path: GPU-cuStateVec MPI-distributed (4 ranks)
[RESILIENCE] Iteration 465: Global theta state checkpointed at path checkpoints/H2O/checkpoint_iter_0465.npy. 
Iter 0466 | Energy: -82.240212 | Delta: 2.88e-02 | M: 38.0013 | Path: GPU-cuStateVec MPI-distributed (4 ranks)
Iter 0467 | Energy: -82.218181 | Delta: 2.20e-02 | M: 7386.6892 | Path: GPU-cuStateVec MPI-distributed (4 ranks)
Iter 0468 | Energy: -82.217509 | Delta: 6.72e-04 | M: 42.7362 | Path: GPU-cuStateVec MPI-distributed (4 ranks)
Iter 0469 | Energy: -82.270287 | Delta: 5.28e-02 | M: 34.0673 | Path: GPU-cuStateVec MPI-distributed (4 ranks)
Iter 0470 | Energy: -82.226138 | Delta: 4.41e-02 | M: 863.1092 | Path: GPU-cuStateVec MPI-distributed (4 ranks)
[RESILIENCE] Iteration 470: Global theta state checkpointed at path checkpoints/H2O/checkpoint_iter_0470.npy. 
Iter 0471 | Energy: -82.225025 | Delta: 1.11e-03 | M: 89.8465 | Path: GPU-cuStateVec MPI-distributed (4 ranks)
Iter 0472 | Energy: -82.225404 | Delta: 3.79e-04 | M: 29.4439 | Path: GPU-cuStateVec MPI-distributed (4 ranks)
Iter 0473 | Energy: -82.237676 | Delta: 1.23e-02 | M: 7885.3079 | Path: GPU-cuStateVec MPI-distributed (4 ranks)
Iter 0474 | Energy: -82.267524 | Delta: 2.98e-02 | M: 36.4912 | Path: GPU-cuStateVec MPI-distributed (4 ranks)
Iter 0475 | Energy: -82.231545 | Delta: 3.60e-02 | M: 44.8791 | Path: GPU-cuStateVec MPI-distributed (4 ranks)
[RESILIENCE] Iteration 475: Global theta state checkpointed at path checkpoints/H2O/checkpoint_iter_0475.npy. 
Iter 0476 | Energy: -82.271030 | Delta: 3.95e-02 | M: 45.8003 | Path: GPU-cuStateVec MPI-distributed (4 ranks)
Iter 0477 | Energy: -82.256634 | Delta: 1.44e-02 | M: 44.7228 | Path: GPU-cuStateVec MPI-distributed (4 ranks)
Iter 0478 | Energy: -82.248264 | Delta: 8.37e-03 | M: 47.4930 | Path: GPU-cuStateVec MPI-distributed (4 ranks)
Iter 0479 | Energy: -82.287421 | Delta: 3.92e-02 | M: 48.9621 | Path: GPU-cuStateVec MPI-distributed (4 ranks)
Iter 0480 | Energy: -82.270229 | Delta: 1.72e-02 | M: 49.4964 | Path: GPU-cuStateVec MPI-distributed (4 ranks)
[RESILIENCE] Iteration 480: Global theta state checkpointed at path checkpoints/H2O/checkpoint_iter_0480.npy. 
Iter 0481 | Energy: -82.281745 | Delta: 1.15e-02 | M: 54.6664 | Path: GPU-cuStateVec MPI-distributed (4 ranks)
Iter 0482 | Energy: -82.251480 | Delta: 3.03e-02 | M: 37.8002 | Path: GPU-cuStateVec MPI-distributed (4 ranks)
Iter 0483 | Energy: -82.278972 | Delta: 2.75e-02 | M: 31.0721 | Path: GPU-cuStateVec MPI-distributed (4 ranks)
Iter 0484 | Energy: -82.263890 | Delta: 1.51e-02 | M: 37.1489 | Path: GPU-cuStateVec MPI-distributed (4 ranks)
Iter 0485 | Energy: -82.262137 | Delta: 1.75e-03 | M: 47.4718 | Path: GPU-cuStateVec MPI-distributed (4 ranks)
[RESILIENCE] Iteration 485: Global theta state checkpointed at path checkpoints/H2O/checkpoint_iter_0485.npy. 
Iter 0486 | Energy: -82.306176 | Delta: 4.40e-02 | M: 27.5809 | Path: GPU-cuStateVec MPI-distributed (4 ranks)
Iter 0487 | Energy: -82.258727 | Delta: 4.74e-02 | M: 36.7032 | Path: GPU-cuStateVec MPI-distributed (4 ranks)
Iter 0488 | Energy: -82.285160 | Delta: 2.64e-02 | M: 32.5461 | Path: GPU-cuStateVec MPI-distributed (4 ranks)
Iter 0489 | Energy: -82.304878 | Delta: 1.97e-02 | M: 20.2878 | Path: GPU-cuStateVec MPI-distributed (4 ranks)
Iter 0490 | Energy: -82.301603 | Delta: 3.28e-03 | M: 33.2543 | Path: GPU-cuStateVec MPI-distributed (4 ranks)
[RESILIENCE] Iteration 490: Global theta state checkpointed at path checkpoints/H2O/checkpoint_iter_0490.npy. 
Iter 0491 | Energy: -82.272923 | Delta: 2.87e-02 | M: 37.1213 | Path: GPU-cuStateVec MPI-distributed (4 ranks)
Iter 0492 | Energy: -82.268421 | Delta: 4.50e-03 | M: 22.6916 | Path: GPU-cuStateVec MPI-distributed (4 ranks)
Iter 0493 | Energy: -82.275177 | Delta: 6.76e-03 | M: 38.8994 | Path: GPU-cuStateVec MPI-distributed (4 ranks)
Iter 0494 | Energy: -82.301925 | Delta: 2.67e-02 | M: 36.4098 | Path: GPU-cuStateVec MPI-distributed (4 ranks)
Iter 0495 | Energy: -82.313511 | Delta: 1.16e-02 | M: 37.5209 | Path: GPU-cuStateVec MPI-distributed (4 ranks)
[RESILIENCE] Iteration 495: Global theta state checkpointed at path checkpoints/H2O/checkpoint_iter_0495.npy. 
Iter 0496 | Energy: -82.322268 | Delta: 8.76e-03 | M: 22.7306 | Path: GPU-cuStateVec MPI-distributed (4 ranks)
Iter 0497 | Energy: -82.288154 | Delta: 3.41e-02 | M: 44.6463 | Path: GPU-cuStateVec MPI-distributed (4 ranks)
Iter 0498 | Energy: -82.297208 | Delta: 9.05e-03 | M: 38.4597 | Path: GPU-cuStateVec MPI-distributed (4 ranks)
Iter 0499 | Energy: -82.296606 | Delta: 6.02e-04 | M: 26.7968 | Path: GPU-cuStateVec MPI-distributed (4 ranks)
Iter 0500 | Energy: -82.288602 | Delta: 8.00e-03 | M: 32.1414 | Path: GPU-cuStateVec MPI-distributed (4 ranks)
[RESILIENCE] Iteration 500: Global theta state checkpointed at path checkpoints/H2O/checkpoint_iter_0500.npy. 
Iter 0501 | Energy: -82.286354 | Delta: 2.25e-03 | M: 46.3237 | Path: GPU-cuStateVec MPI-distributed (4 ranks)
Iter 0502 | Energy: -82.286808 | Delta: 4.54e-04 | M: 29.9138 | Path: GPU-cuStateVec MPI-distributed (4 ranks)
Iter 0503 | Energy: -82.281418 | Delta: 5.39e-03 | M: 89.2939 | Path: GPU-cuStateVec MPI-distributed (4 ranks)
Iter 0504 | Energy: -82.286239 | Delta: 4.82e-03 | M: 42.6546 | Path: GPU-cuStateVec MPI-distributed (4 ranks)
Iter 0505 | Energy: -82.298474 | Delta: 1.22e-02 | M: 40.2669 | Path: GPU-cuStateVec MPI-distributed (4 ranks)
[RESILIENCE] Iteration 505: Global theta state checkpointed at path checkpoints/H2O/checkpoint_iter_0505.npy. 
Iter 0506 | Energy: -82.284043 | Delta: 1.44e-02 | M: 42.6392 | Path: GPU-cuStateVec MPI-distributed (4 ranks)
Iter 0507 | Energy: -82.314100 | Delta: 3.01e-02 | M: 18.6641 | Path: GPU-cuStateVec MPI-distributed (4 ranks)
Iter 0508 | Energy: -82.346135 | Delta: 3.20e-02 | M: 40.8143 | Path: GPU-cuStateVec MPI-distributed (4 ranks)
Iter 0509 | Energy: -82.323202 | Delta: 2.29e-02 | M: 48.3268 | Path: GPU-cuStateVec MPI-distributed (4 ranks)
Iter 0510 | Energy: -82.308429 | Delta: 1.48e-02 | M: 26.1253 | Path: GPU-cuStateVec MPI-distributed (4 ranks)
[RESILIENCE] Iteration 510: Global theta state checkpointed at path checkpoints/H2O/checkpoint_iter_0510.npy. 
Iter 0511 | Energy: -82.346972 | Delta: 3.85e-02 | M: 45.7391 | Path: GPU-cuStateVec MPI-distributed (4 ranks)
Iter 0512 | Energy: -82.331666 | Delta: 1.53e-02 | M: 48.7866 | Path: GPU-cuStateVec MPI-distributed (4 ranks)
Iter 0513 | Energy: -82.306493 | Delta: 2.52e-02 | M: 36.3011 | Path: GPU-cuStateVec MPI-distributed (4 ranks)
Iter 0514 | Energy: -82.301217 | Delta: 5.28e-03 | M: 28.2257 | Path: GPU-cuStateVec MPI-distributed (4 ranks)
Iter 0515 | Energy: -82.312093 | Delta: 1.09e-02 | M: 55.6452 | Path: GPU-cuStateVec MPI-distributed (4 ranks)
[RESILIENCE] Iteration 515: Global theta state checkpointed at path checkpoints/H2O/checkpoint_iter_0515.npy. 
Iter 0516 | Energy: -82.346144 | Delta: 3.41e-02 | M: 41.2219 | Path: GPU-cuStateVec MPI-distributed (4 ranks)
Iter 0517 | Energy: -82.299613 | Delta: 4.65e-02 | M: 38.9596 | Path: GPU-cuStateVec MPI-distributed (4 ranks)
Iter 0518 | Energy: -82.313773 | Delta: 1.42e-02 | M: 47.8900 | Path: GPU-cuStateVec MPI-distributed (4 ranks)
Iter 0519 | Energy: -82.328479 | Delta: 1.47e-02 | M: 26.0807 | Path: GPU-cuStateVec MPI-distributed (4 ranks)
Iter 0520 | Energy: -82.295294 | Delta: 3.32e-02 | M: 41.3870 | Path: GPU-cuStateVec MPI-distributed (4 ranks)
[RESILIENCE] Iteration 520: Global theta state checkpointed at path checkpoints/H2O/checkpoint_iter_0520.npy. 
Iter 0521 | Energy: -82.332512 | Delta: 3.72e-02 | M: 19.0811 | Path: GPU-cuStateVec MPI-distributed (4 ranks)
Iter 0522 | Energy: -82.338447 | Delta: 5.94e-03 | M: 720.8761 | Path: GPU-cuStateVec MPI-distributed (4 ranks)
Iter 0523 | Energy: -82.309044 | Delta: 2.94e-02 | M: 50.6423 | Path: GPU-cuStateVec MPI-distributed (4 ranks)
Iter 0524 | Energy: -82.321704 | Delta: 1.27e-02 | M: 45.2167 | Path: GPU-cuStateVec MPI-distributed (4 ranks)
Iter 0525 | Energy: -82.315740 | Delta: 5.96e-03 | M: 34.3770 | Path: GPU-cuStateVec MPI-distributed (4 ranks)
[RESILIENCE] Iteration 525: Global theta state checkpointed at path checkpoints/H2O/checkpoint_iter_0525.npy. 
Iter 0526 | Energy: -82.313113 | Delta: 2.63e-03 | M: 10.6752 | Path: GPU-cuStateVec MPI-distributed (4 ranks)
Iter 0527 | Energy: -82.320353 | Delta: 7.24e-03 | M: 38.7777 | Path: GPU-cuStateVec MPI-distributed (4 ranks)
Iter 0528 | Energy: -82.347415 | Delta: 2.71e-02 | M: 36.7657 | Path: GPU-cuStateVec MPI-distributed (4 ranks)
Iter 0529 | Energy: -82.329701 | Delta: 1.77e-02 | M: 34.1249 | Path: GPU-cuStateVec MPI-distributed (4 ranks)
Iter 0530 | Energy: -82.353917 | Delta: 2.42e-02 | M: 23.0719 | Path: GPU-cuStateVec MPI-distributed (4 ranks)
[RESILIENCE] Iteration 530: Global theta state checkpointed at path checkpoints/H2O/checkpoint_iter_0530.npy. 
Iter 0531 | Energy: -82.304082 | Delta: 4.98e-02 | M: 47.2432 | Path: GPU-cuStateVec MPI-distributed (4 ranks)
Iter 0532 | Energy: -82.350207 | Delta: 4.61e-02 | M: 23.0599 | Path: GPU-cuStateVec MPI-distributed (4 ranks)
Iter 0533 | Energy: -82.350321 | Delta: 1.14e-04 | M: 36.3282 | Path: GPU-cuStateVec MPI-distributed (4 ranks)
Iter 0534 | Energy: -82.314609 | Delta: 3.57e-02 | M: 46.5974 | Path: GPU-cuStateVec MPI-distributed (4 ranks)
Iter 0535 | Energy: -82.331294 | Delta: 1.67e-02 | M: 38.5553 | Path: GPU-cuStateVec MPI-distributed (4 ranks)
[RESILIENCE] Iteration 535: Global theta state checkpointed at path checkpoints/H2O/checkpoint_iter_0535.npy. 
Iter 0536 | Energy: -82.326207 | Delta: 5.09e-03 | M: 35.3995 | Path: GPU-cuStateVec MPI-distributed (4 ranks)
Iter 0537 | Energy: -82.356050 | Delta: 2.98e-02 | M: 39.0450 | Path: GPU-cuStateVec MPI-distributed (4 ranks)
Iter 0538 | Energy: -82.330454 | Delta: 2.56e-02 | M: 6728.7387 | Path: GPU-cuStateVec MPI-distributed (4 ranks)
Iter 0539 | Energy: -82.335202 | Delta: 4.75e-03 | M: 40.9100 | Path: GPU-cuStateVec MPI-distributed (4 ranks)
Iter 0540 | Energy: -82.341709 | Delta: 6.51e-03 | M: 76.1736 | Path: GPU-cuStateVec MPI-distributed (4 ranks)
[RESILIENCE] Iteration 540: Global theta state checkpointed at path checkpoints/H2O/checkpoint_iter_0540.npy. 
Iter 0541 | Energy: -82.330520 | Delta: 1.12e-02 | M: 39.3931 | Path: GPU-cuStateVec MPI-distributed (4 ranks)
Iter 0542 | Energy: -82.342836 | Delta: 1.23e-02 | M: 22.9085 | Path: GPU-cuStateVec MPI-distributed (4 ranks)
Iter 0543 | Energy: -82.329430 | Delta: 1.34e-02 | M: 19.8157 | Path: GPU-cuStateVec MPI-distributed (4 ranks)
Iter 0544 | Energy: -82.377183 | Delta: 4.78e-02 | M: 29.6555 | Path: GPU-cuStateVec MPI-distributed (4 ranks)
Iter 0545 | Energy: -82.371943 | Delta: 5.24e-03 | M: 33.8020 | Path: GPU-cuStateVec MPI-distributed (4 ranks)
[RESILIENCE] Iteration 545: Global theta state checkpointed at path checkpoints/H2O/checkpoint_iter_0545.npy. 
Iter 0546 | Energy: -82.388289 | Delta: 1.63e-02 | M: 61.6789 | Path: GPU-cuStateVec MPI-distributed (4 ranks)
Iter 0547 | Energy: -82.342024 | Delta: 4.63e-02 | M: 26.3352 | Path: GPU-cuStateVec MPI-distributed (4 ranks)
Iter 0548 | Energy: -82.345360 | Delta: 3.34e-03 | M: 26.1934 | Path: GPU-cuStateVec MPI-distributed (4 ranks)
Iter 0549 | Energy: -82.390162 | Delta: 4.48e-02 | M: 23.7927 | Path: GPU-cuStateVec MPI-distributed (4 ranks)
Iter 0550 | Energy: -82.382083 | Delta: 8.08e-03 | M: 23.9461 | Path: GPU-cuStateVec MPI-distributed (4 ranks)
[RESILIENCE] Iteration 550: Global theta state checkpointed at path checkpoints/H2O/checkpoint_iter_0550.npy. 
Iter 0551 | Energy: -82.356144 | Delta: 2.59e-02 | M: 25.7829 | Path: GPU-cuStateVec MPI-distributed (4 ranks)
Iter 0552 | Energy: -82.390108 | Delta: 3.40e-02 | M: 22.8989 | Path: GPU-cuStateVec MPI-distributed (4 ranks)
Iter 0553 | Energy: -82.345183 | Delta: 4.49e-02 | M: 32.6465 | Path: GPU-cuStateVec MPI-distributed (4 ranks)
Iter 0554 | Energy: -82.392440 | Delta: 4.73e-02 | M: 54.5476 | Path: GPU-cuStateVec MPI-distributed (4 ranks)
Iter 0555 | Energy: -82.382702 | Delta: 9.74e-03 | M: 26.3462 | Path: GPU-cuStateVec MPI-distributed (4 ranks)
[RESILIENCE] Iteration 555: Global theta state checkpointed at path checkpoints/H2O/checkpoint_iter_0555.npy. 
Iter 0556 | Energy: -82.369267 | Delta: 1.34e-02 | M: 40.7851 | Path: GPU-cuStateVec MPI-distributed (4 ranks)
Iter 0557 | Energy: -82.362856 | Delta: 6.41e-03 | M: 31.3754 | Path: GPU-cuStateVec MPI-distributed (4 ranks)
Iter 0558 | Energy: -82.373240 | Delta: 1.04e-02 | M: 25.4828 | Path: GPU-cuStateVec MPI-distributed (4 ranks)
Iter 0559 | Energy: -82.408439 | Delta: 3.52e-02 | M: 35.3912 | Path: GPU-cuStateVec MPI-distributed (4 ranks)
Iter 0560 | Energy: -82.397062 | Delta: 1.14e-02 | M: 41.0262 | Path: GPU-cuStateVec MPI-distributed (4 ranks)
[RESILIENCE] Iteration 560: Global theta state checkpointed at path checkpoints/H2O/checkpoint_iter_0560.npy. 
Iter 0561 | Energy: -82.403060 | Delta: 6.00e-03 | M: 33.0593 | Path: GPU-cuStateVec MPI-distributed (4 ranks)
Iter 0562 | Energy: -82.413092 | Delta: 1.00e-02 | M: 31.7627 | Path: GPU-cuStateVec MPI-distributed (4 ranks)
Iter 0563 | Energy: -82.358689 | Delta: 5.44e-02 | M: 35.6263 | Path: GPU-cuStateVec MPI-distributed (4 ranks)
Iter 0564 | Energy: -82.404589 | Delta: 4.59e-02 | M: 20.0847 | Path: GPU-cuStateVec MPI-distributed (4 ranks)
Iter 0565 | Energy: -82.403112 | Delta: 1.48e-03 | M: 36.4621 | Path: GPU-cuStateVec MPI-distributed (4 ranks)
[RESILIENCE] Iteration 565: Global theta state checkpointed at path checkpoints/H2O/checkpoint_iter_0565.npy. 
Iter 0566 | Energy: -82.407802 | Delta: 4.69e-03 | M: 15.7841 | Path: GPU-cuStateVec MPI-distributed (4 ranks)
Iter 0567 | Energy: -82.396176 | Delta: 1.16e-02 | M: 10.1320 | Path: GPU-cuStateVec MPI-distributed (4 ranks)
Iter 0568 | Energy: -82.389800 | Delta: 6.38e-03 | M: 27.2958 | Path: GPU-cuStateVec MPI-distributed (4 ranks)
Iter 0569 | Energy: -82.385184 | Delta: 4.62e-03 | M: 70.1294 | Path: GPU-cuStateVec MPI-distributed (4 ranks)
Iter 0570 | Energy: -82.405391 | Delta: 2.02e-02 | M: 7011.5779 | Path: GPU-cuStateVec MPI-distributed (4 ranks)
[RESILIENCE] Iteration 570: Global theta state checkpointed at path checkpoints/H2O/checkpoint_iter_0570.npy. 
Iter 0571 | Energy: -82.369527 | Delta: 3.59e-02 | M: 43.0830 | Path: GPU-cuStateVec MPI-distributed (4 ranks)
Iter 0572 | Energy: -82.402534 | Delta: 3.30e-02 | M: 46.1398 | Path: GPU-cuStateVec MPI-distributed (4 ranks)
Iter 0573 | Energy: -82.413669 | Delta: 1.11e-02 | M: 37.3621 | Path: GPU-cuStateVec MPI-distributed (4 ranks)
Iter 0574 | Energy: -82.368885 | Delta: 4.48e-02 | M: 7008.0597 | Path: GPU-cuStateVec MPI-distributed (4 ranks)
Iter 0575 | Energy: -82.405055 | Delta: 3.62e-02 | M: 38.2067 | Path: GPU-cuStateVec MPI-distributed (4 ranks)
[RESILIENCE] Iteration 575: Global theta state checkpointed at path checkpoints/H2O/checkpoint_iter_0575.npy. 
Iter 0576 | Energy: -82.389749 | Delta: 1.53e-02 | M: 51.7087 | Path: GPU-cuStateVec MPI-distributed (4 ranks)
Iter 0577 | Energy: -82.372943 | Delta: 1.68e-02 | M: 8947.9626 | Path: GPU-cuStateVec MPI-distributed (4 ranks)
Iter 0578 | Energy: -82.404759 | Delta: 3.18e-02 | M: 38.0459 | Path: GPU-cuStateVec MPI-distributed (4 ranks)
Iter 0579 | Energy: -82.377756 | Delta: 2.70e-02 | M: 29.9485 | Path: GPU-cuStateVec MPI-distributed (4 ranks)
Iter 0580 | Energy: -82.394127 | Delta: 1.64e-02 | M: 31.8778 | Path: GPU-cuStateVec MPI-distributed (4 ranks)
[RESILIENCE] Iteration 580: Global theta state checkpointed at path checkpoints/H2O/checkpoint_iter_0580.npy. 
Iter 0581 | Energy: -82.419260 | Delta: 2.51e-02 | M: 61.7442 | Path: GPU-cuStateVec MPI-distributed (4 ranks)
Iter 0582 | Energy: -82.403791 | Delta: 1.55e-02 | M: 61.3344 | Path: GPU-cuStateVec MPI-distributed (4 ranks)
Iter 0583 | Energy: -82.425005 | Delta: 2.12e-02 | M: 37.7850 | Path: GPU-cuStateVec MPI-distributed (4 ranks)
Iter 0584 | Energy: -82.381453 | Delta: 4.36e-02 | M: 38.2392 | Path: GPU-cuStateVec MPI-distributed (4 ranks)
Iter 0585 | Energy: -82.408838 | Delta: 2.74e-02 | M: 38.7236 | Path: GPU-cuStateVec MPI-distributed (4 ranks)
[RESILIENCE] Iteration 585: Global theta state checkpointed at path checkpoints/H2O/checkpoint_iter_0585.npy. 
Iter 0586 | Energy: -82.382723 | Delta: 2.61e-02 | M: 36.8750 | Path: GPU-cuStateVec MPI-distributed (4 ranks)
Iter 0587 | Energy: -82.395555 | Delta: 1.28e-02 | M: 39.5939 | Path: GPU-cuStateVec MPI-distributed (4 ranks)
Iter 0588 | Energy: -82.411501 | Delta: 1.59e-02 | M: 30.8921 | Path: GPU-cuStateVec MPI-distributed (4 ranks)
Iter 0589 | Energy: -82.419784 | Delta: 8.28e-03 | M: 38.2382 | Path: GPU-cuStateVec MPI-distributed (4 ranks)
Iter 0590 | Energy: -82.384708 | Delta: 3.51e-02 | M: 41.7534 | Path: GPU-cuStateVec MPI-distributed (4 ranks)
[RESILIENCE] Iteration 590: Global theta state checkpointed at path checkpoints/H2O/checkpoint_iter_0590.npy. 
Iter 0591 | Energy: -82.430804 | Delta: 4.61e-02 | M: 25.8616 | Path: GPU-cuStateVec MPI-distributed (4 ranks)
Iter 0592 | Energy: -82.399687 | Delta: 3.11e-02 | M: 120.2206 | Path: GPU-cuStateVec MPI-distributed (4 ranks)
Iter 0593 | Energy: -82.412029 | Delta: 1.23e-02 | M: 34.3165 | Path: GPU-cuStateVec MPI-distributed (4 ranks)
Iter 0594 | Energy: -82.430084 | Delta: 1.81e-02 | M: 66.8085 | Path: GPU-cuStateVec MPI-distributed (4 ranks)
Iter 0595 | Energy: -82.414634 | Delta: 1.54e-02 | M: 74.8114 | Path: GPU-cuStateVec MPI-distributed (4 ranks)
[RESILIENCE] Iteration 595: Global theta state checkpointed at path checkpoints/H2O/checkpoint_iter_0595.npy. 
Iter 0596 | Energy: -82.417583 | Delta: 2.95e-03 | M: 87.4732 | Path: GPU-cuStateVec MPI-distributed (4 ranks)
Iter 0597 | Energy: -82.389093 | Delta: 2.85e-02 | M: 37.8716 | Path: GPU-cuStateVec MPI-distributed (4 ranks)
Iter 0598 | Energy: -82.411493 | Delta: 2.24e-02 | M: 34.1480 | Path: GPU-cuStateVec MPI-distributed (4 ranks)
Iter 0599 | Energy: -82.425090 | Delta: 1.36e-02 | M: 28.9175 | Path: GPU-cuStateVec MPI-distributed (4 ranks)
Iter 0600 | Energy: -82.394016 | Delta: 3.11e-02 | M: 54.0522 | Path: GPU-cuStateVec MPI-distributed (4 ranks)
[RESILIENCE] Iteration 600: Global theta state checkpointed at path checkpoints/H2O/checkpoint_iter_0600.npy. 
Iter 0601 | Energy: -82.419352 | Delta: 2.53e-02 | M: 50.4962 | Path: GPU-cuStateVec MPI-distributed (4 ranks)
Iter 0602 | Energy: -82.396062 | Delta: 2.33e-02 | M: 69.2795 | Path: GPU-cuStateVec MPI-distributed (4 ranks)
Iter 0603 | Energy: -82.392370 | Delta: 3.69e-03 | M: 55.1286 | Path: GPU-cuStateVec MPI-distributed (4 ranks)
Iter 0604 | Energy: -82.425322 | Delta: 3.30e-02 | M: 43.2120 | Path: GPU-cuStateVec MPI-distributed (4 ranks)
Iter 0605 | Energy: -82.417362 | Delta: 7.96e-03 | M: 26.6145 | Path: GPU-cuStateVec MPI-distributed (4 ranks)
[RESILIENCE] Iteration 605: Global theta state checkpointed at path checkpoints/H2O/checkpoint_iter_0605.npy. 
Iter 0606 | Energy: -82.421281 | Delta: 3.92e-03 | M: 45.0922 | Path: GPU-cuStateVec MPI-distributed (4 ranks)
Iter 0607 | Energy: -82.416554 | Delta: 4.73e-03 | M: 10668.5525 | Path: GPU-cuStateVec MPI-distributed (4 ranks)
Iter 0608 | Energy: -82.416727 | Delta: 1.73e-04 | M: 47.0104 | Path: GPU-cuStateVec MPI-distributed (4 ranks)
Iter 0609 | Energy: -82.430268 | Delta: 1.35e-02 | M: 61.6071 | Path: GPU-cuStateVec MPI-distributed (4 ranks)
Iter 0610 | Energy: -82.404842 | Delta: 2.54e-02 | M: 29.3546 | Path: GPU-cuStateVec MPI-distributed (4 ranks)
[RESILIENCE] Iteration 610: Global theta state checkpointed at path checkpoints/H2O/checkpoint_iter_0610.npy. 
Iter 0611 | Energy: -82.413777 | Delta: 8.94e-03 | M: 67.1784 | Path: GPU-cuStateVec MPI-distributed (4 ranks)
Iter 0612 | Energy: -82.426544 | Delta: 1.28e-02 | M: 30.8503 | Path: GPU-cuStateVec MPI-distributed (4 ranks)
Iter 0613 | Energy: -82.421819 | Delta: 4.72e-03 | M: 25.4344 | Path: GPU-cuStateVec MPI-distributed (4 ranks)
Iter 0614 | Energy: -82.430978 | Delta: 9.16e-03 | M: 7711.1505 | Path: GPU-cuStateVec MPI-distributed (4 ranks)
Iter 0615 | Energy: -82.420148 | Delta: 1.08e-02 | M: 30.2577 | Path: GPU-cuStateVec MPI-distributed (4 ranks)
[RESILIENCE] Iteration 615: Global theta state checkpointed at path checkpoints/H2O/checkpoint_iter_0615.npy. 
Iter 0616 | Energy: -82.460932 | Delta: 4.08e-02 | M: 29.8052 | Path: GPU-cuStateVec MPI-distributed (4 ranks)
Iter 0617 | Energy: -82.451004 | Delta: 9.93e-03 | M: 24.5711 | Path: GPU-cuStateVec MPI-distributed (4 ranks)
Iter 0618 | Energy: -82.412935 | Delta: 3.81e-02 | M: 39.4609 | Path: GPU-cuStateVec MPI-distributed (4 ranks)
Iter 0619 | Energy: -82.433529 | Delta: 2.06e-02 | M: 55.7455 | Path: GPU-cuStateVec MPI-distributed (4 ranks)
Iter 0620 | Energy: -82.435487 | Delta: 1.96e-03 | M: 48.0893 | Path: GPU-cuStateVec MPI-distributed (4 ranks)
[RESILIENCE] Iteration 620: Global theta state checkpointed at path checkpoints/H2O/checkpoint_iter_0620.npy. 
Iter 0621 | Energy: -82.437754 | Delta: 2.27e-03 | M: 7422.6477 | Path: GPU-cuStateVec MPI-distributed (4 ranks)
Iter 0622 | Energy: -82.451526 | Delta: 1.38e-02 | M: 22.7114 | Path: GPU-cuStateVec MPI-distributed (4 ranks)
Iter 0623 | Energy: -82.450014 | Delta: 1.51e-03 | M: 19.9319 | Path: GPU-cuStateVec MPI-distributed (4 ranks)
Iter 0624 | Energy: -82.447336 | Delta: 2.68e-03 | M: 21.8811 | Path: GPU-cuStateVec MPI-distributed (4 ranks)
Iter 0625 | Energy: -82.450483 | Delta: 3.15e-03 | M: 9154.6959 | Path: GPU-cuStateVec MPI-distributed (4 ranks)
[RESILIENCE] Iteration 625: Global theta state checkpointed at path checkpoints/H2O/checkpoint_iter_0625.npy. 
Iter 0626 | Energy: -82.458084 | Delta: 7.60e-03 | M: 37.0942 | Path: GPU-cuStateVec MPI-distributed (4 ranks)
Iter 0627 | Energy: -82.454220 | Delta: 3.86e-03 | M: 75.9549 | Path: GPU-cuStateVec MPI-distributed (4 ranks)
Iter 0628 | Energy: -82.463365 | Delta: 9.14e-03 | M: 45.7021 | Path: GPU-cuStateVec MPI-distributed (4 ranks)
Iter 0629 | Energy: -82.440802 | Delta: 2.26e-02 | M: 50.9710 | Path: GPU-cuStateVec MPI-distributed (4 ranks)
Iter 0630 | Energy: -82.427959 | Delta: 1.28e-02 | M: 23.7915 | Path: GPU-cuStateVec MPI-distributed (4 ranks)
[RESILIENCE] Iteration 630: Global theta state checkpointed at path checkpoints/H2O/checkpoint_iter_0630.npy. 
Iter 0631 | Energy: -82.475850 | Delta: 4.79e-02 | M: 40.3686 | Path: GPU-cuStateVec MPI-distributed (4 ranks)
Iter 0632 | Energy: -82.443150 | Delta: 3.27e-02 | M: 37.0558 | Path: GPU-cuStateVec MPI-distributed (4 ranks)
Iter 0633 | Energy: -82.462056 | Delta: 1.89e-02 | M: 27.6120 | Path: GPU-cuStateVec MPI-distributed (4 ranks)
Iter 0634 | Energy: -82.428228 | Delta: 3.38e-02 | M: 25.9691 | Path: GPU-cuStateVec MPI-distributed (4 ranks)
Iter 0635 | Energy: -82.445372 | Delta: 1.71e-02 | M: 54.0718 | Path: GPU-cuStateVec MPI-distributed (4 ranks)
[RESILIENCE] Iteration 635: Global theta state checkpointed at path checkpoints/H2O/checkpoint_iter_0635.npy. 
Iter 0636 | Energy: -82.431778 | Delta: 1.36e-02 | M: 46.9084 | Path: GPU-cuStateVec MPI-distributed (4 ranks)
Iter 0637 | Energy: -82.468727 | Delta: 3.69e-02 | M: 37.3657 | Path: GPU-cuStateVec MPI-distributed (4 ranks)
Iter 0638 | Energy: -82.483710 | Delta: 1.50e-02 | M: 26.2912 | Path: GPU-cuStateVec MPI-distributed (4 ranks)
Iter 0639 | Energy: -82.437284 | Delta: 4.64e-02 | M: 25.2435 | Path: GPU-cuStateVec MPI-distributed (4 ranks)
Iter 0640 | Energy: -82.439074 | Delta: 1.79e-03 | M: 40.9299 | Path: GPU-cuStateVec MPI-distributed (4 ranks)
[RESILIENCE] Iteration 640: Global theta state checkpointed at path checkpoints/H2O/checkpoint_iter_0640.npy. 
Iter 0641 | Energy: -82.451734 | Delta: 1.27e-02 | M: 40.7785 | Path: GPU-cuStateVec MPI-distributed (4 ranks)
Iter 0642 | Energy: -82.478831 | Delta: 2.71e-02 | M: 23.2767 | Path: GPU-cuStateVec MPI-distributed (4 ranks)
Iter 0643 | Energy: -82.458792 | Delta: 2.00e-02 | M: 27.0388 | Path: GPU-cuStateVec MPI-distributed (4 ranks)
Iter 0644 | Energy: -82.483199 | Delta: 2.44e-02 | M: 30.8870 | Path: GPU-cuStateVec MPI-distributed (4 ranks)
Iter 0645 | Energy: -82.480486 | Delta: 2.71e-03 | M: 42.2791 | Path: GPU-cuStateVec MPI-distributed (4 ranks)
[RESILIENCE] Iteration 645: Global theta state checkpointed at path checkpoints/H2O/checkpoint_iter_0645.npy. 
Iter 0646 | Energy: -82.465445 | Delta: 1.50e-02 | M: 29.0963 | Path: GPU-cuStateVec MPI-distributed (4 ranks)
Iter 0647 | Energy: -82.459354 | Delta: 6.09e-03 | M: 8674.7439 | Path: GPU-cuStateVec MPI-distributed (4 ranks)
Iter 0648 | Energy: -82.459085 | Delta: 2.69e-04 | M: 24.8778 | Path: GPU-cuStateVec MPI-distributed (4 ranks)
Iter 0649 | Energy: -82.450314 | Delta: 8.77e-03 | M: 47.1167 | Path: GPU-cuStateVec MPI-distributed (4 ranks)
Iter 0650 | Energy: -82.464661 | Delta: 1.43e-02 | M: 65.5606 | Path: GPU-cuStateVec MPI-distributed (4 ranks)
[RESILIENCE] Iteration 650: Global theta state checkpointed at path checkpoints/H2O/checkpoint_iter_0650.npy. 
Iter 0651 | Energy: -82.445822 | Delta: 1.88e-02 | M: 52.7274 | Path: GPU-cuStateVec MPI-distributed (4 ranks)
Iter 0652 | Energy: -82.471572 | Delta: 2.57e-02 | M: 38.0389 | Path: GPU-cuStateVec MPI-distributed (4 ranks)
Iter 0653 | Energy: -82.490486 | Delta: 1.89e-02 | M: 32.8017 | Path: GPU-cuStateVec MPI-distributed (4 ranks)
Iter 0654 | Energy: -82.464128 | Delta: 2.64e-02 | M: 23.9316 | Path: GPU-cuStateVec MPI-distributed (4 ranks)
Iter 0655 | Energy: -82.492974 | Delta: 2.88e-02 | M: 43.0780 | Path: GPU-cuStateVec MPI-distributed (4 ranks)
[RESILIENCE] Iteration 655: Global theta state checkpointed at path checkpoints/H2O/checkpoint_iter_0655.npy. 
Iter 0656 | Energy: -82.464004 | Delta: 2.90e-02 | M: 44.0650 | Path: GPU-cuStateVec MPI-distributed (4 ranks)
Iter 0657 | Energy: -82.495730 | Delta: 3.17e-02 | M: 23.2331 | Path: GPU-cuStateVec MPI-distributed (4 ranks)
Iter 0658 | Energy: -82.475280 | Delta: 2.05e-02 | M: 67.1809 | Path: GPU-cuStateVec MPI-distributed (4 ranks)
Iter 0659 | Energy: -82.505312 | Delta: 3.00e-02 | M: 78.6096 | Path: GPU-cuStateVec MPI-distributed (4 ranks)
Iter 0660 | Energy: -82.459672 | Delta: 4.56e-02 | M: 46.0944 | Path: GPU-cuStateVec MPI-distributed (4 ranks)
[RESILIENCE] Iteration 660: Global theta state checkpointed at path checkpoints/H2O/checkpoint_iter_0660.npy. 
Iter 0661 | Energy: -82.493047 | Delta: 3.34e-02 | M: 46.4980 | Path: GPU-cuStateVec MPI-distributed (4 ranks)
Iter 0662 | Energy: -82.468245 | Delta: 2.48e-02 | M: 27.8743 | Path: GPU-cuStateVec MPI-distributed (4 ranks)
Iter 0663 | Energy: -82.504369 | Delta: 3.61e-02 | M: 79.2507 | Path: GPU-cuStateVec MPI-distributed (4 ranks)
Iter 0664 | Energy: -82.461077 | Delta: 4.33e-02 | M: 43.7393 | Path: GPU-cuStateVec MPI-distributed (4 ranks)
Iter 0665 | Energy: -82.476348 | Delta: 1.53e-02 | M: 19.5083 | Path: GPU-cuStateVec MPI-distributed (4 ranks)
[RESILIENCE] Iteration 665: Global theta state checkpointed at path checkpoints/H2O/checkpoint_iter_0665.npy. 
Iter 0666 | Energy: -82.483393 | Delta: 7.05e-03 | M: 25.3272 | Path: GPU-cuStateVec MPI-distributed (4 ranks)
Iter 0667 | Energy: -82.490096 | Delta: 6.70e-03 | M: 24.8082 | Path: GPU-cuStateVec MPI-distributed (4 ranks)
Iter 0668 | Energy: -82.500336 | Delta: 1.02e-02 | M: 34.5519 | Path: GPU-cuStateVec MPI-distributed (4 ranks)
Iter 0669 | Energy: -82.499811 | Delta: 5.25e-04 | M: 7866.3908 | Path: GPU-cuStateVec MPI-distributed (4 ranks)
Iter 0670 | Energy: -82.498336 | Delta: 1.47e-03 | M: 40.8913 | Path: GPU-cuStateVec MPI-distributed (4 ranks)
[RESILIENCE] Iteration 670: Global theta state checkpointed at path checkpoints/H2O/checkpoint_iter_0670.npy. 
Iter 0671 | Energy: -82.473340 | Delta: 2.50e-02 | M: 21.9218 | Path: GPU-cuStateVec MPI-distributed (4 ranks)
Iter 0672 | Energy: -82.498610 | Delta: 2.53e-02 | M: 20.7458 | Path: GPU-cuStateVec MPI-distributed (4 ranks)
Iter 0673 | Energy: -82.464467 | Delta: 3.41e-02 | M: 24.7902 | Path: GPU-cuStateVec MPI-distributed (4 ranks)
Iter 0674 | Energy: -82.500736 | Delta: 3.63e-02 | M: 36.1329 | Path: GPU-cuStateVec MPI-distributed (4 ranks)
Iter 0675 | Energy: -82.496947 | Delta: 3.79e-03 | M: 76.9514 | Path: GPU-cuStateVec MPI-distributed (4 ranks)
[RESILIENCE] Iteration 675: Global theta state checkpointed at path checkpoints/H2O/checkpoint_iter_0675.npy. 
Iter 0676 | Energy: -82.474353 | Delta: 2.26e-02 | M: 15.0067 | Path: GPU-cuStateVec MPI-distributed (4 ranks)
Iter 0677 | Energy: -82.506404 | Delta: 3.21e-02 | M: 29.4869 | Path: GPU-cuStateVec MPI-distributed (4 ranks)
Iter 0678 | Energy: -82.514824 | Delta: 8.42e-03 | M: 21.7960 | Path: GPU-cuStateVec MPI-distributed (4 ranks)
Iter 0679 | Energy: -82.516048 | Delta: 1.22e-03 | M: 25.3945 | Path: GPU-cuStateVec MPI-distributed (4 ranks)
Iter 0680 | Energy: -82.477105 | Delta: 3.89e-02 | M: 44.1779 | Path: GPU-cuStateVec MPI-distributed (4 ranks)
[RESILIENCE] Iteration 680: Global theta state checkpointed at path checkpoints/H2O/checkpoint_iter_0680.npy. 
Iter 0681 | Energy: -82.483504 | Delta: 6.40e-03 | M: 46.6633 | Path: GPU-cuStateVec MPI-distributed (4 ranks)
Iter 0682 | Energy: -82.527066 | Delta: 4.36e-02 | M: 77.8687 | Path: GPU-cuStateVec MPI-distributed (4 ranks)
Iter 0683 | Energy: -82.527243 | Delta: 1.78e-04 | M: 38.3018 | Path: GPU-cuStateVec MPI-distributed (4 ranks)
Iter 0684 | Energy: -82.488703 | Delta: 3.85e-02 | M: 23.3343 | Path: GPU-cuStateVec MPI-distributed (4 ranks)
Iter 0685 | Energy: -82.530360 | Delta: 4.17e-02 | M: 26.9811 | Path: GPU-cuStateVec MPI-distributed (4 ranks)
[RESILIENCE] Iteration 685: Global theta state checkpointed at path checkpoints/H2O/checkpoint_iter_0685.npy. 
Iter 0686 | Energy: -82.487233 | Delta: 4.31e-02 | M: 39.1595 | Path: GPU-cuStateVec MPI-distributed (4 ranks)
Iter 0687 | Energy: -82.499061 | Delta: 1.18e-02 | M: 57.7222 | Path: GPU-cuStateVec MPI-distributed (4 ranks)
Iter 0688 | Energy: -82.499922 | Delta: 8.61e-04 | M: 8835.3621 | Path: GPU-cuStateVec MPI-distributed (4 ranks)
Iter 0689 | Energy: -82.513341 | Delta: 1.34e-02 | M: 31.4253 | Path: GPU-cuStateVec MPI-distributed (4 ranks)
Iter 0690 | Energy: -82.518999 | Delta: 5.66e-03 | M: 38.1899 | Path: GPU-cuStateVec MPI-distributed (4 ranks)
[RESILIENCE] Iteration 690: Global theta state checkpointed at path checkpoints/H2O/checkpoint_iter_0690.npy. 
Iter 0691 | Energy: -82.525295 | Delta: 6.30e-03 | M: 27.3347 | Path: GPU-cuStateVec MPI-distributed (4 ranks)
Iter 0692 | Energy: -82.506392 | Delta: 1.89e-02 | M: 31.9281 | Path: GPU-cuStateVec MPI-distributed (4 ranks)
Iter 0693 | Energy: -82.516937 | Delta: 1.05e-02 | M: 22.6640 | Path: GPU-cuStateVec MPI-distributed (4 ranks)
Iter 0694 | Energy: -82.505865 | Delta: 1.11e-02 | M: 6245.0732 | Path: GPU-cuStateVec MPI-distributed (4 ranks)
Iter 0695 | Energy: -82.510629 | Delta: 4.76e-03 | M: 38.8242 | Path: GPU-cuStateVec MPI-distributed (4 ranks)
[RESILIENCE] Iteration 695: Global theta state checkpointed at path checkpoints/H2O/checkpoint_iter_0695.npy. 
Iter 0696 | Energy: -82.498113 | Delta: 1.25e-02 | M: 32.7789 | Path: GPU-cuStateVec MPI-distributed (4 ranks)
Iter 0697 | Energy: -82.523188 | Delta: 2.51e-02 | M: 22.4045 | Path: GPU-cuStateVec MPI-distributed (4 ranks)
Iter 0698 | Energy: -82.508627 | Delta: 1.46e-02 | M: 25.5260 | Path: GPU-cuStateVec MPI-distributed (4 ranks)
Iter 0699 | Energy: -82.510426 | Delta: 1.80e-03 | M: 31.8268 | Path: GPU-cuStateVec MPI-distributed (4 ranks)
Iter 0700 | Energy: -82.511607 | Delta: 1.18e-03 | M: 41.4246 | Path: GPU-cuStateVec MPI-distributed (4 ranks)
[RESILIENCE] Iteration 700: Global theta state checkpointed at path checkpoints/H2O/checkpoint_iter_0700.npy. 
Iter 0701 | Energy: -82.545726 | Delta: 3.41e-02 | M: 39.4896 | Path: GPU-cuStateVec MPI-distributed (4 ranks)
Iter 0702 | Energy: -82.515814 | Delta: 2.99e-02 | M: 27.5919 | Path: GPU-cuStateVec MPI-distributed (4 ranks)
Iter 0703 | Energy: -82.504737 | Delta: 1.11e-02 | M: 38.3212 | Path: GPU-cuStateVec MPI-distributed (4 ranks)
Iter 0704 | Energy: -82.540287 | Delta: 3.56e-02 | M: 38.6715 | Path: GPU-cuStateVec MPI-distributed (4 ranks)
Iter 0705 | Energy: -82.534137 | Delta: 6.15e-03 | M: 52.5577 | Path: GPU-cuStateVec MPI-distributed (4 ranks)
[RESILIENCE] Iteration 705: Global theta state checkpointed at path checkpoints/H2O/checkpoint_iter_0705.npy. 
Iter 0706 | Energy: -82.544482 | Delta: 1.03e-02 | M: 11075.5510 | Path: GPU-cuStateVec MPI-distributed (4 ranks)
Iter 0707 | Energy: -82.536198 | Delta: 8.28e-03 | M: 26.6211 | Path: GPU-cuStateVec MPI-distributed (4 ranks)
Iter 0708 | Energy: -82.543624 | Delta: 7.43e-03 | M: 26.5790 | Path: GPU-cuStateVec MPI-distributed (4 ranks)
Iter 0709 | Energy: -82.508711 | Delta: 3.49e-02 | M: 6862.0108 | Path: GPU-cuStateVec MPI-distributed (4 ranks)
Iter 0710 | Energy: -82.541912 | Delta: 3.32e-02 | M: 23.9359 | Path: GPU-cuStateVec MPI-distributed (4 ranks)
[RESILIENCE] Iteration 710: Global theta state checkpointed at path checkpoints/H2O/checkpoint_iter_0710.npy. 
Iter 0711 | Energy: -82.542208 | Delta: 2.96e-04 | M: 80.4595 | Path: GPU-cuStateVec MPI-distributed (4 ranks)
Iter 0712 | Energy: -82.552784 | Delta: 1.06e-02 | M: 10057.8810 | Path: GPU-cuStateVec MPI-distributed (4 ranks)
Iter 0713 | Energy: -82.514706 | Delta: 3.81e-02 | M: 23.5607 | Path: GPU-cuStateVec MPI-distributed (4 ranks)
Iter 0714 | Energy: -82.556939 | Delta: 4.22e-02 | M: 27.4744 | Path: GPU-cuStateVec MPI-distributed (4 ranks)
Iter 0715 | Energy: -82.542601 | Delta: 1.43e-02 | M: 21.1201 | Path: GPU-cuStateVec MPI-distributed (4 ranks)
[RESILIENCE] Iteration 715: Global theta state checkpointed at path checkpoints/H2O/checkpoint_iter_0715.npy. 
Iter 0716 | Energy: -82.534475 | Delta: 8.13e-03 | M: 41.1249 | Path: GPU-cuStateVec MPI-distributed (4 ranks)
Iter 0717 | Energy: -82.537835 | Delta: 3.36e-03 | M: 42.4252 | Path: GPU-cuStateVec MPI-distributed (4 ranks)
Iter 0718 | Energy: -82.513121 | Delta: 2.47e-02 | M: 66.7715 | Path: GPU-cuStateVec MPI-distributed (4 ranks)
Iter 0719 | Energy: -82.553666 | Delta: 4.05e-02 | M: 48.3905 | Path: GPU-cuStateVec MPI-distributed (4 ranks)
Iter 0720 | Energy: -82.553397 | Delta: 2.70e-04 | M: 40.0948 | Path: GPU-cuStateVec MPI-distributed (4 ranks)
[RESILIENCE] Iteration 720: Global theta state checkpointed at path checkpoints/H2O/checkpoint_iter_0720.npy. 
Iter 0721 | Energy: -82.541201 | Delta: 1.22e-02 | M: 22.1158 | Path: GPU-cuStateVec MPI-distributed (4 ranks)
Iter 0722 | Energy: -82.559746 | Delta: 1.85e-02 | M: 25.4525 | Path: GPU-cuStateVec MPI-distributed (4 ranks)
Iter 0723 | Energy: -82.569373 | Delta: 9.63e-03 | M: 39.0620 | Path: GPU-cuStateVec MPI-distributed (4 ranks)
Iter 0724 | Energy: -82.571087 | Delta: 1.71e-03 | M: 44.9569 | Path: GPU-cuStateVec MPI-distributed (4 ranks)
Iter 0725 | Energy: -82.527824 | Delta: 4.33e-02 | M: 35.7662 | Path: GPU-cuStateVec MPI-distributed (4 ranks)
[RESILIENCE] Iteration 725: Global theta state checkpointed at path checkpoints/H2O/checkpoint_iter_0725.npy. 
Iter 0726 | Energy: -82.559608 | Delta: 3.18e-02 | M: 27.3569 | Path: GPU-cuStateVec MPI-distributed (4 ranks)
Iter 0727 | Energy: -82.529287 | Delta: 3.03e-02 | M: 23.9856 | Path: GPU-cuStateVec MPI-distributed (4 ranks)
Iter 0728 | Energy: -82.531117 | Delta: 1.83e-03 | M: 20.1028 | Path: GPU-cuStateVec MPI-distributed (4 ranks)
Iter 0729 | Energy: -82.572403 | Delta: 4.13e-02 | M: 43.1261 | Path: GPU-cuStateVec MPI-distributed (4 ranks)
Iter 0730 | Energy: -82.568795 | Delta: 3.61e-03 | M: 34.0440 | Path: GPU-cuStateVec MPI-distributed (4 ranks)
[RESILIENCE] Iteration 730: Global theta state checkpointed at path checkpoints/H2O/checkpoint_iter_0730.npy. 
Iter 0731 | Energy: -82.583813 | Delta: 1.50e-02 | M: 7721.1533 | Path: GPU-cuStateVec MPI-distributed (4 ranks)
Iter 0732 | Energy: -82.542828 | Delta: 4.10e-02 | M: 26.2893 | Path: GPU-cuStateVec MPI-distributed (4 ranks)
Iter 0733 | Energy: -82.573876 | Delta: 3.10e-02 | M: 38.9935 | Path: GPU-cuStateVec MPI-distributed (4 ranks)
Iter 0734 | Energy: -82.567077 | Delta: 6.80e-03 | M: 40.3811 | Path: GPU-cuStateVec MPI-distributed (4 ranks)
Iter 0735 | Energy: -82.576987 | Delta: 9.91e-03 | M: 34.2514 | Path: GPU-cuStateVec MPI-distributed (4 ranks)
[RESILIENCE] Iteration 735: Global theta state checkpointed at path checkpoints/H2O/checkpoint_iter_0735.npy. 
Iter 0736 | Energy: -82.576031 | Delta: 9.55e-04 | M: 13.5732 | Path: GPU-cuStateVec MPI-distributed (4 ranks)
Iter 0737 | Energy: -82.555214 | Delta: 2.08e-02 | M: 24.9821 | Path: GPU-cuStateVec MPI-distributed (4 ranks)
Iter 0738 | Energy: -82.581348 | Delta: 2.61e-02 | M: 36.0113 | Path: GPU-cuStateVec MPI-distributed (4 ranks)
Iter 0739 | Energy: -82.580108 | Delta: 1.24e-03 | M: 25.3316 | Path: GPU-cuStateVec MPI-distributed (4 ranks)
Iter 0740 | Energy: -82.578707 | Delta: 1.40e-03 | M: 77.9867 | Path: GPU-cuStateVec MPI-distributed (4 ranks)
[RESILIENCE] Iteration 740: Global theta state checkpointed at path checkpoints/H2O/checkpoint_iter_0740.npy. 
Iter 0741 | Energy: -82.554810 | Delta: 2.39e-02 | M: 25.8938 | Path: GPU-cuStateVec MPI-distributed (4 ranks)
Iter 0742 | Energy: -82.588161 | Delta: 3.34e-02 | M: 40.4247 | Path: GPU-cuStateVec MPI-distributed (4 ranks)
Iter 0743 | Energy: -82.575640 | Delta: 1.25e-02 | M: 24.5340 | Path: GPU-cuStateVec MPI-distributed (4 ranks)
Iter 0744 | Energy: -82.556803 | Delta: 1.88e-02 | M: 75.7458 | Path: GPU-cuStateVec MPI-distributed (4 ranks)
Iter 0745 | Energy: -82.570424 | Delta: 1.36e-02 | M: 10026.1718 | Path: GPU-cuStateVec MPI-distributed (4 ranks)
[RESILIENCE] Iteration 745: Global theta state checkpointed at path checkpoints/H2O/checkpoint_iter_0745.npy. 
Iter 0746 | Energy: -82.556882 | Delta: 1.35e-02 | M: 37.7896 | Path: GPU-cuStateVec MPI-distributed (4 ranks)
Iter 0747 | Energy: -82.579738 | Delta: 2.29e-02 | M: 92.7252 | Path: GPU-cuStateVec MPI-distributed (4 ranks)
Iter 0748 | Energy: -82.559278 | Delta: 2.05e-02 | M: 25.2769 | Path: GPU-cuStateVec MPI-distributed (4 ranks)
Iter 0749 | Energy: -82.585240 | Delta: 2.60e-02 | M: 127.9000 | Path: GPU-cuStateVec MPI-distributed (4 ranks)
Iter 0750 | Energy: -82.589880 | Delta: 4.64e-03 | M: 37.2107 | Path: GPU-cuStateVec MPI-distributed (4 ranks)
[RESILIENCE] Iteration 750: Global theta state checkpointed at path checkpoints/H2O/checkpoint_iter_0750.npy. 
Iter 0751 | Energy: -82.575114 | Delta: 1.48e-02 | M: 83.5006 | Path: GPU-cuStateVec MPI-distributed (4 ranks)
Iter 0752 | Energy: -82.573309 | Delta: 1.80e-03 | M: 77.6771 | Path: GPU-cuStateVec MPI-distributed (4 ranks)
Iter 0753 | Energy: -82.598677 | Delta: 2.54e-02 | M: 26.8376 | Path: GPU-cuStateVec MPI-distributed (4 ranks)
Iter 0754 | Energy: -82.591879 | Delta: 6.80e-03 | M: 43.7531 | Path: GPU-cuStateVec MPI-distributed (4 ranks)
Iter 0755 | Energy: -82.547046 | Delta: 4.48e-02 | M: 43.5604 | Path: GPU-cuStateVec MPI-distributed (4 ranks)
[RESILIENCE] Iteration 755: Global theta state checkpointed at path checkpoints/H2O/checkpoint_iter_0755.npy. 
Iter 0756 | Energy: -82.581023 | Delta: 3.40e-02 | M: 38.3697 | Path: GPU-cuStateVec MPI-distributed (4 ranks)
Iter 0757 | Energy: -82.585176 | Delta: 4.15e-03 | M: 22.7192 | Path: GPU-cuStateVec MPI-distributed (4 ranks)
Iter 0758 | Energy: -82.565330 | Delta: 1.98e-02 | M: 72.3377 | Path: GPU-cuStateVec MPI-distributed (4 ranks)
Iter 0759 | Energy: -82.591445 | Delta: 2.61e-02 | M: 26.3176 | Path: GPU-cuStateVec MPI-distributed (4 ranks)
Iter 0760 | Energy: -82.603898 | Delta: 1.25e-02 | M: 38.0808 | Path: GPU-cuStateVec MPI-distributed (4 ranks)
[RESILIENCE] Iteration 760: Global theta state checkpointed at path checkpoints/H2O/checkpoint_iter_0760.npy. 
Iter 0761 | Energy: -82.579538 | Delta: 2.44e-02 | M: 80.9437 | Path: GPU-cuStateVec MPI-distributed (4 ranks)
Iter 0762 | Energy: -82.599189 | Delta: 1.97e-02 | M: 37.0612 | Path: GPU-cuStateVec MPI-distributed (4 ranks)
Iter 0763 | Energy: -82.590578 | Delta: 8.61e-03 | M: 43.9980 | Path: GPU-cuStateVec MPI-distributed (4 ranks)
Iter 0764 | Energy: -82.589703 | Delta: 8.75e-04 | M: 38.3849 | Path: GPU-cuStateVec MPI-distributed (4 ranks)
Iter 0765 | Energy: -82.570514 | Delta: 1.92e-02 | M: 28.9989 | Path: GPU-cuStateVec MPI-distributed (4 ranks)
[RESILIENCE] Iteration 765: Global theta state checkpointed at path checkpoints/H2O/checkpoint_iter_0765.npy. 
Iter 0766 | Energy: -82.590336 | Delta: 1.98e-02 | M: 113.7802 | Path: GPU-cuStateVec MPI-distributed (4 ranks)
Iter 0767 | Energy: -82.578663 | Delta: 1.17e-02 | M: 40.0634 | Path: GPU-cuStateVec MPI-distributed (4 ranks)
Iter 0768 | Energy: -82.593377 | Delta: 1.47e-02 | M: 72.9837 | Path: GPU-cuStateVec MPI-distributed (4 ranks)
Iter 0769 | Energy: -82.606260 | Delta: 1.29e-02 | M: 25.2877 | Path: GPU-cuStateVec MPI-distributed (4 ranks)
Iter 0770 | Energy: -82.565692 | Delta: 4.06e-02 | M: 39.7987 | Path: GPU-cuStateVec MPI-distributed (4 ranks)
[RESILIENCE] Iteration 770: Global theta state checkpointed at path checkpoints/H2O/checkpoint_iter_0770.npy. 
Iter 0771 | Energy: -82.609316 | Delta: 4.36e-02 | M: 50.5630 | Path: GPU-cuStateVec MPI-distributed (4 ranks)
Iter 0772 | Energy: -82.573560 | Delta: 3.58e-02 | M: 43.5139 | Path: GPU-cuStateVec MPI-distributed (4 ranks)
Iter 0773 | Energy: -82.564929 | Delta: 8.63e-03 | M: 9899.3327 | Path: GPU-cuStateVec MPI-distributed (4 ranks)
Iter 0774 | Energy: -82.598526 | Delta: 3.36e-02 | M: 7120.6019 | Path: GPU-cuStateVec MPI-distributed (4 ranks)
Iter 0775 | Energy: -82.610823 | Delta: 1.23e-02 | M: 36.9944 | Path: GPU-cuStateVec MPI-distributed (4 ranks)
[RESILIENCE] Iteration 775: Global theta state checkpointed at path checkpoints/H2O/checkpoint_iter_0775.npy. 
Iter 0776 | Energy: -82.585208 | Delta: 2.56e-02 | M: 39.8515 | Path: GPU-cuStateVec MPI-distributed (4 ranks)
Iter 0777 | Energy: -82.596343 | Delta: 1.11e-02 | M: 29.3951 | Path: GPU-cuStateVec MPI-distributed (4 ranks)
Iter 0778 | Energy: -82.592561 | Delta: 3.78e-03 | M: 37.1216 | Path: GPU-cuStateVec MPI-distributed (4 ranks)
Iter 0779 | Energy: -82.606846 | Delta: 1.43e-02 | M: 8876.1026 | Path: GPU-cuStateVec MPI-distributed (4 ranks)
Iter 0780 | Energy: -82.599016 | Delta: 7.83e-03 | M: 49.7688 | Path: GPU-cuStateVec MPI-distributed (4 ranks)
[RESILIENCE] Iteration 780: Global theta state checkpointed at path checkpoints/H2O/checkpoint_iter_0780.npy. 
Iter 0781 | Energy: -82.591862 | Delta: 7.15e-03 | M: 38.4027 | Path: GPU-cuStateVec MPI-distributed (4 ranks)
Iter 0782 | Energy: -82.574081 | Delta: 1.78e-02 | M: 33.8387 | Path: GPU-cuStateVec MPI-distributed (4 ranks)
Iter 0783 | Energy: -82.612668 | Delta: 3.86e-02 | M: 20.9222 | Path: GPU-cuStateVec MPI-distributed (4 ranks)
Iter 0784 | Energy: -82.609986 | Delta: 2.68e-03 | M: 42.6133 | Path: GPU-cuStateVec MPI-distributed (4 ranks)
Iter 0785 | Energy: -82.585811 | Delta: 2.42e-02 | M: 9222.0055 | Path: GPU-cuStateVec MPI-distributed (4 ranks)
[RESILIENCE] Iteration 785: Global theta state checkpointed at path checkpoints/H2O/checkpoint_iter_0785.npy. 
Iter 0786 | Energy: -82.591691 | Delta: 5.88e-03 | M: 23.7310 | Path: GPU-cuStateVec MPI-distributed (4 ranks)
Iter 0787 | Energy: -82.603038 | Delta: 1.13e-02 | M: 39.7556 | Path: GPU-cuStateVec MPI-distributed (4 ranks)
Iter 0788 | Energy: -82.609657 | Delta: 6.62e-03 | M: 37.1857 | Path: GPU-cuStateVec MPI-distributed (4 ranks)
Iter 0789 | Energy: -82.583633 | Delta: 2.60e-02 | M: 21.2130 | Path: GPU-cuStateVec MPI-distributed (4 ranks)
Iter 0790 | Energy: -82.612061 | Delta: 2.84e-02 | M: 38.9986 | Path: GPU-cuStateVec MPI-distributed (4 ranks)
[RESILIENCE] Iteration 790: Global theta state checkpointed at path checkpoints/H2O/checkpoint_iter_0790.npy. 
Iter 0791 | Energy: -82.584773 | Delta: 2.73e-02 | M: 108.2245 | Path: GPU-cuStateVec MPI-distributed (4 ranks)
Iter 0792 | Energy: -82.584726 | Delta: 4.73e-05 | M: 22.4025 | Path: GPU-cuStateVec MPI-distributed (4 ranks)
Iter 0793 | Energy: -82.604813 | Delta: 2.01e-02 | M: 23.5717 | Path: GPU-cuStateVec MPI-distributed (4 ranks)
Iter 0794 | Energy: -82.594475 | Delta: 1.03e-02 | M: 44.5565 | Path: GPU-cuStateVec MPI-distributed (4 ranks)
Iter 0795 | Energy: -82.608818 | Delta: 1.43e-02 | M: 25.3516 | Path: GPU-cuStateVec MPI-distributed (4 ranks)
[RESILIENCE] Iteration 795: Global theta state checkpointed at path checkpoints/H2O/checkpoint_iter_0795.npy. 
Iter 0796 | Energy: -82.621431 | Delta: 1.26e-02 | M: 36.5696 | Path: GPU-cuStateVec MPI-distributed (4 ranks)
Iter 0797 | Energy: -82.594362 | Delta: 2.71e-02 | M: 33.4924 | Path: GPU-cuStateVec MPI-distributed (4 ranks)
Iter 0798 | Energy: -82.598374 | Delta: 4.01e-03 | M: 27.5404 | Path: GPU-cuStateVec MPI-distributed (4 ranks)
Iter 0799 | Energy: -82.600604 | Delta: 2.23e-03 | M: 22.7076 | Path: GPU-cuStateVec MPI-distributed (4 ranks)
Iter 0800 | Energy: -82.619773 | Delta: 1.92e-02 | M: 43.2197 | Path: GPU-cuStateVec MPI-distributed (4 ranks)
[RESILIENCE] Iteration 800: Global theta state checkpointed at path checkpoints/H2O/checkpoint_iter_0800.npy. 
Iter 0801 | Energy: -82.606917 | Delta: 1.29e-02 | M: 32.9521 | Path: GPU-cuStateVec MPI-distributed (4 ranks)
Iter 0802 | Energy: -82.620964 | Delta: 1.40e-02 | M: 41.6259 | Path: GPU-cuStateVec MPI-distributed (4 ranks)
Iter 0803 | Energy: -82.585603 | Delta: 3.54e-02 | M: 22.2707 | Path: GPU-cuStateVec MPI-distributed (4 ranks)
Iter 0804 | Energy: -82.609506 | Delta: 2.39e-02 | M: 38.0444 | Path: GPU-cuStateVec MPI-distributed (4 ranks)
Iter 0805 | Energy: -82.621177 | Delta: 1.17e-02 | M: 29.1480 | Path: GPU-cuStateVec MPI-distributed (4 ranks)
[RESILIENCE] Iteration 805: Global theta state checkpointed at path checkpoints/H2O/checkpoint_iter_0805.npy. 
Iter 0806 | Energy: -82.618937 | Delta: 2.24e-03 | M: 74.6151 | Path: GPU-cuStateVec MPI-distributed (4 ranks)
Iter 0807 | Energy: -82.642443 | Delta: 2.35e-02 | M: 269.3309 | Path: GPU-cuStateVec MPI-distributed (4 ranks)
Iter 0808 | Energy: -82.603555 | Delta: 3.89e-02 | M: 41.8237 | Path: GPU-cuStateVec MPI-distributed (4 ranks)
Iter 0809 | Energy: -82.598634 | Delta: 4.92e-03 | M: 36.9331 | Path: GPU-cuStateVec MPI-distributed (4 ranks)
Iter 0810 | Energy: -82.579791 | Delta: 1.88e-02 | M: 2269.9643 | Path: GPU-cuStateVec MPI-distributed (4 ranks)
[RESILIENCE] Iteration 810: Global theta state checkpointed at path checkpoints/H2O/checkpoint_iter_0810.npy. 
Iter 0811 | Energy: -82.614093 | Delta: 3.43e-02 | M: 28.7148 | Path: GPU-cuStateVec MPI-distributed (4 ranks)
Iter 0812 | Energy: -82.616676 | Delta: 2.58e-03 | M: 47.9270 | Path: GPU-cuStateVec MPI-distributed (4 ranks)
Iter 0813 | Energy: -82.630562 | Delta: 1.39e-02 | M: 48.4448 | Path: GPU-cuStateVec MPI-distributed (4 ranks)
Iter 0814 | Energy: -82.613763 | Delta: 1.68e-02 | M: 77.3619 | Path: GPU-cuStateVec MPI-distributed (4 ranks)
Iter 0815 | Energy: -82.632187 | Delta: 1.84e-02 | M: 319.1574 | Path: GPU-cuStateVec MPI-distributed (4 ranks)
[RESILIENCE] Iteration 815: Global theta state checkpointed at path checkpoints/H2O/checkpoint_iter_0815.npy. 
Iter 0816 | Energy: -82.605877 | Delta: 2.63e-02 | M: 43.5989 | Path: GPU-cuStateVec MPI-distributed (4 ranks)
Iter 0817 | Energy: -82.616617 | Delta: 1.07e-02 | M: 44.6723 | Path: GPU-cuStateVec MPI-distributed (4 ranks)
Iter 0818 | Energy: -82.638717 | Delta: 2.21e-02 | M: 20.7466 | Path: GPU-cuStateVec MPI-distributed (4 ranks)
Iter 0819 | Energy: -82.603124 | Delta: 3.56e-02 | M: 38.3319 | Path: GPU-cuStateVec MPI-distributed (4 ranks)
Iter 0820 | Energy: -82.600253 | Delta: 2.87e-03 | M: 21.4417 | Path: GPU-cuStateVec MPI-distributed (4 ranks)
[RESILIENCE] Iteration 820: Global theta state checkpointed at path checkpoints/H2O/checkpoint_iter_0820.npy. 
Iter 0821 | Energy: -82.641009 | Delta: 4.08e-02 | M: 9223.9526 | Path: GPU-cuStateVec MPI-distributed (4 ranks)
Iter 0822 | Energy: -82.610316 | Delta: 3.07e-02 | M: 40.6766 | Path: GPU-cuStateVec MPI-distributed (4 ranks)
Iter 0823 | Energy: -82.638502 | Delta: 2.82e-02 | M: 26.6124 | Path: GPU-cuStateVec MPI-distributed (4 ranks)
Iter 0824 | Energy: -82.597455 | Delta: 4.10e-02 | M: 27.4341 | Path: GPU-cuStateVec MPI-distributed (4 ranks)
Iter 0825 | Energy: -82.612276 | Delta: 1.48e-02 | M: 45.5265 | Path: GPU-cuStateVec MPI-distributed (4 ranks)
[RESILIENCE] Iteration 825: Global theta state checkpointed at path checkpoints/H2O/checkpoint_iter_0825.npy. 
Iter 0826 | Energy: -82.615358 | Delta: 3.08e-03 | M: 22.3819 | Path: GPU-cuStateVec MPI-distributed (4 ranks)
Iter 0827 | Energy: -82.621578 | Delta: 6.22e-03 | M: 22.5493 | Path: GPU-cuStateVec MPI-distributed (4 ranks)
Iter 0828 | Energy: -82.643752 | Delta: 2.22e-02 | M: 26.7339 | Path: GPU-cuStateVec MPI-distributed (4 ranks)
Iter 0829 | Energy: -82.660897 | Delta: 1.71e-02 | M: 26.9915 | Path: GPU-cuStateVec MPI-distributed (4 ranks)
Iter 0830 | Energy: -82.614633 | Delta: 4.63e-02 | M: 23.2480 | Path: GPU-cuStateVec MPI-distributed (4 ranks)
[RESILIENCE] Iteration 830: Global theta state checkpointed at path checkpoints/H2O/checkpoint_iter_0830.npy. 
Iter 0831 | Energy: -82.660088 | Delta: 4.55e-02 | M: 20.6789 | Path: GPU-cuStateVec MPI-distributed (4 ranks)
Iter 0832 | Energy: -82.630740 | Delta: 2.93e-02 | M: 21.8683 | Path: GPU-cuStateVec MPI-distributed (4 ranks)
Iter 0833 | Energy: -82.643031 | Delta: 1.23e-02 | M: 27.3223 | Path: GPU-cuStateVec MPI-distributed (4 ranks)
Iter 0834 | Energy: -82.649993 | Delta: 6.96e-03 | M: 25.6319 | Path: GPU-cuStateVec MPI-distributed (4 ranks)
Iter 0835 | Energy: -82.662087 | Delta: 1.21e-02 | M: 25.4230 | Path: GPU-cuStateVec MPI-distributed (4 ranks)
[RESILIENCE] Iteration 835: Global theta state checkpointed at path checkpoints/H2O/checkpoint_iter_0835.npy. 
Iter 0836 | Energy: -82.620546 | Delta: 4.15e-02 | M: 33.2959 | Path: GPU-cuStateVec MPI-distributed (4 ranks)
Iter 0837 | Energy: -82.650713 | Delta: 3.02e-02 | M: 25.1395 | Path: GPU-cuStateVec MPI-distributed (4 ranks)
Iter 0838 | Energy: -82.665059 | Delta: 1.43e-02 | M: 25.1521 | Path: GPU-cuStateVec MPI-distributed (4 ranks)
Iter 0839 | Energy: -82.634822 | Delta: 3.02e-02 | M: 112.9345 | Path: GPU-cuStateVec MPI-distributed (4 ranks)
Iter 0840 | Energy: -82.666770 | Delta: 3.19e-02 | M: 21.2021 | Path: GPU-cuStateVec MPI-distributed (4 ranks)
[RESILIENCE] Iteration 840: Global theta state checkpointed at path checkpoints/H2O/checkpoint_iter_0840.npy. 
Iter 0841 | Energy: -82.640295 | Delta: 2.65e-02 | M: 64.0805 | Path: GPU-cuStateVec MPI-distributed (4 ranks)
Iter 0842 | Energy: -82.625120 | Delta: 1.52e-02 | M: 36.5274 | Path: GPU-cuStateVec MPI-distributed (4 ranks)
Iter 0843 | Energy: -82.645646 | Delta: 2.05e-02 | M: 23.4956 | Path: GPU-cuStateVec MPI-distributed (4 ranks)
Iter 0844 | Energy: -82.670752 | Delta: 2.51e-02 | M: 21.2325 | Path: GPU-cuStateVec MPI-distributed (4 ranks)
Iter 0845 | Energy: -82.660698 | Delta: 1.01e-02 | M: 24.9540 | Path: GPU-cuStateVec MPI-distributed (4 ranks)
[RESILIENCE] Iteration 845: Global theta state checkpointed at path checkpoints/H2O/checkpoint_iter_0845.npy. 
Iter 0846 | Energy: -82.634339 | Delta: 2.64e-02 | M: 23.1142 | Path: GPU-cuStateVec MPI-distributed (4 ranks)
Iter 0847 | Energy: -82.632725 | Delta: 1.61e-03 | M: 41.6273 | Path: GPU-cuStateVec MPI-distributed (4 ranks)
Iter 0848 | Energy: -82.660835 | Delta: 2.81e-02 | M: 30.7883 | Path: GPU-cuStateVec MPI-distributed (4 ranks)
Iter 0849 | Energy: -82.634605 | Delta: 2.62e-02 | M: 22.3680 | Path: GPU-cuStateVec MPI-distributed (4 ranks)
Iter 0850 | Energy: -82.626348 | Delta: 8.26e-03 | M: 24.8077 | Path: GPU-cuStateVec MPI-distributed (4 ranks)
[RESILIENCE] Iteration 850: Global theta state checkpointed at path checkpoints/H2O/checkpoint_iter_0850.npy. 
Iter 0851 | Energy: -82.660649 | Delta: 3.43e-02 | M: 24.1472 | Path: GPU-cuStateVec MPI-distributed (4 ranks)
Iter 0852 | Energy: -82.650050 | Delta: 1.06e-02 | M: 23.3443 | Path: GPU-cuStateVec MPI-distributed (4 ranks)
Iter 0853 | Energy: -82.635624 | Delta: 1.44e-02 | M: 43.5874 | Path: GPU-cuStateVec MPI-distributed (4 ranks)
Iter 0854 | Energy: -82.615683 | Delta: 1.99e-02 | M: 21.3957 | Path: GPU-cuStateVec MPI-distributed (4 ranks)
Iter 0855 | Energy: -82.657899 | Delta: 4.22e-02 | M: 22.2317 | Path: GPU-cuStateVec MPI-distributed (4 ranks)
[RESILIENCE] Iteration 855: Global theta state checkpointed at path checkpoints/H2O/checkpoint_iter_0855.npy. 
Iter 0856 | Energy: -82.648451 | Delta: 9.45e-03 | M: 24.1991 | Path: GPU-cuStateVec MPI-distributed (4 ranks)
Iter 0857 | Energy: -82.670807 | Delta: 2.24e-02 | M: 22.8123 | Path: GPU-cuStateVec MPI-distributed (4 ranks)
Iter 0858 | Energy: -82.634161 | Delta: 3.66e-02 | M: 25.1829 | Path: GPU-cuStateVec MPI-distributed (4 ranks)
Iter 0859 | Energy: -82.647004 | Delta: 1.28e-02 | M: 27.6124 | Path: GPU-cuStateVec MPI-distributed (4 ranks)
Iter 0860 | Energy: -82.643506 | Delta: 3.50e-03 | M: 27.4658 | Path: GPU-cuStateVec MPI-distributed (4 ranks)
[RESILIENCE] Iteration 860: Global theta state checkpointed at path checkpoints/H2O/checkpoint_iter_0860.npy. 
Iter 0861 | Energy: -82.646775 | Delta: 3.27e-03 | M: 36.8157 | Path: GPU-cuStateVec MPI-distributed (4 ranks)
Iter 0862 | Energy: -82.626978 | Delta: 1.98e-02 | M: 21.7389 | Path: GPU-cuStateVec MPI-distributed (4 ranks)
Iter 0863 | Energy: -82.684608 | Delta: 5.76e-02 | M: 22.6739 | Path: GPU-cuStateVec MPI-distributed (4 ranks)
Iter 0864 | Energy: -82.641600 | Delta: 4.30e-02 | M: 15.7608 | Path: GPU-cuStateVec MPI-distributed (4 ranks)
Iter 0865 | Energy: -82.660204 | Delta: 1.86e-02 | M: 32.4561 | Path: GPU-cuStateVec MPI-distributed (4 ranks)
[RESILIENCE] Iteration 865: Global theta state checkpointed at path checkpoints/H2O/checkpoint_iter_0865.npy. 
Iter 0866 | Energy: -82.651466 | Delta: 8.74e-03 | M: 33.3330 | Path: GPU-cuStateVec MPI-distributed (4 ranks)
Iter 0867 | Energy: -82.634579 | Delta: 1.69e-02 | M: 20.6973 | Path: GPU-cuStateVec MPI-distributed (4 ranks)
Iter 0868 | Energy: -82.650218 | Delta: 1.56e-02 | M: 22.3671 | Path: GPU-cuStateVec MPI-distributed (4 ranks)
Iter 0869 | Energy: -82.657005 | Delta: 6.79e-03 | M: 27.7505 | Path: GPU-cuStateVec MPI-distributed (4 ranks)
Iter 0870 | Energy: -82.650674 | Delta: 6.33e-03 | M: 21.6366 | Path: GPU-cuStateVec MPI-distributed (4 ranks)
[RESILIENCE] Iteration 870: Global theta state checkpointed at path checkpoints/H2O/checkpoint_iter_0870.npy. 
Iter 0871 | Energy: -82.669190 | Delta: 1.85e-02 | M: 40.9490 | Path: GPU-cuStateVec MPI-distributed (4 ranks)
Iter 0872 | Energy: -82.670307 | Delta: 1.12e-03 | M: 42.8772 | Path: GPU-cuStateVec MPI-distributed (4 ranks)
Iter 0873 | Energy: -82.647457 | Delta: 2.29e-02 | M: 24.9599 | Path: GPU-cuStateVec MPI-distributed (4 ranks)
Iter 0874 | Energy: -82.670967 | Delta: 2.35e-02 | M: 26.9623 | Path: GPU-cuStateVec MPI-distributed (4 ranks)
Iter 0875 | Energy: -82.676625 | Delta: 5.66e-03 | M: 23.3524 | Path: GPU-cuStateVec MPI-distributed (4 ranks)
[RESILIENCE] Iteration 875: Global theta state checkpointed at path checkpoints/H2O/checkpoint_iter_0875.npy. 
Iter 0876 | Energy: -82.678831 | Delta: 2.21e-03 | M: 29.9551 | Path: GPU-cuStateVec MPI-distributed (4 ranks)
Iter 0877 | Energy: -82.649935 | Delta: 2.89e-02 | M: 35.2852 | Path: GPU-cuStateVec MPI-distributed (4 ranks)
Iter 0878 | Energy: -82.640351 | Delta: 9.58e-03 | M: 40.8842 | Path: GPU-cuStateVec MPI-distributed (4 ranks)
Iter 0879 | Energy: -82.676181 | Delta: 3.58e-02 | M: 37.6177 | Path: GPU-cuStateVec MPI-distributed (4 ranks)
Iter 0880 | Energy: -82.680791 | Delta: 4.61e-03 | M: 27.7261 | Path: GPU-cuStateVec MPI-distributed (4 ranks)
[RESILIENCE] Iteration 880: Global theta state checkpointed at path checkpoints/H2O/checkpoint_iter_0880.npy. 
Iter 0881 | Energy: -82.650712 | Delta: 3.01e-02 | M: 23.8086 | Path: GPU-cuStateVec MPI-distributed (4 ranks)
Iter 0882 | Energy: -82.676005 | Delta: 2.53e-02 | M: 25.0571 | Path: GPU-cuStateVec MPI-distributed (4 ranks)
Iter 0883 | Energy: -82.672171 | Delta: 3.83e-03 | M: 39.0637 | Path: GPU-cuStateVec MPI-distributed (4 ranks)
Iter 0884 | Energy: -82.646401 | Delta: 2.58e-02 | M: 37.5505 | Path: GPU-cuStateVec MPI-distributed (4 ranks)
Iter 0885 | Energy: -82.678284 | Delta: 3.19e-02 | M: 37.7559 | Path: GPU-cuStateVec MPI-distributed (4 ranks)
[RESILIENCE] Iteration 885: Global theta state checkpointed at path checkpoints/H2O/checkpoint_iter_0885.npy. 
Iter 0886 | Energy: -82.650030 | Delta: 2.83e-02 | M: 25.9029 | Path: GPU-cuStateVec MPI-distributed (4 ranks)
Iter 0887 | Energy: -82.680481 | Delta: 3.05e-02 | M: 24.5455 | Path: GPU-cuStateVec MPI-distributed (4 ranks)
Iter 0888 | Energy: -82.646250 | Delta: 3.42e-02 | M: 24.9829 | Path: GPU-cuStateVec MPI-distributed (4 ranks)
Iter 0889 | Energy: -82.668529 | Delta: 2.23e-02 | M: 27.6874 | Path: GPU-cuStateVec MPI-distributed (4 ranks)
Iter 0890 | Energy: -82.654422 | Delta: 1.41e-02 | M: 32.0114 | Path: GPU-cuStateVec MPI-distributed (4 ranks)
[RESILIENCE] Iteration 890: Global theta state checkpointed at path checkpoints/H2O/checkpoint_iter_0890.npy. 
Iter 0891 | Energy: -82.672878 | Delta: 1.85e-02 | M: 40.2716 | Path: GPU-cuStateVec MPI-distributed (4 ranks)
Iter 0892 | Energy: -82.690826 | Delta: 1.79e-02 | M: 52.4142 | Path: GPU-cuStateVec MPI-distributed (4 ranks)
Iter 0893 | Energy: -82.647392 | Delta: 4.34e-02 | M: 24.0184 | Path: GPU-cuStateVec MPI-distributed (4 ranks)
Iter 0894 | Energy: -82.665641 | Delta: 1.82e-02 | M: 37.3594 | Path: GPU-cuStateVec MPI-distributed (4 ranks)
Iter 0895 | Energy: -82.662223 | Delta: 3.42e-03 | M: 88.9007 | Path: GPU-cuStateVec MPI-distributed (4 ranks)
[RESILIENCE] Iteration 895: Global theta state checkpointed at path checkpoints/H2O/checkpoint_iter_0895.npy. 
Iter 0896 | Energy: -82.680151 | Delta: 1.79e-02 | M: 30.4735 | Path: GPU-cuStateVec MPI-distributed (4 ranks)
[VQE] Best physical energy: -74.792123 Ha (error: 0.2203 Ha) at iter 37
[VQE] Final energy -82.680151 is below FCI — reporting best physical result

[H2O] Ansatz tier:hwe_adaptive
[H2O] Corr score: 0.502 
[H2O] Best physical energy: -74.792123 Ha 
[H2O] Reference FCI : -75.012437 Ha 
[H2O] Absolute error: +0.2203 Ha 
[Resolver] 'LiH' found in local registry 
[Resolver] 'LiH' found in local registry 
[H2O] Iterations run: 896 (best at iter 37)
[H2O] Wall time: 246.42s (includes QPU queue + RTT) 
[H2O] Time/iter: 0.28 s 
[H2O] Source: registry 
[H2O] Active electrons: 8 
[H2O] Estimated qubits: 12 
[H2O] Note: Frozen 2 core electrons. Active space: 8 electrons, 12 qubits 
[Resolver] 'LiH' found in local registry 

 RUNNING SCALING (with P=4 ranks) 
[Resolver] 'LiH' found in local registry 
[Chemistry:LiH] 631 Pauli terms, 12 qubits, 96 params, reps=2. FCI reference: -7.8825 Ha 
[Ansatz] HWE (adaptive) (auto) | corr_score=0.502 | off_diag_ratio=0.007
[Reason] score=0.502 in [0.25, 0.55). Moderate correlation (off_diag_ratio=0.007, zz_frac=0.979). Adaptive HWE with full entanglement recommended.
[Chemistry:LiH] 631 Pauli terms, 12 qubits, 96 params, reps=2. FCI reference: -7.8825 Ha 
[Ansatz] HWE (adaptive) (auto) | corr_score=0.502 | off_diag_ratio=0.007
[Reason] score=0.502 in [0.25, 0.55). Moderate correlation (off_diag_ratio=0.007, zz_frac=0.979). Adaptive HWE with full entanglement recommended.
[Chemistry:LiH] 631 Pauli terms, 12 qubits, 96 params, reps=2. FCI reference: -7.8825 Ha 
[Ansatz] HWE (adaptive) (auto) | corr_score=0.502 | off_diag_ratio=0.007
[Reason] score=0.502 in [0.25, 0.55). Moderate correlation (off_diag_ratio=0.007, zz_frac=0.979). Adaptive HWE with full entanglement recommended.
[Chemistry:LiH] 631 Pauli terms, 12 qubits, 96 params, reps=2. FCI reference: -7.8825 Ha 
[Ansatz] HWE (adaptive) (auto) | corr_score=0.502 | off_diag_ratio=0.007
[Reason] score=0.502 in [0.25, 0.55). Moderate correlation (off_diag_ratio=0.007, zz_frac=0.979). Adaptive HWE with full entanglement recommended.
Iter 0001 | Energy: -0.391347 | Delta: inf | M: 16.1753 | Path: GPU-cuStateVec MPI-distributed (4 ranks)
Iter 0002 | Energy: -0.353292 | Delta: 3.81e-02 | M: 27.8448 | Path: GPU-cuStateVec MPI-distributed (4 ranks)
Iter 0003 | Energy: -0.417267 | Delta: 6.40e-02 | M: 28.7868 | Path: GPU-cuStateVec MPI-distributed (4 ranks)
Iter 0004 | Energy: -0.638010 | Delta: 2.21e-01 | M: 40.3860 | Path: GPU-cuStateVec MPI-distributed (4 ranks)
Iter 0005 | Energy: -0.721660 | Delta: 8.36e-02 | M: 65.3053 | Path: GPU-cuStateVec MPI-distributed (4 ranks)
[RESILIENCE] Iteration 5: Global theta state checkpointed at path checkpoints/scaling/checkpoint_iter_0005.npy. 
Iter 0006 | Energy: -1.100416 | Delta: 3.79e-01 | M: 40.7065 | Path: GPU-cuStateVec MPI-distributed (4 ranks)
Iter 0007 | Energy: -1.138763 | Delta: 3.83e-02 | M: 26.3737 | Path: GPU-cuStateVec MPI-distributed (4 ranks)
Iter 0008 | Energy: -1.283152 | Delta: 1.44e-01 | M: 21.6209 | Path: GPU-cuStateVec MPI-distributed (4 ranks)
Iter 0009 | Energy: -1.253480 | Delta: 2.97e-02 | M: 43.7628 | Path: GPU-cuStateVec MPI-distributed (4 ranks)
Iter 0010 | Energy: -1.289499 | Delta: 3.60e-02 | M: 27.4214 | Path: GPU-cuStateVec MPI-distributed (4 ranks)
[RESILIENCE] Iteration 10: Global theta state checkpointed at path checkpoints/scaling/checkpoint_iter_0010.npy. 
[Scaling] P=4 T_total=2.4152 final_E=-1.289499 tier=hwe_adaptive qubits=12 iters=10
[Resolver] 'BeH2' found in local registry 
[Resolver] 'BeH2' found in local registry 
[Resolver] 'BeH2' found in local registry 

 RUNNING WEAK SCALING (P=4, molecule=BeH2)
[Resolver] 'BeH2' found in local registry 
[Chemistry:BeH2] 666 Pauli terms, 14 qubits, 112 params, reps=2. FCI reference: -15.5951 Ha 
[Ansatz] HWE (adaptive) (auto) | corr_score=0.501 | off_diag_ratio=0.004
[Reason] score=0.501 in [0.25, 0.55). Moderate correlation (off_diag_ratio=0.004, zz_frac=0.977). Adaptive HWE with full entanglement recommended.
[Chemistry:BeH2] 666 Pauli terms, 14 qubits, 112 params, reps=2. FCI reference: -15.5951 Ha 
[Ansatz] HWE (adaptive) (auto) | corr_score=0.501 | off_diag_ratio=0.004
[Reason] score=0.501 in [0.25, 0.55). Moderate correlation (off_diag_ratio=0.004, zz_frac=0.977). Adaptive HWE with full entanglement recommended.
[Chemistry:BeH2] 666 Pauli terms, 14 qubits, 112 params, reps=2. FCI reference: -15.5951 Ha 
[Ansatz] HWE (adaptive) (auto) | corr_score=0.501 | off_diag_ratio=0.004
[Reason] score=0.501 in [0.25, 0.55). Moderate correlation (off_diag_ratio=0.004, zz_frac=0.977). Adaptive HWE with full entanglement recommended.
[Chemistry:BeH2] 666 Pauli terms, 14 qubits, 112 params, reps=2. FCI reference: -15.5951 Ha 
[Ansatz] HWE (adaptive) (auto) | corr_score=0.501 | off_diag_ratio=0.004
[Reason] score=0.501 in [0.25, 0.55). Moderate correlation (off_diag_ratio=0.004, zz_frac=0.977). Adaptive HWE with full entanglement recommended.
Iter 0001 | Energy: -0.941342 | Delta: inf | M: 8.5799 | Path: GPU-cuStateVec MPI-distributed (4 ranks)
Iter 0002 | Energy: -0.833920 | Delta: 1.07e-01 | M: 52.9762 | Path: GPU-cuStateVec MPI-distributed (4 ranks)
Iter 0003 | Energy: -0.817770 | Delta: 1.62e-02 | M: 47.2007 | Path: GPU-cuStateVec MPI-distributed (4 ranks)
Iter 0004 | Energy: -1.556355 | Delta: 7.39e-01 | M: 41.9743 | Path: GPU-cuStateVec MPI-distributed (4 ranks)
Iter 0005 | Energy: -4.824463 | Delta: 3.27e+00 | M: 43.6341 | Path: GPU-cuStateVec MPI-distributed (4 ranks)
[RESILIENCE] Iteration 5: Global theta state checkpointed at path checkpoints/weak_scaling/checkpoint_iter_0005.npy. 
Iter 0006 | Energy: -5.071194 | Delta: 2.47e-01 | M: 64.5481 | Path: GPU-cuStateVec MPI-distributed (4 ranks)
Iter 0007 | Energy: -5.347888 | Delta: 2.77e-01 | M: 7450.8495 | Path: GPU-cuStateVec MPI-distributed (4 ranks)
Iter 0008 | Energy: -7.078545 | Delta: 1.73e+00 | M: 43.2982 | Path: GPU-cuStateVec MPI-distributed (4 ranks)
Iter 0009 | Energy: -7.193924 | Delta: 1.15e-01 | M: 14.4962 | Path: GPU-cuStateVec MPI-distributed (4 ranks)
Iter 0010 | Energy: -7.626978 | Delta: 4.33e-01 | M: 44.1884 | Path: GPU-cuStateVec MPI-distributed (4 ranks)
[RESILIENCE] Iteration 10: Global theta state checkpointed at path checkpoints/weak_scaling/checkpoint_iter_0010.npy. 
[Weak Scaling] P=4 mol=BeH2 terms=666 terms/rank=166 T_total=2.6187 T/iter=0.2619 final_E=-7.626978



---ALL LOCAL BENCHMARKS COMPLETE ----
Ranks used : 4
GPU : True
Backend : simulator 
Molecule   Energy (Ha)      Error (Ha)     Ansatz               Corr   Iters    Time(s)    T/iter(s) 
H2         -1.137153        +0.0001 Ha     HWE (adaptive)       0.342  200      39.62      0.1981    
LiH        -7.546284        +0.3362 Ha     HWE (adaptive)       0.502  768      179.75     0.2341    
BeH2       -15.555709       +0.0394 Ha     HWE (adaptive)       0.501  896      229.77     0.2564    
H2O        -74.792123       +0.2203 Ha     HWE (adaptive)       0.502  896      246.42     0.2750    
[Results] Saved to results/simulator/simulator_20260326_212054.json
[  792.27s] Log closed
[  792.31s] Log closed
[  792.32s] Log closed
[  792.38s] Log closed
