
==========
== CUDA ==
==========

CUDA Version 12.2.0

Container image Copyright (c) 2016-2023, NVIDIA CORPORATION & AFFILIATES. All rights reserved.

This container image and its contents are governed by the NVIDIA Deep Learning Container License.
By pulling and using the container, you accept the terms and conditions of this license:
https://developer.nvidia.com/ngc/nvidia-deep-learning-container-license

A copy of this license is made available in this container at /NGC-DL-CONTAINER-LICENSE for your convenience.

hpc_core and interface imported.
[    0.00s] Log started
[Config] GPU=requested
[Config] Molecules: ['H2', 'LiH', 'BeH2', 'H2O']
[Config] Resolver: max_qubits=20, cache=.pubchem_cache/
[Stack]  Initialized 1 MPI rank(s), GPU=enabled, SV_backend=CPU (Qiskit), backend='simulator'


--- RUNNING CHEMISTRY TASK H2 ---
[Resolver] 'H2' found in local registry 
[Chemistry:H2] 15 Pauli terms, 4 qubits, 24 params, reps=1. FCI reference: -1.1373 Ha 
[Ansatz] HWE (adaptive) (auto) | corr_score=0.342 | off_diag_ratio=0.056
[Reason] score=0.342 in [0.25, 0.55). Moderate correlation (off_diag_ratio=0.056, zz_frac=0.667). Adaptive HWE with full entanglement recommended.
Iter 0001 | Energy: -0.036757 | Delta: inf | M: 279.3461 | Path: CPU-Statevector MPI-distributed (1 ranks)
Iter 0002 | Energy: -0.034346 | Delta: 2.41e-03 | M: 204.4699 | Path: CPU-Statevector MPI-distributed (1 ranks)
Iter 0003 | Energy: -0.041786 | Delta: 7.44e-03 | M: 377.4396 | Path: CPU-Statevector MPI-distributed (1 ranks)
Iter 0004 | Energy: -0.022947 | Delta: 1.88e-02 | M: 373.6500 | Path: CPU-Statevector MPI-distributed (1 ranks)
Iter 0005 | Energy: -0.039845 | Delta: 1.69e-02 | M: 253.8930 | Path: CPU-Statevector MPI-distributed (1 ranks)
[RESILIENCE] Iteration 5: Global theta state checkpointed at path checkpoints/H2/checkpoint_iter_0005.npy. 
Iter 0006 | Energy: -0.032940 | Delta: 6.91e-03 | M: 375.1089 | Path: CPU-Statevector MPI-distributed (1 ranks)
Iter 0007 | Energy: -0.038593 | Delta: 5.65e-03 | M: 367.0856 | Path: CPU-Statevector MPI-distributed (1 ranks)
Iter 0008 | Energy: -0.034324 | Delta: 4.27e-03 | M: 360.1832 | Path: CPU-Statevector MPI-distributed (1 ranks)
Iter 0009 | Energy: -0.038720 | Delta: 4.40e-03 | M: 388.1716 | Path: CPU-Statevector MPI-distributed (1 ranks)
Iter 0010 | Energy: -0.038716 | Delta: 4.22e-06 | M: 395.8830 | Path: CPU-Statevector MPI-distributed (1 ranks)
[RESILIENCE] Iteration 10: Global theta state checkpointed at path checkpoints/H2/checkpoint_iter_0010.npy. 
Iter 0011 | Energy: -0.041388 | Delta: 2.67e-03 | M: 404.5150 | Path: CPU-Statevector MPI-distributed (1 ranks)
Iter 0012 | Energy: -0.039931 | Delta: 1.46e-03 | M: 376.1231 | Path: CPU-Statevector MPI-distributed (1 ranks)
Iter 0013 | Energy: -0.046354 | Delta: 6.42e-03 | M: 395.8043 | Path: CPU-Statevector MPI-distributed (1 ranks)
Iter 0014 | Energy: -0.041947 | Delta: 4.41e-03 | M: 424.9517 | Path: CPU-Statevector MPI-distributed (1 ranks)
Iter 0015 | Energy: -0.049653 | Delta: 7.71e-03 | M: 399.8925 | Path: CPU-Statevector MPI-distributed (1 ranks)
[RESILIENCE] Iteration 15: Global theta state checkpointed at path checkpoints/H2/checkpoint_iter_0015.npy. 
Iter 0016 | Energy: -0.047697 | Delta: 1.96e-03 | M: 407.0634 | Path: CPU-Statevector MPI-distributed (1 ranks)
Iter 0017 | Energy: -0.045866 | Delta: 1.83e-03 | M: 412.6347 | Path: CPU-Statevector MPI-distributed (1 ranks)
Iter 0018 | Energy: -0.051388 | Delta: 5.52e-03 | M: 417.3068 | Path: CPU-Statevector MPI-distributed (1 ranks)
Iter 0019 | Energy: -0.055030 | Delta: 3.64e-03 | M: 393.1831 | Path: CPU-Statevector MPI-distributed (1 ranks)
Iter 0020 | Energy: -0.056306 | Delta: 1.28e-03 | M: 386.8958 | Path: CPU-Statevector MPI-distributed (1 ranks)
[RESILIENCE] Iteration 20: Global theta state checkpointed at path checkpoints/H2/checkpoint_iter_0020.npy. 
Iter 0021 | Energy: -0.055543 | Delta: 7.63e-04 | M: 416.0651 | Path: CPU-Statevector MPI-distributed (1 ranks)
Iter 0022 | Energy: -0.061926 | Delta: 6.38e-03 | M: 414.0403 | Path: CPU-Statevector MPI-distributed (1 ranks)
Iter 0023 | Energy: -0.061371 | Delta: 5.56e-04 | M: 412.1265 | Path: CPU-Statevector MPI-distributed (1 ranks)
Iter 0024 | Energy: -0.052939 | Delta: 8.43e-03 | M: 403.1428 | Path: CPU-Statevector MPI-distributed (1 ranks)
Iter 0025 | Energy: -0.057413 | Delta: 4.47e-03 | M: 390.6893 | Path: CPU-Statevector MPI-distributed (1 ranks)
[RESILIENCE] Iteration 25: Global theta state checkpointed at path checkpoints/H2/checkpoint_iter_0025.npy. 
Iter 0026 | Energy: -0.072205 | Delta: 1.48e-02 | M: 408.8978 | Path: CPU-Statevector MPI-distributed (1 ranks)
Iter 0027 | Energy: -0.082031 | Delta: 9.83e-03 | M: 404.7634 | Path: CPU-Statevector MPI-distributed (1 ranks)
Iter 0028 | Energy: -0.088259 | Delta: 6.23e-03 | M: 404.5780 | Path: CPU-Statevector MPI-distributed (1 ranks)
Iter 0029 | Energy: -0.083477 | Delta: 4.78e-03 | M: 392.2419 | Path: CPU-Statevector MPI-distributed (1 ranks)
Iter 0030 | Energy: -0.087601 | Delta: 4.12e-03 | M: 388.0990 | Path: CPU-Statevector MPI-distributed (1 ranks)
[RESILIENCE] Iteration 30: Global theta state checkpointed at path checkpoints/H2/checkpoint_iter_0030.npy. 
Iter 0031 | Energy: -0.095204 | Delta: 7.60e-03 | M: 267.7301 | Path: CPU-Statevector MPI-distributed (1 ranks)
Iter 0032 | Energy: -0.104732 | Delta: 9.53e-03 | M: 392.4585 | Path: CPU-Statevector MPI-distributed (1 ranks)
Iter 0033 | Energy: -0.105180 | Delta: 4.48e-04 | M: 400.9924 | Path: CPU-Statevector MPI-distributed (1 ranks)
Iter 0034 | Energy: -0.107591 | Delta: 2.41e-03 | M: 405.0818 | Path: CPU-Statevector MPI-distributed (1 ranks)
Iter 0035 | Energy: -0.117344 | Delta: 9.75e-03 | M: 412.4891 | Path: CPU-Statevector MPI-distributed (1 ranks)
[RESILIENCE] Iteration 35: Global theta state checkpointed at path checkpoints/H2/checkpoint_iter_0035.npy. 
Iter 0036 | Energy: -0.125186 | Delta: 7.84e-03 | M: 437.5791 | Path: CPU-Statevector MPI-distributed (1 ranks)
Iter 0037 | Energy: -0.123267 | Delta: 1.92e-03 | M: 408.7809 | Path: CPU-Statevector MPI-distributed (1 ranks)
Iter 0038 | Energy: -0.137322 | Delta: 1.41e-02 | M: 419.6652 | Path: CPU-Statevector MPI-distributed (1 ranks)
Iter 0039 | Energy: -0.152753 | Delta: 1.54e-02 | M: 416.2361 | Path: CPU-Statevector MPI-distributed (1 ranks)
Iter 0040 | Energy: -0.157060 | Delta: 4.31e-03 | M: 330.2308 | Path: CPU-Statevector MPI-distributed (1 ranks)
[RESILIENCE] Iteration 40: Global theta state checkpointed at path checkpoints/H2/checkpoint_iter_0040.npy. 
Iter 0041 | Energy: -0.157721 | Delta: 6.61e-04 | M: 399.7780 | Path: CPU-Statevector MPI-distributed (1 ranks)
Iter 0042 | Energy: -0.156961 | Delta: 7.60e-04 | M: 404.7710 | Path: CPU-Statevector MPI-distributed (1 ranks)
Iter 0043 | Energy: -0.162177 | Delta: 5.22e-03 | M: 411.7520 | Path: CPU-Statevector MPI-distributed (1 ranks)
Iter 0044 | Energy: -0.179111 | Delta: 1.69e-02 | M: 398.6694 | Path: CPU-Statevector MPI-distributed (1 ranks)
Iter 0045 | Energy: -0.188373 | Delta: 9.26e-03 | M: 408.2610 | Path: CPU-Statevector MPI-distributed (1 ranks)
[RESILIENCE] Iteration 45: Global theta state checkpointed at path checkpoints/H2/checkpoint_iter_0045.npy. 
Iter 0046 | Energy: -0.200790 | Delta: 1.24e-02 | M: 391.0276 | Path: CPU-Statevector MPI-distributed (1 ranks)
Iter 0047 | Energy: -0.197062 | Delta: 3.73e-03 | M: 397.0155 | Path: CPU-Statevector MPI-distributed (1 ranks)
Iter 0048 | Energy: -0.189798 | Delta: 7.26e-03 | M: 402.9428 | Path: CPU-Statevector MPI-distributed (1 ranks)
Iter 0049 | Energy: -0.205025 | Delta: 1.52e-02 | M: 410.0772 | Path: CPU-Statevector MPI-distributed (1 ranks)
Iter 0050 | Energy: -0.234639 | Delta: 2.96e-02 | M: 393.1040 | Path: CPU-Statevector MPI-distributed (1 ranks)
[RESILIENCE] Iteration 50: Global theta state checkpointed at path checkpoints/H2/checkpoint_iter_0050.npy. 
Iter 0051 | Energy: -0.230608 | Delta: 4.03e-03 | M: 398.8458 | Path: CPU-Statevector MPI-distributed (1 ranks)
Iter 0052 | Energy: -0.238507 | Delta: 7.90e-03 | M: 390.4901 | Path: CPU-Statevector MPI-distributed (1 ranks)
Iter 0053 | Energy: -0.245525 | Delta: 7.02e-03 | M: 414.9176 | Path: CPU-Statevector MPI-distributed (1 ranks)
Iter 0054 | Energy: -0.237356 | Delta: 8.17e-03 | M: 409.4634 | Path: CPU-Statevector MPI-distributed (1 ranks)
Iter 0055 | Energy: -0.259306 | Delta: 2.19e-02 | M: 411.6834 | Path: CPU-Statevector MPI-distributed (1 ranks)
[RESILIENCE] Iteration 55: Global theta state checkpointed at path checkpoints/H2/checkpoint_iter_0055.npy. 
Iter 0056 | Energy: -0.275362 | Delta: 1.61e-02 | M: 401.6606 | Path: CPU-Statevector MPI-distributed (1 ranks)
Iter 0057 | Energy: -0.272275 | Delta: 3.09e-03 | M: 398.6362 | Path: CPU-Statevector MPI-distributed (1 ranks)
Iter 0058 | Energy: -0.292185 | Delta: 1.99e-02 | M: 431.2002 | Path: CPU-Statevector MPI-distributed (1 ranks)
Iter 0059 | Energy: -0.302573 | Delta: 1.04e-02 | M: 410.0269 | Path: CPU-Statevector MPI-distributed (1 ranks)
Iter 0060 | Energy: -0.349488 | Delta: 4.69e-02 | M: 407.7007 | Path: CPU-Statevector MPI-distributed (1 ranks)
[RESILIENCE] Iteration 60: Global theta state checkpointed at path checkpoints/H2/checkpoint_iter_0060.npy. 
Iter 0061 | Energy: -0.377147 | Delta: 2.77e-02 | M: 397.0285 | Path: CPU-Statevector MPI-distributed (1 ranks)
Iter 0062 | Energy: -0.377085 | Delta: 6.25e-05 | M: 397.8868 | Path: CPU-Statevector MPI-distributed (1 ranks)
Iter 0063 | Energy: -0.378766 | Delta: 1.68e-03 | M: 394.5330 | Path: CPU-Statevector MPI-distributed (1 ranks)
Iter 0064 | Energy: -0.397378 | Delta: 1.86e-02 | M: 404.2538 | Path: CPU-Statevector MPI-distributed (1 ranks)
Iter 0065 | Energy: -0.428638 | Delta: 3.13e-02 | M: 392.3975 | Path: CPU-Statevector MPI-distributed (1 ranks)
[RESILIENCE] Iteration 65: Global theta state checkpointed at path checkpoints/H2/checkpoint_iter_0065.npy. 
Iter 0066 | Energy: -0.428725 | Delta: 8.65e-05 | M: 411.5535 | Path: CPU-Statevector MPI-distributed (1 ranks)
Iter 0067 | Energy: -0.456223 | Delta: 2.75e-02 | M: 392.2722 | Path: CPU-Statevector MPI-distributed (1 ranks)
Iter 0068 | Energy: -0.477559 | Delta: 2.13e-02 | M: 407.5454 | Path: CPU-Statevector MPI-distributed (1 ranks)
Iter 0069 | Energy: -0.481686 | Delta: 4.13e-03 | M: 422.2706 | Path: CPU-Statevector MPI-distributed (1 ranks)
Iter 0070 | Energy: -0.489568 | Delta: 7.88e-03 | M: 419.0985 | Path: CPU-Statevector MPI-distributed (1 ranks)
[RESILIENCE] Iteration 70: Global theta state checkpointed at path checkpoints/H2/checkpoint_iter_0070.npy. 
Iter 0071 | Energy: -0.488210 | Delta: 1.36e-03 | M: 401.1910 | Path: CPU-Statevector MPI-distributed (1 ranks)
Iter 0072 | Energy: -0.492942 | Delta: 4.73e-03 | M: 389.5834 | Path: CPU-Statevector MPI-distributed (1 ranks)
Iter 0073 | Energy: -0.555441 | Delta: 6.25e-02 | M: 394.1504 | Path: CPU-Statevector MPI-distributed (1 ranks)
Iter 0074 | Energy: -0.558116 | Delta: 2.67e-03 | M: 414.6046 | Path: CPU-Statevector MPI-distributed (1 ranks)
Iter 0075 | Energy: -0.557646 | Delta: 4.70e-04 | M: 412.4043 | Path: CPU-Statevector MPI-distributed (1 ranks)
[RESILIENCE] Iteration 75: Global theta state checkpointed at path checkpoints/H2/checkpoint_iter_0075.npy. 
Iter 0076 | Energy: -0.555519 | Delta: 2.13e-03 | M: 400.5220 | Path: CPU-Statevector MPI-distributed (1 ranks)
Iter 0077 | Energy: -0.569376 | Delta: 1.39e-02 | M: 394.9947 | Path: CPU-Statevector MPI-distributed (1 ranks)
Iter 0078 | Energy: -0.593032 | Delta: 2.37e-02 | M: 387.7720 | Path: CPU-Statevector MPI-distributed (1 ranks)
Iter 0079 | Energy: -0.586227 | Delta: 6.81e-03 | M: 397.7275 | Path: CPU-Statevector MPI-distributed (1 ranks)
Iter 0080 | Energy: -0.591151 | Delta: 4.92e-03 | M: 443.6485 | Path: CPU-Statevector MPI-distributed (1 ranks)
[RESILIENCE] Iteration 80: Global theta state checkpointed at path checkpoints/H2/checkpoint_iter_0080.npy. 
Iter 0081 | Energy: -0.608018 | Delta: 1.69e-02 | M: 395.3207 | Path: CPU-Statevector MPI-distributed (1 ranks)
Iter 0082 | Energy: -0.603117 | Delta: 4.90e-03 | M: 399.8944 | Path: CPU-Statevector MPI-distributed (1 ranks)
Iter 0083 | Energy: -0.603431 | Delta: 3.14e-04 | M: 399.0393 | Path: CPU-Statevector MPI-distributed (1 ranks)
Iter 0084 | Energy: -0.623809 | Delta: 2.04e-02 | M: 420.9501 | Path: CPU-Statevector MPI-distributed (1 ranks)
Iter 0085 | Energy: -0.618667 | Delta: 5.14e-03 | M: 406.6083 | Path: CPU-Statevector MPI-distributed (1 ranks)
[RESILIENCE] Iteration 85: Global theta state checkpointed at path checkpoints/H2/checkpoint_iter_0085.npy. 
Iter 0086 | Energy: -0.648739 | Delta: 3.01e-02 | M: 408.4922 | Path: CPU-Statevector MPI-distributed (1 ranks)
Iter 0087 | Energy: -0.645768 | Delta: 2.97e-03 | M: 399.3909 | Path: CPU-Statevector MPI-distributed (1 ranks)
Iter 0088 | Energy: -0.648330 | Delta: 2.56e-03 | M: 394.1323 | Path: CPU-Statevector MPI-distributed (1 ranks)
Iter 0089 | Energy: -0.652072 | Delta: 3.74e-03 | M: 392.1417 | Path: CPU-Statevector MPI-distributed (1 ranks)
Iter 0090 | Energy: -0.663115 | Delta: 1.10e-02 | M: 415.0932 | Path: CPU-Statevector MPI-distributed (1 ranks)
[RESILIENCE] Iteration 90: Global theta state checkpointed at path checkpoints/H2/checkpoint_iter_0090.npy. 
Iter 0091 | Energy: -0.667072 | Delta: 3.96e-03 | M: 399.7825 | Path: CPU-Statevector MPI-distributed (1 ranks)
Iter 0092 | Energy: -0.686643 | Delta: 1.96e-02 | M: 398.1740 | Path: CPU-Statevector MPI-distributed (1 ranks)
Iter 0093 | Energy: -0.717692 | Delta: 3.10e-02 | M: 411.1251 | Path: CPU-Statevector MPI-distributed (1 ranks)
Iter 0094 | Energy: -0.725276 | Delta: 7.58e-03 | M: 391.6406 | Path: CPU-Statevector MPI-distributed (1 ranks)
Iter 0095 | Energy: -0.760465 | Delta: 3.52e-02 | M: 415.3563 | Path: CPU-Statevector MPI-distributed (1 ranks)
[RESILIENCE] Iteration 95: Global theta state checkpointed at path checkpoints/H2/checkpoint_iter_0095.npy. 
Iter 0096 | Energy: -0.760575 | Delta: 1.10e-04 | M: 403.8397 | Path: CPU-Statevector MPI-distributed (1 ranks)
Iter 0097 | Energy: -0.792131 | Delta: 3.16e-02 | M: 397.8507 | Path: CPU-Statevector MPI-distributed (1 ranks)
Iter 0098 | Energy: -0.811251 | Delta: 1.91e-02 | M: 401.3632 | Path: CPU-Statevector MPI-distributed (1 ranks)
Iter 0099 | Energy: -0.834872 | Delta: 2.36e-02 | M: 409.0125 | Path: CPU-Statevector MPI-distributed (1 ranks)
Iter 0100 | Energy: -0.866477 | Delta: 3.16e-02 | M: 398.8144 | Path: CPU-Statevector MPI-distributed (1 ranks)
[RESILIENCE] Iteration 100: Global theta state checkpointed at path checkpoints/H2/checkpoint_iter_0100.npy. 
Iter 0101 | Energy: -0.858003 | Delta: 8.47e-03 | M: 404.6858 | Path: CPU-Statevector MPI-distributed (1 ranks)
Iter 0102 | Energy: -0.907781 | Delta: 4.98e-02 | M: 446.8679 | Path: CPU-Statevector MPI-distributed (1 ranks)
Iter 0103 | Energy: -0.914757 | Delta: 6.98e-03 | M: 403.1867 | Path: CPU-Statevector MPI-distributed (1 ranks)
Iter 0104 | Energy: -0.910524 | Delta: 4.23e-03 | M: 393.1684 | Path: CPU-Statevector MPI-distributed (1 ranks)
Iter 0105 | Energy: -0.916545 | Delta: 6.02e-03 | M: 392.4866 | Path: CPU-Statevector MPI-distributed (1 ranks)
[RESILIENCE] Iteration 105: Global theta state checkpointed at path checkpoints/H2/checkpoint_iter_0105.npy. 
Iter 0106 | Energy: -0.913122 | Delta: 3.42e-03 | M: 393.7645 | Path: CPU-Statevector MPI-distributed (1 ranks)
Iter 0107 | Energy: -0.935058 | Delta: 2.19e-02 | M: 402.9861 | Path: CPU-Statevector MPI-distributed (1 ranks)
Iter 0108 | Energy: -0.939233 | Delta: 4.17e-03 | M: 406.2416 | Path: CPU-Statevector MPI-distributed (1 ranks)
Iter 0109 | Energy: -0.938823 | Delta: 4.09e-04 | M: 404.2725 | Path: CPU-Statevector MPI-distributed (1 ranks)
Iter 0110 | Energy: -0.951156 | Delta: 1.23e-02 | M: 393.9221 | Path: CPU-Statevector MPI-distributed (1 ranks)
[RESILIENCE] Iteration 110: Global theta state checkpointed at path checkpoints/H2/checkpoint_iter_0110.npy. 
Iter 0111 | Energy: -0.972435 | Delta: 2.13e-02 | M: 407.3577 | Path: CPU-Statevector MPI-distributed (1 ranks)
Iter 0112 | Energy: -1.014662 | Delta: 4.22e-02 | M: 416.5018 | Path: CPU-Statevector MPI-distributed (1 ranks)
Iter 0113 | Energy: -1.021855 | Delta: 7.19e-03 | M: 414.4342 | Path: CPU-Statevector MPI-distributed (1 ranks)
Iter 0114 | Energy: -1.039026 | Delta: 1.72e-02 | M: 396.5255 | Path: CPU-Statevector MPI-distributed (1 ranks)
Iter 0115 | Energy: -1.078631 | Delta: 3.96e-02 | M: 399.7969 | Path: CPU-Statevector MPI-distributed (1 ranks)
[RESILIENCE] Iteration 115: Global theta state checkpointed at path checkpoints/H2/checkpoint_iter_0115.npy. 
Iter 0116 | Energy: -1.074066 | Delta: 4.57e-03 | M: 408.7457 | Path: CPU-Statevector MPI-distributed (1 ranks)
Iter 0117 | Energy: -1.080843 | Delta: 6.78e-03 | M: 652.8031 | Path: CPU-Statevector MPI-distributed (1 ranks)
Iter 0118 | Energy: -1.077193 | Delta: 3.65e-03 | M: 384.6265 | Path: CPU-Statevector MPI-distributed (1 ranks)
Iter 0119 | Energy: -1.098943 | Delta: 2.18e-02 | M: 402.8857 | Path: CPU-Statevector MPI-distributed (1 ranks)
Iter 0120 | Energy: -1.113970 | Delta: 1.50e-02 | M: 400.2702 | Path: CPU-Statevector MPI-distributed (1 ranks)
[RESILIENCE] Iteration 120: Global theta state checkpointed at path checkpoints/H2/checkpoint_iter_0120.npy. 
Iter 0121 | Energy: -1.120281 | Delta: 6.31e-03 | M: 406.0726 | Path: CPU-Statevector MPI-distributed (1 ranks)
Iter 0122 | Energy: -1.117180 | Delta: 3.10e-03 | M: 389.3810 | Path: CPU-Statevector MPI-distributed (1 ranks)
Iter 0123 | Energy: -1.131374 | Delta: 1.42e-02 | M: 399.7469 | Path: CPU-Statevector MPI-distributed (1 ranks)
Iter 0124 | Energy: -1.130586 | Delta: 7.89e-04 | M: 495.9729 | Path: CPU-Statevector MPI-distributed (1 ranks)
Iter 0125 | Energy: -1.134508 | Delta: 3.92e-03 | M: 404.1677 | Path: CPU-Statevector MPI-distributed (1 ranks)
[RESILIENCE] Iteration 125: Global theta state checkpointed at path checkpoints/H2/checkpoint_iter_0125.npy. 
Iter 0126 | Energy: -1.134896 | Delta: 3.87e-04 | M: 396.6076 | Path: CPU-Statevector MPI-distributed (1 ranks)
NOTE: Energy -1.1695 crossed below FCI -1.1373 at iter 127 — HWE ansatz leaving physical sector (expected limitation)
Iter 0127 | Energy: -1.169454 | Delta: 3.46e-02 | M: 397.2957 | Path: CPU-Statevector MPI-distributed (1 ranks)
Iter 0128 | Energy: -1.161551 | Delta: 7.90e-03 | M: 393.7367 | Path: CPU-Statevector MPI-distributed (1 ranks)
Iter 0129 | Energy: -1.165341 | Delta: 3.79e-03 | M: 413.0326 | Path: CPU-Statevector MPI-distributed (1 ranks)
Iter 0130 | Energy: -1.162592 | Delta: 2.75e-03 | M: 404.4984 | Path: CPU-Statevector MPI-distributed (1 ranks)
[RESILIENCE] Iteration 130: Global theta state checkpointed at path checkpoints/H2/checkpoint_iter_0130.npy. 
Iter 0131 | Energy: -1.166031 | Delta: 3.44e-03 | M: 395.8826 | Path: CPU-Statevector MPI-distributed (1 ranks)
Iter 0132 | Energy: -1.172081 | Delta: 6.05e-03 | M: 401.0265 | Path: CPU-Statevector MPI-distributed (1 ranks)
Iter 0133 | Energy: -1.169426 | Delta: 2.66e-03 | M: 403.1326 | Path: CPU-Statevector MPI-distributed (1 ranks)
Iter 0134 | Energy: -1.178971 | Delta: 9.54e-03 | M: 407.2830 | Path: CPU-Statevector MPI-distributed (1 ranks)
Iter 0135 | Energy: -1.182285 | Delta: 3.31e-03 | M: 401.3934 | Path: CPU-Statevector MPI-distributed (1 ranks)
[RESILIENCE] Iteration 135: Global theta state checkpointed at path checkpoints/H2/checkpoint_iter_0135.npy. 
Iter 0136 | Energy: -1.177917 | Delta: 4.37e-03 | M: 412.7137 | Path: CPU-Statevector MPI-distributed (1 ranks)
Iter 0137 | Energy: -1.179370 | Delta: 1.45e-03 | M: 400.5595 | Path: CPU-Statevector MPI-distributed (1 ranks)
Iter 0138 | Energy: -1.186667 | Delta: 7.30e-03 | M: 412.0937 | Path: CPU-Statevector MPI-distributed (1 ranks)
Iter 0139 | Energy: -1.188373 | Delta: 1.71e-03 | M: 417.7414 | Path: CPU-Statevector MPI-distributed (1 ranks)
Iter 0140 | Energy: -1.187870 | Delta: 5.03e-04 | M: 426.1209 | Path: CPU-Statevector MPI-distributed (1 ranks)
[RESILIENCE] Iteration 140: Global theta state checkpointed at path checkpoints/H2/checkpoint_iter_0140.npy. 
Iter 0141 | Energy: -1.212090 | Delta: 2.42e-02 | M: 411.4232 | Path: CPU-Statevector MPI-distributed (1 ranks)
Iter 0142 | Energy: -1.214721 | Delta: 2.63e-03 | M: 395.6645 | Path: CPU-Statevector MPI-distributed (1 ranks)
Iter 0143 | Energy: -1.219015 | Delta: 4.29e-03 | M: 400.2135 | Path: CPU-Statevector MPI-distributed (1 ranks)
Iter 0144 | Energy: -1.230619 | Delta: 1.16e-02 | M: 410.6707 | Path: CPU-Statevector MPI-distributed (1 ranks)
Iter 0145 | Energy: -1.231294 | Delta: 6.75e-04 | M: 414.0002 | Path: CPU-Statevector MPI-distributed (1 ranks)
[RESILIENCE] Iteration 145: Global theta state checkpointed at path checkpoints/H2/checkpoint_iter_0145.npy. 
Iter 0146 | Energy: -1.238420 | Delta: 7.13e-03 | M: 446.9605 | Path: CPU-Statevector MPI-distributed (1 ranks)
Iter 0147 | Energy: -1.240041 | Delta: 1.62e-03 | M: 405.6582 | Path: CPU-Statevector MPI-distributed (1 ranks)
Iter 0148 | Energy: -1.253496 | Delta: 1.35e-02 | M: 400.5086 | Path: CPU-Statevector MPI-distributed (1 ranks)
Iter 0149 | Energy: -1.265603 | Delta: 1.21e-02 | M: 421.6526 | Path: CPU-Statevector MPI-distributed (1 ranks)
Iter 0150 | Energy: -1.270863 | Delta: 5.26e-03 | M: 411.0180 | Path: CPU-Statevector MPI-distributed (1 ranks)
[RESILIENCE] Iteration 150: Global theta state checkpointed at path checkpoints/H2/checkpoint_iter_0150.npy. 
Iter 0151 | Energy: -1.268570 | Delta: 2.29e-03 | M: 399.2442 | Path: CPU-Statevector MPI-distributed (1 ranks)
Iter 0152 | Energy: -1.276877 | Delta: 8.31e-03 | M: 397.0209 | Path: CPU-Statevector MPI-distributed (1 ranks)
Iter 0153 | Energy: -1.284514 | Delta: 7.64e-03 | M: 395.0989 | Path: CPU-Statevector MPI-distributed (1 ranks)
Iter 0154 | Energy: -1.295406 | Delta: 1.09e-02 | M: 415.5889 | Path: CPU-Statevector MPI-distributed (1 ranks)
Iter 0155 | Energy: -1.297339 | Delta: 1.93e-03 | M: 402.8391 | Path: CPU-Statevector MPI-distributed (1 ranks)
[RESILIENCE] Iteration 155: Global theta state checkpointed at path checkpoints/H2/checkpoint_iter_0155.npy. 
Iter 0156 | Energy: -1.296740 | Delta: 5.99e-04 | M: 400.6307 | Path: CPU-Statevector MPI-distributed (1 ranks)
Iter 0157 | Energy: -1.302708 | Delta: 5.97e-03 | M: 401.8176 | Path: CPU-Statevector MPI-distributed (1 ranks)
Iter 0158 | Energy: -1.304841 | Delta: 2.13e-03 | M: 401.3451 | Path: CPU-Statevector MPI-distributed (1 ranks)
Iter 0159 | Energy: -1.314083 | Delta: 9.24e-03 | M: 393.0077 | Path: CPU-Statevector MPI-distributed (1 ranks)
Iter 0160 | Energy: -1.323153 | Delta: 9.07e-03 | M: 402.0895 | Path: CPU-Statevector MPI-distributed (1 ranks)
[RESILIENCE] Iteration 160: Global theta state checkpointed at path checkpoints/H2/checkpoint_iter_0160.npy. 
Iter 0161 | Energy: -1.325430 | Delta: 2.28e-03 | M: 398.2037 | Path: CPU-Statevector MPI-distributed (1 ranks)
Iter 0162 | Energy: -1.331394 | Delta: 5.96e-03 | M: 418.4267 | Path: CPU-Statevector MPI-distributed (1 ranks)
Iter 0163 | Energy: -1.330747 | Delta: 6.47e-04 | M: 408.4501 | Path: CPU-Statevector MPI-distributed (1 ranks)
Iter 0164 | Energy: -1.332724 | Delta: 1.98e-03 | M: 415.4880 | Path: CPU-Statevector MPI-distributed (1 ranks)
Iter 0165 | Energy: -1.333137 | Delta: 4.13e-04 | M: 372.7657 | Path: CPU-Statevector MPI-distributed (1 ranks)
[RESILIENCE] Iteration 165: Global theta state checkpointed at path checkpoints/H2/checkpoint_iter_0165.npy. 
Iter 0166 | Energy: -1.331896 | Delta: 1.24e-03 | M: 401.4342 | Path: CPU-Statevector MPI-distributed (1 ranks)
Iter 0167 | Energy: -1.335423 | Delta: 3.53e-03 | M: 406.4522 | Path: CPU-Statevector MPI-distributed (1 ranks)
Iter 0168 | Energy: -1.342308 | Delta: 6.89e-03 | M: 443.5639 | Path: CPU-Statevector MPI-distributed (1 ranks)
Iter 0169 | Energy: -1.351245 | Delta: 8.94e-03 | M: 412.8401 | Path: CPU-Statevector MPI-distributed (1 ranks)
Iter 0170 | Energy: -1.355412 | Delta: 4.17e-03 | M: 402.5836 | Path: CPU-Statevector MPI-distributed (1 ranks)
[RESILIENCE] Iteration 170: Global theta state checkpointed at path checkpoints/H2/checkpoint_iter_0170.npy. 
Iter 0171 | Energy: -1.353259 | Delta: 2.15e-03 | M: 402.3859 | Path: CPU-Statevector MPI-distributed (1 ranks)
Iter 0172 | Energy: -1.356363 | Delta: 3.10e-03 | M: 404.0484 | Path: CPU-Statevector MPI-distributed (1 ranks)
Iter 0173 | Energy: -1.357287 | Delta: 9.24e-04 | M: 404.3830 | Path: CPU-Statevector MPI-distributed (1 ranks)
Iter 0174 | Energy: -1.359004 | Delta: 1.72e-03 | M: 413.2434 | Path: CPU-Statevector MPI-distributed (1 ranks)
Iter 0175 | Energy: -1.353181 | Delta: 5.82e-03 | M: 398.1473 | Path: CPU-Statevector MPI-distributed (1 ranks)
[RESILIENCE] Iteration 175: Global theta state checkpointed at path checkpoints/H2/checkpoint_iter_0175.npy. 
Iter 0176 | Energy: -1.363325 | Delta: 1.01e-02 | M: 394.2904 | Path: CPU-Statevector MPI-distributed (1 ranks)
Iter 0177 | Energy: -1.366474 | Delta: 3.15e-03 | M: 404.5840 | Path: CPU-Statevector MPI-distributed (1 ranks)
Iter 0178 | Energy: -1.367146 | Delta: 6.72e-04 | M: 402.2877 | Path: CPU-Statevector MPI-distributed (1 ranks)
Iter 0179 | Energy: -1.367449 | Delta: 3.03e-04 | M: 408.6705 | Path: CPU-Statevector MPI-distributed (1 ranks)
Iter 0180 | Energy: -1.371866 | Delta: 4.42e-03 | M: 409.7347 | Path: CPU-Statevector MPI-distributed (1 ranks)
[RESILIENCE] Iteration 180: Global theta state checkpointed at path checkpoints/H2/checkpoint_iter_0180.npy. 
Iter 0181 | Energy: -1.377779 | Delta: 5.91e-03 | M: 410.3827 | Path: CPU-Statevector MPI-distributed (1 ranks)
Iter 0182 | Energy: -1.385216 | Delta: 7.44e-03 | M: 413.9708 | Path: CPU-Statevector MPI-distributed (1 ranks)
Iter 0183 | Energy: -1.383623 | Delta: 1.59e-03 | M: 398.9752 | Path: CPU-Statevector MPI-distributed (1 ranks)
Iter 0184 | Energy: -1.381520 | Delta: 2.10e-03 | M: 405.7379 | Path: CPU-Statevector MPI-distributed (1 ranks)
Iter 0185 | Energy: -1.388368 | Delta: 6.85e-03 | M: 419.7682 | Path: CPU-Statevector MPI-distributed (1 ranks)
[RESILIENCE] Iteration 185: Global theta state checkpointed at path checkpoints/H2/checkpoint_iter_0185.npy. 
Iter 0186 | Energy: -1.387086 | Delta: 1.28e-03 | M: 406.8883 | Path: CPU-Statevector MPI-distributed (1 ranks)
Iter 0187 | Energy: -1.390614 | Delta: 3.53e-03 | M: 387.9735 | Path: CPU-Statevector MPI-distributed (1 ranks)
Iter 0188 | Energy: -1.386489 | Delta: 4.12e-03 | M: 415.0628 | Path: CPU-Statevector MPI-distributed (1 ranks)
Iter 0189 | Energy: -1.396734 | Delta: 1.02e-02 | M: 410.2453 | Path: CPU-Statevector MPI-distributed (1 ranks)
Iter 0190 | Energy: -1.397083 | Delta: 3.50e-04 | M: 446.4141 | Path: CPU-Statevector MPI-distributed (1 ranks)
[RESILIENCE] Iteration 190: Global theta state checkpointed at path checkpoints/H2/checkpoint_iter_0190.npy. 
Iter 0191 | Energy: -1.394238 | Delta: 2.85e-03 | M: 399.8438 | Path: CPU-Statevector MPI-distributed (1 ranks)
Iter 0192 | Energy: -1.403216 | Delta: 8.98e-03 | M: 410.8411 | Path: CPU-Statevector MPI-distributed (1 ranks)
Iter 0193 | Energy: -1.402394 | Delta: 8.21e-04 | M: 404.3720 | Path: CPU-Statevector MPI-distributed (1 ranks)
Iter 0194 | Energy: -1.407194 | Delta: 4.80e-03 | M: 413.8112 | Path: CPU-Statevector MPI-distributed (1 ranks)
Iter 0195 | Energy: -1.408051 | Delta: 8.57e-04 | M: 409.4898 | Path: CPU-Statevector MPI-distributed (1 ranks)
[RESILIENCE] Iteration 195: Global theta state checkpointed at path checkpoints/H2/checkpoint_iter_0195.npy. 
Iter 0196 | Energy: -1.415914 | Delta: 7.86e-03 | M: 402.1278 | Path: CPU-Statevector MPI-distributed (1 ranks)
Iter 0197 | Energy: -1.415213 | Delta: 7.01e-04 | M: 377.5824 | Path: CPU-Statevector MPI-distributed (1 ranks)
Iter 0198 | Energy: -1.409566 | Delta: 5.65e-03 | M: 386.5195 | Path: CPU-Statevector MPI-distributed (1 ranks)
Iter 0199 | Energy: -1.420202 | Delta: 1.06e-02 | M: 403.4540 | Path: CPU-Statevector MPI-distributed (1 ranks)
Iter 0200 | Energy: -1.420053 | Delta: 1.48e-04 | M: 410.9156 | Path: CPU-Statevector MPI-distributed (1 ranks)
[RESILIENCE] Iteration 200: Global theta state checkpointed at path checkpoints/H2/checkpoint_iter_0200.npy. 
[VQE] Best physical energy: -1.134896 Ha (error: 0.0024 Ha) at iter 126
[VQE] Final energy -1.420053 is below FCI — reporting best physical result

[H2] Ansatz tier:hwe_adaptive
[H2] Corr score: 0.342 
[H2] Best physical energy: -1.134896 Ha 
[H2] Reference FCI : -1.137284 Ha 
[H2] Absolute error: +0.0024 Ha 
[H2] Iterations run: 200 (best at iter 126)
[H2] Wall time: 0.95s (includes QPU queue + RTT) 
[H2] Time/iter: 0.00 s 
[H2] Source: registry 
[H2] Active electrons: 2 
[H2] Estimated qubits: 4 


--- RUNNING CHEMISTRY TASK LiH ---
[Resolver] 'LiH' found in local registry 
[Chemistry:LiH] 631 Pauli terms, 12 qubits, 96 params, reps=2. FCI reference: -7.8825 Ha 
[Ansatz] HWE (adaptive) (auto) | corr_score=0.502 | off_diag_ratio=0.007
[Reason] score=0.502 in [0.25, 0.55). Moderate correlation (off_diag_ratio=0.007, zz_frac=0.979). Adaptive HWE with full entanglement recommended.
Iter 0001 | Energy: -0.446148 | Delta: inf | M: 6557.6995 | Path: CPU-Statevector MPI-distributed (1 ranks)
Iter 0002 | Energy: -0.454823 | Delta: 8.67e-03 | M: 7794.9550 | Path: CPU-Statevector MPI-distributed (1 ranks)
Iter 0003 | Energy: -0.412540 | Delta: 4.23e-02 | M: 7997.8261 | Path: CPU-Statevector MPI-distributed (1 ranks)
Iter 0004 | Energy: -0.399932 | Delta: 1.26e-02 | M: 7608.7156 | Path: CPU-Statevector MPI-distributed (1 ranks)
Iter 0005 | Energy: -0.415982 | Delta: 1.60e-02 | M: 7935.6245 | Path: CPU-Statevector MPI-distributed (1 ranks)
[RESILIENCE] Iteration 5: Global theta state checkpointed at path checkpoints/LiH/checkpoint_iter_0005.npy. 
Iter 0006 | Energy: -0.413792 | Delta: 2.19e-03 | M: 7223.8241 | Path: CPU-Statevector MPI-distributed (1 ranks)
Iter 0007 | Energy: -0.411301 | Delta: 2.49e-03 | M: 8251.1527 | Path: CPU-Statevector MPI-distributed (1 ranks)
Iter 0008 | Energy: -0.411249 | Delta: 5.21e-05 | M: 8243.7915 | Path: CPU-Statevector MPI-distributed (1 ranks)
Iter 0009 | Energy: -0.412543 | Delta: 1.29e-03 | M: 8289.2463 | Path: CPU-Statevector MPI-distributed (1 ranks)
Iter 0010 | Energy: -0.404811 | Delta: 7.73e-03 | M: 8113.4897 | Path: CPU-Statevector MPI-distributed (1 ranks)
[RESILIENCE] Iteration 10: Global theta state checkpointed at path checkpoints/LiH/checkpoint_iter_0010.npy. 
Iter 0011 | Energy: -0.403208 | Delta: 1.60e-03 | M: 8105.0952 | Path: CPU-Statevector MPI-distributed (1 ranks)
Iter 0012 | Energy: -0.428774 | Delta: 2.56e-02 | M: 8057.5659 | Path: CPU-Statevector MPI-distributed (1 ranks)
Iter 0013 | Energy: -0.406082 | Delta: 2.27e-02 | M: 8105.8768 | Path: CPU-Statevector MPI-distributed (1 ranks)
Iter 0014 | Energy: -0.411147 | Delta: 5.06e-03 | M: 8229.7633 | Path: CPU-Statevector MPI-distributed (1 ranks)
Iter 0015 | Energy: -0.406957 | Delta: 4.19e-03 | M: 8248.7504 | Path: CPU-Statevector MPI-distributed (1 ranks)
[RESILIENCE] Iteration 15: Global theta state checkpointed at path checkpoints/LiH/checkpoint_iter_0015.npy. 
Iter 0016 | Energy: -0.412794 | Delta: 5.84e-03 | M: 8036.6727 | Path: CPU-Statevector MPI-distributed (1 ranks)
Iter 0017 | Energy: -0.417260 | Delta: 4.47e-03 | M: 6032.0819 | Path: CPU-Statevector MPI-distributed (1 ranks)
Iter 0018 | Energy: -0.450204 | Delta: 3.29e-02 | M: 7719.6756 | Path: CPU-Statevector MPI-distributed (1 ranks)
Iter 0019 | Energy: -0.447903 | Delta: 2.30e-03 | M: 8178.0330 | Path: CPU-Statevector MPI-distributed (1 ranks)
Iter 0020 | Energy: -0.427132 | Delta: 2.08e-02 | M: 8129.3833 | Path: CPU-Statevector MPI-distributed (1 ranks)
[RESILIENCE] Iteration 20: Global theta state checkpointed at path checkpoints/LiH/checkpoint_iter_0020.npy. 
Iter 0021 | Energy: -0.441780 | Delta: 1.46e-02 | M: 7002.1436 | Path: CPU-Statevector MPI-distributed (1 ranks)
Iter 0022 | Energy: -0.439151 | Delta: 2.63e-03 | M: 7809.7014 | Path: CPU-Statevector MPI-distributed (1 ranks)
Iter 0023 | Energy: -0.454437 | Delta: 1.53e-02 | M: 8110.0679 | Path: CPU-Statevector MPI-distributed (1 ranks)
Iter 0024 | Energy: -0.459132 | Delta: 4.70e-03 | M: 8054.4982 | Path: CPU-Statevector MPI-distributed (1 ranks)
Iter 0025 | Energy: -0.450987 | Delta: 8.14e-03 | M: 7750.8629 | Path: CPU-Statevector MPI-distributed (1 ranks)
[RESILIENCE] Iteration 25: Global theta state checkpointed at path checkpoints/LiH/checkpoint_iter_0025.npy. 
Iter 0026 | Energy: -0.458987 | Delta: 8.00e-03 | M: 8127.3647 | Path: CPU-Statevector MPI-distributed (1 ranks)
Iter 0027 | Energy: -0.466759 | Delta: 7.77e-03 | M: 7972.8342 | Path: CPU-Statevector MPI-distributed (1 ranks)
Iter 0028 | Energy: -0.457552 | Delta: 9.21e-03 | M: 8214.6300 | Path: CPU-Statevector MPI-distributed (1 ranks)
Iter 0029 | Energy: -0.482201 | Delta: 2.46e-02 | M: 7970.5439 | Path: CPU-Statevector MPI-distributed (1 ranks)
Iter 0030 | Energy: -0.482023 | Delta: 1.78e-04 | M: 8075.7841 | Path: CPU-Statevector MPI-distributed (1 ranks)
[RESILIENCE] Iteration 30: Global theta state checkpointed at path checkpoints/LiH/checkpoint_iter_0030.npy. 
Iter 0031 | Energy: -0.557966 | Delta: 7.59e-02 | M: 7914.3791 | Path: CPU-Statevector MPI-distributed (1 ranks)
Iter 0032 | Energy: -0.587280 | Delta: 2.93e-02 | M: 8048.6697 | Path: CPU-Statevector MPI-distributed (1 ranks)
Iter 0033 | Energy: -0.602909 | Delta: 1.56e-02 | M: 8021.3031 | Path: CPU-Statevector MPI-distributed (1 ranks)
Iter 0034 | Energy: -0.604303 | Delta: 1.39e-03 | M: 8136.1488 | Path: CPU-Statevector MPI-distributed (1 ranks)
Iter 0035 | Energy: -0.608470 | Delta: 4.17e-03 | M: 8187.8725 | Path: CPU-Statevector MPI-distributed (1 ranks)
[RESILIENCE] Iteration 35: Global theta state checkpointed at path checkpoints/LiH/checkpoint_iter_0035.npy. 
Iter 0036 | Energy: -0.603876 | Delta: 4.59e-03 | M: 8038.5426 | Path: CPU-Statevector MPI-distributed (1 ranks)
Iter 0037 | Energy: -0.598694 | Delta: 5.18e-03 | M: 8114.1065 | Path: CPU-Statevector MPI-distributed (1 ranks)
Iter 0038 | Energy: -0.624113 | Delta: 2.54e-02 | M: 8157.4442 | Path: CPU-Statevector MPI-distributed (1 ranks)
Iter 0039 | Energy: -0.664522 | Delta: 4.04e-02 | M: 8095.2731 | Path: CPU-Statevector MPI-distributed (1 ranks)
Iter 0040 | Energy: -0.657312 | Delta: 7.21e-03 | M: 8143.5402 | Path: CPU-Statevector MPI-distributed (1 ranks)
[RESILIENCE] Iteration 40: Global theta state checkpointed at path checkpoints/LiH/checkpoint_iter_0040.npy. 
Iter 0041 | Energy: -0.661108 | Delta: 3.80e-03 | M: 8123.8514 | Path: CPU-Statevector MPI-distributed (1 ranks)
Iter 0042 | Energy: -0.665507 | Delta: 4.40e-03 | M: 7332.1860 | Path: CPU-Statevector MPI-distributed (1 ranks)
Iter 0043 | Energy: -0.690731 | Delta: 2.52e-02 | M: 7999.3756 | Path: CPU-Statevector MPI-distributed (1 ranks)
Iter 0044 | Energy: -0.703530 | Delta: 1.28e-02 | M: 8241.0653 | Path: CPU-Statevector MPI-distributed (1 ranks)
Iter 0045 | Energy: -0.731756 | Delta: 2.82e-02 | M: 8152.8800 | Path: CPU-Statevector MPI-distributed (1 ranks)
[RESILIENCE] Iteration 45: Global theta state checkpointed at path checkpoints/LiH/checkpoint_iter_0045.npy. 
Iter 0046 | Energy: -0.754687 | Delta: 2.29e-02 | M: 8198.7665 | Path: CPU-Statevector MPI-distributed (1 ranks)
Iter 0047 | Energy: -0.777216 | Delta: 2.25e-02 | M: 8111.5664 | Path: CPU-Statevector MPI-distributed (1 ranks)
Iter 0048 | Energy: -0.870031 | Delta: 9.28e-02 | M: 7418.1351 | Path: CPU-Statevector MPI-distributed (1 ranks)
Iter 0049 | Energy: -0.893982 | Delta: 2.40e-02 | M: 8066.6214 | Path: CPU-Statevector MPI-distributed (1 ranks)
Iter 0050 | Energy: -0.959624 | Delta: 6.56e-02 | M: 8136.9142 | Path: CPU-Statevector MPI-distributed (1 ranks)
[RESILIENCE] Iteration 50: Global theta state checkpointed at path checkpoints/LiH/checkpoint_iter_0050.npy. 
Iter 0051 | Energy: -0.981075 | Delta: 2.15e-02 | M: 8099.8110 | Path: CPU-Statevector MPI-distributed (1 ranks)
Iter 0052 | Energy: -0.979279 | Delta: 1.80e-03 | M: 8348.1398 | Path: CPU-Statevector MPI-distributed (1 ranks)
Iter 0053 | Energy: -0.979249 | Delta: 2.99e-05 | M: 8023.8839 | Path: CPU-Statevector MPI-distributed (1 ranks)
Iter 0054 | Energy: -0.984459 | Delta: 5.21e-03 | M: 8008.1335 | Path: CPU-Statevector MPI-distributed (1 ranks)
Iter 0055 | Energy: -0.971795 | Delta: 1.27e-02 | M: 7959.0753 | Path: CPU-Statevector MPI-distributed (1 ranks)
[RESILIENCE] Iteration 55: Global theta state checkpointed at path checkpoints/LiH/checkpoint_iter_0055.npy. 
Iter 0056 | Energy: -1.110052 | Delta: 1.38e-01 | M: 8002.7832 | Path: CPU-Statevector MPI-distributed (1 ranks)
Iter 0057 | Energy: -1.129452 | Delta: 1.94e-02 | M: 8038.3973 | Path: CPU-Statevector MPI-distributed (1 ranks)
Iter 0058 | Energy: -1.162319 | Delta: 3.29e-02 | M: 8030.1806 | Path: CPU-Statevector MPI-distributed (1 ranks)
Iter 0059 | Energy: -1.183668 | Delta: 2.13e-02 | M: 8124.0091 | Path: CPU-Statevector MPI-distributed (1 ranks)
Iter 0060 | Energy: -1.191993 | Delta: 8.33e-03 | M: 8193.5083 | Path: CPU-Statevector MPI-distributed (1 ranks)
[RESILIENCE] Iteration 60: Global theta state checkpointed at path checkpoints/LiH/checkpoint_iter_0060.npy. 
Iter 0061 | Energy: -1.205678 | Delta: 1.37e-02 | M: 8265.7808 | Path: CPU-Statevector MPI-distributed (1 ranks)
Iter 0062 | Energy: -1.215614 | Delta: 9.94e-03 | M: 8329.6336 | Path: CPU-Statevector MPI-distributed (1 ranks)
Iter 0063 | Energy: -1.225177 | Delta: 9.56e-03 | M: 8105.7331 | Path: CPU-Statevector MPI-distributed (1 ranks)
Iter 0064 | Energy: -1.231903 | Delta: 6.73e-03 | M: 8035.2171 | Path: CPU-Statevector MPI-distributed (1 ranks)
Iter 0065 | Energy: -1.232243 | Delta: 3.41e-04 | M: 7926.0629 | Path: CPU-Statevector MPI-distributed (1 ranks)
[RESILIENCE] Iteration 65: Global theta state checkpointed at path checkpoints/LiH/checkpoint_iter_0065.npy. 
Iter 0066 | Energy: -1.257822 | Delta: 2.56e-02 | M: 7967.7279 | Path: CPU-Statevector MPI-distributed (1 ranks)
Iter 0067 | Energy: -1.329086 | Delta: 7.13e-02 | M: 7939.5060 | Path: CPU-Statevector MPI-distributed (1 ranks)
Iter 0068 | Energy: -1.372991 | Delta: 4.39e-02 | M: 8138.4715 | Path: CPU-Statevector MPI-distributed (1 ranks)
Iter 0069 | Energy: -1.380666 | Delta: 7.68e-03 | M: 7895.5246 | Path: CPU-Statevector MPI-distributed (1 ranks)
Iter 0070 | Energy: -1.419720 | Delta: 3.91e-02 | M: 6906.3317 | Path: CPU-Statevector MPI-distributed (1 ranks)
[RESILIENCE] Iteration 70: Global theta state checkpointed at path checkpoints/LiH/checkpoint_iter_0070.npy. 
Iter 0071 | Energy: -1.402267 | Delta: 1.75e-02 | M: 7966.7029 | Path: CPU-Statevector MPI-distributed (1 ranks)
Iter 0072 | Energy: -1.450290 | Delta: 4.80e-02 | M: 7739.1763 | Path: CPU-Statevector MPI-distributed (1 ranks)
Iter 0073 | Energy: -1.464082 | Delta: 1.38e-02 | M: 7937.0687 | Path: CPU-Statevector MPI-distributed (1 ranks)
Iter 0074 | Energy: -1.475274 | Delta: 1.12e-02 | M: 8144.0494 | Path: CPU-Statevector MPI-distributed (1 ranks)
Iter 0075 | Energy: -1.481733 | Delta: 6.46e-03 | M: 8151.7206 | Path: CPU-Statevector MPI-distributed (1 ranks)
[RESILIENCE] Iteration 75: Global theta state checkpointed at path checkpoints/LiH/checkpoint_iter_0075.npy. 
Iter 0076 | Energy: -1.480686 | Delta: 1.05e-03 | M: 7885.0393 | Path: CPU-Statevector MPI-distributed (1 ranks)
Iter 0077 | Energy: -1.485331 | Delta: 4.64e-03 | M: 7802.2570 | Path: CPU-Statevector MPI-distributed (1 ranks)
Iter 0078 | Energy: -1.682273 | Delta: 1.97e-01 | M: 7603.6782 | Path: CPU-Statevector MPI-distributed (1 ranks)
Iter 0079 | Energy: -1.736547 | Delta: 5.43e-02 | M: 8003.1033 | Path: CPU-Statevector MPI-distributed (1 ranks)
Iter 0080 | Energy: -1.964160 | Delta: 2.28e-01 | M: 7844.9301 | Path: CPU-Statevector MPI-distributed (1 ranks)
[RESILIENCE] Iteration 80: Global theta state checkpointed at path checkpoints/LiH/checkpoint_iter_0080.npy. 
Iter 0081 | Energy: -2.030033 | Delta: 6.59e-02 | M: 7921.6198 | Path: CPU-Statevector MPI-distributed (1 ranks)
Iter 0082 | Energy: -2.112504 | Delta: 8.25e-02 | M: 8166.0481 | Path: CPU-Statevector MPI-distributed (1 ranks)
Iter 0083 | Energy: -2.126721 | Delta: 1.42e-02 | M: 8191.4107 | Path: CPU-Statevector MPI-distributed (1 ranks)
Iter 0084 | Energy: -2.171808 | Delta: 4.51e-02 | M: 8017.0954 | Path: CPU-Statevector MPI-distributed (1 ranks)
Iter 0085 | Energy: -2.183595 | Delta: 1.18e-02 | M: 8169.6002 | Path: CPU-Statevector MPI-distributed (1 ranks)
[RESILIENCE] Iteration 85: Global theta state checkpointed at path checkpoints/LiH/checkpoint_iter_0085.npy. 
Iter 0086 | Energy: -2.167585 | Delta: 1.60e-02 | M: 8186.3107 | Path: CPU-Statevector MPI-distributed (1 ranks)
Iter 0087 | Energy: -2.330092 | Delta: 1.63e-01 | M: 7725.7231 | Path: CPU-Statevector MPI-distributed (1 ranks)
Iter 0088 | Energy: -2.368421 | Delta: 3.83e-02 | M: 8150.5474 | Path: CPU-Statevector MPI-distributed (1 ranks)
Iter 0089 | Energy: -2.372634 | Delta: 4.21e-03 | M: 8122.1197 | Path: CPU-Statevector MPI-distributed (1 ranks)
Iter 0090 | Energy: -2.473957 | Delta: 1.01e-01 | M: 8056.8084 | Path: CPU-Statevector MPI-distributed (1 ranks)
[RESILIENCE] Iteration 90: Global theta state checkpointed at path checkpoints/LiH/checkpoint_iter_0090.npy. 
Iter 0091 | Energy: -2.480521 | Delta: 6.56e-03 | M: 7962.1634 | Path: CPU-Statevector MPI-distributed (1 ranks)
Iter 0092 | Energy: -2.631579 | Delta: 1.51e-01 | M: 8104.5254 | Path: CPU-Statevector MPI-distributed (1 ranks)
Iter 0093 | Energy: -2.628681 | Delta: 2.90e-03 | M: 7569.4785 | Path: CPU-Statevector MPI-distributed (1 ranks)
Iter 0094 | Energy: -2.714545 | Delta: 8.59e-02 | M: 8195.3404 | Path: CPU-Statevector MPI-distributed (1 ranks)
Iter 0095 | Energy: -2.724040 | Delta: 9.49e-03 | M: 8088.5496 | Path: CPU-Statevector MPI-distributed (1 ranks)
[RESILIENCE] Iteration 95: Global theta state checkpointed at path checkpoints/LiH/checkpoint_iter_0095.npy. 
Iter 0096 | Energy: -2.718926 | Delta: 5.11e-03 | M: 8232.0905 | Path: CPU-Statevector MPI-distributed (1 ranks)
Iter 0097 | Energy: -2.743565 | Delta: 2.46e-02 | M: 8118.5333 | Path: CPU-Statevector MPI-distributed (1 ranks)
Iter 0098 | Energy: -2.859181 | Delta: 1.16e-01 | M: 8319.7390 | Path: CPU-Statevector MPI-distributed (1 ranks)
Iter 0099 | Energy: -2.843596 | Delta: 1.56e-02 | M: 7547.3322 | Path: CPU-Statevector MPI-distributed (1 ranks)
Iter 0100 | Energy: -2.894019 | Delta: 5.04e-02 | M: 7929.5238 | Path: CPU-Statevector MPI-distributed (1 ranks)
[RESILIENCE] Iteration 100: Global theta state checkpointed at path checkpoints/LiH/checkpoint_iter_0100.npy. 
Iter 0101 | Energy: -2.896094 | Delta: 2.07e-03 | M: 8072.4374 | Path: CPU-Statevector MPI-distributed (1 ranks)
Iter 0102 | Energy: -2.947467 | Delta: 5.14e-02 | M: 8202.2974 | Path: CPU-Statevector MPI-distributed (1 ranks)
Iter 0103 | Energy: -2.975088 | Delta: 2.76e-02 | M: 8084.9002 | Path: CPU-Statevector MPI-distributed (1 ranks)
Iter 0104 | Energy: -2.986883 | Delta: 1.18e-02 | M: 8110.6349 | Path: CPU-Statevector MPI-distributed (1 ranks)
Iter 0105 | Energy: -2.997162 | Delta: 1.03e-02 | M: 8282.3284 | Path: CPU-Statevector MPI-distributed (1 ranks)
[RESILIENCE] Iteration 105: Global theta state checkpointed at path checkpoints/LiH/checkpoint_iter_0105.npy. 
Iter 0106 | Energy: -3.095958 | Delta: 9.88e-02 | M: 7751.2330 | Path: CPU-Statevector MPI-distributed (1 ranks)
Iter 0107 | Energy: -3.180577 | Delta: 8.46e-02 | M: 8042.5012 | Path: CPU-Statevector MPI-distributed (1 ranks)
Iter 0108 | Energy: -3.188644 | Delta: 8.07e-03 | M: 8088.4447 | Path: CPU-Statevector MPI-distributed (1 ranks)
Iter 0109 | Energy: -3.172584 | Delta: 1.61e-02 | M: 8172.1758 | Path: CPU-Statevector MPI-distributed (1 ranks)
Iter 0110 | Energy: -3.193177 | Delta: 2.06e-02 | M: 8214.3359 | Path: CPU-Statevector MPI-distributed (1 ranks)
[RESILIENCE] Iteration 110: Global theta state checkpointed at path checkpoints/LiH/checkpoint_iter_0110.npy. 
Iter 0111 | Energy: -3.191055 | Delta: 2.12e-03 | M: 8230.7166 | Path: CPU-Statevector MPI-distributed (1 ranks)
Iter 0112 | Energy: -3.198627 | Delta: 7.57e-03 | M: 8169.5452 | Path: CPU-Statevector MPI-distributed (1 ranks)
Iter 0113 | Energy: -3.202927 | Delta: 4.30e-03 | M: 8277.8595 | Path: CPU-Statevector MPI-distributed (1 ranks)
Iter 0114 | Energy: -3.248558 | Delta: 4.56e-02 | M: 7964.7769 | Path: CPU-Statevector MPI-distributed (1 ranks)
Iter 0115 | Energy: -3.288243 | Delta: 3.97e-02 | M: 7858.5842 | Path: CPU-Statevector MPI-distributed (1 ranks)
[RESILIENCE] Iteration 115: Global theta state checkpointed at path checkpoints/LiH/checkpoint_iter_0115.npy. 
Iter 0116 | Energy: -3.422236 | Delta: 1.34e-01 | M: 8205.1401 | Path: CPU-Statevector MPI-distributed (1 ranks)
Iter 0117 | Energy: -3.506297 | Delta: 8.41e-02 | M: 8026.4914 | Path: CPU-Statevector MPI-distributed (1 ranks)
Iter 0118 | Energy: -3.489467 | Delta: 1.68e-02 | M: 8280.3488 | Path: CPU-Statevector MPI-distributed (1 ranks)
Iter 0119 | Energy: -3.501259 | Delta: 1.18e-02 | M: 8105.9304 | Path: CPU-Statevector MPI-distributed (1 ranks)
Iter 0120 | Energy: -3.485738 | Delta: 1.55e-02 | M: 7371.0143 | Path: CPU-Statevector MPI-distributed (1 ranks)
[RESILIENCE] Iteration 120: Global theta state checkpointed at path checkpoints/LiH/checkpoint_iter_0120.npy. 
Iter 0121 | Energy: -3.746870 | Delta: 2.61e-01 | M: 7680.8475 | Path: CPU-Statevector MPI-distributed (1 ranks)
Iter 0122 | Energy: -3.745760 | Delta: 1.11e-03 | M: 8103.9221 | Path: CPU-Statevector MPI-distributed (1 ranks)
Iter 0123 | Energy: -3.744025 | Delta: 1.73e-03 | M: 8253.1469 | Path: CPU-Statevector MPI-distributed (1 ranks)
Iter 0124 | Energy: -3.792083 | Delta: 4.81e-02 | M: 8223.6565 | Path: CPU-Statevector MPI-distributed (1 ranks)
Iter 0125 | Energy: -3.782375 | Delta: 9.71e-03 | M: 8297.7931 | Path: CPU-Statevector MPI-distributed (1 ranks)
[RESILIENCE] Iteration 125: Global theta state checkpointed at path checkpoints/LiH/checkpoint_iter_0125.npy. 
Iter 0126 | Energy: -3.788659 | Delta: 6.28e-03 | M: 7923.4701 | Path: CPU-Statevector MPI-distributed (1 ranks)
Iter 0127 | Energy: -3.803246 | Delta: 1.46e-02 | M: 8243.6193 | Path: CPU-Statevector MPI-distributed (1 ranks)
Iter 0128 | Energy: -3.819132 | Delta: 1.59e-02 | M: 7959.8815 | Path: CPU-Statevector MPI-distributed (1 ranks)
Iter 0129 | Energy: -3.922666 | Delta: 1.04e-01 | M: 8038.9293 | Path: CPU-Statevector MPI-distributed (1 ranks)
Iter 0130 | Energy: -3.937333 | Delta: 1.47e-02 | M: 7924.1462 | Path: CPU-Statevector MPI-distributed (1 ranks)
[RESILIENCE] Iteration 130: Global theta state checkpointed at path checkpoints/LiH/checkpoint_iter_0130.npy. 
Iter 0131 | Energy: -4.060606 | Delta: 1.23e-01 | M: 8157.4262 | Path: CPU-Statevector MPI-distributed (1 ranks)
Iter 0132 | Energy: -4.099834 | Delta: 3.92e-02 | M: 7962.9013 | Path: CPU-Statevector MPI-distributed (1 ranks)
Iter 0133 | Energy: -4.100946 | Delta: 1.11e-03 | M: 8327.2811 | Path: CPU-Statevector MPI-distributed (1 ranks)
Iter 0134 | Energy: -4.221305 | Delta: 1.20e-01 | M: 7780.0590 | Path: CPU-Statevector MPI-distributed (1 ranks)
Iter 0135 | Energy: -4.228292 | Delta: 6.99e-03 | M: 8005.6612 | Path: CPU-Statevector MPI-distributed (1 ranks)
[RESILIENCE] Iteration 135: Global theta state checkpointed at path checkpoints/LiH/checkpoint_iter_0135.npy. 
Iter 0136 | Energy: -4.239599 | Delta: 1.13e-02 | M: 7714.9850 | Path: CPU-Statevector MPI-distributed (1 ranks)
Iter 0137 | Energy: -4.235141 | Delta: 4.46e-03 | M: 8301.2223 | Path: CPU-Statevector MPI-distributed (1 ranks)
Iter 0138 | Energy: -4.290432 | Delta: 5.53e-02 | M: 7614.5409 | Path: CPU-Statevector MPI-distributed (1 ranks)
Iter 0139 | Energy: -4.301623 | Delta: 1.12e-02 | M: 8214.9371 | Path: CPU-Statevector MPI-distributed (1 ranks)
Iter 0140 | Energy: -4.305933 | Delta: 4.31e-03 | M: 8014.9297 | Path: CPU-Statevector MPI-distributed (1 ranks)
[RESILIENCE] Iteration 140: Global theta state checkpointed at path checkpoints/LiH/checkpoint_iter_0140.npy. 
Iter 0141 | Energy: -4.354837 | Delta: 4.89e-02 | M: 8103.8128 | Path: CPU-Statevector MPI-distributed (1 ranks)
Iter 0142 | Energy: -4.351094 | Delta: 3.74e-03 | M: 8167.7075 | Path: CPU-Statevector MPI-distributed (1 ranks)
Iter 0143 | Energy: -4.326112 | Delta: 2.50e-02 | M: 7304.4393 | Path: CPU-Statevector MPI-distributed (1 ranks)
Iter 0144 | Energy: -4.475066 | Delta: 1.49e-01 | M: 7691.6843 | Path: CPU-Statevector MPI-distributed (1 ranks)
Iter 0145 | Energy: -4.456953 | Delta: 1.81e-02 | M: 8270.9905 | Path: CPU-Statevector MPI-distributed (1 ranks)
[RESILIENCE] Iteration 145: Global theta state checkpointed at path checkpoints/LiH/checkpoint_iter_0145.npy. 
Iter 0146 | Energy: -4.544984 | Delta: 8.80e-02 | M: 8266.1884 | Path: CPU-Statevector MPI-distributed (1 ranks)
Iter 0147 | Energy: -4.543223 | Delta: 1.76e-03 | M: 8267.7265 | Path: CPU-Statevector MPI-distributed (1 ranks)
Iter 0148 | Energy: -4.535145 | Delta: 8.08e-03 | M: 8222.5783 | Path: CPU-Statevector MPI-distributed (1 ranks)
Iter 0149 | Energy: -4.768158 | Delta: 2.33e-01 | M: 8144.1783 | Path: CPU-Statevector MPI-distributed (1 ranks)
Iter 0150 | Energy: -4.838036 | Delta: 6.99e-02 | M: 8223.4236 | Path: CPU-Statevector MPI-distributed (1 ranks)
[RESILIENCE] Iteration 150: Global theta state checkpointed at path checkpoints/LiH/checkpoint_iter_0150.npy. 
Iter 0151 | Energy: -4.876817 | Delta: 3.88e-02 | M: 8161.1462 | Path: CPU-Statevector MPI-distributed (1 ranks)
Iter 0152 | Energy: -4.873427 | Delta: 3.39e-03 | M: 8336.0920 | Path: CPU-Statevector MPI-distributed (1 ranks)
Iter 0153 | Energy: -4.884880 | Delta: 1.15e-02 | M: 8087.4742 | Path: CPU-Statevector MPI-distributed (1 ranks)
Iter 0154 | Energy: -4.882499 | Delta: 2.38e-03 | M: 8135.4356 | Path: CPU-Statevector MPI-distributed (1 ranks)
Iter 0155 | Energy: -4.900159 | Delta: 1.77e-02 | M: 8143.0204 | Path: CPU-Statevector MPI-distributed (1 ranks)
[RESILIENCE] Iteration 155: Global theta state checkpointed at path checkpoints/LiH/checkpoint_iter_0155.npy. 
Iter 0156 | Energy: -4.910924 | Delta: 1.08e-02 | M: 8009.1873 | Path: CPU-Statevector MPI-distributed (1 ranks)
Iter 0157 | Energy: -4.913541 | Delta: 2.62e-03 | M: 8323.3943 | Path: CPU-Statevector MPI-distributed (1 ranks)
Iter 0158 | Energy: -4.927318 | Delta: 1.38e-02 | M: 7791.9002 | Path: CPU-Statevector MPI-distributed (1 ranks)
Iter 0159 | Energy: -4.926725 | Delta: 5.93e-04 | M: 8125.6101 | Path: CPU-Statevector MPI-distributed (1 ranks)
Iter 0160 | Energy: -4.936224 | Delta: 9.50e-03 | M: 8334.6181 | Path: CPU-Statevector MPI-distributed (1 ranks)
[RESILIENCE] Iteration 160: Global theta state checkpointed at path checkpoints/LiH/checkpoint_iter_0160.npy. 
Iter 0161 | Energy: -4.940002 | Delta: 3.78e-03 | M: 8195.7724 | Path: CPU-Statevector MPI-distributed (1 ranks)
Iter 0162 | Energy: -4.938023 | Delta: 1.98e-03 | M: 7265.6360 | Path: CPU-Statevector MPI-distributed (1 ranks)
Iter 0163 | Energy: -4.942662 | Delta: 4.64e-03 | M: 7690.7825 | Path: CPU-Statevector MPI-distributed (1 ranks)
Iter 0164 | Energy: -4.944193 | Delta: 1.53e-03 | M: 7950.8142 | Path: CPU-Statevector MPI-distributed (1 ranks)
Iter 0165 | Energy: -4.948424 | Delta: 4.23e-03 | M: 7942.2820 | Path: CPU-Statevector MPI-distributed (1 ranks)
[RESILIENCE] Iteration 165: Global theta state checkpointed at path checkpoints/LiH/checkpoint_iter_0165.npy. 
Iter 0166 | Energy: -4.954214 | Delta: 5.79e-03 | M: 7963.4629 | Path: CPU-Statevector MPI-distributed (1 ranks)
Iter 0167 | Energy: -4.966257 | Delta: 1.20e-02 | M: 8106.3151 | Path: CPU-Statevector MPI-distributed (1 ranks)
Iter 0168 | Energy: -4.972938 | Delta: 6.68e-03 | M: 8308.3201 | Path: CPU-Statevector MPI-distributed (1 ranks)
Iter 0169 | Energy: -4.995576 | Delta: 2.26e-02 | M: 8229.2147 | Path: CPU-Statevector MPI-distributed (1 ranks)
Iter 0170 | Energy: -5.037604 | Delta: 4.20e-02 | M: 8131.4804 | Path: CPU-Statevector MPI-distributed (1 ranks)
[RESILIENCE] Iteration 170: Global theta state checkpointed at path checkpoints/LiH/checkpoint_iter_0170.npy. 
Iter 0171 | Energy: -5.050359 | Delta: 1.28e-02 | M: 7481.2568 | Path: CPU-Statevector MPI-distributed (1 ranks)
Iter 0172 | Energy: -5.080438 | Delta: 3.01e-02 | M: 8229.1549 | Path: CPU-Statevector MPI-distributed (1 ranks)
Iter 0173 | Energy: -5.070135 | Delta: 1.03e-02 | M: 8177.1755 | Path: CPU-Statevector MPI-distributed (1 ranks)
Iter 0174 | Energy: -5.137062 | Delta: 6.69e-02 | M: 7790.7442 | Path: CPU-Statevector MPI-distributed (1 ranks)
Iter 0175 | Energy: -5.138423 | Delta: 1.36e-03 | M: 8238.7003 | Path: CPU-Statevector MPI-distributed (1 ranks)
[RESILIENCE] Iteration 175: Global theta state checkpointed at path checkpoints/LiH/checkpoint_iter_0175.npy. 
Iter 0176 | Energy: -5.125132 | Delta: 1.33e-02 | M: 8323.2360 | Path: CPU-Statevector MPI-distributed (1 ranks)
Iter 0177 | Energy: -5.219422 | Delta: 9.43e-02 | M: 8155.8869 | Path: CPU-Statevector MPI-distributed (1 ranks)
Iter 0178 | Energy: -5.230939 | Delta: 1.15e-02 | M: 8090.4211 | Path: CPU-Statevector MPI-distributed (1 ranks)
Iter 0179 | Energy: -5.283689 | Delta: 5.28e-02 | M: 8203.7083 | Path: CPU-Statevector MPI-distributed (1 ranks)
Iter 0180 | Energy: -5.283985 | Delta: 2.96e-04 | M: 7965.2291 | Path: CPU-Statevector MPI-distributed (1 ranks)
[RESILIENCE] Iteration 180: Global theta state checkpointed at path checkpoints/LiH/checkpoint_iter_0180.npy. 
Iter 0181 | Energy: -5.278032 | Delta: 5.95e-03 | M: 8098.1613 | Path: CPU-Statevector MPI-distributed (1 ranks)
Iter 0182 | Energy: -5.281685 | Delta: 3.65e-03 | M: 7895.2850 | Path: CPU-Statevector MPI-distributed (1 ranks)
Iter 0183 | Energy: -5.287202 | Delta: 5.52e-03 | M: 7969.3540 | Path: CPU-Statevector MPI-distributed (1 ranks)
Iter 0184 | Energy: -5.280846 | Delta: 6.36e-03 | M: 8254.4857 | Path: CPU-Statevector MPI-distributed (1 ranks)
Iter 0185 | Energy: -5.318019 | Delta: 3.72e-02 | M: 8221.0596 | Path: CPU-Statevector MPI-distributed (1 ranks)
[RESILIENCE] Iteration 185: Global theta state checkpointed at path checkpoints/LiH/checkpoint_iter_0185.npy. 
Iter 0186 | Energy: -5.332629 | Delta: 1.46e-02 | M: 7798.8903 | Path: CPU-Statevector MPI-distributed (1 ranks)
Iter 0187 | Energy: -5.364259 | Delta: 3.16e-02 | M: 7778.1781 | Path: CPU-Statevector MPI-distributed (1 ranks)
Iter 0188 | Energy: -5.373188 | Delta: 8.93e-03 | M: 8155.8740 | Path: CPU-Statevector MPI-distributed (1 ranks)
Iter 0189 | Energy: -5.384194 | Delta: 1.10e-02 | M: 8221.0356 | Path: CPU-Statevector MPI-distributed (1 ranks)
Iter 0190 | Energy: -5.379101 | Delta: 5.09e-03 | M: 8183.9012 | Path: CPU-Statevector MPI-distributed (1 ranks)
[RESILIENCE] Iteration 190: Global theta state checkpointed at path checkpoints/LiH/checkpoint_iter_0190.npy. 
Iter 0191 | Energy: -5.421126 | Delta: 4.20e-02 | M: 8038.5541 | Path: CPU-Statevector MPI-distributed (1 ranks)
Iter 0192 | Energy: -5.420489 | Delta: 6.37e-04 | M: 7980.6231 | Path: CPU-Statevector MPI-distributed (1 ranks)
Iter 0193 | Energy: -5.407259 | Delta: 1.32e-02 | M: 8472.8176 | Path: CPU-Statevector MPI-distributed (1 ranks)
Iter 0194 | Energy: -5.470545 | Delta: 6.33e-02 | M: 7946.4268 | Path: CPU-Statevector MPI-distributed (1 ranks)
Iter 0195 | Energy: -5.471179 | Delta: 6.34e-04 | M: 8328.6228 | Path: CPU-Statevector MPI-distributed (1 ranks)
[RESILIENCE] Iteration 195: Global theta state checkpointed at path checkpoints/LiH/checkpoint_iter_0195.npy. 
Iter 0196 | Energy: -5.474182 | Delta: 3.00e-03 | M: 8001.9292 | Path: CPU-Statevector MPI-distributed (1 ranks)
Iter 0197 | Energy: -5.482907 | Delta: 8.73e-03 | M: 8248.5418 | Path: CPU-Statevector MPI-distributed (1 ranks)
Iter 0198 | Energy: -5.473910 | Delta: 9.00e-03 | M: 8080.9931 | Path: CPU-Statevector MPI-distributed (1 ranks)
Iter 0199 | Energy: -5.523459 | Delta: 4.95e-02 | M: 7946.8794 | Path: CPU-Statevector MPI-distributed (1 ranks)
Iter 0200 | Energy: -5.529877 | Delta: 6.42e-03 | M: 8013.0013 | Path: CPU-Statevector MPI-distributed (1 ranks)
[RESILIENCE] Iteration 200: Global theta state checkpointed at path checkpoints/LiH/checkpoint_iter_0200.npy. 
Iter 0201 | Energy: -5.546909 | Delta: 1.70e-02 | M: 8077.0616 | Path: CPU-Statevector MPI-distributed (1 ranks)
Iter 0202 | Energy: -5.577300 | Delta: 3.04e-02 | M: 8069.7483 | Path: CPU-Statevector MPI-distributed (1 ranks)
Iter 0203 | Energy: -5.581528 | Delta: 4.23e-03 | M: 8247.9810 | Path: CPU-Statevector MPI-distributed (1 ranks)
Iter 0204 | Energy: -5.586820 | Delta: 5.29e-03 | M: 8021.3018 | Path: CPU-Statevector MPI-distributed (1 ranks)
Iter 0205 | Energy: -5.596099 | Delta: 9.28e-03 | M: 8215.4051 | Path: CPU-Statevector MPI-distributed (1 ranks)
[RESILIENCE] Iteration 205: Global theta state checkpointed at path checkpoints/LiH/checkpoint_iter_0205.npy. 
Iter 0206 | Energy: -5.600447 | Delta: 4.35e-03 | M: 8214.0848 | Path: CPU-Statevector MPI-distributed (1 ranks)
Iter 0207 | Energy: -5.583261 | Delta: 1.72e-02 | M: 7958.7662 | Path: CPU-Statevector MPI-distributed (1 ranks)
Iter 0208 | Energy: -5.600096 | Delta: 1.68e-02 | M: 8078.2151 | Path: CPU-Statevector MPI-distributed (1 ranks)
Iter 0209 | Energy: -5.611354 | Delta: 1.13e-02 | M: 6255.7063 | Path: CPU-Statevector MPI-distributed (1 ranks)
Iter 0210 | Energy: -5.613835 | Delta: 2.48e-03 | M: 6449.4922 | Path: CPU-Statevector MPI-distributed (1 ranks)
[RESILIENCE] Iteration 210: Global theta state checkpointed at path checkpoints/LiH/checkpoint_iter_0210.npy. 
Iter 0211 | Energy: -5.626649 | Delta: 1.28e-02 | M: 6854.1304 | Path: CPU-Statevector MPI-distributed (1 ranks)
Iter 0212 | Energy: -5.620959 | Delta: 5.69e-03 | M: 8254.3158 | Path: CPU-Statevector MPI-distributed (1 ranks)
Iter 0213 | Energy: -5.622353 | Delta: 1.39e-03 | M: 7347.6816 | Path: CPU-Statevector MPI-distributed (1 ranks)
Iter 0214 | Energy: -5.621677 | Delta: 6.75e-04 | M: 7797.5330 | Path: CPU-Statevector MPI-distributed (1 ranks)
Iter 0215 | Energy: -5.633121 | Delta: 1.14e-02 | M: 8192.8456 | Path: CPU-Statevector MPI-distributed (1 ranks)
[RESILIENCE] Iteration 215: Global theta state checkpointed at path checkpoints/LiH/checkpoint_iter_0215.npy. 
Iter 0216 | Energy: -5.622068 | Delta: 1.11e-02 | M: 7975.6518 | Path: CPU-Statevector MPI-distributed (1 ranks)
Iter 0217 | Energy: -5.656028 | Delta: 3.40e-02 | M: 8197.2946 | Path: CPU-Statevector MPI-distributed (1 ranks)
Iter 0218 | Energy: -5.655365 | Delta: 6.63e-04 | M: 8385.5130 | Path: CPU-Statevector MPI-distributed (1 ranks)
Iter 0219 | Energy: -5.665520 | Delta: 1.02e-02 | M: 7717.2841 | Path: CPU-Statevector MPI-distributed (1 ranks)
Iter 0220 | Energy: -5.674413 | Delta: 8.89e-03 | M: 8333.6992 | Path: CPU-Statevector MPI-distributed (1 ranks)
[RESILIENCE] Iteration 220: Global theta state checkpointed at path checkpoints/LiH/checkpoint_iter_0220.npy. 
Iter 0221 | Energy: -5.664063 | Delta: 1.04e-02 | M: 7354.6687 | Path: CPU-Statevector MPI-distributed (1 ranks)
Iter 0222 | Energy: -5.662883 | Delta: 1.18e-03 | M: 8215.1045 | Path: CPU-Statevector MPI-distributed (1 ranks)
Iter 0223 | Energy: -5.678422 | Delta: 1.55e-02 | M: 8043.2349 | Path: CPU-Statevector MPI-distributed (1 ranks)
Iter 0224 | Energy: -5.693653 | Delta: 1.52e-02 | M: 7880.1010 | Path: CPU-Statevector MPI-distributed (1 ranks)
Iter 0225 | Energy: -5.691571 | Delta: 2.08e-03 | M: 8153.2780 | Path: CPU-Statevector MPI-distributed (1 ranks)
[RESILIENCE] Iteration 225: Global theta state checkpointed at path checkpoints/LiH/checkpoint_iter_0225.npy. 
Iter 0226 | Energy: -5.700479 | Delta: 8.91e-03 | M: 7996.5557 | Path: CPU-Statevector MPI-distributed (1 ranks)
Iter 0227 | Energy: -5.706295 | Delta: 5.82e-03 | M: 8081.3398 | Path: CPU-Statevector MPI-distributed (1 ranks)
Iter 0228 | Energy: -5.703437 | Delta: 2.86e-03 | M: 8162.2835 | Path: CPU-Statevector MPI-distributed (1 ranks)
Iter 0229 | Energy: -5.700048 | Delta: 3.39e-03 | M: 8224.6196 | Path: CPU-Statevector MPI-distributed (1 ranks)
Iter 0230 | Energy: -5.712282 | Delta: 1.22e-02 | M: 8151.7332 | Path: CPU-Statevector MPI-distributed (1 ranks)
[RESILIENCE] Iteration 230: Global theta state checkpointed at path checkpoints/LiH/checkpoint_iter_0230.npy. 
Iter 0231 | Energy: -5.721964 | Delta: 9.68e-03 | M: 8027.6222 | Path: CPU-Statevector MPI-distributed (1 ranks)
Iter 0232 | Energy: -5.714449 | Delta: 7.51e-03 | M: 8161.9043 | Path: CPU-Statevector MPI-distributed (1 ranks)
Iter 0233 | Energy: -5.732729 | Delta: 1.83e-02 | M: 7856.2135 | Path: CPU-Statevector MPI-distributed (1 ranks)
Iter 0234 | Energy: -5.729304 | Delta: 3.43e-03 | M: 8116.1549 | Path: CPU-Statevector MPI-distributed (1 ranks)
Iter 0235 | Energy: -5.750416 | Delta: 2.11e-02 | M: 7653.9690 | Path: CPU-Statevector MPI-distributed (1 ranks)
[RESILIENCE] Iteration 235: Global theta state checkpointed at path checkpoints/LiH/checkpoint_iter_0235.npy. 
Iter 0236 | Energy: -5.754593 | Delta: 4.18e-03 | M: 7328.9227 | Path: CPU-Statevector MPI-distributed (1 ranks)
Iter 0237 | Energy: -5.766786 | Delta: 1.22e-02 | M: 8008.6344 | Path: CPU-Statevector MPI-distributed (1 ranks)
Iter 0238 | Energy: -5.770172 | Delta: 3.39e-03 | M: 8168.8081 | Path: CPU-Statevector MPI-distributed (1 ranks)
Iter 0239 | Energy: -5.762608 | Delta: 7.56e-03 | M: 7715.5072 | Path: CPU-Statevector MPI-distributed (1 ranks)
Iter 0240 | Energy: -5.777885 | Delta: 1.53e-02 | M: 8105.5052 | Path: CPU-Statevector MPI-distributed (1 ranks)
[RESILIENCE] Iteration 240: Global theta state checkpointed at path checkpoints/LiH/checkpoint_iter_0240.npy. 
Iter 0241 | Energy: -5.764145 | Delta: 1.37e-02 | M: 8050.1387 | Path: CPU-Statevector MPI-distributed (1 ranks)
Iter 0242 | Energy: -5.768375 | Delta: 4.23e-03 | M: 7950.0210 | Path: CPU-Statevector MPI-distributed (1 ranks)
Iter 0243 | Energy: -5.775496 | Delta: 7.12e-03 | M: 8183.9888 | Path: CPU-Statevector MPI-distributed (1 ranks)
Iter 0244 | Energy: -5.776934 | Delta: 1.44e-03 | M: 7897.4113 | Path: CPU-Statevector MPI-distributed (1 ranks)
Iter 0245 | Energy: -5.793898 | Delta: 1.70e-02 | M: 8081.0737 | Path: CPU-Statevector MPI-distributed (1 ranks)
[RESILIENCE] Iteration 245: Global theta state checkpointed at path checkpoints/LiH/checkpoint_iter_0245.npy. 
Iter 0246 | Energy: -5.777757 | Delta: 1.61e-02 | M: 8087.1218 | Path: CPU-Statevector MPI-distributed (1 ranks)
Iter 0247 | Energy: -5.799084 | Delta: 2.13e-02 | M: 8094.1228 | Path: CPU-Statevector MPI-distributed (1 ranks)
Iter 0248 | Energy: -5.809291 | Delta: 1.02e-02 | M: 8363.5055 | Path: CPU-Statevector MPI-distributed (1 ranks)
Iter 0249 | Energy: -5.818074 | Delta: 8.78e-03 | M: 8140.8513 | Path: CPU-Statevector MPI-distributed (1 ranks)
Iter 0250 | Energy: -5.820431 | Delta: 2.36e-03 | M: 8076.1312 | Path: CPU-Statevector MPI-distributed (1 ranks)
[RESILIENCE] Iteration 250: Global theta state checkpointed at path checkpoints/LiH/checkpoint_iter_0250.npy. 
Iter 0251 | Energy: -5.821632 | Delta: 1.20e-03 | M: 8209.5861 | Path: CPU-Statevector MPI-distributed (1 ranks)
Iter 0252 | Energy: -5.820604 | Delta: 1.03e-03 | M: 8122.8659 | Path: CPU-Statevector MPI-distributed (1 ranks)
Iter 0253 | Energy: -5.808837 | Delta: 1.18e-02 | M: 8211.2850 | Path: CPU-Statevector MPI-distributed (1 ranks)
Iter 0254 | Energy: -5.824721 | Delta: 1.59e-02 | M: 8230.2145 | Path: CPU-Statevector MPI-distributed (1 ranks)
Iter 0255 | Energy: -5.825852 | Delta: 1.13e-03 | M: 8172.2942 | Path: CPU-Statevector MPI-distributed (1 ranks)
[RESILIENCE] Iteration 255: Global theta state checkpointed at path checkpoints/LiH/checkpoint_iter_0255.npy. 
Iter 0256 | Energy: -5.824979 | Delta: 8.73e-04 | M: 8307.6391 | Path: CPU-Statevector MPI-distributed (1 ranks)
Iter 0257 | Energy: -5.850935 | Delta: 2.60e-02 | M: 7139.2334 | Path: CPU-Statevector MPI-distributed (1 ranks)
Iter 0258 | Energy: -5.837780 | Delta: 1.32e-02 | M: 8320.5097 | Path: CPU-Statevector MPI-distributed (1 ranks)
Iter 0259 | Energy: -5.839629 | Delta: 1.85e-03 | M: 8197.0273 | Path: CPU-Statevector MPI-distributed (1 ranks)
Iter 0260 | Energy: -5.859488 | Delta: 1.99e-02 | M: 8091.4955 | Path: CPU-Statevector MPI-distributed (1 ranks)
[RESILIENCE] Iteration 260: Global theta state checkpointed at path checkpoints/LiH/checkpoint_iter_0260.npy. 
Iter 0261 | Energy: -5.846457 | Delta: 1.30e-02 | M: 8317.1046 | Path: CPU-Statevector MPI-distributed (1 ranks)
Iter 0262 | Energy: -5.851985 | Delta: 5.53e-03 | M: 7999.4541 | Path: CPU-Statevector MPI-distributed (1 ranks)
Iter 0263 | Energy: -5.852861 | Delta: 8.76e-04 | M: 7975.7572 | Path: CPU-Statevector MPI-distributed (1 ranks)
Iter 0264 | Energy: -5.859556 | Delta: 6.69e-03 | M: 7786.0568 | Path: CPU-Statevector MPI-distributed (1 ranks)
Iter 0265 | Energy: -5.864054 | Delta: 4.50e-03 | M: 8221.9693 | Path: CPU-Statevector MPI-distributed (1 ranks)
[RESILIENCE] Iteration 265: Global theta state checkpointed at path checkpoints/LiH/checkpoint_iter_0265.npy. 
Iter 0266 | Energy: -5.868333 | Delta: 4.28e-03 | M: 8345.1271 | Path: CPU-Statevector MPI-distributed (1 ranks)
Iter 0267 | Energy: -5.879946 | Delta: 1.16e-02 | M: 8002.6223 | Path: CPU-Statevector MPI-distributed (1 ranks)
Iter 0268 | Energy: -5.882830 | Delta: 2.88e-03 | M: 8203.4565 | Path: CPU-Statevector MPI-distributed (1 ranks)
Iter 0269 | Energy: -5.883697 | Delta: 8.67e-04 | M: 8168.7892 | Path: CPU-Statevector MPI-distributed (1 ranks)
Iter 0270 | Energy: -5.888566 | Delta: 4.87e-03 | M: 8051.2566 | Path: CPU-Statevector MPI-distributed (1 ranks)
[RESILIENCE] Iteration 270: Global theta state checkpointed at path checkpoints/LiH/checkpoint_iter_0270.npy. 
Iter 0271 | Energy: -5.883002 | Delta: 5.56e-03 | M: 7824.2277 | Path: CPU-Statevector MPI-distributed (1 ranks)
Iter 0272 | Energy: -5.886348 | Delta: 3.35e-03 | M: 8059.6435 | Path: CPU-Statevector MPI-distributed (1 ranks)
Iter 0273 | Energy: -5.895176 | Delta: 8.83e-03 | M: 8023.2766 | Path: CPU-Statevector MPI-distributed (1 ranks)
Iter 0274 | Energy: -5.905040 | Delta: 9.86e-03 | M: 8192.6919 | Path: CPU-Statevector MPI-distributed (1 ranks)
Iter 0275 | Energy: -5.909473 | Delta: 4.43e-03 | M: 8474.4887 | Path: CPU-Statevector MPI-distributed (1 ranks)
[RESILIENCE] Iteration 275: Global theta state checkpointed at path checkpoints/LiH/checkpoint_iter_0275.npy. 
Iter 0276 | Energy: -5.915604 | Delta: 6.13e-03 | M: 8074.2477 | Path: CPU-Statevector MPI-distributed (1 ranks)
Iter 0277 | Energy: -5.922484 | Delta: 6.88e-03 | M: 7959.4854 | Path: CPU-Statevector MPI-distributed (1 ranks)
Iter 0278 | Energy: -5.927470 | Delta: 4.99e-03 | M: 8227.3303 | Path: CPU-Statevector MPI-distributed (1 ranks)
Iter 0279 | Energy: -5.941403 | Delta: 1.39e-02 | M: 8201.2030 | Path: CPU-Statevector MPI-distributed (1 ranks)
Iter 0280 | Energy: -5.947921 | Delta: 6.52e-03 | M: 8170.9192 | Path: CPU-Statevector MPI-distributed (1 ranks)
[RESILIENCE] Iteration 280: Global theta state checkpointed at path checkpoints/LiH/checkpoint_iter_0280.npy. 
Iter 0281 | Energy: -5.943044 | Delta: 4.88e-03 | M: 8119.3445 | Path: CPU-Statevector MPI-distributed (1 ranks)
Iter 0282 | Energy: -5.940184 | Delta: 2.86e-03 | M: 8434.0918 | Path: CPU-Statevector MPI-distributed (1 ranks)
Iter 0283 | Energy: -5.945530 | Delta: 5.35e-03 | M: 8318.7553 | Path: CPU-Statevector MPI-distributed (1 ranks)
Iter 0284 | Energy: -5.958782 | Delta: 1.33e-02 | M: 6855.8613 | Path: CPU-Statevector MPI-distributed (1 ranks)
Iter 0285 | Energy: -5.958055 | Delta: 7.27e-04 | M: 8209.2618 | Path: CPU-Statevector MPI-distributed (1 ranks)
[RESILIENCE] Iteration 285: Global theta state checkpointed at path checkpoints/LiH/checkpoint_iter_0285.npy. 
Iter 0286 | Energy: -5.952825 | Delta: 5.23e-03 | M: 7982.7406 | Path: CPU-Statevector MPI-distributed (1 ranks)
Iter 0287 | Energy: -5.957638 | Delta: 4.81e-03 | M: 7488.1672 | Path: CPU-Statevector MPI-distributed (1 ranks)
Iter 0288 | Energy: -5.957104 | Delta: 5.35e-04 | M: 7889.8621 | Path: CPU-Statevector MPI-distributed (1 ranks)
Iter 0289 | Energy: -5.967000 | Delta: 9.90e-03 | M: 8277.1809 | Path: CPU-Statevector MPI-distributed (1 ranks)
Iter 0290 | Energy: -5.968769 | Delta: 1.77e-03 | M: 8319.9654 | Path: CPU-Statevector MPI-distributed (1 ranks)
[RESILIENCE] Iteration 290: Global theta state checkpointed at path checkpoints/LiH/checkpoint_iter_0290.npy. 
Iter 0291 | Energy: -5.972732 | Delta: 3.96e-03 | M: 8212.1128 | Path: CPU-Statevector MPI-distributed (1 ranks)
Iter 0292 | Energy: -5.986022 | Delta: 1.33e-02 | M: 8146.0773 | Path: CPU-Statevector MPI-distributed (1 ranks)
Iter 0293 | Energy: -5.990378 | Delta: 4.36e-03 | M: 7891.9402 | Path: CPU-Statevector MPI-distributed (1 ranks)
Iter 0294 | Energy: -6.013730 | Delta: 2.34e-02 | M: 7991.7700 | Path: CPU-Statevector MPI-distributed (1 ranks)
Iter 0295 | Energy: -6.017535 | Delta: 3.81e-03 | M: 7895.8443 | Path: CPU-Statevector MPI-distributed (1 ranks)
[RESILIENCE] Iteration 295: Global theta state checkpointed at path checkpoints/LiH/checkpoint_iter_0295.npy. 
Iter 0296 | Energy: -6.017124 | Delta: 4.10e-04 | M: 7933.1483 | Path: CPU-Statevector MPI-distributed (1 ranks)
Iter 0297 | Energy: -6.025405 | Delta: 8.28e-03 | M: 8152.6863 | Path: CPU-Statevector MPI-distributed (1 ranks)
Iter 0298 | Energy: -6.024988 | Delta: 4.18e-04 | M: 8109.1474 | Path: CPU-Statevector MPI-distributed (1 ranks)
Iter 0299 | Energy: -6.035145 | Delta: 1.02e-02 | M: 8072.5574 | Path: CPU-Statevector MPI-distributed (1 ranks)
Iter 0300 | Energy: -6.037808 | Delta: 2.66e-03 | M: 8294.7832 | Path: CPU-Statevector MPI-distributed (1 ranks)
[RESILIENCE] Iteration 300: Global theta state checkpointed at path checkpoints/LiH/checkpoint_iter_0300.npy. 
Iter 0301 | Energy: -6.031663 | Delta: 6.15e-03 | M: 8112.1996 | Path: CPU-Statevector MPI-distributed (1 ranks)
Iter 0302 | Energy: -6.031893 | Delta: 2.30e-04 | M: 8243.3276 | Path: CPU-Statevector MPI-distributed (1 ranks)
Iter 0303 | Energy: -6.047116 | Delta: 1.52e-02 | M: 8202.5653 | Path: CPU-Statevector MPI-distributed (1 ranks)
Iter 0304 | Energy: -6.051927 | Delta: 4.81e-03 | M: 7963.1129 | Path: CPU-Statevector MPI-distributed (1 ranks)
Iter 0305 | Energy: -6.050012 | Delta: 1.92e-03 | M: 8293.3668 | Path: CPU-Statevector MPI-distributed (1 ranks)
[RESILIENCE] Iteration 305: Global theta state checkpointed at path checkpoints/LiH/checkpoint_iter_0305.npy. 
Iter 0306 | Energy: -6.054527 | Delta: 4.52e-03 | M: 8220.3679 | Path: CPU-Statevector MPI-distributed (1 ranks)
Iter 0307 | Energy: -6.056025 | Delta: 1.50e-03 | M: 8176.5947 | Path: CPU-Statevector MPI-distributed (1 ranks)
Iter 0308 | Energy: -6.076829 | Delta: 2.08e-02 | M: 7374.8840 | Path: CPU-Statevector MPI-distributed (1 ranks)
Iter 0309 | Energy: -6.073327 | Delta: 3.50e-03 | M: 8071.1167 | Path: CPU-Statevector MPI-distributed (1 ranks)
Iter 0310 | Energy: -6.074165 | Delta: 8.38e-04 | M: 7967.2540 | Path: CPU-Statevector MPI-distributed (1 ranks)
[RESILIENCE] Iteration 310: Global theta state checkpointed at path checkpoints/LiH/checkpoint_iter_0310.npy. 
Iter 0311 | Energy: -6.073136 | Delta: 1.03e-03 | M: 8285.0931 | Path: CPU-Statevector MPI-distributed (1 ranks)
Iter 0312 | Energy: -6.096348 | Delta: 2.32e-02 | M: 8246.9325 | Path: CPU-Statevector MPI-distributed (1 ranks)
Iter 0313 | Energy: -6.086960 | Delta: 9.39e-03 | M: 7558.6882 | Path: CPU-Statevector MPI-distributed (1 ranks)
Iter 0314 | Energy: -6.089330 | Delta: 2.37e-03 | M: 8060.1651 | Path: CPU-Statevector MPI-distributed (1 ranks)
Iter 0315 | Energy: -6.109791 | Delta: 2.05e-02 | M: 8228.2734 | Path: CPU-Statevector MPI-distributed (1 ranks)
[RESILIENCE] Iteration 315: Global theta state checkpointed at path checkpoints/LiH/checkpoint_iter_0315.npy. 
Iter 0316 | Energy: -6.105568 | Delta: 4.22e-03 | M: 8143.9176 | Path: CPU-Statevector MPI-distributed (1 ranks)
Iter 0317 | Energy: -6.106627 | Delta: 1.06e-03 | M: 8233.2168 | Path: CPU-Statevector MPI-distributed (1 ranks)
Iter 0318 | Energy: -6.106746 | Delta: 1.19e-04 | M: 8352.6673 | Path: CPU-Statevector MPI-distributed (1 ranks)
Iter 0319 | Energy: -6.102035 | Delta: 4.71e-03 | M: 8096.4444 | Path: CPU-Statevector MPI-distributed (1 ranks)
Iter 0320 | Energy: -6.114345 | Delta: 1.23e-02 | M: 8075.7825 | Path: CPU-Statevector MPI-distributed (1 ranks)
[RESILIENCE] Iteration 320: Global theta state checkpointed at path checkpoints/LiH/checkpoint_iter_0320.npy. 
Iter 0321 | Energy: -6.108782 | Delta: 5.56e-03 | M: 8065.3816 | Path: CPU-Statevector MPI-distributed (1 ranks)
Iter 0322 | Energy: -6.122013 | Delta: 1.32e-02 | M: 7752.5944 | Path: CPU-Statevector MPI-distributed (1 ranks)
Iter 0323 | Energy: -6.106115 | Delta: 1.59e-02 | M: 7878.3039 | Path: CPU-Statevector MPI-distributed (1 ranks)
Iter 0324 | Energy: -6.114496 | Delta: 8.38e-03 | M: 8270.5543 | Path: CPU-Statevector MPI-distributed (1 ranks)
Iter 0325 | Energy: -6.107709 | Delta: 6.79e-03 | M: 8038.2544 | Path: CPU-Statevector MPI-distributed (1 ranks)
[RESILIENCE] Iteration 325: Global theta state checkpointed at path checkpoints/LiH/checkpoint_iter_0325.npy. 
Iter 0326 | Energy: -6.116728 | Delta: 9.02e-03 | M: 7939.4935 | Path: CPU-Statevector MPI-distributed (1 ranks)
Iter 0327 | Energy: -6.119236 | Delta: 2.51e-03 | M: 8079.0535 | Path: CPU-Statevector MPI-distributed (1 ranks)
Iter 0328 | Energy: -6.119419 | Delta: 1.82e-04 | M: 8247.3540 | Path: CPU-Statevector MPI-distributed (1 ranks)
Iter 0329 | Energy: -6.143002 | Delta: 2.36e-02 | M: 8159.6396 | Path: CPU-Statevector MPI-distributed (1 ranks)
Iter 0330 | Energy: -6.148907 | Delta: 5.91e-03 | M: 8301.2424 | Path: CPU-Statevector MPI-distributed (1 ranks)
[RESILIENCE] Iteration 330: Global theta state checkpointed at path checkpoints/LiH/checkpoint_iter_0330.npy. 
Iter 0331 | Energy: -6.146264 | Delta: 2.64e-03 | M: 8122.0041 | Path: CPU-Statevector MPI-distributed (1 ranks)
Iter 0332 | Energy: -6.167764 | Delta: 2.15e-02 | M: 8329.6045 | Path: CPU-Statevector MPI-distributed (1 ranks)
Iter 0333 | Energy: -6.147947 | Delta: 1.98e-02 | M: 8123.9806 | Path: CPU-Statevector MPI-distributed (1 ranks)
Iter 0334 | Energy: -6.155467 | Delta: 7.52e-03 | M: 7949.1058 | Path: CPU-Statevector MPI-distributed (1 ranks)
Iter 0335 | Energy: -6.159207 | Delta: 3.74e-03 | M: 7404.0097 | Path: CPU-Statevector MPI-distributed (1 ranks)
[RESILIENCE] Iteration 335: Global theta state checkpointed at path checkpoints/LiH/checkpoint_iter_0335.npy. 
Iter 0336 | Energy: -6.174053 | Delta: 1.48e-02 | M: 7928.6710 | Path: CPU-Statevector MPI-distributed (1 ranks)
Iter 0337 | Energy: -6.155622 | Delta: 1.84e-02 | M: 8321.0007 | Path: CPU-Statevector MPI-distributed (1 ranks)
Iter 0338 | Energy: -6.163224 | Delta: 7.60e-03 | M: 8453.0008 | Path: CPU-Statevector MPI-distributed (1 ranks)
Iter 0339 | Energy: -6.174251 | Delta: 1.10e-02 | M: 8151.9995 | Path: CPU-Statevector MPI-distributed (1 ranks)
Iter 0340 | Energy: -6.172586 | Delta: 1.66e-03 | M: 8265.9239 | Path: CPU-Statevector MPI-distributed (1 ranks)
[RESILIENCE] Iteration 340: Global theta state checkpointed at path checkpoints/LiH/checkpoint_iter_0340.npy. 
Iter 0341 | Energy: -6.180197 | Delta: 7.61e-03 | M: 8106.6605 | Path: CPU-Statevector MPI-distributed (1 ranks)
Iter 0342 | Energy: -6.186063 | Delta: 5.87e-03 | M: 8331.6378 | Path: CPU-Statevector MPI-distributed (1 ranks)
Iter 0343 | Energy: -6.190131 | Delta: 4.07e-03 | M: 8074.7552 | Path: CPU-Statevector MPI-distributed (1 ranks)
Iter 0344 | Energy: -6.195875 | Delta: 5.74e-03 | M: 8094.0450 | Path: CPU-Statevector MPI-distributed (1 ranks)
Iter 0345 | Energy: -6.179585 | Delta: 1.63e-02 | M: 8018.4114 | Path: CPU-Statevector MPI-distributed (1 ranks)
[RESILIENCE] Iteration 345: Global theta state checkpointed at path checkpoints/LiH/checkpoint_iter_0345.npy. 
Iter 0346 | Energy: -6.183807 | Delta: 4.22e-03 | M: 8149.2008 | Path: CPU-Statevector MPI-distributed (1 ranks)
Iter 0347 | Energy: -6.200620 | Delta: 1.68e-02 | M: 8163.6906 | Path: CPU-Statevector MPI-distributed (1 ranks)
Iter 0348 | Energy: -6.191247 | Delta: 9.37e-03 | M: 8274.7894 | Path: CPU-Statevector MPI-distributed (1 ranks)
Iter 0349 | Energy: -6.211073 | Delta: 1.98e-02 | M: 8011.8892 | Path: CPU-Statevector MPI-distributed (1 ranks)
Iter 0350 | Energy: -6.223616 | Delta: 1.25e-02 | M: 7480.3764 | Path: CPU-Statevector MPI-distributed (1 ranks)
[RESILIENCE] Iteration 350: Global theta state checkpointed at path checkpoints/LiH/checkpoint_iter_0350.npy. 
Iter 0351 | Energy: -6.224344 | Delta: 7.28e-04 | M: 7813.7857 | Path: CPU-Statevector MPI-distributed (1 ranks)
Iter 0352 | Energy: -6.222904 | Delta: 1.44e-03 | M: 8217.6490 | Path: CPU-Statevector MPI-distributed (1 ranks)
Iter 0353 | Energy: -6.232240 | Delta: 9.34e-03 | M: 8166.4209 | Path: CPU-Statevector MPI-distributed (1 ranks)
Iter 0354 | Energy: -6.233028 | Delta: 7.89e-04 | M: 8213.9348 | Path: CPU-Statevector MPI-distributed (1 ranks)
Iter 0355 | Energy: -6.237409 | Delta: 4.38e-03 | M: 8337.8875 | Path: CPU-Statevector MPI-distributed (1 ranks)
[RESILIENCE] Iteration 355: Global theta state checkpointed at path checkpoints/LiH/checkpoint_iter_0355.npy. 
Iter 0356 | Energy: -6.230926 | Delta: 6.48e-03 | M: 8085.2409 | Path: CPU-Statevector MPI-distributed (1 ranks)
Iter 0357 | Energy: -6.230876 | Delta: 5.03e-05 | M: 8090.4479 | Path: CPU-Statevector MPI-distributed (1 ranks)
Iter 0358 | Energy: -6.236682 | Delta: 5.81e-03 | M: 7648.4230 | Path: CPU-Statevector MPI-distributed (1 ranks)
Iter 0359 | Energy: -6.246369 | Delta: 9.69e-03 | M: 8206.7496 | Path: CPU-Statevector MPI-distributed (1 ranks)
Iter 0360 | Energy: -6.248997 | Delta: 2.63e-03 | M: 8173.2703 | Path: CPU-Statevector MPI-distributed (1 ranks)
[RESILIENCE] Iteration 360: Global theta state checkpointed at path checkpoints/LiH/checkpoint_iter_0360.npy. 
Iter 0361 | Energy: -6.254491 | Delta: 5.49e-03 | M: 8326.2542 | Path: CPU-Statevector MPI-distributed (1 ranks)
Iter 0362 | Energy: -6.254284 | Delta: 2.08e-04 | M: 7825.5344 | Path: CPU-Statevector MPI-distributed (1 ranks)
Iter 0363 | Energy: -6.254877 | Delta: 5.93e-04 | M: 8194.2572 | Path: CPU-Statevector MPI-distributed (1 ranks)
Iter 0364 | Energy: -6.268333 | Delta: 1.35e-02 | M: 7871.5634 | Path: CPU-Statevector MPI-distributed (1 ranks)
Iter 0365 | Energy: -6.251582 | Delta: 1.68e-02 | M: 8321.2696 | Path: CPU-Statevector MPI-distributed (1 ranks)
[RESILIENCE] Iteration 365: Global theta state checkpointed at path checkpoints/LiH/checkpoint_iter_0365.npy. 
Iter 0366 | Energy: -6.260081 | Delta: 8.50e-03 | M: 8120.9268 | Path: CPU-Statevector MPI-distributed (1 ranks)
Iter 0367 | Energy: -6.266808 | Delta: 6.73e-03 | M: 8143.0872 | Path: CPU-Statevector MPI-distributed (1 ranks)
Iter 0368 | Energy: -6.269616 | Delta: 2.81e-03 | M: 7772.0027 | Path: CPU-Statevector MPI-distributed (1 ranks)
Iter 0369 | Energy: -6.263095 | Delta: 6.52e-03 | M: 7947.8078 | Path: CPU-Statevector MPI-distributed (1 ranks)
Iter 0370 | Energy: -6.261879 | Delta: 1.22e-03 | M: 8133.0603 | Path: CPU-Statevector MPI-distributed (1 ranks)
[RESILIENCE] Iteration 370: Global theta state checkpointed at path checkpoints/LiH/checkpoint_iter_0370.npy. 
Iter 0371 | Energy: -6.267912 | Delta: 6.03e-03 | M: 7953.7774 | Path: CPU-Statevector MPI-distributed (1 ranks)
Iter 0372 | Energy: -6.273930 | Delta: 6.02e-03 | M: 8205.9653 | Path: CPU-Statevector MPI-distributed (1 ranks)
Iter 0373 | Energy: -6.287242 | Delta: 1.33e-02 | M: 7986.2454 | Path: CPU-Statevector MPI-distributed (1 ranks)
Iter 0374 | Energy: -6.290305 | Delta: 3.06e-03 | M: 8169.9351 | Path: CPU-Statevector MPI-distributed (1 ranks)
Iter 0375 | Energy: -6.293440 | Delta: 3.13e-03 | M: 8285.8282 | Path: CPU-Statevector MPI-distributed (1 ranks)
[RESILIENCE] Iteration 375: Global theta state checkpointed at path checkpoints/LiH/checkpoint_iter_0375.npy. 
Iter 0376 | Energy: -6.309700 | Delta: 1.63e-02 | M: 8067.2482 | Path: CPU-Statevector MPI-distributed (1 ranks)
Iter 0377 | Energy: -6.299551 | Delta: 1.01e-02 | M: 7348.0321 | Path: CPU-Statevector MPI-distributed (1 ranks)
Iter 0378 | Energy: -6.302555 | Delta: 3.00e-03 | M: 8058.8746 | Path: CPU-Statevector MPI-distributed (1 ranks)
Iter 0379 | Energy: -6.307084 | Delta: 4.53e-03 | M: 8106.6237 | Path: CPU-Statevector MPI-distributed (1 ranks)
Iter 0380 | Energy: -6.294818 | Delta: 1.23e-02 | M: 8141.9370 | Path: CPU-Statevector MPI-distributed (1 ranks)
[RESILIENCE] Iteration 380: Global theta state checkpointed at path checkpoints/LiH/checkpoint_iter_0380.npy. 
Iter 0381 | Energy: -6.302419 | Delta: 7.60e-03 | M: 8182.9858 | Path: CPU-Statevector MPI-distributed (1 ranks)
Iter 0382 | Energy: -6.298722 | Delta: 3.70e-03 | M: 8285.6711 | Path: CPU-Statevector MPI-distributed (1 ranks)
Iter 0383 | Energy: -6.308229 | Delta: 9.51e-03 | M: 8235.5234 | Path: CPU-Statevector MPI-distributed (1 ranks)
Iter 0384 | Energy: -6.328575 | Delta: 2.03e-02 | M: 8091.5045 | Path: CPU-Statevector MPI-distributed (1 ranks)
Iter 0385 | Energy: -6.317375 | Delta: 1.12e-02 | M: 7367.0057 | Path: CPU-Statevector MPI-distributed (1 ranks)
[RESILIENCE] Iteration 385: Global theta state checkpointed at path checkpoints/LiH/checkpoint_iter_0385.npy. 
Iter 0386 | Energy: -6.324061 | Delta: 6.69e-03 | M: 8170.7402 | Path: CPU-Statevector MPI-distributed (1 ranks)
Iter 0387 | Energy: -6.319380 | Delta: 4.68e-03 | M: 8391.3200 | Path: CPU-Statevector MPI-distributed (1 ranks)
Iter 0388 | Energy: -6.320762 | Delta: 1.38e-03 | M: 8380.5605 | Path: CPU-Statevector MPI-distributed (1 ranks)
Iter 0389 | Energy: -6.331172 | Delta: 1.04e-02 | M: 8114.7792 | Path: CPU-Statevector MPI-distributed (1 ranks)
Iter 0390 | Energy: -6.344123 | Delta: 1.30e-02 | M: 8253.0871 | Path: CPU-Statevector MPI-distributed (1 ranks)
[RESILIENCE] Iteration 390: Global theta state checkpointed at path checkpoints/LiH/checkpoint_iter_0390.npy. 
Iter 0391 | Energy: -6.348163 | Delta: 4.04e-03 | M: 7857.9647 | Path: CPU-Statevector MPI-distributed (1 ranks)
Iter 0392 | Energy: -6.355006 | Delta: 6.84e-03 | M: 8191.0599 | Path: CPU-Statevector MPI-distributed (1 ranks)
Iter 0393 | Energy: -6.350274 | Delta: 4.73e-03 | M: 8246.0258 | Path: CPU-Statevector MPI-distributed (1 ranks)
Iter 0394 | Energy: -6.349398 | Delta: 8.75e-04 | M: 8155.8385 | Path: CPU-Statevector MPI-distributed (1 ranks)
Iter 0395 | Energy: -6.353977 | Delta: 4.58e-03 | M: 8016.3246 | Path: CPU-Statevector MPI-distributed (1 ranks)
[RESILIENCE] Iteration 395: Global theta state checkpointed at path checkpoints/LiH/checkpoint_iter_0395.npy. 
Iter 0396 | Energy: -6.365288 | Delta: 1.13e-02 | M: 7746.6048 | Path: CPU-Statevector MPI-distributed (1 ranks)
Iter 0397 | Energy: -6.375590 | Delta: 1.03e-02 | M: 8456.1654 | Path: CPU-Statevector MPI-distributed (1 ranks)
Iter 0398 | Energy: -6.395539 | Delta: 1.99e-02 | M: 8326.8133 | Path: CPU-Statevector MPI-distributed (1 ranks)
Iter 0399 | Energy: -6.385474 | Delta: 1.01e-02 | M: 8133.2838 | Path: CPU-Statevector MPI-distributed (1 ranks)
Iter 0400 | Energy: -6.389340 | Delta: 3.87e-03 | M: 7821.8402 | Path: CPU-Statevector MPI-distributed (1 ranks)
[RESILIENCE] Iteration 400: Global theta state checkpointed at path checkpoints/LiH/checkpoint_iter_0400.npy. 
Iter 0401 | Energy: -6.383479 | Delta: 5.86e-03 | M: 7928.4444 | Path: CPU-Statevector MPI-distributed (1 ranks)
Iter 0402 | Energy: -6.402455 | Delta: 1.90e-02 | M: 8024.5604 | Path: CPU-Statevector MPI-distributed (1 ranks)
Iter 0403 | Energy: -6.406656 | Delta: 4.20e-03 | M: 8230.4473 | Path: CPU-Statevector MPI-distributed (1 ranks)
Iter 0404 | Energy: -6.408629 | Delta: 1.97e-03 | M: 7912.9842 | Path: CPU-Statevector MPI-distributed (1 ranks)
Iter 0405 | Energy: -6.402219 | Delta: 6.41e-03 | M: 8247.4158 | Path: CPU-Statevector MPI-distributed (1 ranks)
[RESILIENCE] Iteration 405: Global theta state checkpointed at path checkpoints/LiH/checkpoint_iter_0405.npy. 
Iter 0406 | Energy: -6.421539 | Delta: 1.93e-02 | M: 8274.5845 | Path: CPU-Statevector MPI-distributed (1 ranks)
Iter 0407 | Energy: -6.421340 | Delta: 1.99e-04 | M: 7942.0824 | Path: CPU-Statevector MPI-distributed (1 ranks)
Iter 0408 | Energy: -6.425113 | Delta: 3.77e-03 | M: 7206.9024 | Path: CPU-Statevector MPI-distributed (1 ranks)
Iter 0409 | Energy: -6.422036 | Delta: 3.08e-03 | M: 7856.2459 | Path: CPU-Statevector MPI-distributed (1 ranks)
Iter 0410 | Energy: -6.426384 | Delta: 4.35e-03 | M: 8224.6333 | Path: CPU-Statevector MPI-distributed (1 ranks)
[RESILIENCE] Iteration 410: Global theta state checkpointed at path checkpoints/LiH/checkpoint_iter_0410.npy. 
Iter 0411 | Energy: -6.425267 | Delta: 1.12e-03 | M: 8145.9117 | Path: CPU-Statevector MPI-distributed (1 ranks)
Iter 0412 | Energy: -6.420068 | Delta: 5.20e-03 | M: 8358.4455 | Path: CPU-Statevector MPI-distributed (1 ranks)
Iter 0413 | Energy: -6.428541 | Delta: 8.47e-03 | M: 8049.7748 | Path: CPU-Statevector MPI-distributed (1 ranks)
Iter 0414 | Energy: -6.429509 | Delta: 9.68e-04 | M: 4198.6631 | Path: CPU-Statevector MPI-distributed (1 ranks)
Iter 0415 | Energy: -6.435482 | Delta: 5.97e-03 | M: 8163.5015 | Path: CPU-Statevector MPI-distributed (1 ranks)
[RESILIENCE] Iteration 415: Global theta state checkpointed at path checkpoints/LiH/checkpoint_iter_0415.npy. 
Iter 0416 | Energy: -6.423418 | Delta: 1.21e-02 | M: 8173.5008 | Path: CPU-Statevector MPI-distributed (1 ranks)
Iter 0417 | Energy: -6.430232 | Delta: 6.81e-03 | M: 8062.1792 | Path: CPU-Statevector MPI-distributed (1 ranks)
Iter 0418 | Energy: -6.462587 | Delta: 3.24e-02 | M: 8064.2673 | Path: CPU-Statevector MPI-distributed (1 ranks)
Iter 0419 | Energy: -6.458796 | Delta: 3.79e-03 | M: 8303.3198 | Path: CPU-Statevector MPI-distributed (1 ranks)
Iter 0420 | Energy: -6.457606 | Delta: 1.19e-03 | M: 8018.7193 | Path: CPU-Statevector MPI-distributed (1 ranks)
[RESILIENCE] Iteration 420: Global theta state checkpointed at path checkpoints/LiH/checkpoint_iter_0420.npy. 
Iter 0421 | Energy: -6.461017 | Delta: 3.41e-03 | M: 8104.1205 | Path: CPU-Statevector MPI-distributed (1 ranks)
Iter 0422 | Energy: -6.451910 | Delta: 9.11e-03 | M: 8176.0222 | Path: CPU-Statevector MPI-distributed (1 ranks)
Iter 0423 | Energy: -6.466956 | Delta: 1.50e-02 | M: 7867.9451 | Path: CPU-Statevector MPI-distributed (1 ranks)
Iter 0424 | Energy: -6.482336 | Delta: 1.54e-02 | M: 8081.3333 | Path: CPU-Statevector MPI-distributed (1 ranks)
Iter 0425 | Energy: -6.482261 | Delta: 7.48e-05 | M: 8017.9754 | Path: CPU-Statevector MPI-distributed (1 ranks)
[RESILIENCE] Iteration 425: Global theta state checkpointed at path checkpoints/LiH/checkpoint_iter_0425.npy. 
Iter 0426 | Energy: -6.477296 | Delta: 4.96e-03 | M: 8021.9457 | Path: CPU-Statevector MPI-distributed (1 ranks)
Iter 0427 | Energy: -6.490517 | Delta: 1.32e-02 | M: 7361.9439 | Path: CPU-Statevector MPI-distributed (1 ranks)
Iter 0428 | Energy: -6.498449 | Delta: 7.93e-03 | M: 8060.3623 | Path: CPU-Statevector MPI-distributed (1 ranks)
Iter 0429 | Energy: -6.510867 | Delta: 1.24e-02 | M: 8107.1754 | Path: CPU-Statevector MPI-distributed (1 ranks)
Iter 0430 | Energy: -6.509265 | Delta: 1.60e-03 | M: 8241.7695 | Path: CPU-Statevector MPI-distributed (1 ranks)
[RESILIENCE] Iteration 430: Global theta state checkpointed at path checkpoints/LiH/checkpoint_iter_0430.npy. 
Iter 0431 | Energy: -6.511759 | Delta: 2.49e-03 | M: 8223.1233 | Path: CPU-Statevector MPI-distributed (1 ranks)
Iter 0432 | Energy: -6.511298 | Delta: 4.61e-04 | M: 8084.3916 | Path: CPU-Statevector MPI-distributed (1 ranks)
Iter 0433 | Energy: -6.529876 | Delta: 1.86e-02 | M: 8142.1999 | Path: CPU-Statevector MPI-distributed (1 ranks)
Iter 0434 | Energy: -6.532056 | Delta: 2.18e-03 | M: 7971.7656 | Path: CPU-Statevector MPI-distributed (1 ranks)
Iter 0435 | Energy: -6.540836 | Delta: 8.78e-03 | M: 7269.8335 | Path: CPU-Statevector MPI-distributed (1 ranks)
[RESILIENCE] Iteration 435: Global theta state checkpointed at path checkpoints/LiH/checkpoint_iter_0435.npy. 
Iter 0436 | Energy: -6.553677 | Delta: 1.28e-02 | M: 8183.3419 | Path: CPU-Statevector MPI-distributed (1 ranks)
Iter 0437 | Energy: -6.561314 | Delta: 7.64e-03 | M: 8170.2373 | Path: CPU-Statevector MPI-distributed (1 ranks)
Iter 0438 | Energy: -6.557389 | Delta: 3.93e-03 | M: 8169.5464 | Path: CPU-Statevector MPI-distributed (1 ranks)
Iter 0439 | Energy: -6.563983 | Delta: 6.59e-03 | M: 8120.1888 | Path: CPU-Statevector MPI-distributed (1 ranks)
Iter 0440 | Energy: -6.581568 | Delta: 1.76e-02 | M: 8032.2489 | Path: CPU-Statevector MPI-distributed (1 ranks)
[RESILIENCE] Iteration 440: Global theta state checkpointed at path checkpoints/LiH/checkpoint_iter_0440.npy. 
Iter 0441 | Energy: -6.580871 | Delta: 6.97e-04 | M: 8174.3543 | Path: CPU-Statevector MPI-distributed (1 ranks)
Iter 0442 | Energy: -6.581525 | Delta: 6.54e-04 | M: 8137.1853 | Path: CPU-Statevector MPI-distributed (1 ranks)
Iter 0443 | Energy: -6.579321 | Delta: 2.20e-03 | M: 8147.4895 | Path: CPU-Statevector MPI-distributed (1 ranks)
Iter 0444 | Energy: -6.584311 | Delta: 4.99e-03 | M: 8295.2741 | Path: CPU-Statevector MPI-distributed (1 ranks)
Iter 0445 | Energy: -6.584777 | Delta: 4.66e-04 | M: 8243.0567 | Path: CPU-Statevector MPI-distributed (1 ranks)
[RESILIENCE] Iteration 445: Global theta state checkpointed at path checkpoints/LiH/checkpoint_iter_0445.npy. 
Iter 0446 | Energy: -6.585951 | Delta: 1.17e-03 | M: 8083.2214 | Path: CPU-Statevector MPI-distributed (1 ranks)
Iter 0447 | Energy: -6.594191 | Delta: 8.24e-03 | M: 8153.9770 | Path: CPU-Statevector MPI-distributed (1 ranks)
Iter 0448 | Energy: -6.594177 | Delta: 1.36e-05 | M: 8162.4444 | Path: CPU-Statevector MPI-distributed (1 ranks)
Iter 0449 | Energy: -6.600516 | Delta: 6.34e-03 | M: 8143.6680 | Path: CPU-Statevector MPI-distributed (1 ranks)
Iter 0450 | Energy: -6.598835 | Delta: 1.68e-03 | M: 8244.5651 | Path: CPU-Statevector MPI-distributed (1 ranks)
[RESILIENCE] Iteration 450: Global theta state checkpointed at path checkpoints/LiH/checkpoint_iter_0450.npy. 
Iter 0451 | Energy: -6.604642 | Delta: 5.81e-03 | M: 7531.3768 | Path: CPU-Statevector MPI-distributed (1 ranks)
Iter 0452 | Energy: -6.612785 | Delta: 8.14e-03 | M: 8101.9422 | Path: CPU-Statevector MPI-distributed (1 ranks)
Iter 0453 | Energy: -6.605645 | Delta: 7.14e-03 | M: 8309.8473 | Path: CPU-Statevector MPI-distributed (1 ranks)
Iter 0454 | Energy: -6.610249 | Delta: 4.60e-03 | M: 8248.9550 | Path: CPU-Statevector MPI-distributed (1 ranks)
Iter 0455 | Energy: -6.616170 | Delta: 5.92e-03 | M: 8077.9838 | Path: CPU-Statevector MPI-distributed (1 ranks)
[RESILIENCE] Iteration 455: Global theta state checkpointed at path checkpoints/LiH/checkpoint_iter_0455.npy. 
Iter 0456 | Energy: -6.612441 | Delta: 3.73e-03 | M: 8085.8874 | Path: CPU-Statevector MPI-distributed (1 ranks)
Iter 0457 | Energy: -6.613255 | Delta: 8.15e-04 | M: 8018.2912 | Path: CPU-Statevector MPI-distributed (1 ranks)
Iter 0458 | Energy: -6.616190 | Delta: 2.94e-03 | M: 8172.9483 | Path: CPU-Statevector MPI-distributed (1 ranks)
Iter 0459 | Energy: -6.617121 | Delta: 9.31e-04 | M: 8133.4360 | Path: CPU-Statevector MPI-distributed (1 ranks)
Iter 0460 | Energy: -6.630893 | Delta: 1.38e-02 | M: 8243.3613 | Path: CPU-Statevector MPI-distributed (1 ranks)
[RESILIENCE] Iteration 460: Global theta state checkpointed at path checkpoints/LiH/checkpoint_iter_0460.npy. 
Iter 0461 | Energy: -6.634523 | Delta: 3.63e-03 | M: 8182.3725 | Path: CPU-Statevector MPI-distributed (1 ranks)
Iter 0462 | Energy: -6.646007 | Delta: 1.15e-02 | M: 8278.7435 | Path: CPU-Statevector MPI-distributed (1 ranks)
Iter 0463 | Energy: -6.649564 | Delta: 3.56e-03 | M: 8362.2963 | Path: CPU-Statevector MPI-distributed (1 ranks)
Iter 0464 | Energy: -6.672805 | Delta: 2.32e-02 | M: 8175.0785 | Path: CPU-Statevector MPI-distributed (1 ranks)
Iter 0465 | Energy: -6.695276 | Delta: 2.25e-02 | M: 8485.7685 | Path: CPU-Statevector MPI-distributed (1 ranks)
[RESILIENCE] Iteration 465: Global theta state checkpointed at path checkpoints/LiH/checkpoint_iter_0465.npy. 
Iter 0466 | Energy: -6.703759 | Delta: 8.48e-03 | M: 8053.8761 | Path: CPU-Statevector MPI-distributed (1 ranks)
Iter 0467 | Energy: -6.708601 | Delta: 4.84e-03 | M: 8094.7011 | Path: CPU-Statevector MPI-distributed (1 ranks)
Iter 0468 | Energy: -6.719635 | Delta: 1.10e-02 | M: 8297.0910 | Path: CPU-Statevector MPI-distributed (1 ranks)
Iter 0469 | Energy: -6.719959 | Delta: 3.24e-04 | M: 8266.2219 | Path: CPU-Statevector MPI-distributed (1 ranks)
Iter 0470 | Energy: -6.725593 | Delta: 5.63e-03 | M: 8091.4340 | Path: CPU-Statevector MPI-distributed (1 ranks)
[RESILIENCE] Iteration 470: Global theta state checkpointed at path checkpoints/LiH/checkpoint_iter_0470.npy. 
Iter 0471 | Energy: -6.724787 | Delta: 8.05e-04 | M: 8141.4522 | Path: CPU-Statevector MPI-distributed (1 ranks)
Iter 0472 | Energy: -6.729165 | Delta: 4.38e-03 | M: 7722.3387 | Path: CPU-Statevector MPI-distributed (1 ranks)
Iter 0473 | Energy: -6.738144 | Delta: 8.98e-03 | M: 8300.6268 | Path: CPU-Statevector MPI-distributed (1 ranks)
Iter 0474 | Energy: -6.745811 | Delta: 7.67e-03 | M: 8084.0842 | Path: CPU-Statevector MPI-distributed (1 ranks)
Iter 0475 | Energy: -6.749374 | Delta: 3.56e-03 | M: 7936.1964 | Path: CPU-Statevector MPI-distributed (1 ranks)
[RESILIENCE] Iteration 475: Global theta state checkpointed at path checkpoints/LiH/checkpoint_iter_0475.npy. 
Iter 0476 | Energy: -6.747242 | Delta: 2.13e-03 | M: 8098.4816 | Path: CPU-Statevector MPI-distributed (1 ranks)
Iter 0477 | Energy: -6.754591 | Delta: 7.35e-03 | M: 8044.9314 | Path: CPU-Statevector MPI-distributed (1 ranks)
Iter 0478 | Energy: -6.762333 | Delta: 7.74e-03 | M: 7924.1221 | Path: CPU-Statevector MPI-distributed (1 ranks)
Iter 0479 | Energy: -6.767994 | Delta: 5.66e-03 | M: 8024.3828 | Path: CPU-Statevector MPI-distributed (1 ranks)
Iter 0480 | Energy: -6.766217 | Delta: 1.78e-03 | M: 8240.9409 | Path: CPU-Statevector MPI-distributed (1 ranks)
[RESILIENCE] Iteration 480: Global theta state checkpointed at path checkpoints/LiH/checkpoint_iter_0480.npy. 
Iter 0481 | Energy: -6.775126 | Delta: 8.91e-03 | M: 8255.1890 | Path: CPU-Statevector MPI-distributed (1 ranks)
Iter 0482 | Energy: -6.778683 | Delta: 3.56e-03 | M: 7930.9567 | Path: CPU-Statevector MPI-distributed (1 ranks)
Iter 0483 | Energy: -6.787515 | Delta: 8.83e-03 | M: 8259.8090 | Path: CPU-Statevector MPI-distributed (1 ranks)
Iter 0484 | Energy: -6.800936 | Delta: 1.34e-02 | M: 8138.1880 | Path: CPU-Statevector MPI-distributed (1 ranks)
Iter 0485 | Energy: -6.808327 | Delta: 7.39e-03 | M: 8073.5324 | Path: CPU-Statevector MPI-distributed (1 ranks)
[RESILIENCE] Iteration 485: Global theta state checkpointed at path checkpoints/LiH/checkpoint_iter_0485.npy. 
Iter 0486 | Energy: -6.812538 | Delta: 4.21e-03 | M: 8223.1137 | Path: CPU-Statevector MPI-distributed (1 ranks)
Iter 0487 | Energy: -6.816809 | Delta: 4.27e-03 | M: 8101.4076 | Path: CPU-Statevector MPI-distributed (1 ranks)
Iter 0488 | Energy: -6.822377 | Delta: 5.57e-03 | M: 8207.2364 | Path: CPU-Statevector MPI-distributed (1 ranks)
Iter 0489 | Energy: -6.823456 | Delta: 1.08e-03 | M: 8182.6995 | Path: CPU-Statevector MPI-distributed (1 ranks)
Iter 0490 | Energy: -6.820634 | Delta: 2.82e-03 | M: 8197.6795 | Path: CPU-Statevector MPI-distributed (1 ranks)
[RESILIENCE] Iteration 490: Global theta state checkpointed at path checkpoints/LiH/checkpoint_iter_0490.npy. 
Iter 0491 | Energy: -6.832783 | Delta: 1.21e-02 | M: 8222.1043 | Path: CPU-Statevector MPI-distributed (1 ranks)
Iter 0492 | Energy: -6.842033 | Delta: 9.25e-03 | M: 8168.0961 | Path: CPU-Statevector MPI-distributed (1 ranks)
Iter 0493 | Energy: -6.839224 | Delta: 2.81e-03 | M: 8367.7872 | Path: CPU-Statevector MPI-distributed (1 ranks)
Iter 0494 | Energy: -6.838604 | Delta: 6.21e-04 | M: 8249.6128 | Path: CPU-Statevector MPI-distributed (1 ranks)
Iter 0495 | Energy: -6.844086 | Delta: 5.48e-03 | M: 8226.5151 | Path: CPU-Statevector MPI-distributed (1 ranks)
[RESILIENCE] Iteration 495: Global theta state checkpointed at path checkpoints/LiH/checkpoint_iter_0495.npy. 
Iter 0496 | Energy: -6.844699 | Delta: 6.13e-04 | M: 8360.5931 | Path: CPU-Statevector MPI-distributed (1 ranks)
Iter 0497 | Energy: -6.842672 | Delta: 2.03e-03 | M: 7966.9307 | Path: CPU-Statevector MPI-distributed (1 ranks)
Iter 0498 | Energy: -6.845201 | Delta: 2.53e-03 | M: 8123.8904 | Path: CPU-Statevector MPI-distributed (1 ranks)
Iter 0499 | Energy: -6.845448 | Delta: 2.48e-04 | M: 7405.0339 | Path: CPU-Statevector MPI-distributed (1 ranks)
Iter 0500 | Energy: -6.845982 | Delta: 5.34e-04 | M: 8277.1902 | Path: CPU-Statevector MPI-distributed (1 ranks)
[RESILIENCE] Iteration 500: Global theta state checkpointed at path checkpoints/LiH/checkpoint_iter_0500.npy. 
Iter 0501 | Energy: -6.852663 | Delta: 6.68e-03 | M: 7823.3841 | Path: CPU-Statevector MPI-distributed (1 ranks)
Iter 0502 | Energy: -6.856181 | Delta: 3.52e-03 | M: 8108.0161 | Path: CPU-Statevector MPI-distributed (1 ranks)
Iter 0503 | Energy: -6.849909 | Delta: 6.27e-03 | M: 7689.2874 | Path: CPU-Statevector MPI-distributed (1 ranks)
Iter 0504 | Energy: -6.860560 | Delta: 1.07e-02 | M: 8187.5374 | Path: CPU-Statevector MPI-distributed (1 ranks)
Iter 0505 | Energy: -6.860258 | Delta: 3.02e-04 | M: 8169.5942 | Path: CPU-Statevector MPI-distributed (1 ranks)
[RESILIENCE] Iteration 505: Global theta state checkpointed at path checkpoints/LiH/checkpoint_iter_0505.npy. 
Iter 0506 | Energy: -6.855166 | Delta: 5.09e-03 | M: 7949.5521 | Path: CPU-Statevector MPI-distributed (1 ranks)
Iter 0507 | Energy: -6.861189 | Delta: 6.02e-03 | M: 8171.4456 | Path: CPU-Statevector MPI-distributed (1 ranks)
Iter 0508 | Energy: -6.866465 | Delta: 5.28e-03 | M: 7890.6524 | Path: CPU-Statevector MPI-distributed (1 ranks)
Iter 0509 | Energy: -6.870599 | Delta: 4.13e-03 | M: 8015.5293 | Path: CPU-Statevector MPI-distributed (1 ranks)
Iter 0510 | Energy: -6.866397 | Delta: 4.20e-03 | M: 7227.1955 | Path: CPU-Statevector MPI-distributed (1 ranks)
[RESILIENCE] Iteration 510: Global theta state checkpointed at path checkpoints/LiH/checkpoint_iter_0510.npy. 
Iter 0511 | Energy: -6.875435 | Delta: 9.04e-03 | M: 7981.5364 | Path: CPU-Statevector MPI-distributed (1 ranks)
Iter 0512 | Energy: -6.881585 | Delta: 6.15e-03 | M: 8151.6046 | Path: CPU-Statevector MPI-distributed (1 ranks)
Iter 0513 | Energy: -6.879223 | Delta: 2.36e-03 | M: 8142.7242 | Path: CPU-Statevector MPI-distributed (1 ranks)
Iter 0514 | Energy: -6.883612 | Delta: 4.39e-03 | M: 7959.4999 | Path: CPU-Statevector MPI-distributed (1 ranks)
Iter 0515 | Energy: -6.895793 | Delta: 1.22e-02 | M: 8150.8294 | Path: CPU-Statevector MPI-distributed (1 ranks)
[RESILIENCE] Iteration 515: Global theta state checkpointed at path checkpoints/LiH/checkpoint_iter_0515.npy. 
Iter 0516 | Energy: -6.886555 | Delta: 9.24e-03 | M: 8276.1527 | Path: CPU-Statevector MPI-distributed (1 ranks)
Iter 0517 | Energy: -6.890611 | Delta: 4.06e-03 | M: 8268.7621 | Path: CPU-Statevector MPI-distributed (1 ranks)
Iter 0518 | Energy: -6.891681 | Delta: 1.07e-03 | M: 8062.7038 | Path: CPU-Statevector MPI-distributed (1 ranks)
Iter 0519 | Energy: -6.889296 | Delta: 2.38e-03 | M: 8013.3974 | Path: CPU-Statevector MPI-distributed (1 ranks)
Iter 0520 | Energy: -6.892978 | Delta: 3.68e-03 | M: 8350.3667 | Path: CPU-Statevector MPI-distributed (1 ranks)
[RESILIENCE] Iteration 520: Global theta state checkpointed at path checkpoints/LiH/checkpoint_iter_0520.npy. 
Iter 0521 | Energy: -6.898061 | Delta: 5.08e-03 | M: 7973.8817 | Path: CPU-Statevector MPI-distributed (1 ranks)
Iter 0522 | Energy: -6.916504 | Delta: 1.84e-02 | M: 7787.1701 | Path: CPU-Statevector MPI-distributed (1 ranks)
Iter 0523 | Energy: -6.905466 | Delta: 1.10e-02 | M: 7673.6129 | Path: CPU-Statevector MPI-distributed (1 ranks)
Iter 0524 | Energy: -6.906424 | Delta: 9.57e-04 | M: 8038.2006 | Path: CPU-Statevector MPI-distributed (1 ranks)
Iter 0525 | Energy: -6.907394 | Delta: 9.71e-04 | M: 8194.6456 | Path: CPU-Statevector MPI-distributed (1 ranks)
[RESILIENCE] Iteration 525: Global theta state checkpointed at path checkpoints/LiH/checkpoint_iter_0525.npy. 
Iter 0526 | Energy: -6.916665 | Delta: 9.27e-03 | M: 8124.5989 | Path: CPU-Statevector MPI-distributed (1 ranks)
Iter 0527 | Energy: -6.917523 | Delta: 8.57e-04 | M: 7886.8582 | Path: CPU-Statevector MPI-distributed (1 ranks)
Iter 0528 | Energy: -6.908998 | Delta: 8.52e-03 | M: 7714.2287 | Path: CPU-Statevector MPI-distributed (1 ranks)
Iter 0529 | Energy: -6.914491 | Delta: 5.49e-03 | M: 8110.0835 | Path: CPU-Statevector MPI-distributed (1 ranks)
Iter 0530 | Energy: -6.916664 | Delta: 2.17e-03 | M: 8023.0093 | Path: CPU-Statevector MPI-distributed (1 ranks)
[RESILIENCE] Iteration 530: Global theta state checkpointed at path checkpoints/LiH/checkpoint_iter_0530.npy. 
Iter 0531 | Energy: -6.927452 | Delta: 1.08e-02 | M: 8151.7567 | Path: CPU-Statevector MPI-distributed (1 ranks)
Iter 0532 | Energy: -6.919541 | Delta: 7.91e-03 | M: 8223.9164 | Path: CPU-Statevector MPI-distributed (1 ranks)
Iter 0533 | Energy: -6.935853 | Delta: 1.63e-02 | M: 8269.8658 | Path: CPU-Statevector MPI-distributed (1 ranks)
Iter 0534 | Energy: -6.953287 | Delta: 1.74e-02 | M: 7745.8362 | Path: CPU-Statevector MPI-distributed (1 ranks)
Iter 0535 | Energy: -6.941726 | Delta: 1.16e-02 | M: 8369.6437 | Path: CPU-Statevector MPI-distributed (1 ranks)
[RESILIENCE] Iteration 535: Global theta state checkpointed at path checkpoints/LiH/checkpoint_iter_0535.npy. 
Iter 0536 | Energy: -6.948213 | Delta: 6.49e-03 | M: 7965.7332 | Path: CPU-Statevector MPI-distributed (1 ranks)
Iter 0537 | Energy: -6.945929 | Delta: 2.28e-03 | M: 7713.7919 | Path: CPU-Statevector MPI-distributed (1 ranks)
Iter 0538 | Energy: -6.947392 | Delta: 1.46e-03 | M: 8375.5160 | Path: CPU-Statevector MPI-distributed (1 ranks)
Iter 0539 | Energy: -6.948486 | Delta: 1.09e-03 | M: 8331.1894 | Path: CPU-Statevector MPI-distributed (1 ranks)
Iter 0540 | Energy: -6.951636 | Delta: 3.15e-03 | M: 8285.1333 | Path: CPU-Statevector MPI-distributed (1 ranks)
[RESILIENCE] Iteration 540: Global theta state checkpointed at path checkpoints/LiH/checkpoint_iter_0540.npy. 
Iter 0541 | Energy: -6.948914 | Delta: 2.72e-03 | M: 8011.2622 | Path: CPU-Statevector MPI-distributed (1 ranks)
Iter 0542 | Energy: -6.955701 | Delta: 6.79e-03 | M: 8192.8970 | Path: CPU-Statevector MPI-distributed (1 ranks)
Iter 0543 | Energy: -6.961919 | Delta: 6.22e-03 | M: 8257.0880 | Path: CPU-Statevector MPI-distributed (1 ranks)
Iter 0544 | Energy: -6.958309 | Delta: 3.61e-03 | M: 8149.8738 | Path: CPU-Statevector MPI-distributed (1 ranks)
Iter 0545 | Energy: -6.963069 | Delta: 4.76e-03 | M: 8019.3653 | Path: CPU-Statevector MPI-distributed (1 ranks)
[RESILIENCE] Iteration 545: Global theta state checkpointed at path checkpoints/LiH/checkpoint_iter_0545.npy. 
Iter 0546 | Energy: -6.952571 | Delta: 1.05e-02 | M: 8012.2983 | Path: CPU-Statevector MPI-distributed (1 ranks)
Iter 0547 | Energy: -6.960563 | Delta: 7.99e-03 | M: 8068.7785 | Path: CPU-Statevector MPI-distributed (1 ranks)
Iter 0548 | Energy: -6.956029 | Delta: 4.53e-03 | M: 8307.6288 | Path: CPU-Statevector MPI-distributed (1 ranks)
Iter 0549 | Energy: -6.966476 | Delta: 1.04e-02 | M: 8049.9713 | Path: CPU-Statevector MPI-distributed (1 ranks)
Iter 0550 | Energy: -6.973641 | Delta: 7.16e-03 | M: 7417.6613 | Path: CPU-Statevector MPI-distributed (1 ranks)
[RESILIENCE] Iteration 550: Global theta state checkpointed at path checkpoints/LiH/checkpoint_iter_0550.npy. 
Iter 0551 | Energy: -6.968361 | Delta: 5.28e-03 | M: 8215.0448 | Path: CPU-Statevector MPI-distributed (1 ranks)
Iter 0552 | Energy: -6.971859 | Delta: 3.50e-03 | M: 8227.5881 | Path: CPU-Statevector MPI-distributed (1 ranks)
Iter 0553 | Energy: -6.972878 | Delta: 1.02e-03 | M: 8409.9053 | Path: CPU-Statevector MPI-distributed (1 ranks)
Iter 0554 | Energy: -6.973177 | Delta: 2.98e-04 | M: 8079.4217 | Path: CPU-Statevector MPI-distributed (1 ranks)
Iter 0555 | Energy: -6.977259 | Delta: 4.08e-03 | M: 8307.3971 | Path: CPU-Statevector MPI-distributed (1 ranks)
[RESILIENCE] Iteration 555: Global theta state checkpointed at path checkpoints/LiH/checkpoint_iter_0555.npy. 
Iter 0556 | Energy: -6.985058 | Delta: 7.80e-03 | M: 8198.1846 | Path: CPU-Statevector MPI-distributed (1 ranks)
Iter 0557 | Energy: -6.980802 | Delta: 4.26e-03 | M: 8157.3077 | Path: CPU-Statevector MPI-distributed (1 ranks)
Iter 0558 | Energy: -6.984341 | Delta: 3.54e-03 | M: 5892.7149 | Path: CPU-Statevector MPI-distributed (1 ranks)
Iter 0559 | Energy: -6.987208 | Delta: 2.87e-03 | M: 7806.6125 | Path: CPU-Statevector MPI-distributed (1 ranks)
Iter 0560 | Energy: -7.000299 | Delta: 1.31e-02 | M: 8030.1097 | Path: CPU-Statevector MPI-distributed (1 ranks)
[RESILIENCE] Iteration 560: Global theta state checkpointed at path checkpoints/LiH/checkpoint_iter_0560.npy. 
Iter 0561 | Energy: -7.004580 | Delta: 4.28e-03 | M: 7738.4561 | Path: CPU-Statevector MPI-distributed (1 ranks)
Iter 0562 | Energy: -7.018489 | Delta: 1.39e-02 | M: 8067.8490 | Path: CPU-Statevector MPI-distributed (1 ranks)
Iter 0563 | Energy: -7.012265 | Delta: 6.22e-03 | M: 8071.5896 | Path: CPU-Statevector MPI-distributed (1 ranks)
Iter 0564 | Energy: -7.027199 | Delta: 1.49e-02 | M: 8156.8224 | Path: CPU-Statevector MPI-distributed (1 ranks)
Iter 0565 | Energy: -7.027532 | Delta: 3.33e-04 | M: 7170.4613 | Path: CPU-Statevector MPI-distributed (1 ranks)
[RESILIENCE] Iteration 565: Global theta state checkpointed at path checkpoints/LiH/checkpoint_iter_0565.npy. 
Iter 0566 | Energy: -7.041175 | Delta: 1.36e-02 | M: 7881.4669 | Path: CPU-Statevector MPI-distributed (1 ranks)
Iter 0567 | Energy: -7.038091 | Delta: 3.08e-03 | M: 8031.8974 | Path: CPU-Statevector MPI-distributed (1 ranks)
Iter 0568 | Energy: -7.031384 | Delta: 6.71e-03 | M: 8096.4063 | Path: CPU-Statevector MPI-distributed (1 ranks)
Iter 0569 | Energy: -7.050458 | Delta: 1.91e-02 | M: 8109.3982 | Path: CPU-Statevector MPI-distributed (1 ranks)
Iter 0570 | Energy: -7.051601 | Delta: 1.14e-03 | M: 8285.9609 | Path: CPU-Statevector MPI-distributed (1 ranks)
[RESILIENCE] Iteration 570: Global theta state checkpointed at path checkpoints/LiH/checkpoint_iter_0570.npy. 
Iter 0571 | Energy: -7.044488 | Delta: 7.11e-03 | M: 8307.2457 | Path: CPU-Statevector MPI-distributed (1 ranks)
Iter 0572 | Energy: -7.047866 | Delta: 3.38e-03 | M: 8059.7118 | Path: CPU-Statevector MPI-distributed (1 ranks)
Iter 0573 | Energy: -7.065705 | Delta: 1.78e-02 | M: 7262.3822 | Path: CPU-Statevector MPI-distributed (1 ranks)
Iter 0574 | Energy: -7.062107 | Delta: 3.60e-03 | M: 8120.5339 | Path: CPU-Statevector MPI-distributed (1 ranks)
Iter 0575 | Energy: -7.071582 | Delta: 9.47e-03 | M: 8238.6266 | Path: CPU-Statevector MPI-distributed (1 ranks)
[RESILIENCE] Iteration 575: Global theta state checkpointed at path checkpoints/LiH/checkpoint_iter_0575.npy. 
Iter 0576 | Energy: -7.078645 | Delta: 7.06e-03 | M: 8027.5860 | Path: CPU-Statevector MPI-distributed (1 ranks)
Iter 0577 | Energy: -7.087542 | Delta: 8.90e-03 | M: 8148.7173 | Path: CPU-Statevector MPI-distributed (1 ranks)
Iter 0578 | Energy: -7.084280 | Delta: 3.26e-03 | M: 8202.0189 | Path: CPU-Statevector MPI-distributed (1 ranks)
Iter 0579 | Energy: -7.081295 | Delta: 2.98e-03 | M: 8258.7942 | Path: CPU-Statevector MPI-distributed (1 ranks)
Iter 0580 | Energy: -7.086289 | Delta: 4.99e-03 | M: 8228.3366 | Path: CPU-Statevector MPI-distributed (1 ranks)
[RESILIENCE] Iteration 580: Global theta state checkpointed at path checkpoints/LiH/checkpoint_iter_0580.npy. 
Iter 0581 | Energy: -7.085219 | Delta: 1.07e-03 | M: 8042.4270 | Path: CPU-Statevector MPI-distributed (1 ranks)
Iter 0582 | Energy: -7.093812 | Delta: 8.59e-03 | M: 8019.5238 | Path: CPU-Statevector MPI-distributed (1 ranks)
Iter 0583 | Energy: -7.095875 | Delta: 2.06e-03 | M: 8061.4340 | Path: CPU-Statevector MPI-distributed (1 ranks)
Iter 0584 | Energy: -7.094564 | Delta: 1.31e-03 | M: 8209.9456 | Path: CPU-Statevector MPI-distributed (1 ranks)
Iter 0585 | Energy: -7.094630 | Delta: 6.53e-05 | M: 8014.6809 | Path: CPU-Statevector MPI-distributed (1 ranks)
[RESILIENCE] Iteration 585: Global theta state checkpointed at path checkpoints/LiH/checkpoint_iter_0585.npy. 
Iter 0586 | Energy: -7.092929 | Delta: 1.70e-03 | M: 8099.4368 | Path: CPU-Statevector MPI-distributed (1 ranks)
Iter 0587 | Energy: -7.092625 | Delta: 3.04e-04 | M: 8192.3683 | Path: CPU-Statevector MPI-distributed (1 ranks)
Iter 0588 | Energy: -7.099417 | Delta: 6.79e-03 | M: 8068.9543 | Path: CPU-Statevector MPI-distributed (1 ranks)
Iter 0589 | Energy: -7.103281 | Delta: 3.86e-03 | M: 8364.0642 | Path: CPU-Statevector MPI-distributed (1 ranks)
Iter 0590 | Energy: -7.107730 | Delta: 4.45e-03 | M: 8130.3482 | Path: CPU-Statevector MPI-distributed (1 ranks)
[RESILIENCE] Iteration 590: Global theta state checkpointed at path checkpoints/LiH/checkpoint_iter_0590.npy. 
Iter 0591 | Energy: -7.097234 | Delta: 1.05e-02 | M: 8084.9579 | Path: CPU-Statevector MPI-distributed (1 ranks)
Iter 0592 | Energy: -7.108838 | Delta: 1.16e-02 | M: 7916.2034 | Path: CPU-Statevector MPI-distributed (1 ranks)
Iter 0593 | Energy: -7.107487 | Delta: 1.35e-03 | M: 8148.7255 | Path: CPU-Statevector MPI-distributed (1 ranks)
Iter 0594 | Energy: -7.121648 | Delta: 1.42e-02 | M: 8207.3788 | Path: CPU-Statevector MPI-distributed (1 ranks)
Iter 0595 | Energy: -7.130170 | Delta: 8.52e-03 | M: 7951.5648 | Path: CPU-Statevector MPI-distributed (1 ranks)
[RESILIENCE] Iteration 595: Global theta state checkpointed at path checkpoints/LiH/checkpoint_iter_0595.npy. 
Iter 0596 | Energy: -7.123495 | Delta: 6.68e-03 | M: 8274.4552 | Path: CPU-Statevector MPI-distributed (1 ranks)
Iter 0597 | Energy: -7.132943 | Delta: 9.45e-03 | M: 8032.8086 | Path: CPU-Statevector MPI-distributed (1 ranks)
Iter 0598 | Energy: -7.131708 | Delta: 1.24e-03 | M: 8449.8536 | Path: CPU-Statevector MPI-distributed (1 ranks)
Iter 0599 | Energy: -7.124063 | Delta: 7.65e-03 | M: 8031.0033 | Path: CPU-Statevector MPI-distributed (1 ranks)
Iter 0600 | Energy: -7.135310 | Delta: 1.12e-02 | M: 7772.8684 | Path: CPU-Statevector MPI-distributed (1 ranks)
[RESILIENCE] Iteration 600: Global theta state checkpointed at path checkpoints/LiH/checkpoint_iter_0600.npy. 
Iter 0601 | Energy: -7.140207 | Delta: 4.90e-03 | M: 8207.3276 | Path: CPU-Statevector MPI-distributed (1 ranks)
Iter 0602 | Energy: -7.138451 | Delta: 1.76e-03 | M: 8393.0900 | Path: CPU-Statevector MPI-distributed (1 ranks)
Iter 0603 | Energy: -7.140019 | Delta: 1.57e-03 | M: 8293.9743 | Path: CPU-Statevector MPI-distributed (1 ranks)
Iter 0604 | Energy: -7.147948 | Delta: 7.93e-03 | M: 8340.5005 | Path: CPU-Statevector MPI-distributed (1 ranks)
Iter 0605 | Energy: -7.142566 | Delta: 5.38e-03 | M: 7953.6864 | Path: CPU-Statevector MPI-distributed (1 ranks)
[RESILIENCE] Iteration 605: Global theta state checkpointed at path checkpoints/LiH/checkpoint_iter_0605.npy. 
Iter 0606 | Energy: -7.147922 | Delta: 5.36e-03 | M: 8110.7603 | Path: CPU-Statevector MPI-distributed (1 ranks)
Iter 0607 | Energy: -7.159681 | Delta: 1.18e-02 | M: 8295.1912 | Path: CPU-Statevector MPI-distributed (1 ranks)
Iter 0608 | Energy: -7.158173 | Delta: 1.51e-03 | M: 8401.6472 | Path: CPU-Statevector MPI-distributed (1 ranks)
Iter 0609 | Energy: -7.159448 | Delta: 1.28e-03 | M: 7913.9376 | Path: CPU-Statevector MPI-distributed (1 ranks)
Iter 0610 | Energy: -7.159202 | Delta: 2.46e-04 | M: 8248.7881 | Path: CPU-Statevector MPI-distributed (1 ranks)
[RESILIENCE] Iteration 610: Global theta state checkpointed at path checkpoints/LiH/checkpoint_iter_0610.npy. 
Iter 0611 | Energy: -7.163343 | Delta: 4.14e-03 | M: 8079.6298 | Path: CPU-Statevector MPI-distributed (1 ranks)
Iter 0612 | Energy: -7.165585 | Delta: 2.24e-03 | M: 8126.9245 | Path: CPU-Statevector MPI-distributed (1 ranks)
Iter 0613 | Energy: -7.164688 | Delta: 8.98e-04 | M: 8220.8266 | Path: CPU-Statevector MPI-distributed (1 ranks)
Iter 0614 | Energy: -7.168277 | Delta: 3.59e-03 | M: 8021.4599 | Path: CPU-Statevector MPI-distributed (1 ranks)
Iter 0615 | Energy: -7.169092 | Delta: 8.15e-04 | M: 7705.6923 | Path: CPU-Statevector MPI-distributed (1 ranks)
[RESILIENCE] Iteration 615: Global theta state checkpointed at path checkpoints/LiH/checkpoint_iter_0615.npy. 
Iter 0616 | Energy: -7.168621 | Delta: 4.71e-04 | M: 7874.5317 | Path: CPU-Statevector MPI-distributed (1 ranks)
Iter 0617 | Energy: -7.181047 | Delta: 1.24e-02 | M: 8099.6018 | Path: CPU-Statevector MPI-distributed (1 ranks)
Iter 0618 | Energy: -7.182594 | Delta: 1.55e-03 | M: 8150.0804 | Path: CPU-Statevector MPI-distributed (1 ranks)
Iter 0619 | Energy: -7.177803 | Delta: 4.79e-03 | M: 8253.5350 | Path: CPU-Statevector MPI-distributed (1 ranks)
Iter 0620 | Energy: -7.177651 | Delta: 1.52e-04 | M: 8028.8177 | Path: CPU-Statevector MPI-distributed (1 ranks)
[RESILIENCE] Iteration 620: Global theta state checkpointed at path checkpoints/LiH/checkpoint_iter_0620.npy. 
Iter 0621 | Energy: -7.177339 | Delta: 3.12e-04 | M: 8185.1268 | Path: CPU-Statevector MPI-distributed (1 ranks)
Iter 0622 | Energy: -7.194297 | Delta: 1.70e-02 | M: 8001.3416 | Path: CPU-Statevector MPI-distributed (1 ranks)
Iter 0623 | Energy: -7.178596 | Delta: 1.57e-02 | M: 7481.4956 | Path: CPU-Statevector MPI-distributed (1 ranks)
Iter 0624 | Energy: -7.189869 | Delta: 1.13e-02 | M: 8255.6408 | Path: CPU-Statevector MPI-distributed (1 ranks)
Iter 0625 | Energy: -7.198190 | Delta: 8.32e-03 | M: 8257.3705 | Path: CPU-Statevector MPI-distributed (1 ranks)
[RESILIENCE] Iteration 625: Global theta state checkpointed at path checkpoints/LiH/checkpoint_iter_0625.npy. 
Iter 0626 | Energy: -7.201386 | Delta: 3.20e-03 | M: 8310.9058 | Path: CPU-Statevector MPI-distributed (1 ranks)
Iter 0627 | Energy: -7.206003 | Delta: 4.62e-03 | M: 8261.5679 | Path: CPU-Statevector MPI-distributed (1 ranks)
Iter 0628 | Energy: -7.202734 | Delta: 3.27e-03 | M: 8268.8332 | Path: CPU-Statevector MPI-distributed (1 ranks)
Iter 0629 | Energy: -7.210255 | Delta: 7.52e-03 | M: 8211.9427 | Path: CPU-Statevector MPI-distributed (1 ranks)
Iter 0630 | Energy: -7.216812 | Delta: 6.56e-03 | M: 4184.9348 | Path: CPU-Statevector MPI-distributed (1 ranks)
[RESILIENCE] Iteration 630: Global theta state checkpointed at path checkpoints/LiH/checkpoint_iter_0630.npy. 
Iter 0631 | Energy: -7.215020 | Delta: 1.79e-03 | M: 8293.5530 | Path: CPU-Statevector MPI-distributed (1 ranks)
Iter 0632 | Energy: -7.218487 | Delta: 3.47e-03 | M: 8314.3459 | Path: CPU-Statevector MPI-distributed (1 ranks)
Iter 0633 | Energy: -7.219029 | Delta: 5.42e-04 | M: 8117.4956 | Path: CPU-Statevector MPI-distributed (1 ranks)
Iter 0634 | Energy: -7.222014 | Delta: 2.98e-03 | M: 8142.2717 | Path: CPU-Statevector MPI-distributed (1 ranks)
Iter 0635 | Energy: -7.216289 | Delta: 5.72e-03 | M: 4054.9723 | Path: CPU-Statevector MPI-distributed (1 ranks)
[RESILIENCE] Iteration 635: Global theta state checkpointed at path checkpoints/LiH/checkpoint_iter_0635.npy. 
Iter 0636 | Energy: -7.223027 | Delta: 6.74e-03 | M: 8228.9770 | Path: CPU-Statevector MPI-distributed (1 ranks)
Iter 0637 | Energy: -7.228068 | Delta: 5.04e-03 | M: 8286.1259 | Path: CPU-Statevector MPI-distributed (1 ranks)
Iter 0638 | Energy: -7.237082 | Delta: 9.01e-03 | M: 7952.4779 | Path: CPU-Statevector MPI-distributed (1 ranks)
Iter 0639 | Energy: -7.241951 | Delta: 4.87e-03 | M: 8224.7036 | Path: CPU-Statevector MPI-distributed (1 ranks)
Iter 0640 | Energy: -7.237588 | Delta: 4.36e-03 | M: 8291.1146 | Path: CPU-Statevector MPI-distributed (1 ranks)
[RESILIENCE] Iteration 640: Global theta state checkpointed at path checkpoints/LiH/checkpoint_iter_0640.npy. 
Iter 0641 | Energy: -7.239860 | Delta: 2.27e-03 | M: 8094.1382 | Path: CPU-Statevector MPI-distributed (1 ranks)
Iter 0642 | Energy: -7.245512 | Delta: 5.65e-03 | M: 7705.6075 | Path: CPU-Statevector MPI-distributed (1 ranks)
Iter 0643 | Energy: -7.248618 | Delta: 3.11e-03 | M: 7763.8950 | Path: CPU-Statevector MPI-distributed (1 ranks)
Iter 0644 | Energy: -7.257830 | Delta: 9.21e-03 | M: 8095.7873 | Path: CPU-Statevector MPI-distributed (1 ranks)
Iter 0645 | Energy: -7.259538 | Delta: 1.71e-03 | M: 8203.5441 | Path: CPU-Statevector MPI-distributed (1 ranks)
[RESILIENCE] Iteration 645: Global theta state checkpointed at path checkpoints/LiH/checkpoint_iter_0645.npy. 
Iter 0646 | Energy: -7.265262 | Delta: 5.72e-03 | M: 8052.5959 | Path: CPU-Statevector MPI-distributed (1 ranks)
Iter 0647 | Energy: -7.274535 | Delta: 9.27e-03 | M: 8206.5897 | Path: CPU-Statevector MPI-distributed (1 ranks)
Iter 0648 | Energy: -7.282481 | Delta: 7.95e-03 | M: 7896.1728 | Path: CPU-Statevector MPI-distributed (1 ranks)
Iter 0649 | Energy: -7.277327 | Delta: 5.15e-03 | M: 8191.5181 | Path: CPU-Statevector MPI-distributed (1 ranks)
Iter 0650 | Energy: -7.288813 | Delta: 1.15e-02 | M: 7429.2365 | Path: CPU-Statevector MPI-distributed (1 ranks)
[RESILIENCE] Iteration 650: Global theta state checkpointed at path checkpoints/LiH/checkpoint_iter_0650.npy. 
Iter 0651 | Energy: -7.296121 | Delta: 7.31e-03 | M: 8247.4160 | Path: CPU-Statevector MPI-distributed (1 ranks)
Iter 0652 | Energy: -7.290006 | Delta: 6.12e-03 | M: 8298.0979 | Path: CPU-Statevector MPI-distributed (1 ranks)
Iter 0653 | Energy: -7.290109 | Delta: 1.03e-04 | M: 8080.5464 | Path: CPU-Statevector MPI-distributed (1 ranks)
Iter 0654 | Energy: -7.290722 | Delta: 6.14e-04 | M: 8309.4774 | Path: CPU-Statevector MPI-distributed (1 ranks)
Iter 0655 | Energy: -7.289100 | Delta: 1.62e-03 | M: 8160.7205 | Path: CPU-Statevector MPI-distributed (1 ranks)
[RESILIENCE] Iteration 655: Global theta state checkpointed at path checkpoints/LiH/checkpoint_iter_0655.npy. 
Iter 0656 | Energy: -7.297694 | Delta: 8.59e-03 | M: 8191.3027 | Path: CPU-Statevector MPI-distributed (1 ranks)
Iter 0657 | Energy: -7.302898 | Delta: 5.20e-03 | M: 7729.8591 | Path: CPU-Statevector MPI-distributed (1 ranks)
Iter 0658 | Energy: -7.299302 | Delta: 3.60e-03 | M: 7909.7763 | Path: CPU-Statevector MPI-distributed (1 ranks)
Iter 0659 | Energy: -7.308821 | Delta: 9.52e-03 | M: 8136.0728 | Path: CPU-Statevector MPI-distributed (1 ranks)
Iter 0660 | Energy: -7.306236 | Delta: 2.58e-03 | M: 7880.6662 | Path: CPU-Statevector MPI-distributed (1 ranks)
[RESILIENCE] Iteration 660: Global theta state checkpointed at path checkpoints/LiH/checkpoint_iter_0660.npy. 
Iter 0661 | Energy: -7.311484 | Delta: 5.25e-03 | M: 8084.9578 | Path: CPU-Statevector MPI-distributed (1 ranks)
Iter 0662 | Energy: -7.311670 | Delta: 1.86e-04 | M: 8266.0003 | Path: CPU-Statevector MPI-distributed (1 ranks)
Iter 0663 | Energy: -7.315005 | Delta: 3.33e-03 | M: 8036.3267 | Path: CPU-Statevector MPI-distributed (1 ranks)
Iter 0664 | Energy: -7.313118 | Delta: 1.89e-03 | M: 8244.3590 | Path: CPU-Statevector MPI-distributed (1 ranks)
Iter 0665 | Energy: -7.318463 | Delta: 5.34e-03 | M: 7995.6422 | Path: CPU-Statevector MPI-distributed (1 ranks)
[RESILIENCE] Iteration 665: Global theta state checkpointed at path checkpoints/LiH/checkpoint_iter_0665.npy. 
Iter 0666 | Energy: -7.318675 | Delta: 2.12e-04 | M: 8151.9445 | Path: CPU-Statevector MPI-distributed (1 ranks)
Iter 0667 | Energy: -7.321627 | Delta: 2.95e-03 | M: 8121.5041 | Path: CPU-Statevector MPI-distributed (1 ranks)
Iter 0668 | Energy: -7.325431 | Delta: 3.80e-03 | M: 8309.2859 | Path: CPU-Statevector MPI-distributed (1 ranks)
Iter 0669 | Energy: -7.321620 | Delta: 3.81e-03 | M: 8277.5038 | Path: CPU-Statevector MPI-distributed (1 ranks)
Iter 0670 | Energy: -7.324387 | Delta: 2.77e-03 | M: 8237.1262 | Path: CPU-Statevector MPI-distributed (1 ranks)
[RESILIENCE] Iteration 670: Global theta state checkpointed at path checkpoints/LiH/checkpoint_iter_0670.npy. 
Iter 0671 | Energy: -7.328259 | Delta: 3.87e-03 | M: 8107.2383 | Path: CPU-Statevector MPI-distributed (1 ranks)
Iter 0672 | Energy: -7.330933 | Delta: 2.67e-03 | M: 8331.2618 | Path: CPU-Statevector MPI-distributed (1 ranks)
Iter 0673 | Energy: -7.332038 | Delta: 1.11e-03 | M: 7768.8129 | Path: CPU-Statevector MPI-distributed (1 ranks)
Iter 0674 | Energy: -7.329763 | Delta: 2.27e-03 | M: 8103.0063 | Path: CPU-Statevector MPI-distributed (1 ranks)
Iter 0675 | Energy: -7.327470 | Delta: 2.29e-03 | M: 8190.1054 | Path: CPU-Statevector MPI-distributed (1 ranks)
[RESILIENCE] Iteration 675: Global theta state checkpointed at path checkpoints/LiH/checkpoint_iter_0675.npy. 
Iter 0676 | Energy: -7.332742 | Delta: 5.27e-03 | M: 8223.4420 | Path: CPU-Statevector MPI-distributed (1 ranks)
Iter 0677 | Energy: -7.344334 | Delta: 1.16e-02 | M: 8172.1401 | Path: CPU-Statevector MPI-distributed (1 ranks)
Iter 0678 | Energy: -7.336721 | Delta: 7.61e-03 | M: 8251.8007 | Path: CPU-Statevector MPI-distributed (1 ranks)
Iter 0679 | Energy: -7.333804 | Delta: 2.92e-03 | M: 7803.3570 | Path: CPU-Statevector MPI-distributed (1 ranks)
Iter 0680 | Energy: -7.334922 | Delta: 1.12e-03 | M: 7658.9782 | Path: CPU-Statevector MPI-distributed (1 ranks)
[RESILIENCE] Iteration 680: Global theta state checkpointed at path checkpoints/LiH/checkpoint_iter_0680.npy. 
Iter 0681 | Energy: -7.332147 | Delta: 2.78e-03 | M: 8100.9345 | Path: CPU-Statevector MPI-distributed (1 ranks)
Iter 0682 | Energy: -7.344218 | Delta: 1.21e-02 | M: 8299.6670 | Path: CPU-Statevector MPI-distributed (1 ranks)
Iter 0683 | Energy: -7.337618 | Delta: 6.60e-03 | M: 8052.3683 | Path: CPU-Statevector MPI-distributed (1 ranks)
Iter 0684 | Energy: -7.353905 | Delta: 1.63e-02 | M: 8147.0340 | Path: CPU-Statevector MPI-distributed (1 ranks)
Iter 0685 | Energy: -7.361760 | Delta: 7.85e-03 | M: 8100.6658 | Path: CPU-Statevector MPI-distributed (1 ranks)
[RESILIENCE] Iteration 685: Global theta state checkpointed at path checkpoints/LiH/checkpoint_iter_0685.npy. 
Iter 0686 | Energy: -7.362798 | Delta: 1.04e-03 | M: 8130.4832 | Path: CPU-Statevector MPI-distributed (1 ranks)
Iter 0687 | Energy: -7.369098 | Delta: 6.30e-03 | M: 8190.0252 | Path: CPU-Statevector MPI-distributed (1 ranks)
Iter 0688 | Energy: -7.364502 | Delta: 4.60e-03 | M: 8096.7213 | Path: CPU-Statevector MPI-distributed (1 ranks)
Iter 0689 | Energy: -7.364565 | Delta: 6.30e-05 | M: 8060.0282 | Path: CPU-Statevector MPI-distributed (1 ranks)
Iter 0690 | Energy: -7.373458 | Delta: 8.89e-03 | M: 8049.9427 | Path: CPU-Statevector MPI-distributed (1 ranks)
[RESILIENCE] Iteration 690: Global theta state checkpointed at path checkpoints/LiH/checkpoint_iter_0690.npy. 
Iter 0691 | Energy: -7.385472 | Delta: 1.20e-02 | M: 8238.9268 | Path: CPU-Statevector MPI-distributed (1 ranks)
Iter 0692 | Energy: -7.385379 | Delta: 9.28e-05 | M: 8315.8330 | Path: CPU-Statevector MPI-distributed (1 ranks)
Iter 0693 | Energy: -7.385265 | Delta: 1.13e-04 | M: 8154.1891 | Path: CPU-Statevector MPI-distributed (1 ranks)
Iter 0694 | Energy: -7.384269 | Delta: 9.96e-04 | M: 8430.5648 | Path: CPU-Statevector MPI-distributed (1 ranks)
Iter 0695 | Energy: -7.393130 | Delta: 8.86e-03 | M: 8411.7690 | Path: CPU-Statevector MPI-distributed (1 ranks)
[RESILIENCE] Iteration 695: Global theta state checkpointed at path checkpoints/LiH/checkpoint_iter_0695.npy. 
Iter 0696 | Energy: -7.385167 | Delta: 7.96e-03 | M: 8203.5237 | Path: CPU-Statevector MPI-distributed (1 ranks)
Iter 0697 | Energy: -7.389580 | Delta: 4.41e-03 | M: 8310.9567 | Path: CPU-Statevector MPI-distributed (1 ranks)
Iter 0698 | Energy: -7.391711 | Delta: 2.13e-03 | M: 8413.2896 | Path: CPU-Statevector MPI-distributed (1 ranks)
Iter 0699 | Energy: -7.389277 | Delta: 2.43e-03 | M: 8137.9516 | Path: CPU-Statevector MPI-distributed (1 ranks)
Iter 0700 | Energy: -7.398255 | Delta: 8.98e-03 | M: 7447.4308 | Path: CPU-Statevector MPI-distributed (1 ranks)
[RESILIENCE] Iteration 700: Global theta state checkpointed at path checkpoints/LiH/checkpoint_iter_0700.npy. 
Iter 0701 | Energy: -7.397075 | Delta: 1.18e-03 | M: 8270.3685 | Path: CPU-Statevector MPI-distributed (1 ranks)
Iter 0702 | Energy: -7.397762 | Delta: 6.87e-04 | M: 7952.5746 | Path: CPU-Statevector MPI-distributed (1 ranks)
Iter 0703 | Energy: -7.405564 | Delta: 7.80e-03 | M: 8186.6359 | Path: CPU-Statevector MPI-distributed (1 ranks)
Iter 0704 | Energy: -7.399551 | Delta: 6.01e-03 | M: 8152.2731 | Path: CPU-Statevector MPI-distributed (1 ranks)
Iter 0705 | Energy: -7.406111 | Delta: 6.56e-03 | M: 7567.8682 | Path: CPU-Statevector MPI-distributed (1 ranks)
[RESILIENCE] Iteration 705: Global theta state checkpointed at path checkpoints/LiH/checkpoint_iter_0705.npy. 
Iter 0706 | Energy: -7.409603 | Delta: 3.49e-03 | M: 7926.5473 | Path: CPU-Statevector MPI-distributed (1 ranks)
Iter 0707 | Energy: -7.411036 | Delta: 1.43e-03 | M: 7999.4130 | Path: CPU-Statevector MPI-distributed (1 ranks)
Iter 0708 | Energy: -7.405982 | Delta: 5.05e-03 | M: 8204.9625 | Path: CPU-Statevector MPI-distributed (1 ranks)
Iter 0709 | Energy: -7.414023 | Delta: 8.04e-03 | M: 7672.6879 | Path: CPU-Statevector MPI-distributed (1 ranks)
Iter 0710 | Energy: -7.417042 | Delta: 3.02e-03 | M: 8227.3536 | Path: CPU-Statevector MPI-distributed (1 ranks)
[RESILIENCE] Iteration 710: Global theta state checkpointed at path checkpoints/LiH/checkpoint_iter_0710.npy. 
Iter 0711 | Energy: -7.419296 | Delta: 2.25e-03 | M: 8151.4255 | Path: CPU-Statevector MPI-distributed (1 ranks)
Iter 0712 | Energy: -7.419255 | Delta: 4.04e-05 | M: 8156.0753 | Path: CPU-Statevector MPI-distributed (1 ranks)
Iter 0713 | Energy: -7.420547 | Delta: 1.29e-03 | M: 7979.2693 | Path: CPU-Statevector MPI-distributed (1 ranks)
Iter 0714 | Energy: -7.420212 | Delta: 3.35e-04 | M: 8235.4814 | Path: CPU-Statevector MPI-distributed (1 ranks)
Iter 0715 | Energy: -7.420131 | Delta: 8.07e-05 | M: 8085.2896 | Path: CPU-Statevector MPI-distributed (1 ranks)
[RESILIENCE] Iteration 715: Global theta state checkpointed at path checkpoints/LiH/checkpoint_iter_0715.npy. 
Iter 0716 | Energy: -7.424852 | Delta: 4.72e-03 | M: 8310.3900 | Path: CPU-Statevector MPI-distributed (1 ranks)
Iter 0717 | Energy: -7.425227 | Delta: 3.75e-04 | M: 8153.5656 | Path: CPU-Statevector MPI-distributed (1 ranks)
Iter 0718 | Energy: -7.434022 | Delta: 8.80e-03 | M: 8130.8904 | Path: CPU-Statevector MPI-distributed (1 ranks)
Iter 0719 | Energy: -7.434309 | Delta: 2.87e-04 | M: 8269.9920 | Path: CPU-Statevector MPI-distributed (1 ranks)
Iter 0720 | Energy: -7.435402 | Delta: 1.09e-03 | M: 8316.6053 | Path: CPU-Statevector MPI-distributed (1 ranks)
[RESILIENCE] Iteration 720: Global theta state checkpointed at path checkpoints/LiH/checkpoint_iter_0720.npy. 
Iter 0721 | Energy: -7.439678 | Delta: 4.28e-03 | M: 8142.7285 | Path: CPU-Statevector MPI-distributed (1 ranks)
Iter 0722 | Energy: -7.434919 | Delta: 4.76e-03 | M: 8257.7710 | Path: CPU-Statevector MPI-distributed (1 ranks)
Iter 0723 | Energy: -7.442126 | Delta: 7.21e-03 | M: 7154.9835 | Path: CPU-Statevector MPI-distributed (1 ranks)
Iter 0724 | Energy: -7.440008 | Delta: 2.12e-03 | M: 8316.6812 | Path: CPU-Statevector MPI-distributed (1 ranks)
Iter 0725 | Energy: -7.435974 | Delta: 4.03e-03 | M: 8226.8867 | Path: CPU-Statevector MPI-distributed (1 ranks)
[RESILIENCE] Iteration 725: Global theta state checkpointed at path checkpoints/LiH/checkpoint_iter_0725.npy. 
Iter 0726 | Energy: -7.443323 | Delta: 7.35e-03 | M: 8296.8825 | Path: CPU-Statevector MPI-distributed (1 ranks)
Iter 0727 | Energy: -7.445194 | Delta: 1.87e-03 | M: 8294.9410 | Path: CPU-Statevector MPI-distributed (1 ranks)
Iter 0728 | Energy: -7.441884 | Delta: 3.31e-03 | M: 8216.6398 | Path: CPU-Statevector MPI-distributed (1 ranks)
Iter 0729 | Energy: -7.440326 | Delta: 1.56e-03 | M: 7504.1040 | Path: CPU-Statevector MPI-distributed (1 ranks)
Iter 0730 | Energy: -7.446169 | Delta: 5.84e-03 | M: 7797.9548 | Path: CPU-Statevector MPI-distributed (1 ranks)
[RESILIENCE] Iteration 730: Global theta state checkpointed at path checkpoints/LiH/checkpoint_iter_0730.npy. 
Iter 0731 | Energy: -7.443565 | Delta: 2.60e-03 | M: 8215.3216 | Path: CPU-Statevector MPI-distributed (1 ranks)
Iter 0732 | Energy: -7.447769 | Delta: 4.20e-03 | M: 8319.7547 | Path: CPU-Statevector MPI-distributed (1 ranks)
Iter 0733 | Energy: -7.449210 | Delta: 1.44e-03 | M: 8183.8778 | Path: CPU-Statevector MPI-distributed (1 ranks)
Iter 0734 | Energy: -7.457065 | Delta: 7.86e-03 | M: 8168.6606 | Path: CPU-Statevector MPI-distributed (1 ranks)
Iter 0735 | Energy: -7.456345 | Delta: 7.21e-04 | M: 8363.0465 | Path: CPU-Statevector MPI-distributed (1 ranks)
[RESILIENCE] Iteration 735: Global theta state checkpointed at path checkpoints/LiH/checkpoint_iter_0735.npy. 
Iter 0736 | Energy: -7.457426 | Delta: 1.08e-03 | M: 7960.3384 | Path: CPU-Statevector MPI-distributed (1 ranks)
Iter 0737 | Energy: -7.460978 | Delta: 3.55e-03 | M: 8125.2259 | Path: CPU-Statevector MPI-distributed (1 ranks)
Iter 0738 | Energy: -7.464599 | Delta: 3.62e-03 | M: 7995.9280 | Path: CPU-Statevector MPI-distributed (1 ranks)
Iter 0739 | Energy: -7.461275 | Delta: 3.32e-03 | M: 8348.2549 | Path: CPU-Statevector MPI-distributed (1 ranks)
Iter 0740 | Energy: -7.476208 | Delta: 1.49e-02 | M: 8203.9963 | Path: CPU-Statevector MPI-distributed (1 ranks)
[RESILIENCE] Iteration 740: Global theta state checkpointed at path checkpoints/LiH/checkpoint_iter_0740.npy. 
Iter 0741 | Energy: -7.467001 | Delta: 9.21e-03 | M: 8414.1024 | Path: CPU-Statevector MPI-distributed (1 ranks)
Iter 0742 | Energy: -7.465800 | Delta: 1.20e-03 | M: 8236.6418 | Path: CPU-Statevector MPI-distributed (1 ranks)
Iter 0743 | Energy: -7.469102 | Delta: 3.30e-03 | M: 8259.6511 | Path: CPU-Statevector MPI-distributed (1 ranks)
Iter 0744 | Energy: -7.468961 | Delta: 1.41e-04 | M: 8245.4624 | Path: CPU-Statevector MPI-distributed (1 ranks)
Iter 0745 | Energy: -7.473742 | Delta: 4.78e-03 | M: 8305.2724 | Path: CPU-Statevector MPI-distributed (1 ranks)
[RESILIENCE] Iteration 745: Global theta state checkpointed at path checkpoints/LiH/checkpoint_iter_0745.npy. 
Iter 0746 | Energy: -7.476260 | Delta: 2.52e-03 | M: 8279.7142 | Path: CPU-Statevector MPI-distributed (1 ranks)
Iter 0747 | Energy: -7.478885 | Delta: 2.63e-03 | M: 8257.5876 | Path: CPU-Statevector MPI-distributed (1 ranks)
Iter 0748 | Energy: -7.474779 | Delta: 4.11e-03 | M: 8128.4291 | Path: CPU-Statevector MPI-distributed (1 ranks)
Iter 0749 | Energy: -7.481669 | Delta: 6.89e-03 | M: 7923.3033 | Path: CPU-Statevector MPI-distributed (1 ranks)
Iter 0750 | Energy: -7.476764 | Delta: 4.90e-03 | M: 7472.0384 | Path: CPU-Statevector MPI-distributed (1 ranks)
[RESILIENCE] Iteration 750: Global theta state checkpointed at path checkpoints/LiH/checkpoint_iter_0750.npy. 
Iter 0751 | Energy: -7.482929 | Delta: 6.16e-03 | M: 8072.8478 | Path: CPU-Statevector MPI-distributed (1 ranks)
Iter 0752 | Energy: -7.475013 | Delta: 7.92e-03 | M: 8225.2602 | Path: CPU-Statevector MPI-distributed (1 ranks)
Iter 0753 | Energy: -7.491314 | Delta: 1.63e-02 | M: 7914.5864 | Path: CPU-Statevector MPI-distributed (1 ranks)
Iter 0754 | Energy: -7.493324 | Delta: 2.01e-03 | M: 8177.2725 | Path: CPU-Statevector MPI-distributed (1 ranks)
Iter 0755 | Energy: -7.493523 | Delta: 1.99e-04 | M: 8144.9605 | Path: CPU-Statevector MPI-distributed (1 ranks)
[RESILIENCE] Iteration 755: Global theta state checkpointed at path checkpoints/LiH/checkpoint_iter_0755.npy. 
Iter 0756 | Energy: -7.496945 | Delta: 3.42e-03 | M: 7695.8271 | Path: CPU-Statevector MPI-distributed (1 ranks)
Iter 0757 | Energy: -7.494674 | Delta: 2.27e-03 | M: 7860.8766 | Path: CPU-Statevector MPI-distributed (1 ranks)
Iter 0758 | Energy: -7.500756 | Delta: 6.08e-03 | M: 8109.9754 | Path: CPU-Statevector MPI-distributed (1 ranks)
Iter 0759 | Energy: -7.502092 | Delta: 1.34e-03 | M: 8265.2014 | Path: CPU-Statevector MPI-distributed (1 ranks)
Iter 0760 | Energy: -7.510160 | Delta: 8.07e-03 | M: 7943.9040 | Path: CPU-Statevector MPI-distributed (1 ranks)
[RESILIENCE] Iteration 760: Global theta state checkpointed at path checkpoints/LiH/checkpoint_iter_0760.npy. 
Iter 0761 | Energy: -7.502959 | Delta: 7.20e-03 | M: 8258.6873 | Path: CPU-Statevector MPI-distributed (1 ranks)
Iter 0762 | Energy: -7.505018 | Delta: 2.06e-03 | M: 8210.6723 | Path: CPU-Statevector MPI-distributed (1 ranks)
Iter 0763 | Energy: -7.512826 | Delta: 7.81e-03 | M: 7921.4168 | Path: CPU-Statevector MPI-distributed (1 ranks)
Iter 0764 | Energy: -7.518845 | Delta: 6.02e-03 | M: 8398.3980 | Path: CPU-Statevector MPI-distributed (1 ranks)
Iter 0765 | Energy: -7.528467 | Delta: 9.62e-03 | M: 8192.5318 | Path: CPU-Statevector MPI-distributed (1 ranks)
[RESILIENCE] Iteration 765: Global theta state checkpointed at path checkpoints/LiH/checkpoint_iter_0765.npy. 
Iter 0766 | Energy: -7.528724 | Delta: 2.57e-04 | M: 8093.6542 | Path: CPU-Statevector MPI-distributed (1 ranks)
Iter 0767 | Energy: -7.535750 | Delta: 7.03e-03 | M: 8171.5004 | Path: CPU-Statevector MPI-distributed (1 ranks)
Iter 0768 | Energy: -7.546284 | Delta: 1.05e-02 | M: 7893.9443 | Path: CPU-Statevector MPI-distributed (1 ranks)

[LiH] Ansatz tier:hwe_adaptive
[LiH] Corr score: 0.502 
[LiH] Final energy: -7.546284 Ha 
[LiH] Reference FCI : -7.882472 Ha 
[LiH] Absolute error: +0.3362 Ha 
[LiH] Iterations run: 768 (best at iter 768)
[LiH] Wall time: 76.83s (includes QPU queue + RTT) 
[LiH] Time/iter: 0.10 s 
[LiH] Source: registry 
[LiH] Active electrons: 2 
[LiH] Estimated qubits: 10 
[LiH] Note: Frozen 2 core electrons. Active space: 2 electrons, 10 qubits 


--- RUNNING CHEMISTRY TASK BeH2 ---
[Resolver] 'BeH2' found in local registry 
[Chemistry:BeH2] 666 Pauli terms, 14 qubits, 112 params, reps=2. FCI reference: -15.5951 Ha 
[Ansatz] HWE (adaptive) (auto) | corr_score=0.501 | off_diag_ratio=0.004
[Reason] score=0.501 in [0.25, 0.55). Moderate correlation (off_diag_ratio=0.004, zz_frac=0.977). Adaptive HWE with full entanglement recommended.
Iter 0001 | Energy: -0.975403 | Delta: inf | M: 14468.9845 | Path: CPU-Statevector MPI-distributed (1 ranks)
Iter 0002 | Energy: -0.895111 | Delta: 8.03e-02 | M: 17362.7023 | Path: CPU-Statevector MPI-distributed (1 ranks)
Iter 0003 | Energy: -0.846900 | Delta: 4.82e-02 | M: 17339.2902 | Path: CPU-Statevector MPI-distributed (1 ranks)
Iter 0004 | Energy: -0.926304 | Delta: 7.94e-02 | M: 17119.3887 | Path: CPU-Statevector MPI-distributed (1 ranks)
Iter 0005 | Energy: -1.007841 | Delta: 8.15e-02 | M: 15583.5038 | Path: CPU-Statevector MPI-distributed (1 ranks)
[RESILIENCE] Iteration 5: Global theta state checkpointed at path checkpoints/BeH2/checkpoint_iter_0005.npy. 
Iter 0006 | Energy: -1.169179 | Delta: 1.61e-01 | M: 17835.4029 | Path: CPU-Statevector MPI-distributed (1 ranks)
Iter 0007 | Energy: -1.400253 | Delta: 2.31e-01 | M: 17746.1144 | Path: CPU-Statevector MPI-distributed (1 ranks)
Iter 0008 | Energy: -1.377644 | Delta: 2.26e-02 | M: 15716.6111 | Path: CPU-Statevector MPI-distributed (1 ranks)
Iter 0009 | Energy: -1.365462 | Delta: 1.22e-02 | M: 18214.3940 | Path: CPU-Statevector MPI-distributed (1 ranks)
Iter 0010 | Energy: -1.454839 | Delta: 8.94e-02 | M: 17656.8947 | Path: CPU-Statevector MPI-distributed (1 ranks)
[RESILIENCE] Iteration 10: Global theta state checkpointed at path checkpoints/BeH2/checkpoint_iter_0010.npy. 
Iter 0011 | Energy: -1.627105 | Delta: 1.72e-01 | M: 17625.3565 | Path: CPU-Statevector MPI-distributed (1 ranks)
Iter 0012 | Energy: -1.660951 | Delta: 3.38e-02 | M: 17178.6496 | Path: CPU-Statevector MPI-distributed (1 ranks)
Iter 0013 | Energy: -1.822047 | Delta: 1.61e-01 | M: 17178.1777 | Path: CPU-Statevector MPI-distributed (1 ranks)
Iter 0014 | Energy: -1.991496 | Delta: 1.69e-01 | M: 17360.5612 | Path: CPU-Statevector MPI-distributed (1 ranks)
Iter 0015 | Energy: -2.107976 | Delta: 1.16e-01 | M: 17333.3448 | Path: CPU-Statevector MPI-distributed (1 ranks)
[RESILIENCE] Iteration 15: Global theta state checkpointed at path checkpoints/BeH2/checkpoint_iter_0015.npy. 
Iter 0016 | Energy: -2.101631 | Delta: 6.34e-03 | M: 18033.4261 | Path: CPU-Statevector MPI-distributed (1 ranks)
Iter 0017 | Energy: -2.086536 | Delta: 1.51e-02 | M: 15856.1082 | Path: CPU-Statevector MPI-distributed (1 ranks)
Iter 0018 | Energy: -2.105476 | Delta: 1.89e-02 | M: 17473.3969 | Path: CPU-Statevector MPI-distributed (1 ranks)
Iter 0019 | Energy: -2.836814 | Delta: 7.31e-01 | M: 15827.8791 | Path: CPU-Statevector MPI-distributed (1 ranks)
Iter 0020 | Energy: -2.823916 | Delta: 1.29e-02 | M: 18049.3620 | Path: CPU-Statevector MPI-distributed (1 ranks)
[RESILIENCE] Iteration 20: Global theta state checkpointed at path checkpoints/BeH2/checkpoint_iter_0020.npy. 
Iter 0021 | Energy: -3.453277 | Delta: 6.29e-01 | M: 18161.8984 | Path: CPU-Statevector MPI-distributed (1 ranks)
Iter 0022 | Energy: -3.519866 | Delta: 6.66e-02 | M: 17226.3994 | Path: CPU-Statevector MPI-distributed (1 ranks)
Iter 0023 | Energy: -3.708672 | Delta: 1.89e-01 | M: 17715.4339 | Path: CPU-Statevector MPI-distributed (1 ranks)
Iter 0024 | Energy: -3.753686 | Delta: 4.50e-02 | M: 17402.6309 | Path: CPU-Statevector MPI-distributed (1 ranks)
Iter 0025 | Energy: -4.488584 | Delta: 7.35e-01 | M: 16897.8195 | Path: CPU-Statevector MPI-distributed (1 ranks)
[RESILIENCE] Iteration 25: Global theta state checkpointed at path checkpoints/BeH2/checkpoint_iter_0025.npy. 
Iter 0026 | Energy: -4.645133 | Delta: 1.57e-01 | M: 17784.1654 | Path: CPU-Statevector MPI-distributed (1 ranks)
Iter 0027 | Energy: -4.780054 | Delta: 1.35e-01 | M: 16765.5001 | Path: CPU-Statevector MPI-distributed (1 ranks)
Iter 0028 | Energy: -4.877357 | Delta: 9.73e-02 | M: 17458.4415 | Path: CPU-Statevector MPI-distributed (1 ranks)
Iter 0029 | Energy: -5.277788 | Delta: 4.00e-01 | M: 17803.2666 | Path: CPU-Statevector MPI-distributed (1 ranks)
Iter 0030 | Energy: -5.697313 | Delta: 4.20e-01 | M: 16772.9448 | Path: CPU-Statevector MPI-distributed (1 ranks)
[RESILIENCE] Iteration 30: Global theta state checkpointed at path checkpoints/BeH2/checkpoint_iter_0030.npy. 
Iter 0031 | Energy: -6.077864 | Delta: 3.81e-01 | M: 16235.1498 | Path: CPU-Statevector MPI-distributed (1 ranks)
Iter 0032 | Energy: -6.301980 | Delta: 2.24e-01 | M: 18226.7289 | Path: CPU-Statevector MPI-distributed (1 ranks)
Iter 0033 | Energy: -7.239587 | Delta: 9.38e-01 | M: 17861.4282 | Path: CPU-Statevector MPI-distributed (1 ranks)
Iter 0034 | Energy: -7.320763 | Delta: 8.12e-02 | M: 18053.1429 | Path: CPU-Statevector MPI-distributed (1 ranks)
Iter 0035 | Energy: -7.302083 | Delta: 1.87e-02 | M: 17752.0560 | Path: CPU-Statevector MPI-distributed (1 ranks)
[RESILIENCE] Iteration 35: Global theta state checkpointed at path checkpoints/BeH2/checkpoint_iter_0035.npy. 
Iter 0036 | Energy: -7.568018 | Delta: 2.66e-01 | M: 17993.8501 | Path: CPU-Statevector MPI-distributed (1 ranks)
Iter 0037 | Energy: -7.743127 | Delta: 1.75e-01 | M: 16923.6010 | Path: CPU-Statevector MPI-distributed (1 ranks)
Iter 0038 | Energy: -7.806948 | Delta: 6.38e-02 | M: 17655.0579 | Path: CPU-Statevector MPI-distributed (1 ranks)
Iter 0039 | Energy: -7.934750 | Delta: 1.28e-01 | M: 16905.8744 | Path: CPU-Statevector MPI-distributed (1 ranks)
Iter 0040 | Energy: -7.940707 | Delta: 5.96e-03 | M: 17437.0785 | Path: CPU-Statevector MPI-distributed (1 ranks)
[RESILIENCE] Iteration 40: Global theta state checkpointed at path checkpoints/BeH2/checkpoint_iter_0040.npy. 
Iter 0041 | Energy: -8.158731 | Delta: 2.18e-01 | M: 17313.0059 | Path: CPU-Statevector MPI-distributed (1 ranks)
Iter 0042 | Energy: -8.160795 | Delta: 2.06e-03 | M: 17881.0085 | Path: CPU-Statevector MPI-distributed (1 ranks)
Iter 0043 | Energy: -8.239337 | Delta: 7.85e-02 | M: 17468.3379 | Path: CPU-Statevector MPI-distributed (1 ranks)
Iter 0044 | Energy: -8.535254 | Delta: 2.96e-01 | M: 18025.5617 | Path: CPU-Statevector MPI-distributed (1 ranks)
Iter 0045 | Energy: -8.557481 | Delta: 2.22e-02 | M: 17464.4482 | Path: CPU-Statevector MPI-distributed (1 ranks)
[RESILIENCE] Iteration 45: Global theta state checkpointed at path checkpoints/BeH2/checkpoint_iter_0045.npy. 
Iter 0046 | Energy: -8.596313 | Delta: 3.88e-02 | M: 17926.2824 | Path: CPU-Statevector MPI-distributed (1 ranks)
Iter 0047 | Energy: -8.618841 | Delta: 2.25e-02 | M: 15622.3263 | Path: CPU-Statevector MPI-distributed (1 ranks)
Iter 0048 | Energy: -8.649938 | Delta: 3.11e-02 | M: 18068.4825 | Path: CPU-Statevector MPI-distributed (1 ranks)
Iter 0049 | Energy: -8.717777 | Delta: 6.78e-02 | M: 17755.9358 | Path: CPU-Statevector MPI-distributed (1 ranks)
Iter 0050 | Energy: -8.840375 | Delta: 1.23e-01 | M: 16247.4268 | Path: CPU-Statevector MPI-distributed (1 ranks)
[RESILIENCE] Iteration 50: Global theta state checkpointed at path checkpoints/BeH2/checkpoint_iter_0050.npy. 
Iter 0051 | Energy: -8.903111 | Delta: 6.27e-02 | M: 17677.2279 | Path: CPU-Statevector MPI-distributed (1 ranks)
Iter 0052 | Energy: -8.948470 | Delta: 4.54e-02 | M: 17344.1553 | Path: CPU-Statevector MPI-distributed (1 ranks)
Iter 0053 | Energy: -8.954184 | Delta: 5.71e-03 | M: 16920.1980 | Path: CPU-Statevector MPI-distributed (1 ranks)
Iter 0054 | Energy: -8.965291 | Delta: 1.11e-02 | M: 17567.3182 | Path: CPU-Statevector MPI-distributed (1 ranks)
Iter 0055 | Energy: -8.962166 | Delta: 3.13e-03 | M: 17503.5915 | Path: CPU-Statevector MPI-distributed (1 ranks)
[RESILIENCE] Iteration 55: Global theta state checkpointed at path checkpoints/BeH2/checkpoint_iter_0055.npy. 
Iter 0056 | Energy: -9.066210 | Delta: 1.04e-01 | M: 17690.9145 | Path: CPU-Statevector MPI-distributed (1 ranks)
Iter 0057 | Energy: -9.105061 | Delta: 3.89e-02 | M: 17878.0363 | Path: CPU-Statevector MPI-distributed (1 ranks)
Iter 0058 | Energy: -9.093234 | Delta: 1.18e-02 | M: 17971.9695 | Path: CPU-Statevector MPI-distributed (1 ranks)
Iter 0059 | Energy: -9.179873 | Delta: 8.66e-02 | M: 16709.1350 | Path: CPU-Statevector MPI-distributed (1 ranks)
Iter 0060 | Energy: -9.261334 | Delta: 8.15e-02 | M: 17565.8820 | Path: CPU-Statevector MPI-distributed (1 ranks)
[RESILIENCE] Iteration 60: Global theta state checkpointed at path checkpoints/BeH2/checkpoint_iter_0060.npy. 
Iter 0061 | Energy: -9.314997 | Delta: 5.37e-02 | M: 17576.3492 | Path: CPU-Statevector MPI-distributed (1 ranks)
Iter 0062 | Energy: -9.347220 | Delta: 3.22e-02 | M: 16319.1281 | Path: CPU-Statevector MPI-distributed (1 ranks)
Iter 0063 | Energy: -9.355557 | Delta: 8.34e-03 | M: 17936.0128 | Path: CPU-Statevector MPI-distributed (1 ranks)
Iter 0064 | Energy: -9.451928 | Delta: 9.64e-02 | M: 17568.2009 | Path: CPU-Statevector MPI-distributed (1 ranks)
Iter 0065 | Energy: -9.606824 | Delta: 1.55e-01 | M: 17438.1226 | Path: CPU-Statevector MPI-distributed (1 ranks)
[RESILIENCE] Iteration 65: Global theta state checkpointed at path checkpoints/BeH2/checkpoint_iter_0065.npy. 
Iter 0066 | Energy: -9.640133 | Delta: 3.33e-02 | M: 17613.5504 | Path: CPU-Statevector MPI-distributed (1 ranks)
Iter 0067 | Energy: -9.608463 | Delta: 3.17e-02 | M: 17570.3587 | Path: CPU-Statevector MPI-distributed (1 ranks)
Iter 0068 | Energy: -9.772234 | Delta: 1.64e-01 | M: 17994.9094 | Path: CPU-Statevector MPI-distributed (1 ranks)
Iter 0069 | Energy: -9.751396 | Delta: 2.08e-02 | M: 17543.0322 | Path: CPU-Statevector MPI-distributed (1 ranks)
Iter 0070 | Energy: -9.863667 | Delta: 1.12e-01 | M: 16995.4202 | Path: CPU-Statevector MPI-distributed (1 ranks)
[RESILIENCE] Iteration 70: Global theta state checkpointed at path checkpoints/BeH2/checkpoint_iter_0070.npy. 
Iter 0071 | Energy: -9.894339 | Delta: 3.07e-02 | M: 18087.9008 | Path: CPU-Statevector MPI-distributed (1 ranks)
Iter 0072 | Energy: -9.894036 | Delta: 3.03e-04 | M: 17056.2800 | Path: CPU-Statevector MPI-distributed (1 ranks)
Iter 0073 | Energy: -9.925375 | Delta: 3.13e-02 | M: 17354.9969 | Path: CPU-Statevector MPI-distributed (1 ranks)
Iter 0074 | Energy: -10.055608 | Delta: 1.30e-01 | M: 18105.8865 | Path: CPU-Statevector MPI-distributed (1 ranks)
Iter 0075 | Energy: -10.112966 | Delta: 5.74e-02 | M: 17186.2937 | Path: CPU-Statevector MPI-distributed (1 ranks)
[RESILIENCE] Iteration 75: Global theta state checkpointed at path checkpoints/BeH2/checkpoint_iter_0075.npy. 
Iter 0076 | Energy: -10.258070 | Delta: 1.45e-01 | M: 16915.0689 | Path: CPU-Statevector MPI-distributed (1 ranks)
Iter 0077 | Energy: -10.275136 | Delta: 1.71e-02 | M: 17846.4773 | Path: CPU-Statevector MPI-distributed (1 ranks)
Iter 0078 | Energy: -10.257009 | Delta: 1.81e-02 | M: 17451.8544 | Path: CPU-Statevector MPI-distributed (1 ranks)
Iter 0079 | Energy: -10.344232 | Delta: 8.72e-02 | M: 17407.2516 | Path: CPU-Statevector MPI-distributed (1 ranks)
Iter 0080 | Energy: -10.345926 | Delta: 1.69e-03 | M: 17436.4713 | Path: CPU-Statevector MPI-distributed (1 ranks)
[RESILIENCE] Iteration 80: Global theta state checkpointed at path checkpoints/BeH2/checkpoint_iter_0080.npy. 
Iter 0081 | Energy: -10.394710 | Delta: 4.88e-02 | M: 17636.6626 | Path: CPU-Statevector MPI-distributed (1 ranks)
Iter 0082 | Energy: -10.413019 | Delta: 1.83e-02 | M: 17155.9083 | Path: CPU-Statevector MPI-distributed (1 ranks)
Iter 0083 | Energy: -10.524177 | Delta: 1.11e-01 | M: 17955.7923 | Path: CPU-Statevector MPI-distributed (1 ranks)
Iter 0084 | Energy: -10.514866 | Delta: 9.31e-03 | M: 16778.3763 | Path: CPU-Statevector MPI-distributed (1 ranks)
Iter 0085 | Energy: -10.558256 | Delta: 4.34e-02 | M: 17350.6942 | Path: CPU-Statevector MPI-distributed (1 ranks)
[RESILIENCE] Iteration 85: Global theta state checkpointed at path checkpoints/BeH2/checkpoint_iter_0085.npy. 
Iter 0086 | Energy: -10.599839 | Delta: 4.16e-02 | M: 17904.0413 | Path: CPU-Statevector MPI-distributed (1 ranks)
Iter 0087 | Energy: -10.704998 | Delta: 1.05e-01 | M: 17294.2919 | Path: CPU-Statevector MPI-distributed (1 ranks)
Iter 0088 | Energy: -10.689448 | Delta: 1.55e-02 | M: 16735.8938 | Path: CPU-Statevector MPI-distributed (1 ranks)
Iter 0089 | Energy: -10.771720 | Delta: 8.23e-02 | M: 17964.8409 | Path: CPU-Statevector MPI-distributed (1 ranks)
Iter 0090 | Energy: -10.830223 | Delta: 5.85e-02 | M: 17987.9597 | Path: CPU-Statevector MPI-distributed (1 ranks)
[RESILIENCE] Iteration 90: Global theta state checkpointed at path checkpoints/BeH2/checkpoint_iter_0090.npy. 
Iter 0091 | Energy: -10.975245 | Delta: 1.45e-01 | M: 17271.1897 | Path: CPU-Statevector MPI-distributed (1 ranks)
Iter 0092 | Energy: -10.999663 | Delta: 2.44e-02 | M: 16122.1482 | Path: CPU-Statevector MPI-distributed (1 ranks)
Iter 0093 | Energy: -10.980952 | Delta: 1.87e-02 | M: 17905.2091 | Path: CPU-Statevector MPI-distributed (1 ranks)
Iter 0094 | Energy: -10.977492 | Delta: 3.46e-03 | M: 17906.9704 | Path: CPU-Statevector MPI-distributed (1 ranks)
Iter 0095 | Energy: -10.998675 | Delta: 2.12e-02 | M: 17782.9148 | Path: CPU-Statevector MPI-distributed (1 ranks)
[RESILIENCE] Iteration 95: Global theta state checkpointed at path checkpoints/BeH2/checkpoint_iter_0095.npy. 
Iter 0096 | Energy: -11.071337 | Delta: 7.27e-02 | M: 17748.9052 | Path: CPU-Statevector MPI-distributed (1 ranks)
Iter 0097 | Energy: -11.228310 | Delta: 1.57e-01 | M: 17490.5905 | Path: CPU-Statevector MPI-distributed (1 ranks)
Iter 0098 | Energy: -11.271932 | Delta: 4.36e-02 | M: 17278.4514 | Path: CPU-Statevector MPI-distributed (1 ranks)
Iter 0099 | Energy: -11.308531 | Delta: 3.66e-02 | M: 17270.4916 | Path: CPU-Statevector MPI-distributed (1 ranks)
Iter 0100 | Energy: -11.437423 | Delta: 1.29e-01 | M: 17717.0849 | Path: CPU-Statevector MPI-distributed (1 ranks)
[RESILIENCE] Iteration 100: Global theta state checkpointed at path checkpoints/BeH2/checkpoint_iter_0100.npy. 
Iter 0101 | Energy: -11.534418 | Delta: 9.70e-02 | M: 15893.2016 | Path: CPU-Statevector MPI-distributed (1 ranks)
Iter 0102 | Energy: -11.539159 | Delta: 4.74e-03 | M: 18255.1940 | Path: CPU-Statevector MPI-distributed (1 ranks)
Iter 0103 | Energy: -11.586120 | Delta: 4.70e-02 | M: 18405.6548 | Path: CPU-Statevector MPI-distributed (1 ranks)
Iter 0104 | Energy: -11.554233 | Delta: 3.19e-02 | M: 17102.2567 | Path: CPU-Statevector MPI-distributed (1 ranks)
Iter 0105 | Energy: -11.604698 | Delta: 5.05e-02 | M: 18043.0801 | Path: CPU-Statevector MPI-distributed (1 ranks)
[RESILIENCE] Iteration 105: Global theta state checkpointed at path checkpoints/BeH2/checkpoint_iter_0105.npy. 
Iter 0106 | Energy: -11.682964 | Delta: 7.83e-02 | M: 17542.7456 | Path: CPU-Statevector MPI-distributed (1 ranks)
Iter 0107 | Energy: -11.784440 | Delta: 1.01e-01 | M: 17213.4640 | Path: CPU-Statevector MPI-distributed (1 ranks)
Iter 0108 | Energy: -11.780259 | Delta: 4.18e-03 | M: 17131.4475 | Path: CPU-Statevector MPI-distributed (1 ranks)
Iter 0109 | Energy: -11.831200 | Delta: 5.09e-02 | M: 17578.9934 | Path: CPU-Statevector MPI-distributed (1 ranks)
Iter 0110 | Energy: -11.892599 | Delta: 6.14e-02 | M: 15993.1537 | Path: CPU-Statevector MPI-distributed (1 ranks)
[RESILIENCE] Iteration 110: Global theta state checkpointed at path checkpoints/BeH2/checkpoint_iter_0110.npy. 
Iter 0111 | Energy: -11.928181 | Delta: 3.56e-02 | M: 17441.6769 | Path: CPU-Statevector MPI-distributed (1 ranks)
Iter 0112 | Energy: -11.950667 | Delta: 2.25e-02 | M: 17642.6269 | Path: CPU-Statevector MPI-distributed (1 ranks)
Iter 0113 | Energy: -11.954497 | Delta: 3.83e-03 | M: 15504.6095 | Path: CPU-Statevector MPI-distributed (1 ranks)
Iter 0114 | Energy: -11.976928 | Delta: 2.24e-02 | M: 17500.9621 | Path: CPU-Statevector MPI-distributed (1 ranks)
Iter 0115 | Energy: -11.983137 | Delta: 6.21e-03 | M: 16087.7886 | Path: CPU-Statevector MPI-distributed (1 ranks)
[RESILIENCE] Iteration 115: Global theta state checkpointed at path checkpoints/BeH2/checkpoint_iter_0115.npy. 
Iter 0116 | Energy: -11.983155 | Delta: 1.86e-05 | M: 17995.3972 | Path: CPU-Statevector MPI-distributed (1 ranks)
Iter 0117 | Energy: -12.069478 | Delta: 8.63e-02 | M: 17781.5447 | Path: CPU-Statevector MPI-distributed (1 ranks)
Iter 0118 | Energy: -12.079802 | Delta: 1.03e-02 | M: 17867.2980 | Path: CPU-Statevector MPI-distributed (1 ranks)
Iter 0119 | Energy: -12.124233 | Delta: 4.44e-02 | M: 18056.6850 | Path: CPU-Statevector MPI-distributed (1 ranks)
Iter 0120 | Energy: -12.253612 | Delta: 1.29e-01 | M: 17749.4220 | Path: CPU-Statevector MPI-distributed (1 ranks)
[RESILIENCE] Iteration 120: Global theta state checkpointed at path checkpoints/BeH2/checkpoint_iter_0120.npy. 
Iter 0121 | Energy: -12.317648 | Delta: 6.40e-02 | M: 17235.4499 | Path: CPU-Statevector MPI-distributed (1 ranks)
Iter 0122 | Energy: -12.351764 | Delta: 3.41e-02 | M: 17102.4196 | Path: CPU-Statevector MPI-distributed (1 ranks)
Iter 0123 | Energy: -12.378976 | Delta: 2.72e-02 | M: 16303.9394 | Path: CPU-Statevector MPI-distributed (1 ranks)
Iter 0124 | Energy: -12.461354 | Delta: 8.24e-02 | M: 17343.1251 | Path: CPU-Statevector MPI-distributed (1 ranks)
Iter 0125 | Energy: -12.448448 | Delta: 1.29e-02 | M: 18060.5277 | Path: CPU-Statevector MPI-distributed (1 ranks)
[RESILIENCE] Iteration 125: Global theta state checkpointed at path checkpoints/BeH2/checkpoint_iter_0125.npy. 
Iter 0126 | Energy: -12.538850 | Delta: 9.04e-02 | M: 17733.4970 | Path: CPU-Statevector MPI-distributed (1 ranks)
Iter 0127 | Energy: -12.594478 | Delta: 5.56e-02 | M: 16963.5884 | Path: CPU-Statevector MPI-distributed (1 ranks)
Iter 0128 | Energy: -12.628768 | Delta: 3.43e-02 | M: 18036.8448 | Path: CPU-Statevector MPI-distributed (1 ranks)
Iter 0129 | Energy: -12.642780 | Delta: 1.40e-02 | M: 18048.2312 | Path: CPU-Statevector MPI-distributed (1 ranks)
Iter 0130 | Energy: -12.634011 | Delta: 8.77e-03 | M: 18194.4159 | Path: CPU-Statevector MPI-distributed (1 ranks)
[RESILIENCE] Iteration 130: Global theta state checkpointed at path checkpoints/BeH2/checkpoint_iter_0130.npy. 
Iter 0131 | Energy: -12.713025 | Delta: 7.90e-02 | M: 17635.9296 | Path: CPU-Statevector MPI-distributed (1 ranks)
Iter 0132 | Energy: -12.736649 | Delta: 2.36e-02 | M: 17515.9201 | Path: CPU-Statevector MPI-distributed (1 ranks)
Iter 0133 | Energy: -12.712627 | Delta: 2.40e-02 | M: 16583.0936 | Path: CPU-Statevector MPI-distributed (1 ranks)
Iter 0134 | Energy: -12.785227 | Delta: 7.26e-02 | M: 17216.7074 | Path: CPU-Statevector MPI-distributed (1 ranks)
Iter 0135 | Energy: -12.788693 | Delta: 3.47e-03 | M: 15575.3324 | Path: CPU-Statevector MPI-distributed (1 ranks)
[RESILIENCE] Iteration 135: Global theta state checkpointed at path checkpoints/BeH2/checkpoint_iter_0135.npy. 
Iter 0136 | Energy: -12.833494 | Delta: 4.48e-02 | M: 16773.7534 | Path: CPU-Statevector MPI-distributed (1 ranks)
Iter 0137 | Energy: -12.899151 | Delta: 6.57e-02 | M: 17670.4817 | Path: CPU-Statevector MPI-distributed (1 ranks)
Iter 0138 | Energy: -12.919466 | Delta: 2.03e-02 | M: 17231.5224 | Path: CPU-Statevector MPI-distributed (1 ranks)
Iter 0139 | Energy: -12.911212 | Delta: 8.25e-03 | M: 17788.9465 | Path: CPU-Statevector MPI-distributed (1 ranks)
Iter 0140 | Energy: -12.953385 | Delta: 4.22e-02 | M: 17370.3942 | Path: CPU-Statevector MPI-distributed (1 ranks)
[RESILIENCE] Iteration 140: Global theta state checkpointed at path checkpoints/BeH2/checkpoint_iter_0140.npy. 
Iter 0141 | Energy: -13.043472 | Delta: 9.01e-02 | M: 17714.3539 | Path: CPU-Statevector MPI-distributed (1 ranks)
Iter 0142 | Energy: -13.048355 | Delta: 4.88e-03 | M: 17431.9618 | Path: CPU-Statevector MPI-distributed (1 ranks)
Iter 0143 | Energy: -13.055720 | Delta: 7.37e-03 | M: 17293.3708 | Path: CPU-Statevector MPI-distributed (1 ranks)
Iter 0144 | Energy: -13.069395 | Delta: 1.37e-02 | M: 17740.1922 | Path: CPU-Statevector MPI-distributed (1 ranks)
Iter 0145 | Energy: -13.125489 | Delta: 5.61e-02 | M: 17244.0477 | Path: CPU-Statevector MPI-distributed (1 ranks)
[RESILIENCE] Iteration 145: Global theta state checkpointed at path checkpoints/BeH2/checkpoint_iter_0145.npy. 
Iter 0146 | Energy: -13.120300 | Delta: 5.19e-03 | M: 15694.3767 | Path: CPU-Statevector MPI-distributed (1 ranks)
Iter 0147 | Energy: -13.223162 | Delta: 1.03e-01 | M: 17227.9131 | Path: CPU-Statevector MPI-distributed (1 ranks)
Iter 0148 | Energy: -13.226914 | Delta: 3.75e-03 | M: 17760.6429 | Path: CPU-Statevector MPI-distributed (1 ranks)
Iter 0149 | Energy: -13.260571 | Delta: 3.37e-02 | M: 17933.6343 | Path: CPU-Statevector MPI-distributed (1 ranks)
Iter 0150 | Energy: -13.259455 | Delta: 1.12e-03 | M: 17890.2411 | Path: CPU-Statevector MPI-distributed (1 ranks)
[RESILIENCE] Iteration 150: Global theta state checkpointed at path checkpoints/BeH2/checkpoint_iter_0150.npy. 
Iter 0151 | Energy: -13.285825 | Delta: 2.64e-02 | M: 17846.1090 | Path: CPU-Statevector MPI-distributed (1 ranks)
Iter 0152 | Energy: -13.317306 | Delta: 3.15e-02 | M: 17990.4022 | Path: CPU-Statevector MPI-distributed (1 ranks)
Iter 0153 | Energy: -13.316959 | Delta: 3.47e-04 | M: 18143.9388 | Path: CPU-Statevector MPI-distributed (1 ranks)
Iter 0154 | Energy: -13.318731 | Delta: 1.77e-03 | M: 18330.0008 | Path: CPU-Statevector MPI-distributed (1 ranks)
Iter 0155 | Energy: -13.365630 | Delta: 4.69e-02 | M: 17554.5387 | Path: CPU-Statevector MPI-distributed (1 ranks)
[RESILIENCE] Iteration 155: Global theta state checkpointed at path checkpoints/BeH2/checkpoint_iter_0155.npy. 
Iter 0156 | Energy: -13.372205 | Delta: 6.57e-03 | M: 16795.5877 | Path: CPU-Statevector MPI-distributed (1 ranks)
Iter 0157 | Energy: -13.402228 | Delta: 3.00e-02 | M: 17749.7117 | Path: CPU-Statevector MPI-distributed (1 ranks)
Iter 0158 | Energy: -13.393590 | Delta: 8.64e-03 | M: 15244.8316 | Path: CPU-Statevector MPI-distributed (1 ranks)
Iter 0159 | Energy: -13.452793 | Delta: 5.92e-02 | M: 17027.3201 | Path: CPU-Statevector MPI-distributed (1 ranks)
Iter 0160 | Energy: -13.469219 | Delta: 1.64e-02 | M: 18202.0559 | Path: CPU-Statevector MPI-distributed (1 ranks)
[RESILIENCE] Iteration 160: Global theta state checkpointed at path checkpoints/BeH2/checkpoint_iter_0160.npy. 
Iter 0161 | Energy: -13.489937 | Delta: 2.07e-02 | M: 17288.6419 | Path: CPU-Statevector MPI-distributed (1 ranks)
Iter 0162 | Energy: -13.512498 | Delta: 2.26e-02 | M: 17685.5230 | Path: CPU-Statevector MPI-distributed (1 ranks)
Iter 0163 | Energy: -13.547976 | Delta: 3.55e-02 | M: 17948.0331 | Path: CPU-Statevector MPI-distributed (1 ranks)
Iter 0164 | Energy: -13.553787 | Delta: 5.81e-03 | M: 17978.0791 | Path: CPU-Statevector MPI-distributed (1 ranks)
Iter 0165 | Energy: -13.601187 | Delta: 4.74e-02 | M: 17811.6999 | Path: CPU-Statevector MPI-distributed (1 ranks)
[RESILIENCE] Iteration 165: Global theta state checkpointed at path checkpoints/BeH2/checkpoint_iter_0165.npy. 
Iter 0166 | Energy: -13.653495 | Delta: 5.23e-02 | M: 16759.3210 | Path: CPU-Statevector MPI-distributed (1 ranks)
Iter 0167 | Energy: -13.666969 | Delta: 1.35e-02 | M: 17935.2306 | Path: CPU-Statevector MPI-distributed (1 ranks)
Iter 0168 | Energy: -13.790586 | Delta: 1.24e-01 | M: 17364.7901 | Path: CPU-Statevector MPI-distributed (1 ranks)
Iter 0169 | Energy: -13.819015 | Delta: 2.84e-02 | M: 16659.0910 | Path: CPU-Statevector MPI-distributed (1 ranks)
Iter 0170 | Energy: -13.850157 | Delta: 3.11e-02 | M: 17934.2035 | Path: CPU-Statevector MPI-distributed (1 ranks)
[RESILIENCE] Iteration 170: Global theta state checkpointed at path checkpoints/BeH2/checkpoint_iter_0170.npy. 
Iter 0171 | Energy: -13.857347 | Delta: 7.19e-03 | M: 17333.1376 | Path: CPU-Statevector MPI-distributed (1 ranks)
Iter 0172 | Energy: -13.859403 | Delta: 2.06e-03 | M: 17588.9736 | Path: CPU-Statevector MPI-distributed (1 ranks)
Iter 0173 | Energy: -13.881285 | Delta: 2.19e-02 | M: 17568.5104 | Path: CPU-Statevector MPI-distributed (1 ranks)
Iter 0174 | Energy: -13.879678 | Delta: 1.61e-03 | M: 17210.3188 | Path: CPU-Statevector MPI-distributed (1 ranks)
Iter 0175 | Energy: -13.882812 | Delta: 3.13e-03 | M: 17684.9639 | Path: CPU-Statevector MPI-distributed (1 ranks)
[RESILIENCE] Iteration 175: Global theta state checkpointed at path checkpoints/BeH2/checkpoint_iter_0175.npy. 
Iter 0176 | Energy: -13.918723 | Delta: 3.59e-02 | M: 17942.5601 | Path: CPU-Statevector MPI-distributed (1 ranks)
Iter 0177 | Energy: -13.927348 | Delta: 8.62e-03 | M: 18254.8710 | Path: CPU-Statevector MPI-distributed (1 ranks)
Iter 0178 | Energy: -14.017196 | Delta: 8.98e-02 | M: 16852.1555 | Path: CPU-Statevector MPI-distributed (1 ranks)
Iter 0179 | Energy: -14.021711 | Delta: 4.51e-03 | M: 17929.5526 | Path: CPU-Statevector MPI-distributed (1 ranks)
Iter 0180 | Energy: -14.037493 | Delta: 1.58e-02 | M: 16486.7581 | Path: CPU-Statevector MPI-distributed (1 ranks)
[RESILIENCE] Iteration 180: Global theta state checkpointed at path checkpoints/BeH2/checkpoint_iter_0180.npy. 
Iter 0181 | Energy: -14.057984 | Delta: 2.05e-02 | M: 17444.6092 | Path: CPU-Statevector MPI-distributed (1 ranks)
Iter 0182 | Energy: -14.132313 | Delta: 7.43e-02 | M: 18053.7981 | Path: CPU-Statevector MPI-distributed (1 ranks)
Iter 0183 | Energy: -14.117536 | Delta: 1.48e-02 | M: 17108.3159 | Path: CPU-Statevector MPI-distributed (1 ranks)
Iter 0184 | Energy: -14.147736 | Delta: 3.02e-02 | M: 17242.3603 | Path: CPU-Statevector MPI-distributed (1 ranks)
Iter 0185 | Energy: -14.148515 | Delta: 7.79e-04 | M: 17113.4160 | Path: CPU-Statevector MPI-distributed (1 ranks)
[RESILIENCE] Iteration 185: Global theta state checkpointed at path checkpoints/BeH2/checkpoint_iter_0185.npy. 
Iter 0186 | Energy: -14.224669 | Delta: 7.62e-02 | M: 17645.0875 | Path: CPU-Statevector MPI-distributed (1 ranks)
Iter 0187 | Energy: -14.220482 | Delta: 4.19e-03 | M: 17546.0086 | Path: CPU-Statevector MPI-distributed (1 ranks)
Iter 0188 | Energy: -14.260343 | Delta: 3.99e-02 | M: 16004.6124 | Path: CPU-Statevector MPI-distributed (1 ranks)
Iter 0189 | Energy: -14.274559 | Delta: 1.42e-02 | M: 17929.9234 | Path: CPU-Statevector MPI-distributed (1 ranks)
Iter 0190 | Energy: -14.335203 | Delta: 6.06e-02 | M: 18302.3630 | Path: CPU-Statevector MPI-distributed (1 ranks)
[RESILIENCE] Iteration 190: Global theta state checkpointed at path checkpoints/BeH2/checkpoint_iter_0190.npy. 
Iter 0191 | Energy: -14.358658 | Delta: 2.35e-02 | M: 18326.1205 | Path: CPU-Statevector MPI-distributed (1 ranks)
Iter 0192 | Energy: -14.369634 | Delta: 1.10e-02 | M: 17739.0920 | Path: CPU-Statevector MPI-distributed (1 ranks)
Iter 0193 | Energy: -14.392324 | Delta: 2.27e-02 | M: 17677.1685 | Path: CPU-Statevector MPI-distributed (1 ranks)
Iter 0194 | Energy: -14.384471 | Delta: 7.85e-03 | M: 17173.5897 | Path: CPU-Statevector MPI-distributed (1 ranks)
Iter 0195 | Energy: -14.397263 | Delta: 1.28e-02 | M: 18192.0337 | Path: CPU-Statevector MPI-distributed (1 ranks)
[RESILIENCE] Iteration 195: Global theta state checkpointed at path checkpoints/BeH2/checkpoint_iter_0195.npy. 
Iter 0196 | Energy: -14.406685 | Delta: 9.42e-03 | M: 17373.1306 | Path: CPU-Statevector MPI-distributed (1 ranks)
Iter 0197 | Energy: -14.453960 | Delta: 4.73e-02 | M: 16159.0401 | Path: CPU-Statevector MPI-distributed (1 ranks)
Iter 0198 | Energy: -14.450843 | Delta: 3.12e-03 | M: 17445.3224 | Path: CPU-Statevector MPI-distributed (1 ranks)
Iter 0199 | Energy: -14.521642 | Delta: 7.08e-02 | M: 17779.6827 | Path: CPU-Statevector MPI-distributed (1 ranks)
Iter 0200 | Energy: -14.539203 | Delta: 1.76e-02 | M: 17919.9075 | Path: CPU-Statevector MPI-distributed (1 ranks)
[RESILIENCE] Iteration 200: Global theta state checkpointed at path checkpoints/BeH2/checkpoint_iter_0200.npy. 
Iter 0201 | Energy: -14.579852 | Delta: 4.06e-02 | M: 16692.7314 | Path: CPU-Statevector MPI-distributed (1 ranks)
Iter 0202 | Energy: -14.552191 | Delta: 2.77e-02 | M: 17792.9904 | Path: CPU-Statevector MPI-distributed (1 ranks)
Iter 0203 | Energy: -14.577567 | Delta: 2.54e-02 | M: 18179.5361 | Path: CPU-Statevector MPI-distributed (1 ranks)
Iter 0204 | Energy: -14.565570 | Delta: 1.20e-02 | M: 17438.0235 | Path: CPU-Statevector MPI-distributed (1 ranks)
Iter 0205 | Energy: -14.589981 | Delta: 2.44e-02 | M: 17249.7320 | Path: CPU-Statevector MPI-distributed (1 ranks)
[RESILIENCE] Iteration 205: Global theta state checkpointed at path checkpoints/BeH2/checkpoint_iter_0205.npy. 
Iter 0206 | Energy: -14.625146 | Delta: 3.52e-02 | M: 16520.6068 | Path: CPU-Statevector MPI-distributed (1 ranks)
Iter 0207 | Energy: -14.632323 | Delta: 7.18e-03 | M: 17102.2346 | Path: CPU-Statevector MPI-distributed (1 ranks)
Iter 0208 | Energy: -14.725937 | Delta: 9.36e-02 | M: 17900.7453 | Path: CPU-Statevector MPI-distributed (1 ranks)
Iter 0209 | Energy: -14.713257 | Delta: 1.27e-02 | M: 15427.4978 | Path: CPU-Statevector MPI-distributed (1 ranks)
Iter 0210 | Energy: -14.730871 | Delta: 1.76e-02 | M: 17502.3950 | Path: CPU-Statevector MPI-distributed (1 ranks)
[RESILIENCE] Iteration 210: Global theta state checkpointed at path checkpoints/BeH2/checkpoint_iter_0210.npy. 
Iter 0211 | Energy: -14.737500 | Delta: 6.63e-03 | M: 16438.9774 | Path: CPU-Statevector MPI-distributed (1 ranks)
Iter 0212 | Energy: -14.735748 | Delta: 1.75e-03 | M: 18208.9874 | Path: CPU-Statevector MPI-distributed (1 ranks)
Iter 0213 | Energy: -14.732867 | Delta: 2.88e-03 | M: 12953.3758 | Path: CPU-Statevector MPI-distributed (1 ranks)
Iter 0214 | Energy: -14.763193 | Delta: 3.03e-02 | M: 17264.5975 | Path: CPU-Statevector MPI-distributed (1 ranks)
Iter 0215 | Energy: -14.762449 | Delta: 7.44e-04 | M: 16560.7670 | Path: CPU-Statevector MPI-distributed (1 ranks)
[RESILIENCE] Iteration 215: Global theta state checkpointed at path checkpoints/BeH2/checkpoint_iter_0215.npy. 
Iter 0216 | Energy: -14.826207 | Delta: 6.38e-02 | M: 17948.9548 | Path: CPU-Statevector MPI-distributed (1 ranks)
Iter 0217 | Energy: -14.859591 | Delta: 3.34e-02 | M: 17855.7558 | Path: CPU-Statevector MPI-distributed (1 ranks)
Iter 0218 | Energy: -14.885144 | Delta: 2.56e-02 | M: 18114.2181 | Path: CPU-Statevector MPI-distributed (1 ranks)
Iter 0219 | Energy: -14.903150 | Delta: 1.80e-02 | M: 16563.2529 | Path: CPU-Statevector MPI-distributed (1 ranks)
Iter 0220 | Energy: -14.886903 | Delta: 1.62e-02 | M: 17772.7238 | Path: CPU-Statevector MPI-distributed (1 ranks)
[RESILIENCE] Iteration 220: Global theta state checkpointed at path checkpoints/BeH2/checkpoint_iter_0220.npy. 
Iter 0221 | Energy: -14.917867 | Delta: 3.10e-02 | M: 17977.6569 | Path: CPU-Statevector MPI-distributed (1 ranks)
Iter 0222 | Energy: -14.909775 | Delta: 8.09e-03 | M: 17918.0282 | Path: CPU-Statevector MPI-distributed (1 ranks)
Iter 0223 | Energy: -14.955236 | Delta: 4.55e-02 | M: 16209.3342 | Path: CPU-Statevector MPI-distributed (1 ranks)
Iter 0224 | Energy: -14.977084 | Delta: 2.18e-02 | M: 17730.8080 | Path: CPU-Statevector MPI-distributed (1 ranks)
Iter 0225 | Energy: -14.994081 | Delta: 1.70e-02 | M: 18195.8536 | Path: CPU-Statevector MPI-distributed (1 ranks)
[RESILIENCE] Iteration 225: Global theta state checkpointed at path checkpoints/BeH2/checkpoint_iter_0225.npy. 
Iter 0226 | Energy: -15.007881 | Delta: 1.38e-02 | M: 18248.6328 | Path: CPU-Statevector MPI-distributed (1 ranks)
Iter 0227 | Energy: -15.018205 | Delta: 1.03e-02 | M: 18029.1053 | Path: CPU-Statevector MPI-distributed (1 ranks)
Iter 0228 | Energy: -15.016859 | Delta: 1.35e-03 | M: 17202.9095 | Path: CPU-Statevector MPI-distributed (1 ranks)
Iter 0229 | Energy: -15.045189 | Delta: 2.83e-02 | M: 17353.8264 | Path: CPU-Statevector MPI-distributed (1 ranks)
Iter 0230 | Energy: -15.032734 | Delta: 1.25e-02 | M: 18004.1881 | Path: CPU-Statevector MPI-distributed (1 ranks)
[RESILIENCE] Iteration 230: Global theta state checkpointed at path checkpoints/BeH2/checkpoint_iter_0230.npy. 
Iter 0231 | Energy: -15.044886 | Delta: 1.22e-02 | M: 16100.0921 | Path: CPU-Statevector MPI-distributed (1 ranks)
Iter 0232 | Energy: -15.069872 | Delta: 2.50e-02 | M: 17415.9461 | Path: CPU-Statevector MPI-distributed (1 ranks)
Iter 0233 | Energy: -15.078229 | Delta: 8.36e-03 | M: 18386.4202 | Path: CPU-Statevector MPI-distributed (1 ranks)
Iter 0234 | Energy: -15.071912 | Delta: 6.32e-03 | M: 17811.9341 | Path: CPU-Statevector MPI-distributed (1 ranks)
Iter 0235 | Energy: -15.091418 | Delta: 1.95e-02 | M: 17284.2400 | Path: CPU-Statevector MPI-distributed (1 ranks)
[RESILIENCE] Iteration 235: Global theta state checkpointed at path checkpoints/BeH2/checkpoint_iter_0235.npy. 
Iter 0236 | Energy: -15.081214 | Delta: 1.02e-02 | M: 18150.8221 | Path: CPU-Statevector MPI-distributed (1 ranks)
Iter 0237 | Energy: -15.081065 | Delta: 1.49e-04 | M: 18063.3472 | Path: CPU-Statevector MPI-distributed (1 ranks)
Iter 0238 | Energy: -15.101889 | Delta: 2.08e-02 | M: 17918.4129 | Path: CPU-Statevector MPI-distributed (1 ranks)
Iter 0239 | Energy: -15.112075 | Delta: 1.02e-02 | M: 17660.7184 | Path: CPU-Statevector MPI-distributed (1 ranks)
Iter 0240 | Energy: -15.118481 | Delta: 6.41e-03 | M: 18154.8244 | Path: CPU-Statevector MPI-distributed (1 ranks)
[RESILIENCE] Iteration 240: Global theta state checkpointed at path checkpoints/BeH2/checkpoint_iter_0240.npy. 
Iter 0241 | Energy: -15.144530 | Delta: 2.60e-02 | M: 17848.9002 | Path: CPU-Statevector MPI-distributed (1 ranks)
Iter 0242 | Energy: -15.150673 | Delta: 6.14e-03 | M: 16255.6211 | Path: CPU-Statevector MPI-distributed (1 ranks)
Iter 0243 | Energy: -15.158195 | Delta: 7.52e-03 | M: 16749.6564 | Path: CPU-Statevector MPI-distributed (1 ranks)
Iter 0244 | Energy: -15.174414 | Delta: 1.62e-02 | M: 18054.8724 | Path: CPU-Statevector MPI-distributed (1 ranks)
Iter 0245 | Energy: -15.184018 | Delta: 9.60e-03 | M: 17224.8726 | Path: CPU-Statevector MPI-distributed (1 ranks)
[RESILIENCE] Iteration 245: Global theta state checkpointed at path checkpoints/BeH2/checkpoint_iter_0245.npy. 
Iter 0246 | Energy: -15.189069 | Delta: 5.05e-03 | M: 17844.2454 | Path: CPU-Statevector MPI-distributed (1 ranks)
Iter 0247 | Energy: -15.200235 | Delta: 1.12e-02 | M: 17883.7072 | Path: CPU-Statevector MPI-distributed (1 ranks)
Iter 0248 | Energy: -15.206764 | Delta: 6.53e-03 | M: 18576.2887 | Path: CPU-Statevector MPI-distributed (1 ranks)
Iter 0249 | Energy: -15.243219 | Delta: 3.65e-02 | M: 18802.4773 | Path: CPU-Statevector MPI-distributed (1 ranks)
Iter 0250 | Energy: -15.236443 | Delta: 6.78e-03 | M: 18496.9700 | Path: CPU-Statevector MPI-distributed (1 ranks)
[RESILIENCE] Iteration 250: Global theta state checkpointed at path checkpoints/BeH2/checkpoint_iter_0250.npy. 
Iter 0251 | Energy: -15.241431 | Delta: 4.99e-03 | M: 16645.8255 | Path: CPU-Statevector MPI-distributed (1 ranks)
Iter 0252 | Energy: -15.250363 | Delta: 8.93e-03 | M: 11808.9738 | Path: CPU-Statevector MPI-distributed (1 ranks)
Iter 0253 | Energy: -15.267846 | Delta: 1.75e-02 | M: 15607.4460 | Path: CPU-Statevector MPI-distributed (1 ranks)
Iter 0254 | Energy: -15.277267 | Delta: 9.42e-03 | M: 17413.4544 | Path: CPU-Statevector MPI-distributed (1 ranks)
Iter 0255 | Energy: -15.299337 | Delta: 2.21e-02 | M: 17132.7395 | Path: CPU-Statevector MPI-distributed (1 ranks)
[RESILIENCE] Iteration 255: Global theta state checkpointed at path checkpoints/BeH2/checkpoint_iter_0255.npy. 
Iter 0256 | Energy: -15.324314 | Delta: 2.50e-02 | M: 17520.3602 | Path: CPU-Statevector MPI-distributed (1 ranks)
Iter 0257 | Energy: -15.363836 | Delta: 3.95e-02 | M: 17614.5430 | Path: CPU-Statevector MPI-distributed (1 ranks)
Iter 0258 | Energy: -15.421387 | Delta: 5.76e-02 | M: 17532.7649 | Path: CPU-Statevector MPI-distributed (1 ranks)
Iter 0259 | Energy: -15.443262 | Delta: 2.19e-02 | M: 17813.8256 | Path: CPU-Statevector MPI-distributed (1 ranks)
Iter 0260 | Energy: -15.486203 | Delta: 4.29e-02 | M: 17449.9210 | Path: CPU-Statevector MPI-distributed (1 ranks)
[RESILIENCE] Iteration 260: Global theta state checkpointed at path checkpoints/BeH2/checkpoint_iter_0260.npy. 
Iter 0261 | Energy: -15.555709 | Delta: 6.95e-02 | M: 16627.9689 | Path: CPU-Statevector MPI-distributed (1 ranks)
NOTE: Energy -15.5995 crossed below FCI -15.5951 at iter 262 — HWE ansatz leaving physical sector (expected limitation)
Iter 0262 | Energy: -15.599460 | Delta: 4.38e-02 | M: 17613.3784 | Path: CPU-Statevector MPI-distributed (1 ranks)
Iter 0263 | Energy: -15.642305 | Delta: 4.28e-02 | M: 18229.2294 | Path: CPU-Statevector MPI-distributed (1 ranks)
Iter 0264 | Energy: -15.636667 | Delta: 5.64e-03 | M: 16563.5564 | Path: CPU-Statevector MPI-distributed (1 ranks)
Iter 0265 | Energy: -15.642155 | Delta: 5.49e-03 | M: 17132.7631 | Path: CPU-Statevector MPI-distributed (1 ranks)
[RESILIENCE] Iteration 265: Global theta state checkpointed at path checkpoints/BeH2/checkpoint_iter_0265.npy. 
Iter 0266 | Energy: -15.634960 | Delta: 7.19e-03 | M: 17242.2813 | Path: CPU-Statevector MPI-distributed (1 ranks)
Iter 0267 | Energy: -15.652533 | Delta: 1.76e-02 | M: 16051.2674 | Path: CPU-Statevector MPI-distributed (1 ranks)
Iter 0268 | Energy: -15.678859 | Delta: 2.63e-02 | M: 17841.5579 | Path: CPU-Statevector MPI-distributed (1 ranks)
Iter 0269 | Energy: -15.678188 | Delta: 6.71e-04 | M: 17637.5252 | Path: CPU-Statevector MPI-distributed (1 ranks)
Iter 0270 | Energy: -15.676847 | Delta: 1.34e-03 | M: 17247.3143 | Path: CPU-Statevector MPI-distributed (1 ranks)
[RESILIENCE] Iteration 270: Global theta state checkpointed at path checkpoints/BeH2/checkpoint_iter_0270.npy. 
Iter 0271 | Energy: -15.732046 | Delta: 5.52e-02 | M: 17889.6351 | Path: CPU-Statevector MPI-distributed (1 ranks)
Iter 0272 | Energy: -15.743759 | Delta: 1.17e-02 | M: 18446.0372 | Path: CPU-Statevector MPI-distributed (1 ranks)
Iter 0273 | Energy: -15.736357 | Delta: 7.40e-03 | M: 16249.3395 | Path: CPU-Statevector MPI-distributed (1 ranks)
Iter 0274 | Energy: -15.744317 | Delta: 7.96e-03 | M: 18252.8756 | Path: CPU-Statevector MPI-distributed (1 ranks)
Iter 0275 | Energy: -15.759564 | Delta: 1.52e-02 | M: 17837.6433 | Path: CPU-Statevector MPI-distributed (1 ranks)
[RESILIENCE] Iteration 275: Global theta state checkpointed at path checkpoints/BeH2/checkpoint_iter_0275.npy. 
Iter 0276 | Energy: -15.771335 | Delta: 1.18e-02 | M: 16729.6960 | Path: CPU-Statevector MPI-distributed (1 ranks)
Iter 0277 | Energy: -15.788490 | Delta: 1.72e-02 | M: 17466.1724 | Path: CPU-Statevector MPI-distributed (1 ranks)
Iter 0278 | Energy: -15.797554 | Delta: 9.06e-03 | M: 17459.9548 | Path: CPU-Statevector MPI-distributed (1 ranks)
Iter 0279 | Energy: -15.807445 | Delta: 9.89e-03 | M: 16816.3036 | Path: CPU-Statevector MPI-distributed (1 ranks)
Iter 0280 | Energy: -15.820277 | Delta: 1.28e-02 | M: 17433.1882 | Path: CPU-Statevector MPI-distributed (1 ranks)
[RESILIENCE] Iteration 280: Global theta state checkpointed at path checkpoints/BeH2/checkpoint_iter_0280.npy. 
Iter 0281 | Energy: -15.815625 | Delta: 4.65e-03 | M: 17869.0357 | Path: CPU-Statevector MPI-distributed (1 ranks)
Iter 0282 | Energy: -15.826543 | Delta: 1.09e-02 | M: 17805.6454 | Path: CPU-Statevector MPI-distributed (1 ranks)
Iter 0283 | Energy: -15.833353 | Delta: 6.81e-03 | M: 17859.4068 | Path: CPU-Statevector MPI-distributed (1 ranks)
Iter 0284 | Energy: -15.830780 | Delta: 2.57e-03 | M: 16589.9861 | Path: CPU-Statevector MPI-distributed (1 ranks)
Iter 0285 | Energy: -15.850215 | Delta: 1.94e-02 | M: 18195.8546 | Path: CPU-Statevector MPI-distributed (1 ranks)
[RESILIENCE] Iteration 285: Global theta state checkpointed at path checkpoints/BeH2/checkpoint_iter_0285.npy. 
Iter 0286 | Energy: -15.839235 | Delta: 1.10e-02 | M: 17809.0774 | Path: CPU-Statevector MPI-distributed (1 ranks)
Iter 0287 | Energy: -15.868860 | Delta: 2.96e-02 | M: 18063.1535 | Path: CPU-Statevector MPI-distributed (1 ranks)
Iter 0288 | Energy: -15.863138 | Delta: 5.72e-03 | M: 17112.0160 | Path: CPU-Statevector MPI-distributed (1 ranks)
Iter 0289 | Energy: -15.870758 | Delta: 7.62e-03 | M: 17639.2519 | Path: CPU-Statevector MPI-distributed (1 ranks)
Iter 0290 | Energy: -15.880832 | Delta: 1.01e-02 | M: 17003.3090 | Path: CPU-Statevector MPI-distributed (1 ranks)
[RESILIENCE] Iteration 290: Global theta state checkpointed at path checkpoints/BeH2/checkpoint_iter_0290.npy. 
Iter 0291 | Energy: -15.882979 | Delta: 2.15e-03 | M: 16739.2203 | Path: CPU-Statevector MPI-distributed (1 ranks)
Iter 0292 | Energy: -15.887826 | Delta: 4.85e-03 | M: 15905.0089 | Path: CPU-Statevector MPI-distributed (1 ranks)
Iter 0293 | Energy: -15.904290 | Delta: 1.65e-02 | M: 17130.6808 | Path: CPU-Statevector MPI-distributed (1 ranks)
Iter 0294 | Energy: -15.942633 | Delta: 3.83e-02 | M: 17527.5675 | Path: CPU-Statevector MPI-distributed (1 ranks)
Iter 0295 | Energy: -15.958976 | Delta: 1.63e-02 | M: 17166.6248 | Path: CPU-Statevector MPI-distributed (1 ranks)
[RESILIENCE] Iteration 295: Global theta state checkpointed at path checkpoints/BeH2/checkpoint_iter_0295.npy. 
Iter 0296 | Energy: -15.962774 | Delta: 3.80e-03 | M: 15641.4046 | Path: CPU-Statevector MPI-distributed (1 ranks)
Iter 0297 | Energy: -15.977507 | Delta: 1.47e-02 | M: 17322.6174 | Path: CPU-Statevector MPI-distributed (1 ranks)
Iter 0298 | Energy: -15.999764 | Delta: 2.23e-02 | M: 17435.1399 | Path: CPU-Statevector MPI-distributed (1 ranks)
Iter 0299 | Energy: -16.003927 | Delta: 4.16e-03 | M: 18025.6338 | Path: CPU-Statevector MPI-distributed (1 ranks)
Iter 0300 | Energy: -16.004836 | Delta: 9.10e-04 | M: 17380.4774 | Path: CPU-Statevector MPI-distributed (1 ranks)
[RESILIENCE] Iteration 300: Global theta state checkpointed at path checkpoints/BeH2/checkpoint_iter_0300.npy. 
Iter 0301 | Energy: -15.989113 | Delta: 1.57e-02 | M: 16865.7620 | Path: CPU-Statevector MPI-distributed (1 ranks)
Iter 0302 | Energy: -16.007388 | Delta: 1.83e-02 | M: 17662.9407 | Path: CPU-Statevector MPI-distributed (1 ranks)
Iter 0303 | Energy: -16.035822 | Delta: 2.84e-02 | M: 17605.6198 | Path: CPU-Statevector MPI-distributed (1 ranks)
Iter 0304 | Energy: -16.022006 | Delta: 1.38e-02 | M: 16450.1315 | Path: CPU-Statevector MPI-distributed (1 ranks)
Iter 0305 | Energy: -16.019083 | Delta: 2.92e-03 | M: 17018.8647 | Path: CPU-Statevector MPI-distributed (1 ranks)
[RESILIENCE] Iteration 305: Global theta state checkpointed at path checkpoints/BeH2/checkpoint_iter_0305.npy. 
Iter 0306 | Energy: -16.021035 | Delta: 1.95e-03 | M: 16779.5363 | Path: CPU-Statevector MPI-distributed (1 ranks)
Iter 0307 | Energy: -16.022862 | Delta: 1.83e-03 | M: 17522.6938 | Path: CPU-Statevector MPI-distributed (1 ranks)
Iter 0308 | Energy: -16.036091 | Delta: 1.32e-02 | M: 17662.3465 | Path: CPU-Statevector MPI-distributed (1 ranks)
Iter 0309 | Energy: -16.030974 | Delta: 5.12e-03 | M: 17504.4482 | Path: CPU-Statevector MPI-distributed (1 ranks)
Iter 0310 | Energy: -16.061765 | Delta: 3.08e-02 | M: 17335.4134 | Path: CPU-Statevector MPI-distributed (1 ranks)
[RESILIENCE] Iteration 310: Global theta state checkpointed at path checkpoints/BeH2/checkpoint_iter_0310.npy. 
Iter 0311 | Energy: -16.070057 | Delta: 8.29e-03 | M: 17672.5907 | Path: CPU-Statevector MPI-distributed (1 ranks)
Iter 0312 | Energy: -16.081349 | Delta: 1.13e-02 | M: 17511.4170 | Path: CPU-Statevector MPI-distributed (1 ranks)
Iter 0313 | Energy: -16.089108 | Delta: 7.76e-03 | M: 17330.6685 | Path: CPU-Statevector MPI-distributed (1 ranks)
Iter 0314 | Energy: -16.092014 | Delta: 2.91e-03 | M: 17263.6205 | Path: CPU-Statevector MPI-distributed (1 ranks)
Iter 0315 | Energy: -16.088538 | Delta: 3.48e-03 | M: 16001.8794 | Path: CPU-Statevector MPI-distributed (1 ranks)
[RESILIENCE] Iteration 315: Global theta state checkpointed at path checkpoints/BeH2/checkpoint_iter_0315.npy. 
Iter 0316 | Energy: -16.083990 | Delta: 4.55e-03 | M: 17836.2536 | Path: CPU-Statevector MPI-distributed (1 ranks)
Iter 0317 | Energy: -16.188467 | Delta: 1.04e-01 | M: 18159.3489 | Path: CPU-Statevector MPI-distributed (1 ranks)
Iter 0318 | Energy: -16.198673 | Delta: 1.02e-02 | M: 15430.2335 | Path: CPU-Statevector MPI-distributed (1 ranks)
Iter 0319 | Energy: -16.190148 | Delta: 8.52e-03 | M: 17976.5715 | Path: CPU-Statevector MPI-distributed (1 ranks)
Iter 0320 | Energy: -16.184334 | Delta: 5.81e-03 | M: 17697.3013 | Path: CPU-Statevector MPI-distributed (1 ranks)
[RESILIENCE] Iteration 320: Global theta state checkpointed at path checkpoints/BeH2/checkpoint_iter_0320.npy. 
Iter 0321 | Energy: -16.210676 | Delta: 2.63e-02 | M: 17801.3580 | Path: CPU-Statevector MPI-distributed (1 ranks)
Iter 0322 | Energy: -16.210178 | Delta: 4.99e-04 | M: 18303.6623 | Path: CPU-Statevector MPI-distributed (1 ranks)
Iter 0323 | Energy: -16.250869 | Delta: 4.07e-02 | M: 17952.5258 | Path: CPU-Statevector MPI-distributed (1 ranks)
Iter 0324 | Energy: -16.258800 | Delta: 7.93e-03 | M: 17088.0389 | Path: CPU-Statevector MPI-distributed (1 ranks)
Iter 0325 | Energy: -16.258014 | Delta: 7.86e-04 | M: 17212.0092 | Path: CPU-Statevector MPI-distributed (1 ranks)
[RESILIENCE] Iteration 325: Global theta state checkpointed at path checkpoints/BeH2/checkpoint_iter_0325.npy. 
Iter 0326 | Energy: -16.262320 | Delta: 4.31e-03 | M: 17614.9378 | Path: CPU-Statevector MPI-distributed (1 ranks)
Iter 0327 | Energy: -16.258168 | Delta: 4.15e-03 | M: 16073.0767 | Path: CPU-Statevector MPI-distributed (1 ranks)
Iter 0328 | Energy: -16.269656 | Delta: 1.15e-02 | M: 16935.3394 | Path: CPU-Statevector MPI-distributed (1 ranks)
Iter 0329 | Energy: -16.265904 | Delta: 3.75e-03 | M: 16631.3340 | Path: CPU-Statevector MPI-distributed (1 ranks)
Iter 0330 | Energy: -16.273076 | Delta: 7.17e-03 | M: 17865.1041 | Path: CPU-Statevector MPI-distributed (1 ranks)
[RESILIENCE] Iteration 330: Global theta state checkpointed at path checkpoints/BeH2/checkpoint_iter_0330.npy. 
Iter 0331 | Energy: -16.266265 | Delta: 6.81e-03 | M: 17957.5064 | Path: CPU-Statevector MPI-distributed (1 ranks)
Iter 0332 | Energy: -16.273594 | Delta: 7.33e-03 | M: 18138.4977 | Path: CPU-Statevector MPI-distributed (1 ranks)
Iter 0333 | Energy: -16.287207 | Delta: 1.36e-02 | M: 17709.6417 | Path: CPU-Statevector MPI-distributed (1 ranks)
Iter 0334 | Energy: -16.319937 | Delta: 3.27e-02 | M: 17483.3259 | Path: CPU-Statevector MPI-distributed (1 ranks)
Iter 0335 | Energy: -16.329844 | Delta: 9.91e-03 | M: 17800.7179 | Path: CPU-Statevector MPI-distributed (1 ranks)
[RESILIENCE] Iteration 335: Global theta state checkpointed at path checkpoints/BeH2/checkpoint_iter_0335.npy. 
Iter 0336 | Energy: -16.402007 | Delta: 7.22e-02 | M: 17104.3557 | Path: CPU-Statevector MPI-distributed (1 ranks)
Iter 0337 | Energy: -16.422140 | Delta: 2.01e-02 | M: 16498.2640 | Path: CPU-Statevector MPI-distributed (1 ranks)
Iter 0338 | Energy: -16.483275 | Delta: 6.11e-02 | M: 17436.6008 | Path: CPU-Statevector MPI-distributed (1 ranks)
Iter 0339 | Energy: -16.495230 | Delta: 1.20e-02 | M: 17750.1844 | Path: CPU-Statevector MPI-distributed (1 ranks)
Iter 0340 | Energy: -16.507754 | Delta: 1.25e-02 | M: 16587.8303 | Path: CPU-Statevector MPI-distributed (1 ranks)
[RESILIENCE] Iteration 340: Global theta state checkpointed at path checkpoints/BeH2/checkpoint_iter_0340.npy. 
Iter 0341 | Energy: -16.492060 | Delta: 1.57e-02 | M: 17637.0665 | Path: CPU-Statevector MPI-distributed (1 ranks)
Iter 0342 | Energy: -16.509894 | Delta: 1.78e-02 | M: 17933.4540 | Path: CPU-Statevector MPI-distributed (1 ranks)
Iter 0343 | Energy: -16.541265 | Delta: 3.14e-02 | M: 18012.5312 | Path: CPU-Statevector MPI-distributed (1 ranks)
Iter 0344 | Energy: -16.557121 | Delta: 1.59e-02 | M: 17883.1525 | Path: CPU-Statevector MPI-distributed (1 ranks)
Iter 0345 | Energy: -16.581800 | Delta: 2.47e-02 | M: 18238.7962 | Path: CPU-Statevector MPI-distributed (1 ranks)
[RESILIENCE] Iteration 345: Global theta state checkpointed at path checkpoints/BeH2/checkpoint_iter_0345.npy. 
Iter 0346 | Energy: -16.590883 | Delta: 9.08e-03 | M: 16836.6476 | Path: CPU-Statevector MPI-distributed (1 ranks)
Iter 0347 | Energy: -16.623691 | Delta: 3.28e-02 | M: 17245.7918 | Path: CPU-Statevector MPI-distributed (1 ranks)
Iter 0348 | Energy: -16.637198 | Delta: 1.35e-02 | M: 18060.5115 | Path: CPU-Statevector MPI-distributed (1 ranks)
Iter 0349 | Energy: -16.636424 | Delta: 7.74e-04 | M: 16228.3928 | Path: CPU-Statevector MPI-distributed (1 ranks)
Iter 0350 | Energy: -16.634430 | Delta: 1.99e-03 | M: 17593.2504 | Path: CPU-Statevector MPI-distributed (1 ranks)
[RESILIENCE] Iteration 350: Global theta state checkpointed at path checkpoints/BeH2/checkpoint_iter_0350.npy. 
Iter 0351 | Energy: -16.659546 | Delta: 2.51e-02 | M: 17962.8685 | Path: CPU-Statevector MPI-distributed (1 ranks)
Iter 0352 | Energy: -16.664420 | Delta: 4.87e-03 | M: 16122.9162 | Path: CPU-Statevector MPI-distributed (1 ranks)
Iter 0353 | Energy: -16.659827 | Delta: 4.59e-03 | M: 17622.2358 | Path: CPU-Statevector MPI-distributed (1 ranks)
Iter 0354 | Energy: -16.664312 | Delta: 4.49e-03 | M: 18138.6486 | Path: CPU-Statevector MPI-distributed (1 ranks)
Iter 0355 | Energy: -16.650074 | Delta: 1.42e-02 | M: 17566.1349 | Path: CPU-Statevector MPI-distributed (1 ranks)
[RESILIENCE] Iteration 355: Global theta state checkpointed at path checkpoints/BeH2/checkpoint_iter_0355.npy. 
Iter 0356 | Energy: -16.666071 | Delta: 1.60e-02 | M: 17733.9582 | Path: CPU-Statevector MPI-distributed (1 ranks)
Iter 0357 | Energy: -16.681003 | Delta: 1.49e-02 | M: 16247.6289 | Path: CPU-Statevector MPI-distributed (1 ranks)
Iter 0358 | Energy: -16.686931 | Delta: 5.93e-03 | M: 18090.7069 | Path: CPU-Statevector MPI-distributed (1 ranks)
Iter 0359 | Energy: -16.676513 | Delta: 1.04e-02 | M: 17384.2904 | Path: CPU-Statevector MPI-distributed (1 ranks)
Iter 0360 | Energy: -16.681742 | Delta: 5.23e-03 | M: 15514.8237 | Path: CPU-Statevector MPI-distributed (1 ranks)
[RESILIENCE] Iteration 360: Global theta state checkpointed at path checkpoints/BeH2/checkpoint_iter_0360.npy. 
Iter 0361 | Energy: -16.670000 | Delta: 1.17e-02 | M: 17667.2174 | Path: CPU-Statevector MPI-distributed (1 ranks)
Iter 0362 | Energy: -16.703056 | Delta: 3.31e-02 | M: 17047.2061 | Path: CPU-Statevector MPI-distributed (1 ranks)
Iter 0363 | Energy: -16.736393 | Delta: 3.33e-02 | M: 16698.1326 | Path: CPU-Statevector MPI-distributed (1 ranks)
Iter 0364 | Energy: -16.757353 | Delta: 2.10e-02 | M: 17880.7944 | Path: CPU-Statevector MPI-distributed (1 ranks)
Iter 0365 | Energy: -16.786285 | Delta: 2.89e-02 | M: 17160.3207 | Path: CPU-Statevector MPI-distributed (1 ranks)
[RESILIENCE] Iteration 365: Global theta state checkpointed at path checkpoints/BeH2/checkpoint_iter_0365.npy. 
Iter 0366 | Energy: -16.801600 | Delta: 1.53e-02 | M: 17756.5037 | Path: CPU-Statevector MPI-distributed (1 ranks)
Iter 0367 | Energy: -16.809724 | Delta: 8.12e-03 | M: 17692.4656 | Path: CPU-Statevector MPI-distributed (1 ranks)
Iter 0368 | Energy: -16.809282 | Delta: 4.42e-04 | M: 17616.5793 | Path: CPU-Statevector MPI-distributed (1 ranks)
Iter 0369 | Energy: -16.824692 | Delta: 1.54e-02 | M: 15367.5047 | Path: CPU-Statevector MPI-distributed (1 ranks)
Iter 0370 | Energy: -16.840899 | Delta: 1.62e-02 | M: 17748.0807 | Path: CPU-Statevector MPI-distributed (1 ranks)
[RESILIENCE] Iteration 370: Global theta state checkpointed at path checkpoints/BeH2/checkpoint_iter_0370.npy. 
Iter 0371 | Energy: -16.836370 | Delta: 4.53e-03 | M: 16865.5294 | Path: CPU-Statevector MPI-distributed (1 ranks)
Iter 0372 | Energy: -16.862506 | Delta: 2.61e-02 | M: 17604.1860 | Path: CPU-Statevector MPI-distributed (1 ranks)
Iter 0373 | Energy: -16.873101 | Delta: 1.06e-02 | M: 17868.3980 | Path: CPU-Statevector MPI-distributed (1 ranks)
Iter 0374 | Energy: -16.928369 | Delta: 5.53e-02 | M: 17143.2906 | Path: CPU-Statevector MPI-distributed (1 ranks)
Iter 0375 | Energy: -16.945501 | Delta: 1.71e-02 | M: 16833.5664 | Path: CPU-Statevector MPI-distributed (1 ranks)
[RESILIENCE] Iteration 375: Global theta state checkpointed at path checkpoints/BeH2/checkpoint_iter_0375.npy. 
Iter 0376 | Energy: -16.939694 | Delta: 5.81e-03 | M: 17709.3686 | Path: CPU-Statevector MPI-distributed (1 ranks)
Iter 0377 | Energy: -16.936229 | Delta: 3.46e-03 | M: 17817.3551 | Path: CPU-Statevector MPI-distributed (1 ranks)
Iter 0378 | Energy: -16.943255 | Delta: 7.03e-03 | M: 17954.7763 | Path: CPU-Statevector MPI-distributed (1 ranks)
Iter 0379 | Energy: -16.949812 | Delta: 6.56e-03 | M: 16561.4073 | Path: CPU-Statevector MPI-distributed (1 ranks)
Iter 0380 | Energy: -16.952050 | Delta: 2.24e-03 | M: 17769.3142 | Path: CPU-Statevector MPI-distributed (1 ranks)
[RESILIENCE] Iteration 380: Global theta state checkpointed at path checkpoints/BeH2/checkpoint_iter_0380.npy. 
Iter 0381 | Energy: -16.944479 | Delta: 7.57e-03 | M: 17905.1198 | Path: CPU-Statevector MPI-distributed (1 ranks)
Iter 0382 | Energy: -16.955072 | Delta: 1.06e-02 | M: 17260.0182 | Path: CPU-Statevector MPI-distributed (1 ranks)
Iter 0383 | Energy: -16.964589 | Delta: 9.52e-03 | M: 17842.7378 | Path: CPU-Statevector MPI-distributed (1 ranks)
Iter 0384 | Energy: -16.962478 | Delta: 2.11e-03 | M: 17457.5802 | Path: CPU-Statevector MPI-distributed (1 ranks)
Iter 0385 | Energy: -16.968551 | Delta: 6.07e-03 | M: 17060.9323 | Path: CPU-Statevector MPI-distributed (1 ranks)
[RESILIENCE] Iteration 385: Global theta state checkpointed at path checkpoints/BeH2/checkpoint_iter_0385.npy. 
Iter 0386 | Energy: -16.988718 | Delta: 2.02e-02 | M: 17655.3092 | Path: CPU-Statevector MPI-distributed (1 ranks)
Iter 0387 | Energy: -16.979170 | Delta: 9.55e-03 | M: 17033.1392 | Path: CPU-Statevector MPI-distributed (1 ranks)
Iter 0388 | Energy: -16.992484 | Delta: 1.33e-02 | M: 15519.0790 | Path: CPU-Statevector MPI-distributed (1 ranks)
Iter 0389 | Energy: -16.995805 | Delta: 3.32e-03 | M: 17638.5091 | Path: CPU-Statevector MPI-distributed (1 ranks)
Iter 0390 | Energy: -17.008710 | Delta: 1.29e-02 | M: 18154.0319 | Path: CPU-Statevector MPI-distributed (1 ranks)
[RESILIENCE] Iteration 390: Global theta state checkpointed at path checkpoints/BeH2/checkpoint_iter_0390.npy. 
Iter 0391 | Energy: -17.021549 | Delta: 1.28e-02 | M: 16152.5153 | Path: CPU-Statevector MPI-distributed (1 ranks)
Iter 0392 | Energy: -17.009511 | Delta: 1.20e-02 | M: 17804.7646 | Path: CPU-Statevector MPI-distributed (1 ranks)
Iter 0393 | Energy: -17.012687 | Delta: 3.18e-03 | M: 17889.6761 | Path: CPU-Statevector MPI-distributed (1 ranks)
Iter 0394 | Energy: -17.014069 | Delta: 1.38e-03 | M: 17750.3668 | Path: CPU-Statevector MPI-distributed (1 ranks)
Iter 0395 | Energy: -17.010223 | Delta: 3.85e-03 | M: 17913.3910 | Path: CPU-Statevector MPI-distributed (1 ranks)
[RESILIENCE] Iteration 395: Global theta state checkpointed at path checkpoints/BeH2/checkpoint_iter_0395.npy. 
Iter 0396 | Energy: -17.043289 | Delta: 3.31e-02 | M: 17086.1082 | Path: CPU-Statevector MPI-distributed (1 ranks)
Iter 0397 | Energy: -17.041780 | Delta: 1.51e-03 | M: 15894.0166 | Path: CPU-Statevector MPI-distributed (1 ranks)
Iter 0398 | Energy: -17.044688 | Delta: 2.91e-03 | M: 17076.5691 | Path: CPU-Statevector MPI-distributed (1 ranks)
Iter 0399 | Energy: -17.064522 | Delta: 1.98e-02 | M: 16584.2043 | Path: CPU-Statevector MPI-distributed (1 ranks)
Iter 0400 | Energy: -17.062177 | Delta: 2.34e-03 | M: 16411.4563 | Path: CPU-Statevector MPI-distributed (1 ranks)
[RESILIENCE] Iteration 400: Global theta state checkpointed at path checkpoints/BeH2/checkpoint_iter_0400.npy. 
Iter 0401 | Energy: -17.069390 | Delta: 7.21e-03 | M: 17841.0741 | Path: CPU-Statevector MPI-distributed (1 ranks)
Iter 0402 | Energy: -17.082139 | Delta: 1.27e-02 | M: 15930.9137 | Path: CPU-Statevector MPI-distributed (1 ranks)
Iter 0403 | Energy: -17.095517 | Delta: 1.34e-02 | M: 17764.9926 | Path: CPU-Statevector MPI-distributed (1 ranks)
Iter 0404 | Energy: -17.095685 | Delta: 1.68e-04 | M: 18362.7616 | Path: CPU-Statevector MPI-distributed (1 ranks)
Iter 0405 | Energy: -17.101382 | Delta: 5.70e-03 | M: 18128.5262 | Path: CPU-Statevector MPI-distributed (1 ranks)
[RESILIENCE] Iteration 405: Global theta state checkpointed at path checkpoints/BeH2/checkpoint_iter_0405.npy. 
Iter 0406 | Energy: -17.120672 | Delta: 1.93e-02 | M: 17549.1044 | Path: CPU-Statevector MPI-distributed (1 ranks)
Iter 0407 | Energy: -17.122051 | Delta: 1.38e-03 | M: 17703.8556 | Path: CPU-Statevector MPI-distributed (1 ranks)
Iter 0408 | Energy: -17.119730 | Delta: 2.32e-03 | M: 16254.8563 | Path: CPU-Statevector MPI-distributed (1 ranks)
Iter 0409 | Energy: -17.140485 | Delta: 2.08e-02 | M: 17904.3965 | Path: CPU-Statevector MPI-distributed (1 ranks)
Iter 0410 | Energy: -17.118854 | Delta: 2.16e-02 | M: 16808.8346 | Path: CPU-Statevector MPI-distributed (1 ranks)
[RESILIENCE] Iteration 410: Global theta state checkpointed at path checkpoints/BeH2/checkpoint_iter_0410.npy. 
Iter 0411 | Energy: -17.126977 | Delta: 8.12e-03 | M: 17399.6574 | Path: CPU-Statevector MPI-distributed (1 ranks)
Iter 0412 | Energy: -17.137767 | Delta: 1.08e-02 | M: 18058.6331 | Path: CPU-Statevector MPI-distributed (1 ranks)
Iter 0413 | Energy: -17.139940 | Delta: 2.17e-03 | M: 16935.7013 | Path: CPU-Statevector MPI-distributed (1 ranks)
Iter 0414 | Energy: -17.165270 | Delta: 2.53e-02 | M: 15548.5329 | Path: CPU-Statevector MPI-distributed (1 ranks)
Iter 0415 | Energy: -17.175076 | Delta: 9.81e-03 | M: 17858.8373 | Path: CPU-Statevector MPI-distributed (1 ranks)
[RESILIENCE] Iteration 415: Global theta state checkpointed at path checkpoints/BeH2/checkpoint_iter_0415.npy. 
Iter 0416 | Energy: -17.172179 | Delta: 2.90e-03 | M: 17698.5070 | Path: CPU-Statevector MPI-distributed (1 ranks)
Iter 0417 | Energy: -17.173454 | Delta: 1.27e-03 | M: 18245.8577 | Path: CPU-Statevector MPI-distributed (1 ranks)
Iter 0418 | Energy: -17.166867 | Delta: 6.59e-03 | M: 17377.5196 | Path: CPU-Statevector MPI-distributed (1 ranks)
Iter 0419 | Energy: -17.183559 | Delta: 1.67e-02 | M: 17411.7448 | Path: CPU-Statevector MPI-distributed (1 ranks)
Iter 0420 | Energy: -17.181423 | Delta: 2.14e-03 | M: 17995.9920 | Path: CPU-Statevector MPI-distributed (1 ranks)
[RESILIENCE] Iteration 420: Global theta state checkpointed at path checkpoints/BeH2/checkpoint_iter_0420.npy. 
Iter 0421 | Energy: -17.171786 | Delta: 9.64e-03 | M: 17767.1071 | Path: CPU-Statevector MPI-distributed (1 ranks)
Iter 0422 | Energy: -17.193422 | Delta: 2.16e-02 | M: 16477.2781 | Path: CPU-Statevector MPI-distributed (1 ranks)
Iter 0423 | Energy: -17.201828 | Delta: 8.41e-03 | M: 17687.3105 | Path: CPU-Statevector MPI-distributed (1 ranks)
Iter 0424 | Energy: -17.205510 | Delta: 3.68e-03 | M: 18019.2873 | Path: CPU-Statevector MPI-distributed (1 ranks)
Iter 0425 | Energy: -17.237581 | Delta: 3.21e-02 | M: 16277.9309 | Path: CPU-Statevector MPI-distributed (1 ranks)
[RESILIENCE] Iteration 425: Global theta state checkpointed at path checkpoints/BeH2/checkpoint_iter_0425.npy. 
Iter 0426 | Energy: -17.241979 | Delta: 4.40e-03 | M: 18079.1793 | Path: CPU-Statevector MPI-distributed (1 ranks)
Iter 0427 | Energy: -17.249382 | Delta: 7.40e-03 | M: 18204.2573 | Path: CPU-Statevector MPI-distributed (1 ranks)
Iter 0428 | Energy: -17.247288 | Delta: 2.09e-03 | M: 17759.9243 | Path: CPU-Statevector MPI-distributed (1 ranks)
Iter 0429 | Energy: -17.267770 | Delta: 2.05e-02 | M: 18014.4001 | Path: CPU-Statevector MPI-distributed (1 ranks)
Iter 0430 | Energy: -17.256266 | Delta: 1.15e-02 | M: 16854.0273 | Path: CPU-Statevector MPI-distributed (1 ranks)
[RESILIENCE] Iteration 430: Global theta state checkpointed at path checkpoints/BeH2/checkpoint_iter_0430.npy. 
Iter 0431 | Energy: -17.270421 | Delta: 1.42e-02 | M: 17878.8459 | Path: CPU-Statevector MPI-distributed (1 ranks)
Iter 0432 | Energy: -17.274820 | Delta: 4.40e-03 | M: 15527.9429 | Path: CPU-Statevector MPI-distributed (1 ranks)
Iter 0433 | Energy: -17.285319 | Delta: 1.05e-02 | M: 16799.3945 | Path: CPU-Statevector MPI-distributed (1 ranks)
Iter 0434 | Energy: -17.279284 | Delta: 6.04e-03 | M: 17276.3968 | Path: CPU-Statevector MPI-distributed (1 ranks)
Iter 0435 | Energy: -17.301458 | Delta: 2.22e-02 | M: 17546.2150 | Path: CPU-Statevector MPI-distributed (1 ranks)
[RESILIENCE] Iteration 435: Global theta state checkpointed at path checkpoints/BeH2/checkpoint_iter_0435.npy. 
Iter 0436 | Energy: -17.282740 | Delta: 1.87e-02 | M: 17076.5338 | Path: CPU-Statevector MPI-distributed (1 ranks)
Iter 0437 | Energy: -17.294005 | Delta: 1.13e-02 | M: 17420.6051 | Path: CPU-Statevector MPI-distributed (1 ranks)
Iter 0438 | Energy: -17.284311 | Delta: 9.69e-03 | M: 17646.7276 | Path: CPU-Statevector MPI-distributed (1 ranks)
Iter 0439 | Energy: -17.289380 | Delta: 5.07e-03 | M: 18316.8009 | Path: CPU-Statevector MPI-distributed (1 ranks)
Iter 0440 | Energy: -17.301485 | Delta: 1.21e-02 | M: 18611.9676 | Path: CPU-Statevector MPI-distributed (1 ranks)
[RESILIENCE] Iteration 440: Global theta state checkpointed at path checkpoints/BeH2/checkpoint_iter_0440.npy. 
Iter 0441 | Energy: -17.304062 | Delta: 2.58e-03 | M: 18086.2420 | Path: CPU-Statevector MPI-distributed (1 ranks)
Iter 0442 | Energy: -17.308596 | Delta: 4.53e-03 | M: 16320.2116 | Path: CPU-Statevector MPI-distributed (1 ranks)
Iter 0443 | Energy: -17.306442 | Delta: 2.15e-03 | M: 17916.8611 | Path: CPU-Statevector MPI-distributed (1 ranks)
Iter 0444 | Energy: -17.336739 | Delta: 3.03e-02 | M: 16195.5404 | Path: CPU-Statevector MPI-distributed (1 ranks)
Iter 0445 | Energy: -17.330764 | Delta: 5.98e-03 | M: 17150.1059 | Path: CPU-Statevector MPI-distributed (1 ranks)
[RESILIENCE] Iteration 445: Global theta state checkpointed at path checkpoints/BeH2/checkpoint_iter_0445.npy. 
Iter 0446 | Energy: -17.322177 | Delta: 8.59e-03 | M: 17681.7222 | Path: CPU-Statevector MPI-distributed (1 ranks)
Iter 0447 | Energy: -17.316672 | Delta: 5.50e-03 | M: 17595.8991 | Path: CPU-Statevector MPI-distributed (1 ranks)
Iter 0448 | Energy: -17.335022 | Delta: 1.84e-02 | M: 16993.3100 | Path: CPU-Statevector MPI-distributed (1 ranks)
Iter 0449 | Energy: -17.340839 | Delta: 5.82e-03 | M: 17850.9402 | Path: CPU-Statevector MPI-distributed (1 ranks)
Iter 0450 | Energy: -17.351713 | Delta: 1.09e-02 | M: 18130.3138 | Path: CPU-Statevector MPI-distributed (1 ranks)
[RESILIENCE] Iteration 450: Global theta state checkpointed at path checkpoints/BeH2/checkpoint_iter_0450.npy. 
Iter 0451 | Energy: -17.341685 | Delta: 1.00e-02 | M: 17780.0192 | Path: CPU-Statevector MPI-distributed (1 ranks)
Iter 0452 | Energy: -17.342404 | Delta: 7.18e-04 | M: 17528.0225 | Path: CPU-Statevector MPI-distributed (1 ranks)
Iter 0453 | Energy: -17.365128 | Delta: 2.27e-02 | M: 17418.7211 | Path: CPU-Statevector MPI-distributed (1 ranks)
Iter 0454 | Energy: -17.373258 | Delta: 8.13e-03 | M: 17747.1106 | Path: CPU-Statevector MPI-distributed (1 ranks)
Iter 0455 | Energy: -17.364688 | Delta: 8.57e-03 | M: 16219.4952 | Path: CPU-Statevector MPI-distributed (1 ranks)
[RESILIENCE] Iteration 455: Global theta state checkpointed at path checkpoints/BeH2/checkpoint_iter_0455.npy. 
Iter 0456 | Energy: -17.366196 | Delta: 1.51e-03 | M: 17243.3755 | Path: CPU-Statevector MPI-distributed (1 ranks)
Iter 0457 | Energy: -17.380514 | Delta: 1.43e-02 | M: 17467.0536 | Path: CPU-Statevector MPI-distributed (1 ranks)
Iter 0458 | Energy: -17.383754 | Delta: 3.24e-03 | M: 17546.1575 | Path: CPU-Statevector MPI-distributed (1 ranks)
Iter 0459 | Energy: -17.400509 | Delta: 1.68e-02 | M: 17760.6854 | Path: CPU-Statevector MPI-distributed (1 ranks)
Iter 0460 | Energy: -17.390176 | Delta: 1.03e-02 | M: 17370.4816 | Path: CPU-Statevector MPI-distributed (1 ranks)
[RESILIENCE] Iteration 460: Global theta state checkpointed at path checkpoints/BeH2/checkpoint_iter_0460.npy. 
Iter 0461 | Energy: -17.391987 | Delta: 1.81e-03 | M: 18022.1682 | Path: CPU-Statevector MPI-distributed (1 ranks)
Iter 0462 | Energy: -17.397762 | Delta: 5.77e-03 | M: 18005.8326 | Path: CPU-Statevector MPI-distributed (1 ranks)
Iter 0463 | Energy: -17.402897 | Delta: 5.13e-03 | M: 18134.8805 | Path: CPU-Statevector MPI-distributed (1 ranks)
Iter 0464 | Energy: -17.400246 | Delta: 2.65e-03 | M: 17744.7639 | Path: CPU-Statevector MPI-distributed (1 ranks)
Iter 0465 | Energy: -17.403152 | Delta: 2.91e-03 | M: 17727.0941 | Path: CPU-Statevector MPI-distributed (1 ranks)
[RESILIENCE] Iteration 465: Global theta state checkpointed at path checkpoints/BeH2/checkpoint_iter_0465.npy. 
Iter 0466 | Energy: -17.413932 | Delta: 1.08e-02 | M: 17888.0439 | Path: CPU-Statevector MPI-distributed (1 ranks)
Iter 0467 | Energy: -17.414034 | Delta: 1.02e-04 | M: 10515.2856 | Path: CPU-Statevector MPI-distributed (1 ranks)
Iter 0468 | Energy: -17.413685 | Delta: 3.49e-04 | M: 17781.5590 | Path: CPU-Statevector MPI-distributed (1 ranks)
Iter 0469 | Energy: -17.414160 | Delta: 4.75e-04 | M: 17167.3481 | Path: CPU-Statevector MPI-distributed (1 ranks)
Iter 0470 | Energy: -17.415994 | Delta: 1.83e-03 | M: 17834.8493 | Path: CPU-Statevector MPI-distributed (1 ranks)
[RESILIENCE] Iteration 470: Global theta state checkpointed at path checkpoints/BeH2/checkpoint_iter_0470.npy. 
Iter 0471 | Energy: -17.416530 | Delta: 5.36e-04 | M: 17902.8108 | Path: CPU-Statevector MPI-distributed (1 ranks)
Iter 0472 | Energy: -17.410995 | Delta: 5.53e-03 | M: 18092.3589 | Path: CPU-Statevector MPI-distributed (1 ranks)
Iter 0473 | Energy: -17.420537 | Delta: 9.54e-03 | M: 17911.5441 | Path: CPU-Statevector MPI-distributed (1 ranks)
Iter 0474 | Energy: -17.428543 | Delta: 8.01e-03 | M: 17819.2976 | Path: CPU-Statevector MPI-distributed (1 ranks)
Iter 0475 | Energy: -17.425486 | Delta: 3.06e-03 | M: 17119.9374 | Path: CPU-Statevector MPI-distributed (1 ranks)
[RESILIENCE] Iteration 475: Global theta state checkpointed at path checkpoints/BeH2/checkpoint_iter_0475.npy. 
Iter 0476 | Energy: -17.431650 | Delta: 6.16e-03 | M: 17212.3019 | Path: CPU-Statevector MPI-distributed (1 ranks)
Iter 0477 | Energy: -17.439612 | Delta: 7.96e-03 | M: 18157.3375 | Path: CPU-Statevector MPI-distributed (1 ranks)
Iter 0478 | Energy: -17.434316 | Delta: 5.30e-03 | M: 17967.1472 | Path: CPU-Statevector MPI-distributed (1 ranks)
Iter 0479 | Energy: -17.442516 | Delta: 8.20e-03 | M: 17303.9513 | Path: CPU-Statevector MPI-distributed (1 ranks)
Iter 0480 | Energy: -17.444635 | Delta: 2.12e-03 | M: 17834.0703 | Path: CPU-Statevector MPI-distributed (1 ranks)
[RESILIENCE] Iteration 480: Global theta state checkpointed at path checkpoints/BeH2/checkpoint_iter_0480.npy. 
Iter 0481 | Energy: -17.437031 | Delta: 7.60e-03 | M: 16434.4260 | Path: CPU-Statevector MPI-distributed (1 ranks)
Iter 0482 | Energy: -17.454004 | Delta: 1.70e-02 | M: 17706.8881 | Path: CPU-Statevector MPI-distributed (1 ranks)
Iter 0483 | Energy: -17.452504 | Delta: 1.50e-03 | M: 16729.4415 | Path: CPU-Statevector MPI-distributed (1 ranks)
Iter 0484 | Energy: -17.454794 | Delta: 2.29e-03 | M: 17497.8942 | Path: CPU-Statevector MPI-distributed (1 ranks)
Iter 0485 | Energy: -17.461127 | Delta: 6.33e-03 | M: 17435.4094 | Path: CPU-Statevector MPI-distributed (1 ranks)
[RESILIENCE] Iteration 485: Global theta state checkpointed at path checkpoints/BeH2/checkpoint_iter_0485.npy. 
Iter 0486 | Energy: -17.456593 | Delta: 4.53e-03 | M: 18452.5693 | Path: CPU-Statevector MPI-distributed (1 ranks)
Iter 0487 | Energy: -17.467318 | Delta: 1.07e-02 | M: 16847.9472 | Path: CPU-Statevector MPI-distributed (1 ranks)
Iter 0488 | Energy: -17.470162 | Delta: 2.84e-03 | M: 18059.7511 | Path: CPU-Statevector MPI-distributed (1 ranks)
Iter 0489 | Energy: -17.467359 | Delta: 2.80e-03 | M: 17639.6960 | Path: CPU-Statevector MPI-distributed (1 ranks)
Iter 0490 | Energy: -17.475211 | Delta: 7.85e-03 | M: 17681.8775 | Path: CPU-Statevector MPI-distributed (1 ranks)
[RESILIENCE] Iteration 490: Global theta state checkpointed at path checkpoints/BeH2/checkpoint_iter_0490.npy. 
Iter 0491 | Energy: -17.473044 | Delta: 2.17e-03 | M: 17473.3503 | Path: CPU-Statevector MPI-distributed (1 ranks)
Iter 0492 | Energy: -17.488776 | Delta: 1.57e-02 | M: 17391.6478 | Path: CPU-Statevector MPI-distributed (1 ranks)
Iter 0493 | Energy: -17.494275 | Delta: 5.50e-03 | M: 17424.2215 | Path: CPU-Statevector MPI-distributed (1 ranks)
Iter 0494 | Energy: -17.483021 | Delta: 1.13e-02 | M: 17855.3692 | Path: CPU-Statevector MPI-distributed (1 ranks)
Iter 0495 | Energy: -17.471461 | Delta: 1.16e-02 | M: 16134.2137 | Path: CPU-Statevector MPI-distributed (1 ranks)
[RESILIENCE] Iteration 495: Global theta state checkpointed at path checkpoints/BeH2/checkpoint_iter_0495.npy. 
Iter 0496 | Energy: -17.488838 | Delta: 1.74e-02 | M: 16973.2108 | Path: CPU-Statevector MPI-distributed (1 ranks)
Iter 0497 | Energy: -17.478649 | Delta: 1.02e-02 | M: 16037.3628 | Path: CPU-Statevector MPI-distributed (1 ranks)
Iter 0498 | Energy: -17.493802 | Delta: 1.52e-02 | M: 18655.8230 | Path: CPU-Statevector MPI-distributed (1 ranks)
Iter 0499 | Energy: -17.490562 | Delta: 3.24e-03 | M: 18140.6689 | Path: CPU-Statevector MPI-distributed (1 ranks)
Iter 0500 | Energy: -17.495728 | Delta: 5.17e-03 | M: 18261.5694 | Path: CPU-Statevector MPI-distributed (1 ranks)
[RESILIENCE] Iteration 500: Global theta state checkpointed at path checkpoints/BeH2/checkpoint_iter_0500.npy. 
Iter 0501 | Energy: -17.498046 | Delta: 2.32e-03 | M: 16977.4279 | Path: CPU-Statevector MPI-distributed (1 ranks)
Iter 0502 | Energy: -17.495349 | Delta: 2.70e-03 | M: 17852.3306 | Path: CPU-Statevector MPI-distributed (1 ranks)
Iter 0503 | Energy: -17.497107 | Delta: 1.76e-03 | M: 16357.6907 | Path: CPU-Statevector MPI-distributed (1 ranks)
Iter 0504 | Energy: -17.490033 | Delta: 7.07e-03 | M: 17558.4938 | Path: CPU-Statevector MPI-distributed (1 ranks)
Iter 0505 | Energy: -17.495719 | Delta: 5.69e-03 | M: 16199.7240 | Path: CPU-Statevector MPI-distributed (1 ranks)
[RESILIENCE] Iteration 505: Global theta state checkpointed at path checkpoints/BeH2/checkpoint_iter_0505.npy. 
Iter 0506 | Energy: -17.504661 | Delta: 8.94e-03 | M: 16907.4842 | Path: CPU-Statevector MPI-distributed (1 ranks)
Iter 0507 | Energy: -17.508237 | Delta: 3.58e-03 | M: 17086.7646 | Path: CPU-Statevector MPI-distributed (1 ranks)
Iter 0508 | Energy: -17.513300 | Delta: 5.06e-03 | M: 16971.2956 | Path: CPU-Statevector MPI-distributed (1 ranks)
Iter 0509 | Energy: -17.521982 | Delta: 8.68e-03 | M: 16681.1589 | Path: CPU-Statevector MPI-distributed (1 ranks)
Iter 0510 | Energy: -17.518291 | Delta: 3.69e-03 | M: 17822.0691 | Path: CPU-Statevector MPI-distributed (1 ranks)
[RESILIENCE] Iteration 510: Global theta state checkpointed at path checkpoints/BeH2/checkpoint_iter_0510.npy. 
Iter 0511 | Energy: -17.523859 | Delta: 5.57e-03 | M: 18117.7813 | Path: CPU-Statevector MPI-distributed (1 ranks)
Iter 0512 | Energy: -17.526161 | Delta: 2.30e-03 | M: 13952.8761 | Path: CPU-Statevector MPI-distributed (1 ranks)
Iter 0513 | Energy: -17.535875 | Delta: 9.71e-03 | M: 17595.2631 | Path: CPU-Statevector MPI-distributed (1 ranks)
Iter 0514 | Energy: -17.544123 | Delta: 8.25e-03 | M: 17156.7007 | Path: CPU-Statevector MPI-distributed (1 ranks)
Iter 0515 | Energy: -17.544891 | Delta: 7.68e-04 | M: 16934.0732 | Path: CPU-Statevector MPI-distributed (1 ranks)
[RESILIENCE] Iteration 515: Global theta state checkpointed at path checkpoints/BeH2/checkpoint_iter_0515.npy. 
Iter 0516 | Energy: -17.537486 | Delta: 7.40e-03 | M: 17631.9269 | Path: CPU-Statevector MPI-distributed (1 ranks)
Iter 0517 | Energy: -17.550829 | Delta: 1.33e-02 | M: 16448.3484 | Path: CPU-Statevector MPI-distributed (1 ranks)
Iter 0518 | Energy: -17.543399 | Delta: 7.43e-03 | M: 17266.3336 | Path: CPU-Statevector MPI-distributed (1 ranks)
Iter 0519 | Energy: -17.551713 | Delta: 8.31e-03 | M: 17374.2640 | Path: CPU-Statevector MPI-distributed (1 ranks)
Iter 0520 | Energy: -17.541101 | Delta: 1.06e-02 | M: 16775.9262 | Path: CPU-Statevector MPI-distributed (1 ranks)
[RESILIENCE] Iteration 520: Global theta state checkpointed at path checkpoints/BeH2/checkpoint_iter_0520.npy. 
Iter 0521 | Energy: -17.563621 | Delta: 2.25e-02 | M: 18205.6682 | Path: CPU-Statevector MPI-distributed (1 ranks)
Iter 0522 | Energy: -17.559029 | Delta: 4.59e-03 | M: 18021.7739 | Path: CPU-Statevector MPI-distributed (1 ranks)
Iter 0523 | Energy: -17.561017 | Delta: 1.99e-03 | M: 17723.6203 | Path: CPU-Statevector MPI-distributed (1 ranks)
Iter 0524 | Energy: -17.568907 | Delta: 7.89e-03 | M: 18155.5117 | Path: CPU-Statevector MPI-distributed (1 ranks)
Iter 0525 | Energy: -17.570238 | Delta: 1.33e-03 | M: 17381.8629 | Path: CPU-Statevector MPI-distributed (1 ranks)
[RESILIENCE] Iteration 525: Global theta state checkpointed at path checkpoints/BeH2/checkpoint_iter_0525.npy. 
Iter 0526 | Energy: -17.546867 | Delta: 2.34e-02 | M: 17410.8104 | Path: CPU-Statevector MPI-distributed (1 ranks)
Iter 0527 | Energy: -17.566875 | Delta: 2.00e-02 | M: 17250.0718 | Path: CPU-Statevector MPI-distributed (1 ranks)
Iter 0528 | Energy: -17.579576 | Delta: 1.27e-02 | M: 16999.2863 | Path: CPU-Statevector MPI-distributed (1 ranks)
Iter 0529 | Energy: -17.582774 | Delta: 3.20e-03 | M: 17092.8849 | Path: CPU-Statevector MPI-distributed (1 ranks)
Iter 0530 | Energy: -17.571168 | Delta: 1.16e-02 | M: 17455.2862 | Path: CPU-Statevector MPI-distributed (1 ranks)
[RESILIENCE] Iteration 530: Global theta state checkpointed at path checkpoints/BeH2/checkpoint_iter_0530.npy. 
Iter 0531 | Energy: -17.578017 | Delta: 6.85e-03 | M: 17210.4649 | Path: CPU-Statevector MPI-distributed (1 ranks)
Iter 0532 | Energy: -17.566667 | Delta: 1.13e-02 | M: 17686.1567 | Path: CPU-Statevector MPI-distributed (1 ranks)
Iter 0533 | Energy: -17.591253 | Delta: 2.46e-02 | M: 17868.9715 | Path: CPU-Statevector MPI-distributed (1 ranks)
Iter 0534 | Energy: -17.591193 | Delta: 6.04e-05 | M: 18043.9686 | Path: CPU-Statevector MPI-distributed (1 ranks)
Iter 0535 | Energy: -17.604249 | Delta: 1.31e-02 | M: 17215.1864 | Path: CPU-Statevector MPI-distributed (1 ranks)
[RESILIENCE] Iteration 535: Global theta state checkpointed at path checkpoints/BeH2/checkpoint_iter_0535.npy. 
Iter 0536 | Energy: -17.597634 | Delta: 6.61e-03 | M: 17740.1441 | Path: CPU-Statevector MPI-distributed (1 ranks)
Iter 0537 | Energy: -17.596348 | Delta: 1.29e-03 | M: 17051.7642 | Path: CPU-Statevector MPI-distributed (1 ranks)
Iter 0538 | Energy: -17.603305 | Delta: 6.96e-03 | M: 17495.7041 | Path: CPU-Statevector MPI-distributed (1 ranks)
Iter 0539 | Energy: -17.609097 | Delta: 5.79e-03 | M: 16618.3935 | Path: CPU-Statevector MPI-distributed (1 ranks)
Iter 0540 | Energy: -17.606729 | Delta: 2.37e-03 | M: 16897.1652 | Path: CPU-Statevector MPI-distributed (1 ranks)
[RESILIENCE] Iteration 540: Global theta state checkpointed at path checkpoints/BeH2/checkpoint_iter_0540.npy. 
Iter 0541 | Energy: -17.597835 | Delta: 8.89e-03 | M: 17773.3703 | Path: CPU-Statevector MPI-distributed (1 ranks)
Iter 0542 | Energy: -17.604248 | Delta: 6.41e-03 | M: 17882.6256 | Path: CPU-Statevector MPI-distributed (1 ranks)
Iter 0543 | Energy: -17.606965 | Delta: 2.72e-03 | M: 17138.3130 | Path: CPU-Statevector MPI-distributed (1 ranks)
Iter 0544 | Energy: -17.601369 | Delta: 5.60e-03 | M: 17298.3642 | Path: CPU-Statevector MPI-distributed (1 ranks)
Iter 0545 | Energy: -17.611198 | Delta: 9.83e-03 | M: 17685.7581 | Path: CPU-Statevector MPI-distributed (1 ranks)
[RESILIENCE] Iteration 545: Global theta state checkpointed at path checkpoints/BeH2/checkpoint_iter_0545.npy. 
Iter 0546 | Energy: -17.608592 | Delta: 2.61e-03 | M: 17763.3976 | Path: CPU-Statevector MPI-distributed (1 ranks)
Iter 0547 | Energy: -17.611431 | Delta: 2.84e-03 | M: 16543.7143 | Path: CPU-Statevector MPI-distributed (1 ranks)
Iter 0548 | Energy: -17.603174 | Delta: 8.26e-03 | M: 17600.0963 | Path: CPU-Statevector MPI-distributed (1 ranks)
Iter 0549 | Energy: -17.603075 | Delta: 9.89e-05 | M: 17666.6011 | Path: CPU-Statevector MPI-distributed (1 ranks)
Iter 0550 | Energy: -17.616303 | Delta: 1.32e-02 | M: 15933.8521 | Path: CPU-Statevector MPI-distributed (1 ranks)
[RESILIENCE] Iteration 550: Global theta state checkpointed at path checkpoints/BeH2/checkpoint_iter_0550.npy. 
Iter 0551 | Energy: -17.618985 | Delta: 2.68e-03 | M: 17907.2432 | Path: CPU-Statevector MPI-distributed (1 ranks)
Iter 0552 | Energy: -17.620235 | Delta: 1.25e-03 | M: 17461.3357 | Path: CPU-Statevector MPI-distributed (1 ranks)
Iter 0553 | Energy: -17.621474 | Delta: 1.24e-03 | M: 16369.9619 | Path: CPU-Statevector MPI-distributed (1 ranks)
Iter 0554 | Energy: -17.620820 | Delta: 6.54e-04 | M: 17476.8425 | Path: CPU-Statevector MPI-distributed (1 ranks)
Iter 0555 | Energy: -17.626772 | Delta: 5.95e-03 | M: 17859.7872 | Path: CPU-Statevector MPI-distributed (1 ranks)
[RESILIENCE] Iteration 555: Global theta state checkpointed at path checkpoints/BeH2/checkpoint_iter_0555.npy. 
Iter 0556 | Energy: -17.618353 | Delta: 8.42e-03 | M: 17230.9437 | Path: CPU-Statevector MPI-distributed (1 ranks)
Iter 0557 | Energy: -17.630483 | Delta: 1.21e-02 | M: 18082.2332 | Path: CPU-Statevector MPI-distributed (1 ranks)
Iter 0558 | Energy: -17.618253 | Delta: 1.22e-02 | M: 18099.6909 | Path: CPU-Statevector MPI-distributed (1 ranks)
Iter 0559 | Energy: -17.631093 | Delta: 1.28e-02 | M: 16784.7262 | Path: CPU-Statevector MPI-distributed (1 ranks)
Iter 0560 | Energy: -17.635589 | Delta: 4.50e-03 | M: 18024.0459 | Path: CPU-Statevector MPI-distributed (1 ranks)
[RESILIENCE] Iteration 560: Global theta state checkpointed at path checkpoints/BeH2/checkpoint_iter_0560.npy. 
Iter 0561 | Energy: -17.632895 | Delta: 2.69e-03 | M: 17757.1857 | Path: CPU-Statevector MPI-distributed (1 ranks)
Iter 0562 | Energy: -17.645609 | Delta: 1.27e-02 | M: 15762.8475 | Path: CPU-Statevector MPI-distributed (1 ranks)
Iter 0563 | Energy: -17.655996 | Delta: 1.04e-02 | M: 17698.6864 | Path: CPU-Statevector MPI-distributed (1 ranks)
Iter 0564 | Energy: -17.641647 | Delta: 1.43e-02 | M: 17509.7780 | Path: CPU-Statevector MPI-distributed (1 ranks)
Iter 0565 | Energy: -17.635816 | Delta: 5.83e-03 | M: 16717.9920 | Path: CPU-Statevector MPI-distributed (1 ranks)
[RESILIENCE] Iteration 565: Global theta state checkpointed at path checkpoints/BeH2/checkpoint_iter_0565.npy. 
Iter 0566 | Energy: -17.657821 | Delta: 2.20e-02 | M: 17333.1465 | Path: CPU-Statevector MPI-distributed (1 ranks)
Iter 0567 | Energy: -17.651424 | Delta: 6.40e-03 | M: 17603.5753 | Path: CPU-Statevector MPI-distributed (1 ranks)
Iter 0568 | Energy: -17.646434 | Delta: 4.99e-03 | M: 17744.8052 | Path: CPU-Statevector MPI-distributed (1 ranks)
Iter 0569 | Energy: -17.656324 | Delta: 9.89e-03 | M: 17970.3515 | Path: CPU-Statevector MPI-distributed (1 ranks)
Iter 0570 | Energy: -17.662575 | Delta: 6.25e-03 | M: 16588.8913 | Path: CPU-Statevector MPI-distributed (1 ranks)
[RESILIENCE] Iteration 570: Global theta state checkpointed at path checkpoints/BeH2/checkpoint_iter_0570.npy. 
Iter 0571 | Energy: -17.663369 | Delta: 7.94e-04 | M: 17663.9725 | Path: CPU-Statevector MPI-distributed (1 ranks)
Iter 0572 | Energy: -17.657177 | Delta: 6.19e-03 | M: 17812.7315 | Path: CPU-Statevector MPI-distributed (1 ranks)
Iter 0573 | Energy: -17.658080 | Delta: 9.02e-04 | M: 16926.2139 | Path: CPU-Statevector MPI-distributed (1 ranks)
Iter 0574 | Energy: -17.658812 | Delta: 7.33e-04 | M: 17420.1332 | Path: CPU-Statevector MPI-distributed (1 ranks)
Iter 0575 | Energy: -17.660633 | Delta: 1.82e-03 | M: 17923.5713 | Path: CPU-Statevector MPI-distributed (1 ranks)
[RESILIENCE] Iteration 575: Global theta state checkpointed at path checkpoints/BeH2/checkpoint_iter_0575.npy. 
Iter 0576 | Energy: -17.662374 | Delta: 1.74e-03 | M: 16895.4145 | Path: CPU-Statevector MPI-distributed (1 ranks)
Iter 0577 | Energy: -17.657226 | Delta: 5.15e-03 | M: 18225.6597 | Path: CPU-Statevector MPI-distributed (1 ranks)
Iter 0578 | Energy: -17.663295 | Delta: 6.07e-03 | M: 16735.3745 | Path: CPU-Statevector MPI-distributed (1 ranks)
Iter 0579 | Energy: -17.668710 | Delta: 5.41e-03 | M: 17352.9296 | Path: CPU-Statevector MPI-distributed (1 ranks)
Iter 0580 | Energy: -17.667142 | Delta: 1.57e-03 | M: 17827.5899 | Path: CPU-Statevector MPI-distributed (1 ranks)
[RESILIENCE] Iteration 580: Global theta state checkpointed at path checkpoints/BeH2/checkpoint_iter_0580.npy. 
Iter 0581 | Energy: -17.675557 | Delta: 8.42e-03 | M: 17491.8398 | Path: CPU-Statevector MPI-distributed (1 ranks)
Iter 0582 | Energy: -17.664779 | Delta: 1.08e-02 | M: 16430.7963 | Path: CPU-Statevector MPI-distributed (1 ranks)
Iter 0583 | Energy: -17.679387 | Delta: 1.46e-02 | M: 17469.9672 | Path: CPU-Statevector MPI-distributed (1 ranks)
Iter 0584 | Energy: -17.676447 | Delta: 2.94e-03 | M: 17458.9239 | Path: CPU-Statevector MPI-distributed (1 ranks)
Iter 0585 | Energy: -17.664142 | Delta: 1.23e-02 | M: 17894.7847 | Path: CPU-Statevector MPI-distributed (1 ranks)
[RESILIENCE] Iteration 585: Global theta state checkpointed at path checkpoints/BeH2/checkpoint_iter_0585.npy. 
Iter 0586 | Energy: -17.666291 | Delta: 2.15e-03 | M: 17635.5701 | Path: CPU-Statevector MPI-distributed (1 ranks)
Iter 0587 | Energy: -17.678615 | Delta: 1.23e-02 | M: 17215.7908 | Path: CPU-Statevector MPI-distributed (1 ranks)
Iter 0588 | Energy: -17.674352 | Delta: 4.26e-03 | M: 16969.2400 | Path: CPU-Statevector MPI-distributed (1 ranks)
Iter 0589 | Energy: -17.681359 | Delta: 7.01e-03 | M: 17483.2414 | Path: CPU-Statevector MPI-distributed (1 ranks)
Iter 0590 | Energy: -17.683368 | Delta: 2.01e-03 | M: 15891.1749 | Path: CPU-Statevector MPI-distributed (1 ranks)
[RESILIENCE] Iteration 590: Global theta state checkpointed at path checkpoints/BeH2/checkpoint_iter_0590.npy. 
Iter 0591 | Energy: -17.690269 | Delta: 6.90e-03 | M: 16993.4090 | Path: CPU-Statevector MPI-distributed (1 ranks)
Iter 0592 | Energy: -17.689250 | Delta: 1.02e-03 | M: 15875.8199 | Path: CPU-Statevector MPI-distributed (1 ranks)
Iter 0593 | Energy: -17.667640 | Delta: 2.16e-02 | M: 17840.5116 | Path: CPU-Statevector MPI-distributed (1 ranks)
Iter 0594 | Energy: -17.695365 | Delta: 2.77e-02 | M: 10517.8518 | Path: CPU-Statevector MPI-distributed (1 ranks)
Iter 0595 | Energy: -17.692762 | Delta: 2.60e-03 | M: 17810.0486 | Path: CPU-Statevector MPI-distributed (1 ranks)
[RESILIENCE] Iteration 595: Global theta state checkpointed at path checkpoints/BeH2/checkpoint_iter_0595.npy. 
Iter 0596 | Energy: -17.689635 | Delta: 3.13e-03 | M: 17882.1397 | Path: CPU-Statevector MPI-distributed (1 ranks)
Iter 0597 | Energy: -17.684299 | Delta: 5.34e-03 | M: 17501.2932 | Path: CPU-Statevector MPI-distributed (1 ranks)
Iter 0598 | Energy: -17.702333 | Delta: 1.80e-02 | M: 17626.7193 | Path: CPU-Statevector MPI-distributed (1 ranks)
Iter 0599 | Energy: -17.694878 | Delta: 7.45e-03 | M: 17256.6037 | Path: CPU-Statevector MPI-distributed (1 ranks)
Iter 0600 | Energy: -17.696006 | Delta: 1.13e-03 | M: 17290.2666 | Path: CPU-Statevector MPI-distributed (1 ranks)
[RESILIENCE] Iteration 600: Global theta state checkpointed at path checkpoints/BeH2/checkpoint_iter_0600.npy. 
Iter 0601 | Energy: -17.682923 | Delta: 1.31e-02 | M: 15808.8409 | Path: CPU-Statevector MPI-distributed (1 ranks)
Iter 0602 | Energy: -17.689077 | Delta: 6.15e-03 | M: 16822.7759 | Path: CPU-Statevector MPI-distributed (1 ranks)
Iter 0603 | Energy: -17.694351 | Delta: 5.27e-03 | M: 16616.9784 | Path: CPU-Statevector MPI-distributed (1 ranks)
Iter 0604 | Energy: -17.704958 | Delta: 1.06e-02 | M: 16763.9763 | Path: CPU-Statevector MPI-distributed (1 ranks)
Iter 0605 | Energy: -17.704739 | Delta: 2.19e-04 | M: 17629.3988 | Path: CPU-Statevector MPI-distributed (1 ranks)
[RESILIENCE] Iteration 605: Global theta state checkpointed at path checkpoints/BeH2/checkpoint_iter_0605.npy. 
Iter 0606 | Energy: -17.689227 | Delta: 1.55e-02 | M: 18229.2530 | Path: CPU-Statevector MPI-distributed (1 ranks)
Iter 0607 | Energy: -17.698027 | Delta: 8.80e-03 | M: 18348.8980 | Path: CPU-Statevector MPI-distributed (1 ranks)
Iter 0608 | Energy: -17.701924 | Delta: 3.90e-03 | M: 17343.6886 | Path: CPU-Statevector MPI-distributed (1 ranks)
Iter 0609 | Energy: -17.701883 | Delta: 4.19e-05 | M: 17458.6843 | Path: CPU-Statevector MPI-distributed (1 ranks)
Iter 0610 | Energy: -17.704650 | Delta: 2.77e-03 | M: 17258.8684 | Path: CPU-Statevector MPI-distributed (1 ranks)
[RESILIENCE] Iteration 610: Global theta state checkpointed at path checkpoints/BeH2/checkpoint_iter_0610.npy. 
Iter 0611 | Energy: -17.703831 | Delta: 8.19e-04 | M: 17022.8523 | Path: CPU-Statevector MPI-distributed (1 ranks)
Iter 0612 | Energy: -17.707804 | Delta: 3.97e-03 | M: 16897.3859 | Path: CPU-Statevector MPI-distributed (1 ranks)
Iter 0613 | Energy: -17.700261 | Delta: 7.54e-03 | M: 17163.1836 | Path: CPU-Statevector MPI-distributed (1 ranks)
Iter 0614 | Energy: -17.711098 | Delta: 1.08e-02 | M: 17595.1938 | Path: CPU-Statevector MPI-distributed (1 ranks)
Iter 0615 | Energy: -17.717573 | Delta: 6.47e-03 | M: 17398.1383 | Path: CPU-Statevector MPI-distributed (1 ranks)
[RESILIENCE] Iteration 615: Global theta state checkpointed at path checkpoints/BeH2/checkpoint_iter_0615.npy. 
Iter 0616 | Energy: -17.709388 | Delta: 8.18e-03 | M: 17609.8825 | Path: CPU-Statevector MPI-distributed (1 ranks)
Iter 0617 | Energy: -17.705974 | Delta: 3.41e-03 | M: 17955.1629 | Path: CPU-Statevector MPI-distributed (1 ranks)
Iter 0618 | Energy: -17.703501 | Delta: 2.47e-03 | M: 18298.5201 | Path: CPU-Statevector MPI-distributed (1 ranks)
Iter 0619 | Energy: -17.708855 | Delta: 5.35e-03 | M: 18282.6841 | Path: CPU-Statevector MPI-distributed (1 ranks)
Iter 0620 | Energy: -17.719507 | Delta: 1.07e-02 | M: 16472.1845 | Path: CPU-Statevector MPI-distributed (1 ranks)
[RESILIENCE] Iteration 620: Global theta state checkpointed at path checkpoints/BeH2/checkpoint_iter_0620.npy. 
Iter 0621 | Energy: -17.708437 | Delta: 1.11e-02 | M: 17571.3149 | Path: CPU-Statevector MPI-distributed (1 ranks)
Iter 0622 | Energy: -17.721373 | Delta: 1.29e-02 | M: 17612.7804 | Path: CPU-Statevector MPI-distributed (1 ranks)
Iter 0623 | Energy: -17.717349 | Delta: 4.02e-03 | M: 15448.4932 | Path: CPU-Statevector MPI-distributed (1 ranks)
Iter 0624 | Energy: -17.719159 | Delta: 1.81e-03 | M: 16243.1611 | Path: CPU-Statevector MPI-distributed (1 ranks)
Iter 0625 | Energy: -17.726720 | Delta: 7.56e-03 | M: 17704.8286 | Path: CPU-Statevector MPI-distributed (1 ranks)
[RESILIENCE] Iteration 625: Global theta state checkpointed at path checkpoints/BeH2/checkpoint_iter_0625.npy. 
Iter 0626 | Energy: -17.732049 | Delta: 5.33e-03 | M: 16654.1650 | Path: CPU-Statevector MPI-distributed (1 ranks)
Iter 0627 | Energy: -17.738244 | Delta: 6.19e-03 | M: 16335.8071 | Path: CPU-Statevector MPI-distributed (1 ranks)
Iter 0628 | Energy: -17.732673 | Delta: 5.57e-03 | M: 16274.6276 | Path: CPU-Statevector MPI-distributed (1 ranks)
Iter 0629 | Energy: -17.728952 | Delta: 3.72e-03 | M: 17540.8893 | Path: CPU-Statevector MPI-distributed (1 ranks)
Iter 0630 | Energy: -17.734992 | Delta: 6.04e-03 | M: 17776.8581 | Path: CPU-Statevector MPI-distributed (1 ranks)
[RESILIENCE] Iteration 630: Global theta state checkpointed at path checkpoints/BeH2/checkpoint_iter_0630.npy. 
Iter 0631 | Energy: -17.736672 | Delta: 1.68e-03 | M: 17867.7692 | Path: CPU-Statevector MPI-distributed (1 ranks)
Iter 0632 | Energy: -17.729391 | Delta: 7.28e-03 | M: 14320.1275 | Path: CPU-Statevector MPI-distributed (1 ranks)
Iter 0633 | Energy: -17.736057 | Delta: 6.67e-03 | M: 17002.5167 | Path: CPU-Statevector MPI-distributed (1 ranks)
Iter 0634 | Energy: -17.732245 | Delta: 3.81e-03 | M: 16887.9221 | Path: CPU-Statevector MPI-distributed (1 ranks)
Iter 0635 | Energy: -17.734859 | Delta: 2.61e-03 | M: 16112.3438 | Path: CPU-Statevector MPI-distributed (1 ranks)
[RESILIENCE] Iteration 635: Global theta state checkpointed at path checkpoints/BeH2/checkpoint_iter_0635.npy. 
Iter 0636 | Energy: -17.736248 | Delta: 1.39e-03 | M: 17730.8033 | Path: CPU-Statevector MPI-distributed (1 ranks)
Iter 0637 | Energy: -17.741449 | Delta: 5.20e-03 | M: 17322.6822 | Path: CPU-Statevector MPI-distributed (1 ranks)
Iter 0638 | Energy: -17.736602 | Delta: 4.85e-03 | M: 17512.0585 | Path: CPU-Statevector MPI-distributed (1 ranks)
Iter 0639 | Energy: -17.739532 | Delta: 2.93e-03 | M: 17268.6470 | Path: CPU-Statevector MPI-distributed (1 ranks)
Iter 0640 | Energy: -17.738538 | Delta: 9.94e-04 | M: 17738.7388 | Path: CPU-Statevector MPI-distributed (1 ranks)
[RESILIENCE] Iteration 640: Global theta state checkpointed at path checkpoints/BeH2/checkpoint_iter_0640.npy. 
Iter 0641 | Energy: -17.750764 | Delta: 1.22e-02 | M: 18021.5930 | Path: CPU-Statevector MPI-distributed (1 ranks)
Iter 0642 | Energy: -17.745549 | Delta: 5.21e-03 | M: 18040.6634 | Path: CPU-Statevector MPI-distributed (1 ranks)
Iter 0643 | Energy: -17.747739 | Delta: 2.19e-03 | M: 16041.6431 | Path: CPU-Statevector MPI-distributed (1 ranks)
Iter 0644 | Energy: -17.745802 | Delta: 1.94e-03 | M: 18233.9742 | Path: CPU-Statevector MPI-distributed (1 ranks)
Iter 0645 | Energy: -17.744086 | Delta: 1.72e-03 | M: 17314.3756 | Path: CPU-Statevector MPI-distributed (1 ranks)
[RESILIENCE] Iteration 645: Global theta state checkpointed at path checkpoints/BeH2/checkpoint_iter_0645.npy. 
Iter 0646 | Energy: -17.744313 | Delta: 2.27e-04 | M: 16817.8177 | Path: CPU-Statevector MPI-distributed (1 ranks)
Iter 0647 | Energy: -17.752655 | Delta: 8.34e-03 | M: 18247.2645 | Path: CPU-Statevector MPI-distributed (1 ranks)
Iter 0648 | Energy: -17.757646 | Delta: 4.99e-03 | M: 16858.6356 | Path: CPU-Statevector MPI-distributed (1 ranks)
Iter 0649 | Energy: -17.753233 | Delta: 4.41e-03 | M: 16852.2907 | Path: CPU-Statevector MPI-distributed (1 ranks)
Iter 0650 | Energy: -17.750791 | Delta: 2.44e-03 | M: 17523.4835 | Path: CPU-Statevector MPI-distributed (1 ranks)
[RESILIENCE] Iteration 650: Global theta state checkpointed at path checkpoints/BeH2/checkpoint_iter_0650.npy. 
Iter 0651 | Energy: -17.753854 | Delta: 3.06e-03 | M: 17761.2147 | Path: CPU-Statevector MPI-distributed (1 ranks)
Iter 0652 | Energy: -17.761792 | Delta: 7.94e-03 | M: 17989.0753 | Path: CPU-Statevector MPI-distributed (1 ranks)
Iter 0653 | Energy: -17.740135 | Delta: 2.17e-02 | M: 17417.0404 | Path: CPU-Statevector MPI-distributed (1 ranks)
Iter 0654 | Energy: -17.761382 | Delta: 2.12e-02 | M: 17863.9231 | Path: CPU-Statevector MPI-distributed (1 ranks)
Iter 0655 | Energy: -17.754487 | Delta: 6.90e-03 | M: 16290.7904 | Path: CPU-Statevector MPI-distributed (1 ranks)
[RESILIENCE] Iteration 655: Global theta state checkpointed at path checkpoints/BeH2/checkpoint_iter_0655.npy. 
Iter 0656 | Energy: -17.763198 | Delta: 8.71e-03 | M: 18097.6642 | Path: CPU-Statevector MPI-distributed (1 ranks)
Iter 0657 | Energy: -17.761815 | Delta: 1.38e-03 | M: 17273.5391 | Path: CPU-Statevector MPI-distributed (1 ranks)
Iter 0658 | Energy: -17.764598 | Delta: 2.78e-03 | M: 17658.0450 | Path: CPU-Statevector MPI-distributed (1 ranks)
Iter 0659 | Energy: -17.763758 | Delta: 8.40e-04 | M: 17784.0152 | Path: CPU-Statevector MPI-distributed (1 ranks)
Iter 0660 | Energy: -17.762883 | Delta: 8.75e-04 | M: 16780.5676 | Path: CPU-Statevector MPI-distributed (1 ranks)
[RESILIENCE] Iteration 660: Global theta state checkpointed at path checkpoints/BeH2/checkpoint_iter_0660.npy. 
Iter 0661 | Energy: -17.767680 | Delta: 4.80e-03 | M: 17295.6990 | Path: CPU-Statevector MPI-distributed (1 ranks)
Iter 0662 | Energy: -17.766555 | Delta: 1.13e-03 | M: 17686.3671 | Path: CPU-Statevector MPI-distributed (1 ranks)
Iter 0663 | Energy: -17.769534 | Delta: 2.98e-03 | M: 17829.9743 | Path: CPU-Statevector MPI-distributed (1 ranks)
Iter 0664 | Energy: -17.762606 | Delta: 6.93e-03 | M: 17990.8587 | Path: CPU-Statevector MPI-distributed (1 ranks)
Iter 0665 | Energy: -17.772121 | Delta: 9.51e-03 | M: 17284.0322 | Path: CPU-Statevector MPI-distributed (1 ranks)
[RESILIENCE] Iteration 665: Global theta state checkpointed at path checkpoints/BeH2/checkpoint_iter_0665.npy. 
Iter 0666 | Energy: -17.767377 | Delta: 4.74e-03 | M: 17249.6170 | Path: CPU-Statevector MPI-distributed (1 ranks)
Iter 0667 | Energy: -17.768111 | Delta: 7.34e-04 | M: 17269.4803 | Path: CPU-Statevector MPI-distributed (1 ranks)
Iter 0668 | Energy: -17.765017 | Delta: 3.09e-03 | M: 17812.3661 | Path: CPU-Statevector MPI-distributed (1 ranks)
Iter 0669 | Energy: -17.779875 | Delta: 1.49e-02 | M: 18421.9871 | Path: CPU-Statevector MPI-distributed (1 ranks)
Iter 0670 | Energy: -17.777903 | Delta: 1.97e-03 | M: 16855.8263 | Path: CPU-Statevector MPI-distributed (1 ranks)
[RESILIENCE] Iteration 670: Global theta state checkpointed at path checkpoints/BeH2/checkpoint_iter_0670.npy. 
Iter 0671 | Energy: -17.775660 | Delta: 2.24e-03 | M: 17835.6356 | Path: CPU-Statevector MPI-distributed (1 ranks)
Iter 0672 | Energy: -17.783454 | Delta: 7.79e-03 | M: 17958.6339 | Path: CPU-Statevector MPI-distributed (1 ranks)
Iter 0673 | Energy: -17.778045 | Delta: 5.41e-03 | M: 16889.8051 | Path: CPU-Statevector MPI-distributed (1 ranks)
Iter 0674 | Energy: -17.775225 | Delta: 2.82e-03 | M: 17468.1785 | Path: CPU-Statevector MPI-distributed (1 ranks)
Iter 0675 | Energy: -17.774096 | Delta: 1.13e-03 | M: 17732.2325 | Path: CPU-Statevector MPI-distributed (1 ranks)
[RESILIENCE] Iteration 675: Global theta state checkpointed at path checkpoints/BeH2/checkpoint_iter_0675.npy. 
Iter 0676 | Energy: -17.772431 | Delta: 1.67e-03 | M: 17930.0195 | Path: CPU-Statevector MPI-distributed (1 ranks)
Iter 0677 | Energy: -17.790115 | Delta: 1.77e-02 | M: 15521.7832 | Path: CPU-Statevector MPI-distributed (1 ranks)
Iter 0678 | Energy: -17.767013 | Delta: 2.31e-02 | M: 17022.7433 | Path: CPU-Statevector MPI-distributed (1 ranks)
Iter 0679 | Energy: -17.777221 | Delta: 1.02e-02 | M: 17939.5114 | Path: CPU-Statevector MPI-distributed (1 ranks)
Iter 0680 | Energy: -17.780745 | Delta: 3.52e-03 | M: 17521.8933 | Path: CPU-Statevector MPI-distributed (1 ranks)
[RESILIENCE] Iteration 680: Global theta state checkpointed at path checkpoints/BeH2/checkpoint_iter_0680.npy. 
Iter 0681 | Energy: -17.788507 | Delta: 7.76e-03 | M: 17440.8717 | Path: CPU-Statevector MPI-distributed (1 ranks)
Iter 0682 | Energy: -17.772525 | Delta: 1.60e-02 | M: 17471.5679 | Path: CPU-Statevector MPI-distributed (1 ranks)
Iter 0683 | Energy: -17.792507 | Delta: 2.00e-02 | M: 17578.1821 | Path: CPU-Statevector MPI-distributed (1 ranks)
Iter 0684 | Energy: -17.791917 | Delta: 5.91e-04 | M: 18088.3749 | Path: CPU-Statevector MPI-distributed (1 ranks)
Iter 0685 | Energy: -17.784166 | Delta: 7.75e-03 | M: 16419.6600 | Path: CPU-Statevector MPI-distributed (1 ranks)
[RESILIENCE] Iteration 685: Global theta state checkpointed at path checkpoints/BeH2/checkpoint_iter_0685.npy. 
Iter 0686 | Energy: -17.791277 | Delta: 7.11e-03 | M: 17680.3904 | Path: CPU-Statevector MPI-distributed (1 ranks)
Iter 0687 | Energy: -17.793641 | Delta: 2.36e-03 | M: 15295.6653 | Path: CPU-Statevector MPI-distributed (1 ranks)
Iter 0688 | Energy: -17.799285 | Delta: 5.64e-03 | M: 17698.9498 | Path: CPU-Statevector MPI-distributed (1 ranks)
Iter 0689 | Energy: -17.798472 | Delta: 8.13e-04 | M: 17798.5096 | Path: CPU-Statevector MPI-distributed (1 ranks)
Iter 0690 | Energy: -17.806395 | Delta: 7.92e-03 | M: 17772.6959 | Path: CPU-Statevector MPI-distributed (1 ranks)
[RESILIENCE] Iteration 690: Global theta state checkpointed at path checkpoints/BeH2/checkpoint_iter_0690.npy. 
Iter 0691 | Energy: -17.802390 | Delta: 4.00e-03 | M: 17613.2711 | Path: CPU-Statevector MPI-distributed (1 ranks)
Iter 0692 | Energy: -17.796820 | Delta: 5.57e-03 | M: 17987.6607 | Path: CPU-Statevector MPI-distributed (1 ranks)
Iter 0693 | Energy: -17.793661 | Delta: 3.16e-03 | M: 17524.7635 | Path: CPU-Statevector MPI-distributed (1 ranks)
Iter 0694 | Energy: -17.805662 | Delta: 1.20e-02 | M: 17827.5701 | Path: CPU-Statevector MPI-distributed (1 ranks)
Iter 0695 | Energy: -17.800451 | Delta: 5.21e-03 | M: 18307.0909 | Path: CPU-Statevector MPI-distributed (1 ranks)
[RESILIENCE] Iteration 695: Global theta state checkpointed at path checkpoints/BeH2/checkpoint_iter_0695.npy. 
Iter 0696 | Energy: -17.813668 | Delta: 1.32e-02 | M: 16067.9604 | Path: CPU-Statevector MPI-distributed (1 ranks)
Iter 0697 | Energy: -17.800056 | Delta: 1.36e-02 | M: 17692.7390 | Path: CPU-Statevector MPI-distributed (1 ranks)
Iter 0698 | Energy: -17.797993 | Delta: 2.06e-03 | M: 17871.8264 | Path: CPU-Statevector MPI-distributed (1 ranks)
Iter 0699 | Energy: -17.811103 | Delta: 1.31e-02 | M: 15447.9746 | Path: CPU-Statevector MPI-distributed (1 ranks)
Iter 0700 | Energy: -17.812230 | Delta: 1.13e-03 | M: 17845.0956 | Path: CPU-Statevector MPI-distributed (1 ranks)
[RESILIENCE] Iteration 700: Global theta state checkpointed at path checkpoints/BeH2/checkpoint_iter_0700.npy. 
Iter 0701 | Energy: -17.801074 | Delta: 1.12e-02 | M: 17618.7878 | Path: CPU-Statevector MPI-distributed (1 ranks)
Iter 0702 | Energy: -17.802792 | Delta: 1.72e-03 | M: 17819.6649 | Path: CPU-Statevector MPI-distributed (1 ranks)
Iter 0703 | Energy: -17.815126 | Delta: 1.23e-02 | M: 17870.5956 | Path: CPU-Statevector MPI-distributed (1 ranks)
Iter 0704 | Energy: -17.817905 | Delta: 2.78e-03 | M: 17957.6932 | Path: CPU-Statevector MPI-distributed (1 ranks)
Iter 0705 | Energy: -17.814501 | Delta: 3.40e-03 | M: 17730.1319 | Path: CPU-Statevector MPI-distributed (1 ranks)
[RESILIENCE] Iteration 705: Global theta state checkpointed at path checkpoints/BeH2/checkpoint_iter_0705.npy. 
Iter 0706 | Energy: -17.812004 | Delta: 2.50e-03 | M: 17137.9780 | Path: CPU-Statevector MPI-distributed (1 ranks)
Iter 0707 | Energy: -17.823452 | Delta: 1.14e-02 | M: 17871.6881 | Path: CPU-Statevector MPI-distributed (1 ranks)
Iter 0708 | Energy: -17.813527 | Delta: 9.92e-03 | M: 16174.5746 | Path: CPU-Statevector MPI-distributed (1 ranks)
Iter 0709 | Energy: -17.814484 | Delta: 9.57e-04 | M: 17218.9910 | Path: CPU-Statevector MPI-distributed (1 ranks)
Iter 0710 | Energy: -17.808739 | Delta: 5.75e-03 | M: 18076.8405 | Path: CPU-Statevector MPI-distributed (1 ranks)
[RESILIENCE] Iteration 710: Global theta state checkpointed at path checkpoints/BeH2/checkpoint_iter_0710.npy. 
Iter 0711 | Energy: -17.809748 | Delta: 1.01e-03 | M: 17195.4253 | Path: CPU-Statevector MPI-distributed (1 ranks)
Iter 0712 | Energy: -17.816920 | Delta: 7.17e-03 | M: 15450.2842 | Path: CPU-Statevector MPI-distributed (1 ranks)
Iter 0713 | Energy: -17.819039 | Delta: 2.12e-03 | M: 16427.0969 | Path: CPU-Statevector MPI-distributed (1 ranks)
Iter 0714 | Energy: -17.817004 | Delta: 2.04e-03 | M: 17739.8092 | Path: CPU-Statevector MPI-distributed (1 ranks)
Iter 0715 | Energy: -17.829438 | Delta: 1.24e-02 | M: 17020.6469 | Path: CPU-Statevector MPI-distributed (1 ranks)
[RESILIENCE] Iteration 715: Global theta state checkpointed at path checkpoints/BeH2/checkpoint_iter_0715.npy. 
Iter 0716 | Energy: -17.823100 | Delta: 6.34e-03 | M: 16964.5407 | Path: CPU-Statevector MPI-distributed (1 ranks)
Iter 0717 | Energy: -17.826574 | Delta: 3.47e-03 | M: 18144.1929 | Path: CPU-Statevector MPI-distributed (1 ranks)
Iter 0718 | Energy: -17.825877 | Delta: 6.96e-04 | M: 17840.6386 | Path: CPU-Statevector MPI-distributed (1 ranks)
Iter 0719 | Energy: -17.832843 | Delta: 6.97e-03 | M: 17958.0416 | Path: CPU-Statevector MPI-distributed (1 ranks)
Iter 0720 | Energy: -17.828824 | Delta: 4.02e-03 | M: 18196.9184 | Path: CPU-Statevector MPI-distributed (1 ranks)
[RESILIENCE] Iteration 720: Global theta state checkpointed at path checkpoints/BeH2/checkpoint_iter_0720.npy. 
Iter 0721 | Energy: -17.831990 | Delta: 3.17e-03 | M: 17684.3708 | Path: CPU-Statevector MPI-distributed (1 ranks)
Iter 0722 | Energy: -17.841554 | Delta: 9.56e-03 | M: 16270.6438 | Path: CPU-Statevector MPI-distributed (1 ranks)
Iter 0723 | Energy: -17.828447 | Delta: 1.31e-02 | M: 17620.0276 | Path: CPU-Statevector MPI-distributed (1 ranks)
Iter 0724 | Energy: -17.832748 | Delta: 4.30e-03 | M: 15937.3686 | Path: CPU-Statevector MPI-distributed (1 ranks)
Iter 0725 | Energy: -17.834468 | Delta: 1.72e-03 | M: 17387.8972 | Path: CPU-Statevector MPI-distributed (1 ranks)
[RESILIENCE] Iteration 725: Global theta state checkpointed at path checkpoints/BeH2/checkpoint_iter_0725.npy. 
Iter 0726 | Energy: -17.844131 | Delta: 9.66e-03 | M: 17641.8102 | Path: CPU-Statevector MPI-distributed (1 ranks)
Iter 0727 | Energy: -17.842083 | Delta: 2.05e-03 | M: 17727.1550 | Path: CPU-Statevector MPI-distributed (1 ranks)
Iter 0728 | Energy: -17.844603 | Delta: 2.52e-03 | M: 16975.8401 | Path: CPU-Statevector MPI-distributed (1 ranks)
Iter 0729 | Energy: -17.838216 | Delta: 6.39e-03 | M: 18302.8318 | Path: CPU-Statevector MPI-distributed (1 ranks)
Iter 0730 | Energy: -17.845435 | Delta: 7.22e-03 | M: 17757.5790 | Path: CPU-Statevector MPI-distributed (1 ranks)
[RESILIENCE] Iteration 730: Global theta state checkpointed at path checkpoints/BeH2/checkpoint_iter_0730.npy. 
Iter 0731 | Energy: -17.844074 | Delta: 1.36e-03 | M: 17970.5872 | Path: CPU-Statevector MPI-distributed (1 ranks)
Iter 0732 | Energy: -17.841299 | Delta: 2.78e-03 | M: 18506.4742 | Path: CPU-Statevector MPI-distributed (1 ranks)
Iter 0733 | Energy: -17.837131 | Delta: 4.17e-03 | M: 15525.1118 | Path: CPU-Statevector MPI-distributed (1 ranks)
Iter 0734 | Energy: -17.850637 | Delta: 1.35e-02 | M: 15991.2717 | Path: CPU-Statevector MPI-distributed (1 ranks)
Iter 0735 | Energy: -17.839873 | Delta: 1.08e-02 | M: 17820.6363 | Path: CPU-Statevector MPI-distributed (1 ranks)
[RESILIENCE] Iteration 735: Global theta state checkpointed at path checkpoints/BeH2/checkpoint_iter_0735.npy. 
Iter 0736 | Energy: -17.837496 | Delta: 2.38e-03 | M: 17849.0723 | Path: CPU-Statevector MPI-distributed (1 ranks)
Iter 0737 | Energy: -17.842311 | Delta: 4.82e-03 | M: 17096.9793 | Path: CPU-Statevector MPI-distributed (1 ranks)
Iter 0738 | Energy: -17.853571 | Delta: 1.13e-02 | M: 17575.4179 | Path: CPU-Statevector MPI-distributed (1 ranks)
Iter 0739 | Energy: -17.848496 | Delta: 5.08e-03 | M: 17899.6735 | Path: CPU-Statevector MPI-distributed (1 ranks)
Iter 0740 | Energy: -17.847151 | Delta: 1.35e-03 | M: 17853.9801 | Path: CPU-Statevector MPI-distributed (1 ranks)
[RESILIENCE] Iteration 740: Global theta state checkpointed at path checkpoints/BeH2/checkpoint_iter_0740.npy. 
Iter 0741 | Energy: -17.841200 | Delta: 5.95e-03 | M: 17737.3511 | Path: CPU-Statevector MPI-distributed (1 ranks)
Iter 0742 | Energy: -17.850992 | Delta: 9.79e-03 | M: 18497.3475 | Path: CPU-Statevector MPI-distributed (1 ranks)
Iter 0743 | Energy: -17.848477 | Delta: 2.51e-03 | M: 18319.1374 | Path: CPU-Statevector MPI-distributed (1 ranks)
Iter 0744 | Energy: -17.853880 | Delta: 5.40e-03 | M: 16798.6159 | Path: CPU-Statevector MPI-distributed (1 ranks)
Iter 0745 | Energy: -17.857783 | Delta: 3.90e-03 | M: 17755.8122 | Path: CPU-Statevector MPI-distributed (1 ranks)
[RESILIENCE] Iteration 745: Global theta state checkpointed at path checkpoints/BeH2/checkpoint_iter_0745.npy. 
Iter 0746 | Energy: -17.857961 | Delta: 1.79e-04 | M: 17188.7446 | Path: CPU-Statevector MPI-distributed (1 ranks)
Iter 0747 | Energy: -17.849887 | Delta: 8.07e-03 | M: 17553.5206 | Path: CPU-Statevector MPI-distributed (1 ranks)
Iter 0748 | Energy: -17.850771 | Delta: 8.84e-04 | M: 17809.6965 | Path: CPU-Statevector MPI-distributed (1 ranks)
Iter 0749 | Energy: -17.859453 | Delta: 8.68e-03 | M: 16730.7048 | Path: CPU-Statevector MPI-distributed (1 ranks)
Iter 0750 | Energy: -17.849665 | Delta: 9.79e-03 | M: 16613.0538 | Path: CPU-Statevector MPI-distributed (1 ranks)
[RESILIENCE] Iteration 750: Global theta state checkpointed at path checkpoints/BeH2/checkpoint_iter_0750.npy. 
Iter 0751 | Energy: -17.855668 | Delta: 6.00e-03 | M: 18182.5741 | Path: CPU-Statevector MPI-distributed (1 ranks)
Iter 0752 | Energy: -17.855537 | Delta: 1.31e-04 | M: 17940.3159 | Path: CPU-Statevector MPI-distributed (1 ranks)
Iter 0753 | Energy: -17.854681 | Delta: 8.56e-04 | M: 18250.5834 | Path: CPU-Statevector MPI-distributed (1 ranks)
Iter 0754 | Energy: -17.850791 | Delta: 3.89e-03 | M: 18123.2468 | Path: CPU-Statevector MPI-distributed (1 ranks)
Iter 0755 | Energy: -17.858382 | Delta: 7.59e-03 | M: 17670.1507 | Path: CPU-Statevector MPI-distributed (1 ranks)
[RESILIENCE] Iteration 755: Global theta state checkpointed at path checkpoints/BeH2/checkpoint_iter_0755.npy. 
Iter 0756 | Energy: -17.861193 | Delta: 2.81e-03 | M: 16299.3500 | Path: CPU-Statevector MPI-distributed (1 ranks)
Iter 0757 | Energy: -17.862302 | Delta: 1.11e-03 | M: 18167.6673 | Path: CPU-Statevector MPI-distributed (1 ranks)
Iter 0758 | Energy: -17.867077 | Delta: 4.77e-03 | M: 17730.4654 | Path: CPU-Statevector MPI-distributed (1 ranks)
Iter 0759 | Energy: -17.867233 | Delta: 1.56e-04 | M: 17573.3963 | Path: CPU-Statevector MPI-distributed (1 ranks)
Iter 0760 | Energy: -17.867882 | Delta: 6.50e-04 | M: 17450.8915 | Path: CPU-Statevector MPI-distributed (1 ranks)
[RESILIENCE] Iteration 760: Global theta state checkpointed at path checkpoints/BeH2/checkpoint_iter_0760.npy. 
Iter 0761 | Energy: -17.860779 | Delta: 7.10e-03 | M: 16875.8954 | Path: CPU-Statevector MPI-distributed (1 ranks)
Iter 0762 | Energy: -17.867043 | Delta: 6.26e-03 | M: 17128.7789 | Path: CPU-Statevector MPI-distributed (1 ranks)
Iter 0763 | Energy: -17.860957 | Delta: 6.09e-03 | M: 16505.2990 | Path: CPU-Statevector MPI-distributed (1 ranks)
Iter 0764 | Energy: -17.867024 | Delta: 6.07e-03 | M: 18203.8496 | Path: CPU-Statevector MPI-distributed (1 ranks)
Iter 0765 | Energy: -17.866428 | Delta: 5.96e-04 | M: 18084.5889 | Path: CPU-Statevector MPI-distributed (1 ranks)
[RESILIENCE] Iteration 765: Global theta state checkpointed at path checkpoints/BeH2/checkpoint_iter_0765.npy. 
Iter 0766 | Energy: -17.874322 | Delta: 7.89e-03 | M: 17094.0135 | Path: CPU-Statevector MPI-distributed (1 ranks)
Iter 0767 | Energy: -17.865694 | Delta: 8.63e-03 | M: 17432.0794 | Path: CPU-Statevector MPI-distributed (1 ranks)
Iter 0768 | Energy: -17.874730 | Delta: 9.04e-03 | M: 17481.7750 | Path: CPU-Statevector MPI-distributed (1 ranks)
Iter 0769 | Energy: -17.853629 | Delta: 2.11e-02 | M: 17661.5493 | Path: CPU-Statevector MPI-distributed (1 ranks)
Iter 0770 | Energy: -17.874479 | Delta: 2.09e-02 | M: 15937.8140 | Path: CPU-Statevector MPI-distributed (1 ranks)
[RESILIENCE] Iteration 770: Global theta state checkpointed at path checkpoints/BeH2/checkpoint_iter_0770.npy. 
Iter 0771 | Energy: -17.869673 | Delta: 4.81e-03 | M: 17408.3511 | Path: CPU-Statevector MPI-distributed (1 ranks)
Iter 0772 | Energy: -17.865886 | Delta: 3.79e-03 | M: 17212.3615 | Path: CPU-Statevector MPI-distributed (1 ranks)
Iter 0773 | Energy: -17.863613 | Delta: 2.27e-03 | M: 17454.5882 | Path: CPU-Statevector MPI-distributed (1 ranks)
Iter 0774 | Energy: -17.881015 | Delta: 1.74e-02 | M: 15829.2213 | Path: CPU-Statevector MPI-distributed (1 ranks)
Iter 0775 | Energy: -17.865043 | Delta: 1.60e-02 | M: 17608.4480 | Path: CPU-Statevector MPI-distributed (1 ranks)
[RESILIENCE] Iteration 775: Global theta state checkpointed at path checkpoints/BeH2/checkpoint_iter_0775.npy. 
Iter 0776 | Energy: -17.884259 | Delta: 1.92e-02 | M: 17540.3649 | Path: CPU-Statevector MPI-distributed (1 ranks)
Iter 0777 | Energy: -17.879766 | Delta: 4.49e-03 | M: 17568.5406 | Path: CPU-Statevector MPI-distributed (1 ranks)
Iter 0778 | Energy: -17.867683 | Delta: 1.21e-02 | M: 16992.0952 | Path: CPU-Statevector MPI-distributed (1 ranks)
Iter 0779 | Energy: -17.885678 | Delta: 1.80e-02 | M: 17977.4845 | Path: CPU-Statevector MPI-distributed (1 ranks)
Iter 0780 | Energy: -17.878307 | Delta: 7.37e-03 | M: 17720.4189 | Path: CPU-Statevector MPI-distributed (1 ranks)
[RESILIENCE] Iteration 780: Global theta state checkpointed at path checkpoints/BeH2/checkpoint_iter_0780.npy. 
Iter 0781 | Energy: -17.876351 | Delta: 1.96e-03 | M: 16875.7729 | Path: CPU-Statevector MPI-distributed (1 ranks)
Iter 0782 | Energy: -17.878339 | Delta: 1.99e-03 | M: 17802.2565 | Path: CPU-Statevector MPI-distributed (1 ranks)
Iter 0783 | Energy: -17.869064 | Delta: 9.27e-03 | M: 17134.9609 | Path: CPU-Statevector MPI-distributed (1 ranks)
Iter 0784 | Energy: -17.886568 | Delta: 1.75e-02 | M: 17804.4229 | Path: CPU-Statevector MPI-distributed (1 ranks)
Iter 0785 | Energy: -17.888724 | Delta: 2.16e-03 | M: 13691.1037 | Path: CPU-Statevector MPI-distributed (1 ranks)
[RESILIENCE] Iteration 785: Global theta state checkpointed at path checkpoints/BeH2/checkpoint_iter_0785.npy. 
Iter 0786 | Energy: -17.881898 | Delta: 6.83e-03 | M: 17337.0433 | Path: CPU-Statevector MPI-distributed (1 ranks)
Iter 0787 | Energy: -17.873736 | Delta: 8.16e-03 | M: 17886.8435 | Path: CPU-Statevector MPI-distributed (1 ranks)
Iter 0788 | Energy: -17.878161 | Delta: 4.43e-03 | M: 15603.8859 | Path: CPU-Statevector MPI-distributed (1 ranks)
Iter 0789 | Energy: -17.876909 | Delta: 1.25e-03 | M: 17148.2986 | Path: CPU-Statevector MPI-distributed (1 ranks)
Iter 0790 | Energy: -17.887669 | Delta: 1.08e-02 | M: 17445.7869 | Path: CPU-Statevector MPI-distributed (1 ranks)
[RESILIENCE] Iteration 790: Global theta state checkpointed at path checkpoints/BeH2/checkpoint_iter_0790.npy. 
Iter 0791 | Energy: -17.877336 | Delta: 1.03e-02 | M: 17945.0306 | Path: CPU-Statevector MPI-distributed (1 ranks)
Iter 0792 | Energy: -17.885503 | Delta: 8.17e-03 | M: 18061.1494 | Path: CPU-Statevector MPI-distributed (1 ranks)
Iter 0793 | Energy: -17.883253 | Delta: 2.25e-03 | M: 17920.5646 | Path: CPU-Statevector MPI-distributed (1 ranks)
Iter 0794 | Energy: -17.889387 | Delta: 6.13e-03 | M: 17500.9266 | Path: CPU-Statevector MPI-distributed (1 ranks)
Iter 0795 | Energy: -17.873762 | Delta: 1.56e-02 | M: 18090.7469 | Path: CPU-Statevector MPI-distributed (1 ranks)
[RESILIENCE] Iteration 795: Global theta state checkpointed at path checkpoints/BeH2/checkpoint_iter_0795.npy. 
Iter 0796 | Energy: -17.883566 | Delta: 9.80e-03 | M: 17795.9469 | Path: CPU-Statevector MPI-distributed (1 ranks)
Iter 0797 | Energy: -17.892524 | Delta: 8.96e-03 | M: 16268.0516 | Path: CPU-Statevector MPI-distributed (1 ranks)
Iter 0798 | Energy: -17.874482 | Delta: 1.80e-02 | M: 17678.5051 | Path: CPU-Statevector MPI-distributed (1 ranks)
Iter 0799 | Energy: -17.888313 | Delta: 1.38e-02 | M: 16997.2068 | Path: CPU-Statevector MPI-distributed (1 ranks)
Iter 0800 | Energy: -17.892205 | Delta: 3.89e-03 | M: 16150.7530 | Path: CPU-Statevector MPI-distributed (1 ranks)
[RESILIENCE] Iteration 800: Global theta state checkpointed at path checkpoints/BeH2/checkpoint_iter_0800.npy. 
Iter 0801 | Energy: -17.880531 | Delta: 1.17e-02 | M: 17519.0126 | Path: CPU-Statevector MPI-distributed (1 ranks)
Iter 0802 | Energy: -17.886060 | Delta: 5.53e-03 | M: 17968.7447 | Path: CPU-Statevector MPI-distributed (1 ranks)
Iter 0803 | Energy: -17.888240 | Delta: 2.18e-03 | M: 17973.1450 | Path: CPU-Statevector MPI-distributed (1 ranks)
Iter 0804 | Energy: -17.880836 | Delta: 7.40e-03 | M: 17568.7941 | Path: CPU-Statevector MPI-distributed (1 ranks)
Iter 0805 | Energy: -17.891796 | Delta: 1.10e-02 | M: 12702.5850 | Path: CPU-Statevector MPI-distributed (1 ranks)
[RESILIENCE] Iteration 805: Global theta state checkpointed at path checkpoints/BeH2/checkpoint_iter_0805.npy. 
Iter 0806 | Energy: -17.884953 | Delta: 6.84e-03 | M: 16311.4638 | Path: CPU-Statevector MPI-distributed (1 ranks)
Iter 0807 | Energy: -17.891465 | Delta: 6.51e-03 | M: 15249.0108 | Path: CPU-Statevector MPI-distributed (1 ranks)
Iter 0808 | Energy: -17.888889 | Delta: 2.58e-03 | M: 17095.3290 | Path: CPU-Statevector MPI-distributed (1 ranks)
Iter 0809 | Energy: -17.897272 | Delta: 8.38e-03 | M: 17746.0245 | Path: CPU-Statevector MPI-distributed (1 ranks)
Iter 0810 | Energy: -17.884718 | Delta: 1.26e-02 | M: 16537.1173 | Path: CPU-Statevector MPI-distributed (1 ranks)
[RESILIENCE] Iteration 810: Global theta state checkpointed at path checkpoints/BeH2/checkpoint_iter_0810.npy. 
Iter 0811 | Energy: -17.901051 | Delta: 1.63e-02 | M: 17836.5899 | Path: CPU-Statevector MPI-distributed (1 ranks)
Iter 0812 | Energy: -17.896501 | Delta: 4.55e-03 | M: 17698.8569 | Path: CPU-Statevector MPI-distributed (1 ranks)
Iter 0813 | Energy: -17.887077 | Delta: 9.42e-03 | M: 17891.4711 | Path: CPU-Statevector MPI-distributed (1 ranks)
Iter 0814 | Energy: -17.898602 | Delta: 1.15e-02 | M: 18278.1332 | Path: CPU-Statevector MPI-distributed (1 ranks)
Iter 0815 | Energy: -17.900209 | Delta: 1.61e-03 | M: 17927.8991 | Path: CPU-Statevector MPI-distributed (1 ranks)
[RESILIENCE] Iteration 815: Global theta state checkpointed at path checkpoints/BeH2/checkpoint_iter_0815.npy. 
Iter 0816 | Energy: -17.890619 | Delta: 9.59e-03 | M: 16537.1865 | Path: CPU-Statevector MPI-distributed (1 ranks)
Iter 0817 | Energy: -17.891726 | Delta: 1.11e-03 | M: 18082.9794 | Path: CPU-Statevector MPI-distributed (1 ranks)
Iter 0818 | Energy: -17.907873 | Delta: 1.61e-02 | M: 18052.8480 | Path: CPU-Statevector MPI-distributed (1 ranks)
Iter 0819 | Energy: -17.893797 | Delta: 1.41e-02 | M: 15425.9876 | Path: CPU-Statevector MPI-distributed (1 ranks)
Iter 0820 | Energy: -17.900078 | Delta: 6.28e-03 | M: 17157.0783 | Path: CPU-Statevector MPI-distributed (1 ranks)
[RESILIENCE] Iteration 820: Global theta state checkpointed at path checkpoints/BeH2/checkpoint_iter_0820.npy. 
Iter 0821 | Energy: -17.905801 | Delta: 5.72e-03 | M: 17601.3406 | Path: CPU-Statevector MPI-distributed (1 ranks)
Iter 0822 | Energy: -17.908014 | Delta: 2.21e-03 | M: 17478.2482 | Path: CPU-Statevector MPI-distributed (1 ranks)
Iter 0823 | Energy: -17.915575 | Delta: 7.56e-03 | M: 17783.2237 | Path: CPU-Statevector MPI-distributed (1 ranks)
Iter 0824 | Energy: -17.896199 | Delta: 1.94e-02 | M: 18194.5705 | Path: CPU-Statevector MPI-distributed (1 ranks)
Iter 0825 | Energy: -17.910935 | Delta: 1.47e-02 | M: 17503.1008 | Path: CPU-Statevector MPI-distributed (1 ranks)
[RESILIENCE] Iteration 825: Global theta state checkpointed at path checkpoints/BeH2/checkpoint_iter_0825.npy. 
Iter 0826 | Energy: -17.912055 | Delta: 1.12e-03 | M: 18226.8937 | Path: CPU-Statevector MPI-distributed (1 ranks)
Iter 0827 | Energy: -17.907696 | Delta: 4.36e-03 | M: 18183.2650 | Path: CPU-Statevector MPI-distributed (1 ranks)
Iter 0828 | Energy: -17.909768 | Delta: 2.07e-03 | M: 16940.2281 | Path: CPU-Statevector MPI-distributed (1 ranks)
Iter 0829 | Energy: -17.900921 | Delta: 8.85e-03 | M: 17211.2949 | Path: CPU-Statevector MPI-distributed (1 ranks)
Iter 0830 | Energy: -17.907881 | Delta: 6.96e-03 | M: 17565.5963 | Path: CPU-Statevector MPI-distributed (1 ranks)
[RESILIENCE] Iteration 830: Global theta state checkpointed at path checkpoints/BeH2/checkpoint_iter_0830.npy. 
Iter 0831 | Energy: -17.914785 | Delta: 6.90e-03 | M: 17796.4273 | Path: CPU-Statevector MPI-distributed (1 ranks)
Iter 0832 | Energy: -17.908626 | Delta: 6.16e-03 | M: 18422.8329 | Path: CPU-Statevector MPI-distributed (1 ranks)
Iter 0833 | Energy: -17.906757 | Delta: 1.87e-03 | M: 17604.0810 | Path: CPU-Statevector MPI-distributed (1 ranks)
Iter 0834 | Energy: -17.911829 | Delta: 5.07e-03 | M: 18382.3850 | Path: CPU-Statevector MPI-distributed (1 ranks)
Iter 0835 | Energy: -17.920781 | Delta: 8.95e-03 | M: 17999.1431 | Path: CPU-Statevector MPI-distributed (1 ranks)
[RESILIENCE] Iteration 835: Global theta state checkpointed at path checkpoints/BeH2/checkpoint_iter_0835.npy. 
Iter 0836 | Energy: -17.916112 | Delta: 4.67e-03 | M: 18341.1567 | Path: CPU-Statevector MPI-distributed (1 ranks)
Iter 0837 | Energy: -17.921113 | Delta: 5.00e-03 | M: 18215.0520 | Path: CPU-Statevector MPI-distributed (1 ranks)
Iter 0838 | Energy: -17.914304 | Delta: 6.81e-03 | M: 15732.0681 | Path: CPU-Statevector MPI-distributed (1 ranks)
Iter 0839 | Energy: -17.916749 | Delta: 2.45e-03 | M: 18134.9510 | Path: CPU-Statevector MPI-distributed (1 ranks)
Iter 0840 | Energy: -17.919973 | Delta: 3.22e-03 | M: 18565.1847 | Path: CPU-Statevector MPI-distributed (1 ranks)
[RESILIENCE] Iteration 840: Global theta state checkpointed at path checkpoints/BeH2/checkpoint_iter_0840.npy. 
Iter 0841 | Energy: -17.919677 | Delta: 2.97e-04 | M: 16594.6560 | Path: CPU-Statevector MPI-distributed (1 ranks)
Iter 0842 | Energy: -17.925762 | Delta: 6.09e-03 | M: 16381.4562 | Path: CPU-Statevector MPI-distributed (1 ranks)
Iter 0843 | Energy: -17.915594 | Delta: 1.02e-02 | M: 18096.9099 | Path: CPU-Statevector MPI-distributed (1 ranks)
Iter 0844 | Energy: -17.916819 | Delta: 1.23e-03 | M: 17046.5220 | Path: CPU-Statevector MPI-distributed (1 ranks)
Iter 0845 | Energy: -17.917911 | Delta: 1.09e-03 | M: 18263.4185 | Path: CPU-Statevector MPI-distributed (1 ranks)
[RESILIENCE] Iteration 845: Global theta state checkpointed at path checkpoints/BeH2/checkpoint_iter_0845.npy. 
Iter 0846 | Energy: -17.919722 | Delta: 1.81e-03 | M: 17973.7622 | Path: CPU-Statevector MPI-distributed (1 ranks)
Iter 0847 | Energy: -17.919370 | Delta: 3.53e-04 | M: 18346.3736 | Path: CPU-Statevector MPI-distributed (1 ranks)
Iter 0848 | Energy: -17.926097 | Delta: 6.73e-03 | M: 18060.0828 | Path: CPU-Statevector MPI-distributed (1 ranks)
Iter 0849 | Energy: -17.920668 | Delta: 5.43e-03 | M: 18064.3699 | Path: CPU-Statevector MPI-distributed (1 ranks)
Iter 0850 | Energy: -17.922002 | Delta: 1.33e-03 | M: 17145.0846 | Path: CPU-Statevector MPI-distributed (1 ranks)
[RESILIENCE] Iteration 850: Global theta state checkpointed at path checkpoints/BeH2/checkpoint_iter_0850.npy. 
Iter 0851 | Energy: -17.929752 | Delta: 7.75e-03 | M: 18551.2389 | Path: CPU-Statevector MPI-distributed (1 ranks)
Iter 0852 | Energy: -17.921696 | Delta: 8.06e-03 | M: 17465.0827 | Path: CPU-Statevector MPI-distributed (1 ranks)
Iter 0853 | Energy: -17.919197 | Delta: 2.50e-03 | M: 17918.3342 | Path: CPU-Statevector MPI-distributed (1 ranks)
Iter 0854 | Energy: -17.929495 | Delta: 1.03e-02 | M: 17358.2279 | Path: CPU-Statevector MPI-distributed (1 ranks)
Iter 0855 | Energy: -17.920498 | Delta: 9.00e-03 | M: 17212.1404 | Path: CPU-Statevector MPI-distributed (1 ranks)
[RESILIENCE] Iteration 855: Global theta state checkpointed at path checkpoints/BeH2/checkpoint_iter_0855.npy. 
Iter 0856 | Energy: -17.933246 | Delta: 1.27e-02 | M: 17947.1884 | Path: CPU-Statevector MPI-distributed (1 ranks)
Iter 0857 | Energy: -17.928227 | Delta: 5.02e-03 | M: 16783.8622 | Path: CPU-Statevector MPI-distributed (1 ranks)
Iter 0858 | Energy: -17.922372 | Delta: 5.85e-03 | M: 17528.3421 | Path: CPU-Statevector MPI-distributed (1 ranks)
Iter 0859 | Energy: -17.932913 | Delta: 1.05e-02 | M: 17915.3053 | Path: CPU-Statevector MPI-distributed (1 ranks)
Iter 0860 | Energy: -17.933756 | Delta: 8.43e-04 | M: 18454.9984 | Path: CPU-Statevector MPI-distributed (1 ranks)
[RESILIENCE] Iteration 860: Global theta state checkpointed at path checkpoints/BeH2/checkpoint_iter_0860.npy. 
Iter 0861 | Energy: -17.933531 | Delta: 2.25e-04 | M: 16655.0493 | Path: CPU-Statevector MPI-distributed (1 ranks)
Iter 0862 | Energy: -17.927405 | Delta: 6.13e-03 | M: 17536.4765 | Path: CPU-Statevector MPI-distributed (1 ranks)
Iter 0863 | Energy: -17.923218 | Delta: 4.19e-03 | M: 18011.5223 | Path: CPU-Statevector MPI-distributed (1 ranks)
Iter 0864 | Energy: -17.925283 | Delta: 2.06e-03 | M: 18427.1003 | Path: CPU-Statevector MPI-distributed (1 ranks)
Iter 0865 | Energy: -17.935059 | Delta: 9.78e-03 | M: 17388.3340 | Path: CPU-Statevector MPI-distributed (1 ranks)
[RESILIENCE] Iteration 865: Global theta state checkpointed at path checkpoints/BeH2/checkpoint_iter_0865.npy. 
Iter 0866 | Energy: -17.939903 | Delta: 4.84e-03 | M: 17433.7676 | Path: CPU-Statevector MPI-distributed (1 ranks)
Iter 0867 | Energy: -17.940091 | Delta: 1.88e-04 | M: 16943.1557 | Path: CPU-Statevector MPI-distributed (1 ranks)
Iter 0868 | Energy: -17.940276 | Delta: 1.85e-04 | M: 17869.1000 | Path: CPU-Statevector MPI-distributed (1 ranks)
Iter 0869 | Energy: -17.946334 | Delta: 6.06e-03 | M: 15645.9866 | Path: CPU-Statevector MPI-distributed (1 ranks)
Iter 0870 | Energy: -17.934836 | Delta: 1.15e-02 | M: 17566.8134 | Path: CPU-Statevector MPI-distributed (1 ranks)
[RESILIENCE] Iteration 870: Global theta state checkpointed at path checkpoints/BeH2/checkpoint_iter_0870.npy. 
Iter 0871 | Energy: -17.940470 | Delta: 5.63e-03 | M: 18020.5339 | Path: CPU-Statevector MPI-distributed (1 ranks)
Iter 0872 | Energy: -17.949686 | Delta: 9.22e-03 | M: 18249.8462 | Path: CPU-Statevector MPI-distributed (1 ranks)
Iter 0873 | Energy: -17.946114 | Delta: 3.57e-03 | M: 16355.5644 | Path: CPU-Statevector MPI-distributed (1 ranks)
Iter 0874 | Energy: -17.940375 | Delta: 5.74e-03 | M: 17514.4404 | Path: CPU-Statevector MPI-distributed (1 ranks)
Iter 0875 | Energy: -17.947222 | Delta: 6.85e-03 | M: 18352.9749 | Path: CPU-Statevector MPI-distributed (1 ranks)
[RESILIENCE] Iteration 875: Global theta state checkpointed at path checkpoints/BeH2/checkpoint_iter_0875.npy. 
Iter 0876 | Energy: -17.943548 | Delta: 3.67e-03 | M: 18214.6097 | Path: CPU-Statevector MPI-distributed (1 ranks)
Iter 0877 | Energy: -17.948212 | Delta: 4.66e-03 | M: 17541.6175 | Path: CPU-Statevector MPI-distributed (1 ranks)
Iter 0878 | Energy: -17.940944 | Delta: 7.27e-03 | M: 17802.5453 | Path: CPU-Statevector MPI-distributed (1 ranks)
Iter 0879 | Energy: -17.946491 | Delta: 5.55e-03 | M: 17950.3071 | Path: CPU-Statevector MPI-distributed (1 ranks)
Iter 0880 | Energy: -17.953289 | Delta: 6.80e-03 | M: 16907.6796 | Path: CPU-Statevector MPI-distributed (1 ranks)
[RESILIENCE] Iteration 880: Global theta state checkpointed at path checkpoints/BeH2/checkpoint_iter_0880.npy. 
Iter 0881 | Energy: -17.954479 | Delta: 1.19e-03 | M: 17567.5864 | Path: CPU-Statevector MPI-distributed (1 ranks)
Iter 0882 | Energy: -17.944264 | Delta: 1.02e-02 | M: 17888.5315 | Path: CPU-Statevector MPI-distributed (1 ranks)
Iter 0883 | Energy: -17.951679 | Delta: 7.42e-03 | M: 16620.7518 | Path: CPU-Statevector MPI-distributed (1 ranks)
Iter 0884 | Energy: -17.945661 | Delta: 6.02e-03 | M: 17682.6373 | Path: CPU-Statevector MPI-distributed (1 ranks)
Iter 0885 | Energy: -17.950423 | Delta: 4.76e-03 | M: 18494.2985 | Path: CPU-Statevector MPI-distributed (1 ranks)
[RESILIENCE] Iteration 885: Global theta state checkpointed at path checkpoints/BeH2/checkpoint_iter_0885.npy. 
Iter 0886 | Energy: -17.942195 | Delta: 8.23e-03 | M: 18175.8334 | Path: CPU-Statevector MPI-distributed (1 ranks)
Iter 0887 | Energy: -17.948812 | Delta: 6.62e-03 | M: 18277.6428 | Path: CPU-Statevector MPI-distributed (1 ranks)
Iter 0888 | Energy: -17.956479 | Delta: 7.67e-03 | M: 18103.9302 | Path: CPU-Statevector MPI-distributed (1 ranks)
Iter 0889 | Energy: -17.956607 | Delta: 1.28e-04 | M: 17197.7903 | Path: CPU-Statevector MPI-distributed (1 ranks)
Iter 0890 | Energy: -17.954958 | Delta: 1.65e-03 | M: 16949.2261 | Path: CPU-Statevector MPI-distributed (1 ranks)
[RESILIENCE] Iteration 890: Global theta state checkpointed at path checkpoints/BeH2/checkpoint_iter_0890.npy. 
Iter 0891 | Energy: -17.958212 | Delta: 3.25e-03 | M: 17303.6014 | Path: CPU-Statevector MPI-distributed (1 ranks)
Iter 0892 | Energy: -17.951669 | Delta: 6.54e-03 | M: 17288.7945 | Path: CPU-Statevector MPI-distributed (1 ranks)
Iter 0893 | Energy: -17.954108 | Delta: 2.44e-03 | M: 16832.3355 | Path: CPU-Statevector MPI-distributed (1 ranks)
Iter 0894 | Energy: -17.951670 | Delta: 2.44e-03 | M: 17162.7168 | Path: CPU-Statevector MPI-distributed (1 ranks)
Iter 0895 | Energy: -17.951701 | Delta: 3.15e-05 | M: 17280.9956 | Path: CPU-Statevector MPI-distributed (1 ranks)
[RESILIENCE] Iteration 895: Global theta state checkpointed at path checkpoints/BeH2/checkpoint_iter_0895.npy. 
Iter 0896 | Energy: -17.948102 | Delta: 3.60e-03 | M: 18050.7747 | Path: CPU-Statevector MPI-distributed (1 ranks)
[VQE] Best physical energy: -15.555709 Ha (error: 0.0394 Ha) at iter 261
[VQE] Final energy -17.948102 is below FCI — reporting best physical result

[BeH2] Ansatz tier:hwe_adaptive
[BeH2] Corr score: 0.501 
[BeH2] Best physical energy: -15.555709 Ha 
[BeH2] Reference FCI : -15.595118 Ha 
[BeH2] Absolute error: +0.0394 Ha 
[BeH2] Iterations run: 896 (best at iter 261)
[BeH2] Wall time: 201.68s (includes QPU queue + RTT) 
[BeH2] Time/iter: 0.23 s 
[BeH2] Source: registry 
[BeH2] Active electrons: 4 
[BeH2] Estimated qubits: 12 
[BeH2] Note: Frozen 2 core electrons. Active space: 4 electrons, 12 qubits 


--- RUNNING CHEMISTRY TASK H2O ---
[Resolver] 'H2O' found in local registry 
[Chemistry:H2O] 1086 Pauli terms, 14 qubits, 112 params, reps=2. FCI reference: -75.0124 Ha 
[Ansatz] HWE (adaptive) (auto) | corr_score=0.502 | off_diag_ratio=0.007
[Reason] score=0.502 in [0.25, 0.55). Moderate correlation (off_diag_ratio=0.007, zz_frac=0.986). Adaptive HWE with full entanglement recommended.
Iter 0001 | Energy: -3.372252 | Delta: inf | M: 17767.2329 | Path: CPU-Statevector MPI-distributed (1 ranks)
Iter 0002 | Energy: -3.086089 | Delta: 2.86e-01 | M: 19951.8103 | Path: CPU-Statevector MPI-distributed (1 ranks)
Iter 0003 | Energy: -3.538012 | Delta: 4.52e-01 | M: 23401.8594 | Path: CPU-Statevector MPI-distributed (1 ranks)
Iter 0004 | Energy: -8.634443 | Delta: 5.10e+00 | M: 20813.0115 | Path: CPU-Statevector MPI-distributed (1 ranks)
Iter 0005 | Energy: -12.952978 | Delta: 4.32e+00 | M: 23492.5584 | Path: CPU-Statevector MPI-distributed (1 ranks)
[RESILIENCE] Iteration 5: Global theta state checkpointed at path checkpoints/H2O/checkpoint_iter_0005.npy. 
Iter 0006 | Energy: -22.035908 | Delta: 9.08e+00 | M: 20786.0657 | Path: CPU-Statevector MPI-distributed (1 ranks)
Iter 0007 | Energy: -41.801752 | Delta: 1.98e+01 | M: 23749.9811 | Path: CPU-Statevector MPI-distributed (1 ranks)
Iter 0008 | Energy: -41.731292 | Delta: 7.05e-02 | M: 22560.1519 | Path: CPU-Statevector MPI-distributed (1 ranks)
Iter 0009 | Energy: -41.861514 | Delta: 1.30e-01 | M: 18618.3106 | Path: CPU-Statevector MPI-distributed (1 ranks)
Iter 0010 | Energy: -43.069333 | Delta: 1.21e+00 | M: 23333.7212 | Path: CPU-Statevector MPI-distributed (1 ranks)
[RESILIENCE] Iteration 10: Global theta state checkpointed at path checkpoints/H2O/checkpoint_iter_0010.npy. 
Iter 0011 | Energy: -47.304159 | Delta: 4.23e+00 | M: 22713.6677 | Path: CPU-Statevector MPI-distributed (1 ranks)
Iter 0012 | Energy: -52.141461 | Delta: 4.84e+00 | M: 24034.5012 | Path: CPU-Statevector MPI-distributed (1 ranks)
Iter 0013 | Energy: -58.041127 | Delta: 5.90e+00 | M: 22254.8695 | Path: CPU-Statevector MPI-distributed (1 ranks)
Iter 0014 | Energy: -58.782722 | Delta: 7.42e-01 | M: 22092.9186 | Path: CPU-Statevector MPI-distributed (1 ranks)
Iter 0015 | Energy: -59.108855 | Delta: 3.26e-01 | M: 23724.8634 | Path: CPU-Statevector MPI-distributed (1 ranks)
[RESILIENCE] Iteration 15: Global theta state checkpointed at path checkpoints/H2O/checkpoint_iter_0015.npy. 
Iter 0016 | Energy: -59.107712 | Delta: 1.14e-03 | M: 22336.4236 | Path: CPU-Statevector MPI-distributed (1 ranks)
Iter 0017 | Energy: -59.253636 | Delta: 1.46e-01 | M: 23719.0214 | Path: CPU-Statevector MPI-distributed (1 ranks)
Iter 0018 | Energy: -59.657562 | Delta: 4.04e-01 | M: 22702.4313 | Path: CPU-Statevector MPI-distributed (1 ranks)
Iter 0019 | Energy: -59.776690 | Delta: 1.19e-01 | M: 23750.7308 | Path: CPU-Statevector MPI-distributed (1 ranks)
Iter 0020 | Energy: -60.022895 | Delta: 2.46e-01 | M: 23505.0067 | Path: CPU-Statevector MPI-distributed (1 ranks)
[RESILIENCE] Iteration 20: Global theta state checkpointed at path checkpoints/H2O/checkpoint_iter_0020.npy. 
Iter 0021 | Energy: -60.407839 | Delta: 3.85e-01 | M: 19705.5710 | Path: CPU-Statevector MPI-distributed (1 ranks)
Iter 0022 | Energy: -60.448116 | Delta: 4.03e-02 | M: 23747.9022 | Path: CPU-Statevector MPI-distributed (1 ranks)
Iter 0023 | Energy: -60.668313 | Delta: 2.20e-01 | M: 22789.2732 | Path: CPU-Statevector MPI-distributed (1 ranks)
Iter 0024 | Energy: -60.723607 | Delta: 5.53e-02 | M: 24078.6354 | Path: CPU-Statevector MPI-distributed (1 ranks)
Iter 0025 | Energy: -61.170939 | Delta: 4.47e-01 | M: 21819.2412 | Path: CPU-Statevector MPI-distributed (1 ranks)
[RESILIENCE] Iteration 25: Global theta state checkpointed at path checkpoints/H2O/checkpoint_iter_0025.npy. 
Iter 0026 | Energy: -64.376332 | Delta: 3.21e+00 | M: 22423.4802 | Path: CPU-Statevector MPI-distributed (1 ranks)
Iter 0027 | Energy: -64.573487 | Delta: 1.97e-01 | M: 23313.0355 | Path: CPU-Statevector MPI-distributed (1 ranks)
Iter 0028 | Energy: -67.131535 | Delta: 2.56e+00 | M: 23749.9133 | Path: CPU-Statevector MPI-distributed (1 ranks)
Iter 0029 | Energy: -67.256193 | Delta: 1.25e-01 | M: 24172.2961 | Path: CPU-Statevector MPI-distributed (1 ranks)
Iter 0030 | Energy: -68.397780 | Delta: 1.14e+00 | M: 16402.9527 | Path: CPU-Statevector MPI-distributed (1 ranks)
[RESILIENCE] Iteration 30: Global theta state checkpointed at path checkpoints/H2O/checkpoint_iter_0030.npy. 
Iter 0031 | Energy: -68.658456 | Delta: 2.61e-01 | M: 21828.4170 | Path: CPU-Statevector MPI-distributed (1 ranks)
Iter 0032 | Energy: -72.246680 | Delta: 3.59e+00 | M: 23902.2385 | Path: CPU-Statevector MPI-distributed (1 ranks)
Iter 0033 | Energy: -72.284873 | Delta: 3.82e-02 | M: 22719.9304 | Path: CPU-Statevector MPI-distributed (1 ranks)
Iter 0034 | Energy: -73.816726 | Delta: 1.53e+00 | M: 23331.8667 | Path: CPU-Statevector MPI-distributed (1 ranks)
Iter 0035 | Energy: -73.988863 | Delta: 1.72e-01 | M: 20624.7705 | Path: CPU-Statevector MPI-distributed (1 ranks)
[RESILIENCE] Iteration 35: Global theta state checkpointed at path checkpoints/H2O/checkpoint_iter_0035.npy. 
Iter 0036 | Energy: -74.718277 | Delta: 7.29e-01 | M: 22515.0739 | Path: CPU-Statevector MPI-distributed (1 ranks)
Iter 0037 | Energy: -74.792123 | Delta: 7.38e-02 | M: 24259.5531 | Path: CPU-Statevector MPI-distributed (1 ranks)
NOTE: Energy -75.0827 crossed below FCI -75.0124 at iter 38 — HWE ansatz leaving physical sector (expected limitation)
Iter 0038 | Energy: -75.082724 | Delta: 2.91e-01 | M: 19886.1592 | Path: CPU-Statevector MPI-distributed (1 ranks)
Iter 0039 | Energy: -75.073802 | Delta: 8.92e-03 | M: 23289.4946 | Path: CPU-Statevector MPI-distributed (1 ranks)
Iter 0040 | Energy: -75.652345 | Delta: 5.79e-01 | M: 23795.6420 | Path: CPU-Statevector MPI-distributed (1 ranks)
[RESILIENCE] Iteration 40: Global theta state checkpointed at path checkpoints/H2O/checkpoint_iter_0040.npy. 
Iter 0041 | Energy: -75.708641 | Delta: 5.63e-02 | M: 23764.4960 | Path: CPU-Statevector MPI-distributed (1 ranks)
Iter 0042 | Energy: -75.745708 | Delta: 3.71e-02 | M: 23681.3481 | Path: CPU-Statevector MPI-distributed (1 ranks)
Iter 0043 | Energy: -75.743097 | Delta: 2.61e-03 | M: 24040.1768 | Path: CPU-Statevector MPI-distributed (1 ranks)
Iter 0044 | Energy: -75.930972 | Delta: 1.88e-01 | M: 20845.1832 | Path: CPU-Statevector MPI-distributed (1 ranks)
Iter 0045 | Energy: -75.991241 | Delta: 6.03e-02 | M: 22929.5294 | Path: CPU-Statevector MPI-distributed (1 ranks)
[RESILIENCE] Iteration 45: Global theta state checkpointed at path checkpoints/H2O/checkpoint_iter_0045.npy. 
Iter 0046 | Energy: -76.121235 | Delta: 1.30e-01 | M: 22678.2734 | Path: CPU-Statevector MPI-distributed (1 ranks)
Iter 0047 | Energy: -76.583062 | Delta: 4.62e-01 | M: 21848.6108 | Path: CPU-Statevector MPI-distributed (1 ranks)
Iter 0048 | Energy: -77.122689 | Delta: 5.40e-01 | M: 23909.8776 | Path: CPU-Statevector MPI-distributed (1 ranks)
Iter 0049 | Energy: -77.424598 | Delta: 3.02e-01 | M: 24152.8465 | Path: CPU-Statevector MPI-distributed (1 ranks)
Iter 0050 | Energy: -77.417361 | Delta: 7.24e-03 | M: 21976.9859 | Path: CPU-Statevector MPI-distributed (1 ranks)
[RESILIENCE] Iteration 50: Global theta state checkpointed at path checkpoints/H2O/checkpoint_iter_0050.npy. 
Iter 0051 | Energy: -77.486141 | Delta: 6.88e-02 | M: 23167.3848 | Path: CPU-Statevector MPI-distributed (1 ranks)
Iter 0052 | Energy: -77.689883 | Delta: 2.04e-01 | M: 22254.5838 | Path: CPU-Statevector MPI-distributed (1 ranks)
Iter 0053 | Energy: -77.807999 | Delta: 1.18e-01 | M: 22240.0018 | Path: CPU-Statevector MPI-distributed (1 ranks)
Iter 0054 | Energy: -77.824985 | Delta: 1.70e-02 | M: 19926.6243 | Path: CPU-Statevector MPI-distributed (1 ranks)
Iter 0055 | Energy: -78.010696 | Delta: 1.86e-01 | M: 23967.4005 | Path: CPU-Statevector MPI-distributed (1 ranks)
[RESILIENCE] Iteration 55: Global theta state checkpointed at path checkpoints/H2O/checkpoint_iter_0055.npy. 
Iter 0056 | Energy: -78.091333 | Delta: 8.06e-02 | M: 23893.6517 | Path: CPU-Statevector MPI-distributed (1 ranks)
Iter 0057 | Energy: -78.119199 | Delta: 2.79e-02 | M: 24131.4692 | Path: CPU-Statevector MPI-distributed (1 ranks)
Iter 0058 | Energy: -78.210017 | Delta: 9.08e-02 | M: 22635.8295 | Path: CPU-Statevector MPI-distributed (1 ranks)
Iter 0059 | Energy: -78.334762 | Delta: 1.25e-01 | M: 22755.0530 | Path: CPU-Statevector MPI-distributed (1 ranks)
Iter 0060 | Energy: -78.409454 | Delta: 7.47e-02 | M: 23414.3467 | Path: CPU-Statevector MPI-distributed (1 ranks)
[RESILIENCE] Iteration 60: Global theta state checkpointed at path checkpoints/H2O/checkpoint_iter_0060.npy. 
Iter 0061 | Energy: -78.489287 | Delta: 7.98e-02 | M: 21283.6188 | Path: CPU-Statevector MPI-distributed (1 ranks)
Iter 0062 | Energy: -78.535080 | Delta: 4.58e-02 | M: 22863.5339 | Path: CPU-Statevector MPI-distributed (1 ranks)
Iter 0063 | Energy: -78.601259 | Delta: 6.62e-02 | M: 22707.9427 | Path: CPU-Statevector MPI-distributed (1 ranks)
Iter 0064 | Energy: -78.816412 | Delta: 2.15e-01 | M: 21166.1073 | Path: CPU-Statevector MPI-distributed (1 ranks)
Iter 0065 | Energy: -78.885010 | Delta: 6.86e-02 | M: 23485.9563 | Path: CPU-Statevector MPI-distributed (1 ranks)
[RESILIENCE] Iteration 65: Global theta state checkpointed at path checkpoints/H2O/checkpoint_iter_0065.npy. 
Iter 0066 | Energy: -79.011539 | Delta: 1.27e-01 | M: 23686.4538 | Path: CPU-Statevector MPI-distributed (1 ranks)
Iter 0067 | Energy: -79.012091 | Delta: 5.51e-04 | M: 23053.9309 | Path: CPU-Statevector MPI-distributed (1 ranks)
Iter 0068 | Energy: -79.039318 | Delta: 2.72e-02 | M: 23465.2707 | Path: CPU-Statevector MPI-distributed (1 ranks)
Iter 0069 | Energy: -79.285657 | Delta: 2.46e-01 | M: 19702.6928 | Path: CPU-Statevector MPI-distributed (1 ranks)
Iter 0070 | Energy: -79.273292 | Delta: 1.24e-02 | M: 23676.8114 | Path: CPU-Statevector MPI-distributed (1 ranks)
[RESILIENCE] Iteration 70: Global theta state checkpointed at path checkpoints/H2O/checkpoint_iter_0070.npy. 
Iter 0071 | Energy: -79.275286 | Delta: 1.99e-03 | M: 22220.4734 | Path: CPU-Statevector MPI-distributed (1 ranks)
Iter 0072 | Energy: -79.356840 | Delta: 8.16e-02 | M: 23624.3964 | Path: CPU-Statevector MPI-distributed (1 ranks)
Iter 0073 | Energy: -79.365608 | Delta: 8.77e-03 | M: 23465.9217 | Path: CPU-Statevector MPI-distributed (1 ranks)
Iter 0074 | Energy: -79.361994 | Delta: 3.61e-03 | M: 23508.7737 | Path: CPU-Statevector MPI-distributed (1 ranks)
Iter 0075 | Energy: -79.475059 | Delta: 1.13e-01 | M: 23615.4949 | Path: CPU-Statevector MPI-distributed (1 ranks)
[RESILIENCE] Iteration 75: Global theta state checkpointed at path checkpoints/H2O/checkpoint_iter_0075.npy. 
Iter 0076 | Energy: -79.496683 | Delta: 2.16e-02 | M: 20999.4783 | Path: CPU-Statevector MPI-distributed (1 ranks)
Iter 0077 | Energy: -79.669545 | Delta: 1.73e-01 | M: 22940.0046 | Path: CPU-Statevector MPI-distributed (1 ranks)
Iter 0078 | Energy: -79.678745 | Delta: 9.20e-03 | M: 20121.8753 | Path: CPU-Statevector MPI-distributed (1 ranks)
Iter 0079 | Energy: -79.692223 | Delta: 1.35e-02 | M: 24122.5770 | Path: CPU-Statevector MPI-distributed (1 ranks)
Iter 0080 | Energy: -79.684103 | Delta: 8.12e-03 | M: 23118.1219 | Path: CPU-Statevector MPI-distributed (1 ranks)
[RESILIENCE] Iteration 80: Global theta state checkpointed at path checkpoints/H2O/checkpoint_iter_0080.npy. 
Iter 0081 | Energy: -79.777753 | Delta: 9.37e-02 | M: 23821.8370 | Path: CPU-Statevector MPI-distributed (1 ranks)
Iter 0082 | Energy: -79.801871 | Delta: 2.41e-02 | M: 23417.7608 | Path: CPU-Statevector MPI-distributed (1 ranks)
Iter 0083 | Energy: -79.857525 | Delta: 5.57e-02 | M: 23532.4550 | Path: CPU-Statevector MPI-distributed (1 ranks)
Iter 0084 | Energy: -79.865546 | Delta: 8.02e-03 | M: 23572.1518 | Path: CPU-Statevector MPI-distributed (1 ranks)
Iter 0085 | Energy: -79.864275 | Delta: 1.27e-03 | M: 21744.4317 | Path: CPU-Statevector MPI-distributed (1 ranks)
[RESILIENCE] Iteration 85: Global theta state checkpointed at path checkpoints/H2O/checkpoint_iter_0085.npy. 
Iter 0086 | Energy: -79.858531 | Delta: 5.74e-03 | M: 20634.2475 | Path: CPU-Statevector MPI-distributed (1 ranks)
Iter 0087 | Energy: -79.885583 | Delta: 2.71e-02 | M: 22862.3624 | Path: CPU-Statevector MPI-distributed (1 ranks)
Iter 0088 | Energy: -79.915755 | Delta: 3.02e-02 | M: 21927.5282 | Path: CPU-Statevector MPI-distributed (1 ranks)
Iter 0089 | Energy: -79.911209 | Delta: 4.55e-03 | M: 23602.5048 | Path: CPU-Statevector MPI-distributed (1 ranks)
Iter 0090 | Energy: -80.009208 | Delta: 9.80e-02 | M: 22854.5906 | Path: CPU-Statevector MPI-distributed (1 ranks)
[RESILIENCE] Iteration 90: Global theta state checkpointed at path checkpoints/H2O/checkpoint_iter_0090.npy. 
Iter 0091 | Energy: -80.047342 | Delta: 3.81e-02 | M: 23630.9113 | Path: CPU-Statevector MPI-distributed (1 ranks)
Iter 0092 | Energy: -80.064039 | Delta: 1.67e-02 | M: 22872.9077 | Path: CPU-Statevector MPI-distributed (1 ranks)
Iter 0093 | Energy: -80.078583 | Delta: 1.45e-02 | M: 21725.7720 | Path: CPU-Statevector MPI-distributed (1 ranks)
Iter 0094 | Energy: -80.122022 | Delta: 4.34e-02 | M: 22653.7053 | Path: CPU-Statevector MPI-distributed (1 ranks)
Iter 0095 | Energy: -80.104013 | Delta: 1.80e-02 | M: 20839.1839 | Path: CPU-Statevector MPI-distributed (1 ranks)
[RESILIENCE] Iteration 95: Global theta state checkpointed at path checkpoints/H2O/checkpoint_iter_0095.npy. 
Iter 0096 | Energy: -80.102728 | Delta: 1.29e-03 | M: 23074.4374 | Path: CPU-Statevector MPI-distributed (1 ranks)
Iter 0097 | Energy: -80.120782 | Delta: 1.81e-02 | M: 21993.0423 | Path: CPU-Statevector MPI-distributed (1 ranks)
Iter 0098 | Energy: -80.137925 | Delta: 1.71e-02 | M: 22122.8715 | Path: CPU-Statevector MPI-distributed (1 ranks)
Iter 0099 | Energy: -80.160162 | Delta: 2.22e-02 | M: 23808.0117 | Path: CPU-Statevector MPI-distributed (1 ranks)
Iter 0100 | Energy: -80.183386 | Delta: 2.32e-02 | M: 22453.9735 | Path: CPU-Statevector MPI-distributed (1 ranks)
[RESILIENCE] Iteration 100: Global theta state checkpointed at path checkpoints/H2O/checkpoint_iter_0100.npy. 
Iter 0101 | Energy: -80.229441 | Delta: 4.61e-02 | M: 23891.5958 | Path: CPU-Statevector MPI-distributed (1 ranks)
Iter 0102 | Energy: -80.271818 | Delta: 4.24e-02 | M: 21751.3099 | Path: CPU-Statevector MPI-distributed (1 ranks)
Iter 0103 | Energy: -80.294274 | Delta: 2.25e-02 | M: 23525.3593 | Path: CPU-Statevector MPI-distributed (1 ranks)
Iter 0104 | Energy: -80.319048 | Delta: 2.48e-02 | M: 23122.0783 | Path: CPU-Statevector MPI-distributed (1 ranks)
Iter 0105 | Energy: -80.357329 | Delta: 3.83e-02 | M: 22925.7419 | Path: CPU-Statevector MPI-distributed (1 ranks)
[RESILIENCE] Iteration 105: Global theta state checkpointed at path checkpoints/H2O/checkpoint_iter_0105.npy. 
Iter 0106 | Energy: -80.375310 | Delta: 1.80e-02 | M: 23348.3003 | Path: CPU-Statevector MPI-distributed (1 ranks)
Iter 0107 | Energy: -80.363953 | Delta: 1.14e-02 | M: 21373.2863 | Path: CPU-Statevector MPI-distributed (1 ranks)
Iter 0108 | Energy: -80.409255 | Delta: 4.53e-02 | M: 22417.1691 | Path: CPU-Statevector MPI-distributed (1 ranks)
Iter 0109 | Energy: -80.440130 | Delta: 3.09e-02 | M: 23553.6564 | Path: CPU-Statevector MPI-distributed (1 ranks)
Iter 0110 | Energy: -80.432970 | Delta: 7.16e-03 | M: 22667.3836 | Path: CPU-Statevector MPI-distributed (1 ranks)
[RESILIENCE] Iteration 110: Global theta state checkpointed at path checkpoints/H2O/checkpoint_iter_0110.npy. 
Iter 0111 | Energy: -80.450021 | Delta: 1.71e-02 | M: 23491.8121 | Path: CPU-Statevector MPI-distributed (1 ranks)
Iter 0112 | Energy: -80.448529 | Delta: 1.49e-03 | M: 23441.9997 | Path: CPU-Statevector MPI-distributed (1 ranks)
Iter 0113 | Energy: -80.456080 | Delta: 7.55e-03 | M: 22742.9562 | Path: CPU-Statevector MPI-distributed (1 ranks)
Iter 0114 | Energy: -80.512582 | Delta: 5.65e-02 | M: 21951.5446 | Path: CPU-Statevector MPI-distributed (1 ranks)
Iter 0115 | Energy: -80.493532 | Delta: 1.91e-02 | M: 23972.3944 | Path: CPU-Statevector MPI-distributed (1 ranks)
[RESILIENCE] Iteration 115: Global theta state checkpointed at path checkpoints/H2O/checkpoint_iter_0115.npy. 
Iter 0116 | Energy: -80.497291 | Delta: 3.76e-03 | M: 21687.8225 | Path: CPU-Statevector MPI-distributed (1 ranks)
Iter 0117 | Energy: -80.511304 | Delta: 1.40e-02 | M: 21478.5503 | Path: CPU-Statevector MPI-distributed (1 ranks)
Iter 0118 | Energy: -80.563333 | Delta: 5.20e-02 | M: 23534.6823 | Path: CPU-Statevector MPI-distributed (1 ranks)
Iter 0119 | Energy: -80.598274 | Delta: 3.49e-02 | M: 21206.1300 | Path: CPU-Statevector MPI-distributed (1 ranks)
Iter 0120 | Energy: -80.643509 | Delta: 4.52e-02 | M: 23928.2552 | Path: CPU-Statevector MPI-distributed (1 ranks)
[RESILIENCE] Iteration 120: Global theta state checkpointed at path checkpoints/H2O/checkpoint_iter_0120.npy. 
Iter 0121 | Energy: -80.689600 | Delta: 4.61e-02 | M: 22992.6558 | Path: CPU-Statevector MPI-distributed (1 ranks)
Iter 0122 | Energy: -80.699466 | Delta: 9.87e-03 | M: 22899.4525 | Path: CPU-Statevector MPI-distributed (1 ranks)
Iter 0123 | Energy: -80.738593 | Delta: 3.91e-02 | M: 23352.6429 | Path: CPU-Statevector MPI-distributed (1 ranks)
Iter 0124 | Energy: -80.753004 | Delta: 1.44e-02 | M: 21821.8450 | Path: CPU-Statevector MPI-distributed (1 ranks)
Iter 0125 | Energy: -80.755995 | Delta: 2.99e-03 | M: 22734.7968 | Path: CPU-Statevector MPI-distributed (1 ranks)
[RESILIENCE] Iteration 125: Global theta state checkpointed at path checkpoints/H2O/checkpoint_iter_0125.npy. 
Iter 0126 | Energy: -80.737520 | Delta: 1.85e-02 | M: 22563.9935 | Path: CPU-Statevector MPI-distributed (1 ranks)
Iter 0127 | Energy: -80.743128 | Delta: 5.61e-03 | M: 21813.8066 | Path: CPU-Statevector MPI-distributed (1 ranks)
Iter 0128 | Energy: -80.763172 | Delta: 2.00e-02 | M: 23787.1850 | Path: CPU-Statevector MPI-distributed (1 ranks)
Iter 0129 | Energy: -80.794106 | Delta: 3.09e-02 | M: 22981.9159 | Path: CPU-Statevector MPI-distributed (1 ranks)
Iter 0130 | Energy: -80.777741 | Delta: 1.64e-02 | M: 23228.6033 | Path: CPU-Statevector MPI-distributed (1 ranks)
[RESILIENCE] Iteration 130: Global theta state checkpointed at path checkpoints/H2O/checkpoint_iter_0130.npy. 
Iter 0131 | Energy: -80.782321 | Delta: 4.58e-03 | M: 23018.2723 | Path: CPU-Statevector MPI-distributed (1 ranks)
Iter 0132 | Energy: -80.805593 | Delta: 2.33e-02 | M: 23408.8632 | Path: CPU-Statevector MPI-distributed (1 ranks)
Iter 0133 | Energy: -80.822961 | Delta: 1.74e-02 | M: 21409.3035 | Path: CPU-Statevector MPI-distributed (1 ranks)
Iter 0134 | Energy: -80.807614 | Delta: 1.53e-02 | M: 22880.8619 | Path: CPU-Statevector MPI-distributed (1 ranks)
Iter 0135 | Energy: -80.812390 | Delta: 4.78e-03 | M: 21447.2523 | Path: CPU-Statevector MPI-distributed (1 ranks)
[RESILIENCE] Iteration 135: Global theta state checkpointed at path checkpoints/H2O/checkpoint_iter_0135.npy. 
Iter 0136 | Energy: -80.809713 | Delta: 2.68e-03 | M: 21605.4296 | Path: CPU-Statevector MPI-distributed (1 ranks)
Iter 0137 | Energy: -80.815385 | Delta: 5.67e-03 | M: 23657.0324 | Path: CPU-Statevector MPI-distributed (1 ranks)
Iter 0138 | Energy: -80.831187 | Delta: 1.58e-02 | M: 23313.7514 | Path: CPU-Statevector MPI-distributed (1 ranks)
Iter 0139 | Energy: -80.848581 | Delta: 1.74e-02 | M: 23239.2248 | Path: CPU-Statevector MPI-distributed (1 ranks)
Iter 0140 | Energy: -80.843182 | Delta: 5.40e-03 | M: 23265.5863 | Path: CPU-Statevector MPI-distributed (1 ranks)
[RESILIENCE] Iteration 140: Global theta state checkpointed at path checkpoints/H2O/checkpoint_iter_0140.npy. 
Iter 0141 | Energy: -80.850076 | Delta: 6.89e-03 | M: 20845.2957 | Path: CPU-Statevector MPI-distributed (1 ranks)
Iter 0142 | Energy: -80.854803 | Delta: 4.73e-03 | M: 23582.2773 | Path: CPU-Statevector MPI-distributed (1 ranks)
Iter 0143 | Energy: -80.840061 | Delta: 1.47e-02 | M: 22950.2300 | Path: CPU-Statevector MPI-distributed (1 ranks)
Iter 0144 | Energy: -80.857683 | Delta: 1.76e-02 | M: 22704.0267 | Path: CPU-Statevector MPI-distributed (1 ranks)
Iter 0145 | Energy: -80.877200 | Delta: 1.95e-02 | M: 23424.7744 | Path: CPU-Statevector MPI-distributed (1 ranks)
[RESILIENCE] Iteration 145: Global theta state checkpointed at path checkpoints/H2O/checkpoint_iter_0145.npy. 
Iter 0146 | Energy: -80.897452 | Delta: 2.03e-02 | M: 24090.7358 | Path: CPU-Statevector MPI-distributed (1 ranks)
Iter 0147 | Energy: -80.881467 | Delta: 1.60e-02 | M: 23724.5135 | Path: CPU-Statevector MPI-distributed (1 ranks)
Iter 0148 | Energy: -80.877999 | Delta: 3.47e-03 | M: 22399.8110 | Path: CPU-Statevector MPI-distributed (1 ranks)
Iter 0149 | Energy: -80.886314 | Delta: 8.31e-03 | M: 23693.7739 | Path: CPU-Statevector MPI-distributed (1 ranks)
Iter 0150 | Energy: -80.893246 | Delta: 6.93e-03 | M: 21127.4132 | Path: CPU-Statevector MPI-distributed (1 ranks)
[RESILIENCE] Iteration 150: Global theta state checkpointed at path checkpoints/H2O/checkpoint_iter_0150.npy. 
Iter 0151 | Energy: -80.889765 | Delta: 3.48e-03 | M: 23430.8907 | Path: CPU-Statevector MPI-distributed (1 ranks)
Iter 0152 | Energy: -80.885444 | Delta: 4.32e-03 | M: 23132.6959 | Path: CPU-Statevector MPI-distributed (1 ranks)
Iter 0153 | Energy: -80.873523 | Delta: 1.19e-02 | M: 23421.0692 | Path: CPU-Statevector MPI-distributed (1 ranks)
Iter 0154 | Energy: -80.908199 | Delta: 3.47e-02 | M: 23770.1481 | Path: CPU-Statevector MPI-distributed (1 ranks)
Iter 0155 | Energy: -80.927730 | Delta: 1.95e-02 | M: 23695.4724 | Path: CPU-Statevector MPI-distributed (1 ranks)
[RESILIENCE] Iteration 155: Global theta state checkpointed at path checkpoints/H2O/checkpoint_iter_0155.npy. 
Iter 0156 | Energy: -80.988069 | Delta: 6.03e-02 | M: 22143.6731 | Path: CPU-Statevector MPI-distributed (1 ranks)
Iter 0157 | Energy: -80.976269 | Delta: 1.18e-02 | M: 20939.2420 | Path: CPU-Statevector MPI-distributed (1 ranks)
Iter 0158 | Energy: -80.991528 | Delta: 1.53e-02 | M: 21128.4166 | Path: CPU-Statevector MPI-distributed (1 ranks)
Iter 0159 | Energy: -81.004407 | Delta: 1.29e-02 | M: 15102.4619 | Path: CPU-Statevector MPI-distributed (1 ranks)
Iter 0160 | Energy: -81.002063 | Delta: 2.34e-03 | M: 22185.1326 | Path: CPU-Statevector MPI-distributed (1 ranks)
[RESILIENCE] Iteration 160: Global theta state checkpointed at path checkpoints/H2O/checkpoint_iter_0160.npy. 
Iter 0161 | Energy: -81.004366 | Delta: 2.30e-03 | M: 22906.8127 | Path: CPU-Statevector MPI-distributed (1 ranks)
Iter 0162 | Energy: -81.021457 | Delta: 1.71e-02 | M: 24486.0339 | Path: CPU-Statevector MPI-distributed (1 ranks)
Iter 0163 | Energy: -81.042859 | Delta: 2.14e-02 | M: 24394.2006 | Path: CPU-Statevector MPI-distributed (1 ranks)
Iter 0164 | Energy: -81.027113 | Delta: 1.57e-02 | M: 22152.8890 | Path: CPU-Statevector MPI-distributed (1 ranks)
Iter 0165 | Energy: -81.034085 | Delta: 6.97e-03 | M: 21268.1855 | Path: CPU-Statevector MPI-distributed (1 ranks)
[RESILIENCE] Iteration 165: Global theta state checkpointed at path checkpoints/H2O/checkpoint_iter_0165.npy. 
Iter 0166 | Energy: -81.045355 | Delta: 1.13e-02 | M: 23349.4553 | Path: CPU-Statevector MPI-distributed (1 ranks)
Iter 0167 | Energy: -81.088641 | Delta: 4.33e-02 | M: 21981.1891 | Path: CPU-Statevector MPI-distributed (1 ranks)
Iter 0168 | Energy: -81.085161 | Delta: 3.48e-03 | M: 23499.5758 | Path: CPU-Statevector MPI-distributed (1 ranks)
Iter 0169 | Energy: -81.058858 | Delta: 2.63e-02 | M: 23191.1372 | Path: CPU-Statevector MPI-distributed (1 ranks)
Iter 0170 | Energy: -81.088997 | Delta: 3.01e-02 | M: 22888.1505 | Path: CPU-Statevector MPI-distributed (1 ranks)
[RESILIENCE] Iteration 170: Global theta state checkpointed at path checkpoints/H2O/checkpoint_iter_0170.npy. 
Iter 0171 | Energy: -81.080668 | Delta: 8.33e-03 | M: 23253.3527 | Path: CPU-Statevector MPI-distributed (1 ranks)
Iter 0172 | Energy: -81.094563 | Delta: 1.39e-02 | M: 23925.3170 | Path: CPU-Statevector MPI-distributed (1 ranks)
Iter 0173 | Energy: -81.082457 | Delta: 1.21e-02 | M: 23190.1793 | Path: CPU-Statevector MPI-distributed (1 ranks)
Iter 0174 | Energy: -81.083848 | Delta: 1.39e-03 | M: 21900.6792 | Path: CPU-Statevector MPI-distributed (1 ranks)
Iter 0175 | Energy: -81.080585 | Delta: 3.26e-03 | M: 23577.6626 | Path: CPU-Statevector MPI-distributed (1 ranks)
[RESILIENCE] Iteration 175: Global theta state checkpointed at path checkpoints/H2O/checkpoint_iter_0175.npy. 
Iter 0176 | Energy: -81.082875 | Delta: 2.29e-03 | M: 23504.4593 | Path: CPU-Statevector MPI-distributed (1 ranks)
Iter 0177 | Energy: -81.129663 | Delta: 4.68e-02 | M: 23221.1933 | Path: CPU-Statevector MPI-distributed (1 ranks)
Iter 0178 | Energy: -81.080355 | Delta: 4.93e-02 | M: 23399.5496 | Path: CPU-Statevector MPI-distributed (1 ranks)
Iter 0179 | Energy: -81.076434 | Delta: 3.92e-03 | M: 23145.1933 | Path: CPU-Statevector MPI-distributed (1 ranks)
Iter 0180 | Energy: -81.091522 | Delta: 1.51e-02 | M: 20241.8910 | Path: CPU-Statevector MPI-distributed (1 ranks)
[RESILIENCE] Iteration 180: Global theta state checkpointed at path checkpoints/H2O/checkpoint_iter_0180.npy. 
Iter 0181 | Energy: -81.139127 | Delta: 4.76e-02 | M: 23585.2503 | Path: CPU-Statevector MPI-distributed (1 ranks)
Iter 0182 | Energy: -81.166630 | Delta: 2.75e-02 | M: 23464.5335 | Path: CPU-Statevector MPI-distributed (1 ranks)
Iter 0183 | Energy: -81.197747 | Delta: 3.11e-02 | M: 23003.1828 | Path: CPU-Statevector MPI-distributed (1 ranks)
Iter 0184 | Energy: -81.165560 | Delta: 3.22e-02 | M: 22278.0664 | Path: CPU-Statevector MPI-distributed (1 ranks)
Iter 0185 | Energy: -81.164848 | Delta: 7.12e-04 | M: 23558.1750 | Path: CPU-Statevector MPI-distributed (1 ranks)
[RESILIENCE] Iteration 185: Global theta state checkpointed at path checkpoints/H2O/checkpoint_iter_0185.npy. 
Iter 0186 | Energy: -81.175867 | Delta: 1.10e-02 | M: 22736.7502 | Path: CPU-Statevector MPI-distributed (1 ranks)
Iter 0187 | Energy: -81.205258 | Delta: 2.94e-02 | M: 22737.1899 | Path: CPU-Statevector MPI-distributed (1 ranks)
Iter 0188 | Energy: -81.206541 | Delta: 1.28e-03 | M: 23000.4162 | Path: CPU-Statevector MPI-distributed (1 ranks)
Iter 0189 | Energy: -81.214902 | Delta: 8.36e-03 | M: 21538.7413 | Path: CPU-Statevector MPI-distributed (1 ranks)
Iter 0190 | Energy: -81.222216 | Delta: 7.31e-03 | M: 23827.2074 | Path: CPU-Statevector MPI-distributed (1 ranks)
[RESILIENCE] Iteration 190: Global theta state checkpointed at path checkpoints/H2O/checkpoint_iter_0190.npy. 
Iter 0191 | Energy: -81.230905 | Delta: 8.69e-03 | M: 21433.5003 | Path: CPU-Statevector MPI-distributed (1 ranks)
Iter 0192 | Energy: -81.224451 | Delta: 6.45e-03 | M: 22698.1858 | Path: CPU-Statevector MPI-distributed (1 ranks)
Iter 0193 | Energy: -81.247403 | Delta: 2.30e-02 | M: 23445.4873 | Path: CPU-Statevector MPI-distributed (1 ranks)
Iter 0194 | Energy: -81.260941 | Delta: 1.35e-02 | M: 23863.0070 | Path: CPU-Statevector MPI-distributed (1 ranks)
Iter 0195 | Energy: -81.244987 | Delta: 1.60e-02 | M: 21350.7916 | Path: CPU-Statevector MPI-distributed (1 ranks)
[RESILIENCE] Iteration 195: Global theta state checkpointed at path checkpoints/H2O/checkpoint_iter_0195.npy. 
Iter 0196 | Energy: -81.265512 | Delta: 2.05e-02 | M: 22357.2353 | Path: CPU-Statevector MPI-distributed (1 ranks)
Iter 0197 | Energy: -81.280975 | Delta: 1.55e-02 | M: 21801.5734 | Path: CPU-Statevector MPI-distributed (1 ranks)
Iter 0198 | Energy: -81.249793 | Delta: 3.12e-02 | M: 23325.7898 | Path: CPU-Statevector MPI-distributed (1 ranks)
Iter 0199 | Energy: -81.261414 | Delta: 1.16e-02 | M: 22126.2223 | Path: CPU-Statevector MPI-distributed (1 ranks)
Iter 0200 | Energy: -81.339699 | Delta: 7.83e-02 | M: 23229.9416 | Path: CPU-Statevector MPI-distributed (1 ranks)
[RESILIENCE] Iteration 200: Global theta state checkpointed at path checkpoints/H2O/checkpoint_iter_0200.npy. 
Iter 0201 | Energy: -81.352753 | Delta: 1.31e-02 | M: 23093.7357 | Path: CPU-Statevector MPI-distributed (1 ranks)
Iter 0202 | Energy: -81.381257 | Delta: 2.85e-02 | M: 23375.1722 | Path: CPU-Statevector MPI-distributed (1 ranks)
Iter 0203 | Energy: -81.363937 | Delta: 1.73e-02 | M: 22778.9039 | Path: CPU-Statevector MPI-distributed (1 ranks)
Iter 0204 | Energy: -81.381442 | Delta: 1.75e-02 | M: 21983.6121 | Path: CPU-Statevector MPI-distributed (1 ranks)
Iter 0205 | Energy: -81.378656 | Delta: 2.79e-03 | M: 23078.2312 | Path: CPU-Statevector MPI-distributed (1 ranks)
[RESILIENCE] Iteration 205: Global theta state checkpointed at path checkpoints/H2O/checkpoint_iter_0205.npy. 
Iter 0206 | Energy: -81.419491 | Delta: 4.08e-02 | M: 21530.2721 | Path: CPU-Statevector MPI-distributed (1 ranks)
Iter 0207 | Energy: -81.402854 | Delta: 1.66e-02 | M: 23981.2790 | Path: CPU-Statevector MPI-distributed (1 ranks)
Iter 0208 | Energy: -81.395738 | Delta: 7.12e-03 | M: 21659.6508 | Path: CPU-Statevector MPI-distributed (1 ranks)
Iter 0209 | Energy: -81.471360 | Delta: 7.56e-02 | M: 23956.3215 | Path: CPU-Statevector MPI-distributed (1 ranks)
Iter 0210 | Energy: -81.425577 | Delta: 4.58e-02 | M: 24090.5451 | Path: CPU-Statevector MPI-distributed (1 ranks)
[RESILIENCE] Iteration 210: Global theta state checkpointed at path checkpoints/H2O/checkpoint_iter_0210.npy. 
Iter 0211 | Energy: -81.469958 | Delta: 4.44e-02 | M: 23524.2680 | Path: CPU-Statevector MPI-distributed (1 ranks)
Iter 0212 | Energy: -81.492111 | Delta: 2.22e-02 | M: 22801.3980 | Path: CPU-Statevector MPI-distributed (1 ranks)
Iter 0213 | Energy: -81.495311 | Delta: 3.20e-03 | M: 22200.5411 | Path: CPU-Statevector MPI-distributed (1 ranks)
Iter 0214 | Energy: -81.481538 | Delta: 1.38e-02 | M: 15360.0580 | Path: CPU-Statevector MPI-distributed (1 ranks)
Iter 0215 | Energy: -81.500634 | Delta: 1.91e-02 | M: 22526.8536 | Path: CPU-Statevector MPI-distributed (1 ranks)
[RESILIENCE] Iteration 215: Global theta state checkpointed at path checkpoints/H2O/checkpoint_iter_0215.npy. 
Iter 0216 | Energy: -81.499632 | Delta: 1.00e-03 | M: 21317.7256 | Path: CPU-Statevector MPI-distributed (1 ranks)
Iter 0217 | Energy: -81.527269 | Delta: 2.76e-02 | M: 23201.5565 | Path: CPU-Statevector MPI-distributed (1 ranks)
Iter 0218 | Energy: -81.499978 | Delta: 2.73e-02 | M: 23787.5326 | Path: CPU-Statevector MPI-distributed (1 ranks)
Iter 0219 | Energy: -81.530504 | Delta: 3.05e-02 | M: 23458.7315 | Path: CPU-Statevector MPI-distributed (1 ranks)
Iter 0220 | Energy: -81.508814 | Delta: 2.17e-02 | M: 22135.0158 | Path: CPU-Statevector MPI-distributed (1 ranks)
[RESILIENCE] Iteration 220: Global theta state checkpointed at path checkpoints/H2O/checkpoint_iter_0220.npy. 
Iter 0221 | Energy: -81.517097 | Delta: 8.28e-03 | M: 23700.5841 | Path: CPU-Statevector MPI-distributed (1 ranks)
Iter 0222 | Energy: -81.494043 | Delta: 2.31e-02 | M: 22456.7584 | Path: CPU-Statevector MPI-distributed (1 ranks)
Iter 0223 | Energy: -81.522564 | Delta: 2.85e-02 | M: 23102.0584 | Path: CPU-Statevector MPI-distributed (1 ranks)
Iter 0224 | Energy: -81.539991 | Delta: 1.74e-02 | M: 23807.4480 | Path: CPU-Statevector MPI-distributed (1 ranks)
Iter 0225 | Energy: -81.529568 | Delta: 1.04e-02 | M: 23874.7007 | Path: CPU-Statevector MPI-distributed (1 ranks)
[RESILIENCE] Iteration 225: Global theta state checkpointed at path checkpoints/H2O/checkpoint_iter_0225.npy. 
Iter 0226 | Energy: -81.519777 | Delta: 9.79e-03 | M: 22965.7729 | Path: CPU-Statevector MPI-distributed (1 ranks)
Iter 0227 | Energy: -81.567383 | Delta: 4.76e-02 | M: 23327.2350 | Path: CPU-Statevector MPI-distributed (1 ranks)
Iter 0228 | Energy: -81.545138 | Delta: 2.22e-02 | M: 24193.7864 | Path: CPU-Statevector MPI-distributed (1 ranks)
Iter 0229 | Energy: -81.563608 | Delta: 1.85e-02 | M: 20866.6906 | Path: CPU-Statevector MPI-distributed (1 ranks)
Iter 0230 | Energy: -81.576557 | Delta: 1.29e-02 | M: 21663.0606 | Path: CPU-Statevector MPI-distributed (1 ranks)
[RESILIENCE] Iteration 230: Global theta state checkpointed at path checkpoints/H2O/checkpoint_iter_0230.npy. 
Iter 0231 | Energy: -81.570303 | Delta: 6.25e-03 | M: 22118.5463 | Path: CPU-Statevector MPI-distributed (1 ranks)
Iter 0232 | Energy: -81.552353 | Delta: 1.80e-02 | M: 23002.8958 | Path: CPU-Statevector MPI-distributed (1 ranks)
Iter 0233 | Energy: -81.552680 | Delta: 3.27e-04 | M: 23641.6623 | Path: CPU-Statevector MPI-distributed (1 ranks)
Iter 0234 | Energy: -81.553752 | Delta: 1.07e-03 | M: 23691.4610 | Path: CPU-Statevector MPI-distributed (1 ranks)
Iter 0235 | Energy: -81.604538 | Delta: 5.08e-02 | M: 23106.3896 | Path: CPU-Statevector MPI-distributed (1 ranks)
[RESILIENCE] Iteration 235: Global theta state checkpointed at path checkpoints/H2O/checkpoint_iter_0235.npy. 
Iter 0236 | Energy: -81.596457 | Delta: 8.08e-03 | M: 22404.7435 | Path: CPU-Statevector MPI-distributed (1 ranks)
Iter 0237 | Energy: -81.597760 | Delta: 1.30e-03 | M: 20894.7857 | Path: CPU-Statevector MPI-distributed (1 ranks)
Iter 0238 | Energy: -81.595491 | Delta: 2.27e-03 | M: 23927.5973 | Path: CPU-Statevector MPI-distributed (1 ranks)
Iter 0239 | Energy: -81.583568 | Delta: 1.19e-02 | M: 21999.5066 | Path: CPU-Statevector MPI-distributed (1 ranks)
Iter 0240 | Energy: -81.539408 | Delta: 4.42e-02 | M: 22138.2726 | Path: CPU-Statevector MPI-distributed (1 ranks)
[RESILIENCE] Iteration 240: Global theta state checkpointed at path checkpoints/H2O/checkpoint_iter_0240.npy. 
Iter 0241 | Energy: -81.614240 | Delta: 7.48e-02 | M: 21878.0129 | Path: CPU-Statevector MPI-distributed (1 ranks)
Iter 0242 | Energy: -81.626914 | Delta: 1.27e-02 | M: 23714.9412 | Path: CPU-Statevector MPI-distributed (1 ranks)
Iter 0243 | Energy: -81.627118 | Delta: 2.04e-04 | M: 22544.2882 | Path: CPU-Statevector MPI-distributed (1 ranks)
Iter 0244 | Energy: -81.634327 | Delta: 7.21e-03 | M: 23993.5276 | Path: CPU-Statevector MPI-distributed (1 ranks)
Iter 0245 | Energy: -81.607690 | Delta: 2.66e-02 | M: 23946.8194 | Path: CPU-Statevector MPI-distributed (1 ranks)
[RESILIENCE] Iteration 245: Global theta state checkpointed at path checkpoints/H2O/checkpoint_iter_0245.npy. 
Iter 0246 | Energy: -81.604656 | Delta: 3.03e-03 | M: 21794.1266 | Path: CPU-Statevector MPI-distributed (1 ranks)
Iter 0247 | Energy: -81.626329 | Delta: 2.17e-02 | M: 23493.3501 | Path: CPU-Statevector MPI-distributed (1 ranks)
Iter 0248 | Energy: -81.603155 | Delta: 2.32e-02 | M: 23651.1387 | Path: CPU-Statevector MPI-distributed (1 ranks)
Iter 0249 | Energy: -81.611535 | Delta: 8.38e-03 | M: 23152.6978 | Path: CPU-Statevector MPI-distributed (1 ranks)
Iter 0250 | Energy: -81.589812 | Delta: 2.17e-02 | M: 22729.2828 | Path: CPU-Statevector MPI-distributed (1 ranks)
[RESILIENCE] Iteration 250: Global theta state checkpointed at path checkpoints/H2O/checkpoint_iter_0250.npy. 
Iter 0251 | Energy: -81.601412 | Delta: 1.16e-02 | M: 23536.3525 | Path: CPU-Statevector MPI-distributed (1 ranks)
Iter 0252 | Energy: -81.641519 | Delta: 4.01e-02 | M: 20973.0020 | Path: CPU-Statevector MPI-distributed (1 ranks)
Iter 0253 | Energy: -81.644521 | Delta: 3.00e-03 | M: 23511.4239 | Path: CPU-Statevector MPI-distributed (1 ranks)
Iter 0254 | Energy: -81.647648 | Delta: 3.13e-03 | M: 21985.3091 | Path: CPU-Statevector MPI-distributed (1 ranks)
Iter 0255 | Energy: -81.669551 | Delta: 2.19e-02 | M: 22456.2702 | Path: CPU-Statevector MPI-distributed (1 ranks)
[RESILIENCE] Iteration 255: Global theta state checkpointed at path checkpoints/H2O/checkpoint_iter_0255.npy. 
Iter 0256 | Energy: -81.642656 | Delta: 2.69e-02 | M: 23614.6620 | Path: CPU-Statevector MPI-distributed (1 ranks)
Iter 0257 | Energy: -81.661540 | Delta: 1.89e-02 | M: 22886.2799 | Path: CPU-Statevector MPI-distributed (1 ranks)
Iter 0258 | Energy: -81.635558 | Delta: 2.60e-02 | M: 23479.6259 | Path: CPU-Statevector MPI-distributed (1 ranks)
Iter 0259 | Energy: -81.646889 | Delta: 1.13e-02 | M: 23008.8994 | Path: CPU-Statevector MPI-distributed (1 ranks)
Iter 0260 | Energy: -81.667783 | Delta: 2.09e-02 | M: 23304.1891 | Path: CPU-Statevector MPI-distributed (1 ranks)
[RESILIENCE] Iteration 260: Global theta state checkpointed at path checkpoints/H2O/checkpoint_iter_0260.npy. 
Iter 0261 | Energy: -81.653751 | Delta: 1.40e-02 | M: 21276.2212 | Path: CPU-Statevector MPI-distributed (1 ranks)
Iter 0262 | Energy: -81.643532 | Delta: 1.02e-02 | M: 23698.3498 | Path: CPU-Statevector MPI-distributed (1 ranks)
Iter 0263 | Energy: -81.652660 | Delta: 9.13e-03 | M: 22780.4209 | Path: CPU-Statevector MPI-distributed (1 ranks)
Iter 0264 | Energy: -81.668535 | Delta: 1.59e-02 | M: 23340.6936 | Path: CPU-Statevector MPI-distributed (1 ranks)
Iter 0265 | Energy: -81.660970 | Delta: 7.57e-03 | M: 23787.6880 | Path: CPU-Statevector MPI-distributed (1 ranks)
[RESILIENCE] Iteration 265: Global theta state checkpointed at path checkpoints/H2O/checkpoint_iter_0265.npy. 
Iter 0266 | Energy: -81.658931 | Delta: 2.04e-03 | M: 23168.0724 | Path: CPU-Statevector MPI-distributed (1 ranks)
Iter 0267 | Energy: -81.678777 | Delta: 1.98e-02 | M: 23016.0589 | Path: CPU-Statevector MPI-distributed (1 ranks)
Iter 0268 | Energy: -81.662393 | Delta: 1.64e-02 | M: 22126.8183 | Path: CPU-Statevector MPI-distributed (1 ranks)
Iter 0269 | Energy: -81.668549 | Delta: 6.16e-03 | M: 22259.4591 | Path: CPU-Statevector MPI-distributed (1 ranks)
Iter 0270 | Energy: -81.680847 | Delta: 1.23e-02 | M: 23382.4540 | Path: CPU-Statevector MPI-distributed (1 ranks)
[RESILIENCE] Iteration 270: Global theta state checkpointed at path checkpoints/H2O/checkpoint_iter_0270.npy. 
Iter 0271 | Energy: -81.679264 | Delta: 1.58e-03 | M: 21750.7585 | Path: CPU-Statevector MPI-distributed (1 ranks)
Iter 0272 | Energy: -81.738167 | Delta: 5.89e-02 | M: 24247.2380 | Path: CPU-Statevector MPI-distributed (1 ranks)
Iter 0273 | Energy: -81.737073 | Delta: 1.09e-03 | M: 23480.3847 | Path: CPU-Statevector MPI-distributed (1 ranks)
Iter 0274 | Energy: -81.736450 | Delta: 6.22e-04 | M: 23755.3015 | Path: CPU-Statevector MPI-distributed (1 ranks)
Iter 0275 | Energy: -81.724928 | Delta: 1.15e-02 | M: 22296.9178 | Path: CPU-Statevector MPI-distributed (1 ranks)
[RESILIENCE] Iteration 275: Global theta state checkpointed at path checkpoints/H2O/checkpoint_iter_0275.npy. 
Iter 0276 | Energy: -81.726763 | Delta: 1.83e-03 | M: 23292.2608 | Path: CPU-Statevector MPI-distributed (1 ranks)
Iter 0277 | Energy: -81.715895 | Delta: 1.09e-02 | M: 21463.9404 | Path: CPU-Statevector MPI-distributed (1 ranks)
Iter 0278 | Energy: -81.707092 | Delta: 8.80e-03 | M: 22711.3621 | Path: CPU-Statevector MPI-distributed (1 ranks)
Iter 0279 | Energy: -81.717853 | Delta: 1.08e-02 | M: 23825.8388 | Path: CPU-Statevector MPI-distributed (1 ranks)
Iter 0280 | Energy: -81.755703 | Delta: 3.79e-02 | M: 20829.4849 | Path: CPU-Statevector MPI-distributed (1 ranks)
[RESILIENCE] Iteration 280: Global theta state checkpointed at path checkpoints/H2O/checkpoint_iter_0280.npy. 
Iter 0281 | Energy: -81.728785 | Delta: 2.69e-02 | M: 23957.1323 | Path: CPU-Statevector MPI-distributed (1 ranks)
Iter 0282 | Energy: -81.734799 | Delta: 6.01e-03 | M: 24143.9992 | Path: CPU-Statevector MPI-distributed (1 ranks)
Iter 0283 | Energy: -81.749227 | Delta: 1.44e-02 | M: 23488.9262 | Path: CPU-Statevector MPI-distributed (1 ranks)
Iter 0284 | Energy: -81.772780 | Delta: 2.36e-02 | M: 23141.1870 | Path: CPU-Statevector MPI-distributed (1 ranks)
Iter 0285 | Energy: -81.770935 | Delta: 1.84e-03 | M: 21842.4630 | Path: CPU-Statevector MPI-distributed (1 ranks)
[RESILIENCE] Iteration 285: Global theta state checkpointed at path checkpoints/H2O/checkpoint_iter_0285.npy. 
Iter 0286 | Energy: -81.775716 | Delta: 4.78e-03 | M: 23642.8449 | Path: CPU-Statevector MPI-distributed (1 ranks)
Iter 0287 | Energy: -81.756000 | Delta: 1.97e-02 | M: 23221.3107 | Path: CPU-Statevector MPI-distributed (1 ranks)
Iter 0288 | Energy: -81.768804 | Delta: 1.28e-02 | M: 23774.8054 | Path: CPU-Statevector MPI-distributed (1 ranks)
Iter 0289 | Energy: -81.769289 | Delta: 4.85e-04 | M: 23939.0272 | Path: CPU-Statevector MPI-distributed (1 ranks)
Iter 0290 | Energy: -81.749158 | Delta: 2.01e-02 | M: 23824.1822 | Path: CPU-Statevector MPI-distributed (1 ranks)
[RESILIENCE] Iteration 290: Global theta state checkpointed at path checkpoints/H2O/checkpoint_iter_0290.npy. 
Iter 0291 | Energy: -81.779142 | Delta: 3.00e-02 | M: 23535.0352 | Path: CPU-Statevector MPI-distributed (1 ranks)
Iter 0292 | Energy: -81.805892 | Delta: 2.67e-02 | M: 23695.7739 | Path: CPU-Statevector MPI-distributed (1 ranks)
Iter 0293 | Energy: -81.761939 | Delta: 4.40e-02 | M: 24307.7277 | Path: CPU-Statevector MPI-distributed (1 ranks)
Iter 0294 | Energy: -81.748242 | Delta: 1.37e-02 | M: 21596.3816 | Path: CPU-Statevector MPI-distributed (1 ranks)
Iter 0295 | Energy: -81.815484 | Delta: 6.72e-02 | M: 22747.2408 | Path: CPU-Statevector MPI-distributed (1 ranks)
[RESILIENCE] Iteration 295: Global theta state checkpointed at path checkpoints/H2O/checkpoint_iter_0295.npy. 
Iter 0296 | Energy: -81.788284 | Delta: 2.72e-02 | M: 23776.5497 | Path: CPU-Statevector MPI-distributed (1 ranks)
Iter 0297 | Energy: -81.825597 | Delta: 3.73e-02 | M: 22673.2231 | Path: CPU-Statevector MPI-distributed (1 ranks)
Iter 0298 | Energy: -81.780525 | Delta: 4.51e-02 | M: 23236.7560 | Path: CPU-Statevector MPI-distributed (1 ranks)
Iter 0299 | Energy: -81.818514 | Delta: 3.80e-02 | M: 22976.5265 | Path: CPU-Statevector MPI-distributed (1 ranks)
Iter 0300 | Energy: -81.802495 | Delta: 1.60e-02 | M: 24006.3918 | Path: CPU-Statevector MPI-distributed (1 ranks)
[RESILIENCE] Iteration 300: Global theta state checkpointed at path checkpoints/H2O/checkpoint_iter_0300.npy. 
Iter 0301 | Energy: -81.788004 | Delta: 1.45e-02 | M: 22604.4474 | Path: CPU-Statevector MPI-distributed (1 ranks)
Iter 0302 | Energy: -81.831418 | Delta: 4.34e-02 | M: 20466.0808 | Path: CPU-Statevector MPI-distributed (1 ranks)
Iter 0303 | Energy: -81.796097 | Delta: 3.53e-02 | M: 22026.8315 | Path: CPU-Statevector MPI-distributed (1 ranks)
Iter 0304 | Energy: -81.831095 | Delta: 3.50e-02 | M: 22674.1259 | Path: CPU-Statevector MPI-distributed (1 ranks)
Iter 0305 | Energy: -81.824221 | Delta: 6.87e-03 | M: 22569.9811 | Path: CPU-Statevector MPI-distributed (1 ranks)
[RESILIENCE] Iteration 305: Global theta state checkpointed at path checkpoints/H2O/checkpoint_iter_0305.npy. 
Iter 0306 | Energy: -81.825950 | Delta: 1.73e-03 | M: 15912.8088 | Path: CPU-Statevector MPI-distributed (1 ranks)
Iter 0307 | Energy: -81.823107 | Delta: 2.84e-03 | M: 21754.5587 | Path: CPU-Statevector MPI-distributed (1 ranks)
Iter 0308 | Energy: -81.865125 | Delta: 4.20e-02 | M: 23268.7719 | Path: CPU-Statevector MPI-distributed (1 ranks)
Iter 0309 | Energy: -81.853187 | Delta: 1.19e-02 | M: 23014.5578 | Path: CPU-Statevector MPI-distributed (1 ranks)
Iter 0310 | Energy: -81.820604 | Delta: 3.26e-02 | M: 24252.2573 | Path: CPU-Statevector MPI-distributed (1 ranks)
[RESILIENCE] Iteration 310: Global theta state checkpointed at path checkpoints/H2O/checkpoint_iter_0310.npy. 
Iter 0311 | Energy: -81.813092 | Delta: 7.51e-03 | M: 22815.1514 | Path: CPU-Statevector MPI-distributed (1 ranks)
Iter 0312 | Energy: -81.859672 | Delta: 4.66e-02 | M: 23335.4376 | Path: CPU-Statevector MPI-distributed (1 ranks)
Iter 0313 | Energy: -81.866910 | Delta: 7.24e-03 | M: 23740.9489 | Path: CPU-Statevector MPI-distributed (1 ranks)
Iter 0314 | Energy: -81.813948 | Delta: 5.30e-02 | M: 23586.5779 | Path: CPU-Statevector MPI-distributed (1 ranks)
Iter 0315 | Energy: -81.871259 | Delta: 5.73e-02 | M: 22754.5231 | Path: CPU-Statevector MPI-distributed (1 ranks)
[RESILIENCE] Iteration 315: Global theta state checkpointed at path checkpoints/H2O/checkpoint_iter_0315.npy. 
Iter 0316 | Energy: -81.848193 | Delta: 2.31e-02 | M: 23800.2541 | Path: CPU-Statevector MPI-distributed (1 ranks)
Iter 0317 | Energy: -81.851252 | Delta: 3.06e-03 | M: 22716.0693 | Path: CPU-Statevector MPI-distributed (1 ranks)
Iter 0318 | Energy: -81.874142 | Delta: 2.29e-02 | M: 20435.3628 | Path: CPU-Statevector MPI-distributed (1 ranks)
Iter 0319 | Energy: -81.843491 | Delta: 3.07e-02 | M: 23572.1798 | Path: CPU-Statevector MPI-distributed (1 ranks)
Iter 0320 | Energy: -81.896523 | Delta: 5.30e-02 | M: 23335.8803 | Path: CPU-Statevector MPI-distributed (1 ranks)
[RESILIENCE] Iteration 320: Global theta state checkpointed at path checkpoints/H2O/checkpoint_iter_0320.npy. 
Iter 0321 | Energy: -81.887431 | Delta: 9.09e-03 | M: 23524.1241 | Path: CPU-Statevector MPI-distributed (1 ranks)
Iter 0322 | Energy: -81.870916 | Delta: 1.65e-02 | M: 23319.8979 | Path: CPU-Statevector MPI-distributed (1 ranks)
Iter 0323 | Energy: -81.887959 | Delta: 1.70e-02 | M: 22884.0322 | Path: CPU-Statevector MPI-distributed (1 ranks)
Iter 0324 | Energy: -81.884996 | Delta: 2.96e-03 | M: 22332.4254 | Path: CPU-Statevector MPI-distributed (1 ranks)
Iter 0325 | Energy: -81.888693 | Delta: 3.70e-03 | M: 23937.7354 | Path: CPU-Statevector MPI-distributed (1 ranks)
[RESILIENCE] Iteration 325: Global theta state checkpointed at path checkpoints/H2O/checkpoint_iter_0325.npy. 
Iter 0326 | Energy: -81.896278 | Delta: 7.58e-03 | M: 21750.0966 | Path: CPU-Statevector MPI-distributed (1 ranks)
Iter 0327 | Energy: -81.889947 | Delta: 6.33e-03 | M: 23774.7066 | Path: CPU-Statevector MPI-distributed (1 ranks)
Iter 0328 | Energy: -81.894939 | Delta: 4.99e-03 | M: 22805.0000 | Path: CPU-Statevector MPI-distributed (1 ranks)
Iter 0329 | Energy: -81.913478 | Delta: 1.85e-02 | M: 23003.8051 | Path: CPU-Statevector MPI-distributed (1 ranks)
Iter 0330 | Energy: -81.888263 | Delta: 2.52e-02 | M: 23247.0139 | Path: CPU-Statevector MPI-distributed (1 ranks)
[RESILIENCE] Iteration 330: Global theta state checkpointed at path checkpoints/H2O/checkpoint_iter_0330.npy. 
Iter 0331 | Energy: -81.908885 | Delta: 2.06e-02 | M: 22622.0744 | Path: CPU-Statevector MPI-distributed (1 ranks)
Iter 0332 | Energy: -81.895506 | Delta: 1.34e-02 | M: 22173.0754 | Path: CPU-Statevector MPI-distributed (1 ranks)
Iter 0333 | Energy: -81.893470 | Delta: 2.04e-03 | M: 22183.1329 | Path: CPU-Statevector MPI-distributed (1 ranks)
Iter 0334 | Energy: -81.921146 | Delta: 2.77e-02 | M: 23652.0858 | Path: CPU-Statevector MPI-distributed (1 ranks)
Iter 0335 | Energy: -81.918628 | Delta: 2.52e-03 | M: 20422.0273 | Path: CPU-Statevector MPI-distributed (1 ranks)
[RESILIENCE] Iteration 335: Global theta state checkpointed at path checkpoints/H2O/checkpoint_iter_0335.npy. 
Iter 0336 | Energy: -81.901228 | Delta: 1.74e-02 | M: 23417.5569 | Path: CPU-Statevector MPI-distributed (1 ranks)
Iter 0337 | Energy: -81.922197 | Delta: 2.10e-02 | M: 23649.3543 | Path: CPU-Statevector MPI-distributed (1 ranks)
Iter 0338 | Energy: -81.925262 | Delta: 3.06e-03 | M: 23276.6949 | Path: CPU-Statevector MPI-distributed (1 ranks)
Iter 0339 | Energy: -81.891844 | Delta: 3.34e-02 | M: 23347.3521 | Path: CPU-Statevector MPI-distributed (1 ranks)
Iter 0340 | Energy: -81.911238 | Delta: 1.94e-02 | M: 22844.4262 | Path: CPU-Statevector MPI-distributed (1 ranks)
[RESILIENCE] Iteration 340: Global theta state checkpointed at path checkpoints/H2O/checkpoint_iter_0340.npy. 
Iter 0341 | Energy: -81.907370 | Delta: 3.87e-03 | M: 22923.6545 | Path: CPU-Statevector MPI-distributed (1 ranks)
Iter 0342 | Energy: -81.899075 | Delta: 8.29e-03 | M: 23743.9378 | Path: CPU-Statevector MPI-distributed (1 ranks)
Iter 0343 | Energy: -81.955807 | Delta: 5.67e-02 | M: 21480.0310 | Path: CPU-Statevector MPI-distributed (1 ranks)
Iter 0344 | Energy: -81.931667 | Delta: 2.41e-02 | M: 23969.8696 | Path: CPU-Statevector MPI-distributed (1 ranks)
Iter 0345 | Energy: -81.923262 | Delta: 8.41e-03 | M: 23923.9111 | Path: CPU-Statevector MPI-distributed (1 ranks)
[RESILIENCE] Iteration 345: Global theta state checkpointed at path checkpoints/H2O/checkpoint_iter_0345.npy. 
Iter 0346 | Energy: -81.919535 | Delta: 3.73e-03 | M: 23483.5271 | Path: CPU-Statevector MPI-distributed (1 ranks)
Iter 0347 | Energy: -81.899976 | Delta: 1.96e-02 | M: 23306.5606 | Path: CPU-Statevector MPI-distributed (1 ranks)
Iter 0348 | Energy: -81.922583 | Delta: 2.26e-02 | M: 23322.0273 | Path: CPU-Statevector MPI-distributed (1 ranks)
Iter 0349 | Energy: -81.950147 | Delta: 2.76e-02 | M: 22482.2575 | Path: CPU-Statevector MPI-distributed (1 ranks)
Iter 0350 | Energy: -81.905162 | Delta: 4.50e-02 | M: 23921.9253 | Path: CPU-Statevector MPI-distributed (1 ranks)
[RESILIENCE] Iteration 350: Global theta state checkpointed at path checkpoints/H2O/checkpoint_iter_0350.npy. 
Iter 0351 | Energy: -81.935820 | Delta: 3.07e-02 | M: 22817.3064 | Path: CPU-Statevector MPI-distributed (1 ranks)
Iter 0352 | Energy: -81.929109 | Delta: 6.71e-03 | M: 20265.8728 | Path: CPU-Statevector MPI-distributed (1 ranks)
Iter 0353 | Energy: -81.951990 | Delta: 2.29e-02 | M: 23908.5034 | Path: CPU-Statevector MPI-distributed (1 ranks)
Iter 0354 | Energy: -81.966523 | Delta: 1.45e-02 | M: 22830.9202 | Path: CPU-Statevector MPI-distributed (1 ranks)
Iter 0355 | Energy: -81.941771 | Delta: 2.48e-02 | M: 23899.5832 | Path: CPU-Statevector MPI-distributed (1 ranks)
[RESILIENCE] Iteration 355: Global theta state checkpointed at path checkpoints/H2O/checkpoint_iter_0355.npy. 
Iter 0356 | Energy: -81.955088 | Delta: 1.33e-02 | M: 23624.6711 | Path: CPU-Statevector MPI-distributed (1 ranks)
Iter 0357 | Energy: -81.990144 | Delta: 3.51e-02 | M: 22266.7452 | Path: CPU-Statevector MPI-distributed (1 ranks)
Iter 0358 | Energy: -82.002115 | Delta: 1.20e-02 | M: 22775.2049 | Path: CPU-Statevector MPI-distributed (1 ranks)
Iter 0359 | Energy: -81.991110 | Delta: 1.10e-02 | M: 23642.9442 | Path: CPU-Statevector MPI-distributed (1 ranks)
Iter 0360 | Energy: -81.973789 | Delta: 1.73e-02 | M: 23442.6693 | Path: CPU-Statevector MPI-distributed (1 ranks)
[RESILIENCE] Iteration 360: Global theta state checkpointed at path checkpoints/H2O/checkpoint_iter_0360.npy. 
Iter 0361 | Energy: -82.008598 | Delta: 3.48e-02 | M: 22634.1032 | Path: CPU-Statevector MPI-distributed (1 ranks)
Iter 0362 | Energy: -82.005093 | Delta: 3.51e-03 | M: 23977.3451 | Path: CPU-Statevector MPI-distributed (1 ranks)
Iter 0363 | Energy: -81.976350 | Delta: 2.87e-02 | M: 23731.4640 | Path: CPU-Statevector MPI-distributed (1 ranks)
Iter 0364 | Energy: -81.971230 | Delta: 5.12e-03 | M: 21375.0886 | Path: CPU-Statevector MPI-distributed (1 ranks)
Iter 0365 | Energy: -82.020480 | Delta: 4.93e-02 | M: 24342.1019 | Path: CPU-Statevector MPI-distributed (1 ranks)
[RESILIENCE] Iteration 365: Global theta state checkpointed at path checkpoints/H2O/checkpoint_iter_0365.npy. 
Iter 0366 | Energy: -82.016739 | Delta: 3.74e-03 | M: 21813.9959 | Path: CPU-Statevector MPI-distributed (1 ranks)
Iter 0367 | Energy: -81.985297 | Delta: 3.14e-02 | M: 22473.7737 | Path: CPU-Statevector MPI-distributed (1 ranks)
Iter 0368 | Energy: -81.995724 | Delta: 1.04e-02 | M: 23041.0229 | Path: CPU-Statevector MPI-distributed (1 ranks)
Iter 0369 | Energy: -82.036569 | Delta: 4.08e-02 | M: 22553.4138 | Path: CPU-Statevector MPI-distributed (1 ranks)
Iter 0370 | Energy: -82.008295 | Delta: 2.83e-02 | M: 23016.4926 | Path: CPU-Statevector MPI-distributed (1 ranks)
[RESILIENCE] Iteration 370: Global theta state checkpointed at path checkpoints/H2O/checkpoint_iter_0370.npy. 
Iter 0371 | Energy: -82.004612 | Delta: 3.68e-03 | M: 15309.6031 | Path: CPU-Statevector MPI-distributed (1 ranks)
Iter 0372 | Energy: -82.004115 | Delta: 4.97e-04 | M: 22417.9762 | Path: CPU-Statevector MPI-distributed (1 ranks)
Iter 0373 | Energy: -81.999807 | Delta: 4.31e-03 | M: 20998.7959 | Path: CPU-Statevector MPI-distributed (1 ranks)
Iter 0374 | Energy: -81.992799 | Delta: 7.01e-03 | M: 21444.1923 | Path: CPU-Statevector MPI-distributed (1 ranks)
Iter 0375 | Energy: -82.050102 | Delta: 5.73e-02 | M: 22707.1778 | Path: CPU-Statevector MPI-distributed (1 ranks)
[RESILIENCE] Iteration 375: Global theta state checkpointed at path checkpoints/H2O/checkpoint_iter_0375.npy. 
Iter 0376 | Energy: -82.017818 | Delta: 3.23e-02 | M: 22655.3935 | Path: CPU-Statevector MPI-distributed (1 ranks)
Iter 0377 | Energy: -82.024768 | Delta: 6.95e-03 | M: 22361.2030 | Path: CPU-Statevector MPI-distributed (1 ranks)
Iter 0378 | Energy: -82.047810 | Delta: 2.30e-02 | M: 23866.5923 | Path: CPU-Statevector MPI-distributed (1 ranks)
Iter 0379 | Energy: -82.074418 | Delta: 2.66e-02 | M: 23801.1419 | Path: CPU-Statevector MPI-distributed (1 ranks)
Iter 0380 | Energy: -82.058869 | Delta: 1.55e-02 | M: 23304.8868 | Path: CPU-Statevector MPI-distributed (1 ranks)
[RESILIENCE] Iteration 380: Global theta state checkpointed at path checkpoints/H2O/checkpoint_iter_0380.npy. 
Iter 0381 | Energy: -82.068867 | Delta: 1.00e-02 | M: 22594.7912 | Path: CPU-Statevector MPI-distributed (1 ranks)
Iter 0382 | Energy: -82.033441 | Delta: 3.54e-02 | M: 24013.8063 | Path: CPU-Statevector MPI-distributed (1 ranks)
Iter 0383 | Energy: -82.084636 | Delta: 5.12e-02 | M: 22051.2622 | Path: CPU-Statevector MPI-distributed (1 ranks)
Iter 0384 | Energy: -82.095829 | Delta: 1.12e-02 | M: 21610.6926 | Path: CPU-Statevector MPI-distributed (1 ranks)
Iter 0385 | Energy: -82.081047 | Delta: 1.48e-02 | M: 23335.9486 | Path: CPU-Statevector MPI-distributed (1 ranks)
[RESILIENCE] Iteration 385: Global theta state checkpointed at path checkpoints/H2O/checkpoint_iter_0385.npy. 
Iter 0386 | Energy: -82.055906 | Delta: 2.51e-02 | M: 23471.4683 | Path: CPU-Statevector MPI-distributed (1 ranks)
Iter 0387 | Energy: -82.045844 | Delta: 1.01e-02 | M: 23141.5573 | Path: CPU-Statevector MPI-distributed (1 ranks)
Iter 0388 | Energy: -82.051221 | Delta: 5.38e-03 | M: 23869.6354 | Path: CPU-Statevector MPI-distributed (1 ranks)
Iter 0389 | Energy: -82.048454 | Delta: 2.77e-03 | M: 23112.2881 | Path: CPU-Statevector MPI-distributed (1 ranks)
Iter 0390 | Energy: -82.098815 | Delta: 5.04e-02 | M: 22226.1451 | Path: CPU-Statevector MPI-distributed (1 ranks)
[RESILIENCE] Iteration 390: Global theta state checkpointed at path checkpoints/H2O/checkpoint_iter_0390.npy. 
Iter 0391 | Energy: -82.074845 | Delta: 2.40e-02 | M: 23724.9185 | Path: CPU-Statevector MPI-distributed (1 ranks)
Iter 0392 | Energy: -82.100151 | Delta: 2.53e-02 | M: 23959.8834 | Path: CPU-Statevector MPI-distributed (1 ranks)
Iter 0393 | Energy: -82.102689 | Delta: 2.54e-03 | M: 23851.5370 | Path: CPU-Statevector MPI-distributed (1 ranks)
Iter 0394 | Energy: -82.064168 | Delta: 3.85e-02 | M: 22868.9448 | Path: CPU-Statevector MPI-distributed (1 ranks)
Iter 0395 | Energy: -82.112479 | Delta: 4.83e-02 | M: 22486.5793 | Path: CPU-Statevector MPI-distributed (1 ranks)
[RESILIENCE] Iteration 395: Global theta state checkpointed at path checkpoints/H2O/checkpoint_iter_0395.npy. 
Iter 0396 | Energy: -82.099298 | Delta: 1.32e-02 | M: 22582.7634 | Path: CPU-Statevector MPI-distributed (1 ranks)
Iter 0397 | Energy: -82.064590 | Delta: 3.47e-02 | M: 24115.6112 | Path: CPU-Statevector MPI-distributed (1 ranks)
Iter 0398 | Energy: -82.105392 | Delta: 4.08e-02 | M: 22349.9677 | Path: CPU-Statevector MPI-distributed (1 ranks)
Iter 0399 | Energy: -82.128788 | Delta: 2.34e-02 | M: 23168.4048 | Path: CPU-Statevector MPI-distributed (1 ranks)
Iter 0400 | Energy: -82.118815 | Delta: 9.97e-03 | M: 23537.1505 | Path: CPU-Statevector MPI-distributed (1 ranks)
[RESILIENCE] Iteration 400: Global theta state checkpointed at path checkpoints/H2O/checkpoint_iter_0400.npy. 
Iter 0401 | Energy: -82.092128 | Delta: 2.67e-02 | M: 23547.0695 | Path: CPU-Statevector MPI-distributed (1 ranks)
Iter 0402 | Energy: -82.085325 | Delta: 6.80e-03 | M: 12357.5042 | Path: CPU-Statevector MPI-distributed (1 ranks)
Iter 0403 | Energy: -82.129626 | Delta: 4.43e-02 | M: 23728.4730 | Path: CPU-Statevector MPI-distributed (1 ranks)
Iter 0404 | Energy: -82.144799 | Delta: 1.52e-02 | M: 21407.5694 | Path: CPU-Statevector MPI-distributed (1 ranks)
Iter 0405 | Energy: -82.100058 | Delta: 4.47e-02 | M: 23179.6277 | Path: CPU-Statevector MPI-distributed (1 ranks)
[RESILIENCE] Iteration 405: Global theta state checkpointed at path checkpoints/H2O/checkpoint_iter_0405.npy. 
Iter 0406 | Energy: -82.132594 | Delta: 3.25e-02 | M: 24265.1395 | Path: CPU-Statevector MPI-distributed (1 ranks)
Iter 0407 | Energy: -82.120673 | Delta: 1.19e-02 | M: 21746.4857 | Path: CPU-Statevector MPI-distributed (1 ranks)
Iter 0408 | Energy: -82.120662 | Delta: 1.09e-05 | M: 23438.4030 | Path: CPU-Statevector MPI-distributed (1 ranks)
Iter 0409 | Energy: -82.146074 | Delta: 2.54e-02 | M: 23611.4738 | Path: CPU-Statevector MPI-distributed (1 ranks)
Iter 0410 | Energy: -82.125550 | Delta: 2.05e-02 | M: 23012.3259 | Path: CPU-Statevector MPI-distributed (1 ranks)
[RESILIENCE] Iteration 410: Global theta state checkpointed at path checkpoints/H2O/checkpoint_iter_0410.npy. 
Iter 0411 | Energy: -82.114804 | Delta: 1.07e-02 | M: 23041.1918 | Path: CPU-Statevector MPI-distributed (1 ranks)
Iter 0412 | Energy: -82.115853 | Delta: 1.05e-03 | M: 21975.7780 | Path: CPU-Statevector MPI-distributed (1 ranks)
Iter 0413 | Energy: -82.119096 | Delta: 3.24e-03 | M: 23148.9402 | Path: CPU-Statevector MPI-distributed (1 ranks)
Iter 0414 | Energy: -82.120618 | Delta: 1.52e-03 | M: 23092.7015 | Path: CPU-Statevector MPI-distributed (1 ranks)
Iter 0415 | Energy: -82.168654 | Delta: 4.80e-02 | M: 22240.7718 | Path: CPU-Statevector MPI-distributed (1 ranks)
[RESILIENCE] Iteration 415: Global theta state checkpointed at path checkpoints/H2O/checkpoint_iter_0415.npy. 
Iter 0416 | Energy: -82.169088 | Delta: 4.34e-04 | M: 23799.2690 | Path: CPU-Statevector MPI-distributed (1 ranks)
Iter 0417 | Energy: -82.153380 | Delta: 1.57e-02 | M: 23775.2421 | Path: CPU-Statevector MPI-distributed (1 ranks)
Iter 0418 | Energy: -82.159119 | Delta: 5.74e-03 | M: 24083.8157 | Path: CPU-Statevector MPI-distributed (1 ranks)
Iter 0419 | Energy: -82.167575 | Delta: 8.46e-03 | M: 23669.1008 | Path: CPU-Statevector MPI-distributed (1 ranks)
Iter 0420 | Energy: -82.131925 | Delta: 3.57e-02 | M: 24241.2369 | Path: CPU-Statevector MPI-distributed (1 ranks)
[RESILIENCE] Iteration 420: Global theta state checkpointed at path checkpoints/H2O/checkpoint_iter_0420.npy. 
Iter 0421 | Energy: -82.135825 | Delta: 3.90e-03 | M: 21330.2089 | Path: CPU-Statevector MPI-distributed (1 ranks)
Iter 0422 | Energy: -82.138557 | Delta: 2.73e-03 | M: 23040.0920 | Path: CPU-Statevector MPI-distributed (1 ranks)
Iter 0423 | Energy: -82.169838 | Delta: 3.13e-02 | M: 22823.5593 | Path: CPU-Statevector MPI-distributed (1 ranks)
Iter 0424 | Energy: -82.125488 | Delta: 4.43e-02 | M: 21754.2707 | Path: CPU-Statevector MPI-distributed (1 ranks)
Iter 0425 | Energy: -82.173231 | Delta: 4.77e-02 | M: 23366.5429 | Path: CPU-Statevector MPI-distributed (1 ranks)
[RESILIENCE] Iteration 425: Global theta state checkpointed at path checkpoints/H2O/checkpoint_iter_0425.npy. 
Iter 0426 | Energy: -82.183706 | Delta: 1.05e-02 | M: 23671.8878 | Path: CPU-Statevector MPI-distributed (1 ranks)
Iter 0427 | Energy: -82.170059 | Delta: 1.36e-02 | M: 23593.0227 | Path: CPU-Statevector MPI-distributed (1 ranks)
Iter 0428 | Energy: -82.160448 | Delta: 9.61e-03 | M: 23814.9073 | Path: CPU-Statevector MPI-distributed (1 ranks)
Iter 0429 | Energy: -82.131069 | Delta: 2.94e-02 | M: 22791.2429 | Path: CPU-Statevector MPI-distributed (1 ranks)
Iter 0430 | Energy: -82.158433 | Delta: 2.74e-02 | M: 23821.3993 | Path: CPU-Statevector MPI-distributed (1 ranks)
[RESILIENCE] Iteration 430: Global theta state checkpointed at path checkpoints/H2O/checkpoint_iter_0430.npy. 
Iter 0431 | Energy: -82.191774 | Delta: 3.33e-02 | M: 23252.0329 | Path: CPU-Statevector MPI-distributed (1 ranks)
Iter 0432 | Energy: -82.161558 | Delta: 3.02e-02 | M: 20252.1996 | Path: CPU-Statevector MPI-distributed (1 ranks)
Iter 0433 | Energy: -82.180123 | Delta: 1.86e-02 | M: 22686.0700 | Path: CPU-Statevector MPI-distributed (1 ranks)
Iter 0434 | Energy: -82.151221 | Delta: 2.89e-02 | M: 20216.9374 | Path: CPU-Statevector MPI-distributed (1 ranks)
Iter 0435 | Energy: -82.185397 | Delta: 3.42e-02 | M: 23315.0642 | Path: CPU-Statevector MPI-distributed (1 ranks)
[RESILIENCE] Iteration 435: Global theta state checkpointed at path checkpoints/H2O/checkpoint_iter_0435.npy. 
Iter 0436 | Energy: -82.154683 | Delta: 3.07e-02 | M: 23448.6867 | Path: CPU-Statevector MPI-distributed (1 ranks)
Iter 0437 | Energy: -82.196107 | Delta: 4.14e-02 | M: 22681.4444 | Path: CPU-Statevector MPI-distributed (1 ranks)
Iter 0438 | Energy: -82.199430 | Delta: 3.32e-03 | M: 23224.6201 | Path: CPU-Statevector MPI-distributed (1 ranks)
Iter 0439 | Energy: -82.195551 | Delta: 3.88e-03 | M: 23223.1259 | Path: CPU-Statevector MPI-distributed (1 ranks)
Iter 0440 | Energy: -82.201536 | Delta: 5.98e-03 | M: 24210.1766 | Path: CPU-Statevector MPI-distributed (1 ranks)
[RESILIENCE] Iteration 440: Global theta state checkpointed at path checkpoints/H2O/checkpoint_iter_0440.npy. 
Iter 0441 | Energy: -82.200181 | Delta: 1.35e-03 | M: 21381.7335 | Path: CPU-Statevector MPI-distributed (1 ranks)
Iter 0442 | Energy: -82.210218 | Delta: 1.00e-02 | M: 23569.0916 | Path: CPU-Statevector MPI-distributed (1 ranks)
Iter 0443 | Energy: -82.219120 | Delta: 8.90e-03 | M: 20442.5541 | Path: CPU-Statevector MPI-distributed (1 ranks)
Iter 0444 | Energy: -82.189354 | Delta: 2.98e-02 | M: 23958.6961 | Path: CPU-Statevector MPI-distributed (1 ranks)
Iter 0445 | Energy: -82.183929 | Delta: 5.43e-03 | M: 22398.8043 | Path: CPU-Statevector MPI-distributed (1 ranks)
[RESILIENCE] Iteration 445: Global theta state checkpointed at path checkpoints/H2O/checkpoint_iter_0445.npy. 
Iter 0446 | Energy: -82.179874 | Delta: 4.06e-03 | M: 23274.7082 | Path: CPU-Statevector MPI-distributed (1 ranks)
Iter 0447 | Energy: -82.210292 | Delta: 3.04e-02 | M: 23321.7650 | Path: CPU-Statevector MPI-distributed (1 ranks)
Iter 0448 | Energy: -82.186347 | Delta: 2.39e-02 | M: 21760.9771 | Path: CPU-Statevector MPI-distributed (1 ranks)
Iter 0449 | Energy: -82.189149 | Delta: 2.80e-03 | M: 21070.5385 | Path: CPU-Statevector MPI-distributed (1 ranks)
Iter 0450 | Energy: -82.199149 | Delta: 1.00e-02 | M: 24374.7823 | Path: CPU-Statevector MPI-distributed (1 ranks)
[RESILIENCE] Iteration 450: Global theta state checkpointed at path checkpoints/H2O/checkpoint_iter_0450.npy. 
Iter 0451 | Energy: -82.188239 | Delta: 1.09e-02 | M: 22668.2357 | Path: CPU-Statevector MPI-distributed (1 ranks)
Iter 0452 | Energy: -82.219328 | Delta: 3.11e-02 | M: 22766.7339 | Path: CPU-Statevector MPI-distributed (1 ranks)
Iter 0453 | Energy: -82.207402 | Delta: 1.19e-02 | M: 23402.0154 | Path: CPU-Statevector MPI-distributed (1 ranks)
Iter 0454 | Energy: -82.198107 | Delta: 9.30e-03 | M: 11361.5016 | Path: CPU-Statevector MPI-distributed (1 ranks)
Iter 0455 | Energy: -82.229902 | Delta: 3.18e-02 | M: 23164.4701 | Path: CPU-Statevector MPI-distributed (1 ranks)
[RESILIENCE] Iteration 455: Global theta state checkpointed at path checkpoints/H2O/checkpoint_iter_0455.npy. 
Iter 0456 | Energy: -82.212518 | Delta: 1.74e-02 | M: 23892.8535 | Path: CPU-Statevector MPI-distributed (1 ranks)
Iter 0457 | Energy: -82.200707 | Delta: 1.18e-02 | M: 23161.6505 | Path: CPU-Statevector MPI-distributed (1 ranks)
Iter 0458 | Energy: -82.210445 | Delta: 9.74e-03 | M: 20992.6118 | Path: CPU-Statevector MPI-distributed (1 ranks)
Iter 0459 | Energy: -82.242687 | Delta: 3.22e-02 | M: 9474.4707 | Path: CPU-Statevector MPI-distributed (1 ranks)
Iter 0460 | Energy: -82.225976 | Delta: 1.67e-02 | M: 21807.0133 | Path: CPU-Statevector MPI-distributed (1 ranks)
[RESILIENCE] Iteration 460: Global theta state checkpointed at path checkpoints/H2O/checkpoint_iter_0460.npy. 
Iter 0461 | Energy: -82.208216 | Delta: 1.78e-02 | M: 24180.9518 | Path: CPU-Statevector MPI-distributed (1 ranks)
Iter 0462 | Energy: -82.248626 | Delta: 4.04e-02 | M: 22888.2963 | Path: CPU-Statevector MPI-distributed (1 ranks)
Iter 0463 | Energy: -82.230078 | Delta: 1.85e-02 | M: 23302.2303 | Path: CPU-Statevector MPI-distributed (1 ranks)
Iter 0464 | Energy: -82.211518 | Delta: 1.86e-02 | M: 23511.2778 | Path: CPU-Statevector MPI-distributed (1 ranks)
Iter 0465 | Energy: -82.211460 | Delta: 5.79e-05 | M: 23303.6058 | Path: CPU-Statevector MPI-distributed (1 ranks)
[RESILIENCE] Iteration 465: Global theta state checkpointed at path checkpoints/H2O/checkpoint_iter_0465.npy. 
Iter 0466 | Energy: -82.240212 | Delta: 2.88e-02 | M: 21401.0336 | Path: CPU-Statevector MPI-distributed (1 ranks)
Iter 0467 | Energy: -82.218181 | Delta: 2.20e-02 | M: 23453.2551 | Path: CPU-Statevector MPI-distributed (1 ranks)
Iter 0468 | Energy: -82.217509 | Delta: 6.72e-04 | M: 23009.8830 | Path: CPU-Statevector MPI-distributed (1 ranks)
Iter 0469 | Energy: -82.270287 | Delta: 5.28e-02 | M: 22235.0691 | Path: CPU-Statevector MPI-distributed (1 ranks)
Iter 0470 | Energy: -82.226138 | Delta: 4.41e-02 | M: 21994.4512 | Path: CPU-Statevector MPI-distributed (1 ranks)
[RESILIENCE] Iteration 470: Global theta state checkpointed at path checkpoints/H2O/checkpoint_iter_0470.npy. 
Iter 0471 | Energy: -82.225025 | Delta: 1.11e-03 | M: 23858.4266 | Path: CPU-Statevector MPI-distributed (1 ranks)
Iter 0472 | Energy: -82.225404 | Delta: 3.79e-04 | M: 21168.9278 | Path: CPU-Statevector MPI-distributed (1 ranks)
Iter 0473 | Energy: -82.237676 | Delta: 1.23e-02 | M: 21883.4022 | Path: CPU-Statevector MPI-distributed (1 ranks)
Iter 0474 | Energy: -82.267524 | Delta: 2.98e-02 | M: 23722.7228 | Path: CPU-Statevector MPI-distributed (1 ranks)
Iter 0475 | Energy: -82.231545 | Delta: 3.60e-02 | M: 20902.8804 | Path: CPU-Statevector MPI-distributed (1 ranks)
[RESILIENCE] Iteration 475: Global theta state checkpointed at path checkpoints/H2O/checkpoint_iter_0475.npy. 
Iter 0476 | Energy: -82.271030 | Delta: 3.95e-02 | M: 23102.2563 | Path: CPU-Statevector MPI-distributed (1 ranks)
Iter 0477 | Energy: -82.256634 | Delta: 1.44e-02 | M: 22985.9490 | Path: CPU-Statevector MPI-distributed (1 ranks)
Iter 0478 | Energy: -82.248264 | Delta: 8.37e-03 | M: 23042.9319 | Path: CPU-Statevector MPI-distributed (1 ranks)
Iter 0479 | Energy: -82.287421 | Delta: 3.92e-02 | M: 22761.8266 | Path: CPU-Statevector MPI-distributed (1 ranks)
Iter 0480 | Energy: -82.270229 | Delta: 1.72e-02 | M: 23074.1269 | Path: CPU-Statevector MPI-distributed (1 ranks)
[RESILIENCE] Iteration 480: Global theta state checkpointed at path checkpoints/H2O/checkpoint_iter_0480.npy. 
Iter 0481 | Energy: -82.281745 | Delta: 1.15e-02 | M: 20447.8459 | Path: CPU-Statevector MPI-distributed (1 ranks)
Iter 0482 | Energy: -82.251480 | Delta: 3.03e-02 | M: 23584.1111 | Path: CPU-Statevector MPI-distributed (1 ranks)
Iter 0483 | Energy: -82.278972 | Delta: 2.75e-02 | M: 20774.8184 | Path: CPU-Statevector MPI-distributed (1 ranks)
Iter 0484 | Energy: -82.263890 | Delta: 1.51e-02 | M: 23125.7414 | Path: CPU-Statevector MPI-distributed (1 ranks)
Iter 0485 | Energy: -82.262137 | Delta: 1.75e-03 | M: 23056.2364 | Path: CPU-Statevector MPI-distributed (1 ranks)
[RESILIENCE] Iteration 485: Global theta state checkpointed at path checkpoints/H2O/checkpoint_iter_0485.npy. 
Iter 0486 | Energy: -82.306176 | Delta: 4.40e-02 | M: 22847.5770 | Path: CPU-Statevector MPI-distributed (1 ranks)
Iter 0487 | Energy: -82.258727 | Delta: 4.74e-02 | M: 23306.6054 | Path: CPU-Statevector MPI-distributed (1 ranks)
Iter 0488 | Energy: -82.285160 | Delta: 2.64e-02 | M: 23146.7939 | Path: CPU-Statevector MPI-distributed (1 ranks)
Iter 0489 | Energy: -82.304878 | Delta: 1.97e-02 | M: 21935.0485 | Path: CPU-Statevector MPI-distributed (1 ranks)
Iter 0490 | Energy: -82.301603 | Delta: 3.28e-03 | M: 23641.6732 | Path: CPU-Statevector MPI-distributed (1 ranks)
[RESILIENCE] Iteration 490: Global theta state checkpointed at path checkpoints/H2O/checkpoint_iter_0490.npy. 
Iter 0491 | Energy: -82.272923 | Delta: 2.87e-02 | M: 23339.3884 | Path: CPU-Statevector MPI-distributed (1 ranks)
Iter 0492 | Energy: -82.268421 | Delta: 4.50e-03 | M: 21456.7029 | Path: CPU-Statevector MPI-distributed (1 ranks)
Iter 0493 | Energy: -82.275177 | Delta: 6.76e-03 | M: 24226.0700 | Path: CPU-Statevector MPI-distributed (1 ranks)
Iter 0494 | Energy: -82.301925 | Delta: 2.67e-02 | M: 23827.2529 | Path: CPU-Statevector MPI-distributed (1 ranks)
Iter 0495 | Energy: -82.313511 | Delta: 1.16e-02 | M: 24139.5397 | Path: CPU-Statevector MPI-distributed (1 ranks)
[RESILIENCE] Iteration 495: Global theta state checkpointed at path checkpoints/H2O/checkpoint_iter_0495.npy. 
Iter 0496 | Energy: -82.322268 | Delta: 8.76e-03 | M: 23310.0130 | Path: CPU-Statevector MPI-distributed (1 ranks)
Iter 0497 | Energy: -82.288154 | Delta: 3.41e-02 | M: 23525.5528 | Path: CPU-Statevector MPI-distributed (1 ranks)
Iter 0498 | Energy: -82.297208 | Delta: 9.05e-03 | M: 22037.1298 | Path: CPU-Statevector MPI-distributed (1 ranks)
Iter 0499 | Energy: -82.296606 | Delta: 6.02e-04 | M: 22356.3768 | Path: CPU-Statevector MPI-distributed (1 ranks)
Iter 0500 | Energy: -82.288602 | Delta: 8.00e-03 | M: 23236.0889 | Path: CPU-Statevector MPI-distributed (1 ranks)
[RESILIENCE] Iteration 500: Global theta state checkpointed at path checkpoints/H2O/checkpoint_iter_0500.npy. 
Iter 0501 | Energy: -82.286354 | Delta: 2.25e-03 | M: 22630.1453 | Path: CPU-Statevector MPI-distributed (1 ranks)
Iter 0502 | Energy: -82.286808 | Delta: 4.54e-04 | M: 24182.8942 | Path: CPU-Statevector MPI-distributed (1 ranks)
Iter 0503 | Energy: -82.281418 | Delta: 5.39e-03 | M: 23618.5961 | Path: CPU-Statevector MPI-distributed (1 ranks)
Iter 0504 | Energy: -82.286239 | Delta: 4.82e-03 | M: 22452.2040 | Path: CPU-Statevector MPI-distributed (1 ranks)
Iter 0505 | Energy: -82.298474 | Delta: 1.22e-02 | M: 23513.3429 | Path: CPU-Statevector MPI-distributed (1 ranks)
[RESILIENCE] Iteration 505: Global theta state checkpointed at path checkpoints/H2O/checkpoint_iter_0505.npy. 
Iter 0506 | Energy: -82.284043 | Delta: 1.44e-02 | M: 21260.6691 | Path: CPU-Statevector MPI-distributed (1 ranks)
Iter 0507 | Energy: -82.314100 | Delta: 3.01e-02 | M: 23536.1172 | Path: CPU-Statevector MPI-distributed (1 ranks)
Iter 0508 | Energy: -82.346135 | Delta: 3.20e-02 | M: 23403.0441 | Path: CPU-Statevector MPI-distributed (1 ranks)
Iter 0509 | Energy: -82.323202 | Delta: 2.29e-02 | M: 22557.3402 | Path: CPU-Statevector MPI-distributed (1 ranks)
Iter 0510 | Energy: -82.308429 | Delta: 1.48e-02 | M: 23820.3162 | Path: CPU-Statevector MPI-distributed (1 ranks)
[RESILIENCE] Iteration 510: Global theta state checkpointed at path checkpoints/H2O/checkpoint_iter_0510.npy. 
Iter 0511 | Energy: -82.346972 | Delta: 3.85e-02 | M: 23213.3788 | Path: CPU-Statevector MPI-distributed (1 ranks)
Iter 0512 | Energy: -82.331666 | Delta: 1.53e-02 | M: 23286.3500 | Path: CPU-Statevector MPI-distributed (1 ranks)
Iter 0513 | Energy: -82.306493 | Delta: 2.52e-02 | M: 21884.3470 | Path: CPU-Statevector MPI-distributed (1 ranks)
Iter 0514 | Energy: -82.301217 | Delta: 5.28e-03 | M: 23786.6287 | Path: CPU-Statevector MPI-distributed (1 ranks)
Iter 0515 | Energy: -82.312093 | Delta: 1.09e-02 | M: 21829.6876 | Path: CPU-Statevector MPI-distributed (1 ranks)
[RESILIENCE] Iteration 515: Global theta state checkpointed at path checkpoints/H2O/checkpoint_iter_0515.npy. 
Iter 0516 | Energy: -82.346144 | Delta: 3.41e-02 | M: 22420.6641 | Path: CPU-Statevector MPI-distributed (1 ranks)
Iter 0517 | Energy: -82.299613 | Delta: 4.65e-02 | M: 22641.7298 | Path: CPU-Statevector MPI-distributed (1 ranks)
Iter 0518 | Energy: -82.313773 | Delta: 1.42e-02 | M: 23171.9429 | Path: CPU-Statevector MPI-distributed (1 ranks)
Iter 0519 | Energy: -82.328479 | Delta: 1.47e-02 | M: 24294.3212 | Path: CPU-Statevector MPI-distributed (1 ranks)
Iter 0520 | Energy: -82.295294 | Delta: 3.32e-02 | M: 23911.8671 | Path: CPU-Statevector MPI-distributed (1 ranks)
[RESILIENCE] Iteration 520: Global theta state checkpointed at path checkpoints/H2O/checkpoint_iter_0520.npy. 
Iter 0521 | Energy: -82.332512 | Delta: 3.72e-02 | M: 21824.9726 | Path: CPU-Statevector MPI-distributed (1 ranks)
Iter 0522 | Energy: -82.338447 | Delta: 5.94e-03 | M: 24486.5618 | Path: CPU-Statevector MPI-distributed (1 ranks)
Iter 0523 | Energy: -82.309044 | Delta: 2.94e-02 | M: 21994.4058 | Path: CPU-Statevector MPI-distributed (1 ranks)
Iter 0524 | Energy: -82.321704 | Delta: 1.27e-02 | M: 23383.3345 | Path: CPU-Statevector MPI-distributed (1 ranks)
Iter 0525 | Energy: -82.315740 | Delta: 5.96e-03 | M: 20927.2605 | Path: CPU-Statevector MPI-distributed (1 ranks)
[RESILIENCE] Iteration 525: Global theta state checkpointed at path checkpoints/H2O/checkpoint_iter_0525.npy. 
Iter 0526 | Energy: -82.313113 | Delta: 2.63e-03 | M: 21970.2734 | Path: CPU-Statevector MPI-distributed (1 ranks)
Iter 0527 | Energy: -82.320353 | Delta: 7.24e-03 | M: 21653.9679 | Path: CPU-Statevector MPI-distributed (1 ranks)
Iter 0528 | Energy: -82.347415 | Delta: 2.71e-02 | M: 23301.0615 | Path: CPU-Statevector MPI-distributed (1 ranks)
Iter 0529 | Energy: -82.329701 | Delta: 1.77e-02 | M: 22841.8565 | Path: CPU-Statevector MPI-distributed (1 ranks)
Iter 0530 | Energy: -82.353917 | Delta: 2.42e-02 | M: 21475.9589 | Path: CPU-Statevector MPI-distributed (1 ranks)
[RESILIENCE] Iteration 530: Global theta state checkpointed at path checkpoints/H2O/checkpoint_iter_0530.npy. 
Iter 0531 | Energy: -82.304082 | Delta: 4.98e-02 | M: 22991.0638 | Path: CPU-Statevector MPI-distributed (1 ranks)
Iter 0532 | Energy: -82.350207 | Delta: 4.61e-02 | M: 20718.3398 | Path: CPU-Statevector MPI-distributed (1 ranks)
Iter 0533 | Energy: -82.350321 | Delta: 1.14e-04 | M: 22843.3850 | Path: CPU-Statevector MPI-distributed (1 ranks)
Iter 0534 | Energy: -82.314609 | Delta: 3.57e-02 | M: 21993.5017 | Path: CPU-Statevector MPI-distributed (1 ranks)
Iter 0535 | Energy: -82.331294 | Delta: 1.67e-02 | M: 22124.3026 | Path: CPU-Statevector MPI-distributed (1 ranks)
[RESILIENCE] Iteration 535: Global theta state checkpointed at path checkpoints/H2O/checkpoint_iter_0535.npy. 
Iter 0536 | Energy: -82.326207 | Delta: 5.09e-03 | M: 23506.8809 | Path: CPU-Statevector MPI-distributed (1 ranks)
Iter 0537 | Energy: -82.356050 | Delta: 2.98e-02 | M: 22560.5280 | Path: CPU-Statevector MPI-distributed (1 ranks)
Iter 0538 | Energy: -82.330454 | Delta: 2.56e-02 | M: 19830.6989 | Path: CPU-Statevector MPI-distributed (1 ranks)
Iter 0539 | Energy: -82.335202 | Delta: 4.75e-03 | M: 24576.4985 | Path: CPU-Statevector MPI-distributed (1 ranks)
Iter 0540 | Energy: -82.341709 | Delta: 6.51e-03 | M: 24417.2376 | Path: CPU-Statevector MPI-distributed (1 ranks)
[RESILIENCE] Iteration 540: Global theta state checkpointed at path checkpoints/H2O/checkpoint_iter_0540.npy. 
Iter 0541 | Energy: -82.330520 | Delta: 1.12e-02 | M: 22931.9926 | Path: CPU-Statevector MPI-distributed (1 ranks)
Iter 0542 | Energy: -82.342836 | Delta: 1.23e-02 | M: 14601.0398 | Path: CPU-Statevector MPI-distributed (1 ranks)
Iter 0543 | Energy: -82.329430 | Delta: 1.34e-02 | M: 16594.6648 | Path: CPU-Statevector MPI-distributed (1 ranks)
Iter 0544 | Energy: -82.377183 | Delta: 4.78e-02 | M: 18796.2995 | Path: CPU-Statevector MPI-distributed (1 ranks)
Iter 0545 | Energy: -82.371943 | Delta: 5.24e-03 | M: 17444.9473 | Path: CPU-Statevector MPI-distributed (1 ranks)
[RESILIENCE] Iteration 545: Global theta state checkpointed at path checkpoints/H2O/checkpoint_iter_0545.npy. 
Iter 0546 | Energy: -82.388289 | Delta: 1.63e-02 | M: 14560.3896 | Path: CPU-Statevector MPI-distributed (1 ranks)
Iter 0547 | Energy: -82.342024 | Delta: 4.63e-02 | M: 17906.9072 | Path: CPU-Statevector MPI-distributed (1 ranks)
Iter 0548 | Energy: -82.345360 | Delta: 3.34e-03 | M: 17271.5718 | Path: CPU-Statevector MPI-distributed (1 ranks)
Iter 0549 | Energy: -82.390162 | Delta: 4.48e-02 | M: 12766.3288 | Path: CPU-Statevector MPI-distributed (1 ranks)
Iter 0550 | Energy: -82.382083 | Delta: 8.08e-03 | M: 21045.3788 | Path: CPU-Statevector MPI-distributed (1 ranks)
[RESILIENCE] Iteration 550: Global theta state checkpointed at path checkpoints/H2O/checkpoint_iter_0550.npy. 
Iter 0551 | Energy: -82.356144 | Delta: 2.59e-02 | M: 20339.8075 | Path: CPU-Statevector MPI-distributed (1 ranks)
Iter 0552 | Energy: -82.390108 | Delta: 3.40e-02 | M: 21311.6503 | Path: CPU-Statevector MPI-distributed (1 ranks)
Iter 0553 | Energy: -82.345183 | Delta: 4.49e-02 | M: 18518.9428 | Path: CPU-Statevector MPI-distributed (1 ranks)
Iter 0554 | Energy: -82.392440 | Delta: 4.73e-02 | M: 19377.2846 | Path: CPU-Statevector MPI-distributed (1 ranks)
Iter 0555 | Energy: -82.382702 | Delta: 9.74e-03 | M: 13118.4354 | Path: CPU-Statevector MPI-distributed (1 ranks)
[RESILIENCE] Iteration 555: Global theta state checkpointed at path checkpoints/H2O/checkpoint_iter_0555.npy. 
Iter 0556 | Energy: -82.369267 | Delta: 1.34e-02 | M: 20241.5141 | Path: CPU-Statevector MPI-distributed (1 ranks)
Iter 0557 | Energy: -82.362856 | Delta: 6.41e-03 | M: 20095.7883 | Path: CPU-Statevector MPI-distributed (1 ranks)
Iter 0558 | Energy: -82.373240 | Delta: 1.04e-02 | M: 13555.5067 | Path: CPU-Statevector MPI-distributed (1 ranks)
Iter 0559 | Energy: -82.408439 | Delta: 3.52e-02 | M: 21409.1974 | Path: CPU-Statevector MPI-distributed (1 ranks)
Iter 0560 | Energy: -82.397062 | Delta: 1.14e-02 | M: 20332.1223 | Path: CPU-Statevector MPI-distributed (1 ranks)
[RESILIENCE] Iteration 560: Global theta state checkpointed at path checkpoints/H2O/checkpoint_iter_0560.npy. 
Iter 0561 | Energy: -82.403060 | Delta: 6.00e-03 | M: 19679.6987 | Path: CPU-Statevector MPI-distributed (1 ranks)
Iter 0562 | Energy: -82.413092 | Delta: 1.00e-02 | M: 12743.5944 | Path: CPU-Statevector MPI-distributed (1 ranks)
Iter 0563 | Energy: -82.358689 | Delta: 5.44e-02 | M: 15249.5396 | Path: CPU-Statevector MPI-distributed (1 ranks)
Iter 0564 | Energy: -82.404589 | Delta: 4.59e-02 | M: 19807.3262 | Path: CPU-Statevector MPI-distributed (1 ranks)
Iter 0565 | Energy: -82.403112 | Delta: 1.48e-03 | M: 23910.2904 | Path: CPU-Statevector MPI-distributed (1 ranks)
[RESILIENCE] Iteration 565: Global theta state checkpointed at path checkpoints/H2O/checkpoint_iter_0565.npy. 
Iter 0566 | Energy: -82.407802 | Delta: 4.69e-03 | M: 22917.0977 | Path: CPU-Statevector MPI-distributed (1 ranks)
Iter 0567 | Energy: -82.396176 | Delta: 1.16e-02 | M: 24152.1564 | Path: CPU-Statevector MPI-distributed (1 ranks)
Iter 0568 | Energy: -82.389800 | Delta: 6.38e-03 | M: 21636.8629 | Path: CPU-Statevector MPI-distributed (1 ranks)
Iter 0569 | Energy: -82.385184 | Delta: 4.62e-03 | M: 23653.2173 | Path: CPU-Statevector MPI-distributed (1 ranks)
Iter 0570 | Energy: -82.405391 | Delta: 2.02e-02 | M: 21859.2337 | Path: CPU-Statevector MPI-distributed (1 ranks)
[RESILIENCE] Iteration 570: Global theta state checkpointed at path checkpoints/H2O/checkpoint_iter_0570.npy. 
Iter 0571 | Energy: -82.369527 | Delta: 3.59e-02 | M: 22461.4574 | Path: CPU-Statevector MPI-distributed (1 ranks)
Iter 0572 | Energy: -82.402534 | Delta: 3.30e-02 | M: 21392.3008 | Path: CPU-Statevector MPI-distributed (1 ranks)
Iter 0573 | Energy: -82.413669 | Delta: 1.11e-02 | M: 22850.0059 | Path: CPU-Statevector MPI-distributed (1 ranks)
Iter 0574 | Energy: -82.368885 | Delta: 4.48e-02 | M: 23059.0948 | Path: CPU-Statevector MPI-distributed (1 ranks)
Iter 0575 | Energy: -82.405055 | Delta: 3.62e-02 | M: 23650.0739 | Path: CPU-Statevector MPI-distributed (1 ranks)
[RESILIENCE] Iteration 575: Global theta state checkpointed at path checkpoints/H2O/checkpoint_iter_0575.npy. 
Iter 0576 | Energy: -82.389749 | Delta: 1.53e-02 | M: 20595.1460 | Path: CPU-Statevector MPI-distributed (1 ranks)
Iter 0577 | Energy: -82.372943 | Delta: 1.68e-02 | M: 23343.9726 | Path: CPU-Statevector MPI-distributed (1 ranks)
Iter 0578 | Energy: -82.404759 | Delta: 3.18e-02 | M: 21044.9655 | Path: CPU-Statevector MPI-distributed (1 ranks)
Iter 0579 | Energy: -82.377756 | Delta: 2.70e-02 | M: 23117.0392 | Path: CPU-Statevector MPI-distributed (1 ranks)
Iter 0580 | Energy: -82.394127 | Delta: 1.64e-02 | M: 23176.5234 | Path: CPU-Statevector MPI-distributed (1 ranks)
[RESILIENCE] Iteration 580: Global theta state checkpointed at path checkpoints/H2O/checkpoint_iter_0580.npy. 
Iter 0581 | Energy: -82.419260 | Delta: 2.51e-02 | M: 21897.7471 | Path: CPU-Statevector MPI-distributed (1 ranks)
Iter 0582 | Energy: -82.403791 | Delta: 1.55e-02 | M: 23255.9317 | Path: CPU-Statevector MPI-distributed (1 ranks)
Iter 0583 | Energy: -82.425005 | Delta: 2.12e-02 | M: 23414.2293 | Path: CPU-Statevector MPI-distributed (1 ranks)
Iter 0584 | Energy: -82.381453 | Delta: 4.36e-02 | M: 23490.4182 | Path: CPU-Statevector MPI-distributed (1 ranks)
Iter 0585 | Energy: -82.408838 | Delta: 2.74e-02 | M: 22129.4943 | Path: CPU-Statevector MPI-distributed (1 ranks)
[RESILIENCE] Iteration 585: Global theta state checkpointed at path checkpoints/H2O/checkpoint_iter_0585.npy. 
Iter 0586 | Energy: -82.382723 | Delta: 2.61e-02 | M: 22704.1581 | Path: CPU-Statevector MPI-distributed (1 ranks)
Iter 0587 | Energy: -82.395555 | Delta: 1.28e-02 | M: 22460.1001 | Path: CPU-Statevector MPI-distributed (1 ranks)
Iter 0588 | Energy: -82.411501 | Delta: 1.59e-02 | M: 23247.2531 | Path: CPU-Statevector MPI-distributed (1 ranks)
Iter 0589 | Energy: -82.419784 | Delta: 8.28e-03 | M: 22926.6411 | Path: CPU-Statevector MPI-distributed (1 ranks)
Iter 0590 | Energy: -82.384708 | Delta: 3.51e-02 | M: 21947.7355 | Path: CPU-Statevector MPI-distributed (1 ranks)
[RESILIENCE] Iteration 590: Global theta state checkpointed at path checkpoints/H2O/checkpoint_iter_0590.npy. 
Iter 0591 | Energy: -82.430804 | Delta: 4.61e-02 | M: 22578.5169 | Path: CPU-Statevector MPI-distributed (1 ranks)
Iter 0592 | Energy: -82.399687 | Delta: 3.11e-02 | M: 22849.2028 | Path: CPU-Statevector MPI-distributed (1 ranks)
Iter 0593 | Energy: -82.412029 | Delta: 1.23e-02 | M: 19802.8874 | Path: CPU-Statevector MPI-distributed (1 ranks)
Iter 0594 | Energy: -82.430084 | Delta: 1.81e-02 | M: 23098.0969 | Path: CPU-Statevector MPI-distributed (1 ranks)
Iter 0595 | Energy: -82.414634 | Delta: 1.54e-02 | M: 22986.4357 | Path: CPU-Statevector MPI-distributed (1 ranks)
[RESILIENCE] Iteration 595: Global theta state checkpointed at path checkpoints/H2O/checkpoint_iter_0595.npy. 
Iter 0596 | Energy: -82.417583 | Delta: 2.95e-03 | M: 20385.8886 | Path: CPU-Statevector MPI-distributed (1 ranks)
Iter 0597 | Energy: -82.389093 | Delta: 2.85e-02 | M: 21769.3895 | Path: CPU-Statevector MPI-distributed (1 ranks)
Iter 0598 | Energy: -82.411493 | Delta: 2.24e-02 | M: 22333.5753 | Path: CPU-Statevector MPI-distributed (1 ranks)
Iter 0599 | Energy: -82.425090 | Delta: 1.36e-02 | M: 22947.7255 | Path: CPU-Statevector MPI-distributed (1 ranks)
Iter 0600 | Energy: -82.394016 | Delta: 3.11e-02 | M: 23789.0258 | Path: CPU-Statevector MPI-distributed (1 ranks)
[RESILIENCE] Iteration 600: Global theta state checkpointed at path checkpoints/H2O/checkpoint_iter_0600.npy. 
Iter 0601 | Energy: -82.419352 | Delta: 2.53e-02 | M: 22963.4791 | Path: CPU-Statevector MPI-distributed (1 ranks)
Iter 0602 | Energy: -82.396062 | Delta: 2.33e-02 | M: 21285.1412 | Path: CPU-Statevector MPI-distributed (1 ranks)
Iter 0603 | Energy: -82.392370 | Delta: 3.69e-03 | M: 23624.8553 | Path: CPU-Statevector MPI-distributed (1 ranks)
Iter 0604 | Energy: -82.425322 | Delta: 3.30e-02 | M: 21394.1728 | Path: CPU-Statevector MPI-distributed (1 ranks)
Iter 0605 | Energy: -82.417362 | Delta: 7.96e-03 | M: 23384.4907 | Path: CPU-Statevector MPI-distributed (1 ranks)
[RESILIENCE] Iteration 605: Global theta state checkpointed at path checkpoints/H2O/checkpoint_iter_0605.npy. 
Iter 0606 | Energy: -82.421281 | Delta: 3.92e-03 | M: 21299.0003 | Path: CPU-Statevector MPI-distributed (1 ranks)
Iter 0607 | Energy: -82.416554 | Delta: 4.73e-03 | M: 23355.8309 | Path: CPU-Statevector MPI-distributed (1 ranks)
Iter 0608 | Energy: -82.416727 | Delta: 1.73e-04 | M: 23279.4459 | Path: CPU-Statevector MPI-distributed (1 ranks)
Iter 0609 | Energy: -82.430268 | Delta: 1.35e-02 | M: 24280.1056 | Path: CPU-Statevector MPI-distributed (1 ranks)
Iter 0610 | Energy: -82.404842 | Delta: 2.54e-02 | M: 21705.7322 | Path: CPU-Statevector MPI-distributed (1 ranks)
[RESILIENCE] Iteration 610: Global theta state checkpointed at path checkpoints/H2O/checkpoint_iter_0610.npy. 
Iter 0611 | Energy: -82.413777 | Delta: 8.94e-03 | M: 23344.0420 | Path: CPU-Statevector MPI-distributed (1 ranks)
Iter 0612 | Energy: -82.426544 | Delta: 1.28e-02 | M: 23338.6008 | Path: CPU-Statevector MPI-distributed (1 ranks)
Iter 0613 | Energy: -82.421819 | Delta: 4.72e-03 | M: 23559.0525 | Path: CPU-Statevector MPI-distributed (1 ranks)
Iter 0614 | Energy: -82.430978 | Delta: 9.16e-03 | M: 22980.2972 | Path: CPU-Statevector MPI-distributed (1 ranks)
Iter 0615 | Energy: -82.420148 | Delta: 1.08e-02 | M: 23827.1494 | Path: CPU-Statevector MPI-distributed (1 ranks)
[RESILIENCE] Iteration 615: Global theta state checkpointed at path checkpoints/H2O/checkpoint_iter_0615.npy. 
Iter 0616 | Energy: -82.460932 | Delta: 4.08e-02 | M: 22785.2500 | Path: CPU-Statevector MPI-distributed (1 ranks)
Iter 0617 | Energy: -82.451004 | Delta: 9.93e-03 | M: 23784.7847 | Path: CPU-Statevector MPI-distributed (1 ranks)
Iter 0618 | Energy: -82.412935 | Delta: 3.81e-02 | M: 24027.3939 | Path: CPU-Statevector MPI-distributed (1 ranks)
Iter 0619 | Energy: -82.433529 | Delta: 2.06e-02 | M: 20880.0790 | Path: CPU-Statevector MPI-distributed (1 ranks)
Iter 0620 | Energy: -82.435487 | Delta: 1.96e-03 | M: 22703.5226 | Path: CPU-Statevector MPI-distributed (1 ranks)
[RESILIENCE] Iteration 620: Global theta state checkpointed at path checkpoints/H2O/checkpoint_iter_0620.npy. 
Iter 0621 | Energy: -82.437754 | Delta: 2.27e-03 | M: 23540.8241 | Path: CPU-Statevector MPI-distributed (1 ranks)
Iter 0622 | Energy: -82.451526 | Delta: 1.38e-02 | M: 22973.3290 | Path: CPU-Statevector MPI-distributed (1 ranks)
Iter 0623 | Energy: -82.450014 | Delta: 1.51e-03 | M: 22835.0972 | Path: CPU-Statevector MPI-distributed (1 ranks)
Iter 0624 | Energy: -82.447336 | Delta: 2.68e-03 | M: 23388.9307 | Path: CPU-Statevector MPI-distributed (1 ranks)
Iter 0625 | Energy: -82.450483 | Delta: 3.15e-03 | M: 21272.3100 | Path: CPU-Statevector MPI-distributed (1 ranks)
[RESILIENCE] Iteration 625: Global theta state checkpointed at path checkpoints/H2O/checkpoint_iter_0625.npy. 
Iter 0626 | Energy: -82.458084 | Delta: 7.60e-03 | M: 23106.1426 | Path: CPU-Statevector MPI-distributed (1 ranks)
Iter 0627 | Energy: -82.454220 | Delta: 3.86e-03 | M: 20574.4263 | Path: CPU-Statevector MPI-distributed (1 ranks)
Iter 0628 | Energy: -82.463365 | Delta: 9.14e-03 | M: 24149.4354 | Path: CPU-Statevector MPI-distributed (1 ranks)
Iter 0629 | Energy: -82.440802 | Delta: 2.26e-02 | M: 23576.2144 | Path: CPU-Statevector MPI-distributed (1 ranks)
Iter 0630 | Energy: -82.427959 | Delta: 1.28e-02 | M: 22926.1470 | Path: CPU-Statevector MPI-distributed (1 ranks)
[RESILIENCE] Iteration 630: Global theta state checkpointed at path checkpoints/H2O/checkpoint_iter_0630.npy. 
Iter 0631 | Energy: -82.475850 | Delta: 4.79e-02 | M: 22623.8675 | Path: CPU-Statevector MPI-distributed (1 ranks)
Iter 0632 | Energy: -82.443150 | Delta: 3.27e-02 | M: 22933.9949 | Path: CPU-Statevector MPI-distributed (1 ranks)
Iter 0633 | Energy: -82.462056 | Delta: 1.89e-02 | M: 21748.9873 | Path: CPU-Statevector MPI-distributed (1 ranks)
Iter 0634 | Energy: -82.428228 | Delta: 3.38e-02 | M: 22627.1121 | Path: CPU-Statevector MPI-distributed (1 ranks)
Iter 0635 | Energy: -82.445372 | Delta: 1.71e-02 | M: 23588.8238 | Path: CPU-Statevector MPI-distributed (1 ranks)
[RESILIENCE] Iteration 635: Global theta state checkpointed at path checkpoints/H2O/checkpoint_iter_0635.npy. 
Iter 0636 | Energy: -82.431778 | Delta: 1.36e-02 | M: 21439.1142 | Path: CPU-Statevector MPI-distributed (1 ranks)
Iter 0637 | Energy: -82.468727 | Delta: 3.69e-02 | M: 23888.7944 | Path: CPU-Statevector MPI-distributed (1 ranks)
Iter 0638 | Energy: -82.483710 | Delta: 1.50e-02 | M: 23973.2460 | Path: CPU-Statevector MPI-distributed (1 ranks)
Iter 0639 | Energy: -82.437284 | Delta: 4.64e-02 | M: 23168.1530 | Path: CPU-Statevector MPI-distributed (1 ranks)
Iter 0640 | Energy: -82.439074 | Delta: 1.79e-03 | M: 23027.8569 | Path: CPU-Statevector MPI-distributed (1 ranks)
[RESILIENCE] Iteration 640: Global theta state checkpointed at path checkpoints/H2O/checkpoint_iter_0640.npy. 
Iter 0641 | Energy: -82.451734 | Delta: 1.27e-02 | M: 23293.9045 | Path: CPU-Statevector MPI-distributed (1 ranks)
Iter 0642 | Energy: -82.478831 | Delta: 2.71e-02 | M: 22534.2164 | Path: CPU-Statevector MPI-distributed (1 ranks)
Iter 0643 | Energy: -82.458792 | Delta: 2.00e-02 | M: 22957.0755 | Path: CPU-Statevector MPI-distributed (1 ranks)
Iter 0644 | Energy: -82.483199 | Delta: 2.44e-02 | M: 22891.4117 | Path: CPU-Statevector MPI-distributed (1 ranks)
Iter 0645 | Energy: -82.480486 | Delta: 2.71e-03 | M: 23790.8555 | Path: CPU-Statevector MPI-distributed (1 ranks)
[RESILIENCE] Iteration 645: Global theta state checkpointed at path checkpoints/H2O/checkpoint_iter_0645.npy. 
Iter 0646 | Energy: -82.465445 | Delta: 1.50e-02 | M: 23396.0922 | Path: CPU-Statevector MPI-distributed (1 ranks)
Iter 0647 | Energy: -82.459354 | Delta: 6.09e-03 | M: 14129.8395 | Path: CPU-Statevector MPI-distributed (1 ranks)
Iter 0648 | Energy: -82.459085 | Delta: 2.69e-04 | M: 19518.2319 | Path: CPU-Statevector MPI-distributed (1 ranks)
Iter 0649 | Energy: -82.450314 | Delta: 8.77e-03 | M: 23227.1378 | Path: CPU-Statevector MPI-distributed (1 ranks)
Iter 0650 | Energy: -82.464661 | Delta: 1.43e-02 | M: 20523.8380 | Path: CPU-Statevector MPI-distributed (1 ranks)
[RESILIENCE] Iteration 650: Global theta state checkpointed at path checkpoints/H2O/checkpoint_iter_0650.npy. 
Iter 0651 | Energy: -82.445822 | Delta: 1.88e-02 | M: 23959.2012 | Path: CPU-Statevector MPI-distributed (1 ranks)
Iter 0652 | Energy: -82.471572 | Delta: 2.57e-02 | M: 23248.1867 | Path: CPU-Statevector MPI-distributed (1 ranks)
Iter 0653 | Energy: -82.490486 | Delta: 1.89e-02 | M: 22842.0067 | Path: CPU-Statevector MPI-distributed (1 ranks)
Iter 0654 | Energy: -82.464128 | Delta: 2.64e-02 | M: 24028.2731 | Path: CPU-Statevector MPI-distributed (1 ranks)
Iter 0655 | Energy: -82.492974 | Delta: 2.88e-02 | M: 23293.0427 | Path: CPU-Statevector MPI-distributed (1 ranks)
[RESILIENCE] Iteration 655: Global theta state checkpointed at path checkpoints/H2O/checkpoint_iter_0655.npy. 
Iter 0656 | Energy: -82.464004 | Delta: 2.90e-02 | M: 23712.8687 | Path: CPU-Statevector MPI-distributed (1 ranks)
Iter 0657 | Energy: -82.495730 | Delta: 3.17e-02 | M: 21935.6810 | Path: CPU-Statevector MPI-distributed (1 ranks)
Iter 0658 | Energy: -82.475280 | Delta: 2.05e-02 | M: 23597.5165 | Path: CPU-Statevector MPI-distributed (1 ranks)
Iter 0659 | Energy: -82.505312 | Delta: 3.00e-02 | M: 21395.4697 | Path: CPU-Statevector MPI-distributed (1 ranks)
Iter 0660 | Energy: -82.459672 | Delta: 4.56e-02 | M: 23268.2380 | Path: CPU-Statevector MPI-distributed (1 ranks)
[RESILIENCE] Iteration 660: Global theta state checkpointed at path checkpoints/H2O/checkpoint_iter_0660.npy. 
Iter 0661 | Energy: -82.493047 | Delta: 3.34e-02 | M: 23433.4352 | Path: CPU-Statevector MPI-distributed (1 ranks)
Iter 0662 | Energy: -82.468245 | Delta: 2.48e-02 | M: 23326.4693 | Path: CPU-Statevector MPI-distributed (1 ranks)
Iter 0663 | Energy: -82.504369 | Delta: 3.61e-02 | M: 20622.4687 | Path: CPU-Statevector MPI-distributed (1 ranks)
Iter 0664 | Energy: -82.461077 | Delta: 4.33e-02 | M: 23659.1994 | Path: CPU-Statevector MPI-distributed (1 ranks)
Iter 0665 | Energy: -82.476348 | Delta: 1.53e-02 | M: 21904.0622 | Path: CPU-Statevector MPI-distributed (1 ranks)
[RESILIENCE] Iteration 665: Global theta state checkpointed at path checkpoints/H2O/checkpoint_iter_0665.npy. 
Iter 0666 | Energy: -82.483393 | Delta: 7.05e-03 | M: 23709.3634 | Path: CPU-Statevector MPI-distributed (1 ranks)
Iter 0667 | Energy: -82.490096 | Delta: 6.70e-03 | M: 21952.4351 | Path: CPU-Statevector MPI-distributed (1 ranks)
Iter 0668 | Energy: -82.500336 | Delta: 1.02e-02 | M: 22625.0176 | Path: CPU-Statevector MPI-distributed (1 ranks)
Iter 0669 | Energy: -82.499811 | Delta: 5.25e-04 | M: 20788.8768 | Path: CPU-Statevector MPI-distributed (1 ranks)
Iter 0670 | Energy: -82.498336 | Delta: 1.47e-03 | M: 23036.5747 | Path: CPU-Statevector MPI-distributed (1 ranks)
[RESILIENCE] Iteration 670: Global theta state checkpointed at path checkpoints/H2O/checkpoint_iter_0670.npy. 
Iter 0671 | Energy: -82.473340 | Delta: 2.50e-02 | M: 23083.0478 | Path: CPU-Statevector MPI-distributed (1 ranks)
Iter 0672 | Energy: -82.498610 | Delta: 2.53e-02 | M: 23261.5159 | Path: CPU-Statevector MPI-distributed (1 ranks)
Iter 0673 | Energy: -82.464467 | Delta: 3.41e-02 | M: 23287.1443 | Path: CPU-Statevector MPI-distributed (1 ranks)
Iter 0674 | Energy: -82.500736 | Delta: 3.63e-02 | M: 21724.3223 | Path: CPU-Statevector MPI-distributed (1 ranks)
Iter 0675 | Energy: -82.496947 | Delta: 3.79e-03 | M: 24055.4589 | Path: CPU-Statevector MPI-distributed (1 ranks)
[RESILIENCE] Iteration 675: Global theta state checkpointed at path checkpoints/H2O/checkpoint_iter_0675.npy. 
Iter 0676 | Energy: -82.474353 | Delta: 2.26e-02 | M: 22379.7839 | Path: CPU-Statevector MPI-distributed (1 ranks)
Iter 0677 | Energy: -82.506404 | Delta: 3.21e-02 | M: 21919.9573 | Path: CPU-Statevector MPI-distributed (1 ranks)
Iter 0678 | Energy: -82.514824 | Delta: 8.42e-03 | M: 22907.5274 | Path: CPU-Statevector MPI-distributed (1 ranks)
Iter 0679 | Energy: -82.516048 | Delta: 1.22e-03 | M: 23227.4783 | Path: CPU-Statevector MPI-distributed (1 ranks)
Iter 0680 | Energy: -82.477105 | Delta: 3.89e-02 | M: 23373.9134 | Path: CPU-Statevector MPI-distributed (1 ranks)
[RESILIENCE] Iteration 680: Global theta state checkpointed at path checkpoints/H2O/checkpoint_iter_0680.npy. 
Iter 0681 | Energy: -82.483504 | Delta: 6.40e-03 | M: 23599.0336 | Path: CPU-Statevector MPI-distributed (1 ranks)
Iter 0682 | Energy: -82.527066 | Delta: 4.36e-02 | M: 21530.1904 | Path: CPU-Statevector MPI-distributed (1 ranks)
Iter 0683 | Energy: -82.527243 | Delta: 1.78e-04 | M: 22088.3555 | Path: CPU-Statevector MPI-distributed (1 ranks)
Iter 0684 | Energy: -82.488703 | Delta: 3.85e-02 | M: 22803.4852 | Path: CPU-Statevector MPI-distributed (1 ranks)
Iter 0685 | Energy: -82.530360 | Delta: 4.17e-02 | M: 24254.5554 | Path: CPU-Statevector MPI-distributed (1 ranks)
[RESILIENCE] Iteration 685: Global theta state checkpointed at path checkpoints/H2O/checkpoint_iter_0685.npy. 
Iter 0686 | Energy: -82.487233 | Delta: 4.31e-02 | M: 22926.5179 | Path: CPU-Statevector MPI-distributed (1 ranks)
Iter 0687 | Energy: -82.499061 | Delta: 1.18e-02 | M: 22984.2226 | Path: CPU-Statevector MPI-distributed (1 ranks)
Iter 0688 | Energy: -82.499922 | Delta: 8.61e-04 | M: 21007.8058 | Path: CPU-Statevector MPI-distributed (1 ranks)
Iter 0689 | Energy: -82.513341 | Delta: 1.34e-02 | M: 22847.0023 | Path: CPU-Statevector MPI-distributed (1 ranks)
Iter 0690 | Energy: -82.518999 | Delta: 5.66e-03 | M: 23859.2374 | Path: CPU-Statevector MPI-distributed (1 ranks)
[RESILIENCE] Iteration 690: Global theta state checkpointed at path checkpoints/H2O/checkpoint_iter_0690.npy. 
Iter 0691 | Energy: -82.525295 | Delta: 6.30e-03 | M: 21007.0311 | Path: CPU-Statevector MPI-distributed (1 ranks)
Iter 0692 | Energy: -82.506392 | Delta: 1.89e-02 | M: 22288.3526 | Path: CPU-Statevector MPI-distributed (1 ranks)
Iter 0693 | Energy: -82.516937 | Delta: 1.05e-02 | M: 23470.0679 | Path: CPU-Statevector MPI-distributed (1 ranks)
Iter 0694 | Energy: -82.505865 | Delta: 1.11e-02 | M: 24075.0255 | Path: CPU-Statevector MPI-distributed (1 ranks)
Iter 0695 | Energy: -82.510629 | Delta: 4.76e-03 | M: 23099.2302 | Path: CPU-Statevector MPI-distributed (1 ranks)
[RESILIENCE] Iteration 695: Global theta state checkpointed at path checkpoints/H2O/checkpoint_iter_0695.npy. 
Iter 0696 | Energy: -82.498113 | Delta: 1.25e-02 | M: 21832.9597 | Path: CPU-Statevector MPI-distributed (1 ranks)
Iter 0697 | Energy: -82.523188 | Delta: 2.51e-02 | M: 21508.7343 | Path: CPU-Statevector MPI-distributed (1 ranks)
Iter 0698 | Energy: -82.508627 | Delta: 1.46e-02 | M: 22601.7522 | Path: CPU-Statevector MPI-distributed (1 ranks)
Iter 0699 | Energy: -82.510426 | Delta: 1.80e-03 | M: 21384.0593 | Path: CPU-Statevector MPI-distributed (1 ranks)
Iter 0700 | Energy: -82.511607 | Delta: 1.18e-03 | M: 23655.7107 | Path: CPU-Statevector MPI-distributed (1 ranks)
[RESILIENCE] Iteration 700: Global theta state checkpointed at path checkpoints/H2O/checkpoint_iter_0700.npy. 
Iter 0701 | Energy: -82.545726 | Delta: 3.41e-02 | M: 24009.3028 | Path: CPU-Statevector MPI-distributed (1 ranks)
Iter 0702 | Energy: -82.515814 | Delta: 2.99e-02 | M: 22955.4074 | Path: CPU-Statevector MPI-distributed (1 ranks)
Iter 0703 | Energy: -82.504737 | Delta: 1.11e-02 | M: 21893.0432 | Path: CPU-Statevector MPI-distributed (1 ranks)
Iter 0704 | Energy: -82.540287 | Delta: 3.56e-02 | M: 23231.0523 | Path: CPU-Statevector MPI-distributed (1 ranks)
Iter 0705 | Energy: -82.534137 | Delta: 6.15e-03 | M: 22080.3167 | Path: CPU-Statevector MPI-distributed (1 ranks)
[RESILIENCE] Iteration 705: Global theta state checkpointed at path checkpoints/H2O/checkpoint_iter_0705.npy. 
Iter 0706 | Energy: -82.544482 | Delta: 1.03e-02 | M: 22904.3376 | Path: CPU-Statevector MPI-distributed (1 ranks)
Iter 0707 | Energy: -82.536198 | Delta: 8.28e-03 | M: 21820.6962 | Path: CPU-Statevector MPI-distributed (1 ranks)
Iter 0708 | Energy: -82.543624 | Delta: 7.43e-03 | M: 22367.0919 | Path: CPU-Statevector MPI-distributed (1 ranks)
Iter 0709 | Energy: -82.508711 | Delta: 3.49e-02 | M: 22991.3274 | Path: CPU-Statevector MPI-distributed (1 ranks)
Iter 0710 | Energy: -82.541912 | Delta: 3.32e-02 | M: 23926.0216 | Path: CPU-Statevector MPI-distributed (1 ranks)
[RESILIENCE] Iteration 710: Global theta state checkpointed at path checkpoints/H2O/checkpoint_iter_0710.npy. 
Iter 0711 | Energy: -82.542208 | Delta: 2.96e-04 | M: 23569.6026 | Path: CPU-Statevector MPI-distributed (1 ranks)
Iter 0712 | Energy: -82.552784 | Delta: 1.06e-02 | M: 14947.9608 | Path: CPU-Statevector MPI-distributed (1 ranks)
Iter 0713 | Energy: -82.514706 | Delta: 3.81e-02 | M: 21335.9824 | Path: CPU-Statevector MPI-distributed (1 ranks)
Iter 0714 | Energy: -82.556939 | Delta: 4.22e-02 | M: 21172.1527 | Path: CPU-Statevector MPI-distributed (1 ranks)
Iter 0715 | Energy: -82.542601 | Delta: 1.43e-02 | M: 20874.1525 | Path: CPU-Statevector MPI-distributed (1 ranks)
[RESILIENCE] Iteration 715: Global theta state checkpointed at path checkpoints/H2O/checkpoint_iter_0715.npy. 
Iter 0716 | Energy: -82.534475 | Delta: 8.13e-03 | M: 22778.6031 | Path: CPU-Statevector MPI-distributed (1 ranks)
Iter 0717 | Energy: -82.537835 | Delta: 3.36e-03 | M: 23259.5026 | Path: CPU-Statevector MPI-distributed (1 ranks)
Iter 0718 | Energy: -82.513121 | Delta: 2.47e-02 | M: 23530.0772 | Path: CPU-Statevector MPI-distributed (1 ranks)
Iter 0719 | Energy: -82.553666 | Delta: 4.05e-02 | M: 24101.1683 | Path: CPU-Statevector MPI-distributed (1 ranks)
Iter 0720 | Energy: -82.553397 | Delta: 2.70e-04 | M: 21909.8978 | Path: CPU-Statevector MPI-distributed (1 ranks)
[RESILIENCE] Iteration 720: Global theta state checkpointed at path checkpoints/H2O/checkpoint_iter_0720.npy. 
Iter 0721 | Energy: -82.541201 | Delta: 1.22e-02 | M: 22488.0755 | Path: CPU-Statevector MPI-distributed (1 ranks)
Iter 0722 | Energy: -82.559746 | Delta: 1.85e-02 | M: 20239.9792 | Path: CPU-Statevector MPI-distributed (1 ranks)
Iter 0723 | Energy: -82.569373 | Delta: 9.63e-03 | M: 22754.6593 | Path: CPU-Statevector MPI-distributed (1 ranks)
Iter 0724 | Energy: -82.571087 | Delta: 1.71e-03 | M: 22604.4595 | Path: CPU-Statevector MPI-distributed (1 ranks)
Iter 0725 | Energy: -82.527824 | Delta: 4.33e-02 | M: 22940.4368 | Path: CPU-Statevector MPI-distributed (1 ranks)
[RESILIENCE] Iteration 725: Global theta state checkpointed at path checkpoints/H2O/checkpoint_iter_0725.npy. 
Iter 0726 | Energy: -82.559608 | Delta: 3.18e-02 | M: 22463.9199 | Path: CPU-Statevector MPI-distributed (1 ranks)
Iter 0727 | Energy: -82.529287 | Delta: 3.03e-02 | M: 23124.1426 | Path: CPU-Statevector MPI-distributed (1 ranks)
Iter 0728 | Energy: -82.531117 | Delta: 1.83e-03 | M: 23862.3209 | Path: CPU-Statevector MPI-distributed (1 ranks)
Iter 0729 | Energy: -82.572403 | Delta: 4.13e-02 | M: 22211.4788 | Path: CPU-Statevector MPI-distributed (1 ranks)
Iter 0730 | Energy: -82.568795 | Delta: 3.61e-03 | M: 22250.2552 | Path: CPU-Statevector MPI-distributed (1 ranks)
[RESILIENCE] Iteration 730: Global theta state checkpointed at path checkpoints/H2O/checkpoint_iter_0730.npy. 
Iter 0731 | Energy: -82.583813 | Delta: 1.50e-02 | M: 21012.3096 | Path: CPU-Statevector MPI-distributed (1 ranks)
Iter 0732 | Energy: -82.542828 | Delta: 4.10e-02 | M: 23394.0711 | Path: CPU-Statevector MPI-distributed (1 ranks)
Iter 0733 | Energy: -82.573876 | Delta: 3.10e-02 | M: 21825.4477 | Path: CPU-Statevector MPI-distributed (1 ranks)
Iter 0734 | Energy: -82.567077 | Delta: 6.80e-03 | M: 22864.0763 | Path: CPU-Statevector MPI-distributed (1 ranks)
Iter 0735 | Energy: -82.576987 | Delta: 9.91e-03 | M: 22917.9013 | Path: CPU-Statevector MPI-distributed (1 ranks)
[RESILIENCE] Iteration 735: Global theta state checkpointed at path checkpoints/H2O/checkpoint_iter_0735.npy. 
Iter 0736 | Energy: -82.576031 | Delta: 9.55e-04 | M: 21330.6794 | Path: CPU-Statevector MPI-distributed (1 ranks)
Iter 0737 | Energy: -82.555214 | Delta: 2.08e-02 | M: 20431.0184 | Path: CPU-Statevector MPI-distributed (1 ranks)
Iter 0738 | Energy: -82.581348 | Delta: 2.61e-02 | M: 22897.2781 | Path: CPU-Statevector MPI-distributed (1 ranks)
Iter 0739 | Energy: -82.580108 | Delta: 1.24e-03 | M: 20923.7522 | Path: CPU-Statevector MPI-distributed (1 ranks)
Iter 0740 | Energy: -82.578707 | Delta: 1.40e-03 | M: 22899.8981 | Path: CPU-Statevector MPI-distributed (1 ranks)
[RESILIENCE] Iteration 740: Global theta state checkpointed at path checkpoints/H2O/checkpoint_iter_0740.npy. 
Iter 0741 | Energy: -82.554810 | Delta: 2.39e-02 | M: 22065.0885 | Path: CPU-Statevector MPI-distributed (1 ranks)
Iter 0742 | Energy: -82.588161 | Delta: 3.34e-02 | M: 23174.9670 | Path: CPU-Statevector MPI-distributed (1 ranks)
Iter 0743 | Energy: -82.575640 | Delta: 1.25e-02 | M: 23905.1987 | Path: CPU-Statevector MPI-distributed (1 ranks)
Iter 0744 | Energy: -82.556803 | Delta: 1.88e-02 | M: 23711.1275 | Path: CPU-Statevector MPI-distributed (1 ranks)
Iter 0745 | Energy: -82.570424 | Delta: 1.36e-02 | M: 22908.1080 | Path: CPU-Statevector MPI-distributed (1 ranks)
[RESILIENCE] Iteration 745: Global theta state checkpointed at path checkpoints/H2O/checkpoint_iter_0745.npy. 
Iter 0746 | Energy: -82.556882 | Delta: 1.35e-02 | M: 21492.0998 | Path: CPU-Statevector MPI-distributed (1 ranks)
Iter 0747 | Energy: -82.579738 | Delta: 2.29e-02 | M: 23446.4859 | Path: CPU-Statevector MPI-distributed (1 ranks)
Iter 0748 | Energy: -82.559278 | Delta: 2.05e-02 | M: 21148.8342 | Path: CPU-Statevector MPI-distributed (1 ranks)
Iter 0749 | Energy: -82.585240 | Delta: 2.60e-02 | M: 22743.4813 | Path: CPU-Statevector MPI-distributed (1 ranks)
Iter 0750 | Energy: -82.589880 | Delta: 4.64e-03 | M: 23248.3046 | Path: CPU-Statevector MPI-distributed (1 ranks)
[RESILIENCE] Iteration 750: Global theta state checkpointed at path checkpoints/H2O/checkpoint_iter_0750.npy. 
Iter 0751 | Energy: -82.575114 | Delta: 1.48e-02 | M: 22765.4071 | Path: CPU-Statevector MPI-distributed (1 ranks)
Iter 0752 | Energy: -82.573309 | Delta: 1.80e-03 | M: 23184.6659 | Path: CPU-Statevector MPI-distributed (1 ranks)
Iter 0753 | Energy: -82.598677 | Delta: 2.54e-02 | M: 23490.3162 | Path: CPU-Statevector MPI-distributed (1 ranks)
Iter 0754 | Energy: -82.591879 | Delta: 6.80e-03 | M: 19925.7517 | Path: CPU-Statevector MPI-distributed (1 ranks)
Iter 0755 | Energy: -82.547046 | Delta: 4.48e-02 | M: 23626.8464 | Path: CPU-Statevector MPI-distributed (1 ranks)
[RESILIENCE] Iteration 755: Global theta state checkpointed at path checkpoints/H2O/checkpoint_iter_0755.npy. 
Iter 0756 | Energy: -82.581023 | Delta: 3.40e-02 | M: 23136.0967 | Path: CPU-Statevector MPI-distributed (1 ranks)
Iter 0757 | Energy: -82.585176 | Delta: 4.15e-03 | M: 23605.5356 | Path: CPU-Statevector MPI-distributed (1 ranks)
Iter 0758 | Energy: -82.565330 | Delta: 1.98e-02 | M: 22556.8096 | Path: CPU-Statevector MPI-distributed (1 ranks)
Iter 0759 | Energy: -82.591445 | Delta: 2.61e-02 | M: 23110.3060 | Path: CPU-Statevector MPI-distributed (1 ranks)
Iter 0760 | Energy: -82.603898 | Delta: 1.25e-02 | M: 22398.6834 | Path: CPU-Statevector MPI-distributed (1 ranks)
[RESILIENCE] Iteration 760: Global theta state checkpointed at path checkpoints/H2O/checkpoint_iter_0760.npy. 
Iter 0761 | Energy: -82.579538 | Delta: 2.44e-02 | M: 23916.9450 | Path: CPU-Statevector MPI-distributed (1 ranks)
Iter 0762 | Energy: -82.599189 | Delta: 1.97e-02 | M: 23600.8808 | Path: CPU-Statevector MPI-distributed (1 ranks)
Iter 0763 | Energy: -82.590578 | Delta: 8.61e-03 | M: 21878.2076 | Path: CPU-Statevector MPI-distributed (1 ranks)
Iter 0764 | Energy: -82.589703 | Delta: 8.75e-04 | M: 23215.3170 | Path: CPU-Statevector MPI-distributed (1 ranks)
Iter 0765 | Energy: -82.570514 | Delta: 1.92e-02 | M: 23701.4500 | Path: CPU-Statevector MPI-distributed (1 ranks)
[RESILIENCE] Iteration 765: Global theta state checkpointed at path checkpoints/H2O/checkpoint_iter_0765.npy. 
Iter 0766 | Energy: -82.590336 | Delta: 1.98e-02 | M: 23304.7368 | Path: CPU-Statevector MPI-distributed (1 ranks)
Iter 0767 | Energy: -82.578663 | Delta: 1.17e-02 | M: 21914.4452 | Path: CPU-Statevector MPI-distributed (1 ranks)
Iter 0768 | Energy: -82.593377 | Delta: 1.47e-02 | M: 22957.9538 | Path: CPU-Statevector MPI-distributed (1 ranks)
Iter 0769 | Energy: -82.606260 | Delta: 1.29e-02 | M: 21551.1543 | Path: CPU-Statevector MPI-distributed (1 ranks)
Iter 0770 | Energy: -82.565692 | Delta: 4.06e-02 | M: 22378.0980 | Path: CPU-Statevector MPI-distributed (1 ranks)
[RESILIENCE] Iteration 770: Global theta state checkpointed at path checkpoints/H2O/checkpoint_iter_0770.npy. 
Iter 0771 | Energy: -82.609316 | Delta: 4.36e-02 | M: 21079.6602 | Path: CPU-Statevector MPI-distributed (1 ranks)
Iter 0772 | Energy: -82.573560 | Delta: 3.58e-02 | M: 23118.7976 | Path: CPU-Statevector MPI-distributed (1 ranks)
Iter 0773 | Energy: -82.564929 | Delta: 8.63e-03 | M: 23358.4411 | Path: CPU-Statevector MPI-distributed (1 ranks)
Iter 0774 | Energy: -82.598526 | Delta: 3.36e-02 | M: 23054.8441 | Path: CPU-Statevector MPI-distributed (1 ranks)
Iter 0775 | Energy: -82.610823 | Delta: 1.23e-02 | M: 22977.4375 | Path: CPU-Statevector MPI-distributed (1 ranks)
[RESILIENCE] Iteration 775: Global theta state checkpointed at path checkpoints/H2O/checkpoint_iter_0775.npy. 
Iter 0776 | Energy: -82.585208 | Delta: 2.56e-02 | M: 22505.1622 | Path: CPU-Statevector MPI-distributed (1 ranks)
Iter 0777 | Energy: -82.596343 | Delta: 1.11e-02 | M: 20987.2780 | Path: CPU-Statevector MPI-distributed (1 ranks)
Iter 0778 | Energy: -82.592561 | Delta: 3.78e-03 | M: 23252.3637 | Path: CPU-Statevector MPI-distributed (1 ranks)
Iter 0779 | Energy: -82.606846 | Delta: 1.43e-02 | M: 21338.2494 | Path: CPU-Statevector MPI-distributed (1 ranks)
Iter 0780 | Energy: -82.599016 | Delta: 7.83e-03 | M: 20843.9788 | Path: CPU-Statevector MPI-distributed (1 ranks)
[RESILIENCE] Iteration 780: Global theta state checkpointed at path checkpoints/H2O/checkpoint_iter_0780.npy. 
Iter 0781 | Energy: -82.591862 | Delta: 7.15e-03 | M: 23046.8729 | Path: CPU-Statevector MPI-distributed (1 ranks)
Iter 0782 | Energy: -82.574081 | Delta: 1.78e-02 | M: 23495.5085 | Path: CPU-Statevector MPI-distributed (1 ranks)
Iter 0783 | Energy: -82.612668 | Delta: 3.86e-02 | M: 23314.3648 | Path: CPU-Statevector MPI-distributed (1 ranks)
Iter 0784 | Energy: -82.609986 | Delta: 2.68e-03 | M: 22975.2361 | Path: CPU-Statevector MPI-distributed (1 ranks)
Iter 0785 | Energy: -82.585811 | Delta: 2.42e-02 | M: 23004.0724 | Path: CPU-Statevector MPI-distributed (1 ranks)
[RESILIENCE] Iteration 785: Global theta state checkpointed at path checkpoints/H2O/checkpoint_iter_0785.npy. 
Iter 0786 | Energy: -82.591691 | Delta: 5.88e-03 | M: 21710.6685 | Path: CPU-Statevector MPI-distributed (1 ranks)
Iter 0787 | Energy: -82.603038 | Delta: 1.13e-02 | M: 23249.4341 | Path: CPU-Statevector MPI-distributed (1 ranks)
Iter 0788 | Energy: -82.609657 | Delta: 6.62e-03 | M: 22676.8933 | Path: CPU-Statevector MPI-distributed (1 ranks)
Iter 0789 | Energy: -82.583633 | Delta: 2.60e-02 | M: 22185.9472 | Path: CPU-Statevector MPI-distributed (1 ranks)
Iter 0790 | Energy: -82.612061 | Delta: 2.84e-02 | M: 23414.7090 | Path: CPU-Statevector MPI-distributed (1 ranks)
[RESILIENCE] Iteration 790: Global theta state checkpointed at path checkpoints/H2O/checkpoint_iter_0790.npy. 
Iter 0791 | Energy: -82.584773 | Delta: 2.73e-02 | M: 24064.5375 | Path: CPU-Statevector MPI-distributed (1 ranks)
Iter 0792 | Energy: -82.584726 | Delta: 4.73e-05 | M: 20098.2189 | Path: CPU-Statevector MPI-distributed (1 ranks)
Iter 0793 | Energy: -82.604813 | Delta: 2.01e-02 | M: 22136.3885 | Path: CPU-Statevector MPI-distributed (1 ranks)
Iter 0794 | Energy: -82.594475 | Delta: 1.03e-02 | M: 20973.8372 | Path: CPU-Statevector MPI-distributed (1 ranks)
Iter 0795 | Energy: -82.608818 | Delta: 1.43e-02 | M: 22247.3020 | Path: CPU-Statevector MPI-distributed (1 ranks)
[RESILIENCE] Iteration 795: Global theta state checkpointed at path checkpoints/H2O/checkpoint_iter_0795.npy. 
Iter 0796 | Energy: -82.621431 | Delta: 1.26e-02 | M: 21442.8444 | Path: CPU-Statevector MPI-distributed (1 ranks)
Iter 0797 | Energy: -82.594362 | Delta: 2.71e-02 | M: 23029.9424 | Path: CPU-Statevector MPI-distributed (1 ranks)
Iter 0798 | Energy: -82.598374 | Delta: 4.01e-03 | M: 23306.3858 | Path: CPU-Statevector MPI-distributed (1 ranks)
Iter 0799 | Energy: -82.600604 | Delta: 2.23e-03 | M: 23883.8251 | Path: CPU-Statevector MPI-distributed (1 ranks)
Iter 0800 | Energy: -82.619773 | Delta: 1.92e-02 | M: 23801.8885 | Path: CPU-Statevector MPI-distributed (1 ranks)
[RESILIENCE] Iteration 800: Global theta state checkpointed at path checkpoints/H2O/checkpoint_iter_0800.npy. 
Iter 0801 | Energy: -82.606917 | Delta: 1.29e-02 | M: 21200.1002 | Path: CPU-Statevector MPI-distributed (1 ranks)
Iter 0802 | Energy: -82.620964 | Delta: 1.40e-02 | M: 22953.2542 | Path: CPU-Statevector MPI-distributed (1 ranks)
Iter 0803 | Energy: -82.585603 | Delta: 3.54e-02 | M: 21057.2784 | Path: CPU-Statevector MPI-distributed (1 ranks)
Iter 0804 | Energy: -82.609506 | Delta: 2.39e-02 | M: 23118.4405 | Path: CPU-Statevector MPI-distributed (1 ranks)
Iter 0805 | Energy: -82.621177 | Delta: 1.17e-02 | M: 22298.0271 | Path: CPU-Statevector MPI-distributed (1 ranks)
[RESILIENCE] Iteration 805: Global theta state checkpointed at path checkpoints/H2O/checkpoint_iter_0805.npy. 
Iter 0806 | Energy: -82.618937 | Delta: 2.24e-03 | M: 22484.2138 | Path: CPU-Statevector MPI-distributed (1 ranks)
Iter 0807 | Energy: -82.642443 | Delta: 2.35e-02 | M: 23370.4407 | Path: CPU-Statevector MPI-distributed (1 ranks)
Iter 0808 | Energy: -82.603555 | Delta: 3.89e-02 | M: 23301.6089 | Path: CPU-Statevector MPI-distributed (1 ranks)
Iter 0809 | Energy: -82.598634 | Delta: 4.92e-03 | M: 21260.5423 | Path: CPU-Statevector MPI-distributed (1 ranks)
Iter 0810 | Energy: -82.579791 | Delta: 1.88e-02 | M: 22958.1041 | Path: CPU-Statevector MPI-distributed (1 ranks)
[RESILIENCE] Iteration 810: Global theta state checkpointed at path checkpoints/H2O/checkpoint_iter_0810.npy. 
Iter 0811 | Energy: -82.614093 | Delta: 3.43e-02 | M: 21144.1877 | Path: CPU-Statevector MPI-distributed (1 ranks)
Iter 0812 | Energy: -82.616676 | Delta: 2.58e-03 | M: 23480.9529 | Path: CPU-Statevector MPI-distributed (1 ranks)
Iter 0813 | Energy: -82.630562 | Delta: 1.39e-02 | M: 21679.7673 | Path: CPU-Statevector MPI-distributed (1 ranks)
Iter 0814 | Energy: -82.613763 | Delta: 1.68e-02 | M: 23141.8875 | Path: CPU-Statevector MPI-distributed (1 ranks)
Iter 0815 | Energy: -82.632187 | Delta: 1.84e-02 | M: 23473.4610 | Path: CPU-Statevector MPI-distributed (1 ranks)
[RESILIENCE] Iteration 815: Global theta state checkpointed at path checkpoints/H2O/checkpoint_iter_0815.npy. 
Iter 0816 | Energy: -82.605877 | Delta: 2.63e-02 | M: 23641.3128 | Path: CPU-Statevector MPI-distributed (1 ranks)
Iter 0817 | Energy: -82.616617 | Delta: 1.07e-02 | M: 22686.1107 | Path: CPU-Statevector MPI-distributed (1 ranks)
Iter 0818 | Energy: -82.638717 | Delta: 2.21e-02 | M: 20246.9426 | Path: CPU-Statevector MPI-distributed (1 ranks)
Iter 0819 | Energy: -82.603124 | Delta: 3.56e-02 | M: 23500.1270 | Path: CPU-Statevector MPI-distributed (1 ranks)
Iter 0820 | Energy: -82.600253 | Delta: 2.87e-03 | M: 21758.1111 | Path: CPU-Statevector MPI-distributed (1 ranks)
[RESILIENCE] Iteration 820: Global theta state checkpointed at path checkpoints/H2O/checkpoint_iter_0820.npy. 
Iter 0821 | Energy: -82.641009 | Delta: 4.08e-02 | M: 22973.8619 | Path: CPU-Statevector MPI-distributed (1 ranks)
Iter 0822 | Energy: -82.610316 | Delta: 3.07e-02 | M: 21766.3763 | Path: CPU-Statevector MPI-distributed (1 ranks)
Iter 0823 | Energy: -82.638502 | Delta: 2.82e-02 | M: 21597.0846 | Path: CPU-Statevector MPI-distributed (1 ranks)
Iter 0824 | Energy: -82.597455 | Delta: 4.10e-02 | M: 21752.1145 | Path: CPU-Statevector MPI-distributed (1 ranks)
Iter 0825 | Energy: -82.612276 | Delta: 1.48e-02 | M: 23445.3861 | Path: CPU-Statevector MPI-distributed (1 ranks)
[RESILIENCE] Iteration 825: Global theta state checkpointed at path checkpoints/H2O/checkpoint_iter_0825.npy. 
Iter 0826 | Energy: -82.615358 | Delta: 3.08e-03 | M: 20801.0264 | Path: CPU-Statevector MPI-distributed (1 ranks)
Iter 0827 | Energy: -82.621578 | Delta: 6.22e-03 | M: 22550.8718 | Path: CPU-Statevector MPI-distributed (1 ranks)
Iter 0828 | Energy: -82.643752 | Delta: 2.22e-02 | M: 23024.6884 | Path: CPU-Statevector MPI-distributed (1 ranks)
Iter 0829 | Energy: -82.660897 | Delta: 1.71e-02 | M: 23239.6114 | Path: CPU-Statevector MPI-distributed (1 ranks)
Iter 0830 | Energy: -82.614633 | Delta: 4.63e-02 | M: 22613.5116 | Path: CPU-Statevector MPI-distributed (1 ranks)
[RESILIENCE] Iteration 830: Global theta state checkpointed at path checkpoints/H2O/checkpoint_iter_0830.npy. 
Iter 0831 | Energy: -82.660088 | Delta: 4.55e-02 | M: 22481.5113 | Path: CPU-Statevector MPI-distributed (1 ranks)
Iter 0832 | Energy: -82.630740 | Delta: 2.93e-02 | M: 21677.0678 | Path: CPU-Statevector MPI-distributed (1 ranks)
Iter 0833 | Energy: -82.643031 | Delta: 1.23e-02 | M: 22503.7969 | Path: CPU-Statevector MPI-distributed (1 ranks)
Iter 0834 | Energy: -82.649993 | Delta: 6.96e-03 | M: 22420.6192 | Path: CPU-Statevector MPI-distributed (1 ranks)
Iter 0835 | Energy: -82.662087 | Delta: 1.21e-02 | M: 20697.8074 | Path: CPU-Statevector MPI-distributed (1 ranks)
[RESILIENCE] Iteration 835: Global theta state checkpointed at path checkpoints/H2O/checkpoint_iter_0835.npy. 
Iter 0836 | Energy: -82.620546 | Delta: 4.15e-02 | M: 23072.4822 | Path: CPU-Statevector MPI-distributed (1 ranks)
Iter 0837 | Energy: -82.650713 | Delta: 3.02e-02 | M: 23431.6824 | Path: CPU-Statevector MPI-distributed (1 ranks)
Iter 0838 | Energy: -82.665059 | Delta: 1.43e-02 | M: 23151.8375 | Path: CPU-Statevector MPI-distributed (1 ranks)
Iter 0839 | Energy: -82.634822 | Delta: 3.02e-02 | M: 22246.0514 | Path: CPU-Statevector MPI-distributed (1 ranks)
Iter 0840 | Energy: -82.666770 | Delta: 3.19e-02 | M: 22566.1243 | Path: CPU-Statevector MPI-distributed (1 ranks)
[RESILIENCE] Iteration 840: Global theta state checkpointed at path checkpoints/H2O/checkpoint_iter_0840.npy. 
Iter 0841 | Energy: -82.640295 | Delta: 2.65e-02 | M: 20877.6648 | Path: CPU-Statevector MPI-distributed (1 ranks)
Iter 0842 | Energy: -82.625120 | Delta: 1.52e-02 | M: 22620.7893 | Path: CPU-Statevector MPI-distributed (1 ranks)
Iter 0843 | Energy: -82.645646 | Delta: 2.05e-02 | M: 21577.6560 | Path: CPU-Statevector MPI-distributed (1 ranks)
Iter 0844 | Energy: -82.670752 | Delta: 2.51e-02 | M: 23568.9734 | Path: CPU-Statevector MPI-distributed (1 ranks)
Iter 0845 | Energy: -82.660698 | Delta: 1.01e-02 | M: 22968.1340 | Path: CPU-Statevector MPI-distributed (1 ranks)
[RESILIENCE] Iteration 845: Global theta state checkpointed at path checkpoints/H2O/checkpoint_iter_0845.npy. 
Iter 0846 | Energy: -82.634339 | Delta: 2.64e-02 | M: 22960.6059 | Path: CPU-Statevector MPI-distributed (1 ranks)
Iter 0847 | Energy: -82.632725 | Delta: 1.61e-03 | M: 22909.7519 | Path: CPU-Statevector MPI-distributed (1 ranks)
Iter 0848 | Energy: -82.660835 | Delta: 2.81e-02 | M: 22678.6929 | Path: CPU-Statevector MPI-distributed (1 ranks)
Iter 0849 | Energy: -82.634605 | Delta: 2.62e-02 | M: 20730.4747 | Path: CPU-Statevector MPI-distributed (1 ranks)
Iter 0850 | Energy: -82.626348 | Delta: 8.26e-03 | M: 21432.0318 | Path: CPU-Statevector MPI-distributed (1 ranks)
[RESILIENCE] Iteration 850: Global theta state checkpointed at path checkpoints/H2O/checkpoint_iter_0850.npy. 
Iter 0851 | Energy: -82.660649 | Delta: 3.43e-02 | M: 23186.4710 | Path: CPU-Statevector MPI-distributed (1 ranks)
Iter 0852 | Energy: -82.650050 | Delta: 1.06e-02 | M: 20692.3726 | Path: CPU-Statevector MPI-distributed (1 ranks)
Iter 0853 | Energy: -82.635624 | Delta: 1.44e-02 | M: 23444.4177 | Path: CPU-Statevector MPI-distributed (1 ranks)
Iter 0854 | Energy: -82.615683 | Delta: 1.99e-02 | M: 22863.7336 | Path: CPU-Statevector MPI-distributed (1 ranks)
Iter 0855 | Energy: -82.657899 | Delta: 4.22e-02 | M: 22815.2356 | Path: CPU-Statevector MPI-distributed (1 ranks)
[RESILIENCE] Iteration 855: Global theta state checkpointed at path checkpoints/H2O/checkpoint_iter_0855.npy. 
Iter 0856 | Energy: -82.648451 | Delta: 9.45e-03 | M: 22542.5321 | Path: CPU-Statevector MPI-distributed (1 ranks)
Iter 0857 | Energy: -82.670807 | Delta: 2.24e-02 | M: 22293.4009 | Path: CPU-Statevector MPI-distributed (1 ranks)
Iter 0858 | Energy: -82.634161 | Delta: 3.66e-02 | M: 20833.6781 | Path: CPU-Statevector MPI-distributed (1 ranks)
Iter 0859 | Energy: -82.647004 | Delta: 1.28e-02 | M: 22442.8935 | Path: CPU-Statevector MPI-distributed (1 ranks)
Iter 0860 | Energy: -82.643506 | Delta: 3.50e-03 | M: 22886.9484 | Path: CPU-Statevector MPI-distributed (1 ranks)
[RESILIENCE] Iteration 860: Global theta state checkpointed at path checkpoints/H2O/checkpoint_iter_0860.npy. 
Iter 0861 | Energy: -82.646775 | Delta: 3.27e-03 | M: 22321.3380 | Path: CPU-Statevector MPI-distributed (1 ranks)
Iter 0862 | Energy: -82.626978 | Delta: 1.98e-02 | M: 23115.9427 | Path: CPU-Statevector MPI-distributed (1 ranks)
Iter 0863 | Energy: -82.684608 | Delta: 5.76e-02 | M: 23793.5209 | Path: CPU-Statevector MPI-distributed (1 ranks)
Iter 0864 | Energy: -82.641600 | Delta: 4.30e-02 | M: 20222.9206 | Path: CPU-Statevector MPI-distributed (1 ranks)
Iter 0865 | Energy: -82.660204 | Delta: 1.86e-02 | M: 22870.6028 | Path: CPU-Statevector MPI-distributed (1 ranks)
[RESILIENCE] Iteration 865: Global theta state checkpointed at path checkpoints/H2O/checkpoint_iter_0865.npy. 
Iter 0866 | Energy: -82.651466 | Delta: 8.74e-03 | M: 21083.9322 | Path: CPU-Statevector MPI-distributed (1 ranks)
Iter 0867 | Energy: -82.634579 | Delta: 1.69e-02 | M: 22617.1747 | Path: CPU-Statevector MPI-distributed (1 ranks)
Iter 0868 | Energy: -82.650218 | Delta: 1.56e-02 | M: 22730.2572 | Path: CPU-Statevector MPI-distributed (1 ranks)
Iter 0869 | Energy: -82.657005 | Delta: 6.79e-03 | M: 22371.5888 | Path: CPU-Statevector MPI-distributed (1 ranks)
Iter 0870 | Energy: -82.650674 | Delta: 6.33e-03 | M: 22463.9523 | Path: CPU-Statevector MPI-distributed (1 ranks)
[RESILIENCE] Iteration 870: Global theta state checkpointed at path checkpoints/H2O/checkpoint_iter_0870.npy. 
Iter 0871 | Energy: -82.669190 | Delta: 1.85e-02 | M: 22654.8600 | Path: CPU-Statevector MPI-distributed (1 ranks)
Iter 0872 | Energy: -82.670307 | Delta: 1.12e-03 | M: 23546.3842 | Path: CPU-Statevector MPI-distributed (1 ranks)
Iter 0873 | Energy: -82.647457 | Delta: 2.29e-02 | M: 23054.5348 | Path: CPU-Statevector MPI-distributed (1 ranks)
Iter 0874 | Energy: -82.670967 | Delta: 2.35e-02 | M: 21032.6385 | Path: CPU-Statevector MPI-distributed (1 ranks)
Iter 0875 | Energy: -82.676625 | Delta: 5.66e-03 | M: 20440.8378 | Path: CPU-Statevector MPI-distributed (1 ranks)
[RESILIENCE] Iteration 875: Global theta state checkpointed at path checkpoints/H2O/checkpoint_iter_0875.npy. 
Iter 0876 | Energy: -82.678831 | Delta: 2.21e-03 | M: 23420.6424 | Path: CPU-Statevector MPI-distributed (1 ranks)
Iter 0877 | Energy: -82.649935 | Delta: 2.89e-02 | M: 21657.3606 | Path: CPU-Statevector MPI-distributed (1 ranks)
Iter 0878 | Energy: -82.640351 | Delta: 9.58e-03 | M: 22065.2055 | Path: CPU-Statevector MPI-distributed (1 ranks)
Iter 0879 | Energy: -82.676181 | Delta: 3.58e-02 | M: 23257.2272 | Path: CPU-Statevector MPI-distributed (1 ranks)
Iter 0880 | Energy: -82.680791 | Delta: 4.61e-03 | M: 22826.9314 | Path: CPU-Statevector MPI-distributed (1 ranks)
[RESILIENCE] Iteration 880: Global theta state checkpointed at path checkpoints/H2O/checkpoint_iter_0880.npy. 
Iter 0881 | Energy: -82.650712 | Delta: 3.01e-02 | M: 21321.3311 | Path: CPU-Statevector MPI-distributed (1 ranks)
Iter 0882 | Energy: -82.676005 | Delta: 2.53e-02 | M: 23143.9199 | Path: CPU-Statevector MPI-distributed (1 ranks)
Iter 0883 | Energy: -82.672171 | Delta: 3.83e-03 | M: 22233.2382 | Path: CPU-Statevector MPI-distributed (1 ranks)
Iter 0884 | Energy: -82.646401 | Delta: 2.58e-02 | M: 22606.8495 | Path: CPU-Statevector MPI-distributed (1 ranks)
Iter 0885 | Energy: -82.678284 | Delta: 3.19e-02 | M: 23230.7761 | Path: CPU-Statevector MPI-distributed (1 ranks)
[RESILIENCE] Iteration 885: Global theta state checkpointed at path checkpoints/H2O/checkpoint_iter_0885.npy. 
Iter 0886 | Energy: -82.650030 | Delta: 2.83e-02 | M: 21978.0225 | Path: CPU-Statevector MPI-distributed (1 ranks)
Iter 0887 | Energy: -82.680481 | Delta: 3.05e-02 | M: 22195.5617 | Path: CPU-Statevector MPI-distributed (1 ranks)
Iter 0888 | Energy: -82.646250 | Delta: 3.42e-02 | M: 22984.0783 | Path: CPU-Statevector MPI-distributed (1 ranks)
Iter 0889 | Energy: -82.668529 | Delta: 2.23e-02 | M: 23484.2323 | Path: CPU-Statevector MPI-distributed (1 ranks)
Iter 0890 | Energy: -82.654422 | Delta: 1.41e-02 | M: 22219.5110 | Path: CPU-Statevector MPI-distributed (1 ranks)
[RESILIENCE] Iteration 890: Global theta state checkpointed at path checkpoints/H2O/checkpoint_iter_0890.npy. 
Iter 0891 | Energy: -82.672878 | Delta: 1.85e-02 | M: 20513.5012 | Path: CPU-Statevector MPI-distributed (1 ranks)
Iter 0892 | Energy: -82.690826 | Delta: 1.79e-02 | M: 22304.0953 | Path: CPU-Statevector MPI-distributed (1 ranks)
Iter 0893 | Energy: -82.647392 | Delta: 4.34e-02 | M: 22452.5654 | Path: CPU-Statevector MPI-distributed (1 ranks)
Iter 0894 | Energy: -82.665641 | Delta: 1.82e-02 | M: 22948.2748 | Path: CPU-Statevector MPI-distributed (1 ranks)
Iter 0895 | Energy: -82.662223 | Delta: 3.42e-03 | M: 20760.0399 | Path: CPU-Statevector MPI-distributed (1 ranks)
[RESILIENCE] Iteration 895: Global theta state checkpointed at path checkpoints/H2O/checkpoint_iter_0895.npy. 
Iter 0896 | Energy: -82.680151 | Delta: 1.79e-02 | M: 15348.3058 | Path: CPU-Statevector MPI-distributed (1 ranks)
[VQE] Best physical energy: -74.792123 Ha (error: 0.2203 Ha) at iter 37
[VQE] Final energy -82.680151 is below FCI — reporting best physical result

[H2O] Ansatz tier:hwe_adaptive
[H2O] Corr score: 0.502 
[H2O] Best physical energy: -74.792123 Ha 
[H2O] Reference FCI : -75.012437 Ha 
[H2O] Absolute error: +0.2203 Ha 
[H2O] Iterations run: 896 (best at iter 37)
[H2O] Wall time: 266.90s (includes QPU queue + RTT) 
[H2O] Time/iter: 0.30 s 
[H2O] Source: registry 
[H2O] Active electrons: 8 
[H2O] Estimated qubits: 12 
[H2O] Note: Frozen 2 core electrons. Active space: 8 electrons, 12 qubits 

 RUNNING SCALING (with P=1 ranks) 
[Resolver] 'LiH' found in local registry 
[Chemistry:LiH] 631 Pauli terms, 12 qubits, 96 params, reps=2. FCI reference: -7.8825 Ha 
[Ansatz] HWE (adaptive) (auto) | corr_score=0.502 | off_diag_ratio=0.007
[Reason] score=0.502 in [0.25, 0.55). Moderate correlation (off_diag_ratio=0.007, zz_frac=0.979). Adaptive HWE with full entanglement recommended.
Iter 0001 | Energy: -0.391347 | Delta: inf | M: 6684.3379 | Path: CPU-Statevector MPI-distributed (1 ranks)
Iter 0002 | Energy: -0.353292 | Delta: 3.81e-02 | M: 7704.7148 | Path: CPU-Statevector MPI-distributed (1 ranks)
Iter 0003 | Energy: -0.417267 | Delta: 6.40e-02 | M: 8067.6970 | Path: CPU-Statevector MPI-distributed (1 ranks)
Iter 0004 | Energy: -0.638010 | Delta: 2.21e-01 | M: 8258.0886 | Path: CPU-Statevector MPI-distributed (1 ranks)
Iter 0005 | Energy: -0.721660 | Delta: 8.36e-02 | M: 8038.5519 | Path: CPU-Statevector MPI-distributed (1 ranks)
[RESILIENCE] Iteration 5: Global theta state checkpointed at path checkpoints/scaling/checkpoint_iter_0005.npy. 
Iter 0006 | Energy: -1.100416 | Delta: 3.79e-01 | M: 8185.2300 | Path: CPU-Statevector MPI-distributed (1 ranks)
Iter 0007 | Energy: -1.138763 | Delta: 3.83e-02 | M: 8164.4671 | Path: CPU-Statevector MPI-distributed (1 ranks)
Iter 0008 | Energy: -1.283152 | Delta: 1.44e-01 | M: 8130.7902 | Path: CPU-Statevector MPI-distributed (1 ranks)
Iter 0009 | Energy: -1.253480 | Delta: 2.97e-02 | M: 8071.3153 | Path: CPU-Statevector MPI-distributed (1 ranks)
Iter 0010 | Energy: -1.289499 | Delta: 3.60e-02 | M: 7875.7812 | Path: CPU-Statevector MPI-distributed (1 ranks)
[RESILIENCE] Iteration 10: Global theta state checkpointed at path checkpoints/scaling/checkpoint_iter_0010.npy. 
[Scaling] P=1 T_total=0.9997 final_E=-1.289499 tier=hwe_adaptive qubits=12 iters=10

 RUNNING WEAK SCALING (P=1, molecule=H2)
[Resolver] 'H2' found in local registry 
[Chemistry:H2] 15 Pauli terms, 4 qubits, 24 params, reps=1. FCI reference: -1.1373 Ha 
[Ansatz] HWE (adaptive) (auto) | corr_score=0.342 | off_diag_ratio=0.056
[Reason] score=0.342 in [0.25, 0.55). Moderate correlation (off_diag_ratio=0.056, zz_frac=0.667). Adaptive HWE with full entanglement recommended.
Iter 0001 | Energy: -0.034744 | Delta: inf | M: 379.2950 | Path: CPU-Statevector MPI-distributed (1 ranks)
Iter 0002 | Energy: -0.035159 | Delta: 4.15e-04 | M: 400.5812 | Path: CPU-Statevector MPI-distributed (1 ranks)
Iter 0003 | Energy: -0.045020 | Delta: 9.86e-03 | M: 384.9437 | Path: CPU-Statevector MPI-distributed (1 ranks)
Iter 0004 | Energy: -0.051772 | Delta: 6.75e-03 | M: 411.4947 | Path: CPU-Statevector MPI-distributed (1 ranks)
Iter 0005 | Energy: -0.048332 | Delta: 3.44e-03 | M: 406.5970 | Path: CPU-Statevector MPI-distributed (1 ranks)
[RESILIENCE] Iteration 5: Global theta state checkpointed at path checkpoints/weak_scaling/checkpoint_iter_0005.npy. 
Iter 0006 | Energy: -0.051608 | Delta: 3.28e-03 | M: 395.3858 | Path: CPU-Statevector MPI-distributed (1 ranks)
Iter 0007 | Energy: -0.073611 | Delta: 2.20e-02 | M: 402.8230 | Path: CPU-Statevector MPI-distributed (1 ranks)
Iter 0008 | Energy: -0.066337 | Delta: 7.27e-03 | M: 411.0484 | Path: CPU-Statevector MPI-distributed (1 ranks)
Iter 0009 | Energy: -0.069598 | Delta: 3.26e-03 | M: 403.1095 | Path: CPU-Statevector MPI-distributed (1 ranks)
Iter 0010 | Energy: -0.070958 | Delta: 1.36e-03 | M: 396.1276 | Path: CPU-Statevector MPI-distributed (1 ranks)
[RESILIENCE] Iteration 10: Global theta state checkpointed at path checkpoints/weak_scaling/checkpoint_iter_0010.npy. 
[Weak Scaling] P=1 mol=H2 terms=15 terms/rank=15 T_total=0.0475 T/iter=0.0047 final_E=-0.070958



---ALL LOCAL BENCHMARKS COMPLETE ----
Ranks used : 1
GPU : True
Backend : simulator 
Molecule   Energy (Ha)      Error (Ha)     Ansatz               Corr   Iters    Time(s)    T/iter(s) 
H2         -1.134896        +0.0024 Ha     HWE (adaptive)       0.342  200      0.95       0.0048    
LiH        -7.546284        +0.3362 Ha     HWE (adaptive)       0.502  768      76.83      0.1000    
BeH2       -15.555709       +0.0394 Ha     HWE (adaptive)       0.501  896      201.68     0.2251    
H2O        -74.792123       +0.2203 Ha     HWE (adaptive)       0.502  896      266.90     0.2979    
[Results] Saved to results/simulator/simulator_20260326_041703.json
[  556.23s] Log closed
