[    0.00s] Log started
[Config] GPU=requested
[Config] Molecules: ['H2', 'LiH', 'BeH2', 'H2O']
[Config] Resolver: max_qubits=20, cache=.pubchem_cache/
[Stack] GPU statevector (cuStateVec) avai[Chemistry:H2] 15 Pauli terms, 4 qubits, 24 params, reps=1. FCI reference: -1.1373 Ha 
[Ansatz] HWE (adaptive) (auto) | corr_score=0.342 | off_diag_ratio=0.056
[Reason] score=0.342 [Chemistry:H2] 15 Pauli terms, 4 qubits, 24 params, reps=1. FCI reference: -1.1373 Ha 
[Ansatz] HWE (adaptive) (auto) | corr_s[Resolver] 'LiH' found in local registry 
[Chemistry:LiH] 631 Pauli terms, 12 qubits, 96 params, reps=2. FCI reference: -7.8825 Ha 
[Ansatz] HWE (adaptive) (auto) | corr_score=0.502 | off_diag_ratio=0.007
[Reason] score=0.502 in [0.25, 0.55). Moderate correlation (off_diag_ratio=0.007, zz_frac=0.979). Adaptive HWE with full entanglement recommended.
[Resolver] 'BeH2' found in local registry 
[Chemistry:BeH2] 666 Pauli terms, 14 qubits, 112 params, reps=2. FCI reference: -15.5951 Ha 
[Ansatz] HWE (adaptive) (auto) | corr_score=0.501 | off_diag_ratio=0.004
[Reason] score=0.501 in [0.25, 0.55). Moderate correlation (off_diag_ratio=0.004, zz_frac=0.977). Adaptive HWE with full entanglement recommended.
[Resolver] 'H2O' found in local registry 
[Chemistry:H2O] 1086 Pauli terms, 14 qubits, 112 params, reps=2. FCI reference: -75.0124 Ha 
[Ansatz] HWE (adaptive) (auto) | corr_score=0.502 | off_diag_ratio=0.007
[Reason] score=0.502 in [0.25, 0.55). Moderate correlation (off_diag_ratio=0.007, zz_frac=0.986). Adaptive HWE with full entanglement recommended.
[Resolver] 'LiH' found in local registry 
[Chemistry:LiH] 631 Pauli terms, 12 qubits, 96 params, reps=2. FCI reference: -7.8825 Ha 
[Ansatz] HWE (adaptive) (auto) | corr_score=0.502 | off_diag_ratio=0.007
[Reason] score=0.502 in [0.25, 0.55). Moderate correlation (off_diag_ratio=0.007, zz_frac=0.979). Adaptive HWE with full entanglement recommended.
[Resolver] 'LiH' found in local registry 
[Chemistry:LiH] 631 Pauli terms, 12 qubits, 96 params, reps=2. FCI reference: -7.8825 Ha 
[Ansatz] HWE (adaptive) (auto) | corr_score=0.502 | off_diag_ratio=0.007
[Reason] score=0.502 in [0.25, 0.55). Moderate correlation (off_diag_ratio=0.007, zz_frac=0.979). Adaptive HWE with full entanglement recommended.
[  464.17s] Log closed
6068 | Path: GPU-cuStateVec MPI-distributed (2 ranks)
Iter 0014 | Energy: -0.041947 | Delta: 4.41e-03 | M: 2587.6542 | Path: GPU-cuStateVec MPI-distributed (2 ranks)
Iter 0015 | Energy: -0.049653 | Delta: 7.71e-03 | M: 297.3599 | Path: GPU-cuStateVec MPI-distributed (2 ranks)
[RESILIENCE] Iteration 15: Global theta state checkpointed at path checkpoints/H2/checkpoint_iter_0015.npy. 
Iter 0016 | Energy: -0.047697 | Delta: 1.96e-03 | M: 356.4046 | Path: GPU-cuStateVec MPI-distributed (2 ranks)
Iter 0017 | Energy: -0.045866 | Delta: 1.83e-03 | M: 3113.3210 | Path: GPU-cuStateVec MPI-distributed (2 ranks)
Iter 0018 | Energy: -0.051388 | Delta: 5.52e-03 | M: 296.0984 | Path: GPU-cuStateVec MPI-distributed (2 ranks)
Iter 0019 | Energy: -0.055030 | Delta: 3.64e-03 | M: 3816.7655 | Path: GPU-cuStateVec MPI-distributed (2 ranks)
Iter 0020 | Energy: -0.056306 | Delta: 1.28e-03 | M: 336.0943 | Path: GPU-cuStateVec MPI-distributed (2 ranks)
[RESILIENCE] Iteration 20: Global theta state checkpointed at path checkpoints/H2/checkpoint_iter_0020.npy. 
Iter 0021 | Energy: -0.055543 | Delta: 7.63e-04 | M: 3006.2306 | Path: GPU-cuStateVec MPI-distributed (2 ranks)
Iter 0022 | Energy: -0.061926 | Delta: 6.38e-03 | M: 3866.3148 | Path: GPU-cuStateVec MPI-distributed (2 ranks)
Iter 0023 | Energy: -0.061371 | Delta: 5.56e-04 | M: 5718.2642 | Path: GPU-cuStateVec MPI-distributed (2 ranks)
Iter 0024 | Energy: -0.052939 | Delta: 8.43e-03 | M: 3346.4048 | Path: GPU-cuStateVec MPI-distributed (2 ranks)
Iter 0025 | Energy: -0.057413 | Delta: 4.47e-03 | M: 361.6628 | Path: GPU-cuStateVec MPI-distributed (2 ranks)
[RESILIENCE] Iteration 25: Global theta state checkpointed at path checkpoints/H2/checkpoint_iter_0025.npy. 
Iter 0026 | Energy: -0.072205 | Delta: 1.48e-02 | M: 3714.3705 | Path: GPU-cuStateVec MPI-distributed (2 ranks)
Iter 0027 | Energy: -0.082031 | Delta: 9.83e-03 | M: 3857.7053 | Path: GPU-cuStateVec MPI-distributed (2 ranks)
Iter 0028 | Energy: -0.088259 | Delta: 6.23e-03 | M: 3860.8609 | Path: GPU-cuStateVec MPI-distributed (2 ranks)
Iter 0029 | Energy: -0.083477 | Delta: 4.78e-03 | M: 2578.3094 | Path: GPU-cuStateVec MPI-distributed (2 ranks)
Iter 0030 | Energy: -0.087601 | Delta: 4.12e-03 | M: 3817.1930 | Path: GPU-cuStateVec MPI-distributed (2 ranks)
[RESILIENCE] Iteration 30: Global theta state checkpointed at path checkpoints/H2/checkpoint_iter_0030.npy. 
Iter 0031 | Energy: -0.095204 | Delta: 7.60e-03 | M: 3801.4177 | Path: GPU-cuStateVec MPI-distributed (2 ranks)
Iter 0032 | Energy: -0.104732 | Delta: 9.53e-03 | M: 3867.7883 | Path: GPU-cuStateVec MPI-distributed (2 ranks)
Iter 0033 | Energy: -0.105180 | Delta: 4.48e-04 | M: 3758.8343 | Path: GPU-cuStateVec MPI-distributed (2 ranks)
Iter 0034 | Energy: -0.107591 | Delta: 2.41e-03 | M: 3527.2208 | Path: GPU-cuStateVec MPI-distributed (2 ranks)
Iter 0035 | Energy: -0.117344 | Delta: 9.75e-03 | M: 3803.8770 | Path: GPU-cuStateVec MPI-distributed (2 ranks)
[RESILIENCE] Iteration 35: Global theta state checkpointed at path checkpoints/H2/checkpoint_iter_0035.npy. 
Iter 0036 | Energy: -0.125186 | Delta: 7.84e-03 | M: 341.6753 | Path: GPU-cuStateVec MPI-distributed (2 ranks)
Iter 0037 | Energy: -0.123267 | Delta: 1.92e-03 | M: 467.6047 | Path: GPU-cuStateVec MPI-distributed (2 ranks)
Iter 0038 | Energy: -0.137322 | Delta: 1.41e-02 | M: 349.4090 | Path: GPU-cuStateVec MPI-distributed (2 ranks)
Iter 0039 | Energy: -0.152753 | Delta: 1.54e-02 | M: 3858.9369 | Path: GPU-cuStateVec MPI-distributed (2 ranks)
Iter 0040 | Energy: -0.157060 | Delta: 4.31e-03 | M: 3811.9619 | Path: GPU-cuStateVec MPI-distributed (2 ranks)
[RESILIENCE] Iteration 40: Global theta state checkpointed at path checkpoints/H2/checkpoint_iter_0040.npy. 
Iter 0041 | Energy: -0.157721 | Delta: 6.61e-04 | M: 196.9903 | Path: GPU-cuStateVec MPI-distributed (2 ranks)
Iter 0042 | Energy: -0.156961 | Delta: 7.60e-04 | M: 3972.5555 | Path: GPU-cuStateVec MPI-distributed (2 ranks)
Iter 0043 | Energy: -0.162177 | Delta: 5.22e-03 | M: 3827.1400 | Path: GPU-cuStateVec MPI-distributed (2 ranks)
Iter 0044 | Energy: -0.179111 | Delta: 1.69e-02 | M: 3888.2929 | Path: GPU-cuStateVec MPI-distributed (2 ranks)
Iter 0045 | Energy: -0.188373 | Delta: 9.26e-03 | M: 3800.3158 | Path: GPU-cuStateVec MPI-distributed (2 ranks)
[RESILIENCE] Iteration 45: Global theta state checkpointed at path checkpoints/H2/checkpoint_iter_0045.npy. 
Iter 0046 | Energy: -0.200790 | Delta: 1.24e-02 | M: 3867.4852 | Path: GPU-cuStateVec MPI-distributed (2 ranks)
Iter 0047 | Energy: -0.197062 | Delta: 3.73e-03 | M: 3851.3476 | Path: GPU-cuStateVec MPI-distributed (2 ranks)
Iter 0048 | Energy: -0.189798 | Delta: 7.26e-03 | M: 431.3239 | Path: GPU-cuStateVec MPI-distributed (2 ranks)
Iter 0049 | Energy: -0.205025 | Delta: 1.52e-02 | M: 348.3582 | Path: GPU-cuStateVec MPI-distributed (2 ranks)
Iter 0050 | Energy: -0.234639 | Delta: 2.96e-02 | M: 19.3472 | Path: GPU-cuStateVec MPI-distributed (2 ranks)
[RESILIENCE] Iteration 50: Global theta state checkpointed at path checkpoints/H2/checkpoint_iter_0050.npy. 
Iter 0051 | Energy: -0.230608 | Delta: 4.03e-03 | M: 2833.9966 | Path: GPU-cuStateVec MPI-distributed (2 ranks)
Iter 0052 | Energy: -0.238507 | Delta: 7.90e-03 | M: 3972.3710 | Path: GPU-cuStateVec MPI-distributed (2 ranks)
Iter 0053 | Energy: -0.245525 | Delta: 7.02e-03 | M: 3869.8315 | Path: GPU-cuStateVec MPI-distributed (2 ranks)
Iter 0054 | Energy: -0.237356 | Delta: 8.17e-03 | M: 3829.8482 | Path: GPU-cuStateVec MPI-distributed (2 ranks)
Iter 0055 | Energy: -0.259306 | Delta: 2.19e-02 | M: 3812.3723 | Path: GPU-cuStateVec MPI-distributed (2 ranks)
[RESILIENCE] Iteration 55: Global theta state checkpointed at path checkpoints/H2/checkpoint_iter_0055.npy. 
Iter 0056 | Energy: -0.275362 | Delta: 1.61e-02 | M: 3858.6029 | Path: GPU-cuStateVec MPI-distributed (2 ranks)
Iter 0057 | Energy: -0.272275 | Delta: 3.09e-03 | M: 3950.9733 | Path: GPU-cuStateVec MPI-distributed (2 ranks)
Iter 0058 | Energy: -0.292185 | Delta: 1.99e-02 | M: 3789.4450 | Path: GPU-cuStateVec MPI-distributed (2 ranks)
Iter 0059 | Energy: -0.302573 | Delta: 1.04e-02 | M: 3798.0860 | Path: GPU-cuStateVec MPI-distributed (2 ranks)
Iter 0060 | Energy: -0.349488 | Delta: 4.69e-02 | M: 3863.7617 | Path: GPU-cuStateVec MPI-distributed (2 ranks)
[RESILIENCE] Iteration 60: Global theta state checkpointed at path checkpoints/H2/checkpoint_iter_0060.npy. 
Iter 0061 | Energy: -0.377147 | Delta: 2.77e-02 | M: 34101.1775 | Path: GPU-cuStateVec MPI-distributed (2 ranks)
Iter 0062 | Energy: -0.377085 | Delta: 6.25e-05 | M: 3847.1887 | Path: GPU-cuStateVec MPI-distributed (2 ranks)
Iter 0063 | Energy: -0.378766 | Delta: 1.68e-03 | M: 4020.5271 | Path: GPU-cuStateVec MPI-distributed (2 ranks)
Iter 0064 | Energy: -0.397378 | Delta: 1.86e-02 | M: 3884.4991 | Path: GPU-cuStateVec MPI-distributed (2 ranks)
Iter 0065 | Energy: -0.428638 | Delta: 3.13e-02 | M: 3858.7761 | Path: GPU-cuStateVec MPI-distributed (2 ranks)
[RESILIENCE] Iteration 65: Global theta state checkpointed at path checkpoints/H2/checkpoint_iter_0065.npy. 
Iter 0066 | Energy: -0.428725 | Delta: 8.65e-05 | M: 4150.2524 | Path: GPU-cuStateVec MPI-distributed (2 ranks)
Iter 0067 | Energy: -0.456223 | Delta: 2.75e-02 | M: 381.8206 | Path: GPU-cuStateVec MPI-distributed (2 ranks)
Iter 0068 | Energy: -0.477559 | Delta: 2.13e-02 | M: 331.6887 | Path: GPU-cuStateVec MPI-distributed (2 ranks)
Iter 0069 | Energy: -0.481686 | Delta: 4.13e-03 | M: 354.3082 | Path: GPU-cuStateVec MPI-distributed (2 ranks)
Iter 0070 | Energy: -0.489568 | Delta: 7.88e-03 | M: 3982.0943 | Path: GPU-cuStateVec MPI-distributed (2 ranks)
[RESILIENCE] Iteration 70: Global theta state checkpointed at path checkpoints/H2/checkpoint_iter_0070.npy. 
Iter 0071 | Energy: -0.488210 | Delta: 1.36e-03 | M: 321.6419 | Path: GPU-cuStateVec MPI-distributed (2 ranks)
Iter 0072 | Energy: -0.492942 | Delta: 4.73e-03 | M: 3968.1060 | Path: GPU-cuStateVec MPI-distributed (2 ranks)
Iter 0073 | Energy: -0.555441 | Delta: 6.25e-02 | M: 4034.4074 | Path: GPU-cuStateVec MPI-distributed (2 ranks)
Iter 0074 | Energy: -0.558116 | Delta: 2.67e-03 | M: 4120.8259 | Path: GPU-cuStateVec MPI-distributed (2 ranks)
Iter 0075 | Energy: -0.557646 | Delta: 4.70e-04 | M: 3839.4998 | Path: GPU-cuStateVec MPI-distributed (2 ranks)
[RESILIENCE] Iteration 75: Global theta state checkpointed at path checkpoints/H2/checkpoint_iter_0075.npy. 
Iter 0076 | Energy: -0.555519 | Delta: 2.13e-03 | M: 4046.2143 | Path: GPU-cuStateVec MPI-distributed (2 ranks)
Iter 0077 | Energy: -0.569376 | Delta: 1.39e-02 | M: 4100.8091 | Path: GPU-cuStateVec MPI-distributed (2 ranks)
Iter 0078 | Energy: -0.593032 | Delta: 2.37e-02 | M: 3966.0272 | Path: GPU-cuStateVec MPI-distributed (2 ranks)
Iter 0079 | Energy: -0.586227 | Delta: 6.81e-03 | M: 4113.7172 | Path: GPU-cuStateVec MPI-distributed (2 ranks)
Iter 0080 | Energy: -0.591151 | Delta: 4.92e-03 | M: 3987.1820 | Path: GPU-cuStateVec MPI-distributed (2 ranks)
[RESILIENCE] Iteration 80: Global theta state checkpointed at path checkpoints/H2/checkpoint_iter_0080.npy. 
Iter 0081 | Energy: -0.608018 | Delta: 1.69e-02 | M: 4150.9561 | Path: GPU-cuStateVec MPI-distributed (2 ranks)
Iter 0082 | Energy: -0.603117 | Delta: 4.90e-03 | M: 4077.7077 | Path: GPU-cuStateVec MPI-distributed (2 ranks)
Iter 0083 | Energy: -0.603431 | Delta: 3.14e-04 | M: 4115.5252 | Path: GPU-cuStateVec MPI-distributed (2 ranks)
Iter 0084 | Energy: -0.623809 | Delta: 2.04e-02 | M: 249.2311 | Path: GPU-cuStateVec MPI-distributed (2 ranks)
Iter 0085 | Energy: -0.618667 | Delta: 5.14e-03 | M: 4070.5656 | Path: GPU-cuStateVec MPI-distributed (2 ranks)
[RESILIENCE] Iteration 85: Global theta state checkpointed at path checkpoints/H2/checkpoint_iter_0085.npy. 
Iter 0086 | Energy: -0.648739 | Delta: 3.01e-02 | M: 289.4844 | Path: GPU-cuStateVec MPI-distributed (2 ranks)
Iter 0087 | Energy: -0.645768 | Delta: 2.97e-03 | M: 4053.5781 | Path: GPU-cuStateVec MPI-distributed (2 ranks)
Iter 0088 | Energy: -0.648330 | Delta: 2.56e-03 | M: 152.8797 | Path: GPU-cuStateVec MPI-distributed (2 ranks)
Iter 0089 | Energy: -0.652072 | Delta: 3.74e-03 | M: 30.2502 | Path: GPU-cuStateVec MPI-distributed (2 ranks)
Iter 0090 | Energy: -0.663115 | Delta: 1.10e-02 | M: 3610.6104 | Path: GPU-cuStateVec MPI-distributed (2 ranks)
[RESILIENCE] Iteration 90: Global theta state checkpointed at path checkpoints/H2/checkpoint_iter_0090.npy. 
Iter 0091 | Energy: -0.667072 | Delta: 3.96e-03 | M: 3991.3098 | Path: GPU-cuStateVec MPI-distributed (2 ranks)
Iter 0092 | Energy: -0.686643 | Delta: 1.96e-02 | M: 411.0002 | Path: GPU-cuStateVec MPI-distributed (2 ranks)
Iter 0093 | Energy: -0.717692 | Delta: 3.10e-02 | M: 391.4618 | Path: GPU-cuStateVec MPI-distributed (2 ranks)
Iter 0094 | Energy: -0.725276 | Delta: 7.58e-03 | M: 3878.8890 | Path: GPU-cuStateVec MPI-distributed (2 ranks)
Iter 0095 | Energy: -0.760465 | Delta: 3.52e-02 | M: 3970.3130 | Path: GPU-cuStateVec MPI-distributed (2 ranks)
[RESILIENCE] Iteration 95: Global theta state checkpointed at path checkpoints/H2/checkpoint_iter_0095.npy. 
Iter 0096 | Energy: -0.760575 | Delta: 1.10e-04 | M: 4021.9388 | Path: GPU-cuStateVec MPI-distributed (2 ranks)
Iter 0097 | Energy: -0.792131 | Delta: 3.16e-02 | M: 4010.3290 | Path: GPU-cuStateVec MPI-distributed (2 ranks)
Iter 0098 | Energy: -0.811251 | Delta: 1.91e-02 | M: 420.7458 | Path: GPU-cuStateVec MPI-distributed (2 ranks)
Iter 0099 | Energy: -0.834872 | Delta: 2.36e-02 | M: 4014.7535 | Path: GPU-cuStateVec MPI-distributed (2 ranks)
Iter 0100 | Energy: -0.866477 | Delta: 3.16e-02 | M: 186.9981 | Path: GPU-cuStateVec MPI-distributed (2 ranks)
[RESILIENCE] Iteration 100: Global theta state checkpointed at path checkpoints/H2/checkpoint_iter_0100.npy. 
Iter 0101 | Energy: -0.858003 | Delta: 8.47e-03 | M: 442.2964 | Path: GPU-cuStateVec MPI-distributed (2 ranks)
Iter 0102 | Energy: -0.907781 | Delta: 4.98e-02 | M: 349.9519 | Path: GPU-cuStateVec MPI-distributed (2 ranks)
Iter 0103 | Energy: -0.914757 | Delta: 6.98e-03 | M: 291.3264 | Path: GPU-cuStateVec MPI-distributed (2 ranks)
Iter 0104 | Energy: -0.910524 | Delta: 4.23e-03 | M: 330.3640 | Path: GPU-cuStateVec MPI-distributed (2 ranks)
Iter 0105 | Energy: -0.916545 | Delta: 6.02e-03 | M: 160.3346 | Path: GPU-cuStateVec MPI-distributed (2 ranks)
[RESILIENCE] Iteration 105: Global theta state checkpointed at path checkpoints/H2/checkpoint_iter_0105.npy. 
Iter 0106 | Energy: -0.913122 | Delta: 3.42e-03 | M: 221.7598 | Path: GPU-cuStateVec MPI-distributed (2 ranks)
Iter 0107 | Energy: -0.935058 | Delta: 2.19e-02 | M: 229.6412 | Path: GPU-cuStateVec MPI-distributed (2 ranks)
Iter 0108 | Energy: -0.939233 | Delta: 4.17e-03 | M: 324.4055 | Path: GPU-cuStateVec MPI-distributed (2 ranks)
Iter 0109 | Energy: -0.938823 | Delta: 4.09e-04 | M: 3848.1073 | Path: GPU-cuStateVec MPI-distributed (2 ranks)
Iter 0110 | Energy: -0.951156 | Delta: 1.23e-02 | M: 3976.1022 | Path: GPU-cuStateVec MPI-distributed (2 ranks)
[RESILIENCE] Iteration 110: Global theta state checkpointed at path checkpoints/H2/checkpoint_iter_0110.npy. 
Iter 0111 | Energy: -0.972435 | Delta: 2.13e-02 | M: 4100.2730 | Path: GPU-cuStateVec MPI-distributed (2 ranks)
Iter 0112 | Energy: -1.014662 | Delta: 4.22e-02 | M: 4011.6438 | Path: GPU-cuStateVec MPI-distributed (2 ranks)
Iter 0113 | Energy: -1.021855 | Delta: 7.19e-03 | M: 4093.8511 | Path: GPU-cuStateVec MPI-distributed (2 ranks)
Iter 0114 | Energy: -1.039026 | Delta: 1.72e-02 | M: 301.3098 | Path: GPU-cuStateVec MPI-distributed (2 ranks)
Iter 0115 | Energy: -1.078631 | Delta: 3.96e-02 | M: 3980.2516 | Path: GPU-cuStateVec MPI-distributed (2 ranks)
[RESILIENCE] Iteration 115: Global theta state checkpointed at path checkpoints/H2/checkpoint_iter_0115.npy. 
Iter 0116 | Energy: -1.074066 | Delta: 4.57e-03 | M: 4015.8227 | Path: GPU-cuStateVec MPI-distributed (2 ranks)
Iter 0117 | Energy: -1.080843 | Delta: 6.78e-03 | M: 4010.5975 | Path: GPU-cuStateVec MPI-distributed (2 ranks)
Iter 0118 | Energy: -1.077193 | Delta: 3.65e-03 | M: 3981.2769 | Path: GPU-cuStateVec MPI-distributed (2 ranks)
Iter 0119 | Energy: -1.098943 | Delta: 2.18e-02 | M: 3988.4456 | Path: GPU-cuStateVec MPI-distributed (2 ranks)
Iter 0120 | Energy: -1.113970 | Delta: 1.50e-02 | M: 215.4676 | Path: GPU-cuStateVec MPI-distributed (2 ranks)
[RESILIENCE] Iteration 120: Global theta state checkpointed at path checkpoints/H2/checkpoint_iter_0120.npy. 
Iter 0121 | Energy: -1.120281 | Delta: 6.31e-03 | M: 3930.7568 | Path: GPU-cuStateVec MPI-distributed (2 ranks)
Iter 0122 | Energy: -1.117180 | Delta: 3.10e-03 | M: 313.5313 | Path: GPU-cuStateVec MPI-distributed (2 ranks)
Iter 0123 | Energy: -1.131374 | Delta: 1.42e-02 | M: 3997.5210 | Path: GPU-cuStateVec MPI-distributed (2 ranks)
Iter 0124 | Energy: -1.130586 | Delta: 7.89e-04 | M: 4039.8145 | Path: GPU-cuStateVec MPI-distributed (2 ranks)
Iter 0125 | Energy: -1.134508 | Delta: 3.92e-03 | M: 3856.5616 | Path: GPU-cuStateVec MPI-distributed (2 ranks)
[RESILIENCE] Iteration 125: Global theta state checkpointed at path checkpoints/H2/checkpoint_iter_0125.npy. 
Iter 0126 | Energy: -1.134896 | Delta: 3.87e-04 | M: 170.4044 | Path: GPU-cuStateVec MPI-distributed (2 ranks)
NOTE: Energy -1.1695 crossed below FCI -1.1373 at iter 127 - HWE ansatz leaving physical sector (expected limitation)
Iter 0127 | Energy: -1.169454 | Delta: 3.46e-02 | M: 3944.7127 | Path: GPU-cuStateVec MPI-distributed (2 ranks)
Iter 0128 | Energy: -1.161551 | Delta: 7.90e-03 | M: 22.6147 | Path: GPU-cuStateVec MPI-distributed (2 ranks)
Iter 0129 | Energy: -1.165341 | Delta: 3.79e-03 | M: 2301.6407 | Path: GPU-cuStateVec MPI-distributed (2 ranks)
Iter 0130 | Energy: -1.162592 | Delta: 2.75e-03 | M: 3904.5108 | Path: GPU-cuStateVec MPI-distributed (2 ranks)
[RESILIENCE] Iteration 130: Global theta state checkpointed at path checkpoints/H2/checkpoint_iter_0130.npy. 
Iter 0131 | Energy: -1.166031 | Delta: 3.44e-03 | M: 3824.2863 | Path: GPU-cuStateVec MPI-distributed (2 ranks)
Iter 0132 | Energy: -1.172081 | Delta: 6.05e-03 | M: 3972.1416 | Path: GPU-cuStateVec MPI-distributed (2 ranks)
Iter 0133 | Energy: -1.169426 | Delta: 2.66e-03 | M: 3838.4250 | Path: GPU-cuStateVec MPI-distributed (2 ranks)
Iter 0134 | Energy: -1.178971 | Delta: 9.54e-03 | M: 3816.5180 | Path: GPU-cuStateVec MPI-distributed (2 ranks)
Iter 0135 | Energy: -1.182285 | Delta: 3.31e-03 | M: 3972.5908 | Path: GPU-cuStateVec MPI-distributed (2 ranks)
[RESILIENCE] Iteration 135: Global theta state checkpointed at path checkpoints/H2/checkpoint_iter_0135.npy. 
Iter 0136 | Energy: -1.177917 | Delta: 4.37e-03 | M: 3872.1131 | Path: GPU-cuStateVec MPI-distributed (2 ranks)
Iter 0137 | Energy: -1.179370 | Delta: 1.45e-03 | M: 3795.7358 | Path: GPU-cuStateVec MPI-distributed (2 ranks)
Iter 0138 | Energy: -1.186667 | Delta: 7.30e-03 | M: 3866.6081 | Path: GPU-cuStateVec MPI-distributed (2 ranks)
Iter 0139 | Energy: -1.188373 | Delta: 1.71e-03 | M: 3844.6756 | Path: GPU-cuStateVec MPI-distributed (2 ranks)
Iter 0140 | Energy: -1.187870 | Delta: 5.03e-04 | M: 3852.6202 | Path: GPU-cuStateVec MPI-distributed (2 ranks)
[RESILIENCE] Iteration 140: Global theta state checkpointed at path checkpoints/H2/checkpoint_iter_0140.npy. 
Iter 0141 | Energy: -1.212090 | Delta: 2.42e-02 | M: 3864.8522 | Path: GPU-cuStateVec MPI-distributed (2 ranks)
Iter 0142 | Energy: -1.214721 | Delta: 2.63e-03 | M: 3587.9143 | Path: GPU-cuStateVec MPI-distributed (2 ranks)
Iter 0143 | Energy: -1.219015 | Delta: 4.29e-03 | M: 3699.7840 | Path: GPU-cuStateVec MPI-distributed (2 ranks)
Iter 0144 | Energy: -1.230619 | Delta: 1.16e-02 | M: 3760.6101 | Path: GPU-cuStateVec MPI-distributed (2 ranks)
Iter 0145 | Energy: -1.231294 | Delta: 6.75e-04 | M: 3788.0382 | Path: GPU-cuStateVec MPI-distributed (2 ranks)
[RESILIENCE] Iteration 145: Global theta state checkpointed at path checkpoints/H2/checkpoint_iter_0145.npy. 
Iter 0146 | Energy: -1.238420 | Delta: 7.13e-03 | M: 3825.1633 | Path: GPU-cuStateVec MPI-distributed (2 ranks)
Iter 0147 | Energy: -1.240041 | Delta: 1.62e-03 | M: 3823.7502 | Path: GPU-cuStateVec MPI-distributed (2 ranks)
Iter 0148 | Energy: -1.253496 | Delta: 1.35e-02 | M: 3724.3882 | Path: GPU-cuStateVec MPI-distributed (2 ranks)
Iter 0149 | Energy: -1.265603 | Delta: 1.21e-02 | M: 3840.5176 | Path: GPU-cuStateVec MPI-distributed (2 ranks)
Iter 0150 | Energy: -1.270863 | Delta: 5.26e-03 | M: 391.5516 | Path: GPU-cuStateVec MPI-distributed (2 ranks)
[RESILIENCE] Iteration 150: Global theta state checkpointed at path checkpoints/H2/checkpoint_iter_0150.npy. 
Iter 0151 | Energy: -1.268570 | Delta: 2.29e-03 | M: 3698.2506 | Path: GPU-cuStateVec MPI-distributed (2 ranks)
Iter 0152 | Energy: -1.276877 | Delta: 8.31e-03 | M: 3834.1857 | Path: GPU-cuStateVec MPI-distributed (2 ranks)
Iter 0153 | Energy: -1.284514 | Delta: 7.64e-03 | M: 3945.3764 | Path: GPU-cuStateVec MPI-distributed (2 ranks)
Iter 0154 | Energy: -1.295406 | Delta: 1.09e-02 | M: 3870.2944 | Path: GPU-cuStateVec MPI-distributed (2 ranks)
Iter 0155 | Energy: -1.297339 | Delta: 1.93e-03 | M: 3840.1737 | Path: GPU-cuStateVec MPI-distributed (2 ranks)
[RESILIENCE] Iteration 155: Global theta state checkpointed at path checkpoints/H2/checkpoint_iter_0155.npy. 
Iter 0156 | Energy: -1.296740 | Delta: 5.99e-04 | M: 2943.2151 | Path: GPU-cuStateVec MPI-distributed (2 ranks)
Iter 0157 | Energy: -1.302708 | Delta: 5.97e-03 | M: 3403.7305 | Path: GPU-cuStateVec MPI-distributed (2 ranks)
Iter 0158 | Energy: -1.304841 | Delta: 2.13e-03 | M: 3452.0230 | Path: GPU-cuStateVec MPI-distributed (2 ranks)
Iter 0159 | Energy: -1.314083 | Delta: 9.24e-03 | M: 6326.1286 | Path: GPU-cuStateVec MPI-distributed (2 ranks)
Iter 0160 | Energy: -1.323153 | Delta: 9.07e-03 | M: 123.9621 | Path: GPU-cuStateVec MPI-distributed (2 ranks)
[RESILIENCE] Iteration 160: Global theta state checkpointed at path checkpoints/H2/checkpoint_iter_0160.npy. 
Iter 0161 | Energy: -1.325430 | Delta: 2.28e-03 | M: 115.9692 | Path: GPU-cuStateVec MPI-distributed (2 ranks)
Iter 0162 | Energy: -1.331394 | Delta: 5.96e-03 | M: 126.1094 | Path: GPU-cuStateVec MPI-distributed (2 ranks)
Iter 0163 | Energy: -1.330747 | Delta: 6.47e-04 | M: 119.9115 | Path: GPU-cuStateVec MPI-distributed (2 ranks)
Iter 0164 | Energy: -1.332724 | Delta: 1.98e-03 | M: 94.2844 | Path: GPU-cuStateVec MPI-distributed (2 ranks)
Iter 0165 | Energy: -1.333137 | Delta: 4.13e-04 | M: 84.7212 | Path: GPU-cuStateVec MPI-distributed (2 ranks)
[RESILIENCE] Iteration 165: Global theta state checkpointed at path checkpoints/H2/checkpoint_iter_0165.npy. 
Iter 0166 | Energy: -1.331896 | Delta: 1.24e-03 | M: 422.5805 | Path: GPU-cuStateVec MPI-distributed (2 ranks)
Iter 0167 | Energy: -1.335423 | Delta: 3.53e-03 | M: 100.4118 | Path: GPU-cuStateVec MPI-distributed (2 ranks)
Iter 0168 | Energy: -1.342308 | Delta: 6.89e-03 | M: 255.1176 | Path: GPU-cuStateVec MPI-distributed (2 ranks)
Iter 0169 | Energy: -1.351245 | Delta: 8.94e-03 | M: 174.2562 | Path: GPU-cuStateVec MPI-distributed (2 ranks)
Iter 0170 | Energy: -1.355412 | Delta: 4.17e-03 | M: 159.1455 | Path: GPU-cuStateVec MPI-distributed (2 ranks)
[RESILIENCE] Iteration 170: Global theta state checkpointed at path checkpoints/H2/checkpoint_iter_0170.npy. 
Iter 0171 | Energy: -1.353259 | Delta: 2.15e-03 | M: 371.5075 | Path: GPU-cuStateVec MPI-distributed (2 ranks)
Iter 0172 | Energy: -1.356363 | Delta: 3.10e-03 | M: 304.3651 | Path: GPU-cuStateVec MPI-distributed (2 ranks)
Iter 0173 | Energy: -1.357287 | Delta: 9.24e-04 | M: 85.5492 | Path: GPU-cuStateVec MPI-distributed (2 ranks)
Iter 0174 | Energy: -1.359004 | Delta: 1.72e-03 | M: 235.3390 | Path: GPU-cuStateVec MPI-distributed (2 ranks)
Iter 0175 | Energy: -1.353181 | Delta: 5.82e-03 | M: 248.7471 | Path: GPU-cuStateVec MPI-distributed (2 ranks)
[RESILIENCE] Iteration 175: Global theta state checkpointed at path checkpoints/H2/checkpoint_iter_0175.npy. 
Iter 0176 | Energy: -1.363325 | Delta: 1.01e-02 | M: 224.4476 | Path: GPU-cuStateVec MPI-distributed (2 ranks)
Iter 0177 | Energy: -1.366474 | Delta: 3.15e-03 | M: 164.0058 | Path: GPU-cuStateVec MPI-distributed (2 ranks)
Iter 0178 | Energy: -1.367146 | Delta: 6.72e-04 | M: 114.1684 | Path: GPU-cuStateVec MPI-distributed (2 ranks)
Iter 0179 | Energy: -1.367449 | Delta: 3.03e-04 | M: 101.8481 | Path: GPU-cuStateVec MPI-distributed (2 ranks)
Iter 0180 | Energy: -1.371866 | Delta: 4.42e-03 | M: 74.8181 | Path: GPU-cuStateVec MPI-distributed (2 ranks)
[RESILIENCE] Iteration 180: Global theta state checkpointed at path checkpoints/H2/checkpoint_iter_0180.npy. 
Iter 0181 | Energy: -1.377779 | Delta: 5.91e-03 | M: 154.3849 | Path: GPU-cuStateVec MPI-distributed (2 ranks)
Iter 0182 | Energy: -1.385216 | Delta: 7.44e-03 | M: 157.5397 | Path: GPU-cuStateVec MPI-distributed (2 ranks)
Iter 0183 | Energy: -1.383623 | Delta: 1.59e-03 | M: 134.3294 | Path: GPU-cuStateVec MPI-distributed (2 ranks)
Iter 0184 | Energy: -1.381520 | Delta: 2.10e-03 | M: 167.6718 | Path: GPU-cuStateVec MPI-distributed (2 ranks)
Iter 0185 | Energy: -1.388368 | Delta: 6.85e-03 | M: 289.0485 | Path: GPU-cuStateVec MPI-distributed (2 ranks)
[RESILIENCE] Iteration 185: Global theta state checkpointed at path checkpoints/H2/checkpoint_iter_0185.npy. 
Iter 0186 | Energy: -1.387086 | Delta: 1.28e-03 | M: 113.3103 | Path: GPU-cuStateVec MPI-distributed (2 ranks)
Iter 0187 | Energy: -1.390614 | Delta: 3.53e-03 | M: 4022.6133 | Path: GPU-cuStateVec MPI-distributed (2 ranks)
Iter 0188 | Energy: -1.386489 | Delta: 4.12e-03 | M: 280.4408 | Path: GPU-cuStateVec MPI-distributed (2 ranks)
Iter 0189 | Energy: -1.396734 | Delta: 1.02e-02 | M: 298.8970 | Path: GPU-cuStateVec MPI-distributed (2 ranks)
Iter 0190 | Energy: -1.397083 | Delta: 3.50e-04 | M: 271.2827 | Path: GPU-cuStateVec MPI-distributed (2 ranks)
[RESILIENCE] Iteration 190: Global theta state checkpointed at path checkpoints/H2/checkpoint_iter_0190.npy. 
Iter 0191 | Energy: -1.394238 | Delta: 2.85e-03 | M: 272.9492 | Path: GPU-cuStateVec MPI-distributed (2 ranks)
Iter 0192 | Energy: -1.403216 | Delta: 8.98e-03 | M: 176.9367 | Path: GPU-cuStateVec MPI-distributed (2 ranks)
Iter 0193 | Energy: -1.402394 | Delta: 8.21e-04 | M: 116.3867 | Path: GPU-cuStateVec MPI-distributed (2 ranks)
Iter 0194 | Energy: -1.407194 | Delta: 4.80e-03 | M: 278.4236 | Path: GPU-cuStateVec MPI-distributed (2 ranks)
Iter 0195 | Energy: -1.408051 | Delta: 8.57e-04 | M: 3959.8652 | Path: GPU-cuStateVec MPI-distributed (2 ranks)
[RESILIENCE] Iteration 195: Global theta state checkpointed at path checkpoints/H2/checkpoint_iter_0195.npy. 
Iter 0196 | Energy: -1.415914 | Delta: 7.86e-03 | M: 3989.0741 | Path: GPU-cuStateVec MPI-distributed (2 ranks)
Iter 0197 | Energy: -1.415213 | Delta: 7.01e-04 | M: 283.4967 | Path: GPU-cuStateVec MPI-distributed (2 ranks)
Iter 0198 | Energy: -1.409566 | Delta: 5.65e-03 | M: 3939.6625 | Path: GPU-cuStateVec MPI-distributed (2 ranks)
Iter 0199 | Energy: -1.420202 | Delta: 1.06e-02 | M: 178.5431 | Path: GPU-cuStateVec MPI-distributed (2 ranks)
Iter 0200 | Energy: -1.420053 | Delta: 1.48e-04 | M: 3923.8404 | Path: GPU-cuStateVec MPI-distributed (2 ranks)
[RESILIENCE] Iteration 200: Global theta state checkpointed at path checkpoints/H2/checkpoint_iter_0200.npy. 
[VQE] Best physical energy: -1.134896 Ha (error: 0.0024 Ha) at iter 126
[VQE] Final energy -1.420053 is below FCI - reporting best physical result

[H2] Ansatz tier:hwe_adaptive
[H2] Corr score: 0.342 
[H2] Best physical energy: -1.134896 Ha 
[H2] Reference FCI : -1.137284 Ha 
[H2] Absolute error: +0.0024 Ha 
[H2] Iterations run: 200 (best at iter 126)
[H2] Wall time: 16.05s (includes QPU queue + RTT) 
[H2] Time/iter: 0.08 s 
[H2] Source: registry 
[H2] Active electrons: 2 
[H2] Estimated qubits: 4 


--- RUNNING CHEMISTRY TASK LiH ---
[Resolver] 'LiH' found in local registry 
[Chemistry:LiH] 631 Pauli terms, 12 qubits, 96 params, reps=2. FCI reference: -7.8825 Ha 
[Ansatz] HWE (adaptive) (auto) | corr_score=0.502 | off_diag_ratio=0.007
[Reason] score=0.502 in [0.25, 0.55). Moderate correlation (off_diag_ratio=0.007, zz_frac=0.979). Adaptive HWE with full entanglement recommended.
Iter 0001 | Energy: -0.446148 | Delta: inf | M: 1.3020 | Path: GPU-cuStateVec MPI-distributed (2 ranks)
Iter 0002 | Energy: -0.454823 | Delta: 8.67e-03 | M: 4525.2252 | Path: GPU-cuStateVec MPI-distributed (2 ranks)
Iter 0003 | Energy: -0.412540 | Delta: 4.23e-02 | M: 4666.2289 | Path: GPU-cuStateVec MPI-distributed (2 ranks)
Iter 0004 | Energy: -0.399932 | Delta: 1.26e-02 | M: 5016.9869 | Path: GPU-cuStateVec MPI-distributed (2 ranks)
Iter 0005 | Energy: -0.415982 | Delta: 1.60e-02 | M: 4645.6125 | Path: GPU-cuStateVec MPI-distributed (2 ranks)
[RESILIENCE] Iteration 5: Global theta state checkpointed at path checkpoints/LiH/checkpoint_iter_0005.npy. 
Iter 0006 | Energy: -0.413792 | Delta: 2.19e-03 | M: 4925.4466 | Path: GPU-cuStateVec MPI-distributed (2 ranks)
Iter 0007 | Energy: -0.411301 | Delta: 2.49e-03 | M: 4996.4099 | Path: GPU-cuStateVec MPI-distributed (2 ranks)
Iter 0008 | Energy: -0.411249 | Delta: 5.21e-05 | M: 4672.1082 | Path: GPU-cuStateVec MPI-distributed (2 ranks)
Iter 0009 | Energy: -0.412543 | Delta: 1.29e-03 | M: 4757.2667 | Path: GPU-cuStateVec MPI-distributed (2 ranks)
Iter 0010 | Energy: -0.404811 | Delta: 7.73e-03 | M: 4835.8877 | Path: GPU-cuStateVec MPI-distributed (2 ranks)
[RESILIENCE] Iteration 10: Global theta state checkpointed at path checkpoints/LiH/checkpoint_iter_0010.npy. 
Iter 0011 | Energy: -0.403208 | Delta: 1.60e-03 | M: 4954.3471 | Path: GPU-cuStateVec MPI-distributed (2 ranks)
Iter 0012 | Energy: -0.428774 | Delta: 2.56e-02 | M: 4804.8572 | Path: GPU-cuStateVec MPI-distributed (2 ranks)
Iter 0013 | Energy: -0.406082 | Delta: 2.27e-02 | M: 4612.9798 | Path: GPU-cuStateVec MPI-distributed (2 ranks)
Iter 0014 | Energy: -0.411147 | Delta: 5.06e-03 | M: 4866.1447 | Path: GPU-cuStateVec MPI-distributed (2 ranks)
Iter 0015 | Energy: -0.406957 | Delta: 4.19e-03 | M: 5053.4105 | Path: GPU-cuStateVec MPI-distributed (2 ranks)
[RESILIENCE] Iteration 15: Global theta state checkpointed at path checkpoints/LiH/checkpoint_iter_0015.npy. 
Iter 0016 | Energy: -0.412794 | Delta: 5.84e-03 | M: 4891.4894 | Path: GPU-cuStateVec MPI-distributed (2 ranks)
Iter 0017 | Energy: -0.417260 | Delta: 4.47e-03 | M: 4780.2225 | Path: GPU-cuStateVec MPI-distributed (2 ranks)
Iter 0018 | Energy: -0.450204 | Delta: 3.29e-02 | M: 4975.0749 | Path: GPU-cuStateVec MPI-distributed (2 ranks)
Iter 0019 | Energy: -0.447903 | Delta: 2.30e-03 | M: 4834.5263 | Path: GPU-cuStateVec MPI-distributed (2 ranks)
Iter 0020 | Energy: -0.427132 | Delta: 2.08e-02 | M: 4875.7222 | Path: GPU-cuStateVec MPI-distributed (2 ranks)
[RESILIENCE] Iteration 20: Global theta state checkpointed at path checkpoints/LiH/checkpoint_iter_0020.npy. 
Iter 0021 | Energy: -0.441780 | Delta: 1.46e-02 | M: 4859.1284 | Path: GPU-cuStateVec MPI-distributed (2 ranks)
Iter 0022 | Energy: -0.439151 | Delta: 2.63e-03 | M: 4819.7442 | Path: GPU-cuStateVec MPI-distributed (2 ranks)
Iter 0023 | Energy: -0.454437 | Delta: 1.53e-02 | M: 4822.6371 | Path: GPU-cuStateVec MPI-distributed (2 ranks)
Iter 0024 | Energy: -0.459132 | Delta: 4.70e-03 | M: 5054.2423 | Path: GPU-cuStateVec MPI-distributed (2 ranks)
Iter 0025 | Energy: -0.450987 | Delta: 8.14e-03 | M: 4806.1425 | Path: GPU-cuStateVec MPI-distributed (2 ranks)
[RESILIENCE] Iteration 25: Global theta state checkpointed at path checkpoints/LiH/checkpoint_iter_0025.npy. 
Iter 0026 | Energy: -0.458987 | Delta: 8.00e-03 | M: 4954.0032 | Path: GPU-cuStateVec MPI-distributed (2 ranks)
Iter 0027 | Energy: -0.466759 | Delta: 7.77e-03 | M: 4849.5445 | Path: GPU-cuStateVec MPI-distributed (2 ranks)
Iter 0028 | Energy: -0.457552 | Delta: 9.21e-03 | M: 4800.4782 | Path: GPU-cuStateVec MPI-distributed (2 ranks)
Iter 0029 | Energy: -0.482201 | Delta: 2.46e-02 | M: 4771.7738 | Path: GPU-cuStateVec MPI-distributed (2 ranks)
Iter 0030 | Energy: -0.482023 | Delta: 1.78e-04 | M: 4533.9633 | Path: GPU-cuStateVec MPI-distributed (2 ranks)
[RESILIENCE] Iteration 30: Global theta state checkpointed at path checkpoints/LiH/checkpoint_iter_0030.npy. 
Iter 0031 | Energy: -0.557966 | Delta: 7.59e-02 | M: 109.3285 | Path: GPU-cuStateVec MPI-distributed (2 ranks)
Iter 0032 | Energy: -0.587280 | Delta: 2.93e-02 | M: 4927.0075 | Path: GPU-cuStateVec MPI-distributed (2 ranks)
Iter 0033 | Energy: -0.602909 | Delta: 1.56e-02 | M: 109.6760 | Path: GPU-cuStateVec MPI-distributed (2 ranks)
Iter 0034 | Energy: -0.604303 | Delta: 1.39e-03 | M: 2708.4294 | Path: GPU-cuStateVec MPI-distributed (2 ranks)
Iter 0035 | Energy: -0.608470 | Delta: 4.17e-03 | M: 4986.4413 | Path: GPU-cuStateVec MPI-distributed (2 ranks)
[RESILIENCE] Iteration 35: Global theta state checkpointed at path checkpoints/LiH/checkpoint_iter_0035.npy. 
Iter 0036 | Energy: -0.603876 | Delta: 4.59e-03 | M: 4918.6006 | Path: GPU-cuStateVec MPI-distributed (2 ranks)
Iter 0037 | Energy: -0.598694 | Delta: 5.18e-03 | M: 24.7185 | Path: GPU-cuStateVec MPI-distributed (2 ranks)
Iter 0038 | Energy: -0.624113 | Delta: 2.54e-02 | M: 4840.5434 | Path: GPU-cuStateVec MPI-distributed (2 ranks)
Iter 0039 | Energy: -0.664522 | Delta: 4.04e-02 | M: 121.6365 | Path: GPU-cuStateVec MPI-distributed (2 ranks)
Iter 0040 | Energy: -0.657312 | Delta: 7.21e-03 | M: 5067.0934 | Path: GPU-cuStateVec MPI-distributed (2 ranks)
[RESILIENCE] Iteration 40: Global theta state checkpointed at path checkpoints/LiH/checkpoint_iter_0040.npy. 
Iter 0041 | Energy: -0.661108 | Delta: 3.80e-03 | M: 4968.3738 | Path: GPU-cuStateVec MPI-distributed (2 ranks)
Iter 0042 | Energy: -0.665507 | Delta: 4.40e-03 | M: 5191.8415 | Path: GPU-cuStateVec MPI-distributed (2 ranks)
Iter 0043 | Energy: -0.690731 | Delta: 2.52e-02 | M: 5112.6566 | Path: GPU-cuStateVec MPI-distributed (2 ranks)
Iter 0044 | Energy: -0.703530 | Delta: 1.28e-02 | M: 4944.6267 | Path: GPU-cuStateVec MPI-distributed (2 ranks)
Iter 0045 | Energy: -0.731756 | Delta: 2.82e-02 | M: 5073.8684 | Path: GPU-cuStateVec MPI-distributed (2 ranks)
[RESILIENCE] Iteration 45: Global theta state checkpointed at path checkpoints/LiH/checkpoint_iter_0045.npy. 
Iter 0046 | Energy: -0.754687 | Delta: 2.29e-02 | M: 4953.5130 | Path: GPU-cuStateVec MPI-distributed (2 ranks)
Iter 0047 | Energy: -0.777216 | Delta: 2.25e-02 | M: 5069.2076 | Path: GPU-cuStateVec MPI-distributed (2 ranks)
Iter 0048 | Energy: -0.870031 | Delta: 9.28e-02 | M: 5131.0606 | Path: GPU-cuStateVec MPI-distributed (2 ranks)
Iter 0049 | Energy: -0.893982 | Delta: 2.40e-02 | M: 5039.6447 | Path: GPU-cuStateVec MPI-distributed (2 ranks)
Iter 0050 | Energy: -0.959624 | Delta: 6.56e-02 | M: 5215.6149 | Path: GPU-cuStateVec MPI-distributed (2 ranks)
[RESILIENCE] Iteration 50: Global theta state checkpointed at path checkpoints/LiH/checkpoint_iter_0050.npy. 
Iter 0051 | Energy: -0.981075 | Delta: 2.15e-02 | M: 5205.3166 | Path: GPU-cuStateVec MPI-distributed (2 ranks)
Iter 0052 | Energy: -0.979279 | Delta: 1.80e-03 | M: 5128.1330 | Path: GPU-cuStateVec MPI-distributed (2 ranks)
Iter 0053 | Energy: -0.979249 | Delta: 2.99e-05 | M: 4947.1666 | Path: GPU-cuStateVec MPI-distributed (2 ranks)
Iter 0054 | Energy: -0.984459 | Delta: 5.21e-03 | M: 5081.8229 | Path: GPU-cuStateVec MPI-distributed (2 ranks)
Iter 0055 | Energy: -0.971795 | Delta: 1.27e-02 | M: 5136.8220 | Path: GPU-cuStateVec MPI-distributed (2 ranks)
[RESILIENCE] Iteration 55: Global theta state checkpointed at path checkpoints/LiH/checkpoint_iter_0055.npy. 
Iter 0056 | Energy: -1.110052 | Delta: 1.38e-01 | M: 5247.2238 | Path: GPU-cuStateVec MPI-distributed (2 ranks)
Iter 0057 | Energy: -1.129452 | Delta: 1.94e-02 | M: 5228.4785 | Path: GPU-cuStateVec MPI-distributed (2 ranks)
Iter 0058 | Energy: -1.162319 | Delta: 3.29e-02 | M: 5204.6226 | Path: GPU-cuStateVec MPI-distributed (2 ranks)
Iter 0059 | Energy: -1.183668 | Delta: 2.13e-02 | M: 5017.8827 | Path: GPU-cuStateVec MPI-distributed (2 ranks)
Iter 0060 | Energy: -1.191993 | Delta: 8.33e-03 | M: 136.7085 | Path: GPU-cuStateVec MPI-distributed (2 ranks)
[RESILIENCE] Iteration 60: Global theta state checkpointed at path checkpoints/LiH/checkpoint_iter_0060.npy. 
Iter 0061 | Energy: -1.205678 | Delta: 1.37e-02 | M: 5267.7681 | Path: GPU-cuStateVec MPI-distributed (2 ranks)
Iter 0062 | Energy: -1.215614 | Delta: 9.94e-03 | M: 4989.9288 | Path: GPU-cuStateVec MPI-distributed (2 ranks)
Iter 0063 | Energy: -1.225177 | Delta: 9.56e-03 | M: 5028.9146 | Path: GPU-cuStateVec MPI-distributed (2 ranks)
Iter 0064 | Energy: -1.231903 | Delta: 6.73e-03 | M: 5040.4176 | Path: GPU-cuStateVec MPI-distributed (2 ranks)
Iter 0065 | Energy: -1.232243 | Delta: 3.41e-04 | M: 5045.6395 | Path: GPU-cuStateVec MPI-distributed (2 ranks)
[RESILIENCE] Iteration 65: Global theta state checkpointed at path checkpoints/LiH/checkpoint_iter_0065.npy. 
Iter 0066 | Energy: -1.257822 | Delta: 2.56e-02 | M: 128.9579 | Path: GPU-cuStateVec MPI-distributed (2 ranks)
Iter 0067 | Energy: -1.329086 | Delta: 7.13e-02 | M: 5094.3573 | Path: GPU-cuStateVec MPI-distributed (2 ranks)
Iter 0068 | Energy: -1.372991 | Delta: 4.39e-02 | M: 5072.3268 | Path: GPU-cuStateVec MPI-distributed (2 ranks)
Iter 0069 | Energy: -1.380666 | Delta: 7.68e-03 | M: 4903.9777 | Path: GPU-cuStateVec MPI-distributed (2 ranks)
Iter 0070 | Energy: -1.419720 | Delta: 3.91e-02 | M: 5145.7765 | Path: GPU-cuStateVec MPI-distributed (2 ranks)
[RESILIENCE] Iteration 70: Global theta state checkpointed at path checkpoints/LiH/checkpoint_iter_0070.npy. 
Iter 0071 | Energy: -1.402267 | Delta: 1.75e-02 | M: 5000.7970 | Path: GPU-cuStateVec MPI-distributed (2 ranks)
Iter 0072 | Energy: -1.450290 | Delta: 4.80e-02 | M: 5069.5090 | Path: GPU-cuStateVec MPI-distributed (2 ranks)
Iter 0073 | Energy: -1.464082 | Delta: 1.38e-02 | M: 5098.2557 | Path: GPU-cuStateVec MPI-distributed (2 ranks)
Iter 0074 | Energy: -1.475274 | Delta: 1.12e-02 | M: 5213.4417 | Path: GPU-cuStateVec MPI-distributed (2 ranks)
Iter 0075 | Energy: -1.481733 | Delta: 6.46e-03 | M: 1.0050 | Path: GPU-cuStateVec MPI-distributed (2 ranks)
[RESILIENCE] Iteration 75: Global theta state checkpointed at path checkpoints/LiH/checkpoint_iter_0075.npy. 
Iter 0076 | Energy: -1.480686 | Delta: 1.05e-03 | M: 5490.5282 | Path: GPU-cuStateVec MPI-distributed (2 ranks)
Iter 0077 | Energy: -1.485331 | Delta: 4.64e-03 | M: 86.9856 | Path: GPU-cuStateVec MPI-distributed (2 ranks)
Iter 0078 | Energy: -1.682273 | Delta: 1.97e-01 | M: 124.1410 | Path: GPU-cuStateVec MPI-distributed (2 ranks)
Iter 0079 | Energy: -1.736547 | Delta: 5.43e-02 | M: 5106.1529 | Path: GPU-cuStateVec MPI-distributed (2 ranks)
Iter 0080 | Energy: -1.964160 | Delta: 2.28e-01 | M: 5076.7666 | Path: GPU-cuStateVec MPI-distributed (2 ranks)
[RESILIENCE] Iteration 80: Global theta state checkpointed at path checkpoints/LiH/checkpoint_iter_0080.npy. 
Iter 0081 | Energy: -2.030033 | Delta: 6.59e-02 | M: 5039.0442 | Path: GPU-cuStateVec MPI-distributed (2 ranks)
Iter 0082 | Energy: -2.112504 | Delta: 8.25e-02 | M: 5251.3072 | Path: GPU-cuStateVec MPI-distributed (2 ranks)
Iter 0083 | Energy: -2.126721 | Delta: 1.42e-02 | M: 140.3078 | Path: GPU-cuStateVec MPI-distributed (2 ranks)
Iter 0084 | Energy: -2.171808 | Delta: 4.51e-02 | M: 116.3622 | Path: GPU-cuStateVec MPI-distributed (2 ranks)
Iter 0085 | Energy: -2.183595 | Delta: 1.18e-02 | M: 113.3815 | Path: GPU-cuStateVec MPI-distributed (2 ranks)
[RESILIENCE] Iteration 85: Global theta state checkpointed at path checkpoints/LiH/checkpoint_iter_0085.npy. 
Iter 0086 | Energy: -2.167585 | Delta: 1.60e-02 | M: 115.2433 | Path: GPU-cuStateVec MPI-distributed (2 ranks)
Iter 0087 | Energy: -2.330092 | Delta: 1.63e-01 | M: 110.3529 | Path: GPU-cuStateVec MPI-distributed (2 ranks)
Iter 0088 | Energy: -2.368421 | Delta: 3.83e-02 | M: 128.8591 | Path: GPU-cuStateVec MPI-distributed (2 ranks)
Iter 0089 | Energy: -2.372634 | Delta: 4.21e-03 | M: 108.7829 | Path: GPU-cuStateVec MPI-distributed (2 ranks)
Iter 0090 | Energy: -2.473957 | Delta: 1.01e-01 | M: 116.1223 | Path: GPU-cuStateVec MPI-distributed (2 ranks)
[RESILIENCE] Iteration 90: Global theta state checkpointed at path checkpoints/LiH/checkpoint_iter_0090.npy. 
Iter 0091 | Energy: -2.480521 | Delta: 6.56e-03 | M: 111.2575 | Path: GPU-cuStateVec MPI-distributed (2 ranks)
Iter 0092 | Energy: -2.631579 | Delta: 1.51e-01 | M: 111.9872 | Path: GPU-cuStateVec MPI-distributed (2 ranks)
Iter 0093 | Energy: -2.628681 | Delta: 2.90e-03 | M: 4889.9608 | Path: GPU-cuStateVec MPI-distributed (2 ranks)
Iter 0094 | Energy: -2.714545 | Delta: 8.59e-02 | M: 5149.0741 | Path: GPU-cuStateVec MPI-distributed (2 ranks)
Iter 0095 | Energy: -2.724040 | Delta: 9.49e-03 | M: 4930.8730 | Path: GPU-cuStateVec MPI-distributed (2 ranks)
[RESILIENCE] Iteration 95: Global theta state checkpointed at path checkpoints/LiH/checkpoint_iter_0095.npy. 
Iter 0096 | Energy: -2.718926 | Delta: 5.11e-03 | M: 104.0934 | Path: GPU-cuStateVec MPI-distributed (2 ranks)
Iter 0097 | Energy: -2.743565 | Delta: 2.46e-02 | M: 129.2565 | Path: GPU-cuStateVec MPI-distributed (2 ranks)
Iter 0098 | Energy: -2.859181 | Delta: 1.16e-01 | M: 4912.6619 | Path: GPU-cuStateVec MPI-distributed (2 ranks)
Iter 0099 | Energy: -2.843596 | Delta: 1.56e-02 | M: 4958.0178 | Path: GPU-cuStateVec MPI-distributed (2 ranks)
Iter 0100 | Energy: -2.894019 | Delta: 5.04e-02 | M: 4885.6058 | Path: GPU-cuStateVec MPI-distributed (2 ranks)
[RESILIENCE] Iteration 100: Global theta state checkpointed at path checkpoints/LiH/checkpoint_iter_0100.npy. 
Iter 0101 | Energy: -2.896094 | Delta: 2.07e-03 | M: 4096.8417 | Path: GPU-cuStateVec MPI-distributed (2 ranks)
Iter 0102 | Energy: -2.947467 | Delta: 5.14e-02 | M: 131.3254 | Path: GPU-cuStateVec MPI-distributed (2 ranks)
Iter 0103 | Energy: -2.975088 | Delta: 2.76e-02 | M: 111.8253 | Path: GPU-cuStateVec MPI-distributed (2 ranks)
Iter 0104 | Energy: -2.986883 | Delta: 1.18e-02 | M: 4889.2815 | Path: GPU-cuStateVec MPI-distributed (2 ranks)
Iter 0105 | Energy: -2.997162 | Delta: 1.03e-02 | M: 120.0434 | Path: GPU-cuStateVec MPI-distributed (2 ranks)
[RESILIENCE] Iteration 105: Global theta state checkpointed at path checkpoints/LiH/checkpoint_iter_0105.npy. 
Iter 0106 | Energy: -3.095958 | Delta: 9.88e-02 | M: 5062.9559 | Path: GPU-cuStateVec MPI-distributed (2 ranks)
Iter 0107 | Energy: -3.180577 | Delta: 8.46e-02 | M: 114.0896 | Path: GPU-cuStateVec MPI-distributed (2 ranks)
Iter 0108 | Energy: -3.188644 | Delta: 8.07e-03 | M: 5013.7104 | Path: GPU-cuStateVec MPI-distributed (2 ranks)
Iter 0109 | Energy: -3.172584 | Delta: 1.61e-02 | M: 117.1732 | Path: GPU-cuStateVec MPI-distributed (2 ranks)
Iter 0110 | Energy: -3.193177 | Delta: 2.06e-02 | M: 118.9792 | Path: GPU-cuStateVec MPI-distributed (2 ranks)
[RESILIENCE] Iteration 110: Global theta state checkpointed at path checkpoints/LiH/checkpoint_iter_0110.npy. 
Iter 0111 | Energy: -3.191055 | Delta: 2.12e-03 | M: 4956.5005 | Path: GPU-cuStateVec MPI-distributed (2 ranks)
Iter 0112 | Energy: -3.198627 | Delta: 7.57e-03 | M: 117.2363 | Path: GPU-cuStateVec MPI-distributed (2 ranks)
Iter 0113 | Energy: -3.202927 | Delta: 4.30e-03 | M: 4924.8741 | Path: GPU-cuStateVec MPI-distributed (2 ranks)
Iter 0114 | Energy: -3.248558 | Delta: 4.56e-02 | M: 4945.2309 | Path: GPU-cuStateVec MPI-distributed (2 ranks)
Iter 0115 | Energy: -3.288243 | Delta: 3.97e-02 | M: 119.4682 | Path: GPU-cuStateVec MPI-distributed (2 ranks)
[RESILIENCE] Iteration 115: Global theta state checkpointed at path checkpoints/LiH/checkpoint_iter_0115.npy. 
Iter 0116 | Energy: -3.422236 | Delta: 1.34e-01 | M: 122.0259 | Path: GPU-cuStateVec MPI-distributed (2 ranks)
Iter 0117 | Energy: -3.506297 | Delta: 8.41e-02 | M: 116.4716 | Path: GPU-cuStateVec MPI-distributed (2 ranks)
Iter 0118 | Energy: -3.489467 | Delta: 1.68e-02 | M: 4889.6374 | Path: GPU-cuStateVec MPI-distributed (2 ranks)
Iter 0119 | Energy: -3.501259 | Delta: 1.18e-02 | M: 125.0883 | Path: GPU-cuStateVec MPI-distributed (2 ranks)
Iter 0120 | Energy: -3.485738 | Delta: 1.55e-02 | M: 4835.5952 | Path: GPU-cuStateVec MPI-distributed (2 ranks)
[RESILIENCE] Iteration 120: Global theta state checkpointed at path checkpoints/LiH/checkpoint_iter_0120.npy. 
Iter 0121 | Energy: -3.746870 | Delta: 2.61e-01 | M: 5060.4277 | Path: GPU-cuStateVec MPI-distributed (2 ranks)
Iter 0122 | Energy: -3.745760 | Delta: 1.11e-03 | M: 5057.8712 | Path: GPU-cuStateVec MPI-distributed (2 ranks)
Iter 0123 | Energy: -3.744025 | Delta: 1.73e-03 | M: 3139.6371 | Path: GPU-cuStateVec MPI-distributed (2 ranks)
Iter 0124 | Energy: -3.792083 | Delta: 4.81e-02 | M: 4928.1766 | Path: GPU-cuStateVec MPI-distributed (2 ranks)
Iter 0125 | Energy: -3.782375 | Delta: 9.71e-03 | M: 36.2582 | Path: GPU-cuStateVec MPI-distributed (2 ranks)
[RESILIENCE] Iteration 125: Global theta state checkpointed at path checkpoints/LiH/checkpoint_iter_0125.npy. 
Iter 0126 | Energy: -3.788659 | Delta: 6.28e-03 | M: 4751.9434 | Path: GPU-cuStateVec MPI-distributed (2 ranks)
Iter 0127 | Energy: -3.803246 | Delta: 1.46e-02 | M: 4837.5248 | Path: GPU-cuStateVec MPI-distributed (2 ranks)
Iter 0128 | Energy: -3.819132 | Delta: 1.59e-02 | M: 115.4927 | Path: GPU-cuStateVec MPI-distributed (2 ranks)
Iter 0129 | Energy: -3.922666 | Delta: 1.04e-01 | M: 115.7924 | Path: GPU-cuStateVec MPI-distributed (2 ranks)
Iter 0130 | Energy: -3.937333 | Delta: 1.47e-02 | M: 4833.1463 | Path: GPU-cuStateVec MPI-distributed (2 ranks)
[RESILIENCE] Iteration 130: Global theta state checkpointed at path checkpoints/LiH/checkpoint_iter_0130.npy. 
Iter 0131 | Energy: -4.060606 | Delta: 1.23e-01 | M: 5051.7000 | Path: GPU-cuStateVec MPI-distributed (2 ranks)
Iter 0132 | Energy: -4.099834 | Delta: 3.92e-02 | M: 122.6804 | Path: GPU-cuStateVec MPI-distributed (2 ranks)
Iter 0133 | Energy: -4.100946 | Delta: 1.11e-03 | M: 4777.7954 | Path: GPU-cuStateVec MPI-distributed (2 ranks)
Iter 0134 | Energy: -4.221305 | Delta: 1.20e-01 | M: 5204.0382 | Path: GPU-cuStateVec MPI-distributed (2 ranks)
Iter 0135 | Energy: -4.228292 | Delta: 6.99e-03 | M: 4899.0476 | Path: GPU-cuStateVec MPI-distributed (2 ranks)
[RESILIENCE] Iteration 135: Global theta state checkpointed at path checkpoints/LiH/checkpoint_iter_0135.npy. 
Iter 0136 | Energy: -4.239599 | Delta: 1.13e-02 | M: 106.7630 | Path: GPU-cuStateVec MPI-distributed (2 ranks)
Iter 0137 | Energy: -4.235141 | Delta: 4.46e-03 | M: 116.5912 | Path: GPU-cuStateVec MPI-distributed (2 ranks)
Iter 0138 | Energy: -4.290432 | Delta: 5.53e-02 | M: 4988.6965 | Path: GPU-cuStateVec MPI-distributed (2 ranks)
Iter 0139 | Energy: -4.301623 | Delta: 1.12e-02 | M: 5035.1077 | Path: GPU-cuStateVec MPI-distributed (2 ranks)
Iter 0140 | Energy: -4.305933 | Delta: 4.31e-03 | M: 111.7665 | Path: GPU-cuStateVec MPI-distributed (2 ranks)
[RESILIENCE] Iteration 140: Global theta state checkpointed at path checkpoints/LiH/checkpoint_iter_0140.npy. 
Iter 0141 | Energy: -4.354837 | Delta: 4.89e-02 | M: 126.1161 | Path: GPU-cuStateVec MPI-distributed (2 ranks)
Iter 0142 | Energy: -4.351094 | Delta: 3.74e-03 | M: 5173.2678 | Path: GPU-cuStateVec MPI-distributed (2 ranks)
Iter 0143 | Energy: -4.326112 | Delta: 2.50e-02 | M: 114.6783 | Path: GPU-cuStateVec MPI-distributed (2 ranks)
Iter 0144 | Energy: -4.475066 | Delta: 1.49e-01 | M: 126.5696 | Path: GPU-cuStateVec MPI-distributed (2 ranks)
Iter 0145 | Energy: -4.456953 | Delta: 1.81e-02 | M: 126.8860 | Path: GPU-cuStateVec MPI-distributed (2 ranks)
[RESILIENCE] Iteration 145: Global theta state checkpointed at path checkpoints/LiH/checkpoint_iter_0145.npy. 
Iter 0146 | Energy: -4.544984 | Delta: 8.80e-02 | M: 5079.9221 | Path: GPU-cuStateVec MPI-distributed (2 ranks)
Iter 0147 | Energy: -4.543223 | Delta: 1.76e-03 | M: 4941.7496 | Path: GPU-cuStateVec MPI-distributed (2 ranks)
Iter 0148 | Energy: -4.535145 | Delta: 8.08e-03 | M: 5010.1194 | Path: GPU-cuStateVec MPI-distributed (2 ranks)
Iter 0149 | Energy: -4.768158 | Delta: 2.33e-01 | M: 4923.2540 | Path: GPU-cuStateVec MPI-distributed (2 ranks)
Iter 0150 | Energy: -4.838036 | Delta: 6.99e-02 | M: 106.8826 | Path: GPU-cuStateVec MPI-distributed (2 ranks)
[RESILIENCE] Iteration 150: Global theta state checkpointed at path checkpoints/LiH/checkpoint_iter_0150.npy. 
Iter 0151 | Energy: -4.876817 | Delta: 3.88e-02 | M: 4974.4274 | Path: GPU-cuStateVec MPI-distributed (2 ranks)
Iter 0152 | Energy: -4.873427 | Delta: 3.39e-03 | M: 4996.7504 | Path: GPU-cuStateVec MPI-distributed (2 ranks)
Iter 0153 | Energy: -4.884880 | Delta: 1.15e-02 | M: 4864.3340 | Path: GPU-cuStateVec MPI-distributed (2 ranks)
Iter 0154 | Energy: -4.882499 | Delta: 2.38e-03 | M: 4879.7479 | Path: GPU-cuStateVec MPI-distributed (2 ranks)
Iter 0155 | Energy: -4.900159 | Delta: 1.77e-02 | M: 5054.0313 | Path: GPU-cuStateVec MPI-distributed (2 ranks)
[RESILIENCE] Iteration 155: Global theta state checkpointed at path checkpoints/LiH/checkpoint_iter_0155.npy. 
Iter 0156 | Energy: -4.910924 | Delta: 1.08e-02 | M: 4991.7410 | Path: GPU-cuStateVec MPI-distributed (2 ranks)
Iter 0157 | Energy: -4.913541 | Delta: 2.62e-03 | M: 4812.1954 | Path: GPU-cuStateVec MPI-distributed (2 ranks)
Iter 0158 | Energy: -4.927318 | Delta: 1.38e-02 | M: 3753.3557 | Path: GPU-cuStateVec MPI-distributed (2 ranks)
Iter 0159 | Energy: -4.926725 | Delta: 5.93e-04 | M: 4874.9335 | Path: GPU-cuStateVec MPI-distributed (2 ranks)
Iter 0160 | Energy: -4.936224 | Delta: 9.50e-03 | M: 4914.6360 | Path: GPU-cuStateVec MPI-distributed (2 ranks)
[RESILIENCE] Iteration 160: Global theta state checkpointed at path checkpoints/LiH/checkpoint_iter_0160.npy. 
Iter 0161 | Energy: -4.940002 | Delta: 3.78e-03 | M: 4975.8097 | Path: GPU-cuStateVec MPI-distributed (2 ranks)
Iter 0162 | Energy: -4.938023 | Delta: 1.98e-03 | M: 4751.1960 | Path: GPU-cuStateVec MPI-distributed (2 ranks)
Iter 0163 | Energy: -4.942662 | Delta: 4.64e-03 | M: 4846.9328 | Path: GPU-cuStateVec MPI-distributed (2 ranks)
Iter 0164 | Energy: -4.944193 | Delta: 1.53e-03 | M: 4907.3825 | Path: GPU-cuStateVec MPI-distributed (2 ranks)
Iter 0165 | Energy: -4.948424 | Delta: 4.23e-03 | M: 5004.6551 | Path: GPU-cuStateVec MPI-distributed (2 ranks)
[RESILIENCE] Iteration 165: Global theta state checkpointed at path checkpoints/LiH/checkpoint_iter_0165.npy. 
Iter 0166 | Energy: -4.954214 | Delta: 5.79e-03 | M: 4845.4713 | Path: GPU-cuStateVec MPI-distributed (2 ranks)
Iter 0167 | Energy: -4.966257 | Delta: 1.20e-02 | M: 4960.2894 | Path: GPU-cuStateVec MPI-distributed (2 ranks)
Iter 0168 | Energy: -4.972938 | Delta: 6.68e-03 | M: 4930.3781 | Path: GPU-cuStateVec MPI-distributed (2 ranks)
Iter 0169 | Energy: -4.995576 | Delta: 2.26e-02 | M: 5081.5889 | Path: GPU-cuStateVec MPI-distributed (2 ranks)
Iter 0170 | Energy: -5.037604 | Delta: 4.20e-02 | M: 5128.6115 | Path: GPU-cuStateVec MPI-distributed (2 ranks)
[RESILIENCE] Iteration 170: Global theta state checkpointed at path checkpoints/LiH/checkpoint_iter_0170.npy. 
Iter 0171 | Energy: -5.050359 | Delta: 1.28e-02 | M: 111.9215 | Path: GPU-cuStateVec MPI-distributed (2 ranks)
Iter 0172 | Energy: -5.080438 | Delta: 3.01e-02 | M: 118.9049 | Path: GPU-cuStateVec MPI-distributed (2 ranks)
Iter 0173 | Energy: -5.070135 | Delta: 1.03e-02 | M: 4776.7164 | Path: GPU-cuStateVec MPI-distributed (2 ranks)
Iter 0174 | Energy: -5.137062 | Delta: 6.69e-02 | M: 5015.6512 | Path: GPU-cuStateVec MPI-distributed (2 ranks)
Iter 0175 | Energy: -5.138423 | Delta: 1.36e-03 | M: 4723.1452 | Path: GPU-cuStateVec MPI-distributed (2 ranks)
[RESILIENCE] Iteration 175: Global theta state checkpointed at path checkpoints/LiH/checkpoint_iter_0175.npy. 
Iter 0176 | Energy: -5.125132 | Delta: 1.33e-02 | M: 26280.8922 | Path: GPU-cuStateVec MPI-distributed (2 ranks)
Iter 0177 | Energy: -5.219422 | Delta: 9.43e-02 | M: 196.6750 | Path: GPU-cuStateVec MPI-distributed (2 ranks)
Iter 0178 | Energy: -5.230939 | Delta: 1.15e-02 | M: 4708.0506 | Path: GPU-cuStateVec MPI-distributed (2 ranks)
Iter 0179 | Energy: -5.283689 | Delta: 5.28e-02 | M: 4900.8970 | Path: GPU-cuStateVec MPI-distributed (2 ranks)
Iter 0180 | Energy: -5.283985 | Delta: 2.96e-04 | M: 4723.9056 | Path: GPU-cuStateVec MPI-distributed (2 ranks)
[RESILIENCE] Iteration 180: Global theta state checkpointed at path checkpoints/LiH/checkpoint_iter_0180.npy. 
Iter 0181 | Energy: -5.278032 | Delta: 5.95e-03 | M: 4983.7663 | Path: GPU-cuStateVec MPI-distributed (2 ranks)
Iter 0182 | Energy: -5.281685 | Delta: 3.65e-03 | M: 130.6494 | Path: GPU-cuStateVec MPI-distributed (2 ranks)
Iter 0183 | Energy: -5.287202 | Delta: 5.52e-03 | M: 4886.7478 | Path: GPU-cuStateVec MPI-distributed (2 ranks)
Iter 0184 | Energy: -5.280846 | Delta: 6.36e-03 | M: 110.8773 | Path: GPU-cuStateVec MPI-distributed (2 ranks)
Iter 0185 | Energy: -5.318019 | Delta: 3.72e-02 | M: 4782.5587 | Path: GPU-cuStateVec MPI-distributed (2 ranks)
[RESILIENCE] Iteration 185: Global theta state checkpointed at path checkpoints/LiH/checkpoint_iter_0185.npy. 
Iter 0186 | Energy: -5.332629 | Delta: 1.46e-02 | M: 5003.7464 | Path: GPU-cuStateVec MPI-distributed (2 ranks)
Iter 0187 | Energy: -5.364259 | Delta: 3.16e-02 | M: 116.5971 | Path: GPU-cuStateVec MPI-distributed (2 ranks)
Iter 0188 | Energy: -5.373188 | Delta: 8.93e-03 | M: 4704.1298 | Path: GPU-cuStateVec MPI-distributed (2 ranks)
Iter 0189 | Energy: -5.384194 | Delta: 1.10e-02 | M: 4751.0107 | Path: GPU-cuStateVec MPI-distributed (2 ranks)
Iter 0190 | Energy: -5.379101 | Delta: 5.09e-03 | M: 4717.1583 | Path: GPU-cuStateVec MPI-distributed (2 ranks)
[RESILIENCE] Iteration 190: Global theta state checkpointed at path checkpoints/LiH/checkpoint_iter_0190.npy. 
Iter 0191 | Energy: -5.421126 | Delta: 4.20e-02 | M: 4873.0997 | Path: GPU-cuStateVec MPI-distributed (2 ranks)
Iter 0192 | Energy: -5.420489 | Delta: 6.37e-04 | M: 4783.9549 | Path: GPU-cuStateVec MPI-distributed (2 ranks)
Iter 0193 | Energy: -5.407259 | Delta: 1.32e-02 | M: 4714.6753 | Path: GPU-cuStateVec MPI-distributed (2 ranks)
Iter 0194 | Energy: -5.470545 | Delta: 6.33e-02 | M: 4838.7642 | Path: GPU-cuStateVec MPI-distributed (2 ranks)
Iter 0195 | Energy: -5.471179 | Delta: 6.34e-04 | M: 4831.7412 | Path: GPU-cuStateVec MPI-distributed (2 ranks)
[RESILIENCE] Iteration 195: Global theta state checkpointed at path checkpoints/LiH/checkpoint_iter_0195.npy. 
Iter 0196 | Energy: -5.474182 | Delta: 3.00e-03 | M: 4991.9482 | Path: GPU-cuStateVec MPI-distributed (2 ranks)
Iter 0197 | Energy: -5.482907 | Delta: 8.73e-03 | M: 4752.1854 | Path: GPU-cuStateVec MPI-distributed (2 ranks)
Iter 0198 | Energy: -5.473910 | Delta: 9.00e-03 | M: 4767.8261 | Path: GPU-cuStateVec MPI-distributed (2 ranks)
Iter 0199 | Energy: -5.523459 | Delta: 4.95e-02 | M: 4762.9724 | Path: GPU-cuStateVec MPI-distributed (2 ranks)
Iter 0200 | Energy: -5.529877 | Delta: 6.42e-03 | M: 4664.3229 | Path: GPU-cuStateVec MPI-distributed (2 ranks)
[RESILIENCE] Iteration 200: Global theta state checkpointed at path checkpoints/LiH/checkpoint_iter_0200.npy. 
Iter 0201 | Energy: -5.546909 | Delta: 1.70e-02 | M: 4877.4810 | Path: GPU-cuStateVec MPI-distributed (2 ranks)
Iter 0202 | Energy: -5.577300 | Delta: 3.04e-02 | M: 4835.5217 | Path: GPU-cuStateVec MPI-distributed (2 ranks)
Iter 0203 | Energy: -5.581528 | Delta: 4.23e-03 | M: 104.7989 | Path: GPU-cuStateVec MPI-distributed (2 ranks)
Iter 0204 | Energy: -5.586820 | Delta: 5.29e-03 | M: 3761.9620 | Path: GPU-cuStateVec MPI-distributed (2 ranks)
Iter 0205 | Energy: -5.596099 | Delta: 9.28e-03 | M: 111.4055 | Path: GPU-cuStateVec MPI-distributed (2 ranks)
[RESILIENCE] Iteration 205: Global theta state checkpointed at path checkpoints/LiH/checkpoint_iter_0205.npy. 
Iter 0206 | Energy: -5.600447 | Delta: 4.35e-03 | M: 117.5846 | Path: GPU-cuStateVec MPI-distributed (2 ranks)
Iter 0207 | Energy: -5.583261 | Delta: 1.72e-02 | M: 86.4242 | Path: GPU-cuStateVec MPI-distributed (2 ranks)
Iter 0208 | Energy: -5.600096 | Delta: 1.68e-02 | M: 112.8024 | Path: GPU-cuStateVec MPI-distributed (2 ranks)
Iter 0209 | Energy: -5.611354 | Delta: 1.13e-02 | M: 119.5039 | Path: GPU-cuStateVec MPI-distributed (2 ranks)
Iter 0210 | Energy: -5.613835 | Delta: 2.48e-03 | M: 4647.1033 | Path: GPU-cuStateVec MPI-distributed (2 ranks)
[RESILIENCE] Iteration 210: Global theta state checkpointed at path checkpoints/LiH/checkpoint_iter_0210.npy. 
Iter 0211 | Energy: -5.626649 | Delta: 1.28e-02 | M: 112.9623 | Path: GPU-cuStateVec MPI-distributed (2 ranks)
Iter 0212 | Energy: -5.620959 | Delta: 5.69e-03 | M: 0.9948 | Path: GPU-cuStateVec MPI-distributed (2 ranks)
Iter 0213 | Energy: -5.622353 | Delta: 1.39e-03 | M: 4319.8490 | Path: GPU-cuStateVec MPI-distributed (2 ranks)
Iter 0214 | Energy: -5.621677 | Delta: 6.75e-04 | M: 124.2799 | Path: GPU-cuStateVec MPI-distributed (2 ranks)
Iter 0215 | Energy: -5.633121 | Delta: 1.14e-02 | M: 4784.7768 | Path: GPU-cuStateVec MPI-distributed (2 ranks)
[RESILIENCE] Iteration 215: Global theta state checkpointed at path checkpoints/LiH/checkpoint_iter_0215.npy. 
Iter 0216 | Energy: -5.622068 | Delta: 1.11e-02 | M: 5708.4389 | Path: GPU-cuStateVec MPI-distributed (2 ranks)
Iter 0217 | Energy: -5.656028 | Delta: 3.40e-02 | M: 95.4693 | Path: GPU-cuStateVec MPI-distributed (2 ranks)
Iter 0218 | Energy: -5.655365 | Delta: 6.63e-04 | M: 113.1754 | Path: GPU-cuStateVec MPI-distributed (2 ranks)
Iter 0219 | Energy: -5.665520 | Delta: 1.02e-02 | M: 4647.5948 | Path: GPU-cuStateVec MPI-distributed (2 ranks)
Iter 0220 | Energy: -5.674413 | Delta: 8.89e-03 | M: 127.1575 | Path: GPU-cuStateVec MPI-distributed (2 ranks)
[RESILIENCE] Iteration 220: Global theta state checkpointed at path checkpoints/LiH/checkpoint_iter_0220.npy. 
Iter 0221 | Energy: -5.664063 | Delta: 1.04e-02 | M: 116.1616 | Path: GPU-cuStateVec MPI-distributed (2 ranks)
Iter 0222 | Energy: -5.662883 | Delta: 1.18e-03 | M: 136.7140 | Path: GPU-cuStateVec MPI-distributed (2 ranks)
Iter 0223 | Energy: -5.678422 | Delta: 1.55e-02 | M: 4941.0299 | Path: GPU-cuStateVec MPI-distributed (2 ranks)
Iter 0224 | Energy: -5.693653 | Delta: 1.52e-02 | M: 120.2075 | Path: GPU-cuStateVec MPI-distributed (2 ranks)
Iter 0225 | Energy: -5.691571 | Delta: 2.08e-03 | M: 4925.3097 | Path: GPU-cuStateVec MPI-distributed (2 ranks)
[RESILIENCE] Iteration 225: Global theta state checkpointed at path checkpoints/LiH/checkpoint_iter_0225.npy. 
Iter 0226 | Energy: -5.700479 | Delta: 8.91e-03 | M: 5126.6634 | Path: GPU-cuStateVec MPI-distributed (2 ranks)
Iter 0227 | Energy: -5.706295 | Delta: 5.82e-03 | M: 4857.2881 | Path: GPU-cuStateVec MPI-distributed (2 ranks)
Iter 0228 | Energy: -5.703437 | Delta: 2.86e-03 | M: 125.6366 | Path: GPU-cuStateVec MPI-distributed (2 ranks)
Iter 0229 | Energy: -5.700048 | Delta: 3.39e-03 | M: 120.6053 | Path: GPU-cuStateVec MPI-distributed (2 ranks)
Iter 0230 | Energy: -5.712282 | Delta: 1.22e-02 | M: 4898.9508 | Path: GPU-cuStateVec MPI-distributed (2 ranks)
[RESILIENCE] Iteration 230: Global theta state checkpointed at path checkpoints/LiH/checkpoint_iter_0230.npy. 
Iter 0231 | Energy: -5.721964 | Delta: 9.68e-03 | M: 129.9328 | Path: GPU-cuStateVec MPI-distributed (2 ranks)
Iter 0232 | Energy: -5.714449 | Delta: 7.51e-03 | M: 4934.7254 | Path: GPU-cuStateVec MPI-distributed (2 ranks)
Iter 0233 | Energy: -5.732729 | Delta: 1.83e-02 | M: 4881.1851 | Path: GPU-cuStateVec MPI-distributed (2 ranks)
Iter 0234 | Energy: -5.729304 | Delta: 3.43e-03 | M: 4980.7690 | Path: GPU-cuStateVec MPI-distributed (2 ranks)
Iter 0235 | Energy: -5.750416 | Delta: 2.11e-02 | M: 4897.5213 | Path: GPU-cuStateVec MPI-distributed (2 ranks)
[RESILIENCE] Iteration 235: Global theta state checkpointed at path checkpoints/LiH/checkpoint_iter_0235.npy. 
Iter 0236 | Energy: -5.754593 | Delta: 4.18e-03 | M: 5051.7842 | Path: GPU-cuStateVec MPI-distributed (2 ranks)
Iter 0237 | Energy: -5.766786 | Delta: 1.22e-02 | M: 125.6959 | Path: GPU-cuStateVec MPI-distributed (2 ranks)
Iter 0238 | Energy: -5.770172 | Delta: 3.39e-03 | M: 5093.9478 | Path: GPU-cuStateVec MPI-distributed (2 ranks)
Iter 0239 | Energy: -5.762608 | Delta: 7.56e-03 | M: 112.7621 | Path: GPU-cuStateVec MPI-distributed (2 ranks)
Iter 0240 | Energy: -5.777885 | Delta: 1.53e-02 | M: 5098.9900 | Path: GPU-cuStateVec MPI-distributed (2 ranks)
[RESILIENCE] Iteration 240: Global theta state checkpointed at path checkpoints/LiH/checkpoint_iter_0240.npy. 
Iter 0241 | Energy: -5.764145 | Delta: 1.37e-02 | M: 113.3446 | Path: GPU-cuStateVec MPI-distributed (2 ranks)
Iter 0242 | Energy: -5.768375 | Delta: 4.23e-03 | M: 103.0974 | Path: GPU-cuStateVec MPI-distributed (2 ranks)
Iter 0243 | Energy: -5.775496 | Delta: 7.12e-03 | M: 111.5183 | Path: GPU-cuStateVec MPI-distributed (2 ranks)
Iter 0244 | Energy: -5.776934 | Delta: 1.44e-03 | M: 5085.7907 | Path: GPU-cuStateVec MPI-distributed (2 ranks)
Iter 0245 | Energy: -5.793898 | Delta: 1.70e-02 | M: 112.4373 | Path: GPU-cuStateVec MPI-distributed (2 ranks)
[RESILIENCE] Iteration 245: Global theta state checkpointed at path checkpoints/LiH/checkpoint_iter_0245.npy. 
Iter 0246 | Energy: -5.777757 | Delta: 1.61e-02 | M: 119.0019 | Path: GPU-cuStateVec MPI-distributed (2 ranks)
Iter 0247 | Energy: -5.799084 | Delta: 2.13e-02 | M: 116.5732 | Path: GPU-cuStateVec MPI-distributed (2 ranks)
Iter 0248 | Energy: -5.809291 | Delta: 1.02e-02 | M: 112.2535 | Path: GPU-cuStateVec MPI-distributed (2 ranks)
Iter 0249 | Energy: -5.818074 | Delta: 8.78e-03 | M: 114.3175 | Path: GPU-cuStateVec MPI-distributed (2 ranks)
Iter 0250 | Energy: -5.820431 | Delta: 2.36e-03 | M: 109.3916 | Path: GPU-cuStateVec MPI-distributed (2 ranks)
[RESILIENCE] Iteration 250: Global theta state checkpointed at path checkpoints/LiH/checkpoint_iter_0250.npy. 
Iter 0251 | Energy: -5.821632 | Delta: 1.20e-03 | M: 111.6922 | Path: GPU-cuStateVec MPI-distributed (2 ranks)
Iter 0252 | Energy: -5.820604 | Delta: 1.03e-03 | M: 4892.9513 | Path: GPU-cuStateVec MPI-distributed (2 ranks)
Iter 0253 | Energy: -5.808837 | Delta: 1.18e-02 | M: 108.8422 | Path: GPU-cuStateVec MPI-distributed (2 ranks)
Iter 0254 | Energy: -5.824721 | Delta: 1.59e-02 | M: 114.1574 | Path: GPU-cuStateVec MPI-distributed (2 ranks)
Iter 0255 | Energy: -5.825852 | Delta: 1.13e-03 | M: 116.2562 | Path: GPU-cuStateVec MPI-distributed (2 ranks)
[RESILIENCE] Iteration 255: Global theta state checkpointed at path checkpoints/LiH/checkpoint_iter_0255.npy. 
Iter 0256 | Energy: -5.824979 | Delta: 8.73e-04 | M: 111.3815 | Path: GPU-cuStateVec MPI-distributed (2 ranks)
Iter 0257 | Energy: -5.850935 | Delta: 2.60e-02 | M: 4786.2095 | Path: GPU-cuStateVec MPI-distributed (2 ranks)
Iter 0258 | Energy: -5.837780 | Delta: 1.32e-02 | M: 98.8373 | Path: GPU-cuStateVec MPI-distributed (2 ranks)
Iter 0259 | Energy: -5.839629 | Delta: 1.85e-03 | M: 115.0823 | Path: GPU-cuStateVec MPI-distributed (2 ranks)
Iter 0260 | Energy: -5.859488 | Delta: 1.99e-02 | M: 112.9446 | Path: GPU-cuStateVec MPI-distributed (2 ranks)
[RESILIENCE] Iteration 260: Global theta state checkpointed at path checkpoints/LiH/checkpoint_iter_0260.npy. 
Iter 0261 | Energy: -5.846457 | Delta: 1.30e-02 | M: 98.9920 | Path: GPU-cuStateVec MPI-distributed (2 ranks)
Iter 0262 | Energy: -5.851985 | Delta: 5.53e-03 | M: 80.0476 | Path: GPU-cuStateVec MPI-distributed (2 ranks)
Iter 0263 | Energy: -5.852861 | Delta: 8.76e-04 | M: 5043.3081 | Path: GPU-cuStateVec MPI-distributed (2 ranks)
Iter 0264 | Energy: -5.859556 | Delta: 6.69e-03 | M: 93.4717 | Path: GPU-cuStateVec MPI-distributed (2 ranks)
Iter 0265 | Energy: -5.864054 | Delta: 4.50e-03 | M: 115.3533 | Path: GPU-cuStateVec MPI-distributed (2 ranks)
[RESILIENCE] Iteration 265: Global theta state checkpointed at path checkpoints/LiH/checkpoint_iter_0265.npy. 
Iter 0266 | Energy: -5.868333 | Delta: 4.28e-03 | M: 91.2577 | Path: GPU-cuStateVec MPI-distributed (2 ranks)
Iter 0267 | Energy: -5.879946 | Delta: 1.16e-02 | M: 85.8380 | Path: GPU-cuStateVec MPI-distributed (2 ranks)
Iter 0268 | Energy: -5.882830 | Delta: 2.88e-03 | M: 89.9778 | Path: GPU-cuStateVec MPI-distributed (2 ranks)
Iter 0269 | Energy: -5.883697 | Delta: 8.67e-04 | M: 82.8821 | Path: GPU-cuStateVec MPI-distributed (2 ranks)
Iter 0270 | Energy: -5.888566 | Delta: 4.87e-03 | M: 106.2920 | Path: GPU-cuStateVec MPI-distributed (2 ranks)
[RESILIENCE] Iteration 270: Global theta state checkpointed at path checkpoints/LiH/checkpoint_iter_0270.npy. 
Iter 0271 | Energy: -5.883002 | Delta: 5.56e-03 | M: 107.2247 | Path: GPU-cuStateVec MPI-distributed (2 ranks)
Iter 0272 | Energy: -5.886348 | Delta: 3.35e-03 | M: 119.3881 | Path: GPU-cuStateVec MPI-distributed (2 ranks)
Iter 0273 | Energy: -5.895176 | Delta: 8.83e-03 | M: 4934.4630 | Path: GPU-cuStateVec MPI-distributed (2 ranks)
Iter 0274 | Energy: -5.905040 | Delta: 9.86e-03 | M: 104.0111 | Path: GPU-cuStateVec MPI-distributed (2 ranks)
Iter 0275 | Energy: -5.909473 | Delta: 4.43e-03 | M: 106.4556 | Path: GPU-cuStateVec MPI-distributed (2 ranks)
[RESILIENCE] Iteration 275: Global theta state checkpointed at path checkpoints/LiH/checkpoint_iter_0275.npy. 
Iter 0276 | Energy: -5.915604 | Delta: 6.13e-03 | M: 79.7603 | Path: GPU-cuStateVec MPI-distributed (2 ranks)
Iter 0277 | Energy: -5.922484 | Delta: 6.88e-03 | M: 103.8121 | Path: GPU-cuStateVec MPI-distributed (2 ranks)
Iter 0278 | Energy: -5.927470 | Delta: 4.99e-03 | M: 112.1889 | Path: GPU-cuStateVec MPI-distributed (2 ranks)
Iter 0279 | Energy: -5.941403 | Delta: 1.39e-02 | M: 105.9418 | Path: GPU-cuStateVec MPI-distributed (2 ranks)
Iter 0280 | Energy: -5.947921 | Delta: 6.52e-03 | M: 116.3993 | Path: GPU-cuStateVec MPI-distributed (2 ranks)
[RESILIENCE] Iteration 280: Global theta state checkpointed at path checkpoints/LiH/checkpoint_iter_0280.npy. 
Iter 0281 | Energy: -5.943044 | Delta: 4.88e-03 | M: 106.1301 | Path: GPU-cuStateVec MPI-distributed (2 ranks)
Iter 0282 | Energy: -5.940184 | Delta: 2.86e-03 | M: 127.0035 | Path: GPU-cuStateVec MPI-distributed (2 ranks)
Iter 0283 | Energy: -5.945530 | Delta: 5.35e-03 | M: 104.1061 | Path: GPU-cuStateVec MPI-distributed (2 ranks)
Iter 0284 | Energy: -5.958782 | Delta: 1.33e-02 | M: 103.8802 | Path: GPU-cuStateVec MPI-distributed (2 ranks)
Iter 0285 | Energy: -5.958055 | Delta: 7.27e-04 | M: 105.5941 | Path: GPU-cuStateVec MPI-distributed (2 ranks)
[RESILIENCE] Iteration 285: Global theta state checkpointed at path checkpoints/LiH/checkpoint_iter_0285.npy. 
Iter 0286 | Energy: -5.952825 | Delta: 5.23e-03 | M: 121.0536 | Path: GPU-cuStateVec MPI-distributed (2 ranks)
Iter 0287 | Energy: -5.957638 | Delta: 4.81e-03 | M: 112.8145 | Path: GPU-cuStateVec MPI-distributed (2 ranks)
Iter 0288 | Energy: -5.957104 | Delta: 5.35e-04 | M: 121.5378 | Path: GPU-cuStateVec MPI-distributed (2 ranks)
Iter 0289 | Energy: -5.967000 | Delta: 9.90e-03 | M: 115.2598 | Path: GPU-cuStateVec MPI-distributed (2 ranks)
Iter 0290 | Energy: -5.968769 | Delta: 1.77e-03 | M: 96.1778 | Path: GPU-cuStateVec MPI-distributed (2 ranks)
[RESILIENCE] Iteration 290: Global theta state checkpointed at path checkpoints/LiH/checkpoint_iter_0290.npy. 
Iter 0291 | Energy: -5.972732 | Delta: 3.96e-03 | M: 106.9972 | Path: GPU-cuStateVec MPI-distributed (2 ranks)
Iter 0292 | Energy: -5.986022 | Delta: 1.33e-02 | M: 5032.5678 | Path: GPU-cuStateVec MPI-distributed (2 ranks)
Iter 0293 | Energy: -5.990378 | Delta: 4.36e-03 | M: 4932.4267 | Path: GPU-cuStateVec MPI-distributed (2 ranks)
Iter 0294 | Energy: -6.013730 | Delta: 2.34e-02 | M: 131.5691 | Path: GPU-cuStateVec MPI-distributed (2 ranks)
Iter 0295 | Energy: -6.017535 | Delta: 3.81e-03 | M: 5112.4876 | Path: GPU-cuStateVec MPI-distributed (2 ranks)
[RESILIENCE] Iteration 295: Global theta state checkpointed at path checkpoints/LiH/checkpoint_iter_0295.npy. 
Iter 0296 | Energy: -6.017124 | Delta: 4.10e-04 | M: 119.8340 | Path: GPU-cuStateVec MPI-distributed (2 ranks)
Iter 0297 | Energy: -6.025405 | Delta: 8.28e-03 | M: 4694.0898 | Path: GPU-cuStateVec MPI-distributed (2 ranks)
Iter 0298 | Energy: -6.024988 | Delta: 4.18e-04 | M: 4815.3688 | Path: GPU-cuStateVec MPI-distributed (2 ranks)
Iter 0299 | Energy: -6.035145 | Delta: 1.02e-02 | M: 5059.8357 | Path: GPU-cuStateVec MPI-distributed (2 ranks)
Iter 0300 | Energy: -6.037808 | Delta: 2.66e-03 | M: 5059.3887 | Path: GPU-cuStateVec MPI-distributed (2 ranks)
[RESILIENCE] Iteration 300: Global theta state checkpointed at path checkpoints/LiH/checkpoint_iter_0300.npy. 
Iter 0301 | Energy: -6.031663 | Delta: 6.15e-03 | M: 5099.8651 | Path: GPU-cuStateVec MPI-distributed (2 ranks)
Iter 0302 | Energy: -6.031893 | Delta: 2.30e-04 | M: 4987.1022 | Path: GPU-cuStateVec MPI-distributed (2 ranks)
Iter 0303 | Energy: -6.047116 | Delta: 1.52e-02 | M: 4450.1311 | Path: GPU-cuStateVec MPI-distributed (2 ranks)
Iter 0304 | Energy: -6.051927 | Delta: 4.81e-03 | M: 4752.7087 | Path: GPU-cuStateVec MPI-distributed (2 ranks)
Iter 0305 | Energy: -6.050012 | Delta: 1.92e-03 | M: 4664.4482 | Path: GPU-cuStateVec MPI-distributed (2 ranks)
[RESILIENCE] Iteration 305: Global theta state checkpointed at path checkpoints/LiH/checkpoint_iter_0305.npy. 
Iter 0306 | Energy: -6.054527 | Delta: 4.52e-03 | M: 4643.7016 | Path: GPU-cuStateVec MPI-distributed (2 ranks)
Iter 0307 | Energy: -6.056025 | Delta: 1.50e-03 | M: 4843.0088 | Path: GPU-cuStateVec MPI-distributed (2 ranks)
Iter 0308 | Energy: -6.076829 | Delta: 2.08e-02 | M: 4847.9245 | Path: GPU-cuStateVec MPI-distributed (2 ranks)
Iter 0309 | Energy: -6.073327 | Delta: 3.50e-03 | M: 4834.6381 | Path: GPU-cuStateVec MPI-distributed (2 ranks)
Iter 0310 | Energy: -6.074165 | Delta: 8.38e-04 | M: 4708.1347 | Path: GPU-cuStateVec MPI-distributed (2 ranks)
[RESILIENCE] Iteration 310: Global theta state checkpointed at path checkpoints/LiH/checkpoint_iter_0310.npy. 
Iter 0311 | Energy: -6.073136 | Delta: 1.03e-03 | M: 4763.3194 | Path: GPU-cuStateVec MPI-distributed (2 ranks)
Iter 0312 | Energy: -6.096348 | Delta: 2.32e-02 | M: 4660.4908 | Path: GPU-cuStateVec MPI-distributed (2 ranks)
Iter 0313 | Energy: -6.086960 | Delta: 9.39e-03 | M: 4789.9313 | Path: GPU-cuStateVec MPI-distributed (2 ranks)
Iter 0314 | Energy: -6.089330 | Delta: 2.37e-03 | M: 4846.0359 | Path: GPU-cuStateVec MPI-distributed (2 ranks)
Iter 0315 | Energy: -6.109791 | Delta: 2.05e-02 | M: 4722.4258 | Path: GPU-cuStateVec MPI-distributed (2 ranks)
[RESILIENCE] Iteration 315: Global theta state checkpointed at path checkpoints/LiH/checkpoint_iter_0315.npy. 
Iter 0316 | Energy: -6.105568 | Delta: 4.22e-03 | M: 4926.9627 | Path: GPU-cuStateVec MPI-distributed (2 ranks)
Iter 0317 | Energy: -6.106627 | Delta: 1.06e-03 | M: 4801.4585 | Path: GPU-cuStateVec MPI-distributed (2 ranks)
Iter 0318 | Energy: -6.106746 | Delta: 1.19e-04 | M: 4697.9210 | Path: GPU-cuStateVec MPI-distributed (2 ranks)
Iter 0319 | Energy: -6.102035 | Delta: 4.71e-03 | M: 4710.9079 | Path: GPU-cuStateVec MPI-distributed (2 ranks)
Iter 0320 | Energy: -6.114345 | Delta: 1.23e-02 | M: 4713.3356 | Path: GPU-cuStateVec MPI-distributed (2 ranks)
[RESILIENCE] Iteration 320: Global theta state checkpointed at path checkpoints/LiH/checkpoint_iter_0320.npy. 
Iter 0321 | Energy: -6.108782 | Delta: 5.56e-03 | M: 4878.1778 | Path: GPU-cuStateVec MPI-distributed (2 ranks)
Iter 0322 | Energy: -6.122013 | Delta: 1.32e-02 | M: 4973.9090 | Path: GPU-cuStateVec MPI-distributed (2 ranks)
Iter 0323 | Energy: -6.106115 | Delta: 1.59e-02 | M: 4804.6868 | Path: GPU-cuStateVec MPI-distributed (2 ranks)
Iter 0324 | Energy: -6.114496 | Delta: 8.38e-03 | M: 4913.3290 | Path: GPU-cuStateVec MPI-distributed (2 ranks)
Iter 0325 | Energy: -6.107709 | Delta: 6.79e-03 | M: 4765.8701 | Path: GPU-cuStateVec MPI-distributed (2 ranks)
[RESILIENCE] Iteration 325: Global theta state checkpointed at path checkpoints/LiH/checkpoint_iter_0325.npy. 
Iter 0326 | Energy: -6.116728 | Delta: 9.02e-03 | M: 5061.7270 | Path: GPU-cuStateVec MPI-distributed (2 ranks)
Iter 0327 | Energy: -6.119236 | Delta: 2.51e-03 | M: 4919.5261 | Path: GPU-cuStateVec MPI-distributed (2 ranks)
Iter 0328 | Energy: -6.119419 | Delta: 1.82e-04 | M: 4960.2579 | Path: GPU-cuStateVec MPI-distributed (2 ranks)
Iter 0329 | Energy: -6.143002 | Delta: 2.36e-02 | M: 4952.1148 | Path: GPU-cuStateVec MPI-distributed (2 ranks)
Iter 0330 | Energy: -6.148907 | Delta: 5.91e-03 | M: 4987.3913 | Path: GPU-cuStateVec MPI-distributed (2 ranks)
[RESILIENCE] Iteration 330: Global theta state checkpointed at path checkpoints/LiH/checkpoint_iter_0330.npy. 
Iter 0331 | Energy: -6.146264 | Delta: 2.64e-03 | M: 4881.6116 | Path: GPU-cuStateVec MPI-distributed (2 ranks)
Iter 0332 | Energy: -6.167764 | Delta: 2.15e-02 | M: 5017.1722 | Path: GPU-cuStateVec MPI-distributed (2 ranks)
Iter 0333 | Energy: -6.147947 | Delta: 1.98e-02 | M: 4874.2388 | Path: GPU-cuStateVec MPI-distributed (2 ranks)
Iter 0334 | Energy: -6.155467 | Delta: 7.52e-03 | M: 4890.0472 | Path: GPU-cuStateVec MPI-distributed (2 ranks)
Iter 0335 | Energy: -6.159207 | Delta: 3.74e-03 | M: 4162.1158 | Path: GPU-cuStateVec MPI-distributed (2 ranks)
[RESILIENCE] Iteration 335: Global theta state checkpointed at path checkpoints/LiH/checkpoint_iter_0335.npy. 
Iter 0336 | Energy: -6.174053 | Delta: 1.48e-02 | M: 4725.6392 | Path: GPU-cuStateVec MPI-distributed (2 ranks)
Iter 0337 | Energy: -6.155622 | Delta: 1.84e-02 | M: 4451.7828 | Path: GPU-cuStateVec MPI-distributed (2 ranks)
Iter 0338 | Energy: -6.163224 | Delta: 7.60e-03 | M: 97.2759 | Path: GPU-cuStateVec MPI-distributed (2 ranks)
Iter 0339 | Energy: -6.174251 | Delta: 1.10e-02 | M: 126.5658 | Path: GPU-cuStateVec MPI-distributed (2 ranks)
Iter 0340 | Energy: -6.172586 | Delta: 1.66e-03 | M: 85.1070 | Path: GPU-cuStateVec MPI-distributed (2 ranks)
[RESILIENCE] Iteration 340: Global theta state checkpointed at path checkpoints/LiH/checkpoint_iter_0340.npy. 
Iter 0341 | Energy: -6.180197 | Delta: 7.61e-03 | M: 76.1452 | Path: GPU-cuStateVec MPI-distributed (2 ranks)
Iter 0342 | Energy: -6.186063 | Delta: 5.87e-03 | M: 125.9497 | Path: GPU-cuStateVec MPI-distributed (2 ranks)
Iter 0343 | Energy: -6.190131 | Delta: 4.07e-03 | M: 116.0933 | Path: GPU-cuStateVec MPI-distributed (2 ranks)
Iter 0344 | Energy: -6.195875 | Delta: 5.74e-03 | M: 116.2189 | Path: GPU-cuStateVec MPI-distributed (2 ranks)
Iter 0345 | Energy: -6.179585 | Delta: 1.63e-02 | M: 117.5570 | Path: GPU-cuStateVec MPI-distributed (2 ranks)
[RESILIENCE] Iteration 345: Global theta state checkpointed at path checkpoints/LiH/checkpoint_iter_0345.npy. 
Iter 0346 | Energy: -6.183807 | Delta: 4.22e-03 | M: 104.2307 | Path: GPU-cuStateVec MPI-distributed (2 ranks)
Iter 0347 | Energy: -6.200620 | Delta: 1.68e-02 | M: 111.4163 | Path: GPU-cuStateVec MPI-distributed (2 ranks)
Iter 0348 | Energy: -6.191247 | Delta: 9.37e-03 | M: 119.3451 | Path: GPU-cuStateVec MPI-distributed (2 ranks)
Iter 0349 | Energy: -6.211073 | Delta: 1.98e-02 | M: 112.1631 | Path: GPU-cuStateVec MPI-distributed (2 ranks)
Iter 0350 | Energy: -6.223616 | Delta: 1.25e-02 | M: 1.0603 | Path: GPU-cuStateVec MPI-distributed (2 ranks)
[RESILIENCE] Iteration 350: Global theta state checkpointed at path checkpoints/LiH/checkpoint_iter_0350.npy. 
Iter 0351 | Energy: -6.224344 | Delta: 7.28e-04 | M: 4263.4391 | Path: GPU-cuStateVec MPI-distributed (2 ranks)
Iter 0352 | Energy: -6.222904 | Delta: 1.44e-03 | M: 134.4877 | Path: GPU-cuStateVec MPI-distributed (2 ranks)
Iter 0353 | Energy: -6.232240 | Delta: 9.34e-03 | M: 96.2074 | Path: GPU-cuStateVec MPI-distributed (2 ranks)
Iter 0354 | Energy: -6.233028 | Delta: 7.89e-04 | M: 125.9109 | Path: GPU-cuStateVec MPI-distributed (2 ranks)
Iter 0355 | Energy: -6.237409 | Delta: 4.38e-03 | M: 110.6723 | Path: GPU-cuStateVec MPI-distributed (2 ranks)
[RESILIENCE] Iteration 355: Global theta state checkpointed at path checkpoints/LiH/checkpoint_iter_0355.npy. 
Iter 0356 | Energy: -6.230926 | Delta: 6.48e-03 | M: 4044.9256 | Path: GPU-cuStateVec MPI-distributed (2 ranks)
Iter 0357 | Energy: -6.230876 | Delta: 5.03e-05 | M: 92.4487 | Path: GPU-cuStateVec MPI-distributed (2 ranks)
Iter 0358 | Energy: -6.236682 | Delta: 5.81e-03 | M: 136.0003 | Path: GPU-cuStateVec MPI-distributed (2 ranks)
Iter 0359 | Energy: -6.246369 | Delta: 9.69e-03 | M: 149.9631 | Path: GPU-cuStateVec MPI-distributed (2 ranks)
Iter 0360 | Energy: -6.248997 | Delta: 2.63e-03 | M: 150.6173 | Path: GPU-cuStateVec MPI-distributed (2 ranks)
[RESILIENCE] Iteration 360: Global theta state checkpointed at path checkpoints/LiH/checkpoint_iter_0360.npy. 
Iter 0361 | Energy: -6.254491 | Delta: 5.49e-03 | M: 150.1262 | Path: GPU-cuStateVec MPI-distributed (2 ranks)
Iter 0362 | Energy: -6.254284 | Delta: 2.08e-04 | M: 122.1523 | Path: GPU-cuStateVec MPI-distributed (2 ranks)
Iter 0363 | Energy: -6.254877 | Delta: 5.93e-04 | M: 4720.0341 | Path: GPU-cuStateVec MPI-distributed (2 ranks)
Iter 0364 | Energy: -6.268333 | Delta: 1.35e-02 | M: 4965.9397 | Path: GPU-cuStateVec MPI-distributed (2 ranks)
Iter 0365 | Energy: -6.251582 | Delta: 1.68e-02 | M: 4915.6742 | Path: GPU-cuStateVec MPI-distributed (2 ranks)
[RESILIENCE] Iteration 365: Global theta state checkpointed at path checkpoints/LiH/checkpoint_iter_0365.npy. 
Iter 0366 | Energy: -6.260081 | Delta: 8.50e-03 | M: 4921.0547 | Path: GPU-cuStateVec MPI-distributed (2 ranks)
Iter 0367 | Energy: -6.266808 | Delta: 6.73e-03 | M: 4929.7731 | Path: GPU-cuStateVec MPI-distributed (2 ranks)
Iter 0368 | Energy: -6.269616 | Delta: 2.81e-03 | M: 4956.0768 | Path: GPU-cuStateVec MPI-distributed (2 ranks)
Iter 0369 | Energy: -6.263095 | Delta: 6.52e-03 | M: 4987.1469 | Path: GPU-cuStateVec MPI-distributed (2 ranks)
Iter 0370 | Energy: -6.261879 | Delta: 1.22e-03 | M: 5016.6419 | Path: GPU-cuStateVec MPI-distributed (2 ranks)
[RESILIENCE] Iteration 370: Global theta state checkpointed at path checkpoints/LiH/checkpoint_iter_0370.npy. 
Iter 0371 | Energy: -6.267912 | Delta: 6.03e-03 | M: 4916.5175 | Path: GPU-cuStateVec MPI-distributed (2 ranks)
Iter 0372 | Energy: -6.273930 | Delta: 6.02e-03 | M: 4860.8300 | Path: GPU-cuStateVec MPI-distributed (2 ranks)
Iter 0373 | Energy: -6.287242 | Delta: 1.33e-02 | M: 4361.9927 | Path: GPU-cuStateVec MPI-distributed (2 ranks)
Iter 0374 | Energy: -6.290305 | Delta: 3.06e-03 | M: 4770.9187 | Path: GPU-cuStateVec MPI-distributed (2 ranks)
Iter 0375 | Energy: -6.293440 | Delta: 3.13e-03 | M: 4916.9594 | Path: GPU-cuStateVec MPI-distributed (2 ranks)
[RESILIENCE] Iteration 375: Global theta state checkpointed at path checkpoints/LiH/checkpoint_iter_0375.npy. 
Iter 0376 | Energy: -6.309700 | Delta: 1.63e-02 | M: 4884.3604 | Path: GPU-cuStateVec MPI-distributed (2 ranks)
Iter 0377 | Energy: -6.299551 | Delta: 1.01e-02 | M: 5005.8279 | Path: GPU-cuStateVec MPI-distributed (2 ranks)
Iter 0378 | Energy: -6.302555 | Delta: 3.00e-03 | M: 4924.9501 | Path: GPU-cuStateVec MPI-distributed (2 ranks)
Iter 0379 | Energy: -6.307084 | Delta: 4.53e-03 | M: 5027.4453 | Path: GPU-cuStateVec MPI-distributed (2 ranks)
Iter 0380 | Energy: -6.294818 | Delta: 1.23e-02 | M: 4932.5271 | Path: GPU-cuStateVec MPI-distributed (2 ranks)
[RESILIENCE] Iteration 380: Global theta state checkpointed at path checkpoints/LiH/checkpoint_iter_0380.npy. 
Iter 0381 | Energy: -6.302419 | Delta: 7.60e-03 | M: 5024.4418 | Path: GPU-cuStateVec MPI-distributed (2 ranks)
Iter 0382 | Energy: -6.298722 | Delta: 3.70e-03 | M: 127.1766 | Path: GPU-cuStateVec MPI-distributed (2 ranks)
Iter 0383 | Energy: -6.308229 | Delta: 9.51e-03 | M: 132.4502 | Path: GPU-cuStateVec MPI-distributed (2 ranks)
Iter 0384 | Energy: -6.328575 | Delta: 2.03e-02 | M: 5128.4106 | Path: GPU-cuStateVec MPI-distributed (2 ranks)
Iter 0385 | Energy: -6.317375 | Delta: 1.12e-02 | M: 4954.2710 | Path: GPU-cuStateVec MPI-distributed (2 ranks)
[RESILIENCE] Iteration 385: Global theta state checkpointed at path checkpoints/LiH/checkpoint_iter_0385.npy. 
Iter 0386 | Energy: -6.324061 | Delta: 6.69e-03 | M: 4961.2588 | Path: GPU-cuStateVec MPI-distributed (2 ranks)
Iter 0387 | Energy: -6.319380 | Delta: 4.68e-03 | M: 4996.3678 | Path: GPU-cuStateVec MPI-distributed (2 ranks)
Iter 0388 | Energy: -6.320762 | Delta: 1.38e-03 | M: 5033.0808 | Path: GPU-cuStateVec MPI-distributed (2 ranks)
Iter 0389 | Energy: -6.331172 | Delta: 1.04e-02 | M: 4795.0502 | Path: GPU-cuStateVec MPI-distributed (2 ranks)
Iter 0390 | Energy: -6.344123 | Delta: 1.30e-02 | M: 4962.2250 | Path: GPU-cuStateVec MPI-distributed (2 ranks)
[RESILIENCE] Iteration 390: Global theta state checkpointed at path checkpoints/LiH/checkpoint_iter_0390.npy. 
Iter 0391 | Energy: -6.348163 | Delta: 4.04e-03 | M: 4828.8684 | Path: GPU-cuStateVec MPI-distributed (2 ranks)
Iter 0392 | Energy: -6.355006 | Delta: 6.84e-03 | M: 141.2553 | Path: GPU-cuStateVec MPI-distributed (2 ranks)
Iter 0393 | Energy: -6.350274 | Delta: 4.73e-03 | M: 4756.3355 | Path: GPU-cuStateVec MPI-distributed (2 ranks)
Iter 0394 | Energy: -6.349398 | Delta: 8.75e-04 | M: 4936.0118 | Path: GPU-cuStateVec MPI-distributed (2 ranks)
Iter 0395 | Energy: -6.353977 | Delta: 4.58e-03 | M: 134.6437 | Path: GPU-cuStateVec MPI-distributed (2 ranks)
[RESILIENCE] Iteration 395: Global theta state checkpointed at path checkpoints/LiH/checkpoint_iter_0395.npy. 
Iter 0396 | Energy: -6.365288 | Delta: 1.13e-02 | M: 5011.7019 | Path: GPU-cuStateVec MPI-distributed (2 ranks)
Iter 0397 | Energy: -6.375590 | Delta: 1.03e-02 | M: 140.2822 | Path: GPU-cuStateVec MPI-distributed (2 ranks)
Iter 0398 | Energy: -6.395539 | Delta: 1.99e-02 | M: 4699.6033 | Path: GPU-cuStateVec MPI-distributed (2 ranks)
Iter 0399 | Energy: -6.385474 | Delta: 1.01e-02 | M: 4941.9494 | Path: GPU-cuStateVec MPI-distributed (2 ranks)
Iter 0400 | Energy: -6.389340 | Delta: 3.87e-03 | M: 4945.6706 | Path: GPU-cuStateVec MPI-distributed (2 ranks)
[RESILIENCE] Iteration 400: Global theta state checkpointed at path checkpoints/LiH/checkpoint_iter_0400.npy. 
Iter 0401 | Energy: -6.383479 | Delta: 5.86e-03 | M: 4882.3853 | Path: GPU-cuStateVec MPI-distributed (2 ranks)
Iter 0402 | Energy: -6.402455 | Delta: 1.90e-02 | M: 4898.1520 | Path: GPU-cuStateVec MPI-distributed (2 ranks)
Iter 0403 | Energy: -6.406656 | Delta: 4.20e-03 | M: 4772.4182 | Path: GPU-cuStateVec MPI-distributed (2 ranks)
Iter 0404 | Energy: -6.408629 | Delta: 1.97e-03 | M: 4919.2606 | Path: GPU-cuStateVec MPI-distributed (2 ranks)
Iter 0405 | Energy: -6.402219 | Delta: 6.41e-03 | M: 5039.8184 | Path: GPU-cuStateVec MPI-distributed (2 ranks)
[RESILIENCE] Iteration 405: Global theta state checkpointed at path checkpoints/LiH/checkpoint_iter_0405.npy. 
Iter 0406 | Energy: -6.421539 | Delta: 1.93e-02 | M: 4769.2335 | Path: GPU-cuStateVec MPI-distributed (2 ranks)
Iter 0407 | Energy: -6.421340 | Delta: 1.99e-04 | M: 4994.0065 | Path: GPU-cuStateVec MPI-distributed (2 ranks)
Iter 0408 | Energy: -6.425113 | Delta: 3.77e-03 | M: 4981.6812 | Path: GPU-cuStateVec MPI-distributed (2 ranks)
Iter 0409 | Energy: -6.422036 | Delta: 3.08e-03 | M: 4863.5045 | Path: GPU-cuStateVec MPI-distributed (2 ranks)
Iter 0410 | Energy: -6.426384 | Delta: 4.35e-03 | M: 4712.7451 | Path: GPU-cuStateVec MPI-distributed (2 ranks)
[RESILIENCE] Iteration 410: Global theta state checkpointed at path checkpoints/LiH/checkpoint_iter_0410.npy. 
Iter 0411 | Energy: -6.425267 | Delta: 1.12e-03 | M: 142.6219 | Path: GPU-cuStateVec MPI-distributed (2 ranks)
Iter 0412 | Energy: -6.420068 | Delta: 5.20e-03 | M: 4783.7035 | Path: GPU-cuStateVec MPI-distributed (2 ranks)
Iter 0413 | Energy: -6.428541 | Delta: 8.47e-03 | M: 4581.9031 | Path: GPU-cuStateVec MPI-distributed (2 ranks)
Iter 0414 | Energy: -6.429509 | Delta: 9.68e-04 | M: 5010.5312 | Path: GPU-cuStateVec MPI-distributed (2 ranks)
Iter 0415 | Energy: -6.435482 | Delta: 5.97e-03 | M: 4888.4962 | Path: GPU-cuStateVec MPI-distributed (2 ranks)
[RESILIENCE] Iteration 415: Global theta state checkpointed at path checkpoints/LiH/checkpoint_iter_0415.npy. 
Iter 0416 | Energy: -6.423418 | Delta: 1.21e-02 | M: 153.5953 | Path: GPU-cuStateVec MPI-distributed (2 ranks)
Iter 0417 | Energy: -6.430232 | Delta: 6.81e-03 | M: 125.4666 | Path: GPU-cuStateVec MPI-distributed (2 ranks)
Iter 0418 | Energy: -6.462587 | Delta: 3.24e-02 | M: 4693.8519 | Path: GPU-cuStateVec MPI-distributed (2 ranks)
Iter 0419 | Energy: -6.458796 | Delta: 3.79e-03 | M: 4897.6048 | Path: GPU-cuStateVec MPI-distributed (2 ranks)
Iter 0420 | Energy: -6.457606 | Delta: 1.19e-03 | M: 4924.7673 | Path: GPU-cuStateVec MPI-distributed (2 ranks)
[RESILIENCE] Iteration 420: Global theta state checkpointed at path checkpoints/LiH/checkpoint_iter_0420.npy. 
Iter 0421 | Energy: -6.461017 | Delta: 3.41e-03 | M: 4811.6764 | Path: GPU-cuStateVec MPI-distributed (2 ranks)
Iter 0422 | Energy: -6.451910 | Delta: 9.11e-03 | M: 4853.8889 | Path: GPU-cuStateVec MPI-distributed (2 ranks)
Iter 0423 | Energy: -6.466956 | Delta: 1.50e-02 | M: 4941.5184 | Path: GPU-cuStateVec MPI-distributed (2 ranks)
Iter 0424 | Energy: -6.482336 | Delta: 1.54e-02 | M: 4806.0583 | Path: GPU-cuStateVec MPI-distributed (2 ranks)
Iter 0425 | Energy: -6.482261 | Delta: 7.48e-05 | M: 4933.7349 | Path: GPU-cuStateVec MPI-distributed (2 ranks)
[RESILIENCE] Iteration 425: Global theta state checkpointed at path checkpoints/LiH/checkpoint_iter_0425.npy. 
Iter 0426 | Energy: -6.477296 | Delta: 4.96e-03 | M: 4825.8799 | Path: GPU-cuStateVec MPI-distributed (2 ranks)
Iter 0427 | Energy: -6.490517 | Delta: 1.32e-02 | M: 4894.2367 | Path: GPU-cuStateVec MPI-distributed (2 ranks)
Iter 0428 | Energy: -6.498449 | Delta: 7.93e-03 | M: 4805.8319 | Path: GPU-cuStateVec MPI-distributed (2 ranks)
Iter 0429 | Energy: -6.510867 | Delta: 1.24e-02 | M: 4283.4922 | Path: GPU-cuStateVec MPI-distributed (2 ranks)
Iter 0430 | Energy: -6.509265 | Delta: 1.60e-03 | M: 4577.0648 | Path: GPU-cuStateVec MPI-distributed (2 ranks)
[RESILIENCE] Iteration 430: Global theta state checkpointed at path checkpoints/LiH/checkpoint_iter_0430.npy. 
Iter 0431 | Energy: -6.511759 | Delta: 2.49e-03 | M: 4792.8992 | Path: GPU-cuStateVec MPI-distributed (2 ranks)
Iter 0432 | Energy: -6.511298 | Delta: 4.61e-04 | M: 125.9282 | Path: GPU-cuStateVec MPI-distributed (2 ranks)
Iter 0433 | Energy: -6.529876 | Delta: 1.86e-02 | M: 4948.4190 | Path: GPU-cuStateVec MPI-distributed (2 ranks)
Iter 0434 | Energy: -6.532056 | Delta: 2.18e-03 | M: 4681.7263 | Path: GPU-cuStateVec MPI-distributed (2 ranks)
Iter 0435 | Energy: -6.540836 | Delta: 8.78e-03 | M: 4615.0882 | Path: GPU-cuStateVec MPI-distributed (2 ranks)
[RESILIENCE] Iteration 435: Global theta state checkpointed at path checkpoints/LiH/checkpoint_iter_0435.npy. 
Iter 0436 | Energy: -6.553677 | Delta: 1.28e-02 | M: 4764.1620 | Path: GPU-cuStateVec MPI-distributed (2 ranks)
Iter 0437 | Energy: -6.561314 | Delta: 7.64e-03 | M: 4917.5910 | Path: GPU-cuStateVec MPI-distributed (2 ranks)
Iter 0438 | Energy: -6.557389 | Delta: 3.93e-03 | M: 4836.2009 | Path: GPU-cuStateVec MPI-distributed (2 ranks)
Iter 0439 | Energy: -6.563983 | Delta: 6.59e-03 | M: 4441.4811 | Path: GPU-cuStateVec MPI-distributed (2 ranks)
Iter 0440 | Energy: -6.581568 | Delta: 1.76e-02 | M: 4768.8895 | Path: GPU-cuStateVec MPI-distributed (2 ranks)
[RESILIENCE] Iteration 440: Global theta state checkpointed at path checkpoints/LiH/checkpoint_iter_0440.npy. 
Iter 0441 | Energy: -6.580871 | Delta: 6.97e-04 | M: 111.3226 | Path: GPU-cuStateVec MPI-distributed (2 ranks)
Iter 0442 | Energy: -6.581525 | Delta: 6.54e-04 | M: 103.2681 | Path: GPU-cuStateVec MPI-distributed (2 ranks)
Iter 0443 | Energy: -6.579321 | Delta: 2.20e-03 | M: 114.2988 | Path: GPU-cuStateVec MPI-distributed (2 ranks)
Iter 0444 | Energy: -6.584311 | Delta: 4.99e-03 | M: 4661.5115 | Path: GPU-cuStateVec MPI-distributed (2 ranks)
Iter 0445 | Energy: -6.584777 | Delta: 4.66e-04 | M: 4637.1014 | Path: GPU-cuStateVec MPI-distributed (2 ranks)
[RESILIENCE] Iteration 445: Global theta state checkpointed at path checkpoints/LiH/checkpoint_iter_0445.npy. 
Iter 0446 | Energy: -6.585951 | Delta: 1.17e-03 | M: 4650.6797 | Path: GPU-cuStateVec MPI-distributed (2 ranks)
Iter 0447 | Energy: -6.594191 | Delta: 8.24e-03 | M: 122.1402 | Path: GPU-cuStateVec MPI-distributed (2 ranks)
Iter 0448 | Energy: -6.594177 | Delta: 1.36e-05 | M: 4592.7019 | Path: GPU-cuStateVec MPI-distributed (2 ranks)
Iter 0449 | Energy: -6.600516 | Delta: 6.34e-03 | M: 108.5294 | Path: GPU-cuStateVec MPI-distributed (2 ranks)
Iter 0450 | Energy: -6.598835 | Delta: 1.68e-03 | M: 4607.4818 | Path: GPU-cuStateVec MPI-distributed (2 ranks)
[RESILIENCE] Iteration 450: Global theta state checkpointed at path checkpoints/LiH/checkpoint_iter_0450.npy. 
Iter 0451 | Energy: -6.604642 | Delta: 5.81e-03 | M: 4751.5836 | Path: GPU-cuStateVec MPI-distributed (2 ranks)
Iter 0452 | Energy: -6.612785 | Delta: 8.14e-03 | M: 4795.8338 | Path: GPU-cuStateVec MPI-distributed (2 ranks)
Iter 0453 | Energy: -6.605645 | Delta: 7.14e-03 | M: 107.4265 | Path: GPU-cuStateVec MPI-distributed (2 ranks)
Iter 0454 | Energy: -6.610249 | Delta: 4.60e-03 | M: 3692.9950 | Path: GPU-cuStateVec MPI-distributed (2 ranks)
Iter 0455 | Energy: -6.616170 | Delta: 5.92e-03 | M: 4088.2106 | Path: GPU-cuStateVec MPI-distributed (2 ranks)
[RESILIENCE] Iteration 455: Global theta state checkpointed at path checkpoints/LiH/checkpoint_iter_0455.npy. 
Iter 0456 | Energy: -6.612441 | Delta: 3.73e-03 | M: 109.5620 | Path: GPU-cuStateVec MPI-distributed (2 ranks)
Iter 0457 | Energy: -6.613255 | Delta: 8.15e-04 | M: 4568.1638 | Path: GPU-cuStateVec MPI-distributed (2 ranks)
Iter 0458 | Energy: -6.616190 | Delta: 2.94e-03 | M: 4642.2617 | Path: GPU-cuStateVec MPI-distributed (2 ranks)
Iter 0459 | Energy: -6.617121 | Delta: 9.31e-04 | M: 115.3104 | Path: GPU-cuStateVec MPI-distributed (2 ranks)
Iter 0460 | Energy: -6.630893 | Delta: 1.38e-02 | M: 4603.7846 | Path: GPU-cuStateVec MPI-distributed (2 ranks)
[RESILIENCE] Iteration 460: Global theta state checkpointed at path checkpoints/LiH/checkpoint_iter_0460.npy. 
Iter 0461 | Energy: -6.634523 | Delta: 3.63e-03 | M: 4720.4597 | Path: GPU-cuStateVec MPI-distributed (2 ranks)
Iter 0462 | Energy: -6.646007 | Delta: 1.15e-02 | M: 4971.4684 | Path: GPU-cuStateVec MPI-distributed (2 ranks)
Iter 0463 | Energy: -6.649564 | Delta: 3.56e-03 | M: 107.7904 | Path: GPU-cuStateVec MPI-distributed (2 ranks)
Iter 0464 | Energy: -6.672805 | Delta: 2.32e-02 | M: 4785.3281 | Path: GPU-cuStateVec MPI-distributed (2 ranks)
Iter 0465 | Energy: -6.695276 | Delta: 2.25e-02 | M: 4850.6099 | Path: GPU-cuStateVec MPI-distributed (2 ranks)
[RESILIENCE] Iteration 465: Global theta state checkpointed at path checkpoints/LiH/checkpoint_iter_0465.npy. 
Iter 0466 | Energy: -6.703759 | Delta: 8.48e-03 | M: 4803.9902 | Path: GPU-cuStateVec MPI-distributed (2 ranks)
Iter 0467 | Energy: -6.708601 | Delta: 4.84e-03 | M: 4685.2511 | Path: GPU-cuStateVec MPI-distributed (2 ranks)
Iter 0468 | Energy: -6.719635 | Delta: 1.10e-02 | M: 131.9470 | Path: GPU-cuStateVec MPI-distributed (2 ranks)
Iter 0469 | Energy: -6.719959 | Delta: 3.24e-04 | M: 4841.0022 | Path: GPU-cuStateVec MPI-distributed (2 ranks)
Iter 0470 | Energy: -6.725593 | Delta: 5.63e-03 | M: 5054.8502 | Path: GPU-cuStateVec MPI-distributed (2 ranks)
[RESILIENCE] Iteration 470: Global theta state checkpointed at path checkpoints/LiH/checkpoint_iter_0470.npy. 
Iter 0471 | Energy: -6.724787 | Delta: 8.05e-04 | M: 118.7219 | Path: GPU-cuStateVec MPI-distributed (2 ranks)
Iter 0472 | Energy: -6.729165 | Delta: 4.38e-03 | M: 5182.3135 | Path: GPU-cuStateVec MPI-distributed (2 ranks)
Iter 0473 | Energy: -6.738144 | Delta: 8.98e-03 | M: 4960.5145 | Path: GPU-cuStateVec MPI-distributed (2 ranks)
Iter 0474 | Energy: -6.745811 | Delta: 7.67e-03 | M: 5233.8657 | Path: GPU-cuStateVec MPI-distributed (2 ranks)
Iter 0475 | Energy: -6.749374 | Delta: 3.56e-03 | M: 5085.2159 | Path: GPU-cuStateVec MPI-distributed (2 ranks)
[RESILIENCE] Iteration 475: Global theta state checkpointed at path checkpoints/LiH/checkpoint_iter_0475.npy. 
Iter 0476 | Energy: -6.747242 | Delta: 2.13e-03 | M: 862.1689 | Path: GPU-cuStateVec MPI-distributed (2 ranks)
Iter 0477 | Energy: -6.754591 | Delta: 7.35e-03 | M: 4428.9867 | Path: GPU-cuStateVec MPI-distributed (2 ranks)
Iter 0478 | Energy: -6.762333 | Delta: 7.74e-03 | M: 5064.4099 | Path: GPU-cuStateVec MPI-distributed (2 ranks)
Iter 0479 | Energy: -6.767994 | Delta: 5.66e-03 | M: 5015.9638 | Path: GPU-cuStateVec MPI-distributed (2 ranks)
Iter 0480 | Energy: -6.766217 | Delta: 1.78e-03 | M: 152.0585 | Path: GPU-cuStateVec MPI-distributed (2 ranks)
[RESILIENCE] Iteration 480: Global theta state checkpointed at path checkpoints/LiH/checkpoint_iter_0480.npy. 
Iter 0481 | Energy: -6.775126 | Delta: 8.91e-03 | M: 122.2768 | Path: GPU-cuStateVec MPI-distributed (2 ranks)
Iter 0482 | Energy: -6.778683 | Delta: 3.56e-03 | M: 151.0314 | Path: GPU-cuStateVec MPI-distributed (2 ranks)
Iter 0483 | Energy: -6.787515 | Delta: 8.83e-03 | M: 5193.6625 | Path: GPU-cuStateVec MPI-distributed (2 ranks)
Iter 0484 | Energy: -6.800936 | Delta: 1.34e-02 | M: 110.7544 | Path: GPU-cuStateVec MPI-distributed (2 ranks)
Iter 0485 | Energy: -6.808327 | Delta: 7.39e-03 | M: 125.2601 | Path: GPU-cuStateVec MPI-distributed (2 ranks)
[RESILIENCE] Iteration 485: Global theta state checkpointed at path checkpoints/LiH/checkpoint_iter_0485.npy. 
Iter 0486 | Energy: -6.812538 | Delta: 4.21e-03 | M: 129.3033 | Path: GPU-cuStateVec MPI-distributed (2 ranks)
Iter 0487 | Energy: -6.816809 | Delta: 4.27e-03 | M: 90.6037 | Path: GPU-cuStateVec MPI-distributed (2 ranks)
Iter 0488 | Energy: -6.822377 | Delta: 5.57e-03 | M: 88.9539 | Path: GPU-cuStateVec MPI-distributed (2 ranks)
Iter 0489 | Energy: -6.823456 | Delta: 1.08e-03 | M: 1.0233 | Path: GPU-cuStateVec MPI-distributed (2 ranks)
Iter 0490 | Energy: -6.820634 | Delta: 2.82e-03 | M: 4587.0442 | Path: GPU-cuStateVec MPI-distributed (2 ranks)
[RESILIENCE] Iteration 490: Global theta state checkpointed at path checkpoints/LiH/checkpoint_iter_0490.npy. 
Iter 0491 | Energy: -6.832783 | Delta: 1.21e-02 | M: 129.5342 | Path: GPU-cuStateVec MPI-distributed (2 ranks)
Iter 0492 | Energy: -6.842033 | Delta: 9.25e-03 | M: 128.8918 | Path: GPU-cuStateVec MPI-distributed (2 ranks)
Iter 0493 | Energy: -6.839224 | Delta: 2.81e-03 | M: 100.5361 | Path: GPU-cuStateVec MPI-distributed (2 ranks)
Iter 0494 | Energy: -6.838604 | Delta: 6.21e-04 | M: 79.7614 | Path: GPU-cuStateVec MPI-distributed (2 ranks)
Iter 0495 | Energy: -6.844086 | Delta: 5.48e-03 | M: 91.8425 | Path: GPU-cuStateVec MPI-distributed (2 ranks)
[RESILIENCE] Iteration 495: Global theta state checkpointed at path checkpoints/LiH/checkpoint_iter_0495.npy. 
Iter 0496 | Energy: -6.844699 | Delta: 6.13e-04 | M: 4686.1510 | Path: GPU-cuStateVec MPI-distributed (2 ranks)
Iter 0497 | Energy: -6.842672 | Delta: 2.03e-03 | M: 37.8410 | Path: GPU-cuStateVec MPI-distributed (2 ranks)
Iter 0498 | Energy: -6.845201 | Delta: 2.53e-03 | M: 74.2308 | Path: GPU-cuStateVec MPI-distributed (2 ranks)
Iter 0499 | Energy: -6.845448 | Delta: 2.48e-04 | M: 118.9751 | Path: GPU-cuStateVec MPI-distributed (2 ranks)
Iter 0500 | Energy: -6.845982 | Delta: 5.34e-04 | M: 131.8277 | Path: GPU-cuStateVec MPI-distributed (2 ranks)
[RESILIENCE] Iteration 500: Global theta state checkpointed at path checkpoints/LiH/checkpoint_iter_0500.npy. 
Iter 0501 | Energy: -6.852663 | Delta: 6.68e-03 | M: 94.2892 | Path: GPU-cuStateVec MPI-distributed (2 ranks)
Iter 0502 | Energy: -6.856181 | Delta: 3.52e-03 | M: 129.0043 | Path: GPU-cuStateVec MPI-distributed (2 ranks)
Iter 0503 | Energy: -6.849909 | Delta: 6.27e-03 | M: 5103.5474 | Path: GPU-cuStateVec MPI-distributed (2 ranks)
Iter 0504 | Energy: -6.860560 | Delta: 1.07e-02 | M: 162.4350 | Path: GPU-cuStateVec MPI-distributed (2 ranks)
Iter 0505 | Energy: -6.860258 | Delta: 3.02e-04 | M: 5128.8565 | Path: GPU-cuStateVec MPI-distributed (2 ranks)
[RESILIENCE] Iteration 505: Global theta state checkpointed at path checkpoints/LiH/checkpoint_iter_0505.npy. 
Iter 0506 | Energy: -6.855166 | Delta: 5.09e-03 | M: 111.2678 | Path: GPU-cuStateVec MPI-distributed (2 ranks)
Iter 0507 | Energy: -6.861189 | Delta: 6.02e-03 | M: 124.8738 | Path: GPU-cuStateVec MPI-distributed (2 ranks)
Iter 0508 | Energy: -6.866465 | Delta: 5.28e-03 | M: 5185.0322 | Path: GPU-cuStateVec MPI-distributed (2 ranks)
Iter 0509 | Energy: -6.870599 | Delta: 4.13e-03 | M: 106.4334 | Path: GPU-cuStateVec MPI-distributed (2 ranks)
Iter 0510 | Energy: -6.866397 | Delta: 4.20e-03 | M: 5189.8743 | Path: GPU-cuStateVec MPI-distributed (2 ranks)
[RESILIENCE] Iteration 510: Global theta state checkpointed at path checkpoints/LiH/checkpoint_iter_0510.npy. 
Iter 0511 | Energy: -6.875435 | Delta: 9.04e-03 | M: 108.9583 | Path: GPU-cuStateVec MPI-distributed (2 ranks)
Iter 0512 | Energy: -6.881585 | Delta: 6.15e-03 | M: 5278.3250 | Path: GPU-cuStateVec MPI-distributed (2 ranks)
Iter 0513 | Energy: -6.879223 | Delta: 2.36e-03 | M: 104.6762 | Path: GPU-cuStateVec MPI-distributed (2 ranks)
Iter 0514 | Energy: -6.883612 | Delta: 4.39e-03 | M: 100.0170 | Path: GPU-cuStateVec MPI-distributed (2 ranks)
Iter 0515 | Energy: -6.895793 | Delta: 1.22e-02 | M: 82.6556 | Path: GPU-cuStateVec MPI-distributed (2 ranks)
[RESILIENCE] Iteration 515: Global theta state checkpointed at path checkpoints/LiH/checkpoint_iter_0515.npy. 
Iter 0516 | Energy: -6.886555 | Delta: 9.24e-03 | M: 5025.6330 | Path: GPU-cuStateVec MPI-distributed (2 ranks)
Iter 0517 | Energy: -6.890611 | Delta: 4.06e-03 | M: 92.3258 | Path: GPU-cuStateVec MPI-distributed (2 ranks)
Iter 0518 | Energy: -6.891681 | Delta: 1.07e-03 | M: 80.0689 | Path: GPU-cuStateVec MPI-distributed (2 ranks)
Iter 0519 | Energy: -6.889296 | Delta: 2.38e-03 | M: 74.8597 | Path: GPU-cuStateVec MPI-distributed (2 ranks)
Iter 0520 | Energy: -6.892978 | Delta: 3.68e-03 | M: 5232.8193 | Path: GPU-cuStateVec MPI-distributed (2 ranks)
[RESILIENCE] Iteration 520: Global theta state checkpointed at path checkpoints/LiH/checkpoint_iter_0520.npy. 
Iter 0521 | Energy: -6.898061 | Delta: 5.08e-03 | M: 94.5196 | Path: GPU-cuStateVec MPI-distributed (2 ranks)
Iter 0522 | Energy: -6.916504 | Delta: 1.84e-02 | M: 5264.1764 | Path: GPU-cuStateVec MPI-distributed (2 ranks)
Iter 0523 | Energy: -6.905466 | Delta: 1.10e-02 | M: 98.0116 | Path: GPU-cuStateVec MPI-distributed (2 ranks)
Iter 0524 | Energy: -6.906424 | Delta: 9.57e-04 | M: 82.7757 | Path: GPU-cuStateVec MPI-distributed (2 ranks)
Iter 0525 | Energy: -6.907394 | Delta: 9.71e-04 | M: 128.3299 | Path: GPU-cuStateVec MPI-distributed (2 ranks)
[RESILIENCE] Iteration 525: Global theta state checkpointed at path checkpoints/LiH/checkpoint_iter_0525.npy. 
Iter 0526 | Energy: -6.916665 | Delta: 9.27e-03 | M: 121.7964 | Path: GPU-cuStateVec MPI-distributed (2 ranks)
Iter 0527 | Energy: -6.917523 | Delta: 8.57e-04 | M: 85.8603 | Path: GPU-cuStateVec MPI-distributed (2 ranks)
Iter 0528 | Energy: -6.908998 | Delta: 8.52e-03 | M: 80.3807 | Path: GPU-cuStateVec MPI-distributed (2 ranks)
Iter 0529 | Energy: -6.914491 | Delta: 5.49e-03 | M: 93.6594 | Path: GPU-cuStateVec MPI-distributed (2 ranks)
Iter 0530 | Energy: -6.916664 | Delta: 2.17e-03 | M: 5138.2697 | Path: GPU-cuStateVec MPI-distributed (2 ranks)
[RESILIENCE] Iteration 530: Global theta state checkpointed at path checkpoints/LiH/checkpoint_iter_0530.npy. 
Iter 0531 | Energy: -6.927452 | Delta: 1.08e-02 | M: 78.4199 | Path: GPU-cuStateVec MPI-distributed (2 ranks)
Iter 0532 | Energy: -6.919541 | Delta: 7.91e-03 | M: 96.7670 | Path: GPU-cuStateVec MPI-distributed (2 ranks)
Iter 0533 | Energy: -6.935853 | Delta: 1.63e-02 | M: 5293.1510 | Path: GPU-cuStateVec MPI-distributed (2 ranks)
Iter 0534 | Energy: -6.953287 | Delta: 1.74e-02 | M: 129.9034 | Path: GPU-cuStateVec MPI-distributed (2 ranks)
Iter 0535 | Energy: -6.941726 | Delta: 1.16e-02 | M: 144.9541 | Path: GPU-cuStateVec MPI-distributed (2 ranks)
[RESILIENCE] Iteration 535: Global theta state checkpointed at path checkpoints/LiH/checkpoint_iter_0535.npy. 
Iter 0536 | Energy: -6.948213 | Delta: 6.49e-03 | M: 115.5633 | Path: GPU-cuStateVec MPI-distributed (2 ranks)
Iter 0537 | Energy: -6.945929 | Delta: 2.28e-03 | M: 93.1992 | Path: GPU-cuStateVec MPI-distributed (2 ranks)
Iter 0538 | Energy: -6.947392 | Delta: 1.46e-03 | M: 108.2506 | Path: GPU-cuStateVec MPI-distributed (2 ranks)
Iter 0539 | Energy: -6.948486 | Delta: 1.09e-03 | M: 105.2850 | Path: GPU-cuStateVec MPI-distributed (2 ranks)
Iter 0540 | Energy: -6.951636 | Delta: 3.15e-03 | M: 88.8157 | Path: GPU-cuStateVec MPI-distributed (2 ranks)
[RESILIENCE] Iteration 540: Global theta state checkpointed at path checkpoints/LiH/checkpoint_iter_0540.npy. 
Iter 0541 | Energy: -6.948914 | Delta: 2.72e-03 | M: 73.1989 | Path: GPU-cuStateVec MPI-distributed (2 ranks)
Iter 0542 | Energy: -6.955701 | Delta: 6.79e-03 | M: 5370.7921 | Path: GPU-cuStateVec MPI-distributed (2 ranks)
Iter 0543 | Energy: -6.961919 | Delta: 6.22e-03 | M: 123.2300 | Path: GPU-cuStateVec MPI-distributed (2 ranks)
Iter 0544 | Energy: -6.958309 | Delta: 3.61e-03 | M: 5284.5293 | Path: GPU-cuStateVec MPI-distributed (2 ranks)
Iter 0545 | Energy: -6.963069 | Delta: 4.76e-03 | M: 5261.9619 | Path: GPU-cuStateVec MPI-distributed (2 ranks)
[RESILIENCE] Iteration 545: Global theta state checkpointed at path checkpoints/LiH/checkpoint_iter_0545.npy. 
Iter 0546 | Energy: -6.952571 | Delta: 1.05e-02 | M: 5350.2148 | Path: GPU-cuStateVec MPI-distributed (2 ranks)
Iter 0547 | Energy: -6.960563 | Delta: 7.99e-03 | M: 5013.4256 | Path: GPU-cuStateVec MPI-distributed (2 ranks)
Iter 0548 | Energy: -6.956029 | Delta: 4.53e-03 | M: 133.5524 | Path: GPU-cuStateVec MPI-distributed (2 ranks)
Iter 0549 | Energy: -6.966476 | Delta: 1.04e-02 | M: 5278.9287 | Path: GPU-cuStateVec MPI-distributed (2 ranks)
Iter 0550 | Energy: -6.973641 | Delta: 7.16e-03 | M: 5275.2914 | Path: GPU-cuStateVec MPI-distributed (2 ranks)
[RESILIENCE] Iteration 550: Global theta state checkpointed at path checkpoints/LiH/checkpoint_iter_0550.npy. 
Iter 0551 | Energy: -6.968361 | Delta: 5.28e-03 | M: 5207.2960 | Path: GPU-cuStateVec MPI-distributed (2 ranks)
Iter 0552 | Energy: -6.971859 | Delta: 3.50e-03 | M: 137.1864 | Path: GPU-cuStateVec MPI-distributed (2 ranks)
Iter 0553 | Energy: -6.972878 | Delta: 1.02e-03 | M: 5177.8928 | Path: GPU-cuStateVec MPI-distributed (2 ranks)
Iter 0554 | Energy: -6.973177 | Delta: 2.98e-04 | M: 5099.2198 | Path: GPU-cuStateVec MPI-distributed (2 ranks)
Iter 0555 | Energy: -6.977259 | Delta: 4.08e-03 | M: 5329.0755 | Path: GPU-cuStateVec MPI-distributed (2 ranks)
[RESILIENCE] Iteration 555: Global theta state checkpointed at path checkpoints/LiH/checkpoint_iter_0555.npy. 
Iter 0556 | Energy: -6.985058 | Delta: 7.80e-03 | M: 5398.3006 | Path: GPU-cuStateVec MPI-distributed (2 ranks)
Iter 0557 | Energy: -6.980802 | Delta: 4.26e-03 | M: 5386.5583 | Path: GPU-cuStateVec MPI-distributed (2 ranks)
Iter 0558 | Energy: -6.984341 | Delta: 3.54e-03 | M: 5004.9158 | Path: GPU-cuStateVec MPI-distributed (2 ranks)
Iter 0559 | Energy: -6.987208 | Delta: 2.87e-03 | M: 5261.9923 | Path: GPU-cuStateVec MPI-distributed (2 ranks)
Iter 0560 | Energy: -7.000299 | Delta: 1.31e-02 | M: 5395.4219 | Path: GPU-cuStateVec MPI-distributed (2 ranks)
[RESILIENCE] Iteration 560: Global theta state checkpointed at path checkpoints/LiH/checkpoint_iter_0560.npy. 
Iter 0561 | Energy: -7.004580 | Delta: 4.28e-03 | M: 87.5205 | Path: GPU-cuStateVec MPI-distributed (2 ranks)
Iter 0562 | Energy: -7.018489 | Delta: 1.39e-02 | M: 133.9146 | Path: GPU-cuStateVec MPI-distributed (2 ranks)
Iter 0563 | Energy: -7.012265 | Delta: 6.22e-03 | M: 5203.6242 | Path: GPU-cuStateVec MPI-distributed (2 ranks)
Iter 0564 | Energy: -7.027199 | Delta: 1.49e-02 | M: 4693.9660 | Path: GPU-cuStateVec MPI-distributed (2 ranks)
Iter 0565 | Energy: -7.027532 | Delta: 3.33e-04 | M: 5360.9584 | Path: GPU-cuStateVec MPI-distributed (2 ranks)
[RESILIENCE] Iteration 565: Global theta state checkpointed at path checkpoints/LiH/checkpoint_iter_0565.npy. 
Iter 0566 | Energy: -7.041175 | Delta: 1.36e-02 | M: 148.8019 | Path: GPU-cuStateVec MPI-distributed (2 ranks)
Iter 0567 | Energy: -7.038091 | Delta: 3.08e-03 | M: 145.7877 | Path: GPU-cuStateVec MPI-distributed (2 ranks)
Iter 0568 | Energy: -7.031384 | Delta: 6.71e-03 | M: 5295.8483 | Path: GPU-cuStateVec MPI-distributed (2 ranks)
Iter 0569 | Energy: -7.050458 | Delta: 1.91e-02 | M: 5184.4288 | Path: GPU-cuStateVec MPI-distributed (2 ranks)
Iter 0570 | Energy: -7.051601 | Delta: 1.14e-03 | M: 5338.1524 | Path: GPU-cuStateVec MPI-distributed (2 ranks)
[RESILIENCE] Iteration 570: Global theta state checkpointed at path checkpoints/LiH/checkpoint_iter_0570.npy. 
Iter 0571 | Energy: -7.044488 | Delta: 7.11e-03 | M: 120.4933 | Path: GPU-cuStateVec MPI-distributed (2 ranks)
Iter 0572 | Energy: -7.047866 | Delta: 3.38e-03 | M: 5285.5621 | Path: GPU-cuStateVec MPI-distributed (2 ranks)
Iter 0573 | Energy: -7.065705 | Delta: 1.78e-02 | M: 5079.5095 | Path: GPU-cuStateVec MPI-distributed (2 ranks)
Iter 0574 | Energy: -7.062107 | Delta: 3.60e-03 | M: 5108.4747 | Path: GPU-cuStateVec MPI-distributed (2 ranks)
Iter 0575 | Energy: -7.071582 | Delta: 9.47e-03 | M: 4937.3892 | Path: GPU-cuStateVec MPI-distributed (2 ranks)
[RESILIENCE] Iteration 575: Global theta state checkpointed at path checkpoints/LiH/checkpoint_iter_0575.npy. 
Iter 0576 | Energy: -7.078645 | Delta: 7.06e-03 | M: 138.5405 | Path: GPU-cuStateVec MPI-distributed (2 ranks)
Iter 0577 | Energy: -7.087542 | Delta: 8.90e-03 | M: 5103.6714 | Path: GPU-cuStateVec MPI-distributed (2 ranks)
Iter 0578 | Energy: -7.084280 | Delta: 3.26e-03 | M: 138.6595 | Path: GPU-cuStateVec MPI-distributed (2 ranks)
Iter 0579 | Energy: -7.081295 | Delta: 2.98e-03 | M: 137.9058 | Path: GPU-cuStateVec MPI-distributed (2 ranks)
Iter 0580 | Energy: -7.086289 | Delta: 4.99e-03 | M: 4330.1901 | Path: GPU-cuStateVec MPI-distributed (2 ranks)
[RESILIENCE] Iteration 580: Global theta state checkpointed at path checkpoints/LiH/checkpoint_iter_0580.npy. 
Iter 0581 | Energy: -7.085219 | Delta: 1.07e-03 | M: 5226.3155 | Path: GPU-cuStateVec MPI-distributed (2 ranks)
Iter 0582 | Energy: -7.093812 | Delta: 8.59e-03 | M: 108.6812 | Path: GPU-cuStateVec MPI-distributed (2 ranks)
Iter 0583 | Energy: -7.095875 | Delta: 2.06e-03 | M: 5288.2951 | Path: GPU-cuStateVec MPI-distributed (2 ranks)
Iter 0584 | Energy: -7.094564 | Delta: 1.31e-03 | M: 137.8109 | Path: GPU-cuStateVec MPI-distributed (2 ranks)
Iter 0585 | Energy: -7.094630 | Delta: 6.53e-05 | M: 4907.9375 | Path: GPU-cuStateVec MPI-distributed (2 ranks)
[RESILIENCE] Iteration 585: Global theta state checkpointed at path checkpoints/LiH/checkpoint_iter_0585.npy. 
Iter 0586 | Energy: -7.092929 | Delta: 1.70e-03 | M: 116.8426 | Path: GPU-cuStateVec MPI-distributed (2 ranks)
Iter 0587 | Energy: -7.092625 | Delta: 3.04e-04 | M: 4855.3051 | Path: GPU-cuStateVec MPI-distributed (2 ranks)
Iter 0588 | Energy: -7.099417 | Delta: 6.79e-03 | M: 5099.5711 | Path: GPU-cuStateVec MPI-distributed (2 ranks)
Iter 0589 | Energy: -7.103281 | Delta: 3.86e-03 | M: 3932.5572 | Path: GPU-cuStateVec MPI-distributed (2 ranks)
Iter 0590 | Energy: -7.107730 | Delta: 4.45e-03 | M: 4918.5109 | Path: GPU-cuStateVec MPI-distributed (2 ranks)
[RESILIENCE] Iteration 590: Global theta state checkpointed at path checkpoints/LiH/checkpoint_iter_0590.npy. 
Iter 0591 | Energy: -7.097234 | Delta: 1.05e-02 | M: 4780.8434 | Path: GPU-cuStateVec MPI-distributed (2 ranks)
Iter 0592 | Energy: -7.108838 | Delta: 1.16e-02 | M: 133.3918 | Path: GPU-cuStateVec MPI-distributed (2 ranks)
Iter 0593 | Energy: -7.107487 | Delta: 1.35e-03 | M: 127.9835 | Path: GPU-cuStateVec MPI-distributed (2 ranks)
Iter 0594 | Energy: -7.121648 | Delta: 1.42e-02 | M: 5086.9594 | Path: GPU-cuStateVec MPI-distributed (2 ranks)
Iter 0595 | Energy: -7.130170 | Delta: 8.52e-03 | M: 133.4451 | Path: GPU-cuStateVec MPI-distributed (2 ranks)
[RESILIENCE] Iteration 595: Global theta state checkpointed at path checkpoints/LiH/checkpoint_iter_0595.npy. 
Iter 0596 | Energy: -7.123495 | Delta: 6.68e-03 | M: 113.1736 | Path: GPU-cuStateVec MPI-distributed (2 ranks)
Iter 0597 | Energy: -7.132943 | Delta: 9.45e-03 | M: 114.6096 | Path: GPU-cuStateVec MPI-distributed (2 ranks)
Iter 0598 | Energy: -7.131708 | Delta: 1.24e-03 | M: 88.8885 | Path: GPU-cuStateVec MPI-distributed (2 ranks)
Iter 0599 | Energy: -7.124063 | Delta: 7.65e-03 | M: 111.1565 | Path: GPU-cuStateVec MPI-distributed (2 ranks)
Iter 0600 | Energy: -7.135310 | Delta: 1.12e-02 | M: 99.5871 | Path: GPU-cuStateVec MPI-distributed (2 ranks)
[RESILIENCE] Iteration 600: Global theta state checkpointed at path checkpoints/LiH/checkpoint_iter_0600.npy. 
Iter 0601 | Energy: -7.140207 | Delta: 4.90e-03 | M: 115.0936 | Path: GPU-cuStateVec MPI-distributed (2 ranks)
Iter 0602 | Energy: -7.138451 | Delta: 1.76e-03 | M: 5102.0637 | Path: GPU-cuStateVec MPI-distributed (2 ranks)
Iter 0603 | Energy: -7.140019 | Delta: 1.57e-03 | M: 128.5578 | Path: GPU-cuStateVec MPI-distributed (2 ranks)
Iter 0604 | Energy: -7.147948 | Delta: 7.93e-03 | M: 4880.6380 | Path: GPU-cuStateVec MPI-distributed (2 ranks)
Iter 0605 | Energy: -7.142566 | Delta: 5.38e-03 | M: 132.3506 | Path: GPU-cuStateVec MPI-distributed (2 ranks)
[RESILIENCE] Iteration 605: Global theta state checkpointed at path checkpoints/LiH/checkpoint_iter_0605.npy. 
Iter 0606 | Energy: -7.147922 | Delta: 5.36e-03 | M: 4908.3105 | Path: GPU-cuStateVec MPI-distributed (2 ranks)
Iter 0607 | Energy: -7.159681 | Delta: 1.18e-02 | M: 156.7391 | Path: GPU-cuStateVec MPI-distributed (2 ranks)
Iter 0608 | Energy: -7.158173 | Delta: 1.51e-03 | M: 143.4095 | Path: GPU-cuStateVec MPI-distributed (2 ranks)
Iter 0609 | Energy: -7.159448 | Delta: 1.28e-03 | M: 4974.7939 | Path: GPU-cuStateVec MPI-distributed (2 ranks)
Iter 0610 | Energy: -7.159202 | Delta: 2.46e-04 | M: 4814.5008 | Path: GPU-cuStateVec MPI-distributed (2 ranks)
[RESILIENCE] Iteration 610: Global theta state checkpointed at path checkpoints/LiH/checkpoint_iter_0610.npy. 
Iter 0611 | Energy: -7.163343 | Delta: 4.14e-03 | M: 4853.4733 | Path: GPU-cuStateVec MPI-distributed (2 ranks)
Iter 0612 | Energy: -7.165585 | Delta: 2.24e-03 | M: 4890.5283 | Path: GPU-cuStateVec MPI-distributed (2 ranks)
Iter 0613 | Energy: -7.164688 | Delta: 8.98e-04 | M: 5959.7121 | Path: GPU-cuStateVec MPI-distributed (2 ranks)
Iter 0614 | Energy: -7.168277 | Delta: 3.59e-03 | M: 186.8042 | Path: GPU-cuStateVec MPI-distributed (2 ranks)
Iter 0615 | Energy: -7.169092 | Delta: 8.15e-04 | M: 4908.3813 | Path: GPU-cuStateVec MPI-distributed (2 ranks)
[RESILIENCE] Iteration 615: Global theta state checkpointed at path checkpoints/LiH/checkpoint_iter_0615.npy. 
Iter 0616 | Energy: -7.168621 | Delta: 4.71e-04 | M: 4609.6075 | Path: GPU-cuStateVec MPI-distributed (2 ranks)
Iter 0617 | Energy: -7.181047 | Delta: 1.24e-02 | M: 5063.6078 | Path: GPU-cuStateVec MPI-distributed (2 ranks)
Iter 0618 | Energy: -7.182594 | Delta: 1.55e-03 | M: 4757.5155 | Path: GPU-cuStateVec MPI-distributed (2 ranks)
Iter 0619 | Energy: -7.177803 | Delta: 4.79e-03 | M: 4290.1788 | Path: GPU-cuStateVec MPI-distributed (2 ranks)
Iter 0620 | Energy: -7.177651 | Delta: 1.52e-04 | M: 5169.7082 | Path: GPU-cuStateVec MPI-distributed (2 ranks)
[RESILIENCE] Iteration 620: Global theta state checkpointed at path checkpoints/LiH/checkpoint_iter_0620.npy. 
Iter 0621 | Energy: -7.177339 | Delta: 3.12e-04 | M: 6033.8311 | Path: GPU-cuStateVec MPI-distributed (2 ranks)
Iter 0622 | Energy: -7.194297 | Delta: 1.70e-02 | M: 4629.9118 | Path: GPU-cuStateVec MPI-distributed (2 ranks)
Iter 0623 | Energy: -7.178596 | Delta: 1.57e-02 | M: 4815.0565 | Path: GPU-cuStateVec MPI-distributed (2 ranks)
Iter 0624 | Energy: -7.189869 | Delta: 1.13e-02 | M: 4943.9288 | Path: GPU-cuStateVec MPI-distributed (2 ranks)
Iter 0625 | Energy: -7.198190 | Delta: 8.32e-03 | M: 4814.9440 | Path: GPU-cuStateVec MPI-distributed (2 ranks)
[RESILIENCE] Iteration 625: Global theta state checkpointed at path checkpoints/LiH/checkpoint_iter_0625.npy. 
Iter 0626 | Energy: -7.201386 | Delta: 3.20e-03 | M: 1.1108 | Path: GPU-cuStateVec MPI-distributed (2 ranks)
Iter 0627 | Energy: -7.206003 | Delta: 4.62e-03 | M: 4330.2706 | Path: GPU-cuStateVec MPI-distributed (2 ranks)
Iter 0628 | Energy: -7.202734 | Delta: 3.27e-03 | M: 4606.5751 | Path: GPU-cuStateVec MPI-distributed (2 ranks)
Iter 0629 | Energy: -7.210255 | Delta: 7.52e-03 | M: 4928.5256 | Path: GPU-cuStateVec MPI-distributed (2 ranks)
Iter 0630 | Energy: -7.216812 | Delta: 6.56e-03 | M: 4815.0281 | Path: GPU-cuStateVec MPI-distributed (2 ranks)
[RESILIENCE] Iteration 630: Global theta state checkpointed at path checkpoints/LiH/checkpoint_iter_0630.npy. 
Iter 0631 | Energy: -7.215020 | Delta: 1.79e-03 | M: 4926.4241 | Path: GPU-cuStateVec MPI-distributed (2 ranks)
Iter 0632 | Energy: -7.218487 | Delta: 3.47e-03 | M: 160.9887 | Path: GPU-cuStateVec MPI-distributed (2 ranks)
Iter 0633 | Energy: -7.219029 | Delta: 5.42e-04 | M: 4937.0046 | Path: GPU-cuStateVec MPI-distributed (2 ranks)
Iter 0634 | Energy: -7.222014 | Delta: 2.98e-03 | M: 4926.2366 | Path: GPU-cuStateVec MPI-distributed (2 ranks)
Iter 0635 | Energy: -7.216289 | Delta: 5.72e-03 | M: 4874.0665 | Path: GPU-cuStateVec MPI-distributed (2 ranks)
[RESILIENCE] Iteration 635: Global theta state checkpointed at path checkpoints/LiH/checkpoint_iter_0635.npy. 
Iter 0636 | Energy: -7.223027 | Delta: 6.74e-03 | M: 4861.2781 | Path: GPU-cuStateVec MPI-distributed (2 ranks)
Iter 0637 | Energy: -7.228068 | Delta: 5.04e-03 | M: 78.2387 | Path: GPU-cuStateVec MPI-distributed (2 ranks)
Iter 0638 | Energy: -7.237082 | Delta: 9.01e-03 | M: 4946.7433 | Path: GPU-cuStateVec MPI-distributed (2 ranks)
Iter 0639 | Energy: -7.241951 | Delta: 4.87e-03 | M: 5065.9122 | Path: GPU-cuStateVec MPI-distributed (2 ranks)
Iter 0640 | Energy: -7.237588 | Delta: 4.36e-03 | M: 5089.0656 | Path: GPU-cuStateVec MPI-distributed (2 ranks)
[RESILIENCE] Iteration 640: Global theta state checkpointed at path checkpoints/LiH/checkpoint_iter_0640.npy. 
Iter 0641 | Energy: -7.239860 | Delta: 2.27e-03 | M: 4999.8326 | Path: GPU-cuStateVec MPI-distributed (2 ranks)
Iter 0642 | Energy: -7.245512 | Delta: 5.65e-03 | M: 4795.2069 | Path: GPU-cuStateVec MPI-distributed (2 ranks)
Iter 0643 | Energy: -7.248618 | Delta: 3.11e-03 | M: 118.6721 | Path: GPU-cuStateVec MPI-distributed (2 ranks)
Iter 0644 | Energy: -7.257830 | Delta: 9.21e-03 | M: 4884.6420 | Path: GPU-cuStateVec MPI-distributed (2 ranks)
Iter 0645 | Energy: -7.259538 | Delta: 1.71e-03 | M: 5020.4021 | Path: GPU-cuStateVec MPI-distributed (2 ranks)
[RESILIENCE] Iteration 645: Global theta state checkpointed at path checkpoints/LiH/checkpoint_iter_0645.npy. 
Iter 0646 | Energy: -7.265262 | Delta: 5.72e-03 | M: 128.3906 | Path: GPU-cuStateVec MPI-distributed (2 ranks)
Iter 0647 | Energy: -7.274535 | Delta: 9.27e-03 | M: 5026.6156 | Path: GPU-cuStateVec MPI-distributed (2 ranks)
Iter 0648 | Energy: -7.282481 | Delta: 7.95e-03 | M: 5160.6755 | Path: GPU-cuStateVec MPI-distributed (2 ranks)
Iter 0649 | Energy: -7.277327 | Delta: 5.15e-03 | M: 4961.2842 | Path: GPU-cuStateVec MPI-distributed (2 ranks)
Iter 0650 | Energy: -7.288813 | Delta: 1.15e-02 | M: 121.7053 | Path: GPU-cuStateVec MPI-distributed (2 ranks)
[RESILIENCE] Iteration 650: Global theta state checkpointed at path checkpoints/LiH/checkpoint_iter_0650.npy. 
Iter 0651 | Energy: -7.296121 | Delta: 7.31e-03 | M: 4721.7886 | Path: GPU-cuStateVec MPI-distributed (2 ranks)
Iter 0652 | Energy: -7.290006 | Delta: 6.12e-03 | M: 4882.6834 | Path: GPU-cuStateVec MPI-distributed (2 ranks)
Iter 0653 | Energy: -7.290109 | Delta: 1.03e-04 | M: 4906.2331 | Path: GPU-cuStateVec MPI-distributed (2 ranks)
Iter 0654 | Energy: -7.290722 | Delta: 6.14e-04 | M: 4923.7041 | Path: GPU-cuStateVec MPI-distributed (2 ranks)
Iter 0655 | Energy: -7.289100 | Delta: 1.62e-03 | M: 4783.6030 | Path: GPU-cuStateVec MPI-distributed (2 ranks)
[RESILIENCE] Iteration 655: Global theta state checkpointed at path checkpoints/LiH/checkpoint_iter_0655.npy. 
Iter 0656 | Energy: -7.297694 | Delta: 8.59e-03 | M: 4816.3321 | Path: GPU-cuStateVec MPI-distributed (2 ranks)
Iter 0657 | Energy: -7.302898 | Delta: 5.20e-03 | M: 4921.7159 | Path: GPU-cuStateVec MPI-distributed (2 ranks)
Iter 0658 | Energy: -7.299302 | Delta: 3.60e-03 | M: 4783.4370 | Path: GPU-cuStateVec MPI-distributed (2 ranks)
Iter 0659 | Energy: -7.308821 | Delta: 9.52e-03 | M: 4813.0877 | Path: GPU-cuStateVec MPI-distributed (2 ranks)
Iter 0660 | Energy: -7.306236 | Delta: 2.58e-03 | M: 4691.3262 | Path: GPU-cuStateVec MPI-distributed (2 ranks)
[RESILIENCE] Iteration 660: Global theta state checkpointed at path checkpoints/LiH/checkpoint_iter_0660.npy. 
Iter 0661 | Energy: -7.311484 | Delta: 5.25e-03 | M: 5104.4841 | Path: GPU-cuStateVec MPI-distributed (2 ranks)
Iter 0662 | Energy: -7.311670 | Delta: 1.86e-04 | M: 121.1865 | Path: GPU-cuStateVec MPI-distributed (2 ranks)
Iter 0663 | Energy: -7.315005 | Delta: 3.33e-03 | M: 5310.8112 | Path: GPU-cuStateVec MPI-distributed (2 ranks)
Iter 0664 | Energy: -7.313118 | Delta: 1.89e-03 | M: 5079.5565 | Path: GPU-cuStateVec MPI-distributed (2 ranks)
Iter 0665 | Energy: -7.318463 | Delta: 5.34e-03 | M: 116.7651 | Path: GPU-cuStateVec MPI-distributed (2 ranks)
[RESILIENCE] Iteration 665: Global theta state checkpointed at path checkpoints/LiH/checkpoint_iter_0665.npy. 
Iter 0666 | Energy: -7.318675 | Delta: 2.12e-04 | M: 5154.7601 | Path: GPU-cuStateVec MPI-distributed (2 ranks)
Iter 0667 | Energy: -7.321627 | Delta: 2.95e-03 | M: 115.2127 | Path: GPU-cuStateVec MPI-distributed (2 ranks)
Iter 0668 | Energy: -7.325431 | Delta: 3.80e-03 | M: 109.3803 | Path: GPU-cuStateVec MPI-distributed (2 ranks)
Iter 0669 | Energy: -7.321620 | Delta: 3.81e-03 | M: 142.4862 | Path: GPU-cuStateVec MPI-distributed (2 ranks)
Iter 0670 | Energy: -7.324387 | Delta: 2.77e-03 | M: 108.8489 | Path: GPU-cuStateVec MPI-distributed (2 ranks)
[RESILIENCE] Iteration 670: Global theta state checkpointed at path checkpoints/LiH/checkpoint_iter_0670.npy. 
Iter 0671 | Energy: -7.328259 | Delta: 3.87e-03 | M: 5158.5559 | Path: GPU-cuStateVec MPI-distributed (2 ranks)
Iter 0672 | Energy: -7.330933 | Delta: 2.67e-03 | M: 4933.0290 | Path: GPU-cuStateVec MPI-distributed (2 ranks)
Iter 0673 | Energy: -7.332038 | Delta: 1.11e-03 | M: 91.8465 | Path: GPU-cuStateVec MPI-distributed (2 ranks)
Iter 0674 | Energy: -7.329763 | Delta: 2.27e-03 | M: 4721.0745 | Path: GPU-cuStateVec MPI-distributed (2 ranks)
Iter 0675 | Energy: -7.327470 | Delta: 2.29e-03 | M: 5143.8084 | Path: GPU-cuStateVec MPI-distributed (2 ranks)
[RESILIENCE] Iteration 675: Global theta state checkpointed at path checkpoints/LiH/checkpoint_iter_0675.npy. 
Iter 0676 | Energy: -7.332742 | Delta: 5.27e-03 | M: 5147.8224 | Path: GPU-cuStateVec MPI-distributed (2 ranks)
Iter 0677 | Energy: -7.344334 | Delta: 1.16e-02 | M: 121.7253 | Path: GPU-cuStateVec MPI-distributed (2 ranks)
Iter 0678 | Energy: -7.336721 | Delta: 7.61e-03 | M: 121.5507 | Path: GPU-cuStateVec MPI-distributed (2 ranks)
Iter 0679 | Energy: -7.333804 | Delta: 2.92e-03 | M: 127.4425 | Path: GPU-cuStateVec MPI-distributed (2 ranks)
Iter 0680 | Energy: -7.334922 | Delta: 1.12e-03 | M: 117.8447 | Path: GPU-cuStateVec MPI-distributed (2 ranks)
[RESILIENCE] Iteration 680: Global theta state checkpointed at path checkpoints/LiH/checkpoint_iter_0680.npy. 
Iter 0681 | Energy: -7.332147 | Delta: 2.78e-03 | M: 5087.7592 | Path: GPU-cuStateVec MPI-distributed (2 ranks)
Iter 0682 | Energy: -7.344218 | Delta: 1.21e-02 | M: 124.0922 | Path: GPU-cuStateVec MPI-distributed (2 ranks)
Iter 0683 | Energy: -7.337618 | Delta: 6.60e-03 | M: 122.5008 | Path: GPU-cuStateVec MPI-distributed (2 ranks)
Iter 0684 | Energy: -7.353905 | Delta: 1.63e-02 | M: 4848.3683 | Path: GPU-cuStateVec MPI-distributed (2 ranks)
Iter 0685 | Energy: -7.361760 | Delta: 7.85e-03 | M: 4980.9793 | Path: GPU-cuStateVec MPI-distributed (2 ranks)
[RESILIENCE] Iteration 685: Global theta state checkpointed at path checkpoints/LiH/checkpoint_iter_0685.npy. 
Iter 0686 | Energy: -7.362798 | Delta: 1.04e-03 | M: 5170.1013 | Path: GPU-cuStateVec MPI-distributed (2 ranks)
Iter 0687 | Energy: -7.369098 | Delta: 6.30e-03 | M: 5099.4312 | Path: GPU-cuStateVec MPI-distributed (2 ranks)
Iter 0688 | Energy: -7.364502 | Delta: 4.60e-03 | M: 114.6155 | Path: GPU-cuStateVec MPI-distributed (2 ranks)
Iter 0689 | Energy: -7.364565 | Delta: 6.30e-05 | M: 121.2145 | Path: GPU-cuStateVec MPI-distributed (2 ranks)
Iter 0690 | Energy: -7.373458 | Delta: 8.89e-03 | M: 5119.7555 | Path: GPU-cuStateVec MPI-distributed (2 ranks)
[RESILIENCE] Iteration 690: Global theta state checkpointed at path checkpoints/LiH/checkpoint_iter_0690.npy. 
Iter 0691 | Energy: -7.385472 | Delta: 1.20e-02 | M: 366.9995 | Path: GPU-cuStateVec MPI-distributed (2 ranks)
Iter 0692 | Energy: -7.385379 | Delta: 9.28e-05 | M: 5020.6718 | Path: GPU-cuStateVec MPI-distributed (2 ranks)
Iter 0693 | Energy: -7.385265 | Delta: 1.13e-04 | M: 4894.0238 | Path: GPU-cuStateVec MPI-distributed (2 ranks)
Iter 0694 | Energy: -7.384269 | Delta: 9.96e-04 | M: 5063.0604 | Path: GPU-cuStateVec MPI-distributed (2 ranks)
Iter 0695 | Energy: -7.393130 | Delta: 8.86e-03 | M: 4998.2579 | Path: GPU-cuStateVec MPI-distributed (2 ranks)
[RESILIENCE] Iteration 695: Global theta state checkpointed at path checkpoints/LiH/checkpoint_iter_0695.npy. 
Iter 0696 | Energy: -7.385167 | Delta: 7.96e-03 | M: 5027.9615 | Path: GPU-cuStateVec MPI-distributed (2 ranks)
Iter 0697 | Energy: -7.389580 | Delta: 4.41e-03 | M: 5203.6810 | Path: GPU-cuStateVec MPI-distributed (2 ranks)
Iter 0698 | Energy: -7.391711 | Delta: 2.13e-03 | M: 4910.8557 | Path: GPU-cuStateVec MPI-distributed (2 ranks)
Iter 0699 | Energy: -7.389277 | Delta: 2.43e-03 | M: 4932.0983 | Path: GPU-cuStateVec MPI-distributed (2 ranks)
Iter 0700 | Energy: -7.398255 | Delta: 8.98e-03 | M: 4916.6181 | Path: GPU-cuStateVec MPI-distributed (2 ranks)
[RESILIENCE] Iteration 700: Global theta state checkpointed at path checkpoints/LiH/checkpoint_iter_0700.npy. 
Iter 0701 | Energy: -7.397075 | Delta: 1.18e-03 | M: 4903.8052 | Path: GPU-cuStateVec MPI-distributed (2 ranks)
Iter 0702 | Energy: -7.397762 | Delta: 6.87e-04 | M: 5035.4090 | Path: GPU-cuStateVec MPI-distributed (2 ranks)
Iter 0703 | Energy: -7.405564 | Delta: 7.80e-03 | M: 4994.0879 | Path: GPU-cuStateVec MPI-distributed (2 ranks)
Iter 0704 | Energy: -7.399551 | Delta: 6.01e-03 | M: 4979.5661 | Path: GPU-cuStateVec MPI-distributed (2 ranks)
Iter 0705 | Energy: -7.406111 | Delta: 6.56e-03 | M: 5019.6713 | Path: GPU-cuStateVec MPI-distributed (2 ranks)
[RESILIENCE] Iteration 705: Global theta state checkpointed at path checkpoints/LiH/checkpoint_iter_0705.npy. 
Iter 0706 | Energy: -7.409603 | Delta: 3.49e-03 | M: 5048.3702 | Path: GPU-cuStateVec MPI-distributed (2 ranks)
Iter 0707 | Energy: -7.411036 | Delta: 1.43e-03 | M: 5005.4881 | Path: GPU-cuStateVec MPI-distributed (2 ranks)
Iter 0708 | Energy: -7.405982 | Delta: 5.05e-03 | M: 5103.8180 | Path: GPU-cuStateVec MPI-distributed (2 ranks)
Iter 0709 | Energy: -7.414023 | Delta: 8.04e-03 | M: 5095.2956 | Path: GPU-cuStateVec MPI-distributed (2 ranks)
Iter 0710 | Energy: -7.417042 | Delta: 3.02e-03 | M: 5139.7988 | Path: GPU-cuStateVec MPI-distributed (2 ranks)
[RESILIENCE] Iteration 710: Global theta state checkpointed at path checkpoints/LiH/checkpoint_iter_0710.npy. 
Iter 0711 | Energy: -7.419296 | Delta: 2.25e-03 | M: 5058.3353 | Path: GPU-cuStateVec MPI-distributed (2 ranks)
Iter 0712 | Energy: -7.419255 | Delta: 4.04e-05 | M: 134.9237 | Path: GPU-cuStateVec MPI-distributed (2 ranks)
Iter 0713 | Energy: -7.420547 | Delta: 1.29e-03 | M: 5107.7056 | Path: GPU-cuStateVec MPI-distributed (2 ranks)
Iter 0714 | Energy: -7.420212 | Delta: 3.35e-04 | M: 4806.8004 | Path: GPU-cuStateVec MPI-distributed (2 ranks)
Iter 0715 | Energy: -7.420131 | Delta: 8.07e-05 | M: 4953.1818 | Path: GPU-cuStateVec MPI-distributed (2 ranks)
[RESILIENCE] Iteration 715: Global theta state checkpointed at path checkpoints/LiH/checkpoint_iter_0715.npy. 
Iter 0716 | Energy: -7.424852 | Delta: 4.72e-03 | M: 5333.2737 | Path: GPU-cuStateVec MPI-distributed (2 ranks)
Iter 0717 | Energy: -7.425227 | Delta: 3.75e-04 | M: 4985.3827 | Path: GPU-cuStateVec MPI-distributed (2 ranks)
Iter 0718 | Energy: -7.434022 | Delta: 8.80e-03 | M: 4144.3799 | Path: GPU-cuStateVec MPI-distributed (2 ranks)
Iter 0719 | Energy: -7.434309 | Delta: 2.87e-04 | M: 4768.4777 | Path: GPU-cuStateVec MPI-distributed (2 ranks)
Iter 0720 | Energy: -7.435402 | Delta: 1.09e-03 | M: 4943.3884 | Path: GPU-cuStateVec MPI-distributed (2 ranks)
[RESILIENCE] Iteration 720: Global theta state checkpointed at path checkpoints/LiH/checkpoint_iter_0720.npy. 
Iter 0721 | Energy: -7.439678 | Delta: 4.28e-03 | M: 5094.4106 | Path: GPU-cuStateVec MPI-distributed (2 ranks)
Iter 0722 | Energy: -7.434919 | Delta: 4.76e-03 | M: 3815.1664 | Path: GPU-cuStateVec MPI-distributed (2 ranks)
Iter 0723 | Energy: -7.442126 | Delta: 7.21e-03 | M: 4802.0255 | Path: GPU-cuStateVec MPI-distributed (2 ranks)
Iter 0724 | Energy: -7.440008 | Delta: 2.12e-03 | M: 4942.4700 | Path: GPU-cuStateVec MPI-distributed (2 ranks)
Iter 0725 | Energy: -7.435974 | Delta: 4.03e-03 | M: 4921.2180 | Path: GPU-cuStateVec MPI-distributed (2 ranks)
[RESILIENCE] Iteration 725: Global theta state checkpointed at path checkpoints/LiH/checkpoint_iter_0725.npy. 
Iter 0726 | Energy: -7.443323 | Delta: 7.35e-03 | M: 4779.1790 | Path: GPU-cuStateVec MPI-distributed (2 ranks)
Iter 0727 | Energy: -7.445194 | Delta: 1.87e-03 | M: 4809.1726 | Path: GPU-cuStateVec MPI-distributed (2 ranks)
Iter 0728 | Energy: -7.441884 | Delta: 3.31e-03 | M: 5048.3841 | Path: GPU-cuStateVec MPI-distributed (2 ranks)
Iter 0729 | Energy: -7.440326 | Delta: 1.56e-03 | M: 5091.0518 | Path: GPU-cuStateVec MPI-distributed (2 ranks)
Iter 0730 | Energy: -7.446169 | Delta: 5.84e-03 | M: 131.4056 | Path: GPU-cuStateVec MPI-distributed (2 ranks)
[RESILIENCE] Iteration 730: Global theta state checkpointed at path checkpoints/LiH/checkpoint_iter_0730.npy. 
Iter 0731 | Energy: -7.443565 | Delta: 2.60e-03 | M: 153.1384 | Path: GPU-cuStateVec MPI-distributed (2 ranks)
Iter 0732 | Energy: -7.447769 | Delta: 4.20e-03 | M: 4991.7446 | Path: GPU-cuStateVec MPI-distributed (2 ranks)
Iter 0733 | Energy: -7.449210 | Delta: 1.44e-03 | M: 4799.8474 | Path: GPU-cuStateVec MPI-distributed (2 ranks)
Iter 0734 | Energy: -7.457065 | Delta: 7.86e-03 | M: 4839.0741 | Path: GPU-cuStateVec MPI-distributed (2 ranks)
Iter 0735 | Energy: -7.456345 | Delta: 7.21e-04 | M: 4939.3325 | Path: GPU-cuStateVec MPI-distributed (2 ranks)
[RESILIENCE] Iteration 735: Global theta state checkpointed at path checkpoints/LiH/checkpoint_iter_0735.npy. 
Iter 0736 | Energy: -7.457426 | Delta: 1.08e-03 | M: 4940.1205 | Path: GPU-cuStateVec MPI-distributed (2 ranks)
Iter 0737 | Energy: -7.460978 | Delta: 3.55e-03 | M: 4349.6941 | Path: GPU-cuStateVec MPI-distributed (2 ranks)
Iter 0738 | Energy: -7.464599 | Delta: 3.62e-03 | M: 4875.7134 | Path: GPU-cuStateVec MPI-distributed (2 ranks)
Iter 0739 | Energy: -7.461275 | Delta: 3.32e-03 | M: 4774.4935 | Path: GPU-cuStateVec MPI-distributed (2 ranks)
Iter 0740 | Energy: -7.476208 | Delta: 1.49e-02 | M: 1560.6375 | Path: GPU-cuStateVec MPI-distributed (2 ranks)
[RESILIENCE] Iteration 740: Global theta state checkpointed at path checkpoints/LiH/checkpoint_iter_0740.npy. 
Iter 0741 | Energy: -7.467001 | Delta: 9.21e-03 | M: 4823.1101 | Path: GPU-cuStateVec MPI-distributed (2 ranks)
Iter 0742 | Energy: -7.465800 | Delta: 1.20e-03 | M: 4706.9065 | Path: GPU-cuStateVec MPI-distributed (2 ranks)
Iter 0743 | Energy: -7.469102 | Delta: 3.30e-03 | M: 4775.8992 | Path: GPU-cuStateVec MPI-distributed (2 ranks)
Iter 0744 | Energy: -7.468961 | Delta: 1.41e-04 | M: 4855.5709 | Path: GPU-cuStateVec MPI-distributed (2 ranks)
Iter 0745 | Energy: -7.473742 | Delta: 4.78e-03 | M: 5028.3234 | Path: GPU-cuStateVec MPI-distributed (2 ranks)
[RESILIENCE] Iteration 745: Global theta state checkpointed at path checkpoints/LiH/checkpoint_iter_0745.npy. 
Iter 0746 | Energy: -7.476260 | Delta: 2.52e-03 | M: 4687.2748 | Path: GPU-cuStateVec MPI-distributed (2 ranks)
Iter 0747 | Energy: -7.478885 | Delta: 2.63e-03 | M: 5083.8183 | Path: GPU-cuStateVec MPI-distributed (2 ranks)
Iter 0748 | Energy: -7.474779 | Delta: 4.11e-03 | M: 4960.2338 | Path: GPU-cuStateVec MPI-distributed (2 ranks)
Iter 0749 | Energy: -7.481669 | Delta: 6.89e-03 | M: 117.6509 | Path: GPU-cuStateVec MPI-distributed (2 ranks)
Iter 0750 | Energy: -7.476764 | Delta: 4.90e-03 | M: 5068.9786 | Path: GPU-cuStateVec MPI-distributed (2 ranks)
[RESILIENCE] Iteration 750: Global theta state checkpointed at path checkpoints/LiH/checkpoint_iter_0750.npy. 
Iter 0751 | Energy: -7.482929 | Delta: 6.16e-03 | M: 109.8281 | Path: GPU-cuStateVec MPI-distributed (2 ranks)
Iter 0752 | Energy: -7.475013 | Delta: 7.92e-03 | M: 109.4268 | Path: GPU-cuStateVec MPI-distributed (2 ranks)
Iter 0753 | Energy: -7.491314 | Delta: 1.63e-02 | M: 117.2464 | Path: GPU-cuStateVec MPI-distributed (2 ranks)
Iter 0754 | Energy: -7.493324 | Delta: 2.01e-03 | M: 120.0372 | Path: GPU-cuStateVec MPI-distributed (2 ranks)
Iter 0755 | Energy: -7.493523 | Delta: 1.99e-04 | M: 5085.0656 | Path: GPU-cuStateVec MPI-distributed (2 ranks)
[RESILIENCE] Iteration 755: Global theta state checkpointed at path checkpoints/LiH/checkpoint_iter_0755.npy. 
Iter 0756 | Energy: -7.496945 | Delta: 3.42e-03 | M: 102.6781 | Path: GPU-cuStateVec MPI-distributed (2 ranks)
Iter 0757 | Energy: -7.494674 | Delta: 2.27e-03 | M: 4965.0274 | Path: GPU-cuStateVec MPI-distributed (2 ranks)
Iter 0758 | Energy: -7.500756 | Delta: 6.08e-03 | M: 5046.6471 | Path: GPU-cuStateVec MPI-distributed (2 ranks)
Iter 0759 | Energy: -7.502092 | Delta: 1.34e-03 | M: 4914.6792 | Path: GPU-cuStateVec MPI-distributed (2 ranks)
Iter 0760 | Energy: -7.510160 | Delta: 8.07e-03 | M: 5150.4621 | Path: GPU-cuStateVec MPI-distributed (2 ranks)
[RESILIENCE] Iteration 760: Global theta state checkpointed at path checkpoints/LiH/checkpoint_iter_0760.npy. 
Iter 0761 | Energy: -7.502959 | Delta: 7.20e-03 | M: 119.3034 | Path: GPU-cuStateVec MPI-distributed (2 ranks)
Iter 0762 | Energy: -7.505018 | Delta: 2.06e-03 | M: 124.8061 | Path: GPU-cuStateVec MPI-distributed (2 ranks)
Iter 0763 | Energy: -7.512826 | Delta: 7.81e-03 | M: 5014.7906 | Path: GPU-cuStateVec MPI-distributed (2 ranks)
Iter 0764 | Energy: -7.518845 | Delta: 6.02e-03 | M: 1.0754 | Path: GPU-cuStateVec MPI-distributed (2 ranks)
Iter 0765 | Energy: -7.528467 | Delta: 9.62e-03 | M: 4436.9707 | Path: GPU-cuStateVec MPI-distributed (2 ranks)
[RESILIENCE] Iteration 765: Global theta state checkpointed at path checkpoints/LiH/checkpoint_iter_0765.npy. 
Iter 0766 | Energy: -7.528724 | Delta: 2.57e-04 | M: 146.1228 | Path: GPU-cuStateVec MPI-distributed (2 ranks)
Iter 0767 | Energy: -7.535750 | Delta: 7.03e-03 | M: 4809.9940 | Path: GPU-cuStateVec MPI-distributed (2 ranks)
Iter 0768 | Energy: -7.546284 | Delta: 1.05e-02 | M: 3569.6082 | Path: GPU-cuStateVec MPI-distributed (2 ranks)

[LiH] Ansatz tier:hwe_adaptive
[LiH] Corr score: 0.502 
[LiH] Final energy: -7.546284 Ha 
[LiH] Reference FCI : -7.882472 Ha 
[LiH] Absolute error: +0.3362 Ha 
[LiH] Iterations run: 768 (best at iter 768)
[LiH] Wall time: 79.34s (includes QPU queue + RTT) 
[LiH] Time/iter: 0.10 s 
[LiH] Source: registry 
[LiH] Active electrons: 2 
[LiH] Estimated qubits: 10 
[LiH] Note: Frozen 2 core electrons. Active space: 2 electrons, 10 qubits 


--- RUNNING CHEMISTRY TASK BeH2 ---
[Resolver] 'BeH2' found in local registry 
[Chemistry:BeH2] 666 Pauli terms, 14 qubits, 112 params, reps=2. FCI reference: -15.5951 Ha 
[Ansatz] HWE (adaptive) (auto) | corr_score=0.501 | off_diag_ratio=0.004
[Reason] score=0.501 in [0.25, 0.55). Moderate correlation (off_diag_ratio=0.004, zz_frac=0.977). Adaptive HWE with full entanglement recommended.
Iter 0001 | Energy: -0.975403 | Delta: inf | M: 6443.0542 | Path: GPU-cuStateVec MPI-distributed (2 ranks)
Iter 0002 | Energy: -0.895111 | Delta: 8.03e-02 | M: 6624.1189 | Path: GPU-cuStateVec MPI-distributed (2 ranks)
Iter 0003 | Energy: -0.846900 | Delta: 4.82e-02 | M: 9307.3970 | Path: GPU-cuStateVec MPI-distributed (2 ranks)
Iter 0004 | Energy: -0.926304 | Delta: 7.94e-02 | M: 8202.6250 | Path: GPU-cuStateVec MPI-distributed (2 ranks)
Iter 0005 | Energy: -1.007841 | Delta: 8.15e-02 | M: 7728.4862 | Path: GPU-cuStateVec MPI-distributed (2 ranks)
[RESILIENCE] Iteration 5: Global theta state checkpointed at path checkpoints/BeH2/checkpoint_iter_0005.npy. 
Iter 0006 | Energy: -1.169179 | Delta: 1.61e-01 | M: 9153.6989 | Path: GPU-cuStateVec MPI-distributed (2 ranks)
Iter 0007 | Energy: -1.400253 | Delta: 2.31e-01 | M: 7112.6372 | Path: GPU-cuStateVec MPI-distributed (2 ranks)
Iter 0008 | Energy: -1.377644 | Delta: 2.26e-02 | M: 8067.4311 | Path: GPU-cuStateVec MPI-distributed (2 ranks)
Iter 0009 | Energy: -1.365462 | Delta: 1.22e-02 | M: 8064.6374 | Path: GPU-cuStateVec MPI-distributed (2 ranks)
Iter 0010 | Energy: -1.454839 | Delta: 8.94e-02 | M: 10150.2690 | Path: GPU-cuStateVec MPI-distributed (2 ranks)
[RESILIENCE] Iteration 10: Global theta state checkpointed at path checkpoints/BeH2/checkpoint_iter_0010.npy. 
Iter 0011 | Energy: -1.627105 | Delta: 1.72e-01 | M: 7683.2699 | Path: GPU-cuStateVec MPI-distributed (2 ranks)
Iter 0012 | Energy: -1.660951 | Delta: 3.38e-02 | M: 9754.5674 | Path: GPU-cuStateVec MPI-distributed (2 ranks)
Iter 0013 | Energy: -1.822047 | Delta: 1.61e-01 | M: 7175.0796 | Path: GPU-cuStateVec MPI-distributed (2 ranks)
Iter 0014 | Energy: -1.991496 | Delta: 1.69e-01 | M: 6977.8652 | Path: GPU-cuStateVec MPI-distributed (2 ranks)
Iter 0015 | Energy: -2.107976 | Delta: 1.16e-01 | M: 7683.8487 | Path: GPU-cuStateVec MPI-distributed (2 ranks)
[RESILIENCE] Iteration 15: Global theta state checkpointed at path checkpoints/BeH2/checkpoint_iter_0015.npy. 
Iter 0016 | Energy: -2.101631 | Delta: 6.34e-03 | M: 10148.4878 | Path: GPU-cuStateVec MPI-distributed (2 ranks)
Iter 0017 | Energy: -2.086536 | Delta: 1.51e-02 | M: 8344.6148 | Path: GPU-cuStateVec MPI-distributed (2 ranks)
Iter 0018 | Energy: -2.105476 | Delta: 1.89e-02 | M: 8528.8499 | Path: GPU-cuStateVec MPI-distributed (2 ranks)
Iter 0019 | Energy: -2.836814 | Delta: 7.31e-01 | M: 8416.0692 | Path: GPU-cuStateVec MPI-distributed (2 ranks)
Iter 0020 | Energy: -2.823916 | Delta: 1.29e-02 | M: 8047.1088 | Path: GPU-cuStateVec MPI-distributed (2 ranks)
[RESILIENCE] Iteration 20: Global theta state checkpointed at path checkpoints/BeH2/checkpoint_iter_0020.npy. 
Iter 0021 | Energy: -3.453277 | Delta: 6.29e-01 | M: 8539.5902 | Path: GPU-cuStateVec MPI-distributed (2 ranks)
Iter 0022 | Energy: -3.519866 | Delta: 6.66e-02 | M: 9669.9059 | Path: GPU-cuStateVec MPI-distributed (2 ranks)
Iter 0023 | Energy: -3.708672 | Delta: 1.89e-01 | M: 8452.6337 | Path: GPU-cuStateVec MPI-distributed (2 ranks)
Iter 0024 | Energy: -3.753686 | Delta: 4.50e-02 | M: 9192.4485 | Path: GPU-cuStateVec MPI-distributed (2 ranks)
Iter 0025 | Energy: -4.488584 | Delta: 7.35e-01 | M: 7754.2751 | Path: GPU-cuStateVec MPI-distributed (2 ranks)
[RESILIENCE] Iteration 25: Global theta state checkpointed at path checkpoints/BeH2/checkpoint_iter_0025.npy. 
Iter 0026 | Energy: -4.645133 | Delta: 1.57e-01 | M: 8008.8961 | Path: GPU-cuStateVec MPI-distributed (2 ranks)
Iter 0027 | Energy: -4.780054 | Delta: 1.35e-01 | M: 8569.7715 | Path: GPU-cuStateVec MPI-distributed (2 ranks)
Iter 0028 | Energy: -4.877357 | Delta: 9.73e-02 | M: 8349.6753 | Path: GPU-cuStateVec MPI-distributed (2 ranks)
Iter 0029 | Energy: -5.277788 | Delta: 4.00e-01 | M: 7270.5591 | Path: GPU-cuStateVec MPI-distributed (2 ranks)
Iter 0030 | Energy: -5.697313 | Delta: 4.20e-01 | M: 7984.4766 | Path: GPU-cuStateVec MPI-distributed (2 ranks)
[RESILIENCE] Iteration 30: Global theta state checkpointed at path checkpoints/BeH2/checkpoint_iter_0030.npy. 
Iter 0031 | Energy: -6.077864 | Delta: 3.81e-01 | M: 8180.2312 | Path: GPU-cuStateVec MPI-distributed (2 ranks)
Iter 0032 | Energy: -6.301980 | Delta: 2.24e-01 | M: 36.9813 | Path: GPU-cuStateVec MPI-distributed (2 ranks)
Iter 0033 | Energy: -7.239587 | Delta: 9.38e-01 | M: 7862.6328 | Path: GPU-cuStateVec MPI-distributed (2 ranks)
Iter 0034 | Energy: -7.320763 | Delta: 8.12e-02 | M: 8025.8567 | Path: GPU-cuStateVec MPI-distributed (2 ranks)
Iter 0035 | Energy: -7.302083 | Delta: 1.87e-02 | M: 3.5079 | Path: GPU-cuStateVec MPI-distributed (2 ranks)
[RESILIENCE] Iteration 35: Global theta state checkpointed at path checkpoints/BeH2/checkpoint_iter_0035.npy. 
Iter 0036 | Energy: -7.568018 | Delta: 2.66e-01 | M: 8618.6848 | Path: GPU-cuStateVec MPI-distributed (2 ranks)
Iter 0037 | Energy: -7.743127 | Delta: 1.75e-01 | M: 7999.0948 | Path: GPU-cuStateVec MPI-distributed (2 ranks)
Iter 0038 | Energy: -7.806948 | Delta: 6.38e-02 | M: 9864.8420 | Path: GPU-cuStateVec MPI-distributed (2 ranks)
Iter 0039 | Energy: -7.934750 | Delta: 1.28e-01 | M: 7505.3142 | Path: GPU-cuStateVec MPI-distributed (2 ranks)
Iter 0040 | Energy: -7.940707 | Delta: 5.96e-03 | M: 7627.4997 | Path: GPU-cuStateVec MPI-distributed (2 ranks)
[RESILIENCE] Iteration 40: Global theta state checkpointed at path checkpoints/BeH2/checkpoint_iter_0040.npy. 
Iter 0041 | Energy: -8.158731 | Delta: 2.18e-01 | M: 8286.5016 | Path: GPU-cuStateVec MPI-distributed (2 ranks)
Iter 0042 | Energy: -8.160795 | Delta: 2.06e-03 | M: 44.3088 | Path: GPU-cuStateVec MPI-distributed (2 ranks)
Iter 0043 | Energy: -8.239337 | Delta: 7.85e-02 | M: 10030.6412 | Path: GPU-cuStateVec MPI-distributed (2 ranks)
Iter 0044 | Energy: -8.535254 | Delta: 2.96e-01 | M: 8822.3417 | Path: GPU-cuStateVec MPI-distributed (2 ranks)
Iter 0045 | Energy: -8.557481 | Delta: 2.22e-02 | M: 1.4176 | Path: GPU-cuStateVec MPI-distributed (2 ranks)
[RESILIENCE] Iteration 45: Global theta state checkpointed at path checkpoints/BeH2/checkpoint_iter_0045.npy. 
Iter 0046 | Energy: -8.596313 | Delta: 3.88e-02 | M: 6665.9264 | Path: GPU-cuStateVec MPI-distributed (2 ranks)
Iter 0047 | Energy: -8.618841 | Delta: 2.25e-02 | M: 6855.1502 | Path: GPU-cuStateVec MPI-distributed (2 ranks)
Iter 0048 | Energy: -8.649938 | Delta: 3.11e-02 | M: 7342.5115 | Path: GPU-cuStateVec MPI-distributed (2 ranks)
Iter 0049 | Energy: -8.717777 | Delta: 6.78e-02 | M: 86.6788 | Path: GPU-cuStateVec MPI-distributed (2 ranks)
Iter 0050 | Energy: -8.840375 | Delta: 1.23e-01 | M: 7804.9334 | Path: GPU-cuStateVec MPI-distributed (2 ranks)
[RESILIENCE] Iteration 50: Global theta state checkpointed at path checkpoints/BeH2/checkpoint_iter_0050.npy. 
Iter 0051 | Energy: -8.903111 | Delta: 6.27e-02 | M: 6633.1839 | Path: GPU-cuStateVec MPI-distributed (2 ranks)
Iter 0052 | Energy: -8.948470 | Delta: 4.54e-02 | M: 8274.3514 | Path: GPU-cuStateVec MPI-distributed (2 ranks)
Iter 0053 | Energy: -8.954184 | Delta: 5.71e-03 | M: 8553.6397 | Path: GPU-cuStateVec MPI-distributed (2 ranks)
Iter 0054 | Energy: -8.965291 | Delta: 1.11e-02 | M: 8421.1998 | Path: GPU-cuStateVec MPI-distributed (2 ranks)
Iter 0055 | Energy: -8.962166 | Delta: 3.13e-03 | M: 8004.9914 | Path: GPU-cuStateVec MPI-distributed (2 ranks)
[RESILIENCE] Iteration 55: Global theta state checkpointed at path checkpoints/BeH2/checkpoint_iter_0055.npy. 
Iter 0056 | Energy: -9.066210 | Delta: 1.04e-01 | M: 8557.9252 | Path: GPU-cuStateVec MPI-distributed (2 ranks)
Iter 0057 | Energy: -9.105061 | Delta: 3.89e-02 | M: 8217.3483 | Path: GPU-cuStateVec MPI-distributed (2 ranks)
Iter 0058 | Energy: -9.093234 | Delta: 1.18e-02 | M: 8295.0923 | Path: GPU-cuStateVec MPI-distributed (2 ranks)
Iter 0059 | Energy: -9.179873 | Delta: 8.66e-02 | M: 8250.6927 | Path: GPU-cuStateVec MPI-distributed (2 ranks)
Iter 0060 | Energy: -9.261334 | Delta: 8.15e-02 | M: 8037.1278 | Path: GPU-cuStateVec MPI-distributed (2 ranks)
[RESILIENCE] Iteration 60: Global theta state checkpointed at path checkpoints/BeH2/checkpoint_iter_0060.npy. 
Iter 0061 | Energy: -9.314997 | Delta: 5.37e-02 | M: 7045.7175 | Path: GPU-cuStateVec MPI-distributed (2 ranks)
Iter 0062 | Energy: -9.347220 | Delta: 3.22e-02 | M: 7882.0402 | Path: GPU-cuStateVec MPI-distributed (2 ranks)
Iter 0063 | Energy: -9.355557 | Delta: 8.34e-03 | M: 4213.9108 | Path: GPU-cuStateVec MPI-distributed (2 ranks)
Iter 0064 | Energy: -9.451928 | Delta: 9.64e-02 | M: 9383.5767 | Path: GPU-cuStateVec MPI-distributed (2 ranks)
Iter 0065 | Energy: -9.606824 | Delta: 1.55e-01 | M: 9637.8148 | Path: GPU-cuStateVec MPI-distributed (2 ranks)
[RESILIENCE] Iteration 65: Global theta state checkpointed at path checkpoints/BeH2/checkpoint_iter_0065.npy. 
Iter 0066 | Energy: -9.640133 | Delta: 3.33e-02 | M: 10563.3437 | Path: GPU-cuStateVec MPI-distributed (2 ranks)
Iter 0067 | Energy: -9.608463 | Delta: 3.17e-02 | M: 8051.1982 | Path: GPU-cuStateVec MPI-distributed (2 ranks)
Iter 0068 | Energy: -9.772234 | Delta: 1.64e-01 | M: 8082.2240 | Path: GPU-cuStateVec MPI-distributed (2 ranks)
Iter 0069 | Energy: -9.751396 | Delta: 2.08e-02 | M: 7664.7093 | Path: GPU-cuStateVec MPI-distributed (2 ranks)
Iter 0070 | Energy: -9.863667 | Delta: 1.12e-01 | M: 7604.5064 | Path: GPU-cuStateVec MPI-distributed (2 ranks)
[RESILIENCE] Iteration 70: Global theta state checkpointed at path checkpoints/BeH2/checkpoint_iter_0070.npy. 
Iter 0071 | Energy: -9.894339 | Delta: 3.07e-02 | M: 8896.8461 | Path: GPU-cuStateVec MPI-distributed (2 ranks)
Iter 0072 | Energy: -9.894036 | Delta: 3.03e-04 | M: 8697.0462 | Path: GPU-cuStateVec MPI-distributed (2 ranks)
Iter 0073 | Energy: -9.925375 | Delta: 3.13e-02 | M: 7179.9056 | Path: GPU-cuStateVec MPI-distributed (2 ranks)
Iter 0074 | Energy: -10.055608 | Delta: 1.30e-01 | M: 8702.2417 | Path: GPU-cuStateVec MPI-distributed (2 ranks)
Iter 0075 | Energy: -10.112966 | Delta: 5.74e-02 | M: 7797.2765 | Path: GPU-cuStateVec MPI-distributed (2 ranks)
[RESILIENCE] Iteration 75: Global theta state checkpointed at path checkpoints/BeH2/checkpoint_iter_0075.npy. 
Iter 0076 | Energy: -10.258070 | Delta: 1.45e-01 | M: 8650.2756 | Path: GPU-cuStateVec MPI-distributed (2 ranks)
Iter 0077 | Energy: -10.275136 | Delta: 1.71e-02 | M: 9783.3594 | Path: GPU-cuStateVec MPI-distributed (2 ranks)
Iter 0078 | Energy: -10.257009 | Delta: 1.81e-02 | M: 8463.4035 | Path: GPU-cuStateVec MPI-distributed (2 ranks)
Iter 0079 | Energy: -10.344232 | Delta: 8.72e-02 | M: 9950.2088 | Path: GPU-cuStateVec MPI-distributed (2 ranks)
Iter 0080 | Energy: -10.345926 | Delta: 1.69e-03 | M: 8810.2982 | Path: GPU-cuStateVec MPI-distributed (2 ranks)
[RESILIENCE] Iteration 80: Global theta state checkpointed at path checkpoints/BeH2/checkpoint_iter_0080.npy. 
Iter 0081 | Energy: -10.394710 | Delta: 4.88e-02 | M: 9115.2447 | Path: GPU-cuStateVec MPI-distributed (2 ranks)
Iter 0082 | Energy: -10.413019 | Delta: 1.83e-02 | M: 21.8069 | Path: GPU-cuStateVec MPI-distributed (2 ranks)
Iter 0083 | Energy: -10.524177 | Delta: 1.11e-01 | M: 7858.0172 | Path: GPU-cuStateVec MPI-distributed (2 ranks)
Iter 0084 | Energy: -10.514866 | Delta: 9.31e-03 | M: 8370.7339 | Path: GPU-cuStateVec MPI-distributed (2 ranks)
Iter 0085 | Energy: -10.558256 | Delta: 4.34e-02 | M: 10770.9114 | Path: GPU-cuStateVec MPI-distributed (2 ranks)
[RESILIENCE] Iteration 85: Global theta state checkpointed at path checkpoints/BeH2/checkpoint_iter_0085.npy. 
Iter 0086 | Energy: -10.599839 | Delta: 4.16e-02 | M: 8844.4600 | Path: GPU-cuStateVec MPI-distributed (2 ranks)
Iter 0087 | Energy: -10.704998 | Delta: 1.05e-01 | M: 8175.9135 | Path: GPU-cuStateVec MPI-distributed (2 ranks)
Iter 0088 | Energy: -10.689448 | Delta: 1.55e-02 | M: 7452.0990 | Path: GPU-cuStateVec MPI-distributed (2 ranks)
Iter 0089 | Energy: -10.771720 | Delta: 8.23e-02 | M: 8067.3362 | Path: GPU-cuStateVec MPI-distributed (2 ranks)
Iter 0090 | Energy: -10.830223 | Delta: 5.85e-02 | M: 7893.7387 | Path: GPU-cuStateVec MPI-distributed (2 ranks)
[RESILIENCE] Iteration 90: Global theta state checkpointed at path checkpoints/BeH2/checkpoint_iter_0090.npy. 
Iter 0091 | Energy: -10.975245 | Delta: 1.45e-01 | M: 8599.1759 | Path: GPU-cuStateVec MPI-distributed (2 ranks)
Iter 0092 | Energy: -10.999663 | Delta: 2.44e-02 | M: 10635.4983 | Path: GPU-cuStateVec MPI-distributed (2 ranks)
Iter 0093 | Energy: -10.980952 | Delta: 1.87e-02 | M: 8714.2509 | Path: GPU-cuStateVec MPI-distributed (2 ranks)
Iter 0094 | Energy: -10.977492 | Delta: 3.46e-03 | M: 8432.4186 | Path: GPU-cuStateVec MPI-distributed (2 ranks)
Iter 0095 | Energy: -10.998675 | Delta: 2.12e-02 | M: 8071.5525 | Path: GPU-cuStateVec MPI-distributed (2 ranks)
[RESILIENCE] Iteration 95: Global theta state checkpointed at path checkpoints/BeH2/checkpoint_iter_0095.npy. 
Iter 0096 | Energy: -11.071337 | Delta: 7.27e-02 | M: 8865.8447 | Path: GPU-cuStateVec MPI-distributed (2 ranks)
Iter 0097 | Energy: -11.228310 | Delta: 1.57e-01 | M: 8287.0189 | Path: GPU-cuStateVec MPI-distributed (2 ranks)
Iter 0098 | Energy: -11.271932 | Delta: 4.36e-02 | M: 1.4314 | Path: GPU-cuStateVec MPI-distributed (2 ranks)
Iter 0099 | Energy: -11.308531 | Delta: 3.66e-02 | M: 6534.6184 | Path: GPU-cuStateVec MPI-distributed (2 ranks)
Iter 0100 | Energy: -11.437423 | Delta: 1.29e-01 | M: 7573.4099 | Path: GPU-cuStateVec MPI-distributed (2 ranks)
[RESILIENCE] Iteration 100: Global theta state checkpointed at path checkpoints/BeH2/checkpoint_iter_0100.npy. 
Iter 0101 | Energy: -11.534418 | Delta: 9.70e-02 | M: 8506.6118 | Path: GPU-cuStateVec MPI-distributed (2 ranks)
Iter 0102 | Energy: -11.539159 | Delta: 4.74e-03 | M: 8533.9917 | Path: GPU-cuStateVec MPI-distributed (2 ranks)
Iter 0103 | Energy: -11.586120 | Delta: 4.70e-02 | M: 8717.2078 | Path: GPU-cuStateVec MPI-distributed (2 ranks)
Iter 0104 | Energy: -11.554233 | Delta: 3.19e-02 | M: 7873.9700 | Path: GPU-cuStateVec MPI-distributed (2 ranks)
Iter 0105 | Energy: -11.604698 | Delta: 5.05e-02 | M: 67.6775 | Path: GPU-cuStateVec MPI-distributed (2 ranks)
[RESILIENCE] Iteration 105: Global theta state checkpointed at path checkpoints/BeH2/checkpoint_iter_0105.npy. 
Iter 0106 | Energy: -11.682964 | Delta: 7.83e-02 | M: 8237.3761 | Path: GPU-cuStateVec MPI-distributed (2 ranks)
Iter 0107 | Energy: -11.784440 | Delta: 1.01e-01 | M: 8406.7325 | Path: GPU-cuStateVec MPI-distributed (2 ranks)
Iter 0108 | Energy: -11.780259 | Delta: 4.18e-03 | M: 7821.0263 | Path: GPU-cuStateVec MPI-distributed (2 ranks)
Iter 0109 | Energy: -11.831200 | Delta: 5.09e-02 | M: 97.9601 | Path: GPU-cuStateVec MPI-distributed (2 ranks)
Iter 0110 | Energy: -11.892599 | Delta: 6.14e-02 | M: 8196.3552 | Path: GPU-cuStateVec MPI-distributed (2 ranks)
[RESILIENCE] Iteration 110: Global theta state checkpointed at path checkpoints/BeH2/checkpoint_iter_0110.npy. 
Iter 0111 | Energy: -11.928181 | Delta: 3.56e-02 | M: 10609.2945 | Path: GPU-cuStateVec MPI-distributed (2 ranks)
Iter 0112 | Energy: -11.950667 | Delta: 2.25e-02 | M: 7404.6526 | Path: GPU-cuStateVec MPI-distributed (2 ranks)
Iter 0113 | Energy: -11.954497 | Delta: 3.83e-03 | M: 7572.9037 | Path: GPU-cuStateVec MPI-distributed (2 ranks)
Iter 0114 | Energy: -11.976928 | Delta: 2.24e-02 | M: 45974.4560 | Path: GPU-cuStateVec MPI-distributed (2 ranks)
Iter 0115 | Energy: -11.983137 | Delta: 6.21e-03 | M: 7598.8244 | Path: GPU-cuStateVec MPI-distributed (2 ranks)
[RESILIENCE] Iteration 115: Global theta state checkpointed at path checkpoints/BeH2/checkpoint_iter_0115.npy. 
Iter 0116 | Energy: -11.983155 | Delta: 1.86e-05 | M: 8201.7308 | Path: GPU-cuStateVec MPI-distributed (2 ranks)
Iter 0117 | Energy: -12.069478 | Delta: 8.63e-02 | M: 9319.6381 | Path: GPU-cuStateVec MPI-distributed (2 ranks)
Iter 0118 | Energy: -12.079802 | Delta: 1.03e-02 | M: 7233.1671 | Path: GPU-cuStateVec MPI-distributed (2 ranks)
Iter 0119 | Energy: -12.124233 | Delta: 4.44e-02 | M: 8530.0627 | Path: GPU-cuStateVec MPI-distributed (2 ranks)
Iter 0120 | Energy: -12.253612 | Delta: 1.29e-01 | M: 9248.1260 | Path: GPU-cuStateVec MPI-distributed (2 ranks)
[RESILIENCE] Iteration 120: Global theta state checkpointed at path checkpoints/BeH2/checkpoint_iter_0120.npy. 
Iter 0121 | Energy: -12.317648 | Delta: 6.40e-02 | M: 8096.7375 | Path: GPU-cuStateVec MPI-distributed (2 ranks)
Iter 0122 | Energy: -12.351764 | Delta: 3.41e-02 | M: 7990.5175 | Path: GPU-cuStateVec MPI-distributed (2 ranks)
Iter 0123 | Energy: -12.378976 | Delta: 2.72e-02 | M: 6843.0448 | Path: GPU-cuStateVec MPI-distributed (2 ranks)
Iter 0124 | Energy: -12.461354 | Delta: 8.24e-02 | M: 8206.2815 | Path: GPU-cuStateVec MPI-distributed (2 ranks)
Iter 0125 | Energy: -12.448448 | Delta: 1.29e-02 | M: 1.9427 | Path: GPU-cuStateVec MPI-distributed (2 ranks)
[RESILIENCE] Iteration 125: Global theta state checkpointed at path checkpoints/BeH2/checkpoint_iter_0125.npy. 
Iter 0126 | Energy: -12.538850 | Delta: 9.04e-02 | M: 6075.9550 | Path: GPU-cuStateVec MPI-distributed (2 ranks)
Iter 0127 | Energy: -12.594478 | Delta: 5.56e-02 | M: 7414.0488 | Path: GPU-cuStateVec MPI-distributed (2 ranks)
Iter 0128 | Energy: -12.628768 | Delta: 3.43e-02 | M: 9198.0861 | Path: GPU-cuStateVec MPI-distributed (2 ranks)
Iter 0129 | Energy: -12.642780 | Delta: 1.40e-02 | M: 9757.0937 | Path: GPU-cuStateVec MPI-distributed (2 ranks)
Iter 0130 | Energy: -12.634011 | Delta: 8.77e-03 | M: 7483.8490 | Path: GPU-cuStateVec MPI-distributed (2 ranks)
[RESILIENCE] Iteration 130: Global theta state checkpointed at path checkpoints/BeH2/checkpoint_iter_0130.npy. 
Iter 0131 | Energy: -12.713025 | Delta: 7.90e-02 | M: 7856.4251 | Path: GPU-cuStateVec MPI-distributed (2 ranks)
Iter 0132 | Energy: -12.736649 | Delta: 2.36e-02 | M: 68.8513 | Path: GPU-cuStateVec MPI-distributed (2 ranks)
Iter 0133 | Energy: -12.712627 | Delta: 2.40e-02 | M: 10165.7009 | Path: GPU-cuStateVec MPI-distributed (2 ranks)
Iter 0134 | Energy: -12.785227 | Delta: 7.26e-02 | M: 9733.4081 | Path: GPU-cuStateVec MPI-distributed (2 ranks)
Iter 0135 | Energy: -12.788693 | Delta: 3.47e-03 | M: 8058.7422 | Path: GPU-cuStateVec MPI-distributed (2 ranks)
[RESILIENCE] Iteration 135: Global theta state checkpointed at path checkpoints/BeH2/checkpoint_iter_0135.npy. 
Iter 0136 | Energy: -12.833494 | Delta: 4.48e-02 | M: 9217.3532 | Path: GPU-cuStateVec MPI-distributed (2 ranks)
Iter 0137 | Energy: -12.899151 | Delta: 6.57e-02 | M: 7844.6683 | Path: GPU-cuStateVec MPI-distributed (2 ranks)
Iter 0138 | Energy: -12.919466 | Delta: 2.03e-02 | M: 7759.7607 | Path: GPU-cuStateVec MPI-distributed (2 ranks)
Iter 0139 | Energy: -12.911212 | Delta: 8.25e-03 | M: 8128.5110 | Path: GPU-cuStateVec MPI-distributed (2 ranks)
Iter 0140 | Energy: -12.953385 | Delta: 4.22e-02 | M: 7965.2429 | Path: GPU-cuStateVec MPI-distributed (2 ranks)
[RESILIENCE] Iteration 140: Global theta state checkpointed at path checkpoints/BeH2/checkpoint_iter_0140.npy. 
Iter 0141 | Energy: -13.043472 | Delta: 9.01e-02 | M: 10511.5191 | Path: GPU-cuStateVec MPI-distributed (2 ranks)
Iter 0142 | Energy: -13.048355 | Delta: 4.88e-03 | M: 7645.0394 | Path: GPU-cuStateVec MPI-distributed (2 ranks)
Iter 0143 | Energy: -13.055720 | Delta: 7.37e-03 | M: 8108.1703 | Path: GPU-cuStateVec MPI-distributed (2 ranks)
Iter 0144 | Energy: -13.069395 | Delta: 1.37e-02 | M: 8192.0864 | Path: GPU-cuStateVec MPI-distributed (2 ranks)
Iter 0145 | Energy: -13.125489 | Delta: 5.61e-02 | M: 8254.6807 | Path: GPU-cuStateVec MPI-distributed (2 ranks)
[RESILIENCE] Iteration 145: Global theta state checkpointed at path checkpoints/BeH2/checkpoint_iter_0145.npy. 
Iter 0146 | Energy: -13.120300 | Delta: 5.19e-03 | M: 9334.3871 | Path: GPU-cuStateVec MPI-distributed (2 ranks)
Iter 0147 | Energy: -13.223162 | Delta: 1.03e-01 | M: 8658.8086 | Path: GPU-cuStateVec MPI-distributed (2 ranks)
Iter 0148 | Energy: -13.226914 | Delta: 3.75e-03 | M: 7757.7292 | Path: GPU-cuStateVec MPI-distributed (2 ranks)
Iter 0149 | Energy: -13.260571 | Delta: 3.37e-02 | M: 7311.3192 | Path: GPU-cuStateVec MPI-distributed (2 ranks)
Iter 0150 | Energy: -13.259455 | Delta: 1.12e-03 | M: 10564.2616 | Path: GPU-cuStateVec MPI-distributed (2 ranks)
[RESILIENCE] Iteration 150: Global theta state checkpointed at path checkpoints/BeH2/checkpoint_iter_0150.npy. 
Iter 0151 | Energy: -13.285825 | Delta: 2.64e-02 | M: 1.5045 | Path: GPU-cuStateVec MPI-distributed (2 ranks)
Iter 0152 | Energy: -13.317306 | Delta: 3.15e-02 | M: 5.0793 | Path: GPU-cuStateVec MPI-distributed (2 ranks)
Iter 0153 | Energy: -13.316959 | Delta: 3.47e-04 | M: 7273.7074 | Path: GPU-cuStateVec MPI-distributed (2 ranks)
Iter 0154 | Energy: -13.318731 | Delta: 1.77e-03 | M: 8112.7904 | Path: GPU-cuStateVec MPI-distributed (2 ranks)
Iter 0155 | Energy: -13.365630 | Delta: 4.69e-02 | M: 7539.6751 | Path: GPU-cuStateVec MPI-distributed (2 ranks)
[RESILIENCE] Iteration 155: Global theta state checkpointed at path checkpoints/BeH2/checkpoint_iter_0155.npy. 
Iter 0156 | Energy: -13.372205 | Delta: 6.57e-03 | M: 8016.7228 | Path: GPU-cuStateVec MPI-distributed (2 ranks)
Iter 0157 | Energy: -13.402228 | Delta: 3.00e-02 | M: 20773.3331 | Path: GPU-cuStateVec MPI-distributed (2 ranks)
Iter 0158 | Energy: -13.393590 | Delta: 8.64e-03 | M: 9407.5695 | Path: GPU-cuStateVec MPI-distributed (2 ranks)
Iter 0159 | Energy: -13.452793 | Delta: 5.92e-02 | M: 9990.9645 | Path: GPU-cuStateVec MPI-distributed (2 ranks)
Iter 0160 | Energy: -13.469219 | Delta: 1.64e-02 | M: 112.8175 | Path: GPU-cuStateVec MPI-distributed (2 ranks)
[RESILIENCE] Iteration 160: Global theta state checkpointed at path checkpoints/BeH2/checkpoint_iter_0160.npy. 
Iter 0161 | Energy: -13.489937 | Delta: 2.07e-02 | M: 8991.7736 | Path: GPU-cuStateVec MPI-distributed (2 ranks)
Iter 0162 | Energy: -13.512498 | Delta: 2.26e-02 | M: 10718.6367 | Path: GPU-cuStateVec MPI-distributed (2 ranks)
Iter 0163 | Energy: -13.547976 | Delta: 3.55e-02 | M: 8623.7107 | Path: GPU-cuStateVec MPI-distributed (2 ranks)
Iter 0164 | Energy: -13.553787 | Delta: 5.81e-03 | M: 8990.3983 | Path: GPU-cuStateVec MPI-distributed (2 ranks)
Iter 0165 | Energy: -13.601187 | Delta: 4.74e-02 | M: 7917.9647 | Path: GPU-cuStateVec MPI-distributed (2 ranks)
[RESILIENCE] Iteration 165: Global theta state checkpointed at path checkpoints/BeH2/checkpoint_iter_0165.npy. 
Iter 0166 | Energy: -13.653495 | Delta: 5.23e-02 | M: 7682.6630 | Path: GPU-cuStateVec MPI-distributed (2 ranks)
Iter 0167 | Energy: -13.666969 | Delta: 1.35e-02 | M: 8417.9780 | Path: GPU-cuStateVec MPI-distributed (2 ranks)
Iter 0168 | Energy: -13.790586 | Delta: 1.24e-01 | M: 7918.0423 | Path: GPU-cuStateVec MPI-distributed (2 ranks)
Iter 0169 | Energy: -13.819015 | Delta: 2.84e-02 | M: 8004.0645 | Path: GPU-cuStateVec MPI-distributed (2 ranks)
Iter 0170 | Energy: -13.850157 | Delta: 3.11e-02 | M: 7870.5483 | Path: GPU-cuStateVec MPI-distributed (2 ranks)
[RESILIENCE] Iteration 170: Global theta state checkpointed at path checkpoints/BeH2/checkpoint_iter_0170.npy. 
Iter 0171 | Energy: -13.857347 | Delta: 7.19e-03 | M: 9519.5665 | Path: GPU-cuStateVec MPI-distributed (2 ranks)
Iter 0172 | Energy: -13.859403 | Delta: 2.06e-03 | M: 9301.6851 | Path: GPU-cuStateVec MPI-distributed (2 ranks)
Iter 0173 | Energy: -13.881285 | Delta: 2.19e-02 | M: 8296.2459 | Path: GPU-cuStateVec MPI-distributed (2 ranks)
Iter 0174 | Energy: -13.879678 | Delta: 1.61e-03 | M: 7876.7171 | Path: GPU-cuStateVec MPI-distributed (2 ranks)
Iter 0175 | Energy: -13.882812 | Delta: 3.13e-03 | M: 7948.4068 | Path: GPU-cuStateVec MPI-distributed (2 ranks)
[RESILIENCE] Iteration 175: Global theta state checkpointed at path checkpoints/BeH2/checkpoint_iter_0175.npy. 
Iter 0176 | Energy: -13.918723 | Delta: 3.59e-02 | M: 9178.1354 | Path: GPU-cuStateVec MPI-distributed (2 ranks)
Iter 0177 | Energy: -13.927348 | Delta: 8.62e-03 | M: 7990.0361 | Path: GPU-cuStateVec MPI-distributed (2 ranks)
Iter 0178 | Energy: -14.017196 | Delta: 8.98e-02 | M: 8976.8281 | Path: GPU-cuStateVec MPI-distributed (2 ranks)
Iter 0179 | Energy: -14.021711 | Delta: 4.51e-03 | M: 8377.6616 | Path: GPU-cuStateVec MPI-distributed (2 ranks)
Iter 0180 | Energy: -14.037493 | Delta: 1.58e-02 | M: 8267.7427 | Path: GPU-cuStateVec MPI-distributed (2 ranks)
[RESILIENCE] Iteration 180: Global theta state checkpointed at path checkpoints/BeH2/checkpoint_iter_0180.npy. 
Iter 0181 | Energy: -14.057984 | Delta: 2.05e-02 | M: 8568.2945 | Path: GPU-cuStateVec MPI-distributed (2 ranks)
Iter 0182 | Energy: -14.132313 | Delta: 7.43e-02 | M: 7137.6720 | Path: GPU-cuStateVec MPI-distributed (2 ranks)
Iter 0183 | Energy: -14.117536 | Delta: 1.48e-02 | M: 6945.9849 | Path: GPU-cuStateVec MPI-distributed (2 ranks)
Iter 0184 | Energy: -14.147736 | Delta: 3.02e-02 | M: 7135.0700 | Path: GPU-cuStateVec MPI-distributed (2 ranks)
Iter 0185 | Energy: -14.148515 | Delta: 7.79e-04 | M: 9337.9249 | Path: GPU-cuStateVec MPI-distributed (2 ranks)
[RESILIENCE] Iteration 185: Global theta state checkpointed at path checkpoints/BeH2/checkpoint_iter_0185.npy. 
Iter 0186 | Energy: -14.224669 | Delta: 7.62e-02 | M: 10358.4510 | Path: GPU-cuStateVec MPI-distributed (2 ranks)
Iter 0187 | Energy: -14.220482 | Delta: 4.19e-03 | M: 7895.5600 | Path: GPU-cuStateVec MPI-distributed (2 ranks)
Iter 0188 | Energy: -14.260343 | Delta: 3.99e-02 | M: 8224.7494 | Path: GPU-cuStateVec MPI-distributed (2 ranks)
Iter 0189 | Energy: -14.274559 | Delta: 1.42e-02 | M: 9015.2389 | Path: GPU-cuStateVec MPI-distributed (2 ranks)
Iter 0190 | Energy: -14.335203 | Delta: 6.06e-02 | M: 9367.8610 | Path: GPU-cuStateVec MPI-distributed (2 ranks)
[RESILIENCE] Iteration 190: Global theta state checkpointed at path checkpoints/BeH2/checkpoint_iter_0190.npy. 
Iter 0191 | Energy: -14.358658 | Delta: 2.35e-02 | M: 8019.3622 | Path: GPU-cuStateVec MPI-distributed (2 ranks)
Iter 0192 | Energy: -14.369634 | Delta: 1.10e-02 | M: 9456.0332 | Path: GPU-cuStateVec MPI-distributed (2 ranks)
Iter 0193 | Energy: -14.392324 | Delta: 2.27e-02 | M: 7999.6361 | Path: GPU-cuStateVec MPI-distributed (2 ranks)
Iter 0194 | Energy: -14.384471 | Delta: 7.85e-03 | M: 8182.4925 | Path: GPU-cuStateVec MPI-distributed (2 ranks)
Iter 0195 | Energy: -14.397263 | Delta: 1.28e-02 | M: 8832.5782 | Path: GPU-cuStateVec MPI-distributed (2 ranks)
[RESILIENCE] Iteration 195: Global theta state checkpointed at path checkpoints/BeH2/checkpoint_iter_0195.npy. 
Iter 0196 | Energy: -14.406685 | Delta: 9.42e-03 | M: 9007.1956 | Path: GPU-cuStateVec MPI-distributed (2 ranks)
Iter 0197 | Energy: -14.453960 | Delta: 4.73e-02 | M: 7812.4207 | Path: GPU-cuStateVec MPI-distributed (2 ranks)
Iter 0198 | Energy: -14.450843 | Delta: 3.12e-03 | M: 9716.0274 | Path: GPU-cuStateVec MPI-distributed (2 ranks)
Iter 0199 | Energy: -14.521642 | Delta: 7.08e-02 | M: 8071.4788 | Path: GPU-cuStateVec MPI-distributed (2 ranks)
Iter 0200 | Energy: -14.539203 | Delta: 1.76e-02 | M: 7855.5350 | Path: GPU-cuStateVec MPI-distributed (2 ranks)
[RESILIENCE] Iteration 200: Global theta state checkpointed at path checkpoints/BeH2/checkpoint_iter_0200.npy. 
Iter 0201 | Energy: -14.579852 | Delta: 4.06e-02 | M: 8655.8341 | Path: GPU-cuStateVec MPI-distributed (2 ranks)
Iter 0202 | Energy: -14.552191 | Delta: 2.77e-02 | M: 8075.2866 | Path: GPU-cuStateVec MPI-distributed (2 ranks)
Iter 0203 | Energy: -14.577567 | Delta: 2.54e-02 | M: 8400.9353 | Path: GPU-cuStateVec MPI-distributed (2 ranks)
Iter 0204 | Energy: -14.565570 | Delta: 1.20e-02 | M: 1.8630 | Path: GPU-cuStateVec MPI-distributed (2 ranks)
Iter 0205 | Energy: -14.589981 | Delta: 2.44e-02 | M: 6747.1963 | Path: GPU-cuStateVec MPI-distributed (2 ranks)
[RESILIENCE] Iteration 205: Global theta state checkpointed at path checkpoints/BeH2/checkpoint_iter_0205.npy. 
Iter 0206 | Energy: -14.625146 | Delta: 3.52e-02 | M: 8272.1076 | Path: GPU-cuStateVec MPI-distributed (2 ranks)
Iter 0207 | Energy: -14.632323 | Delta: 7.18e-03 | M: 7669.6114 | Path: GPU-cuStateVec MPI-distributed (2 ranks)
Iter 0208 | Energy: -14.725937 | Delta: 9.36e-02 | M: 8334.5026 | Path: GPU-cuStateVec MPI-distributed (2 ranks)
Iter 0209 | Energy: -14.713257 | Delta: 1.27e-02 | M: 8018.3993 | Path: GPU-cuStateVec MPI-distributed (2 ranks)
Iter 0210 | Energy: -14.730871 | Delta: 1.76e-02 | M: 7691.1840 | Path: GPU-cuStateVec MPI-distributed (2 ranks)
[RESILIENCE] Iteration 210: Global theta state checkpointed at path checkpoints/BeH2/checkpoint_iter_0210.npy. 
Iter 0211 | Energy: -14.737500 | Delta: 6.63e-03 | M: 8263.9477 | Path: GPU-cuStateVec MPI-distributed (2 ranks)
Iter 0212 | Energy: -14.735748 | Delta: 1.75e-03 | M: 8295.8063 | Path: GPU-cuStateVec MPI-distributed (2 ranks)
Iter 0213 | Energy: -14.732867 | Delta: 2.88e-03 | M: 2.0466 | Path: GPU-cuStateVec MPI-distributed (2 ranks)
Iter 0214 | Energy: -14.763193 | Delta: 3.03e-02 | M: 6140.7604 | Path: GPU-cuStateVec MPI-distributed (2 ranks)
Iter 0215 | Energy: -14.762449 | Delta: 7.44e-04 | M: 10314.3043 | Path: GPU-cuStateVec MPI-distributed (2 ranks)
[RESILIENCE] Iteration 215: Global theta state checkpointed at path checkpoints/BeH2/checkpoint_iter_0215.npy. 
Iter 0216 | Energy: -14.826207 | Delta: 6.38e-02 | M: 8547.7375 | Path: GPU-cuStateVec MPI-distributed (2 ranks)
Iter 0217 | Energy: -14.859591 | Delta: 3.34e-02 | M: 9525.7583 | Path: GPU-cuStateVec MPI-distributed (2 ranks)
Iter 0218 | Energy: -14.885144 | Delta: 2.56e-02 | M: 8275.1762 | Path: GPU-cuStateVec MPI-distributed (2 ranks)
Iter 0219 | Energy: -14.903150 | Delta: 1.80e-02 | M: 7446.2943 | Path: GPU-cuStateVec MPI-distributed (2 ranks)
Iter 0220 | Energy: -14.886903 | Delta: 1.62e-02 | M: 67.4565 | Path: GPU-cuStateVec MPI-distributed (2 ranks)
[RESILIENCE] Iteration 220: Global theta state checkpointed at path checkpoints/BeH2/checkpoint_iter_0220.npy. 
Iter 0221 | Energy: -14.917867 | Delta: 3.10e-02 | M: 7476.3191 | Path: GPU-cuStateVec MPI-distributed (2 ranks)
Iter 0222 | Energy: -14.909775 | Delta: 8.09e-03 | M: 8136.5765 | Path: GPU-cuStateVec MPI-distributed (2 ranks)
Iter 0223 | Energy: -14.955236 | Delta: 4.55e-02 | M: 7241.0940 | Path: GPU-cuStateVec MPI-distributed (2 ranks)
Iter 0224 | Energy: -14.977084 | Delta: 2.18e-02 | M: 107.7275 | Path: GPU-cuStateVec MPI-distributed (2 ranks)
Iter 0225 | Energy: -14.994081 | Delta: 1.70e-02 | M: 9860.7836 | Path: GPU-cuStateVec MPI-distributed (2 ranks)
[RESILIENCE] Iteration 225: Global theta state checkpointed at path checkpoints/BeH2/checkpoint_iter_0225.npy. 
Iter 0226 | Energy: -15.007881 | Delta: 1.38e-02 | M: 8643.1027 | Path: GPU-cuStateVec MPI-distributed (2 ranks)
Iter 0227 | Energy: -15.018205 | Delta: 1.03e-02 | M: 7987.9542 | Path: GPU-cuStateVec MPI-distributed (2 ranks)
Iter 0228 | Energy: -15.016859 | Delta: 1.35e-03 | M: 7711.1143 | Path: GPU-cuStateVec MPI-distributed (2 ranks)
Iter 0229 | Energy: -15.045189 | Delta: 2.83e-02 | M: 7633.3573 | Path: GPU-cuStateVec MPI-distributed (2 ranks)
Iter 0230 | Energy: -15.032734 | Delta: 1.25e-02 | M: 7430.8911 | Path: GPU-cuStateVec MPI-distributed (2 ranks)
[RESILIENCE] Iteration 230: Global theta state checkpointed at path checkpoints/BeH2/checkpoint_iter_0230.npy. 
Iter 0231 | Energy: -15.044886 | Delta: 1.22e-02 | M: 188.8636 | Path: GPU-cuStateVec MPI-distributed (2 ranks)
Iter 0232 | Energy: -15.069872 | Delta: 2.50e-02 | M: 9766.2553 | Path: GPU-cuStateVec MPI-distributed (2 ranks)
Iter 0233 | Energy: -15.078229 | Delta: 8.36e-03 | M: 8228.8541 | Path: GPU-cuStateVec MPI-distributed (2 ranks)
Iter 0234 | Energy: -15.071912 | Delta: 6.32e-03 | M: 9656.4102 | Path: GPU-cuStateVec MPI-distributed (2 ranks)
Iter 0235 | Energy: -15.091418 | Delta: 1.95e-02 | M: 10475.3569 | Path: GPU-cuStateVec MPI-distributed (2 ranks)
[RESILIENCE] Iteration 235: Global theta state checkpointed at path checkpoints/BeH2/checkpoint_iter_0235.npy. 
Iter 0236 | Energy: -15.081214 | Delta: 1.02e-02 | M: 8142.3078 | Path: GPU-cuStateVec MPI-distributed (2 ranks)
Iter 0237 | Energy: -15.081065 | Delta: 1.49e-04 | M: 8871.9696 | Path: GPU-cuStateVec MPI-distributed (2 ranks)
Iter 0238 | Energy: -15.101889 | Delta: 2.08e-02 | M: 7967.0130 | Path: GPU-cuStateVec MPI-distributed (2 ranks)
Iter 0239 | Energy: -15.112075 | Delta: 1.02e-02 | M: 8059.1726 | Path: GPU-cuStateVec MPI-distributed (2 ranks)
Iter 0240 | Energy: -15.118481 | Delta: 6.41e-03 | M: 8180.2318 | Path: GPU-cuStateVec MPI-distributed (2 ranks)
[RESILIENCE] Iteration 240: Global theta state checkpointed at path checkpoints/BeH2/checkpoint_iter_0240.npy. 
Iter 0241 | Energy: -15.144530 | Delta: 2.60e-02 | M: 9051.9923 | Path: GPU-cuStateVec MPI-distributed (2 ranks)
Iter 0242 | Energy: -15.150673 | Delta: 6.14e-03 | M: 9989.9320 | Path: GPU-cuStateVec MPI-distributed (2 ranks)
Iter 0243 | Energy: -15.158195 | Delta: 7.52e-03 | M: 8356.9886 | Path: GPU-cuStateVec MPI-distributed (2 ranks)
Iter 0244 | Energy: -15.174414 | Delta: 1.62e-02 | M: 9494.0550 | Path: GPU-cuStateVec MPI-distributed (2 ranks)
Iter 0245 | Energy: -15.184018 | Delta: 9.60e-03 | M: 7968.4361 | Path: GPU-cuStateVec MPI-distributed (2 ranks)
[RESILIENCE] Iteration 245: Global theta state checkpointed at path checkpoints/BeH2/checkpoint_iter_0245.npy. 
Iter 0246 | Energy: -15.189069 | Delta: 5.05e-03 | M: 10633.9004 | Path: GPU-cuStateVec MPI-distributed (2 ranks)
Iter 0247 | Energy: -15.200235 | Delta: 1.12e-02 | M: 8440.1239 | Path: GPU-cuStateVec MPI-distributed (2 ranks)
Iter 0248 | Energy: -15.206764 | Delta: 6.53e-03 | M: 8339.7219 | Path: GPU-cuStateVec MPI-distributed (2 ranks)
Iter 0249 | Energy: -15.243219 | Delta: 3.65e-02 | M: 9626.6336 | Path: GPU-cuStateVec MPI-distributed (2 ranks)
Iter 0250 | Energy: -15.236443 | Delta: 6.78e-03 | M: 8268.3777 | Path: GPU-cuStateVec MPI-distributed (2 ranks)
[RESILIENCE] Iteration 250: Global theta state checkpointed at path checkpoints/BeH2/checkpoint_iter_0250.npy. 
Iter 0251 | Energy: -15.241431 | Delta: 4.99e-03 | M: 7984.4638 | Path: GPU-cuStateVec MPI-distributed (2 ranks)
Iter 0252 | Energy: -15.250363 | Delta: 8.93e-03 | M: 7956.0069 | Path: GPU-cuStateVec MPI-distributed (2 ranks)
Iter 0253 | Energy: -15.267846 | Delta: 1.75e-02 | M: 7529.5703 | Path: GPU-cuStateVec MPI-distributed (2 ranks)
Iter 0254 | Energy: -15.277267 | Delta: 9.42e-03 | M: 8635.2322 | Path: GPU-cuStateVec MPI-distributed (2 ranks)
Iter 0255 | Energy: -15.299337 | Delta: 2.21e-02 | M: 6219.2029 | Path: GPU-cuStateVec MPI-distributed (2 ranks)
[RESILIENCE] Iteration 255: Global theta state checkpointed at path checkpoints/BeH2/checkpoint_iter_0255.npy. 
Iter 0256 | Energy: -15.324314 | Delta: 2.50e-02 | M: 8983.1811 | Path: GPU-cuStateVec MPI-distributed (2 ranks)
Iter 0257 | Energy: -15.363836 | Delta: 3.95e-02 | M: 2.9130 | Path: GPU-cuStateVec MPI-distributed (2 ranks)
Iter 0258 | Energy: -15.421387 | Delta: 5.76e-02 | M: 6049.1045 | Path: GPU-cuStateVec MPI-distributed (2 ranks)
Iter 0259 | Energy: -15.443262 | Delta: 2.19e-02 | M: 109.8386 | Path: GPU-cuStateVec MPI-distributed (2 ranks)
Iter 0260 | Energy: -15.486203 | Delta: 4.29e-02 | M: 8049.3918 | Path: GPU-cuStateVec MPI-distributed (2 ranks)
[RESILIENCE] Iteration 260: Global theta state checkpointed at path checkpoints/BeH2/checkpoint_iter_0260.npy. 
Iter 0261 | Energy: -15.555709 | Delta: 6.95e-02 | M: 8079.8568 | Path: GPU-cuStateVec MPI-distributed (2 ranks)
NOTE: Energy -15.5995 crossed below FCI -15.5951 at iter 262 - HWE ansatz leaving physical sector (expected limitation)
Iter 0262 | Energy: -15.599460 | Delta: 4.38e-02 | M: 7484.6951 | Path: GPU-cuStateVec MPI-distributed (2 ranks)
Iter 0263 | Energy: -15.642305 | Delta: 4.28e-02 | M: 7954.8163 | Path: GPU-cuStateVec MPI-distributed (2 ranks)
Iter 0264 | Energy: -15.636667 | Delta: 5.64e-03 | M: 9580.0045 | Path: GPU-cuStateVec MPI-distributed (2 ranks)
Iter 0265 | Energy: -15.642155 | Delta: 5.49e-03 | M: 9556.2277 | Path: GPU-cuStateVec MPI-distributed (2 ranks)
[RESILIENCE] Iteration 265: Global theta state checkpointed at path checkpoints/BeH2/checkpoint_iter_0265.npy. 
Iter 0266 | Energy: -15.634960 | Delta: 7.19e-03 | M: 8163.8385 | Path: GPU-cuStateVec MPI-distributed (2 ranks)
Iter 0267 | Energy: -15.652533 | Delta: 1.76e-02 | M: 4.2626 | Path: GPU-cuStateVec MPI-distributed (2 ranks)
Iter 0268 | Energy: -15.678859 | Delta: 2.63e-02 | M: 9409.6333 | Path: GPU-cuStateVec MPI-distributed (2 ranks)
Iter 0269 | Energy: -15.678188 | Delta: 6.71e-04 | M: 7977.5925 | Path: GPU-cuStateVec MPI-distributed (2 ranks)
Iter 0270 | Energy: -15.676847 | Delta: 1.34e-03 | M: 8134.3725 | Path: GPU-cuStateVec MPI-distributed (2 ranks)
[RESILIENCE] Iteration 270: Global theta state checkpointed at path checkpoints/BeH2/checkpoint_iter_0270.npy. 
Iter 0271 | Energy: -15.732046 | Delta: 5.52e-02 | M: 8394.7221 | Path: GPU-cuStateVec MPI-distributed (2 ranks)
Iter 0272 | Energy: -15.743759 | Delta: 1.17e-02 | M: 7412.1269 | Path: GPU-cuStateVec MPI-distributed (2 ranks)
Iter 0273 | Energy: -15.736357 | Delta: 7.40e-03 | M: 9596.3988 | Path: GPU-cuStateVec MPI-distributed (2 ranks)
Iter 0274 | Energy: -15.744317 | Delta: 7.96e-03 | M: 8391.8149 | Path: GPU-cuStateVec MPI-distributed (2 ranks)
Iter 0275 | Energy: -15.759564 | Delta: 1.52e-02 | M: 8159.5901 | Path: GPU-cuStateVec MPI-distributed (2 ranks)
[RESILIENCE] Iteration 275: Global theta state checkpointed at path checkpoints/BeH2/checkpoint_iter_0275.npy. 
Iter 0276 | Energy: -15.771335 | Delta: 1.18e-02 | M: 8990.0530 | Path: GPU-cuStateVec MPI-distributed (2 ranks)
Iter 0277 | Energy: -15.788490 | Delta: 1.72e-02 | M: 8835.1603 | Path: GPU-cuStateVec MPI-distributed (2 ranks)
Iter 0278 | Energy: -15.797554 | Delta: 9.06e-03 | M: 9184.1333 | Path: GPU-cuStateVec MPI-distributed (2 ranks)
Iter 0279 | Energy: -15.807445 | Delta: 9.89e-03 | M: 7670.8411 | Path: GPU-cuStateVec MPI-distributed (2 ranks)
Iter 0280 | Energy: -15.820277 | Delta: 1.28e-02 | M: 7834.7224 | Path: GPU-cuStateVec MPI-distributed (2 ranks)
[RESILIENCE] Iteration 280: Global theta state checkpointed at path checkpoints/BeH2/checkpoint_iter_0280.npy. 
Iter 0281 | Energy: -15.815625 | Delta: 4.65e-03 | M: 11473.9153 | Path: GPU-cuStateVec MPI-distributed (2 ranks)
Iter 0282 | Energy: -15.826543 | Delta: 1.09e-02 | M: 8314.5991 | Path: GPU-cuStateVec MPI-distributed (2 ranks)
Iter 0283 | Energy: -15.833353 | Delta: 6.81e-03 | M: 10674.1663 | Path: GPU-cuStateVec MPI-distributed (2 ranks)
Iter 0284 | Energy: -15.830780 | Delta: 2.57e-03 | M: 10131.0185 | Path: GPU-cuStateVec MPI-distributed (2 ranks)
Iter 0285 | Energy: -15.850215 | Delta: 1.94e-02 | M: 10100.5883 | Path: GPU-cuStateVec MPI-distributed (2 ranks)
[RESILIENCE] Iteration 285: Global theta state checkpointed at path checkpoints/BeH2/checkpoint_iter_0285.npy. 
Iter 0286 | Energy: -15.839235 | Delta: 1.10e-02 | M: 8187.7391 | Path: GPU-cuStateVec MPI-distributed (2 ranks)
Iter 0287 | Energy: -15.868860 | Delta: 2.96e-02 | M: 9142.9642 | Path: GPU-cuStateVec MPI-distributed (2 ranks)
Iter 0288 | Energy: -15.863138 | Delta: 5.72e-03 | M: 8147.7805 | Path: GPU-cuStateVec MPI-distributed (2 ranks)
Iter 0289 | Energy: -15.870758 | Delta: 7.62e-03 | M: 8073.8307 | Path: GPU-cuStateVec MPI-distributed (2 ranks)
Iter 0290 | Energy: -15.880832 | Delta: 1.01e-02 | M: 9292.3519 | Path: GPU-cuStateVec MPI-distributed (2 ranks)
[RESILIENCE] Iteration 290: Global theta state checkpointed at path checkpoints/BeH2/checkpoint_iter_0290.npy. 
Iter 0291 | Energy: -15.882979 | Delta: 2.15e-03 | M: 10509.2312 | Path: GPU-cuStateVec MPI-distributed (2 ranks)
Iter 0292 | Energy: -15.887826 | Delta: 4.85e-03 | M: 12.9789 | Path: GPU-cuStateVec MPI-distributed (2 ranks)
Iter 0293 | Energy: -15.904290 | Delta: 1.65e-02 | M: 7768.6307 | Path: GPU-cuStateVec MPI-distributed (2 ranks)
Iter 0294 | Energy: -15.942633 | Delta: 3.83e-02 | M: 8302.3695 | Path: GPU-cuStateVec MPI-distributed (2 ranks)
Iter 0295 | Energy: -15.958976 | Delta: 1.63e-02 | M: 10176.2930 | Path: GPU-cuStateVec MPI-distributed (2 ranks)
[RESILIENCE] Iteration 295: Global theta state checkpointed at path checkpoints/BeH2/checkpoint_iter_0295.npy. 
Iter 0296 | Energy: -15.962774 | Delta: 3.80e-03 | M: 10264.9280 | Path: GPU-cuStateVec MPI-distributed (2 ranks)
Iter 0297 | Energy: -15.977507 | Delta: 1.47e-02 | M: 10742.8013 | Path: GPU-cuStateVec MPI-distributed (2 ranks)
Iter 0298 | Energy: -15.999764 | Delta: 2.23e-02 | M: 8835.9865 | Path: GPU-cuStateVec MPI-distributed (2 ranks)
Iter 0299 | Energy: -16.003927 | Delta: 4.16e-03 | M: 8205.7481 | Path: GPU-cuStateVec MPI-distributed (2 ranks)
Iter 0300 | Energy: -16.004836 | Delta: 9.10e-04 | M: 8853.9277 | Path: GPU-cuStateVec MPI-distributed (2 ranks)
[RESILIENCE] Iteration 300: Global theta state checkpointed at path checkpoints/BeH2/checkpoint_iter_0300.npy. 
Iter 0301 | Energy: -15.989113 | Delta: 1.57e-02 | M: 8663.7740 | Path: GPU-cuStateVec MPI-distributed (2 ranks)
Iter 0302 | Energy: -16.007388 | Delta: 1.83e-02 | M: 9107.1085 | Path: GPU-cuStateVec MPI-distributed (2 ranks)
Iter 0303 | Energy: -16.035822 | Delta: 2.84e-02 | M: 8199.6298 | Path: GPU-cuStateVec MPI-distributed (2 ranks)
Iter 0304 | Energy: -16.022006 | Delta: 1.38e-02 | M: 7957.7327 | Path: GPU-cuStateVec MPI-distributed (2 ranks)
Iter 0305 | Energy: -16.019083 | Delta: 2.92e-03 | M: 9691.9172 | Path: GPU-cuStateVec MPI-distributed (2 ranks)
[RESILIENCE] Iteration 305: Global theta state checkpointed at path checkpoints/BeH2/checkpoint_iter_0305.npy. 
Iter 0306 | Energy: -16.021035 | Delta: 1.95e-03 | M: 8255.8080 | Path: GPU-cuStateVec MPI-distributed (2 ranks)
Iter 0307 | Energy: -16.022862 | Delta: 1.83e-03 | M: 3.4347 | Path: GPU-cuStateVec MPI-distributed (2 ranks)
Iter 0308 | Energy: -16.036091 | Delta: 1.32e-02 | M: 2.8938 | Path: GPU-cuStateVec MPI-distributed (2 ranks)
Iter 0309 | Energy: -16.030974 | Delta: 5.12e-03 | M: 8650.6267 | Path: GPU-cuStateVec MPI-distributed (2 ranks)
Iter 0310 | Energy: -16.061765 | Delta: 3.08e-02 | M: 2.0105 | Path: GPU-cuStateVec MPI-distributed (2 ranks)
[RESILIENCE] Iteration 310: Global theta state checkpointed at path checkpoints/BeH2/checkpoint_iter_0310.npy. 
Iter 0311 | Energy: -16.070057 | Delta: 8.29e-03 | M: 6083.2297 | Path: GPU-cuStateVec MPI-distributed (2 ranks)
Iter 0312 | Energy: -16.081349 | Delta: 1.13e-02 | M: 8452.3577 | Path: GPU-cuStateVec MPI-distributed (2 ranks)
Iter 0313 | Energy: -16.089108 | Delta: 7.76e-03 | M: 8932.1444 | Path: GPU-cuStateVec MPI-distributed (2 ranks)
Iter 0314 | Energy: -16.092014 | Delta: 2.91e-03 | M: 7355.9383 | Path: GPU-cuStateVec MPI-distributed (2 ranks)
Iter 0315 | Energy: -16.088538 | Delta: 3.48e-03 | M: 3.2263 | Path: GPU-cuStateVec MPI-distributed (2 ranks)
[RESILIENCE] Iteration 315: Global theta state checkpointed at path checkpoints/BeH2/checkpoint_iter_0315.npy. 
Iter 0316 | Energy: -16.083990 | Delta: 4.55e-03 | M: 9035.1742 | Path: GPU-cuStateVec MPI-distributed (2 ranks)
Iter 0317 | Energy: -16.188467 | Delta: 1.04e-01 | M: 8034.8776 | Path: GPU-cuStateVec MPI-distributed (2 ranks)
Iter 0318 | Energy: -16.198673 | Delta: 1.02e-02 | M: 7611.1003 | Path: GPU-cuStateVec MPI-distributed (2 ranks)
Iter 0319 | Energy: -16.190148 | Delta: 8.52e-03 | M: 7694.6359 | Path: GPU-cuStateVec MPI-distributed (2 ranks)
Iter 0320 | Energy: -16.184334 | Delta: 5.81e-03 | M: 10506.2321 | Path: GPU-cuStateVec MPI-distributed (2 ranks)
[RESILIENCE] Iteration 320: Global theta state checkpointed at path checkpoints/BeH2/checkpoint_iter_0320.npy. 
Iter 0321 | Energy: -16.210676 | Delta: 2.63e-02 | M: 8512.3329 | Path: GPU-cuStateVec MPI-distributed (2 ranks)
Iter 0322 | Energy: -16.210178 | Delta: 4.99e-04 | M: 8448.1721 | Path: GPU-cuStateVec MPI-distributed (2 ranks)
Iter 0323 | Energy: -16.250869 | Delta: 4.07e-02 | M: 23989.3687 | Path: GPU-cuStateVec MPI-distributed (2 ranks)
Iter 0324 | Energy: -16.258800 | Delta: 7.93e-03 | M: 7862.0562 | Path: GPU-cuStateVec MPI-distributed (2 ranks)
Iter 0325 | Energy: -16.258014 | Delta: 7.86e-04 | M: 7652.4631 | Path: GPU-cuStateVec MPI-distributed (2 ranks)
[RESILIENCE] Iteration 325: Global theta state checkpointed at path checkpoints/BeH2/checkpoint_iter_0325.npy. 
Iter 0326 | Energy: -16.262320 | Delta: 4.31e-03 | M: 8627.9714 | Path: GPU-cuStateVec MPI-distributed (2 ranks)
Iter 0327 | Energy: -16.258168 | Delta: 4.15e-03 | M: 9186.7573 | Path: GPU-cuStateVec MPI-distributed (2 ranks)
Iter 0328 | Energy: -16.269656 | Delta: 1.15e-02 | M: 7299.3174 | Path: GPU-cuStateVec MPI-distributed (2 ranks)
Iter 0329 | Energy: -16.265904 | Delta: 3.75e-03 | M: 8103.5758 | Path: GPU-cuStateVec MPI-distributed (2 ranks)
Iter 0330 | Energy: -16.273076 | Delta: 7.17e-03 | M: 8126.0631 | Path: GPU-cuStateVec MPI-distributed (2 ranks)
[RESILIENCE] Iteration 330: Global theta state checkpointed at path checkpoints/BeH2/checkpoint_iter_0330.npy. 
Iter 0331 | Energy: -16.266265 | Delta: 6.81e-03 | M: 9841.4887 | Path: GPU-cuStateVec MPI-distributed (2 ranks)
Iter 0332 | Energy: -16.273594 | Delta: 7.33e-03 | M: 6.0150 | Path: GPU-cuStateVec MPI-distributed (2 ranks)
Iter 0333 | Energy: -16.287207 | Delta: 1.36e-02 | M: 9910.6630 | Path: GPU-cuStateVec MPI-distributed (2 ranks)
Iter 0334 | Energy: -16.319937 | Delta: 3.27e-02 | M: 7761.7482 | Path: GPU-cuStateVec MPI-distributed (2 ranks)
Iter 0335 | Energy: -16.329844 | Delta: 9.91e-03 | M: 7697.6590 | Path: GPU-cuStateVec MPI-distributed (2 ranks)
[RESILIENCE] Iteration 335: Global theta state checkpointed at path checkpoints/BeH2/checkpoint_iter_0335.npy. 
Iter 0336 | Energy: -16.402007 | Delta: 7.22e-02 | M: 8634.3814 | Path: GPU-cuStateVec MPI-distributed (2 ranks)
Iter 0337 | Energy: -16.422140 | Delta: 2.01e-02 | M: 8520.9613 | Path: GPU-cuStateVec MPI-distributed (2 ranks)
Iter 0338 | Energy: -16.483275 | Delta: 6.11e-02 | M: 9957.6277 | Path: GPU-cuStateVec MPI-distributed (2 ranks)
Iter 0339 | Energy: -16.495230 | Delta: 1.20e-02 | M: 8477.3936 | Path: GPU-cuStateVec MPI-distributed (2 ranks)
Iter 0340 | Energy: -16.507754 | Delta: 1.25e-02 | M: 8158.2601 | Path: GPU-cuStateVec MPI-distributed (2 ranks)
[RESILIENCE] Iteration 340: Global theta state checkpointed at path checkpoints/BeH2/checkpoint_iter_0340.npy. 
Iter 0341 | Energy: -16.492060 | Delta: 1.57e-02 | M: 8052.4064 | Path: GPU-cuStateVec MPI-distributed (2 ranks)
Iter 0342 | Energy: -16.509894 | Delta: 1.78e-02 | M: 7941.9492 | Path: GPU-cuStateVec MPI-distributed (2 ranks)
Iter 0343 | Energy: -16.541265 | Delta: 3.14e-02 | M: 8929.1507 | Path: GPU-cuStateVec MPI-distributed (2 ranks)
Iter 0344 | Energy: -16.557121 | Delta: 1.59e-02 | M: 9448.4748 | Path: GPU-cuStateVec MPI-distributed (2 ranks)
Iter 0345 | Energy: -16.581800 | Delta: 2.47e-02 | M: 8727.1010 | Path: GPU-cuStateVec MPI-distributed (2 ranks)
[RESILIENCE] Iteration 345: Global theta state checkpointed at path checkpoints/BeH2/checkpoint_iter_0345.npy. 
Iter 0346 | Energy: -16.590883 | Delta: 9.08e-03 | M: 8017.9021 | Path: GPU-cuStateVec MPI-distributed (2 ranks)
Iter 0347 | Energy: -16.623691 | Delta: 3.28e-02 | M: 7610.5280 | Path: GPU-cuStateVec MPI-distributed (2 ranks)
Iter 0348 | Energy: -16.637198 | Delta: 1.35e-02 | M: 7527.7710 | Path: GPU-cuStateVec MPI-distributed (2 ranks)
Iter 0349 | Energy: -16.636424 | Delta: 7.74e-04 | M: 9687.6095 | Path: GPU-cuStateVec MPI-distributed (2 ranks)
Iter 0350 | Energy: -16.634430 | Delta: 1.99e-03 | M: 10519.5280 | Path: GPU-cuStateVec MPI-distributed (2 ranks)
[RESILIENCE] Iteration 350: Global theta state checkpointed at path checkpoints/BeH2/checkpoint_iter_0350.npy. 
Iter 0351 | Energy: -16.659546 | Delta: 2.51e-02 | M: 10604.8646 | Path: GPU-cuStateVec MPI-distributed (2 ranks)
Iter 0352 | Energy: -16.664420 | Delta: 4.87e-03 | M: 9997.5710 | Path: GPU-cuStateVec MPI-distributed (2 ranks)
Iter 0353 | Energy: -16.659827 | Delta: 4.59e-03 | M: 10466.4439 | Path: GPU-cuStateVec MPI-distributed (2 ranks)
Iter 0354 | Energy: -16.664312 | Delta: 4.49e-03 | M: 9969.5879 | Path: GPU-cuStateVec MPI-distributed (2 ranks)
Iter 0355 | Energy: -16.650074 | Delta: 1.42e-02 | M: 7258.1045 | Path: GPU-cuStateVec MPI-distributed (2 ranks)
[RESILIENCE] Iteration 355: Global theta state checkpointed at path checkpoints/BeH2/checkpoint_iter_0355.npy. 
Iter 0356 | Energy: -16.666071 | Delta: 1.60e-02 | M: 9583.1323 | Path: GPU-cuStateVec MPI-distributed (2 ranks)
Iter 0357 | Energy: -16.681003 | Delta: 1.49e-02 | M: 8877.9422 | Path: GPU-cuStateVec MPI-distributed (2 ranks)
Iter 0358 | Energy: -16.686931 | Delta: 5.93e-03 | M: 8410.3102 | Path: GPU-cuStateVec MPI-distributed (2 ranks)
Iter 0359 | Energy: -16.676513 | Delta: 1.04e-02 | M: 10393.0135 | Path: GPU-cuStateVec MPI-distributed (2 ranks)
Iter 0360 | Energy: -16.681742 | Delta: 5.23e-03 | M: 8484.0788 | Path: GPU-cuStateVec MPI-distributed (2 ranks)
[RESILIENCE] Iteration 360: Global theta state checkpointed at path checkpoints/BeH2/checkpoint_iter_0360.npy. 
Iter 0361 | Energy: -16.670000 | Delta: 1.17e-02 | M: 8451.7925 | Path: GPU-cuStateVec MPI-distributed (2 ranks)
Iter 0362 | Energy: -16.703056 | Delta: 3.31e-02 | M: 100.6408 | Path: GPU-cuStateVec MPI-distributed (2 ranks)
Iter 0363 | Energy: -16.736393 | Delta: 3.33e-02 | M: 3.0081 | Path: GPU-cuStateVec MPI-distributed (2 ranks)
Iter 0364 | Energy: -16.757353 | Delta: 2.10e-02 | M: 6906.7271 | Path: GPU-cuStateVec MPI-distributed (2 ranks)
Iter 0365 | Energy: -16.786285 | Delta: 2.89e-02 | M: 9080.4495 | Path: GPU-cuStateVec MPI-distributed (2 ranks)
[RESILIENCE] Iteration 365: Global theta state checkpointed at path checkpoints/BeH2/checkpoint_iter_0365.npy. 
Iter 0366 | Energy: -16.801600 | Delta: 1.53e-02 | M: 8163.2778 | Path: GPU-cuStateVec MPI-distributed (2 ranks)
Iter 0367 | Energy: -16.809724 | Delta: 8.12e-03 | M: 9285.2810 | Path: GPU-cuStateVec MPI-distributed (2 ranks)
Iter 0368 | Energy: -16.809282 | Delta: 4.42e-04 | M: 7940.8566 | Path: GPU-cuStateVec MPI-distributed (2 ranks)
Iter 0369 | Energy: -16.824692 | Delta: 1.54e-02 | M: 7535.9812 | Path: GPU-cuStateVec MPI-distributed (2 ranks)
Iter 0370 | Energy: -16.840899 | Delta: 1.62e-02 | M: 7608.1686 | Path: GPU-cuStateVec MPI-distributed (2 ranks)
[RESILIENCE] Iteration 370: Global theta state checkpointed at path checkpoints/BeH2/checkpoint_iter_0370.npy. 
Iter 0371 | Energy: -16.836370 | Delta: 4.53e-03 | M: 9496.1047 | Path: GPU-cuStateVec MPI-distributed (2 ranks)
Iter 0372 | Energy: -16.862506 | Delta: 2.61e-02 | M: 7270.1666 | Path: GPU-cuStateVec MPI-distributed (2 ranks)
Iter 0373 | Energy: -16.873101 | Delta: 1.06e-02 | M: 10053.7344 | Path: GPU-cuStateVec MPI-distributed (2 ranks)
Iter 0374 | Energy: -16.928369 | Delta: 5.53e-02 | M: 8940.6821 | Path: GPU-cuStateVec MPI-distributed (2 ranks)
Iter 0375 | Energy: -16.945501 | Delta: 1.71e-02 | M: 9262.7451 | Path: GPU-cuStateVec MPI-distributed (2 ranks)
[RESILIENCE] Iteration 375: Global theta state checkpointed at path checkpoints/BeH2/checkpoint_iter_0375.npy. 
Iter 0376 | Energy: -16.939694 | Delta: 5.81e-03 | M: 8559.3793 | Path: GPU-cuStateVec MPI-distributed (2 ranks)
Iter 0377 | Energy: -16.936229 | Delta: 3.46e-03 | M: 10265.9225 | Path: GPU-cuStateVec MPI-distributed (2 ranks)
Iter 0378 | Energy: -16.943255 | Delta: 7.03e-03 | M: 6397.4151 | Path: GPU-cuStateVec MPI-distributed (2 ranks)
Iter 0379 | Energy: -16.949812 | Delta: 6.56e-03 | M: 8404.3090 | Path: GPU-cuStateVec MPI-distributed (2 ranks)
Iter 0380 | Energy: -16.952050 | Delta: 2.24e-03 | M: 9680.2450 | Path: GPU-cuStateVec MPI-distributed (2 ranks)
[RESILIENCE] Iteration 380: Global theta state checkpointed at path checkpoints/BeH2/checkpoint_iter_0380.npy. 
Iter 0381 | Energy: -16.944479 | Delta: 7.57e-03 | M: 8497.2687 | Path: GPU-cuStateVec MPI-distributed (2 ranks)
Iter 0382 | Energy: -16.955072 | Delta: 1.06e-02 | M: 8108.0203 | Path: GPU-cuStateVec MPI-distributed (2 ranks)
Iter 0383 | Energy: -16.964589 | Delta: 9.52e-03 | M: 8059.7627 | Path: GPU-cuStateVec MPI-distributed (2 ranks)
Iter 0384 | Energy: -16.962478 | Delta: 2.11e-03 | M: 9649.0899 | Path: GPU-cuStateVec MPI-distributed (2 ranks)
Iter 0385 | Energy: -16.968551 | Delta: 6.07e-03 | M: 8382.5562 | Path: GPU-cuStateVec MPI-distributed (2 ranks)
[RESILIENCE] Iteration 385: Global theta state checkpointed at path checkpoints/BeH2/checkpoint_iter_0385.npy. 
Iter 0386 | Energy: -16.988718 | Delta: 2.02e-02 | M: 8893.3266 | Path: GPU-cuStateVec MPI-distributed (2 ranks)
Iter 0387 | Energy: -16.979170 | Delta: 9.55e-03 | M: 8316.8163 | Path: GPU-cuStateVec MPI-distributed (2 ranks)
Iter 0388 | Energy: -16.992484 | Delta: 1.33e-02 | M: 11044.0535 | Path: GPU-cuStateVec MPI-distributed (2 ranks)
Iter 0389 | Energy: -16.995805 | Delta: 3.32e-03 | M: 7912.5220 | Path: GPU-cuStateVec MPI-distributed (2 ranks)
Iter 0390 | Energy: -17.008710 | Delta: 1.29e-02 | M: 9248.3292 | Path: GPU-cuStateVec MPI-distributed (2 ranks)
[RESILIENCE] Iteration 390: Global theta state checkpointed at path checkpoints/BeH2/checkpoint_iter_0390.npy. 
Iter 0391 | Energy: -17.021549 | Delta: 1.28e-02 | M: 9944.8050 | Path: GPU-cuStateVec MPI-distributed (2 ranks)
Iter 0392 | Energy: -17.009511 | Delta: 1.20e-02 | M: 7963.8154 | Path: GPU-cuStateVec MPI-distributed (2 ranks)
Iter 0393 | Energy: -17.012687 | Delta: 3.18e-03 | M: 7942.2280 | Path: GPU-cuStateVec MPI-distributed (2 ranks)
Iter 0394 | Energy: -17.014069 | Delta: 1.38e-03 | M: 8588.6165 | Path: GPU-cuStateVec MPI-distributed (2 ranks)
Iter 0395 | Energy: -17.010223 | Delta: 3.85e-03 | M: 7080.8081 | Path: GPU-cuStateVec MPI-distributed (2 ranks)
[RESILIENCE] Iteration 395: Global theta state checkpointed at path checkpoints/BeH2/checkpoint_iter_0395.npy. 
Iter 0396 | Energy: -17.043289 | Delta: 3.31e-02 | M: 8110.0600 | Path: GPU-cuStateVec MPI-distributed (2 ranks)
Iter 0397 | Energy: -17.041780 | Delta: 1.51e-03 | M: 8558.0142 | Path: GPU-cuStateVec MPI-distributed (2 ranks)
Iter 0398 | Energy: -17.044688 | Delta: 2.91e-03 | M: 7863.8999 | Path: GPU-cuStateVec MPI-distributed (2 ranks)
Iter 0399 | Energy: -17.064522 | Delta: 1.98e-02 | M: 8220.1264 | Path: GPU-cuStateVec MPI-distributed (2 ranks)
Iter 0400 | Energy: -17.062177 | Delta: 2.34e-03 | M: 10313.8116 | Path: GPU-cuStateVec MPI-distributed (2 ranks)
[RESILIENCE] Iteration 400: Global theta state checkpointed at path checkpoints/BeH2/checkpoint_iter_0400.npy. 
Iter 0401 | Energy: -17.069390 | Delta: 7.21e-03 | M: 8607.1327 | Path: GPU-cuStateVec MPI-distributed (2 ranks)
Iter 0402 | Energy: -17.082139 | Delta: 1.27e-02 | M: 8476.8223 | Path: GPU-cuStateVec MPI-distributed (2 ranks)
Iter 0403 | Energy: -17.095517 | Delta: 1.34e-02 | M: 8029.1337 | Path: GPU-cuStateVec MPI-distributed (2 ranks)
Iter 0404 | Energy: -17.095685 | Delta: 1.68e-04 | M: 8513.0545 | Path: GPU-cuStateVec MPI-distributed (2 ranks)
Iter 0405 | Energy: -17.101382 | Delta: 5.70e-03 | M: 3.4039 | Path: GPU-cuStateVec MPI-distributed (2 ranks)
[RESILIENCE] Iteration 405: Global theta state checkpointed at path checkpoints/BeH2/checkpoint_iter_0405.npy. 
Iter 0406 | Energy: -17.120672 | Delta: 1.93e-02 | M: 4.5911 | Path: GPU-cuStateVec MPI-distributed (2 ranks)
Iter 0407 | Energy: -17.122051 | Delta: 1.38e-03 | M: 9560.7466 | Path: GPU-cuStateVec MPI-distributed (2 ranks)
Iter 0408 | Energy: -17.119730 | Delta: 2.32e-03 | M: 7.7093 | Path: GPU-cuStateVec MPI-distributed (2 ranks)
Iter 0409 | Energy: -17.140485 | Delta: 2.08e-02 | M: 9528.0502 | Path: GPU-cuStateVec MPI-distributed (2 ranks)
Iter 0410 | Energy: -17.118854 | Delta: 2.16e-02 | M: 8482.7817 | Path: GPU-cuStateVec MPI-distributed (2 ranks)
[RESILIENCE] Iteration 410: Global theta state checkpointed at path checkpoints/BeH2/checkpoint_iter_0410.npy. 
Iter 0411 | Energy: -17.126977 | Delta: 8.12e-03 | M: 8984.5912 | Path: GPU-cuStateVec MPI-distributed (2 ranks)
Iter 0412 | Energy: -17.137767 | Delta: 1.08e-02 | M: 8209.7971 | Path: GPU-cuStateVec MPI-distributed (2 ranks)
Iter 0413 | Energy: -17.139940 | Delta: 2.17e-03 | M: 7691.9367 | Path: GPU-cuStateVec MPI-distributed (2 ranks)
Iter 0414 | Energy: -17.165270 | Delta: 2.53e-02 | M: 29.9374 | Path: GPU-cuStateVec MPI-distributed (2 ranks)
Iter 0415 | Energy: -17.175076 | Delta: 9.81e-03 | M: 9138.1935 | Path: GPU-cuStateVec MPI-distributed (2 ranks)
[RESILIENCE] Iteration 415: Global theta state checkpointed at path checkpoints/BeH2/checkpoint_iter_0415.npy. 
Iter 0416 | Energy: -17.172179 | Delta: 2.90e-03 | M: 1.9783 | Path: GPU-cuStateVec MPI-distributed (2 ranks)
Iter 0417 | Energy: -17.173454 | Delta: 1.27e-03 | M: 6395.8050 | Path: GPU-cuStateVec MPI-distributed (2 ranks)
Iter 0418 | Energy: -17.166867 | Delta: 6.59e-03 | M: 7510.7340 | Path: GPU-cuStateVec MPI-distributed (2 ranks)
Iter 0419 | Energy: -17.183559 | Delta: 1.67e-02 | M: 8880.6567 | Path: GPU-cuStateVec MPI-distributed (2 ranks)
Iter 0420 | Energy: -17.181423 | Delta: 2.14e-03 | M: 7180.2916 | Path: GPU-cuStateVec MPI-distributed (2 ranks)
[RESILIENCE] Iteration 420: Global theta state checkpointed at path checkpoints/BeH2/checkpoint_iter_0420.npy. 
Iter 0421 | Energy: -17.171786 | Delta: 9.64e-03 | M: 8319.9024 | Path: GPU-cuStateVec MPI-distributed (2 ranks)
Iter 0422 | Energy: -17.193422 | Delta: 2.16e-02 | M: 6754.2131 | Path: GPU-cuStateVec MPI-distributed (2 ranks)
Iter 0423 | Energy: -17.201828 | Delta: 8.41e-03 | M: 7982.8953 | Path: GPU-cuStateVec MPI-distributed (2 ranks)
Iter 0424 | Energy: -17.205510 | Delta: 3.68e-03 | M: 8056.8851 | Path: GPU-cuStateVec MPI-distributed (2 ranks)
Iter 0425 | Energy: -17.237581 | Delta: 3.21e-02 | M: 110.8461 | Path: GPU-cuStateVec MPI-distributed (2 ranks)
[RESILIENCE] Iteration 425: Global theta state checkpointed at path checkpoints/BeH2/checkpoint_iter_0425.npy. 
Iter 0426 | Energy: -17.241979 | Delta: 4.40e-03 | M: 9630.3071 | Path: GPU-cuStateVec MPI-distributed (2 ranks)
Iter 0427 | Energy: -17.249382 | Delta: 7.40e-03 | M: 7444.5710 | Path: GPU-cuStateVec MPI-distributed (2 ranks)
Iter 0428 | Energy: -17.247288 | Delta: 2.09e-03 | M: 7677.7100 | Path: GPU-cuStateVec MPI-distributed (2 ranks)
Iter 0429 | Energy: -17.267770 | Delta: 2.05e-02 | M: 7154.4923 | Path: GPU-cuStateVec MPI-distributed (2 ranks)
Iter 0430 | Energy: -17.256266 | Delta: 1.15e-02 | M: 8164.0576 | Path: GPU-cuStateVec MPI-distributed (2 ranks)
[RESILIENCE] Iteration 430: Global theta state checkpointed at path checkpoints/BeH2/checkpoint_iter_0430.npy. 
Iter 0431 | Energy: -17.270421 | Delta: 1.42e-02 | M: 8811.0413 | Path: GPU-cuStateVec MPI-distributed (2 ranks)
Iter 0432 | Energy: -17.274820 | Delta: 4.40e-03 | M: 9804.2679 | Path: GPU-cuStateVec MPI-distributed (2 ranks)
Iter 0433 | Energy: -17.285319 | Delta: 1.05e-02 | M: 8225.4395 | Path: GPU-cuStateVec MPI-distributed (2 ranks)
Iter 0434 | Energy: -17.279284 | Delta: 6.04e-03 | M: 9322.0539 | Path: GPU-cuStateVec MPI-distributed (2 ranks)
Iter 0435 | Energy: -17.301458 | Delta: 2.22e-02 | M: 8245.2647 | Path: GPU-cuStateVec MPI-distributed (2 ranks)
[RESILIENCE] Iteration 435: Global theta state checkpointed at path checkpoints/BeH2/checkpoint_iter_0435.npy. 
Iter 0436 | Energy: -17.282740 | Delta: 1.87e-02 | M: 11004.6019 | Path: GPU-cuStateVec MPI-distributed (2 ranks)
Iter 0437 | Energy: -17.294005 | Delta: 1.13e-02 | M: 9531.7578 | Path: GPU-cuStateVec MPI-distributed (2 ranks)
Iter 0438 | Energy: -17.284311 | Delta: 9.69e-03 | M: 8077.5573 | Path: GPU-cuStateVec MPI-distributed (2 ranks)
Iter 0439 | Energy: -17.289380 | Delta: 5.07e-03 | M: 8757.9042 | Path: GPU-cuStateVec MPI-distributed (2 ranks)
Iter 0440 | Energy: -17.301485 | Delta: 1.21e-02 | M: 8969.0228 | Path: GPU-cuStateVec MPI-distributed (2 ranks)
[RESILIENCE] Iteration 440: Global theta state checkpointed at path checkpoints/BeH2/checkpoint_iter_0440.npy. 
Iter 0441 | Energy: -17.304062 | Delta: 2.58e-03 | M: 8326.1859 | Path: GPU-cuStateVec MPI-distributed (2 ranks)
Iter 0442 | Energy: -17.308596 | Delta: 4.53e-03 | M: 9244.8048 | Path: GPU-cuStateVec MPI-distributed (2 ranks)
Iter 0443 | Energy: -17.306442 | Delta: 2.15e-03 | M: 7976.7608 | Path: GPU-cuStateVec MPI-distributed (2 ranks)
Iter 0444 | Energy: -17.336739 | Delta: 3.03e-02 | M: 17.9807 | Path: GPU-cuStateVec MPI-distributed (2 ranks)
Iter 0445 | Energy: -17.330764 | Delta: 5.98e-03 | M: 59.6036 | Path: GPU-cuStateVec MPI-distributed (2 ranks)
[RESILIENCE] Iteration 445: Global theta state checkpointed at path checkpoints/BeH2/checkpoint_iter_0445.npy. 
Iter 0446 | Energy: -17.322177 | Delta: 8.59e-03 | M: 8856.4067 | Path: GPU-cuStateVec MPI-distributed (2 ranks)
Iter 0447 | Energy: -17.316672 | Delta: 5.50e-03 | M: 9260.5455 | Path: GPU-cuStateVec MPI-distributed (2 ranks)
Iter 0448 | Energy: -17.335022 | Delta: 1.84e-02 | M: 8439.6437 | Path: GPU-cuStateVec MPI-distributed (2 ranks)
Iter 0449 | Energy: -17.340839 | Delta: 5.82e-03 | M: 8087.1464 | Path: GPU-cuStateVec MPI-distributed (2 ranks)
Iter 0450 | Energy: -17.351713 | Delta: 1.09e-02 | M: 7588.7578 | Path: GPU-cuStateVec MPI-distributed (2 ranks)
[RESILIENCE] Iteration 450: Global theta state checkpointed at path checkpoints/BeH2/checkpoint_iter_0450.npy. 
Iter 0451 | Energy: -17.341685 | Delta: 1.00e-02 | M: 8507.0450 | Path: GPU-cuStateVec MPI-distributed (2 ranks)
Iter 0452 | Energy: -17.342404 | Delta: 7.18e-04 | M: 8746.8868 | Path: GPU-cuStateVec MPI-distributed (2 ranks)
Iter 0453 | Energy: -17.365128 | Delta: 2.27e-02 | M: 6140.8014 | Path: GPU-cuStateVec MPI-distributed (2 ranks)
Iter 0454 | Energy: -17.373258 | Delta: 8.13e-03 | M: 3.4516 | Path: GPU-cuStateVec MPI-distributed (2 ranks)
Iter 0455 | Energy: -17.364688 | Delta: 8.57e-03 | M: 7028.8567 | Path: GPU-cuStateVec MPI-distributed (2 ranks)
[RESILIENCE] Iteration 455: Global theta state checkpointed at path checkpoints/BeH2/checkpoint_iter_0455.npy. 
Iter 0456 | Energy: -17.366196 | Delta: 1.51e-03 | M: 8229.3587 | Path: GPU-cuStateVec MPI-distributed (2 ranks)
Iter 0457 | Energy: -17.380514 | Delta: 1.43e-02 | M: 23.8718 | Path: GPU-cuStateVec MPI-distributed (2 ranks)
Iter 0458 | Energy: -17.383754 | Delta: 3.24e-03 | M: 7808.0313 | Path: GPU-cuStateVec MPI-distributed (2 ranks)
Iter 0459 | Energy: -17.400509 | Delta: 1.68e-02 | M: 7949.8602 | Path: GPU-cuStateVec MPI-distributed (2 ranks)
Iter 0460 | Energy: -17.390176 | Delta: 1.03e-02 | M: 7500.9288 | Path: GPU-cuStateVec MPI-distributed (2 ranks)
[RESILIENCE] Iteration 460: Global theta state checkpointed at path checkpoints/BeH2/checkpoint_iter_0460.npy. 
Iter 0461 | Energy: -17.391987 | Delta: 1.81e-03 | M: 8644.0206 | Path: GPU-cuStateVec MPI-distributed (2 ranks)
Iter 0462 | Energy: -17.397762 | Delta: 5.77e-03 | M: 8713.4869 | Path: GPU-cuStateVec MPI-distributed (2 ranks)
Iter 0463 | Energy: -17.402897 | Delta: 5.13e-03 | M: 8440.0489 | Path: GPU-cuStateVec MPI-distributed (2 ranks)
Iter 0464 | Energy: -17.400246 | Delta: 2.65e-03 | M: 8689.0173 | Path: GPU-cuStateVec MPI-distributed (2 ranks)
Iter 0465 | Energy: -17.403152 | Delta: 2.91e-03 | M: 33.3641 | Path: GPU-cuStateVec MPI-distributed (2 ranks)
[RESILIENCE] Iteration 465: Global theta state checkpointed at path checkpoints/BeH2/checkpoint_iter_0465.npy. 
Iter 0466 | Energy: -17.413932 | Delta: 1.08e-02 | M: 8906.5457 | Path: GPU-cuStateVec MPI-distributed (2 ranks)
Iter 0467 | Energy: -17.414034 | Delta: 1.02e-04 | M: 9475.0594 | Path: GPU-cuStateVec MPI-distributed (2 ranks)
Iter 0468 | Energy: -17.413685 | Delta: 3.49e-04 | M: 7408.0552 | Path: GPU-cuStateVec MPI-distributed (2 ranks)
Iter 0469 | Energy: -17.414160 | Delta: 4.75e-04 | M: 2.1943 | Path: GPU-cuStateVec MPI-distributed (2 ranks)
Iter 0470 | Energy: -17.415994 | Delta: 1.83e-03 | M: 4.5238 | Path: GPU-cuStateVec MPI-distributed (2 ranks)
[RESILIENCE] Iteration 470: Global theta state checkpointed at path checkpoints/BeH2/checkpoint_iter_0470.npy. 
Iter 0471 | Energy: -17.416530 | Delta: 5.36e-04 | M: 7317.8025 | Path: GPU-cuStateVec MPI-distributed (2 ranks)
Iter 0472 | Energy: -17.410995 | Delta: 5.53e-03 | M: 2.0617 | Path: GPU-cuStateVec MPI-distributed (2 ranks)
Iter 0473 | Energy: -17.420537 | Delta: 9.54e-03 | M: 8697.0249 | Path: GPU-cuStateVec MPI-distributed (2 ranks)
Iter 0474 | Energy: -17.428543 | Delta: 8.01e-03 | M: 7709.0480 | Path: GPU-cuStateVec MPI-distributed (2 ranks)
Iter 0475 | Energy: -17.425486 | Delta: 3.06e-03 | M: 7458.1711 | Path: GPU-cuStateVec MPI-distributed (2 ranks)
[RESILIENCE] Iteration 475: Global theta state checkpointed at path checkpoints/BeH2/checkpoint_iter_0475.npy. 
Iter 0476 | Energy: -17.431650 | Delta: 6.16e-03 | M: 174.9668 | Path: GPU-cuStateVec MPI-distributed (2 ranks)
Iter 0477 | Energy: -17.439612 | Delta: 7.96e-03 | M: 8069.4753 | Path: GPU-cuStateVec MPI-distributed (2 ranks)
Iter 0478 | Energy: -17.434316 | Delta: 5.30e-03 | M: 7951.7750 | Path: GPU-cuStateVec MPI-distributed (2 ranks)
Iter 0479 | Energy: -17.442516 | Delta: 8.20e-03 | M: 7076.5683 | Path: GPU-cuStateVec MPI-distributed (2 ranks)
Iter 0480 | Energy: -17.444635 | Delta: 2.12e-03 | M: 7358.3533 | Path: GPU-cuStateVec MPI-distributed (2 ranks)
[RESILIENCE] Iteration 480: Global theta state checkpointed at path checkpoints/BeH2/checkpoint_iter_0480.npy. 
Iter 0481 | Energy: -17.437031 | Delta: 7.60e-03 | M: 9622.3732 | Path: GPU-cuStateVec MPI-distributed (2 ranks)
Iter 0482 | Energy: -17.454004 | Delta: 1.70e-02 | M: 7719.2899 | Path: GPU-cuStateVec MPI-distributed (2 ranks)
Iter 0483 | Energy: -17.452504 | Delta: 1.50e-03 | M: 7220.8400 | Path: GPU-cuStateVec MPI-distributed (2 ranks)
Iter 0484 | Energy: -17.454794 | Delta: 2.29e-03 | M: 7234.0823 | Path: GPU-cuStateVec MPI-distributed (2 ranks)
Iter 0485 | Energy: -17.461127 | Delta: 6.33e-03 | M: 7672.6100 | Path: GPU-cuStateVec MPI-distributed (2 ranks)
[RESILIENCE] Iteration 485: Global theta state checkpointed at path checkpoints/BeH2/checkpoint_iter_0485.npy. 
Iter 0486 | Energy: -17.456593 | Delta: 4.53e-03 | M: 8306.4072 | Path: GPU-cuStateVec MPI-distributed (2 ranks)
Iter 0487 | Energy: -17.467318 | Delta: 1.07e-02 | M: 214.7546 | Path: GPU-cuStateVec MPI-distributed (2 ranks)
Iter 0488 | Energy: -17.470162 | Delta: 2.84e-03 | M: 8155.8718 | Path: GPU-cuStateVec MPI-distributed (2 ranks)
Iter 0489 | Energy: -17.467359 | Delta: 2.80e-03 | M: 5423.0177 | Path: GPU-cuStateVec MPI-distributed (2 ranks)
Iter 0490 | Energy: -17.475211 | Delta: 7.85e-03 | M: 30734.0658 | Path: GPU-cuStateVec MPI-distributed (2 ranks)
[RESILIENCE] Iteration 490: Global theta state checkpointed at path checkpoints/BeH2/checkpoint_iter_0490.npy. 
Iter 0491 | Energy: -17.473044 | Delta: 2.17e-03 | M: 8855.8974 | Path: GPU-cuStateVec MPI-distributed (2 ranks)
Iter 0492 | Energy: -17.488776 | Delta: 1.57e-02 | M: 9244.0087 | Path: GPU-cuStateVec MPI-distributed (2 ranks)
Iter 0493 | Energy: -17.494275 | Delta: 5.50e-03 | M: 7501.0013 | Path: GPU-cuStateVec MPI-distributed (2 ranks)
Iter 0494 | Energy: -17.483021 | Delta: 1.13e-02 | M: 8648.2905 | Path: GPU-cuStateVec MPI-distributed (2 ranks)
Iter 0495 | Energy: -17.471461 | Delta: 1.16e-02 | M: 7490.5469 | Path: GPU-cuStateVec MPI-distributed (2 ranks)
[RESILIENCE] Iteration 495: Global theta state checkpointed at path checkpoints/BeH2/checkpoint_iter_0495.npy. 
Iter 0496 | Energy: -17.488838 | Delta: 1.74e-02 | M: 8130.7838 | Path: GPU-cuStateVec MPI-distributed (2 ranks)
Iter 0497 | Energy: -17.478649 | Delta: 1.02e-02 | M: 9881.2321 | Path: GPU-cuStateVec MPI-distributed (2 ranks)
Iter 0498 | Energy: -17.493802 | Delta: 1.52e-02 | M: 8167.8716 | Path: GPU-cuStateVec MPI-distributed (2 ranks)
Iter 0499 | Energy: -17.490562 | Delta: 3.24e-03 | M: 8544.2675 | Path: GPU-cuStateVec MPI-distributed (2 ranks)
Iter 0500 | Energy: -17.495728 | Delta: 5.17e-03 | M: 9639.2492 | Path: GPU-cuStateVec MPI-distributed (2 ranks)
[RESILIENCE] Iteration 500: Global theta state checkpointed at path checkpoints/BeH2/checkpoint_iter_0500.npy. 
Iter 0501 | Energy: -17.498046 | Delta: 2.32e-03 | M: 8366.8386 | Path: GPU-cuStateVec MPI-distributed (2 ranks)
Iter 0502 | Energy: -17.495349 | Delta: 2.70e-03 | M: 31.0459 | Path: GPU-cuStateVec MPI-distributed (2 ranks)
Iter 0503 | Energy: -17.497107 | Delta: 1.76e-03 | M: 9474.2128 | Path: GPU-cuStateVec MPI-distributed (2 ranks)
Iter 0504 | Energy: -17.490033 | Delta: 7.07e-03 | M: 9811.7282 | Path: GPU-cuStateVec MPI-distributed (2 ranks)
Iter 0505 | Energy: -17.495719 | Delta: 5.69e-03 | M: 10540.3960 | Path: GPU-cuStateVec MPI-distributed (2 ranks)
[RESILIENCE] Iteration 505: Global theta state checkpointed at path checkpoints/BeH2/checkpoint_iter_0505.npy. 
Iter 0506 | Energy: -17.504661 | Delta: 8.94e-03 | M: 8717.4221 | Path: GPU-cuStateVec MPI-distributed (2 ranks)
Iter 0507 | Energy: -17.508237 | Delta: 3.58e-03 | M: 8041.8474 | Path: GPU-cuStateVec MPI-distributed (2 ranks)
Iter 0508 | Energy: -17.513300 | Delta: 5.06e-03 | M: 9071.7113 | Path: GPU-cuStateVec MPI-distributed (2 ranks)
Iter 0509 | Energy: -17.521982 | Delta: 8.68e-03 | M: 8139.9753 | Path: GPU-cuStateVec MPI-distributed (2 ranks)
Iter 0510 | Energy: -17.518291 | Delta: 3.69e-03 | M: 7950.3276 | Path: GPU-cuStateVec MPI-distributed (2 ranks)
[RESILIENCE] Iteration 510: Global theta state checkpointed at path checkpoints/BeH2/checkpoint_iter_0510.npy. 
Iter 0511 | Energy: -17.523859 | Delta: 5.57e-03 | M: 8330.7584 | Path: GPU-cuStateVec MPI-distributed (2 ranks)
Iter 0512 | Energy: -17.526161 | Delta: 2.30e-03 | M: 7881.6055 | Path: GPU-cuStateVec MPI-distributed (2 ranks)
Iter 0513 | Energy: -17.535875 | Delta: 9.71e-03 | M: 8249.6063 | Path: GPU-cuStateVec MPI-distributed (2 ranks)
Iter 0514 | Energy: -17.544123 | Delta: 8.25e-03 | M: 7397.2294 | Path: GPU-cuStateVec MPI-distributed (2 ranks)
Iter 0515 | Energy: -17.544891 | Delta: 7.68e-04 | M: 8704.4777 | Path: GPU-cuStateVec MPI-distributed (2 ranks)
[RESILIENCE] Iteration 515: Global theta state checkpointed at path checkpoints/BeH2/checkpoint_iter_0515.npy. 
Iter 0516 | Energy: -17.537486 | Delta: 7.40e-03 | M: 8651.4968 | Path: GPU-cuStateVec MPI-distributed (2 ranks)
Iter 0517 | Energy: -17.550829 | Delta: 1.33e-02 | M: 4.2646 | Path: GPU-cuStateVec MPI-distributed (2 ranks)
Iter 0518 | Energy: -17.543399 | Delta: 7.43e-03 | M: 9344.3929 | Path: GPU-cuStateVec MPI-distributed (2 ranks)
Iter 0519 | Energy: -17.551713 | Delta: 8.31e-03 | M: 10530.4586 | Path: GPU-cuStateVec MPI-distributed (2 ranks)
Iter 0520 | Energy: -17.541101 | Delta: 1.06e-02 | M: 10512.9242 | Path: GPU-cuStateVec MPI-distributed (2 ranks)
[RESILIENCE] Iteration 520: Global theta state checkpointed at path checkpoints/BeH2/checkpoint_iter_0520.npy. 
Iter 0521 | Energy: -17.563621 | Delta: 2.25e-02 | M: 8456.4620 | Path: GPU-cuStateVec MPI-distributed (2 ranks)
Iter 0522 | Energy: -17.559029 | Delta: 4.59e-03 | M: 2.8966 | Path: GPU-cuStateVec MPI-distributed (2 ranks)
Iter 0523 | Energy: -17.561017 | Delta: 1.99e-03 | M: 5731.9588 | Path: GPU-cuStateVec MPI-distributed (2 ranks)
Iter 0524 | Energy: -17.568907 | Delta: 7.89e-03 | M: 6530.6522 | Path: GPU-cuStateVec MPI-distributed (2 ranks)
Iter 0525 | Energy: -17.570238 | Delta: 1.33e-03 | M: 7667.4321 | Path: GPU-cuStateVec MPI-distributed (2 ranks)
[RESILIENCE] Iteration 525: Global theta state checkpointed at path checkpoints/BeH2/checkpoint_iter_0525.npy. 
Iter 0526 | Energy: -17.546867 | Delta: 2.34e-02 | M: 10401.3820 | Path: GPU-cuStateVec MPI-distributed (2 ranks)
Iter 0527 | Energy: -17.566875 | Delta: 2.00e-02 | M: 95.6919 | Path: GPU-cuStateVec MPI-distributed (2 ranks)
Iter 0528 | Energy: -17.579576 | Delta: 1.27e-02 | M: 8151.5587 | Path: GPU-cuStateVec MPI-distributed (2 ranks)
Iter 0529 | Energy: -17.582774 | Delta: 3.20e-03 | M: 22.8515 | Path: GPU-cuStateVec MPI-distributed (2 ranks)
Iter 0530 | Energy: -17.571168 | Delta: 1.16e-02 | M: 7736.6444 | Path: GPU-cuStateVec MPI-distributed (2 ranks)
[RESILIENCE] Iteration 530: Global theta state checkpointed at path checkpoints/BeH2/checkpoint_iter_0530.npy. 
Iter 0531 | Energy: -17.578017 | Delta: 6.85e-03 | M: 9966.2952 | Path: GPU-cuStateVec MPI-distributed (2 ranks)
Iter 0532 | Energy: -17.566667 | Delta: 1.13e-02 | M: 7981.2612 | Path: GPU-cuStateVec MPI-distributed (2 ranks)
Iter 0533 | Energy: -17.591253 | Delta: 2.46e-02 | M: 10158.6172 | Path: GPU-cuStateVec MPI-distributed (2 ranks)
Iter 0534 | Energy: -17.591193 | Delta: 6.04e-05 | M: 26.1073 | Path: GPU-cuStateVec MPI-distributed (2 ranks)
Iter 0535 | Energy: -17.604249 | Delta: 1.31e-02 | M: 7699.8794 | Path: GPU-cuStateVec MPI-distributed (2 ranks)
[RESILIENCE] Iteration 535: Global theta state checkpointed at path checkpoints/BeH2/checkpoint_iter_0535.npy. 
Iter 0536 | Energy: -17.597634 | Delta: 6.61e-03 | M: 8467.3340 | Path: GPU-cuStateVec MPI-distributed (2 ranks)
Iter 0537 | Energy: -17.596348 | Delta: 1.29e-03 | M: 8823.2036 | Path: GPU-cuStateVec MPI-distributed (2 ranks)
Iter 0538 | Energy: -17.603305 | Delta: 6.96e-03 | M: 9428.1311 | Path: GPU-cuStateVec MPI-distributed (2 ranks)
Iter 0539 | Energy: -17.609097 | Delta: 5.79e-03 | M: 7694.6865 | Path: GPU-cuStateVec MPI-distributed (2 ranks)
Iter 0540 | Energy: -17.606729 | Delta: 2.37e-03 | M: 8125.7546 | Path: GPU-cuStateVec MPI-distributed (2 ranks)
[RESILIENCE] Iteration 540: Global theta state checkpointed at path checkpoints/BeH2/checkpoint_iter_0540.npy. 
Iter 0541 | Energy: -17.597835 | Delta: 8.89e-03 | M: 8161.6450 | Path: GPU-cuStateVec MPI-distributed (2 ranks)
Iter 0542 | Energy: -17.604248 | Delta: 6.41e-03 | M: 9618.8018 | Path: GPU-cuStateVec MPI-distributed (2 ranks)
Iter 0543 | Energy: -17.606965 | Delta: 2.72e-03 | M: 7639.0142 | Path: GPU-cuStateVec MPI-distributed (2 ranks)
Iter 0544 | Energy: -17.601369 | Delta: 5.60e-03 | M: 8381.6372 | Path: GPU-cuStateVec MPI-distributed (2 ranks)
Iter 0545 | Energy: -17.611198 | Delta: 9.83e-03 | M: 44.3318 | Path: GPU-cuStateVec MPI-distributed (2 ranks)
[RESILIENCE] Iteration 545: Global theta state checkpointed at path checkpoints/BeH2/checkpoint_iter_0545.npy. 
Iter 0546 | Energy: -17.608592 | Delta: 2.61e-03 | M: 10867.4099 | Path: GPU-cuStateVec MPI-distributed (2 ranks)
Iter 0547 | Energy: -17.611431 | Delta: 2.84e-03 | M: 8008.1238 | Path: GPU-cuStateVec MPI-distributed (2 ranks)
Iter 0548 | Energy: -17.603174 | Delta: 8.26e-03 | M: 3.3829 | Path: GPU-cuStateVec MPI-distributed (2 ranks)
Iter 0549 | Energy: -17.603075 | Delta: 9.89e-05 | M: 7831.2969 | Path: GPU-cuStateVec MPI-distributed (2 ranks)
Iter 0550 | Energy: -17.616303 | Delta: 1.32e-02 | M: 8136.1035 | Path: GPU-cuStateVec MPI-distributed (2 ranks)
[RESILIENCE] Iteration 550: Global theta state checkpointed at path checkpoints/BeH2/checkpoint_iter_0550.npy. 
Iter 0551 | Energy: -17.618985 | Delta: 2.68e-03 | M: 8377.7198 | Path: GPU-cuStateVec MPI-distributed (2 ranks)
Iter 0552 | Energy: -17.620235 | Delta: 1.25e-03 | M: 7490.6533 | Path: GPU-cuStateVec MPI-distributed (2 ranks)
Iter 0553 | Energy: -17.621474 | Delta: 1.24e-03 | M: 9789.1523 | Path: GPU-cuStateVec MPI-distributed (2 ranks)
Iter 0554 | Energy: -17.620820 | Delta: 6.54e-04 | M: 9529.3649 | Path: GPU-cuStateVec MPI-distributed (2 ranks)
Iter 0555 | Energy: -17.626772 | Delta: 5.95e-03 | M: 7541.9384 | Path: GPU-cuStateVec MPI-distributed (2 ranks)
[RESILIENCE] Iteration 555: Global theta state checkpointed at path checkpoints/BeH2/checkpoint_iter_0555.npy. 
Iter 0556 | Energy: -17.618353 | Delta: 8.42e-03 | M: 8414.2815 | Path: GPU-cuStateVec MPI-distributed (2 ranks)
Iter 0557 | Energy: -17.630483 | Delta: 1.21e-02 | M: 7719.7480 | Path: GPU-cuStateVec MPI-distributed (2 ranks)
Iter 0558 | Energy: -17.618253 | Delta: 1.22e-02 | M: 7779.3115 | Path: GPU-cuStateVec MPI-distributed (2 ranks)
Iter 0559 | Energy: -17.631093 | Delta: 1.28e-02 | M: 4.3039 | Path: GPU-cuStateVec MPI-distributed (2 ranks)
Iter 0560 | Energy: -17.635589 | Delta: 4.50e-03 | M: 9238.7906 | Path: GPU-cuStateVec MPI-distributed (2 ranks)
[RESILIENCE] Iteration 560: Global theta state checkpointed at path checkpoints/BeH2/checkpoint_iter_0560.npy. 
Iter 0561 | Energy: -17.632895 | Delta: 2.69e-03 | M: 8307.0323 | Path: GPU-cuStateVec MPI-distributed (2 ranks)
Iter 0562 | Energy: -17.645609 | Delta: 1.27e-02 | M: 7737.4711 | Path: GPU-cuStateVec MPI-distributed (2 ranks)
Iter 0563 | Energy: -17.655996 | Delta: 1.04e-02 | M: 8088.8592 | Path: GPU-cuStateVec MPI-distributed (2 ranks)
Iter 0564 | Energy: -17.641647 | Delta: 1.43e-02 | M: 8249.3440 | Path: GPU-cuStateVec MPI-distributed (2 ranks)
Iter 0565 | Energy: -17.635816 | Delta: 5.83e-03 | M: 7899.3653 | Path: GPU-cuStateVec MPI-distributed (2 ranks)
[RESILIENCE] Iteration 565: Global theta state checkpointed at path checkpoints/BeH2/checkpoint_iter_0565.npy. 
Iter 0566 | Energy: -17.657821 | Delta: 2.20e-02 | M: 8707.0763 | Path: GPU-cuStateVec MPI-distributed (2 ranks)
Iter 0567 | Energy: -17.651424 | Delta: 6.40e-03 | M: 8632.9528 | Path: GPU-cuStateVec MPI-distributed (2 ranks)
Iter 0568 | Energy: -17.646434 | Delta: 4.99e-03 | M: 10032.6000 | Path: GPU-cuStateVec MPI-distributed (2 ranks)
Iter 0569 | Energy: -17.656324 | Delta: 9.89e-03 | M: 10554.1768 | Path: GPU-cuStateVec MPI-distributed (2 ranks)
Iter 0570 | Energy: -17.662575 | Delta: 6.25e-03 | M: 13.8424 | Path: GPU-cuStateVec MPI-distributed (2 ranks)
[RESILIENCE] Iteration 570: Global theta state checkpointed at path checkpoints/BeH2/checkpoint_iter_0570.npy. 
Iter 0571 | Energy: -17.663369 | Delta: 7.94e-04 | M: 8696.1935 | Path: GPU-cuStateVec MPI-distributed (2 ranks)
Iter 0572 | Energy: -17.657177 | Delta: 6.19e-03 | M: 10542.6256 | Path: GPU-cuStateVec MPI-distributed (2 ranks)
Iter 0573 | Energy: -17.658080 | Delta: 9.02e-04 | M: 7978.4244 | Path: GPU-cuStateVec MPI-distributed (2 ranks)
Iter 0574 | Energy: -17.658812 | Delta: 7.33e-04 | M: 10014.1351 | Path: GPU-cuStateVec MPI-distributed (2 ranks)
Iter 0575 | Energy: -17.660633 | Delta: 1.82e-03 | M: 2.0088 | Path: GPU-cuStateVec MPI-distributed (2 ranks)
[RESILIENCE] Iteration 575: Global theta state checkpointed at path checkpoints/BeH2/checkpoint_iter_0575.npy. 
Iter 0576 | Energy: -17.662374 | Delta: 1.74e-03 | M: 6346.9727 | Path: GPU-cuStateVec MPI-distributed (2 ranks)
Iter 0577 | Energy: -17.657226 | Delta: 5.15e-03 | M: 89.4809 | Path: GPU-cuStateVec MPI-distributed (2 ranks)
Iter 0578 | Energy: -17.663295 | Delta: 6.07e-03 | M: 7745.9908 | Path: GPU-cuStateVec MPI-distributed (2 ranks)
Iter 0579 | Energy: -17.668710 | Delta: 5.41e-03 | M: 7233.0059 | Path: GPU-cuStateVec MPI-distributed (2 ranks)
Iter 0580 | Energy: -17.667142 | Delta: 1.57e-03 | M: 7247.0045 | Path: GPU-cuStateVec MPI-distributed (2 ranks)
[RESILIENCE] Iteration 580: Global theta state checkpointed at path checkpoints/BeH2/checkpoint_iter_0580.npy. 
Iter 0581 | Energy: -17.675557 | Delta: 8.42e-03 | M: 9338.0284 | Path: GPU-cuStateVec MPI-distributed (2 ranks)
Iter 0582 | Energy: -17.664779 | Delta: 1.08e-02 | M: 9983.0686 | Path: GPU-cuStateVec MPI-distributed (2 ranks)
Iter 0583 | Energy: -17.679387 | Delta: 1.46e-02 | M: 8101.0292 | Path: GPU-cuStateVec MPI-distributed (2 ranks)
Iter 0584 | Energy: -17.676447 | Delta: 2.94e-03 | M: 7701.5332 | Path: GPU-cuStateVec MPI-distributed (2 ranks)
Iter 0585 | Energy: -17.664142 | Delta: 1.23e-02 | M: 7481.8147 | Path: GPU-cuStateVec MPI-distributed (2 ranks)
[RESILIENCE] Iteration 585: Global theta state checkpointed at path checkpoints/BeH2/checkpoint_iter_0585.npy. 
Iter 0586 | Energy: -17.666291 | Delta: 2.15e-03 | M: 10886.2233 | Path: GPU-cuStateVec MPI-distributed (2 ranks)
Iter 0587 | Energy: -17.678615 | Delta: 1.23e-02 | M: 8090.6741 | Path: GPU-cuStateVec MPI-distributed (2 ranks)
Iter 0588 | Energy: -17.674352 | Delta: 4.26e-03 | M: 9121.7458 | Path: GPU-cuStateVec MPI-distributed (2 ranks)
Iter 0589 | Energy: -17.681359 | Delta: 7.01e-03 | M: 7951.4059 | Path: GPU-cuStateVec MPI-distributed (2 ranks)
Iter 0590 | Energy: -17.683368 | Delta: 2.01e-03 | M: 9001.0041 | Path: GPU-cuStateVec MPI-distributed (2 ranks)
[RESILIENCE] Iteration 590: Global theta state checkpointed at path checkpoints/BeH2/checkpoint_iter_0590.npy. 
Iter 0591 | Energy: -17.690269 | Delta: 6.90e-03 | M: 9641.7287 | Path: GPU-cuStateVec MPI-distributed (2 ranks)
Iter 0592 | Energy: -17.689250 | Delta: 1.02e-03 | M: 9809.4548 | Path: GPU-cuStateVec MPI-distributed (2 ranks)
Iter 0593 | Energy: -17.667640 | Delta: 2.16e-02 | M: 8029.3144 | Path: GPU-cuStateVec MPI-distributed (2 ranks)
Iter 0594 | Energy: -17.695365 | Delta: 2.77e-02 | M: 8024.1264 | Path: GPU-cuStateVec MPI-distributed (2 ranks)
Iter 0595 | Energy: -17.692762 | Delta: 2.60e-03 | M: 8850.3591 | Path: GPU-cuStateVec MPI-distributed (2 ranks)
[RESILIENCE] Iteration 595: Global theta state checkpointed at path checkpoints/BeH2/checkpoint_iter_0595.npy. 
Iter 0596 | Energy: -17.689635 | Delta: 3.13e-03 | M: 8007.3429 | Path: GPU-cuStateVec MPI-distributed (2 ranks)
Iter 0597 | Energy: -17.684299 | Delta: 5.34e-03 | M: 7629.2875 | Path: GPU-cuStateVec MPI-distributed (2 ranks)
Iter 0598 | Energy: -17.702333 | Delta: 1.80e-02 | M: 7762.0516 | Path: GPU-cuStateVec MPI-distributed (2 ranks)
Iter 0599 | Energy: -17.694878 | Delta: 7.45e-03 | M: 7674.6570 | Path: GPU-cuStateVec MPI-distributed (2 ranks)
Iter 0600 | Energy: -17.696006 | Delta: 1.13e-03 | M: 7379.2565 | Path: GPU-cuStateVec MPI-distributed (2 ranks)
[RESILIENCE] Iteration 600: Global theta state checkpointed at path checkpoints/BeH2/checkpoint_iter_0600.npy. 
Iter 0601 | Energy: -17.682923 | Delta: 1.31e-02 | M: 7988.4768 | Path: GPU-cuStateVec MPI-distributed (2 ranks)
Iter 0602 | Energy: -17.689077 | Delta: 6.15e-03 | M: 7903.6333 | Path: GPU-cuStateVec MPI-distributed (2 ranks)
Iter 0603 | Energy: -17.694351 | Delta: 5.27e-03 | M: 9002.3208 | Path: GPU-cuStateVec MPI-distributed (2 ranks)
Iter 0604 | Energy: -17.704958 | Delta: 1.06e-02 | M: 7425.0915 | Path: GPU-cuStateVec MPI-distributed (2 ranks)
Iter 0605 | Energy: -17.704739 | Delta: 2.19e-04 | M: 7981.2513 | Path: GPU-cuStateVec MPI-distributed (2 ranks)
[RESILIENCE] Iteration 605: Global theta state checkpointed at path checkpoints/BeH2/checkpoint_iter_0605.npy. 
Iter 0606 | Energy: -17.689227 | Delta: 1.55e-02 | M: 10167.7460 | Path: GPU-cuStateVec MPI-distributed (2 ranks)
Iter 0607 | Energy: -17.698027 | Delta: 8.80e-03 | M: 8590.3954 | Path: GPU-cuStateVec MPI-distributed (2 ranks)
Iter 0608 | Energy: -17.701924 | Delta: 3.90e-03 | M: 10018.9855 | Path: GPU-cuStateVec MPI-distributed (2 ranks)
Iter 0609 | Energy: -17.701883 | Delta: 4.19e-05 | M: 8518.2951 | Path: GPU-cuStateVec MPI-distributed (2 ranks)
Iter 0610 | Energy: -17.704650 | Delta: 2.77e-03 | M: 7992.3299 | Path: GPU-cuStateVec MPI-distributed (2 ranks)
[RESILIENCE] Iteration 610: Global theta state checkpointed at path checkpoints/BeH2/checkpoint_iter_0610.npy. 
Iter 0611 | Energy: -17.703831 | Delta: 8.19e-04 | M: 9946.0318 | Path: GPU-cuStateVec MPI-distributed (2 ranks)
Iter 0612 | Energy: -17.707804 | Delta: 3.97e-03 | M: 7848.6861 | Path: GPU-cuStateVec MPI-distributed (2 ranks)
Iter 0613 | Energy: -17.700261 | Delta: 7.54e-03 | M: 7605.3532 | Path: GPU-cuStateVec MPI-distributed (2 ranks)
Iter 0614 | Energy: -17.711098 | Delta: 1.08e-02 | M: 9145.6605 | Path: GPU-cuStateVec MPI-distributed (2 ranks)
Iter 0615 | Energy: -17.717573 | Delta: 6.47e-03 | M: 8308.6068 | Path: GPU-cuStateVec MPI-distributed (2 ranks)
[RESILIENCE] Iteration 615: Global theta state checkpointed at path checkpoints/BeH2/checkpoint_iter_0615.npy. 
Iter 0616 | Energy: -17.709388 | Delta: 8.18e-03 | M: 8675.9760 | Path: GPU-cuStateVec MPI-distributed (2 ranks)
Iter 0617 | Energy: -17.705974 | Delta: 3.41e-03 | M: 7262.5511 | Path: GPU-cuStateVec MPI-distributed (2 ranks)
Iter 0618 | Energy: -17.703501 | Delta: 2.47e-03 | M: 7880.6729 | Path: GPU-cuStateVec MPI-distributed (2 ranks)
Iter 0619 | Energy: -17.708855 | Delta: 5.35e-03 | M: 7253.9664 | Path: GPU-cuStateVec MPI-distributed (2 ranks)
Iter 0620 | Energy: -17.719507 | Delta: 1.07e-02 | M: 7438.7910 | Path: GPU-cuStateVec MPI-distributed (2 ranks)
[RESILIENCE] Iteration 620: Global theta state checkpointed at path checkpoints/BeH2/checkpoint_iter_0620.npy. 
Iter 0621 | Energy: -17.708437 | Delta: 1.11e-02 | M: 8347.8308 | Path: GPU-cuStateVec MPI-distributed (2 ranks)
Iter 0622 | Energy: -17.721373 | Delta: 1.29e-02 | M: 9032.3378 | Path: GPU-cuStateVec MPI-distributed (2 ranks)
Iter 0623 | Energy: -17.717349 | Delta: 4.02e-03 | M: 7680.8738 | Path: GPU-cuStateVec MPI-distributed (2 ranks)
Iter 0624 | Energy: -17.719159 | Delta: 1.81e-03 | M: 7814.4774 | Path: GPU-cuStateVec MPI-distributed (2 ranks)
Iter 0625 | Energy: -17.726720 | Delta: 7.56e-03 | M: 4.0802 | Path: GPU-cuStateVec MPI-distributed (2 ranks)
[RESILIENCE] Iteration 625: Global theta state checkpointed at path checkpoints/BeH2/checkpoint_iter_0625.npy. 
Iter 0626 | Energy: -17.732049 | Delta: 5.33e-03 | M: 57.7746 | Path: GPU-cuStateVec MPI-distributed (2 ranks)
Iter 0627 | Energy: -17.738244 | Delta: 6.19e-03 | M: 7940.2329 | Path: GPU-cuStateVec MPI-distributed (2 ranks)
Iter 0628 | Energy: -17.732673 | Delta: 5.57e-03 | M: 2.0017 | Path: GPU-cuStateVec MPI-distributed (2 ranks)
Iter 0629 | Energy: -17.728952 | Delta: 3.72e-03 | M: 6476.5266 | Path: GPU-cuStateVec MPI-distributed (2 ranks)
Iter 0630 | Energy: -17.734992 | Delta: 6.04e-03 | M: 7855.3302 | Path: GPU-cuStateVec MPI-distributed (2 ranks)
[RESILIENCE] Iteration 630: Global theta state checkpointed at path checkpoints/BeH2/checkpoint_iter_0630.npy. 
Iter 0631 | Energy: -17.736672 | Delta: 1.68e-03 | M: 7941.2942 | Path: GPU-cuStateVec MPI-distributed (2 ranks)
Iter 0632 | Energy: -17.729391 | Delta: 7.28e-03 | M: 7594.3207 | Path: GPU-cuStateVec MPI-distributed (2 ranks)
Iter 0633 | Energy: -17.736057 | Delta: 6.67e-03 | M: 106.9426 | Path: GPU-cuStateVec MPI-distributed (2 ranks)
Iter 0634 | Energy: -17.732245 | Delta: 3.81e-03 | M: 7901.3310 | Path: GPU-cuStateVec MPI-distributed (2 ranks)
Iter 0635 | Energy: -17.734859 | Delta: 2.61e-03 | M: 8331.5457 | Path: GPU-cuStateVec MPI-distributed (2 ranks)
[RESILIENCE] Iteration 635: Global theta state checkpointed at path checkpoints/BeH2/checkpoint_iter_0635.npy. 
Iter 0636 | Energy: -17.736248 | Delta: 1.39e-03 | M: 8580.4509 | Path: GPU-cuStateVec MPI-distributed (2 ranks)
Iter 0637 | Energy: -17.741449 | Delta: 5.20e-03 | M: 9851.0459 | Path: GPU-cuStateVec MPI-distributed (2 ranks)
Iter 0638 | Energy: -17.736602 | Delta: 4.85e-03 | M: 8924.6894 | Path: GPU-cuStateVec MPI-distributed (2 ranks)
Iter 0639 | Energy: -17.739532 | Delta: 2.93e-03 | M: 8119.8415 | Path: GPU-cuStateVec MPI-distributed (2 ranks)
Iter 0640 | Energy: -17.738538 | Delta: 9.94e-04 | M: 8620.1988 | Path: GPU-cuStateVec MPI-distributed (2 ranks)
[RESILIENCE] Iteration 640: Global theta state checkpointed at path checkpoints/BeH2/checkpoint_iter_0640.npy. 
Iter 0641 | Energy: -17.750764 | Delta: 1.22e-02 | M: 8306.7300 | Path: GPU-cuStateVec MPI-distributed (2 ranks)
Iter 0642 | Energy: -17.745549 | Delta: 5.21e-03 | M: 10493.1967 | Path: GPU-cuStateVec MPI-distributed (2 ranks)
Iter 0643 | Energy: -17.747739 | Delta: 2.19e-03 | M: 8438.4362 | Path: GPU-cuStateVec MPI-distributed (2 ranks)
Iter 0644 | Energy: -17.745802 | Delta: 1.94e-03 | M: 7983.0683 | Path: GPU-cuStateVec MPI-distributed (2 ranks)
Iter 0645 | Energy: -17.744086 | Delta: 1.72e-03 | M: 8602.5914 | Path: GPU-cuStateVec MPI-distributed (2 ranks)
[RESILIENCE] Iteration 645: Global theta state checkpointed at path checkpoints/BeH2/checkpoint_iter_0645.npy. 
Iter 0646 | Energy: -17.744313 | Delta: 2.27e-04 | M: 8969.5340 | Path: GPU-cuStateVec MPI-distributed (2 ranks)
Iter 0647 | Energy: -17.752655 | Delta: 8.34e-03 | M: 88.9448 | Path: GPU-cuStateVec MPI-distributed (2 ranks)
Iter 0648 | Energy: -17.757646 | Delta: 4.99e-03 | M: 22.0489 | Path: GPU-cuStateVec MPI-distributed (2 ranks)
Iter 0649 | Energy: -17.753233 | Delta: 4.41e-03 | M: 7775.9775 | Path: GPU-cuStateVec MPI-distributed (2 ranks)
Iter 0650 | Energy: -17.750791 | Delta: 2.44e-03 | M: 7722.5404 | Path: GPU-cuStateVec MPI-distributed (2 ranks)
[RESILIENCE] Iteration 650: Global theta state checkpointed at path checkpoints/BeH2/checkpoint_iter_0650.npy. 
Iter 0651 | Energy: -17.753854 | Delta: 3.06e-03 | M: 9745.0383 | Path: GPU-cuStateVec MPI-distributed (2 ranks)
Iter 0652 | Energy: -17.761792 | Delta: 7.94e-03 | M: 10451.6764 | Path: GPU-cuStateVec MPI-distributed (2 ranks)
Iter 0653 | Energy: -17.740135 | Delta: 2.17e-02 | M: 7.0579 | Path: GPU-cuStateVec MPI-distributed (2 ranks)
Iter 0654 | Energy: -17.761382 | Delta: 2.12e-02 | M: 20095.7002 | Path: GPU-cuStateVec MPI-distributed (2 ranks)
Iter 0655 | Energy: -17.754487 | Delta: 6.90e-03 | M: 7391.0544 | Path: GPU-cuStateVec MPI-distributed (2 ranks)
[RESILIENCE] Iteration 655: Global theta state checkpointed at path checkpoints/BeH2/checkpoint_iter_0655.npy. 
Iter 0656 | Energy: -17.763198 | Delta: 8.71e-03 | M: 6890.5251 | Path: GPU-cuStateVec MPI-distributed (2 ranks)
Iter 0657 | Energy: -17.761815 | Delta: 1.38e-03 | M: 7980.0289 | Path: GPU-cuStateVec MPI-distributed (2 ranks)
Iter 0658 | Energy: -17.764598 | Delta: 2.78e-03 | M: 7749.3725 | Path: GPU-cuStateVec MPI-distributed (2 ranks)
Iter 0659 | Energy: -17.763758 | Delta: 8.40e-04 | M: 8629.3056 | Path: GPU-cuStateVec MPI-distributed (2 ranks)
Iter 0660 | Energy: -17.762883 | Delta: 8.75e-04 | M: 10546.3519 | Path: GPU-cuStateVec MPI-distributed (2 ranks)
[RESILIENCE] Iteration 660: Global theta state checkpointed at path checkpoints/BeH2/checkpoint_iter_0660.npy. 
Iter 0661 | Energy: -17.767680 | Delta: 4.80e-03 | M: 9028.2281 | Path: GPU-cuStateVec MPI-distributed (2 ranks)
Iter 0662 | Energy: -17.766555 | Delta: 1.13e-03 | M: 8304.7903 | Path: GPU-cuStateVec MPI-distributed (2 ranks)
Iter 0663 | Energy: -17.769534 | Delta: 2.98e-03 | M: 8410.6857 | Path: GPU-cuStateVec MPI-distributed (2 ranks)
Iter 0664 | Energy: -17.762606 | Delta: 6.93e-03 | M: 7519.4502 | Path: GPU-cuStateVec MPI-distributed (2 ranks)
Iter 0665 | Energy: -17.772121 | Delta: 9.51e-03 | M: 9278.2831 | Path: GPU-cuStateVec MPI-distributed (2 ranks)
[RESILIENCE] Iteration 665: Global theta state checkpointed at path checkpoints/BeH2/checkpoint_iter_0665.npy. 
Iter 0666 | Energy: -17.767377 | Delta: 4.74e-03 | M: 7800.5350 | Path: GPU-cuStateVec MPI-distributed (2 ranks)
Iter 0667 | Energy: -17.768111 | Delta: 7.34e-04 | M: 8330.0433 | Path: GPU-cuStateVec MPI-distributed (2 ranks)
Iter 0668 | Energy: -17.765017 | Delta: 3.09e-03 | M: 7882.3126 | Path: GPU-cuStateVec MPI-distributed (2 ranks)
Iter 0669 | Energy: -17.779875 | Delta: 1.49e-02 | M: 9180.5865 | Path: GPU-cuStateVec MPI-distributed (2 ranks)
Iter 0670 | Energy: -17.777903 | Delta: 1.97e-03 | M: 7882.7268 | Path: GPU-cuStateVec MPI-distributed (2 ranks)
[RESILIENCE] Iteration 670: Global theta state checkpointed at path checkpoints/BeH2/checkpoint_iter_0670.npy. 
Iter 0671 | Energy: -17.775660 | Delta: 2.24e-03 | M: 9727.6072 | Path: GPU-cuStateVec MPI-distributed (2 ranks)
Iter 0672 | Energy: -17.783454 | Delta: 7.79e-03 | M: 8177.1887 | Path: GPU-cuStateVec MPI-distributed (2 ranks)
Iter 0673 | Energy: -17.778045 | Delta: 5.41e-03 | M: 3.8763 | Path: GPU-cuStateVec MPI-distributed (2 ranks)
Iter 0674 | Energy: -17.775225 | Delta: 2.82e-03 | M: 7814.2747 | Path: GPU-cuStateVec MPI-distributed (2 ranks)
Iter 0675 | Energy: -17.774096 | Delta: 1.13e-03 | M: 7726.6427 | Path: GPU-cuStateVec MPI-distributed (2 ranks)
[RESILIENCE] Iteration 675: Global theta state checkpointed at path checkpoints/BeH2/checkpoint_iter_0675.npy. 
Iter 0676 | Energy: -17.772431 | Delta: 1.67e-03 | M: 8841.8957 | Path: GPU-cuStateVec MPI-distributed (2 ranks)
Iter 0677 | Energy: -17.790115 | Delta: 1.77e-02 | M: 8479.3627 | Path: GPU-cuStateVec MPI-distributed (2 ranks)
Iter 0678 | Energy: -17.767013 | Delta: 2.31e-02 | M: 8509.5358 | Path: GPU-cuStateVec MPI-distributed (2 ranks)
Iter 0679 | Energy: -17.777221 | Delta: 1.02e-02 | M: 231.9192 | Path: GPU-cuStateVec MPI-distributed (2 ranks)
Iter 0680 | Energy: -17.780745 | Delta: 3.52e-03 | M: 8327.7911 | Path: GPU-cuStateVec MPI-distributed (2 ranks)
[RESILIENCE] Iteration 680: Global theta state checkpointed at path checkpoints/BeH2/checkpoint_iter_0680.npy. 
Iter 0681 | Energy: -17.788507 | Delta: 7.76e-03 | M: 2.0742 | Path: GPU-cuStateVec MPI-distributed (2 ranks)
Iter 0682 | Energy: -17.772525 | Delta: 1.60e-02 | M: 5892.6781 | Path: GPU-cuStateVec MPI-distributed (2 ranks)
Iter 0683 | Energy: -17.792507 | Delta: 2.00e-02 | M: 8415.6894 | Path: GPU-cuStateVec MPI-distributed (2 ranks)
Iter 0684 | Energy: -17.791917 | Delta: 5.91e-04 | M: 7427.3748 | Path: GPU-cuStateVec MPI-distributed (2 ranks)
Iter 0685 | Energy: -17.784166 | Delta: 7.75e-03 | M: 7476.8490 | Path: GPU-cuStateVec MPI-distributed (2 ranks)
[RESILIENCE] Iteration 685: Global theta state checkpointed at path checkpoints/BeH2/checkpoint_iter_0685.npy. 
Iter 0686 | Energy: -17.791277 | Delta: 7.11e-03 | M: 8305.4131 | Path: GPU-cuStateVec MPI-distributed (2 ranks)
Iter 0687 | Energy: -17.793641 | Delta: 2.36e-03 | M: 9342.3653 | Path: GPU-cuStateVec MPI-distributed (2 ranks)
Iter 0688 | Energy: -17.799285 | Delta: 5.64e-03 | M: 8558.6070 | Path: GPU-cuStateVec MPI-distributed (2 ranks)
Iter 0689 | Energy: -17.798472 | Delta: 8.13e-04 | M: 8958.2587 | Path: GPU-cuStateVec MPI-distributed (2 ranks)
Iter 0690 | Energy: -17.806395 | Delta: 7.92e-03 | M: 7584.6020 | Path: GPU-cuStateVec MPI-distributed (2 ranks)
[RESILIENCE] Iteration 690: Global theta state checkpointed at path checkpoints/BeH2/checkpoint_iter_0690.npy. 
Iter 0691 | Energy: -17.802390 | Delta: 4.00e-03 | M: 9054.9107 | Path: GPU-cuStateVec MPI-distributed (2 ranks)
Iter 0692 | Energy: -17.796820 | Delta: 5.57e-03 | M: 9698.7356 | Path: GPU-cuStateVec MPI-distributed (2 ranks)
Iter 0693 | Energy: -17.793661 | Delta: 3.16e-03 | M: 7410.6299 | Path: GPU-cuStateVec MPI-distributed (2 ranks)
Iter 0694 | Energy: -17.805662 | Delta: 1.20e-02 | M: 6850.3274 | Path: GPU-cuStateVec MPI-distributed (2 ranks)
Iter 0695 | Energy: -17.800451 | Delta: 5.21e-03 | M: 9955.5362 | Path: GPU-cuStateVec MPI-distributed (2 ranks)
[RESILIENCE] Iteration 695: Global theta state checkpointed at path checkpoints/BeH2/checkpoint_iter_0695.npy. 
Iter 0696 | Energy: -17.813668 | Delta: 1.32e-02 | M: 8257.0768 | Path: GPU-cuStateVec MPI-distributed (2 ranks)
Iter 0697 | Energy: -17.800056 | Delta: 1.36e-02 | M: 9369.9008 | Path: GPU-cuStateVec MPI-distributed (2 ranks)
Iter 0698 | Energy: -17.797993 | Delta: 2.06e-03 | M: 7640.2246 | Path: GPU-cuStateVec MPI-distributed (2 ranks)
Iter 0699 | Energy: -17.811103 | Delta: 1.31e-02 | M: 7798.6421 | Path: GPU-cuStateVec MPI-distributed (2 ranks)
Iter 0700 | Energy: -17.812230 | Delta: 1.13e-03 | M: 9476.6287 | Path: GPU-cuStateVec MPI-distributed (2 ranks)
[RESILIENCE] Iteration 700: Global theta state checkpointed at path checkpoints/BeH2/checkpoint_iter_0700.npy. 
Iter 0701 | Energy: -17.801074 | Delta: 1.12e-02 | M: 9219.2860 | Path: GPU-cuStateVec MPI-distributed (2 ranks)
Iter 0702 | Energy: -17.802792 | Delta: 1.72e-03 | M: 8173.1101 | Path: GPU-cuStateVec MPI-distributed (2 ranks)
Iter 0703 | Energy: -17.815126 | Delta: 1.23e-02 | M: 9198.0088 | Path: GPU-cuStateVec MPI-distributed (2 ranks)
Iter 0704 | Energy: -17.817905 | Delta: 2.78e-03 | M: 119.8004 | Path: GPU-cuStateVec MPI-distributed (2 ranks)
Iter 0705 | Energy: -17.814501 | Delta: 3.40e-03 | M: 8055.9531 | Path: GPU-cuStateVec MPI-distributed (2 ranks)
[RESILIENCE] Iteration 705: Global theta state checkpointed at path checkpoints/BeH2/checkpoint_iter_0705.npy. 
Iter 0706 | Energy: -17.812004 | Delta: 2.50e-03 | M: 8528.7680 | Path: GPU-cuStateVec MPI-distributed (2 ranks)
Iter 0707 | Energy: -17.823452 | Delta: 1.14e-02 | M: 9418.1267 | Path: GPU-cuStateVec MPI-distributed (2 ranks)
Iter 0708 | Energy: -17.813527 | Delta: 9.92e-03 | M: 8200.5295 | Path: GPU-cuStateVec MPI-distributed (2 ranks)
Iter 0709 | Energy: -17.814484 | Delta: 9.57e-04 | M: 8447.0895 | Path: GPU-cuStateVec MPI-distributed (2 ranks)
Iter 0710 | Energy: -17.808739 | Delta: 5.75e-03 | M: 8174.0073 | Path: GPU-cuStateVec MPI-distributed (2 ranks)
[RESILIENCE] Iteration 710: Global theta state checkpointed at path checkpoints/BeH2/checkpoint_iter_0710.npy. 
Iter 0711 | Energy: -17.809748 | Delta: 1.01e-03 | M: 10318.4129 | Path: GPU-cuStateVec MPI-distributed (2 ranks)
Iter 0712 | Energy: -17.816920 | Delta: 7.17e-03 | M: 10205.7850 | Path: GPU-cuStateVec MPI-distributed (2 ranks)
Iter 0713 | Energy: -17.819039 | Delta: 2.12e-03 | M: 8572.7197 | Path: GPU-cuStateVec MPI-distributed (2 ranks)
Iter 0714 | Energy: -17.817004 | Delta: 2.04e-03 | M: 8487.4896 | Path: GPU-cuStateVec MPI-distributed (2 ranks)
Iter 0715 | Energy: -17.829438 | Delta: 1.24e-02 | M: 8422.8547 | Path: GPU-cuStateVec MPI-distributed (2 ranks)
[RESILIENCE] Iteration 715: Global theta state checkpointed at path checkpoints/BeH2/checkpoint_iter_0715.npy. 
Iter 0716 | Energy: -17.823100 | Delta: 6.34e-03 | M: 9336.8935 | Path: GPU-cuStateVec MPI-distributed (2 ranks)
Iter 0717 | Energy: -17.826574 | Delta: 3.47e-03 | M: 9671.6510 | Path: GPU-cuStateVec MPI-distributed (2 ranks)
Iter 0718 | Energy: -17.825877 | Delta: 6.96e-04 | M: 9356.7072 | Path: GPU-cuStateVec MPI-distributed (2 ranks)
Iter 0719 | Energy: -17.832843 | Delta: 6.97e-03 | M: 7780.5228 | Path: GPU-cuStateVec MPI-distributed (2 ranks)
Iter 0720 | Energy: -17.828824 | Delta: 4.02e-03 | M: 7970.8769 | Path: GPU-cuStateVec MPI-distributed (2 ranks)
[RESILIENCE] Iteration 720: Global theta state checkpointed at path checkpoints/BeH2/checkpoint_iter_0720.npy. 
Iter 0721 | Energy: -17.831990 | Delta: 3.17e-03 | M: 8328.4377 | Path: GPU-cuStateVec MPI-distributed (2 ranks)
Iter 0722 | Energy: -17.841554 | Delta: 9.56e-03 | M: 9546.6231 | Path: GPU-cuStateVec MPI-distributed (2 ranks)
Iter 0723 | Energy: -17.828447 | Delta: 1.31e-02 | M: 8252.9395 | Path: GPU-cuStateVec MPI-distributed (2 ranks)
Iter 0724 | Energy: -17.832748 | Delta: 4.30e-03 | M: 7810.1950 | Path: GPU-cuStateVec MPI-distributed (2 ranks)
Iter 0725 | Energy: -17.834468 | Delta: 1.72e-03 | M: 9003.8378 | Path: GPU-cuStateVec MPI-distributed (2 ranks)
[RESILIENCE] Iteration 725: Global theta state checkpointed at path checkpoints/BeH2/checkpoint_iter_0725.npy. 
Iter 0726 | Energy: -17.844131 | Delta: 9.66e-03 | M: 8731.5049 | Path: GPU-cuStateVec MPI-distributed (2 ranks)
Iter 0727 | Energy: -17.842083 | Delta: 2.05e-03 | M: 7928.0827 | Path: GPU-cuStateVec MPI-distributed (2 ranks)
Iter 0728 | Energy: -17.844603 | Delta: 2.52e-03 | M: 8145.4962 | Path: GPU-cuStateVec MPI-distributed (2 ranks)
Iter 0729 | Energy: -17.838216 | Delta: 6.39e-03 | M: 85.2634 | Path: GPU-cuStateVec MPI-distributed (2 ranks)
Iter 0730 | Energy: -17.845435 | Delta: 7.22e-03 | M: 8797.3752 | Path: GPU-cuStateVec MPI-distributed (2 ranks)
[RESILIENCE] Iteration 730: Global theta state checkpointed at path checkpoints/BeH2/checkpoint_iter_0730.npy. 
Iter 0731 | Energy: -17.844074 | Delta: 1.36e-03 | M: 8473.3677 | Path: GPU-cuStateVec MPI-distributed (2 ranks)
Iter 0732 | Energy: -17.841299 | Delta: 2.78e-03 | M: 7611.6695 | Path: GPU-cuStateVec MPI-distributed (2 ranks)
Iter 0733 | Energy: -17.837131 | Delta: 4.17e-03 | M: 7654.2227 | Path: GPU-cuStateVec MPI-distributed (2 ranks)
Iter 0734 | Energy: -17.850637 | Delta: 1.35e-02 | M: 2.8061 | Path: GPU-cuStateVec MPI-distributed (2 ranks)
Iter 0735 | Energy: -17.839873 | Delta: 1.08e-02 | M: 7927.8099 | Path: GPU-cuStateVec MPI-distributed (2 ranks)
[RESILIENCE] Iteration 735: Global theta state checkpointed at path checkpoints/BeH2/checkpoint_iter_0735.npy. 
Iter 0736 | Energy: -17.837496 | Delta: 2.38e-03 | M: 10732.0726 | Path: GPU-cuStateVec MPI-distributed (2 ranks)
Iter 0737 | Energy: -17.842311 | Delta: 4.82e-03 | M: 7724.1856 | Path: GPU-cuStateVec MPI-distributed (2 ranks)
Iter 0738 | Energy: -17.853571 | Delta: 1.13e-02 | M: 8234.7899 | Path: GPU-cuStateVec MPI-distributed (2 ranks)
Iter 0739 | Energy: -17.848496 | Delta: 5.08e-03 | M: 8174.7549 | Path: GPU-cuStateVec MPI-distributed (2 ranks)
Iter 0740 | Energy: -17.847151 | Delta: 1.35e-03 | M: 9583.2880 | Path: GPU-cuStateVec MPI-distributed (2 ranks)
[RESILIENCE] Iteration 740: Global theta state checkpointed at path checkpoints/BeH2/checkpoint_iter_0740.npy. 
Iter 0741 | Energy: -17.841200 | Delta: 5.95e-03 | M: 7834.1426 | Path: GPU-cuStateVec MPI-distributed (2 ranks)
Iter 0742 | Energy: -17.850992 | Delta: 9.79e-03 | M: 7569.3338 | Path: GPU-cuStateVec MPI-distributed (2 ranks)
Iter 0743 | Energy: -17.848477 | Delta: 2.51e-03 | M: 7405.6182 | Path: GPU-cuStateVec MPI-distributed (2 ranks)
Iter 0744 | Energy: -17.853880 | Delta: 5.40e-03 | M: 8416.1467 | Path: GPU-cuStateVec MPI-distributed (2 ranks)
Iter 0745 | Energy: -17.857783 | Delta: 3.90e-03 | M: 9457.2985 | Path: GPU-cuStateVec MPI-distributed (2 ranks)
[RESILIENCE] Iteration 745: Global theta state checkpointed at path checkpoints/BeH2/checkpoint_iter_0745.npy. 
Iter 0746 | Energy: -17.857961 | Delta: 1.79e-04 | M: 8528.0923 | Path: GPU-cuStateVec MPI-distributed (2 ranks)
Iter 0747 | Energy: -17.849887 | Delta: 8.07e-03 | M: 7959.3418 | Path: GPU-cuStateVec MPI-distributed (2 ranks)
Iter 0748 | Energy: -17.850771 | Delta: 8.84e-04 | M: 36.3419 | Path: GPU-cuStateVec MPI-distributed (2 ranks)
Iter 0749 | Energy: -17.859453 | Delta: 8.68e-03 | M: 7524.8162 | Path: GPU-cuStateVec MPI-distributed (2 ranks)
Iter 0750 | Energy: -17.849665 | Delta: 9.79e-03 | M: 8573.2431 | Path: GPU-cuStateVec MPI-distributed (2 ranks)
[RESILIENCE] Iteration 750: Global theta state checkpointed at path checkpoints/BeH2/checkpoint_iter_0750.npy. 
Iter 0751 | Energy: -17.855668 | Delta: 6.00e-03 | M: 8522.3094 | Path: GPU-cuStateVec MPI-distributed (2 ranks)
Iter 0752 | Energy: -17.855537 | Delta: 1.31e-04 | M: 7752.6437 | Path: GPU-cuStateVec MPI-distributed (2 ranks)
Iter 0753 | Energy: -17.854681 | Delta: 8.56e-04 | M: 7386.2695 | Path: GPU-cuStateVec MPI-distributed (2 ranks)
Iter 0754 | Energy: -17.850791 | Delta: 3.89e-03 | M: 3615.6979 | Path: GPU-cuStateVec MPI-distributed (2 ranks)
Iter 0755 | Energy: -17.858382 | Delta: 7.59e-03 | M: 1.9350 | Path: GPU-cuStateVec MPI-distributed (2 ranks)
[RESILIENCE] Iteration 755: Global theta state checkpointed at path checkpoints/BeH2/checkpoint_iter_0755.npy. 
Iter 0756 | Energy: -17.861193 | Delta: 2.81e-03 | M: 7363.6490 | Path: GPU-cuStateVec MPI-distributed (2 ranks)
Iter 0757 | Energy: -17.862302 | Delta: 1.11e-03 | M: 5329.9776 | Path: GPU-cuStateVec MPI-distributed (2 ranks)
Iter 0758 | Energy: -17.867077 | Delta: 4.77e-03 | M: 6655.4793 | Path: GPU-cuStateVec MPI-distributed (2 ranks)
Iter 0759 | Energy: -17.867233 | Delta: 1.56e-04 | M: 7927.3519 | Path: GPU-cuStateVec MPI-distributed (2 ranks)
Iter 0760 | Energy: -17.867882 | Delta: 6.50e-04 | M: 1.9688 | Path: GPU-cuStateVec MPI-distributed (2 ranks)
[RESILIENCE] Iteration 760: Global theta state checkpointed at path checkpoints/BeH2/checkpoint_iter_0760.npy. 
Iter 0761 | Energy: -17.860779 | Delta: 7.10e-03 | M: 6848.2680 | Path: GPU-cuStateVec MPI-distributed (2 ranks)
Iter 0762 | Energy: -17.867043 | Delta: 6.26e-03 | M: 10356.1196 | Path: GPU-cuStateVec MPI-distributed (2 ranks)
Iter 0763 | Energy: -17.860957 | Delta: 6.09e-03 | M: 9273.8603 | Path: GPU-cuStateVec MPI-distributed (2 ranks)
Iter 0764 | Energy: -17.867024 | Delta: 6.07e-03 | M: 9998.8808 | Path: GPU-cuStateVec MPI-distributed (2 ranks)
Iter 0765 | Energy: -17.866428 | Delta: 5.96e-04 | M: 7222.3249 | Path: GPU-cuStateVec MPI-distributed (2 ranks)
[RESILIENCE] Iteration 765: Global theta state checkpointed at path checkpoints/BeH2/checkpoint_iter_0765.npy. 
Iter 0766 | Energy: -17.874322 | Delta: 7.89e-03 | M: 7961.4713 | Path: GPU-cuStateVec MPI-distributed (2 ranks)
Iter 0767 | Energy: -17.865694 | Delta: 8.63e-03 | M: 7860.5778 | Path: GPU-cuStateVec MPI-distributed (2 ranks)
Iter 0768 | Energy: -17.874730 | Delta: 9.04e-03 | M: 8045.9706 | Path: GPU-cuStateVec MPI-distributed (2 ranks)
Iter 0769 | Energy: -17.853629 | Delta: 2.11e-02 | M: 9740.2429 | Path: GPU-cuStateVec MPI-distributed (2 ranks)
Iter 0770 | Energy: -17.874479 | Delta: 2.09e-02 | M: 7732.5858 | Path: GPU-cuStateVec MPI-distributed (2 ranks)
[RESILIENCE] Iteration 770: Global theta state checkpointed at path checkpoints/BeH2/checkpoint_iter_0770.npy. 
Iter 0771 | Energy: -17.869673 | Delta: 4.81e-03 | M: 8285.7827 | Path: GPU-cuStateVec MPI-distributed (2 ranks)
Iter 0772 | Energy: -17.865886 | Delta: 3.79e-03 | M: 8208.5649 | Path: GPU-cuStateVec MPI-distributed (2 ranks)
Iter 0773 | Energy: -17.863613 | Delta: 2.27e-03 | M: 8459.5812 | Path: GPU-cuStateVec MPI-distributed (2 ranks)
Iter 0774 | Energy: -17.881015 | Delta: 1.74e-02 | M: 268.7603 | Path: GPU-cuStateVec MPI-distributed (2 ranks)
Iter 0775 | Energy: -17.865043 | Delta: 1.60e-02 | M: 7925.6047 | Path: GPU-cuStateVec MPI-distributed (2 ranks)
[RESILIENCE] Iteration 775: Global theta state checkpointed at path checkpoints/BeH2/checkpoint_iter_0775.npy. 
Iter 0776 | Energy: -17.884259 | Delta: 1.92e-02 | M: 2.0631 | Path: GPU-cuStateVec MPI-distributed (2 ranks)
Iter 0777 | Energy: -17.879766 | Delta: 4.49e-03 | M: 7123.5302 | Path: GPU-cuStateVec MPI-distributed (2 ranks)
Iter 0778 | Energy: -17.867683 | Delta: 1.21e-02 | M: 8295.2375 | Path: GPU-cuStateVec MPI-distributed (2 ranks)
Iter 0779 | Energy: -17.885678 | Delta: 1.80e-02 | M: 9530.8900 | Path: GPU-cuStateVec MPI-distributed (2 ranks)
Iter 0780 | Energy: -17.878307 | Delta: 7.37e-03 | M: 8499.5370 | Path: GPU-cuStateVec MPI-distributed (2 ranks)
[RESILIENCE] Iteration 780: Global theta state checkpointed at path checkpoints/BeH2/checkpoint_iter_0780.npy. 
Iter 0781 | Energy: -17.876351 | Delta: 1.96e-03 | M: 7884.5500 | Path: GPU-cuStateVec MPI-distributed (2 ranks)
Iter 0782 | Energy: -17.878339 | Delta: 1.99e-03 | M: 9565.6428 | Path: GPU-cuStateVec MPI-distributed (2 ranks)
Iter 0783 | Energy: -17.869064 | Delta: 9.27e-03 | M: 8478.3607 | Path: GPU-cuStateVec MPI-distributed (2 ranks)
Iter 0784 | Energy: -17.886568 | Delta: 1.75e-02 | M: 8162.5846 | Path: GPU-cuStateVec MPI-distributed (2 ranks)
Iter 0785 | Energy: -17.888724 | Delta: 2.16e-03 | M: 10019.6332 | Path: GPU-cuStateVec MPI-distributed (2 ranks)
[RESILIENCE] Iteration 785: Global theta state checkpointed at path checkpoints/BeH2/checkpoint_iter_0785.npy. 
Iter 0786 | Energy: -17.881898 | Delta: 6.83e-03 | M: 9085.6383 | Path: GPU-cuStateVec MPI-distributed (2 ranks)
Iter 0787 | Energy: -17.873736 | Delta: 8.16e-03 | M: 1.8016 | Path: GPU-cuStateVec MPI-distributed (2 ranks)
Iter 0788 | Energy: -17.878161 | Delta: 4.43e-03 | M: 5934.4042 | Path: GPU-cuStateVec MPI-distributed (2 ranks)
Iter 0789 | Energy: -17.876909 | Delta: 1.25e-03 | M: 6998.3629 | Path: GPU-cuStateVec MPI-distributed (2 ranks)
Iter 0790 | Energy: -17.887669 | Delta: 1.08e-02 | M: 7113.4491 | Path: GPU-cuStateVec MPI-distributed (2 ranks)
[RESILIENCE] Iteration 790: Global theta state checkpointed at path checkpoints/BeH2/checkpoint_iter_0790.npy. 
Iter 0791 | Energy: -17.877336 | Delta: 1.03e-02 | M: 8336.8969 | Path: GPU-cuStateVec MPI-distributed (2 ranks)
Iter 0792 | Energy: -17.885503 | Delta: 8.17e-03 | M: 93.2368 | Path: GPU-cuStateVec MPI-distributed (2 ranks)
Iter 0793 | Energy: -17.883253 | Delta: 2.25e-03 | M: 8055.0708 | Path: GPU-cuStateVec MPI-distributed (2 ranks)
Iter 0794 | Energy: -17.889387 | Delta: 6.13e-03 | M: 8087.8282 | Path: GPU-cuStateVec MPI-distributed (2 ranks)
Iter 0795 | Energy: -17.873762 | Delta: 1.56e-02 | M: 9020.8629 | Path: GPU-cuStateVec MPI-distributed (2 ranks)
[RESILIENCE] Iteration 795: Global theta state checkpointed at path checkpoints/BeH2/checkpoint_iter_0795.npy. 
Iter 0796 | Energy: -17.883566 | Delta: 9.80e-03 | M: 9101.6968 | Path: GPU-cuStateVec MPI-distributed (2 ranks)
Iter 0797 | Energy: -17.892524 | Delta: 8.96e-03 | M: 8189.9875 | Path: GPU-cuStateVec MPI-distributed (2 ranks)
Iter 0798 | Energy: -17.874482 | Delta: 1.80e-02 | M: 8207.9249 | Path: GPU-cuStateVec MPI-distributed (2 ranks)
Iter 0799 | Energy: -17.888313 | Delta: 1.38e-02 | M: 8413.3194 | Path: GPU-cuStateVec MPI-distributed (2 ranks)
Iter 0800 | Energy: -17.892205 | Delta: 3.89e-03 | M: 3.6075 | Path: GPU-cuStateVec MPI-distributed (2 ranks)
[RESILIENCE] Iteration 800: Global theta state checkpointed at path checkpoints/BeH2/checkpoint_iter_0800.npy. 
Iter 0801 | Energy: -17.880531 | Delta: 1.17e-02 | M: 8309.4283 | Path: GPU-cuStateVec MPI-distributed (2 ranks)
Iter 0802 | Energy: -17.886060 | Delta: 5.53e-03 | M: 479.9700 | Path: GPU-cuStateVec MPI-distributed (2 ranks)
Iter 0803 | Energy: -17.888240 | Delta: 2.18e-03 | M: 8418.4478 | Path: GPU-cuStateVec MPI-distributed (2 ranks)
Iter 0804 | Energy: -17.880836 | Delta: 7.40e-03 | M: 428.4904 | Path: GPU-cuStateVec MPI-distributed (2 ranks)
Iter 0805 | Energy: -17.891796 | Delta: 1.10e-02 | M: 8504.9405 | Path: GPU-cuStateVec MPI-distributed (2 ranks)
[RESILIENCE] Iteration 805: Global theta state checkpointed at path checkpoints/BeH2/checkpoint_iter_0805.npy. 
Iter 0806 | Energy: -17.884953 | Delta: 6.84e-03 | M: 9509.6912 | Path: GPU-cuStateVec MPI-distributed (2 ranks)
Iter 0807 | Energy: -17.891465 | Delta: 6.51e-03 | M: 89.4308 | Path: GPU-cuStateVec MPI-distributed (2 ranks)
Iter 0808 | Energy: -17.888889 | Delta: 2.58e-03 | M: 8297.5034 | Path: GPU-cuStateVec MPI-distributed (2 ranks)
Iter 0809 | Energy: -17.897272 | Delta: 8.38e-03 | M: 7813.8904 | Path: GPU-cuStateVec MPI-distributed (2 ranks)
Iter 0810 | Energy: -17.884718 | Delta: 1.26e-02 | M: 7145.3999 | Path: GPU-cuStateVec MPI-distributed (2 ranks)
[RESILIENCE] Iteration 810: Global theta state checkpointed at path checkpoints/BeH2/checkpoint_iter_0810.npy. 
Iter 0811 | Energy: -17.901051 | Delta: 1.63e-02 | M: 114.5904 | Path: GPU-cuStateVec MPI-distributed (2 ranks)
Iter 0812 | Energy: -17.896501 | Delta: 4.55e-03 | M: 9072.5803 | Path: GPU-cuStateVec MPI-distributed (2 ranks)
Iter 0813 | Energy: -17.887077 | Delta: 9.42e-03 | M: 7763.0286 | Path: GPU-cuStateVec MPI-distributed (2 ranks)
Iter 0814 | Energy: -17.898602 | Delta: 1.15e-02 | M: 9378.3598 | Path: GPU-cuStateVec MPI-distributed (2 ranks)
Iter 0815 | Energy: -17.900209 | Delta: 1.61e-03 | M: 7239.4202 | Path: GPU-cuStateVec MPI-distributed (2 ranks)
[RESILIENCE] Iteration 815: Global theta state checkpointed at path checkpoints/BeH2/checkpoint_iter_0815.npy. 
Iter 0816 | Energy: -17.890619 | Delta: 9.59e-03 | M: 8747.9732 | Path: GPU-cuStateVec MPI-distributed (2 ranks)
Iter 0817 | Energy: -17.891726 | Delta: 1.11e-03 | M: 7611.0915 | Path: GPU-cuStateVec MPI-distributed (2 ranks)
Iter 0818 | Energy: -17.907873 | Delta: 1.61e-02 | M: 8447.0509 | Path: GPU-cuStateVec MPI-distributed (2 ranks)
Iter 0819 | Energy: -17.893797 | Delta: 1.41e-02 | M: 8239.0933 | Path: GPU-cuStateVec MPI-distributed (2 ranks)
Iter 0820 | Energy: -17.900078 | Delta: 6.28e-03 | M: 8712.4614 | Path: GPU-cuStateVec MPI-distributed (2 ranks)
[RESILIENCE] Iteration 820: Global theta state checkpointed at path checkpoints/BeH2/checkpoint_iter_0820.npy. 
Iter 0821 | Energy: -17.905801 | Delta: 5.72e-03 | M: 8334.8160 | Path: GPU-cuStateVec MPI-distributed (2 ranks)
Iter 0822 | Energy: -17.908014 | Delta: 2.21e-03 | M: 8087.4234 | Path: GPU-cuStateVec MPI-distributed (2 ranks)
Iter 0823 | Energy: -17.915575 | Delta: 7.56e-03 | M: 8909.5259 | Path: GPU-cuStateVec MPI-distributed (2 ranks)
Iter 0824 | Energy: -17.896199 | Delta: 1.94e-02 | M: 7759.0343 | Path: GPU-cuStateVec MPI-distributed (2 ranks)
Iter 0825 | Energy: -17.910935 | Delta: 1.47e-02 | M: 8587.5376 | Path: GPU-cuStateVec MPI-distributed (2 ranks)
[RESILIENCE] Iteration 825: Global theta state checkpointed at path checkpoints/BeH2/checkpoint_iter_0825.npy. 
Iter 0826 | Energy: -17.912055 | Delta: 1.12e-03 | M: 8993.3462 | Path: GPU-cuStateVec MPI-distributed (2 ranks)
Iter 0827 | Energy: -17.907696 | Delta: 4.36e-03 | M: 10381.5692 | Path: GPU-cuStateVec MPI-distributed (2 ranks)
Iter 0828 | Energy: -17.909768 | Delta: 2.07e-03 | M: 9758.4134 | Path: GPU-cuStateVec MPI-distributed (2 ranks)
Iter 0829 | Energy: -17.900921 | Delta: 8.85e-03 | M: 8436.3581 | Path: GPU-cuStateVec MPI-distributed (2 ranks)
Iter 0830 | Energy: -17.907881 | Delta: 6.96e-03 | M: 8187.8954 | Path: GPU-cuStateVec MPI-distributed (2 ranks)
[RESILIENCE] Iteration 830: Global theta state checkpointed at path checkpoints/BeH2/checkpoint_iter_0830.npy. 
Iter 0831 | Energy: -17.914785 | Delta: 6.90e-03 | M: 8606.8345 | Path: GPU-cuStateVec MPI-distributed (2 ranks)
Iter 0832 | Energy: -17.908626 | Delta: 6.16e-03 | M: 10130.8027 | Path: GPU-cuStateVec MPI-distributed (2 ranks)
Iter 0833 | Energy: -17.906757 | Delta: 1.87e-03 | M: 7689.8875 | Path: GPU-cuStateVec MPI-distributed (2 ranks)
Iter 0834 | Energy: -17.911829 | Delta: 5.07e-03 | M: 10443.5492 | Path: GPU-cuStateVec MPI-distributed (2 ranks)
Iter 0835 | Energy: -17.920781 | Delta: 8.95e-03 | M: 8211.4969 | Path: GPU-cuStateVec MPI-distributed (2 ranks)
[RESILIENCE] Iteration 835: Global theta state checkpointed at path checkpoints/BeH2/checkpoint_iter_0835.npy. 
Iter 0836 | Energy: -17.916112 | Delta: 4.67e-03 | M: 8977.7525 | Path: GPU-cuStateVec MPI-distributed (2 ranks)
Iter 0837 | Energy: -17.921113 | Delta: 5.00e-03 | M: 8241.9413 | Path: GPU-cuStateVec MPI-distributed (2 ranks)
Iter 0838 | Energy: -17.914304 | Delta: 6.81e-03 | M: 7929.7404 | Path: GPU-cuStateVec MPI-distributed (2 ranks)
Iter 0839 | Energy: -17.916749 | Delta: 2.45e-03 | M: 7986.3810 | Path: GPU-cuStateVec MPI-distributed (2 ranks)
Iter 0840 | Energy: -17.919973 | Delta: 3.22e-03 | M: 3.2402 | Path: GPU-cuStateVec MPI-distributed (2 ranks)
[RESILIENCE] Iteration 840: Global theta state checkpointed at path checkpoints/BeH2/checkpoint_iter_0840.npy. 
Iter 0841 | Energy: -17.919677 | Delta: 2.97e-04 | M: 7174.3286 | Path: GPU-cuStateVec MPI-distributed (2 ranks)
Iter 0842 | Energy: -17.925762 | Delta: 6.09e-03 | M: 7827.6454 | Path: GPU-cuStateVec MPI-distributed (2 ranks)
Iter 0843 | Energy: -17.915594 | Delta: 1.02e-02 | M: 7594.5015 | Path: GPU-cuStateVec MPI-distributed (2 ranks)
Iter 0844 | Energy: -17.916819 | Delta: 1.23e-03 | M: 9113.3926 | Path: GPU-cuStateVec MPI-distributed (2 ranks)
Iter 0845 | Energy: -17.917911 | Delta: 1.09e-03 | M: 8057.3680 | Path: GPU-cuStateVec MPI-distributed (2 ranks)
[RESILIENCE] Iteration 845: Global theta state checkpointed at path checkpoints/BeH2/checkpoint_iter_0845.npy. 
Iter 0846 | Energy: -17.919722 | Delta: 1.81e-03 | M: 8962.5307 | Path: GPU-cuStateVec MPI-distributed (2 ranks)
Iter 0847 | Energy: -17.919370 | Delta: 3.53e-04 | M: 9157.0951 | Path: GPU-cuStateVec MPI-distributed (2 ranks)
Iter 0848 | Energy: -17.926097 | Delta: 6.73e-03 | M: 9555.0524 | Path: GPU-cuStateVec MPI-distributed (2 ranks)
Iter 0849 | Energy: -17.920668 | Delta: 5.43e-03 | M: 9928.9392 | Path: GPU-cuStateVec MPI-distributed (2 ranks)
Iter 0850 | Energy: -17.922002 | Delta: 1.33e-03 | M: 6.3652 | Path: GPU-cuStateVec MPI-distributed (2 ranks)
[RESILIENCE] Iteration 850: Global theta state checkpointed at path checkpoints/BeH2/checkpoint_iter_0850.npy. 
Iter 0851 | Energy: -17.929752 | Delta: 7.75e-03 | M: 8062.4519 | Path: GPU-cuStateVec MPI-distributed (2 ranks)
Iter 0852 | Energy: -17.921696 | Delta: 8.06e-03 | M: 7680.6714 | Path: GPU-cuStateVec MPI-distributed (2 ranks)
Iter 0853 | Energy: -17.919197 | Delta: 2.50e-03 | M: 8240.1466 | Path: GPU-cuStateVec MPI-distributed (2 ranks)
Iter 0854 | Energy: -17.929495 | Delta: 1.03e-02 | M: 9218.2449 | Path: GPU-cuStateVec MPI-distributed (2 ranks)
Iter 0855 | Energy: -17.920498 | Delta: 9.00e-03 | M: 7947.5365 | Path: GPU-cuStateVec MPI-distributed (2 ranks)
[RESILIENCE] Iteration 855: Global theta state checkpointed at path checkpoints/BeH2/checkpoint_iter_0855.npy. 
Iter 0856 | Energy: -17.933246 | Delta: 1.27e-02 | M: 8139.1943 | Path: GPU-cuStateVec MPI-distributed (2 ranks)
Iter 0857 | Energy: -17.928227 | Delta: 5.02e-03 | M: 7414.2605 | Path: GPU-cuStateVec MPI-distributed (2 ranks)
Iter 0858 | Energy: -17.922372 | Delta: 5.85e-03 | M: 7597.6758 | Path: GPU-cuStateVec MPI-distributed (2 ranks)
Iter 0859 | Energy: -17.932913 | Delta: 1.05e-02 | M: 124.6812 | Path: GPU-cuStateVec MPI-distributed (2 ranks)
Iter 0860 | Energy: -17.933756 | Delta: 8.43e-04 | M: 7027.3456 | Path: GPU-cuStateVec MPI-distributed (2 ranks)
[RESILIENCE] Iteration 860: Global theta state checkpointed at path checkpoints/BeH2/checkpoint_iter_0860.npy. 
Iter 0861 | Energy: -17.933531 | Delta: 2.25e-04 | M: 8579.2763 | Path: GPU-cuStateVec MPI-distributed (2 ranks)
Iter 0862 | Energy: -17.927405 | Delta: 6.13e-03 | M: 3.6416 | Path: GPU-cuStateVec MPI-distributed (2 ranks)
Iter 0863 | Energy: -17.923218 | Delta: 4.19e-03 | M: 8072.3196 | Path: GPU-cuStateVec MPI-distributed (2 ranks)
Iter 0864 | Energy: -17.925283 | Delta: 2.06e-03 | M: 7501.0810 | Path: GPU-cuStateVec MPI-distributed (2 ranks)
Iter 0865 | Energy: -17.935059 | Delta: 9.78e-03 | M: 8172.3420 | Path: GPU-cuStateVec MPI-distributed (2 ranks)
[RESILIENCE] Iteration 865: Global theta state checkpointed at path checkpoints/BeH2/checkpoint_iter_0865.npy. 
Iter 0866 | Energy: -17.939903 | Delta: 4.84e-03 | M: 10624.0909 | Path: GPU-cuStateVec MPI-distributed (2 ranks)
Iter 0867 | Energy: -17.940091 | Delta: 1.88e-04 | M: 6.4442 | Path: GPU-cuStateVec MPI-distributed (2 ranks)
Iter 0868 | Energy: -17.940276 | Delta: 1.85e-04 | M: 7640.0262 | Path: GPU-cuStateVec MPI-distributed (2 ranks)
Iter 0869 | Energy: -17.946334 | Delta: 6.06e-03 | M: 8028.6932 | Path: GPU-cuStateVec MPI-distributed (2 ranks)
Iter 0870 | Energy: -17.934836 | Delta: 1.15e-02 | M: 7613.1284 | Path: GPU-cuStateVec MPI-distributed (2 ranks)
[RESILIENCE] Iteration 870: Global theta state checkpointed at path checkpoints/BeH2/checkpoint_iter_0870.npy. 
Iter 0871 | Energy: -17.940470 | Delta: 5.63e-03 | M: 10232.6975 | Path: GPU-cuStateVec MPI-distributed (2 ranks)
Iter 0872 | Energy: -17.949686 | Delta: 9.22e-03 | M: 9463.4954 | Path: GPU-cuStateVec MPI-distributed (2 ranks)
Iter 0873 | Energy: -17.946114 | Delta: 3.57e-03 | M: 7460.7883 | Path: GPU-cuStateVec MPI-distributed (2 ranks)
Iter 0874 | Energy: -17.940375 | Delta: 5.74e-03 | M: 8013.4563 | Path: GPU-cuStateVec MPI-distributed (2 ranks)
Iter 0875 | Energy: -17.947222 | Delta: 6.85e-03 | M: 4.3589 | Path: GPU-cuStateVec MPI-distributed (2 ranks)
[RESILIENCE] Iteration 875: Global theta state checkpointed at path checkpoints/BeH2/checkpoint_iter_0875.npy. 
Iter 0876 | Energy: -17.943548 | Delta: 3.67e-03 | M: 9892.8446 | Path: GPU-cuStateVec MPI-distributed (2 ranks)
Iter 0877 | Energy: -17.948212 | Delta: 4.66e-03 | M: 8270.5720 | Path: GPU-cuStateVec MPI-distributed (2 ranks)
Iter 0878 | Energy: -17.940944 | Delta: 7.27e-03 | M: 9377.5114 | Path: GPU-cuStateVec MPI-distributed (2 ranks)
Iter 0879 | Energy: -17.946491 | Delta: 5.55e-03 | M: 7420.4190 | Path: GPU-cuStateVec MPI-distributed (2 ranks)
Iter 0880 | Energy: -17.953289 | Delta: 6.80e-03 | M: 6693.8409 | Path: GPU-cuStateVec MPI-distributed (2 ranks)
[RESILIENCE] Iteration 880: Global theta state checkpointed at path checkpoints/BeH2/checkpoint_iter_0880.npy. 
Iter 0881 | Energy: -17.954479 | Delta: 1.19e-03 | M: 8532.3003 | Path: GPU-cuStateVec MPI-distributed (2 ranks)
Iter 0882 | Energy: -17.944264 | Delta: 1.02e-02 | M: 7896.9261 | Path: GPU-cuStateVec MPI-distributed (2 ranks)
Iter 0883 | Energy: -17.951679 | Delta: 7.42e-03 | M: 88.1559 | Path: GPU-cuStateVec MPI-distributed (2 ranks)
Iter 0884 | Energy: -17.945661 | Delta: 6.02e-03 | M: 8084.7193 | Path: GPU-cuStateVec MPI-distributed (2 ranks)
Iter 0885 | Energy: -17.950423 | Delta: 4.76e-03 | M: 9297.4733 | Path: GPU-cuStateVec MPI-distributed (2 ranks)
[RESILIENCE] Iteration 885: Global theta state checkpointed at path checkpoints/BeH2/checkpoint_iter_0885.npy. 
Iter 0886 | Energy: -17.942195 | Delta: 8.23e-03 | M: 7734.1865 | Path: GPU-cuStateVec MPI-distributed (2 ranks)
Iter 0887 | Energy: -17.948812 | Delta: 6.62e-03 | M: 7779.2619 | Path: GPU-cuStateVec MPI-distributed (2 ranks)
Iter 0888 | Energy: -17.956479 | Delta: 7.67e-03 | M: 7992.1790 | Path: GPU-cuStateVec MPI-distributed (2 ranks)
Iter 0889 | Energy: -17.956607 | Delta: 1.28e-04 | M: 64.4870 | Path: GPU-cuStateVec MPI-distributed (2 ranks)
Iter 0890 | Energy: -17.954958 | Delta: 1.65e-03 | M: 8573.6753 | Path: GPU-cuStateVec MPI-distributed (2 ranks)
[RESILIENCE] Iteration 890: Global theta state checkpointed at path checkpoints/BeH2/checkpoint_iter_0890.npy. 
Iter 0891 | Energy: -17.958212 | Delta: 3.25e-03 | M: 8681.6860 | Path: GPU-cuStateVec MPI-distributed (2 ranks)
Iter 0892 | Energy: -17.951669 | Delta: 6.54e-03 | M: 8084.3739 | Path: GPU-cuStateVec MPI-distributed (2 ranks)
Iter 0893 | Energy: -17.954108 | Delta: 2.44e-03 | M: 1.8165 | Path: GPU-cuStateVec MPI-distributed (2 ranks)
Iter 0894 | Energy: -17.951670 | Delta: 2.44e-03 | M: 6452.6552 | Path: GPU-cuStateVec MPI-distributed (2 ranks)
Iter 0895 | Energy: -17.951701 | Delta: 3.15e-05 | M: 7761.4102 | Path: GPU-cuStateVec MPI-distributed (2 ranks)
[RESILIENCE] Iteration 895: Global theta state checkpointed at path checkpoints/BeH2/checkpoint_iter_0895.npy. 
Iter 0896 | Energy: -17.948102 | Delta: 3.60e-03 | M: 8638.3461 | Path: GPU-cuStateVec MPI-distributed (2 ranks)
[VQE] Best physical energy: -15.555709 Ha (error: 0.0394 Ha) at iter 261
[VQE] Final energy -17.948102 is below FCI - reporting best physical result

[BeH2] Ansatz tier:hwe_adaptive
[BeH2] Corr score: 0.501 
[BeH2] Best physical energy: -15.555709 Ha 
[BeH2] Reference FCI : -15.595118 Ha 
[BeH2] Absolute error: +0.0394 Ha 
[BeH2] Iterations run: 896 (best at iter 261)
[BeH2] Wall time: 165.26s (includes QPU queue + RTT) 
[BeH2] Time/iter: 0.18 s 
[BeH2] Source: registry 
[BeH2] Active electrons: 4 
[BeH2] Estimated qubits: 12 
[BeH2] Note: Frozen 2 core electrons. Active space: 4 electrons, 12 qubits 


--- RUNNING CHEMISTRY TASK H2O ---
[Resolver] 'H2O' found in local registry 
[Chemistry:H2O] 1086 Pauli terms, 14 qubits, 112 params, reps=2. FCI reference: -75.0124 Ha 
[Ansatz] HWE (adaptive) (auto) | corr_score=0.502 | off_diag_ratio=0.007
[Reason] score=0.502 in [0.25, 0.55). Moderate correlation (off_diag_ratio=0.007, zz_frac=0.986). Adaptive HWE with full entanglement recommended.
Iter 0001 | Energy: -3.372252 | Delta: inf | M: 2.0000 | Path: GPU-cuStateVec MPI-distributed (2 ranks)
Iter 0002 | Energy: -3.086089 | Delta: 2.86e-01 | M: 6840.0839 | Path: GPU-cuStateVec MPI-distributed (2 ranks)
Iter 0003 | Energy: -3.538012 | Delta: 4.52e-01 | M: 8236.4507 | Path: GPU-cuStateVec MPI-distributed (2 ranks)
Iter 0004 | Energy: -8.634443 | Delta: 5.10e+00 | M: 8319.4237 | Path: GPU-cuStateVec MPI-distributed (2 ranks)
Iter 0005 | Energy: -12.952978 | Delta: 4.32e+00 | M: 11017.8987 | Path: GPU-cuStateVec MPI-distributed (2 ranks)
[RESILIENCE] Iteration 5: Global theta state checkpointed at path checkpoints/H2O/checkpoint_iter_0005.npy. 
Iter 0006 | Energy: -22.035908 | Delta: 9.08e+00 | M: 8802.2534 | Path: GPU-cuStateVec MPI-distributed (2 ranks)
Iter 0007 | Energy: -41.801752 | Delta: 1.98e+01 | M: 8284.4855 | Path: GPU-cuStateVec MPI-distributed (2 ranks)
Iter 0008 | Energy: -41.731292 | Delta: 7.05e-02 | M: 8232.4888 | Path: GPU-cuStateVec MPI-distributed (2 ranks)
Iter 0009 | Energy: -41.861514 | Delta: 1.30e-01 | M: 63.8792 | Path: GPU-cuStateVec MPI-distributed (2 ranks)
Iter 0010 | Energy: -43.069333 | Delta: 1.21e+00 | M: 8815.7201 | Path: GPU-cuStateVec MPI-distributed (2 ranks)
[RESILIENCE] Iteration 10: Global theta state checkpointed at path checkpoints/H2O/checkpoint_iter_0010.npy. 
Iter 0011 | Energy: -47.304159 | Delta: 4.23e+00 | M: 9720.9155 | Path: GPU-cuStateVec MPI-distributed (2 ranks)
Iter 0012 | Energy: -52.141461 | Delta: 4.84e+00 | M: 64.8768 | Path: GPU-cuStateVec MPI-distributed (2 ranks)
Iter 0013 | Energy: -58.041127 | Delta: 5.90e+00 | M: 8753.8772 | Path: GPU-cuStateVec MPI-distributed (2 ranks)
Iter 0014 | Energy: -58.782722 | Delta: 7.42e-01 | M: 9188.3641 | Path: GPU-cuStateVec MPI-distributed (2 ranks)
Iter 0015 | Energy: -59.108855 | Delta: 3.26e-01 | M: 10550.6301 | Path: GPU-cuStateVec MPI-distributed (2 ranks)
[RESILIENCE] Iteration 15: Global theta state checkpointed at path checkpoints/H2O/checkpoint_iter_0015.npy. 
Iter 0016 | Energy: -59.107712 | Delta: 1.14e-03 | M: 9106.7191 | Path: GPU-cuStateVec MPI-distributed (2 ranks)
Iter 0017 | Energy: -59.253636 | Delta: 1.46e-01 | M: 9124.0567 | Path: GPU-cuStateVec MPI-distributed (2 ranks)
Iter 0018 | Energy: -59.657562 | Delta: 4.04e-01 | M: 8761.9451 | Path: GPU-cuStateVec MPI-distributed (2 ranks)
Iter 0019 | Energy: -59.776690 | Delta: 1.19e-01 | M: 9311.6867 | Path: GPU-cuStateVec MPI-distributed (2 ranks)
Iter 0020 | Energy: -60.022895 | Delta: 2.46e-01 | M: 8519.1423 | Path: GPU-cuStateVec MPI-distributed (2 ranks)
[RESILIENCE] Iteration 20: Global theta state checkpointed at path checkpoints/H2O/checkpoint_iter_0020.npy. 
Iter 0021 | Energy: -60.407839 | Delta: 3.85e-01 | M: 9606.3213 | Path: GPU-cuStateVec MPI-distributed (2 ranks)
Iter 0022 | Energy: -60.448116 | Delta: 4.03e-02 | M: 8774.3342 | Path: GPU-cuStateVec MPI-distributed (2 ranks)
Iter 0023 | Energy: -60.668313 | Delta: 2.20e-01 | M: 8663.1917 | Path: GPU-cuStateVec MPI-distributed (2 ranks)
Iter 0024 | Energy: -60.723607 | Delta: 5.53e-02 | M: 8385.4319 | Path: GPU-cuStateVec MPI-distributed (2 ranks)
Iter 0025 | Energy: -61.170939 | Delta: 4.47e-01 | M: 8217.9126 | Path: GPU-cuStateVec MPI-distributed (2 ranks)
[RESILIENCE] Iteration 25: Global theta state checkpointed at path checkpoints/H2O/checkpoint_iter_0025.npy. 
Iter 0026 | Energy: -64.376332 | Delta: 3.21e+00 | M: 64.6443 | Path: GPU-cuStateVec MPI-distributed (2 ranks)
Iter 0027 | Energy: -64.573487 | Delta: 1.97e-01 | M: 8780.8556 | Path: GPU-cuStateVec MPI-distributed (2 ranks)
Iter 0028 | Energy: -67.131535 | Delta: 2.56e+00 | M: 10606.7696 | Path: GPU-cuStateVec MPI-distributed (2 ranks)
Iter 0029 | Energy: -67.256193 | Delta: 1.25e-01 | M: 8653.2261 | Path: GPU-cuStateVec MPI-distributed (2 ranks)
Iter 0030 | Energy: -68.397780 | Delta: 1.14e+00 | M: 61.7457 | Path: GPU-cuStateVec MPI-distributed (2 ranks)
[RESILIENCE] Iteration 30: Global theta state checkpointed at path checkpoints/H2O/checkpoint_iter_0030.npy. 
Iter 0031 | Energy: -68.658456 | Delta: 2.61e-01 | M: 7752.5838 | Path: GPU-cuStateVec MPI-distributed (2 ranks)
Iter 0032 | Energy: -72.246680 | Delta: 3.59e+00 | M: 7015.2978 | Path: GPU-cuStateVec MPI-distributed (2 ranks)
Iter 0033 | Energy: -72.284873 | Delta: 3.82e-02 | M: 2.5280 | Path: GPU-cuStateVec MPI-distributed (2 ranks)
Iter 0034 | Energy: -73.816726 | Delta: 1.53e+00 | M: 7150.5768 | Path: GPU-cuStateVec MPI-distributed (2 ranks)
Iter 0035 | Energy: -73.988863 | Delta: 1.72e-01 | M: 7326.4838 | Path: GPU-cuStateVec MPI-distributed (2 ranks)
[RESILIENCE] Iteration 35: Global theta state checkpointed at path checkpoints/H2O/checkpoint_iter_0035.npy. 
Iter 0036 | Energy: -74.718277 | Delta: 7.29e-01 | M: 9785.3672 | Path: GPU-cuStateVec MPI-distributed (2 ranks)
Iter 0037 | Energy: -74.792123 | Delta: 7.38e-02 | M: 7324.1925 | Path: GPU-cuStateVec MPI-distributed (2 ranks)
NOTE: Energy -75.0827 crossed below FCI -75.0124 at iter 38 - HWE ansatz leaving physical sector (expected limitation)
Iter 0038 | Energy: -75.082724 | Delta: 2.91e-01 | M: 63.8835 | Path: GPU-cuStateVec MPI-distributed (2 ranks)
Iter 0039 | Energy: -75.073802 | Delta: 8.92e-03 | M: 11.2242 | Path: GPU-cuStateVec MPI-distributed (2 ranks)
Iter 0040 | Energy: -75.652345 | Delta: 5.79e-01 | M: 7418.2871 | Path: GPU-cuStateVec MPI-distributed (2 ranks)
[RESILIENCE] Iteration 40: Global theta state checkpointed at path checkpoints/H2O/checkpoint_iter_0040.npy. 
Iter 0041 | Energy: -75.708641 | Delta: 5.63e-02 | M: 96.9214 | Path: GPU-cuStateVec MPI-distributed (2 ranks)
Iter 0042 | Energy: -75.745708 | Delta: 3.71e-02 | M: 8047.7131 | Path: GPU-cuStateVec MPI-distributed (2 ranks)
Iter 0043 | Energy: -75.743097 | Delta: 2.61e-03 | M: 11198.0705 | Path: GPU-cuStateVec MPI-distributed (2 ranks)
Iter 0044 | Energy: -75.930972 | Delta: 1.88e-01 | M: 9181.2835 | Path: GPU-cuStateVec MPI-distributed (2 ranks)
Iter 0045 | Energy: -75.991241 | Delta: 6.03e-02 | M: 61.0789 | Path: GPU-cuStateVec MPI-distributed (2 ranks)
[RESILIENCE] Iteration 45: Global theta state checkpointed at path checkpoints/H2O/checkpoint_iter_0045.npy. 
Iter 0046 | Energy: -76.121235 | Delta: 1.30e-01 | M: 8605.4199 | Path: GPU-cuStateVec MPI-distributed (2 ranks)
Iter 0047 | Energy: -76.583062 | Delta: 4.62e-01 | M: 9534.6115 | Path: GPU-cuStateVec MPI-distributed (2 ranks)
Iter 0048 | Energy: -77.122689 | Delta: 5.40e-01 | M: 6647.9315 | Path: GPU-cuStateVec MPI-distributed (2 ranks)
Iter 0049 | Energy: -77.424598 | Delta: 3.02e-01 | M: 6485.0930 | Path: GPU-cuStateVec MPI-distributed (2 ranks)
Iter 0050 | Energy: -77.417361 | Delta: 7.24e-03 | M: 8536.4218 | Path: GPU-cuStateVec MPI-distributed (2 ranks)
[RESILIENCE] Iteration 50: Global theta state checkpointed at path checkpoints/H2O/checkpoint_iter_0050.npy. 
Iter 0051 | Energy: -77.486141 | Delta: 6.88e-02 | M: 9069.1250 | Path: GPU-cuStateVec MPI-distributed (2 ranks)
Iter 0052 | Energy: -77.689883 | Delta: 2.04e-01 | M: 8735.6516 | Path: GPU-cuStateVec MPI-distributed (2 ranks)
Iter 0053 | Energy: -77.807999 | Delta: 1.18e-01 | M: 8692.1122 | Path: GPU-cuStateVec MPI-distributed (2 ranks)
Iter 0054 | Energy: -77.824985 | Delta: 1.70e-02 | M: 8095.1400 | Path: GPU-cuStateVec MPI-distributed (2 ranks)
Iter 0055 | Energy: -78.010696 | Delta: 1.86e-01 | M: 25.2547 | Path: GPU-cuStateVec MPI-distributed (2 ranks)
[RESILIENCE] Iteration 55: Global theta state checkpointed at path checkpoints/H2O/checkpoint_iter_0055.npy. 
Iter 0056 | Energy: -78.091333 | Delta: 8.06e-02 | M: 7760.9367 | Path: GPU-cuStateVec MPI-distributed (2 ranks)
Iter 0057 | Energy: -78.119199 | Delta: 2.79e-02 | M: 9981.0612 | Path: GPU-cuStateVec MPI-distributed (2 ranks)
Iter 0058 | Energy: -78.210017 | Delta: 9.08e-02 | M: 8464.9288 | Path: GPU-cuStateVec MPI-distributed (2 ranks)
Iter 0059 | Energy: -78.334762 | Delta: 1.25e-01 | M: 64.6293 | Path: GPU-cuStateVec MPI-distributed (2 ranks)
Iter 0060 | Energy: -78.409454 | Delta: 7.47e-02 | M: 8860.4092 | Path: GPU-cuStateVec MPI-distributed (2 ranks)
[RESILIENCE] Iteration 60: Global theta state checkpointed at path checkpoints/H2O/checkpoint_iter_0060.npy. 
Iter 0061 | Energy: -78.489287 | Delta: 7.98e-02 | M: 11147.6856 | Path: GPU-cuStateVec MPI-distributed (2 ranks)
Iter 0062 | Energy: -78.535080 | Delta: 4.58e-02 | M: 8610.1160 | Path: GPU-cuStateVec MPI-distributed (2 ranks)
Iter 0063 | Energy: -78.601259 | Delta: 6.62e-02 | M: 8786.3373 | Path: GPU-cuStateVec MPI-distributed (2 ranks)
Iter 0064 | Energy: -78.816412 | Delta: 2.15e-01 | M: 11365.2550 | Path: GPU-cuStateVec MPI-distributed (2 ranks)
Iter 0065 | Energy: -78.885010 | Delta: 6.86e-02 | M: 8712.6353 | Path: GPU-cuStateVec MPI-distributed (2 ranks)
[RESILIENCE] Iteration 65: Global theta state checkpointed at path checkpoints/H2O/checkpoint_iter_0065.npy. 
Iter 0066 | Energy: -79.011539 | Delta: 1.27e-01 | M: 8137.1689 | Path: GPU-cuStateVec MPI-distributed (2 ranks)
Iter 0067 | Energy: -79.012091 | Delta: 5.51e-04 | M: 8959.7985 | Path: GPU-cuStateVec MPI-distributed (2 ranks)
Iter 0068 | Energy: -79.039318 | Delta: 2.72e-02 | M: 64.3233 | Path: GPU-cuStateVec MPI-distributed (2 ranks)
Iter 0069 | Energy: -79.285657 | Delta: 2.46e-01 | M: 11357.7268 | Path: GPU-cuStateVec MPI-distributed (2 ranks)
Iter 0070 | Energy: -79.273292 | Delta: 1.24e-02 | M: 8912.3524 | Path: GPU-cuStateVec MPI-distributed (2 ranks)
[RESILIENCE] Iteration 70: Global theta state checkpointed at path checkpoints/H2O/checkpoint_iter_0070.npy. 
Iter 0071 | Energy: -79.275286 | Delta: 1.99e-03 | M: 8785.3753 | Path: GPU-cuStateVec MPI-distributed (2 ranks)
Iter 0072 | Energy: -79.356840 | Delta: 8.16e-02 | M: 8283.8676 | Path: GPU-cuStateVec MPI-distributed (2 ranks)
Iter 0073 | Energy: -79.365608 | Delta: 8.77e-03 | M: 7845.4722 | Path: GPU-cuStateVec MPI-distributed (2 ranks)
Iter 0074 | Energy: -79.361994 | Delta: 3.61e-03 | M: 10542.1731 | Path: GPU-cuStateVec MPI-distributed (2 ranks)
Iter 0075 | Energy: -79.475059 | Delta: 1.13e-01 | M: 8637.0064 | Path: GPU-cuStateVec MPI-distributed (2 ranks)
[RESILIENCE] Iteration 75: Global theta state checkpointed at path checkpoints/H2O/checkpoint_iter_0075.npy. 
Iter 0076 | Energy: -79.496683 | Delta: 2.16e-02 | M: 9202.8418 | Path: GPU-cuStateVec MPI-distributed (2 ranks)
Iter 0077 | Energy: -79.669545 | Delta: 1.73e-01 | M: 8609.3644 | Path: GPU-cuStateVec MPI-distributed (2 ranks)
Iter 0078 | Energy: -79.678745 | Delta: 9.20e-03 | M: 9045.9016 | Path: GPU-cuStateVec MPI-distributed (2 ranks)
Iter 0079 | Energy: -79.692223 | Delta: 1.35e-02 | M: 64.9496 | Path: GPU-cuStateVec MPI-distributed (2 ranks)
Iter 0080 | Energy: -79.684103 | Delta: 8.12e-03 | M: 9160.6534 | Path: GPU-cuStateVec MPI-distributed (2 ranks)
[RESILIENCE] Iteration 80: Global theta state checkpointed at path checkpoints/H2O/checkpoint_iter_0080.npy. 
Iter 0081 | Energy: -79.777753 | Delta: 9.37e-02 | M: 12630.1941 | Path: GPU-cuStateVec MPI-distributed (2 ranks)
Iter 0082 | Energy: -79.801871 | Delta: 2.41e-02 | M: 9574.9425 | Path: GPU-cuStateVec MPI-distributed (2 ranks)
Iter 0083 | Energy: -79.857525 | Delta: 5.57e-02 | M: 1948.9147 | Path: GPU-cuStateVec MPI-distributed (2 ranks)
Iter 0084 | Energy: -79.865546 | Delta: 8.02e-03 | M: 8781.1197 | Path: GPU-cuStateVec MPI-distributed (2 ranks)
Iter 0085 | Energy: -79.864275 | Delta: 1.27e-03 | M: 8098.7649 | Path: GPU-cuStateVec MPI-distributed (2 ranks)
[RESILIENCE] Iteration 85: Global theta state checkpointed at path checkpoints/H2O/checkpoint_iter_0085.npy. 
Iter 0086 | Energy: -79.858531 | Delta: 5.74e-03 | M: 11417.2739 | Path: GPU-cuStateVec MPI-distributed (2 ranks)
Iter 0087 | Energy: -79.885583 | Delta: 2.71e-02 | M: 9994.7791 | Path: GPU-cuStateVec MPI-distributed (2 ranks)
Iter 0088 | Energy: -79.915755 | Delta: 3.02e-02 | M: 8951.6565 | Path: GPU-cuStateVec MPI-distributed (2 ranks)
Iter 0089 | Energy: -79.911209 | Delta: 4.55e-03 | M: 9326.2059 | Path: GPU-cuStateVec MPI-distributed (2 ranks)
Iter 0090 | Energy: -80.009208 | Delta: 9.80e-02 | M: 8846.0007 | Path: GPU-cuStateVec MPI-distributed (2 ranks)
[RESILIENCE] Iteration 90: Global theta state checkpointed at path checkpoints/H2O/checkpoint_iter_0090.npy. 
Iter 0091 | Energy: -80.047342 | Delta: 3.81e-02 | M: 72.3429 | Path: GPU-cuStateVec MPI-distributed (2 ranks)
Iter 0092 | Energy: -80.064039 | Delta: 1.67e-02 | M: 9461.2330 | Path: GPU-cuStateVec MPI-distributed (2 ranks)
Iter 0093 | Energy: -80.078583 | Delta: 1.45e-02 | M: 11338.1551 | Path: GPU-cuStateVec MPI-distributed (2 ranks)
Iter 0094 | Energy: -80.122022 | Delta: 4.34e-02 | M: 8660.5062 | Path: GPU-cuStateVec MPI-distributed (2 ranks)
Iter 0095 | Energy: -80.104013 | Delta: 1.80e-02 | M: 8043.1934 | Path: GPU-cuStateVec MPI-distributed (2 ranks)
[RESILIENCE] Iteration 95: Global theta state checkpointed at path checkpoints/H2O/checkpoint_iter_0095.npy. 
Iter 0096 | Energy: -80.102728 | Delta: 1.29e-03 | M: 2.5642 | Path: GPU-cuStateVec MPI-distributed (2 ranks)
Iter 0097 | Energy: -80.120782 | Delta: 1.81e-02 | M: 7130.8090 | Path: GPU-cuStateVec MPI-distributed (2 ranks)
Iter 0098 | Energy: -80.137925 | Delta: 1.71e-02 | M: 182.5786 | Path: GPU-cuStateVec MPI-distributed (2 ranks)
Iter 0099 | Energy: -80.160162 | Delta: 2.22e-02 | M: 8435.6497 | Path: GPU-cuStateVec MPI-distributed (2 ranks)
Iter 0100 | Energy: -80.183386 | Delta: 2.32e-02 | M: 9140.9835 | Path: GPU-cuStateVec MPI-distributed (2 ranks)
[RESILIENCE] Iteration 100: Global theta state checkpointed at path checkpoints/H2O/checkpoint_iter_0100.npy. 
Iter 0101 | Energy: -80.229441 | Delta: 4.61e-02 | M: 9533.4199 | Path: GPU-cuStateVec MPI-distributed (2 ranks)
Iter 0102 | Energy: -80.271818 | Delta: 4.24e-02 | M: 8987.9497 | Path: GPU-cuStateVec MPI-distributed (2 ranks)
Iter 0103 | Energy: -80.294274 | Delta: 2.25e-02 | M: 8466.9016 | Path: GPU-cuStateVec MPI-distributed (2 ranks)
Iter 0104 | Energy: -80.319048 | Delta: 2.48e-02 | M: 8336.5344 | Path: GPU-cuStateVec MPI-distributed (2 ranks)
Iter 0105 | Energy: -80.357329 | Delta: 3.83e-02 | M: 8466.1773 | Path: GPU-cuStateVec MPI-distributed (2 ranks)
[RESILIENCE] Iteration 105: Global theta state checkpointed at path checkpoints/H2O/checkpoint_iter_0105.npy. 
Iter 0106 | Energy: -80.375310 | Delta: 1.80e-02 | M: 9432.3064 | Path: GPU-cuStateVec MPI-distributed (2 ranks)
Iter 0107 | Energy: -80.363953 | Delta: 1.14e-02 | M: 10268.9353 | Path: GPU-cuStateVec MPI-distributed (2 ranks)
Iter 0108 | Energy: -80.409255 | Delta: 4.53e-02 | M: 8439.8540 | Path: GPU-cuStateVec MPI-distributed (2 ranks)
Iter 0109 | Energy: -80.440130 | Delta: 3.09e-02 | M: 11038.4753 | Path: GPU-cuStateVec MPI-distributed (2 ranks)
Iter 0110 | Energy: -80.432970 | Delta: 7.16e-03 | M: 25934.0408 | Path: GPU-cuStateVec MPI-distributed (2 ranks)
[RESILIENCE] Iteration 110: Global theta state checkpointed at path checkpoints/H2O/checkpoint_iter_0110.npy. 
Iter 0111 | Energy: -80.450021 | Delta: 1.71e-02 | M: 8265.6005 | Path: GPU-cuStateVec MPI-distributed (2 ranks)
Iter 0112 | Energy: -80.448529 | Delta: 1.49e-03 | M: 8890.2410 | Path: GPU-cuStateVec MPI-distributed (2 ranks)
Iter 0113 | Energy: -80.456080 | Delta: 7.55e-03 | M: 8418.2825 | Path: GPU-cuStateVec MPI-distributed (2 ranks)
Iter 0114 | Energy: -80.512582 | Delta: 5.65e-02 | M: 9549.4038 | Path: GPU-cuStateVec MPI-distributed (2 ranks)
Iter 0115 | Energy: -80.493532 | Delta: 1.91e-02 | M: 9174.0039 | Path: GPU-cuStateVec MPI-distributed (2 ranks)
[RESILIENCE] Iteration 115: Global theta state checkpointed at path checkpoints/H2O/checkpoint_iter_0115.npy. 
Iter 0116 | Energy: -80.497291 | Delta: 3.76e-03 | M: 9111.9035 | Path: GPU-cuStateVec MPI-distributed (2 ranks)
Iter 0117 | Energy: -80.511304 | Delta: 1.40e-02 | M: 9695.6550 | Path: GPU-cuStateVec MPI-distributed (2 ranks)
Iter 0118 | Energy: -80.563333 | Delta: 5.20e-02 | M: 63.9953 | Path: GPU-cuStateVec MPI-distributed (2 ranks)
Iter 0119 | Energy: -80.598274 | Delta: 3.49e-02 | M: 8158.9455 | Path: GPU-cuStateVec MPI-distributed (2 ranks)
Iter 0120 | Energy: -80.643509 | Delta: 4.52e-02 | M: 96.6225 | Path: GPU-cuStateVec MPI-distributed (2 ranks)
[RESILIENCE] Iteration 120: Global theta state checkpointed at path checkpoints/H2O/checkpoint_iter_0120.npy. 
Iter 0121 | Energy: -80.689600 | Delta: 4.61e-02 | M: 8578.6630 | Path: GPU-cuStateVec MPI-distributed (2 ranks)
Iter 0122 | Energy: -80.699466 | Delta: 9.87e-03 | M: 101.1659 | Path: GPU-cuStateVec MPI-distributed (2 ranks)
Iter 0123 | Energy: -80.738593 | Delta: 3.91e-02 | M: 8614.9781 | Path: GPU-cuStateVec MPI-distributed (2 ranks)
Iter 0124 | Energy: -80.753004 | Delta: 1.44e-02 | M: 9012.2172 | Path: GPU-cuStateVec MPI-distributed (2 ranks)
Iter 0125 | Energy: -80.755995 | Delta: 2.99e-03 | M: 9569.3041 | Path: GPU-cuStateVec MPI-distributed (2 ranks)
[RESILIENCE] Iteration 125: Global theta state checkpointed at path checkpoints/H2O/checkpoint_iter_0125.npy. 
Iter 0126 | Energy: -80.737520 | Delta: 1.85e-02 | M: 9585.8086 | Path: GPU-cuStateVec MPI-distributed (2 ranks)
Iter 0127 | Energy: -80.743128 | Delta: 5.61e-03 | M: 9319.3692 | Path: GPU-cuStateVec MPI-distributed (2 ranks)
Iter 0128 | Energy: -80.763172 | Delta: 2.00e-02 | M: 7747.3284 | Path: GPU-cuStateVec MPI-distributed (2 ranks)
Iter 0129 | Energy: -80.794106 | Delta: 3.09e-02 | M: 8989.0804 | Path: GPU-cuStateVec MPI-distributed (2 ranks)
Iter 0130 | Energy: -80.777741 | Delta: 1.64e-02 | M: 30.1490 | Path: GPU-cuStateVec MPI-distributed (2 ranks)
[RESILIENCE] Iteration 130: Global theta state checkpointed at path checkpoints/H2O/checkpoint_iter_0130.npy. 
Iter 0131 | Energy: -80.782321 | Delta: 4.58e-03 | M: 8325.8550 | Path: GPU-cuStateVec MPI-distributed (2 ranks)
Iter 0132 | Energy: -80.805593 | Delta: 2.33e-02 | M: 10129.9497 | Path: GPU-cuStateVec MPI-distributed (2 ranks)
Iter 0133 | Energy: -80.822961 | Delta: 1.74e-02 | M: 7641.4779 | Path: GPU-cuStateVec MPI-distributed (2 ranks)
Iter 0134 | Energy: -80.807614 | Delta: 1.53e-02 | M: 8653.3812 | Path: GPU-cuStateVec MPI-distributed (2 ranks)
Iter 0135 | Energy: -80.812390 | Delta: 4.78e-03 | M: 62.8969 | Path: GPU-cuStateVec MPI-distributed (2 ranks)
[RESILIENCE] Iteration 135: Global theta state checkpointed at path checkpoints/H2O/checkpoint_iter_0135.npy. 
Iter 0136 | Energy: -80.809713 | Delta: 2.68e-03 | M: 9090.5209 | Path: GPU-cuStateVec MPI-distributed (2 ranks)
Iter 0137 | Energy: -80.815385 | Delta: 5.67e-03 | M: 9404.4833 | Path: GPU-cuStateVec MPI-distributed (2 ranks)
Iter 0138 | Energy: -80.831187 | Delta: 1.58e-02 | M: 64.0563 | Path: GPU-cuStateVec MPI-distributed (2 ranks)
Iter 0139 | Energy: -80.848581 | Delta: 1.74e-02 | M: 9857.8059 | Path: GPU-cuStateVec MPI-distributed (2 ranks)
Iter 0140 | Energy: -80.843182 | Delta: 5.40e-03 | M: 9368.3854 | Path: GPU-cuStateVec MPI-distributed (2 ranks)
[RESILIENCE] Iteration 140: Global theta state checkpointed at path checkpoints/H2O/checkpoint_iter_0140.npy. 
Iter 0141 | Energy: -80.850076 | Delta: 6.89e-03 | M: 8748.3579 | Path: GPU-cuStateVec MPI-distributed (2 ranks)
Iter 0142 | Energy: -80.854803 | Delta: 4.73e-03 | M: 9785.1055 | Path: GPU-cuStateVec MPI-distributed (2 ranks)
Iter 0143 | Energy: -80.840061 | Delta: 1.47e-02 | M: 8446.4763 | Path: GPU-cuStateVec MPI-distributed (2 ranks)
Iter 0144 | Energy: -80.857683 | Delta: 1.76e-02 | M: 8563.6864 | Path: GPU-cuStateVec MPI-distributed (2 ranks)
Iter 0145 | Energy: -80.877200 | Delta: 1.95e-02 | M: 87.5278 | Path: GPU-cuStateVec MPI-distributed (2 ranks)
[RESILIENCE] Iteration 145: Global theta state checkpointed at path checkpoints/H2O/checkpoint_iter_0145.npy. 
Iter 0146 | Energy: -80.897452 | Delta: 2.03e-02 | M: 9512.9058 | Path: GPU-cuStateVec MPI-distributed (2 ranks)
Iter 0147 | Energy: -80.881467 | Delta: 1.60e-02 | M: 8235.9828 | Path: GPU-cuStateVec MPI-distributed (2 ranks)
Iter 0148 | Energy: -80.877999 | Delta: 3.47e-03 | M: 8179.3823 | Path: GPU-cuStateVec MPI-distributed (2 ranks)
Iter 0149 | Energy: -80.886314 | Delta: 8.31e-03 | M: 11592.7197 | Path: GPU-cuStateVec MPI-distributed (2 ranks)
Iter 0150 | Energy: -80.893246 | Delta: 6.93e-03 | M: 8715.2025 | Path: GPU-cuStateVec MPI-distributed (2 ranks)
[RESILIENCE] Iteration 150: Global theta state checkpointed at path checkpoints/H2O/checkpoint_iter_0150.npy. 
Iter 0151 | Energy: -80.889765 | Delta: 3.48e-03 | M: 12276.3474 | Path: GPU-cuStateVec MPI-distributed (2 ranks)
Iter 0152 | Energy: -80.885444 | Delta: 4.32e-03 | M: 8461.5046 | Path: GPU-cuStateVec MPI-distributed (2 ranks)
Iter 0153 | Energy: -80.873523 | Delta: 1.19e-02 | M: 55.7883 | Path: GPU-cuStateVec MPI-distributed (2 ranks)
Iter 0154 | Energy: -80.908199 | Delta: 3.47e-02 | M: 66.6650 | Path: GPU-cuStateVec MPI-distributed (2 ranks)
Iter 0155 | Energy: -80.927730 | Delta: 1.95e-02 | M: 88.6188 | Path: GPU-cuStateVec MPI-distributed (2 ranks)
[RESILIENCE] Iteration 155: Global theta state checkpointed at path checkpoints/H2O/checkpoint_iter_0155.npy. 
Iter 0156 | Energy: -80.988069 | Delta: 6.03e-02 | M: 10022.6700 | Path: GPU-cuStateVec MPI-distributed (2 ranks)
Iter 0157 | Energy: -80.976269 | Delta: 1.18e-02 | M: 9363.1653 | Path: GPU-cuStateVec MPI-distributed (2 ranks)
Iter 0158 | Energy: -80.991528 | Delta: 1.53e-02 | M: 9015.5094 | Path: GPU-cuStateVec MPI-distributed (2 ranks)
Iter 0159 | Energy: -81.004407 | Delta: 1.29e-02 | M: 2.8518 | Path: GPU-cuStateVec MPI-distributed (2 ranks)
Iter 0160 | Energy: -81.002063 | Delta: 2.34e-03 | M: 7755.8154 | Path: GPU-cuStateVec MPI-distributed (2 ranks)
[RESILIENCE] Iteration 160: Global theta state checkpointed at path checkpoints/H2O/checkpoint_iter_0160.npy. 
Iter 0161 | Energy: -81.004366 | Delta: 2.30e-03 | M: 93.8986 | Path: GPU-cuStateVec MPI-distributed (2 ranks)
Iter 0162 | Energy: -81.021457 | Delta: 1.71e-02 | M: 7906.5402 | Path: GPU-cuStateVec MPI-distributed (2 ranks)
Iter 0163 | Energy: -81.042859 | Delta: 2.14e-02 | M: 8602.5330 | Path: GPU-cuStateVec MPI-distributed (2 ranks)
Iter 0164 | Energy: -81.027113 | Delta: 1.57e-02 | M: 8568.2814 | Path: GPU-cuStateVec MPI-distributed (2 ranks)
Iter 0165 | Energy: -81.034085 | Delta: 6.97e-03 | M: 9403.4520 | Path: GPU-cuStateVec MPI-distributed (2 ranks)
[RESILIENCE] Iteration 165: Global theta state checkpointed at path checkpoints/H2O/checkpoint_iter_0165.npy. 
Iter 0166 | Energy: -81.045355 | Delta: 1.13e-02 | M: 6.1604 | Path: GPU-cuStateVec MPI-distributed (2 ranks)
Iter 0167 | Energy: -81.088641 | Delta: 4.33e-02 | M: 8351.9228 | Path: GPU-cuStateVec MPI-distributed (2 ranks)
Iter 0168 | Energy: -81.085161 | Delta: 3.48e-03 | M: 12834.8955 | Path: GPU-cuStateVec MPI-distributed (2 ranks)
Iter 0169 | Energy: -81.058858 | Delta: 2.63e-02 | M: 9105.6637 | Path: GPU-cuStateVec MPI-distributed (2 ranks)
Iter 0170 | Energy: -81.088997 | Delta: 3.01e-02 | M: 8850.0661 | Path: GPU-cuStateVec MPI-distributed (2 ranks)
[RESILIENCE] Iteration 170: Global theta state checkpointed at path checkpoints/H2O/checkpoint_iter_0170.npy. 
Iter 0171 | Energy: -81.080668 | Delta: 8.33e-03 | M: 8786.4791 | Path: GPU-cuStateVec MPI-distributed (2 ranks)
Iter 0172 | Energy: -81.094563 | Delta: 1.39e-02 | M: 8345.0718 | Path: GPU-cuStateVec MPI-distributed (2 ranks)
Iter 0173 | Energy: -81.082457 | Delta: 1.21e-02 | M: 11493.1666 | Path: GPU-cuStateVec MPI-distributed (2 ranks)
Iter 0174 | Energy: -81.083848 | Delta: 1.39e-03 | M: 8757.2457 | Path: GPU-cuStateVec MPI-distributed (2 ranks)
Iter 0175 | Energy: -81.080585 | Delta: 3.26e-03 | M: 8476.1866 | Path: GPU-cuStateVec MPI-distributed (2 ranks)
[RESILIENCE] Iteration 175: Global theta state checkpointed at path checkpoints/H2O/checkpoint_iter_0175.npy. 
Iter 0176 | Energy: -81.082875 | Delta: 2.29e-03 | M: 9300.1358 | Path: GPU-cuStateVec MPI-distributed (2 ranks)
Iter 0177 | Energy: -81.129663 | Delta: 4.68e-02 | M: 11692.0162 | Path: GPU-cuStateVec MPI-distributed (2 ranks)
Iter 0178 | Energy: -81.080355 | Delta: 4.93e-02 | M: 9444.4677 | Path: GPU-cuStateVec MPI-distributed (2 ranks)
Iter 0179 | Energy: -81.076434 | Delta: 3.92e-03 | M: 9058.1767 | Path: GPU-cuStateVec MPI-distributed (2 ranks)
Iter 0180 | Energy: -81.091522 | Delta: 1.51e-02 | M: 8585.8890 | Path: GPU-cuStateVec MPI-distributed (2 ranks)
[RESILIENCE] Iteration 180: Global theta state checkpointed at path checkpoints/H2O/checkpoint_iter_0180.npy. 
Iter 0181 | Energy: -81.139127 | Delta: 4.76e-02 | M: 12084.5342 | Path: GPU-cuStateVec MPI-distributed (2 ranks)
Iter 0182 | Energy: -81.166630 | Delta: 2.75e-02 | M: 9021.3479 | Path: GPU-cuStateVec MPI-distributed (2 ranks)
Iter 0183 | Energy: -81.197747 | Delta: 3.11e-02 | M: 67.9462 | Path: GPU-cuStateVec MPI-distributed (2 ranks)
Iter 0184 | Energy: -81.165560 | Delta: 3.22e-02 | M: 91.1098 | Path: GPU-cuStateVec MPI-distributed (2 ranks)
Iter 0185 | Energy: -81.164848 | Delta: 7.12e-04 | M: 9230.1447 | Path: GPU-cuStateVec MPI-distributed (2 ranks)
[RESILIENCE] Iteration 185: Global theta state checkpointed at path checkpoints/H2O/checkpoint_iter_0185.npy. 
Iter 0186 | Energy: -81.175867 | Delta: 1.10e-02 | M: 9266.6757 | Path: GPU-cuStateVec MPI-distributed (2 ranks)
Iter 0187 | Energy: -81.205258 | Delta: 2.94e-02 | M: 92.9450 | Path: GPU-cuStateVec MPI-distributed (2 ranks)
Iter 0188 | Energy: -81.206541 | Delta: 1.28e-03 | M: 8647.7167 | Path: GPU-cuStateVec MPI-distributed (2 ranks)
Iter 0189 | Energy: -81.214902 | Delta: 8.36e-03 | M: 11330.6178 | Path: GPU-cuStateVec MPI-distributed (2 ranks)
Iter 0190 | Energy: -81.222216 | Delta: 7.31e-03 | M: 8719.5183 | Path: GPU-cuStateVec MPI-distributed (2 ranks)
[RESILIENCE] Iteration 190: Global theta state checkpointed at path checkpoints/H2O/checkpoint_iter_0190.npy. 
Iter 0191 | Energy: -81.230905 | Delta: 8.69e-03 | M: 9755.6146 | Path: GPU-cuStateVec MPI-distributed (2 ranks)
Iter 0192 | Energy: -81.224451 | Delta: 6.45e-03 | M: 9024.3119 | Path: GPU-cuStateVec MPI-distributed (2 ranks)
Iter 0193 | Energy: -81.247403 | Delta: 2.30e-02 | M: 91.2800 | Path: GPU-cuStateVec MPI-distributed (2 ranks)
Iter 0194 | Energy: -81.260941 | Delta: 1.35e-02 | M: 8393.7499 | Path: GPU-cuStateVec MPI-distributed (2 ranks)
Iter 0195 | Energy: -81.244987 | Delta: 1.60e-02 | M: 61.6675 | Path: GPU-cuStateVec MPI-distributed (2 ranks)
[RESILIENCE] Iteration 195: Global theta state checkpointed at path checkpoints/H2O/checkpoint_iter_0195.npy. 
Iter 0196 | Energy: -81.265512 | Delta: 2.05e-02 | M: 9163.5881 | Path: GPU-cuStateVec MPI-distributed (2 ranks)
Iter 0197 | Energy: -81.280975 | Delta: 1.55e-02 | M: 9019.9932 | Path: GPU-cuStateVec MPI-distributed (2 ranks)
Iter 0198 | Energy: -81.249793 | Delta: 3.12e-02 | M: 3.1981 | Path: GPU-cuStateVec MPI-distributed (2 ranks)
Iter 0199 | Energy: -81.261414 | Delta: 1.16e-02 | M: 8321.6691 | Path: GPU-cuStateVec MPI-distributed (2 ranks)
Iter 0200 | Energy: -81.339699 | Delta: 7.83e-02 | M: 8600.1461 | Path: GPU-cuStateVec MPI-distributed (2 ranks)
[RESILIENCE] Iteration 200: Global theta state checkpointed at path checkpoints/H2O/checkpoint_iter_0200.npy. 
Iter 0201 | Energy: -81.352753 | Delta: 1.31e-02 | M: 8548.2620 | Path: GPU-cuStateVec MPI-distributed (2 ranks)
Iter 0202 | Energy: -81.381257 | Delta: 2.85e-02 | M: 7810.8317 | Path: GPU-cuStateVec MPI-distributed (2 ranks)
Iter 0203 | Energy: -81.363937 | Delta: 1.73e-02 | M: 8931.3909 | Path: GPU-cuStateVec MPI-distributed (2 ranks)
Iter 0204 | Energy: -81.381442 | Delta: 1.75e-02 | M: 9724.7208 | Path: GPU-cuStateVec MPI-distributed (2 ranks)
Iter 0205 | Energy: -81.378656 | Delta: 2.79e-03 | M: 8933.3685 | Path: GPU-cuStateVec MPI-distributed (2 ranks)
[RESILIENCE] Iteration 205: Global theta state checkpointed at path checkpoints/H2O/checkpoint_iter_0205.npy. 
Iter 0206 | Energy: -81.419491 | Delta: 4.08e-02 | M: 88.6292 | Path: GPU-cuStateVec MPI-distributed (2 ranks)
Iter 0207 | Energy: -81.402854 | Delta: 1.66e-02 | M: 9408.0671 | Path: GPU-cuStateVec MPI-distributed (2 ranks)
Iter 0208 | Energy: -81.395738 | Delta: 7.12e-03 | M: 64.7232 | Path: GPU-cuStateVec MPI-distributed (2 ranks)
Iter 0209 | Energy: -81.471360 | Delta: 7.56e-02 | M: 9715.6169 | Path: GPU-cuStateVec MPI-distributed (2 ranks)
Iter 0210 | Energy: -81.425577 | Delta: 4.58e-02 | M: 8362.2787 | Path: GPU-cuStateVec MPI-distributed (2 ranks)
[RESILIENCE] Iteration 210: Global theta state checkpointed at path checkpoints/H2O/checkpoint_iter_0210.npy. 
Iter 0211 | Energy: -81.469958 | Delta: 4.44e-02 | M: 62.8933 | Path: GPU-cuStateVec MPI-distributed (2 ranks)
Iter 0212 | Energy: -81.492111 | Delta: 2.22e-02 | M: 9091.4381 | Path: GPU-cuStateVec MPI-distributed (2 ranks)
Iter 0213 | Energy: -81.495311 | Delta: 3.20e-03 | M: 9889.0147 | Path: GPU-cuStateVec MPI-distributed (2 ranks)
Iter 0214 | Energy: -81.481538 | Delta: 1.38e-02 | M: 8891.9763 | Path: GPU-cuStateVec MPI-distributed (2 ranks)
Iter 0215 | Energy: -81.500634 | Delta: 1.91e-02 | M: 90.2592 | Path: GPU-cuStateVec MPI-distributed (2 ranks)
[RESILIENCE] Iteration 215: Global theta state checkpointed at path checkpoints/H2O/checkpoint_iter_0215.npy. 
Iter 0216 | Energy: -81.499632 | Delta: 1.00e-03 | M: 6494.9856 | Path: GPU-cuStateVec MPI-distributed (2 ranks)
Iter 0217 | Energy: -81.527269 | Delta: 2.76e-02 | M: 64.4899 | Path: GPU-cuStateVec MPI-distributed (2 ranks)
Iter 0218 | Energy: -81.499978 | Delta: 2.73e-02 | M: 2.4860 | Path: GPU-cuStateVec MPI-distributed (2 ranks)
Iter 0219 | Energy: -81.530504 | Delta: 3.05e-02 | M: 9405.2610 | Path: GPU-cuStateVec MPI-distributed (2 ranks)
Iter 0220 | Energy: -81.508814 | Delta: 2.17e-02 | M: 64.9227 | Path: GPU-cuStateVec MPI-distributed (2 ranks)
[RESILIENCE] Iteration 220: Global theta state checkpointed at path checkpoints/H2O/checkpoint_iter_0220.npy. 
Iter 0221 | Energy: -81.517097 | Delta: 8.28e-03 | M: 8167.1935 | Path: GPU-cuStateVec MPI-distributed (2 ranks)
Iter 0222 | Energy: -81.494043 | Delta: 2.31e-02 | M: 9276.9130 | Path: GPU-cuStateVec MPI-distributed (2 ranks)
Iter 0223 | Energy: -81.522564 | Delta: 2.85e-02 | M: 8880.9587 | Path: GPU-cuStateVec MPI-distributed (2 ranks)
Iter 0224 | Energy: -81.539991 | Delta: 1.74e-02 | M: 2.5752 | Path: GPU-cuStateVec MPI-distributed (2 ranks)
Iter 0225 | Energy: -81.529568 | Delta: 1.04e-02 | M: 7580.4798 | Path: GPU-cuStateVec MPI-distributed (2 ranks)
[RESILIENCE] Iteration 225: Global theta state checkpointed at path checkpoints/H2O/checkpoint_iter_0225.npy. 
Iter 0226 | Energy: -81.519777 | Delta: 9.79e-03 | M: 8347.0029 | Path: GPU-cuStateVec MPI-distributed (2 ranks)
Iter 0227 | Energy: -81.567383 | Delta: 4.76e-02 | M: 8584.1013 | Path: GPU-cuStateVec MPI-distributed (2 ranks)
Iter 0228 | Energy: -81.545138 | Delta: 2.22e-02 | M: 10292.0884 | Path: GPU-cuStateVec MPI-distributed (2 ranks)
Iter 0229 | Energy: -81.563608 | Delta: 1.85e-02 | M: 88.0737 | Path: GPU-cuStateVec MPI-distributed (2 ranks)
Iter 0230 | Energy: -81.576557 | Delta: 1.29e-02 | M: 8787.3643 | Path: GPU-cuStateVec MPI-distributed (2 ranks)
[RESILIENCE] Iteration 230: Global theta state checkpointed at path checkpoints/H2O/checkpoint_iter_0230.npy. 
Iter 0231 | Energy: -81.570303 | Delta: 6.25e-03 | M: 8139.9747 | Path: GPU-cuStateVec MPI-distributed (2 ranks)
Iter 0232 | Energy: -81.552353 | Delta: 1.80e-02 | M: 9223.5790 | Path: GPU-cuStateVec MPI-distributed (2 ranks)
Iter 0233 | Energy: -81.552680 | Delta: 3.27e-04 | M: 10707.4626 | Path: GPU-cuStateVec MPI-distributed (2 ranks)
Iter 0234 | Energy: -81.553752 | Delta: 1.07e-03 | M: 8954.3890 | Path: GPU-cuStateVec MPI-distributed (2 ranks)
Iter 0235 | Energy: -81.604538 | Delta: 5.08e-02 | M: 11938.5027 | Path: GPU-cuStateVec MPI-distributed (2 ranks)
[RESILIENCE] Iteration 235: Global theta state checkpointed at path checkpoints/H2O/checkpoint_iter_0235.npy. 
Iter 0236 | Energy: -81.596457 | Delta: 8.08e-03 | M: 9112.5004 | Path: GPU-cuStateVec MPI-distributed (2 ranks)
Iter 0237 | Energy: -81.597760 | Delta: 1.30e-03 | M: 65.4634 | Path: GPU-cuStateVec MPI-distributed (2 ranks)
Iter 0238 | Energy: -81.595491 | Delta: 2.27e-03 | M: 9340.2574 | Path: GPU-cuStateVec MPI-distributed (2 ranks)
Iter 0239 | Energy: -81.583568 | Delta: 1.19e-02 | M: 8475.8341 | Path: GPU-cuStateVec MPI-distributed (2 ranks)
Iter 0240 | Energy: -81.539408 | Delta: 4.42e-02 | M: 64.2805 | Path: GPU-cuStateVec MPI-distributed (2 ranks)
[RESILIENCE] Iteration 240: Global theta state checkpointed at path checkpoints/H2O/checkpoint_iter_0240.npy. 
Iter 0241 | Energy: -81.614240 | Delta: 7.48e-02 | M: 8619.9088 | Path: GPU-cuStateVec MPI-distributed (2 ranks)
Iter 0242 | Energy: -81.626914 | Delta: 1.27e-02 | M: 8519.7596 | Path: GPU-cuStateVec MPI-distributed (2 ranks)
Iter 0243 | Energy: -81.627118 | Delta: 2.04e-04 | M: 88.5886 | Path: GPU-cuStateVec MPI-distributed (2 ranks)
Iter 0244 | Energy: -81.634327 | Delta: 7.21e-03 | M: 8231.1444 | Path: GPU-cuStateVec MPI-distributed (2 ranks)
Iter 0245 | Energy: -81.607690 | Delta: 2.66e-02 | M: 8669.8216 | Path: GPU-cuStateVec MPI-distributed (2 ranks)
[RESILIENCE] Iteration 245: Global theta state checkpointed at path checkpoints/H2O/checkpoint_iter_0245.npy. 
Iter 0246 | Energy: -81.604656 | Delta: 3.03e-03 | M: 7962.4726 | Path: GPU-cuStateVec MPI-distributed (2 ranks)
Iter 0247 | Energy: -81.626329 | Delta: 2.17e-02 | M: 11540.1775 | Path: GPU-cuStateVec MPI-distributed (2 ranks)
Iter 0248 | Energy: -81.603155 | Delta: 2.32e-02 | M: 92.4125 | Path: GPU-cuStateVec MPI-distributed (2 ranks)
Iter 0249 | Energy: -81.611535 | Delta: 8.38e-03 | M: 9337.6307 | Path: GPU-cuStateVec MPI-distributed (2 ranks)
Iter 0250 | Energy: -81.589812 | Delta: 2.17e-02 | M: 68.1872 | Path: GPU-cuStateVec MPI-distributed (2 ranks)
[RESILIENCE] Iteration 250: Global theta state checkpointed at path checkpoints/H2O/checkpoint_iter_0250.npy. 
Iter 0251 | Energy: -81.601412 | Delta: 1.16e-02 | M: 8607.4953 | Path: GPU-cuStateVec MPI-distributed (2 ranks)
Iter 0252 | Energy: -81.641519 | Delta: 4.01e-02 | M: 8889.2230 | Path: GPU-cuStateVec MPI-distributed (2 ranks)
Iter 0253 | Energy: -81.644521 | Delta: 3.00e-03 | M: 8605.3981 | Path: GPU-cuStateVec MPI-distributed (2 ranks)
Iter 0254 | Energy: -81.647648 | Delta: 3.13e-03 | M: 8499.3680 | Path: GPU-cuStateVec MPI-distributed (2 ranks)
Iter 0255 | Energy: -81.669551 | Delta: 2.19e-02 | M: 8095.8035 | Path: GPU-cuStateVec MPI-distributed (2 ranks)
[RESILIENCE] Iteration 255: Global theta state checkpointed at path checkpoints/H2O/checkpoint_iter_0255.npy. 
Iter 0256 | Energy: -81.642656 | Delta: 2.69e-02 | M: 8415.5500 | Path: GPU-cuStateVec MPI-distributed (2 ranks)
Iter 0257 | Energy: -81.661540 | Delta: 1.89e-02 | M: 29344.5369 | Path: GPU-cuStateVec MPI-distributed (2 ranks)
Iter 0258 | Energy: -81.635558 | Delta: 2.60e-02 | M: 8464.0169 | Path: GPU-cuStateVec MPI-distributed (2 ranks)
Iter 0259 | Energy: -81.646889 | Delta: 1.13e-02 | M: 75.3712 | Path: GPU-cuStateVec MPI-distributed (2 ranks)
Iter 0260 | Energy: -81.667783 | Delta: 2.09e-02 | M: 8685.0744 | Path: GPU-cuStateVec MPI-distributed (2 ranks)
[RESILIENCE] Iteration 260: Global theta state checkpointed at path checkpoints/H2O/checkpoint_iter_0260.npy. 
Iter 0261 | Energy: -81.653751 | Delta: 1.40e-02 | M: 64.1352 | Path: GPU-cuStateVec MPI-distributed (2 ranks)
Iter 0262 | Energy: -81.643532 | Delta: 1.02e-02 | M: 8863.8320 | Path: GPU-cuStateVec MPI-distributed (2 ranks)
Iter 0263 | Energy: -81.652660 | Delta: 9.13e-03 | M: 8690.8155 | Path: GPU-cuStateVec MPI-distributed (2 ranks)
Iter 0264 | Energy: -81.668535 | Delta: 1.59e-02 | M: 11672.7200 | Path: GPU-cuStateVec MPI-distributed (2 ranks)
Iter 0265 | Energy: -81.660970 | Delta: 7.57e-03 | M: 9101.1317 | Path: GPU-cuStateVec MPI-distributed (2 ranks)
[RESILIENCE] Iteration 265: Global theta state checkpointed at path checkpoints/H2O/checkpoint_iter_0265.npy. 
Iter 0266 | Energy: -81.658931 | Delta: 2.04e-03 | M: 137.2073 | Path: GPU-cuStateVec MPI-distributed (2 ranks)
Iter 0267 | Energy: -81.678777 | Delta: 1.98e-02 | M: 8462.2903 | Path: GPU-cuStateVec MPI-distributed (2 ranks)
Iter 0268 | Energy: -81.662393 | Delta: 1.64e-02 | M: 8387.2429 | Path: GPU-cuStateVec MPI-distributed (2 ranks)
Iter 0269 | Energy: -81.668549 | Delta: 6.16e-03 | M: 11137.2585 | Path: GPU-cuStateVec MPI-distributed (2 ranks)
Iter 0270 | Energy: -81.680847 | Delta: 1.23e-02 | M: 8940.1949 | Path: GPU-cuStateVec MPI-distributed (2 ranks)
[RESILIENCE] Iteration 270: Global theta state checkpointed at path checkpoints/H2O/checkpoint_iter_0270.npy. 
Iter 0271 | Energy: -81.679264 | Delta: 1.58e-03 | M: 8180.1291 | Path: GPU-cuStateVec MPI-distributed (2 ranks)
Iter 0272 | Energy: -81.738167 | Delta: 5.89e-02 | M: 8527.5594 | Path: GPU-cuStateVec MPI-distributed (2 ranks)
Iter 0273 | Energy: -81.737073 | Delta: 1.09e-03 | M: 94.9333 | Path: GPU-cuStateVec MPI-distributed (2 ranks)
Iter 0274 | Energy: -81.736450 | Delta: 6.22e-04 | M: 11993.7144 | Path: GPU-cuStateVec MPI-distributed (2 ranks)
Iter 0275 | Energy: -81.724928 | Delta: 1.15e-02 | M: 9206.9751 | Path: GPU-cuStateVec MPI-distributed (2 ranks)
[RESILIENCE] Iteration 275: Global theta state checkpointed at path checkpoints/H2O/checkpoint_iter_0275.npy. 
Iter 0276 | Energy: -81.726763 | Delta: 1.83e-03 | M: 9536.3187 | Path: GPU-cuStateVec MPI-distributed (2 ranks)
Iter 0277 | Energy: -81.715895 | Delta: 1.09e-02 | M: 10617.2694 | Path: GPU-cuStateVec MPI-distributed (2 ranks)
Iter 0278 | Energy: -81.707092 | Delta: 8.80e-03 | M: 94.4008 | Path: GPU-cuStateVec MPI-distributed (2 ranks)
Iter 0279 | Energy: -81.717853 | Delta: 1.08e-02 | M: 9495.3107 | Path: GPU-cuStateVec MPI-distributed (2 ranks)
Iter 0280 | Energy: -81.755703 | Delta: 3.79e-02 | M: 7966.4262 | Path: GPU-cuStateVec MPI-distributed (2 ranks)
[RESILIENCE] Iteration 280: Global theta state checkpointed at path checkpoints/H2O/checkpoint_iter_0280.npy. 
Iter 0281 | Energy: -81.728785 | Delta: 2.69e-02 | M: 92.8159 | Path: GPU-cuStateVec MPI-distributed (2 ranks)
Iter 0282 | Energy: -81.734799 | Delta: 6.01e-03 | M: 8957.0653 | Path: GPU-cuStateVec MPI-distributed (2 ranks)
Iter 0283 | Energy: -81.749227 | Delta: 1.44e-02 | M: 5770.5008 | Path: GPU-cuStateVec MPI-distributed (2 ranks)
Iter 0284 | Energy: -81.772780 | Delta: 2.36e-02 | M: 62.8463 | Path: GPU-cuStateVec MPI-distributed (2 ranks)
Iter 0285 | Energy: -81.770935 | Delta: 1.84e-03 | M: 9318.4485 | Path: GPU-cuStateVec MPI-distributed (2 ranks)
[RESILIENCE] Iteration 285: Global theta state checkpointed at path checkpoints/H2O/checkpoint_iter_0285.npy. 
Iter 0286 | Energy: -81.775716 | Delta: 4.78e-03 | M: 8615.8616 | Path: GPU-cuStateVec MPI-distributed (2 ranks)
Iter 0287 | Energy: -81.756000 | Delta: 1.97e-02 | M: 8743.1243 | Path: GPU-cuStateVec MPI-distributed (2 ranks)
Iter 0288 | Energy: -81.768804 | Delta: 1.28e-02 | M: 8337.1530 | Path: GPU-cuStateVec MPI-distributed (2 ranks)
Iter 0289 | Energy: -81.769289 | Delta: 4.85e-04 | M: 10009.8739 | Path: GPU-cuStateVec MPI-distributed (2 ranks)
Iter 0290 | Energy: -81.749158 | Delta: 2.01e-02 | M: 8466.8810 | Path: GPU-cuStateVec MPI-distributed (2 ranks)
[RESILIENCE] Iteration 290: Global theta state checkpointed at path checkpoints/H2O/checkpoint_iter_0290.npy. 
Iter 0291 | Energy: -81.779142 | Delta: 3.00e-02 | M: 9128.8783 | Path: GPU-cuStateVec MPI-distributed (2 ranks)
Iter 0292 | Energy: -81.805892 | Delta: 2.67e-02 | M: 7843.4780 | Path: GPU-cuStateVec MPI-distributed (2 ranks)
Iter 0293 | Energy: -81.761939 | Delta: 4.40e-02 | M: 9178.1203 | Path: GPU-cuStateVec MPI-distributed (2 ranks)
Iter 0294 | Energy: -81.748242 | Delta: 1.37e-02 | M: 11029.2317 | Path: GPU-cuStateVec MPI-distributed (2 ranks)
Iter 0295 | Energy: -81.815484 | Delta: 6.72e-02 | M: 8580.7474 | Path: GPU-cuStateVec MPI-distributed (2 ranks)
[RESILIENCE] Iteration 295: Global theta state checkpointed at path checkpoints/H2O/checkpoint_iter_0295.npy. 
Iter 0296 | Energy: -81.788284 | Delta: 2.72e-02 | M: 10.0441 | Path: GPU-cuStateVec MPI-distributed (2 ranks)
Iter 0297 | Energy: -81.825597 | Delta: 3.73e-02 | M: 8914.1670 | Path: GPU-cuStateVec MPI-distributed (2 ranks)
Iter 0298 | Energy: -81.780525 | Delta: 4.51e-02 | M: 2.9795 | Path: GPU-cuStateVec MPI-distributed (2 ranks)
Iter 0299 | Energy: -81.818514 | Delta: 3.80e-02 | M: 8202.6139 | Path: GPU-cuStateVec MPI-distributed (2 ranks)
Iter 0300 | Energy: -81.802495 | Delta: 1.60e-02 | M: 85.1529 | Path: GPU-cuStateVec MPI-distributed (2 ranks)
[RESILIENCE] Iteration 300: Global theta state checkpointed at path checkpoints/H2O/checkpoint_iter_0300.npy. 
Iter 0301 | Energy: -81.788004 | Delta: 1.45e-02 | M: 64.3819 | Path: GPU-cuStateVec MPI-distributed (2 ranks)
Iter 0302 | Energy: -81.831418 | Delta: 4.34e-02 | M: 11752.5198 | Path: GPU-cuStateVec MPI-distributed (2 ranks)
Iter 0303 | Energy: -81.796097 | Delta: 3.53e-02 | M: 9482.6087 | Path: GPU-cuStateVec MPI-distributed (2 ranks)
Iter 0304 | Energy: -81.831095 | Delta: 3.50e-02 | M: 8578.6010 | Path: GPU-cuStateVec MPI-distributed (2 ranks)
Iter 0305 | Energy: -81.824221 | Delta: 6.87e-03 | M: 9172.7423 | Path: GPU-cuStateVec MPI-distributed (2 ranks)
[RESILIENCE] Iteration 305: Global theta state checkpointed at path checkpoints/H2O/checkpoint_iter_0305.npy. 
Iter 0306 | Energy: -81.825950 | Delta: 1.73e-03 | M: 9719.1668 | Path: GPU-cuStateVec MPI-distributed (2 ranks)
Iter 0307 | Energy: -81.823107 | Delta: 2.84e-03 | M: 3.2071 | Path: GPU-cuStateVec MPI-distributed (2 ranks)
Iter 0308 | Energy: -81.865125 | Delta: 4.20e-02 | M: 8329.7674 | Path: GPU-cuStateVec MPI-distributed (2 ranks)
Iter 0309 | Energy: -81.853187 | Delta: 1.19e-02 | M: 2.5773 | Path: GPU-cuStateVec MPI-distributed (2 ranks)
Iter 0310 | Energy: -81.820604 | Delta: 3.26e-02 | M: 8211.5114 | Path: GPU-cuStateVec MPI-distributed (2 ranks)
[RESILIENCE] Iteration 310: Global theta state checkpointed at path checkpoints/H2O/checkpoint_iter_0310.npy. 
Iter 0311 | Energy: -81.813092 | Delta: 7.51e-03 | M: 8819.1061 | Path: GPU-cuStateVec MPI-distributed (2 ranks)
Iter 0312 | Energy: -81.859672 | Delta: 4.66e-02 | M: 11327.8957 | Path: GPU-cuStateVec MPI-distributed (2 ranks)
Iter 0313 | Energy: -81.866910 | Delta: 7.24e-03 | M: 9096.0209 | Path: GPU-cuStateVec MPI-distributed (2 ranks)
Iter 0314 | Energy: -81.813948 | Delta: 5.30e-02 | M: 8811.0919 | Path: GPU-cuStateVec MPI-distributed (2 ranks)
Iter 0315 | Energy: -81.871259 | Delta: 5.73e-02 | M: 8712.1507 | Path: GPU-cuStateVec MPI-distributed (2 ranks)
[RESILIENCE] Iteration 315: Global theta state checkpointed at path checkpoints/H2O/checkpoint_iter_0315.npy. 
Iter 0316 | Energy: -81.848193 | Delta: 2.31e-02 | M: 9466.7045 | Path: GPU-cuStateVec MPI-distributed (2 ranks)
Iter 0317 | Energy: -81.851252 | Delta: 3.06e-03 | M: 3.6028 | Path: GPU-cuStateVec MPI-distributed (2 ranks)
Iter 0318 | Energy: -81.874142 | Delta: 2.29e-02 | M: 8106.7877 | Path: GPU-cuStateVec MPI-distributed (2 ranks)
Iter 0319 | Energy: -81.843491 | Delta: 3.07e-02 | M: 64.4382 | Path: GPU-cuStateVec MPI-distributed (2 ranks)
Iter 0320 | Energy: -81.896523 | Delta: 5.30e-02 | M: 8766.4170 | Path: GPU-cuStateVec MPI-distributed (2 ranks)
[RESILIENCE] Iteration 320: Global theta state checkpointed at path checkpoints/H2O/checkpoint_iter_0320.npy. 
Iter 0321 | Energy: -81.887431 | Delta: 9.09e-03 | M: 9094.8373 | Path: GPU-cuStateVec MPI-distributed (2 ranks)
Iter 0322 | Energy: -81.870916 | Delta: 1.65e-02 | M: 8553.1085 | Path: GPU-cuStateVec MPI-distributed (2 ranks)
Iter 0323 | Energy: -81.887959 | Delta: 1.70e-02 | M: 8692.7293 | Path: GPU-cuStateVec MPI-distributed (2 ranks)
Iter 0324 | Energy: -81.884996 | Delta: 2.96e-03 | M: 8932.4640 | Path: GPU-cuStateVec MPI-distributed (2 ranks)
Iter 0325 | Energy: -81.888693 | Delta: 3.70e-03 | M: 9941.6218 | Path: GPU-cuStateVec MPI-distributed (2 ranks)
[RESILIENCE] Iteration 325: Global theta state checkpointed at path checkpoints/H2O/checkpoint_iter_0325.npy. 
Iter 0326 | Energy: -81.896278 | Delta: 7.58e-03 | M: 12143.4972 | Path: GPU-cuStateVec MPI-distributed (2 ranks)
Iter 0327 | Energy: -81.889947 | Delta: 6.33e-03 | M: 8591.2347 | Path: GPU-cuStateVec MPI-distributed (2 ranks)
Iter 0328 | Energy: -81.894939 | Delta: 4.99e-03 | M: 86.8493 | Path: GPU-cuStateVec MPI-distributed (2 ranks)
Iter 0329 | Energy: -81.913478 | Delta: 1.85e-02 | M: 8253.4217 | Path: GPU-cuStateVec MPI-distributed (2 ranks)
Iter 0330 | Energy: -81.888263 | Delta: 2.52e-02 | M: 8611.9545 | Path: GPU-cuStateVec MPI-distributed (2 ranks)
[RESILIENCE] Iteration 330: Global theta state checkpointed at path checkpoints/H2O/checkpoint_iter_0330.npy. 
Iter 0331 | Energy: -81.908885 | Delta: 2.06e-02 | M: 9137.3991 | Path: GPU-cuStateVec MPI-distributed (2 ranks)
Iter 0332 | Energy: -81.895506 | Delta: 1.34e-02 | M: 8360.1208 | Path: GPU-cuStateVec MPI-distributed (2 ranks)
Iter 0333 | Energy: -81.893470 | Delta: 2.04e-03 | M: 8333.3783 | Path: GPU-cuStateVec MPI-distributed (2 ranks)
Iter 0334 | Energy: -81.921146 | Delta: 2.77e-02 | M: 8604.2917 | Path: GPU-cuStateVec MPI-distributed (2 ranks)
Iter 0335 | Energy: -81.918628 | Delta: 2.52e-03 | M: 86.4291 | Path: GPU-cuStateVec MPI-distributed (2 ranks)
[RESILIENCE] Iteration 335: Global theta state checkpointed at path checkpoints/H2O/checkpoint_iter_0335.npy. 
Iter 0336 | Energy: -81.901228 | Delta: 1.74e-02 | M: 8990.2075 | Path: GPU-cuStateVec MPI-distributed (2 ranks)
Iter 0337 | Energy: -81.922197 | Delta: 2.10e-02 | M: 9786.9689 | Path: GPU-cuStateVec MPI-distributed (2 ranks)
Iter 0338 | Energy: -81.925262 | Delta: 3.06e-03 | M: 9084.0243 | Path: GPU-cuStateVec MPI-distributed (2 ranks)
Iter 0339 | Energy: -81.891844 | Delta: 3.34e-02 | M: 8568.2483 | Path: GPU-cuStateVec MPI-distributed (2 ranks)
Iter 0340 | Energy: -81.911238 | Delta: 1.94e-02 | M: 136.6607 | Path: GPU-cuStateVec MPI-distributed (2 ranks)
[RESILIENCE] Iteration 340: Global theta state checkpointed at path checkpoints/H2O/checkpoint_iter_0340.npy. 
Iter 0341 | Energy: -81.907370 | Delta: 3.87e-03 | M: 8793.6201 | Path: GPU-cuStateVec MPI-distributed (2 ranks)
Iter 0342 | Energy: -81.899075 | Delta: 8.29e-03 | M: 8324.4270 | Path: GPU-cuStateVec MPI-distributed (2 ranks)
Iter 0343 | Energy: -81.955807 | Delta: 5.67e-02 | M: 8762.0770 | Path: GPU-cuStateVec MPI-distributed (2 ranks)
Iter 0344 | Energy: -81.931667 | Delta: 2.41e-02 | M: 8780.1723 | Path: GPU-cuStateVec MPI-distributed (2 ranks)
Iter 0345 | Energy: -81.923262 | Delta: 8.41e-03 | M: 4212.2755 | Path: GPU-cuStateVec MPI-distributed (2 ranks)
[RESILIENCE] Iteration 345: Global theta state checkpointed at path checkpoints/H2O/checkpoint_iter_0345.npy. 
Iter 0346 | Energy: -81.919535 | Delta: 3.73e-03 | M: 83.1356 | Path: GPU-cuStateVec MPI-distributed (2 ranks)
Iter 0347 | Energy: -81.899976 | Delta: 1.96e-02 | M: 1.4181 | Path: GPU-cuStateVec MPI-distributed (2 ranks)
Iter 0348 | Energy: -81.922583 | Delta: 2.26e-02 | M: 3.0416 | Path: GPU-cuStateVec MPI-distributed (2 ranks)
Iter 0349 | Energy: -81.950147 | Delta: 2.76e-02 | M: 7844.5195 | Path: GPU-cuStateVec MPI-distributed (2 ranks)
Iter 0350 | Energy: -81.905162 | Delta: 4.50e-02 | M: 2.6868 | Path: GPU-cuStateVec MPI-distributed (2 ranks)
[RESILIENCE] Iteration 350: Global theta state checkpointed at path checkpoints/H2O/checkpoint_iter_0350.npy. 
Iter 0351 | Energy: -81.935820 | Delta: 3.07e-02 | M: 57.2484 | Path: GPU-cuStateVec MPI-distributed (2 ranks)
Iter 0352 | Energy: -81.929109 | Delta: 6.71e-03 | M: 63.1007 | Path: GPU-cuStateVec MPI-distributed (2 ranks)
Iter 0353 | Energy: -81.951990 | Delta: 2.29e-02 | M: 10.0760 | Path: GPU-cuStateVec MPI-distributed (2 ranks)
Iter 0354 | Energy: -81.966523 | Delta: 1.45e-02 | M: 62.6550 | Path: GPU-cuStateVec MPI-distributed (2 ranks)
Iter 0355 | Energy: -81.941771 | Delta: 2.48e-02 | M: 10.0897 | Path: GPU-cuStateVec MPI-distributed (2 ranks)
[RESILIENCE] Iteration 355: Global theta state checkpointed at path checkpoints/H2O/checkpoint_iter_0355.npy. 
Iter 0356 | Energy: -81.955088 | Delta: 1.33e-02 | M: 12137.8559 | Path: GPU-cuStateVec MPI-distributed (2 ranks)
Iter 0357 | Energy: -81.990144 | Delta: 3.51e-02 | M: 8164.0779 | Path: GPU-cuStateVec MPI-distributed (2 ranks)
Iter 0358 | Energy: -82.002115 | Delta: 1.20e-02 | M: 104.5880 | Path: GPU-cuStateVec MPI-distributed (2 ranks)
Iter 0359 | Energy: -81.991110 | Delta: 1.10e-02 | M: 8887.0695 | Path: GPU-cuStateVec MPI-distributed (2 ranks)
Iter 0360 | Energy: -81.973789 | Delta: 1.73e-02 | M: 8280.8501 | Path: GPU-cuStateVec MPI-distributed (2 ranks)
[RESILIENCE] Iteration 360: Global theta state checkpointed at path checkpoints/H2O/checkpoint_iter_0360.npy. 
Iter 0361 | Energy: -82.008598 | Delta: 3.48e-02 | M: 9042.6869 | Path: GPU-cuStateVec MPI-distributed (2 ranks)
Iter 0362 | Energy: -82.005093 | Delta: 3.51e-03 | M: 8949.0994 | Path: GPU-cuStateVec MPI-distributed (2 ranks)
Iter 0363 | Energy: -81.976350 | Delta: 2.87e-02 | M: 8348.3695 | Path: GPU-cuStateVec MPI-distributed (2 ranks)
Iter 0364 | Energy: -81.971230 | Delta: 5.12e-03 | M: 9567.9195 | Path: GPU-cuStateVec MPI-distributed (2 ranks)
Iter 0365 | Energy: -82.020480 | Delta: 4.93e-02 | M: 9348.6225 | Path: GPU-cuStateVec MPI-distributed (2 ranks)
[RESILIENCE] Iteration 365: Global theta state checkpointed at path checkpoints/H2O/checkpoint_iter_0365.npy. 
Iter 0366 | Energy: -82.016739 | Delta: 3.74e-03 | M: 88.5415 | Path: GPU-cuStateVec MPI-distributed (2 ranks)
Iter 0367 | Energy: -81.985297 | Delta: 3.14e-02 | M: 8459.4102 | Path: GPU-cuStateVec MPI-distributed (2 ranks)
Iter 0368 | Energy: -81.995724 | Delta: 1.04e-02 | M: 8355.0079 | Path: GPU-cuStateVec MPI-distributed (2 ranks)
Iter 0369 | Energy: -82.036569 | Delta: 4.08e-02 | M: 10805.7350 | Path: GPU-cuStateVec MPI-distributed (2 ranks)
Iter 0370 | Energy: -82.008295 | Delta: 2.83e-02 | M: 8020.1940 | Path: GPU-cuStateVec MPI-distributed (2 ranks)
[RESILIENCE] Iteration 370: Global theta state checkpointed at path checkpoints/H2O/checkpoint_iter_0370.npy. 
Iter 0371 | Energy: -82.004612 | Delta: 3.68e-03 | M: 9070.2329 | Path: GPU-cuStateVec MPI-distributed (2 ranks)
Iter 0372 | Energy: -82.004115 | Delta: 4.97e-04 | M: 8426.3011 | Path: GPU-cuStateVec MPI-distributed (2 ranks)
Iter 0373 | Energy: -81.999807 | Delta: 4.31e-03 | M: 3.1393 | Path: GPU-cuStateVec MPI-distributed (2 ranks)
Iter 0374 | Energy: -81.992799 | Delta: 7.01e-03 | M: 7258.5166 | Path: GPU-cuStateVec MPI-distributed (2 ranks)
Iter 0375 | Energy: -82.050102 | Delta: 5.73e-02 | M: 9751.3822 | Path: GPU-cuStateVec MPI-distributed (2 ranks)
[RESILIENCE] Iteration 375: Global theta state checkpointed at path checkpoints/H2O/checkpoint_iter_0375.npy. 
Iter 0376 | Energy: -82.017818 | Delta: 3.23e-02 | M: 9785.8907 | Path: GPU-cuStateVec MPI-distributed (2 ranks)
Iter 0377 | Energy: -82.024768 | Delta: 6.95e-03 | M: 11226.9823 | Path: GPU-cuStateVec MPI-distributed (2 ranks)
Iter 0378 | Energy: -82.047810 | Delta: 2.30e-02 | M: 90.4960 | Path: GPU-cuStateVec MPI-distributed (2 ranks)
Iter 0379 | Energy: -82.074418 | Delta: 2.66e-02 | M: 8625.0681 | Path: GPU-cuStateVec MPI-distributed (2 ranks)
Iter 0380 | Energy: -82.058869 | Delta: 1.55e-02 | M: 8648.6634 | Path: GPU-cuStateVec MPI-distributed (2 ranks)
[RESILIENCE] Iteration 380: Global theta state checkpointed at path checkpoints/H2O/checkpoint_iter_0380.npy. 
Iter 0381 | Energy: -82.068867 | Delta: 1.00e-02 | M: 43.3569 | Path: GPU-cuStateVec MPI-distributed (2 ranks)
Iter 0382 | Energy: -82.033441 | Delta: 3.54e-02 | M: 9939.4143 | Path: GPU-cuStateVec MPI-distributed (2 ranks)
Iter 0383 | Energy: -82.084636 | Delta: 5.12e-02 | M: 8860.9711 | Path: GPU-cuStateVec MPI-distributed (2 ranks)
Iter 0384 | Energy: -82.095829 | Delta: 1.12e-02 | M: 84.7518 | Path: GPU-cuStateVec MPI-distributed (2 ranks)
Iter 0385 | Energy: -82.081047 | Delta: 1.48e-02 | M: 8688.3316 | Path: GPU-cuStateVec MPI-distributed (2 ranks)
[RESILIENCE] Iteration 385: Global theta state checkpointed at path checkpoints/H2O/checkpoint_iter_0385.npy. 
Iter 0386 | Energy: -82.055906 | Delta: 2.51e-02 | M: 9838.7867 | Path: GPU-cuStateVec MPI-distributed (2 ranks)
Iter 0387 | Energy: -82.045844 | Delta: 1.01e-02 | M: 61.9433 | Path: GPU-cuStateVec MPI-distributed (2 ranks)
Iter 0388 | Energy: -82.051221 | Delta: 5.38e-03 | M: 7950.0248 | Path: GPU-cuStateVec MPI-distributed (2 ranks)
Iter 0389 | Energy: -82.048454 | Delta: 2.77e-03 | M: 7962.9143 | Path: GPU-cuStateVec MPI-distributed (2 ranks)
Iter 0390 | Energy: -82.098815 | Delta: 5.04e-02 | M: 9239.7175 | Path: GPU-cuStateVec MPI-distributed (2 ranks)
[RESILIENCE] Iteration 390: Global theta state checkpointed at path checkpoints/H2O/checkpoint_iter_0390.npy. 
Iter 0391 | Energy: -82.074845 | Delta: 2.40e-02 | M: 8789.0347 | Path: GPU-cuStateVec MPI-distributed (2 ranks)
Iter 0392 | Energy: -82.100151 | Delta: 2.53e-02 | M: 8713.5970 | Path: GPU-cuStateVec MPI-distributed (2 ranks)
Iter 0393 | Energy: -82.102689 | Delta: 2.54e-03 | M: 8137.9753 | Path: GPU-cuStateVec MPI-distributed (2 ranks)
Iter 0394 | Energy: -82.064168 | Delta: 3.85e-02 | M: 65.9109 | Path: GPU-cuStateVec MPI-distributed (2 ranks)
Iter 0395 | Energy: -82.112479 | Delta: 4.83e-02 | M: 8392.9973 | Path: GPU-cuStateVec MPI-distributed (2 ranks)
[RESILIENCE] Iteration 395: Global theta state checkpointed at path checkpoints/H2O/checkpoint_iter_0395.npy. 
Iter 0396 | Energy: -82.099298 | Delta: 1.32e-02 | M: 8451.9751 | Path: GPU-cuStateVec MPI-distributed (2 ranks)
Iter 0397 | Energy: -82.064590 | Delta: 3.47e-02 | M: 9248.7203 | Path: GPU-cuStateVec MPI-distributed (2 ranks)
Iter 0398 | Energy: -82.105392 | Delta: 4.08e-02 | M: 92.4853 | Path: GPU-cuStateVec MPI-distributed (2 ranks)
Iter 0399 | Energy: -82.128788 | Delta: 2.34e-02 | M: 8310.9778 | Path: GPU-cuStateVec MPI-distributed (2 ranks)
Iter 0400 | Energy: -82.118815 | Delta: 9.97e-03 | M: 10972.1347 | Path: GPU-cuStateVec MPI-distributed (2 ranks)
[RESILIENCE] Iteration 400: Global theta state checkpointed at path checkpoints/H2O/checkpoint_iter_0400.npy. 
Iter 0401 | Energy: -82.092128 | Delta: 2.67e-02 | M: 8720.9027 | Path: GPU-cuStateVec MPI-distributed (2 ranks)
Iter 0402 | Energy: -82.085325 | Delta: 6.80e-03 | M: 7892.1058 | Path: GPU-cuStateVec MPI-distributed (2 ranks)
Iter 0403 | Energy: -82.129626 | Delta: 4.43e-02 | M: 65.2457 | Path: GPU-cuStateVec MPI-distributed (2 ranks)
Iter 0404 | Energy: -82.144799 | Delta: 1.52e-02 | M: 19485.9010 | Path: GPU-cuStateVec MPI-distributed (2 ranks)
Iter 0405 | Energy: -82.100058 | Delta: 4.47e-02 | M: 7179.7970 | Path: GPU-cuStateVec MPI-distributed (2 ranks)
[RESILIENCE] Iteration 405: Global theta state checkpointed at path checkpoints/H2O/checkpoint_iter_0405.npy. 
Iter 0406 | Energy: -82.132594 | Delta: 3.25e-02 | M: 9823.3549 | Path: GPU-cuStateVec MPI-distributed (2 ranks)
Iter 0407 | Energy: -82.120673 | Delta: 1.19e-02 | M: 10503.0247 | Path: GPU-cuStateVec MPI-distributed (2 ranks)
Iter 0408 | Energy: -82.120662 | Delta: 1.09e-05 | M: 9171.5896 | Path: GPU-cuStateVec MPI-distributed (2 ranks)
Iter 0409 | Energy: -82.146074 | Delta: 2.54e-02 | M: 8310.7529 | Path: GPU-cuStateVec MPI-distributed (2 ranks)
Iter 0410 | Energy: -82.125550 | Delta: 2.05e-02 | M: 9216.1689 | Path: GPU-cuStateVec MPI-distributed (2 ranks)
[RESILIENCE] Iteration 410: Global theta state checkpointed at path checkpoints/H2O/checkpoint_iter_0410.npy. 
Iter 0411 | Energy: -82.114804 | Delta: 1.07e-02 | M: 68.7800 | Path: GPU-cuStateVec MPI-distributed (2 ranks)
Iter 0412 | Energy: -82.115853 | Delta: 1.05e-03 | M: 9270.2830 | Path: GPU-cuStateVec MPI-distributed (2 ranks)
Iter 0413 | Energy: -82.119096 | Delta: 3.24e-03 | M: 2.7397 | Path: GPU-cuStateVec MPI-distributed (2 ranks)
Iter 0414 | Energy: -82.120618 | Delta: 1.52e-03 | M: 7933.6329 | Path: GPU-cuStateVec MPI-distributed (2 ranks)
Iter 0415 | Energy: -82.168654 | Delta: 4.80e-02 | M: 8945.8643 | Path: GPU-cuStateVec MPI-distributed (2 ranks)
[RESILIENCE] Iteration 415: Global theta state checkpointed at path checkpoints/H2O/checkpoint_iter_0415.npy. 
Iter 0416 | Energy: -82.169088 | Delta: 4.34e-04 | M: 87.2924 | Path: GPU-cuStateVec MPI-distributed (2 ranks)
Iter 0417 | Energy: -82.153380 | Delta: 1.57e-02 | M: 11538.8240 | Path: GPU-cuStateVec MPI-distributed (2 ranks)
Iter 0418 | Energy: -82.159119 | Delta: 5.74e-03 | M: 8285.4301 | Path: GPU-cuStateVec MPI-distributed (2 ranks)
Iter 0419 | Energy: -82.167575 | Delta: 8.46e-03 | M: 8672.9699 | Path: GPU-cuStateVec MPI-distributed (2 ranks)
Iter 0420 | Energy: -82.131925 | Delta: 3.57e-02 | M: 8763.8296 | Path: GPU-cuStateVec MPI-distributed (2 ranks)
[RESILIENCE] Iteration 420: Global theta state checkpointed at path checkpoints/H2O/checkpoint_iter_0420.npy. 
Iter 0421 | Energy: -82.135825 | Delta: 3.90e-03 | M: 9772.0907 | Path: GPU-cuStateVec MPI-distributed (2 ranks)
Iter 0422 | Energy: -82.138557 | Delta: 2.73e-03 | M: 8774.7454 | Path: GPU-cuStateVec MPI-distributed (2 ranks)
Iter 0423 | Energy: -82.169838 | Delta: 3.13e-02 | M: 62.8162 | Path: GPU-cuStateVec MPI-distributed (2 ranks)
Iter 0424 | Energy: -82.125488 | Delta: 4.43e-02 | M: 8784.6379 | Path: GPU-cuStateVec MPI-distributed (2 ranks)
Iter 0425 | Energy: -82.173231 | Delta: 4.77e-02 | M: 12085.8236 | Path: GPU-cuStateVec MPI-distributed (2 ranks)
[RESILIENCE] Iteration 425: Global theta state checkpointed at path checkpoints/H2O/checkpoint_iter_0425.npy. 
Iter 0426 | Energy: -82.183706 | Delta: 1.05e-02 | M: 63.7608 | Path: GPU-cuStateVec MPI-distributed (2 ranks)
Iter 0427 | Energy: -82.170059 | Delta: 1.36e-02 | M: 8334.0597 | Path: GPU-cuStateVec MPI-distributed (2 ranks)
Iter 0428 | Energy: -82.160448 | Delta: 9.61e-03 | M: 8277.5683 | Path: GPU-cuStateVec MPI-distributed (2 ranks)
Iter 0429 | Energy: -82.131069 | Delta: 2.94e-02 | M: 8414.7708 | Path: GPU-cuStateVec MPI-distributed (2 ranks)
Iter 0430 | Energy: -82.158433 | Delta: 2.74e-02 | M: 8025.2800 | Path: GPU-cuStateVec MPI-distributed (2 ranks)
[RESILIENCE] Iteration 430: Global theta state checkpointed at path checkpoints/H2O/checkpoint_iter_0430.npy. 
Iter 0431 | Energy: -82.191774 | Delta: 3.33e-02 | M: 9202.5994 | Path: GPU-cuStateVec MPI-distributed (2 ranks)
Iter 0432 | Energy: -82.161558 | Delta: 3.02e-02 | M: 8258.3514 | Path: GPU-cuStateVec MPI-distributed (2 ranks)
Iter 0433 | Energy: -82.180123 | Delta: 1.86e-02 | M: 8723.0486 | Path: GPU-cuStateVec MPI-distributed (2 ranks)
Iter 0434 | Energy: -82.151221 | Delta: 2.89e-02 | M: 84.9662 | Path: GPU-cuStateVec MPI-distributed (2 ranks)
Iter 0435 | Energy: -82.185397 | Delta: 3.42e-02 | M: 9227.5955 | Path: GPU-cuStateVec MPI-distributed (2 ranks)
[RESILIENCE] Iteration 435: Global theta state checkpointed at path checkpoints/H2O/checkpoint_iter_0435.npy. 
Iter 0436 | Energy: -82.154683 | Delta: 3.07e-02 | M: 65.0142 | Path: GPU-cuStateVec MPI-distributed (2 ranks)
Iter 0437 | Energy: -82.196107 | Delta: 4.14e-02 | M: 8864.2974 | Path: GPU-cuStateVec MPI-distributed (2 ranks)
Iter 0438 | Energy: -82.199430 | Delta: 3.32e-03 | M: 8583.5045 | Path: GPU-cuStateVec MPI-distributed (2 ranks)
Iter 0439 | Energy: -82.195551 | Delta: 3.88e-03 | M: 8745.8405 | Path: GPU-cuStateVec MPI-distributed (2 ranks)
Iter 0440 | Energy: -82.201536 | Delta: 5.98e-03 | M: 8561.6988 | Path: GPU-cuStateVec MPI-distributed (2 ranks)
[RESILIENCE] Iteration 440: Global theta state checkpointed at path checkpoints/H2O/checkpoint_iter_0440.npy. 
Iter 0441 | Energy: -82.200181 | Delta: 1.35e-03 | M: 8722.4593 | Path: GPU-cuStateVec MPI-distributed (2 ranks)
Iter 0442 | Energy: -82.210218 | Delta: 1.00e-02 | M: 2.9662 | Path: GPU-cuStateVec MPI-distributed (2 ranks)
Iter 0443 | Energy: -82.219120 | Delta: 8.90e-03 | M: 7832.2605 | Path: GPU-cuStateVec MPI-distributed (2 ranks)
Iter 0444 | Energy: -82.189354 | Delta: 2.98e-02 | M: 11166.1665 | Path: GPU-cuStateVec MPI-distributed (2 ranks)
Iter 0445 | Energy: -82.183929 | Delta: 5.43e-03 | M: 8370.5935 | Path: GPU-cuStateVec MPI-distributed (2 ranks)
[RESILIENCE] Iteration 445: Global theta state checkpointed at path checkpoints/H2O/checkpoint_iter_0445.npy. 
Iter 0446 | Energy: -82.179874 | Delta: 4.06e-03 | M: 8390.0674 | Path: GPU-cuStateVec MPI-distributed (2 ranks)
Iter 0447 | Energy: -82.210292 | Delta: 3.04e-02 | M: 91.4995 | Path: GPU-cuStateVec MPI-distributed (2 ranks)
Iter 0448 | Energy: -82.186347 | Delta: 2.39e-02 | M: 9085.3035 | Path: GPU-cuStateVec MPI-distributed (2 ranks)
Iter 0449 | Energy: -82.189149 | Delta: 2.80e-03 | M: 7854.9919 | Path: GPU-cuStateVec MPI-distributed (2 ranks)
Iter 0450 | Energy: -82.199149 | Delta: 1.00e-02 | M: 2.9708 | Path: GPU-cuStateVec MPI-distributed (2 ranks)
[RESILIENCE] Iteration 450: Global theta state checkpointed at path checkpoints/H2O/checkpoint_iter_0450.npy. 
Iter 0451 | Energy: -82.188239 | Delta: 1.09e-02 | M: 8126.5985 | Path: GPU-cuStateVec MPI-distributed (2 ranks)
Iter 0452 | Energy: -82.219328 | Delta: 3.11e-02 | M: 8023.8663 | Path: GPU-cuStateVec MPI-distributed (2 ranks)
Iter 0453 | Energy: -82.207402 | Delta: 1.19e-02 | M: 6726.1673 | Path: GPU-cuStateVec MPI-distributed (2 ranks)
Iter 0454 | Energy: -82.198107 | Delta: 9.30e-03 | M: 8305.2989 | Path: GPU-cuStateVec MPI-distributed (2 ranks)
Iter 0455 | Energy: -82.229902 | Delta: 3.18e-02 | M: 8251.4168 | Path: GPU-cuStateVec MPI-distributed (2 ranks)
[RESILIENCE] Iteration 455: Global theta state checkpointed at path checkpoints/H2O/checkpoint_iter_0455.npy. 
Iter 0456 | Energy: -82.212518 | Delta: 1.74e-02 | M: 91.2107 | Path: GPU-cuStateVec MPI-distributed (2 ranks)
Iter 0457 | Energy: -82.200707 | Delta: 1.18e-02 | M: 8582.8005 | Path: GPU-cuStateVec MPI-distributed (2 ranks)
Iter 0458 | Energy: -82.210445 | Delta: 9.74e-03 | M: 11379.7867 | Path: GPU-cuStateVec MPI-distributed (2 ranks)
Iter 0459 | Energy: -82.242687 | Delta: 3.22e-02 | M: 8718.3892 | Path: GPU-cuStateVec MPI-distributed (2 ranks)
Iter 0460 | Energy: -82.225976 | Delta: 1.67e-02 | M: 85.1549 | Path: GPU-cuStateVec MPI-distributed (2 ranks)
[RESILIENCE] Iteration 460: Global theta state checkpointed at path checkpoints/H2O/checkpoint_iter_0460.npy. 
Iter 0461 | Energy: -82.208216 | Delta: 1.78e-02 | M: 8856.4627 | Path: GPU-cuStateVec MPI-distributed (2 ranks)
Iter 0462 | Energy: -82.248626 | Delta: 4.04e-02 | M: 3.2298 | Path: GPU-cuStateVec MPI-distributed (2 ranks)
Iter 0463 | Energy: -82.230078 | Delta: 1.85e-02 | M: 7749.5123 | Path: GPU-cuStateVec MPI-distributed (2 ranks)
Iter 0464 | Energy: -82.211518 | Delta: 1.86e-02 | M: 9567.4872 | Path: GPU-cuStateVec MPI-distributed (2 ranks)
Iter 0465 | Energy: -82.211460 | Delta: 5.79e-05 | M: 2.4622 | Path: GPU-cuStateVec MPI-distributed (2 ranks)
[RESILIENCE] Iteration 465: Global theta state checkpointed at path checkpoints/H2O/checkpoint_iter_0465.npy. 
Iter 0466 | Energy: -82.240212 | Delta: 2.88e-02 | M: 56.3866 | Path: GPU-cuStateVec MPI-distributed (2 ranks)
Iter 0467 | Energy: -82.218181 | Delta: 2.20e-02 | M: 8501.9322 | Path: GPU-cuStateVec MPI-distributed (2 ranks)
Iter 0468 | Energy: -82.217509 | Delta: 6.72e-04 | M: 8858.5068 | Path: GPU-cuStateVec MPI-distributed (2 ranks)
Iter 0469 | Energy: -82.270287 | Delta: 5.28e-02 | M: 83.6398 | Path: GPU-cuStateVec MPI-distributed (2 ranks)
Iter 0470 | Energy: -82.226138 | Delta: 4.41e-02 | M: 9162.3539 | Path: GPU-cuStateVec MPI-distributed (2 ranks)
[RESILIENCE] Iteration 470: Global theta state checkpointed at path checkpoints/H2O/checkpoint_iter_0470.npy. 
Iter 0471 | Energy: -82.225025 | Delta: 1.11e-03 | M: 2.5754 | Path: GPU-cuStateVec MPI-distributed (2 ranks)
Iter 0472 | Energy: -82.225404 | Delta: 3.79e-04 | M: 7662.3060 | Path: GPU-cuStateVec MPI-distributed (2 ranks)
Iter 0473 | Energy: -82.237676 | Delta: 1.23e-02 | M: 8017.0990 | Path: GPU-cuStateVec MPI-distributed (2 ranks)
Iter 0474 | Energy: -82.267524 | Delta: 2.98e-02 | M: 8270.2352 | Path: GPU-cuStateVec MPI-distributed (2 ranks)
Iter 0475 | Energy: -82.231545 | Delta: 3.60e-02 | M: 8906.8812 | Path: GPU-cuStateVec MPI-distributed (2 ranks)
[RESILIENCE] Iteration 475: Global theta state checkpointed at path checkpoints/H2O/checkpoint_iter_0475.npy. 
Iter 0476 | Energy: -82.271030 | Delta: 3.95e-02 | M: 9389.6460 | Path: GPU-cuStateVec MPI-distributed (2 ranks)
Iter 0477 | Energy: -82.256634 | Delta: 1.44e-02 | M: 8502.3104 | Path: GPU-cuStateVec MPI-distributed (2 ranks)
Iter 0478 | Energy: -82.248264 | Delta: 8.37e-03 | M: 8284.9074 | Path: GPU-cuStateVec MPI-distributed (2 ranks)
Iter 0479 | Energy: -82.287421 | Delta: 3.92e-02 | M: 8371.4331 | Path: GPU-cuStateVec MPI-distributed (2 ranks)
Iter 0480 | Energy: -82.270229 | Delta: 1.72e-02 | M: 8843.0470 | Path: GPU-cuStateVec MPI-distributed (2 ranks)
[RESILIENCE] Iteration 480: Global theta state checkpointed at path checkpoints/H2O/checkpoint_iter_0480.npy. 
Iter 0481 | Energy: -82.281745 | Delta: 1.15e-02 | M: 11749.5769 | Path: GPU-cuStateVec MPI-distributed (2 ranks)
Iter 0482 | Energy: -82.251480 | Delta: 3.03e-02 | M: 8536.6952 | Path: GPU-cuStateVec MPI-distributed (2 ranks)
Iter 0483 | Energy: -82.278972 | Delta: 2.75e-02 | M: 8819.4080 | Path: GPU-cuStateVec MPI-distributed (2 ranks)
Iter 0484 | Energy: -82.263890 | Delta: 1.51e-02 | M: 8360.8293 | Path: GPU-cuStateVec MPI-distributed (2 ranks)
Iter 0485 | Energy: -82.262137 | Delta: 1.75e-03 | M: 11090.7676 | Path: GPU-cuStateVec MPI-distributed (2 ranks)
[RESILIENCE] Iteration 485: Global theta state checkpointed at path checkpoints/H2O/checkpoint_iter_0485.npy. 
Iter 0486 | Energy: -82.306176 | Delta: 4.40e-02 | M: 11895.2681 | Path: GPU-cuStateVec MPI-distributed (2 ranks)
Iter 0487 | Energy: -82.258727 | Delta: 4.74e-02 | M: 8493.1227 | Path: GPU-cuStateVec MPI-distributed (2 ranks)
Iter 0488 | Energy: -82.285160 | Delta: 2.64e-02 | M: 8987.7817 | Path: GPU-cuStateVec MPI-distributed (2 ranks)
Iter 0489 | Energy: -82.304878 | Delta: 1.97e-02 | M: 2.6658 | Path: GPU-cuStateVec MPI-distributed (2 ranks)
Iter 0490 | Energy: -82.301603 | Delta: 3.28e-03 | M: 7129.2425 | Path: GPU-cuStateVec MPI-distributed (2 ranks)
[RESILIENCE] Iteration 490: Global theta state checkpointed at path checkpoints/H2O/checkpoint_iter_0490.npy. 
Iter 0491 | Energy: -82.272923 | Delta: 2.87e-02 | M: 201.1386 | Path: GPU-cuStateVec MPI-distributed (2 ranks)
Iter 0492 | Energy: -82.268421 | Delta: 4.50e-03 | M: 8715.3642 | Path: GPU-cuStateVec MPI-distributed (2 ranks)
Iter 0493 | Energy: -82.275177 | Delta: 6.76e-03 | M: 8374.6009 | Path: GPU-cuStateVec MPI-distributed (2 ranks)
Iter 0494 | Energy: -82.301925 | Delta: 2.67e-02 | M: 8877.5508 | Path: GPU-cuStateVec MPI-distributed (2 ranks)
Iter 0495 | Energy: -82.313511 | Delta: 1.16e-02 | M: 10550.3474 | Path: GPU-cuStateVec MPI-distributed (2 ranks)
[RESILIENCE] Iteration 495: Global theta state checkpointed at path checkpoints/H2O/checkpoint_iter_0495.npy. 
Iter 0496 | Energy: -82.322268 | Delta: 8.76e-03 | M: 8964.2998 | Path: GPU-cuStateVec MPI-distributed (2 ranks)
Iter 0497 | Energy: -82.288154 | Delta: 3.41e-02 | M: 8727.0680 | Path: GPU-cuStateVec MPI-distributed (2 ranks)
Iter 0498 | Energy: -82.297208 | Delta: 9.05e-03 | M: 8691.0063 | Path: GPU-cuStateVec MPI-distributed (2 ranks)
Iter 0499 | Energy: -82.296606 | Delta: 6.02e-04 | M: 7981.8168 | Path: GPU-cuStateVec MPI-distributed (2 ranks)
Iter 0500 | Energy: -82.288602 | Delta: 8.00e-03 | M: 8615.7127 | Path: GPU-cuStateVec MPI-distributed (2 ranks)
[RESILIENCE] Iteration 500: Global theta state checkpointed at path checkpoints/H2O/checkpoint_iter_0500.npy. 
Iter 0501 | Energy: -82.286354 | Delta: 2.25e-03 | M: 88.0598 | Path: GPU-cuStateVec MPI-distributed (2 ranks)
Iter 0502 | Energy: -82.286808 | Delta: 4.54e-04 | M: 62.5339 | Path: GPU-cuStateVec MPI-distributed (2 ranks)
Iter 0503 | Energy: -82.281418 | Delta: 5.39e-03 | M: 8776.8417 | Path: GPU-cuStateVec MPI-distributed (2 ranks)
Iter 0504 | Energy: -82.286239 | Delta: 4.82e-03 | M: 9030.0754 | Path: GPU-cuStateVec MPI-distributed (2 ranks)
Iter 0505 | Energy: -82.298474 | Delta: 1.22e-02 | M: 8046.7426 | Path: GPU-cuStateVec MPI-distributed (2 ranks)
[RESILIENCE] Iteration 505: Global theta state checkpointed at path checkpoints/H2O/checkpoint_iter_0505.npy. 
Iter 0506 | Energy: -82.284043 | Delta: 1.44e-02 | M: 15.7811 | Path: GPU-cuStateVec MPI-distributed (2 ranks)
Iter 0507 | Energy: -82.314100 | Delta: 3.01e-02 | M: 11455.3481 | Path: GPU-cuStateVec MPI-distributed (2 ranks)
Iter 0508 | Energy: -82.346135 | Delta: 3.20e-02 | M: 65.2821 | Path: GPU-cuStateVec MPI-distributed (2 ranks)
Iter 0509 | Energy: -82.323202 | Delta: 2.29e-02 | M: 8961.8565 | Path: GPU-cuStateVec MPI-distributed (2 ranks)
Iter 0510 | Energy: -82.308429 | Delta: 1.48e-02 | M: 9006.3833 | Path: GPU-cuStateVec MPI-distributed (2 ranks)
[RESILIENCE] Iteration 510: Global theta state checkpointed at path checkpoints/H2O/checkpoint_iter_0510.npy. 
Iter 0511 | Energy: -82.346972 | Delta: 3.85e-02 | M: 8930.4228 | Path: GPU-cuStateVec MPI-distributed (2 ranks)
Iter 0512 | Energy: -82.331666 | Delta: 1.53e-02 | M: 8639.9400 | Path: GPU-cuStateVec MPI-distributed (2 ranks)
Iter 0513 | Energy: -82.306493 | Delta: 2.52e-02 | M: 9073.1518 | Path: GPU-cuStateVec MPI-distributed (2 ranks)
Iter 0514 | Energy: -82.301217 | Delta: 5.28e-03 | M: 8807.7081 | Path: GPU-cuStateVec MPI-distributed (2 ranks)
Iter 0515 | Energy: -82.312093 | Delta: 1.09e-02 | M: 11310.4581 | Path: GPU-cuStateVec MPI-distributed (2 ranks)
[RESILIENCE] Iteration 515: Global theta state checkpointed at path checkpoints/H2O/checkpoint_iter_0515.npy. 
Iter 0516 | Energy: -82.346144 | Delta: 3.41e-02 | M: 89.8903 | Path: GPU-cuStateVec MPI-distributed (2 ranks)
Iter 0517 | Energy: -82.299613 | Delta: 4.65e-02 | M: 8284.6853 | Path: GPU-cuStateVec MPI-distributed (2 ranks)
Iter 0518 | Energy: -82.313773 | Delta: 1.42e-02 | M: 10672.6746 | Path: GPU-cuStateVec MPI-distributed (2 ranks)
Iter 0519 | Energy: -82.328479 | Delta: 1.47e-02 | M: 8985.9583 | Path: GPU-cuStateVec MPI-distributed (2 ranks)
Iter 0520 | Energy: -82.295294 | Delta: 3.32e-02 | M: 63.7559 | Path: GPU-cuStateVec MPI-distributed (2 ranks)
[RESILIENCE] Iteration 520: Global theta state checkpointed at path checkpoints/H2O/checkpoint_iter_0520.npy. 
Iter 0521 | Energy: -82.332512 | Delta: 3.72e-02 | M: 9586.1429 | Path: GPU-cuStateVec MPI-distributed (2 ranks)
Iter 0522 | Energy: -82.338447 | Delta: 5.94e-03 | M: 8879.8751 | Path: GPU-cuStateVec MPI-distributed (2 ranks)
Iter 0523 | Energy: -82.309044 | Delta: 2.94e-02 | M: 3.0916 | Path: GPU-cuStateVec MPI-distributed (2 ranks)
Iter 0524 | Energy: -82.321704 | Delta: 1.27e-02 | M: 8730.6305 | Path: GPU-cuStateVec MPI-distributed (2 ranks)
Iter 0525 | Energy: -82.315740 | Delta: 5.96e-03 | M: 11330.7503 | Path: GPU-cuStateVec MPI-distributed (2 ranks)
[RESILIENCE] Iteration 525: Global theta state checkpointed at path checkpoints/H2O/checkpoint_iter_0525.npy. 
Iter 0526 | Energy: -82.313113 | Delta: 2.63e-03 | M: 8913.8716 | Path: GPU-cuStateVec MPI-distributed (2 ranks)
Iter 0527 | Energy: -82.320353 | Delta: 7.24e-03 | M: 66.5479 | Path: GPU-cuStateVec MPI-distributed (2 ranks)
Iter 0528 | Energy: -82.347415 | Delta: 2.71e-02 | M: 8808.1597 | Path: GPU-cuStateVec MPI-distributed (2 ranks)
Iter 0529 | Energy: -82.329701 | Delta: 1.77e-02 | M: 8522.5588 | Path: GPU-cuStateVec MPI-distributed (2 ranks)
Iter 0530 | Energy: -82.353917 | Delta: 2.42e-02 | M: 8801.0424 | Path: GPU-cuStateVec MPI-distributed (2 ranks)
[RESILIENCE] Iteration 530: Global theta state checkpointed at path checkpoints/H2O/checkpoint_iter_0530.npy. 
Iter 0531 | Energy: -82.304082 | Delta: 4.98e-02 | M: 9614.6062 | Path: GPU-cuStateVec MPI-distributed (2 ranks)
Iter 0532 | Energy: -82.350207 | Delta: 4.61e-02 | M: 8892.5235 | Path: GPU-cuStateVec MPI-distributed (2 ranks)
Iter 0533 | Energy: -82.350321 | Delta: 1.14e-04 | M: 11270.0426 | Path: GPU-cuStateVec MPI-distributed (2 ranks)
Iter 0534 | Energy: -82.314609 | Delta: 3.57e-02 | M: 9227.1399 | Path: GPU-cuStateVec MPI-distributed (2 ranks)
Iter 0535 | Energy: -82.331294 | Delta: 1.67e-02 | M: 7877.6241 | Path: GPU-cuStateVec MPI-distributed (2 ranks)
[RESILIENCE] Iteration 535: Global theta state checkpointed at path checkpoints/H2O/checkpoint_iter_0535.npy. 
Iter 0536 | Energy: -82.326207 | Delta: 5.09e-03 | M: 8448.1615 | Path: GPU-cuStateVec MPI-distributed (2 ranks)
Iter 0537 | Energy: -82.356050 | Delta: 2.98e-02 | M: 8876.6894 | Path: GPU-cuStateVec MPI-distributed (2 ranks)
Iter 0538 | Energy: -82.330454 | Delta: 2.56e-02 | M: 8818.4248 | Path: GPU-cuStateVec MPI-distributed (2 ranks)
Iter 0539 | Energy: -82.335202 | Delta: 4.75e-03 | M: 1.6365 | Path: GPU-cuStateVec MPI-distributed (2 ranks)
Iter 0540 | Energy: -82.341709 | Delta: 6.51e-03 | M: 7324.0125 | Path: GPU-cuStateVec MPI-distributed (2 ranks)
[RESILIENCE] Iteration 540: Global theta state checkpointed at path checkpoints/H2O/checkpoint_iter_0540.npy. 
Iter 0541 | Energy: -82.330520 | Delta: 1.12e-02 | M: 2.7024 | Path: GPU-cuStateVec MPI-distributed (2 ranks)
Iter 0542 | Energy: -82.342836 | Delta: 1.23e-02 | M: 7325.0237 | Path: GPU-cuStateVec MPI-distributed (2 ranks)
Iter 0543 | Energy: -82.329430 | Delta: 1.34e-02 | M: 62.6584 | Path: GPU-cuStateVec MPI-distributed (2 ranks)
Iter 0544 | Energy: -82.377183 | Delta: 4.78e-02 | M: 7817.6525 | Path: GPU-cuStateVec MPI-distributed (2 ranks)
Iter 0545 | Energy: -82.371943 | Delta: 5.24e-03 | M: 8414.6610 | Path: GPU-cuStateVec MPI-distributed (2 ranks)
[RESILIENCE] Iteration 545: Global theta state checkpointed at path checkpoints/H2O/checkpoint_iter_0545.npy. 
Iter 0546 | Energy: -82.388289 | Delta: 1.63e-02 | M: 92.4832 | Path: GPU-cuStateVec MPI-distributed (2 ranks)
Iter 0547 | Energy: -82.342024 | Delta: 4.63e-02 | M: 8173.2130 | Path: GPU-cuStateVec MPI-distributed (2 ranks)
Iter 0548 | Energy: -82.345360 | Delta: 3.34e-03 | M: 60.2252 | Path: GPU-cuStateVec MPI-distributed (2 ranks)
Iter 0549 | Energy: -82.390162 | Delta: 4.48e-02 | M: 8646.5665 | Path: GPU-cuStateVec MPI-distributed (2 ranks)
Iter 0550 | Energy: -82.382083 | Delta: 8.08e-03 | M: 31.4731 | Path: GPU-cuStateVec MPI-distributed (2 ranks)
[RESILIENCE] Iteration 550: Global theta state checkpointed at path checkpoints/H2O/checkpoint_iter_0550.npy. 
Iter 0551 | Energy: -82.356144 | Delta: 2.59e-02 | M: 9199.8725 | Path: GPU-cuStateVec MPI-distributed (2 ranks)
Iter 0552 | Energy: -82.390108 | Delta: 3.40e-02 | M: 8909.4664 | Path: GPU-cuStateVec MPI-distributed (2 ranks)
Iter 0553 | Energy: -82.345183 | Delta: 4.49e-02 | M: 8174.2980 | Path: GPU-cuStateVec MPI-distributed (2 ranks)
Iter 0554 | Energy: -82.392440 | Delta: 4.73e-02 | M: 0.3807 | Path: GPU-cuStateVec MPI-distributed (2 ranks)
Iter 0555 | Energy: -82.382702 | Delta: 9.74e-03 | M: 7858.9533 | Path: GPU-cuStateVec MPI-distributed (2 ranks)
[RESILIENCE] Iteration 555: Global theta state checkpointed at path checkpoints/H2O/checkpoint_iter_0555.npy. 
Iter 0556 | Energy: -82.369267 | Delta: 1.34e-02 | M: 8140.7879 | Path: GPU-cuStateVec MPI-distributed (2 ranks)
Iter 0557 | Energy: -82.362856 | Delta: 6.41e-03 | M: 8513.3668 | Path: GPU-cuStateVec MPI-distributed (2 ranks)
Iter 0558 | Energy: -82.373240 | Delta: 1.04e-02 | M: 8178.6357 | Path: GPU-cuStateVec MPI-distributed (2 ranks)
Iter 0559 | Energy: -82.408439 | Delta: 3.52e-02 | M: 8799.8902 | Path: GPU-cuStateVec MPI-distributed (2 ranks)
Iter 0560 | Energy: -82.397062 | Delta: 1.14e-02 | M: 9211.8446 | Path: GPU-cuStateVec MPI-distributed (2 ranks)
[RESILIENCE] Iteration 560: Global theta state checkpointed at path checkpoints/H2O/checkpoint_iter_0560.npy. 
Iter 0561 | Energy: -82.403060 | Delta: 6.00e-03 | M: 8603.0595 | Path: GPU-cuStateVec MPI-distributed (2 ranks)
Iter 0562 | Energy: -82.413092 | Delta: 1.00e-02 | M: 3.4272 | Path: GPU-cuStateVec MPI-distributed (2 ranks)
Iter 0563 | Energy: -82.358689 | Delta: 5.44e-02 | M: 7779.1747 | Path: GPU-cuStateVec MPI-distributed (2 ranks)
Iter 0564 | Energy: -82.404589 | Delta: 4.59e-02 | M: 8519.8541 | Path: GPU-cuStateVec MPI-distributed (2 ranks)
Iter 0565 | Energy: -82.403112 | Delta: 1.48e-03 | M: 10017.9708 | Path: GPU-cuStateVec MPI-distributed (2 ranks)
[RESILIENCE] Iteration 565: Global theta state checkpointed at path checkpoints/H2O/checkpoint_iter_0565.npy. 
Iter 0566 | Energy: -82.407802 | Delta: 4.69e-03 | M: 8359.2876 | Path: GPU-cuStateVec MPI-distributed (2 ranks)
Iter 0567 | Energy: -82.396176 | Delta: 1.16e-02 | M: 8441.1472 | Path: GPU-cuStateVec MPI-distributed (2 ranks)
Iter 0568 | Energy: -82.389800 | Delta: 6.38e-03 | M: 8089.4214 | Path: GPU-cuStateVec MPI-distributed (2 ranks)
Iter 0569 | Energy: -82.385184 | Delta: 4.62e-03 | M: 8308.7244 | Path: GPU-cuStateVec MPI-distributed (2 ranks)
Iter 0570 | Energy: -82.405391 | Delta: 2.02e-02 | M: 60.8367 | Path: GPU-cuStateVec MPI-distributed (2 ranks)
[RESILIENCE] Iteration 570: Global theta state checkpointed at path checkpoints/H2O/checkpoint_iter_0570.npy. 
Iter 0571 | Energy: -82.369527 | Delta: 3.59e-02 | M: 8642.5380 | Path: GPU-cuStateVec MPI-distributed (2 ranks)
Iter 0572 | Energy: -82.402534 | Delta: 3.30e-02 | M: 7741.3463 | Path: GPU-cuStateVec MPI-distributed (2 ranks)
Iter 0573 | Energy: -82.413669 | Delta: 1.11e-02 | M: 8209.4894 | Path: GPU-cuStateVec MPI-distributed (2 ranks)
Iter 0574 | Energy: -82.368885 | Delta: 4.48e-02 | M: 8390.6635 | Path: GPU-cuStateVec MPI-distributed (2 ranks)
Iter 0575 | Energy: -82.405055 | Delta: 3.62e-02 | M: 8605.4174 | Path: GPU-cuStateVec MPI-distributed (2 ranks)
[RESILIENCE] Iteration 575: Global theta state checkpointed at path checkpoints/H2O/checkpoint_iter_0575.npy. 
Iter 0576 | Energy: -82.389749 | Delta: 1.53e-02 | M: 9011.1518 | Path: GPU-cuStateVec MPI-distributed (2 ranks)
Iter 0577 | Energy: -82.372943 | Delta: 1.68e-02 | M: 9047.2181 | Path: GPU-cuStateVec MPI-distributed (2 ranks)
Iter 0578 | Energy: -82.404759 | Delta: 3.18e-02 | M: 9034.2865 | Path: GPU-cuStateVec MPI-distributed (2 ranks)
Iter 0579 | Energy: -82.377756 | Delta: 2.70e-02 | M: 125.5382 | Path: GPU-cuStateVec MPI-distributed (2 ranks)
Iter 0580 | Energy: -82.394127 | Delta: 1.64e-02 | M: 8464.1235 | Path: GPU-cuStateVec MPI-distributed (2 ranks)
[RESILIENCE] Iteration 580: Global theta state checkpointed at path checkpoints/H2O/checkpoint_iter_0580.npy. 
Iter 0581 | Energy: -82.419260 | Delta: 2.51e-02 | M: 65.3009 | Path: GPU-cuStateVec MPI-distributed (2 ranks)
Iter 0582 | Energy: -82.403791 | Delta: 1.55e-02 | M: 8842.0242 | Path: GPU-cuStateVec MPI-distributed (2 ranks)
Iter 0583 | Energy: -82.425005 | Delta: 2.12e-02 | M: 11520.2598 | Path: GPU-cuStateVec MPI-distributed (2 ranks)
Iter 0584 | Energy: -82.381453 | Delta: 4.36e-02 | M: 8855.4234 | Path: GPU-cuStateVec MPI-distributed (2 ranks)
Iter 0585 | Energy: -82.408838 | Delta: 2.74e-02 | M: 8647.9621 | Path: GPU-cuStateVec MPI-distributed (2 ranks)
[RESILIENCE] Iteration 585: Global theta state checkpointed at path checkpoints/H2O/checkpoint_iter_0585.npy. 
Iter 0586 | Energy: -82.382723 | Delta: 2.61e-02 | M: 10883.9541 | Path: GPU-cuStateVec MPI-distributed (2 ranks)
Iter 0587 | Energy: -82.395555 | Delta: 1.28e-02 | M: 9342.3837 | Path: GPU-cuStateVec MPI-distributed (2 ranks)
Iter 0588 | Energy: -82.411501 | Delta: 1.59e-02 | M: 65.3014 | Path: GPU-cuStateVec MPI-distributed (2 ranks)
Iter 0589 | Energy: -82.419784 | Delta: 8.28e-03 | M: 60.3647 | Path: GPU-cuStateVec MPI-distributed (2 ranks)
Iter 0590 | Energy: -82.384708 | Delta: 3.51e-02 | M: 8339.1547 | Path: GPU-cuStateVec MPI-distributed (2 ranks)
[RESILIENCE] Iteration 590: Global theta state checkpointed at path checkpoints/H2O/checkpoint_iter_0590.npy. 
Iter 0591 | Energy: -82.430804 | Delta: 4.61e-02 | M: 9167.2601 | Path: GPU-cuStateVec MPI-distributed (2 ranks)
Iter 0592 | Energy: -82.399687 | Delta: 3.11e-02 | M: 9557.1832 | Path: GPU-cuStateVec MPI-distributed (2 ranks)
Iter 0593 | Energy: -82.412029 | Delta: 1.23e-02 | M: 4.7163 | Path: GPU-cuStateVec MPI-distributed (2 ranks)
Iter 0594 | Energy: -82.430084 | Delta: 1.81e-02 | M: 8014.9390 | Path: GPU-cuStateVec MPI-distributed (2 ranks)
Iter 0595 | Energy: -82.414634 | Delta: 1.54e-02 | M: 27.6116 | Path: GPU-cuStateVec MPI-distributed (2 ranks)
[RESILIENCE] Iteration 595: Global theta state checkpointed at path checkpoints/H2O/checkpoint_iter_0595.npy. 
Iter 0596 | Energy: -82.417583 | Delta: 2.95e-03 | M: 10692.8137 | Path: GPU-cuStateVec MPI-distributed (2 ranks)
Iter 0597 | Energy: -82.389093 | Delta: 2.85e-02 | M: 8486.1678 | Path: GPU-cuStateVec MPI-distributed (2 ranks)
Iter 0598 | Energy: -82.411493 | Delta: 2.24e-02 | M: 8462.9005 | Path: GPU-cuStateVec MPI-distributed (2 ranks)
Iter 0599 | Energy: -82.425090 | Delta: 1.36e-02 | M: 9514.3988 | Path: GPU-cuStateVec MPI-distributed (2 ranks)
Iter 0600 | Energy: -82.394016 | Delta: 3.11e-02 | M: 2.9280 | Path: GPU-cuStateVec MPI-distributed (2 ranks)
[RESILIENCE] Iteration 600: Global theta state checkpointed at path checkpoints/H2O/checkpoint_iter_0600.npy. 
Iter 0601 | Energy: -82.419352 | Delta: 2.53e-02 | M: 7667.5121 | Path: GPU-cuStateVec MPI-distributed (2 ranks)
Iter 0602 | Energy: -82.396062 | Delta: 2.33e-02 | M: 8802.8468 | Path: GPU-cuStateVec MPI-distributed (2 ranks)
Iter 0603 | Energy: -82.392370 | Delta: 3.69e-03 | M: 9766.0235 | Path: GPU-cuStateVec MPI-distributed (2 ranks)
Iter 0604 | Energy: -82.425322 | Delta: 3.30e-02 | M: 9293.5462 | Path: GPU-cuStateVec MPI-distributed (2 ranks)
Iter 0605 | Energy: -82.417362 | Delta: 7.96e-03 | M: 8502.5789 | Path: GPU-cuStateVec MPI-distributed (2 ranks)
[RESILIENCE] Iteration 605: Global theta state checkpointed at path checkpoints/H2O/checkpoint_iter_0605.npy. 
Iter 0606 | Energy: -82.421281 | Delta: 3.92e-03 | M: 8489.4782 | Path: GPU-cuStateVec MPI-distributed (2 ranks)
Iter 0607 | Energy: -82.416554 | Delta: 4.73e-03 | M: 83.1524 | Path: GPU-cuStateVec MPI-distributed (2 ranks)
Iter 0608 | Energy: -82.416727 | Delta: 1.73e-04 | M: 8233.3608 | Path: GPU-cuStateVec MPI-distributed (2 ranks)
Iter 0609 | Energy: -82.430268 | Delta: 1.35e-02 | M: 9395.4234 | Path: GPU-cuStateVec MPI-distributed (2 ranks)
Iter 0610 | Energy: -82.404842 | Delta: 2.54e-02 | M: 8413.2044 | Path: GPU-cuStateVec MPI-distributed (2 ranks)
[RESILIENCE] Iteration 610: Global theta state checkpointed at path checkpoints/H2O/checkpoint_iter_0610.npy. 
Iter 0611 | Energy: -82.413777 | Delta: 8.94e-03 | M: 9308.9466 | Path: GPU-cuStateVec MPI-distributed (2 ranks)
Iter 0612 | Energy: -82.426544 | Delta: 1.28e-02 | M: 8437.9119 | Path: GPU-cuStateVec MPI-distributed (2 ranks)
Iter 0613 | Energy: -82.421819 | Delta: 4.72e-03 | M: 9119.2068 | Path: GPU-cuStateVec MPI-distributed (2 ranks)
Iter 0614 | Energy: -82.430978 | Delta: 9.16e-03 | M: 87.8956 | Path: GPU-cuStateVec MPI-distributed (2 ranks)
Iter 0615 | Energy: -82.420148 | Delta: 1.08e-02 | M: 8260.0206 | Path: GPU-cuStateVec MPI-distributed (2 ranks)
[RESILIENCE] Iteration 615: Global theta state checkpointed at path checkpoints/H2O/checkpoint_iter_0615.npy. 
Iter 0616 | Energy: -82.460932 | Delta: 4.08e-02 | M: 4.6425 | Path: GPU-cuStateVec MPI-distributed (2 ranks)
Iter 0617 | Energy: -82.451004 | Delta: 9.93e-03 | M: 8120.1529 | Path: GPU-cuStateVec MPI-distributed (2 ranks)
Iter 0618 | Energy: -82.412935 | Delta: 3.81e-02 | M: 8359.4331 | Path: GPU-cuStateVec MPI-distributed (2 ranks)
Iter 0619 | Energy: -82.433529 | Delta: 2.06e-02 | M: 8427.4361 | Path: GPU-cuStateVec MPI-distributed (2 ranks)
Iter 0620 | Energy: -82.435487 | Delta: 1.96e-03 | M: 8677.8960 | Path: GPU-cuStateVec MPI-distributed (2 ranks)
[RESILIENCE] Iteration 620: Global theta state checkpointed at path checkpoints/H2O/checkpoint_iter_0620.npy. 
Iter 0621 | Energy: -82.437754 | Delta: 2.27e-03 | M: 2.2011 | Path: GPU-cuStateVec MPI-distributed (2 ranks)
Iter 0622 | Energy: -82.451526 | Delta: 1.38e-02 | M: 6847.1028 | Path: GPU-cuStateVec MPI-distributed (2 ranks)
Iter 0623 | Energy: -82.450014 | Delta: 1.51e-03 | M: 3.1729 | Path: GPU-cuStateVec MPI-distributed (2 ranks)
Iter 0624 | Energy: -82.447336 | Delta: 2.68e-03 | M: 7944.9014 | Path: GPU-cuStateVec MPI-distributed (2 ranks)
Iter 0625 | Energy: -82.450483 | Delta: 3.15e-03 | M: 7750.9654 | Path: GPU-cuStateVec MPI-distributed (2 ranks)
[RESILIENCE] Iteration 625: Global theta state checkpointed at path checkpoints/H2O/checkpoint_iter_0625.npy. 
Iter 0626 | Energy: -82.458084 | Delta: 7.60e-03 | M: 88.2499 | Path: GPU-cuStateVec MPI-distributed (2 ranks)
Iter 0627 | Energy: -82.454220 | Delta: 3.86e-03 | M: 62.3454 | Path: GPU-cuStateVec MPI-distributed (2 ranks)
Iter 0628 | Energy: -82.463365 | Delta: 9.14e-03 | M: 92.4525 | Path: GPU-cuStateVec MPI-distributed (2 ranks)
Iter 0629 | Energy: -82.440802 | Delta: 2.26e-02 | M: 62.7045 | Path: GPU-cuStateVec MPI-distributed (2 ranks)
Iter 0630 | Energy: -82.427959 | Delta: 1.28e-02 | M: 8222.1362 | Path: GPU-cuStateVec MPI-distributed (2 ranks)
[RESILIENCE] Iteration 630: Global theta state checkpointed at path checkpoints/H2O/checkpoint_iter_0630.npy. 
Iter 0631 | Energy: -82.475850 | Delta: 4.79e-02 | M: 68.2877 | Path: GPU-cuStateVec MPI-distributed (2 ranks)
Iter 0632 | Energy: -82.443150 | Delta: 3.27e-02 | M: 8378.0198 | Path: GPU-cuStateVec MPI-distributed (2 ranks)
Iter 0633 | Energy: -82.462056 | Delta: 1.89e-02 | M: 9939.5857 | Path: GPU-cuStateVec MPI-distributed (2 ranks)
Iter 0634 | Energy: -82.428228 | Delta: 3.38e-02 | M: 7732.2202 | Path: GPU-cuStateVec MPI-distributed (2 ranks)
Iter 0635 | Energy: -82.445372 | Delta: 1.71e-02 | M: 8791.8743 | Path: GPU-cuStateVec MPI-distributed (2 ranks)
[RESILIENCE] Iteration 635: Global theta state checkpointed at path checkpoints/H2O/checkpoint_iter_0635.npy. 
Iter 0636 | Energy: -82.431778 | Delta: 1.36e-02 | M: 9039.6777 | Path: GPU-cuStateVec MPI-distributed (2 ranks)
Iter 0637 | Energy: -82.468727 | Delta: 3.69e-02 | M: 8818.8938 | Path: GPU-cuStateVec MPI-distributed (2 ranks)
Iter 0638 | Energy: -82.483710 | Delta: 1.50e-02 | M: 67.7902 | Path: GPU-cuStateVec MPI-distributed (2 ranks)
Iter 0639 | Energy: -82.437284 | Delta: 4.64e-02 | M: 11495.3835 | Path: GPU-cuStateVec MPI-distributed (2 ranks)
Iter 0640 | Energy: -82.439074 | Delta: 1.79e-03 | M: 9197.7203 | Path: GPU-cuStateVec MPI-distributed (2 ranks)
[RESILIENCE] Iteration 640: Global theta state checkpointed at path checkpoints/H2O/checkpoint_iter_0640.npy. 
Iter 0641 | Energy: -82.451734 | Delta: 1.27e-02 | M: 9269.6328 | Path: GPU-cuStateVec MPI-distributed (2 ranks)
Iter 0642 | Energy: -82.478831 | Delta: 2.71e-02 | M: 10050.6845 | Path: GPU-cuStateVec MPI-distributed (2 ranks)
Iter 0643 | Energy: -82.458792 | Delta: 2.00e-02 | M: 8375.6306 | Path: GPU-cuStateVec MPI-distributed (2 ranks)
Iter 0644 | Energy: -82.483199 | Delta: 2.44e-02 | M: 4.4967 | Path: GPU-cuStateVec MPI-distributed (2 ranks)
Iter 0645 | Energy: -82.480486 | Delta: 2.71e-03 | M: 9034.8681 | Path: GPU-cuStateVec MPI-distributed (2 ranks)
[RESILIENCE] Iteration 645: Global theta state checkpointed at path checkpoints/H2O/checkpoint_iter_0645.npy. 
Iter 0646 | Energy: -82.465445 | Delta: 1.50e-02 | M: 70.2382 | Path: GPU-cuStateVec MPI-distributed (2 ranks)
Iter 0647 | Energy: -82.459354 | Delta: 6.09e-03 | M: 92.6399 | Path: GPU-cuStateVec MPI-distributed (2 ranks)
Iter 0648 | Energy: -82.459085 | Delta: 2.69e-04 | M: 10736.3809 | Path: GPU-cuStateVec MPI-distributed (2 ranks)
Iter 0649 | Energy: -82.450314 | Delta: 8.77e-03 | M: 63.9881 | Path: GPU-cuStateVec MPI-distributed (2 ranks)
Iter 0650 | Energy: -82.464661 | Delta: 1.43e-02 | M: 10082.7009 | Path: GPU-cuStateVec MPI-distributed (2 ranks)
[RESILIENCE] Iteration 650: Global theta state checkpointed at path checkpoints/H2O/checkpoint_iter_0650.npy. 
Iter 0651 | Energy: -82.445822 | Delta: 1.88e-02 | M: 69.2320 | Path: GPU-cuStateVec MPI-distributed (2 ranks)
Iter 0652 | Energy: -82.471572 | Delta: 2.57e-02 | M: 8859.7034 | Path: GPU-cuStateVec MPI-distributed (2 ranks)
Iter 0653 | Energy: -82.490486 | Delta: 1.89e-02 | M: 11944.7873 | Path: GPU-cuStateVec MPI-distributed (2 ranks)
Iter 0654 | Energy: -82.464128 | Delta: 2.64e-02 | M: 8854.6479 | Path: GPU-cuStateVec MPI-distributed (2 ranks)
Iter 0655 | Energy: -82.492974 | Delta: 2.88e-02 | M: 10807.9695 | Path: GPU-cuStateVec MPI-distributed (2 ranks)
[RESILIENCE] Iteration 655: Global theta state checkpointed at path checkpoints/H2O/checkpoint_iter_0655.npy. 
Iter 0656 | Energy: -82.464004 | Delta: 2.90e-02 | M: 10563.0524 | Path: GPU-cuStateVec MPI-distributed (2 ranks)
Iter 0657 | Energy: -82.495730 | Delta: 3.17e-02 | M: 8282.4887 | Path: GPU-cuStateVec MPI-distributed (2 ranks)
Iter 0658 | Energy: -82.475280 | Delta: 2.05e-02 | M: 63.1239 | Path: GPU-cuStateVec MPI-distributed (2 ranks)
Iter 0659 | Energy: -82.505312 | Delta: 3.00e-02 | M: 63.5075 | Path: GPU-cuStateVec MPI-distributed (2 ranks)
Iter 0660 | Energy: -82.459672 | Delta: 4.56e-02 | M: 8886.6395 | Path: GPU-cuStateVec MPI-distributed (2 ranks)
[RESILIENCE] Iteration 660: Global theta state checkpointed at path checkpoints/H2O/checkpoint_iter_0660.npy. 
Iter 0661 | Energy: -82.493047 | Delta: 3.34e-02 | M: 8733.1002 | Path: GPU-cuStateVec MPI-distributed (2 ranks)
Iter 0662 | Energy: -82.468245 | Delta: 2.48e-02 | M: 11181.0289 | Path: GPU-cuStateVec MPI-distributed (2 ranks)
Iter 0663 | Energy: -82.504369 | Delta: 3.61e-02 | M: 9070.2471 | Path: GPU-cuStateVec MPI-distributed (2 ranks)
Iter 0664 | Energy: -82.461077 | Delta: 4.33e-02 | M: 8801.8395 | Path: GPU-cuStateVec MPI-distributed (2 ranks)
Iter 0665 | Energy: -82.476348 | Delta: 1.53e-02 | M: 8532.8645 | Path: GPU-cuStateVec MPI-distributed (2 ranks)
[RESILIENCE] Iteration 665: Global theta state checkpointed at path checkpoints/H2O/checkpoint_iter_0665.npy. 
Iter 0666 | Energy: -82.483393 | Delta: 7.05e-03 | M: 11576.4542 | Path: GPU-cuStateVec MPI-distributed (2 ranks)
Iter 0667 | Energy: -82.490096 | Delta: 6.70e-03 | M: 8331.0786 | Path: GPU-cuStateVec MPI-distributed (2 ranks)
Iter 0668 | Energy: -82.500336 | Delta: 1.02e-02 | M: 8353.1633 | Path: GPU-cuStateVec MPI-distributed (2 ranks)
Iter 0669 | Energy: -82.499811 | Delta: 5.25e-04 | M: 8227.7912 | Path: GPU-cuStateVec MPI-distributed (2 ranks)
Iter 0670 | Energy: -82.498336 | Delta: 1.47e-03 | M: 8965.9585 | Path: GPU-cuStateVec MPI-distributed (2 ranks)
[RESILIENCE] Iteration 670: Global theta state checkpointed at path checkpoints/H2O/checkpoint_iter_0670.npy. 
Iter 0671 | Energy: -82.473340 | Delta: 2.50e-02 | M: 9078.7062 | Path: GPU-cuStateVec MPI-distributed (2 ranks)
Iter 0672 | Energy: -82.498610 | Delta: 2.53e-02 | M: 10967.7155 | Path: GPU-cuStateVec MPI-distributed (2 ranks)
Iter 0673 | Energy: -82.464467 | Delta: 3.41e-02 | M: 8449.2080 | Path: GPU-cuStateVec MPI-distributed (2 ranks)
Iter 0674 | Energy: -82.500736 | Delta: 3.63e-02 | M: 61.5287 | Path: GPU-cuStateVec MPI-distributed (2 ranks)
Iter 0675 | Energy: -82.496947 | Delta: 3.79e-03 | M: 8455.3464 | Path: GPU-cuStateVec MPI-distributed (2 ranks)
[RESILIENCE] Iteration 675: Global theta state checkpointed at path checkpoints/H2O/checkpoint_iter_0675.npy. 
Iter 0676 | Energy: -82.474353 | Delta: 2.26e-02 | M: 8466.7364 | Path: GPU-cuStateVec MPI-distributed (2 ranks)
Iter 0677 | Energy: -82.506404 | Delta: 3.21e-02 | M: 8977.5761 | Path: GPU-cuStateVec MPI-distributed (2 ranks)
Iter 0678 | Energy: -82.514824 | Delta: 8.42e-03 | M: 9072.2442 | Path: GPU-cuStateVec MPI-distributed (2 ranks)
Iter 0679 | Energy: -82.516048 | Delta: 1.22e-03 | M: 8864.7859 | Path: GPU-cuStateVec MPI-distributed (2 ranks)
Iter 0680 | Energy: -82.477105 | Delta: 3.89e-02 | M: 8474.5752 | Path: GPU-cuStateVec MPI-distributed (2 ranks)
[RESILIENCE] Iteration 680: Global theta state checkpointed at path checkpoints/H2O/checkpoint_iter_0680.npy. 
Iter 0681 | Energy: -82.483504 | Delta: 6.40e-03 | M: 131.9697 | Path: GPU-cuStateVec MPI-distributed (2 ranks)
Iter 0682 | Energy: -82.527066 | Delta: 4.36e-02 | M: 8540.1633 | Path: GPU-cuStateVec MPI-distributed (2 ranks)
Iter 0683 | Energy: -82.527243 | Delta: 1.78e-04 | M: 8171.7006 | Path: GPU-cuStateVec MPI-distributed (2 ranks)
Iter 0684 | Energy: -82.488703 | Delta: 3.85e-02 | M: 8095.0986 | Path: GPU-cuStateVec MPI-distributed (2 ranks)
Iter 0685 | Energy: -82.530360 | Delta: 4.17e-02 | M: 63.1695 | Path: GPU-cuStateVec MPI-distributed (2 ranks)
[RESILIENCE] Iteration 685: Global theta state checkpointed at path checkpoints/H2O/checkpoint_iter_0685.npy. 
Iter 0686 | Energy: -82.487233 | Delta: 4.31e-02 | M: 9105.1795 | Path: GPU-cuStateVec MPI-distributed (2 ranks)
Iter 0687 | Energy: -82.499061 | Delta: 1.18e-02 | M: 8205.0463 | Path: GPU-cuStateVec MPI-distributed (2 ranks)
Iter 0688 | Energy: -82.499922 | Delta: 8.61e-04 | M: 9707.5169 | Path: GPU-cuStateVec MPI-distributed (2 ranks)
Iter 0689 | Energy: -82.513341 | Delta: 1.34e-02 | M: 10820.4056 | Path: GPU-cuStateVec MPI-distributed (2 ranks)
Iter 0690 | Energy: -82.518999 | Delta: 5.66e-03 | M: 8840.6670 | Path: GPU-cuStateVec MPI-distributed (2 ranks)
[RESILIENCE] Iteration 690: Global theta state checkpointed at path checkpoints/H2O/checkpoint_iter_0690.npy. 
Iter 0691 | Energy: -82.525295 | Delta: 6.30e-03 | M: 8560.5933 | Path: GPU-cuStateVec MPI-distributed (2 ranks)
Iter 0692 | Energy: -82.506392 | Delta: 1.89e-02 | M: 8633.6158 | Path: GPU-cuStateVec MPI-distributed (2 ranks)
Iter 0693 | Energy: -82.516937 | Delta: 1.05e-02 | M: 270.5896 | Path: GPU-cuStateVec MPI-distributed (2 ranks)
Iter 0694 | Energy: -82.505865 | Delta: 1.11e-02 | M: 8555.9820 | Path: GPU-cuStateVec MPI-distributed (2 ranks)
Iter 0695 | Energy: -82.510629 | Delta: 4.76e-03 | M: 63.1631 | Path: GPU-cuStateVec MPI-distributed (2 ranks)
[RESILIENCE] Iteration 695: Global theta state checkpointed at path checkpoints/H2O/checkpoint_iter_0695.npy. 
Iter 0696 | Energy: -82.498113 | Delta: 1.25e-02 | M: 10437.1085 | Path: GPU-cuStateVec MPI-distributed (2 ranks)
Iter 0697 | Energy: -82.523188 | Delta: 2.51e-02 | M: 8671.5441 | Path: GPU-cuStateVec MPI-distributed (2 ranks)
Iter 0698 | Energy: -82.508627 | Delta: 1.46e-02 | M: 9885.2583 | Path: GPU-cuStateVec MPI-distributed (2 ranks)
Iter 0699 | Energy: -82.510426 | Delta: 1.80e-03 | M: 8450.1282 | Path: GPU-cuStateVec MPI-distributed (2 ranks)
Iter 0700 | Energy: -82.511607 | Delta: 1.18e-03 | M: 8574.6879 | Path: GPU-cuStateVec MPI-distributed (2 ranks)
[RESILIENCE] Iteration 700: Global theta state checkpointed at path checkpoints/H2O/checkpoint_iter_0700.npy. 
Iter 0701 | Energy: -82.545726 | Delta: 3.41e-02 | M: 9570.0425 | Path: GPU-cuStateVec MPI-distributed (2 ranks)
Iter 0702 | Energy: -82.515814 | Delta: 2.99e-02 | M: 8571.6219 | Path: GPU-cuStateVec MPI-distributed (2 ranks)
Iter 0703 | Energy: -82.504737 | Delta: 1.11e-02 | M: 63.4346 | Path: GPU-cuStateVec MPI-distributed (2 ranks)
Iter 0704 | Energy: -82.540287 | Delta: 3.56e-02 | M: 26127.1110 | Path: GPU-cuStateVec MPI-distributed (2 ranks)
Iter 0705 | Energy: -82.534137 | Delta: 6.15e-03 | M: 87.5194 | Path: GPU-cuStateVec MPI-distributed (2 ranks)
[RESILIENCE] Iteration 705: Global theta state checkpointed at path checkpoints/H2O/checkpoint_iter_0705.npy. 
Iter 0706 | Energy: -82.544482 | Delta: 1.03e-02 | M: 9152.2019 | Path: GPU-cuStateVec MPI-distributed (2 ranks)
Iter 0707 | Energy: -82.536198 | Delta: 8.28e-03 | M: 8486.6465 | Path: GPU-cuStateVec MPI-distributed (2 ranks)
Iter 0708 | Energy: -82.543624 | Delta: 7.43e-03 | M: 9083.5391 | Path: GPU-cuStateVec MPI-distributed (2 ranks)
Iter 0709 | Energy: -82.508711 | Delta: 3.49e-02 | M: 9175.8847 | Path: GPU-cuStateVec MPI-distributed (2 ranks)
Iter 0710 | Energy: -82.541912 | Delta: 3.32e-02 | M: 8987.9968 | Path: GPU-cuStateVec MPI-distributed (2 ranks)
[RESILIENCE] Iteration 710: Global theta state checkpointed at path checkpoints/H2O/checkpoint_iter_0710.npy. 
Iter 0711 | Energy: -82.542208 | Delta: 2.96e-04 | M: 8011.5568 | Path: GPU-cuStateVec MPI-distributed (2 ranks)
Iter 0712 | Energy: -82.552784 | Delta: 1.06e-02 | M: 9376.9705 | Path: GPU-cuStateVec MPI-distributed (2 ranks)
Iter 0713 | Energy: -82.514706 | Delta: 3.81e-02 | M: 8793.7911 | Path: GPU-cuStateVec MPI-distributed (2 ranks)
Iter 0714 | Energy: -82.556939 | Delta: 4.22e-02 | M: 9014.3989 | Path: GPU-cuStateVec MPI-distributed (2 ranks)
Iter 0715 | Energy: -82.542601 | Delta: 1.43e-02 | M: 10335.8193 | Path: GPU-cuStateVec MPI-distributed (2 ranks)
[RESILIENCE] Iteration 715: Global theta state checkpointed at path checkpoints/H2O/checkpoint_iter_0715.npy. 
Iter 0716 | Energy: -82.534475 | Delta: 8.13e-03 | M: 10031.5616 | Path: GPU-cuStateVec MPI-distributed (2 ranks)
Iter 0717 | Energy: -82.537835 | Delta: 3.36e-03 | M: 11411.3936 | Path: GPU-cuStateVec MPI-distributed (2 ranks)
Iter 0718 | Energy: -82.513121 | Delta: 2.47e-02 | M: 6271.0488 | Path: GPU-cuStateVec MPI-distributed (2 ranks)
Iter 0719 | Energy: -82.553666 | Delta: 4.05e-02 | M: 9986.7658 | Path: GPU-cuStateVec MPI-distributed (2 ranks)
Iter 0720 | Energy: -82.553397 | Delta: 2.70e-04 | M: 8057.8887 | Path: GPU-cuStateVec MPI-distributed (2 ranks)
[RESILIENCE] Iteration 720: Global theta state checkpointed at path checkpoints/H2O/checkpoint_iter_0720.npy. 
Iter 0721 | Energy: -82.541201 | Delta: 1.22e-02 | M: 8731.0992 | Path: GPU-cuStateVec MPI-distributed (2 ranks)
Iter 0722 | Energy: -82.559746 | Delta: 1.85e-02 | M: 8915.7191 | Path: GPU-cuStateVec MPI-distributed (2 ranks)
Iter 0723 | Energy: -82.569373 | Delta: 9.63e-03 | M: 9198.3812 | Path: GPU-cuStateVec MPI-distributed (2 ranks)
Iter 0724 | Energy: -82.571087 | Delta: 1.71e-03 | M: 9093.8864 | Path: GPU-cuStateVec MPI-distributed (2 ranks)
Iter 0725 | Energy: -82.527824 | Delta: 4.33e-02 | M: 8997.6334 | Path: GPU-cuStateVec MPI-distributed (2 ranks)
[RESILIENCE] Iteration 725: Global theta state checkpointed at path checkpoints/H2O/checkpoint_iter_0725.npy. 
Iter 0726 | Energy: -82.559608 | Delta: 3.18e-02 | M: 9015.3117 | Path: GPU-cuStateVec MPI-distributed (2 ranks)
Iter 0727 | Energy: -82.529287 | Delta: 3.03e-02 | M: 85.5304 | Path: GPU-cuStateVec MPI-distributed (2 ranks)
Iter 0728 | Energy: -82.531117 | Delta: 1.83e-03 | M: 11999.8609 | Path: GPU-cuStateVec MPI-distributed (2 ranks)
Iter 0729 | Energy: -82.572403 | Delta: 4.13e-02 | M: 9407.2672 | Path: GPU-cuStateVec MPI-distributed (2 ranks)
Iter 0730 | Energy: -82.568795 | Delta: 3.61e-03 | M: 8618.5590 | Path: GPU-cuStateVec MPI-distributed (2 ranks)
[RESILIENCE] Iteration 730: Global theta state checkpointed at path checkpoints/H2O/checkpoint_iter_0730.npy. 
Iter 0731 | Energy: -82.583813 | Delta: 1.50e-02 | M: 66.8771 | Path: GPU-cuStateVec MPI-distributed (2 ranks)
Iter 0732 | Energy: -82.542828 | Delta: 4.10e-02 | M: 124.5348 | Path: GPU-cuStateVec MPI-distributed (2 ranks)
Iter 0733 | Energy: -82.573876 | Delta: 3.10e-02 | M: 8390.8089 | Path: GPU-cuStateVec MPI-distributed (2 ranks)
Iter 0734 | Energy: -82.567077 | Delta: 6.80e-03 | M: 9183.2544 | Path: GPU-cuStateVec MPI-distributed (2 ranks)
Iter 0735 | Energy: -82.576987 | Delta: 9.91e-03 | M: 82.4943 | Path: GPU-cuStateVec MPI-distributed (2 ranks)
[RESILIENCE] Iteration 735: Global theta state checkpointed at path checkpoints/H2O/checkpoint_iter_0735.npy. 
Iter 0736 | Energy: -82.576031 | Delta: 9.55e-04 | M: 8503.2050 | Path: GPU-cuStateVec MPI-distributed (2 ranks)
Iter 0737 | Energy: -82.555214 | Delta: 2.08e-02 | M: 8639.8073 | Path: GPU-cuStateVec MPI-distributed (2 ranks)
Iter 0738 | Energy: -82.581348 | Delta: 2.61e-02 | M: 2.7745 | Path: GPU-cuStateVec MPI-distributed (2 ranks)
Iter 0739 | Energy: -82.580108 | Delta: 1.24e-03 | M: 7868.8732 | Path: GPU-cuStateVec MPI-distributed (2 ranks)
Iter 0740 | Energy: -82.578707 | Delta: 1.40e-03 | M: 10762.2261 | Path: GPU-cuStateVec MPI-distributed (2 ranks)
[RESILIENCE] Iteration 740: Global theta state checkpointed at path checkpoints/H2O/checkpoint_iter_0740.npy. 
Iter 0741 | Energy: -82.554810 | Delta: 2.39e-02 | M: 16.1031 | Path: GPU-cuStateVec MPI-distributed (2 ranks)
Iter 0742 | Energy: -82.588161 | Delta: 3.34e-02 | M: 8393.0180 | Path: GPU-cuStateVec MPI-distributed (2 ranks)
Iter 0743 | Energy: -82.575640 | Delta: 1.25e-02 | M: 8394.3029 | Path: GPU-cuStateVec MPI-distributed (2 ranks)
Iter 0744 | Energy: -82.556803 | Delta: 1.88e-02 | M: 12316.1739 | Path: GPU-cuStateVec MPI-distributed (2 ranks)
Iter 0745 | Energy: -82.570424 | Delta: 1.36e-02 | M: 8565.2590 | Path: GPU-cuStateVec MPI-distributed (2 ranks)
[RESILIENCE] Iteration 745: Global theta state checkpointed at path checkpoints/H2O/checkpoint_iter_0745.npy. 
Iter 0746 | Energy: -82.556882 | Delta: 1.35e-02 | M: 63.2867 | Path: GPU-cuStateVec MPI-distributed (2 ranks)
Iter 0747 | Energy: -82.579738 | Delta: 2.29e-02 | M: 11362.0907 | Path: GPU-cuStateVec MPI-distributed (2 ranks)
Iter 0748 | Energy: -82.559278 | Delta: 2.05e-02 | M: 64.0777 | Path: GPU-cuStateVec MPI-distributed (2 ranks)
Iter 0749 | Energy: -82.585240 | Delta: 2.60e-02 | M: 8598.9538 | Path: GPU-cuStateVec MPI-distributed (2 ranks)
Iter 0750 | Energy: -82.589880 | Delta: 4.64e-03 | M: 66.7210 | Path: GPU-cuStateVec MPI-distributed (2 ranks)
[RESILIENCE] Iteration 750: Global theta state checkpointed at path checkpoints/H2O/checkpoint_iter_0750.npy. 
Iter 0751 | Energy: -82.575114 | Delta: 1.48e-02 | M: 9263.8499 | Path: GPU-cuStateVec MPI-distributed (2 ranks)
Iter 0752 | Energy: -82.573309 | Delta: 1.80e-03 | M: 10719.3134 | Path: GPU-cuStateVec MPI-distributed (2 ranks)
Iter 0753 | Energy: -82.598677 | Delta: 2.54e-02 | M: 96.3696 | Path: GPU-cuStateVec MPI-distributed (2 ranks)
Iter 0754 | Energy: -82.591879 | Delta: 6.80e-03 | M: 8540.8682 | Path: GPU-cuStateVec MPI-distributed (2 ranks)
Iter 0755 | Energy: -82.547046 | Delta: 4.48e-02 | M: 8712.3010 | Path: GPU-cuStateVec MPI-distributed (2 ranks)
[RESILIENCE] Iteration 755: Global theta state checkpointed at path checkpoints/H2O/checkpoint_iter_0755.npy. 
Iter 0756 | Energy: -82.581023 | Delta: 3.40e-02 | M: 61.7348 | Path: GPU-cuStateVec MPI-distributed (2 ranks)
Iter 0757 | Energy: -82.585176 | Delta: 4.15e-03 | M: 8350.2795 | Path: GPU-cuStateVec MPI-distributed (2 ranks)
Iter 0758 | Energy: -82.565330 | Delta: 1.98e-02 | M: 10470.2212 | Path: GPU-cuStateVec MPI-distributed (2 ranks)
Iter 0759 | Energy: -82.591445 | Delta: 2.61e-02 | M: 62.8453 | Path: GPU-cuStateVec MPI-distributed (2 ranks)
Iter 0760 | Energy: -82.603898 | Delta: 1.25e-02 | M: 8595.9708 | Path: GPU-cuStateVec MPI-distributed (2 ranks)
[RESILIENCE] Iteration 760: Global theta state checkpointed at path checkpoints/H2O/checkpoint_iter_0760.npy. 
Iter 0761 | Energy: -82.579538 | Delta: 2.44e-02 | M: 8021.6615 | Path: GPU-cuStateVec MPI-distributed (2 ranks)
Iter 0762 | Energy: -82.599189 | Delta: 1.97e-02 | M: 88.6018 | Path: GPU-cuStateVec MPI-distributed (2 ranks)
Iter 0763 | Energy: -82.590578 | Delta: 8.61e-03 | M: 8634.7042 | Path: GPU-cuStateVec MPI-distributed (2 ranks)
Iter 0764 | Energy: -82.589703 | Delta: 8.75e-04 | M: 9840.5469 | Path: GPU-cuStateVec MPI-distributed (2 ranks)
Iter 0765 | Energy: -82.570514 | Delta: 1.92e-02 | M: 9698.7765 | Path: GPU-cuStateVec MPI-distributed (2 ranks)
[RESILIENCE] Iteration 765: Global theta state checkpointed at path checkpoints/H2O/checkpoint_iter_0765.npy. 
Iter 0766 | Energy: -82.590336 | Delta: 1.98e-02 | M: 9429.5933 | Path: GPU-cuStateVec MPI-distributed (2 ranks)
Iter 0767 | Energy: -82.578663 | Delta: 1.17e-02 | M: 8462.4869 | Path: GPU-cuStateVec MPI-distributed (2 ranks)
Iter 0768 | Energy: -82.593377 | Delta: 1.47e-02 | M: 8816.7797 | Path: GPU-cuStateVec MPI-distributed (2 ranks)
Iter 0769 | Energy: -82.606260 | Delta: 1.29e-02 | M: 6930.5790 | Path: GPU-cuStateVec MPI-distributed (2 ranks)
Iter 0770 | Energy: -82.565692 | Delta: 4.06e-02 | M: 8889.0271 | Path: GPU-cuStateVec MPI-distributed (2 ranks)
[RESILIENCE] Iteration 770: Global theta state checkpointed at path checkpoints/H2O/checkpoint_iter_0770.npy. 
Iter 0771 | Energy: -82.609316 | Delta: 4.36e-02 | M: 9269.4703 | Path: GPU-cuStateVec MPI-distributed (2 ranks)
Iter 0772 | Energy: -82.573560 | Delta: 3.58e-02 | M: 58.9561 | Path: GPU-cuStateVec MPI-distributed (2 ranks)
Iter 0773 | Energy: -82.564929 | Delta: 8.63e-03 | M: 11754.0944 | Path: GPU-cuStateVec MPI-distributed (2 ranks)
Iter 0774 | Energy: -82.598526 | Delta: 3.36e-02 | M: 88.4554 | Path: GPU-cuStateVec MPI-distributed (2 ranks)
Iter 0775 | Energy: -82.610823 | Delta: 1.23e-02 | M: 91.5188 | Path: GPU-cuStateVec MPI-distributed (2 ranks)
[RESILIENCE] Iteration 775: Global theta state checkpointed at path checkpoints/H2O/checkpoint_iter_0775.npy. 
Iter 0776 | Energy: -82.585208 | Delta: 2.56e-02 | M: 9095.7900 | Path: GPU-cuStateVec MPI-distributed (2 ranks)
Iter 0777 | Energy: -82.596343 | Delta: 1.11e-02 | M: 9833.3110 | Path: GPU-cuStateVec MPI-distributed (2 ranks)
Iter 0778 | Energy: -82.592561 | Delta: 3.78e-03 | M: 8442.0548 | Path: GPU-cuStateVec MPI-distributed (2 ranks)
Iter 0779 | Energy: -82.606846 | Delta: 1.43e-02 | M: 8902.3643 | Path: GPU-cuStateVec MPI-distributed (2 ranks)
Iter 0780 | Energy: -82.599016 | Delta: 7.83e-03 | M: 63.2280 | Path: GPU-cuStateVec MPI-distributed (2 ranks)
[RESILIENCE] Iteration 780: Global theta state checkpointed at path checkpoints/H2O/checkpoint_iter_0780.npy. 
Iter 0781 | Energy: -82.591862 | Delta: 7.15e-03 | M: 6298.6329 | Path: GPU-cuStateVec MPI-distributed (2 ranks)
Iter 0782 | Energy: -82.574081 | Delta: 1.78e-02 | M: 7091.2884 | Path: GPU-cuStateVec MPI-distributed (2 ranks)
Iter 0783 | Energy: -82.612668 | Delta: 3.86e-02 | M: 67.6674 | Path: GPU-cuStateVec MPI-distributed (2 ranks)
Iter 0784 | Energy: -82.609986 | Delta: 2.68e-03 | M: 14.1701 | Path: GPU-cuStateVec MPI-distributed (2 ranks)
Iter 0785 | Energy: -82.585811 | Delta: 2.42e-02 | M: 6540.2803 | Path: GPU-cuStateVec MPI-distributed (2 ranks)
[RESILIENCE] Iteration 785: Global theta state checkpointed at path checkpoints/H2O/checkpoint_iter_0785.npy. 
Iter 0786 | Energy: -82.591691 | Delta: 5.88e-03 | M: 67.0005 | Path: GPU-cuStateVec MPI-distributed (2 ranks)
Iter 0787 | Energy: -82.603038 | Delta: 1.13e-02 | M: 88.8961 | Path: GPU-cuStateVec MPI-distributed (2 ranks)
Iter 0788 | Energy: -82.609657 | Delta: 6.62e-03 | M: 9.4565 | Path: GPU-cuStateVec MPI-distributed (2 ranks)
Iter 0789 | Energy: -82.583633 | Delta: 2.60e-02 | M: 7731.1295 | Path: GPU-cuStateVec MPI-distributed (2 ranks)
Iter 0790 | Energy: -82.612061 | Delta: 2.84e-02 | M: 8869.9881 | Path: GPU-cuStateVec MPI-distributed (2 ranks)
[RESILIENCE] Iteration 790: Global theta state checkpointed at path checkpoints/H2O/checkpoint_iter_0790.npy. 
Iter 0791 | Energy: -82.584773 | Delta: 2.73e-02 | M: 9092.2728 | Path: GPU-cuStateVec MPI-distributed (2 ranks)
Iter 0792 | Energy: -82.584726 | Delta: 4.73e-05 | M: 65.3243 | Path: GPU-cuStateVec MPI-distributed (2 ranks)
Iter 0793 | Energy: -82.604813 | Delta: 2.01e-02 | M: 8775.2564 | Path: GPU-cuStateVec MPI-distributed (2 ranks)
Iter 0794 | Energy: -82.594475 | Delta: 1.03e-02 | M: 4.2087 | Path: GPU-cuStateVec MPI-distributed (2 ranks)
Iter 0795 | Energy: -82.608818 | Delta: 1.43e-02 | M: 11078.0083 | Path: GPU-cuStateVec MPI-distributed (2 ranks)
[RESILIENCE] Iteration 795: Global theta state checkpointed at path checkpoints/H2O/checkpoint_iter_0795.npy. 
Iter 0796 | Energy: -82.621431 | Delta: 1.26e-02 | M: 9341.0064 | Path: GPU-cuStateVec MPI-distributed (2 ranks)
Iter 0797 | Energy: -82.594362 | Delta: 2.71e-02 | M: 8719.4835 | Path: GPU-cuStateVec MPI-distributed (2 ranks)
Iter 0798 | Energy: -82.598374 | Delta: 4.01e-03 | M: 8643.7911 | Path: GPU-cuStateVec MPI-distributed (2 ranks)
Iter 0799 | Energy: -82.600604 | Delta: 2.23e-03 | M: 63.5380 | Path: GPU-cuStateVec MPI-distributed (2 ranks)
Iter 0800 | Energy: -82.619773 | Delta: 1.92e-02 | M: 8304.4189 | Path: GPU-cuStateVec MPI-distributed (2 ranks)
[RESILIENCE] Iteration 800: Global theta state checkpointed at path checkpoints/H2O/checkpoint_iter_0800.npy. 
Iter 0801 | Energy: -82.606917 | Delta: 1.29e-02 | M: 8689.5028 | Path: GPU-cuStateVec MPI-distributed (2 ranks)
Iter 0802 | Energy: -82.620964 | Delta: 1.40e-02 | M: 64.9840 | Path: GPU-cuStateVec MPI-distributed (2 ranks)
Iter 0803 | Energy: -82.585603 | Delta: 3.54e-02 | M: 8783.5346 | Path: GPU-cuStateVec MPI-distributed (2 ranks)
Iter 0804 | Energy: -82.609506 | Delta: 2.39e-02 | M: 10171.8142 | Path: GPU-cuStateVec MPI-distributed (2 ranks)
Iter 0805 | Energy: -82.621177 | Delta: 1.17e-02 | M: 8463.8313 | Path: GPU-cuStateVec MPI-distributed (2 ranks)
[RESILIENCE] Iteration 805: Global theta state checkpointed at path checkpoints/H2O/checkpoint_iter_0805.npy. 
Iter 0806 | Energy: -82.618937 | Delta: 2.24e-03 | M: 10876.5304 | Path: GPU-cuStateVec MPI-distributed (2 ranks)
Iter 0807 | Energy: -82.642443 | Delta: 2.35e-02 | M: 8561.5587 | Path: GPU-cuStateVec MPI-distributed (2 ranks)
Iter 0808 | Energy: -82.603555 | Delta: 3.89e-02 | M: 8111.9474 | Path: GPU-cuStateVec MPI-distributed (2 ranks)
Iter 0809 | Energy: -82.598634 | Delta: 4.92e-03 | M: 2.6293 | Path: GPU-cuStateVec MPI-distributed (2 ranks)
Iter 0810 | Energy: -82.579791 | Delta: 1.88e-02 | M: 8047.3778 | Path: GPU-cuStateVec MPI-distributed (2 ranks)
[RESILIENCE] Iteration 810: Global theta state checkpointed at path checkpoints/H2O/checkpoint_iter_0810.npy. 
Iter 0811 | Energy: -82.614093 | Delta: 3.43e-02 | M: 8583.0308 | Path: GPU-cuStateVec MPI-distributed (2 ranks)
Iter 0812 | Energy: -82.616676 | Delta: 2.58e-03 | M: 9011.6146 | Path: GPU-cuStateVec MPI-distributed (2 ranks)
Iter 0813 | Energy: -82.630562 | Delta: 1.39e-02 | M: 87.3046 | Path: GPU-cuStateVec MPI-distributed (2 ranks)
Iter 0814 | Energy: -82.613763 | Delta: 1.68e-02 | M: 67.0929 | Path: GPU-cuStateVec MPI-distributed (2 ranks)
Iter 0815 | Energy: -82.632187 | Delta: 1.84e-02 | M: 8480.9225 | Path: GPU-cuStateVec MPI-distributed (2 ranks)
[RESILIENCE] Iteration 815: Global theta state checkpointed at path checkpoints/H2O/checkpoint_iter_0815.npy. 
Iter 0816 | Energy: -82.605877 | Delta: 2.63e-02 | M: 10189.3538 | Path: GPU-cuStateVec MPI-distributed (2 ranks)
Iter 0817 | Energy: -82.616617 | Delta: 1.07e-02 | M: 11616.8563 | Path: GPU-cuStateVec MPI-distributed (2 ranks)
Iter 0818 | Energy: -82.638717 | Delta: 2.21e-02 | M: 9009.2200 | Path: GPU-cuStateVec MPI-distributed (2 ranks)
Iter 0819 | Energy: -82.603124 | Delta: 3.56e-02 | M: 9195.5835 | Path: GPU-cuStateVec MPI-distributed (2 ranks)
Iter 0820 | Energy: -82.600253 | Delta: 2.87e-03 | M: 9404.0669 | Path: GPU-cuStateVec MPI-distributed (2 ranks)
[RESILIENCE] Iteration 820: Global theta state checkpointed at path checkpoints/H2O/checkpoint_iter_0820.npy. 
Iter 0821 | Energy: -82.641009 | Delta: 4.08e-02 | M: 8866.7914 | Path: GPU-cuStateVec MPI-distributed (2 ranks)
Iter 0822 | Energy: -82.610316 | Delta: 3.07e-02 | M: 8258.1660 | Path: GPU-cuStateVec MPI-distributed (2 ranks)
Iter 0823 | Energy: -82.638502 | Delta: 2.82e-02 | M: 11834.9484 | Path: GPU-cuStateVec MPI-distributed (2 ranks)
Iter 0824 | Energy: -82.597455 | Delta: 4.10e-02 | M: 6610.0480 | Path: GPU-cuStateVec MPI-distributed (2 ranks)
Iter 0825 | Energy: -82.612276 | Delta: 1.48e-02 | M: 11078.1238 | Path: GPU-cuStateVec MPI-distributed (2 ranks)
[RESILIENCE] Iteration 825: Global theta state checkpointed at path checkpoints/H2O/checkpoint_iter_0825.npy. 
Iter 0826 | Energy: -82.615358 | Delta: 3.08e-03 | M: 8648.8719 | Path: GPU-cuStateVec MPI-distributed (2 ranks)
Iter 0827 | Energy: -82.621578 | Delta: 6.22e-03 | M: 9326.7264 | Path: GPU-cuStateVec MPI-distributed (2 ranks)
Iter 0828 | Energy: -82.643752 | Delta: 2.22e-02 | M: 8311.1733 | Path: GPU-cuStateVec MPI-distributed (2 ranks)
Iter 0829 | Energy: -82.660897 | Delta: 1.71e-02 | M: 67.9798 | Path: GPU-cuStateVec MPI-distributed (2 ranks)
Iter 0830 | Energy: -82.614633 | Delta: 4.63e-02 | M: 8947.5519 | Path: GPU-cuStateVec MPI-distributed (2 ranks)
[RESILIENCE] Iteration 830: Global theta state checkpointed at path checkpoints/H2O/checkpoint_iter_0830.npy. 
Iter 0831 | Energy: -82.660088 | Delta: 4.55e-02 | M: 10688.6796 | Path: GPU-cuStateVec MPI-distributed (2 ranks)
Iter 0832 | Energy: -82.630740 | Delta: 2.93e-02 | M: 6446.7532 | Path: GPU-cuStateVec MPI-distributed (2 ranks)
Iter 0833 | Energy: -82.643031 | Delta: 1.23e-02 | M: 7211.2333 | Path: GPU-cuStateVec MPI-distributed (2 ranks)
Iter 0834 | Energy: -82.649993 | Delta: 6.96e-03 | M: 8052.4043 | Path: GPU-cuStateVec MPI-distributed (2 ranks)
Iter 0835 | Energy: -82.662087 | Delta: 1.21e-02 | M: 10708.1822 | Path: GPU-cuStateVec MPI-distributed (2 ranks)
[RESILIENCE] Iteration 835: Global theta state checkpointed at path checkpoints/H2O/checkpoint_iter_0835.npy. 
Iter 0836 | Energy: -82.620546 | Delta: 4.15e-02 | M: 8831.1129 | Path: GPU-cuStateVec MPI-distributed (2 ranks)
Iter 0837 | Energy: -82.650713 | Delta: 3.02e-02 | M: 8557.9249 | Path: GPU-cuStateVec MPI-distributed (2 ranks)
Iter 0838 | Energy: -82.665059 | Delta: 1.43e-02 | M: 62.7460 | Path: GPU-cuStateVec MPI-distributed (2 ranks)
Iter 0839 | Energy: -82.634822 | Delta: 3.02e-02 | M: 8580.1282 | Path: GPU-cuStateVec MPI-distributed (2 ranks)
Iter 0840 | Energy: -82.666770 | Delta: 3.19e-02 | M: 63.6422 | Path: GPU-cuStateVec MPI-distributed (2 ranks)
[RESILIENCE] Iteration 840: Global theta state checkpointed at path checkpoints/H2O/checkpoint_iter_0840.npy. 
Iter 0841 | Energy: -82.640295 | Delta: 2.65e-02 | M: 7968.2007 | Path: GPU-cuStateVec MPI-distributed (2 ranks)
Iter 0842 | Energy: -82.625120 | Delta: 1.52e-02 | M: 10471.5031 | Path: GPU-cuStateVec MPI-distributed (2 ranks)
Iter 0843 | Energy: -82.645646 | Delta: 2.05e-02 | M: 70.0213 | Path: GPU-cuStateVec MPI-distributed (2 ranks)
Iter 0844 | Energy: -82.670752 | Delta: 2.51e-02 | M: 9483.4846 | Path: GPU-cuStateVec MPI-distributed (2 ranks)
Iter 0845 | Energy: -82.660698 | Delta: 1.01e-02 | M: 8544.6847 | Path: GPU-cuStateVec MPI-distributed (2 ranks)
[RESILIENCE] Iteration 845: Global theta state checkpointed at path checkpoints/H2O/checkpoint_iter_0845.npy. 
Iter 0846 | Energy: -82.634339 | Delta: 2.64e-02 | M: 11804.4849 | Path: GPU-cuStateVec MPI-distributed (2 ranks)
Iter 0847 | Energy: -82.632725 | Delta: 1.61e-03 | M: 8335.5424 | Path: GPU-cuStateVec MPI-distributed (2 ranks)
Iter 0848 | Energy: -82.660835 | Delta: 2.81e-02 | M: 63.8294 | Path: GPU-cuStateVec MPI-distributed (2 ranks)
Iter 0849 | Energy: -82.634605 | Delta: 2.62e-02 | M: 22937.9240 | Path: GPU-cuStateVec MPI-distributed (2 ranks)
Iter 0850 | Energy: -82.626348 | Delta: 8.26e-03 | M: 9197.6205 | Path: GPU-cuStateVec MPI-distributed (2 ranks)
[RESILIENCE] Iteration 850: Global theta state checkpointed at path checkpoints/H2O/checkpoint_iter_0850.npy. 
Iter 0851 | Energy: -82.660649 | Delta: 3.43e-02 | M: 59.6433 | Path: GPU-cuStateVec MPI-distributed (2 ranks)
Iter 0852 | Energy: -82.650050 | Delta: 1.06e-02 | M: 65.7347 | Path: GPU-cuStateVec MPI-distributed (2 ranks)
Iter 0853 | Energy: -82.635624 | Delta: 1.44e-02 | M: 9046.3225 | Path: GPU-cuStateVec MPI-distributed (2 ranks)
Iter 0854 | Energy: -82.615683 | Delta: 1.99e-02 | M: 8781.0377 | Path: GPU-cuStateVec MPI-distributed (2 ranks)
Iter 0855 | Energy: -82.657899 | Delta: 4.22e-02 | M: 61.7220 | Path: GPU-cuStateVec MPI-distributed (2 ranks)
[RESILIENCE] Iteration 855: Global theta state checkpointed at path checkpoints/H2O/checkpoint_iter_0855.npy. 
Iter 0856 | Energy: -82.648451 | Delta: 9.45e-03 | M: 8013.6784 | Path: GPU-cuStateVec MPI-distributed (2 ranks)
Iter 0857 | Energy: -82.670807 | Delta: 2.24e-02 | M: 8000.2136 | Path: GPU-cuStateVec MPI-distributed (2 ranks)
Iter 0858 | Energy: -82.634161 | Delta: 3.66e-02 | M: 8121.3131 | Path: GPU-cuStateVec MPI-distributed (2 ranks)
Iter 0859 | Energy: -82.647004 | Delta: 1.28e-02 | M: 12091.5566 | Path: GPU-cuStateVec MPI-distributed (2 ranks)
Iter 0860 | Energy: -82.643506 | Delta: 3.50e-03 | M: 8522.3200 | Path: GPU-cuStateVec MPI-distributed (2 ranks)
[RESILIENCE] Iteration 860: Global theta state checkpointed at path checkpoints/H2O/checkpoint_iter_0860.npy. 
Iter 0861 | Energy: -82.646775 | Delta: 3.27e-03 | M: 11432.9982 | Path: GPU-cuStateVec MPI-distributed (2 ranks)
Iter 0862 | Energy: -82.626978 | Delta: 1.98e-02 | M: 9262.0959 | Path: GPU-cuStateVec MPI-distributed (2 ranks)
Iter 0863 | Energy: -82.684608 | Delta: 5.76e-02 | M: 9178.2957 | Path: GPU-cuStateVec MPI-distributed (2 ranks)
Iter 0864 | Energy: -82.641600 | Delta: 4.30e-02 | M: 11679.9228 | Path: GPU-cuStateVec MPI-distributed (2 ranks)
Iter 0865 | Energy: -82.660204 | Delta: 1.86e-02 | M: 9197.2241 | Path: GPU-cuStateVec MPI-distributed (2 ranks)
[RESILIENCE] Iteration 865: Global theta state checkpointed at path checkpoints/H2O/checkpoint_iter_0865.npy. 
Iter 0866 | Energy: -82.651466 | Delta: 8.74e-03 | M: 9854.9392 | Path: GPU-cuStateVec MPI-distributed (2 ranks)
Iter 0867 | Energy: -82.634579 | Delta: 1.69e-02 | M: 8817.5510 | Path: GPU-cuStateVec MPI-distributed (2 ranks)
Iter 0868 | Energy: -82.650218 | Delta: 1.56e-02 | M: 9284.4038 | Path: GPU-cuStateVec MPI-distributed (2 ranks)
Iter 0869 | Energy: -82.657005 | Delta: 6.79e-03 | M: 3.6078 | Path: GPU-cuStateVec MPI-distributed (2 ranks)
Iter 0870 | Energy: -82.650674 | Delta: 6.33e-03 | M: 88.9336 | Path: GPU-cuStateVec MPI-distributed (2 ranks)
[RESILIENCE] Iteration 870: Global theta state checkpointed at path checkpoints/H2O/checkpoint_iter_0870.npy. 
Iter 0871 | Energy: -82.669190 | Delta: 1.85e-02 | M: 12714.9759 | Path: GPU-cuStateVec MPI-distributed (2 ranks)
Iter 0872 | Energy: -82.670307 | Delta: 1.12e-03 | M: 9221.6272 | Path: GPU-cuStateVec MPI-distributed (2 ranks)
Iter 0873 | Energy: -82.647457 | Delta: 2.29e-02 | M: 8483.7697 | Path: GPU-cuStateVec MPI-distributed (2 ranks)
Iter 0874 | Energy: -82.670967 | Delta: 2.35e-02 | M: 8796.4806 | Path: GPU-cuStateVec MPI-distributed (2 ranks)
Iter 0875 | Energy: -82.676625 | Delta: 5.66e-03 | M: 10054.6587 | Path: GPU-cuStateVec MPI-distributed (2 ranks)
[RESILIENCE] Iteration 875: Global theta state checkpointed at path checkpoints/H2O/checkpoint_iter_0875.npy. 
Iter 0876 | Energy: -82.678831 | Delta: 2.21e-03 | M: 8831.1612 | Path: GPU-cuStateVec MPI-distributed (2 ranks)
Iter 0877 | Energy: -82.649935 | Delta: 2.89e-02 | M: 9508.6565 | Path: GPU-cuStateVec MPI-distributed (2 ranks)
Iter 0878 | Energy: -82.640351 | Delta: 9.58e-03 | M: 3.2015 | Path: GPU-cuStateVec MPI-distributed (2 ranks)
Iter 0879 | Energy: -82.676181 | Delta: 3.58e-02 | M: 7722.5179 | Path: GPU-cuStateVec MPI-distributed (2 ranks)
Iter 0880 | Energy: -82.680791 | Delta: 4.61e-03 | M: 8572.2653 | Path: GPU-cuStateVec MPI-distributed (2 ranks)
[RESILIENCE] Iteration 880: Global theta state checkpointed at path checkpoints/H2O/checkpoint_iter_0880.npy. 
Iter 0881 | Energy: -82.650712 | Delta: 3.01e-02 | M: 59.3568 | Path: GPU-cuStateVec MPI-distributed (2 ranks)
Iter 0882 | Energy: -82.676005 | Delta: 2.53e-02 | M: 9631.6471 | Path: GPU-cuStateVec MPI-distributed (2 ranks)
Iter 0883 | Energy: -82.672171 | Delta: 3.83e-03 | M: 8566.2821 | Path: GPU-cuStateVec MPI-distributed (2 ranks)
Iter 0884 | Energy: -82.646401 | Delta: 2.58e-02 | M: 8630.8014 | Path: GPU-cuStateVec MPI-distributed (2 ranks)
Iter 0885 | Energy: -82.678284 | Delta: 3.19e-02 | M: 8105.5615 | Path: GPU-cuStateVec MPI-distributed (2 ranks)
[RESILIENCE] Iteration 885: Global theta state checkpointed at path checkpoints/H2O/checkpoint_iter_0885.npy. 
Iter 0886 | Energy: -82.650030 | Delta: 2.83e-02 | M: 9232.1971 | Path: GPU-cuStateVec MPI-distributed (2 ranks)
Iter 0887 | Energy: -82.680481 | Delta: 3.05e-02 | M: 8166.2987 | Path: GPU-cuStateVec MPI-distributed (2 ranks)
Iter 0888 | Energy: -82.646250 | Delta: 3.42e-02 | M: 3.2037 | Path: GPU-cuStateVec MPI-distributed (2 ranks)
Iter 0889 | Energy: -82.668529 | Delta: 2.23e-02 | M: 7471.7402 | Path: GPU-cuStateVec MPI-distributed (2 ranks)
Iter 0890 | Energy: -82.654422 | Delta: 1.41e-02 | M: 9224.2051 | Path: GPU-cuStateVec MPI-distributed (2 ranks)
[RESILIENCE] Iteration 890: Global theta state checkpointed at path checkpoints/H2O/checkpoint_iter_0890.npy. 
Iter 0891 | Energy: -82.672878 | Delta: 1.85e-02 | M: 85.5509 | Path: GPU-cuStateVec MPI-distributed (2 ranks)
Iter 0892 | Energy: -82.690826 | Delta: 1.79e-02 | M: 8081.6941 | Path: GPU-cuStateVec MPI-distributed (2 ranks)
Iter 0893 | Energy: -82.647392 | Delta: 4.34e-02 | M: 66.1577 | Path: GPU-cuStateVec MPI-distributed (2 ranks)
Iter 0894 | Energy: -82.665641 | Delta: 1.82e-02 | M: 8219.3158 | Path: GPU-cuStateVec MPI-distributed (2 ranks)
Iter 0895 | Energy: -82.662223 | Delta: 3.42e-03 | M: 8835.7944 | Path: GPU-cuStateVec MPI-distributed (2 ranks)
[RESILIENCE] Iteration 895: Global theta state checkpointed at path checkpoints/H2O/checkpoint_iter_0895.npy. 
Iter 0896 | Energy: -82.680151 | Delta: 1.79e-02 | M: 10417.2514 | Path: GPU-cuStateVec MPI-distributed (2 ranks)
[VQE] Best physical energy: -74.792123 Ha (error: 0.2203 Ha) at iter 37
[VQE] Final energy -82.680151 is below FCI - reporting best physical result

[H2O] Ansatz tier:hwe_adaptive
[H2O] Corr score: 0.502 
[H2O] Best physical energy: -74.792123 Ha 
[H2O] Reference FCI : -75.012437 Ha 
[H2O] Absolute error: +0.2203 Ha 
[H2O] Iterations run: 896 (best at iter 37)
[H2O] Wall time: 185.81s (includes QPU queue + RTT) 
[H2O] Time/iter: 0.21 s 
[H2O] Source: registry 
[H2O] Active electrons: 8 
[H2O] Estimated qubits: 12 
[H2O] Note: Frozen 2 core electrons. Active space: 8 electrons, 12 qubits 

 RUNNING SCALING (with P=2 ranks) 
[Resolver] 'LiH' found in local registry 
[Chemistry:LiH] 631 Pauli terms, 12 qubits, 96 params, reps=2. FCI reference: -7.8825 Ha 
[Ansatz] HWE (adaptive) (auto) | corr_score=0.502 | off_diag_ratio=0.007
[Reason] score=0.502 in [0.25, 0.55). Moderate correlation (off_diag_ratio=0.007, zz_frac=0.979). Adaptive HWE with full entanglement recommended.
Iter 0001 | Energy: -0.391347 | Delta: inf | M: 3.4045 | Path: GPU-cuStateVec MPI-distributed (2 ranks)
Iter 0002 | Energy: -0.353292 | Delta: 3.81e-02 | M: 3968.3015 | Path: GPU-cuStateVec MPI-distributed (2 ranks)
Iter 0003 | Energy: -0.417267 | Delta: 6.40e-02 | M: 4681.5314 | Path: GPU-cuStateVec MPI-distributed (2 ranks)
Iter 0004 | Energy: -0.638010 | Delta: 2.21e-01 | M: 5015.4552 | Path: GPU-cuStateVec MPI-distributed (2 ranks)
Iter 0005 | Energy: -0.721660 | Delta: 8.36e-02 | M: 4375.9641 | Path: GPU-cuStateVec MPI-distributed (2 ranks)
[RESILIENCE] Iteration 5: Global theta state checkpointed at path checkpoints/scaling/checkpoint_iter_0005.npy. 
Iter 0006 | Energy: -1.100416 | Delta: 3.79e-01 | M: 5091.8002 | Path: GPU-cuStateVec MPI-distributed (2 ranks)
Iter 0007 | Energy: -1.138763 | Delta: 3.83e-02 | M: 4902.6220 | Path: GPU-cuStateVec MPI-distributed (2 ranks)
Iter 0008 | Energy: -1.283152 | Delta: 1.44e-01 | M: 4900.6721 | Path: GPU-cuStateVec MPI-distributed (2 ranks)
Iter 0009 | Energy: -1.253480 | Delta: 2.97e-02 | M: 5061.5164 | Path: GPU-cuStateVec MPI-distributed (2 ranks)
Iter 0010 | Energy: -1.289499 | Delta: 3.60e-02 | M: 5025.1763 | Path: GPU-cuStateVec MPI-distributed (2 ranks)
[RESILIENCE] Iteration 10: Global theta state checkpointed at path checkpoints/scaling/checkpoint_iter_0010.npy. 
[Scaling] P=2 T_total=1.1613 final_E=-1.289499 tier=hwe_adaptive qubits=12 iters=10

 RUNNING WEAK SCALING (P=2, molecule=LiH)
[Resolver] 'LiH' found in local registry 
[Chemistry:LiH] 631 Pauli terms, 12 qubits, 96 params, reps=2. FCI reference: -7.8825 Ha 
[Ansatz] HWE (adaptive) (auto) | corr_score=0.502 | off_diag_ratio=0.007
[Reason] score=0.502 in [0.25, 0.55). Moderate correlation (off_diag_ratio=0.007, zz_frac=0.979). Adaptive HWE with full entanglement recommended.
Iter 0001 | Energy: -0.393333 | Delta: inf | M: 0.2674 | Path: GPU-cuStateVec MPI-distributed (2 ranks)
Iter 0002 | Energy: -0.558221 | Delta: 1.65e-01 | M: 4298.9502 | Path: GPU-cuStateVec MPI-distributed (2 ranks)
Iter 0003 | Energy: -0.683524 | Delta: 1.25e-01 | M: 6031.3369 | Path: GPU-cuStateVec MPI-distributed (2 ranks)
Iter 0004 | Energy: -0.969214 | Delta: 2.86e-01 | M: 127.3228 | Path: GPU-cuStateVec MPI-distributed (2 ranks)
Iter 0005 | Energy: -1.124101 | Delta: 1.55e-01 | M: 4741.4659 | Path: GPU-cuStateVec MPI-distributed (2 ranks)
[RESILIENCE] Iteration 5: Global theta state checkpointed at path checkpoints/weak_scaling/checkpoint_iter_0005.npy. 
Iter 0006 | Energy: -1.536693 | Delta: 4.13e-01 | M: 4685.9125 | Path: GPU-cuStateVec MPI-distributed (2 ranks)
Iter 0007 | Energy: -2.211627 | Delta: 6.75e-01 | M: 4839.3509 | Path: GPU-cuStateVec MPI-distributed (2 ranks)
Iter 0008 | Energy: -2.321251 | Delta: 1.10e-01 | M: 4791.8350 | Path: GPU-cuStateVec MPI-distributed (2 ranks)
Iter 0009 | Energy: -2.744259 | Delta: 4.23e-01 | M: 4864.2403 | Path: GPU-cuStateVec MPI-distributed (2 ranks)
Iter 0010 | Energy: -3.048238 | Delta: 3.04e-01 | M: 4795.4441 | Path: GPU-cuStateVec MPI-distributed (2 ranks)
[RESILIENCE] Iteration 10: Global theta state checkpointed at path checkpoints/weak_scaling/checkpoint_iter_0010.npy. 
[Weak Scaling] P=2 mol=LiH terms=631 terms/rank=316 T_total=1.7573 T/iter=0.1757 final_E=-3.048238



---ALL LOCAL BENCHMARKS COMPLETE ----
Ranks used : 2
GPU : True
Backend : simulator 
Molecule   Energy (Ha)      Error (Ha)     Ansatz               Corr   Iters    Time(s)    T/iter(s) 
H2         -1.134896        +0.0024 Ha     HWE (adaptive)       0.342  200      16.05      0.0802    
LiH        -7.546284        +0.3362 Ha     HWE (adaptive)       0.502  768      79.34      0.1033    
BeH2       -15.555709       +0.0394 Ha     HWE (adaptive)       0.501  896      165.26     0.1844    
H2O        -74.792123       +0.2203 Ha     HWE (adaptive)       0.502  896      185.81     0.2074    
[Results] Saved to results/simulator/simulator_20260415_153142.json
[  464.17s] Log closed
