
==========
== CUDA ==
==========

CUDA Version 12.2.0

Container image Copyright (c) 2016-2023, NVIDIA CORPORATION & AFFILIATES. All rights reserved.

This container image and its contents are governed by the NVIDIA Deep Learning Container License.
By pulling and using the container, you accept the terms and conditions of this license:
https://developer.nvidia.com/ngc/nvidia-deep-learning-container-license

A copy of this license is made available in this container at /NGC-DL-CONTAINER-LICENSE for your convenience.

WARNING: The NVIDIA Driver was not detected.  GPU functionality will not be available.
   Use the NVIDIA Container Toolkit to start this container with GPU support; see
   https://docs.nvidia.com/datacenter/cloud-native/ .

hpc_core and interface imported.
[Config] GPU=CPU mode
[Config] Molecules: ['H2', 'LiH', 'BeH2', 'H2O']
[Config] Resolver: max_qubits=20, cache=.pubchem_cache/
hpc_core and interface imported.
[Config] GPU=CPU mode
[Config] Molecules: ['H2', 'LiH', 'BeH2', 'H2O']
[Config] Resolver: max_qubits=20, cache=.pubchem_cache/
hpc_core and interface imported.
[Config] GPU=CPU mode
[Config] Molecules: ['H2', 'LiH', 'BeH2', 'H2O']
[Config] Resolver: max_qubits=20, cache=.pubchem_cache/
hpc_core and interface imported.
[Config] GPU=CPU mode
[Config] Molecules: ['H2', 'LiH', 'BeH2', 'H2O']
[Config] Resolver: max_qubits=20, cache=.pubchem_cache/
[Resolver] 'H2' found in local registry 
[Resolver] 'H2' found in local registry 
[Stack]  Initialized 4 MPI rank(s), GPU=disabled, backend='simulator'


--- RUNNING CHEMISTRY TASK H2 ---
[Resolver] 'H2' found in local registry 
[Resolver] 'H2' found in local registry 
[Chemistry:H2] 15 Pauli terms, 4 qubits, 24 params,  reps=1. FCI reference: -1.1373 Ha 
[Ansatz] HWE (adaptive) (auto) | corr_score=0.342 | off_diag_ratio=0.056
[Reason] score=0.342 in [0.25, 0.55). Moderate correlation detected (off_diag_ratio=0.056, zz_frac=0.667). Adaptive HWE with full entanglement recommended.
[Chemistry:H2] 15 Pauli terms, 4 qubits, 24 params,  reps=1. FCI reference: -1.1373 Ha 
[Chemistry:H2] 15 Pauli terms, 4 qubits, 24 params,  reps=1. FCI reference: -1.1373 Ha 
[Ansatz] HWE (adaptive) (auto) | corr_score=0.342 | off_diag_ratio=0.056
[Reason] score=0.342 in [0.25, 0.55). Moderate correlation detected (off_diag_ratio=0.056, zz_frac=0.667). Adaptive HWE with full entanglement recommended.
[Ansatz] HWE (adaptive) (auto) | corr_score=0.342 | off_diag_ratio=0.056
[Reason] score=0.342 in [0.25, 0.55). Moderate correlation detected (off_diag_ratio=0.056, zz_frac=0.667). Adaptive HWE with full entanglement recommended.
[Chemistry:H2] 15 Pauli terms, 4 qubits, 24 params,  reps=1. FCI reference: -1.1373 Ha 
[Ansatz] HWE (adaptive) (auto) | corr_score=0.342 | off_diag_ratio=0.056
[Reason] score=0.342 in [0.25, 0.55). Moderate correlation detected (off_diag_ratio=0.056, zz_frac=0.667). Adaptive HWE with full entanglement recommended.
Iter 0001 | Energy: -0.049108 | Delta: inf | M: 1.5732 | Path: Statevector MPI-distributed (4 ranks)
Iter 0002 | Energy: -0.046701 | Delta: 2.41e-03 | M: 1.5417 | Path: Statevector MPI-distributed (4 ranks)
Iter 0003 | Energy: -0.028949 | Delta: 1.78e-02 | M: 1.1807 | Path: Statevector MPI-distributed (4 ranks)
Iter 0004 | Energy: -0.025883 | Delta: 3.07e-03 | M: 1.5954 | Path: Statevector MPI-distributed (4 ranks)
Iter 0005 | Energy: -0.026688 | Delta: 8.05e-04 | M: 1.7605 | Path: Statevector MPI-distributed (4 ranks)
[RESILIENCE] Iteration 5: Global theta state checkpointed at path checkpoints/checkpoint_iter_0005.npy. 
Iter 0006 | Energy: -0.026204 | Delta: 4.84e-04 | M: 1.4376 | Path: Statevector MPI-distributed (4 ranks)
Iter 0007 | Energy: -0.030334 | Delta: 4.13e-03 | M: 1.2735 | Path: Statevector MPI-distributed (4 ranks)
Iter 0008 | Energy: -0.025188 | Delta: 5.15e-03 | M: 3.6499 | Path: Statevector MPI-distributed (4 ranks)
Iter 0009 | Energy: -0.023501 | Delta: 1.69e-03 | M: 26.9662 | Path: Statevector MPI-distributed (4 ranks)
Iter 0010 | Energy: -0.031153 | Delta: 7.65e-03 | M: 13.7158 | Path: Statevector MPI-distributed (4 ranks)
[RESILIENCE] Iteration 10: Global theta state checkpointed at path checkpoints/checkpoint_iter_0010.npy. 
Iter 0011 | Energy: -0.031761 | Delta: 6.08e-04 | M: 17.8624 | Path: Statevector MPI-distributed (4 ranks)
Iter 0012 | Energy: -0.024082 | Delta: 7.68e-03 | M: 18.1143 | Path: Statevector MPI-distributed (4 ranks)
Iter 0013 | Energy: -0.031374 | Delta: 7.29e-03 | M: 17.2788 | Path: Statevector MPI-distributed (4 ranks)
Iter 0014 | Energy: -0.025654 | Delta: 5.72e-03 | M: 17.9620 | Path: Statevector MPI-distributed (4 ranks)
Iter 0015 | Energy: -0.037234 | Delta: 1.16e-02 | M: 17.9349 | Path: Statevector MPI-distributed (4 ranks)
[RESILIENCE] Iteration 15: Global theta state checkpointed at path checkpoints/checkpoint_iter_0015.npy. 
Iter 0016 | Energy: -0.032411 | Delta: 4.82e-03 | M: 80.8126 | Path: Statevector MPI-distributed (4 ranks)
Iter 0017 | Energy: -0.038215 | Delta: 5.80e-03 | M: 146.8258 | Path: Statevector MPI-distributed (4 ranks)
Iter 0018 | Energy: -0.033178 | Delta: 5.04e-03 | M: 74.1657 | Path: Statevector MPI-distributed (4 ranks)
Iter 0019 | Energy: -0.034216 | Delta: 1.04e-03 | M: 77.7087 | Path: Statevector MPI-distributed (4 ranks)
Iter 0020 | Energy: -0.028137 | Delta: 6.08e-03 | M: 78.2508 | Path: Statevector MPI-distributed (4 ranks)
[RESILIENCE] Iteration 20: Global theta state checkpointed at path checkpoints/checkpoint_iter_0020.npy. 
Iter 0021 | Energy: -0.036958 | Delta: 8.82e-03 | M: 7.8237 | Path: Statevector MPI-distributed (4 ranks)
Iter 0022 | Energy: -0.038338 | Delta: 1.38e-03 | M: 199.2682 | Path: Statevector MPI-distributed (4 ranks)
Iter 0023 | Energy: -0.035576 | Delta: 2.76e-03 | M: 8.8995 | Path: Statevector MPI-distributed (4 ranks)
Iter 0024 | Energy: -0.041788 | Delta: 6.21e-03 | M: 11.7451 | Path: Statevector MPI-distributed (4 ranks)
Iter 0025 | Energy: -0.035611 | Delta: 6.18e-03 | M: 13.9577 | Path: Statevector MPI-distributed (4 ranks)
[RESILIENCE] Iteration 25: Global theta state checkpointed at path checkpoints/checkpoint_iter_0025.npy. 
Iter 0026 | Energy: -0.038422 | Delta: 2.81e-03 | M: 17.4010 | Path: Statevector MPI-distributed (4 ranks)
Iter 0027 | Energy: -0.042837 | Delta: 4.42e-03 | M: 17.7601 | Path: Statevector MPI-distributed (4 ranks)
Iter 0028 | Energy: -0.040453 | Delta: 2.38e-03 | M: 18.0931 | Path: Statevector MPI-distributed (4 ranks)
Iter 0029 | Energy: -0.044328 | Delta: 3.87e-03 | M: 17.6200 | Path: Statevector MPI-distributed (4 ranks)
Iter 0030 | Energy: -0.048923 | Delta: 4.59e-03 | M: 17.9107 | Path: Statevector MPI-distributed (4 ranks)
[RESILIENCE] Iteration 30: Global theta state checkpointed at path checkpoints/checkpoint_iter_0030.npy. 
Iter 0031 | Energy: -0.049593 | Delta: 6.71e-04 | M: 78.2989 | Path: Statevector MPI-distributed (4 ranks)
Iter 0032 | Energy: -0.045080 | Delta: 4.51e-03 | M: 73.8451 | Path: Statevector MPI-distributed (4 ranks)
Iter 0033 | Energy: -0.050150 | Delta: 5.07e-03 | M: 81.1292 | Path: Statevector MPI-distributed (4 ranks)
Iter 0034 | Energy: -0.051795 | Delta: 1.65e-03 | M: 156.2272 | Path: Statevector MPI-distributed (4 ranks)
Iter 0035 | Energy: -0.050344 | Delta: 1.45e-03 | M: 137.8626 | Path: Statevector MPI-distributed (4 ranks)
[RESILIENCE] Iteration 35: Global theta state checkpointed at path checkpoints/checkpoint_iter_0035.npy. 
Iter 0036 | Energy: -0.052319 | Delta: 1.98e-03 | M: 123.0879 | Path: Statevector MPI-distributed (4 ranks)
Iter 0037 | Energy: -0.054876 | Delta: 2.56e-03 | M: 8.4109 | Path: Statevector MPI-distributed (4 ranks)
Iter 0038 | Energy: -0.059136 | Delta: 4.26e-03 | M: 89.7026 | Path: Statevector MPI-distributed (4 ranks)
Iter 0039 | Energy: -0.059068 | Delta: 6.85e-05 | M: 179.3195 | Path: Statevector MPI-distributed (4 ranks)
Iter 0040 | Energy: -0.061509 | Delta: 2.44e-03 | M: 67.1029 | Path: Statevector MPI-distributed (4 ranks)
[RESILIENCE] Iteration 40: Global theta state checkpointed at path checkpoints/checkpoint_iter_0040.npy. 
Iter 0041 | Energy: -0.069278 | Delta: 7.77e-03 | M: 122.0132 | Path: Statevector MPI-distributed (4 ranks)
Iter 0042 | Energy: -0.068159 | Delta: 1.12e-03 | M: 138.9945 | Path: Statevector MPI-distributed (4 ranks)
Iter 0043 | Energy: -0.072390 | Delta: 4.23e-03 | M: 8.7948 | Path: Statevector MPI-distributed (4 ranks)
Iter 0044 | Energy: -0.077296 | Delta: 4.91e-03 | M: 132.6071 | Path: Statevector MPI-distributed (4 ranks)
Iter 0045 | Energy: -0.088574 | Delta: 1.13e-02 | M: 126.9643 | Path: Statevector MPI-distributed (4 ranks)
[RESILIENCE] Iteration 45: Global theta state checkpointed at path checkpoints/checkpoint_iter_0045.npy. 
Iter 0046 | Energy: -0.088851 | Delta: 2.78e-04 | M: 75.6624 | Path: Statevector MPI-distributed (4 ranks)
Iter 0047 | Energy: -0.091244 | Delta: 2.39e-03 | M: 42.8253 | Path: Statevector MPI-distributed (4 ranks)
Iter 0048 | Energy: -0.095934 | Delta: 4.69e-03 | M: 74.7272 | Path: Statevector MPI-distributed (4 ranks)
Iter 0049 | Energy: -0.101827 | Delta: 5.89e-03 | M: 71.4567 | Path: Statevector MPI-distributed (4 ranks)
Iter 0050 | Energy: -0.102463 | Delta: 6.36e-04 | M: 79.3469 | Path: Statevector MPI-distributed (4 ranks)
[RESILIENCE] Iteration 50: Global theta state checkpointed at path checkpoints/checkpoint_iter_0050.npy. 
Iter 0051 | Energy: -0.097934 | Delta: 4.53e-03 | M: 49.7997 | Path: Statevector MPI-distributed (4 ranks)
Iter 0052 | Energy: -0.103392 | Delta: 5.46e-03 | M: 20.2568 | Path: Statevector MPI-distributed (4 ranks)
Iter 0053 | Energy: -0.105145 | Delta: 1.75e-03 | M: 13.6652 | Path: Statevector MPI-distributed (4 ranks)
Iter 0054 | Energy: -0.099787 | Delta: 5.36e-03 | M: 19.5600 | Path: Statevector MPI-distributed (4 ranks)
Iter 0055 | Energy: -0.105478 | Delta: 5.69e-03 | M: 37.9800 | Path: Statevector MPI-distributed (4 ranks)
[RESILIENCE] Iteration 55: Global theta state checkpointed at path checkpoints/checkpoint_iter_0055.npy. 
Iter 0056 | Energy: -0.106003 | Delta: 5.25e-04 | M: 33.7668 | Path: Statevector MPI-distributed (4 ranks)
Iter 0057 | Energy: -0.105532 | Delta: 4.72e-04 | M: 15.8241 | Path: Statevector MPI-distributed (4 ranks)
Iter 0058 | Energy: -0.103310 | Delta: 2.22e-03 | M: 62.2792 | Path: Statevector MPI-distributed (4 ranks)
Iter 0059 | Energy: -0.103700 | Delta: 3.90e-04 | M: 18.2856 | Path: Statevector MPI-distributed (4 ranks)
Iter 0060 | Energy: -0.116510 | Delta: 1.28e-02 | M: 17.5857 | Path: Statevector MPI-distributed (4 ranks)
[RESILIENCE] Iteration 60: Global theta state checkpointed at path checkpoints/checkpoint_iter_0060.npy. 
Iter 0061 | Energy: -0.112837 | Delta: 3.67e-03 | M: 125.4237 | Path: Statevector MPI-distributed (4 ranks)
Iter 0062 | Energy: -0.116074 | Delta: 3.24e-03 | M: 20.7756 | Path: Statevector MPI-distributed (4 ranks)
Iter 0063 | Energy: -0.127575 | Delta: 1.15e-02 | M: 28.4744 | Path: Statevector MPI-distributed (4 ranks)
Iter 0064 | Energy: -0.128310 | Delta: 7.34e-04 | M: 18.6987 | Path: Statevector MPI-distributed (4 ranks)
Iter 0065 | Energy: -0.128295 | Delta: 1.46e-05 | M: 7.5107 | Path: Statevector MPI-distributed (4 ranks)
[RESILIENCE] Iteration 65: Global theta state checkpointed at path checkpoints/checkpoint_iter_0065.npy. 
Iter 0066 | Energy: -0.128496 | Delta: 2.01e-04 | M: 12.3966 | Path: Statevector MPI-distributed (4 ranks)
Iter 0067 | Energy: -0.137612 | Delta: 9.12e-03 | M: 16.3025 | Path: Statevector MPI-distributed (4 ranks)
Iter 0068 | Energy: -0.146576 | Delta: 8.96e-03 | M: 118.2706 | Path: Statevector MPI-distributed (4 ranks)
Iter 0069 | Energy: -0.151658 | Delta: 5.08e-03 | M: 17.2042 | Path: Statevector MPI-distributed (4 ranks)
Iter 0070 | Energy: -0.156447 | Delta: 4.79e-03 | M: 19.1476 | Path: Statevector MPI-distributed (4 ranks)
[RESILIENCE] Iteration 70: Global theta state checkpointed at path checkpoints/checkpoint_iter_0070.npy. 
Iter 0071 | Energy: -0.163390 | Delta: 6.94e-03 | M: 28.6703 | Path: Statevector MPI-distributed (4 ranks)
Iter 0072 | Energy: -0.161661 | Delta: 1.73e-03 | M: 24.4606 | Path: Statevector MPI-distributed (4 ranks)
Iter 0073 | Energy: -0.166507 | Delta: 4.85e-03 | M: 10.5234 | Path: Statevector MPI-distributed (4 ranks)
Iter 0074 | Energy: -0.173660 | Delta: 7.15e-03 | M: 22.2488 | Path: Statevector MPI-distributed (4 ranks)
Iter 0075 | Energy: -0.179390 | Delta: 5.73e-03 | M: 21.2956 | Path: Statevector MPI-distributed (4 ranks)
[RESILIENCE] Iteration 75: Global theta state checkpointed at path checkpoints/checkpoint_iter_0075.npy. 
Iter 0076 | Energy: -0.198393 | Delta: 1.90e-02 | M: 17.6316 | Path: Statevector MPI-distributed (4 ranks)
Iter 0077 | Energy: -0.226592 | Delta: 2.82e-02 | M: 18.1364 | Path: Statevector MPI-distributed (4 ranks)
Iter 0078 | Energy: -0.250550 | Delta: 2.40e-02 | M: 18.2255 | Path: Statevector MPI-distributed (4 ranks)
Iter 0079 | Energy: -0.257787 | Delta: 7.24e-03 | M: 17.4260 | Path: Statevector MPI-distributed (4 ranks)
Iter 0080 | Energy: -0.293408 | Delta: 3.56e-02 | M: 17.3128 | Path: Statevector MPI-distributed (4 ranks)
[RESILIENCE] Iteration 80: Global theta state checkpointed at path checkpoints/checkpoint_iter_0080.npy. 
Iter 0081 | Energy: -0.319250 | Delta: 2.58e-02 | M: 18.0405 | Path: Statevector MPI-distributed (4 ranks)
Iter 0082 | Energy: -0.342723 | Delta: 2.35e-02 | M: 17.9250 | Path: Statevector MPI-distributed (4 ranks)
Iter 0083 | Energy: -0.340857 | Delta: 1.87e-03 | M: 186.3009 | Path: Statevector MPI-distributed (4 ranks)
Iter 0084 | Energy: -0.345638 | Delta: 4.78e-03 | M: 6.5736 | Path: Statevector MPI-distributed (4 ranks)
Iter 0085 | Energy: -0.356196 | Delta: 1.06e-02 | M: 17.7324 | Path: Statevector MPI-distributed (4 ranks)
[RESILIENCE] Iteration 85: Global theta state checkpointed at path checkpoints/checkpoint_iter_0085.npy. 
Iter 0086 | Energy: -0.360952 | Delta: 4.76e-03 | M: 17.8807 | Path: Statevector MPI-distributed (4 ranks)
Iter 0087 | Energy: -0.369958 | Delta: 9.01e-03 | M: 18.3165 | Path: Statevector MPI-distributed (4 ranks)
Iter 0088 | Energy: -0.372198 | Delta: 2.24e-03 | M: 17.4447 | Path: Statevector MPI-distributed (4 ranks)
Iter 0089 | Energy: -0.377073 | Delta: 4.87e-03 | M: 17.9978 | Path: Statevector MPI-distributed (4 ranks)
Iter 0090 | Energy: -0.403150 | Delta: 2.61e-02 | M: 16.8271 | Path: Statevector MPI-distributed (4 ranks)
[RESILIENCE] Iteration 90: Global theta state checkpointed at path checkpoints/checkpoint_iter_0090.npy. 
Iter 0091 | Energy: -0.436553 | Delta: 3.34e-02 | M: 70.5949 | Path: Statevector MPI-distributed (4 ranks)
Iter 0092 | Energy: -0.463080 | Delta: 2.65e-02 | M: 72.6917 | Path: Statevector MPI-distributed (4 ranks)
Iter 0093 | Energy: -0.477457 | Delta: 1.44e-02 | M: 71.4923 | Path: Statevector MPI-distributed (4 ranks)
Iter 0094 | Energy: -0.493559 | Delta: 1.61e-02 | M: 68.9345 | Path: Statevector MPI-distributed (4 ranks)
Iter 0095 | Energy: -0.487881 | Delta: 5.68e-03 | M: 55.7629 | Path: Statevector MPI-distributed (4 ranks)
[RESILIENCE] Iteration 95: Global theta state checkpointed at path checkpoints/checkpoint_iter_0095.npy. 
Iter 0096 | Energy: -0.485333 | Delta: 2.55e-03 | M: 18.7377 | Path: Statevector MPI-distributed (4 ranks)
Iter 0097 | Energy: -0.488403 | Delta: 3.07e-03 | M: 18.5123 | Path: Statevector MPI-distributed (4 ranks)
Iter 0098 | Energy: -0.507604 | Delta: 1.92e-02 | M: 17.7622 | Path: Statevector MPI-distributed (4 ranks)
Iter 0099 | Energy: -0.531460 | Delta: 2.39e-02 | M: 17.4632 | Path: Statevector MPI-distributed (4 ranks)
Iter 0100 | Energy: -0.539228 | Delta: 7.77e-03 | M: 18.5182 | Path: Statevector MPI-distributed (4 ranks)
[RESILIENCE] Iteration 100: Global theta state checkpointed at path checkpoints/checkpoint_iter_0100.npy. 
Iter 0101 | Energy: -0.545210 | Delta: 5.98e-03 | M: 34.1049 | Path: Statevector MPI-distributed (4 ranks)
Iter 0102 | Energy: -0.546971 | Delta: 1.76e-03 | M: 11.8432 | Path: Statevector MPI-distributed (4 ranks)
Iter 0103 | Energy: -0.553571 | Delta: 6.60e-03 | M: 4.2728 | Path: Statevector MPI-distributed (4 ranks)
Iter 0104 | Energy: -0.593332 | Delta: 3.98e-02 | M: 10.6279 | Path: Statevector MPI-distributed (4 ranks)
Iter 0105 | Energy: -0.623791 | Delta: 3.05e-02 | M: 110.3108 | Path: Statevector MPI-distributed (4 ranks)
[RESILIENCE] Iteration 105: Global theta state checkpointed at path checkpoints/checkpoint_iter_0105.npy. 
Iter 0106 | Energy: -0.657460 | Delta: 3.37e-02 | M: 6.4372 | Path: Statevector MPI-distributed (4 ranks)
Iter 0107 | Energy: -0.661576 | Delta: 4.12e-03 | M: 18.3134 | Path: Statevector MPI-distributed (4 ranks)
Iter 0108 | Energy: -0.654802 | Delta: 6.77e-03 | M: 18.4970 | Path: Statevector MPI-distributed (4 ranks)
Iter 0109 | Energy: -0.662217 | Delta: 7.42e-03 | M: 18.5597 | Path: Statevector MPI-distributed (4 ranks)
Iter 0110 | Energy: -0.703290 | Delta: 4.11e-02 | M: 17.8179 | Path: Statevector MPI-distributed (4 ranks)
[RESILIENCE] Iteration 110: Global theta state checkpointed at path checkpoints/checkpoint_iter_0110.npy. 
Iter 0111 | Energy: -0.749819 | Delta: 4.65e-02 | M: 18.1421 | Path: Statevector MPI-distributed (4 ranks)
Iter 0112 | Energy: -0.752889 | Delta: 3.07e-03 | M: 17.8178 | Path: Statevector MPI-distributed (4 ranks)
Iter 0113 | Energy: -0.749292 | Delta: 3.60e-03 | M: 17.5441 | Path: Statevector MPI-distributed (4 ranks)
Iter 0114 | Energy: -0.759735 | Delta: 1.04e-02 | M: 17.4550 | Path: Statevector MPI-distributed (4 ranks)
Iter 0115 | Energy: -0.774820 | Delta: 1.51e-02 | M: 17.4689 | Path: Statevector MPI-distributed (4 ranks)
[RESILIENCE] Iteration 115: Global theta state checkpointed at path checkpoints/checkpoint_iter_0115.npy. 
Iter 0116 | Energy: -0.826097 | Delta: 5.13e-02 | M: 79.0906 | Path: Statevector MPI-distributed (4 ranks)
Iter 0117 | Energy: -0.828382 | Delta: 2.29e-03 | M: 79.0083 | Path: Statevector MPI-distributed (4 ranks)
Iter 0118 | Energy: -0.835617 | Delta: 7.24e-03 | M: 65.7735 | Path: Statevector MPI-distributed (4 ranks)
Iter 0119 | Energy: -0.892865 | Delta: 5.72e-02 | M: 78.5180 | Path: Statevector MPI-distributed (4 ranks)
Iter 0120 | Energy: -0.897557 | Delta: 4.69e-03 | M: 81.0726 | Path: Statevector MPI-distributed (4 ranks)
[RESILIENCE] Iteration 120: Global theta state checkpointed at path checkpoints/checkpoint_iter_0120.npy. 
Iter 0121 | Energy: -0.895484 | Delta: 2.07e-03 | M: 82.4443 | Path: Statevector MPI-distributed (4 ranks)
Iter 0122 | Energy: -0.914629 | Delta: 1.91e-02 | M: 82.6143 | Path: Statevector MPI-distributed (4 ranks)
Iter 0123 | Energy: -0.934188 | Delta: 1.96e-02 | M: 66.3768 | Path: Statevector MPI-distributed (4 ranks)
Iter 0124 | Energy: -0.935601 | Delta: 1.41e-03 | M: 84.3699 | Path: Statevector MPI-distributed (4 ranks)
Iter 0125 | Energy: -0.927790 | Delta: 7.81e-03 | M: 5.0595 | Path: Statevector MPI-distributed (4 ranks)
[RESILIENCE] Iteration 125: Global theta state checkpointed at path checkpoints/checkpoint_iter_0125.npy. 
Iter 0126 | Energy: -0.961059 | Delta: 3.33e-02 | M: 6.3333 | Path: Statevector MPI-distributed (4 ranks)
Iter 0127 | Energy: -0.967890 | Delta: 6.83e-03 | M: 4.2441 | Path: Statevector MPI-distributed (4 ranks)
Iter 0128 | Energy: -0.979327 | Delta: 1.14e-02 | M: 1.8438 | Path: Statevector MPI-distributed (4 ranks)
Iter 0129 | Energy: -0.985700 | Delta: 6.37e-03 | M: 1.8086 | Path: Statevector MPI-distributed (4 ranks)
Iter 0130 | Energy: -0.990829 | Delta: 5.13e-03 | M: 2.3685 | Path: Statevector MPI-distributed (4 ranks)
[RESILIENCE] Iteration 130: Global theta state checkpointed at path checkpoints/checkpoint_iter_0130.npy. 
Iter 0131 | Energy: -1.014725 | Delta: 2.39e-02 | M: 10.1278 | Path: Statevector MPI-distributed (4 ranks)
Iter 0132 | Energy: -1.014721 | Delta: 3.63e-06 | M: 11.3769 | Path: Statevector MPI-distributed (4 ranks)
Iter 0133 | Energy: -1.038736 | Delta: 2.40e-02 | M: 2.4507 | Path: Statevector MPI-distributed (4 ranks)
Iter 0134 | Energy: -1.088178 | Delta: 4.94e-02 | M: 1.6799 | Path: Statevector MPI-distributed (4 ranks)
Iter 0135 | Energy: -1.095340 | Delta: 7.16e-03 | M: 2.0214 | Path: Statevector MPI-distributed (4 ranks)
[RESILIENCE] Iteration 135: Global theta state checkpointed at path checkpoints/checkpoint_iter_0135.npy. 
Iter 0136 | Energy: -1.100150 | Delta: 4.81e-03 | M: 45.7751 | Path: Statevector MPI-distributed (4 ranks)
Iter 0137 | Energy: -1.107468 | Delta: 7.32e-03 | M: 105.9635 | Path: Statevector MPI-distributed (4 ranks)
Iter 0138 | Energy: -1.103049 | Delta: 4.42e-03 | M: 113.0312 | Path: Statevector MPI-distributed (4 ranks)
Iter 0139 | Energy: -1.135775 | Delta: 3.27e-02 | M: 119.8774 | Path: Statevector MPI-distributed (4 ranks)
WARNING: Energy -1.1762 below FCI -1.1373 — HWE ansatz may have left the physical particle-number sector
Iter 0140 | Energy: -1.176231 | Delta: 4.05e-02 | M: 116.2821 | Path: Statevector MPI-distributed (4 ranks)
[RESILIENCE] Iteration 140: Global theta state checkpointed at path checkpoints/checkpoint_iter_0140.npy. 
WARNING: Energy -1.1769 below FCI -1.1373 — HWE ansatz may have left the physical particle-number sector
Iter 0141 | Energy: -1.176868 | Delta: 6.36e-04 | M: 12.1972 | Path: Statevector MPI-distributed (4 ranks)
WARNING: Energy -1.1780 below FCI -1.1373 — HWE ansatz may have left the physical particle-number sector
Iter 0142 | Energy: -1.178029 | Delta: 1.16e-03 | M: 4.3535 | Path: Statevector MPI-distributed (4 ranks)
WARNING: Energy -1.1770 below FCI -1.1373 — HWE ansatz may have left the physical particle-number sector
Iter 0143 | Energy: -1.177023 | Delta: 1.01e-03 | M: 2.2380 | Path: Statevector MPI-distributed (4 ranks)
WARNING: Energy -1.1757 below FCI -1.1373 — HWE ansatz may have left the physical particle-number sector
Iter 0144 | Energy: -1.175669 | Delta: 1.35e-03 | M: 17.1664 | Path: Statevector MPI-distributed (4 ranks)
WARNING: Energy -1.1712 below FCI -1.1373 — HWE ansatz may have left the physical particle-number sector
Iter 0145 | Energy: -1.171243 | Delta: 4.43e-03 | M: 22.7928 | Path: Statevector MPI-distributed (4 ranks)
[RESILIENCE] Iteration 145: Global theta state checkpointed at path checkpoints/checkpoint_iter_0145.npy. 
WARNING: Energy -1.1759 below FCI -1.1373 — HWE ansatz may have left the physical particle-number sector
Iter 0146 | Energy: -1.175904 | Delta: 4.66e-03 | M: 39.3676 | Path: Statevector MPI-distributed (4 ranks)
WARNING: Energy -1.1842 below FCI -1.1373 — HWE ansatz may have left the physical particle-number sector
Iter 0147 | Energy: -1.184154 | Delta: 8.25e-03 | M: 4.5241 | Path: Statevector MPI-distributed (4 ranks)
WARNING: Energy -1.1808 below FCI -1.1373 — HWE ansatz may have left the physical particle-number sector
Iter 0148 | Energy: -1.180805 | Delta: 3.35e-03 | M: 9.7958 | Path: Statevector MPI-distributed (4 ranks)
WARNING: Energy -1.1881 below FCI -1.1373 — HWE ansatz may have left the physical particle-number sector
Iter 0149 | Energy: -1.188111 | Delta: 7.31e-03 | M: 130.4023 | Path: Statevector MPI-distributed (4 ranks)
WARNING: Energy -1.1934 below FCI -1.1373 — HWE ansatz may have left the physical particle-number sector
Iter 0150 | Energy: -1.193407 | Delta: 5.30e-03 | M: 5.2307 | Path: Statevector MPI-distributed (4 ranks)
[RESILIENCE] Iteration 150: Global theta state checkpointed at path checkpoints/checkpoint_iter_0150.npy. 
WARNING: Energy -1.1980 below FCI -1.1373 — HWE ansatz may have left the physical particle-number sector
Iter 0151 | Energy: -1.198028 | Delta: 4.62e-03 | M: 18.0987 | Path: Statevector MPI-distributed (4 ranks)
WARNING: Energy -1.2066 below FCI -1.1373 — HWE ansatz may have left the physical particle-number sector
Iter 0152 | Energy: -1.206585 | Delta: 8.56e-03 | M: 18.8926 | Path: Statevector MPI-distributed (4 ranks)
WARNING: Energy -1.2139 below FCI -1.1373 — HWE ansatz may have left the physical particle-number sector
Iter 0153 | Energy: -1.213891 | Delta: 7.31e-03 | M: 18.2550 | Path: Statevector MPI-distributed (4 ranks)
WARNING: Energy -1.2158 below FCI -1.1373 — HWE ansatz may have left the physical particle-number sector
Iter 0154 | Energy: -1.215764 | Delta: 1.87e-03 | M: 17.9955 | Path: Statevector MPI-distributed (4 ranks)
WARNING: Energy -1.2192 below FCI -1.1373 — HWE ansatz may have left the physical particle-number sector
Iter 0155 | Energy: -1.219156 | Delta: 3.39e-03 | M: 17.2657 | Path: Statevector MPI-distributed (4 ranks)
[RESILIENCE] Iteration 155: Global theta state checkpointed at path checkpoints/checkpoint_iter_0155.npy. 
WARNING: Energy -1.2184 below FCI -1.1373 — HWE ansatz may have left the physical particle-number sector
Iter 0156 | Energy: -1.218369 | Delta: 7.87e-04 | M: 120.2631 | Path: Statevector MPI-distributed (4 ranks)
WARNING: Energy -1.2226 below FCI -1.1373 — HWE ansatz may have left the physical particle-number sector
Iter 0157 | Energy: -1.222616 | Delta: 4.25e-03 | M: 130.0626 | Path: Statevector MPI-distributed (4 ranks)
WARNING: Energy -1.2317 below FCI -1.1373 — HWE ansatz may have left the physical particle-number sector
Iter 0158 | Energy: -1.231744 | Delta: 9.13e-03 | M: 107.1177 | Path: Statevector MPI-distributed (4 ranks)
WARNING: Energy -1.2327 below FCI -1.1373 — HWE ansatz may have left the physical particle-number sector
Iter 0159 | Energy: -1.232705 | Delta: 9.60e-04 | M: 84.4428 | Path: Statevector MPI-distributed (4 ranks)
WARNING: Energy -1.2344 below FCI -1.1373 — HWE ansatz may have left the physical particle-number sector
Iter 0160 | Energy: -1.234422 | Delta: 1.72e-03 | M: 85.9202 | Path: Statevector MPI-distributed (4 ranks)
[RESILIENCE] Iteration 160: Global theta state checkpointed at path checkpoints/checkpoint_iter_0160.npy. 
WARNING: Energy -1.2595 below FCI -1.1373 — HWE ansatz may have left the physical particle-number sector
Iter 0161 | Energy: -1.259519 | Delta: 2.51e-02 | M: 19.8683 | Path: Statevector MPI-distributed (4 ranks)
WARNING: Energy -1.2591 below FCI -1.1373 — HWE ansatz may have left the physical particle-number sector
Iter 0162 | Energy: -1.259145 | Delta: 3.75e-04 | M: 139.8569 | Path: Statevector MPI-distributed (4 ranks)
WARNING: Energy -1.2554 below FCI -1.1373 — HWE ansatz may have left the physical particle-number sector
Iter 0163 | Energy: -1.255429 | Delta: 3.72e-03 | M: 17.3569 | Path: Statevector MPI-distributed (4 ranks)
WARNING: Energy -1.2561 below FCI -1.1373 — HWE ansatz may have left the physical particle-number sector
Iter 0164 | Energy: -1.256059 | Delta: 6.30e-04 | M: 53.8780 | Path: Statevector MPI-distributed (4 ranks)
WARNING: Energy -1.2790 below FCI -1.1373 — HWE ansatz may have left the physical particle-number sector
Iter 0165 | Energy: -1.279005 | Delta: 2.29e-02 | M: 32.7078 | Path: Statevector MPI-distributed (4 ranks)
[RESILIENCE] Iteration 165: Global theta state checkpointed at path checkpoints/checkpoint_iter_0165.npy. 
WARNING: Energy -1.2825 below FCI -1.1373 — HWE ansatz may have left the physical particle-number sector
Iter 0166 | Energy: -1.282524 | Delta: 3.52e-03 | M: 75.9944 | Path: Statevector MPI-distributed (4 ranks)
WARNING: Energy -1.2849 below FCI -1.1373 — HWE ansatz may have left the physical particle-number sector
Iter 0167 | Energy: -1.284936 | Delta: 2.41e-03 | M: 66.7416 | Path: Statevector MPI-distributed (4 ranks)
WARNING: Energy -1.2895 below FCI -1.1373 — HWE ansatz may have left the physical particle-number sector
Iter 0168 | Energy: -1.289459 | Delta: 4.52e-03 | M: 77.4580 | Path: Statevector MPI-distributed (4 ranks)
WARNING: Energy -1.3065 below FCI -1.1373 — HWE ansatz may have left the physical particle-number sector
Iter 0169 | Energy: -1.306514 | Delta: 1.71e-02 | M: 7.7677 | Path: Statevector MPI-distributed (4 ranks)
WARNING: Energy -1.2982 below FCI -1.1373 — HWE ansatz may have left the physical particle-number sector
Iter 0170 | Energy: -1.298240 | Delta: 8.27e-03 | M: 45.2907 | Path: Statevector MPI-distributed (4 ranks)
[RESILIENCE] Iteration 170: Global theta state checkpointed at path checkpoints/checkpoint_iter_0170.npy. 
WARNING: Energy -1.3097 below FCI -1.1373 — HWE ansatz may have left the physical particle-number sector
Iter 0171 | Energy: -1.309709 | Delta: 1.15e-02 | M: 179.0313 | Path: Statevector MPI-distributed (4 ranks)
WARNING: Energy -1.3098 below FCI -1.1373 — HWE ansatz may have left the physical particle-number sector
Iter 0172 | Energy: -1.309799 | Delta: 9.02e-05 | M: 173.5010 | Path: Statevector MPI-distributed (4 ranks)
WARNING: Energy -1.3013 below FCI -1.1373 — HWE ansatz may have left the physical particle-number sector
Iter 0173 | Energy: -1.301310 | Delta: 8.49e-03 | M: 60.0749 | Path: Statevector MPI-distributed (4 ranks)
WARNING: Energy -1.3242 below FCI -1.1373 — HWE ansatz may have left the physical particle-number sector
Iter 0174 | Energy: -1.324246 | Delta: 2.29e-02 | M: 63.9613 | Path: Statevector MPI-distributed (4 ranks)
WARNING: Energy -1.3222 below FCI -1.1373 — HWE ansatz may have left the physical particle-number sector
Iter 0175 | Energy: -1.322152 | Delta: 2.09e-03 | M: 85.5917 | Path: Statevector MPI-distributed (4 ranks)
[RESILIENCE] Iteration 175: Global theta state checkpointed at path checkpoints/checkpoint_iter_0175.npy. 
WARNING: Energy -1.3278 below FCI -1.1373 — HWE ansatz may have left the physical particle-number sector
Iter 0176 | Energy: -1.327834 | Delta: 5.68e-03 | M: 25.1525 | Path: Statevector MPI-distributed (4 ranks)
WARNING: Energy -1.3246 below FCI -1.1373 — HWE ansatz may have left the physical particle-number sector
Iter 0177 | Energy: -1.324632 | Delta: 3.20e-03 | M: 22.4631 | Path: Statevector MPI-distributed (4 ranks)
WARNING: Energy -1.3269 below FCI -1.1373 — HWE ansatz may have left the physical particle-number sector
Iter 0178 | Energy: -1.326929 | Delta: 2.30e-03 | M: 10.7774 | Path: Statevector MPI-distributed (4 ranks)
WARNING: Energy -1.3355 below FCI -1.1373 — HWE ansatz may have left the physical particle-number sector
Iter 0179 | Energy: -1.335498 | Delta: 8.57e-03 | M: 164.3643 | Path: Statevector MPI-distributed (4 ranks)
WARNING: Energy -1.3382 below FCI -1.1373 — HWE ansatz may have left the physical particle-number sector
Iter 0180 | Energy: -1.338177 | Delta: 2.68e-03 | M: 13.8402 | Path: Statevector MPI-distributed (4 ranks)
[RESILIENCE] Iteration 180: Global theta state checkpointed at path checkpoints/checkpoint_iter_0180.npy. 
WARNING: Energy -1.3353 below FCI -1.1373 — HWE ansatz may have left the physical particle-number sector
Iter 0181 | Energy: -1.335272 | Delta: 2.90e-03 | M: 134.0674 | Path: Statevector MPI-distributed (4 ranks)
WARNING: Energy -1.3402 below FCI -1.1373 — HWE ansatz may have left the physical particle-number sector
Iter 0182 | Energy: -1.340168 | Delta: 4.90e-03 | M: 96.3766 | Path: Statevector MPI-distributed (4 ranks)
WARNING: Energy -1.3298 below FCI -1.1373 — HWE ansatz may have left the physical particle-number sector
Iter 0183 | Energy: -1.329802 | Delta: 1.04e-02 | M: 143.1828 | Path: Statevector MPI-distributed (4 ranks)
WARNING: Energy -1.3424 below FCI -1.1373 — HWE ansatz may have left the physical particle-number sector
Iter 0184 | Energy: -1.342412 | Delta: 1.26e-02 | M: 121.1238 | Path: Statevector MPI-distributed (4 ranks)
WARNING: Energy -1.3331 below FCI -1.1373 — HWE ansatz may have left the physical particle-number sector
Iter 0185 | Energy: -1.333113 | Delta: 9.30e-03 | M: 117.0773 | Path: Statevector MPI-distributed (4 ranks)
[RESILIENCE] Iteration 185: Global theta state checkpointed at path checkpoints/checkpoint_iter_0185.npy. 
WARNING: Energy -1.3444 below FCI -1.1373 — HWE ansatz may have left the physical particle-number sector
Iter 0186 | Energy: -1.344433 | Delta: 1.13e-02 | M: 10.7269 | Path: Statevector MPI-distributed (4 ranks)
WARNING: Energy -1.3468 below FCI -1.1373 — HWE ansatz may have left the physical particle-number sector
Iter 0187 | Energy: -1.346789 | Delta: 2.36e-03 | M: 96.6106 | Path: Statevector MPI-distributed (4 ranks)
WARNING: Energy -1.3486 below FCI -1.1373 — HWE ansatz may have left the physical particle-number sector
Iter 0188 | Energy: -1.348570 | Delta: 1.78e-03 | M: 38.4670 | Path: Statevector MPI-distributed (4 ranks)
WARNING: Energy -1.3520 below FCI -1.1373 — HWE ansatz may have left the physical particle-number sector
Iter 0189 | Energy: -1.351981 | Delta: 3.41e-03 | M: 24.8515 | Path: Statevector MPI-distributed (4 ranks)
WARNING: Energy -1.3538 below FCI -1.1373 — HWE ansatz may have left the physical particle-number sector
Iter 0190 | Energy: -1.353775 | Delta: 1.79e-03 | M: 129.6661 | Path: Statevector MPI-distributed (4 ranks)
[RESILIENCE] Iteration 190: Global theta state checkpointed at path checkpoints/checkpoint_iter_0190.npy. 
WARNING: Energy -1.3626 below FCI -1.1373 — HWE ansatz may have left the physical particle-number sector
Iter 0191 | Energy: -1.362626 | Delta: 8.85e-03 | M: 4.3804 | Path: Statevector MPI-distributed (4 ranks)
WARNING: Energy -1.3581 below FCI -1.1373 — HWE ansatz may have left the physical particle-number sector
Iter 0192 | Energy: -1.358060 | Delta: 4.57e-03 | M: 11.8515 | Path: Statevector MPI-distributed (4 ranks)
WARNING: Energy -1.3552 below FCI -1.1373 — HWE ansatz may have left the physical particle-number sector
Iter 0193 | Energy: -1.355205 | Delta: 2.85e-03 | M: 143.8957 | Path: Statevector MPI-distributed (4 ranks)
WARNING: Energy -1.3501 below FCI -1.1373 — HWE ansatz may have left the physical particle-number sector
Iter 0194 | Energy: -1.350092 | Delta: 5.11e-03 | M: 5.0281 | Path: Statevector MPI-distributed (4 ranks)
WARNING: Energy -1.3689 below FCI -1.1373 — HWE ansatz may have left the physical particle-number sector
Iter 0195 | Energy: -1.368906 | Delta: 1.88e-02 | M: 193.0249 | Path: Statevector MPI-distributed (4 ranks)
[RESILIENCE] Iteration 195: Global theta state checkpointed at path checkpoints/checkpoint_iter_0195.npy. 
WARNING: Energy -1.3718 below FCI -1.1373 — HWE ansatz may have left the physical particle-number sector
Iter 0196 | Energy: -1.371829 | Delta: 2.92e-03 | M: 13.3053 | Path: Statevector MPI-distributed (4 ranks)
WARNING: Energy -1.3652 below FCI -1.1373 — HWE ansatz may have left the physical particle-number sector
Iter 0197 | Energy: -1.365152 | Delta: 6.68e-03 | M: 4.7804 | Path: Statevector MPI-distributed (4 ranks)
WARNING: Energy -1.3611 below FCI -1.1373 — HWE ansatz may have left the physical particle-number sector
Iter 0198 | Energy: -1.361123 | Delta: 4.03e-03 | M: 15.1341 | Path: Statevector MPI-distributed (4 ranks)
WARNING: Energy -1.3652 below FCI -1.1373 — HWE ansatz may have left the physical particle-number sector
Iter 0199 | Energy: -1.365159 | Delta: 4.04e-03 | M: 19.9880 | Path: Statevector MPI-distributed (4 ranks)
WARNING: Energy -1.3703 below FCI -1.1373 — HWE ansatz may have left the physical particle-number sector
Iter 0200 | Energy: -1.370326 | Delta: 5.17e-03 | M: 26.3512 | Path: Statevector MPI-distributed (4 ranks)
[RESILIENCE] Iteration 200: Global theta state checkpointed at path checkpoints/checkpoint_iter_0200.npy. 
WARNING: Energy -1.3808 below FCI -1.1373 — HWE ansatz may have left the physical particle-number sector
Iter 0201 | Energy: -1.380799 | Delta: 1.05e-02 | M: 17.2082 | Path: Statevector MPI-distributed (4 ranks)
WARNING: Energy -1.3832 below FCI -1.1373 — HWE ansatz may have left the physical particle-number sector
Iter 0202 | Energy: -1.383154 | Delta: 2.35e-03 | M: 18.7231 | Path: Statevector MPI-distributed (4 ranks)
WARNING: Energy -1.3695 below FCI -1.1373 — HWE ansatz may have left the physical particle-number sector
Iter 0203 | Energy: -1.369521 | Delta: 1.36e-02 | M: 17.4493 | Path: Statevector MPI-distributed (4 ranks)
WARNING: Energy -1.3867 below FCI -1.1373 — HWE ansatz may have left the physical particle-number sector
Iter 0204 | Energy: -1.386730 | Delta: 1.72e-02 | M: 17.1285 | Path: Statevector MPI-distributed (4 ranks)
WARNING: Energy -1.3836 below FCI -1.1373 — HWE ansatz may have left the physical particle-number sector
Iter 0205 | Energy: -1.383557 | Delta: 3.17e-03 | M: 19.0907 | Path: Statevector MPI-distributed (4 ranks)
[RESILIENCE] Iteration 205: Global theta state checkpointed at path checkpoints/checkpoint_iter_0205.npy. 
WARNING: Energy -1.3944 below FCI -1.1373 — HWE ansatz may have left the physical particle-number sector
Iter 0206 | Energy: -1.394390 | Delta: 1.08e-02 | M: 17.6682 | Path: Statevector MPI-distributed (4 ranks)
WARNING: Energy -1.3887 below FCI -1.1373 — HWE ansatz may have left the physical particle-number sector
Iter 0207 | Energy: -1.388718 | Delta: 5.67e-03 | M: 17.1402 | Path: Statevector MPI-distributed (4 ranks)
WARNING: Energy -1.3990 below FCI -1.1373 — HWE ansatz may have left the physical particle-number sector
Iter 0208 | Energy: -1.398954 | Delta: 1.02e-02 | M: 18.1587 | Path: Statevector MPI-distributed (4 ranks)
WARNING: Energy -1.3996 below FCI -1.1373 — HWE ansatz may have left the physical particle-number sector
Iter 0209 | Energy: -1.399569 | Delta: 6.15e-04 | M: 17.6929 | Path: Statevector MPI-distributed (4 ranks)
WARNING: Energy -1.4074 below FCI -1.1373 — HWE ansatz may have left the physical particle-number sector
Iter 0210 | Energy: -1.407379 | Delta: 7.81e-03 | M: 17.5384 | Path: Statevector MPI-distributed (4 ranks)
[RESILIENCE] Iteration 210: Global theta state checkpointed at path checkpoints/checkpoint_iter_0210.npy. 
WARNING: Energy -1.4083 below FCI -1.1373 — HWE ansatz may have left the physical particle-number sector
Iter 0211 | Energy: -1.408286 | Delta: 9.07e-04 | M: 18.3854 | Path: Statevector MPI-distributed (4 ranks)
WARNING: Energy -1.4012 below FCI -1.1373 — HWE ansatz may have left the physical particle-number sector
Iter 0212 | Energy: -1.401200 | Delta: 7.09e-03 | M: 16.9979 | Path: Statevector MPI-distributed (4 ranks)
WARNING: Energy -1.4072 below FCI -1.1373 — HWE ansatz may have left the physical particle-number sector
Iter 0213 | Energy: -1.407203 | Delta: 6.00e-03 | M: 17.3736 | Path: Statevector MPI-distributed (4 ranks)
WARNING: Energy -1.4041 below FCI -1.1373 — HWE ansatz may have left the physical particle-number sector
Iter 0214 | Energy: -1.404106 | Delta: 3.10e-03 | M: 18.1495 | Path: Statevector MPI-distributed (4 ranks)
WARNING: Energy -1.4121 below FCI -1.1373 — HWE ansatz may have left the physical particle-number sector
Iter 0215 | Energy: -1.412075 | Delta: 7.97e-03 | M: 114.3940 | Path: Statevector MPI-distributed (4 ranks)
[RESILIENCE] Iteration 215: Global theta state checkpointed at path checkpoints/checkpoint_iter_0215.npy. 
WARNING: Energy -1.4195 below FCI -1.1373 — HWE ansatz may have left the physical particle-number sector
Iter 0216 | Energy: -1.419503 | Delta: 7.43e-03 | M: 6.5549 | Path: Statevector MPI-distributed (4 ranks)
WARNING: Energy -1.4145 below FCI -1.1373 — HWE ansatz may have left the physical particle-number sector
Iter 0217 | Energy: -1.414512 | Delta: 4.99e-03 | M: 17.8654 | Path: Statevector MPI-distributed (4 ranks)
WARNING: Energy -1.4157 below FCI -1.1373 — HWE ansatz may have left the physical particle-number sector
Iter 0218 | Energy: -1.415700 | Delta: 1.19e-03 | M: 18.9740 | Path: Statevector MPI-distributed (4 ranks)
WARNING: Energy -1.4151 below FCI -1.1373 — HWE ansatz may have left the physical particle-number sector
Iter 0219 | Energy: -1.415124 | Delta: 5.76e-04 | M: 18.0433 | Path: Statevector MPI-distributed (4 ranks)
WARNING: Energy -1.4238 below FCI -1.1373 — HWE ansatz may have left the physical particle-number sector
Iter 0220 | Energy: -1.423802 | Delta: 8.68e-03 | M: 17.6763 | Path: Statevector MPI-distributed (4 ranks)
[RESILIENCE] Iteration 220: Global theta state checkpointed at path checkpoints/checkpoint_iter_0220.npy. 
WARNING: Energy -1.4226 below FCI -1.1373 — HWE ansatz may have left the physical particle-number sector
Iter 0221 | Energy: -1.422609 | Delta: 1.19e-03 | M: 18.3247 | Path: Statevector MPI-distributed (4 ranks)
WARNING: Energy -1.4250 below FCI -1.1373 — HWE ansatz may have left the physical particle-number sector
Iter 0222 | Energy: -1.425034 | Delta: 2.43e-03 | M: 19.0986 | Path: Statevector MPI-distributed (4 ranks)
WARNING: Energy -1.4171 below FCI -1.1373 — HWE ansatz may have left the physical particle-number sector
Iter 0223 | Energy: -1.417136 | Delta: 7.90e-03 | M: 18.0072 | Path: Statevector MPI-distributed (4 ranks)
WARNING: Energy -1.4273 below FCI -1.1373 — HWE ansatz may have left the physical particle-number sector
Iter 0224 | Energy: -1.427334 | Delta: 1.02e-02 | M: 17.7351 | Path: Statevector MPI-distributed (4 ranks)
WARNING: Energy -1.4273 below FCI -1.1373 — HWE ansatz may have left the physical particle-number sector
Iter 0225 | Energy: -1.427255 | Delta: 7.96e-05 | M: 18.4571 | Path: Statevector MPI-distributed (4 ranks)
[RESILIENCE] Iteration 225: Global theta state checkpointed at path checkpoints/checkpoint_iter_0225.npy. 
WARNING: Energy -1.4279 below FCI -1.1373 — HWE ansatz may have left the physical particle-number sector
Iter 0226 | Energy: -1.427887 | Delta: 6.33e-04 | M: 1.5324 | Path: Statevector MPI-distributed (4 ranks)
WARNING: Energy -1.4269 below FCI -1.1373 — HWE ansatz may have left the physical particle-number sector
Iter 0227 | Energy: -1.426874 | Delta: 1.01e-03 | M: 50.8330 | Path: Statevector MPI-distributed (4 ranks)
WARNING: Energy -1.4301 below FCI -1.1373 — HWE ansatz may have left the physical particle-number sector
Iter 0228 | Energy: -1.430128 | Delta: 3.25e-03 | M: 20.1863 | Path: Statevector MPI-distributed (4 ranks)
WARNING: Energy -1.4425 below FCI -1.1373 — HWE ansatz may have left the physical particle-number sector
Iter 0229 | Energy: -1.442517 | Delta: 1.24e-02 | M: 11.5673 | Path: Statevector MPI-distributed (4 ranks)
WARNING: Energy -1.4329 below FCI -1.1373 — HWE ansatz may have left the physical particle-number sector
Iter 0230 | Energy: -1.432920 | Delta: 9.60e-03 | M: 25.9154 | Path: Statevector MPI-distributed (4 ranks)
[RESILIENCE] Iteration 230: Global theta state checkpointed at path checkpoints/checkpoint_iter_0230.npy. 
WARNING: Energy -1.4388 below FCI -1.1373 — HWE ansatz may have left the physical particle-number sector
Iter 0231 | Energy: -1.438767 | Delta: 5.85e-03 | M: 11.8231 | Path: Statevector MPI-distributed (4 ranks)
WARNING: Energy -1.4451 below FCI -1.1373 — HWE ansatz may have left the physical particle-number sector
Iter 0232 | Energy: -1.445125 | Delta: 6.36e-03 | M: 11.4127 | Path: Statevector MPI-distributed (4 ranks)
WARNING: Energy -1.4451 below FCI -1.1373 — HWE ansatz may have left the physical particle-number sector
Iter 0233 | Energy: -1.445095 | Delta: 3.01e-05 | M: 131.7959 | Path: Statevector MPI-distributed (4 ranks)
WARNING: Energy -1.4493 below FCI -1.1373 — HWE ansatz may have left the physical particle-number sector
Iter 0234 | Energy: -1.449274 | Delta: 4.18e-03 | M: 25.5590 | Path: Statevector MPI-distributed (4 ranks)
WARNING: Energy -1.4566 below FCI -1.1373 — HWE ansatz may have left the physical particle-number sector
Iter 0235 | Energy: -1.456606 | Delta: 7.33e-03 | M: 6.0750 | Path: Statevector MPI-distributed (4 ranks)
[RESILIENCE] Iteration 235: Global theta state checkpointed at path checkpoints/checkpoint_iter_0235.npy. 
WARNING: Energy -1.4576 below FCI -1.1373 — HWE ansatz may have left the physical particle-number sector
Iter 0236 | Energy: -1.457643 | Delta: 1.04e-03 | M: 120.0848 | Path: Statevector MPI-distributed (4 ranks)
WARNING: Energy -1.4571 below FCI -1.1373 — HWE ansatz may have left the physical particle-number sector
Iter 0237 | Energy: -1.457085 | Delta: 5.58e-04 | M: 137.4148 | Path: Statevector MPI-distributed (4 ranks)
WARNING: Energy -1.4463 below FCI -1.1373 — HWE ansatz may have left the physical particle-number sector
Iter 0238 | Energy: -1.446298 | Delta: 1.08e-02 | M: 4.3180 | Path: Statevector MPI-distributed (4 ranks)
WARNING: Energy -1.4558 below FCI -1.1373 — HWE ansatz may have left the physical particle-number sector
Iter 0239 | Energy: -1.455769 | Delta: 9.47e-03 | M: 12.0044 | Path: Statevector MPI-distributed (4 ranks)
WARNING: Energy -1.4654 below FCI -1.1373 — HWE ansatz may have left the physical particle-number sector
Iter 0240 | Energy: -1.465403 | Delta: 9.63e-03 | M: 11.6232 | Path: Statevector MPI-distributed (4 ranks)
[RESILIENCE] Iteration 240: Global theta state checkpointed at path checkpoints/checkpoint_iter_0240.npy. 
WARNING: Energy -1.4653 below FCI -1.1373 — HWE ansatz may have left the physical particle-number sector
Iter 0241 | Energy: -1.465285 | Delta: 1.18e-04 | M: 8.2266 | Path: Statevector MPI-distributed (4 ranks)
WARNING: Energy -1.4664 below FCI -1.1373 — HWE ansatz may have left the physical particle-number sector
Iter 0242 | Energy: -1.466402 | Delta: 1.12e-03 | M: 14.2560 | Path: Statevector MPI-distributed (4 ranks)
WARNING: Energy -1.4580 below FCI -1.1373 — HWE ansatz may have left the physical particle-number sector
Iter 0243 | Energy: -1.457968 | Delta: 8.43e-03 | M: 12.5074 | Path: Statevector MPI-distributed (4 ranks)
WARNING: Energy -1.4701 below FCI -1.1373 — HWE ansatz may have left the physical particle-number sector
Iter 0244 | Energy: -1.470145 | Delta: 1.22e-02 | M: 11.8317 | Path: Statevector MPI-distributed (4 ranks)
WARNING: Energy -1.4676 below FCI -1.1373 — HWE ansatz may have left the physical particle-number sector
Iter 0245 | Energy: -1.467601 | Delta: 2.54e-03 | M: 138.8339 | Path: Statevector MPI-distributed (4 ranks)
[RESILIENCE] Iteration 245: Global theta state checkpointed at path checkpoints/checkpoint_iter_0245.npy. 
WARNING: Energy -1.4650 below FCI -1.1373 — HWE ansatz may have left the physical particle-number sector
Iter 0246 | Energy: -1.465003 | Delta: 2.60e-03 | M: 122.7273 | Path: Statevector MPI-distributed (4 ranks)
WARNING: Energy -1.4747 below FCI -1.1373 — HWE ansatz may have left the physical particle-number sector
Iter 0247 | Energy: -1.474689 | Delta: 9.69e-03 | M: 62.1228 | Path: Statevector MPI-distributed (4 ranks)
WARNING: Energy -1.4803 below FCI -1.1373 — HWE ansatz may have left the physical particle-number sector
Iter 0248 | Energy: -1.480342 | Delta: 5.65e-03 | M: 117.8533 | Path: Statevector MPI-distributed (4 ranks)
WARNING: Energy -1.4634 below FCI -1.1373 — HWE ansatz may have left the physical particle-number sector
Iter 0249 | Energy: -1.463444 | Delta: 1.69e-02 | M: 111.4325 | Path: Statevector MPI-distributed (4 ranks)
WARNING: Energy -1.4777 below FCI -1.1373 — HWE ansatz may have left the physical particle-number sector
Iter 0250 | Energy: -1.477729 | Delta: 1.43e-02 | M: 97.0025 | Path: Statevector MPI-distributed (4 ranks)
[RESILIENCE] Iteration 250: Global theta state checkpointed at path checkpoints/checkpoint_iter_0250.npy. 
WARNING: Energy -1.4756 below FCI -1.1373 — HWE ansatz may have left the physical particle-number sector
Iter 0251 | Energy: -1.475598 | Delta: 2.13e-03 | M: 142.8041 | Path: Statevector MPI-distributed (4 ranks)
WARNING: Energy -1.4888 below FCI -1.1373 — HWE ansatz may have left the physical particle-number sector
Iter 0252 | Energy: -1.488828 | Delta: 1.32e-02 | M: 96.0284 | Path: Statevector MPI-distributed (4 ranks)
WARNING: Energy -1.4890 below FCI -1.1373 — HWE ansatz may have left the physical particle-number sector
Iter 0253 | Energy: -1.489006 | Delta: 1.78e-04 | M: 117.3833 | Path: Statevector MPI-distributed (4 ranks)
WARNING: Energy -1.4855 below FCI -1.1373 — HWE ansatz may have left the physical particle-number sector
Iter 0254 | Energy: -1.485508 | Delta: 3.50e-03 | M: 129.7616 | Path: Statevector MPI-distributed (4 ranks)
WARNING: Energy -1.4880 below FCI -1.1373 — HWE ansatz may have left the physical particle-number sector
Iter 0255 | Energy: -1.488019 | Delta: 2.51e-03 | M: 119.0140 | Path: Statevector MPI-distributed (4 ranks)
[RESILIENCE] Iteration 255: Global theta state checkpointed at path checkpoints/checkpoint_iter_0255.npy. 
WARNING: Energy -1.4828 below FCI -1.1373 — HWE ansatz may have left the physical particle-number sector
Iter 0256 | Energy: -1.482809 | Delta: 5.21e-03 | M: 18.1747 | Path: Statevector MPI-distributed (4 ranks)
WARNING: Energy -1.4916 below FCI -1.1373 — HWE ansatz may have left the physical particle-number sector
Iter 0257 | Energy: -1.491624 | Delta: 8.82e-03 | M: 17.1403 | Path: Statevector MPI-distributed (4 ranks)
WARNING: Energy -1.4924 below FCI -1.1373 — HWE ansatz may have left the physical particle-number sector
Iter 0258 | Energy: -1.492350 | Delta: 7.26e-04 | M: 20.6746 | Path: Statevector MPI-distributed (4 ranks)
WARNING: Energy -1.4975 below FCI -1.1373 — HWE ansatz may have left the physical particle-number sector
Iter 0259 | Energy: -1.497494 | Delta: 5.14e-03 | M: 117.9065 | Path: Statevector MPI-distributed (4 ranks)
WARNING: Energy -1.4981 below FCI -1.1373 — HWE ansatz may have left the physical particle-number sector
Iter 0260 | Energy: -1.498050 | Delta: 5.56e-04 | M: 6.2211 | Path: Statevector MPI-distributed (4 ranks)
[RESILIENCE] Iteration 260: Global theta state checkpointed at path checkpoints/checkpoint_iter_0260.npy. 
WARNING: Energy -1.5043 below FCI -1.1373 — HWE ansatz may have left the physical particle-number sector
Iter 0261 | Energy: -1.504318 | Delta: 6.27e-03 | M: 18.2161 | Path: Statevector MPI-distributed (4 ranks)
WARNING: Energy -1.4891 below FCI -1.1373 — HWE ansatz may have left the physical particle-number sector
Iter 0262 | Energy: -1.489058 | Delta: 1.53e-02 | M: 14.3950 | Path: Statevector MPI-distributed (4 ranks)
WARNING: Energy -1.5033 below FCI -1.1373 — HWE ansatz may have left the physical particle-number sector
Iter 0263 | Energy: -1.503311 | Delta: 1.43e-02 | M: 6.5019 | Path: Statevector MPI-distributed (4 ranks)
WARNING: Energy -1.5023 below FCI -1.1373 — HWE ansatz may have left the physical particle-number sector
Iter 0264 | Energy: -1.502303 | Delta: 1.01e-03 | M: 16.1382 | Path: Statevector MPI-distributed (4 ranks)
WARNING: Energy -1.4922 below FCI -1.1373 — HWE ansatz may have left the physical particle-number sector
Iter 0265 | Energy: -1.492225 | Delta: 1.01e-02 | M: 8.4208 | Path: Statevector MPI-distributed (4 ranks)
[RESILIENCE] Iteration 265: Global theta state checkpointed at path checkpoints/checkpoint_iter_0265.npy. 
WARNING: Energy -1.5060 below FCI -1.1373 — HWE ansatz may have left the physical particle-number sector
Iter 0266 | Energy: -1.506018 | Delta: 1.38e-02 | M: 76.1627 | Path: Statevector MPI-distributed (4 ranks)
WARNING: Energy -1.5051 below FCI -1.1373 — HWE ansatz may have left the physical particle-number sector
Iter 0267 | Energy: -1.505118 | Delta: 9.01e-04 | M: 76.0654 | Path: Statevector MPI-distributed (4 ranks)
WARNING: Energy -1.5066 below FCI -1.1373 — HWE ansatz may have left the physical particle-number sector
Iter 0268 | Energy: -1.506564 | Delta: 1.45e-03 | M: 76.1050 | Path: Statevector MPI-distributed (4 ranks)
WARNING: Energy -1.5069 below FCI -1.1373 — HWE ansatz may have left the physical particle-number sector
Iter 0269 | Energy: -1.506949 | Delta: 3.85e-04 | M: 70.0938 | Path: Statevector MPI-distributed (4 ranks)
WARNING: Energy -1.5098 below FCI -1.1373 — HWE ansatz may have left the physical particle-number sector
Iter 0270 | Energy: -1.509788 | Delta: 2.84e-03 | M: 42.4347 | Path: Statevector MPI-distributed (4 ranks)
[RESILIENCE] Iteration 270: Global theta state checkpointed at path checkpoints/checkpoint_iter_0270.npy. 
WARNING: Energy -1.5106 below FCI -1.1373 — HWE ansatz may have left the physical particle-number sector
Iter 0271 | Energy: -1.510593 | Delta: 8.05e-04 | M: 71.9957 | Path: Statevector MPI-distributed (4 ranks)
WARNING: Energy -1.5159 below FCI -1.1373 — HWE ansatz may have left the physical particle-number sector
Iter 0272 | Energy: -1.515878 | Delta: 5.29e-03 | M: 30.2026 | Path: Statevector MPI-distributed (4 ranks)
WARNING: Energy -1.5154 below FCI -1.1373 — HWE ansatz may have left the physical particle-number sector
Iter 0273 | Energy: -1.515424 | Delta: 4.54e-04 | M: 210.6324 | Path: Statevector MPI-distributed (4 ranks)
WARNING: Energy -1.5092 below FCI -1.1373 — HWE ansatz may have left the physical particle-number sector
Iter 0274 | Energy: -1.509214 | Delta: 6.21e-03 | M: 90.1714 | Path: Statevector MPI-distributed (4 ranks)
WARNING: Energy -1.5086 below FCI -1.1373 — HWE ansatz may have left the physical particle-number sector
Iter 0275 | Energy: -1.508643 | Delta: 5.72e-04 | M: 77.6356 | Path: Statevector MPI-distributed (4 ranks)
[RESILIENCE] Iteration 275: Global theta state checkpointed at path checkpoints/checkpoint_iter_0275.npy. 
WARNING: Energy -1.5174 below FCI -1.1373 — HWE ansatz may have left the physical particle-number sector
Iter 0276 | Energy: -1.517351 | Delta: 8.71e-03 | M: 36.3076 | Path: Statevector MPI-distributed (4 ranks)
WARNING: Energy -1.5170 below FCI -1.1373 — HWE ansatz may have left the physical particle-number sector
Iter 0277 | Energy: -1.516963 | Delta: 3.88e-04 | M: 74.4026 | Path: Statevector MPI-distributed (4 ranks)
WARNING: Energy -1.5082 below FCI -1.1373 — HWE ansatz may have left the physical particle-number sector
Iter 0278 | Energy: -1.508240 | Delta: 8.72e-03 | M: 68.5451 | Path: Statevector MPI-distributed (4 ranks)
WARNING: Energy -1.5258 below FCI -1.1373 — HWE ansatz may have left the physical particle-number sector
Iter 0279 | Energy: -1.525772 | Delta: 1.75e-02 | M: 7.6878 | Path: Statevector MPI-distributed (4 ranks)
WARNING: Energy -1.5208 below FCI -1.1373 — HWE ansatz may have left the physical particle-number sector
Iter 0280 | Energy: -1.520819 | Delta: 4.95e-03 | M: 78.0349 | Path: Statevector MPI-distributed (4 ranks)
[RESILIENCE] Iteration 280: Global theta state checkpointed at path checkpoints/checkpoint_iter_0280.npy. 
WARNING: Energy -1.5236 below FCI -1.1373 — HWE ansatz may have left the physical particle-number sector
Iter 0281 | Energy: -1.523583 | Delta: 2.76e-03 | M: 182.3848 | Path: Statevector MPI-distributed (4 ranks)
WARNING: Energy -1.5203 below FCI -1.1373 — HWE ansatz may have left the physical particle-number sector
Iter 0282 | Energy: -1.520264 | Delta: 3.32e-03 | M: 131.9473 | Path: Statevector MPI-distributed (4 ranks)
WARNING: Energy -1.5276 below FCI -1.1373 — HWE ansatz may have left the physical particle-number sector
Iter 0283 | Energy: -1.527575 | Delta: 7.31e-03 | M: 71.6891 | Path: Statevector MPI-distributed (4 ranks)
WARNING: Energy -1.5282 below FCI -1.1373 — HWE ansatz may have left the physical particle-number sector
Iter 0284 | Energy: -1.528177 | Delta: 6.02e-04 | M: 140.8908 | Path: Statevector MPI-distributed (4 ranks)
WARNING: Energy -1.5311 below FCI -1.1373 — HWE ansatz may have left the physical particle-number sector
Iter 0285 | Energy: -1.531122 | Delta: 2.94e-03 | M: 99.4450 | Path: Statevector MPI-distributed (4 ranks)
[RESILIENCE] Iteration 285: Global theta state checkpointed at path checkpoints/checkpoint_iter_0285.npy. 
WARNING: Energy -1.5290 below FCI -1.1373 — HWE ansatz may have left the physical particle-number sector
Iter 0286 | Energy: -1.528997 | Delta: 2.13e-03 | M: 71.7000 | Path: Statevector MPI-distributed (4 ranks)
WARNING: Energy -1.5387 below FCI -1.1373 — HWE ansatz may have left the physical particle-number sector
Iter 0287 | Energy: -1.538745 | Delta: 9.75e-03 | M: 66.9518 | Path: Statevector MPI-distributed (4 ranks)
WARNING: Energy -1.5359 below FCI -1.1373 — HWE ansatz may have left the physical particle-number sector
Iter 0288 | Energy: -1.535888 | Delta: 2.86e-03 | M: 34.3052 | Path: Statevector MPI-distributed (4 ranks)
WARNING: Energy -1.5405 below FCI -1.1373 — HWE ansatz may have left the physical particle-number sector
Iter 0289 | Energy: -1.540471 | Delta: 4.58e-03 | M: 77.5649 | Path: Statevector MPI-distributed (4 ranks)
WARNING: Energy -1.5414 below FCI -1.1373 — HWE ansatz may have left the physical particle-number sector
Iter 0290 | Energy: -1.541416 | Delta: 9.45e-04 | M: 60.0204 | Path: Statevector MPI-distributed (4 ranks)
[RESILIENCE] Iteration 290: Global theta state checkpointed at path checkpoints/checkpoint_iter_0290.npy. 
WARNING: Energy -1.5513 below FCI -1.1373 — HWE ansatz may have left the physical particle-number sector
Iter 0291 | Energy: -1.551259 | Delta: 9.84e-03 | M: 62.2882 | Path: Statevector MPI-distributed (4 ranks)
WARNING: Energy -1.5453 below FCI -1.1373 — HWE ansatz may have left the physical particle-number sector
Iter 0292 | Energy: -1.545269 | Delta: 5.99e-03 | M: 45.1651 | Path: Statevector MPI-distributed (4 ranks)
WARNING: Energy -1.5556 below FCI -1.1373 — HWE ansatz may have left the physical particle-number sector
Iter 0293 | Energy: -1.555625 | Delta: 1.04e-02 | M: 74.7254 | Path: Statevector MPI-distributed (4 ranks)
WARNING: Energy -1.5578 below FCI -1.1373 — HWE ansatz may have left the physical particle-number sector
Iter 0294 | Energy: -1.557796 | Delta: 2.17e-03 | M: 74.2101 | Path: Statevector MPI-distributed (4 ranks)
WARNING: Energy -1.5516 below FCI -1.1373 — HWE ansatz may have left the physical particle-number sector
Iter 0295 | Energy: -1.551581 | Delta: 6.21e-03 | M: 54.1766 | Path: Statevector MPI-distributed (4 ranks)
[RESILIENCE] Iteration 295: Global theta state checkpointed at path checkpoints/checkpoint_iter_0295.npy. 
WARNING: Energy -1.5556 below FCI -1.1373 — HWE ansatz may have left the physical particle-number sector
Iter 0296 | Energy: -1.555563 | Delta: 3.98e-03 | M: 65.5113 | Path: Statevector MPI-distributed (4 ranks)
WARNING: Energy -1.5577 below FCI -1.1373 — HWE ansatz may have left the physical particle-number sector
Iter 0297 | Energy: -1.557710 | Delta: 2.15e-03 | M: 67.8713 | Path: Statevector MPI-distributed (4 ranks)
WARNING: Energy -1.5643 below FCI -1.1373 — HWE ansatz may have left the physical particle-number sector
Iter 0298 | Energy: -1.564283 | Delta: 6.57e-03 | M: 84.7041 | Path: Statevector MPI-distributed (4 ranks)
WARNING: Energy -1.5702 below FCI -1.1373 — HWE ansatz may have left the physical particle-number sector
Iter 0299 | Energy: -1.570183 | Delta: 5.90e-03 | M: 32.4443 | Path: Statevector MPI-distributed (4 ranks)
WARNING: Energy -1.5693 below FCI -1.1373 — HWE ansatz may have left the physical particle-number sector
Iter 0300 | Energy: -1.569318 | Delta: 8.65e-04 | M: 53.2603 | Path: Statevector MPI-distributed (4 ranks)
[RESILIENCE] Iteration 300: Global theta state checkpointed at path checkpoints/checkpoint_iter_0300.npy. 
WARNING: Energy -1.5642 below FCI -1.1373 — HWE ansatz may have left the physical particle-number sector
Iter 0301 | Energy: -1.564249 | Delta: 5.07e-03 | M: 20.5581 | Path: Statevector MPI-distributed (4 ranks)
WARNING: Energy -1.5653 below FCI -1.1373 — HWE ansatz may have left the physical particle-number sector
Iter 0302 | Energy: -1.565286 | Delta: 1.04e-03 | M: 17.8833 | Path: Statevector MPI-distributed (4 ranks)
WARNING: Energy -1.5651 below FCI -1.1373 — HWE ansatz may have left the physical particle-number sector
Iter 0303 | Energy: -1.565104 | Delta: 1.81e-04 | M: 25.0515 | Path: Statevector MPI-distributed (4 ranks)
WARNING: Energy -1.5573 below FCI -1.1373 — HWE ansatz may have left the physical particle-number sector
Iter 0304 | Energy: -1.557318 | Delta: 7.79e-03 | M: 41.5876 | Path: Statevector MPI-distributed (4 ranks)
WARNING: Energy -1.5587 below FCI -1.1373 — HWE ansatz may have left the physical particle-number sector
Iter 0305 | Energy: -1.558729 | Delta: 1.41e-03 | M: 18.3174 | Path: Statevector MPI-distributed (4 ranks)
[RESILIENCE] Iteration 305: Global theta state checkpointed at path checkpoints/checkpoint_iter_0305.npy. 
WARNING: Energy -1.5738 below FCI -1.1373 — HWE ansatz may have left the physical particle-number sector
Iter 0306 | Energy: -1.573832 | Delta: 1.51e-02 | M: 18.3380 | Path: Statevector MPI-distributed (4 ranks)
WARNING: Energy -1.5662 below FCI -1.1373 — HWE ansatz may have left the physical particle-number sector
Iter 0307 | Energy: -1.566174 | Delta: 7.66e-03 | M: 17.7101 | Path: Statevector MPI-distributed (4 ranks)
WARNING: Energy -1.5698 below FCI -1.1373 — HWE ansatz may have left the physical particle-number sector
Iter 0308 | Energy: -1.569767 | Delta: 3.59e-03 | M: 17.7315 | Path: Statevector MPI-distributed (4 ranks)
WARNING: Energy -1.5733 below FCI -1.1373 — HWE ansatz may have left the physical particle-number sector
Iter 0309 | Energy: -1.573308 | Delta: 3.54e-03 | M: 16.4563 | Path: Statevector MPI-distributed (4 ranks)
WARNING: Energy -1.5802 below FCI -1.1373 — HWE ansatz may have left the physical particle-number sector
Iter 0310 | Energy: -1.580169 | Delta: 6.86e-03 | M: 16.8648 | Path: Statevector MPI-distributed (4 ranks)
[RESILIENCE] Iteration 310: Global theta state checkpointed at path checkpoints/checkpoint_iter_0310.npy. 
WARNING: Energy -1.5817 below FCI -1.1373 — HWE ansatz may have left the physical particle-number sector
Iter 0311 | Energy: -1.581658 | Delta: 1.49e-03 | M: 9.0891 | Path: Statevector MPI-distributed (4 ranks)
WARNING: Energy -1.5765 below FCI -1.1373 — HWE ansatz may have left the physical particle-number sector
Iter 0312 | Energy: -1.576541 | Delta: 5.12e-03 | M: 16.6055 | Path: Statevector MPI-distributed (4 ranks)
WARNING: Energy -1.5817 below FCI -1.1373 — HWE ansatz may have left the physical particle-number sector
Iter 0313 | Energy: -1.581687 | Delta: 5.15e-03 | M: 17.3109 | Path: Statevector MPI-distributed (4 ranks)
WARNING: Energy -1.5884 below FCI -1.1373 — HWE ansatz may have left the physical particle-number sector
Iter 0314 | Energy: -1.588382 | Delta: 6.70e-03 | M: 17.4144 | Path: Statevector MPI-distributed (4 ranks)
WARNING: Energy -1.5855 below FCI -1.1373 — HWE ansatz may have left the physical particle-number sector
Iter 0315 | Energy: -1.585476 | Delta: 2.91e-03 | M: 18.3403 | Path: Statevector MPI-distributed (4 ranks)
[RESILIENCE] Iteration 315: Global theta state checkpointed at path checkpoints/checkpoint_iter_0315.npy. 
WARNING: Energy -1.5816 below FCI -1.1373 — HWE ansatz may have left the physical particle-number sector
Iter 0316 | Energy: -1.581583 | Delta: 3.89e-03 | M: 17.9000 | Path: Statevector MPI-distributed (4 ranks)
WARNING: Energy -1.5781 below FCI -1.1373 — HWE ansatz may have left the physical particle-number sector
Iter 0317 | Energy: -1.578111 | Delta: 3.47e-03 | M: 17.6709 | Path: Statevector MPI-distributed (4 ranks)
WARNING: Energy -1.5834 below FCI -1.1373 — HWE ansatz may have left the physical particle-number sector
Iter 0318 | Energy: -1.583410 | Delta: 5.30e-03 | M: 18.1053 | Path: Statevector MPI-distributed (4 ranks)
WARNING: Energy -1.5843 below FCI -1.1373 — HWE ansatz may have left the physical particle-number sector
Iter 0319 | Energy: -1.584314 | Delta: 9.04e-04 | M: 9.8140 | Path: Statevector MPI-distributed (4 ranks)
WARNING: Energy -1.5866 below FCI -1.1373 — HWE ansatz may have left the physical particle-number sector
Iter 0320 | Energy: -1.586601 | Delta: 2.29e-03 | M: 17.4730 | Path: Statevector MPI-distributed (4 ranks)
[RESILIENCE] Iteration 320: Global theta state checkpointed at path checkpoints/checkpoint_iter_0320.npy. 
WARNING: Energy -1.5915 below FCI -1.1373 — HWE ansatz may have left the physical particle-number sector
Iter 0321 | Energy: -1.591496 | Delta: 4.89e-03 | M: 146.5643 | Path: Statevector MPI-distributed (4 ranks)
WARNING: Energy -1.5843 below FCI -1.1373 — HWE ansatz may have left the physical particle-number sector
Iter 0322 | Energy: -1.584279 | Delta: 7.22e-03 | M: 153.9340 | Path: Statevector MPI-distributed (4 ranks)
WARNING: Energy -1.5924 below FCI -1.1373 — HWE ansatz may have left the physical particle-number sector
Iter 0323 | Energy: -1.592404 | Delta: 8.13e-03 | M: 149.9213 | Path: Statevector MPI-distributed (4 ranks)
WARNING: Energy -1.5896 below FCI -1.1373 — HWE ansatz may have left the physical particle-number sector
Iter 0324 | Energy: -1.589619 | Delta: 2.78e-03 | M: 112.0069 | Path: Statevector MPI-distributed (4 ranks)
WARNING: Energy -1.5937 below FCI -1.1373 — HWE ansatz may have left the physical particle-number sector
Iter 0325 | Energy: -1.593651 | Delta: 4.03e-03 | M: 165.7518 | Path: Statevector MPI-distributed (4 ranks)
[RESILIENCE] Iteration 325: Global theta state checkpointed at path checkpoints/checkpoint_iter_0325.npy. 
WARNING: Energy -1.5961 below FCI -1.1373 — HWE ansatz may have left the physical particle-number sector
Iter 0326 | Energy: -1.596102 | Delta: 2.45e-03 | M: 82.4982 | Path: Statevector MPI-distributed (4 ranks)
WARNING: Energy -1.5912 below FCI -1.1373 — HWE ansatz may have left the physical particle-number sector
Iter 0327 | Energy: -1.591199 | Delta: 4.90e-03 | M: 136.9863 | Path: Statevector MPI-distributed (4 ranks)
WARNING: Energy -1.5960 below FCI -1.1373 — HWE ansatz may have left the physical particle-number sector
Iter 0328 | Energy: -1.595955 | Delta: 4.76e-03 | M: 71.9187 | Path: Statevector MPI-distributed (4 ranks)
WARNING: Energy -1.6014 below FCI -1.1373 — HWE ansatz may have left the physical particle-number sector
Iter 0329 | Energy: -1.601365 | Delta: 5.41e-03 | M: 85.9855 | Path: Statevector MPI-distributed (4 ranks)
WARNING: Energy -1.6063 below FCI -1.1373 — HWE ansatz may have left the physical particle-number sector
Iter 0330 | Energy: -1.606345 | Delta: 4.98e-03 | M: 70.6982 | Path: Statevector MPI-distributed (4 ranks)
[RESILIENCE] Iteration 330: Global theta state checkpointed at path checkpoints/checkpoint_iter_0330.npy. 
WARNING: Energy -1.6072 below FCI -1.1373 — HWE ansatz may have left the physical particle-number sector
Iter 0331 | Energy: -1.607162 | Delta: 8.18e-04 | M: 106.3991 | Path: Statevector MPI-distributed (4 ranks)
WARNING: Energy -1.5983 below FCI -1.1373 — HWE ansatz may have left the physical particle-number sector
Iter 0332 | Energy: -1.598286 | Delta: 8.88e-03 | M: 120.5227 | Path: Statevector MPI-distributed (4 ranks)
WARNING: Energy -1.6082 below FCI -1.1373 — HWE ansatz may have left the physical particle-number sector
Iter 0333 | Energy: -1.608236 | Delta: 9.95e-03 | M: 141.1347 | Path: Statevector MPI-distributed (4 ranks)
WARNING: Energy -1.6110 below FCI -1.1373 — HWE ansatz may have left the physical particle-number sector
Iter 0334 | Energy: -1.610988 | Delta: 2.75e-03 | M: 130.1004 | Path: Statevector MPI-distributed (4 ranks)
WARNING: Energy -1.6153 below FCI -1.1373 — HWE ansatz may have left the physical particle-number sector
Iter 0335 | Energy: -1.615267 | Delta: 4.28e-03 | M: 122.3592 | Path: Statevector MPI-distributed (4 ranks)
[RESILIENCE] Iteration 335: Global theta state checkpointed at path checkpoints/checkpoint_iter_0335.npy. 
WARNING: Energy -1.6158 below FCI -1.1373 — HWE ansatz may have left the physical particle-number sector
Iter 0336 | Energy: -1.615791 | Delta: 5.24e-04 | M: 129.5558 | Path: Statevector MPI-distributed (4 ranks)
WARNING: Energy -1.6086 below FCI -1.1373 — HWE ansatz may have left the physical particle-number sector
Iter 0337 | Energy: -1.608570 | Delta: 7.22e-03 | M: 126.6815 | Path: Statevector MPI-distributed (4 ranks)
WARNING: Energy -1.6169 below FCI -1.1373 — HWE ansatz may have left the physical particle-number sector
Iter 0338 | Energy: -1.616921 | Delta: 8.35e-03 | M: 111.4953 | Path: Statevector MPI-distributed (4 ranks)
WARNING: Energy -1.6175 below FCI -1.1373 — HWE ansatz may have left the physical particle-number sector
Iter 0339 | Energy: -1.617462 | Delta: 5.40e-04 | M: 117.1676 | Path: Statevector MPI-distributed (4 ranks)
WARNING: Energy -1.6069 below FCI -1.1373 — HWE ansatz may have left the physical particle-number sector
Iter 0340 | Energy: -1.606872 | Delta: 1.06e-02 | M: 94.6244 | Path: Statevector MPI-distributed (4 ranks)
[RESILIENCE] Iteration 340: Global theta state checkpointed at path checkpoints/checkpoint_iter_0340.npy. 
WARNING: Energy -1.6199 below FCI -1.1373 — HWE ansatz may have left the physical particle-number sector
Iter 0341 | Energy: -1.619925 | Delta: 1.31e-02 | M: 66.3342 | Path: Statevector MPI-distributed (4 ranks)
WARNING: Energy -1.6254 below FCI -1.1373 — HWE ansatz may have left the physical particle-number sector
Iter 0342 | Energy: -1.625372 | Delta: 5.45e-03 | M: 60.3584 | Path: Statevector MPI-distributed (4 ranks)
WARNING: Energy -1.6202 below FCI -1.1373 — HWE ansatz may have left the physical particle-number sector
Iter 0343 | Energy: -1.620159 | Delta: 5.21e-03 | M: 77.0309 | Path: Statevector MPI-distributed (4 ranks)
WARNING: Energy -1.6409 below FCI -1.1373 — HWE ansatz may have left the physical particle-number sector
Iter 0344 | Energy: -1.640926 | Delta: 2.08e-02 | M: 80.5120 | Path: Statevector MPI-distributed (4 ranks)
WARNING: Energy -1.6396 below FCI -1.1373 — HWE ansatz may have left the physical particle-number sector
Iter 0345 | Energy: -1.639640 | Delta: 1.29e-03 | M: 8.4376 | Path: Statevector MPI-distributed (4 ranks)
[RESILIENCE] Iteration 345: Global theta state checkpointed at path checkpoints/checkpoint_iter_0345.npy. 
WARNING: Energy -1.6415 below FCI -1.1373 — HWE ansatz may have left the physical particle-number sector
Iter 0346 | Energy: -1.641493 | Delta: 1.85e-03 | M: 116.2213 | Path: Statevector MPI-distributed (4 ranks)
WARNING: Energy -1.6434 below FCI -1.1373 — HWE ansatz may have left the physical particle-number sector
Iter 0347 | Energy: -1.643408 | Delta: 1.92e-03 | M: 158.7246 | Path: Statevector MPI-distributed (4 ranks)
WARNING: Energy -1.6438 below FCI -1.1373 — HWE ansatz may have left the physical particle-number sector
Iter 0348 | Energy: -1.643811 | Delta: 4.03e-04 | M: 127.3387 | Path: Statevector MPI-distributed (4 ranks)
WARNING: Energy -1.6359 below FCI -1.1373 — HWE ansatz may have left the physical particle-number sector
Iter 0349 | Energy: -1.635876 | Delta: 7.94e-03 | M: 105.8215 | Path: Statevector MPI-distributed (4 ranks)
WARNING: Energy -1.6376 below FCI -1.1373 — HWE ansatz may have left the physical particle-number sector
Iter 0350 | Energy: -1.637555 | Delta: 1.68e-03 | M: 138.9725 | Path: Statevector MPI-distributed (4 ranks)
[RESILIENCE] Iteration 350: Global theta state checkpointed at path checkpoints/checkpoint_iter_0350.npy. 
WARNING: Energy -1.6480 below FCI -1.1373 — HWE ansatz may have left the physical particle-number sector
Iter 0351 | Energy: -1.647982 | Delta: 1.04e-02 | M: 9.0942 | Path: Statevector MPI-distributed (4 ranks)
WARNING: Energy -1.6439 below FCI -1.1373 — HWE ansatz may have left the physical particle-number sector
Iter 0352 | Energy: -1.643877 | Delta: 4.11e-03 | M: 52.7274 | Path: Statevector MPI-distributed (4 ranks)
WARNING: Energy -1.6442 below FCI -1.1373 — HWE ansatz may have left the physical particle-number sector
Iter 0353 | Energy: -1.644216 | Delta: 3.40e-04 | M: 60.9071 | Path: Statevector MPI-distributed (4 ranks)
WARNING: Energy -1.6365 below FCI -1.1373 — HWE ansatz may have left the physical particle-number sector
Iter 0354 | Energy: -1.636531 | Delta: 7.69e-03 | M: 16.4727 | Path: Statevector MPI-distributed (4 ranks)
WARNING: Energy -1.6434 below FCI -1.1373 — HWE ansatz may have left the physical particle-number sector
Iter 0355 | Energy: -1.643379 | Delta: 6.85e-03 | M: 144.4300 | Path: Statevector MPI-distributed (4 ranks)
[RESILIENCE] Iteration 355: Global theta state checkpointed at path checkpoints/checkpoint_iter_0355.npy. 
WARNING: Energy -1.6567 below FCI -1.1373 — HWE ansatz may have left the physical particle-number sector
Iter 0356 | Energy: -1.656718 | Delta: 1.33e-02 | M: 97.9450 | Path: Statevector MPI-distributed (4 ranks)
WARNING: Energy -1.6575 below FCI -1.1373 — HWE ansatz may have left the physical particle-number sector
Iter 0357 | Energy: -1.657464 | Delta: 7.46e-04 | M: 18.5807 | Path: Statevector MPI-distributed (4 ranks)
WARNING: Energy -1.6516 below FCI -1.1373 — HWE ansatz may have left the physical particle-number sector
Iter 0358 | Energy: -1.651578 | Delta: 5.89e-03 | M: 18.5105 | Path: Statevector MPI-distributed (4 ranks)
WARNING: Energy -1.6620 below FCI -1.1373 — HWE ansatz may have left the physical particle-number sector
Iter 0359 | Energy: -1.661963 | Delta: 1.04e-02 | M: 17.8969 | Path: Statevector MPI-distributed (4 ranks)
WARNING: Energy -1.6670 below FCI -1.1373 — HWE ansatz may have left the physical particle-number sector
Iter 0360 | Energy: -1.666951 | Delta: 4.99e-03 | M: 18.2540 | Path: Statevector MPI-distributed (4 ranks)
[RESILIENCE] Iteration 360: Global theta state checkpointed at path checkpoints/checkpoint_iter_0360.npy. 
WARNING: Energy -1.6712 below FCI -1.1373 — HWE ansatz may have left the physical particle-number sector
Iter 0361 | Energy: -1.671178 | Delta: 4.23e-03 | M: 172.1753 | Path: Statevector MPI-distributed (4 ranks)
WARNING: Energy -1.6688 below FCI -1.1373 — HWE ansatz may have left the physical particle-number sector
Iter 0362 | Energy: -1.668841 | Delta: 2.34e-03 | M: 78.7345 | Path: Statevector MPI-distributed (4 ranks)
WARNING: Energy -1.6657 below FCI -1.1373 — HWE ansatz may have left the physical particle-number sector
Iter 0363 | Energy: -1.665678 | Delta: 3.16e-03 | M: 67.6478 | Path: Statevector MPI-distributed (4 ranks)
WARNING: Energy -1.6719 below FCI -1.1373 — HWE ansatz may have left the physical particle-number sector
Iter 0364 | Energy: -1.671879 | Delta: 6.20e-03 | M: 81.4445 | Path: Statevector MPI-distributed (4 ranks)
WARNING: Energy -1.6685 below FCI -1.1373 — HWE ansatz may have left the physical particle-number sector
Iter 0365 | Energy: -1.668452 | Delta: 3.43e-03 | M: 74.2414 | Path: Statevector MPI-distributed (4 ranks)
[RESILIENCE] Iteration 365: Global theta state checkpointed at path checkpoints/checkpoint_iter_0365.npy. 
WARNING: Energy -1.6779 below FCI -1.1373 — HWE ansatz may have left the physical particle-number sector
Iter 0366 | Energy: -1.677912 | Delta: 9.46e-03 | M: 95.1186 | Path: Statevector MPI-distributed (4 ranks)
WARNING: Energy -1.6761 below FCI -1.1373 — HWE ansatz may have left the physical particle-number sector
Iter 0367 | Energy: -1.676070 | Delta: 1.84e-03 | M: 6.7241 | Path: Statevector MPI-distributed (4 ranks)
WARNING: Energy -1.6790 below FCI -1.1373 — HWE ansatz may have left the physical particle-number sector
Iter 0368 | Energy: -1.679048 | Delta: 2.98e-03 | M: 9.3340 | Path: Statevector MPI-distributed (4 ranks)
WARNING: Energy -1.6729 below FCI -1.1373 — HWE ansatz may have left the physical particle-number sector
Iter 0369 | Energy: -1.672880 | Delta: 6.17e-03 | M: 170.1692 | Path: Statevector MPI-distributed (4 ranks)
WARNING: Energy -1.6708 below FCI -1.1373 — HWE ansatz may have left the physical particle-number sector
Iter 0370 | Energy: -1.670761 | Delta: 2.12e-03 | M: 10.6766 | Path: Statevector MPI-distributed (4 ranks)
[RESILIENCE] Iteration 370: Global theta state checkpointed at path checkpoints/checkpoint_iter_0370.npy. 
WARNING: Energy -1.6812 below FCI -1.1373 — HWE ansatz may have left the physical particle-number sector
Iter 0371 | Energy: -1.681173 | Delta: 1.04e-02 | M: 58.2921 | Path: Statevector MPI-distributed (4 ranks)
WARNING: Energy -1.6822 below FCI -1.1373 — HWE ansatz may have left the physical particle-number sector
Iter 0372 | Energy: -1.682195 | Delta: 1.02e-03 | M: 74.3735 | Path: Statevector MPI-distributed (4 ranks)
WARNING: Energy -1.6870 below FCI -1.1373 — HWE ansatz may have left the physical particle-number sector
Iter 0373 | Energy: -1.687019 | Delta: 4.82e-03 | M: 161.8695 | Path: Statevector MPI-distributed (4 ranks)
WARNING: Energy -1.6828 below FCI -1.1373 — HWE ansatz may have left the physical particle-number sector
Iter 0374 | Energy: -1.682764 | Delta: 4.25e-03 | M: 80.3293 | Path: Statevector MPI-distributed (4 ranks)
WARNING: Energy -1.6828 below FCI -1.1373 — HWE ansatz may have left the physical particle-number sector
Iter 0375 | Energy: -1.682847 | Delta: 8.34e-05 | M: 75.0660 | Path: Statevector MPI-distributed (4 ranks)
[RESILIENCE] Iteration 375: Global theta state checkpointed at path checkpoints/checkpoint_iter_0375.npy. 
WARNING: Energy -1.6921 below FCI -1.1373 — HWE ansatz may have left the physical particle-number sector
Iter 0376 | Energy: -1.692139 | Delta: 9.29e-03 | M: 68.6902 | Path: Statevector MPI-distributed (4 ranks)
WARNING: Energy -1.6877 below FCI -1.1373 — HWE ansatz may have left the physical particle-number sector
Iter 0377 | Energy: -1.687662 | Delta: 4.48e-03 | M: 74.9059 | Path: Statevector MPI-distributed (4 ranks)
WARNING: Energy -1.6809 below FCI -1.1373 — HWE ansatz may have left the physical particle-number sector
Iter 0378 | Energy: -1.680882 | Delta: 6.78e-03 | M: 68.7366 | Path: Statevector MPI-distributed (4 ranks)
WARNING: Energy -1.6735 below FCI -1.1373 — HWE ansatz may have left the physical particle-number sector
Iter 0379 | Energy: -1.673530 | Delta: 7.35e-03 | M: 69.3368 | Path: Statevector MPI-distributed (4 ranks)
WARNING: Energy -1.6826 below FCI -1.1373 — HWE ansatz may have left the physical particle-number sector
Iter 0380 | Energy: -1.682621 | Delta: 9.09e-03 | M: 170.2047 | Path: Statevector MPI-distributed (4 ranks)
[RESILIENCE] Iteration 380: Global theta state checkpointed at path checkpoints/checkpoint_iter_0380.npy. 
WARNING: Energy -1.6900 below FCI -1.1373 — HWE ansatz may have left the physical particle-number sector
Iter 0381 | Energy: -1.690006 | Delta: 7.38e-03 | M: 18.3998 | Path: Statevector MPI-distributed (4 ranks)
WARNING: Energy -1.6863 below FCI -1.1373 — HWE ansatz may have left the physical particle-number sector
Iter 0382 | Energy: -1.686337 | Delta: 3.67e-03 | M: 18.4854 | Path: Statevector MPI-distributed (4 ranks)
WARNING: Energy -1.6824 below FCI -1.1373 — HWE ansatz may have left the physical particle-number sector
Iter 0383 | Energy: -1.682408 | Delta: 3.93e-03 | M: 18.1245 | Path: Statevector MPI-distributed (4 ranks)
WARNING: Energy -1.6915 below FCI -1.1373 — HWE ansatz may have left the physical particle-number sector
Iter 0384 | Energy: -1.691546 | Delta: 9.14e-03 | M: 18.4693 | Path: Statevector MPI-distributed (4 ranks)
WARNING: Energy -1.6914 below FCI -1.1373 — HWE ansatz may have left the physical particle-number sector
Iter 0385 | Energy: -1.691390 | Delta: 1.56e-04 | M: 18.1934 | Path: Statevector MPI-distributed (4 ranks)
[RESILIENCE] Iteration 385: Global theta state checkpointed at path checkpoints/checkpoint_iter_0385.npy. 
WARNING: Energy -1.6882 below FCI -1.1373 — HWE ansatz may have left the physical particle-number sector
Iter 0386 | Energy: -1.688249 | Delta: 3.14e-03 | M: 60.0397 | Path: Statevector MPI-distributed (4 ranks)
WARNING: Energy -1.6953 below FCI -1.1373 — HWE ansatz may have left the physical particle-number sector
Iter 0387 | Energy: -1.695251 | Delta: 7.00e-03 | M: 31.9996 | Path: Statevector MPI-distributed (4 ranks)
WARNING: Energy -1.7005 below FCI -1.1373 — HWE ansatz may have left the physical particle-number sector
Iter 0388 | Energy: -1.700491 | Delta: 5.24e-03 | M: 24.6190 | Path: Statevector MPI-distributed (4 ranks)
WARNING: Energy -1.6883 below FCI -1.1373 — HWE ansatz may have left the physical particle-number sector
Iter 0389 | Energy: -1.688305 | Delta: 1.22e-02 | M: 5.1205 | Path: Statevector MPI-distributed (4 ranks)
WARNING: Energy -1.6904 below FCI -1.1373 — HWE ansatz may have left the physical particle-number sector
Iter 0390 | Energy: -1.690391 | Delta: 2.09e-03 | M: 18.5786 | Path: Statevector MPI-distributed (4 ranks)
[RESILIENCE] Iteration 390: Global theta state checkpointed at path checkpoints/checkpoint_iter_0390.npy. 
WARNING: Energy -1.6978 below FCI -1.1373 — HWE ansatz may have left the physical particle-number sector
Iter 0391 | Energy: -1.697767 | Delta: 7.38e-03 | M: 163.8291 | Path: Statevector MPI-distributed (4 ranks)
WARNING: Energy -1.6954 below FCI -1.1373 — HWE ansatz may have left the physical particle-number sector
Iter 0392 | Energy: -1.695433 | Delta: 2.33e-03 | M: 3.8766 | Path: Statevector MPI-distributed (4 ranks)
WARNING: Energy -1.6873 below FCI -1.1373 — HWE ansatz may have left the physical particle-number sector
Iter 0393 | Energy: -1.687268 | Delta: 8.16e-03 | M: 15.1380 | Path: Statevector MPI-distributed (4 ranks)
WARNING: Energy -1.6983 below FCI -1.1373 — HWE ansatz may have left the physical particle-number sector
Iter 0394 | Energy: -1.698258 | Delta: 1.10e-02 | M: 153.5069 | Path: Statevector MPI-distributed (4 ranks)
WARNING: Energy -1.6995 below FCI -1.1373 — HWE ansatz may have left the physical particle-number sector
Iter 0395 | Energy: -1.699504 | Delta: 1.25e-03 | M: 8.5534 | Path: Statevector MPI-distributed (4 ranks)
[RESILIENCE] Iteration 395: Global theta state checkpointed at path checkpoints/checkpoint_iter_0395.npy. 
WARNING: Energy -1.6903 below FCI -1.1373 — HWE ansatz may have left the physical particle-number sector
Iter 0396 | Energy: -1.690330 | Delta: 9.17e-03 | M: 18.9686 | Path: Statevector MPI-distributed (4 ranks)
WARNING: Energy -1.6886 below FCI -1.1373 — HWE ansatz may have left the physical particle-number sector
Iter 0397 | Energy: -1.688616 | Delta: 1.71e-03 | M: 31.3846 | Path: Statevector MPI-distributed (4 ranks)
WARNING: Energy -1.6958 below FCI -1.1373 — HWE ansatz may have left the physical particle-number sector
Iter 0398 | Energy: -1.695797 | Delta: 7.18e-03 | M: 12.2370 | Path: Statevector MPI-distributed (4 ranks)
WARNING: Energy -1.7001 below FCI -1.1373 — HWE ansatz may have left the physical particle-number sector
Iter 0399 | Energy: -1.700139 | Delta: 4.34e-03 | M: 20.5143 | Path: Statevector MPI-distributed (4 ranks)
WARNING: Energy -1.6980 below FCI -1.1373 — HWE ansatz may have left the physical particle-number sector
Iter 0400 | Energy: -1.697962 | Delta: 2.18e-03 | M: 117.2422 | Path: Statevector MPI-distributed (4 ranks)
[RESILIENCE] Iteration 400: Global theta state checkpointed at path checkpoints/checkpoint_iter_0400.npy. 
WARNING: Energy -1.6925 below FCI -1.1373 — HWE ansatz may have left the physical particle-number sector
Iter 0401 | Energy: -1.692466 | Delta: 5.50e-03 | M: 46.2317 | Path: Statevector MPI-distributed (4 ranks)
WARNING: Energy -1.6895 below FCI -1.1373 — HWE ansatz may have left the physical particle-number sector
Iter 0402 | Energy: -1.689490 | Delta: 2.98e-03 | M: 17.7899 | Path: Statevector MPI-distributed (4 ranks)
WARNING: Energy -1.7064 below FCI -1.1373 — HWE ansatz may have left the physical particle-number sector
Iter 0403 | Energy: -1.706391 | Delta: 1.69e-02 | M: 38.0624 | Path: Statevector MPI-distributed (4 ranks)
WARNING: Energy -1.7073 below FCI -1.1373 — HWE ansatz may have left the physical particle-number sector
Iter 0404 | Energy: -1.707302 | Delta: 9.11e-04 | M: 20.5314 | Path: Statevector MPI-distributed (4 ranks)
WARNING: Energy -1.7107 below FCI -1.1373 — HWE ansatz may have left the physical particle-number sector
Iter 0405 | Energy: -1.710699 | Delta: 3.40e-03 | M: 27.2137 | Path: Statevector MPI-distributed (4 ranks)
[RESILIENCE] Iteration 405: Global theta state checkpointed at path checkpoints/checkpoint_iter_0405.npy. 
WARNING: Energy -1.7051 below FCI -1.1373 — HWE ansatz may have left the physical particle-number sector
Iter 0406 | Energy: -1.705106 | Delta: 5.59e-03 | M: 98.8861 | Path: Statevector MPI-distributed (4 ranks)
WARNING: Energy -1.7126 below FCI -1.1373 — HWE ansatz may have left the physical particle-number sector
Iter 0407 | Energy: -1.712647 | Delta: 7.54e-03 | M: 110.5112 | Path: Statevector MPI-distributed (4 ranks)
WARNING: Energy -1.7189 below FCI -1.1373 — HWE ansatz may have left the physical particle-number sector
Iter 0408 | Energy: -1.718929 | Delta: 6.28e-03 | M: 74.4102 | Path: Statevector MPI-distributed (4 ranks)
WARNING: Energy -1.7128 below FCI -1.1373 — HWE ansatz may have left the physical particle-number sector
Iter 0409 | Energy: -1.712781 | Delta: 6.15e-03 | M: 125.1462 | Path: Statevector MPI-distributed (4 ranks)
WARNING: Energy -1.7157 below FCI -1.1373 — HWE ansatz may have left the physical particle-number sector
Iter 0410 | Energy: -1.715684 | Delta: 2.90e-03 | M: 147.0497 | Path: Statevector MPI-distributed (4 ranks)
[RESILIENCE] Iteration 410: Global theta state checkpointed at path checkpoints/checkpoint_iter_0410.npy. 
WARNING: Energy -1.7175 below FCI -1.1373 — HWE ansatz may have left the physical particle-number sector
Iter 0411 | Energy: -1.717487 | Delta: 1.80e-03 | M: 9.0184 | Path: Statevector MPI-distributed (4 ranks)
WARNING: Energy -1.7146 below FCI -1.1373 — HWE ansatz may have left the physical particle-number sector
Iter 0412 | Energy: -1.714555 | Delta: 2.93e-03 | M: 77.8124 | Path: Statevector MPI-distributed (4 ranks)
WARNING: Energy -1.7082 below FCI -1.1373 — HWE ansatz may have left the physical particle-number sector
Iter 0413 | Energy: -1.708209 | Delta: 6.35e-03 | M: 141.7977 | Path: Statevector MPI-distributed (4 ranks)
WARNING: Energy -1.7141 below FCI -1.1373 — HWE ansatz may have left the physical particle-number sector
Iter 0414 | Energy: -1.714085 | Delta: 5.88e-03 | M: 118.1720 | Path: Statevector MPI-distributed (4 ranks)
WARNING: Energy -1.7058 below FCI -1.1373 — HWE ansatz may have left the physical particle-number sector
Iter 0415 | Energy: -1.705777 | Delta: 8.31e-03 | M: 43.6677 | Path: Statevector MPI-distributed (4 ranks)
[RESILIENCE] Iteration 415: Global theta state checkpointed at path checkpoints/checkpoint_iter_0415.npy. 
WARNING: Energy -1.7092 below FCI -1.1373 — HWE ansatz may have left the physical particle-number sector
Iter 0416 | Energy: -1.709159 | Delta: 3.38e-03 | M: 17.4467 | Path: Statevector MPI-distributed (4 ranks)
WARNING: Energy -1.7155 below FCI -1.1373 — HWE ansatz may have left the physical particle-number sector
Iter 0417 | Energy: -1.715503 | Delta: 6.34e-03 | M: 8.7257 | Path: Statevector MPI-distributed (4 ranks)
WARNING: Energy -1.7233 below FCI -1.1373 — HWE ansatz may have left the physical particle-number sector
Iter 0418 | Energy: -1.723279 | Delta: 7.78e-03 | M: 14.5627 | Path: Statevector MPI-distributed (4 ranks)
WARNING: Energy -1.7081 below FCI -1.1373 — HWE ansatz may have left the physical particle-number sector
Iter 0419 | Energy: -1.708068 | Delta: 1.52e-02 | M: 41.9168 | Path: Statevector MPI-distributed (4 ranks)
WARNING: Energy -1.7159 below FCI -1.1373 — HWE ansatz may have left the physical particle-number sector
Iter 0420 | Energy: -1.715876 | Delta: 7.81e-03 | M: 129.0349 | Path: Statevector MPI-distributed (4 ranks)
[RESILIENCE] Iteration 420: Global theta state checkpointed at path checkpoints/checkpoint_iter_0420.npy. 
WARNING: Energy -1.7199 below FCI -1.1373 — HWE ansatz may have left the physical particle-number sector
Iter 0421 | Energy: -1.719860 | Delta: 3.98e-03 | M: 124.5453 | Path: Statevector MPI-distributed (4 ranks)
WARNING: Energy -1.7128 below FCI -1.1373 — HWE ansatz may have left the physical particle-number sector
Iter 0422 | Energy: -1.712809 | Delta: 7.05e-03 | M: 108.4680 | Path: Statevector MPI-distributed (4 ranks)
WARNING: Energy -1.7263 below FCI -1.1373 — HWE ansatz may have left the physical particle-number sector
Iter 0423 | Energy: -1.726262 | Delta: 1.35e-02 | M: 101.6100 | Path: Statevector MPI-distributed (4 ranks)
WARNING: Energy -1.7254 below FCI -1.1373 — HWE ansatz may have left the physical particle-number sector
Iter 0424 | Energy: -1.725353 | Delta: 9.08e-04 | M: 101.9543 | Path: Statevector MPI-distributed (4 ranks)
WARNING: Energy -1.7284 below FCI -1.1373 — HWE ansatz may have left the physical particle-number sector
Iter 0425 | Energy: -1.728433 | Delta: 3.08e-03 | M: 105.4745 | Path: Statevector MPI-distributed (4 ranks)
[RESILIENCE] Iteration 425: Global theta state checkpointed at path checkpoints/checkpoint_iter_0425.npy. 
WARNING: Energy -1.7297 below FCI -1.1373 — HWE ansatz may have left the physical particle-number sector
Iter 0426 | Energy: -1.729729 | Delta: 1.30e-03 | M: 18.2295 | Path: Statevector MPI-distributed (4 ranks)
WARNING: Energy -1.7216 below FCI -1.1373 — HWE ansatz may have left the physical particle-number sector
Iter 0427 | Energy: -1.721573 | Delta: 8.16e-03 | M: 18.3793 | Path: Statevector MPI-distributed (4 ranks)
WARNING: Energy -1.7227 below FCI -1.1373 — HWE ansatz may have left the physical particle-number sector
Iter 0428 | Energy: -1.722712 | Delta: 1.14e-03 | M: 18.2406 | Path: Statevector MPI-distributed (4 ranks)
WARNING: Energy -1.7275 below FCI -1.1373 — HWE ansatz may have left the physical particle-number sector
Iter 0429 | Energy: -1.727474 | Delta: 4.76e-03 | M: 18.1476 | Path: Statevector MPI-distributed (4 ranks)
WARNING: Energy -1.7355 below FCI -1.1373 — HWE ansatz may have left the physical particle-number sector
Iter 0430 | Energy: -1.735506 | Delta: 8.03e-03 | M: 18.1668 | Path: Statevector MPI-distributed (4 ranks)
[RESILIENCE] Iteration 430: Global theta state checkpointed at path checkpoints/checkpoint_iter_0430.npy. 
WARNING: Energy -1.7279 below FCI -1.1373 — HWE ansatz may have left the physical particle-number sector
Iter 0431 | Energy: -1.727876 | Delta: 7.63e-03 | M: 78.3678 | Path: Statevector MPI-distributed (4 ranks)
WARNING: Energy -1.7350 below FCI -1.1373 — HWE ansatz may have left the physical particle-number sector
Iter 0432 | Energy: -1.735008 | Delta: 7.13e-03 | M: 67.1044 | Path: Statevector MPI-distributed (4 ranks)
WARNING: Energy -1.7286 below FCI -1.1373 — HWE ansatz may have left the physical particle-number sector
Iter 0433 | Energy: -1.728640 | Delta: 6.37e-03 | M: 8.4618 | Path: Statevector MPI-distributed (4 ranks)
WARNING: Energy -1.7220 below FCI -1.1373 — HWE ansatz may have left the physical particle-number sector
Iter 0434 | Energy: -1.722043 | Delta: 6.60e-03 | M: 46.2204 | Path: Statevector MPI-distributed (4 ranks)
WARNING: Energy -1.7249 below FCI -1.1373 — HWE ansatz may have left the physical particle-number sector
Iter 0435 | Energy: -1.724882 | Delta: 2.84e-03 | M: 176.4755 | Path: Statevector MPI-distributed (4 ranks)
[RESILIENCE] Iteration 435: Global theta state checkpointed at path checkpoints/checkpoint_iter_0435.npy. 
WARNING: Energy -1.7291 below FCI -1.1373 — HWE ansatz may have left the physical particle-number sector
Iter 0436 | Energy: -1.729061 | Delta: 4.18e-03 | M: 5.8410 | Path: Statevector MPI-distributed (4 ranks)
WARNING: Energy -1.7324 below FCI -1.1373 — HWE ansatz may have left the physical particle-number sector
Iter 0437 | Energy: -1.732381 | Delta: 3.32e-03 | M: 112.8349 | Path: Statevector MPI-distributed (4 ranks)
WARNING: Energy -1.7349 below FCI -1.1373 — HWE ansatz may have left the physical particle-number sector
Iter 0438 | Energy: -1.734857 | Delta: 2.48e-03 | M: 133.4988 | Path: Statevector MPI-distributed (4 ranks)
WARNING: Energy -1.7317 below FCI -1.1373 — HWE ansatz may have left the physical particle-number sector
Iter 0439 | Energy: -1.731723 | Delta: 3.13e-03 | M: 6.2050 | Path: Statevector MPI-distributed (4 ranks)
WARNING: Energy -1.7394 below FCI -1.1373 — HWE ansatz may have left the physical particle-number sector
Iter 0440 | Energy: -1.739408 | Delta: 7.69e-03 | M: 12.2431 | Path: Statevector MPI-distributed (4 ranks)
[RESILIENCE] Iteration 440: Global theta state checkpointed at path checkpoints/checkpoint_iter_0440.npy. 
WARNING: Energy -1.7396 below FCI -1.1373 — HWE ansatz may have left the physical particle-number sector
Iter 0441 | Energy: -1.739552 | Delta: 1.44e-04 | M: 82.8480 | Path: Statevector MPI-distributed (4 ranks)
WARNING: Energy -1.7443 below FCI -1.1373 — HWE ansatz may have left the physical particle-number sector
Iter 0442 | Energy: -1.744259 | Delta: 4.71e-03 | M: 77.0301 | Path: Statevector MPI-distributed (4 ranks)
WARNING: Energy -1.7321 below FCI -1.1373 — HWE ansatz may have left the physical particle-number sector
Iter 0443 | Energy: -1.732067 | Delta: 1.22e-02 | M: 78.8132 | Path: Statevector MPI-distributed (4 ranks)
WARNING: Energy -1.7342 below FCI -1.1373 — HWE ansatz may have left the physical particle-number sector
Iter 0444 | Energy: -1.734158 | Delta: 2.09e-03 | M: 70.4177 | Path: Statevector MPI-distributed (4 ranks)
WARNING: Energy -1.7399 below FCI -1.1373 — HWE ansatz may have left the physical particle-number sector
Iter 0445 | Energy: -1.739903 | Delta: 5.74e-03 | M: 72.8370 | Path: Statevector MPI-distributed (4 ranks)
[RESILIENCE] Iteration 445: Global theta state checkpointed at path checkpoints/checkpoint_iter_0445.npy. 
WARNING: Energy -1.7372 below FCI -1.1373 — HWE ansatz may have left the physical particle-number sector
Iter 0446 | Energy: -1.737181 | Delta: 2.72e-03 | M: 66.6217 | Path: Statevector MPI-distributed (4 ranks)
WARNING: Energy -1.7365 below FCI -1.1373 — HWE ansatz may have left the physical particle-number sector
Iter 0447 | Energy: -1.736473 | Delta: 7.08e-04 | M: 67.7619 | Path: Statevector MPI-distributed (4 ranks)
WARNING: Energy -1.7345 below FCI -1.1373 — HWE ansatz may have left the physical particle-number sector
Iter 0448 | Energy: -1.734488 | Delta: 1.98e-03 | M: 74.3546 | Path: Statevector MPI-distributed (4 ranks)
WARNING: Energy -1.7419 below FCI -1.1373 — HWE ansatz may have left the physical particle-number sector
Iter 0449 | Energy: -1.741882 | Delta: 7.39e-03 | M: 73.8294 | Path: Statevector MPI-distributed (4 ranks)
WARNING: Energy -1.7241 below FCI -1.1373 — HWE ansatz may have left the physical particle-number sector
Iter 0450 | Energy: -1.724109 | Delta: 1.78e-02 | M: 74.5394 | Path: Statevector MPI-distributed (4 ranks)
[RESILIENCE] Iteration 450: Global theta state checkpointed at path checkpoints/checkpoint_iter_0450.npy. 
WARNING: Energy -1.7452 below FCI -1.1373 — HWE ansatz may have left the physical particle-number sector
Iter 0451 | Energy: -1.745166 | Delta: 2.11e-02 | M: 10.7349 | Path: Statevector MPI-distributed (4 ranks)
WARNING: Energy -1.7429 below FCI -1.1373 — HWE ansatz may have left the physical particle-number sector
Iter 0452 | Energy: -1.742860 | Delta: 2.31e-03 | M: 153.1366 | Path: Statevector MPI-distributed (4 ranks)
WARNING: Energy -1.7420 below FCI -1.1373 — HWE ansatz may have left the physical particle-number sector
Iter 0453 | Energy: -1.741956 | Delta: 9.04e-04 | M: 110.5172 | Path: Statevector MPI-distributed (4 ranks)
WARNING: Energy -1.7419 below FCI -1.1373 — HWE ansatz may have left the physical particle-number sector
Iter 0454 | Energy: -1.741922 | Delta: 3.41e-05 | M: 28.8408 | Path: Statevector MPI-distributed (4 ranks)
WARNING: Energy -1.7452 below FCI -1.1373 — HWE ansatz may have left the physical particle-number sector
Iter 0455 | Energy: -1.745239 | Delta: 3.32e-03 | M: 3.9133 | Path: Statevector MPI-distributed (4 ranks)
[RESILIENCE] Iteration 455: Global theta state checkpointed at path checkpoints/checkpoint_iter_0455.npy. 
WARNING: Energy -1.7475 below FCI -1.1373 — HWE ansatz may have left the physical particle-number sector
Iter 0456 | Energy: -1.747523 | Delta: 2.28e-03 | M: 32.0525 | Path: Statevector MPI-distributed (4 ranks)
WARNING: Energy -1.7415 below FCI -1.1373 — HWE ansatz may have left the physical particle-number sector
Iter 0457 | Energy: -1.741491 | Delta: 6.03e-03 | M: 126.8588 | Path: Statevector MPI-distributed (4 ranks)
WARNING: Energy -1.7428 below FCI -1.1373 — HWE ansatz may have left the physical particle-number sector
Iter 0458 | Energy: -1.742795 | Delta: 1.30e-03 | M: 6.7008 | Path: Statevector MPI-distributed (4 ranks)
WARNING: Energy -1.7448 below FCI -1.1373 — HWE ansatz may have left the physical particle-number sector
Iter 0459 | Energy: -1.744757 | Delta: 1.96e-03 | M: 175.4695 | Path: Statevector MPI-distributed (4 ranks)
WARNING: Energy -1.7431 below FCI -1.1373 — HWE ansatz may have left the physical particle-number sector
Iter 0460 | Energy: -1.743095 | Delta: 1.66e-03 | M: 31.9864 | Path: Statevector MPI-distributed (4 ranks)
[RESILIENCE] Iteration 460: Global theta state checkpointed at path checkpoints/checkpoint_iter_0460.npy. 
WARNING: Energy -1.7368 below FCI -1.1373 — HWE ansatz may have left the physical particle-number sector
Iter 0461 | Energy: -1.736776 | Delta: 6.32e-03 | M: 8.7770 | Path: Statevector MPI-distributed (4 ranks)
WARNING: Energy -1.7417 below FCI -1.1373 — HWE ansatz may have left the physical particle-number sector
Iter 0462 | Energy: -1.741719 | Delta: 4.94e-03 | M: 27.1151 | Path: Statevector MPI-distributed (4 ranks)
WARNING: Energy -1.7513 below FCI -1.1373 — HWE ansatz may have left the physical particle-number sector
Iter 0463 | Energy: -1.751311 | Delta: 9.59e-03 | M: 14.7402 | Path: Statevector MPI-distributed (4 ranks)
WARNING: Energy -1.7504 below FCI -1.1373 — HWE ansatz may have left the physical particle-number sector
Iter 0464 | Energy: -1.750422 | Delta: 8.88e-04 | M: 20.4956 | Path: Statevector MPI-distributed (4 ranks)
WARNING: Energy -1.7406 below FCI -1.1373 — HWE ansatz may have left the physical particle-number sector
Iter 0465 | Energy: -1.740605 | Delta: 9.82e-03 | M: 37.4997 | Path: Statevector MPI-distributed (4 ranks)
[RESILIENCE] Iteration 465: Global theta state checkpointed at path checkpoints/checkpoint_iter_0465.npy. 
WARNING: Energy -1.7285 below FCI -1.1373 — HWE ansatz may have left the physical particle-number sector
Iter 0466 | Energy: -1.728452 | Delta: 1.22e-02 | M: 70.6678 | Path: Statevector MPI-distributed (4 ranks)
WARNING: Energy -1.7484 below FCI -1.1373 — HWE ansatz may have left the physical particle-number sector
Iter 0467 | Energy: -1.748370 | Delta: 1.99e-02 | M: 73.5298 | Path: Statevector MPI-distributed (4 ranks)
WARNING: Energy -1.7423 below FCI -1.1373 — HWE ansatz may have left the physical particle-number sector
Iter 0468 | Energy: -1.742331 | Delta: 6.04e-03 | M: 71.5034 | Path: Statevector MPI-distributed (4 ranks)
WARNING: Energy -1.7387 below FCI -1.1373 — HWE ansatz may have left the physical particle-number sector
Iter 0469 | Energy: -1.738708 | Delta: 3.62e-03 | M: 10.7148 | Path: Statevector MPI-distributed (4 ranks)
WARNING: Energy -1.7375 below FCI -1.1373 — HWE ansatz may have left the physical particle-number sector
Iter 0470 | Energy: -1.737544 | Delta: 1.16e-03 | M: 64.2881 | Path: Statevector MPI-distributed (4 ranks)
[RESILIENCE] Iteration 470: Global theta state checkpointed at path checkpoints/checkpoint_iter_0470.npy. 
WARNING: Energy -1.7476 below FCI -1.1373 — HWE ansatz may have left the physical particle-number sector
Iter 0471 | Energy: -1.747575 | Delta: 1.00e-02 | M: 133.3766 | Path: Statevector MPI-distributed (4 ranks)
WARNING: Energy -1.7479 below FCI -1.1373 — HWE ansatz may have left the physical particle-number sector
Iter 0472 | Energy: -1.747895 | Delta: 3.20e-04 | M: 117.6225 | Path: Statevector MPI-distributed (4 ranks)
WARNING: Energy -1.7522 below FCI -1.1373 — HWE ansatz may have left the physical particle-number sector
Iter 0473 | Energy: -1.752155 | Delta: 4.26e-03 | M: 143.6893 | Path: Statevector MPI-distributed (4 ranks)
WARNING: Energy -1.7551 below FCI -1.1373 — HWE ansatz may have left the physical particle-number sector
Iter 0474 | Energy: -1.755121 | Delta: 2.97e-03 | M: 134.3559 | Path: Statevector MPI-distributed (4 ranks)
WARNING: Energy -1.7565 below FCI -1.1373 — HWE ansatz may have left the physical particle-number sector
Iter 0475 | Energy: -1.756477 | Delta: 1.36e-03 | M: 75.8779 | Path: Statevector MPI-distributed (4 ranks)
[RESILIENCE] Iteration 475: Global theta state checkpointed at path checkpoints/checkpoint_iter_0475.npy. 
WARNING: Energy -1.7577 below FCI -1.1373 — HWE ansatz may have left the physical particle-number sector
Iter 0476 | Energy: -1.757713 | Delta: 1.24e-03 | M: 143.0101 | Path: Statevector MPI-distributed (4 ranks)
WARNING: Energy -1.7528 below FCI -1.1373 — HWE ansatz may have left the physical particle-number sector
Iter 0477 | Energy: -1.752809 | Delta: 4.90e-03 | M: 104.8026 | Path: Statevector MPI-distributed (4 ranks)
WARNING: Energy -1.7561 below FCI -1.1373 — HWE ansatz may have left the physical particle-number sector
Iter 0478 | Energy: -1.756134 | Delta: 3.33e-03 | M: 146.2170 | Path: Statevector MPI-distributed (4 ranks)
WARNING: Energy -1.7554 below FCI -1.1373 — HWE ansatz may have left the physical particle-number sector
Iter 0479 | Energy: -1.755435 | Delta: 6.99e-04 | M: 100.4802 | Path: Statevector MPI-distributed (4 ranks)
WARNING: Energy -1.7551 below FCI -1.1373 — HWE ansatz may have left the physical particle-number sector
Iter 0480 | Energy: -1.755061 | Delta: 3.74e-04 | M: 121.9153 | Path: Statevector MPI-distributed (4 ranks)
[RESILIENCE] Iteration 480: Global theta state checkpointed at path checkpoints/checkpoint_iter_0480.npy. 
WARNING: Energy -1.7550 below FCI -1.1373 — HWE ansatz may have left the physical particle-number sector
Iter 0481 | Energy: -1.755035 | Delta: 2.60e-05 | M: 189.3813 | Path: Statevector MPI-distributed (4 ranks)
WARNING: Energy -1.7588 below FCI -1.1373 — HWE ansatz may have left the physical particle-number sector
Iter 0482 | Energy: -1.758768 | Delta: 3.73e-03 | M: 126.1882 | Path: Statevector MPI-distributed (4 ranks)
WARNING: Energy -1.7570 below FCI -1.1373 — HWE ansatz may have left the physical particle-number sector
Iter 0483 | Energy: -1.757043 | Delta: 1.72e-03 | M: 9.2177 | Path: Statevector MPI-distributed (4 ranks)
WARNING: Energy -1.7526 below FCI -1.1373 — HWE ansatz may have left the physical particle-number sector
Iter 0484 | Energy: -1.752614 | Delta: 4.43e-03 | M: 139.3611 | Path: Statevector MPI-distributed (4 ranks)
WARNING: Energy -1.7540 below FCI -1.1373 — HWE ansatz may have left the physical particle-number sector
Iter 0485 | Energy: -1.753965 | Delta: 1.35e-03 | M: 126.4081 | Path: Statevector MPI-distributed (4 ranks)
[RESILIENCE] Iteration 485: Global theta state checkpointed at path checkpoints/checkpoint_iter_0485.npy. 
WARNING: Energy -1.7436 below FCI -1.1373 — HWE ansatz may have left the physical particle-number sector
Iter 0486 | Energy: -1.743552 | Delta: 1.04e-02 | M: 18.3066 | Path: Statevector MPI-distributed (4 ranks)
WARNING: Energy -1.7561 below FCI -1.1373 — HWE ansatz may have left the physical particle-number sector
Iter 0487 | Energy: -1.756062 | Delta: 1.25e-02 | M: 18.2876 | Path: Statevector MPI-distributed (4 ranks)
WARNING: Energy -1.7617 below FCI -1.1373 — HWE ansatz may have left the physical particle-number sector
Iter 0488 | Energy: -1.761731 | Delta: 5.67e-03 | M: 18.0932 | Path: Statevector MPI-distributed (4 ranks)
WARNING: Energy -1.7614 below FCI -1.1373 — HWE ansatz may have left the physical particle-number sector
Iter 0489 | Energy: -1.761429 | Delta: 3.01e-04 | M: 18.4633 | Path: Statevector MPI-distributed (4 ranks)
WARNING: Energy -1.7564 below FCI -1.1373 — HWE ansatz may have left the physical particle-number sector
Iter 0490 | Energy: -1.756371 | Delta: 5.06e-03 | M: 17.2211 | Path: Statevector MPI-distributed (4 ranks)
[RESILIENCE] Iteration 490: Global theta state checkpointed at path checkpoints/checkpoint_iter_0490.npy. 
WARNING: Energy -1.7566 below FCI -1.1373 — HWE ansatz may have left the physical particle-number sector
Iter 0491 | Energy: -1.756639 | Delta: 2.68e-04 | M: 16.4831 | Path: Statevector MPI-distributed (4 ranks)
WARNING: Energy -1.7602 below FCI -1.1373 — HWE ansatz may have left the physical particle-number sector
Iter 0492 | Energy: -1.760172 | Delta: 3.53e-03 | M: 18.7603 | Path: Statevector MPI-distributed (4 ranks)
WARNING: Energy -1.7490 below FCI -1.1373 — HWE ansatz may have left the physical particle-number sector
Iter 0493 | Energy: -1.749012 | Delta: 1.12e-02 | M: 33.6831 | Path: Statevector MPI-distributed (4 ranks)
WARNING: Energy -1.7616 below FCI -1.1373 — HWE ansatz may have left the physical particle-number sector
Iter 0494 | Energy: -1.761572 | Delta: 1.26e-02 | M: 23.8958 | Path: Statevector MPI-distributed (4 ranks)
WARNING: Energy -1.7644 below FCI -1.1373 — HWE ansatz may have left the physical particle-number sector
Iter 0495 | Energy: -1.764366 | Delta: 2.79e-03 | M: 10.1409 | Path: Statevector MPI-distributed (4 ranks)
[RESILIENCE] Iteration 495: Global theta state checkpointed at path checkpoints/checkpoint_iter_0495.npy. 
WARNING: Energy -1.7479 below FCI -1.1373 — HWE ansatz may have left the physical particle-number sector
Iter 0496 | Energy: -1.747926 | Delta: 1.64e-02 | M: 18.4297 | Path: Statevector MPI-distributed (4 ranks)
WARNING: Energy -1.7585 below FCI -1.1373 — HWE ansatz may have left the physical particle-number sector
Iter 0497 | Energy: -1.758460 | Delta: 1.05e-02 | M: 18.3019 | Path: Statevector MPI-distributed (4 ranks)
WARNING: Energy -1.7612 below FCI -1.1373 — HWE ansatz may have left the physical particle-number sector
Iter 0498 | Energy: -1.761192 | Delta: 2.73e-03 | M: 8.2815 | Path: Statevector MPI-distributed (4 ranks)
WARNING: Energy -1.7553 below FCI -1.1373 — HWE ansatz may have left the physical particle-number sector
Iter 0499 | Energy: -1.755325 | Delta: 5.87e-03 | M: 115.8233 | Path: Statevector MPI-distributed (4 ranks)
WARNING: Energy -1.7562 below FCI -1.1373 — HWE ansatz may have left the physical particle-number sector
Iter 0500 | Energy: -1.756227 | Delta: 9.02e-04 | M: 67.2085 | Path: Statevector MPI-distributed (4 ranks)
[Resolver] 'LiH' found in local registry 
[RESILIENCE] Iteration 500: Global theta state checkpointed at path checkpoints/checkpoint_iter_0500.npy. 

[H2] Ansatz tier:hwe_adaptive
[H2] Corr score: 0.342 
[H2] Final energy : -1.756227 Ha 
[H2] Reference FCI : -1.137284 Ha 
[H2] Absolute error: +0.6189 Ha  Ha 
[H2] Iterations run: 500
[H2] Wall time: 5.88s (includes QPU queue + RTT) 
[H2] Time/iter: 0.01 s 
[H2] Source: registry 
[H2] Active electrons: 2 
[H2] Estimated qubits: 4 


--- RUNNING CHEMISTRY TASK LiH ---
[Resolver] 'LiH' found in local registry 
[Resolver] 'LiH' found in local registry 
[Resolver] 'LiH' found in local registry 
[Chemistry:LiH] 631 Pauli terms, 12 qubits, 96 params,  reps=2. FCI reference: -7.8825 Ha 
[Ansatz] HWE (adaptive) (auto) | corr_score=0.502 | off_diag_ratio=0.007
[Reason] score=0.502 in [0.25, 0.55). Moderate correlation detected (off_diag_ratio=0.007, zz_frac=0.979). Adaptive HWE with full entanglement recommended.
[Chemistry:LiH] 631 Pauli terms, 12 qubits, 96 params,  reps=2. FCI reference: -7.8825 Ha 
[Ansatz] HWE (adaptive) (auto) | corr_score=0.502 | off_diag_ratio=0.007
[Reason] score=0.502 in [0.25, 0.55). Moderate correlation detected (off_diag_ratio=0.007, zz_frac=0.979). Adaptive HWE with full entanglement recommended.
[Chemistry:LiH] 631 Pauli terms, 12 qubits, 96 params,  reps=2. FCI reference: -7.8825 Ha 
[Ansatz] HWE (adaptive) (auto) | corr_score=0.502 | off_diag_ratio=0.007
[Reason] score=0.502 in [0.25, 0.55). Moderate correlation detected (off_diag_ratio=0.007, zz_frac=0.979). Adaptive HWE with full entanglement recommended.
[Chemistry:LiH] 631 Pauli terms, 12 qubits, 96 params,  reps=2. FCI reference: -7.8825 Ha 
[Ansatz] HWE (adaptive) (auto) | corr_score=0.502 | off_diag_ratio=0.007
[Reason] score=0.502 in [0.25, 0.55). Moderate correlation detected (off_diag_ratio=0.007, zz_frac=0.979). Adaptive HWE with full entanglement recommended.
Iter 0001 | Energy: -0.465470 | Delta: inf | M: 16.2339 | Path: Statevector MPI-distributed (4 ranks)
Iter 0002 | Energy: -0.431780 | Delta: 3.37e-02 | M: 77.1722 | Path: Statevector MPI-distributed (4 ranks)
Iter 0003 | Energy: -0.422370 | Delta: 9.41e-03 | M: 73.0392 | Path: Statevector MPI-distributed (4 ranks)
Iter 0004 | Energy: -0.404391 | Delta: 1.80e-02 | M: 684.4721 | Path: Statevector MPI-distributed (4 ranks)
Iter 0005 | Energy: -0.399561 | Delta: 4.83e-03 | M: 81.2587 | Path: Statevector MPI-distributed (4 ranks)
[RESILIENCE] Iteration 5: Global theta state checkpointed at path checkpoints/checkpoint_iter_0005.npy. 
Iter 0006 | Energy: -0.394225 | Delta: 5.34e-03 | M: 12.9962 | Path: Statevector MPI-distributed (4 ranks)
Iter 0007 | Energy: -0.405346 | Delta: 1.11e-02 | M: 97.3028 | Path: Statevector MPI-distributed (4 ranks)
Iter 0008 | Energy: -0.389187 | Delta: 1.62e-02 | M: 11.8034 | Path: Statevector MPI-distributed (4 ranks)
Iter 0009 | Energy: -0.442088 | Delta: 5.29e-02 | M: 28.4746 | Path: Statevector MPI-distributed (4 ranks)
Iter 0010 | Energy: -0.468958 | Delta: 2.69e-02 | M: 108.0993 | Path: Statevector MPI-distributed (4 ranks)
[RESILIENCE] Iteration 10: Global theta state checkpointed at path checkpoints/checkpoint_iter_0010.npy. 
Iter 0011 | Energy: -0.493993 | Delta: 2.50e-02 | M: 46.3073 | Path: Statevector MPI-distributed (4 ranks)
Iter 0012 | Energy: -0.507743 | Delta: 1.37e-02 | M: 422.2429 | Path: Statevector MPI-distributed (4 ranks)
Iter 0013 | Energy: -0.521365 | Delta: 1.36e-02 | M: 788.4645 | Path: Statevector MPI-distributed (4 ranks)
Iter 0014 | Energy: -0.815523 | Delta: 2.94e-01 | M: 43.9237 | Path: Statevector MPI-distributed (4 ranks)
Iter 0015 | Energy: -0.915760 | Delta: 1.00e-01 | M: 1532.2861 | Path: Statevector MPI-distributed (4 ranks)
[RESILIENCE] Iteration 15: Global theta state checkpointed at path checkpoints/checkpoint_iter_0015.npy. 
Iter 0016 | Energy: -1.009611 | Delta: 9.39e-02 | M: 601.7272 | Path: Statevector MPI-distributed (4 ranks)
Iter 0017 | Energy: -1.008080 | Delta: 1.53e-03 | M: 43.0141 | Path: Statevector MPI-distributed (4 ranks)
Iter 0018 | Energy: -0.997848 | Delta: 1.02e-02 | M: 249.1544 | Path: Statevector MPI-distributed (4 ranks)
Iter 0019 | Energy: -1.014801 | Delta: 1.70e-02 | M: 96.4568 | Path: Statevector MPI-distributed (4 ranks)
Iter 0020 | Energy: -1.062744 | Delta: 4.79e-02 | M: 49.0240 | Path: Statevector MPI-distributed (4 ranks)
[RESILIENCE] Iteration 20: Global theta state checkpointed at path checkpoints/checkpoint_iter_0020.npy. 
Iter 0021 | Energy: -1.205845 | Delta: 1.43e-01 | M: 1131.2542 | Path: Statevector MPI-distributed (4 ranks)
Iter 0022 | Energy: -1.216150 | Delta: 1.03e-02 | M: 34.4284 | Path: Statevector MPI-distributed (4 ranks)
Iter 0023 | Energy: -1.363389 | Delta: 1.47e-01 | M: 1430.8885 | Path: Statevector MPI-distributed (4 ranks)
Iter 0024 | Energy: -1.494993 | Delta: 1.32e-01 | M: 95.2281 | Path: Statevector MPI-distributed (4 ranks)
Iter 0025 | Energy: -1.517154 | Delta: 2.22e-02 | M: 1357.7347 | Path: Statevector MPI-distributed (4 ranks)
[RESILIENCE] Iteration 25: Global theta state checkpointed at path checkpoints/checkpoint_iter_0025.npy. 
Iter 0026 | Energy: -1.511733 | Delta: 5.42e-03 | M: 51.5171 | Path: Statevector MPI-distributed (4 ranks)
Iter 0027 | Energy: -1.861231 | Delta: 3.49e-01 | M: 48.1628 | Path: Statevector MPI-distributed (4 ranks)
Iter 0028 | Energy: -2.241513 | Delta: 3.80e-01 | M: 64.4416 | Path: Statevector MPI-distributed (4 ranks)
Iter 0029 | Energy: -2.351214 | Delta: 1.10e-01 | M: 89.8091 | Path: Statevector MPI-distributed (4 ranks)
Iter 0030 | Energy: -2.512942 | Delta: 1.62e-01 | M: 1203.0198 | Path: Statevector MPI-distributed (4 ranks)
[RESILIENCE] Iteration 30: Global theta state checkpointed at path checkpoints/checkpoint_iter_0030.npy. 
Iter 0031 | Energy: -2.517831 | Delta: 4.89e-03 | M: 87.1147 | Path: Statevector MPI-distributed (4 ranks)
Iter 0032 | Energy: -2.879300 | Delta: 3.61e-01 | M: 4.8787 | Path: Statevector MPI-distributed (4 ranks)
Iter 0033 | Energy: -3.119833 | Delta: 2.41e-01 | M: 70.5942 | Path: Statevector MPI-distributed (4 ranks)
Iter 0034 | Energy: -3.134827 | Delta: 1.50e-02 | M: 144.5064 | Path: Statevector MPI-distributed (4 ranks)
Iter 0035 | Energy: -3.155897 | Delta: 2.11e-02 | M: 1177.5157 | Path: Statevector MPI-distributed (4 ranks)
[RESILIENCE] Iteration 35: Global theta state checkpointed at path checkpoints/checkpoint_iter_0035.npy. 
Iter 0036 | Energy: -3.264897 | Delta: 1.09e-01 | M: 2114.6317 | Path: Statevector MPI-distributed (4 ranks)
Iter 0037 | Energy: -3.359291 | Delta: 9.44e-02 | M: 1230.0319 | Path: Statevector MPI-distributed (4 ranks)
Iter 0038 | Energy: -3.428493 | Delta: 6.92e-02 | M: 24.0164 | Path: Statevector MPI-distributed (4 ranks)
Iter 0039 | Energy: -3.447451 | Delta: 1.90e-02 | M: 93.0597 | Path: Statevector MPI-distributed (4 ranks)
Iter 0040 | Energy: -3.442388 | Delta: 5.06e-03 | M: 73.6134 | Path: Statevector MPI-distributed (4 ranks)
[RESILIENCE] Iteration 40: Global theta state checkpointed at path checkpoints/checkpoint_iter_0040.npy. 
Iter 0041 | Energy: -3.545904 | Delta: 1.04e-01 | M: 75.6025 | Path: Statevector MPI-distributed (4 ranks)
Iter 0042 | Energy: -3.544614 | Delta: 1.29e-03 | M: 188.2530 | Path: Statevector MPI-distributed (4 ranks)
Iter 0043 | Energy: -3.527905 | Delta: 1.67e-02 | M: 55.1165 | Path: Statevector MPI-distributed (4 ranks)
Iter 0044 | Energy: -3.559273 | Delta: 3.14e-02 | M: 26.4620 | Path: Statevector MPI-distributed (4 ranks)
Iter 0045 | Energy: -3.595615 | Delta: 3.63e-02 | M: 31.7516 | Path: Statevector MPI-distributed (4 ranks)
[RESILIENCE] Iteration 45: Global theta state checkpointed at path checkpoints/checkpoint_iter_0045.npy. 
Iter 0046 | Energy: -3.626401 | Delta: 3.08e-02 | M: 30.2433 | Path: Statevector MPI-distributed (4 ranks)
Iter 0047 | Energy: -3.620847 | Delta: 5.55e-03 | M: 46.3020 | Path: Statevector MPI-distributed (4 ranks)
Iter 0048 | Energy: -3.634358 | Delta: 1.35e-02 | M: 80.6126 | Path: Statevector MPI-distributed (4 ranks)
Iter 0049 | Energy: -3.641795 | Delta: 7.44e-03 | M: 474.1140 | Path: Statevector MPI-distributed (4 ranks)
Iter 0050 | Energy: -3.650240 | Delta: 8.45e-03 | M: 51.6987 | Path: Statevector MPI-distributed (4 ranks)
[RESILIENCE] Iteration 50: Global theta state checkpointed at path checkpoints/checkpoint_iter_0050.npy. 
Iter 0051 | Energy: -3.643280 | Delta: 6.96e-03 | M: 24.2609 | Path: Statevector MPI-distributed (4 ranks)
Iter 0052 | Energy: -3.660633 | Delta: 1.74e-02 | M: 1303.4153 | Path: Statevector MPI-distributed (4 ranks)
Iter 0053 | Energy: -3.775485 | Delta: 1.15e-01 | M: 72.9758 | Path: Statevector MPI-distributed (4 ranks)
Iter 0054 | Energy: -3.832194 | Delta: 5.67e-02 | M: 38.5846 | Path: Statevector MPI-distributed (4 ranks)
Iter 0055 | Energy: -3.862953 | Delta: 3.08e-02 | M: 54.6176 | Path: Statevector MPI-distributed (4 ranks)
[RESILIENCE] Iteration 55: Global theta state checkpointed at path checkpoints/checkpoint_iter_0055.npy. 
Iter 0056 | Energy: -3.895666 | Delta: 3.27e-02 | M: 34.4303 | Path: Statevector MPI-distributed (4 ranks)
Iter 0057 | Energy: -4.018117 | Delta: 1.22e-01 | M: 30.2016 | Path: Statevector MPI-distributed (4 ranks)
Iter 0058 | Energy: -4.108125 | Delta: 9.00e-02 | M: 32.6519 | Path: Statevector MPI-distributed (4 ranks)
Iter 0059 | Energy: -4.224839 | Delta: 1.17e-01 | M: 70.1710 | Path: Statevector MPI-distributed (4 ranks)
Iter 0060 | Energy: -4.208521 | Delta: 1.63e-02 | M: 41.0798 | Path: Statevector MPI-distributed (4 ranks)
[RESILIENCE] Iteration 60: Global theta state checkpointed at path checkpoints/checkpoint_iter_0060.npy. 
Iter 0061 | Energy: -4.522006 | Delta: 3.13e-01 | M: 23.0245 | Path: Statevector MPI-distributed (4 ranks)
Iter 0062 | Energy: -4.534822 | Delta: 1.28e-02 | M: 28.8097 | Path: Statevector MPI-distributed (4 ranks)
Iter 0063 | Energy: -4.525894 | Delta: 8.93e-03 | M: 17.4548 | Path: Statevector MPI-distributed (4 ranks)
Iter 0064 | Energy: -4.533194 | Delta: 7.30e-03 | M: 71.0958 | Path: Statevector MPI-distributed (4 ranks)
Iter 0065 | Energy: -4.573409 | Delta: 4.02e-02 | M: 4.4771 | Path: Statevector MPI-distributed (4 ranks)
[RESILIENCE] Iteration 65: Global theta state checkpointed at path checkpoints/checkpoint_iter_0065.npy. 
Iter 0066 | Energy: -4.564596 | Delta: 8.81e-03 | M: 1.2421 | Path: Statevector MPI-distributed (4 ranks)
Iter 0067 | Energy: -4.654430 | Delta: 8.98e-02 | M: 2.0061 | Path: Statevector MPI-distributed (4 ranks)
Iter 0068 | Energy: -4.812886 | Delta: 1.58e-01 | M: 57.2734 | Path: Statevector MPI-distributed (4 ranks)
Iter 0069 | Energy: -4.848833 | Delta: 3.59e-02 | M: 48.8487 | Path: Statevector MPI-distributed (4 ranks)
Iter 0070 | Energy: -4.840646 | Delta: 8.19e-03 | M: 65.0127 | Path: Statevector MPI-distributed (4 ranks)
[RESILIENCE] Iteration 70: Global theta state checkpointed at path checkpoints/checkpoint_iter_0070.npy. 
Iter 0071 | Energy: -4.965101 | Delta: 1.24e-01 | M: 42.6311 | Path: Statevector MPI-distributed (4 ranks)
Iter 0072 | Energy: -4.990317 | Delta: 2.52e-02 | M: 55.4464 | Path: Statevector MPI-distributed (4 ranks)
Iter 0073 | Energy: -4.985502 | Delta: 4.81e-03 | M: 35.8034 | Path: Statevector MPI-distributed (4 ranks)
Iter 0074 | Energy: -5.002334 | Delta: 1.68e-02 | M: 54.7668 | Path: Statevector MPI-distributed (4 ranks)
Iter 0075 | Energy: -5.015030 | Delta: 1.27e-02 | M: 238.8688 | Path: Statevector MPI-distributed (4 ranks)
[RESILIENCE] Iteration 75: Global theta state checkpointed at path checkpoints/checkpoint_iter_0075.npy. 
Iter 0076 | Energy: -5.044879 | Delta: 2.98e-02 | M: 74.1844 | Path: Statevector MPI-distributed (4 ranks)
Iter 0077 | Energy: -5.072405 | Delta: 2.75e-02 | M: 156.5174 | Path: Statevector MPI-distributed (4 ranks)
Iter 0078 | Energy: -5.068797 | Delta: 3.61e-03 | M: 994.7178 | Path: Statevector MPI-distributed (4 ranks)
Iter 0079 | Energy: -5.056043 | Delta: 1.28e-02 | M: 32.3230 | Path: Statevector MPI-distributed (4 ranks)
Iter 0080 | Energy: -5.162589 | Delta: 1.07e-01 | M: 68.3426 | Path: Statevector MPI-distributed (4 ranks)
[RESILIENCE] Iteration 80: Global theta state checkpointed at path checkpoints/checkpoint_iter_0080.npy. 
Iter 0081 | Energy: -5.189143 | Delta: 2.66e-02 | M: 82.5875 | Path: Statevector MPI-distributed (4 ranks)
Iter 0082 | Energy: -5.195958 | Delta: 6.81e-03 | M: 57.3294 | Path: Statevector MPI-distributed (4 ranks)
Iter 0083 | Energy: -5.203139 | Delta: 7.18e-03 | M: 103.4228 | Path: Statevector MPI-distributed (4 ranks)
Iter 0084 | Energy: -5.226804 | Delta: 2.37e-02 | M: 182.5405 | Path: Statevector MPI-distributed (4 ranks)
Iter 0085 | Energy: -5.225488 | Delta: 1.32e-03 | M: 36.4228 | Path: Statevector MPI-distributed (4 ranks)
[RESILIENCE] Iteration 85: Global theta state checkpointed at path checkpoints/checkpoint_iter_0085.npy. 
Iter 0086 | Energy: -5.240014 | Delta: 1.45e-02 | M: 79.7999 | Path: Statevector MPI-distributed (4 ranks)
Iter 0087 | Energy: -5.246465 | Delta: 6.45e-03 | M: 1293.8636 | Path: Statevector MPI-distributed (4 ranks)
Iter 0088 | Energy: -5.239172 | Delta: 7.29e-03 | M: 59.2911 | Path: Statevector MPI-distributed (4 ranks)
Iter 0089 | Energy: -5.241907 | Delta: 2.74e-03 | M: 51.9667 | Path: Statevector MPI-distributed (4 ranks)
Iter 0090 | Energy: -5.295505 | Delta: 5.36e-02 | M: 67.6578 | Path: Statevector MPI-distributed (4 ranks)
[RESILIENCE] Iteration 90: Global theta state checkpointed at path checkpoints/checkpoint_iter_0090.npy. 
Iter 0091 | Energy: -5.311796 | Delta: 1.63e-02 | M: 97.0955 | Path: Statevector MPI-distributed (4 ranks)
Iter 0092 | Energy: -5.343231 | Delta: 3.14e-02 | M: 127.7725 | Path: Statevector MPI-distributed (4 ranks)
Iter 0093 | Energy: -5.365425 | Delta: 2.22e-02 | M: 45.6355 | Path: Statevector MPI-distributed (4 ranks)
Iter 0094 | Energy: -5.369295 | Delta: 3.87e-03 | M: 129.5300 | Path: Statevector MPI-distributed (4 ranks)
Iter 0095 | Energy: -5.375321 | Delta: 6.03e-03 | M: 53.6813 | Path: Statevector MPI-distributed (4 ranks)
[RESILIENCE] Iteration 95: Global theta state checkpointed at path checkpoints/checkpoint_iter_0095.npy. 
Iter 0096 | Energy: -5.378848 | Delta: 3.53e-03 | M: 35.7887 | Path: Statevector MPI-distributed (4 ranks)
Iter 0097 | Energy: -5.388600 | Delta: 9.75e-03 | M: 65.4115 | Path: Statevector MPI-distributed (4 ranks)
Iter 0098 | Energy: -5.396548 | Delta: 7.95e-03 | M: 55.2505 | Path: Statevector MPI-distributed (4 ranks)
Iter 0099 | Energy: -5.387770 | Delta: 8.78e-03 | M: 25.4099 | Path: Statevector MPI-distributed (4 ranks)
Iter 0100 | Energy: -5.409647 | Delta: 2.19e-02 | M: 241.6261 | Path: Statevector MPI-distributed (4 ranks)
[RESILIENCE] Iteration 100: Global theta state checkpointed at path checkpoints/checkpoint_iter_0100.npy. 
Iter 0101 | Energy: -5.425841 | Delta: 1.62e-02 | M: 40.6829 | Path: Statevector MPI-distributed (4 ranks)
Iter 0102 | Energy: -5.401419 | Delta: 2.44e-02 | M: 41.4647 | Path: Statevector MPI-distributed (4 ranks)
Iter 0103 | Energy: -5.468746 | Delta: 6.73e-02 | M: 44.6245 | Path: Statevector MPI-distributed (4 ranks)
Iter 0104 | Energy: -5.482464 | Delta: 1.37e-02 | M: 124.1616 | Path: Statevector MPI-distributed (4 ranks)
Iter 0105 | Energy: -5.494607 | Delta: 1.21e-02 | M: 66.6658 | Path: Statevector MPI-distributed (4 ranks)
[RESILIENCE] Iteration 105: Global theta state checkpointed at path checkpoints/checkpoint_iter_0105.npy. 
Iter 0106 | Energy: -5.500254 | Delta: 5.65e-03 | M: 80.4942 | Path: Statevector MPI-distributed (4 ranks)
Iter 0107 | Energy: -5.516630 | Delta: 1.64e-02 | M: 40.1364 | Path: Statevector MPI-distributed (4 ranks)
Iter 0108 | Energy: -5.510873 | Delta: 5.76e-03 | M: 92.4272 | Path: Statevector MPI-distributed (4 ranks)
Iter 0109 | Energy: -5.559875 | Delta: 4.90e-02 | M: 48.7771 | Path: Statevector MPI-distributed (4 ranks)
Iter 0110 | Energy: -5.605815 | Delta: 4.59e-02 | M: 54.3745 | Path: Statevector MPI-distributed (4 ranks)
[RESILIENCE] Iteration 110: Global theta state checkpointed at path checkpoints/checkpoint_iter_0110.npy. 
Iter 0111 | Energy: -5.618113 | Delta: 1.23e-02 | M: 38.6159 | Path: Statevector MPI-distributed (4 ranks)
Iter 0112 | Energy: -5.646047 | Delta: 2.79e-02 | M: 62.2123 | Path: Statevector MPI-distributed (4 ranks)
Iter 0113 | Energy: -5.635112 | Delta: 1.09e-02 | M: 2.8316 | Path: Statevector MPI-distributed (4 ranks)
Iter 0114 | Energy: -5.638754 | Delta: 3.64e-03 | M: 13.1522 | Path: Statevector MPI-distributed (4 ranks)
Iter 0115 | Energy: -5.652464 | Delta: 1.37e-02 | M: 28.3195 | Path: Statevector MPI-distributed (4 ranks)
[RESILIENCE] Iteration 115: Global theta state checkpointed at path checkpoints/checkpoint_iter_0115.npy. 
Iter 0116 | Energy: -5.639076 | Delta: 1.34e-02 | M: 10.9824 | Path: Statevector MPI-distributed (4 ranks)
Iter 0117 | Energy: -5.656318 | Delta: 1.72e-02 | M: 70.7430 | Path: Statevector MPI-distributed (4 ranks)
Iter 0118 | Energy: -5.672909 | Delta: 1.66e-02 | M: 67.7998 | Path: Statevector MPI-distributed (4 ranks)
Iter 0119 | Energy: -5.668440 | Delta: 4.47e-03 | M: 39.4049 | Path: Statevector MPI-distributed (4 ranks)
Iter 0120 | Energy: -5.676445 | Delta: 8.01e-03 | M: 25.7925 | Path: Statevector MPI-distributed (4 ranks)
[RESILIENCE] Iteration 120: Global theta state checkpointed at path checkpoints/checkpoint_iter_0120.npy. 
Iter 0121 | Energy: -5.702737 | Delta: 2.63e-02 | M: 38.5187 | Path: Statevector MPI-distributed (4 ranks)
Iter 0122 | Energy: -5.700847 | Delta: 1.89e-03 | M: 3.0139 | Path: Statevector MPI-distributed (4 ranks)
Iter 0123 | Energy: -5.712068 | Delta: 1.12e-02 | M: 8.3562 | Path: Statevector MPI-distributed (4 ranks)
Iter 0124 | Energy: -5.709222 | Delta: 2.85e-03 | M: 30.6316 | Path: Statevector MPI-distributed (4 ranks)
Iter 0125 | Energy: -5.716061 | Delta: 6.84e-03 | M: 62.5905 | Path: Statevector MPI-distributed (4 ranks)
[RESILIENCE] Iteration 125: Global theta state checkpointed at path checkpoints/checkpoint_iter_0125.npy. 
Iter 0126 | Energy: -5.729056 | Delta: 1.30e-02 | M: 52.9891 | Path: Statevector MPI-distributed (4 ranks)
Iter 0127 | Energy: -5.743640 | Delta: 1.46e-02 | M: 45.4465 | Path: Statevector MPI-distributed (4 ranks)
Iter 0128 | Energy: -5.748358 | Delta: 4.72e-03 | M: 104.4324 | Path: Statevector MPI-distributed (4 ranks)
Iter 0129 | Energy: -5.736688 | Delta: 1.17e-02 | M: 32.1543 | Path: Statevector MPI-distributed (4 ranks)
Iter 0130 | Energy: -5.742968 | Delta: 6.28e-03 | M: 94.2606 | Path: Statevector MPI-distributed (4 ranks)
[RESILIENCE] Iteration 130: Global theta state checkpointed at path checkpoints/checkpoint_iter_0130.npy. 
Iter 0131 | Energy: -5.754484 | Delta: 1.15e-02 | M: 45.0344 | Path: Statevector MPI-distributed (4 ranks)
Iter 0132 | Energy: -5.772401 | Delta: 1.79e-02 | M: 301.6774 | Path: Statevector MPI-distributed (4 ranks)
Iter 0133 | Energy: -5.772299 | Delta: 1.01e-04 | M: 55.0009 | Path: Statevector MPI-distributed (4 ranks)
Iter 0134 | Energy: -5.789113 | Delta: 1.68e-02 | M: 4.1116 | Path: Statevector MPI-distributed (4 ranks)
Iter 0135 | Energy: -5.822023 | Delta: 3.29e-02 | M: 1.9860 | Path: Statevector MPI-distributed (4 ranks)
[RESILIENCE] Iteration 135: Global theta state checkpointed at path checkpoints/checkpoint_iter_0135.npy. 
Iter 0136 | Energy: -5.809909 | Delta: 1.21e-02 | M: 1.8907 | Path: Statevector MPI-distributed (4 ranks)
Iter 0137 | Energy: -5.858764 | Delta: 4.89e-02 | M: 1.9920 | Path: Statevector MPI-distributed (4 ranks)
Iter 0138 | Energy: -5.882470 | Delta: 2.37e-02 | M: 2.4028 | Path: Statevector MPI-distributed (4 ranks)
Iter 0139 | Energy: -5.884026 | Delta: 1.56e-03 | M: 12.6853 | Path: Statevector MPI-distributed (4 ranks)
Iter 0140 | Energy: -5.904109 | Delta: 2.01e-02 | M: 41.8807 | Path: Statevector MPI-distributed (4 ranks)
[RESILIENCE] Iteration 140: Global theta state checkpointed at path checkpoints/checkpoint_iter_0140.npy. 
Iter 0141 | Energy: -5.904226 | Delta: 1.17e-04 | M: 20.6317 | Path: Statevector MPI-distributed (4 ranks)
Iter 0142 | Energy: -5.915779 | Delta: 1.16e-02 | M: 284.6441 | Path: Statevector MPI-distributed (4 ranks)
Iter 0143 | Energy: -5.920326 | Delta: 4.55e-03 | M: 5.8053 | Path: Statevector MPI-distributed (4 ranks)
Iter 0144 | Energy: -5.927435 | Delta: 7.11e-03 | M: 180.6736 | Path: Statevector MPI-distributed (4 ranks)
Iter 0145 | Energy: -5.905323 | Delta: 2.21e-02 | M: 112.8444 | Path: Statevector MPI-distributed (4 ranks)
[RESILIENCE] Iteration 145: Global theta state checkpointed at path checkpoints/checkpoint_iter_0145.npy. 
Iter 0146 | Energy: -5.944900 | Delta: 3.96e-02 | M: 81.6302 | Path: Statevector MPI-distributed (4 ranks)
Iter 0147 | Energy: -5.950537 | Delta: 5.64e-03 | M: 1238.8842 | Path: Statevector MPI-distributed (4 ranks)
Iter 0148 | Energy: -5.952741 | Delta: 2.20e-03 | M: 94.5642 | Path: Statevector MPI-distributed (4 ranks)
Iter 0149 | Energy: -5.945755 | Delta: 6.99e-03 | M: 42.1013 | Path: Statevector MPI-distributed (4 ranks)
Iter 0150 | Energy: -5.943753 | Delta: 2.00e-03 | M: 1494.1609 | Path: Statevector MPI-distributed (4 ranks)
[RESILIENCE] Iteration 150: Global theta state checkpointed at path checkpoints/checkpoint_iter_0150.npy. 
Iter 0151 | Energy: -5.940287 | Delta: 3.47e-03 | M: 58.9674 | Path: Statevector MPI-distributed (4 ranks)
Iter 0152 | Energy: -5.953808 | Delta: 1.35e-02 | M: 36.2492 | Path: Statevector MPI-distributed (4 ranks)
Iter 0153 | Energy: -5.968703 | Delta: 1.49e-02 | M: 61.1830 | Path: Statevector MPI-distributed (4 ranks)
Iter 0154 | Energy: -5.963956 | Delta: 4.75e-03 | M: 46.1696 | Path: Statevector MPI-distributed (4 ranks)
Iter 0155 | Energy: -5.969056 | Delta: 5.10e-03 | M: 963.2654 | Path: Statevector MPI-distributed (4 ranks)
[RESILIENCE] Iteration 155: Global theta state checkpointed at path checkpoints/checkpoint_iter_0155.npy. 
Iter 0156 | Energy: -5.960844 | Delta: 8.21e-03 | M: 1665.5399 | Path: Statevector MPI-distributed (4 ranks)
Iter 0157 | Energy: -5.961439 | Delta: 5.95e-04 | M: 29.3417 | Path: Statevector MPI-distributed (4 ranks)
Iter 0158 | Energy: -5.961918 | Delta: 4.79e-04 | M: 50.1036 | Path: Statevector MPI-distributed (4 ranks)
Iter 0159 | Energy: -5.998180 | Delta: 3.63e-02 | M: 68.5255 | Path: Statevector MPI-distributed (4 ranks)
Iter 0160 | Energy: -6.011982 | Delta: 1.38e-02 | M: 30.1450 | Path: Statevector MPI-distributed (4 ranks)
[RESILIENCE] Iteration 160: Global theta state checkpointed at path checkpoints/checkpoint_iter_0160.npy. 
Iter 0161 | Energy: -6.020527 | Delta: 8.54e-03 | M: 1305.9013 | Path: Statevector MPI-distributed (4 ranks)
Iter 0162 | Energy: -6.052387 | Delta: 3.19e-02 | M: 52.3481 | Path: Statevector MPI-distributed (4 ranks)
Iter 0163 | Energy: -6.061759 | Delta: 9.37e-03 | M: 107.2293 | Path: Statevector MPI-distributed (4 ranks)
Iter 0164 | Energy: -6.069366 | Delta: 7.61e-03 | M: 49.0390 | Path: Statevector MPI-distributed (4 ranks)
Iter 0165 | Energy: -6.078731 | Delta: 9.36e-03 | M: 88.3285 | Path: Statevector MPI-distributed (4 ranks)
[RESILIENCE] Iteration 165: Global theta state checkpointed at path checkpoints/checkpoint_iter_0165.npy. 
Iter 0166 | Energy: -6.068543 | Delta: 1.02e-02 | M: 7.0387 | Path: Statevector MPI-distributed (4 ranks)
Iter 0167 | Energy: -6.079040 | Delta: 1.05e-02 | M: 8.2099 | Path: Statevector MPI-distributed (4 ranks)
Iter 0168 | Energy: -6.095660 | Delta: 1.66e-02 | M: 71.3146 | Path: Statevector MPI-distributed (4 ranks)
Iter 0169 | Energy: -6.087001 | Delta: 8.66e-03 | M: 36.9601 | Path: Statevector MPI-distributed (4 ranks)
Iter 0170 | Energy: -6.105763 | Delta: 1.88e-02 | M: 605.9104 | Path: Statevector MPI-distributed (4 ranks)
[RESILIENCE] Iteration 170: Global theta state checkpointed at path checkpoints/checkpoint_iter_0170.npy. 
Iter 0171 | Energy: -6.114326 | Delta: 8.56e-03 | M: 1299.6320 | Path: Statevector MPI-distributed (4 ranks)
Iter 0172 | Energy: -6.128351 | Delta: 1.40e-02 | M: 103.1938 | Path: Statevector MPI-distributed (4 ranks)
Iter 0173 | Energy: -6.130204 | Delta: 1.85e-03 | M: 1371.4261 | Path: Statevector MPI-distributed (4 ranks)
Iter 0174 | Energy: -6.156917 | Delta: 2.67e-02 | M: 267.5643 | Path: Statevector MPI-distributed (4 ranks)
Iter 0175 | Energy: -6.163175 | Delta: 6.26e-03 | M: 62.9060 | Path: Statevector MPI-distributed (4 ranks)
[RESILIENCE] Iteration 175: Global theta state checkpointed at path checkpoints/checkpoint_iter_0175.npy. 
Iter 0176 | Energy: -6.167760 | Delta: 4.59e-03 | M: 56.2369 | Path: Statevector MPI-distributed (4 ranks)
Iter 0177 | Energy: -6.175787 | Delta: 8.03e-03 | M: 69.3137 | Path: Statevector MPI-distributed (4 ranks)
Iter 0178 | Energy: -6.190869 | Delta: 1.51e-02 | M: 403.7614 | Path: Statevector MPI-distributed (4 ranks)
Iter 0179 | Energy: -6.215288 | Delta: 2.44e-02 | M: 105.1578 | Path: Statevector MPI-distributed (4 ranks)
Iter 0180 | Energy: -6.218477 | Delta: 3.19e-03 | M: 1561.4266 | Path: Statevector MPI-distributed (4 ranks)
[RESILIENCE] Iteration 180: Global theta state checkpointed at path checkpoints/checkpoint_iter_0180.npy. 
Iter 0181 | Energy: -6.230902 | Delta: 1.24e-02 | M: 1236.2313 | Path: Statevector MPI-distributed (4 ranks)
Iter 0182 | Energy: -6.224923 | Delta: 5.98e-03 | M: 86.9785 | Path: Statevector MPI-distributed (4 ranks)
Iter 0183 | Energy: -6.242098 | Delta: 1.72e-02 | M: 222.7682 | Path: Statevector MPI-distributed (4 ranks)
Iter 0184 | Energy: -6.283089 | Delta: 4.10e-02 | M: 124.2839 | Path: Statevector MPI-distributed (4 ranks)
Iter 0185 | Energy: -6.293520 | Delta: 1.04e-02 | M: 109.7401 | Path: Statevector MPI-distributed (4 ranks)
[RESILIENCE] Iteration 185: Global theta state checkpointed at path checkpoints/checkpoint_iter_0185.npy. 
Iter 0186 | Energy: -6.316021 | Delta: 2.25e-02 | M: 1433.7343 | Path: Statevector MPI-distributed (4 ranks)
Iter 0187 | Energy: -6.311981 | Delta: 4.04e-03 | M: 145.0516 | Path: Statevector MPI-distributed (4 ranks)
Iter 0188 | Energy: -6.318747 | Delta: 6.77e-03 | M: 67.4510 | Path: Statevector MPI-distributed (4 ranks)
Iter 0189 | Energy: -6.317538 | Delta: 1.21e-03 | M: 673.1290 | Path: Statevector MPI-distributed (4 ranks)
Iter 0190 | Energy: -6.325272 | Delta: 7.73e-03 | M: 1385.4547 | Path: Statevector MPI-distributed (4 ranks)
[RESILIENCE] Iteration 190: Global theta state checkpointed at path checkpoints/checkpoint_iter_0190.npy. 
Iter 0191 | Energy: -6.332865 | Delta: 7.59e-03 | M: 1448.9997 | Path: Statevector MPI-distributed (4 ranks)
Iter 0192 | Energy: -6.337552 | Delta: 4.69e-03 | M: 1145.2305 | Path: Statevector MPI-distributed (4 ranks)
Iter 0193 | Energy: -6.348180 | Delta: 1.06e-02 | M: 51.9979 | Path: Statevector MPI-distributed (4 ranks)
Iter 0194 | Energy: -6.353513 | Delta: 5.33e-03 | M: 14.1495 | Path: Statevector MPI-distributed (4 ranks)
Iter 0195 | Energy: -6.371187 | Delta: 1.77e-02 | M: 270.0021 | Path: Statevector MPI-distributed (4 ranks)
[RESILIENCE] Iteration 195: Global theta state checkpointed at path checkpoints/checkpoint_iter_0195.npy. 
Iter 0196 | Energy: -6.376036 | Delta: 4.85e-03 | M: 188.9741 | Path: Statevector MPI-distributed (4 ranks)
Iter 0197 | Energy: -6.403154 | Delta: 2.71e-02 | M: 34.7890 | Path: Statevector MPI-distributed (4 ranks)
Iter 0198 | Energy: -6.412908 | Delta: 9.75e-03 | M: 27.3632 | Path: Statevector MPI-distributed (4 ranks)
Iter 0199 | Energy: -6.414894 | Delta: 1.99e-03 | M: 89.9315 | Path: Statevector MPI-distributed (4 ranks)
Iter 0200 | Energy: -6.423112 | Delta: 8.22e-03 | M: 1445.9636 | Path: Statevector MPI-distributed (4 ranks)
[RESILIENCE] Iteration 200: Global theta state checkpointed at path checkpoints/checkpoint_iter_0200.npy. 
Iter 0201 | Energy: -6.421613 | Delta: 1.50e-03 | M: 31.7133 | Path: Statevector MPI-distributed (4 ranks)
Iter 0202 | Energy: -6.421503 | Delta: 1.10e-04 | M: 52.0623 | Path: Statevector MPI-distributed (4 ranks)
Iter 0203 | Energy: -6.441637 | Delta: 2.01e-02 | M: 55.6196 | Path: Statevector MPI-distributed (4 ranks)
Iter 0204 | Energy: -6.471540 | Delta: 2.99e-02 | M: 59.9593 | Path: Statevector MPI-distributed (4 ranks)
Iter 0205 | Energy: -6.491275 | Delta: 1.97e-02 | M: 44.1499 | Path: Statevector MPI-distributed (4 ranks)
[RESILIENCE] Iteration 205: Global theta state checkpointed at path checkpoints/checkpoint_iter_0205.npy. 
Iter 0206 | Energy: -6.496492 | Delta: 5.22e-03 | M: 107.5297 | Path: Statevector MPI-distributed (4 ranks)
Iter 0207 | Energy: -6.514018 | Delta: 1.75e-02 | M: 597.0184 | Path: Statevector MPI-distributed (4 ranks)
Iter 0208 | Energy: -6.510916 | Delta: 3.10e-03 | M: 5.7101 | Path: Statevector MPI-distributed (4 ranks)
Iter 0209 | Energy: -6.518273 | Delta: 7.36e-03 | M: 5.2231 | Path: Statevector MPI-distributed (4 ranks)
Iter 0210 | Energy: -6.512520 | Delta: 5.75e-03 | M: 64.2135 | Path: Statevector MPI-distributed (4 ranks)
[RESILIENCE] Iteration 210: Global theta state checkpointed at path checkpoints/checkpoint_iter_0210.npy. 
Iter 0211 | Energy: -6.524947 | Delta: 1.24e-02 | M: 103.9644 | Path: Statevector MPI-distributed (4 ranks)
Iter 0212 | Energy: -6.536060 | Delta: 1.11e-02 | M: 98.0429 | Path: Statevector MPI-distributed (4 ranks)
Iter 0213 | Energy: -6.544091 | Delta: 8.03e-03 | M: 127.3510 | Path: Statevector MPI-distributed (4 ranks)
Iter 0214 | Energy: -6.555476 | Delta: 1.14e-02 | M: 84.9586 | Path: Statevector MPI-distributed (4 ranks)
Iter 0215 | Energy: -6.552922 | Delta: 2.55e-03 | M: 46.6423 | Path: Statevector MPI-distributed (4 ranks)
[RESILIENCE] Iteration 215: Global theta state checkpointed at path checkpoints/checkpoint_iter_0215.npy. 
Iter 0216 | Energy: -6.563112 | Delta: 1.02e-02 | M: 78.3928 | Path: Statevector MPI-distributed (4 ranks)
Iter 0217 | Energy: -6.554455 | Delta: 8.66e-03 | M: 50.3174 | Path: Statevector MPI-distributed (4 ranks)
Iter 0218 | Energy: -6.566246 | Delta: 1.18e-02 | M: 124.9953 | Path: Statevector MPI-distributed (4 ranks)
Iter 0219 | Energy: -6.562897 | Delta: 3.35e-03 | M: 1435.9750 | Path: Statevector MPI-distributed (4 ranks)
Iter 0220 | Energy: -6.575075 | Delta: 1.22e-02 | M: 14.3636 | Path: Statevector MPI-distributed (4 ranks)
[RESILIENCE] Iteration 220: Global theta state checkpointed at path checkpoints/checkpoint_iter_0220.npy. 
Iter 0221 | Energy: -6.572770 | Delta: 2.30e-03 | M: 116.1016 | Path: Statevector MPI-distributed (4 ranks)
Iter 0222 | Energy: -6.572573 | Delta: 1.97e-04 | M: 45.5343 | Path: Statevector MPI-distributed (4 ranks)
Iter 0223 | Energy: -6.573333 | Delta: 7.59e-04 | M: 261.4413 | Path: Statevector MPI-distributed (4 ranks)
Iter 0224 | Energy: -6.584572 | Delta: 1.12e-02 | M: 66.1286 | Path: Statevector MPI-distributed (4 ranks)
Iter 0225 | Energy: -6.587735 | Delta: 3.16e-03 | M: 39.1862 | Path: Statevector MPI-distributed (4 ranks)
[RESILIENCE] Iteration 225: Global theta state checkpointed at path checkpoints/checkpoint_iter_0225.npy. 
Iter 0226 | Energy: -6.603220 | Delta: 1.55e-02 | M: 81.0983 | Path: Statevector MPI-distributed (4 ranks)
Iter 0227 | Energy: -6.605156 | Delta: 1.94e-03 | M: 33.3220 | Path: Statevector MPI-distributed (4 ranks)
Iter 0228 | Energy: -6.621608 | Delta: 1.65e-02 | M: 86.5645 | Path: Statevector MPI-distributed (4 ranks)
Iter 0229 | Energy: -6.624795 | Delta: 3.19e-03 | M: 25.5101 | Path: Statevector MPI-distributed (4 ranks)
Iter 0230 | Energy: -6.633165 | Delta: 8.37e-03 | M: 140.1946 | Path: Statevector MPI-distributed (4 ranks)
[RESILIENCE] Iteration 230: Global theta state checkpointed at path checkpoints/checkpoint_iter_0230.npy. 
Iter 0231 | Energy: -6.631352 | Delta: 1.81e-03 | M: 77.3037 | Path: Statevector MPI-distributed (4 ranks)
Iter 0232 | Energy: -6.631343 | Delta: 8.54e-06 | M: 222.5594 | Path: Statevector MPI-distributed (4 ranks)
Iter 0233 | Energy: -6.628086 | Delta: 3.26e-03 | M: 84.2843 | Path: Statevector MPI-distributed (4 ranks)
Iter 0234 | Energy: -6.626671 | Delta: 1.42e-03 | M: 1410.0607 | Path: Statevector MPI-distributed (4 ranks)
Iter 0235 | Energy: -6.644632 | Delta: 1.80e-02 | M: 1281.9829 | Path: Statevector MPI-distributed (4 ranks)
[RESILIENCE] Iteration 235: Global theta state checkpointed at path checkpoints/checkpoint_iter_0235.npy. 
Iter 0236 | Energy: -6.666880 | Delta: 2.22e-02 | M: 164.3292 | Path: Statevector MPI-distributed (4 ranks)
Iter 0237 | Energy: -6.679872 | Delta: 1.30e-02 | M: 94.5404 | Path: Statevector MPI-distributed (4 ranks)
Iter 0238 | Energy: -6.691303 | Delta: 1.14e-02 | M: 75.7146 | Path: Statevector MPI-distributed (4 ranks)
Iter 0239 | Energy: -6.678941 | Delta: 1.24e-02 | M: 64.4280 | Path: Statevector MPI-distributed (4 ranks)
Iter 0240 | Energy: -6.672098 | Delta: 6.84e-03 | M: 6.1523 | Path: Statevector MPI-distributed (4 ranks)
[RESILIENCE] Iteration 240: Global theta state checkpointed at path checkpoints/checkpoint_iter_0240.npy. 
Iter 0241 | Energy: -6.676839 | Delta: 4.74e-03 | M: 1552.2282 | Path: Statevector MPI-distributed (4 ranks)
Iter 0242 | Energy: -6.686082 | Delta: 9.24e-03 | M: 36.9722 | Path: Statevector MPI-distributed (4 ranks)
Iter 0243 | Energy: -6.693706 | Delta: 7.62e-03 | M: 89.3200 | Path: Statevector MPI-distributed (4 ranks)
Iter 0244 | Energy: -6.699272 | Delta: 5.57e-03 | M: 1126.1318 | Path: Statevector MPI-distributed (4 ranks)
Iter 0245 | Energy: -6.696134 | Delta: 3.14e-03 | M: 17.4878 | Path: Statevector MPI-distributed (4 ranks)
[RESILIENCE] Iteration 245: Global theta state checkpointed at path checkpoints/checkpoint_iter_0245.npy. 
Iter 0246 | Energy: -6.692366 | Delta: 3.77e-03 | M: 727.3982 | Path: Statevector MPI-distributed (4 ranks)
Iter 0247 | Energy: -6.699625 | Delta: 7.26e-03 | M: 75.9045 | Path: Statevector MPI-distributed (4 ranks)
Iter 0248 | Energy: -6.708432 | Delta: 8.81e-03 | M: 48.6968 | Path: Statevector MPI-distributed (4 ranks)
Iter 0249 | Energy: -6.707077 | Delta: 1.36e-03 | M: 91.3234 | Path: Statevector MPI-distributed (4 ranks)
Iter 0250 | Energy: -6.716095 | Delta: 9.02e-03 | M: 1578.2419 | Path: Statevector MPI-distributed (4 ranks)
[RESILIENCE] Iteration 250: Global theta state checkpointed at path checkpoints/checkpoint_iter_0250.npy. 
Iter 0251 | Energy: -6.729352 | Delta: 1.33e-02 | M: 38.5616 | Path: Statevector MPI-distributed (4 ranks)
Iter 0252 | Energy: -6.744574 | Delta: 1.52e-02 | M: 1338.8093 | Path: Statevector MPI-distributed (4 ranks)
Iter 0253 | Energy: -6.736734 | Delta: 7.84e-03 | M: 31.0958 | Path: Statevector MPI-distributed (4 ranks)
Iter 0254 | Energy: -6.750640 | Delta: 1.39e-02 | M: 37.6752 | Path: Statevector MPI-distributed (4 ranks)
Iter 0255 | Energy: -6.739225 | Delta: 1.14e-02 | M: 40.1824 | Path: Statevector MPI-distributed (4 ranks)
[RESILIENCE] Iteration 255: Global theta state checkpointed at path checkpoints/checkpoint_iter_0255.npy. 
Iter 0256 | Energy: -6.747964 | Delta: 8.74e-03 | M: 36.7986 | Path: Statevector MPI-distributed (4 ranks)
Iter 0257 | Energy: -6.750622 | Delta: 2.66e-03 | M: 28.3506 | Path: Statevector MPI-distributed (4 ranks)
Iter 0258 | Energy: -6.737415 | Delta: 1.32e-02 | M: 70.8927 | Path: Statevector MPI-distributed (4 ranks)
Iter 0259 | Energy: -6.768523 | Delta: 3.11e-02 | M: 110.6400 | Path: Statevector MPI-distributed (4 ranks)
Iter 0260 | Energy: -6.773397 | Delta: 4.87e-03 | M: 28.9105 | Path: Statevector MPI-distributed (4 ranks)
[RESILIENCE] Iteration 260: Global theta state checkpointed at path checkpoints/checkpoint_iter_0260.npy. 
Iter 0261 | Energy: -6.772520 | Delta: 8.77e-04 | M: 58.7061 | Path: Statevector MPI-distributed (4 ranks)
Iter 0262 | Energy: -6.780980 | Delta: 8.46e-03 | M: 149.1177 | Path: Statevector MPI-distributed (4 ranks)
Iter 0263 | Energy: -6.776318 | Delta: 4.66e-03 | M: 69.3685 | Path: Statevector MPI-distributed (4 ranks)
Iter 0264 | Energy: -6.783596 | Delta: 7.28e-03 | M: 47.3757 | Path: Statevector MPI-distributed (4 ranks)
Iter 0265 | Energy: -6.782109 | Delta: 1.49e-03 | M: 81.8636 | Path: Statevector MPI-distributed (4 ranks)
[RESILIENCE] Iteration 265: Global theta state checkpointed at path checkpoints/checkpoint_iter_0265.npy. 
Iter 0266 | Energy: -6.786369 | Delta: 4.26e-03 | M: 50.2370 | Path: Statevector MPI-distributed (4 ranks)
Iter 0267 | Energy: -6.771865 | Delta: 1.45e-02 | M: 84.5861 | Path: Statevector MPI-distributed (4 ranks)
Iter 0268 | Energy: -6.775900 | Delta: 4.03e-03 | M: 1470.7917 | Path: Statevector MPI-distributed (4 ranks)
Iter 0269 | Energy: -6.780690 | Delta: 4.79e-03 | M: 42.9266 | Path: Statevector MPI-distributed (4 ranks)
Iter 0270 | Energy: -6.792791 | Delta: 1.21e-02 | M: 18.1772 | Path: Statevector MPI-distributed (4 ranks)
[RESILIENCE] Iteration 270: Global theta state checkpointed at path checkpoints/checkpoint_iter_0270.npy. 
Iter 0271 | Energy: -6.791545 | Delta: 1.25e-03 | M: 53.7185 | Path: Statevector MPI-distributed (4 ranks)
Iter 0272 | Energy: -6.795577 | Delta: 4.03e-03 | M: 32.9441 | Path: Statevector MPI-distributed (4 ranks)
Iter 0273 | Energy: -6.791186 | Delta: 4.39e-03 | M: 11.6505 | Path: Statevector MPI-distributed (4 ranks)
Iter 0274 | Energy: -6.794211 | Delta: 3.02e-03 | M: 7.8627 | Path: Statevector MPI-distributed (4 ranks)
Iter 0275 | Energy: -6.795876 | Delta: 1.66e-03 | M: 22.9665 | Path: Statevector MPI-distributed (4 ranks)
[RESILIENCE] Iteration 275: Global theta state checkpointed at path checkpoints/checkpoint_iter_0275.npy. 
Iter 0276 | Energy: -6.800041 | Delta: 4.17e-03 | M: 1542.9474 | Path: Statevector MPI-distributed (4 ranks)
Iter 0277 | Energy: -6.809220 | Delta: 9.18e-03 | M: 9.8225 | Path: Statevector MPI-distributed (4 ranks)
Iter 0278 | Energy: -6.816259 | Delta: 7.04e-03 | M: 105.2187 | Path: Statevector MPI-distributed (4 ranks)
Iter 0279 | Energy: -6.827977 | Delta: 1.17e-02 | M: 32.1957 | Path: Statevector MPI-distributed (4 ranks)
Iter 0280 | Energy: -6.828168 | Delta: 1.90e-04 | M: 26.1047 | Path: Statevector MPI-distributed (4 ranks)
[RESILIENCE] Iteration 280: Global theta state checkpointed at path checkpoints/checkpoint_iter_0280.npy. 
Iter 0281 | Energy: -6.824174 | Delta: 3.99e-03 | M: 25.4950 | Path: Statevector MPI-distributed (4 ranks)
Iter 0282 | Energy: -6.838267 | Delta: 1.41e-02 | M: 46.2780 | Path: Statevector MPI-distributed (4 ranks)
Iter 0283 | Energy: -6.841954 | Delta: 3.69e-03 | M: 29.3640 | Path: Statevector MPI-distributed (4 ranks)
Iter 0284 | Energy: -6.853194 | Delta: 1.12e-02 | M: 53.9082 | Path: Statevector MPI-distributed (4 ranks)
Iter 0285 | Energy: -6.856991 | Delta: 3.80e-03 | M: 38.9522 | Path: Statevector MPI-distributed (4 ranks)
[RESILIENCE] Iteration 285: Global theta state checkpointed at path checkpoints/checkpoint_iter_0285.npy. 
Iter 0286 | Energy: -6.867244 | Delta: 1.03e-02 | M: 55.9236 | Path: Statevector MPI-distributed (4 ranks)
Iter 0287 | Energy: -6.851366 | Delta: 1.59e-02 | M: 111.3030 | Path: Statevector MPI-distributed (4 ranks)
Iter 0288 | Energy: -6.870103 | Delta: 1.87e-02 | M: 31.9271 | Path: Statevector MPI-distributed (4 ranks)
Iter 0289 | Energy: -6.880425 | Delta: 1.03e-02 | M: 83.5761 | Path: Statevector MPI-distributed (4 ranks)
Iter 0290 | Energy: -6.883234 | Delta: 2.81e-03 | M: 61.6131 | Path: Statevector MPI-distributed (4 ranks)
[RESILIENCE] Iteration 290: Global theta state checkpointed at path checkpoints/checkpoint_iter_0290.npy. 
Iter 0291 | Energy: -6.884522 | Delta: 1.29e-03 | M: 45.8696 | Path: Statevector MPI-distributed (4 ranks)
Iter 0292 | Energy: -6.892253 | Delta: 7.73e-03 | M: 45.3983 | Path: Statevector MPI-distributed (4 ranks)
Iter 0293 | Energy: -6.892284 | Delta: 3.13e-05 | M: 73.5011 | Path: Statevector MPI-distributed (4 ranks)
Iter 0294 | Energy: -6.881796 | Delta: 1.05e-02 | M: 51.8187 | Path: Statevector MPI-distributed (4 ranks)
Iter 0295 | Energy: -6.900397 | Delta: 1.86e-02 | M: 69.0084 | Path: Statevector MPI-distributed (4 ranks)
[RESILIENCE] Iteration 295: Global theta state checkpointed at path checkpoints/checkpoint_iter_0295.npy. 
Iter 0296 | Energy: -6.909597 | Delta: 9.20e-03 | M: 21.6015 | Path: Statevector MPI-distributed (4 ranks)
Iter 0297 | Energy: -6.904568 | Delta: 5.03e-03 | M: 11.4484 | Path: Statevector MPI-distributed (4 ranks)
Iter 0298 | Energy: -6.904273 | Delta: 2.95e-04 | M: 97.5954 | Path: Statevector MPI-distributed (4 ranks)
Iter 0299 | Energy: -6.901518 | Delta: 2.76e-03 | M: 8.3864 | Path: Statevector MPI-distributed (4 ranks)
Iter 0300 | Energy: -6.906197 | Delta: 4.68e-03 | M: 35.3580 | Path: Statevector MPI-distributed (4 ranks)
[RESILIENCE] Iteration 300: Global theta state checkpointed at path checkpoints/checkpoint_iter_0300.npy. 
Iter 0301 | Energy: -6.916295 | Delta: 1.01e-02 | M: 34.8357 | Path: Statevector MPI-distributed (4 ranks)
Iter 0302 | Energy: -6.922791 | Delta: 6.50e-03 | M: 54.2736 | Path: Statevector MPI-distributed (4 ranks)
Iter 0303 | Energy: -6.925892 | Delta: 3.10e-03 | M: 557.4961 | Path: Statevector MPI-distributed (4 ranks)
Iter 0304 | Energy: -6.923382 | Delta: 2.51e-03 | M: 32.3402 | Path: Statevector MPI-distributed (4 ranks)
Iter 0305 | Energy: -6.923007 | Delta: 3.75e-04 | M: 146.1377 | Path: Statevector MPI-distributed (4 ranks)
[RESILIENCE] Iteration 305: Global theta state checkpointed at path checkpoints/checkpoint_iter_0305.npy. 
Iter 0306 | Energy: -6.938100 | Delta: 1.51e-02 | M: 184.4777 | Path: Statevector MPI-distributed (4 ranks)
Iter 0307 | Energy: -6.932759 | Delta: 5.34e-03 | M: 138.2499 | Path: Statevector MPI-distributed (4 ranks)
Iter 0308 | Energy: -6.959090 | Delta: 2.63e-02 | M: 75.1734 | Path: Statevector MPI-distributed (4 ranks)
Iter 0309 | Energy: -6.952893 | Delta: 6.20e-03 | M: 1452.8450 | Path: Statevector MPI-distributed (4 ranks)
Iter 0310 | Energy: -6.962040 | Delta: 9.15e-03 | M: 116.4693 | Path: Statevector MPI-distributed (4 ranks)
[RESILIENCE] Iteration 310: Global theta state checkpointed at path checkpoints/checkpoint_iter_0310.npy. 
Iter 0311 | Energy: -6.968942 | Delta: 6.90e-03 | M: 306.9092 | Path: Statevector MPI-distributed (4 ranks)
Iter 0312 | Energy: -6.966232 | Delta: 2.71e-03 | M: 161.2313 | Path: Statevector MPI-distributed (4 ranks)
Iter 0313 | Energy: -6.989219 | Delta: 2.30e-02 | M: 1189.0124 | Path: Statevector MPI-distributed (4 ranks)
Iter 0314 | Energy: -6.979528 | Delta: 9.69e-03 | M: 236.2721 | Path: Statevector MPI-distributed (4 ranks)
Iter 0315 | Energy: -6.980993 | Delta: 1.47e-03 | M: 421.7744 | Path: Statevector MPI-distributed (4 ranks)
[RESILIENCE] Iteration 315: Global theta state checkpointed at path checkpoints/checkpoint_iter_0315.npy. 
Iter 0316 | Energy: -6.979814 | Delta: 1.18e-03 | M: 127.5754 | Path: Statevector MPI-distributed (4 ranks)
Iter 0317 | Energy: -6.979674 | Delta: 1.40e-04 | M: 31.0889 | Path: Statevector MPI-distributed (4 ranks)
Iter 0318 | Energy: -6.987891 | Delta: 8.22e-03 | M: 1278.8175 | Path: Statevector MPI-distributed (4 ranks)
Iter 0319 | Energy: -7.007920 | Delta: 2.00e-02 | M: 43.2339 | Path: Statevector MPI-distributed (4 ranks)
Iter 0320 | Energy: -7.007392 | Delta: 5.28e-04 | M: 657.5116 | Path: Statevector MPI-distributed (4 ranks)
[RESILIENCE] Iteration 320: Global theta state checkpointed at path checkpoints/checkpoint_iter_0320.npy. 
Iter 0321 | Energy: -7.015686 | Delta: 8.29e-03 | M: 1056.9748 | Path: Statevector MPI-distributed (4 ranks)
Iter 0322 | Energy: -7.018910 | Delta: 3.22e-03 | M: 1239.3207 | Path: Statevector MPI-distributed (4 ranks)
Iter 0323 | Energy: -7.016864 | Delta: 2.05e-03 | M: 62.3950 | Path: Statevector MPI-distributed (4 ranks)
Iter 0324 | Energy: -7.018680 | Delta: 1.82e-03 | M: 1269.2160 | Path: Statevector MPI-distributed (4 ranks)
Iter 0325 | Energy: -7.028085 | Delta: 9.40e-03 | M: 1186.3181 | Path: Statevector MPI-distributed (4 ranks)
[RESILIENCE] Iteration 325: Global theta state checkpointed at path checkpoints/checkpoint_iter_0325.npy. 
Iter 0326 | Energy: -7.032059 | Delta: 3.97e-03 | M: 2.0319 | Path: Statevector MPI-distributed (4 ranks)
Iter 0327 | Energy: -7.035399 | Delta: 3.34e-03 | M: 1.4299 | Path: Statevector MPI-distributed (4 ranks)
Iter 0328 | Energy: -7.042413 | Delta: 7.01e-03 | M: 1.8796 | Path: Statevector MPI-distributed (4 ranks)
Iter 0329 | Energy: -7.041344 | Delta: 1.07e-03 | M: 1619.6731 | Path: Statevector MPI-distributed (4 ranks)
Iter 0330 | Energy: -7.048329 | Delta: 6.99e-03 | M: 80.7331 | Path: Statevector MPI-distributed (4 ranks)
[RESILIENCE] Iteration 330: Global theta state checkpointed at path checkpoints/checkpoint_iter_0330.npy. 
Iter 0331 | Energy: -7.050205 | Delta: 1.88e-03 | M: 440.3449 | Path: Statevector MPI-distributed (4 ranks)
Iter 0332 | Energy: -7.057586 | Delta: 7.38e-03 | M: 46.8983 | Path: Statevector MPI-distributed (4 ranks)
Iter 0333 | Energy: -7.066592 | Delta: 9.01e-03 | M: 36.4067 | Path: Statevector MPI-distributed (4 ranks)
Iter 0334 | Energy: -7.053369 | Delta: 1.32e-02 | M: 59.9565 | Path: Statevector MPI-distributed (4 ranks)
Iter 0335 | Energy: -7.058427 | Delta: 5.06e-03 | M: 65.9411 | Path: Statevector MPI-distributed (4 ranks)
[RESILIENCE] Iteration 335: Global theta state checkpointed at path checkpoints/checkpoint_iter_0335.npy. 
Iter 0336 | Energy: -7.063505 | Delta: 5.08e-03 | M: 40.4561 | Path: Statevector MPI-distributed (4 ranks)
Iter 0337 | Energy: -7.073820 | Delta: 1.03e-02 | M: 30.2226 | Path: Statevector MPI-distributed (4 ranks)
Iter 0338 | Energy: -7.077123 | Delta: 3.30e-03 | M: 41.2044 | Path: Statevector MPI-distributed (4 ranks)
Iter 0339 | Energy: -7.079189 | Delta: 2.07e-03 | M: 990.1052 | Path: Statevector MPI-distributed (4 ranks)
Iter 0340 | Energy: -7.074878 | Delta: 4.31e-03 | M: 58.4541 | Path: Statevector MPI-distributed (4 ranks)
[RESILIENCE] Iteration 340: Global theta state checkpointed at path checkpoints/checkpoint_iter_0340.npy. 
Iter 0341 | Energy: -7.083525 | Delta: 8.65e-03 | M: 34.3805 | Path: Statevector MPI-distributed (4 ranks)
Iter 0342 | Energy: -7.086162 | Delta: 2.64e-03 | M: 72.4839 | Path: Statevector MPI-distributed (4 ranks)
Iter 0343 | Energy: -7.082526 | Delta: 3.64e-03 | M: 33.1214 | Path: Statevector MPI-distributed (4 ranks)
Iter 0344 | Energy: -7.081617 | Delta: 9.09e-04 | M: 40.5936 | Path: Statevector MPI-distributed (4 ranks)
Iter 0345 | Energy: -7.085137 | Delta: 3.52e-03 | M: 55.8795 | Path: Statevector MPI-distributed (4 ranks)
[RESILIENCE] Iteration 345: Global theta state checkpointed at path checkpoints/checkpoint_iter_0345.npy. 
Iter 0346 | Energy: -7.085018 | Delta: 1.18e-04 | M: 151.2886 | Path: Statevector MPI-distributed (4 ranks)
Iter 0347 | Energy: -7.098372 | Delta: 1.34e-02 | M: 8.8429 | Path: Statevector MPI-distributed (4 ranks)
Iter 0348 | Energy: -7.105161 | Delta: 6.79e-03 | M: 42.7040 | Path: Statevector MPI-distributed (4 ranks)
Iter 0349 | Energy: -7.105329 | Delta: 1.69e-04 | M: 166.6015 | Path: Statevector MPI-distributed (4 ranks)
Iter 0350 | Energy: -7.099806 | Delta: 5.52e-03 | M: 28.5803 | Path: Statevector MPI-distributed (4 ranks)
[RESILIENCE] Iteration 350: Global theta state checkpointed at path checkpoints/checkpoint_iter_0350.npy. 
Iter 0351 | Energy: -7.103570 | Delta: 3.76e-03 | M: 36.3573 | Path: Statevector MPI-distributed (4 ranks)
Iter 0352 | Energy: -7.106718 | Delta: 3.15e-03 | M: 46.5537 | Path: Statevector MPI-distributed (4 ranks)
Iter 0353 | Energy: -7.111557 | Delta: 4.84e-03 | M: 51.1770 | Path: Statevector MPI-distributed (4 ranks)
Iter 0354 | Energy: -7.121680 | Delta: 1.01e-02 | M: 141.3903 | Path: Statevector MPI-distributed (4 ranks)
Iter 0355 | Energy: -7.127409 | Delta: 5.73e-03 | M: 61.7726 | Path: Statevector MPI-distributed (4 ranks)
[RESILIENCE] Iteration 355: Global theta state checkpointed at path checkpoints/checkpoint_iter_0355.npy. 
Iter 0356 | Energy: -7.122074 | Delta: 5.33e-03 | M: 41.8418 | Path: Statevector MPI-distributed (4 ranks)
Iter 0357 | Energy: -7.137535 | Delta: 1.55e-02 | M: 58.4564 | Path: Statevector MPI-distributed (4 ranks)
Iter 0358 | Energy: -7.136665 | Delta: 8.70e-04 | M: 37.0901 | Path: Statevector MPI-distributed (4 ranks)
Iter 0359 | Energy: -7.137763 | Delta: 1.10e-03 | M: 53.9039 | Path: Statevector MPI-distributed (4 ranks)
Iter 0360 | Energy: -7.131965 | Delta: 5.80e-03 | M: 91.5228 | Path: Statevector MPI-distributed (4 ranks)
[RESILIENCE] Iteration 360: Global theta state checkpointed at path checkpoints/checkpoint_iter_0360.npy. 
Iter 0361 | Energy: -7.133941 | Delta: 1.98e-03 | M: 118.1475 | Path: Statevector MPI-distributed (4 ranks)
Iter 0362 | Energy: -7.147864 | Delta: 1.39e-02 | M: 56.8997 | Path: Statevector MPI-distributed (4 ranks)
Iter 0363 | Energy: -7.142593 | Delta: 5.27e-03 | M: 133.3393 | Path: Statevector MPI-distributed (4 ranks)
Iter 0364 | Energy: -7.146649 | Delta: 4.06e-03 | M: 87.8523 | Path: Statevector MPI-distributed (4 ranks)
Iter 0365 | Energy: -7.151801 | Delta: 5.15e-03 | M: 27.4971 | Path: Statevector MPI-distributed (4 ranks)
[RESILIENCE] Iteration 365: Global theta state checkpointed at path checkpoints/checkpoint_iter_0365.npy. 
Iter 0366 | Energy: -7.154048 | Delta: 2.25e-03 | M: 189.0830 | Path: Statevector MPI-distributed (4 ranks)
Iter 0367 | Energy: -7.159877 | Delta: 5.83e-03 | M: 39.4354 | Path: Statevector MPI-distributed (4 ranks)
Iter 0368 | Energy: -7.166151 | Delta: 6.27e-03 | M: 74.0116 | Path: Statevector MPI-distributed (4 ranks)
Iter 0369 | Energy: -7.154673 | Delta: 1.15e-02 | M: 81.2343 | Path: Statevector MPI-distributed (4 ranks)
Iter 0370 | Energy: -7.160111 | Delta: 5.44e-03 | M: 64.6383 | Path: Statevector MPI-distributed (4 ranks)
[RESILIENCE] Iteration 370: Global theta state checkpointed at path checkpoints/checkpoint_iter_0370.npy. 
Iter 0371 | Energy: -7.186819 | Delta: 2.67e-02 | M: 71.5781 | Path: Statevector MPI-distributed (4 ranks)
Iter 0372 | Energy: -7.191255 | Delta: 4.44e-03 | M: 125.8740 | Path: Statevector MPI-distributed (4 ranks)
Iter 0373 | Energy: -7.197153 | Delta: 5.90e-03 | M: 102.9561 | Path: Statevector MPI-distributed (4 ranks)
Iter 0374 | Energy: -7.196851 | Delta: 3.03e-04 | M: 182.2313 | Path: Statevector MPI-distributed (4 ranks)
Iter 0375 | Energy: -7.202485 | Delta: 5.63e-03 | M: 207.9852 | Path: Statevector MPI-distributed (4 ranks)
[RESILIENCE] Iteration 375: Global theta state checkpointed at path checkpoints/checkpoint_iter_0375.npy. 
Iter 0376 | Energy: -7.207294 | Delta: 4.81e-03 | M: 39.8801 | Path: Statevector MPI-distributed (4 ranks)
Iter 0377 | Energy: -7.211041 | Delta: 3.75e-03 | M: 604.4215 | Path: Statevector MPI-distributed (4 ranks)
Iter 0378 | Energy: -7.198125 | Delta: 1.29e-02 | M: 960.3762 | Path: Statevector MPI-distributed (4 ranks)
Iter 0379 | Energy: -7.214203 | Delta: 1.61e-02 | M: 8.2864 | Path: Statevector MPI-distributed (4 ranks)
Iter 0380 | Energy: -7.208443 | Delta: 5.76e-03 | M: 11.9601 | Path: Statevector MPI-distributed (4 ranks)
[RESILIENCE] Iteration 380: Global theta state checkpointed at path checkpoints/checkpoint_iter_0380.npy. 
Iter 0381 | Energy: -7.226959 | Delta: 1.85e-02 | M: 36.4305 | Path: Statevector MPI-distributed (4 ranks)
Iter 0382 | Energy: -7.228195 | Delta: 1.24e-03 | M: 5.0838 | Path: Statevector MPI-distributed (4 ranks)
Iter 0383 | Energy: -7.233908 | Delta: 5.71e-03 | M: 4.2971 | Path: Statevector MPI-distributed (4 ranks)
Iter 0384 | Energy: -7.239310 | Delta: 5.40e-03 | M: 1435.1161 | Path: Statevector MPI-distributed (4 ranks)
Iter 0385 | Energy: -7.248823 | Delta: 9.51e-03 | M: 1483.7248 | Path: Statevector MPI-distributed (4 ranks)
[RESILIENCE] Iteration 385: Global theta state checkpointed at path checkpoints/checkpoint_iter_0385.npy. 
Iter 0386 | Energy: -7.249235 | Delta: 4.12e-04 | M: 60.9334 | Path: Statevector MPI-distributed (4 ranks)
Iter 0387 | Energy: -7.249461 | Delta: 2.25e-04 | M: 47.1967 | Path: Statevector MPI-distributed (4 ranks)
Iter 0388 | Energy: -7.259198 | Delta: 9.74e-03 | M: 41.9500 | Path: Statevector MPI-distributed (4 ranks)
Iter 0389 | Energy: -7.248919 | Delta: 1.03e-02 | M: 81.6995 | Path: Statevector MPI-distributed (4 ranks)
Iter 0390 | Energy: -7.247172 | Delta: 1.75e-03 | M: 40.5202 | Path: Statevector MPI-distributed (4 ranks)
[RESILIENCE] Iteration 390: Global theta state checkpointed at path checkpoints/checkpoint_iter_0390.npy. 
Iter 0391 | Energy: -7.255824 | Delta: 8.65e-03 | M: 441.4018 | Path: Statevector MPI-distributed (4 ranks)
Iter 0392 | Energy: -7.265323 | Delta: 9.50e-03 | M: 76.6809 | Path: Statevector MPI-distributed (4 ranks)
Iter 0393 | Energy: -7.272174 | Delta: 6.85e-03 | M: 57.9494 | Path: Statevector MPI-distributed (4 ranks)
Iter 0394 | Energy: -7.269410 | Delta: 2.76e-03 | M: 65.0045 | Path: Statevector MPI-distributed (4 ranks)
Iter 0395 | Energy: -7.270401 | Delta: 9.91e-04 | M: 174.1375 | Path: Statevector MPI-distributed (4 ranks)
[RESILIENCE] Iteration 395: Global theta state checkpointed at path checkpoints/checkpoint_iter_0395.npy. 
Iter 0396 | Energy: -7.268430 | Delta: 1.97e-03 | M: 120.4110 | Path: Statevector MPI-distributed (4 ranks)
Iter 0397 | Energy: -7.272813 | Delta: 4.38e-03 | M: 58.4201 | Path: Statevector MPI-distributed (4 ranks)
Iter 0398 | Energy: -7.281602 | Delta: 8.79e-03 | M: 233.9906 | Path: Statevector MPI-distributed (4 ranks)
Iter 0399 | Energy: -7.281199 | Delta: 4.03e-04 | M: 237.6250 | Path: Statevector MPI-distributed (4 ranks)
Iter 0400 | Energy: -7.304126 | Delta: 2.29e-02 | M: 122.1368 | Path: Statevector MPI-distributed (4 ranks)
[RESILIENCE] Iteration 400: Global theta state checkpointed at path checkpoints/checkpoint_iter_0400.npy. 
Iter 0401 | Energy: -7.287147 | Delta: 1.70e-02 | M: 73.5981 | Path: Statevector MPI-distributed (4 ranks)
Iter 0402 | Energy: -7.294580 | Delta: 7.43e-03 | M: 14.9604 | Path: Statevector MPI-distributed (4 ranks)
Iter 0403 | Energy: -7.297834 | Delta: 3.25e-03 | M: 75.2387 | Path: Statevector MPI-distributed (4 ranks)
Iter 0404 | Energy: -7.288276 | Delta: 9.56e-03 | M: 179.0530 | Path: Statevector MPI-distributed (4 ranks)
Iter 0405 | Energy: -7.300716 | Delta: 1.24e-02 | M: 15.4839 | Path: Statevector MPI-distributed (4 ranks)
[RESILIENCE] Iteration 405: Global theta state checkpointed at path checkpoints/checkpoint_iter_0405.npy. 
Iter 0406 | Energy: -7.298866 | Delta: 1.85e-03 | M: 16.4080 | Path: Statevector MPI-distributed (4 ranks)
Iter 0407 | Energy: -7.298169 | Delta: 6.97e-04 | M: 14.9113 | Path: Statevector MPI-distributed (4 ranks)
Iter 0408 | Energy: -7.309314 | Delta: 1.11e-02 | M: 107.4125 | Path: Statevector MPI-distributed (4 ranks)
Iter 0409 | Energy: -7.299463 | Delta: 9.85e-03 | M: 1277.3805 | Path: Statevector MPI-distributed (4 ranks)
Iter 0410 | Energy: -7.305474 | Delta: 6.01e-03 | M: 1262.7712 | Path: Statevector MPI-distributed (4 ranks)
[RESILIENCE] Iteration 410: Global theta state checkpointed at path checkpoints/checkpoint_iter_0410.npy. 
Iter 0411 | Energy: -7.311413 | Delta: 5.94e-03 | M: 19.7310 | Path: Statevector MPI-distributed (4 ranks)
Iter 0412 | Energy: -7.309808 | Delta: 1.61e-03 | M: 177.2349 | Path: Statevector MPI-distributed (4 ranks)
Iter 0413 | Energy: -7.312257 | Delta: 2.45e-03 | M: 39.1348 | Path: Statevector MPI-distributed (4 ranks)
Iter 0414 | Energy: -7.313107 | Delta: 8.49e-04 | M: 534.2584 | Path: Statevector MPI-distributed (4 ranks)
Iter 0415 | Energy: -7.313995 | Delta: 8.89e-04 | M: 1217.2318 | Path: Statevector MPI-distributed (4 ranks)
[RESILIENCE] Iteration 415: Global theta state checkpointed at path checkpoints/checkpoint_iter_0415.npy. 
Iter 0416 | Energy: -7.313518 | Delta: 4.78e-04 | M: 79.0451 | Path: Statevector MPI-distributed (4 ranks)
Iter 0417 | Energy: -7.327707 | Delta: 1.42e-02 | M: 97.5064 | Path: Statevector MPI-distributed (4 ranks)
Iter 0418 | Energy: -7.334684 | Delta: 6.98e-03 | M: 43.9717 | Path: Statevector MPI-distributed (4 ranks)
Iter 0419 | Energy: -7.331576 | Delta: 3.11e-03 | M: 223.0536 | Path: Statevector MPI-distributed (4 ranks)
Iter 0420 | Energy: -7.329626 | Delta: 1.95e-03 | M: 46.8991 | Path: Statevector MPI-distributed (4 ranks)
[RESILIENCE] Iteration 420: Global theta state checkpointed at path checkpoints/checkpoint_iter_0420.npy. 
Iter 0421 | Energy: -7.335402 | Delta: 5.78e-03 | M: 130.7390 | Path: Statevector MPI-distributed (4 ranks)
Iter 0422 | Energy: -7.328498 | Delta: 6.90e-03 | M: 34.9194 | Path: Statevector MPI-distributed (4 ranks)
Iter 0423 | Energy: -7.340682 | Delta: 1.22e-02 | M: 49.3032 | Path: Statevector MPI-distributed (4 ranks)
Iter 0424 | Energy: -7.330677 | Delta: 1.00e-02 | M: 26.4422 | Path: Statevector MPI-distributed (4 ranks)
Iter 0425 | Energy: -7.340168 | Delta: 9.49e-03 | M: 1426.4706 | Path: Statevector MPI-distributed (4 ranks)
[RESILIENCE] Iteration 425: Global theta state checkpointed at path checkpoints/checkpoint_iter_0425.npy. 
Iter 0426 | Energy: -7.345530 | Delta: 5.36e-03 | M: 77.3010 | Path: Statevector MPI-distributed (4 ranks)
Iter 0427 | Energy: -7.343490 | Delta: 2.04e-03 | M: 1491.8545 | Path: Statevector MPI-distributed (4 ranks)
Iter 0428 | Energy: -7.350592 | Delta: 7.10e-03 | M: 256.9937 | Path: Statevector MPI-distributed (4 ranks)
Iter 0429 | Energy: -7.346826 | Delta: 3.77e-03 | M: 1047.2949 | Path: Statevector MPI-distributed (4 ranks)
Iter 0430 | Energy: -7.348829 | Delta: 2.00e-03 | M: 77.8060 | Path: Statevector MPI-distributed (4 ranks)
[RESILIENCE] Iteration 430: Global theta state checkpointed at path checkpoints/checkpoint_iter_0430.npy. 
Iter 0431 | Energy: -7.348300 | Delta: 5.29e-04 | M: 48.6257 | Path: Statevector MPI-distributed (4 ranks)
Iter 0432 | Energy: -7.350737 | Delta: 2.44e-03 | M: 108.8491 | Path: Statevector MPI-distributed (4 ranks)
Iter 0433 | Energy: -7.363899 | Delta: 1.32e-02 | M: 1283.7086 | Path: Statevector MPI-distributed (4 ranks)
Iter 0434 | Energy: -7.371212 | Delta: 7.31e-03 | M: 25.0620 | Path: Statevector MPI-distributed (4 ranks)
Iter 0435 | Energy: -7.369673 | Delta: 1.54e-03 | M: 37.6353 | Path: Statevector MPI-distributed (4 ranks)
[RESILIENCE] Iteration 435: Global theta state checkpointed at path checkpoints/checkpoint_iter_0435.npy. 
Iter 0436 | Energy: -7.363565 | Delta: 6.11e-03 | M: 116.6588 | Path: Statevector MPI-distributed (4 ranks)
Iter 0437 | Energy: -7.364081 | Delta: 5.16e-04 | M: 227.4284 | Path: Statevector MPI-distributed (4 ranks)
Iter 0438 | Energy: -7.373766 | Delta: 9.68e-03 | M: 16.2506 | Path: Statevector MPI-distributed (4 ranks)
Iter 0439 | Energy: -7.372138 | Delta: 1.63e-03 | M: 93.2606 | Path: Statevector MPI-distributed (4 ranks)
Iter 0440 | Energy: -7.367708 | Delta: 4.43e-03 | M: 54.6232 | Path: Statevector MPI-distributed (4 ranks)
[RESILIENCE] Iteration 440: Global theta state checkpointed at path checkpoints/checkpoint_iter_0440.npy. 
Iter 0441 | Energy: -7.376129 | Delta: 8.42e-03 | M: 246.5141 | Path: Statevector MPI-distributed (4 ranks)
Iter 0442 | Energy: -7.374384 | Delta: 1.75e-03 | M: 35.0607 | Path: Statevector MPI-distributed (4 ranks)
Iter 0443 | Energy: -7.377580 | Delta: 3.20e-03 | M: 4.6069 | Path: Statevector MPI-distributed (4 ranks)
Iter 0444 | Energy: -7.384821 | Delta: 7.24e-03 | M: 1.3112 | Path: Statevector MPI-distributed (4 ranks)
Iter 0445 | Energy: -7.380388 | Delta: 4.43e-03 | M: 1.7282 | Path: Statevector MPI-distributed (4 ranks)
[RESILIENCE] Iteration 445: Global theta state checkpointed at path checkpoints/checkpoint_iter_0445.npy. 
Iter 0446 | Energy: -7.377982 | Delta: 2.41e-03 | M: 180.2748 | Path: Statevector MPI-distributed (4 ranks)
Iter 0447 | Energy: -7.387715 | Delta: 9.73e-03 | M: 822.4020 | Path: Statevector MPI-distributed (4 ranks)
Iter 0448 | Energy: -7.390472 | Delta: 2.76e-03 | M: 1167.5023 | Path: Statevector MPI-distributed (4 ranks)
Iter 0449 | Energy: -7.388247 | Delta: 2.23e-03 | M: 1221.9883 | Path: Statevector MPI-distributed (4 ranks)
Iter 0450 | Energy: -7.393656 | Delta: 5.41e-03 | M: 1479.0999 | Path: Statevector MPI-distributed (4 ranks)
[RESILIENCE] Iteration 450: Global theta state checkpointed at path checkpoints/checkpoint_iter_0450.npy. 
Iter 0451 | Energy: -7.394198 | Delta: 5.42e-04 | M: 297.9260 | Path: Statevector MPI-distributed (4 ranks)
Iter 0452 | Energy: -7.386498 | Delta: 7.70e-03 | M: 38.7505 | Path: Statevector MPI-distributed (4 ranks)
Iter 0453 | Energy: -7.394205 | Delta: 7.71e-03 | M: 1414.9215 | Path: Statevector MPI-distributed (4 ranks)
Iter 0454 | Energy: -7.398584 | Delta: 4.38e-03 | M: 371.9325 | Path: Statevector MPI-distributed (4 ranks)
Iter 0455 | Energy: -7.393692 | Delta: 4.89e-03 | M: 11.2476 | Path: Statevector MPI-distributed (4 ranks)
[RESILIENCE] Iteration 455: Global theta state checkpointed at path checkpoints/checkpoint_iter_0455.npy. 
Iter 0456 | Energy: -7.402333 | Delta: 8.64e-03 | M: 176.3302 | Path: Statevector MPI-distributed (4 ranks)
Iter 0457 | Energy: -7.408140 | Delta: 5.81e-03 | M: 1271.8499 | Path: Statevector MPI-distributed (4 ranks)
Iter 0458 | Energy: -7.408277 | Delta: 1.37e-04 | M: 882.2365 | Path: Statevector MPI-distributed (4 ranks)
Iter 0459 | Energy: -7.414469 | Delta: 6.19e-03 | M: 145.3387 | Path: Statevector MPI-distributed (4 ranks)
Iter 0460 | Energy: -7.418042 | Delta: 3.57e-03 | M: 20.7036 | Path: Statevector MPI-distributed (4 ranks)
[RESILIENCE] Iteration 460: Global theta state checkpointed at path checkpoints/checkpoint_iter_0460.npy. 
Iter 0461 | Energy: -7.420220 | Delta: 2.18e-03 | M: 1235.8857 | Path: Statevector MPI-distributed (4 ranks)
Iter 0462 | Energy: -7.426407 | Delta: 6.19e-03 | M: 4.5767 | Path: Statevector MPI-distributed (4 ranks)
Iter 0463 | Energy: -7.431756 | Delta: 5.35e-03 | M: 38.7009 | Path: Statevector MPI-distributed (4 ranks)
Iter 0464 | Energy: -7.430175 | Delta: 1.58e-03 | M: 60.4482 | Path: Statevector MPI-distributed (4 ranks)
Iter 0465 | Energy: -7.446542 | Delta: 1.64e-02 | M: 110.6808 | Path: Statevector MPI-distributed (4 ranks)
[RESILIENCE] Iteration 465: Global theta state checkpointed at path checkpoints/checkpoint_iter_0465.npy. 
Iter 0466 | Energy: -7.445133 | Delta: 1.41e-03 | M: 356.7929 | Path: Statevector MPI-distributed (4 ranks)
Iter 0467 | Energy: -7.441164 | Delta: 3.97e-03 | M: 163.9050 | Path: Statevector MPI-distributed (4 ranks)
Iter 0468 | Energy: -7.438309 | Delta: 2.85e-03 | M: 110.9208 | Path: Statevector MPI-distributed (4 ranks)
Iter 0469 | Energy: -7.444764 | Delta: 6.45e-03 | M: 53.6310 | Path: Statevector MPI-distributed (4 ranks)
Iter 0470 | Energy: -7.443628 | Delta: 1.14e-03 | M: 3.5108 | Path: Statevector MPI-distributed (4 ranks)
[RESILIENCE] Iteration 470: Global theta state checkpointed at path checkpoints/checkpoint_iter_0470.npy. 
Iter 0471 | Energy: -7.446527 | Delta: 2.90e-03 | M: 1238.0677 | Path: Statevector MPI-distributed (4 ranks)
Iter 0472 | Energy: -7.446314 | Delta: 2.13e-04 | M: 84.7207 | Path: Statevector MPI-distributed (4 ranks)
Iter 0473 | Energy: -7.452508 | Delta: 6.19e-03 | M: 69.3046 | Path: Statevector MPI-distributed (4 ranks)
Iter 0474 | Energy: -7.453508 | Delta: 1.00e-03 | M: 1469.2021 | Path: Statevector MPI-distributed (4 ranks)
Iter 0475 | Energy: -7.449242 | Delta: 4.27e-03 | M: 153.0245 | Path: Statevector MPI-distributed (4 ranks)
[RESILIENCE] Iteration 475: Global theta state checkpointed at path checkpoints/checkpoint_iter_0475.npy. 
Iter 0476 | Energy: -7.446288 | Delta: 2.95e-03 | M: 75.4518 | Path: Statevector MPI-distributed (4 ranks)
Iter 0477 | Energy: -7.446680 | Delta: 3.92e-04 | M: 71.3460 | Path: Statevector MPI-distributed (4 ranks)
Iter 0478 | Energy: -7.451208 | Delta: 4.53e-03 | M: 118.6385 | Path: Statevector MPI-distributed (4 ranks)
Iter 0479 | Energy: -7.461419 | Delta: 1.02e-02 | M: 45.0188 | Path: Statevector MPI-distributed (4 ranks)
Iter 0480 | Energy: -7.458631 | Delta: 2.79e-03 | M: 1270.2817 | Path: Statevector MPI-distributed (4 ranks)
[RESILIENCE] Iteration 480: Global theta state checkpointed at path checkpoints/checkpoint_iter_0480.npy. 
Iter 0481 | Energy: -7.454081 | Delta: 4.55e-03 | M: 54.1150 | Path: Statevector MPI-distributed (4 ranks)
Iter 0482 | Energy: -7.455983 | Delta: 1.90e-03 | M: 38.6460 | Path: Statevector MPI-distributed (4 ranks)
Iter 0483 | Energy: -7.454438 | Delta: 1.54e-03 | M: 39.8847 | Path: Statevector MPI-distributed (4 ranks)
Iter 0484 | Energy: -7.451608 | Delta: 2.83e-03 | M: 93.4551 | Path: Statevector MPI-distributed (4 ranks)
Iter 0485 | Energy: -7.451481 | Delta: 1.26e-04 | M: 178.7212 | Path: Statevector MPI-distributed (4 ranks)
[RESILIENCE] Iteration 485: Global theta state checkpointed at path checkpoints/checkpoint_iter_0485.npy. 
Iter 0486 | Energy: -7.452564 | Delta: 1.08e-03 | M: 154.1372 | Path: Statevector MPI-distributed (4 ranks)
Iter 0487 | Energy: -7.455969 | Delta: 3.40e-03 | M: 26.6401 | Path: Statevector MPI-distributed (4 ranks)
Iter 0488 | Energy: -7.477534 | Delta: 2.16e-02 | M: 47.7325 | Path: Statevector MPI-distributed (4 ranks)
Iter 0489 | Energy: -7.472450 | Delta: 5.08e-03 | M: 402.9998 | Path: Statevector MPI-distributed (4 ranks)
Iter 0490 | Energy: -7.472256 | Delta: 1.94e-04 | M: 1468.4466 | Path: Statevector MPI-distributed (4 ranks)
[RESILIENCE] Iteration 490: Global theta state checkpointed at path checkpoints/checkpoint_iter_0490.npy. 
Iter 0491 | Energy: -7.470215 | Delta: 2.04e-03 | M: 13.0223 | Path: Statevector MPI-distributed (4 ranks)
Iter 0492 | Energy: -7.473740 | Delta: 3.53e-03 | M: 153.0081 | Path: Statevector MPI-distributed (4 ranks)
Iter 0493 | Energy: -7.471592 | Delta: 2.15e-03 | M: 189.1486 | Path: Statevector MPI-distributed (4 ranks)
Iter 0494 | Energy: -7.476424 | Delta: 4.83e-03 | M: 1445.8123 | Path: Statevector MPI-distributed (4 ranks)
Iter 0495 | Energy: -7.484399 | Delta: 7.97e-03 | M: 77.3118 | Path: Statevector MPI-distributed (4 ranks)
[RESILIENCE] Iteration 495: Global theta state checkpointed at path checkpoints/checkpoint_iter_0495.npy. 
Iter 0496 | Energy: -7.480720 | Delta: 3.68e-03 | M: 63.8181 | Path: Statevector MPI-distributed (4 ranks)
Iter 0497 | Energy: -7.484355 | Delta: 3.63e-03 | M: 41.9811 | Path: Statevector MPI-distributed (4 ranks)
Iter 0498 | Energy: -7.480336 | Delta: 4.02e-03 | M: 38.0930 | Path: Statevector MPI-distributed (4 ranks)
Iter 0499 | Energy: -7.481229 | Delta: 8.92e-04 | M: 92.2556 | Path: Statevector MPI-distributed (4 ranks)
Iter 0500 | Energy: -7.484999 | Delta: 3.77e-03 | M: 107.0982 | Path: Statevector MPI-distributed (4 ranks)
[RESILIENCE] Iteration 500: Global theta state checkpointed at path checkpoints/checkpoint_iter_0500.npy. 

[LiH] Ansatz tier:hwe_adaptive
[LiH] Corr score: 0.502 
[Resolver] 'BeH2' found in local registry 
[LiH] Final energy : -7.484999 Ha 
[LiH] Reference FCI : -7.882472 Ha 
[LiH] Absolute error: +0.3975 Ha  Ha 
[LiH] Iterations run: 500
[Resolver] 'BeH2' found in local registry 
[Resolver] 'BeH2' found in local registry 
[LiH] Wall time: 38.30s (includes QPU queue + RTT) 
[LiH] Time/iter: 0.08 s 
[LiH] Source: registry 
[LiH] Active electrons: 2 
[LiH] Estimated qubits: 10 
[LiH] Note: Frozen 2 core electrons. Active space: 2 electrons, 10 qubits 


--- RUNNING CHEMISTRY TASK BeH2 ---
[Resolver] 'BeH2' found in local registry 
[Chemistry:BeH2] 666 Pauli terms, 14 qubits, 112 params,  reps=2. FCI reference: -15.5951 Ha 
[Ansatz] HWE (adaptive) (auto) | corr_score=0.501 | off_diag_ratio=0.004
[Reason] score=0.501 in [0.25, 0.55). Moderate correlation detected (off_diag_ratio=0.004, zz_frac=0.977). Adaptive HWE with full entanglement recommended.
[Chemistry:BeH2] 666 Pauli terms, 14 qubits, 112 params,  reps=2. FCI reference: -15.5951 Ha 
[Ansatz] HWE (adaptive) (auto) | corr_score=0.501 | off_diag_ratio=0.004
[Reason] score=0.501 in [0.25, 0.55). Moderate correlation detected (off_diag_ratio=0.004, zz_frac=0.977). Adaptive HWE with full entanglement recommended.
[Chemistry:BeH2] 666 Pauli terms, 14 qubits, 112 params,  reps=2. FCI reference: -15.5951 Ha 
[Ansatz] HWE (adaptive) (auto) | corr_score=0.501 | off_diag_ratio=0.004
[Reason] score=0.501 in [0.25, 0.55). Moderate correlation detected (off_diag_ratio=0.004, zz_frac=0.977). Adaptive HWE with full entanglement recommended.
[Chemistry:BeH2] 666 Pauli terms, 14 qubits, 112 params,  reps=2. FCI reference: -15.5951 Ha 
[Ansatz] HWE (adaptive) (auto) | corr_score=0.501 | off_diag_ratio=0.004
[Reason] score=0.501 in [0.25, 0.55). Moderate correlation detected (off_diag_ratio=0.004, zz_frac=0.977). Adaptive HWE with full entanglement recommended.
Iter 0001 | Energy: -0.931967 | Delta: inf | M: 150.0560 | Path: Statevector MPI-distributed (4 ranks)
Iter 0002 | Energy: -0.825923 | Delta: 1.06e-01 | M: 102.5327 | Path: Statevector MPI-distributed (4 ranks)
Iter 0003 | Energy: -0.779197 | Delta: 4.67e-02 | M: 6.5574 | Path: Statevector MPI-distributed (4 ranks)
Iter 0004 | Energy: -0.772890 | Delta: 6.31e-03 | M: 3433.6162 | Path: Statevector MPI-distributed (4 ranks)
Iter 0005 | Energy: -0.785594 | Delta: 1.27e-02 | M: 37.7286 | Path: Statevector MPI-distributed (4 ranks)
[RESILIENCE] Iteration 5: Global theta state checkpointed at path checkpoints/checkpoint_iter_0005.npy. 
Iter 0006 | Energy: -0.790885 | Delta: 5.29e-03 | M: 153.0464 | Path: Statevector MPI-distributed (4 ranks)
Iter 0007 | Energy: -0.796075 | Delta: 5.19e-03 | M: 88.4950 | Path: Statevector MPI-distributed (4 ranks)
Iter 0008 | Energy: -0.801123 | Delta: 5.05e-03 | M: 61.4423 | Path: Statevector MPI-distributed (4 ranks)
Iter 0009 | Energy: -0.802436 | Delta: 1.31e-03 | M: 46.6608 | Path: Statevector MPI-distributed (4 ranks)
Iter 0010 | Energy: -0.954829 | Delta: 1.52e-01 | M: 25.6835 | Path: Statevector MPI-distributed (4 ranks)
[RESILIENCE] Iteration 10: Global theta state checkpointed at path checkpoints/checkpoint_iter_0010.npy. 
Iter 0011 | Energy: -0.987410 | Delta: 3.26e-02 | M: 12.3651 | Path: Statevector MPI-distributed (4 ranks)
Iter 0012 | Energy: -1.030831 | Delta: 4.34e-02 | M: 18.1186 | Path: Statevector MPI-distributed (4 ranks)
Iter 0013 | Energy: -1.040739 | Delta: 9.91e-03 | M: 15.8696 | Path: Statevector MPI-distributed (4 ranks)
Iter 0014 | Energy: -1.102502 | Delta: 6.18e-02 | M: 7.8274 | Path: Statevector MPI-distributed (4 ranks)
Iter 0015 | Energy: -1.513145 | Delta: 4.11e-01 | M: 347.2327 | Path: Statevector MPI-distributed (4 ranks)
[RESILIENCE] Iteration 15: Global theta state checkpointed at path checkpoints/checkpoint_iter_0015.npy. 
Iter 0016 | Energy: -1.520386 | Delta: 7.24e-03 | M: 36.5841 | Path: Statevector MPI-distributed (4 ranks)
Iter 0017 | Energy: -1.658176 | Delta: 1.38e-01 | M: 20.8706 | Path: Statevector MPI-distributed (4 ranks)
Iter 0018 | Energy: -1.751254 | Delta: 9.31e-02 | M: 87.1711 | Path: Statevector MPI-distributed (4 ranks)
Iter 0019 | Energy: -2.782142 | Delta: 1.03e+00 | M: 55.6215 | Path: Statevector MPI-distributed (4 ranks)
Iter 0020 | Energy: -2.763275 | Delta: 1.89e-02 | M: 359.8433 | Path: Statevector MPI-distributed (4 ranks)
[RESILIENCE] Iteration 20: Global theta state checkpointed at path checkpoints/checkpoint_iter_0020.npy. 
Iter 0021 | Energy: -3.475814 | Delta: 7.13e-01 | M: 4193.4195 | Path: Statevector MPI-distributed (4 ranks)
Iter 0022 | Energy: -4.197658 | Delta: 7.22e-01 | M: 3843.3173 | Path: Statevector MPI-distributed (4 ranks)
Iter 0023 | Energy: -4.263652 | Delta: 6.60e-02 | M: 2771.7181 | Path: Statevector MPI-distributed (4 ranks)
Iter 0024 | Energy: -4.518615 | Delta: 2.55e-01 | M: 242.0057 | Path: Statevector MPI-distributed (4 ranks)
Iter 0025 | Energy: -4.633500 | Delta: 1.15e-01 | M: 64.7115 | Path: Statevector MPI-distributed (4 ranks)
[RESILIENCE] Iteration 25: Global theta state checkpointed at path checkpoints/checkpoint_iter_0025.npy. 
Iter 0026 | Energy: -5.766978 | Delta: 1.13e+00 | M: 3516.8250 | Path: Statevector MPI-distributed (4 ranks)
Iter 0027 | Energy: -5.810117 | Delta: 4.31e-02 | M: 642.4748 | Path: Statevector MPI-distributed (4 ranks)
Iter 0028 | Energy: -6.123726 | Delta: 3.14e-01 | M: 108.0600 | Path: Statevector MPI-distributed (4 ranks)
Iter 0029 | Energy: -6.496528 | Delta: 3.73e-01 | M: 23.5616 | Path: Statevector MPI-distributed (4 ranks)
Iter 0030 | Energy: -6.504889 | Delta: 8.36e-03 | M: 67.7866 | Path: Statevector MPI-distributed (4 ranks)
[RESILIENCE] Iteration 30: Global theta state checkpointed at path checkpoints/checkpoint_iter_0030.npy. 
Iter 0031 | Energy: -6.788917 | Delta: 2.84e-01 | M: 449.0370 | Path: Statevector MPI-distributed (4 ranks)
Iter 0032 | Energy: -7.804028 | Delta: 1.02e+00 | M: 3484.0835 | Path: Statevector MPI-distributed (4 ranks)
Iter 0033 | Energy: -7.815545 | Delta: 1.15e-02 | M: 3565.5469 | Path: Statevector MPI-distributed (4 ranks)
Iter 0034 | Energy: -8.446493 | Delta: 6.31e-01 | M: 6.2284 | Path: Statevector MPI-distributed (4 ranks)
Iter 0035 | Energy: -8.593516 | Delta: 1.47e-01 | M: 3876.9967 | Path: Statevector MPI-distributed (4 ranks)
[RESILIENCE] Iteration 35: Global theta state checkpointed at path checkpoints/checkpoint_iter_0035.npy. 
Iter 0036 | Energy: -8.670099 | Delta: 7.66e-02 | M: 3860.2809 | Path: Statevector MPI-distributed (4 ranks)
Iter 0037 | Energy: -8.705417 | Delta: 3.53e-02 | M: 3542.1682 | Path: Statevector MPI-distributed (4 ranks)
Iter 0038 | Energy: -8.768839 | Delta: 6.34e-02 | M: 1835.5652 | Path: Statevector MPI-distributed (4 ranks)
Iter 0039 | Energy: -9.062616 | Delta: 2.94e-01 | M: 3521.6495 | Path: Statevector MPI-distributed (4 ranks)
Iter 0040 | Energy: -9.056648 | Delta: 5.97e-03 | M: 3701.4409 | Path: Statevector MPI-distributed (4 ranks)
[RESILIENCE] Iteration 40: Global theta state checkpointed at path checkpoints/checkpoint_iter_0040.npy. 
Iter 0041 | Energy: -9.079104 | Delta: 2.25e-02 | M: 4061.2758 | Path: Statevector MPI-distributed (4 ranks)
Iter 0042 | Energy: -9.036059 | Delta: 4.30e-02 | M: 32.2478 | Path: Statevector MPI-distributed (4 ranks)
Iter 0043 | Energy: -9.133043 | Delta: 9.70e-02 | M: 81.8075 | Path: Statevector MPI-distributed (4 ranks)
Iter 0044 | Energy: -9.497976 | Delta: 3.65e-01 | M: 3582.3712 | Path: Statevector MPI-distributed (4 ranks)
Iter 0045 | Energy: -10.189831 | Delta: 6.92e-01 | M: 3521.8752 | Path: Statevector MPI-distributed (4 ranks)
[RESILIENCE] Iteration 45: Global theta state checkpointed at path checkpoints/checkpoint_iter_0045.npy. 
Iter 0046 | Energy: -10.306270 | Delta: 1.16e-01 | M: 3463.4272 | Path: Statevector MPI-distributed (4 ranks)
Iter 0047 | Energy: -10.246856 | Delta: 5.94e-02 | M: 3755.0375 | Path: Statevector MPI-distributed (4 ranks)
Iter 0048 | Energy: -10.465147 | Delta: 2.18e-01 | M: 75.8909 | Path: Statevector MPI-distributed (4 ranks)
Iter 0049 | Energy: -10.705003 | Delta: 2.40e-01 | M: 1651.2757 | Path: Statevector MPI-distributed (4 ranks)
Iter 0050 | Energy: -10.903590 | Delta: 1.99e-01 | M: 55.1867 | Path: Statevector MPI-distributed (4 ranks)
[RESILIENCE] Iteration 50: Global theta state checkpointed at path checkpoints/checkpoint_iter_0050.npy. 
Iter 0051 | Energy: -10.927035 | Delta: 2.34e-02 | M: 9.0249 | Path: Statevector MPI-distributed (4 ranks)
Iter 0052 | Energy: -10.938789 | Delta: 1.18e-02 | M: 25.4685 | Path: Statevector MPI-distributed (4 ranks)
Iter 0053 | Energy: -10.945825 | Delta: 7.04e-03 | M: 3280.0251 | Path: Statevector MPI-distributed (4 ranks)
Iter 0054 | Energy: -11.032797 | Delta: 8.70e-02 | M: 1957.5725 | Path: Statevector MPI-distributed (4 ranks)
Iter 0055 | Energy: -11.031334 | Delta: 1.46e-03 | M: 167.5679 | Path: Statevector MPI-distributed (4 ranks)
[RESILIENCE] Iteration 55: Global theta state checkpointed at path checkpoints/checkpoint_iter_0055.npy. 
Iter 0056 | Energy: -11.378902 | Delta: 3.48e-01 | M: 43.3202 | Path: Statevector MPI-distributed (4 ranks)
Iter 0057 | Energy: -11.412202 | Delta: 3.33e-02 | M: 3220.0685 | Path: Statevector MPI-distributed (4 ranks)
Iter 0058 | Energy: -11.399288 | Delta: 1.29e-02 | M: 3783.4089 | Path: Statevector MPI-distributed (4 ranks)
Iter 0059 | Energy: -11.404476 | Delta: 5.19e-03 | M: 3641.6064 | Path: Statevector MPI-distributed (4 ranks)
Iter 0060 | Energy: -11.439806 | Delta: 3.53e-02 | M: 4514.6031 | Path: Statevector MPI-distributed (4 ranks)
[RESILIENCE] Iteration 60: Global theta state checkpointed at path checkpoints/checkpoint_iter_0060.npy. 
Iter 0061 | Energy: -11.540348 | Delta: 1.01e-01 | M: 26.0508 | Path: Statevector MPI-distributed (4 ranks)
Iter 0062 | Energy: -11.561287 | Delta: 2.09e-02 | M: 282.5724 | Path: Statevector MPI-distributed (4 ranks)
Iter 0063 | Energy: -11.605349 | Delta: 4.41e-02 | M: 2422.5237 | Path: Statevector MPI-distributed (4 ranks)
Iter 0064 | Energy: -11.622564 | Delta: 1.72e-02 | M: 97.8348 | Path: Statevector MPI-distributed (4 ranks)
Iter 0065 | Energy: -11.663291 | Delta: 4.07e-02 | M: 889.0581 | Path: Statevector MPI-distributed (4 ranks)
[RESILIENCE] Iteration 65: Global theta state checkpointed at path checkpoints/checkpoint_iter_0065.npy. 
Iter 0066 | Energy: -11.665264 | Delta: 1.97e-03 | M: 3391.4779 | Path: Statevector MPI-distributed (4 ranks)
Iter 0067 | Energy: -11.753005 | Delta: 8.77e-02 | M: 2750.9126 | Path: Statevector MPI-distributed (4 ranks)
Iter 0068 | Energy: -11.737414 | Delta: 1.56e-02 | M: 3963.4225 | Path: Statevector MPI-distributed (4 ranks)
Iter 0069 | Energy: -11.772737 | Delta: 3.53e-02 | M: 16.6840 | Path: Statevector MPI-distributed (4 ranks)
Iter 0070 | Energy: -11.880669 | Delta: 1.08e-01 | M: 3709.5617 | Path: Statevector MPI-distributed (4 ranks)
[RESILIENCE] Iteration 70: Global theta state checkpointed at path checkpoints/checkpoint_iter_0070.npy. 
Iter 0071 | Energy: -11.882847 | Delta: 2.18e-03 | M: 3190.4252 | Path: Statevector MPI-distributed (4 ranks)
Iter 0072 | Energy: -12.006176 | Delta: 1.23e-01 | M: 22.4440 | Path: Statevector MPI-distributed (4 ranks)
Iter 0073 | Energy: -12.018807 | Delta: 1.26e-02 | M: 44.0989 | Path: Statevector MPI-distributed (4 ranks)
Iter 0074 | Energy: -12.105849 | Delta: 8.70e-02 | M: 8.0337 | Path: Statevector MPI-distributed (4 ranks)
Iter 0075 | Energy: -12.151543 | Delta: 4.57e-02 | M: 44.9134 | Path: Statevector MPI-distributed (4 ranks)
[RESILIENCE] Iteration 75: Global theta state checkpointed at path checkpoints/checkpoint_iter_0075.npy. 
Iter 0076 | Energy: -12.136001 | Delta: 1.55e-02 | M: 89.4444 | Path: Statevector MPI-distributed (4 ranks)
Iter 0077 | Energy: -12.121250 | Delta: 1.48e-02 | M: 4898.0558 | Path: Statevector MPI-distributed (4 ranks)
Iter 0078 | Energy: -12.174442 | Delta: 5.32e-02 | M: 82.9677 | Path: Statevector MPI-distributed (4 ranks)
Iter 0079 | Energy: -12.162341 | Delta: 1.21e-02 | M: 2221.7498 | Path: Statevector MPI-distributed (4 ranks)
Iter 0080 | Energy: -12.159879 | Delta: 2.46e-03 | M: 2750.2631 | Path: Statevector MPI-distributed (4 ranks)
[RESILIENCE] Iteration 80: Global theta state checkpointed at path checkpoints/checkpoint_iter_0080.npy. 
Iter 0081 | Energy: -12.179444 | Delta: 1.96e-02 | M: 3950.7564 | Path: Statevector MPI-distributed (4 ranks)
Iter 0082 | Energy: -12.207236 | Delta: 2.78e-02 | M: 3381.9029 | Path: Statevector MPI-distributed (4 ranks)
Iter 0083 | Energy: -12.235834 | Delta: 2.86e-02 | M: 3466.5301 | Path: Statevector MPI-distributed (4 ranks)
Iter 0084 | Energy: -12.257132 | Delta: 2.13e-02 | M: 1873.7529 | Path: Statevector MPI-distributed (4 ranks)
Iter 0085 | Energy: -12.266148 | Delta: 9.02e-03 | M: 44.1988 | Path: Statevector MPI-distributed (4 ranks)
[RESILIENCE] Iteration 85: Global theta state checkpointed at path checkpoints/checkpoint_iter_0085.npy. 
Iter 0086 | Energy: -12.276145 | Delta: 1.00e-02 | M: 4311.3659 | Path: Statevector MPI-distributed (4 ranks)
Iter 0087 | Energy: -12.299687 | Delta: 2.35e-02 | M: 110.3229 | Path: Statevector MPI-distributed (4 ranks)
Iter 0088 | Energy: -12.292130 | Delta: 7.56e-03 | M: 94.0769 | Path: Statevector MPI-distributed (4 ranks)
Iter 0089 | Energy: -12.329969 | Delta: 3.78e-02 | M: 839.9856 | Path: Statevector MPI-distributed (4 ranks)
Iter 0090 | Energy: -12.322258 | Delta: 7.71e-03 | M: 20.0136 | Path: Statevector MPI-distributed (4 ranks)
[RESILIENCE] Iteration 90: Global theta state checkpointed at path checkpoints/checkpoint_iter_0090.npy. 
Iter 0091 | Energy: -12.303887 | Delta: 1.84e-02 | M: 5458.6784 | Path: Statevector MPI-distributed (4 ranks)
Iter 0092 | Energy: -12.299163 | Delta: 4.72e-03 | M: 3855.9333 | Path: Statevector MPI-distributed (4 ranks)
Iter 0093 | Energy: -12.300088 | Delta: 9.25e-04 | M: 3465.9198 | Path: Statevector MPI-distributed (4 ranks)
Iter 0094 | Energy: -12.342115 | Delta: 4.20e-02 | M: 139.4669 | Path: Statevector MPI-distributed (4 ranks)
Iter 0095 | Energy: -12.336938 | Delta: 5.18e-03 | M: 2553.1630 | Path: Statevector MPI-distributed (4 ranks)
[RESILIENCE] Iteration 95: Global theta state checkpointed at path checkpoints/checkpoint_iter_0095.npy. 
Iter 0096 | Energy: -12.358631 | Delta: 2.17e-02 | M: 2.3067 | Path: Statevector MPI-distributed (4 ranks)
Iter 0097 | Energy: -12.422662 | Delta: 6.40e-02 | M: 245.3410 | Path: Statevector MPI-distributed (4 ranks)
Iter 0098 | Energy: -12.431289 | Delta: 8.63e-03 | M: 59.2493 | Path: Statevector MPI-distributed (4 ranks)
Iter 0099 | Energy: -12.429411 | Delta: 1.88e-03 | M: 2517.0461 | Path: Statevector MPI-distributed (4 ranks)
Iter 0100 | Energy: -12.417665 | Delta: 1.17e-02 | M: 30.9345 | Path: Statevector MPI-distributed (4 ranks)
[RESILIENCE] Iteration 100: Global theta state checkpointed at path checkpoints/checkpoint_iter_0100.npy. 
Iter 0101 | Energy: -12.452726 | Delta: 3.51e-02 | M: 56.2219 | Path: Statevector MPI-distributed (4 ranks)
Iter 0102 | Energy: -12.462560 | Delta: 9.83e-03 | M: 203.0000 | Path: Statevector MPI-distributed (4 ranks)
Iter 0103 | Energy: -12.468638 | Delta: 6.08e-03 | M: 80.7242 | Path: Statevector MPI-distributed (4 ranks)
Iter 0104 | Energy: -12.487546 | Delta: 1.89e-02 | M: 17.4242 | Path: Statevector MPI-distributed (4 ranks)
Iter 0105 | Energy: -12.467888 | Delta: 1.97e-02 | M: 28.3403 | Path: Statevector MPI-distributed (4 ranks)
[RESILIENCE] Iteration 105: Global theta state checkpointed at path checkpoints/checkpoint_iter_0105.npy. 
Iter 0106 | Energy: -12.472351 | Delta: 4.46e-03 | M: 4.4584 | Path: Statevector MPI-distributed (4 ranks)
Iter 0107 | Energy: -12.503788 | Delta: 3.14e-02 | M: 3.6184 | Path: Statevector MPI-distributed (4 ranks)
Iter 0108 | Energy: -12.522281 | Delta: 1.85e-02 | M: 4.3925 | Path: Statevector MPI-distributed (4 ranks)
Iter 0109 | Energy: -12.536409 | Delta: 1.41e-02 | M: 4.3380 | Path: Statevector MPI-distributed (4 ranks)
Iter 0110 | Energy: -12.559344 | Delta: 2.29e-02 | M: 4.0384 | Path: Statevector MPI-distributed (4 ranks)
[RESILIENCE] Iteration 110: Global theta state checkpointed at path checkpoints/checkpoint_iter_0110.npy. 
Iter 0111 | Energy: -12.534986 | Delta: 2.44e-02 | M: 3.7444 | Path: Statevector MPI-distributed (4 ranks)
Iter 0112 | Energy: -12.524011 | Delta: 1.10e-02 | M: 13.4748 | Path: Statevector MPI-distributed (4 ranks)
Iter 0113 | Energy: -12.533176 | Delta: 9.16e-03 | M: 60.5223 | Path: Statevector MPI-distributed (4 ranks)
Iter 0114 | Energy: -12.562111 | Delta: 2.89e-02 | M: 39.2553 | Path: Statevector MPI-distributed (4 ranks)
Iter 0115 | Energy: -12.543065 | Delta: 1.90e-02 | M: 3625.0362 | Path: Statevector MPI-distributed (4 ranks)
[RESILIENCE] Iteration 115: Global theta state checkpointed at path checkpoints/checkpoint_iter_0115.npy. 
Iter 0116 | Energy: -12.570213 | Delta: 2.71e-02 | M: 8.2348 | Path: Statevector MPI-distributed (4 ranks)
Iter 0117 | Energy: -12.561714 | Delta: 8.50e-03 | M: 49.4016 | Path: Statevector MPI-distributed (4 ranks)
Iter 0118 | Energy: -12.557952 | Delta: 3.76e-03 | M: 139.2458 | Path: Statevector MPI-distributed (4 ranks)
Iter 0119 | Energy: -12.616088 | Delta: 5.81e-02 | M: 11.3060 | Path: Statevector MPI-distributed (4 ranks)
Iter 0120 | Energy: -12.639974 | Delta: 2.39e-02 | M: 269.0623 | Path: Statevector MPI-distributed (4 ranks)
[RESILIENCE] Iteration 120: Global theta state checkpointed at path checkpoints/checkpoint_iter_0120.npy. 
Iter 0121 | Energy: -12.620940 | Delta: 1.90e-02 | M: 12.5327 | Path: Statevector MPI-distributed (4 ranks)
Iter 0122 | Energy: -12.636642 | Delta: 1.57e-02 | M: 181.5835 | Path: Statevector MPI-distributed (4 ranks)
Iter 0123 | Energy: -12.675232 | Delta: 3.86e-02 | M: 140.2650 | Path: Statevector MPI-distributed (4 ranks)
Iter 0124 | Energy: -12.672929 | Delta: 2.30e-03 | M: 4429.4435 | Path: Statevector MPI-distributed (4 ranks)
Iter 0125 | Energy: -12.666249 | Delta: 6.68e-03 | M: 77.1834 | Path: Statevector MPI-distributed (4 ranks)
[RESILIENCE] Iteration 125: Global theta state checkpointed at path checkpoints/checkpoint_iter_0125.npy. 
Iter 0126 | Energy: -12.651434 | Delta: 1.48e-02 | M: 4476.9435 | Path: Statevector MPI-distributed (4 ranks)
Iter 0127 | Energy: -12.653109 | Delta: 1.68e-03 | M: 3047.3629 | Path: Statevector MPI-distributed (4 ranks)
Iter 0128 | Energy: -12.700130 | Delta: 4.70e-02 | M: 97.3791 | Path: Statevector MPI-distributed (4 ranks)
Iter 0129 | Energy: -12.700248 | Delta: 1.19e-04 | M: 9.5537 | Path: Statevector MPI-distributed (4 ranks)
Iter 0130 | Energy: -12.708649 | Delta: 8.40e-03 | M: 13.7370 | Path: Statevector MPI-distributed (4 ranks)
[RESILIENCE] Iteration 130: Global theta state checkpointed at path checkpoints/checkpoint_iter_0130.npy. 
Iter 0131 | Energy: -12.700841 | Delta: 7.81e-03 | M: 41.3931 | Path: Statevector MPI-distributed (4 ranks)
Iter 0132 | Energy: -12.760729 | Delta: 5.99e-02 | M: 261.0821 | Path: Statevector MPI-distributed (4 ranks)
Iter 0133 | Energy: -12.753875 | Delta: 6.85e-03 | M: 3.3965 | Path: Statevector MPI-distributed (4 ranks)
Iter 0134 | Energy: -12.765805 | Delta: 1.19e-02 | M: 4.9763 | Path: Statevector MPI-distributed (4 ranks)
Iter 0135 | Energy: -12.798724 | Delta: 3.29e-02 | M: 92.7040 | Path: Statevector MPI-distributed (4 ranks)
[RESILIENCE] Iteration 135: Global theta state checkpointed at path checkpoints/checkpoint_iter_0135.npy. 
Iter 0136 | Energy: -12.790933 | Delta: 7.79e-03 | M: 9.4910 | Path: Statevector MPI-distributed (4 ranks)
Iter 0137 | Energy: -12.867642 | Delta: 7.67e-02 | M: 12.7233 | Path: Statevector MPI-distributed (4 ranks)
Iter 0138 | Energy: -12.854591 | Delta: 1.31e-02 | M: 14.4824 | Path: Statevector MPI-distributed (4 ranks)
Iter 0139 | Energy: -12.841624 | Delta: 1.30e-02 | M: 3547.0105 | Path: Statevector MPI-distributed (4 ranks)
Iter 0140 | Energy: -12.853510 | Delta: 1.19e-02 | M: 86.3412 | Path: Statevector MPI-distributed (4 ranks)
[RESILIENCE] Iteration 140: Global theta state checkpointed at path checkpoints/checkpoint_iter_0140.npy. 
Iter 0141 | Energy: -12.848875 | Delta: 4.64e-03 | M: 189.7865 | Path: Statevector MPI-distributed (4 ranks)
Iter 0142 | Energy: -12.874891 | Delta: 2.60e-02 | M: 150.5354 | Path: Statevector MPI-distributed (4 ranks)
Iter 0143 | Energy: -12.887936 | Delta: 1.30e-02 | M: 113.5610 | Path: Statevector MPI-distributed (4 ranks)
Iter 0144 | Energy: -12.904230 | Delta: 1.63e-02 | M: 3904.6171 | Path: Statevector MPI-distributed (4 ranks)
Iter 0145 | Energy: -12.890363 | Delta: 1.39e-02 | M: 116.5358 | Path: Statevector MPI-distributed (4 ranks)
[RESILIENCE] Iteration 145: Global theta state checkpointed at path checkpoints/checkpoint_iter_0145.npy. 
Iter 0146 | Energy: -12.914608 | Delta: 2.42e-02 | M: 2826.5419 | Path: Statevector MPI-distributed (4 ranks)
Iter 0147 | Energy: -12.928623 | Delta: 1.40e-02 | M: 2692.7404 | Path: Statevector MPI-distributed (4 ranks)
Iter 0148 | Energy: -12.903328 | Delta: 2.53e-02 | M: 3510.4532 | Path: Statevector MPI-distributed (4 ranks)
Iter 0149 | Energy: -12.920467 | Delta: 1.71e-02 | M: 3312.1887 | Path: Statevector MPI-distributed (4 ranks)
Iter 0150 | Energy: -12.918460 | Delta: 2.01e-03 | M: 3308.2794 | Path: Statevector MPI-distributed (4 ranks)
[RESILIENCE] Iteration 150: Global theta state checkpointed at path checkpoints/checkpoint_iter_0150.npy. 
Iter 0151 | Energy: -12.952398 | Delta: 3.39e-02 | M: 3029.1801 | Path: Statevector MPI-distributed (4 ranks)
Iter 0152 | Energy: -12.932530 | Delta: 1.99e-02 | M: 1.7436 | Path: Statevector MPI-distributed (4 ranks)
Iter 0153 | Energy: -12.981490 | Delta: 4.90e-02 | M: 2431.7965 | Path: Statevector MPI-distributed (4 ranks)
Iter 0154 | Energy: -12.950772 | Delta: 3.07e-02 | M: 3907.6705 | Path: Statevector MPI-distributed (4 ranks)
Iter 0155 | Energy: -12.972171 | Delta: 2.14e-02 | M: 3261.7353 | Path: Statevector MPI-distributed (4 ranks)
[RESILIENCE] Iteration 155: Global theta state checkpointed at path checkpoints/checkpoint_iter_0155.npy. 
Iter 0156 | Energy: -12.957949 | Delta: 1.42e-02 | M: 3630.5455 | Path: Statevector MPI-distributed (4 ranks)
Iter 0157 | Energy: -12.987199 | Delta: 2.92e-02 | M: 3135.2359 | Path: Statevector MPI-distributed (4 ranks)
Iter 0158 | Energy: -13.022023 | Delta: 3.48e-02 | M: 3858.7578 | Path: Statevector MPI-distributed (4 ranks)
Iter 0159 | Energy: -13.054949 | Delta: 3.29e-02 | M: 3832.1682 | Path: Statevector MPI-distributed (4 ranks)
Iter 0160 | Energy: -13.011633 | Delta: 4.33e-02 | M: 204.1032 | Path: Statevector MPI-distributed (4 ranks)
[RESILIENCE] Iteration 160: Global theta state checkpointed at path checkpoints/checkpoint_iter_0160.npy. 
Iter 0161 | Energy: -13.045134 | Delta: 3.35e-02 | M: 39.5837 | Path: Statevector MPI-distributed (4 ranks)
Iter 0162 | Energy: -13.038081 | Delta: 7.05e-03 | M: 3335.7827 | Path: Statevector MPI-distributed (4 ranks)
Iter 0163 | Energy: -13.063535 | Delta: 2.55e-02 | M: 3578.6276 | Path: Statevector MPI-distributed (4 ranks)
Iter 0164 | Energy: -13.099644 | Delta: 3.61e-02 | M: 3675.6303 | Path: Statevector MPI-distributed (4 ranks)
Iter 0165 | Energy: -13.086674 | Delta: 1.30e-02 | M: 3992.5525 | Path: Statevector MPI-distributed (4 ranks)
[RESILIENCE] Iteration 165: Global theta state checkpointed at path checkpoints/checkpoint_iter_0165.npy. 
Iter 0166 | Energy: -13.069222 | Delta: 1.75e-02 | M: 3979.5772 | Path: Statevector MPI-distributed (4 ranks)
Iter 0167 | Energy: -13.097834 | Delta: 2.86e-02 | M: 6.6215 | Path: Statevector MPI-distributed (4 ranks)
Iter 0168 | Energy: -13.110642 | Delta: 1.28e-02 | M: 3554.1666 | Path: Statevector MPI-distributed (4 ranks)
Iter 0169 | Energy: -13.113840 | Delta: 3.20e-03 | M: 3818.1276 | Path: Statevector MPI-distributed (4 ranks)
Iter 0170 | Energy: -13.142490 | Delta: 2.87e-02 | M: 3402.8881 | Path: Statevector MPI-distributed (4 ranks)
[RESILIENCE] Iteration 170: Global theta state checkpointed at path checkpoints/checkpoint_iter_0170.npy. 
Iter 0171 | Energy: -13.148220 | Delta: 5.73e-03 | M: 3204.7081 | Path: Statevector MPI-distributed (4 ranks)
Iter 0172 | Energy: -13.139243 | Delta: 8.98e-03 | M: 3833.6064 | Path: Statevector MPI-distributed (4 ranks)
Iter 0173 | Energy: -13.147341 | Delta: 8.10e-03 | M: 33.5616 | Path: Statevector MPI-distributed (4 ranks)
Iter 0174 | Energy: -13.134073 | Delta: 1.33e-02 | M: 53.5011 | Path: Statevector MPI-distributed (4 ranks)
Iter 0175 | Energy: -13.159525 | Delta: 2.55e-02 | M: 53.3150 | Path: Statevector MPI-distributed (4 ranks)
[RESILIENCE] Iteration 175: Global theta state checkpointed at path checkpoints/checkpoint_iter_0175.npy. 
Iter 0176 | Energy: -13.157389 | Delta: 2.14e-03 | M: 438.5794 | Path: Statevector MPI-distributed (4 ranks)
Iter 0177 | Energy: -13.193987 | Delta: 3.66e-02 | M: 3060.1081 | Path: Statevector MPI-distributed (4 ranks)
Iter 0178 | Energy: -13.208418 | Delta: 1.44e-02 | M: 166.8210 | Path: Statevector MPI-distributed (4 ranks)
Iter 0179 | Energy: -13.215208 | Delta: 6.79e-03 | M: 3994.0112 | Path: Statevector MPI-distributed (4 ranks)
Iter 0180 | Energy: -13.210293 | Delta: 4.91e-03 | M: 13.7647 | Path: Statevector MPI-distributed (4 ranks)
[RESILIENCE] Iteration 180: Global theta state checkpointed at path checkpoints/checkpoint_iter_0180.npy. 
Iter 0181 | Energy: -13.218133 | Delta: 7.84e-03 | M: 158.5583 | Path: Statevector MPI-distributed (4 ranks)
Iter 0182 | Energy: -13.241848 | Delta: 2.37e-02 | M: 34.8548 | Path: Statevector MPI-distributed (4 ranks)
Iter 0183 | Energy: -13.261134 | Delta: 1.93e-02 | M: 101.6995 | Path: Statevector MPI-distributed (4 ranks)
Iter 0184 | Energy: -13.242293 | Delta: 1.88e-02 | M: 68.2040 | Path: Statevector MPI-distributed (4 ranks)
Iter 0185 | Energy: -13.245831 | Delta: 3.54e-03 | M: 6.3351 | Path: Statevector MPI-distributed (4 ranks)
[RESILIENCE] Iteration 185: Global theta state checkpointed at path checkpoints/checkpoint_iter_0185.npy. 
Iter 0186 | Energy: -13.256204 | Delta: 1.04e-02 | M: 3606.7405 | Path: Statevector MPI-distributed (4 ranks)
Iter 0187 | Energy: -13.269065 | Delta: 1.29e-02 | M: 2982.0512 | Path: Statevector MPI-distributed (4 ranks)
Iter 0188 | Energy: -13.254918 | Delta: 1.41e-02 | M: 29.4095 | Path: Statevector MPI-distributed (4 ranks)
Iter 0189 | Energy: -13.309044 | Delta: 5.41e-02 | M: 3509.6434 | Path: Statevector MPI-distributed (4 ranks)
Iter 0190 | Energy: -13.315251 | Delta: 6.21e-03 | M: 3762.7373 | Path: Statevector MPI-distributed (4 ranks)
[RESILIENCE] Iteration 190: Global theta state checkpointed at path checkpoints/checkpoint_iter_0190.npy. 
Iter 0191 | Energy: -13.338025 | Delta: 2.28e-02 | M: 3985.4448 | Path: Statevector MPI-distributed (4 ranks)
Iter 0192 | Energy: -13.344944 | Delta: 6.92e-03 | M: 2776.0456 | Path: Statevector MPI-distributed (4 ranks)
Iter 0193 | Energy: -13.335604 | Delta: 9.34e-03 | M: 162.4725 | Path: Statevector MPI-distributed (4 ranks)
Iter 0194 | Energy: -13.328572 | Delta: 7.03e-03 | M: 3185.7451 | Path: Statevector MPI-distributed (4 ranks)
Iter 0195 | Energy: -13.347883 | Delta: 1.93e-02 | M: 330.7619 | Path: Statevector MPI-distributed (4 ranks)
[RESILIENCE] Iteration 195: Global theta state checkpointed at path checkpoints/checkpoint_iter_0195.npy. 
Iter 0196 | Energy: -13.367308 | Delta: 1.94e-02 | M: 2918.2994 | Path: Statevector MPI-distributed (4 ranks)
Iter 0197 | Energy: -13.345984 | Delta: 2.13e-02 | M: 519.7794 | Path: Statevector MPI-distributed (4 ranks)
Iter 0198 | Energy: -13.373332 | Delta: 2.73e-02 | M: 170.8159 | Path: Statevector MPI-distributed (4 ranks)
Iter 0199 | Energy: -13.376984 | Delta: 3.65e-03 | M: 2.8175 | Path: Statevector MPI-distributed (4 ranks)
Iter 0200 | Energy: -13.386902 | Delta: 9.92e-03 | M: 2.8646 | Path: Statevector MPI-distributed (4 ranks)
[RESILIENCE] Iteration 200: Global theta state checkpointed at path checkpoints/checkpoint_iter_0200.npy. 
Iter 0201 | Energy: -13.400688 | Delta: 1.38e-02 | M: 3.0561 | Path: Statevector MPI-distributed (4 ranks)
Iter 0202 | Energy: -13.396529 | Delta: 4.16e-03 | M: 3.4471 | Path: Statevector MPI-distributed (4 ranks)
Iter 0203 | Energy: -13.392757 | Delta: 3.77e-03 | M: 1.7953 | Path: Statevector MPI-distributed (4 ranks)
Iter 0204 | Energy: -13.384773 | Delta: 7.98e-03 | M: 3374.7301 | Path: Statevector MPI-distributed (4 ranks)
Iter 0205 | Energy: -13.377142 | Delta: 7.63e-03 | M: 62.2760 | Path: Statevector MPI-distributed (4 ranks)
[RESILIENCE] Iteration 205: Global theta state checkpointed at path checkpoints/checkpoint_iter_0205.npy. 
Iter 0206 | Energy: -13.442475 | Delta: 6.53e-02 | M: 35.0491 | Path: Statevector MPI-distributed (4 ranks)
Iter 0207 | Energy: -13.442342 | Delta: 1.33e-04 | M: 4065.9244 | Path: Statevector MPI-distributed (4 ranks)
Iter 0208 | Energy: -13.433231 | Delta: 9.11e-03 | M: 17.9741 | Path: Statevector MPI-distributed (4 ranks)
Iter 0209 | Energy: -13.415725 | Delta: 1.75e-02 | M: 9.7883 | Path: Statevector MPI-distributed (4 ranks)
Iter 0210 | Energy: -13.454510 | Delta: 3.88e-02 | M: 3748.1124 | Path: Statevector MPI-distributed (4 ranks)
[RESILIENCE] Iteration 210: Global theta state checkpointed at path checkpoints/checkpoint_iter_0210.npy. 
Iter 0211 | Energy: -13.410420 | Delta: 4.41e-02 | M: 130.8321 | Path: Statevector MPI-distributed (4 ranks)
Iter 0212 | Energy: -13.448169 | Delta: 3.77e-02 | M: 60.1581 | Path: Statevector MPI-distributed (4 ranks)
Iter 0213 | Energy: -13.469137 | Delta: 2.10e-02 | M: 178.6482 | Path: Statevector MPI-distributed (4 ranks)
Iter 0214 | Energy: -13.462592 | Delta: 6.55e-03 | M: 3917.3575 | Path: Statevector MPI-distributed (4 ranks)
Iter 0215 | Energy: -13.471084 | Delta: 8.49e-03 | M: 4595.4110 | Path: Statevector MPI-distributed (4 ranks)
[RESILIENCE] Iteration 215: Global theta state checkpointed at path checkpoints/checkpoint_iter_0215.npy. 
Iter 0216 | Energy: -13.500596 | Delta: 2.95e-02 | M: 3530.8408 | Path: Statevector MPI-distributed (4 ranks)
Iter 0217 | Energy: -13.457694 | Delta: 4.29e-02 | M: 32.5297 | Path: Statevector MPI-distributed (4 ranks)
Iter 0218 | Energy: -13.495484 | Delta: 3.78e-02 | M: 196.1675 | Path: Statevector MPI-distributed (4 ranks)
Iter 0219 | Energy: -13.451850 | Delta: 4.36e-02 | M: 165.2397 | Path: Statevector MPI-distributed (4 ranks)
Iter 0220 | Energy: -13.498976 | Delta: 4.71e-02 | M: 32.0863 | Path: Statevector MPI-distributed (4 ranks)
[RESILIENCE] Iteration 220: Global theta state checkpointed at path checkpoints/checkpoint_iter_0220.npy. 
Iter 0221 | Energy: -13.510920 | Delta: 1.19e-02 | M: 3762.6555 | Path: Statevector MPI-distributed (4 ranks)
Iter 0222 | Energy: -13.514723 | Delta: 3.80e-03 | M: 35.7967 | Path: Statevector MPI-distributed (4 ranks)
Iter 0223 | Energy: -13.487099 | Delta: 2.76e-02 | M: 61.8765 | Path: Statevector MPI-distributed (4 ranks)
Iter 0224 | Energy: -13.502918 | Delta: 1.58e-02 | M: 72.0397 | Path: Statevector MPI-distributed (4 ranks)
Iter 0225 | Energy: -13.492845 | Delta: 1.01e-02 | M: 216.1919 | Path: Statevector MPI-distributed (4 ranks)
[RESILIENCE] Iteration 225: Global theta state checkpointed at path checkpoints/checkpoint_iter_0225.npy. 
Iter 0226 | Energy: -13.535188 | Delta: 4.23e-02 | M: 66.5247 | Path: Statevector MPI-distributed (4 ranks)
Iter 0227 | Energy: -13.579284 | Delta: 4.41e-02 | M: 3796.8067 | Path: Statevector MPI-distributed (4 ranks)
Iter 0228 | Energy: -13.567858 | Delta: 1.14e-02 | M: 3266.1937 | Path: Statevector MPI-distributed (4 ranks)
Iter 0229 | Energy: -13.586040 | Delta: 1.82e-02 | M: 224.9033 | Path: Statevector MPI-distributed (4 ranks)
Iter 0230 | Energy: -13.573291 | Delta: 1.27e-02 | M: 883.4732 | Path: Statevector MPI-distributed (4 ranks)
[RESILIENCE] Iteration 230: Global theta state checkpointed at path checkpoints/checkpoint_iter_0230.npy. 
Iter 0231 | Energy: -13.609803 | Delta: 3.65e-02 | M: 1773.0941 | Path: Statevector MPI-distributed (4 ranks)
Iter 0232 | Energy: -13.639768 | Delta: 3.00e-02 | M: 100.7816 | Path: Statevector MPI-distributed (4 ranks)
Iter 0233 | Energy: -13.718849 | Delta: 7.91e-02 | M: 20.2028 | Path: Statevector MPI-distributed (4 ranks)
Iter 0234 | Energy: -13.828256 | Delta: 1.09e-01 | M: 31.0189 | Path: Statevector MPI-distributed (4 ranks)
Iter 0235 | Energy: -13.858590 | Delta: 3.03e-02 | M: 3547.4619 | Path: Statevector MPI-distributed (4 ranks)
[RESILIENCE] Iteration 235: Global theta state checkpointed at path checkpoints/checkpoint_iter_0235.npy. 
Iter 0236 | Energy: -13.834846 | Delta: 2.37e-02 | M: 13.0830 | Path: Statevector MPI-distributed (4 ranks)
Iter 0237 | Energy: -13.856540 | Delta: 2.17e-02 | M: 949.5742 | Path: Statevector MPI-distributed (4 ranks)
Iter 0238 | Energy: -13.837152 | Delta: 1.94e-02 | M: 152.8571 | Path: Statevector MPI-distributed (4 ranks)
Iter 0239 | Energy: -13.849907 | Delta: 1.28e-02 | M: 605.7057 | Path: Statevector MPI-distributed (4 ranks)
Iter 0240 | Energy: -13.892989 | Delta: 4.31e-02 | M: 20.6983 | Path: Statevector MPI-distributed (4 ranks)
[RESILIENCE] Iteration 240: Global theta state checkpointed at path checkpoints/checkpoint_iter_0240.npy. 
Iter 0241 | Energy: -13.895173 | Delta: 2.18e-03 | M: 3562.5938 | Path: Statevector MPI-distributed (4 ranks)
Iter 0242 | Energy: -13.922979 | Delta: 2.78e-02 | M: 228.7008 | Path: Statevector MPI-distributed (4 ranks)
Iter 0243 | Energy: -13.894166 | Delta: 2.88e-02 | M: 297.3526 | Path: Statevector MPI-distributed (4 ranks)
Iter 0244 | Energy: -13.943271 | Delta: 4.91e-02 | M: 40.0835 | Path: Statevector MPI-distributed (4 ranks)
Iter 0245 | Energy: -13.929618 | Delta: 1.37e-02 | M: 1820.1626 | Path: Statevector MPI-distributed (4 ranks)
[RESILIENCE] Iteration 245: Global theta state checkpointed at path checkpoints/checkpoint_iter_0245.npy. 
Iter 0246 | Energy: -13.941551 | Delta: 1.19e-02 | M: 95.7194 | Path: Statevector MPI-distributed (4 ranks)
Iter 0247 | Energy: -13.935510 | Delta: 6.04e-03 | M: 19.3886 | Path: Statevector MPI-distributed (4 ranks)
Iter 0248 | Energy: -13.930025 | Delta: 5.48e-03 | M: 3290.2971 | Path: Statevector MPI-distributed (4 ranks)
Iter 0249 | Energy: -13.957136 | Delta: 2.71e-02 | M: 11.3008 | Path: Statevector MPI-distributed (4 ranks)
Iter 0250 | Energy: -14.021640 | Delta: 6.45e-02 | M: 57.8774 | Path: Statevector MPI-distributed (4 ranks)
[RESILIENCE] Iteration 250: Global theta state checkpointed at path checkpoints/checkpoint_iter_0250.npy. 
Iter 0251 | Energy: -14.040099 | Delta: 1.85e-02 | M: 40.5013 | Path: Statevector MPI-distributed (4 ranks)
Iter 0252 | Energy: -14.044950 | Delta: 4.85e-03 | M: 11.2545 | Path: Statevector MPI-distributed (4 ranks)
Iter 0253 | Energy: -14.039823 | Delta: 5.13e-03 | M: 19.2871 | Path: Statevector MPI-distributed (4 ranks)
Iter 0254 | Energy: -14.052921 | Delta: 1.31e-02 | M: 475.0253 | Path: Statevector MPI-distributed (4 ranks)
Iter 0255 | Energy: -14.070588 | Delta: 1.77e-02 | M: 43.5509 | Path: Statevector MPI-distributed (4 ranks)
[RESILIENCE] Iteration 255: Global theta state checkpointed at path checkpoints/checkpoint_iter_0255.npy. 
Iter 0256 | Energy: -14.047551 | Delta: 2.30e-02 | M: 42.3356 | Path: Statevector MPI-distributed (4 ranks)
Iter 0257 | Energy: -14.063260 | Delta: 1.57e-02 | M: 115.3457 | Path: Statevector MPI-distributed (4 ranks)
Iter 0258 | Energy: -14.125546 | Delta: 6.23e-02 | M: 4153.4292 | Path: Statevector MPI-distributed (4 ranks)
Iter 0259 | Energy: -14.117763 | Delta: 7.78e-03 | M: 170.3034 | Path: Statevector MPI-distributed (4 ranks)
Iter 0260 | Energy: -14.133822 | Delta: 1.61e-02 | M: 39.2853 | Path: Statevector MPI-distributed (4 ranks)
[RESILIENCE] Iteration 260: Global theta state checkpointed at path checkpoints/checkpoint_iter_0260.npy. 
Iter 0261 | Energy: -14.152318 | Delta: 1.85e-02 | M: 2027.1249 | Path: Statevector MPI-distributed (4 ranks)
Iter 0262 | Energy: -14.153262 | Delta: 9.45e-04 | M: 30.3456 | Path: Statevector MPI-distributed (4 ranks)
Iter 0263 | Energy: -14.148013 | Delta: 5.25e-03 | M: 19.6360 | Path: Statevector MPI-distributed (4 ranks)
Iter 0264 | Energy: -14.099646 | Delta: 4.84e-02 | M: 2479.1152 | Path: Statevector MPI-distributed (4 ranks)
Iter 0265 | Energy: -14.162281 | Delta: 6.26e-02 | M: 50.6403 | Path: Statevector MPI-distributed (4 ranks)
[RESILIENCE] Iteration 265: Global theta state checkpointed at path checkpoints/checkpoint_iter_0265.npy. 
Iter 0266 | Energy: -14.144736 | Delta: 1.75e-02 | M: 142.5012 | Path: Statevector MPI-distributed (4 ranks)
Iter 0267 | Energy: -14.178884 | Delta: 3.41e-02 | M: 47.4572 | Path: Statevector MPI-distributed (4 ranks)
Iter 0268 | Energy: -14.215873 | Delta: 3.70e-02 | M: 44.0813 | Path: Statevector MPI-distributed (4 ranks)
Iter 0269 | Energy: -14.250899 | Delta: 3.50e-02 | M: 4167.9044 | Path: Statevector MPI-distributed (4 ranks)
Iter 0270 | Energy: -14.246453 | Delta: 4.45e-03 | M: 3.9618 | Path: Statevector MPI-distributed (4 ranks)
[RESILIENCE] Iteration 270: Global theta state checkpointed at path checkpoints/checkpoint_iter_0270.npy. 
Iter 0271 | Energy: -14.280743 | Delta: 3.43e-02 | M: 3.9349 | Path: Statevector MPI-distributed (4 ranks)
Iter 0272 | Energy: -14.299071 | Delta: 1.83e-02 | M: 3.5045 | Path: Statevector MPI-distributed (4 ranks)
Iter 0273 | Energy: -14.287051 | Delta: 1.20e-02 | M: 22.7460 | Path: Statevector MPI-distributed (4 ranks)
Iter 0274 | Energy: -14.276179 | Delta: 1.09e-02 | M: 45.0820 | Path: Statevector MPI-distributed (4 ranks)
Iter 0275 | Energy: -14.309629 | Delta: 3.34e-02 | M: 3936.6970 | Path: Statevector MPI-distributed (4 ranks)
[RESILIENCE] Iteration 275: Global theta state checkpointed at path checkpoints/checkpoint_iter_0275.npy. 
Iter 0276 | Energy: -14.336149 | Delta: 2.65e-02 | M: 12.5836 | Path: Statevector MPI-distributed (4 ranks)
Iter 0277 | Energy: -14.334251 | Delta: 1.90e-03 | M: 10.2357 | Path: Statevector MPI-distributed (4 ranks)
Iter 0278 | Energy: -14.352236 | Delta: 1.80e-02 | M: 17.6497 | Path: Statevector MPI-distributed (4 ranks)
Iter 0279 | Energy: -14.342276 | Delta: 9.96e-03 | M: 20.2871 | Path: Statevector MPI-distributed (4 ranks)
Iter 0280 | Energy: -14.366562 | Delta: 2.43e-02 | M: 24.3197 | Path: Statevector MPI-distributed (4 ranks)
[RESILIENCE] Iteration 280: Global theta state checkpointed at path checkpoints/checkpoint_iter_0280.npy. 
Iter 0281 | Energy: -14.394766 | Delta: 2.82e-02 | M: 19.5492 | Path: Statevector MPI-distributed (4 ranks)
Iter 0282 | Energy: -14.376849 | Delta: 1.79e-02 | M: 21.5116 | Path: Statevector MPI-distributed (4 ranks)
Iter 0283 | Energy: -14.393250 | Delta: 1.64e-02 | M: 21.3011 | Path: Statevector MPI-distributed (4 ranks)
Iter 0284 | Energy: -14.409068 | Delta: 1.58e-02 | M: 2609.0880 | Path: Statevector MPI-distributed (4 ranks)
Iter 0285 | Energy: -14.388526 | Delta: 2.05e-02 | M: 11.8684 | Path: Statevector MPI-distributed (4 ranks)
[RESILIENCE] Iteration 285: Global theta state checkpointed at path checkpoints/checkpoint_iter_0285.npy. 
Iter 0286 | Energy: -14.458974 | Delta: 7.04e-02 | M: 3.8359 | Path: Statevector MPI-distributed (4 ranks)
Iter 0287 | Energy: -14.493629 | Delta: 3.47e-02 | M: 3.2582 | Path: Statevector MPI-distributed (4 ranks)
Iter 0288 | Energy: -14.511219 | Delta: 1.76e-02 | M: 3.5955 | Path: Statevector MPI-distributed (4 ranks)
Iter 0289 | Energy: -14.524496 | Delta: 1.33e-02 | M: 3.5385 | Path: Statevector MPI-distributed (4 ranks)
Iter 0290 | Energy: -14.517114 | Delta: 7.38e-03 | M: 3.7019 | Path: Statevector MPI-distributed (4 ranks)
[RESILIENCE] Iteration 290: Global theta state checkpointed at path checkpoints/checkpoint_iter_0290.npy. 
Iter 0291 | Energy: -14.551136 | Delta: 3.40e-02 | M: 2.7755 | Path: Statevector MPI-distributed (4 ranks)
Iter 0292 | Energy: -14.595945 | Delta: 4.48e-02 | M: 3.4028 | Path: Statevector MPI-distributed (4 ranks)
Iter 0293 | Energy: -14.646205 | Delta: 5.03e-02 | M: 3.5175 | Path: Statevector MPI-distributed (4 ranks)
Iter 0294 | Energy: -14.632667 | Delta: 1.35e-02 | M: 3.4429 | Path: Statevector MPI-distributed (4 ranks)
Iter 0295 | Energy: -14.553926 | Delta: 7.87e-02 | M: 2.1425 | Path: Statevector MPI-distributed (4 ranks)
[RESILIENCE] Iteration 295: Global theta state checkpointed at path checkpoints/checkpoint_iter_0295.npy. 
Iter 0296 | Energy: -14.633255 | Delta: 7.93e-02 | M: 3261.3846 | Path: Statevector MPI-distributed (4 ranks)
Iter 0297 | Energy: -14.637549 | Delta: 4.29e-03 | M: 2607.8893 | Path: Statevector MPI-distributed (4 ranks)
Iter 0298 | Energy: -14.674587 | Delta: 3.70e-02 | M: 3294.5360 | Path: Statevector MPI-distributed (4 ranks)
Iter 0299 | Energy: -14.644643 | Delta: 2.99e-02 | M: 2961.1529 | Path: Statevector MPI-distributed (4 ranks)
Iter 0300 | Energy: -14.683844 | Delta: 3.92e-02 | M: 3145.5724 | Path: Statevector MPI-distributed (4 ranks)
[RESILIENCE] Iteration 300: Global theta state checkpointed at path checkpoints/checkpoint_iter_0300.npy. 
Iter 0301 | Energy: -14.699332 | Delta: 1.55e-02 | M: 3319.4752 | Path: Statevector MPI-distributed (4 ranks)
Iter 0302 | Energy: -14.737957 | Delta: 3.86e-02 | M: 2788.5594 | Path: Statevector MPI-distributed (4 ranks)
Iter 0303 | Energy: -14.715125 | Delta: 2.28e-02 | M: 5.0507 | Path: Statevector MPI-distributed (4 ranks)
Iter 0304 | Energy: -14.757732 | Delta: 4.26e-02 | M: 118.3888 | Path: Statevector MPI-distributed (4 ranks)
Iter 0305 | Energy: -14.737681 | Delta: 2.01e-02 | M: 19.1750 | Path: Statevector MPI-distributed (4 ranks)
[RESILIENCE] Iteration 305: Global theta state checkpointed at path checkpoints/checkpoint_iter_0305.npy. 
Iter 0306 | Energy: -14.708155 | Delta: 2.95e-02 | M: 2895.2307 | Path: Statevector MPI-distributed (4 ranks)
Iter 0307 | Energy: -14.743690 | Delta: 3.55e-02 | M: 2167.7101 | Path: Statevector MPI-distributed (4 ranks)
Iter 0308 | Energy: -14.749799 | Delta: 6.11e-03 | M: 4990.1504 | Path: Statevector MPI-distributed (4 ranks)
Iter 0309 | Energy: -14.775945 | Delta: 2.61e-02 | M: 2468.8338 | Path: Statevector MPI-distributed (4 ranks)
Iter 0310 | Energy: -14.766726 | Delta: 9.22e-03 | M: 114.1588 | Path: Statevector MPI-distributed (4 ranks)
[RESILIENCE] Iteration 310: Global theta state checkpointed at path checkpoints/checkpoint_iter_0310.npy. 
Iter 0311 | Energy: -14.744851 | Delta: 2.19e-02 | M: 517.3416 | Path: Statevector MPI-distributed (4 ranks)
Iter 0312 | Energy: -14.802369 | Delta: 5.75e-02 | M: 2945.7086 | Path: Statevector MPI-distributed (4 ranks)
Iter 0313 | Energy: -14.827962 | Delta: 2.56e-02 | M: 193.4450 | Path: Statevector MPI-distributed (4 ranks)
Iter 0314 | Energy: -14.808718 | Delta: 1.92e-02 | M: 3.8670 | Path: Statevector MPI-distributed (4 ranks)
Iter 0315 | Energy: -14.815552 | Delta: 6.83e-03 | M: 3957.2934 | Path: Statevector MPI-distributed (4 ranks)
[RESILIENCE] Iteration 315: Global theta state checkpointed at path checkpoints/checkpoint_iter_0315.npy. 
Iter 0316 | Energy: -14.863430 | Delta: 4.79e-02 | M: 20.3566 | Path: Statevector MPI-distributed (4 ranks)
Iter 0317 | Energy: -14.877254 | Delta: 1.38e-02 | M: 1059.1214 | Path: Statevector MPI-distributed (4 ranks)
Iter 0318 | Energy: -14.879140 | Delta: 1.89e-03 | M: 2824.0888 | Path: Statevector MPI-distributed (4 ranks)
Iter 0319 | Energy: -14.890259 | Delta: 1.11e-02 | M: 3064.6613 | Path: Statevector MPI-distributed (4 ranks)
Iter 0320 | Energy: -14.909081 | Delta: 1.88e-02 | M: 2.5293 | Path: Statevector MPI-distributed (4 ranks)
[RESILIENCE] Iteration 320: Global theta state checkpointed at path checkpoints/checkpoint_iter_0320.npy. 
Iter 0321 | Energy: -14.932070 | Delta: 2.30e-02 | M: 2775.8687 | Path: Statevector MPI-distributed (4 ranks)
Iter 0322 | Energy: -14.949528 | Delta: 1.75e-02 | M: 65.0111 | Path: Statevector MPI-distributed (4 ranks)
Iter 0323 | Energy: -14.964061 | Delta: 1.45e-02 | M: 169.5709 | Path: Statevector MPI-distributed (4 ranks)
Iter 0324 | Energy: -14.994213 | Delta: 3.02e-02 | M: 153.4044 | Path: Statevector MPI-distributed (4 ranks)
Iter 0325 | Energy: -14.997268 | Delta: 3.05e-03 | M: 75.5607 | Path: Statevector MPI-distributed (4 ranks)
[RESILIENCE] Iteration 325: Global theta state checkpointed at path checkpoints/checkpoint_iter_0325.npy. 
Iter 0326 | Energy: -15.022793 | Delta: 2.55e-02 | M: 115.6559 | Path: Statevector MPI-distributed (4 ranks)
Iter 0327 | Energy: -15.030710 | Delta: 7.92e-03 | M: 3579.4081 | Path: Statevector MPI-distributed (4 ranks)
Iter 0328 | Energy: -15.006834 | Delta: 2.39e-02 | M: 18.3032 | Path: Statevector MPI-distributed (4 ranks)
Iter 0329 | Energy: -15.023763 | Delta: 1.69e-02 | M: 134.4929 | Path: Statevector MPI-distributed (4 ranks)
Iter 0330 | Energy: -15.020741 | Delta: 3.02e-03 | M: 167.7644 | Path: Statevector MPI-distributed (4 ranks)
[RESILIENCE] Iteration 330: Global theta state checkpointed at path checkpoints/checkpoint_iter_0330.npy. 
Iter 0331 | Energy: -15.042363 | Delta: 2.16e-02 | M: 144.5389 | Path: Statevector MPI-distributed (4 ranks)
Iter 0332 | Energy: -15.062157 | Delta: 1.98e-02 | M: 187.1900 | Path: Statevector MPI-distributed (4 ranks)
Iter 0333 | Energy: -15.007086 | Delta: 5.51e-02 | M: 4268.9110 | Path: Statevector MPI-distributed (4 ranks)
Iter 0334 | Energy: -15.056931 | Delta: 4.98e-02 | M: 3677.5090 | Path: Statevector MPI-distributed (4 ranks)
Iter 0335 | Energy: -15.050604 | Delta: 6.33e-03 | M: 3161.1857 | Path: Statevector MPI-distributed (4 ranks)
[RESILIENCE] Iteration 335: Global theta state checkpointed at path checkpoints/checkpoint_iter_0335.npy. 
Iter 0336 | Energy: -15.065640 | Delta: 1.50e-02 | M: 7.2629 | Path: Statevector MPI-distributed (4 ranks)
Iter 0337 | Energy: -15.092920 | Delta: 2.73e-02 | M: 3455.9401 | Path: Statevector MPI-distributed (4 ranks)
Iter 0338 | Energy: -15.070722 | Delta: 2.22e-02 | M: 156.3224 | Path: Statevector MPI-distributed (4 ranks)
Iter 0339 | Energy: -15.083068 | Delta: 1.23e-02 | M: 346.7792 | Path: Statevector MPI-distributed (4 ranks)
Iter 0340 | Energy: -15.118303 | Delta: 3.52e-02 | M: 32.7104 | Path: Statevector MPI-distributed (4 ranks)
[RESILIENCE] Iteration 340: Global theta state checkpointed at path checkpoints/checkpoint_iter_0340.npy. 
Iter 0341 | Energy: -15.172844 | Delta: 5.45e-02 | M: 15.6490 | Path: Statevector MPI-distributed (4 ranks)
Iter 0342 | Energy: -15.157814 | Delta: 1.50e-02 | M: 4914.6987 | Path: Statevector MPI-distributed (4 ranks)
Iter 0343 | Energy: -15.188519 | Delta: 3.07e-02 | M: 32.5761 | Path: Statevector MPI-distributed (4 ranks)
Iter 0344 | Energy: -15.195730 | Delta: 7.21e-03 | M: 73.5261 | Path: Statevector MPI-distributed (4 ranks)
Iter 0345 | Energy: -15.211300 | Delta: 1.56e-02 | M: 5.6753 | Path: Statevector MPI-distributed (4 ranks)
[RESILIENCE] Iteration 345: Global theta state checkpointed at path checkpoints/checkpoint_iter_0345.npy. 
Iter 0346 | Energy: -15.194276 | Delta: 1.70e-02 | M: 3357.5272 | Path: Statevector MPI-distributed (4 ranks)
Iter 0347 | Energy: -15.261090 | Delta: 6.68e-02 | M: 2957.7424 | Path: Statevector MPI-distributed (4 ranks)
Iter 0348 | Energy: -15.230999 | Delta: 3.01e-02 | M: 3069.2073 | Path: Statevector MPI-distributed (4 ranks)
Iter 0349 | Energy: -15.237040 | Delta: 6.04e-03 | M: 4067.1014 | Path: Statevector MPI-distributed (4 ranks)
Iter 0350 | Energy: -15.256501 | Delta: 1.95e-02 | M: 3805.4726 | Path: Statevector MPI-distributed (4 ranks)
[RESILIENCE] Iteration 350: Global theta state checkpointed at path checkpoints/checkpoint_iter_0350.npy. 
Iter 0351 | Energy: -15.264359 | Delta: 7.86e-03 | M: 4208.3385 | Path: Statevector MPI-distributed (4 ranks)
Iter 0352 | Energy: -15.276556 | Delta: 1.22e-02 | M: 4551.3788 | Path: Statevector MPI-distributed (4 ranks)
Iter 0353 | Energy: -15.274400 | Delta: 2.16e-03 | M: 926.6075 | Path: Statevector MPI-distributed (4 ranks)
Iter 0354 | Energy: -15.337285 | Delta: 6.29e-02 | M: 3964.9679 | Path: Statevector MPI-distributed (4 ranks)
Iter 0355 | Energy: -15.373887 | Delta: 3.66e-02 | M: 857.7393 | Path: Statevector MPI-distributed (4 ranks)
[RESILIENCE] Iteration 355: Global theta state checkpointed at path checkpoints/checkpoint_iter_0355.npy. 
Iter 0356 | Energy: -15.402604 | Delta: 2.87e-02 | M: 4776.0801 | Path: Statevector MPI-distributed (4 ranks)
Iter 0357 | Energy: -15.420267 | Delta: 1.77e-02 | M: 356.1215 | Path: Statevector MPI-distributed (4 ranks)
Iter 0358 | Energy: -15.480209 | Delta: 5.99e-02 | M: 3435.5571 | Path: Statevector MPI-distributed (4 ranks)
Iter 0359 | Energy: -15.536057 | Delta: 5.58e-02 | M: 1867.6374 | Path: Statevector MPI-distributed (4 ranks)
Iter 0360 | Energy: -15.515201 | Delta: 2.09e-02 | M: 3823.8679 | Path: Statevector MPI-distributed (4 ranks)
[RESILIENCE] Iteration 360: Global theta state checkpointed at path checkpoints/checkpoint_iter_0360.npy. 
Iter 0361 | Energy: -15.509845 | Delta: 5.36e-03 | M: 33.0330 | Path: Statevector MPI-distributed (4 ranks)
Iter 0362 | Energy: -15.529890 | Delta: 2.00e-02 | M: 3739.9349 | Path: Statevector MPI-distributed (4 ranks)
Iter 0363 | Energy: -15.534377 | Delta: 4.49e-03 | M: 4408.2336 | Path: Statevector MPI-distributed (4 ranks)
Iter 0364 | Energy: -15.579183 | Delta: 4.48e-02 | M: 2830.1020 | Path: Statevector MPI-distributed (4 ranks)
WARNING: Energy -15.6127 below FCI -15.5951 — HWE ansatz may have left the physical particle-number sector
Iter 0365 | Energy: -15.612712 | Delta: 3.35e-02 | M: 4336.6137 | Path: Statevector MPI-distributed (4 ranks)
[RESILIENCE] Iteration 365: Global theta state checkpointed at path checkpoints/checkpoint_iter_0365.npy. 
WARNING: Energy -15.6360 below FCI -15.5951 — HWE ansatz may have left the physical particle-number sector
Iter 0366 | Energy: -15.635996 | Delta: 2.33e-02 | M: 29.2030 | Path: Statevector MPI-distributed (4 ranks)
WARNING: Energy -15.6180 below FCI -15.5951 — HWE ansatz may have left the physical particle-number sector
Iter 0367 | Energy: -15.617963 | Delta: 1.80e-02 | M: 17.0124 | Path: Statevector MPI-distributed (4 ranks)
WARNING: Energy -15.6208 below FCI -15.5951 — HWE ansatz may have left the physical particle-number sector
Iter 0368 | Energy: -15.620826 | Delta: 2.86e-03 | M: 3907.0889 | Path: Statevector MPI-distributed (4 ranks)
WARNING: Energy -15.6238 below FCI -15.5951 — HWE ansatz may have left the physical particle-number sector
Iter 0369 | Energy: -15.623769 | Delta: 2.94e-03 | M: 2429.1912 | Path: Statevector MPI-distributed (4 ranks)
WARNING: Energy -15.6239 below FCI -15.5951 — HWE ansatz may have left the physical particle-number sector
Iter 0370 | Energy: -15.623905 | Delta: 1.36e-04 | M: 3753.7716 | Path: Statevector MPI-distributed (4 ranks)
[RESILIENCE] Iteration 370: Global theta state checkpointed at path checkpoints/checkpoint_iter_0370.npy. 
WARNING: Energy -15.6465 below FCI -15.5951 — HWE ansatz may have left the physical particle-number sector
Iter 0371 | Energy: -15.646502 | Delta: 2.26e-02 | M: 135.1135 | Path: Statevector MPI-distributed (4 ranks)
WARNING: Energy -15.6353 below FCI -15.5951 — HWE ansatz may have left the physical particle-number sector
Iter 0372 | Energy: -15.635347 | Delta: 1.12e-02 | M: 91.7815 | Path: Statevector MPI-distributed (4 ranks)
WARNING: Energy -15.7240 below FCI -15.5951 — HWE ansatz may have left the physical particle-number sector
Iter 0373 | Energy: -15.724044 | Delta: 8.87e-02 | M: 35.1503 | Path: Statevector MPI-distributed (4 ranks)
WARNING: Energy -15.7453 below FCI -15.5951 — HWE ansatz may have left the physical particle-number sector
Iter 0374 | Energy: -15.745303 | Delta: 2.13e-02 | M: 3.3735 | Path: Statevector MPI-distributed (4 ranks)
WARNING: Energy -15.7222 below FCI -15.5951 — HWE ansatz may have left the physical particle-number sector
Iter 0375 | Energy: -15.722244 | Delta: 2.31e-02 | M: 110.8130 | Path: Statevector MPI-distributed (4 ranks)
[RESILIENCE] Iteration 375: Global theta state checkpointed at path checkpoints/checkpoint_iter_0375.npy. 
WARNING: Energy -15.8035 below FCI -15.5951 — HWE ansatz may have left the physical particle-number sector
Iter 0376 | Energy: -15.803512 | Delta: 8.13e-02 | M: 5.1134 | Path: Statevector MPI-distributed (4 ranks)
WARNING: Energy -15.7615 below FCI -15.5951 — HWE ansatz may have left the physical particle-number sector
Iter 0377 | Energy: -15.761474 | Delta: 4.20e-02 | M: 61.9178 | Path: Statevector MPI-distributed (4 ranks)
WARNING: Energy -15.7531 below FCI -15.5951 — HWE ansatz may have left the physical particle-number sector
Iter 0378 | Energy: -15.753130 | Delta: 8.34e-03 | M: 64.7907 | Path: Statevector MPI-distributed (4 ranks)
WARNING: Energy -15.8004 below FCI -15.5951 — HWE ansatz may have left the physical particle-number sector
Iter 0379 | Energy: -15.800412 | Delta: 4.73e-02 | M: 113.4722 | Path: Statevector MPI-distributed (4 ranks)
WARNING: Energy -15.7725 below FCI -15.5951 — HWE ansatz may have left the physical particle-number sector
Iter 0380 | Energy: -15.772505 | Delta: 2.79e-02 | M: 19.7371 | Path: Statevector MPI-distributed (4 ranks)
[RESILIENCE] Iteration 380: Global theta state checkpointed at path checkpoints/checkpoint_iter_0380.npy. 
WARNING: Energy -15.8293 below FCI -15.5951 — HWE ansatz may have left the physical particle-number sector
Iter 0381 | Energy: -15.829284 | Delta: 5.68e-02 | M: 42.0880 | Path: Statevector MPI-distributed (4 ranks)
WARNING: Energy -15.7638 below FCI -15.5951 — HWE ansatz may have left the physical particle-number sector
Iter 0382 | Energy: -15.763753 | Delta: 6.55e-02 | M: 31.0113 | Path: Statevector MPI-distributed (4 ranks)
WARNING: Energy -15.8290 below FCI -15.5951 — HWE ansatz may have left the physical particle-number sector
Iter 0383 | Energy: -15.828979 | Delta: 6.52e-02 | M: 30.8320 | Path: Statevector MPI-distributed (4 ranks)
WARNING: Energy -15.8644 below FCI -15.5951 — HWE ansatz may have left the physical particle-number sector
Iter 0384 | Energy: -15.864355 | Delta: 3.54e-02 | M: 30.7959 | Path: Statevector MPI-distributed (4 ranks)
WARNING: Energy -15.8982 below FCI -15.5951 — HWE ansatz may have left the physical particle-number sector
Iter 0385 | Energy: -15.898198 | Delta: 3.38e-02 | M: 18.4515 | Path: Statevector MPI-distributed (4 ranks)
[RESILIENCE] Iteration 385: Global theta state checkpointed at path checkpoints/checkpoint_iter_0385.npy. 
WARNING: Energy -15.8530 below FCI -15.5951 — HWE ansatz may have left the physical particle-number sector
Iter 0386 | Energy: -15.853043 | Delta: 4.52e-02 | M: 3022.7456 | Path: Statevector MPI-distributed (4 ranks)
WARNING: Energy -15.8507 below FCI -15.5951 — HWE ansatz may have left the physical particle-number sector
Iter 0387 | Energy: -15.850688 | Delta: 2.35e-03 | M: 23.1693 | Path: Statevector MPI-distributed (4 ranks)
WARNING: Energy -15.8948 below FCI -15.5951 — HWE ansatz may have left the physical particle-number sector
Iter 0388 | Energy: -15.894811 | Delta: 4.41e-02 | M: 35.5409 | Path: Statevector MPI-distributed (4 ranks)
WARNING: Energy -15.9007 below FCI -15.5951 — HWE ansatz may have left the physical particle-number sector
Iter 0389 | Energy: -15.900692 | Delta: 5.88e-03 | M: 32.4712 | Path: Statevector MPI-distributed (4 ranks)
WARNING: Energy -15.9429 below FCI -15.5951 — HWE ansatz may have left the physical particle-number sector
Iter 0390 | Energy: -15.942933 | Delta: 4.22e-02 | M: 38.8716 | Path: Statevector MPI-distributed (4 ranks)
[RESILIENCE] Iteration 390: Global theta state checkpointed at path checkpoints/checkpoint_iter_0390.npy. 
WARNING: Energy -15.9561 below FCI -15.5951 — HWE ansatz may have left the physical particle-number sector
Iter 0391 | Energy: -15.956071 | Delta: 1.31e-02 | M: 36.9666 | Path: Statevector MPI-distributed (4 ranks)
WARNING: Energy -15.9775 below FCI -15.5951 — HWE ansatz may have left the physical particle-number sector
Iter 0392 | Energy: -15.977460 | Delta: 2.14e-02 | M: 86.1066 | Path: Statevector MPI-distributed (4 ranks)
WARNING: Energy -15.9656 below FCI -15.5951 — HWE ansatz may have left the physical particle-number sector
Iter 0393 | Energy: -15.965551 | Delta: 1.19e-02 | M: 4498.7382 | Path: Statevector MPI-distributed (4 ranks)
WARNING: Energy -16.0177 below FCI -15.5951 — HWE ansatz may have left the physical particle-number sector
Iter 0394 | Energy: -16.017678 | Delta: 5.21e-02 | M: 167.5607 | Path: Statevector MPI-distributed (4 ranks)
WARNING: Energy -16.0326 below FCI -15.5951 — HWE ansatz may have left the physical particle-number sector
Iter 0395 | Energy: -16.032556 | Delta: 1.49e-02 | M: 14.2296 | Path: Statevector MPI-distributed (4 ranks)
[RESILIENCE] Iteration 395: Global theta state checkpointed at path checkpoints/checkpoint_iter_0395.npy. 
WARNING: Energy -16.0210 below FCI -15.5951 — HWE ansatz may have left the physical particle-number sector
Iter 0396 | Energy: -16.021010 | Delta: 1.15e-02 | M: 3507.1685 | Path: Statevector MPI-distributed (4 ranks)
WARNING: Energy -16.0404 below FCI -15.5951 — HWE ansatz may have left the physical particle-number sector
Iter 0397 | Energy: -16.040417 | Delta: 1.94e-02 | M: 4093.9476 | Path: Statevector MPI-distributed (4 ranks)
WARNING: Energy -16.0283 below FCI -15.5951 — HWE ansatz may have left the physical particle-number sector
Iter 0398 | Energy: -16.028271 | Delta: 1.21e-02 | M: 30.7935 | Path: Statevector MPI-distributed (4 ranks)
WARNING: Energy -16.0637 below FCI -15.5951 — HWE ansatz may have left the physical particle-number sector
Iter 0399 | Energy: -16.063723 | Delta: 3.55e-02 | M: 3403.2379 | Path: Statevector MPI-distributed (4 ranks)
WARNING: Energy -16.0092 below FCI -15.5951 — HWE ansatz may have left the physical particle-number sector
Iter 0400 | Energy: -16.009155 | Delta: 5.46e-02 | M: 18.2622 | Path: Statevector MPI-distributed (4 ranks)
[RESILIENCE] Iteration 400: Global theta state checkpointed at path checkpoints/checkpoint_iter_0400.npy. 
WARNING: Energy -16.1162 below FCI -15.5951 — HWE ansatz may have left the physical particle-number sector
Iter 0401 | Energy: -16.116189 | Delta: 1.07e-01 | M: 25.6735 | Path: Statevector MPI-distributed (4 ranks)
WARNING: Energy -16.0744 below FCI -15.5951 — HWE ansatz may have left the physical particle-number sector
Iter 0402 | Energy: -16.074395 | Delta: 4.18e-02 | M: 27.5303 | Path: Statevector MPI-distributed (4 ranks)
WARNING: Energy -16.0687 below FCI -15.5951 — HWE ansatz may have left the physical particle-number sector
Iter 0403 | Energy: -16.068723 | Delta: 5.67e-03 | M: 27.1889 | Path: Statevector MPI-distributed (4 ranks)
WARNING: Energy -16.1368 below FCI -15.5951 — HWE ansatz may have left the physical particle-number sector
Iter 0404 | Energy: -16.136845 | Delta: 6.81e-02 | M: 20.2538 | Path: Statevector MPI-distributed (4 ranks)
WARNING: Energy -16.0983 below FCI -15.5951 — HWE ansatz may have left the physical particle-number sector
Iter 0405 | Energy: -16.098264 | Delta: 3.86e-02 | M: 17.3564 | Path: Statevector MPI-distributed (4 ranks)
[RESILIENCE] Iteration 405: Global theta state checkpointed at path checkpoints/checkpoint_iter_0405.npy. 
WARNING: Energy -16.1475 below FCI -15.5951 — HWE ansatz may have left the physical particle-number sector
Iter 0406 | Energy: -16.147508 | Delta: 4.92e-02 | M: 8.5775 | Path: Statevector MPI-distributed (4 ranks)
WARNING: Energy -16.2405 below FCI -15.5951 — HWE ansatz may have left the physical particle-number sector
Iter 0407 | Energy: -16.240494 | Delta: 9.30e-02 | M: 6.7954 | Path: Statevector MPI-distributed (4 ranks)
WARNING: Energy -16.2016 below FCI -15.5951 — HWE ansatz may have left the physical particle-number sector
Iter 0408 | Energy: -16.201596 | Delta: 3.89e-02 | M: 2.6195 | Path: Statevector MPI-distributed (4 ranks)
WARNING: Energy -16.2234 below FCI -15.5951 — HWE ansatz may have left the physical particle-number sector
Iter 0409 | Energy: -16.223387 | Delta: 2.18e-02 | M: 3.4352 | Path: Statevector MPI-distributed (4 ranks)
WARNING: Energy -16.2219 below FCI -15.5951 — HWE ansatz may have left the physical particle-number sector
Iter 0410 | Energy: -16.221945 | Delta: 1.44e-03 | M: 3.4848 | Path: Statevector MPI-distributed (4 ranks)
[RESILIENCE] Iteration 410: Global theta state checkpointed at path checkpoints/checkpoint_iter_0410.npy. 
WARNING: Energy -16.3179 below FCI -15.5951 — HWE ansatz may have left the physical particle-number sector
Iter 0411 | Energy: -16.317897 | Delta: 9.60e-02 | M: 2.9765 | Path: Statevector MPI-distributed (4 ranks)
WARNING: Energy -16.3888 below FCI -15.5951 — HWE ansatz may have left the physical particle-number sector
Iter 0412 | Energy: -16.388827 | Delta: 7.09e-02 | M: 2.9697 | Path: Statevector MPI-distributed (4 ranks)
WARNING: Energy -16.3074 below FCI -15.5951 — HWE ansatz may have left the physical particle-number sector
Iter 0413 | Energy: -16.307448 | Delta: 8.14e-02 | M: 3.2805 | Path: Statevector MPI-distributed (4 ranks)
WARNING: Energy -16.3936 below FCI -15.5951 — HWE ansatz may have left the physical particle-number sector
Iter 0414 | Energy: -16.393608 | Delta: 8.62e-02 | M: 3.4683 | Path: Statevector MPI-distributed (4 ranks)
WARNING: Energy -16.4498 below FCI -15.5951 — HWE ansatz may have left the physical particle-number sector
Iter 0415 | Energy: -16.449756 | Delta: 5.61e-02 | M: 3.3047 | Path: Statevector MPI-distributed (4 ranks)
[RESILIENCE] Iteration 415: Global theta state checkpointed at path checkpoints/checkpoint_iter_0415.npy. 
WARNING: Energy -16.4848 below FCI -15.5951 — HWE ansatz may have left the physical particle-number sector
Iter 0416 | Energy: -16.484831 | Delta: 3.51e-02 | M: 3.4819 | Path: Statevector MPI-distributed (4 ranks)
WARNING: Energy -16.4441 below FCI -15.5951 — HWE ansatz may have left the physical particle-number sector
Iter 0417 | Energy: -16.444118 | Delta: 4.07e-02 | M: 3.4410 | Path: Statevector MPI-distributed (4 ranks)
WARNING: Energy -16.5079 below FCI -15.5951 — HWE ansatz may have left the physical particle-number sector
Iter 0418 | Energy: -16.507924 | Delta: 6.38e-02 | M: 3.0162 | Path: Statevector MPI-distributed (4 ranks)
WARNING: Energy -16.4762 below FCI -15.5951 — HWE ansatz may have left the physical particle-number sector
Iter 0419 | Energy: -16.476228 | Delta: 3.17e-02 | M: 3.5229 | Path: Statevector MPI-distributed (4 ranks)
WARNING: Energy -16.4874 below FCI -15.5951 — HWE ansatz may have left the physical particle-number sector
Iter 0420 | Energy: -16.487444 | Delta: 1.12e-02 | M: 3.5380 | Path: Statevector MPI-distributed (4 ranks)
[RESILIENCE] Iteration 420: Global theta state checkpointed at path checkpoints/checkpoint_iter_0420.npy. 
WARNING: Energy -16.5074 below FCI -15.5951 — HWE ansatz may have left the physical particle-number sector
Iter 0421 | Energy: -16.507442 | Delta: 2.00e-02 | M: 1.9112 | Path: Statevector MPI-distributed (4 ranks)
WARNING: Energy -16.5194 below FCI -15.5951 — HWE ansatz may have left the physical particle-number sector
Iter 0422 | Energy: -16.519388 | Delta: 1.19e-02 | M: 3.1901 | Path: Statevector MPI-distributed (4 ranks)
WARNING: Energy -16.4945 below FCI -15.5951 — HWE ansatz may have left the physical particle-number sector
Iter 0423 | Energy: -16.494466 | Delta: 2.49e-02 | M: 3.6464 | Path: Statevector MPI-distributed (4 ranks)
WARNING: Energy -16.4813 below FCI -15.5951 — HWE ansatz may have left the physical particle-number sector
Iter 0424 | Energy: -16.481342 | Delta: 1.31e-02 | M: 2.7473 | Path: Statevector MPI-distributed (4 ranks)
WARNING: Energy -16.5278 below FCI -15.5951 — HWE ansatz may have left the physical particle-number sector
Iter 0425 | Energy: -16.527806 | Delta: 4.65e-02 | M: 3.4522 | Path: Statevector MPI-distributed (4 ranks)
[RESILIENCE] Iteration 425: Global theta state checkpointed at path checkpoints/checkpoint_iter_0425.npy. 
WARNING: Energy -16.5417 below FCI -15.5951 — HWE ansatz may have left the physical particle-number sector
Iter 0426 | Energy: -16.541734 | Delta: 1.39e-02 | M: 3.5335 | Path: Statevector MPI-distributed (4 ranks)
WARNING: Energy -16.5505 below FCI -15.5951 — HWE ansatz may have left the physical particle-number sector
Iter 0427 | Energy: -16.550461 | Delta: 8.73e-03 | M: 3.6618 | Path: Statevector MPI-distributed (4 ranks)
WARNING: Energy -16.5598 below FCI -15.5951 — HWE ansatz may have left the physical particle-number sector
Iter 0428 | Energy: -16.559770 | Delta: 9.31e-03 | M: 3.2510 | Path: Statevector MPI-distributed (4 ranks)
WARNING: Energy -16.5591 below FCI -15.5951 — HWE ansatz may have left the physical particle-number sector
Iter 0429 | Energy: -16.559118 | Delta: 6.52e-04 | M: 3.2198 | Path: Statevector MPI-distributed (4 ranks)
WARNING: Energy -16.5802 below FCI -15.5951 — HWE ansatz may have left the physical particle-number sector
Iter 0430 | Energy: -16.580159 | Delta: 2.10e-02 | M: 3.1568 | Path: Statevector MPI-distributed (4 ranks)
[RESILIENCE] Iteration 430: Global theta state checkpointed at path checkpoints/checkpoint_iter_0430.npy. 
WARNING: Energy -16.5534 below FCI -15.5951 — HWE ansatz may have left the physical particle-number sector
Iter 0431 | Energy: -16.553381 | Delta: 2.68e-02 | M: 5.8820 | Path: Statevector MPI-distributed (4 ranks)
WARNING: Energy -16.5605 below FCI -15.5951 — HWE ansatz may have left the physical particle-number sector
Iter 0432 | Energy: -16.560548 | Delta: 7.17e-03 | M: 1.9580 | Path: Statevector MPI-distributed (4 ranks)
WARNING: Energy -16.5715 below FCI -15.5951 — HWE ansatz may have left the physical particle-number sector
Iter 0433 | Energy: -16.571515 | Delta: 1.10e-02 | M: 8.9112 | Path: Statevector MPI-distributed (4 ranks)
WARNING: Energy -16.6226 below FCI -15.5951 — HWE ansatz may have left the physical particle-number sector
Iter 0434 | Energy: -16.622578 | Delta: 5.11e-02 | M: 33.1041 | Path: Statevector MPI-distributed (4 ranks)
WARNING: Energy -16.5632 below FCI -15.5951 — HWE ansatz may have left the physical particle-number sector
Iter 0435 | Energy: -16.563178 | Delta: 5.94e-02 | M: 39.1716 | Path: Statevector MPI-distributed (4 ranks)
[RESILIENCE] Iteration 435: Global theta state checkpointed at path checkpoints/checkpoint_iter_0435.npy. 
WARNING: Energy -16.6251 below FCI -15.5951 — HWE ansatz may have left the physical particle-number sector
Iter 0436 | Energy: -16.625118 | Delta: 6.19e-02 | M: 3521.7030 | Path: Statevector MPI-distributed (4 ranks)
WARNING: Energy -16.6583 below FCI -15.5951 — HWE ansatz may have left the physical particle-number sector
Iter 0437 | Energy: -16.658265 | Delta: 3.31e-02 | M: 28.4343 | Path: Statevector MPI-distributed (4 ranks)
WARNING: Energy -16.6809 below FCI -15.5951 — HWE ansatz may have left the physical particle-number sector
Iter 0438 | Energy: -16.680894 | Delta: 2.26e-02 | M: 41.8743 | Path: Statevector MPI-distributed (4 ranks)
WARNING: Energy -16.6870 below FCI -15.5951 — HWE ansatz may have left the physical particle-number sector
Iter 0439 | Energy: -16.686968 | Delta: 6.07e-03 | M: 3566.5524 | Path: Statevector MPI-distributed (4 ranks)
WARNING: Energy -16.7043 below FCI -15.5951 — HWE ansatz may have left the physical particle-number sector
Iter 0440 | Energy: -16.704288 | Delta: 1.73e-02 | M: 116.6542 | Path: Statevector MPI-distributed (4 ranks)
[RESILIENCE] Iteration 440: Global theta state checkpointed at path checkpoints/checkpoint_iter_0440.npy. 
WARNING: Energy -16.6855 below FCI -15.5951 — HWE ansatz may have left the physical particle-number sector
Iter 0441 | Energy: -16.685544 | Delta: 1.87e-02 | M: 117.5959 | Path: Statevector MPI-distributed (4 ranks)
WARNING: Energy -16.7300 below FCI -15.5951 — HWE ansatz may have left the physical particle-number sector
Iter 0442 | Energy: -16.729958 | Delta: 4.44e-02 | M: 3118.5643 | Path: Statevector MPI-distributed (4 ranks)
WARNING: Energy -16.7181 below FCI -15.5951 — HWE ansatz may have left the physical particle-number sector
Iter 0443 | Energy: -16.718077 | Delta: 1.19e-02 | M: 2042.1661 | Path: Statevector MPI-distributed (4 ranks)
WARNING: Energy -16.7091 below FCI -15.5951 — HWE ansatz may have left the physical particle-number sector
Iter 0444 | Energy: -16.709066 | Delta: 9.01e-03 | M: 142.2449 | Path: Statevector MPI-distributed (4 ranks)
WARNING: Energy -16.7205 below FCI -15.5951 — HWE ansatz may have left the physical particle-number sector
Iter 0445 | Energy: -16.720491 | Delta: 1.14e-02 | M: 4250.1033 | Path: Statevector MPI-distributed (4 ranks)
[RESILIENCE] Iteration 445: Global theta state checkpointed at path checkpoints/checkpoint_iter_0445.npy. 
WARNING: Energy -16.7308 below FCI -15.5951 — HWE ansatz may have left the physical particle-number sector
Iter 0446 | Energy: -16.730754 | Delta: 1.03e-02 | M: 4012.6954 | Path: Statevector MPI-distributed (4 ranks)
WARNING: Energy -16.7522 below FCI -15.5951 — HWE ansatz may have left the physical particle-number sector
Iter 0447 | Energy: -16.752209 | Delta: 2.15e-02 | M: 4729.1813 | Path: Statevector MPI-distributed (4 ranks)
WARNING: Energy -16.7181 below FCI -15.5951 — HWE ansatz may have left the physical particle-number sector
Iter 0448 | Energy: -16.718090 | Delta: 3.41e-02 | M: 4033.5741 | Path: Statevector MPI-distributed (4 ranks)
WARNING: Energy -16.7174 below FCI -15.5951 — HWE ansatz may have left the physical particle-number sector
Iter 0449 | Energy: -16.717440 | Delta: 6.50e-04 | M: 3818.4674 | Path: Statevector MPI-distributed (4 ranks)
WARNING: Energy -16.7106 below FCI -15.5951 — HWE ansatz may have left the physical particle-number sector
Iter 0450 | Energy: -16.710576 | Delta: 6.86e-03 | M: 4033.8046 | Path: Statevector MPI-distributed (4 ranks)
[RESILIENCE] Iteration 450: Global theta state checkpointed at path checkpoints/checkpoint_iter_0450.npy. 
WARNING: Energy -16.7407 below FCI -15.5951 — HWE ansatz may have left the physical particle-number sector
Iter 0451 | Energy: -16.740663 | Delta: 3.01e-02 | M: 3425.4583 | Path: Statevector MPI-distributed (4 ranks)
WARNING: Energy -16.7495 below FCI -15.5951 — HWE ansatz may have left the physical particle-number sector
Iter 0452 | Energy: -16.749498 | Delta: 8.83e-03 | M: 3287.1875 | Path: Statevector MPI-distributed (4 ranks)
WARNING: Energy -16.7009 below FCI -15.5951 — HWE ansatz may have left the physical particle-number sector
Iter 0453 | Energy: -16.700896 | Delta: 4.86e-02 | M: 4203.3169 | Path: Statevector MPI-distributed (4 ranks)
WARNING: Energy -16.7532 below FCI -15.5951 — HWE ansatz may have left the physical particle-number sector
Iter 0454 | Energy: -16.753211 | Delta: 5.23e-02 | M: 301.9489 | Path: Statevector MPI-distributed (4 ranks)
WARNING: Energy -16.7805 below FCI -15.5951 — HWE ansatz may have left the physical particle-number sector
Iter 0455 | Energy: -16.780533 | Delta: 2.73e-02 | M: 3153.4432 | Path: Statevector MPI-distributed (4 ranks)
[RESILIENCE] Iteration 455: Global theta state checkpointed at path checkpoints/checkpoint_iter_0455.npy. 
WARNING: Energy -16.7329 below FCI -15.5951 — HWE ansatz may have left the physical particle-number sector
Iter 0456 | Energy: -16.732909 | Delta: 4.76e-02 | M: 4063.4690 | Path: Statevector MPI-distributed (4 ranks)
WARNING: Energy -16.7216 below FCI -15.5951 — HWE ansatz may have left the physical particle-number sector
Iter 0457 | Energy: -16.721641 | Delta: 1.13e-02 | M: 3100.3348 | Path: Statevector MPI-distributed (4 ranks)
WARNING: Energy -16.7536 below FCI -15.5951 — HWE ansatz may have left the physical particle-number sector
Iter 0458 | Energy: -16.753645 | Delta: 3.20e-02 | M: 11.1866 | Path: Statevector MPI-distributed (4 ranks)
WARNING: Energy -16.7352 below FCI -15.5951 — HWE ansatz may have left the physical particle-number sector
Iter 0459 | Energy: -16.735176 | Delta: 1.85e-02 | M: 16.9033 | Path: Statevector MPI-distributed (4 ranks)
WARNING: Energy -16.7866 below FCI -15.5951 — HWE ansatz may have left the physical particle-number sector
Iter 0460 | Energy: -16.786589 | Delta: 5.14e-02 | M: 52.2032 | Path: Statevector MPI-distributed (4 ranks)
[RESILIENCE] Iteration 460: Global theta state checkpointed at path checkpoints/checkpoint_iter_0460.npy. 
WARNING: Energy -16.6948 below FCI -15.5951 — HWE ansatz may have left the physical particle-number sector
Iter 0461 | Energy: -16.694776 | Delta: 9.18e-02 | M: 105.9782 | Path: Statevector MPI-distributed (4 ranks)
WARNING: Energy -16.7351 below FCI -15.5951 — HWE ansatz may have left the physical particle-number sector
Iter 0462 | Energy: -16.735104 | Delta: 4.03e-02 | M: 38.8227 | Path: Statevector MPI-distributed (4 ranks)
WARNING: Energy -16.7945 below FCI -15.5951 — HWE ansatz may have left the physical particle-number sector
Iter 0463 | Energy: -16.794531 | Delta: 5.94e-02 | M: 3.3474 | Path: Statevector MPI-distributed (4 ranks)
WARNING: Energy -16.7667 below FCI -15.5951 — HWE ansatz may have left the physical particle-number sector
Iter 0464 | Energy: -16.766737 | Delta: 2.78e-02 | M: 5.0029 | Path: Statevector MPI-distributed (4 ranks)
WARNING: Energy -16.8137 below FCI -15.5951 — HWE ansatz may have left the physical particle-number sector
Iter 0465 | Energy: -16.813657 | Delta: 4.69e-02 | M: 17.3049 | Path: Statevector MPI-distributed (4 ranks)
[RESILIENCE] Iteration 465: Global theta state checkpointed at path checkpoints/checkpoint_iter_0465.npy. 
WARNING: Energy -16.8194 below FCI -15.5951 — HWE ansatz may have left the physical particle-number sector
Iter 0466 | Energy: -16.819438 | Delta: 5.78e-03 | M: 35.3874 | Path: Statevector MPI-distributed (4 ranks)
WARNING: Energy -16.7679 below FCI -15.5951 — HWE ansatz may have left the physical particle-number sector
Iter 0467 | Energy: -16.767887 | Delta: 5.16e-02 | M: 12.0371 | Path: Statevector MPI-distributed (4 ranks)
WARNING: Energy -16.8059 below FCI -15.5951 — HWE ansatz may have left the physical particle-number sector
Iter 0468 | Energy: -16.805857 | Delta: 3.80e-02 | M: 31.8103 | Path: Statevector MPI-distributed (4 ranks)
WARNING: Energy -16.8369 below FCI -15.5951 — HWE ansatz may have left the physical particle-number sector
Iter 0469 | Energy: -16.836896 | Delta: 3.10e-02 | M: 55.5749 | Path: Statevector MPI-distributed (4 ranks)
WARNING: Energy -16.8340 below FCI -15.5951 — HWE ansatz may have left the physical particle-number sector
Iter 0470 | Energy: -16.833965 | Delta: 2.93e-03 | M: 34.3241 | Path: Statevector MPI-distributed (4 ranks)
[RESILIENCE] Iteration 470: Global theta state checkpointed at path checkpoints/checkpoint_iter_0470.npy. 
WARNING: Energy -16.8001 below FCI -15.5951 — HWE ansatz may have left the physical particle-number sector
Iter 0471 | Energy: -16.800102 | Delta: 3.39e-02 | M: 20.3836 | Path: Statevector MPI-distributed (4 ranks)
WARNING: Energy -16.8777 below FCI -15.5951 — HWE ansatz may have left the physical particle-number sector
Iter 0472 | Energy: -16.877689 | Delta: 7.76e-02 | M: 3.2554 | Path: Statevector MPI-distributed (4 ranks)
WARNING: Energy -16.8825 below FCI -15.5951 — HWE ansatz may have left the physical particle-number sector
Iter 0473 | Energy: -16.882523 | Delta: 4.83e-03 | M: 256.2247 | Path: Statevector MPI-distributed (4 ranks)
WARNING: Energy -16.9012 below FCI -15.5951 — HWE ansatz may have left the physical particle-number sector
Iter 0474 | Energy: -16.901214 | Delta: 1.87e-02 | M: 3429.4715 | Path: Statevector MPI-distributed (4 ranks)
WARNING: Energy -16.8504 below FCI -15.5951 — HWE ansatz may have left the physical particle-number sector
Iter 0475 | Energy: -16.850378 | Delta: 5.08e-02 | M: 3131.3061 | Path: Statevector MPI-distributed (4 ranks)
[RESILIENCE] Iteration 475: Global theta state checkpointed at path checkpoints/checkpoint_iter_0475.npy. 
WARNING: Energy -16.8941 below FCI -15.5951 — HWE ansatz may have left the physical particle-number sector
Iter 0476 | Energy: -16.894137 | Delta: 4.38e-02 | M: 591.2696 | Path: Statevector MPI-distributed (4 ranks)
WARNING: Energy -16.9400 below FCI -15.5951 — HWE ansatz may have left the physical particle-number sector
Iter 0477 | Energy: -16.939951 | Delta: 4.58e-02 | M: 2760.9021 | Path: Statevector MPI-distributed (4 ranks)
WARNING: Energy -16.9349 below FCI -15.5951 — HWE ansatz may have left the physical particle-number sector
Iter 0478 | Energy: -16.934908 | Delta: 5.04e-03 | M: 148.8876 | Path: Statevector MPI-distributed (4 ranks)
WARNING: Energy -16.9192 below FCI -15.5951 — HWE ansatz may have left the physical particle-number sector
Iter 0479 | Energy: -16.919189 | Delta: 1.57e-02 | M: 17.9591 | Path: Statevector MPI-distributed (4 ranks)
WARNING: Energy -16.9221 below FCI -15.5951 — HWE ansatz may have left the physical particle-number sector
Iter 0480 | Energy: -16.922111 | Delta: 2.92e-03 | M: 140.9729 | Path: Statevector MPI-distributed (4 ranks)
[RESILIENCE] Iteration 480: Global theta state checkpointed at path checkpoints/checkpoint_iter_0480.npy. 
WARNING: Energy -16.9694 below FCI -15.5951 — HWE ansatz may have left the physical particle-number sector
Iter 0481 | Energy: -16.969422 | Delta: 4.73e-02 | M: 98.0046 | Path: Statevector MPI-distributed (4 ranks)
WARNING: Energy -16.9543 below FCI -15.5951 — HWE ansatz may have left the physical particle-number sector
Iter 0482 | Energy: -16.954310 | Delta: 1.51e-02 | M: 381.0991 | Path: Statevector MPI-distributed (4 ranks)
WARNING: Energy -16.9825 below FCI -15.5951 — HWE ansatz may have left the physical particle-number sector
Iter 0483 | Energy: -16.982475 | Delta: 2.82e-02 | M: 4450.7929 | Path: Statevector MPI-distributed (4 ranks)
WARNING: Energy -16.9736 below FCI -15.5951 — HWE ansatz may have left the physical particle-number sector
Iter 0484 | Energy: -16.973596 | Delta: 8.88e-03 | M: 122.9743 | Path: Statevector MPI-distributed (4 ranks)
WARNING: Energy -16.9474 below FCI -15.5951 — HWE ansatz may have left the physical particle-number sector
Iter 0485 | Energy: -16.947399 | Delta: 2.62e-02 | M: 3643.2465 | Path: Statevector MPI-distributed (4 ranks)
[RESILIENCE] Iteration 485: Global theta state checkpointed at path checkpoints/checkpoint_iter_0485.npy. 
WARNING: Energy -16.9508 below FCI -15.5951 — HWE ansatz may have left the physical particle-number sector
Iter 0486 | Energy: -16.950816 | Delta: 3.42e-03 | M: 3623.0156 | Path: Statevector MPI-distributed (4 ranks)
WARNING: Energy -16.9380 below FCI -15.5951 — HWE ansatz may have left the physical particle-number sector
Iter 0487 | Energy: -16.937968 | Delta: 1.28e-02 | M: 3872.3586 | Path: Statevector MPI-distributed (4 ranks)
WARNING: Energy -16.9603 below FCI -15.5951 — HWE ansatz may have left the physical particle-number sector
Iter 0488 | Energy: -16.960301 | Delta: 2.23e-02 | M: 3450.2089 | Path: Statevector MPI-distributed (4 ranks)
WARNING: Energy -16.9616 below FCI -15.5951 — HWE ansatz may have left the physical particle-number sector
Iter 0489 | Energy: -16.961628 | Delta: 1.33e-03 | M: 3635.7514 | Path: Statevector MPI-distributed (4 ranks)
WARNING: Energy -16.9685 below FCI -15.5951 — HWE ansatz may have left the physical particle-number sector
Iter 0490 | Energy: -16.968504 | Delta: 6.88e-03 | M: 17.5661 | Path: Statevector MPI-distributed (4 ranks)
[RESILIENCE] Iteration 490: Global theta state checkpointed at path checkpoints/checkpoint_iter_0490.npy. 
WARNING: Energy -16.9389 below FCI -15.5951 — HWE ansatz may have left the physical particle-number sector
Iter 0491 | Energy: -16.938877 | Delta: 2.96e-02 | M: 109.7947 | Path: Statevector MPI-distributed (4 ranks)
WARNING: Energy -16.9926 below FCI -15.5951 — HWE ansatz may have left the physical particle-number sector
Iter 0492 | Energy: -16.992602 | Delta: 5.37e-02 | M: 45.2636 | Path: Statevector MPI-distributed (4 ranks)
WARNING: Energy -16.9430 below FCI -15.5951 — HWE ansatz may have left the physical particle-number sector
Iter 0493 | Energy: -16.943015 | Delta: 4.96e-02 | M: 3891.3550 | Path: Statevector MPI-distributed (4 ranks)
WARNING: Energy -16.9767 below FCI -15.5951 — HWE ansatz may have left the physical particle-number sector
Iter 0494 | Energy: -16.976732 | Delta: 3.37e-02 | M: 137.1696 | Path: Statevector MPI-distributed (4 ranks)
WARNING: Energy -16.9900 below FCI -15.5951 — HWE ansatz may have left the physical particle-number sector
Iter 0495 | Energy: -16.989954 | Delta: 1.32e-02 | M: 200.1403 | Path: Statevector MPI-distributed (4 ranks)
[RESILIENCE] Iteration 495: Global theta state checkpointed at path checkpoints/checkpoint_iter_0495.npy. 
WARNING: Energy -17.0214 below FCI -15.5951 — HWE ansatz may have left the physical particle-number sector
Iter 0496 | Energy: -17.021406 | Delta: 3.15e-02 | M: 3450.5641 | Path: Statevector MPI-distributed (4 ranks)
WARNING: Energy -16.9630 below FCI -15.5951 — HWE ansatz may have left the physical particle-number sector
Iter 0497 | Energy: -16.962988 | Delta: 5.84e-02 | M: 4.4881 | Path: Statevector MPI-distributed (4 ranks)
WARNING: Energy -16.9993 below FCI -15.5951 — HWE ansatz may have left the physical particle-number sector
Iter 0498 | Energy: -16.999284 | Delta: 3.63e-02 | M: 5.4488 | Path: Statevector MPI-distributed (4 ranks)
WARNING: Energy -16.9975 below FCI -15.5951 — HWE ansatz may have left the physical particle-number sector
Iter 0499 | Energy: -16.997527 | Delta: 1.76e-03 | M: 3.8485 | Path: Statevector MPI-distributed (4 ranks)
WARNING: Energy -17.0230 below FCI -15.5951 — HWE ansatz may have left the physical particle-number sector
Iter 0500 | Energy: -17.022954 | Delta: 2.54e-02 | M: 3.6116 | Path: Statevector MPI-distributed (4 ranks)
[RESILIENCE] Iteration 500: Global theta state checkpointed at path checkpoints/checkpoint_iter_0500.npy. 

[BeH2] Ansatz tier:hwe_adaptive
[BeH2] Corr score: 0.501 
[BeH2] Final energy : -17.022954 Ha 
[Resolver] 'H2O' found in local registry 
[BeH2] Reference FCI : -15.595118 Ha 
[BeH2] Absolute error: +1.4278 Ha  Ha 
[BeH2] Iterations run: 500
[BeH2] Wall time: 155.98s (includes QPU queue + RTT) 
[BeH2] Time/iter: 0.31 s 
[BeH2] Source: registry 
[BeH2] Active electrons: 4 
[BeH2] Estimated qubits: 12 
[BeH2] Note: Frozen 2 core electrons. Active space: 4 electrons, 12 qubits 
[Resolver] 'H2O' found in local registry 
[Resolver] 'H2O' found in local registry 


--- RUNNING CHEMISTRY TASK H2O ---
[Resolver] 'H2O' found in local registry 
[Chemistry:H2O] 1086 Pauli terms, 14 qubits, 112 params,  reps=2. FCI reference: -75.0124 Ha 
[Ansatz] HWE (adaptive) (auto) | corr_score=0.502 | off_diag_ratio=0.007
[Reason] score=0.502 in [0.25, 0.55). Moderate correlation detected (off_diag_ratio=0.007, zz_frac=0.986). Adaptive HWE with full entanglement recommended.
[Chemistry:H2O] 1086 Pauli terms, 14 qubits, 112 params,  reps=2. FCI reference: -75.0124 Ha 
[Ansatz] HWE (adaptive) (auto) | corr_score=0.502 | off_diag_ratio=0.007
[Reason] score=0.502 in [0.25, 0.55). Moderate correlation detected (off_diag_ratio=0.007, zz_frac=0.986). Adaptive HWE with full entanglement recommended.
[Chemistry:H2O] 1086 Pauli terms, 14 qubits, 112 params,  reps=2. FCI reference: -75.0124 Ha 
[Ansatz] HWE (adaptive) (auto) | corr_score=0.502 | off_diag_ratio=0.007
[Reason] score=0.502 in [0.25, 0.55). Moderate correlation detected (off_diag_ratio=0.007, zz_frac=0.986). Adaptive HWE with full entanglement recommended.
[Chemistry:H2O] 1086 Pauli terms, 14 qubits, 112 params,  reps=2. FCI reference: -75.0124 Ha 
[Ansatz] HWE (adaptive) (auto) | corr_score=0.502 | off_diag_ratio=0.007
[Reason] score=0.502 in [0.25, 0.55). Moderate correlation detected (off_diag_ratio=0.007, zz_frac=0.986). Adaptive HWE with full entanglement recommended.
Iter 0001 | Energy: -3.245500 | Delta: inf | M: 9.4646 | Path: Statevector MPI-distributed (4 ranks)
Iter 0002 | Energy: -2.901554 | Delta: 3.44e-01 | M: 10.1487 | Path: Statevector MPI-distributed (4 ranks)
Iter 0003 | Energy: -3.007260 | Delta: 1.06e-01 | M: 44.1150 | Path: Statevector MPI-distributed (4 ranks)
Iter 0004 | Energy: -4.551715 | Delta: 1.54e+00 | M: 382.5711 | Path: Statevector MPI-distributed (4 ranks)
Iter 0005 | Energy: -6.702699 | Delta: 2.15e+00 | M: 5310.4044 | Path: Statevector MPI-distributed (4 ranks)
[RESILIENCE] Iteration 5: Global theta state checkpointed at path checkpoints/checkpoint_iter_0005.npy. 
Iter 0006 | Energy: -6.621237 | Delta: 8.15e-02 | M: 3857.5604 | Path: Statevector MPI-distributed (4 ranks)
Iter 0007 | Energy: -27.245275 | Delta: 2.06e+01 | M: 4467.5953 | Path: Statevector MPI-distributed (4 ranks)
Iter 0008 | Energy: -29.737550 | Delta: 2.49e+00 | M: 3532.3491 | Path: Statevector MPI-distributed (4 ranks)
Iter 0009 | Energy: -34.199580 | Delta: 4.46e+00 | M: 4043.3812 | Path: Statevector MPI-distributed (4 ranks)
Iter 0010 | Energy: -33.872467 | Delta: 3.27e-01 | M: 2274.4863 | Path: Statevector MPI-distributed (4 ranks)
[RESILIENCE] Iteration 10: Global theta state checkpointed at path checkpoints/checkpoint_iter_0010.npy. 
Iter 0011 | Energy: -41.492031 | Delta: 7.62e+00 | M: 16.7779 | Path: Statevector MPI-distributed (4 ranks)
Iter 0012 | Energy: -42.166963 | Delta: 6.75e-01 | M: 157.9805 | Path: Statevector MPI-distributed (4 ranks)
Iter 0013 | Energy: -45.016797 | Delta: 2.85e+00 | M: 51.3000 | Path: Statevector MPI-distributed (4 ranks)
Iter 0014 | Energy: -45.007501 | Delta: 9.30e-03 | M: 46.6941 | Path: Statevector MPI-distributed (4 ranks)
Iter 0015 | Energy: -50.810105 | Delta: 5.80e+00 | M: 4.7475 | Path: Statevector MPI-distributed (4 ranks)
[RESILIENCE] Iteration 15: Global theta state checkpointed at path checkpoints/checkpoint_iter_0015.npy. 
Iter 0016 | Energy: -56.063398 | Delta: 5.25e+00 | M: 365.4195 | Path: Statevector MPI-distributed (4 ranks)
Iter 0017 | Energy: -55.835588 | Delta: 2.28e-01 | M: 4509.5989 | Path: Statevector MPI-distributed (4 ranks)
Iter 0018 | Energy: -56.164136 | Delta: 3.29e-01 | M: 90.9467 | Path: Statevector MPI-distributed (4 ranks)
Iter 0019 | Energy: -56.553354 | Delta: 3.89e-01 | M: 81.3819 | Path: Statevector MPI-distributed (4 ranks)
Iter 0020 | Energy: -57.051530 | Delta: 4.98e-01 | M: 162.7026 | Path: Statevector MPI-distributed (4 ranks)
[RESILIENCE] Iteration 20: Global theta state checkpointed at path checkpoints/checkpoint_iter_0020.npy. 
Iter 0021 | Energy: -57.458724 | Delta: 4.07e-01 | M: 11.5661 | Path: Statevector MPI-distributed (4 ranks)
Iter 0022 | Energy: -57.707308 | Delta: 2.49e-01 | M: 2982.2327 | Path: Statevector MPI-distributed (4 ranks)
Iter 0023 | Energy: -62.143656 | Delta: 4.44e+00 | M: 392.8574 | Path: Statevector MPI-distributed (4 ranks)
Iter 0024 | Energy: -68.405657 | Delta: 6.26e+00 | M: 8.3670 | Path: Statevector MPI-distributed (4 ranks)
Iter 0025 | Energy: -68.348174 | Delta: 5.75e-02 | M: 68.0333 | Path: Statevector MPI-distributed (4 ranks)
[RESILIENCE] Iteration 25: Global theta state checkpointed at path checkpoints/checkpoint_iter_0025.npy. 
Iter 0026 | Energy: -68.714551 | Delta: 3.66e-01 | M: 15.8292 | Path: Statevector MPI-distributed (4 ranks)
Iter 0027 | Energy: -68.723794 | Delta: 9.24e-03 | M: 3.0977 | Path: Statevector MPI-distributed (4 ranks)
Iter 0028 | Energy: -69.100792 | Delta: 3.77e-01 | M: 3.0144 | Path: Statevector MPI-distributed (4 ranks)
Iter 0029 | Energy: -69.163552 | Delta: 6.28e-02 | M: 3615.6631 | Path: Statevector MPI-distributed (4 ranks)
Iter 0030 | Energy: -69.221405 | Delta: 5.79e-02 | M: 3.2938 | Path: Statevector MPI-distributed (4 ranks)
[RESILIENCE] Iteration 30: Global theta state checkpointed at path checkpoints/checkpoint_iter_0030.npy. 
Iter 0031 | Energy: -69.381165 | Delta: 1.60e-01 | M: 3857.0724 | Path: Statevector MPI-distributed (4 ranks)
Iter 0032 | Energy: -70.068275 | Delta: 6.87e-01 | M: 17.7246 | Path: Statevector MPI-distributed (4 ranks)
Iter 0033 | Energy: -70.922487 | Delta: 8.54e-01 | M: 5104.7914 | Path: Statevector MPI-distributed (4 ranks)
Iter 0034 | Energy: -70.967410 | Delta: 4.49e-02 | M: 63.3536 | Path: Statevector MPI-distributed (4 ranks)
Iter 0035 | Energy: -71.560696 | Delta: 5.93e-01 | M: 4206.0145 | Path: Statevector MPI-distributed (4 ranks)
[RESILIENCE] Iteration 35: Global theta state checkpointed at path checkpoints/checkpoint_iter_0035.npy. 
Iter 0036 | Energy: -71.657331 | Delta: 9.66e-02 | M: 4642.7633 | Path: Statevector MPI-distributed (4 ranks)
Iter 0037 | Energy: -72.215298 | Delta: 5.58e-01 | M: 3146.3758 | Path: Statevector MPI-distributed (4 ranks)
Iter 0038 | Energy: -72.698525 | Delta: 4.83e-01 | M: 3837.4703 | Path: Statevector MPI-distributed (4 ranks)
Iter 0039 | Energy: -72.905331 | Delta: 2.07e-01 | M: 4526.9547 | Path: Statevector MPI-distributed (4 ranks)
Iter 0040 | Energy: -74.609451 | Delta: 1.70e+00 | M: 5485.1505 | Path: Statevector MPI-distributed (4 ranks)
[RESILIENCE] Iteration 40: Global theta state checkpointed at path checkpoints/checkpoint_iter_0040.npy. 
Iter 0041 | Energy: -74.878720 | Delta: 2.69e-01 | M: 4574.1055 | Path: Statevector MPI-distributed (4 ranks)
Iter 0042 | Energy: -74.924995 | Delta: 4.63e-02 | M: 4292.0154 | Path: Statevector MPI-distributed (4 ranks)
WARNING: Energy -75.7036 below FCI -75.0124 — HWE ansatz may have left the physical particle-number sector
Iter 0043 | Energy: -75.703607 | Delta: 7.79e-01 | M: 4210.9232 | Path: Statevector MPI-distributed (4 ranks)
WARNING: Energy -75.9060 below FCI -75.0124 — HWE ansatz may have left the physical particle-number sector
Iter 0044 | Energy: -75.906031 | Delta: 2.02e-01 | M: 109.6723 | Path: Statevector MPI-distributed (4 ranks)
WARNING: Energy -76.3557 below FCI -75.0124 — HWE ansatz may have left the physical particle-number sector
Iter 0045 | Energy: -76.355716 | Delta: 4.50e-01 | M: 3865.4050 | Path: Statevector MPI-distributed (4 ranks)
[RESILIENCE] Iteration 45: Global theta state checkpointed at path checkpoints/checkpoint_iter_0045.npy. 
WARNING: Energy -76.6925 below FCI -75.0124 — HWE ansatz may have left the physical particle-number sector
Iter 0046 | Energy: -76.692467 | Delta: 3.37e-01 | M: 4513.9630 | Path: Statevector MPI-distributed (4 ranks)
WARNING: Energy -76.6625 below FCI -75.0124 — HWE ansatz may have left the physical particle-number sector
Iter 0047 | Energy: -76.662506 | Delta: 3.00e-02 | M: 4392.1879 | Path: Statevector MPI-distributed (4 ranks)
WARNING: Energy -76.6729 below FCI -75.0124 — HWE ansatz may have left the physical particle-number sector
Iter 0048 | Energy: -76.672895 | Delta: 1.04e-02 | M: 3001.9023 | Path: Statevector MPI-distributed (4 ranks)
WARNING: Energy -76.7837 below FCI -75.0124 — HWE ansatz may have left the physical particle-number sector
Iter 0049 | Energy: -76.783682 | Delta: 1.11e-01 | M: 3947.8073 | Path: Statevector MPI-distributed (4 ranks)
WARNING: Energy -76.9998 below FCI -75.0124 — HWE ansatz may have left the physical particle-number sector
Iter 0050 | Energy: -76.999779 | Delta: 2.16e-01 | M: 4094.6683 | Path: Statevector MPI-distributed (4 ranks)
[RESILIENCE] Iteration 50: Global theta state checkpointed at path checkpoints/checkpoint_iter_0050.npy. 
WARNING: Energy -77.0890 below FCI -75.0124 — HWE ansatz may have left the physical particle-number sector
Iter 0051 | Energy: -77.089034 | Delta: 8.93e-02 | M: 3845.7481 | Path: Statevector MPI-distributed (4 ranks)
WARNING: Energy -77.0895 below FCI -75.0124 — HWE ansatz may have left the physical particle-number sector
Iter 0052 | Energy: -77.089524 | Delta: 4.90e-04 | M: 4780.3532 | Path: Statevector MPI-distributed (4 ranks)
WARNING: Energy -77.1927 below FCI -75.0124 — HWE ansatz may have left the physical particle-number sector
Iter 0053 | Energy: -77.192715 | Delta: 1.03e-01 | M: 18.3346 | Path: Statevector MPI-distributed (4 ranks)
WARNING: Energy -77.2710 below FCI -75.0124 — HWE ansatz may have left the physical particle-number sector
Iter 0054 | Energy: -77.271021 | Delta: 7.83e-02 | M: 4831.9873 | Path: Statevector MPI-distributed (4 ranks)
WARNING: Energy -77.3021 below FCI -75.0124 — HWE ansatz may have left the physical particle-number sector
Iter 0055 | Energy: -77.302072 | Delta: 3.11e-02 | M: 4037.9975 | Path: Statevector MPI-distributed (4 ranks)
[RESILIENCE] Iteration 55: Global theta state checkpointed at path checkpoints/checkpoint_iter_0055.npy. 
WARNING: Energy -77.4209 below FCI -75.0124 — HWE ansatz may have left the physical particle-number sector
Iter 0056 | Energy: -77.420892 | Delta: 1.19e-01 | M: 154.2843 | Path: Statevector MPI-distributed (4 ranks)
WARNING: Energy -77.4711 below FCI -75.0124 — HWE ansatz may have left the physical particle-number sector
Iter 0057 | Energy: -77.471090 | Delta: 5.02e-02 | M: 4644.4566 | Path: Statevector MPI-distributed (4 ranks)
WARNING: Energy -77.5008 below FCI -75.0124 — HWE ansatz may have left the physical particle-number sector
Iter 0058 | Energy: -77.500793 | Delta: 2.97e-02 | M: 3413.2025 | Path: Statevector MPI-distributed (4 ranks)
WARNING: Energy -77.6920 below FCI -75.0124 — HWE ansatz may have left the physical particle-number sector
Iter 0059 | Energy: -77.691996 | Delta: 1.91e-01 | M: 3556.4664 | Path: Statevector MPI-distributed (4 ranks)
WARNING: Energy -77.9815 below FCI -75.0124 — HWE ansatz may have left the physical particle-number sector
Iter 0060 | Energy: -77.981505 | Delta: 2.90e-01 | M: 9.6203 | Path: Statevector MPI-distributed (4 ranks)
[RESILIENCE] Iteration 60: Global theta state checkpointed at path checkpoints/checkpoint_iter_0060.npy. 
WARNING: Energy -78.0412 below FCI -75.0124 — HWE ansatz may have left the physical particle-number sector
Iter 0061 | Energy: -78.041152 | Delta: 5.96e-02 | M: 762.8427 | Path: Statevector MPI-distributed (4 ranks)
WARNING: Energy -78.0118 below FCI -75.0124 — HWE ansatz may have left the physical particle-number sector
Iter 0062 | Energy: -78.011771 | Delta: 2.94e-02 | M: 32.7440 | Path: Statevector MPI-distributed (4 ranks)
WARNING: Energy -78.0230 below FCI -75.0124 — HWE ansatz may have left the physical particle-number sector
Iter 0063 | Energy: -78.023023 | Delta: 1.13e-02 | M: 4926.8344 | Path: Statevector MPI-distributed (4 ranks)
WARNING: Energy -78.0539 below FCI -75.0124 — HWE ansatz may have left the physical particle-number sector
Iter 0064 | Energy: -78.053939 | Delta: 3.09e-02 | M: 5.1080 | Path: Statevector MPI-distributed (4 ranks)
WARNING: Energy -78.1858 below FCI -75.0124 — HWE ansatz may have left the physical particle-number sector
Iter 0065 | Energy: -78.185780 | Delta: 1.32e-01 | M: 6.1530 | Path: Statevector MPI-distributed (4 ranks)
[RESILIENCE] Iteration 65: Global theta state checkpointed at path checkpoints/checkpoint_iter_0065.npy. 
WARNING: Energy -78.5093 below FCI -75.0124 — HWE ansatz may have left the physical particle-number sector
Iter 0066 | Energy: -78.509276 | Delta: 3.23e-01 | M: 19.2029 | Path: Statevector MPI-distributed (4 ranks)
WARNING: Energy -78.5960 below FCI -75.0124 — HWE ansatz may have left the physical particle-number sector
Iter 0067 | Energy: -78.595965 | Delta: 8.67e-02 | M: 41.7192 | Path: Statevector MPI-distributed (4 ranks)
WARNING: Energy -78.6541 below FCI -75.0124 — HWE ansatz may have left the physical particle-number sector
Iter 0068 | Energy: -78.654065 | Delta: 5.81e-02 | M: 36.2702 | Path: Statevector MPI-distributed (4 ranks)
WARNING: Energy -78.7442 below FCI -75.0124 — HWE ansatz may have left the physical particle-number sector
Iter 0069 | Energy: -78.744235 | Delta: 9.02e-02 | M: 22.7842 | Path: Statevector MPI-distributed (4 ranks)
WARNING: Energy -78.9082 below FCI -75.0124 — HWE ansatz may have left the physical particle-number sector
Iter 0070 | Energy: -78.908213 | Delta: 1.64e-01 | M: 17.1978 | Path: Statevector MPI-distributed (4 ranks)
[RESILIENCE] Iteration 70: Global theta state checkpointed at path checkpoints/checkpoint_iter_0070.npy. 
WARNING: Energy -79.0908 below FCI -75.0124 — HWE ansatz may have left the physical particle-number sector
Iter 0071 | Energy: -79.090781 | Delta: 1.83e-01 | M: 16.0681 | Path: Statevector MPI-distributed (4 ranks)
WARNING: Energy -79.1167 below FCI -75.0124 — HWE ansatz may have left the physical particle-number sector
Iter 0072 | Energy: -79.116667 | Delta: 2.59e-02 | M: 4.1492 | Path: Statevector MPI-distributed (4 ranks)
WARNING: Energy -79.1554 below FCI -75.0124 — HWE ansatz may have left the physical particle-number sector
Iter 0073 | Energy: -79.155359 | Delta: 3.87e-02 | M: 20.0812 | Path: Statevector MPI-distributed (4 ranks)
WARNING: Energy -79.1816 below FCI -75.0124 — HWE ansatz may have left the physical particle-number sector
Iter 0074 | Energy: -79.181579 | Delta: 2.62e-02 | M: 26.0709 | Path: Statevector MPI-distributed (4 ranks)
WARNING: Energy -79.1812 below FCI -75.0124 — HWE ansatz may have left the physical particle-number sector
Iter 0075 | Energy: -79.181153 | Delta: 4.26e-04 | M: 12.1061 | Path: Statevector MPI-distributed (4 ranks)
[RESILIENCE] Iteration 75: Global theta state checkpointed at path checkpoints/checkpoint_iter_0075.npy. 
WARNING: Energy -79.3047 below FCI -75.0124 — HWE ansatz may have left the physical particle-number sector
Iter 0076 | Energy: -79.304669 | Delta: 1.24e-01 | M: 20.1803 | Path: Statevector MPI-distributed (4 ranks)
WARNING: Energy -79.3100 below FCI -75.0124 — HWE ansatz may have left the physical particle-number sector
Iter 0077 | Energy: -79.310012 | Delta: 5.34e-03 | M: 417.7909 | Path: Statevector MPI-distributed (4 ranks)
WARNING: Energy -79.5052 below FCI -75.0124 — HWE ansatz may have left the physical particle-number sector
Iter 0078 | Energy: -79.505179 | Delta: 1.95e-01 | M: 6.6365 | Path: Statevector MPI-distributed (4 ranks)
WARNING: Energy -79.5076 below FCI -75.0124 — HWE ansatz may have left the physical particle-number sector
Iter 0079 | Energy: -79.507630 | Delta: 2.45e-03 | M: 21.2202 | Path: Statevector MPI-distributed (4 ranks)
WARNING: Energy -79.5186 below FCI -75.0124 — HWE ansatz may have left the physical particle-number sector
Iter 0080 | Energy: -79.518581 | Delta: 1.10e-02 | M: 28.0346 | Path: Statevector MPI-distributed (4 ranks)
[RESILIENCE] Iteration 80: Global theta state checkpointed at path checkpoints/checkpoint_iter_0080.npy. 
WARNING: Energy -79.5158 below FCI -75.0124 — HWE ansatz may have left the physical particle-number sector
Iter 0081 | Energy: -79.515782 | Delta: 2.80e-03 | M: 13.5283 | Path: Statevector MPI-distributed (4 ranks)
WARNING: Energy -79.5947 below FCI -75.0124 — HWE ansatz may have left the physical particle-number sector
Iter 0082 | Energy: -79.594678 | Delta: 7.89e-02 | M: 6.4287 | Path: Statevector MPI-distributed (4 ranks)
WARNING: Energy -79.6069 below FCI -75.0124 — HWE ansatz may have left the physical particle-number sector
Iter 0083 | Energy: -79.606927 | Delta: 1.22e-02 | M: 49.1107 | Path: Statevector MPI-distributed (4 ranks)
WARNING: Energy -79.6095 below FCI -75.0124 — HWE ansatz may have left the physical particle-number sector
Iter 0084 | Energy: -79.609521 | Delta: 2.59e-03 | M: 24.2693 | Path: Statevector MPI-distributed (4 ranks)
WARNING: Energy -79.5918 below FCI -75.0124 — HWE ansatz may have left the physical particle-number sector
Iter 0085 | Energy: -79.591809 | Delta: 1.77e-02 | M: 5047.8718 | Path: Statevector MPI-distributed (4 ranks)
[RESILIENCE] Iteration 85: Global theta state checkpointed at path checkpoints/checkpoint_iter_0085.npy. 
WARNING: Energy -79.6480 below FCI -75.0124 — HWE ansatz may have left the physical particle-number sector
Iter 0086 | Energy: -79.648038 | Delta: 5.62e-02 | M: 111.9170 | Path: Statevector MPI-distributed (4 ranks)
WARNING: Energy -79.7244 below FCI -75.0124 — HWE ansatz may have left the physical particle-number sector
Iter 0087 | Energy: -79.724354 | Delta: 7.63e-02 | M: 28.1885 | Path: Statevector MPI-distributed (4 ranks)
WARNING: Energy -79.7546 below FCI -75.0124 — HWE ansatz may have left the physical particle-number sector
Iter 0088 | Energy: -79.754588 | Delta: 3.02e-02 | M: 3.9848 | Path: Statevector MPI-distributed (4 ranks)
WARNING: Energy -79.7994 below FCI -75.0124 — HWE ansatz may have left the physical particle-number sector
Iter 0089 | Energy: -79.799366 | Delta: 4.48e-02 | M: 34.4749 | Path: Statevector MPI-distributed (4 ranks)
WARNING: Energy -79.8736 below FCI -75.0124 — HWE ansatz may have left the physical particle-number sector
Iter 0090 | Energy: -79.873622 | Delta: 7.43e-02 | M: 10.2528 | Path: Statevector MPI-distributed (4 ranks)
[RESILIENCE] Iteration 90: Global theta state checkpointed at path checkpoints/checkpoint_iter_0090.npy. 
WARNING: Energy -79.8640 below FCI -75.0124 — HWE ansatz may have left the physical particle-number sector
Iter 0091 | Energy: -79.864007 | Delta: 9.62e-03 | M: 3636.4365 | Path: Statevector MPI-distributed (4 ranks)
WARNING: Energy -79.8890 below FCI -75.0124 — HWE ansatz may have left the physical particle-number sector
Iter 0092 | Energy: -79.888961 | Delta: 2.50e-02 | M: 4147.0236 | Path: Statevector MPI-distributed (4 ranks)
WARNING: Energy -79.9787 below FCI -75.0124 — HWE ansatz may have left the physical particle-number sector
Iter 0093 | Energy: -79.978747 | Delta: 8.98e-02 | M: 4680.5213 | Path: Statevector MPI-distributed (4 ranks)
WARNING: Energy -79.9584 below FCI -75.0124 — HWE ansatz may have left the physical particle-number sector
Iter 0094 | Energy: -79.958386 | Delta: 2.04e-02 | M: 212.9930 | Path: Statevector MPI-distributed (4 ranks)
WARNING: Energy -79.9866 below FCI -75.0124 — HWE ansatz may have left the physical particle-number sector
Iter 0095 | Energy: -79.986568 | Delta: 2.82e-02 | M: 126.1935 | Path: Statevector MPI-distributed (4 ranks)
[RESILIENCE] Iteration 95: Global theta state checkpointed at path checkpoints/checkpoint_iter_0095.npy. 
WARNING: Energy -79.9991 below FCI -75.0124 — HWE ansatz may have left the physical particle-number sector
Iter 0096 | Energy: -79.999146 | Delta: 1.26e-02 | M: 2881.1352 | Path: Statevector MPI-distributed (4 ranks)
WARNING: Energy -80.0288 below FCI -75.0124 — HWE ansatz may have left the physical particle-number sector
Iter 0097 | Energy: -80.028761 | Delta: 2.96e-02 | M: 193.4475 | Path: Statevector MPI-distributed (4 ranks)
WARNING: Energy -80.0444 below FCI -75.0124 — HWE ansatz may have left the physical particle-number sector
Iter 0098 | Energy: -80.044368 | Delta: 1.56e-02 | M: 3592.6344 | Path: Statevector MPI-distributed (4 ranks)
WARNING: Energy -80.0982 below FCI -75.0124 — HWE ansatz may have left the physical particle-number sector
Iter 0099 | Energy: -80.098184 | Delta: 5.38e-02 | M: 1281.2461 | Path: Statevector MPI-distributed (4 ranks)
WARNING: Energy -80.1260 below FCI -75.0124 — HWE ansatz may have left the physical particle-number sector
Iter 0100 | Energy: -80.125975 | Delta: 2.78e-02 | M: 51.9655 | Path: Statevector MPI-distributed (4 ranks)
[RESILIENCE] Iteration 100: Global theta state checkpointed at path checkpoints/checkpoint_iter_0100.npy. 
WARNING: Energy -80.1151 below FCI -75.0124 — HWE ansatz may have left the physical particle-number sector
Iter 0101 | Energy: -80.115114 | Delta: 1.09e-02 | M: 2988.5460 | Path: Statevector MPI-distributed (4 ranks)
WARNING: Energy -80.1312 below FCI -75.0124 — HWE ansatz may have left the physical particle-number sector
Iter 0102 | Energy: -80.131182 | Delta: 1.61e-02 | M: 3713.9920 | Path: Statevector MPI-distributed (4 ranks)
WARNING: Energy -80.1638 below FCI -75.0124 — HWE ansatz may have left the physical particle-number sector
Iter 0103 | Energy: -80.163769 | Delta: 3.26e-02 | M: 3986.1726 | Path: Statevector MPI-distributed (4 ranks)
WARNING: Energy -80.1432 below FCI -75.0124 — HWE ansatz may have left the physical particle-number sector
Iter 0104 | Energy: -80.143185 | Delta: 2.06e-02 | M: 3893.8857 | Path: Statevector MPI-distributed (4 ranks)
WARNING: Energy -80.1952 below FCI -75.0124 — HWE ansatz may have left the physical particle-number sector
Iter 0105 | Energy: -80.195246 | Delta: 5.21e-02 | M: 2910.4623 | Path: Statevector MPI-distributed (4 ranks)
[RESILIENCE] Iteration 105: Global theta state checkpointed at path checkpoints/checkpoint_iter_0105.npy. 
WARNING: Energy -80.1810 below FCI -75.0124 — HWE ansatz may have left the physical particle-number sector
Iter 0106 | Energy: -80.180962 | Delta: 1.43e-02 | M: 3.1125 | Path: Statevector MPI-distributed (4 ranks)
WARNING: Energy -80.1980 below FCI -75.0124 — HWE ansatz may have left the physical particle-number sector
Iter 0107 | Energy: -80.197984 | Delta: 1.70e-02 | M: 4.6991 | Path: Statevector MPI-distributed (4 ranks)
WARNING: Energy -80.1971 below FCI -75.0124 — HWE ansatz may have left the physical particle-number sector
Iter 0108 | Energy: -80.197080 | Delta: 9.04e-04 | M: 3.2136 | Path: Statevector MPI-distributed (4 ranks)
WARNING: Energy -80.2169 below FCI -75.0124 — HWE ansatz may have left the physical particle-number sector
Iter 0109 | Energy: -80.216948 | Delta: 1.99e-02 | M: 3.4868 | Path: Statevector MPI-distributed (4 ranks)
WARNING: Energy -80.2156 below FCI -75.0124 — HWE ansatz may have left the physical particle-number sector
Iter 0110 | Energy: -80.215620 | Delta: 1.33e-03 | M: 3.5092 | Path: Statevector MPI-distributed (4 ranks)
[RESILIENCE] Iteration 110: Global theta state checkpointed at path checkpoints/checkpoint_iter_0110.npy. 
WARNING: Energy -80.2652 below FCI -75.0124 — HWE ansatz may have left the physical particle-number sector
Iter 0111 | Energy: -80.265239 | Delta: 4.96e-02 | M: 3.5610 | Path: Statevector MPI-distributed (4 ranks)
WARNING: Energy -80.2514 below FCI -75.0124 — HWE ansatz may have left the physical particle-number sector
Iter 0112 | Energy: -80.251420 | Delta: 1.38e-02 | M: 4.1339 | Path: Statevector MPI-distributed (4 ranks)
WARNING: Energy -80.2638 below FCI -75.0124 — HWE ansatz may have left the physical particle-number sector
Iter 0113 | Energy: -80.263837 | Delta: 1.24e-02 | M: 213.3424 | Path: Statevector MPI-distributed (4 ranks)
WARNING: Energy -80.3083 below FCI -75.0124 — HWE ansatz may have left the physical particle-number sector
Iter 0114 | Energy: -80.308255 | Delta: 4.44e-02 | M: 183.6736 | Path: Statevector MPI-distributed (4 ranks)
WARNING: Energy -80.3010 below FCI -75.0124 — HWE ansatz may have left the physical particle-number sector
Iter 0115 | Energy: -80.300979 | Delta: 7.28e-03 | M: 146.6915 | Path: Statevector MPI-distributed (4 ranks)
[RESILIENCE] Iteration 115: Global theta state checkpointed at path checkpoints/checkpoint_iter_0115.npy. 
WARNING: Energy -80.3278 below FCI -75.0124 — HWE ansatz may have left the physical particle-number sector
Iter 0116 | Energy: -80.327769 | Delta: 2.68e-02 | M: 19.2132 | Path: Statevector MPI-distributed (4 ranks)
WARNING: Energy -80.3171 below FCI -75.0124 — HWE ansatz may have left the physical particle-number sector
Iter 0117 | Energy: -80.317113 | Delta: 1.07e-02 | M: 6.1116 | Path: Statevector MPI-distributed (4 ranks)
WARNING: Energy -80.3262 below FCI -75.0124 — HWE ansatz may have left the physical particle-number sector
Iter 0118 | Energy: -80.326232 | Delta: 9.12e-03 | M: 3702.6518 | Path: Statevector MPI-distributed (4 ranks)
WARNING: Energy -80.3290 below FCI -75.0124 — HWE ansatz may have left the physical particle-number sector
Iter 0119 | Energy: -80.329044 | Delta: 2.81e-03 | M: 3.1072 | Path: Statevector MPI-distributed (4 ranks)
WARNING: Energy -80.3393 below FCI -75.0124 — HWE ansatz may have left the physical particle-number sector
Iter 0120 | Energy: -80.339320 | Delta: 1.03e-02 | M: 3.5670 | Path: Statevector MPI-distributed (4 ranks)
[RESILIENCE] Iteration 120: Global theta state checkpointed at path checkpoints/checkpoint_iter_0120.npy. 
WARNING: Energy -80.3637 below FCI -75.0124 — HWE ansatz may have left the physical particle-number sector
Iter 0121 | Energy: -80.363681 | Delta: 2.44e-02 | M: 2.3620 | Path: Statevector MPI-distributed (4 ranks)
WARNING: Energy -80.3827 below FCI -75.0124 — HWE ansatz may have left the physical particle-number sector
Iter 0122 | Energy: -80.382736 | Delta: 1.91e-02 | M: 3.5685 | Path: Statevector MPI-distributed (4 ranks)
WARNING: Energy -80.3954 below FCI -75.0124 — HWE ansatz may have left the physical particle-number sector
Iter 0123 | Energy: -80.395396 | Delta: 1.27e-02 | M: 2.9697 | Path: Statevector MPI-distributed (4 ranks)
WARNING: Energy -80.3815 below FCI -75.0124 — HWE ansatz may have left the physical particle-number sector
Iter 0124 | Energy: -80.381519 | Delta: 1.39e-02 | M: 3.4512 | Path: Statevector MPI-distributed (4 ranks)
WARNING: Energy -80.4111 below FCI -75.0124 — HWE ansatz may have left the physical particle-number sector
Iter 0125 | Energy: -80.411092 | Delta: 2.96e-02 | M: 3.4694 | Path: Statevector MPI-distributed (4 ranks)
[RESILIENCE] Iteration 125: Global theta state checkpointed at path checkpoints/checkpoint_iter_0125.npy. 
WARNING: Energy -80.4056 below FCI -75.0124 — HWE ansatz may have left the physical particle-number sector
Iter 0126 | Energy: -80.405589 | Delta: 5.50e-03 | M: 3.4798 | Path: Statevector MPI-distributed (4 ranks)
WARNING: Energy -80.4180 below FCI -75.0124 — HWE ansatz may have left the physical particle-number sector
Iter 0127 | Energy: -80.417985 | Delta: 1.24e-02 | M: 3.4445 | Path: Statevector MPI-distributed (4 ranks)
WARNING: Energy -80.4219 below FCI -75.0124 — HWE ansatz may have left the physical particle-number sector
Iter 0128 | Energy: -80.421863 | Delta: 3.88e-03 | M: 2.3968 | Path: Statevector MPI-distributed (4 ranks)
WARNING: Energy -80.4091 below FCI -75.0124 — HWE ansatz may have left the physical particle-number sector
Iter 0129 | Energy: -80.409087 | Delta: 1.28e-02 | M: 3.8438 | Path: Statevector MPI-distributed (4 ranks)
WARNING: Energy -80.4131 below FCI -75.0124 — HWE ansatz may have left the physical particle-number sector
Iter 0130 | Energy: -80.413143 | Delta: 4.06e-03 | M: 2.3448 | Path: Statevector MPI-distributed (4 ranks)
[RESILIENCE] Iteration 130: Global theta state checkpointed at path checkpoints/checkpoint_iter_0130.npy. 
WARNING: Energy -80.4250 below FCI -75.0124 — HWE ansatz may have left the physical particle-number sector
Iter 0131 | Energy: -80.425025 | Delta: 1.19e-02 | M: 3.3696 | Path: Statevector MPI-distributed (4 ranks)
WARNING: Energy -80.4254 below FCI -75.0124 — HWE ansatz may have left the physical particle-number sector
Iter 0132 | Energy: -80.425442 | Delta: 4.17e-04 | M: 3.5675 | Path: Statevector MPI-distributed (4 ranks)
WARNING: Energy -80.4316 below FCI -75.0124 — HWE ansatz may have left the physical particle-number sector
Iter 0133 | Energy: -80.431648 | Delta: 6.21e-03 | M: 3.5708 | Path: Statevector MPI-distributed (4 ranks)
WARNING: Energy -80.4371 below FCI -75.0124 — HWE ansatz may have left the physical particle-number sector
Iter 0134 | Energy: -80.437067 | Delta: 5.42e-03 | M: 2.9612 | Path: Statevector MPI-distributed (4 ranks)
WARNING: Energy -80.4271 below FCI -75.0124 — HWE ansatz may have left the physical particle-number sector
Iter 0135 | Energy: -80.427071 | Delta: 1.00e-02 | M: 3.2166 | Path: Statevector MPI-distributed (4 ranks)
[RESILIENCE] Iteration 135: Global theta state checkpointed at path checkpoints/checkpoint_iter_0135.npy. 
WARNING: Energy -80.4382 below FCI -75.0124 — HWE ansatz may have left the physical particle-number sector
Iter 0136 | Energy: -80.438206 | Delta: 1.11e-02 | M: 3.0388 | Path: Statevector MPI-distributed (4 ranks)
WARNING: Energy -80.4182 below FCI -75.0124 — HWE ansatz may have left the physical particle-number sector
Iter 0137 | Energy: -80.418217 | Delta: 2.00e-02 | M: 3.1590 | Path: Statevector MPI-distributed (4 ranks)
WARNING: Energy -80.4354 below FCI -75.0124 — HWE ansatz may have left the physical particle-number sector
Iter 0138 | Energy: -80.435432 | Delta: 1.72e-02 | M: 3.2279 | Path: Statevector MPI-distributed (4 ranks)
WARNING: Energy -80.4397 below FCI -75.0124 — HWE ansatz may have left the physical particle-number sector
Iter 0139 | Energy: -80.439697 | Delta: 4.27e-03 | M: 3.4583 | Path: Statevector MPI-distributed (4 ranks)
WARNING: Energy -80.4623 below FCI -75.0124 — HWE ansatz may have left the physical particle-number sector
Iter 0140 | Energy: -80.462328 | Delta: 2.26e-02 | M: 3.1080 | Path: Statevector MPI-distributed (4 ranks)
[RESILIENCE] Iteration 140: Global theta state checkpointed at path checkpoints/checkpoint_iter_0140.npy. 
WARNING: Energy -80.4839 below FCI -75.0124 — HWE ansatz may have left the physical particle-number sector
Iter 0141 | Energy: -80.483925 | Delta: 2.16e-02 | M: 3.4120 | Path: Statevector MPI-distributed (4 ranks)
WARNING: Energy -80.4578 below FCI -75.0124 — HWE ansatz may have left the physical particle-number sector
Iter 0142 | Energy: -80.457772 | Delta: 2.62e-02 | M: 3.8883 | Path: Statevector MPI-distributed (4 ranks)
WARNING: Energy -80.4870 below FCI -75.0124 — HWE ansatz may have left the physical particle-number sector
Iter 0143 | Energy: -80.487012 | Delta: 2.92e-02 | M: 3.5755 | Path: Statevector MPI-distributed (4 ranks)
WARNING: Energy -80.4598 below FCI -75.0124 — HWE ansatz may have left the physical particle-number sector
Iter 0144 | Energy: -80.459777 | Delta: 2.72e-02 | M: 3.1144 | Path: Statevector MPI-distributed (4 ranks)
WARNING: Energy -80.5015 below FCI -75.0124 — HWE ansatz may have left the physical particle-number sector
Iter 0145 | Energy: -80.501532 | Delta: 4.18e-02 | M: 1.9411 | Path: Statevector MPI-distributed (4 ranks)
[RESILIENCE] Iteration 145: Global theta state checkpointed at path checkpoints/checkpoint_iter_0145.npy. 
WARNING: Energy -80.4766 below FCI -75.0124 — HWE ansatz may have left the physical particle-number sector
Iter 0146 | Energy: -80.476567 | Delta: 2.50e-02 | M: 3990.5947 | Path: Statevector MPI-distributed (4 ranks)
WARNING: Energy -80.4762 below FCI -75.0124 — HWE ansatz may have left the physical particle-number sector
Iter 0147 | Energy: -80.476220 | Delta: 3.48e-04 | M: 4353.3689 | Path: Statevector MPI-distributed (4 ranks)
WARNING: Energy -80.4668 below FCI -75.0124 — HWE ansatz may have left the physical particle-number sector
Iter 0148 | Energy: -80.466842 | Delta: 9.38e-03 | M: 500.2091 | Path: Statevector MPI-distributed (4 ranks)
WARNING: Energy -80.4906 below FCI -75.0124 — HWE ansatz may have left the physical particle-number sector
Iter 0149 | Energy: -80.490595 | Delta: 2.38e-02 | M: 205.9308 | Path: Statevector MPI-distributed (4 ranks)
WARNING: Energy -80.4776 below FCI -75.0124 — HWE ansatz may have left the physical particle-number sector
Iter 0150 | Energy: -80.477552 | Delta: 1.30e-02 | M: 4290.7845 | Path: Statevector MPI-distributed (4 ranks)
[RESILIENCE] Iteration 150: Global theta state checkpointed at path checkpoints/checkpoint_iter_0150.npy. 
WARNING: Energy -80.5028 below FCI -75.0124 — HWE ansatz may have left the physical particle-number sector
Iter 0151 | Energy: -80.502839 | Delta: 2.53e-02 | M: 4989.3020 | Path: Statevector MPI-distributed (4 ranks)
WARNING: Energy -80.5124 below FCI -75.0124 — HWE ansatz may have left the physical particle-number sector
Iter 0152 | Energy: -80.512403 | Delta: 9.56e-03 | M: 4450.2962 | Path: Statevector MPI-distributed (4 ranks)
WARNING: Energy -80.4830 below FCI -75.0124 — HWE ansatz may have left the physical particle-number sector
Iter 0153 | Energy: -80.483041 | Delta: 2.94e-02 | M: 3864.5886 | Path: Statevector MPI-distributed (4 ranks)
WARNING: Energy -80.5028 below FCI -75.0124 — HWE ansatz may have left the physical particle-number sector
Iter 0154 | Energy: -80.502812 | Delta: 1.98e-02 | M: 211.1761 | Path: Statevector MPI-distributed (4 ranks)
WARNING: Energy -80.5225 below FCI -75.0124 — HWE ansatz may have left the physical particle-number sector
Iter 0155 | Energy: -80.522505 | Delta: 1.97e-02 | M: 392.1575 | Path: Statevector MPI-distributed (4 ranks)
[RESILIENCE] Iteration 155: Global theta state checkpointed at path checkpoints/checkpoint_iter_0155.npy. 
WARNING: Energy -80.5091 below FCI -75.0124 — HWE ansatz may have left the physical particle-number sector
Iter 0156 | Energy: -80.509051 | Delta: 1.35e-02 | M: 855.9472 | Path: Statevector MPI-distributed (4 ranks)
WARNING: Energy -80.5207 below FCI -75.0124 — HWE ansatz may have left the physical particle-number sector
Iter 0157 | Energy: -80.520725 | Delta: 1.17e-02 | M: 4277.2559 | Path: Statevector MPI-distributed (4 ranks)
WARNING: Energy -80.5256 below FCI -75.0124 — HWE ansatz may have left the physical particle-number sector
Iter 0158 | Energy: -80.525593 | Delta: 4.87e-03 | M: 4443.7192 | Path: Statevector MPI-distributed (4 ranks)
WARNING: Energy -80.5355 below FCI -75.0124 — HWE ansatz may have left the physical particle-number sector
Iter 0159 | Energy: -80.535451 | Delta: 9.86e-03 | M: 71.8081 | Path: Statevector MPI-distributed (4 ranks)
WARNING: Energy -80.5462 below FCI -75.0124 — HWE ansatz may have left the physical particle-number sector
Iter 0160 | Energy: -80.546155 | Delta: 1.07e-02 | M: 4751.3329 | Path: Statevector MPI-distributed (4 ranks)
[RESILIENCE] Iteration 160: Global theta state checkpointed at path checkpoints/checkpoint_iter_0160.npy. 
WARNING: Energy -80.5331 below FCI -75.0124 — HWE ansatz may have left the physical particle-number sector
Iter 0161 | Energy: -80.533083 | Delta: 1.31e-02 | M: 4038.9579 | Path: Statevector MPI-distributed (4 ranks)
WARNING: Energy -80.5584 below FCI -75.0124 — HWE ansatz may have left the physical particle-number sector
Iter 0162 | Energy: -80.558359 | Delta: 2.53e-02 | M: 4317.4222 | Path: Statevector MPI-distributed (4 ranks)
WARNING: Energy -80.5485 below FCI -75.0124 — HWE ansatz may have left the physical particle-number sector
Iter 0163 | Energy: -80.548521 | Delta: 9.84e-03 | M: 119.0495 | Path: Statevector MPI-distributed (4 ranks)
WARNING: Energy -80.5674 below FCI -75.0124 — HWE ansatz may have left the physical particle-number sector
Iter 0164 | Energy: -80.567435 | Delta: 1.89e-02 | M: 44.0385 | Path: Statevector MPI-distributed (4 ranks)
WARNING: Energy -80.5827 below FCI -75.0124 — HWE ansatz may have left the physical particle-number sector
Iter 0165 | Energy: -80.582692 | Delta: 1.53e-02 | M: 11.9383 | Path: Statevector MPI-distributed (4 ranks)
[RESILIENCE] Iteration 165: Global theta state checkpointed at path checkpoints/checkpoint_iter_0165.npy. 
WARNING: Energy -80.5800 below FCI -75.0124 — HWE ansatz may have left the physical particle-number sector
Iter 0166 | Energy: -80.579992 | Delta: 2.70e-03 | M: 385.9380 | Path: Statevector MPI-distributed (4 ranks)
WARNING: Energy -80.6129 below FCI -75.0124 — HWE ansatz may have left the physical particle-number sector
Iter 0167 | Energy: -80.612911 | Delta: 3.29e-02 | M: 4379.1108 | Path: Statevector MPI-distributed (4 ranks)
WARNING: Energy -80.5990 below FCI -75.0124 — HWE ansatz may have left the physical particle-number sector
Iter 0168 | Energy: -80.599028 | Delta: 1.39e-02 | M: 4391.8933 | Path: Statevector MPI-distributed (4 ranks)
WARNING: Energy -80.5969 below FCI -75.0124 — HWE ansatz may have left the physical particle-number sector
Iter 0169 | Energy: -80.596894 | Delta: 2.13e-03 | M: 58.1086 | Path: Statevector MPI-distributed (4 ranks)
WARNING: Energy -80.6283 below FCI -75.0124 — HWE ansatz may have left the physical particle-number sector
Iter 0170 | Energy: -80.628343 | Delta: 3.14e-02 | M: 4648.0499 | Path: Statevector MPI-distributed (4 ranks)
[RESILIENCE] Iteration 170: Global theta state checkpointed at path checkpoints/checkpoint_iter_0170.npy. 
WARNING: Energy -80.6084 below FCI -75.0124 — HWE ansatz may have left the physical particle-number sector
Iter 0171 | Energy: -80.608428 | Delta: 1.99e-02 | M: 5297.7817 | Path: Statevector MPI-distributed (4 ranks)
WARNING: Energy -80.6069 below FCI -75.0124 — HWE ansatz may have left the physical particle-number sector
Iter 0172 | Energy: -80.606939 | Delta: 1.49e-03 | M: 92.9172 | Path: Statevector MPI-distributed (4 ranks)
WARNING: Energy -80.6064 below FCI -75.0124 — HWE ansatz may have left the physical particle-number sector
Iter 0173 | Energy: -80.606447 | Delta: 4.92e-04 | M: 3.6846 | Path: Statevector MPI-distributed (4 ranks)
WARNING: Energy -80.6036 below FCI -75.0124 — HWE ansatz may have left the physical particle-number sector
Iter 0174 | Energy: -80.603559 | Delta: 2.89e-03 | M: 60.8016 | Path: Statevector MPI-distributed (4 ranks)
WARNING: Energy -80.6227 below FCI -75.0124 — HWE ansatz may have left the physical particle-number sector
Iter 0175 | Energy: -80.622693 | Delta: 1.91e-02 | M: 4986.1895 | Path: Statevector MPI-distributed (4 ranks)
[RESILIENCE] Iteration 175: Global theta state checkpointed at path checkpoints/checkpoint_iter_0175.npy. 
WARNING: Energy -80.6243 below FCI -75.0124 — HWE ansatz may have left the physical particle-number sector
Iter 0176 | Energy: -80.624339 | Delta: 1.65e-03 | M: 4674.5865 | Path: Statevector MPI-distributed (4 ranks)
WARNING: Energy -80.6503 below FCI -75.0124 — HWE ansatz may have left the physical particle-number sector
Iter 0177 | Energy: -80.650285 | Delta: 2.59e-02 | M: 38.2259 | Path: Statevector MPI-distributed (4 ranks)
WARNING: Energy -80.6141 below FCI -75.0124 — HWE ansatz may have left the physical particle-number sector
Iter 0178 | Energy: -80.614110 | Delta: 3.62e-02 | M: 67.5809 | Path: Statevector MPI-distributed (4 ranks)
WARNING: Energy -80.6218 below FCI -75.0124 — HWE ansatz may have left the physical particle-number sector
Iter 0179 | Energy: -80.621821 | Delta: 7.71e-03 | M: 57.1049 | Path: Statevector MPI-distributed (4 ranks)
WARNING: Energy -80.6174 below FCI -75.0124 — HWE ansatz may have left the physical particle-number sector
Iter 0180 | Energy: -80.617422 | Delta: 4.40e-03 | M: 28.1163 | Path: Statevector MPI-distributed (4 ranks)
[RESILIENCE] Iteration 180: Global theta state checkpointed at path checkpoints/checkpoint_iter_0180.npy. 
WARNING: Energy -80.6749 below FCI -75.0124 — HWE ansatz may have left the physical particle-number sector
Iter 0181 | Energy: -80.674899 | Delta: 5.75e-02 | M: 33.1859 | Path: Statevector MPI-distributed (4 ranks)
WARNING: Energy -80.6566 below FCI -75.0124 — HWE ansatz may have left the physical particle-number sector
Iter 0182 | Energy: -80.656603 | Delta: 1.83e-02 | M: 50.4984 | Path: Statevector MPI-distributed (4 ranks)
WARNING: Energy -80.6501 below FCI -75.0124 — HWE ansatz may have left the physical particle-number sector
Iter 0183 | Energy: -80.650085 | Delta: 6.52e-03 | M: 12.8307 | Path: Statevector MPI-distributed (4 ranks)
WARNING: Energy -80.6619 below FCI -75.0124 — HWE ansatz may have left the physical particle-number sector
Iter 0184 | Energy: -80.661937 | Delta: 1.19e-02 | M: 31.2742 | Path: Statevector MPI-distributed (4 ranks)
WARNING: Energy -80.6614 below FCI -75.0124 — HWE ansatz may have left the physical particle-number sector
Iter 0185 | Energy: -80.661445 | Delta: 4.91e-04 | M: 4423.9307 | Path: Statevector MPI-distributed (4 ranks)
[RESILIENCE] Iteration 185: Global theta state checkpointed at path checkpoints/checkpoint_iter_0185.npy. 
WARNING: Energy -80.6327 below FCI -75.0124 — HWE ansatz may have left the physical particle-number sector
Iter 0186 | Energy: -80.632676 | Delta: 2.88e-02 | M: 41.1860 | Path: Statevector MPI-distributed (4 ranks)
WARNING: Energy -80.7000 below FCI -75.0124 — HWE ansatz may have left the physical particle-number sector
Iter 0187 | Energy: -80.700026 | Delta: 6.74e-02 | M: 9.5800 | Path: Statevector MPI-distributed (4 ranks)
WARNING: Energy -80.7128 below FCI -75.0124 — HWE ansatz may have left the physical particle-number sector
Iter 0188 | Energy: -80.712804 | Delta: 1.28e-02 | M: 26.4704 | Path: Statevector MPI-distributed (4 ranks)
WARNING: Energy -80.7134 below FCI -75.0124 — HWE ansatz may have left the physical particle-number sector
Iter 0189 | Energy: -80.713386 | Delta: 5.82e-04 | M: 43.7038 | Path: Statevector MPI-distributed (4 ranks)
WARNING: Energy -80.7097 below FCI -75.0124 — HWE ansatz may have left the physical particle-number sector
Iter 0190 | Energy: -80.709715 | Delta: 3.67e-03 | M: 15.1899 | Path: Statevector MPI-distributed (4 ranks)
[RESILIENCE] Iteration 190: Global theta state checkpointed at path checkpoints/checkpoint_iter_0190.npy. 
WARNING: Energy -80.6929 below FCI -75.0124 — HWE ansatz may have left the physical particle-number sector
Iter 0191 | Energy: -80.692888 | Delta: 1.68e-02 | M: 57.2601 | Path: Statevector MPI-distributed (4 ranks)
WARNING: Energy -80.7127 below FCI -75.0124 — HWE ansatz may have left the physical particle-number sector
Iter 0192 | Energy: -80.712655 | Delta: 1.98e-02 | M: 3723.7074 | Path: Statevector MPI-distributed (4 ranks)
WARNING: Energy -80.6999 below FCI -75.0124 — HWE ansatz may have left the physical particle-number sector
Iter 0193 | Energy: -80.699885 | Delta: 1.28e-02 | M: 3987.2483 | Path: Statevector MPI-distributed (4 ranks)
WARNING: Energy -80.7457 below FCI -75.0124 — HWE ansatz may have left the physical particle-number sector
Iter 0194 | Energy: -80.745664 | Delta: 4.58e-02 | M: 28.1102 | Path: Statevector MPI-distributed (4 ranks)
WARNING: Energy -80.7689 below FCI -75.0124 — HWE ansatz may have left the physical particle-number sector
Iter 0195 | Energy: -80.768856 | Delta: 2.32e-02 | M: 416.0169 | Path: Statevector MPI-distributed (4 ranks)
[RESILIENCE] Iteration 195: Global theta state checkpointed at path checkpoints/checkpoint_iter_0195.npy. 
WARNING: Energy -80.7215 below FCI -75.0124 — HWE ansatz may have left the physical particle-number sector
Iter 0196 | Energy: -80.721515 | Delta: 4.73e-02 | M: 2072.0087 | Path: Statevector MPI-distributed (4 ranks)
WARNING: Energy -80.7461 below FCI -75.0124 — HWE ansatz may have left the physical particle-number sector
Iter 0197 | Energy: -80.746092 | Delta: 2.46e-02 | M: 22.9034 | Path: Statevector MPI-distributed (4 ranks)
WARNING: Energy -80.7497 below FCI -75.0124 — HWE ansatz may have left the physical particle-number sector
Iter 0198 | Energy: -80.749730 | Delta: 3.64e-03 | M: 9.1770 | Path: Statevector MPI-distributed (4 ranks)
WARNING: Energy -80.7491 below FCI -75.0124 — HWE ansatz may have left the physical particle-number sector
Iter 0199 | Energy: -80.749132 | Delta: 5.98e-04 | M: 50.2716 | Path: Statevector MPI-distributed (4 ranks)
WARNING: Energy -80.7898 below FCI -75.0124 — HWE ansatz may have left the physical particle-number sector
Iter 0200 | Energy: -80.789839 | Delta: 4.07e-02 | M: 28.4778 | Path: Statevector MPI-distributed (4 ranks)
[RESILIENCE] Iteration 200: Global theta state checkpointed at path checkpoints/checkpoint_iter_0200.npy. 
WARNING: Energy -80.7876 below FCI -75.0124 — HWE ansatz may have left the physical particle-number sector
Iter 0201 | Energy: -80.787630 | Delta: 2.21e-03 | M: 11.9617 | Path: Statevector MPI-distributed (4 ranks)
WARNING: Energy -80.8082 below FCI -75.0124 — HWE ansatz may have left the physical particle-number sector
Iter 0202 | Energy: -80.808222 | Delta: 2.06e-02 | M: 37.9671 | Path: Statevector MPI-distributed (4 ranks)
WARNING: Energy -80.8284 below FCI -75.0124 — HWE ansatz may have left the physical particle-number sector
Iter 0203 | Energy: -80.828408 | Delta: 2.02e-02 | M: 81.2139 | Path: Statevector MPI-distributed (4 ranks)
WARNING: Energy -80.8093 below FCI -75.0124 — HWE ansatz may have left the physical particle-number sector
Iter 0204 | Energy: -80.809346 | Delta: 1.91e-02 | M: 44.8358 | Path: Statevector MPI-distributed (4 ranks)
WARNING: Energy -80.8628 below FCI -75.0124 — HWE ansatz may have left the physical particle-number sector
Iter 0205 | Energy: -80.862829 | Delta: 5.35e-02 | M: 3.9840 | Path: Statevector MPI-distributed (4 ranks)
[RESILIENCE] Iteration 205: Global theta state checkpointed at path checkpoints/checkpoint_iter_0205.npy. 
WARNING: Energy -80.8544 below FCI -75.0124 — HWE ansatz may have left the physical particle-number sector
Iter 0206 | Energy: -80.854379 | Delta: 8.45e-03 | M: 2.4523 | Path: Statevector MPI-distributed (4 ranks)
WARNING: Energy -80.8494 below FCI -75.0124 — HWE ansatz may have left the physical particle-number sector
Iter 0207 | Energy: -80.849405 | Delta: 4.97e-03 | M: 3.1063 | Path: Statevector MPI-distributed (4 ranks)
WARNING: Energy -80.8556 below FCI -75.0124 — HWE ansatz may have left the physical particle-number sector
Iter 0208 | Energy: -80.855579 | Delta: 6.17e-03 | M: 33.8856 | Path: Statevector MPI-distributed (4 ranks)
WARNING: Energy -80.8424 below FCI -75.0124 — HWE ansatz may have left the physical particle-number sector
Iter 0209 | Energy: -80.842368 | Delta: 1.32e-02 | M: 3.1694 | Path: Statevector MPI-distributed (4 ranks)
WARNING: Energy -80.8433 below FCI -75.0124 — HWE ansatz may have left the physical particle-number sector
Iter 0210 | Energy: -80.843273 | Delta: 9.06e-04 | M: 3.1614 | Path: Statevector MPI-distributed (4 ranks)
[RESILIENCE] Iteration 210: Global theta state checkpointed at path checkpoints/checkpoint_iter_0210.npy. 
WARNING: Energy -80.8681 below FCI -75.0124 — HWE ansatz may have left the physical particle-number sector
Iter 0211 | Energy: -80.868147 | Delta: 2.49e-02 | M: 3.1198 | Path: Statevector MPI-distributed (4 ranks)
WARNING: Energy -80.8454 below FCI -75.0124 — HWE ansatz may have left the physical particle-number sector
Iter 0212 | Energy: -80.845398 | Delta: 2.27e-02 | M: 2.9418 | Path: Statevector MPI-distributed (4 ranks)
WARNING: Energy -80.8841 below FCI -75.0124 — HWE ansatz may have left the physical particle-number sector
Iter 0213 | Energy: -80.884069 | Delta: 3.87e-02 | M: 3.0693 | Path: Statevector MPI-distributed (4 ranks)
WARNING: Energy -80.8982 below FCI -75.0124 — HWE ansatz may have left the physical particle-number sector
Iter 0214 | Energy: -80.898186 | Delta: 1.41e-02 | M: 3.3316 | Path: Statevector MPI-distributed (4 ranks)
WARNING: Energy -80.8806 below FCI -75.0124 — HWE ansatz may have left the physical particle-number sector
Iter 0215 | Energy: -80.880613 | Delta: 1.76e-02 | M: 4.1863 | Path: Statevector MPI-distributed (4 ranks)
[RESILIENCE] Iteration 215: Global theta state checkpointed at path checkpoints/checkpoint_iter_0215.npy. 
WARNING: Energy -80.8965 below FCI -75.0124 — HWE ansatz may have left the physical particle-number sector
Iter 0216 | Energy: -80.896497 | Delta: 1.59e-02 | M: 3.2687 | Path: Statevector MPI-distributed (4 ranks)
WARNING: Energy -80.9035 below FCI -75.0124 — HWE ansatz may have left the physical particle-number sector
Iter 0217 | Energy: -80.903540 | Delta: 7.04e-03 | M: 2.2013 | Path: Statevector MPI-distributed (4 ranks)
WARNING: Energy -80.9239 below FCI -75.0124 — HWE ansatz may have left the physical particle-number sector
Iter 0218 | Energy: -80.923865 | Delta: 2.03e-02 | M: 3.1621 | Path: Statevector MPI-distributed (4 ranks)
WARNING: Energy -80.9176 below FCI -75.0124 — HWE ansatz may have left the physical particle-number sector
Iter 0219 | Energy: -80.917605 | Delta: 6.26e-03 | M: 3.3542 | Path: Statevector MPI-distributed (4 ranks)
WARNING: Energy -80.9432 below FCI -75.0124 — HWE ansatz may have left the physical particle-number sector
Iter 0220 | Energy: -80.943247 | Delta: 2.56e-02 | M: 3.1788 | Path: Statevector MPI-distributed (4 ranks)
[RESILIENCE] Iteration 220: Global theta state checkpointed at path checkpoints/checkpoint_iter_0220.npy. 
WARNING: Energy -80.9057 below FCI -75.0124 — HWE ansatz may have left the physical particle-number sector
Iter 0221 | Energy: -80.905656 | Delta: 3.76e-02 | M: 3.3955 | Path: Statevector MPI-distributed (4 ranks)
WARNING: Energy -80.9300 below FCI -75.0124 — HWE ansatz may have left the physical particle-number sector
Iter 0222 | Energy: -80.929969 | Delta: 2.43e-02 | M: 4.9594 | Path: Statevector MPI-distributed (4 ranks)
WARNING: Energy -80.9411 below FCI -75.0124 — HWE ansatz may have left the physical particle-number sector
Iter 0223 | Energy: -80.941108 | Delta: 1.11e-02 | M: 3.0302 | Path: Statevector MPI-distributed (4 ranks)
WARNING: Energy -80.9246 below FCI -75.0124 — HWE ansatz may have left the physical particle-number sector
Iter 0224 | Energy: -80.924572 | Delta: 1.65e-02 | M: 2.8423 | Path: Statevector MPI-distributed (4 ranks)
WARNING: Energy -80.9362 below FCI -75.0124 — HWE ansatz may have left the physical particle-number sector
Iter 0225 | Energy: -80.936218 | Delta: 1.16e-02 | M: 2.9614 | Path: Statevector MPI-distributed (4 ranks)
[RESILIENCE] Iteration 225: Global theta state checkpointed at path checkpoints/checkpoint_iter_0225.npy. 
WARNING: Energy -80.9616 below FCI -75.0124 — HWE ansatz may have left the physical particle-number sector
Iter 0226 | Energy: -80.961632 | Delta: 2.54e-02 | M: 4.6736 | Path: Statevector MPI-distributed (4 ranks)
WARNING: Energy -80.9742 below FCI -75.0124 — HWE ansatz may have left the physical particle-number sector
Iter 0227 | Energy: -80.974246 | Delta: 1.26e-02 | M: 4.8056 | Path: Statevector MPI-distributed (4 ranks)
WARNING: Energy -80.9692 below FCI -75.0124 — HWE ansatz may have left the physical particle-number sector
Iter 0228 | Energy: -80.969186 | Delta: 5.06e-03 | M: 3.1016 | Path: Statevector MPI-distributed (4 ranks)
WARNING: Energy -80.9903 below FCI -75.0124 — HWE ansatz may have left the physical particle-number sector
Iter 0229 | Energy: -80.990349 | Delta: 2.12e-02 | M: 3.3123 | Path: Statevector MPI-distributed (4 ranks)
WARNING: Energy -80.9916 below FCI -75.0124 — HWE ansatz may have left the physical particle-number sector
Iter 0230 | Energy: -80.991571 | Delta: 1.22e-03 | M: 3.6644 | Path: Statevector MPI-distributed (4 ranks)
[RESILIENCE] Iteration 230: Global theta state checkpointed at path checkpoints/checkpoint_iter_0230.npy. 
WARNING: Energy -80.9772 below FCI -75.0124 — HWE ansatz may have left the physical particle-number sector
Iter 0231 | Energy: -80.977187 | Delta: 1.44e-02 | M: 2.9498 | Path: Statevector MPI-distributed (4 ranks)
WARNING: Energy -80.9871 below FCI -75.0124 — HWE ansatz may have left the physical particle-number sector
Iter 0232 | Energy: -80.987067 | Delta: 9.88e-03 | M: 3.6405 | Path: Statevector MPI-distributed (4 ranks)
WARNING: Energy -80.9750 below FCI -75.0124 — HWE ansatz may have left the physical particle-number sector
Iter 0233 | Energy: -80.975046 | Delta: 1.20e-02 | M: 4374.9587 | Path: Statevector MPI-distributed (4 ranks)
WARNING: Energy -81.0006 below FCI -75.0124 — HWE ansatz may have left the physical particle-number sector
Iter 0234 | Energy: -81.000606 | Delta: 2.56e-02 | M: 31.3626 | Path: Statevector MPI-distributed (4 ranks)
WARNING: Energy -80.9732 below FCI -75.0124 — HWE ansatz may have left the physical particle-number sector
Iter 0235 | Energy: -80.973151 | Delta: 2.75e-02 | M: 3636.0939 | Path: Statevector MPI-distributed (4 ranks)
[RESILIENCE] Iteration 235: Global theta state checkpointed at path checkpoints/checkpoint_iter_0235.npy. 
WARNING: Energy -81.0045 below FCI -75.0124 — HWE ansatz may have left the physical particle-number sector
Iter 0236 | Energy: -81.004540 | Delta: 3.14e-02 | M: 52.9665 | Path: Statevector MPI-distributed (4 ranks)
WARNING: Energy -80.9895 below FCI -75.0124 — HWE ansatz may have left the physical particle-number sector
Iter 0237 | Energy: -80.989534 | Delta: 1.50e-02 | M: 69.3102 | Path: Statevector MPI-distributed (4 ranks)
WARNING: Energy -80.9972 below FCI -75.0124 — HWE ansatz may have left the physical particle-number sector
Iter 0238 | Energy: -80.997171 | Delta: 7.64e-03 | M: 4418.6586 | Path: Statevector MPI-distributed (4 ranks)
WARNING: Energy -81.0230 below FCI -75.0124 — HWE ansatz may have left the physical particle-number sector
Iter 0239 | Energy: -81.023049 | Delta: 2.59e-02 | M: 4455.3245 | Path: Statevector MPI-distributed (4 ranks)
WARNING: Energy -80.9821 below FCI -75.0124 — HWE ansatz may have left the physical particle-number sector
Iter 0240 | Energy: -80.982082 | Delta: 4.10e-02 | M: 4.4587 | Path: Statevector MPI-distributed (4 ranks)
[RESILIENCE] Iteration 240: Global theta state checkpointed at path checkpoints/checkpoint_iter_0240.npy. 
WARNING: Energy -81.0026 below FCI -75.0124 — HWE ansatz may have left the physical particle-number sector
Iter 0241 | Energy: -81.002620 | Delta: 2.05e-02 | M: 3.6135 | Path: Statevector MPI-distributed (4 ranks)
WARNING: Energy -81.0171 below FCI -75.0124 — HWE ansatz may have left the physical particle-number sector
Iter 0242 | Energy: -81.017097 | Delta: 1.45e-02 | M: 3.2172 | Path: Statevector MPI-distributed (4 ranks)
WARNING: Energy -81.0062 below FCI -75.0124 — HWE ansatz may have left the physical particle-number sector
Iter 0243 | Energy: -81.006185 | Delta: 1.09e-02 | M: 5.0090 | Path: Statevector MPI-distributed (4 ranks)
WARNING: Energy -81.0019 below FCI -75.0124 — HWE ansatz may have left the physical particle-number sector
Iter 0244 | Energy: -81.001889 | Delta: 4.30e-03 | M: 2.4804 | Path: Statevector MPI-distributed (4 ranks)
WARNING: Energy -81.0140 below FCI -75.0124 — HWE ansatz may have left the physical particle-number sector
Iter 0245 | Energy: -81.014017 | Delta: 1.21e-02 | M: 3.4470 | Path: Statevector MPI-distributed (4 ranks)
[RESILIENCE] Iteration 245: Global theta state checkpointed at path checkpoints/checkpoint_iter_0245.npy. 
WARNING: Energy -81.0336 below FCI -75.0124 — HWE ansatz may have left the physical particle-number sector
Iter 0246 | Energy: -81.033617 | Delta: 1.96e-02 | M: 3.5502 | Path: Statevector MPI-distributed (4 ranks)
WARNING: Energy -80.9879 below FCI -75.0124 — HWE ansatz may have left the physical particle-number sector
Iter 0247 | Energy: -80.987918 | Delta: 4.57e-02 | M: 3.8585 | Path: Statevector MPI-distributed (4 ranks)
WARNING: Energy -81.0061 below FCI -75.0124 — HWE ansatz may have left the physical particle-number sector
Iter 0248 | Energy: -81.006072 | Delta: 1.82e-02 | M: 3.6953 | Path: Statevector MPI-distributed (4 ranks)
WARNING: Energy -81.0326 below FCI -75.0124 — HWE ansatz may have left the physical particle-number sector
Iter 0249 | Energy: -81.032642 | Delta: 2.66e-02 | M: 4.9531 | Path: Statevector MPI-distributed (4 ranks)
WARNING: Energy -81.0182 below FCI -75.0124 — HWE ansatz may have left the physical particle-number sector
Iter 0250 | Energy: -81.018215 | Delta: 1.44e-02 | M: 4.8111 | Path: Statevector MPI-distributed (4 ranks)
[RESILIENCE] Iteration 250: Global theta state checkpointed at path checkpoints/checkpoint_iter_0250.npy. 
WARNING: Energy -81.0450 below FCI -75.0124 — HWE ansatz may have left the physical particle-number sector
Iter 0251 | Energy: -81.045008 | Delta: 2.68e-02 | M: 3.3368 | Path: Statevector MPI-distributed (4 ranks)
WARNING: Energy -81.0362 below FCI -75.0124 — HWE ansatz may have left the physical particle-number sector
Iter 0252 | Energy: -81.036215 | Delta: 8.79e-03 | M: 2.9286 | Path: Statevector MPI-distributed (4 ranks)
WARNING: Energy -81.0456 below FCI -75.0124 — HWE ansatz may have left the physical particle-number sector
Iter 0253 | Energy: -81.045633 | Delta: 9.42e-03 | M: 3.4807 | Path: Statevector MPI-distributed (4 ranks)
WARNING: Energy -81.0527 below FCI -75.0124 — HWE ansatz may have left the physical particle-number sector
Iter 0254 | Energy: -81.052697 | Delta: 7.06e-03 | M: 9.7868 | Path: Statevector MPI-distributed (4 ranks)
WARNING: Energy -81.0358 below FCI -75.0124 — HWE ansatz may have left the physical particle-number sector
Iter 0255 | Energy: -81.035780 | Delta: 1.69e-02 | M: 4.1966 | Path: Statevector MPI-distributed (4 ranks)
[RESILIENCE] Iteration 255: Global theta state checkpointed at path checkpoints/checkpoint_iter_0255.npy. 
WARNING: Energy -81.0459 below FCI -75.0124 — HWE ansatz may have left the physical particle-number sector
Iter 0256 | Energy: -81.045939 | Delta: 1.02e-02 | M: 3.4268 | Path: Statevector MPI-distributed (4 ranks)
WARNING: Energy -81.0348 below FCI -75.0124 — HWE ansatz may have left the physical particle-number sector
Iter 0257 | Energy: -81.034787 | Delta: 1.12e-02 | M: 3.1629 | Path: Statevector MPI-distributed (4 ranks)
WARNING: Energy -81.0344 below FCI -75.0124 — HWE ansatz may have left the physical particle-number sector
Iter 0258 | Energy: -81.034360 | Delta: 4.27e-04 | M: 3.0006 | Path: Statevector MPI-distributed (4 ranks)
WARNING: Energy -81.0574 below FCI -75.0124 — HWE ansatz may have left the physical particle-number sector
Iter 0259 | Energy: -81.057394 | Delta: 2.30e-02 | M: 3.1114 | Path: Statevector MPI-distributed (4 ranks)
WARNING: Energy -81.0333 below FCI -75.0124 — HWE ansatz may have left the physical particle-number sector
Iter 0260 | Energy: -81.033326 | Delta: 2.41e-02 | M: 1.4868 | Path: Statevector MPI-distributed (4 ranks)
[RESILIENCE] Iteration 260: Global theta state checkpointed at path checkpoints/checkpoint_iter_0260.npy. 
WARNING: Energy -81.0860 below FCI -75.0124 — HWE ansatz may have left the physical particle-number sector
Iter 0261 | Energy: -81.086021 | Delta: 5.27e-02 | M: 185.3713 | Path: Statevector MPI-distributed (4 ranks)
WARNING: Energy -81.0585 below FCI -75.0124 — HWE ansatz may have left the physical particle-number sector
Iter 0262 | Energy: -81.058477 | Delta: 2.75e-02 | M: 3624.5783 | Path: Statevector MPI-distributed (4 ranks)
WARNING: Energy -81.0898 below FCI -75.0124 — HWE ansatz may have left the physical particle-number sector
Iter 0263 | Energy: -81.089817 | Delta: 3.13e-02 | M: 3717.4208 | Path: Statevector MPI-distributed (4 ranks)
WARNING: Energy -81.0856 below FCI -75.0124 — HWE ansatz may have left the physical particle-number sector
Iter 0264 | Energy: -81.085632 | Delta: 4.19e-03 | M: 4286.0322 | Path: Statevector MPI-distributed (4 ranks)
WARNING: Energy -81.0712 below FCI -75.0124 — HWE ansatz may have left the physical particle-number sector
Iter 0265 | Energy: -81.071219 | Delta: 1.44e-02 | M: 5514.9580 | Path: Statevector MPI-distributed (4 ranks)
[RESILIENCE] Iteration 265: Global theta state checkpointed at path checkpoints/checkpoint_iter_0265.npy. 
WARNING: Energy -81.0692 below FCI -75.0124 — HWE ansatz may have left the physical particle-number sector
Iter 0266 | Energy: -81.069225 | Delta: 1.99e-03 | M: 4463.4769 | Path: Statevector MPI-distributed (4 ranks)
WARNING: Energy -81.0972 below FCI -75.0124 — HWE ansatz may have left the physical particle-number sector
Iter 0267 | Energy: -81.097242 | Delta: 2.80e-02 | M: 4663.9966 | Path: Statevector MPI-distributed (4 ranks)
WARNING: Energy -81.0863 below FCI -75.0124 — HWE ansatz may have left the physical particle-number sector
Iter 0268 | Energy: -81.086292 | Delta: 1.10e-02 | M: 4579.7851 | Path: Statevector MPI-distributed (4 ranks)
WARNING: Energy -81.0803 below FCI -75.0124 — HWE ansatz may have left the physical particle-number sector
Iter 0269 | Energy: -81.080342 | Delta: 5.95e-03 | M: 3269.7222 | Path: Statevector MPI-distributed (4 ranks)
WARNING: Energy -81.1245 below FCI -75.0124 — HWE ansatz may have left the physical particle-number sector
Iter 0270 | Energy: -81.124493 | Delta: 4.42e-02 | M: 4571.4655 | Path: Statevector MPI-distributed (4 ranks)
[RESILIENCE] Iteration 270: Global theta state checkpointed at path checkpoints/checkpoint_iter_0270.npy. 
WARNING: Energy -81.1175 below FCI -75.0124 — HWE ansatz may have left the physical particle-number sector
Iter 0271 | Energy: -81.117533 | Delta: 6.96e-03 | M: 4463.0595 | Path: Statevector MPI-distributed (4 ranks)
WARNING: Energy -81.0963 below FCI -75.0124 — HWE ansatz may have left the physical particle-number sector
Iter 0272 | Energy: -81.096320 | Delta: 2.12e-02 | M: 4465.5543 | Path: Statevector MPI-distributed (4 ranks)
WARNING: Energy -81.1111 below FCI -75.0124 — HWE ansatz may have left the physical particle-number sector
Iter 0273 | Energy: -81.111140 | Delta: 1.48e-02 | M: 129.0149 | Path: Statevector MPI-distributed (4 ranks)
WARNING: Energy -81.1341 below FCI -75.0124 — HWE ansatz may have left the physical particle-number sector
Iter 0274 | Energy: -81.134103 | Delta: 2.30e-02 | M: 197.8031 | Path: Statevector MPI-distributed (4 ranks)
WARNING: Energy -81.0868 below FCI -75.0124 — HWE ansatz may have left the physical particle-number sector
Iter 0275 | Energy: -81.086756 | Delta: 4.73e-02 | M: 4043.9718 | Path: Statevector MPI-distributed (4 ranks)
[RESILIENCE] Iteration 275: Global theta state checkpointed at path checkpoints/checkpoint_iter_0275.npy. 
WARNING: Energy -81.1032 below FCI -75.0124 — HWE ansatz may have left the physical particle-number sector
Iter 0276 | Energy: -81.103156 | Delta: 1.64e-02 | M: 197.1345 | Path: Statevector MPI-distributed (4 ranks)
WARNING: Energy -81.1213 below FCI -75.0124 — HWE ansatz may have left the physical particle-number sector
Iter 0277 | Energy: -81.121348 | Delta: 1.82e-02 | M: 6.4402 | Path: Statevector MPI-distributed (4 ranks)
WARNING: Energy -81.1090 below FCI -75.0124 — HWE ansatz may have left the physical particle-number sector
Iter 0278 | Energy: -81.108983 | Delta: 1.24e-02 | M: 1.8486 | Path: Statevector MPI-distributed (4 ranks)
WARNING: Energy -81.1300 below FCI -75.0124 — HWE ansatz may have left the physical particle-number sector
Iter 0279 | Energy: -81.130046 | Delta: 2.11e-02 | M: 3.4824 | Path: Statevector MPI-distributed (4 ranks)
WARNING: Energy -81.1229 below FCI -75.0124 — HWE ansatz may have left the physical particle-number sector
Iter 0280 | Energy: -81.122926 | Delta: 7.12e-03 | M: 3.3920 | Path: Statevector MPI-distributed (4 ranks)
[RESILIENCE] Iteration 280: Global theta state checkpointed at path checkpoints/checkpoint_iter_0280.npy. 
WARNING: Energy -81.1381 below FCI -75.0124 — HWE ansatz may have left the physical particle-number sector
Iter 0281 | Energy: -81.138094 | Delta: 1.52e-02 | M: 11.0353 | Path: Statevector MPI-distributed (4 ranks)
WARNING: Energy -81.1227 below FCI -75.0124 — HWE ansatz may have left the physical particle-number sector
Iter 0282 | Energy: -81.122666 | Delta: 1.54e-02 | M: 67.0703 | Path: Statevector MPI-distributed (4 ranks)
WARNING: Energy -81.1352 below FCI -75.0124 — HWE ansatz may have left the physical particle-number sector
Iter 0283 | Energy: -81.135210 | Delta: 1.25e-02 | M: 5421.1521 | Path: Statevector MPI-distributed (4 ranks)
WARNING: Energy -81.1227 below FCI -75.0124 — HWE ansatz may have left the physical particle-number sector
Iter 0284 | Energy: -81.122663 | Delta: 1.25e-02 | M: 186.1107 | Path: Statevector MPI-distributed (4 ranks)
WARNING: Energy -81.1344 below FCI -75.0124 — HWE ansatz may have left the physical particle-number sector
Iter 0285 | Energy: -81.134407 | Delta: 1.17e-02 | M: 149.9073 | Path: Statevector MPI-distributed (4 ranks)
[RESILIENCE] Iteration 285: Global theta state checkpointed at path checkpoints/checkpoint_iter_0285.npy. 
WARNING: Energy -81.1295 below FCI -75.0124 — HWE ansatz may have left the physical particle-number sector
Iter 0286 | Energy: -81.129482 | Delta: 4.93e-03 | M: 4830.6384 | Path: Statevector MPI-distributed (4 ranks)
WARNING: Energy -81.1569 below FCI -75.0124 — HWE ansatz may have left the physical particle-number sector
Iter 0287 | Energy: -81.156885 | Delta: 2.74e-02 | M: 3.8775 | Path: Statevector MPI-distributed (4 ranks)
WARNING: Energy -81.1329 below FCI -75.0124 — HWE ansatz may have left the physical particle-number sector
Iter 0288 | Energy: -81.132919 | Delta: 2.40e-02 | M: 50.0063 | Path: Statevector MPI-distributed (4 ranks)
WARNING: Energy -81.1503 below FCI -75.0124 — HWE ansatz may have left the physical particle-number sector
Iter 0289 | Energy: -81.150290 | Delta: 1.74e-02 | M: 11.7715 | Path: Statevector MPI-distributed (4 ranks)
WARNING: Energy -81.1752 below FCI -75.0124 — HWE ansatz may have left the physical particle-number sector
Iter 0290 | Energy: -81.175220 | Delta: 2.49e-02 | M: 11.7422 | Path: Statevector MPI-distributed (4 ranks)
[RESILIENCE] Iteration 290: Global theta state checkpointed at path checkpoints/checkpoint_iter_0290.npy. 
WARNING: Energy -81.1734 below FCI -75.0124 — HWE ansatz may have left the physical particle-number sector
Iter 0291 | Energy: -81.173379 | Delta: 1.84e-03 | M: 106.5202 | Path: Statevector MPI-distributed (4 ranks)
WARNING: Energy -81.1461 below FCI -75.0124 — HWE ansatz may have left the physical particle-number sector
Iter 0292 | Energy: -81.146139 | Delta: 2.72e-02 | M: 5223.6549 | Path: Statevector MPI-distributed (4 ranks)
WARNING: Energy -81.1532 below FCI -75.0124 — HWE ansatz may have left the physical particle-number sector
Iter 0293 | Energy: -81.153177 | Delta: 7.04e-03 | M: 212.7637 | Path: Statevector MPI-distributed (4 ranks)
WARNING: Energy -81.1747 below FCI -75.0124 — HWE ansatz may have left the physical particle-number sector
Iter 0294 | Energy: -81.174658 | Delta: 2.15e-02 | M: 20.3801 | Path: Statevector MPI-distributed (4 ranks)
WARNING: Energy -81.1689 below FCI -75.0124 — HWE ansatz may have left the physical particle-number sector
Iter 0295 | Energy: -81.168882 | Delta: 5.78e-03 | M: 205.7229 | Path: Statevector MPI-distributed (4 ranks)
[RESILIENCE] Iteration 295: Global theta state checkpointed at path checkpoints/checkpoint_iter_0295.npy. 
WARNING: Energy -81.1762 below FCI -75.0124 — HWE ansatz may have left the physical particle-number sector
Iter 0296 | Energy: -81.176165 | Delta: 7.28e-03 | M: 5879.7768 | Path: Statevector MPI-distributed (4 ranks)
WARNING: Energy -81.2022 below FCI -75.0124 — HWE ansatz may have left the physical particle-number sector
Iter 0297 | Energy: -81.202203 | Delta: 2.60e-02 | M: 4334.4486 | Path: Statevector MPI-distributed (4 ranks)
WARNING: Energy -81.1739 below FCI -75.0124 — HWE ansatz may have left the physical particle-number sector
Iter 0298 | Energy: -81.173902 | Delta: 2.83e-02 | M: 130.2165 | Path: Statevector MPI-distributed (4 ranks)
WARNING: Energy -81.1746 below FCI -75.0124 — HWE ansatz may have left the physical particle-number sector
Iter 0299 | Energy: -81.174615 | Delta: 7.14e-04 | M: 3640.4681 | Path: Statevector MPI-distributed (4 ranks)
WARNING: Energy -81.1616 below FCI -75.0124 — HWE ansatz may have left the physical particle-number sector
Iter 0300 | Energy: -81.161616 | Delta: 1.30e-02 | M: 3.6010 | Path: Statevector MPI-distributed (4 ranks)
[RESILIENCE] Iteration 300: Global theta state checkpointed at path checkpoints/checkpoint_iter_0300.npy. 
WARNING: Energy -81.1910 below FCI -75.0124 — HWE ansatz may have left the physical particle-number sector
Iter 0301 | Energy: -81.190984 | Delta: 2.94e-02 | M: 3.7328 | Path: Statevector MPI-distributed (4 ranks)
WARNING: Energy -81.1787 below FCI -75.0124 — HWE ansatz may have left the physical particle-number sector
Iter 0302 | Energy: -81.178728 | Delta: 1.23e-02 | M: 3.6705 | Path: Statevector MPI-distributed (4 ranks)
WARNING: Energy -81.1579 below FCI -75.0124 — HWE ansatz may have left the physical particle-number sector
Iter 0303 | Energy: -81.157912 | Delta: 2.08e-02 | M: 4.0741 | Path: Statevector MPI-distributed (4 ranks)
WARNING: Energy -81.2031 below FCI -75.0124 — HWE ansatz may have left the physical particle-number sector
Iter 0304 | Energy: -81.203066 | Delta: 4.52e-02 | M: 3.5286 | Path: Statevector MPI-distributed (4 ranks)
WARNING: Energy -81.1533 below FCI -75.0124 — HWE ansatz may have left the physical particle-number sector
Iter 0305 | Energy: -81.153297 | Delta: 4.98e-02 | M: 3.3975 | Path: Statevector MPI-distributed (4 ranks)
[RESILIENCE] Iteration 305: Global theta state checkpointed at path checkpoints/checkpoint_iter_0305.npy. 
WARNING: Energy -81.2055 below FCI -75.0124 — HWE ansatz may have left the physical particle-number sector
Iter 0306 | Energy: -81.205518 | Delta: 5.22e-02 | M: 3.5086 | Path: Statevector MPI-distributed (4 ranks)
WARNING: Energy -81.2081 below FCI -75.0124 — HWE ansatz may have left the physical particle-number sector
Iter 0307 | Energy: -81.208093 | Delta: 2.58e-03 | M: 3.3732 | Path: Statevector MPI-distributed (4 ranks)
WARNING: Energy -81.2118 below FCI -75.0124 — HWE ansatz may have left the physical particle-number sector
Iter 0308 | Energy: -81.211850 | Delta: 3.76e-03 | M: 3.2120 | Path: Statevector MPI-distributed (4 ranks)
WARNING: Energy -81.1900 below FCI -75.0124 — HWE ansatz may have left the physical particle-number sector
Iter 0309 | Energy: -81.189987 | Delta: 2.19e-02 | M: 4776.4451 | Path: Statevector MPI-distributed (4 ranks)
WARNING: Energy -81.2165 below FCI -75.0124 — HWE ansatz may have left the physical particle-number sector
Iter 0310 | Energy: -81.216508 | Delta: 2.65e-02 | M: 16.9495 | Path: Statevector MPI-distributed (4 ranks)
[RESILIENCE] Iteration 310: Global theta state checkpointed at path checkpoints/checkpoint_iter_0310.npy. 
WARNING: Energy -81.2030 below FCI -75.0124 — HWE ansatz may have left the physical particle-number sector
Iter 0311 | Energy: -81.202965 | Delta: 1.35e-02 | M: 32.2658 | Path: Statevector MPI-distributed (4 ranks)
WARNING: Energy -81.1923 below FCI -75.0124 — HWE ansatz may have left the physical particle-number sector
Iter 0312 | Energy: -81.192311 | Delta: 1.07e-02 | M: 27.9159 | Path: Statevector MPI-distributed (4 ranks)
WARNING: Energy -81.1990 below FCI -75.0124 — HWE ansatz may have left the physical particle-number sector
Iter 0313 | Energy: -81.198985 | Delta: 6.67e-03 | M: 95.3566 | Path: Statevector MPI-distributed (4 ranks)
WARNING: Energy -81.2071 below FCI -75.0124 — HWE ansatz may have left the physical particle-number sector
Iter 0314 | Energy: -81.207095 | Delta: 8.11e-03 | M: 351.9372 | Path: Statevector MPI-distributed (4 ranks)
WARNING: Energy -81.2057 below FCI -75.0124 — HWE ansatz may have left the physical particle-number sector
Iter 0315 | Energy: -81.205709 | Delta: 1.39e-03 | M: 10.8279 | Path: Statevector MPI-distributed (4 ranks)
[RESILIENCE] Iteration 315: Global theta state checkpointed at path checkpoints/checkpoint_iter_0315.npy. 
WARNING: Energy -81.2000 below FCI -75.0124 — HWE ansatz may have left the physical particle-number sector
Iter 0316 | Energy: -81.199993 | Delta: 5.72e-03 | M: 1.4495 | Path: Statevector MPI-distributed (4 ranks)
WARNING: Energy -81.2035 below FCI -75.0124 — HWE ansatz may have left the physical particle-number sector
Iter 0317 | Energy: -81.203483 | Delta: 3.49e-03 | M: 4912.0202 | Path: Statevector MPI-distributed (4 ranks)
WARNING: Energy -81.2136 below FCI -75.0124 — HWE ansatz may have left the physical particle-number sector
Iter 0318 | Energy: -81.213648 | Delta: 1.02e-02 | M: 24.4148 | Path: Statevector MPI-distributed (4 ranks)
WARNING: Energy -81.2107 below FCI -75.0124 — HWE ansatz may have left the physical particle-number sector
Iter 0319 | Energy: -81.210727 | Delta: 2.92e-03 | M: 2.2055 | Path: Statevector MPI-distributed (4 ranks)
WARNING: Energy -81.2365 below FCI -75.0124 — HWE ansatz may have left the physical particle-number sector
Iter 0320 | Energy: -81.236528 | Delta: 2.58e-02 | M: 4635.8014 | Path: Statevector MPI-distributed (4 ranks)
[RESILIENCE] Iteration 320: Global theta state checkpointed at path checkpoints/checkpoint_iter_0320.npy. 
WARNING: Energy -81.2268 below FCI -75.0124 — HWE ansatz may have left the physical particle-number sector
Iter 0321 | Energy: -81.226757 | Delta: 9.77e-03 | M: 32.0400 | Path: Statevector MPI-distributed (4 ranks)
WARNING: Energy -81.2219 below FCI -75.0124 — HWE ansatz may have left the physical particle-number sector
Iter 0322 | Energy: -81.221937 | Delta: 4.82e-03 | M: 14.2471 | Path: Statevector MPI-distributed (4 ranks)
WARNING: Energy -81.2147 below FCI -75.0124 — HWE ansatz may have left the physical particle-number sector
Iter 0323 | Energy: -81.214676 | Delta: 7.26e-03 | M: 71.9936 | Path: Statevector MPI-distributed (4 ranks)
WARNING: Energy -81.2103 below FCI -75.0124 — HWE ansatz may have left the physical particle-number sector
Iter 0324 | Energy: -81.210315 | Delta: 4.36e-03 | M: 84.5703 | Path: Statevector MPI-distributed (4 ranks)
WARNING: Energy -81.2131 below FCI -75.0124 — HWE ansatz may have left the physical particle-number sector
Iter 0325 | Energy: -81.213128 | Delta: 2.81e-03 | M: 9.9486 | Path: Statevector MPI-distributed (4 ranks)
[RESILIENCE] Iteration 325: Global theta state checkpointed at path checkpoints/checkpoint_iter_0325.npy. 
WARNING: Energy -81.2306 below FCI -75.0124 — HWE ansatz may have left the physical particle-number sector
Iter 0326 | Energy: -81.230576 | Delta: 1.74e-02 | M: 62.7595 | Path: Statevector MPI-distributed (4 ranks)
WARNING: Energy -81.2210 below FCI -75.0124 — HWE ansatz may have left the physical particle-number sector
Iter 0327 | Energy: -81.221037 | Delta: 9.54e-03 | M: 47.1461 | Path: Statevector MPI-distributed (4 ranks)
WARNING: Energy -81.2220 below FCI -75.0124 — HWE ansatz may have left the physical particle-number sector
Iter 0328 | Energy: -81.222050 | Delta: 1.01e-03 | M: 28.5517 | Path: Statevector MPI-distributed (4 ranks)
WARNING: Energy -81.2264 below FCI -75.0124 — HWE ansatz may have left the physical particle-number sector
Iter 0329 | Energy: -81.226370 | Delta: 4.32e-03 | M: 7.6725 | Path: Statevector MPI-distributed (4 ranks)
WARNING: Energy -81.2067 below FCI -75.0124 — HWE ansatz may have left the physical particle-number sector
Iter 0330 | Energy: -81.206720 | Delta: 1.97e-02 | M: 4626.9329 | Path: Statevector MPI-distributed (4 ranks)
[RESILIENCE] Iteration 330: Global theta state checkpointed at path checkpoints/checkpoint_iter_0330.npy. 
WARNING: Energy -81.2481 below FCI -75.0124 — HWE ansatz may have left the physical particle-number sector
Iter 0331 | Energy: -81.248124 | Delta: 4.14e-02 | M: 172.5935 | Path: Statevector MPI-distributed (4 ranks)
WARNING: Energy -81.2426 below FCI -75.0124 — HWE ansatz may have left the physical particle-number sector
Iter 0332 | Energy: -81.242618 | Delta: 5.51e-03 | M: 13.3731 | Path: Statevector MPI-distributed (4 ranks)
WARNING: Energy -81.2296 below FCI -75.0124 — HWE ansatz may have left the physical particle-number sector
Iter 0333 | Energy: -81.229594 | Delta: 1.30e-02 | M: 47.7486 | Path: Statevector MPI-distributed (4 ranks)
WARNING: Energy -81.2237 below FCI -75.0124 — HWE ansatz may have left the physical particle-number sector
Iter 0334 | Energy: -81.223677 | Delta: 5.92e-03 | M: 91.5164 | Path: Statevector MPI-distributed (4 ranks)
WARNING: Energy -81.2375 below FCI -75.0124 — HWE ansatz may have left the physical particle-number sector
Iter 0335 | Energy: -81.237510 | Delta: 1.38e-02 | M: 7.7790 | Path: Statevector MPI-distributed (4 ranks)
[RESILIENCE] Iteration 335: Global theta state checkpointed at path checkpoints/checkpoint_iter_0335.npy. 
WARNING: Energy -81.2336 below FCI -75.0124 — HWE ansatz may have left the physical particle-number sector
Iter 0336 | Energy: -81.233640 | Delta: 3.87e-03 | M: 8.0885 | Path: Statevector MPI-distributed (4 ranks)
WARNING: Energy -81.2152 below FCI -75.0124 — HWE ansatz may have left the physical particle-number sector
Iter 0337 | Energy: -81.215197 | Delta: 1.84e-02 | M: 29.4942 | Path: Statevector MPI-distributed (4 ranks)
WARNING: Energy -81.2460 below FCI -75.0124 — HWE ansatz may have left the physical particle-number sector
Iter 0338 | Energy: -81.246022 | Delta: 3.08e-02 | M: 33.2799 | Path: Statevector MPI-distributed (4 ranks)
WARNING: Energy -81.2401 below FCI -75.0124 — HWE ansatz may have left the physical particle-number sector
Iter 0339 | Energy: -81.240062 | Delta: 5.96e-03 | M: 14.1577 | Path: Statevector MPI-distributed (4 ranks)
WARNING: Energy -81.2401 below FCI -75.0124 — HWE ansatz may have left the physical particle-number sector
Iter 0340 | Energy: -81.240111 | Delta: 4.89e-05 | M: 231.6755 | Path: Statevector MPI-distributed (4 ranks)
[RESILIENCE] Iteration 340: Global theta state checkpointed at path checkpoints/checkpoint_iter_0340.npy. 
WARNING: Energy -81.2536 below FCI -75.0124 — HWE ansatz may have left the physical particle-number sector
Iter 0341 | Energy: -81.253573 | Delta: 1.35e-02 | M: 22.5361 | Path: Statevector MPI-distributed (4 ranks)
WARNING: Energy -81.2686 below FCI -75.0124 — HWE ansatz may have left the physical particle-number sector
Iter 0342 | Energy: -81.268594 | Delta: 1.50e-02 | M: 3740.9932 | Path: Statevector MPI-distributed (4 ranks)
WARNING: Energy -81.2323 below FCI -75.0124 — HWE ansatz may have left the physical particle-number sector
Iter 0343 | Energy: -81.232270 | Delta: 3.63e-02 | M: 363.0480 | Path: Statevector MPI-distributed (4 ranks)
WARNING: Energy -81.2481 below FCI -75.0124 — HWE ansatz may have left the physical particle-number sector
Iter 0344 | Energy: -81.248067 | Delta: 1.58e-02 | M: 93.5772 | Path: Statevector MPI-distributed (4 ranks)
WARNING: Energy -81.2531 below FCI -75.0124 — HWE ansatz may have left the physical particle-number sector
Iter 0345 | Energy: -81.253055 | Delta: 4.99e-03 | M: 86.7637 | Path: Statevector MPI-distributed (4 ranks)
[RESILIENCE] Iteration 345: Global theta state checkpointed at path checkpoints/checkpoint_iter_0345.npy. 
WARNING: Energy -81.2601 below FCI -75.0124 — HWE ansatz may have left the physical particle-number sector
Iter 0346 | Energy: -81.260078 | Delta: 7.02e-03 | M: 181.2766 | Path: Statevector MPI-distributed (4 ranks)
WARNING: Energy -81.2653 below FCI -75.0124 — HWE ansatz may have left the physical particle-number sector
Iter 0347 | Energy: -81.265266 | Delta: 5.19e-03 | M: 37.4376 | Path: Statevector MPI-distributed (4 ranks)
WARNING: Energy -81.2734 below FCI -75.0124 — HWE ansatz may have left the physical particle-number sector
Iter 0348 | Energy: -81.273393 | Delta: 8.13e-03 | M: 8.8605 | Path: Statevector MPI-distributed (4 ranks)
WARNING: Energy -81.2551 below FCI -75.0124 — HWE ansatz may have left the physical particle-number sector
Iter 0349 | Energy: -81.255135 | Delta: 1.83e-02 | M: 44.0517 | Path: Statevector MPI-distributed (4 ranks)
WARNING: Energy -81.2639 below FCI -75.0124 — HWE ansatz may have left the physical particle-number sector
Iter 0350 | Energy: -81.263898 | Delta: 8.76e-03 | M: 3134.3012 | Path: Statevector MPI-distributed (4 ranks)
[RESILIENCE] Iteration 350: Global theta state checkpointed at path checkpoints/checkpoint_iter_0350.npy. 
WARNING: Energy -81.3062 below FCI -75.0124 — HWE ansatz may have left the physical particle-number sector
Iter 0351 | Energy: -81.306155 | Delta: 4.23e-02 | M: 2822.1889 | Path: Statevector MPI-distributed (4 ranks)
WARNING: Energy -81.2896 below FCI -75.0124 — HWE ansatz may have left the physical particle-number sector
Iter 0352 | Energy: -81.289584 | Delta: 1.66e-02 | M: 5.6030 | Path: Statevector MPI-distributed (4 ranks)
WARNING: Energy -81.2921 below FCI -75.0124 — HWE ansatz may have left the physical particle-number sector
Iter 0353 | Energy: -81.292060 | Delta: 2.48e-03 | M: 32.9923 | Path: Statevector MPI-distributed (4 ranks)
WARNING: Energy -81.2792 below FCI -75.0124 — HWE ansatz may have left the physical particle-number sector
Iter 0354 | Energy: -81.279241 | Delta: 1.28e-02 | M: 32.5071 | Path: Statevector MPI-distributed (4 ranks)
WARNING: Energy -81.3229 below FCI -75.0124 — HWE ansatz may have left the physical particle-number sector
Iter 0355 | Energy: -81.322932 | Delta: 4.37e-02 | M: 4730.2556 | Path: Statevector MPI-distributed (4 ranks)
[RESILIENCE] Iteration 355: Global theta state checkpointed at path checkpoints/checkpoint_iter_0355.npy. 
WARNING: Energy -81.3202 below FCI -75.0124 — HWE ansatz may have left the physical particle-number sector
Iter 0356 | Energy: -81.320188 | Delta: 2.74e-03 | M: 38.6364 | Path: Statevector MPI-distributed (4 ranks)
WARNING: Energy -81.3016 below FCI -75.0124 — HWE ansatz may have left the physical particle-number sector
Iter 0357 | Energy: -81.301589 | Delta: 1.86e-02 | M: 54.3714 | Path: Statevector MPI-distributed (4 ranks)
WARNING: Energy -81.3307 below FCI -75.0124 — HWE ansatz may have left the physical particle-number sector
Iter 0358 | Energy: -81.330746 | Delta: 2.92e-02 | M: 14.1087 | Path: Statevector MPI-distributed (4 ranks)
WARNING: Energy -81.3126 below FCI -75.0124 — HWE ansatz may have left the physical particle-number sector
Iter 0359 | Energy: -81.312632 | Delta: 1.81e-02 | M: 79.7701 | Path: Statevector MPI-distributed (4 ranks)
WARNING: Energy -81.2990 below FCI -75.0124 — HWE ansatz may have left the physical particle-number sector
Iter 0360 | Energy: -81.299010 | Delta: 1.36e-02 | M: 49.0848 | Path: Statevector MPI-distributed (4 ranks)
[RESILIENCE] Iteration 360: Global theta state checkpointed at path checkpoints/checkpoint_iter_0360.npy. 
WARNING: Energy -81.2857 below FCI -75.0124 — HWE ansatz may have left the physical particle-number sector
Iter 0361 | Energy: -81.285740 | Delta: 1.33e-02 | M: 4.9664 | Path: Statevector MPI-distributed (4 ranks)
WARNING: Energy -81.2867 below FCI -75.0124 — HWE ansatz may have left the physical particle-number sector
Iter 0362 | Energy: -81.286732 | Delta: 9.92e-04 | M: 4165.5275 | Path: Statevector MPI-distributed (4 ranks)
WARNING: Energy -81.3065 below FCI -75.0124 — HWE ansatz may have left the physical particle-number sector
Iter 0363 | Energy: -81.306482 | Delta: 1.97e-02 | M: 69.0520 | Path: Statevector MPI-distributed (4 ranks)
WARNING: Energy -81.3201 below FCI -75.0124 — HWE ansatz may have left the physical particle-number sector
Iter 0364 | Energy: -81.320070 | Delta: 1.36e-02 | M: 28.2117 | Path: Statevector MPI-distributed (4 ranks)
WARNING: Energy -81.3263 below FCI -75.0124 — HWE ansatz may have left the physical particle-number sector
Iter 0365 | Energy: -81.326320 | Delta: 6.25e-03 | M: 5201.0322 | Path: Statevector MPI-distributed (4 ranks)
[RESILIENCE] Iteration 365: Global theta state checkpointed at path checkpoints/checkpoint_iter_0365.npy. 
WARNING: Energy -81.3442 below FCI -75.0124 — HWE ansatz may have left the physical particle-number sector
Iter 0366 | Energy: -81.344156 | Delta: 1.78e-02 | M: 99.9569 | Path: Statevector MPI-distributed (4 ranks)
WARNING: Energy -81.3517 below FCI -75.0124 — HWE ansatz may have left the physical particle-number sector
Iter 0367 | Energy: -81.351702 | Delta: 7.55e-03 | M: 2452.0887 | Path: Statevector MPI-distributed (4 ranks)
WARNING: Energy -81.3567 below FCI -75.0124 — HWE ansatz may have left the physical particle-number sector
Iter 0368 | Energy: -81.356748 | Delta: 5.05e-03 | M: 91.5911 | Path: Statevector MPI-distributed (4 ranks)
WARNING: Energy -81.3591 below FCI -75.0124 — HWE ansatz may have left the physical particle-number sector
Iter 0369 | Energy: -81.359078 | Delta: 2.33e-03 | M: 5022.6642 | Path: Statevector MPI-distributed (4 ranks)
WARNING: Energy -81.3740 below FCI -75.0124 — HWE ansatz may have left the physical particle-number sector
Iter 0370 | Energy: -81.373965 | Delta: 1.49e-02 | M: 4300.0358 | Path: Statevector MPI-distributed (4 ranks)
[RESILIENCE] Iteration 370: Global theta state checkpointed at path checkpoints/checkpoint_iter_0370.npy. 
WARNING: Energy -81.3339 below FCI -75.0124 — HWE ansatz may have left the physical particle-number sector
Iter 0371 | Energy: -81.333915 | Delta: 4.01e-02 | M: 1957.2174 | Path: Statevector MPI-distributed (4 ranks)
WARNING: Energy -81.3543 below FCI -75.0124 — HWE ansatz may have left the physical particle-number sector
Iter 0372 | Energy: -81.354277 | Delta: 2.04e-02 | M: 12.9347 | Path: Statevector MPI-distributed (4 ranks)
WARNING: Energy -81.3589 below FCI -75.0124 — HWE ansatz may have left the physical particle-number sector
Iter 0373 | Energy: -81.358915 | Delta: 4.64e-03 | M: 19.2641 | Path: Statevector MPI-distributed (4 ranks)
WARNING: Energy -81.3539 below FCI -75.0124 — HWE ansatz may have left the physical particle-number sector
Iter 0374 | Energy: -81.353946 | Delta: 4.97e-03 | M: 3760.5696 | Path: Statevector MPI-distributed (4 ranks)
WARNING: Energy -81.3717 below FCI -75.0124 — HWE ansatz may have left the physical particle-number sector
Iter 0375 | Energy: -81.371651 | Delta: 1.77e-02 | M: 4341.9911 | Path: Statevector MPI-distributed (4 ranks)
[RESILIENCE] Iteration 375: Global theta state checkpointed at path checkpoints/checkpoint_iter_0375.npy. 
WARNING: Energy -81.3809 below FCI -75.0124 — HWE ansatz may have left the physical particle-number sector
Iter 0376 | Energy: -81.380908 | Delta: 9.26e-03 | M: 4113.9124 | Path: Statevector MPI-distributed (4 ranks)
WARNING: Energy -81.4031 below FCI -75.0124 — HWE ansatz may have left the physical particle-number sector
Iter 0377 | Energy: -81.403122 | Delta: 2.22e-02 | M: 3573.1707 | Path: Statevector MPI-distributed (4 ranks)
WARNING: Energy -81.3934 below FCI -75.0124 — HWE ansatz may have left the physical particle-number sector
Iter 0378 | Energy: -81.393402 | Delta: 9.72e-03 | M: 2792.3121 | Path: Statevector MPI-distributed (4 ranks)
WARNING: Energy -81.3689 below FCI -75.0124 — HWE ansatz may have left the physical particle-number sector
Iter 0379 | Energy: -81.368854 | Delta: 2.45e-02 | M: 12.2885 | Path: Statevector MPI-distributed (4 ranks)
WARNING: Energy -81.3713 below FCI -75.0124 — HWE ansatz may have left the physical particle-number sector
Iter 0380 | Energy: -81.371319 | Delta: 2.46e-03 | M: 3.6196 | Path: Statevector MPI-distributed (4 ranks)
[RESILIENCE] Iteration 380: Global theta state checkpointed at path checkpoints/checkpoint_iter_0380.npy. 
WARNING: Energy -81.3696 below FCI -75.0124 — HWE ansatz may have left the physical particle-number sector
Iter 0381 | Energy: -81.369567 | Delta: 1.75e-03 | M: 3.6738 | Path: Statevector MPI-distributed (4 ranks)
WARNING: Energy -81.3816 below FCI -75.0124 — HWE ansatz may have left the physical particle-number sector
Iter 0382 | Energy: -81.381585 | Delta: 1.20e-02 | M: 3.2707 | Path: Statevector MPI-distributed (4 ranks)
WARNING: Energy -81.3928 below FCI -75.0124 — HWE ansatz may have left the physical particle-number sector
Iter 0383 | Energy: -81.392803 | Delta: 1.12e-02 | M: 6.4038 | Path: Statevector MPI-distributed (4 ranks)
WARNING: Energy -81.4031 below FCI -75.0124 — HWE ansatz may have left the physical particle-number sector
Iter 0384 | Energy: -81.403095 | Delta: 1.03e-02 | M: 3.0143 | Path: Statevector MPI-distributed (4 ranks)
WARNING: Energy -81.3702 below FCI -75.0124 — HWE ansatz may have left the physical particle-number sector
Iter 0385 | Energy: -81.370172 | Delta: 3.29e-02 | M: 3.2910 | Path: Statevector MPI-distributed (4 ranks)
[RESILIENCE] Iteration 385: Global theta state checkpointed at path checkpoints/checkpoint_iter_0385.npy. 
WARNING: Energy -81.3862 below FCI -75.0124 — HWE ansatz may have left the physical particle-number sector
Iter 0386 | Energy: -81.386236 | Delta: 1.61e-02 | M: 63.3771 | Path: Statevector MPI-distributed (4 ranks)
WARNING: Energy -81.3625 below FCI -75.0124 — HWE ansatz may have left the physical particle-number sector
Iter 0387 | Energy: -81.362483 | Delta: 2.38e-02 | M: 36.9175 | Path: Statevector MPI-distributed (4 ranks)
WARNING: Energy -81.3894 below FCI -75.0124 — HWE ansatz may have left the physical particle-number sector
Iter 0388 | Energy: -81.389405 | Delta: 2.69e-02 | M: 49.2774 | Path: Statevector MPI-distributed (4 ranks)
WARNING: Energy -81.4088 below FCI -75.0124 — HWE ansatz may have left the physical particle-number sector
Iter 0389 | Energy: -81.408761 | Delta: 1.94e-02 | M: 114.1911 | Path: Statevector MPI-distributed (4 ranks)
WARNING: Energy -81.4001 below FCI -75.0124 — HWE ansatz may have left the physical particle-number sector
Iter 0390 | Energy: -81.400124 | Delta: 8.64e-03 | M: 38.6039 | Path: Statevector MPI-distributed (4 ranks)
[RESILIENCE] Iteration 390: Global theta state checkpointed at path checkpoints/checkpoint_iter_0390.npy. 
WARNING: Energy -81.3579 below FCI -75.0124 — HWE ansatz may have left the physical particle-number sector
Iter 0391 | Energy: -81.357933 | Delta: 4.22e-02 | M: 2904.9627 | Path: Statevector MPI-distributed (4 ranks)
WARNING: Energy -81.3882 below FCI -75.0124 — HWE ansatz may have left the physical particle-number sector
Iter 0392 | Energy: -81.388179 | Delta: 3.02e-02 | M: 3943.0029 | Path: Statevector MPI-distributed (4 ranks)
WARNING: Energy -81.3809 below FCI -75.0124 — HWE ansatz may have left the physical particle-number sector
Iter 0393 | Energy: -81.380936 | Delta: 7.24e-03 | M: 21.5114 | Path: Statevector MPI-distributed (4 ranks)
WARNING: Energy -81.4070 below FCI -75.0124 — HWE ansatz may have left the physical particle-number sector
Iter 0394 | Energy: -81.407018 | Delta: 2.61e-02 | M: 24.0571 | Path: Statevector MPI-distributed (4 ranks)
WARNING: Energy -81.3939 below FCI -75.0124 — HWE ansatz may have left the physical particle-number sector
Iter 0395 | Energy: -81.393913 | Delta: 1.31e-02 | M: 20.4885 | Path: Statevector MPI-distributed (4 ranks)
[RESILIENCE] Iteration 395: Global theta state checkpointed at path checkpoints/checkpoint_iter_0395.npy. 
WARNING: Energy -81.4038 below FCI -75.0124 — HWE ansatz may have left the physical particle-number sector
Iter 0396 | Energy: -81.403797 | Delta: 9.88e-03 | M: 72.8989 | Path: Statevector MPI-distributed (4 ranks)
WARNING: Energy -81.3989 below FCI -75.0124 — HWE ansatz may have left the physical particle-number sector
Iter 0397 | Energy: -81.398901 | Delta: 4.90e-03 | M: 52.2080 | Path: Statevector MPI-distributed (4 ranks)
WARNING: Energy -81.4157 below FCI -75.0124 — HWE ansatz may have left the physical particle-number sector
Iter 0398 | Energy: -81.415745 | Delta: 1.68e-02 | M: 9.7566 | Path: Statevector MPI-distributed (4 ranks)
WARNING: Energy -81.3981 below FCI -75.0124 — HWE ansatz may have left the physical particle-number sector
Iter 0399 | Energy: -81.398071 | Delta: 1.77e-02 | M: 97.5703 | Path: Statevector MPI-distributed (4 ranks)
WARNING: Energy -81.3997 below FCI -75.0124 — HWE ansatz may have left the physical particle-number sector
Iter 0400 | Energy: -81.399750 | Delta: 1.68e-03 | M: 55.1201 | Path: Statevector MPI-distributed (4 ranks)
[RESILIENCE] Iteration 400: Global theta state checkpointed at path checkpoints/checkpoint_iter_0400.npy. 
WARNING: Energy -81.4175 below FCI -75.0124 — HWE ansatz may have left the physical particle-number sector
Iter 0401 | Energy: -81.417544 | Delta: 1.78e-02 | M: 17.6384 | Path: Statevector MPI-distributed (4 ranks)
WARNING: Energy -81.4166 below FCI -75.0124 — HWE ansatz may have left the physical particle-number sector
Iter 0402 | Energy: -81.416619 | Delta: 9.25e-04 | M: 53.2264 | Path: Statevector MPI-distributed (4 ranks)
WARNING: Energy -81.4136 below FCI -75.0124 — HWE ansatz may have left the physical particle-number sector
Iter 0403 | Energy: -81.413585 | Delta: 3.03e-03 | M: 4.2139 | Path: Statevector MPI-distributed (4 ranks)
WARNING: Energy -81.3983 below FCI -75.0124 — HWE ansatz may have left the physical particle-number sector
Iter 0404 | Energy: -81.398288 | Delta: 1.53e-02 | M: 3554.5753 | Path: Statevector MPI-distributed (4 ranks)
WARNING: Energy -81.4226 below FCI -75.0124 — HWE ansatz may have left the physical particle-number sector
Iter 0405 | Energy: -81.422601 | Delta: 2.43e-02 | M: 69.1280 | Path: Statevector MPI-distributed (4 ranks)
[RESILIENCE] Iteration 405: Global theta state checkpointed at path checkpoints/checkpoint_iter_0405.npy. 
WARNING: Energy -81.4166 below FCI -75.0124 — HWE ansatz may have left the physical particle-number sector
Iter 0406 | Energy: -81.416603 | Delta: 6.00e-03 | M: 92.5677 | Path: Statevector MPI-distributed (4 ranks)
WARNING: Energy -81.4152 below FCI -75.0124 — HWE ansatz may have left the physical particle-number sector
Iter 0407 | Energy: -81.415173 | Delta: 1.43e-03 | M: 5055.3951 | Path: Statevector MPI-distributed (4 ranks)
WARNING: Energy -81.4145 below FCI -75.0124 — HWE ansatz may have left the physical particle-number sector
Iter 0408 | Energy: -81.414473 | Delta: 7.00e-04 | M: 72.1834 | Path: Statevector MPI-distributed (4 ranks)
WARNING: Energy -81.4228 below FCI -75.0124 — HWE ansatz may have left the physical particle-number sector
Iter 0409 | Energy: -81.422775 | Delta: 8.30e-03 | M: 87.4053 | Path: Statevector MPI-distributed (4 ranks)
WARNING: Energy -81.4246 below FCI -75.0124 — HWE ansatz may have left the physical particle-number sector
Iter 0410 | Energy: -81.424577 | Delta: 1.80e-03 | M: 2709.0778 | Path: Statevector MPI-distributed (4 ranks)
[RESILIENCE] Iteration 410: Global theta state checkpointed at path checkpoints/checkpoint_iter_0410.npy. 
WARNING: Energy -81.4303 below FCI -75.0124 — HWE ansatz may have left the physical particle-number sector
Iter 0411 | Energy: -81.430327 | Delta: 5.75e-03 | M: 1.5940 | Path: Statevector MPI-distributed (4 ranks)
WARNING: Energy -81.4356 below FCI -75.0124 — HWE ansatz may have left the physical particle-number sector
Iter 0412 | Energy: -81.435639 | Delta: 5.31e-03 | M: 4099.4639 | Path: Statevector MPI-distributed (4 ranks)
WARNING: Energy -81.4226 below FCI -75.0124 — HWE ansatz may have left the physical particle-number sector
Iter 0413 | Energy: -81.422633 | Delta: 1.30e-02 | M: 87.3860 | Path: Statevector MPI-distributed (4 ranks)
WARNING: Energy -81.4139 below FCI -75.0124 — HWE ansatz may have left the physical particle-number sector
Iter 0414 | Energy: -81.413899 | Delta: 8.73e-03 | M: 8.0749 | Path: Statevector MPI-distributed (4 ranks)
WARNING: Energy -81.4430 below FCI -75.0124 — HWE ansatz may have left the physical particle-number sector
Iter 0415 | Energy: -81.442993 | Delta: 2.91e-02 | M: 32.9405 | Path: Statevector MPI-distributed (4 ranks)
[RESILIENCE] Iteration 415: Global theta state checkpointed at path checkpoints/checkpoint_iter_0415.npy. 
WARNING: Energy -81.4201 below FCI -75.0124 — HWE ansatz may have left the physical particle-number sector
Iter 0416 | Energy: -81.420069 | Delta: 2.29e-02 | M: 3.0396 | Path: Statevector MPI-distributed (4 ranks)
WARNING: Energy -81.4218 below FCI -75.0124 — HWE ansatz may have left the physical particle-number sector
Iter 0417 | Energy: -81.421760 | Delta: 1.69e-03 | M: 2.2162 | Path: Statevector MPI-distributed (4 ranks)
WARNING: Energy -81.4305 below FCI -75.0124 — HWE ansatz may have left the physical particle-number sector
Iter 0418 | Energy: -81.430547 | Delta: 8.79e-03 | M: 2.9767 | Path: Statevector MPI-distributed (4 ranks)
WARNING: Energy -81.4572 below FCI -75.0124 — HWE ansatz may have left the physical particle-number sector
Iter 0419 | Energy: -81.457191 | Delta: 2.66e-02 | M: 3.0664 | Path: Statevector MPI-distributed (4 ranks)
WARNING: Energy -81.4392 below FCI -75.0124 — HWE ansatz may have left the physical particle-number sector
Iter 0420 | Energy: -81.439202 | Delta: 1.80e-02 | M: 4.9097 | Path: Statevector MPI-distributed (4 ranks)
[RESILIENCE] Iteration 420: Global theta state checkpointed at path checkpoints/checkpoint_iter_0420.npy. 
WARNING: Energy -81.4285 below FCI -75.0124 — HWE ansatz may have left the physical particle-number sector
Iter 0421 | Energy: -81.428500 | Delta: 1.07e-02 | M: 3.1207 | Path: Statevector MPI-distributed (4 ranks)
WARNING: Energy -81.4511 below FCI -75.0124 — HWE ansatz may have left the physical particle-number sector
Iter 0422 | Energy: -81.451134 | Delta: 2.26e-02 | M: 2.9931 | Path: Statevector MPI-distributed (4 ranks)
WARNING: Energy -81.4589 below FCI -75.0124 — HWE ansatz may have left the physical particle-number sector
Iter 0423 | Energy: -81.458938 | Delta: 7.80e-03 | M: 2.7967 | Path: Statevector MPI-distributed (4 ranks)
WARNING: Energy -81.4756 below FCI -75.0124 — HWE ansatz may have left the physical particle-number sector
Iter 0424 | Energy: -81.475559 | Delta: 1.66e-02 | M: 3.5033 | Path: Statevector MPI-distributed (4 ranks)
WARNING: Energy -81.4827 below FCI -75.0124 — HWE ansatz may have left the physical particle-number sector
Iter 0425 | Energy: -81.482658 | Delta: 7.10e-03 | M: 2.7952 | Path: Statevector MPI-distributed (4 ranks)
[RESILIENCE] Iteration 425: Global theta state checkpointed at path checkpoints/checkpoint_iter_0425.npy. 
WARNING: Energy -81.4785 below FCI -75.0124 — HWE ansatz may have left the physical particle-number sector
Iter 0426 | Energy: -81.478479 | Delta: 4.18e-03 | M: 3.3722 | Path: Statevector MPI-distributed (4 ranks)
WARNING: Energy -81.4507 below FCI -75.0124 — HWE ansatz may have left the physical particle-number sector
Iter 0427 | Energy: -81.450658 | Delta: 2.78e-02 | M: 3.3121 | Path: Statevector MPI-distributed (4 ranks)
WARNING: Energy -81.4540 below FCI -75.0124 — HWE ansatz may have left the physical particle-number sector
Iter 0428 | Energy: -81.454041 | Delta: 3.38e-03 | M: 4.0594 | Path: Statevector MPI-distributed (4 ranks)
WARNING: Energy -81.4607 below FCI -75.0124 — HWE ansatz may have left the physical particle-number sector
Iter 0429 | Energy: -81.460655 | Delta: 6.61e-03 | M: 3.0204 | Path: Statevector MPI-distributed (4 ranks)
WARNING: Energy -81.4625 below FCI -75.0124 — HWE ansatz may have left the physical particle-number sector
Iter 0430 | Energy: -81.462516 | Delta: 1.86e-03 | M: 3.0904 | Path: Statevector MPI-distributed (4 ranks)
[RESILIENCE] Iteration 430: Global theta state checkpointed at path checkpoints/checkpoint_iter_0430.npy. 
WARNING: Energy -81.4685 below FCI -75.0124 — HWE ansatz may have left the physical particle-number sector
Iter 0431 | Energy: -81.468485 | Delta: 5.97e-03 | M: 2.7675 | Path: Statevector MPI-distributed (4 ranks)
WARNING: Energy -81.4632 below FCI -75.0124 — HWE ansatz may have left the physical particle-number sector
Iter 0432 | Energy: -81.463204 | Delta: 5.28e-03 | M: 2.9192 | Path: Statevector MPI-distributed (4 ranks)
WARNING: Energy -81.4579 below FCI -75.0124 — HWE ansatz may have left the physical particle-number sector
Iter 0433 | Energy: -81.457944 | Delta: 5.26e-03 | M: 3.4008 | Path: Statevector MPI-distributed (4 ranks)
WARNING: Energy -81.4559 below FCI -75.0124 — HWE ansatz may have left the physical particle-number sector
Iter 0434 | Energy: -81.455949 | Delta: 2.00e-03 | M: 3.9730 | Path: Statevector MPI-distributed (4 ranks)
WARNING: Energy -81.4835 below FCI -75.0124 — HWE ansatz may have left the physical particle-number sector
Iter 0435 | Energy: -81.483523 | Delta: 2.76e-02 | M: 3.1442 | Path: Statevector MPI-distributed (4 ranks)
[RESILIENCE] Iteration 435: Global theta state checkpointed at path checkpoints/checkpoint_iter_0435.npy. 
WARNING: Energy -81.4609 below FCI -75.0124 — HWE ansatz may have left the physical particle-number sector
Iter 0436 | Energy: -81.460948 | Delta: 2.26e-02 | M: 3.2612 | Path: Statevector MPI-distributed (4 ranks)
WARNING: Energy -81.4966 below FCI -75.0124 — HWE ansatz may have left the physical particle-number sector
Iter 0437 | Energy: -81.496586 | Delta: 3.56e-02 | M: 3.7230 | Path: Statevector MPI-distributed (4 ranks)
WARNING: Energy -81.4732 below FCI -75.0124 — HWE ansatz may have left the physical particle-number sector
Iter 0438 | Energy: -81.473222 | Delta: 2.34e-02 | M: 3.0688 | Path: Statevector MPI-distributed (4 ranks)
WARNING: Energy -81.4810 below FCI -75.0124 — HWE ansatz may have left the physical particle-number sector
Iter 0439 | Energy: -81.480959 | Delta: 7.74e-03 | M: 1.7698 | Path: Statevector MPI-distributed (4 ranks)
WARNING: Energy -81.4786 below FCI -75.0124 — HWE ansatz may have left the physical particle-number sector
Iter 0440 | Energy: -81.478614 | Delta: 2.35e-03 | M: 4001.2787 | Path: Statevector MPI-distributed (4 ranks)
[RESILIENCE] Iteration 440: Global theta state checkpointed at path checkpoints/checkpoint_iter_0440.npy. 
WARNING: Energy -81.4954 below FCI -75.0124 — HWE ansatz may have left the physical particle-number sector
Iter 0441 | Energy: -81.495394 | Delta: 1.68e-02 | M: 3063.8816 | Path: Statevector MPI-distributed (4 ranks)
WARNING: Energy -81.4959 below FCI -75.0124 — HWE ansatz may have left the physical particle-number sector
Iter 0442 | Energy: -81.495946 | Delta: 5.52e-04 | M: 55.6605 | Path: Statevector MPI-distributed (4 ranks)
WARNING: Energy -81.4902 below FCI -75.0124 — HWE ansatz may have left the physical particle-number sector
Iter 0443 | Energy: -81.490181 | Delta: 5.76e-03 | M: 4220.9878 | Path: Statevector MPI-distributed (4 ranks)
WARNING: Energy -81.4991 below FCI -75.0124 — HWE ansatz may have left the physical particle-number sector
Iter 0444 | Energy: -81.499075 | Delta: 8.89e-03 | M: 4050.4287 | Path: Statevector MPI-distributed (4 ranks)
WARNING: Energy -81.4939 below FCI -75.0124 — HWE ansatz may have left the physical particle-number sector
Iter 0445 | Energy: -81.493859 | Delta: 5.22e-03 | M: 10.9942 | Path: Statevector MPI-distributed (4 ranks)
[RESILIENCE] Iteration 445: Global theta state checkpointed at path checkpoints/checkpoint_iter_0445.npy. 
WARNING: Energy -81.4930 below FCI -75.0124 — HWE ansatz may have left the physical particle-number sector
Iter 0446 | Energy: -81.492953 | Delta: 9.07e-04 | M: 4637.0537 | Path: Statevector MPI-distributed (4 ranks)
WARNING: Energy -81.5061 below FCI -75.0124 — HWE ansatz may have left the physical particle-number sector
Iter 0447 | Energy: -81.506135 | Delta: 1.32e-02 | M: 4830.5740 | Path: Statevector MPI-distributed (4 ranks)
WARNING: Energy -81.5004 below FCI -75.0124 — HWE ansatz may have left the physical particle-number sector
Iter 0448 | Energy: -81.500439 | Delta: 5.70e-03 | M: 737.9552 | Path: Statevector MPI-distributed (4 ranks)
WARNING: Energy -81.5189 below FCI -75.0124 — HWE ansatz may have left the physical particle-number sector
Iter 0449 | Energy: -81.518910 | Delta: 1.85e-02 | M: 22.7952 | Path: Statevector MPI-distributed (4 ranks)
WARNING: Energy -81.5021 below FCI -75.0124 — HWE ansatz may have left the physical particle-number sector
Iter 0450 | Energy: -81.502134 | Delta: 1.68e-02 | M: 4055.8352 | Path: Statevector MPI-distributed (4 ranks)
[RESILIENCE] Iteration 450: Global theta state checkpointed at path checkpoints/checkpoint_iter_0450.npy. 
WARNING: Energy -81.4850 below FCI -75.0124 — HWE ansatz may have left the physical particle-number sector
Iter 0451 | Energy: -81.485017 | Delta: 1.71e-02 | M: 11.1109 | Path: Statevector MPI-distributed (4 ranks)
WARNING: Energy -81.4964 below FCI -75.0124 — HWE ansatz may have left the physical particle-number sector
Iter 0452 | Energy: -81.496446 | Delta: 1.14e-02 | M: 87.3469 | Path: Statevector MPI-distributed (4 ranks)
WARNING: Energy -81.5219 below FCI -75.0124 — HWE ansatz may have left the physical particle-number sector
Iter 0453 | Energy: -81.521894 | Delta: 2.54e-02 | M: 74.1299 | Path: Statevector MPI-distributed (4 ranks)
WARNING: Energy -81.4916 below FCI -75.0124 — HWE ansatz may have left the physical particle-number sector
Iter 0454 | Energy: -81.491562 | Delta: 3.03e-02 | M: 4519.8522 | Path: Statevector MPI-distributed (4 ranks)
WARNING: Energy -81.5259 below FCI -75.0124 — HWE ansatz may have left the physical particle-number sector
Iter 0455 | Energy: -81.525910 | Delta: 3.43e-02 | M: 152.1640 | Path: Statevector MPI-distributed (4 ranks)
[RESILIENCE] Iteration 455: Global theta state checkpointed at path checkpoints/checkpoint_iter_0455.npy. 
WARNING: Energy -81.4911 below FCI -75.0124 — HWE ansatz may have left the physical particle-number sector
Iter 0456 | Energy: -81.491103 | Delta: 3.48e-02 | M: 183.1871 | Path: Statevector MPI-distributed (4 ranks)
WARNING: Energy -81.4908 below FCI -75.0124 — HWE ansatz may have left the physical particle-number sector
Iter 0457 | Energy: -81.490830 | Delta: 2.73e-04 | M: 4039.1838 | Path: Statevector MPI-distributed (4 ranks)
WARNING: Energy -81.4919 below FCI -75.0124 — HWE ansatz may have left the physical particle-number sector
Iter 0458 | Energy: -81.491867 | Delta: 1.04e-03 | M: 2.8319 | Path: Statevector MPI-distributed (4 ranks)
WARNING: Energy -81.5012 below FCI -75.0124 — HWE ansatz may have left the physical particle-number sector
Iter 0459 | Energy: -81.501153 | Delta: 9.29e-03 | M: 3.2411 | Path: Statevector MPI-distributed (4 ranks)
WARNING: Energy -81.5002 below FCI -75.0124 — HWE ansatz may have left the physical particle-number sector
Iter 0460 | Energy: -81.500199 | Delta: 9.55e-04 | M: 2.7084 | Path: Statevector MPI-distributed (4 ranks)
[RESILIENCE] Iteration 460: Global theta state checkpointed at path checkpoints/checkpoint_iter_0460.npy. 
WARNING: Energy -81.4727 below FCI -75.0124 — HWE ansatz may have left the physical particle-number sector
Iter 0461 | Energy: -81.472739 | Delta: 2.75e-02 | M: 3.5013 | Path: Statevector MPI-distributed (4 ranks)
WARNING: Energy -81.4867 below FCI -75.0124 — HWE ansatz may have left the physical particle-number sector
Iter 0462 | Energy: -81.486691 | Delta: 1.40e-02 | M: 2.6414 | Path: Statevector MPI-distributed (4 ranks)
WARNING: Energy -81.4960 below FCI -75.0124 — HWE ansatz may have left the physical particle-number sector
Iter 0463 | Energy: -81.496027 | Delta: 9.34e-03 | M: 3003.8760 | Path: Statevector MPI-distributed (4 ranks)
WARNING: Energy -81.5135 below FCI -75.0124 — HWE ansatz may have left the physical particle-number sector
Iter 0464 | Energy: -81.513541 | Delta: 1.75e-02 | M: 81.8817 | Path: Statevector MPI-distributed (4 ranks)
WARNING: Energy -81.5214 below FCI -75.0124 — HWE ansatz may have left the physical particle-number sector
Iter 0465 | Energy: -81.521390 | Delta: 7.85e-03 | M: 13.4635 | Path: Statevector MPI-distributed (4 ranks)
[RESILIENCE] Iteration 465: Global theta state checkpointed at path checkpoints/checkpoint_iter_0465.npy. 
WARNING: Energy -81.5200 below FCI -75.0124 — HWE ansatz may have left the physical particle-number sector
Iter 0466 | Energy: -81.519991 | Delta: 1.40e-03 | M: 3865.1227 | Path: Statevector MPI-distributed (4 ranks)
WARNING: Energy -81.5083 below FCI -75.0124 — HWE ansatz may have left the physical particle-number sector
Iter 0467 | Energy: -81.508314 | Delta: 1.17e-02 | M: 3962.3764 | Path: Statevector MPI-distributed (4 ranks)
WARNING: Energy -81.5498 below FCI -75.0124 — HWE ansatz may have left the physical particle-number sector
Iter 0468 | Energy: -81.549762 | Delta: 4.14e-02 | M: 2.8157 | Path: Statevector MPI-distributed (4 ranks)
WARNING: Energy -81.5126 below FCI -75.0124 — HWE ansatz may have left the physical particle-number sector
Iter 0469 | Energy: -81.512645 | Delta: 3.71e-02 | M: 3.2179 | Path: Statevector MPI-distributed (4 ranks)
WARNING: Energy -81.5562 below FCI -75.0124 — HWE ansatz may have left the physical particle-number sector
Iter 0470 | Energy: -81.556186 | Delta: 4.35e-02 | M: 3.1565 | Path: Statevector MPI-distributed (4 ranks)
[RESILIENCE] Iteration 470: Global theta state checkpointed at path checkpoints/checkpoint_iter_0470.npy. 
WARNING: Energy -81.5458 below FCI -75.0124 — HWE ansatz may have left the physical particle-number sector
Iter 0471 | Energy: -81.545805 | Delta: 1.04e-02 | M: 3.5043 | Path: Statevector MPI-distributed (4 ranks)
WARNING: Energy -81.5395 below FCI -75.0124 — HWE ansatz may have left the physical particle-number sector
Iter 0472 | Energy: -81.539547 | Delta: 6.26e-03 | M: 3.6835 | Path: Statevector MPI-distributed (4 ranks)
WARNING: Energy -81.5463 below FCI -75.0124 — HWE ansatz may have left the physical particle-number sector
Iter 0473 | Energy: -81.546317 | Delta: 6.77e-03 | M: 4138.2130 | Path: Statevector MPI-distributed (4 ranks)
WARNING: Energy -81.5301 below FCI -75.0124 — HWE ansatz may have left the physical particle-number sector
Iter 0474 | Energy: -81.530055 | Delta: 1.63e-02 | M: 3.2106 | Path: Statevector MPI-distributed (4 ranks)
WARNING: Energy -81.5182 below FCI -75.0124 — HWE ansatz may have left the physical particle-number sector
Iter 0475 | Energy: -81.518222 | Delta: 1.18e-02 | M: 3.3453 | Path: Statevector MPI-distributed (4 ranks)
[RESILIENCE] Iteration 475: Global theta state checkpointed at path checkpoints/checkpoint_iter_0475.npy. 
WARNING: Energy -81.5293 below FCI -75.0124 — HWE ansatz may have left the physical particle-number sector
Iter 0476 | Energy: -81.529287 | Delta: 1.11e-02 | M: 3.0595 | Path: Statevector MPI-distributed (4 ranks)
WARNING: Energy -81.5283 below FCI -75.0124 — HWE ansatz may have left the physical particle-number sector
Iter 0477 | Energy: -81.528272 | Delta: 1.01e-03 | M: 4120.4899 | Path: Statevector MPI-distributed (4 ranks)
WARNING: Energy -81.5492 below FCI -75.0124 — HWE ansatz may have left the physical particle-number sector
Iter 0478 | Energy: -81.549169 | Delta: 2.09e-02 | M: 43.9865 | Path: Statevector MPI-distributed (4 ranks)
WARNING: Energy -81.5286 below FCI -75.0124 — HWE ansatz may have left the physical particle-number sector
Iter 0479 | Energy: -81.528626 | Delta: 2.05e-02 | M: 17.0174 | Path: Statevector MPI-distributed (4 ranks)
WARNING: Energy -81.5432 below FCI -75.0124 — HWE ansatz may have left the physical particle-number sector
Iter 0480 | Energy: -81.543233 | Delta: 1.46e-02 | M: 17.8008 | Path: Statevector MPI-distributed (4 ranks)
[RESILIENCE] Iteration 480: Global theta state checkpointed at path checkpoints/checkpoint_iter_0480.npy. 
WARNING: Energy -81.5456 below FCI -75.0124 — HWE ansatz may have left the physical particle-number sector
Iter 0481 | Energy: -81.545614 | Delta: 2.38e-03 | M: 166.5813 | Path: Statevector MPI-distributed (4 ranks)
WARNING: Energy -81.5516 below FCI -75.0124 — HWE ansatz may have left the physical particle-number sector
Iter 0482 | Energy: -81.551556 | Delta: 5.94e-03 | M: 1375.6533 | Path: Statevector MPI-distributed (4 ranks)
WARNING: Energy -81.5519 below FCI -75.0124 — HWE ansatz may have left the physical particle-number sector
Iter 0483 | Energy: -81.551944 | Delta: 3.88e-04 | M: 86.8519 | Path: Statevector MPI-distributed (4 ranks)
WARNING: Energy -81.5648 below FCI -75.0124 — HWE ansatz may have left the physical particle-number sector
Iter 0484 | Energy: -81.564765 | Delta: 1.28e-02 | M: 6.1826 | Path: Statevector MPI-distributed (4 ranks)
WARNING: Energy -81.5913 below FCI -75.0124 — HWE ansatz may have left the physical particle-number sector
Iter 0485 | Energy: -81.591251 | Delta: 2.65e-02 | M: 27.1624 | Path: Statevector MPI-distributed (4 ranks)
[RESILIENCE] Iteration 485: Global theta state checkpointed at path checkpoints/checkpoint_iter_0485.npy. 
WARNING: Energy -81.5687 below FCI -75.0124 — HWE ansatz may have left the physical particle-number sector
Iter 0486 | Energy: -81.568690 | Delta: 2.26e-02 | M: 4500.5717 | Path: Statevector MPI-distributed (4 ranks)
WARNING: Energy -81.5929 below FCI -75.0124 — HWE ansatz may have left the physical particle-number sector
Iter 0487 | Energy: -81.592914 | Delta: 2.42e-02 | M: 26.8386 | Path: Statevector MPI-distributed (4 ranks)
WARNING: Energy -81.5671 below FCI -75.0124 — HWE ansatz may have left the physical particle-number sector
Iter 0488 | Energy: -81.567059 | Delta: 2.59e-02 | M: 674.8610 | Path: Statevector MPI-distributed (4 ranks)
WARNING: Energy -81.6121 below FCI -75.0124 — HWE ansatz may have left the physical particle-number sector
Iter 0489 | Energy: -81.612056 | Delta: 4.50e-02 | M: 4104.5632 | Path: Statevector MPI-distributed (4 ranks)
WARNING: Energy -81.5666 below FCI -75.0124 — HWE ansatz may have left the physical particle-number sector
Iter 0490 | Energy: -81.566587 | Delta: 4.55e-02 | M: 33.9560 | Path: Statevector MPI-distributed (4 ranks)
[RESILIENCE] Iteration 490: Global theta state checkpointed at path checkpoints/checkpoint_iter_0490.npy. 
WARNING: Energy -81.5776 below FCI -75.0124 — HWE ansatz may have left the physical particle-number sector
Iter 0491 | Energy: -81.577635 | Delta: 1.10e-02 | M: 169.4990 | Path: Statevector MPI-distributed (4 ranks)
WARNING: Energy -81.5740 below FCI -75.0124 — HWE ansatz may have left the physical particle-number sector
Iter 0492 | Energy: -81.573994 | Delta: 3.64e-03 | M: 147.5346 | Path: Statevector MPI-distributed (4 ranks)
WARNING: Energy -81.5868 below FCI -75.0124 — HWE ansatz may have left the physical particle-number sector
Iter 0493 | Energy: -81.586834 | Delta: 1.28e-02 | M: 4320.8653 | Path: Statevector MPI-distributed (4 ranks)
WARNING: Energy -81.5970 below FCI -75.0124 — HWE ansatz may have left the physical particle-number sector
Iter 0494 | Energy: -81.597023 | Delta: 1.02e-02 | M: 240.0456 | Path: Statevector MPI-distributed (4 ranks)
WARNING: Energy -81.5988 below FCI -75.0124 — HWE ansatz may have left the physical particle-number sector
Iter 0495 | Energy: -81.598794 | Delta: 1.77e-03 | M: 274.0554 | Path: Statevector MPI-distributed (4 ranks)
[RESILIENCE] Iteration 495: Global theta state checkpointed at path checkpoints/checkpoint_iter_0495.npy. 
WARNING: Energy -81.5761 below FCI -75.0124 — HWE ansatz may have left the physical particle-number sector
Iter 0496 | Energy: -81.576081 | Delta: 2.27e-02 | M: 11.7497 | Path: Statevector MPI-distributed (4 ranks)
WARNING: Energy -81.5824 below FCI -75.0124 — HWE ansatz may have left the physical particle-number sector
Iter 0497 | Energy: -81.582440 | Delta: 6.36e-03 | M: 19.8104 | Path: Statevector MPI-distributed (4 ranks)
WARNING: Energy -81.5682 below FCI -75.0124 — HWE ansatz may have left the physical particle-number sector
Iter 0498 | Energy: -81.568216 | Delta: 1.42e-02 | M: 2762.4371 | Path: Statevector MPI-distributed (4 ranks)
WARNING: Energy -81.5897 below FCI -75.0124 — HWE ansatz may have left the physical particle-number sector
Iter 0499 | Energy: -81.589687 | Delta: 2.15e-02 | M: 12.5868 | Path: Statevector MPI-distributed (4 ranks)
WARNING: Energy -81.6074 below FCI -75.0124 — HWE ansatz may have left the physical particle-number sector
Iter 0500 | Energy: -81.607363 | Delta: 1.77e-02 | M: 3.4086 | Path: Statevector MPI-distributed (4 ranks)
[RESILIENCE] Iteration 500: Global theta state checkpointed at path checkpoints/checkpoint_iter_0500.npy. 

[H2O] Ansatz tier:hwe_adaptive
[H2O] Corr score: 0.502 
[H2O] Final energy : -81.607363 Ha 
[H2O] Reference FCI : -75.012437 Ha 
[H2O] Absolute error: +6.5949 Ha  Ha 
[H2O] Iterations run: 500
[H2O] Wall time: 173.26s (includes QPU queue + RTT) 
[H2O] Time/iter: 0.35 s 
[H2O] Source: registry 
[H2O] Active electrons: 8 
[H2O] Estimated qubits: 12 
[H2O] Note: Frozen 2 core electrons. Active space: 8 electrons, 12 qubits 



--- RUNNING FINANCE (4-Assest Portfolio QUBO) TASK ---
[Finance] Prepared 10 Pauli terms for 4-asset portfolio (4 qubits,  16 params)  
[Finance] Prepared 10 Pauli terms for 4-asset portfolio (4 qubits,  16 params)  
[Finance] Prepared 10 Pauli terms for 4-asset portfolio (4 qubits,  16 params)  
[Finance] Prepared 10 Pauli terms for 4-asset portfolio (4 qubits,  16 params)  
Iter 0001 | Energy: -0.201346 | Delta: inf | M: 2.3840 | Path: Statevector MPI-distributed (4 ranks)
Iter 0002 | Energy: -0.200841 | Delta: 5.05e-04 | M: 1.7943 | Path: Statevector MPI-distributed (4 ranks)
Iter 0003 | Energy: -0.201004 | Delta: 1.63e-04 | M: 1.8562 | Path: Statevector MPI-distributed (4 ranks)
Iter 0004 | Energy: -0.201000 | Delta: 4.08e-06 | M: 2.0590 | Path: Statevector MPI-distributed (4 ranks)
Iter 0005 | Energy: -0.200907 | Delta: 9.28e-05 | M: 3.2393 | Path: Statevector MPI-distributed (4 ranks)
[RESILIENCE] Iteration 5: Global theta state checkpointed at path checkpoints/checkpoint_iter_0005.npy. 
Iter 0006 | Energy: -0.200979 | Delta: 7.21e-05 | M: 2.8715 | Path: Statevector MPI-distributed (4 ranks)
Iter 0007 | Energy: -0.201225 | Delta: 2.46e-04 | M: 2.6325 | Path: Statevector MPI-distributed (4 ranks)
Iter 0008 | Energy: -0.201248 | Delta: 2.27e-05 | M: 2.5618 | Path: Statevector MPI-distributed (4 ranks)
Iter 0009 | Energy: -0.200893 | Delta: 3.55e-04 | M: 1.5195 | Path: Statevector MPI-distributed (4 ranks)
Iter 0010 | Energy: -0.201063 | Delta: 1.70e-04 | M: 1.6174 | Path: Statevector MPI-distributed (4 ranks)
[RESILIENCE] Iteration 10: Global theta state checkpointed at path checkpoints/checkpoint_iter_0010.npy. 
Iter 0011 | Energy: -0.201387 | Delta: 3.24e-04 | M: 1.4645 | Path: Statevector MPI-distributed (4 ranks)
Iter 0012 | Energy: -0.201016 | Delta: 3.71e-04 | M: 1.3963 | Path: Statevector MPI-distributed (4 ranks)
Iter 0013 | Energy: -0.201103 | Delta: 8.71e-05 | M: 1.8727 | Path: Statevector MPI-distributed (4 ranks)
Iter 0014 | Energy: -0.201041 | Delta: 6.14e-05 | M: 1.4700 | Path: Statevector MPI-distributed (4 ranks)
Iter 0015 | Energy: -0.201102 | Delta: 6.05e-05 | M: 1.5808 | Path: Statevector MPI-distributed (4 ranks)
[RESILIENCE] Iteration 15: Global theta state checkpointed at path checkpoints/checkpoint_iter_0015.npy. 
Iter 0016 | Energy: -0.201137 | Delta: 3.49e-05 | M: 2.2325 | Path: Statevector MPI-distributed (4 ranks)
Iter 0017 | Energy: -0.201119 | Delta: 1.73e-05 | M: 1.7401 | Path: Statevector MPI-distributed (4 ranks)
Iter 0018 | Energy: -0.201395 | Delta: 2.76e-04 | M: 1.9526 | Path: Statevector MPI-distributed (4 ranks)
Iter 0019 | Energy: -0.201163 | Delta: 2.32e-04 | M: 1.8362 | Path: Statevector MPI-distributed (4 ranks)
Iter 0020 | Energy: -0.201178 | Delta: 1.44e-05 | M: 1.6916 | Path: Statevector MPI-distributed (4 ranks)
Converged: energy spread over last 10 iters = 3.80e-04 < tol=0.001, at iteration 20
[RESILIENCE] Iteration 20: Global theta state checkpointed at path checkpoints/checkpoint_iter_0020.npy. 
[Finance] Final objective : -0.201178 
[Finance] Iterations run : 20
[Finance] Wall time : 0.13 s

 RUNNING SCALING (with P=4 ranks) 
[Resolver] 'LiH' found in local registry 
[Resolver] 'LiH' found in local registry 
[Resolver] 'LiH' found in local registry 
[Resolver] 'LiH' found in local registry 
[Chemistry:LiH] 631 Pauli terms, 12 qubits, 96 params,  reps=2. FCI reference: -7.8825 Ha 
[Ansatz] HWE (adaptive) (auto) | corr_score=0.502 | off_diag_ratio=0.007
[Reason] score=0.502 in [0.25, 0.55). Moderate correlation detected (off_diag_ratio=0.007, zz_frac=0.979). Adaptive HWE with full entanglement recommended.
[Chemistry:LiH] 631 Pauli terms, 12 qubits, 96 params,  reps=2. FCI reference: -7.8825 Ha 
[Ansatz] HWE (adaptive) (auto) | corr_score=0.502 | off_diag_ratio=0.007
[Reason] score=0.502 in [0.25, 0.55). Moderate correlation detected (off_diag_ratio=0.007, zz_frac=0.979). Adaptive HWE with full entanglement recommended.
[Chemistry:LiH] 631 Pauli terms, 12 qubits, 96 params,  reps=2. FCI reference: -7.8825 Ha 
[Ansatz] HWE (adaptive) (auto) | corr_score=0.502 | off_diag_ratio=0.007
[Reason] score=0.502 in [0.25, 0.55). Moderate correlation detected (off_diag_ratio=0.007, zz_frac=0.979). Adaptive HWE with full entanglement recommended.
[Chemistry:LiH] 631 Pauli terms, 12 qubits, 96 params,  reps=2. FCI reference: -7.8825 Ha 
[Ansatz] HWE (adaptive) (auto) | corr_score=0.502 | off_diag_ratio=0.007
[Reason] score=0.502 in [0.25, 0.55). Moderate correlation detected (off_diag_ratio=0.007, zz_frac=0.979). Adaptive HWE with full entanglement recommended.
Iter 0001 | Energy: -0.449677 | Delta: inf | M: 2913.4809 | Path: Statevector MPI-distributed (4 ranks)
Iter 0002 | Energy: -0.460287 | Delta: 1.06e-02 | M: 34.4817 | Path: Statevector MPI-distributed (4 ranks)
Iter 0003 | Energy: -0.551809 | Delta: 9.15e-02 | M: 1425.1170 | Path: Statevector MPI-distributed (4 ranks)
Iter 0004 | Energy: -0.553863 | Delta: 2.05e-03 | M: 293.5315 | Path: Statevector MPI-distributed (4 ranks)
Iter 0005 | Energy: -0.832025 | Delta: 2.78e-01 | M: 32.9248 | Path: Statevector MPI-distributed (4 ranks)
[RESILIENCE] Iteration 5: Global theta state checkpointed at path checkpoints/checkpoint_iter_0005.npy. 
Iter 0006 | Energy: -1.514902 | Delta: 6.83e-01 | M: 155.9465 | Path: Statevector MPI-distributed (4 ranks)
Iter 0007 | Energy: -4.070387 | Delta: 2.56e+00 | M: 1089.7729 | Path: Statevector MPI-distributed (4 ranks)
Iter 0008 | Energy: -4.065670 | Delta: 4.72e-03 | M: 28.6870 | Path: Statevector MPI-distributed (4 ranks)
Iter 0009 | Energy: -4.403513 | Delta: 3.38e-01 | M: 57.8832 | Path: Statevector MPI-distributed (4 ranks)
Iter 0010 | Energy: -4.421931 | Delta: 1.84e-02 | M: 90.5337 | Path: Statevector MPI-distributed (4 ranks)
[RESILIENCE] Iteration 10: Global theta state checkpointed at path checkpoints/checkpoint_iter_0010.npy. 
[Scaling] P=4 T_total=0.8134 final_E=-4.421931 tier=hwe_adaptive qubits=12 iters=10



---ALL LOCAL BENCHMARKS COMPLETE ----
Ranks used : 4
GPU : False
Backend : simulator 
Molecule   Energy (Ha)      Error (Ha)     Ansatz               Corr   Iters    Time(s)    T/iter(s) 
H2         -1.756227        +0.6189 Ha     HWE (adaptive)       0.342  500      5.88       0.0118    
LiH        -7.484999        +0.3975 Ha     HWE (adaptive)       0.502  500      38.30      0.0766    
BeH2       -17.022954       +1.4278 Ha     HWE (adaptive)       0.501  500      155.98     0.3120    
H2O        -81.607363       +6.5949 Ha     HWE (adaptive)       0.502  500      173.26     0.3465    
