
==========
== CUDA ==
==========

CUDA Version 12.2.0

Container image Copyright (c) 2016-2023, NVIDIA CORPORATION & AFFILIATES. All rights reserved.

This container image and its contents are governed by the NVIDIA Deep Learning Container License.
By pulling and using the container, you accept the terms and conditions of this license:
https://developer.nvidia.com/ngc/nvidia-deep-learning-container-license

A copy of this license is made available in this container at /NGC-DL-CONTAINER-LICENSE for your convenience.

WARNING: The NVIDIA Driver was not detected.  GPU functionality will not be available.
   Use the NVIDIA Container Toolkit to start this container with GPU support; see
   https://docs.nvidia.com/datacenter/cloud-native/ .

hpc_core and interface imported.
[Config] GPU=CPU mode
[Config] Molecules: ['H2', 'LiH', 'BeH2', 'H2O']
[Config] Resolver: max_qubits=20, cache=.pubchem_cache/
hpc_core and interface imported.
[Config] GPU=CPU mode
[Config] Molecules: ['H2', 'LiH', 'BeH2', 'H2O']
[Config] Resolver: max_qubits=20, cache=.pubchem_cache/
hpc_core and interface imported.
[Config] GPU=CPU mode
[Config] Molecules: ['H2', 'LiH', 'BeH2', 'H2O']
[Config] Resolver: max_qubits=20, cache=.pubchem_cache/
hpc_core and interface imported.
[Config] GPU=CPU mode
[Config] Molecules: ['H2', 'LiH', 'BeH2', 'H2O']
[Config] Resolver: max_qubits=20, cache=.pubchem_cache/
hpc_core and interface imported.
[Config] GPU=CPU mode
[Config] Molecules: ['H2', 'LiH', 'BeH2', 'H2O']
[Config] Resolver: max_qubits=20, cache=.pubchem_cache/
hpc_core and interface imported.
[Config] GPU=CPU mode
[Config] Molecules: ['H2', 'LiH', 'BeH2', 'H2O']
[Config] Resolver: max_qubits=20, cache=.pubchem_cache/
hpc_core and interface imported.
[Config] GPU=CPU mode
[Config] Molecules: ['H2', 'LiH', 'BeH2', 'H2O']
[Config] Resolver: max_qubits=20, cache=.pubchem_cache/
hpc_core and interface imported.
[Config] GPU=CPU mode
[Config] Molecules: ['H2', 'LiH', 'BeH2', 'H2O']
[Config] Resolver: max_qubits=20, cache=.pubchem_cache/
[Resolver] 'H2' found in local registry 
[Resolver] 'H2' found in local registry 
[Stack]  Initialized 8 MPI rank(s), GPU=disabled, backend='simulator'


--- RUNNING CHEMISTRY TASK H2 ---
[Resolver] 'H2' found in local registry 
[Resolver] 'H2' found in local registry 
[Resolver] 'H2' found in local registry 
[Resolver] 'H2' found in local registry 
[Resolver] 'H2' found in local registry 
[Resolver] 'H2' found in local registry 
[Chemistry:H2] 15 Pauli terms, 4 qubits, 24 params,  reps=1. FCI reference: -1.1373 Ha 
[Ansatz] HWE (adaptive) (auto) | corr_score=0.342 | off_diag_ratio=0.056
[Reason] score=0.342 in [0.25, 0.55). Moderate correlation detected (off_diag_ratio=0.056, zz_frac=0.667). Adaptive HWE with full entanglement recommended.
[Chemistry:H2] 15 Pauli terms, 4 qubits, 24 params,  reps=1. FCI reference: -1.1373 Ha 
[Ansatz] HWE (adaptive) (auto) | corr_score=0.342 | off_diag_ratio=0.056
[Reason] score=0.342 in [0.25, 0.55). Moderate correlation detected (off_diag_ratio=0.056, zz_frac=0.667). Adaptive HWE with full entanglement recommended.
[Chemistry:H2] 15 Pauli terms, 4 qubits, 24 params,  reps=1. FCI reference: -1.1373 Ha 
[Ansatz] HWE (adaptive) (auto) | corr_score=0.342 | off_diag_ratio=0.056
[Reason] score=0.342 in [0.25, 0.55). Moderate correlation detected (off_diag_ratio=0.056, zz_frac=0.667). Adaptive HWE with full entanglement recommended.
[Chemistry:H2] 15 Pauli terms, 4 qubits, 24 params,  reps=1. FCI reference: -1.1373 Ha 
[Ansatz] HWE (adaptive) (auto) | corr_score=0.342 | off_diag_ratio=0.056
[Reason] score=0.342 in [0.25, 0.55). Moderate correlation detected (off_diag_ratio=0.056, zz_frac=0.667). Adaptive HWE with full entanglement recommended.
[Chemistry:H2] 15 Pauli terms, 4 qubits, 24 params,  reps=1. FCI reference: -1.1373 Ha 
[Ansatz] HWE (adaptive) (auto) | corr_score=0.342 | off_diag_ratio=0.056
[Reason] score=0.342 in [0.25, 0.55). Moderate correlation detected (off_diag_ratio=0.056, zz_frac=0.667). Adaptive HWE with full entanglement recommended.
[Chemistry:H2] 15 Pauli terms, 4 qubits, 24 params,  reps=1. FCI reference: -1.1373 Ha 
[Ansatz] HWE (adaptive) (auto) | corr_score=0.342 | off_diag_ratio=0.056
[Reason] score=0.342 in [0.25, 0.55). Moderate correlation detected (off_diag_ratio=0.056, zz_frac=0.667). Adaptive HWE with full entanglement recommended.
[Chemistry:H2] 15 Pauli terms, 4 qubits, 24 params,  reps=1. FCI reference: -1.1373 Ha 
[Ansatz] HWE (adaptive) (auto) | corr_score=0.342 | off_diag_ratio=0.056
[Reason] score=0.342 in [0.25, 0.55). Moderate correlation detected (off_diag_ratio=0.056, zz_frac=0.667). Adaptive HWE with full entanglement recommended.
[Chemistry:H2] 15 Pauli terms, 4 qubits, 24 params,  reps=1. FCI reference: -1.1373 Ha 
[Ansatz] HWE (adaptive) (auto) | corr_score=0.342 | off_diag_ratio=0.056
[Reason] score=0.342 in [0.25, 0.55). Moderate correlation detected (off_diag_ratio=0.056, zz_frac=0.667). Adaptive HWE with full entanglement recommended.
Iter 0001 | Energy: 0.398759 | Delta: inf | M: 0.9148 | Path: Statevector MPI-distributed (8 ranks)
Iter 0002 | Energy: 0.389683 | Delta: 9.08e-03 | M: 3.2867 | Path: Statevector MPI-distributed (8 ranks)
Iter 0003 | Energy: 0.406564 | Delta: 1.69e-02 | M: 2.8907 | Path: Statevector MPI-distributed (8 ranks)
Iter 0004 | Energy: 0.390955 | Delta: 1.56e-02 | M: 3.1946 | Path: Statevector MPI-distributed (8 ranks)
Iter 0005 | Energy: 0.399355 | Delta: 8.40e-03 | M: 3.0379 | Path: Statevector MPI-distributed (8 ranks)
[RESILIENCE] Iteration 5: Global theta state checkpointed at path checkpoints/checkpoint_iter_0005.npy. 
Iter 0006 | Energy: 0.389444 | Delta: 9.91e-03 | M: 10.5943 | Path: Statevector MPI-distributed (8 ranks)
Iter 0007 | Energy: 0.403945 | Delta: 1.45e-02 | M: 138.7174 | Path: Statevector MPI-distributed (8 ranks)
Iter 0008 | Energy: 0.390429 | Delta: 1.35e-02 | M: 3.6371 | Path: Statevector MPI-distributed (8 ranks)
Iter 0009 | Energy: 0.387916 | Delta: 2.51e-03 | M: 26.5248 | Path: Statevector MPI-distributed (8 ranks)
Iter 0010 | Energy: 0.386547 | Delta: 1.37e-03 | M: 4.2869 | Path: Statevector MPI-distributed (8 ranks)
[RESILIENCE] Iteration 10: Global theta state checkpointed at path checkpoints/checkpoint_iter_0010.npy. 
Iter 0011 | Energy: 0.371594 | Delta: 1.50e-02 | M: 14.6501 | Path: Statevector MPI-distributed (8 ranks)
Iter 0012 | Energy: 0.390032 | Delta: 1.84e-02 | M: 142.3233 | Path: Statevector MPI-distributed (8 ranks)
Iter 0013 | Energy: 0.388835 | Delta: 1.20e-03 | M: 4.0750 | Path: Statevector MPI-distributed (8 ranks)
Iter 0014 | Energy: 0.380205 | Delta: 8.63e-03 | M: 10.1226 | Path: Statevector MPI-distributed (8 ranks)
Iter 0015 | Energy: 0.381018 | Delta: 8.13e-04 | M: 136.7259 | Path: Statevector MPI-distributed (8 ranks)
[RESILIENCE] Iteration 15: Global theta state checkpointed at path checkpoints/checkpoint_iter_0015.npy. 
Iter 0016 | Energy: 0.358277 | Delta: 2.27e-02 | M: 81.9882 | Path: Statevector MPI-distributed (8 ranks)
Iter 0017 | Energy: 0.356698 | Delta: 1.58e-03 | M: 150.5611 | Path: Statevector MPI-distributed (8 ranks)
Iter 0018 | Energy: 0.357166 | Delta: 4.69e-04 | M: 14.3086 | Path: Statevector MPI-distributed (8 ranks)
Iter 0019 | Energy: 0.339694 | Delta: 1.75e-02 | M: 112.2512 | Path: Statevector MPI-distributed (8 ranks)
Iter 0020 | Energy: 0.327986 | Delta: 1.17e-02 | M: 19.8728 | Path: Statevector MPI-distributed (8 ranks)
[RESILIENCE] Iteration 20: Global theta state checkpointed at path checkpoints/checkpoint_iter_0020.npy. 
Iter 0021 | Energy: 0.318744 | Delta: 9.24e-03 | M: 8.2502 | Path: Statevector MPI-distributed (8 ranks)
Iter 0022 | Energy: 0.304464 | Delta: 1.43e-02 | M: 12.2479 | Path: Statevector MPI-distributed (8 ranks)
Iter 0023 | Energy: 0.273275 | Delta: 3.12e-02 | M: 8.2993 | Path: Statevector MPI-distributed (8 ranks)
Iter 0024 | Energy: 0.274631 | Delta: 1.36e-03 | M: 11.5397 | Path: Statevector MPI-distributed (8 ranks)
Iter 0025 | Energy: 0.264464 | Delta: 1.02e-02 | M: 148.3779 | Path: Statevector MPI-distributed (8 ranks)
[RESILIENCE] Iteration 25: Global theta state checkpointed at path checkpoints/checkpoint_iter_0025.npy. 
Iter 0026 | Energy: 0.242549 | Delta: 2.19e-02 | M: 10.9189 | Path: Statevector MPI-distributed (8 ranks)
Iter 0027 | Energy: 0.244144 | Delta: 1.59e-03 | M: 101.3947 | Path: Statevector MPI-distributed (8 ranks)
Iter 0028 | Energy: 0.241819 | Delta: 2.33e-03 | M: 4.6517 | Path: Statevector MPI-distributed (8 ranks)
Iter 0029 | Energy: 0.239688 | Delta: 2.13e-03 | M: 149.8835 | Path: Statevector MPI-distributed (8 ranks)
Iter 0030 | Energy: 0.234230 | Delta: 5.46e-03 | M: 13.4099 | Path: Statevector MPI-distributed (8 ranks)
[RESILIENCE] Iteration 30: Global theta state checkpointed at path checkpoints/checkpoint_iter_0030.npy. 
Iter 0031 | Energy: 0.206029 | Delta: 2.82e-02 | M: 9.5594 | Path: Statevector MPI-distributed (8 ranks)
Iter 0032 | Energy: 0.198049 | Delta: 7.98e-03 | M: 8.9266 | Path: Statevector MPI-distributed (8 ranks)
Iter 0033 | Energy: 0.173409 | Delta: 2.46e-02 | M: 6.3408 | Path: Statevector MPI-distributed (8 ranks)
Iter 0034 | Energy: 0.164527 | Delta: 8.88e-03 | M: 154.7090 | Path: Statevector MPI-distributed (8 ranks)
Iter 0035 | Energy: 0.123844 | Delta: 4.07e-02 | M: 10.1197 | Path: Statevector MPI-distributed (8 ranks)
[RESILIENCE] Iteration 35: Global theta state checkpointed at path checkpoints/checkpoint_iter_0035.npy. 
Iter 0036 | Energy: 0.118062 | Delta: 5.78e-03 | M: 145.4623 | Path: Statevector MPI-distributed (8 ranks)
Iter 0037 | Energy: 0.078903 | Delta: 3.92e-02 | M: 147.4205 | Path: Statevector MPI-distributed (8 ranks)
Iter 0038 | Energy: 0.016936 | Delta: 6.20e-02 | M: 116.1677 | Path: Statevector MPI-distributed (8 ranks)
Iter 0039 | Energy: 0.021862 | Delta: 4.93e-03 | M: 129.8215 | Path: Statevector MPI-distributed (8 ranks)
Iter 0040 | Energy: 0.016480 | Delta: 5.38e-03 | M: 131.8557 | Path: Statevector MPI-distributed (8 ranks)
[RESILIENCE] Iteration 40: Global theta state checkpointed at path checkpoints/checkpoint_iter_0040.npy. 
Iter 0041 | Energy: -0.029282 | Delta: 4.58e-02 | M: 15.9083 | Path: Statevector MPI-distributed (8 ranks)
Iter 0042 | Energy: -0.065468 | Delta: 3.62e-02 | M: 22.2071 | Path: Statevector MPI-distributed (8 ranks)
Iter 0043 | Energy: -0.072441 | Delta: 6.97e-03 | M: 128.7425 | Path: Statevector MPI-distributed (8 ranks)
Iter 0044 | Energy: -0.144484 | Delta: 7.20e-02 | M: 1.7720 | Path: Statevector MPI-distributed (8 ranks)
Iter 0045 | Energy: -0.136386 | Delta: 8.10e-03 | M: 26.7371 | Path: Statevector MPI-distributed (8 ranks)
[RESILIENCE] Iteration 45: Global theta state checkpointed at path checkpoints/checkpoint_iter_0045.npy. 
Iter 0046 | Energy: -0.137142 | Delta: 7.56e-04 | M: 5.3577 | Path: Statevector MPI-distributed (8 ranks)
Iter 0047 | Energy: -0.206972 | Delta: 6.98e-02 | M: 5.2484 | Path: Statevector MPI-distributed (8 ranks)
Iter 0048 | Energy: -0.298699 | Delta: 9.17e-02 | M: 2.1303 | Path: Statevector MPI-distributed (8 ranks)
Iter 0049 | Energy: -0.331250 | Delta: 3.26e-02 | M: 2.3157 | Path: Statevector MPI-distributed (8 ranks)
Iter 0050 | Energy: -0.335187 | Delta: 3.94e-03 | M: 6.2590 | Path: Statevector MPI-distributed (8 ranks)
[RESILIENCE] Iteration 50: Global theta state checkpointed at path checkpoints/checkpoint_iter_0050.npy. 
Iter 0051 | Energy: -0.453521 | Delta: 1.18e-01 | M: 12.7571 | Path: Statevector MPI-distributed (8 ranks)
Iter 0052 | Energy: -0.566767 | Delta: 1.13e-01 | M: 6.6919 | Path: Statevector MPI-distributed (8 ranks)
Iter 0053 | Energy: -0.626519 | Delta: 5.98e-02 | M: 5.9872 | Path: Statevector MPI-distributed (8 ranks)
Iter 0054 | Energy: -0.720314 | Delta: 9.38e-02 | M: 103.0682 | Path: Statevector MPI-distributed (8 ranks)
Iter 0055 | Energy: -0.727858 | Delta: 7.54e-03 | M: 4.3081 | Path: Statevector MPI-distributed (8 ranks)
[RESILIENCE] Iteration 55: Global theta state checkpointed at path checkpoints/checkpoint_iter_0055.npy. 
Iter 0056 | Energy: -0.783415 | Delta: 5.56e-02 | M: 7.1271 | Path: Statevector MPI-distributed (8 ranks)
Iter 0057 | Energy: -0.770625 | Delta: 1.28e-02 | M: 3.0354 | Path: Statevector MPI-distributed (8 ranks)
Iter 0058 | Energy: -0.764251 | Delta: 6.37e-03 | M: 4.6689 | Path: Statevector MPI-distributed (8 ranks)
Iter 0059 | Energy: -0.823973 | Delta: 5.97e-02 | M: 2.8841 | Path: Statevector MPI-distributed (8 ranks)
Iter 0060 | Energy: -0.831522 | Delta: 7.55e-03 | M: 3.1142 | Path: Statevector MPI-distributed (8 ranks)
[RESILIENCE] Iteration 60: Global theta state checkpointed at path checkpoints/checkpoint_iter_0060.npy. 
Iter 0061 | Energy: -0.935353 | Delta: 1.04e-01 | M: 29.7726 | Path: Statevector MPI-distributed (8 ranks)
Iter 0062 | Energy: -1.016618 | Delta: 8.13e-02 | M: 9.2930 | Path: Statevector MPI-distributed (8 ranks)
Iter 0063 | Energy: -1.016666 | Delta: 4.74e-05 | M: 5.1203 | Path: Statevector MPI-distributed (8 ranks)
Iter 0064 | Energy: -1.015079 | Delta: 1.59e-03 | M: 6.4428 | Path: Statevector MPI-distributed (8 ranks)
Iter 0065 | Energy: -1.065871 | Delta: 5.08e-02 | M: 12.2932 | Path: Statevector MPI-distributed (8 ranks)
[RESILIENCE] Iteration 65: Global theta state checkpointed at path checkpoints/checkpoint_iter_0065.npy. 
Iter 0066 | Energy: -1.113791 | Delta: 4.79e-02 | M: 12.6039 | Path: Statevector MPI-distributed (8 ranks)
WARNING: Energy -1.1714 below FCI -1.1373 — HWE ansatz may have left the physical particle-number sector
Iter 0067 | Energy: -1.171355 | Delta: 5.76e-02 | M: 6.6113 | Path: Statevector MPI-distributed (8 ranks)
WARNING: Energy -1.1719 below FCI -1.1373 — HWE ansatz may have left the physical particle-number sector
Iter 0068 | Energy: -1.171918 | Delta: 5.63e-04 | M: 18.1036 | Path: Statevector MPI-distributed (8 ranks)
WARNING: Energy -1.1781 below FCI -1.1373 — HWE ansatz may have left the physical particle-number sector
Iter 0069 | Energy: -1.178129 | Delta: 6.21e-03 | M: 7.3183 | Path: Statevector MPI-distributed (8 ranks)
WARNING: Energy -1.2209 below FCI -1.1373 — HWE ansatz may have left the physical particle-number sector
Iter 0070 | Energy: -1.220937 | Delta: 4.28e-02 | M: 7.8193 | Path: Statevector MPI-distributed (8 ranks)
[RESILIENCE] Iteration 70: Global theta state checkpointed at path checkpoints/checkpoint_iter_0070.npy. 
WARNING: Energy -1.2505 below FCI -1.1373 — HWE ansatz may have left the physical particle-number sector
Iter 0071 | Energy: -1.250496 | Delta: 2.96e-02 | M: 95.7028 | Path: Statevector MPI-distributed (8 ranks)
WARNING: Energy -1.2842 below FCI -1.1373 — HWE ansatz may have left the physical particle-number sector
Iter 0072 | Energy: -1.284171 | Delta: 3.37e-02 | M: 6.0715 | Path: Statevector MPI-distributed (8 ranks)
WARNING: Energy -1.2898 below FCI -1.1373 — HWE ansatz may have left the physical particle-number sector
Iter 0073 | Energy: -1.289767 | Delta: 5.60e-03 | M: 8.5696 | Path: Statevector MPI-distributed (8 ranks)
WARNING: Energy -1.2847 below FCI -1.1373 — HWE ansatz may have left the physical particle-number sector
Iter 0074 | Energy: -1.284670 | Delta: 5.10e-03 | M: 2.6400 | Path: Statevector MPI-distributed (8 ranks)
WARNING: Energy -1.2913 below FCI -1.1373 — HWE ansatz may have left the physical particle-number sector
Iter 0075 | Energy: -1.291348 | Delta: 6.68e-03 | M: 7.5797 | Path: Statevector MPI-distributed (8 ranks)
[RESILIENCE] Iteration 75: Global theta state checkpointed at path checkpoints/checkpoint_iter_0075.npy. 
WARNING: Energy -1.2798 below FCI -1.1373 — HWE ansatz may have left the physical particle-number sector
Iter 0076 | Energy: -1.279828 | Delta: 1.15e-02 | M: 1.3776 | Path: Statevector MPI-distributed (8 ranks)
WARNING: Energy -1.2994 below FCI -1.1373 — HWE ansatz may have left the physical particle-number sector
Iter 0077 | Energy: -1.299435 | Delta: 1.96e-02 | M: 7.1770 | Path: Statevector MPI-distributed (8 ranks)
WARNING: Energy -1.3030 below FCI -1.1373 — HWE ansatz may have left the physical particle-number sector
Iter 0078 | Energy: -1.303041 | Delta: 3.61e-03 | M: 0.8821 | Path: Statevector MPI-distributed (8 ranks)
WARNING: Energy -1.2936 below FCI -1.1373 — HWE ansatz may have left the physical particle-number sector
Iter 0079 | Energy: -1.293569 | Delta: 9.47e-03 | M: 5.0007 | Path: Statevector MPI-distributed (8 ranks)
WARNING: Energy -1.3145 below FCI -1.1373 — HWE ansatz may have left the physical particle-number sector
Iter 0080 | Energy: -1.314524 | Delta: 2.10e-02 | M: 0.8420 | Path: Statevector MPI-distributed (8 ranks)
[RESILIENCE] Iteration 80: Global theta state checkpointed at path checkpoints/checkpoint_iter_0080.npy. 
WARNING: Energy -1.3492 below FCI -1.1373 — HWE ansatz may have left the physical particle-number sector
Iter 0081 | Energy: -1.349157 | Delta: 3.46e-02 | M: 3.8501 | Path: Statevector MPI-distributed (8 ranks)
WARNING: Energy -1.3465 below FCI -1.1373 — HWE ansatz may have left the physical particle-number sector
Iter 0082 | Energy: -1.346529 | Delta: 2.63e-03 | M: 1.5454 | Path: Statevector MPI-distributed (8 ranks)
WARNING: Energy -1.3486 below FCI -1.1373 — HWE ansatz may have left the physical particle-number sector
Iter 0083 | Energy: -1.348615 | Delta: 2.09e-03 | M: 1.2031 | Path: Statevector MPI-distributed (8 ranks)
WARNING: Energy -1.3648 below FCI -1.1373 — HWE ansatz may have left the physical particle-number sector
Iter 0084 | Energy: -1.364799 | Delta: 1.62e-02 | M: 0.9668 | Path: Statevector MPI-distributed (8 ranks)
WARNING: Energy -1.3669 below FCI -1.1373 — HWE ansatz may have left the physical particle-number sector
Iter 0085 | Energy: -1.366913 | Delta: 2.11e-03 | M: 0.7208 | Path: Statevector MPI-distributed (8 ranks)
[RESILIENCE] Iteration 85: Global theta state checkpointed at path checkpoints/checkpoint_iter_0085.npy. 
WARNING: Energy -1.3519 below FCI -1.1373 — HWE ansatz may have left the physical particle-number sector
Iter 0086 | Energy: -1.351873 | Delta: 1.50e-02 | M: 4.2131 | Path: Statevector MPI-distributed (8 ranks)
WARNING: Energy -1.3543 below FCI -1.1373 — HWE ansatz may have left the physical particle-number sector
Iter 0087 | Energy: -1.354293 | Delta: 2.42e-03 | M: 9.7191 | Path: Statevector MPI-distributed (8 ranks)
WARNING: Energy -1.3563 below FCI -1.1373 — HWE ansatz may have left the physical particle-number sector
Iter 0088 | Energy: -1.356324 | Delta: 2.03e-03 | M: 2.4432 | Path: Statevector MPI-distributed (8 ranks)
WARNING: Energy -1.3752 below FCI -1.1373 — HWE ansatz may have left the physical particle-number sector
Iter 0089 | Energy: -1.375166 | Delta: 1.88e-02 | M: 1.9560 | Path: Statevector MPI-distributed (8 ranks)
WARNING: Energy -1.3797 below FCI -1.1373 — HWE ansatz may have left the physical particle-number sector
Iter 0090 | Energy: -1.379688 | Delta: 4.52e-03 | M: 6.3703 | Path: Statevector MPI-distributed (8 ranks)
[RESILIENCE] Iteration 90: Global theta state checkpointed at path checkpoints/checkpoint_iter_0090.npy. 
WARNING: Energy -1.3675 below FCI -1.1373 — HWE ansatz may have left the physical particle-number sector
Iter 0091 | Energy: -1.367541 | Delta: 1.21e-02 | M: 24.3158 | Path: Statevector MPI-distributed (8 ranks)
WARNING: Energy -1.3801 below FCI -1.1373 — HWE ansatz may have left the physical particle-number sector
Iter 0092 | Energy: -1.380127 | Delta: 1.26e-02 | M: 2.1562 | Path: Statevector MPI-distributed (8 ranks)
WARNING: Energy -1.3648 below FCI -1.1373 — HWE ansatz may have left the physical particle-number sector
Iter 0093 | Energy: -1.364813 | Delta: 1.53e-02 | M: 3.1354 | Path: Statevector MPI-distributed (8 ranks)
WARNING: Energy -1.3819 below FCI -1.1373 — HWE ansatz may have left the physical particle-number sector
Iter 0094 | Energy: -1.381907 | Delta: 1.71e-02 | M: 5.2028 | Path: Statevector MPI-distributed (8 ranks)
WARNING: Energy -1.3863 below FCI -1.1373 — HWE ansatz may have left the physical particle-number sector
Iter 0095 | Energy: -1.386256 | Delta: 4.35e-03 | M: 2.6295 | Path: Statevector MPI-distributed (8 ranks)
[RESILIENCE] Iteration 95: Global theta state checkpointed at path checkpoints/checkpoint_iter_0095.npy. 
WARNING: Energy -1.3829 below FCI -1.1373 — HWE ansatz may have left the physical particle-number sector
Iter 0096 | Energy: -1.382927 | Delta: 3.33e-03 | M: 4.0731 | Path: Statevector MPI-distributed (8 ranks)
WARNING: Energy -1.3994 below FCI -1.1373 — HWE ansatz may have left the physical particle-number sector
Iter 0097 | Energy: -1.399446 | Delta: 1.65e-02 | M: 2.4664 | Path: Statevector MPI-distributed (8 ranks)
WARNING: Energy -1.3949 below FCI -1.1373 — HWE ansatz may have left the physical particle-number sector
Iter 0098 | Energy: -1.394930 | Delta: 4.52e-03 | M: 4.4991 | Path: Statevector MPI-distributed (8 ranks)
WARNING: Energy -1.3952 below FCI -1.1373 — HWE ansatz may have left the physical particle-number sector
Iter 0099 | Energy: -1.395201 | Delta: 2.71e-04 | M: 2.6877 | Path: Statevector MPI-distributed (8 ranks)
WARNING: Energy -1.3899 below FCI -1.1373 — HWE ansatz may have left the physical particle-number sector
Iter 0100 | Energy: -1.389896 | Delta: 5.31e-03 | M: 5.7702 | Path: Statevector MPI-distributed (8 ranks)
[RESILIENCE] Iteration 100: Global theta state checkpointed at path checkpoints/checkpoint_iter_0100.npy. 
WARNING: Energy -1.4106 below FCI -1.1373 — HWE ansatz may have left the physical particle-number sector
Iter 0101 | Energy: -1.410566 | Delta: 2.07e-02 | M: 3.9804 | Path: Statevector MPI-distributed (8 ranks)
WARNING: Energy -1.4091 below FCI -1.1373 — HWE ansatz may have left the physical particle-number sector
Iter 0102 | Energy: -1.409114 | Delta: 1.45e-03 | M: 4.2201 | Path: Statevector MPI-distributed (8 ranks)
WARNING: Energy -1.4063 below FCI -1.1373 — HWE ansatz may have left the physical particle-number sector
Iter 0103 | Energy: -1.406325 | Delta: 2.79e-03 | M: 8.5816 | Path: Statevector MPI-distributed (8 ranks)
WARNING: Energy -1.4232 below FCI -1.1373 — HWE ansatz may have left the physical particle-number sector
Iter 0104 | Energy: -1.423171 | Delta: 1.68e-02 | M: 5.1812 | Path: Statevector MPI-distributed (8 ranks)
WARNING: Energy -1.4263 below FCI -1.1373 — HWE ansatz may have left the physical particle-number sector
Iter 0105 | Energy: -1.426333 | Delta: 3.16e-03 | M: 4.7943 | Path: Statevector MPI-distributed (8 ranks)
[RESILIENCE] Iteration 105: Global theta state checkpointed at path checkpoints/checkpoint_iter_0105.npy. 
WARNING: Energy -1.4036 below FCI -1.1373 — HWE ansatz may have left the physical particle-number sector
Iter 0106 | Energy: -1.403627 | Delta: 2.27e-02 | M: 9.3280 | Path: Statevector MPI-distributed (8 ranks)
WARNING: Energy -1.4205 below FCI -1.1373 — HWE ansatz may have left the physical particle-number sector
Iter 0107 | Energy: -1.420467 | Delta: 1.68e-02 | M: 4.3899 | Path: Statevector MPI-distributed (8 ranks)
WARNING: Energy -1.4334 below FCI -1.1373 — HWE ansatz may have left the physical particle-number sector
Iter 0108 | Energy: -1.433404 | Delta: 1.29e-02 | M: 9.6148 | Path: Statevector MPI-distributed (8 ranks)
WARNING: Energy -1.4387 below FCI -1.1373 — HWE ansatz may have left the physical particle-number sector
Iter 0109 | Energy: -1.438737 | Delta: 5.33e-03 | M: 2.8911 | Path: Statevector MPI-distributed (8 ranks)
WARNING: Energy -1.4295 below FCI -1.1373 — HWE ansatz may have left the physical particle-number sector
Iter 0110 | Energy: -1.429454 | Delta: 9.28e-03 | M: 5.5468 | Path: Statevector MPI-distributed (8 ranks)
[RESILIENCE] Iteration 110: Global theta state checkpointed at path checkpoints/checkpoint_iter_0110.npy. 
WARNING: Energy -1.4371 below FCI -1.1373 — HWE ansatz may have left the physical particle-number sector
Iter 0111 | Energy: -1.437057 | Delta: 7.60e-03 | M: 7.9980 | Path: Statevector MPI-distributed (8 ranks)
WARNING: Energy -1.4411 below FCI -1.1373 — HWE ansatz may have left the physical particle-number sector
Iter 0112 | Energy: -1.441126 | Delta: 4.07e-03 | M: 7.2547 | Path: Statevector MPI-distributed (8 ranks)
WARNING: Energy -1.4356 below FCI -1.1373 — HWE ansatz may have left the physical particle-number sector
Iter 0113 | Energy: -1.435613 | Delta: 5.51e-03 | M: 2.7958 | Path: Statevector MPI-distributed (8 ranks)
WARNING: Energy -1.4423 below FCI -1.1373 — HWE ansatz may have left the physical particle-number sector
Iter 0114 | Energy: -1.442344 | Delta: 6.73e-03 | M: 3.4420 | Path: Statevector MPI-distributed (8 ranks)
WARNING: Energy -1.4414 below FCI -1.1373 — HWE ansatz may have left the physical particle-number sector
Iter 0115 | Energy: -1.441411 | Delta: 9.33e-04 | M: 3.1770 | Path: Statevector MPI-distributed (8 ranks)
[RESILIENCE] Iteration 115: Global theta state checkpointed at path checkpoints/checkpoint_iter_0115.npy. 
WARNING: Energy -1.4405 below FCI -1.1373 — HWE ansatz may have left the physical particle-number sector
Iter 0116 | Energy: -1.440494 | Delta: 9.16e-04 | M: 3.8953 | Path: Statevector MPI-distributed (8 ranks)
WARNING: Energy -1.4501 below FCI -1.1373 — HWE ansatz may have left the physical particle-number sector
Iter 0117 | Energy: -1.450053 | Delta: 9.56e-03 | M: 2.3554 | Path: Statevector MPI-distributed (8 ranks)
WARNING: Energy -1.4445 below FCI -1.1373 — HWE ansatz may have left the physical particle-number sector
Iter 0118 | Energy: -1.444515 | Delta: 5.54e-03 | M: 2.9249 | Path: Statevector MPI-distributed (8 ranks)
WARNING: Energy -1.4415 below FCI -1.1373 — HWE ansatz may have left the physical particle-number sector
Iter 0119 | Energy: -1.441496 | Delta: 3.02e-03 | M: 3.3914 | Path: Statevector MPI-distributed (8 ranks)
WARNING: Energy -1.4812 below FCI -1.1373 — HWE ansatz may have left the physical particle-number sector
Iter 0120 | Energy: -1.481206 | Delta: 3.97e-02 | M: 0.6764 | Path: Statevector MPI-distributed (8 ranks)
[RESILIENCE] Iteration 120: Global theta state checkpointed at path checkpoints/checkpoint_iter_0120.npy. 
WARNING: Energy -1.4781 below FCI -1.1373 — HWE ansatz may have left the physical particle-number sector
Iter 0121 | Energy: -1.478111 | Delta: 3.10e-03 | M: 5.2312 | Path: Statevector MPI-distributed (8 ranks)
WARNING: Energy -1.4793 below FCI -1.1373 — HWE ansatz may have left the physical particle-number sector
Iter 0122 | Energy: -1.479347 | Delta: 1.24e-03 | M: 1.5405 | Path: Statevector MPI-distributed (8 ranks)
WARNING: Energy -1.4703 below FCI -1.1373 — HWE ansatz may have left the physical particle-number sector
Iter 0123 | Energy: -1.470258 | Delta: 9.09e-03 | M: 2.2433 | Path: Statevector MPI-distributed (8 ranks)
WARNING: Energy -1.4832 below FCI -1.1373 — HWE ansatz may have left the physical particle-number sector
Iter 0124 | Energy: -1.483196 | Delta: 1.29e-02 | M: 0.8583 | Path: Statevector MPI-distributed (8 ranks)
WARNING: Energy -1.4800 below FCI -1.1373 — HWE ansatz may have left the physical particle-number sector
Iter 0125 | Energy: -1.479989 | Delta: 3.21e-03 | M: 2.0375 | Path: Statevector MPI-distributed (8 ranks)
[RESILIENCE] Iteration 125: Global theta state checkpointed at path checkpoints/checkpoint_iter_0125.npy. 
WARNING: Energy -1.4836 below FCI -1.1373 — HWE ansatz may have left the physical particle-number sector
Iter 0126 | Energy: -1.483631 | Delta: 3.64e-03 | M: 3.8358 | Path: Statevector MPI-distributed (8 ranks)
WARNING: Energy -1.4843 below FCI -1.1373 — HWE ansatz may have left the physical particle-number sector
Iter 0127 | Energy: -1.484296 | Delta: 6.65e-04 | M: 13.5034 | Path: Statevector MPI-distributed (8 ranks)
WARNING: Energy -1.4681 below FCI -1.1373 — HWE ansatz may have left the physical particle-number sector
Iter 0128 | Energy: -1.468085 | Delta: 1.62e-02 | M: 3.2819 | Path: Statevector MPI-distributed (8 ranks)
WARNING: Energy -1.4770 below FCI -1.1373 — HWE ansatz may have left the physical particle-number sector
Iter 0129 | Energy: -1.477017 | Delta: 8.93e-03 | M: 2.7011 | Path: Statevector MPI-distributed (8 ranks)
WARNING: Energy -1.4673 below FCI -1.1373 — HWE ansatz may have left the physical particle-number sector
Iter 0130 | Energy: -1.467297 | Delta: 9.72e-03 | M: 2.6461 | Path: Statevector MPI-distributed (8 ranks)
[RESILIENCE] Iteration 130: Global theta state checkpointed at path checkpoints/checkpoint_iter_0130.npy. 
WARNING: Energy -1.4807 below FCI -1.1373 — HWE ansatz may have left the physical particle-number sector
Iter 0131 | Energy: -1.480657 | Delta: 1.34e-02 | M: 2.7822 | Path: Statevector MPI-distributed (8 ranks)
WARNING: Energy -1.4831 below FCI -1.1373 — HWE ansatz may have left the physical particle-number sector
Iter 0132 | Energy: -1.483118 | Delta: 2.46e-03 | M: 12.8869 | Path: Statevector MPI-distributed (8 ranks)
WARNING: Energy -1.4791 below FCI -1.1373 — HWE ansatz may have left the physical particle-number sector
Iter 0133 | Energy: -1.479069 | Delta: 4.05e-03 | M: 1.3467 | Path: Statevector MPI-distributed (8 ranks)
WARNING: Energy -1.4897 below FCI -1.1373 — HWE ansatz may have left the physical particle-number sector
Iter 0134 | Energy: -1.489677 | Delta: 1.06e-02 | M: 1.5445 | Path: Statevector MPI-distributed (8 ranks)
WARNING: Energy -1.4859 below FCI -1.1373 — HWE ansatz may have left the physical particle-number sector
Iter 0135 | Energy: -1.485867 | Delta: 3.81e-03 | M: 1.2099 | Path: Statevector MPI-distributed (8 ranks)
[RESILIENCE] Iteration 135: Global theta state checkpointed at path checkpoints/checkpoint_iter_0135.npy. 
WARNING: Energy -1.4762 below FCI -1.1373 — HWE ansatz may have left the physical particle-number sector
Iter 0136 | Energy: -1.476209 | Delta: 9.66e-03 | M: 158.9539 | Path: Statevector MPI-distributed (8 ranks)
WARNING: Energy -1.4881 below FCI -1.1373 — HWE ansatz may have left the physical particle-number sector
Iter 0137 | Energy: -1.488133 | Delta: 1.19e-02 | M: 194.9566 | Path: Statevector MPI-distributed (8 ranks)
WARNING: Energy -1.4693 below FCI -1.1373 — HWE ansatz may have left the physical particle-number sector
Iter 0138 | Energy: -1.469252 | Delta: 1.89e-02 | M: 162.8313 | Path: Statevector MPI-distributed (8 ranks)
WARNING: Energy -1.4900 below FCI -1.1373 — HWE ansatz may have left the physical particle-number sector
Iter 0139 | Energy: -1.490022 | Delta: 2.08e-02 | M: 11.0582 | Path: Statevector MPI-distributed (8 ranks)
WARNING: Energy -1.4828 below FCI -1.1373 — HWE ansatz may have left the physical particle-number sector
Iter 0140 | Energy: -1.482809 | Delta: 7.21e-03 | M: 1.1966 | Path: Statevector MPI-distributed (8 ranks)
[RESILIENCE] Iteration 140: Global theta state checkpointed at path checkpoints/checkpoint_iter_0140.npy. 
WARNING: Energy -1.4814 below FCI -1.1373 — HWE ansatz may have left the physical particle-number sector
Iter 0141 | Energy: -1.481435 | Delta: 1.37e-03 | M: 104.5623 | Path: Statevector MPI-distributed (8 ranks)
WARNING: Energy -1.4812 below FCI -1.1373 — HWE ansatz may have left the physical particle-number sector
Iter 0142 | Energy: -1.481223 | Delta: 2.12e-04 | M: 157.6645 | Path: Statevector MPI-distributed (8 ranks)
WARNING: Energy -1.4826 below FCI -1.1373 — HWE ansatz may have left the physical particle-number sector
Iter 0143 | Energy: -1.482650 | Delta: 1.43e-03 | M: 193.0220 | Path: Statevector MPI-distributed (8 ranks)
WARNING: Energy -1.4971 below FCI -1.1373 — HWE ansatz may have left the physical particle-number sector
Iter 0144 | Energy: -1.497068 | Delta: 1.44e-02 | M: 4.0617 | Path: Statevector MPI-distributed (8 ranks)
WARNING: Energy -1.4935 below FCI -1.1373 — HWE ansatz may have left the physical particle-number sector
Iter 0145 | Energy: -1.493479 | Delta: 3.59e-03 | M: 1.5076 | Path: Statevector MPI-distributed (8 ranks)
[RESILIENCE] Iteration 145: Global theta state checkpointed at path checkpoints/checkpoint_iter_0145.npy. 
WARNING: Energy -1.4898 below FCI -1.1373 — HWE ansatz may have left the physical particle-number sector
Iter 0146 | Energy: -1.489790 | Delta: 3.69e-03 | M: 14.1504 | Path: Statevector MPI-distributed (8 ranks)
WARNING: Energy -1.4941 below FCI -1.1373 — HWE ansatz may have left the physical particle-number sector
Iter 0147 | Energy: -1.494101 | Delta: 4.31e-03 | M: 144.5263 | Path: Statevector MPI-distributed (8 ranks)
WARNING: Energy -1.4954 below FCI -1.1373 — HWE ansatz may have left the physical particle-number sector
Iter 0148 | Energy: -1.495373 | Delta: 1.27e-03 | M: 124.1276 | Path: Statevector MPI-distributed (8 ranks)
WARNING: Energy -1.5008 below FCI -1.1373 — HWE ansatz may have left the physical particle-number sector
Iter 0149 | Energy: -1.500766 | Delta: 5.39e-03 | M: 173.6028 | Path: Statevector MPI-distributed (8 ranks)
WARNING: Energy -1.4844 below FCI -1.1373 — HWE ansatz may have left the physical particle-number sector
Iter 0150 | Energy: -1.484386 | Delta: 1.64e-02 | M: 60.0128 | Path: Statevector MPI-distributed (8 ranks)
[RESILIENCE] Iteration 150: Global theta state checkpointed at path checkpoints/checkpoint_iter_0150.npy. 
WARNING: Energy -1.4789 below FCI -1.1373 — HWE ansatz may have left the physical particle-number sector
Iter 0151 | Energy: -1.478860 | Delta: 5.53e-03 | M: 7.9640 | Path: Statevector MPI-distributed (8 ranks)
WARNING: Energy -1.4907 below FCI -1.1373 — HWE ansatz may have left the physical particle-number sector
Iter 0152 | Energy: -1.490699 | Delta: 1.18e-02 | M: 15.7813 | Path: Statevector MPI-distributed (8 ranks)
WARNING: Energy -1.5011 below FCI -1.1373 — HWE ansatz may have left the physical particle-number sector
Iter 0153 | Energy: -1.501147 | Delta: 1.04e-02 | M: 11.7111 | Path: Statevector MPI-distributed (8 ranks)
WARNING: Energy -1.4896 below FCI -1.1373 — HWE ansatz may have left the physical particle-number sector
Iter 0154 | Energy: -1.489593 | Delta: 1.16e-02 | M: 146.5688 | Path: Statevector MPI-distributed (8 ranks)
WARNING: Energy -1.5031 below FCI -1.1373 — HWE ansatz may have left the physical particle-number sector
Iter 0155 | Energy: -1.503070 | Delta: 1.35e-02 | M: 12.4396 | Path: Statevector MPI-distributed (8 ranks)
[RESILIENCE] Iteration 155: Global theta state checkpointed at path checkpoints/checkpoint_iter_0155.npy. 
WARNING: Energy -1.5002 below FCI -1.1373 — HWE ansatz may have left the physical particle-number sector
Iter 0156 | Energy: -1.500154 | Delta: 2.92e-03 | M: 3.8381 | Path: Statevector MPI-distributed (8 ranks)
WARNING: Energy -1.5010 below FCI -1.1373 — HWE ansatz may have left the physical particle-number sector
Iter 0157 | Energy: -1.500997 | Delta: 8.44e-04 | M: 6.2791 | Path: Statevector MPI-distributed (8 ranks)
WARNING: Energy -1.4988 below FCI -1.1373 — HWE ansatz may have left the physical particle-number sector
Iter 0158 | Energy: -1.498826 | Delta: 2.17e-03 | M: 136.5660 | Path: Statevector MPI-distributed (8 ranks)
WARNING: Energy -1.5069 below FCI -1.1373 — HWE ansatz may have left the physical particle-number sector
Iter 0159 | Energy: -1.506851 | Delta: 8.02e-03 | M: 13.4655 | Path: Statevector MPI-distributed (8 ranks)
WARNING: Energy -1.5130 below FCI -1.1373 — HWE ansatz may have left the physical particle-number sector
Iter 0160 | Energy: -1.512957 | Delta: 6.11e-03 | M: 147.7550 | Path: Statevector MPI-distributed (8 ranks)
[RESILIENCE] Iteration 160: Global theta state checkpointed at path checkpoints/checkpoint_iter_0160.npy. 
WARNING: Energy -1.5118 below FCI -1.1373 — HWE ansatz may have left the physical particle-number sector
Iter 0161 | Energy: -1.511754 | Delta: 1.20e-03 | M: 142.6458 | Path: Statevector MPI-distributed (8 ranks)
WARNING: Energy -1.5100 below FCI -1.1373 — HWE ansatz may have left the physical particle-number sector
Iter 0162 | Energy: -1.510000 | Delta: 1.75e-03 | M: 15.9180 | Path: Statevector MPI-distributed (8 ranks)
WARNING: Energy -1.5005 below FCI -1.1373 — HWE ansatz may have left the physical particle-number sector
Iter 0163 | Energy: -1.500516 | Delta: 9.48e-03 | M: 144.8818 | Path: Statevector MPI-distributed (8 ranks)
WARNING: Energy -1.5069 below FCI -1.1373 — HWE ansatz may have left the physical particle-number sector
Iter 0164 | Energy: -1.506862 | Delta: 6.35e-03 | M: 1.8975 | Path: Statevector MPI-distributed (8 ranks)
WARNING: Energy -1.5142 below FCI -1.1373 — HWE ansatz may have left the physical particle-number sector
Iter 0165 | Energy: -1.514193 | Delta: 7.33e-03 | M: 3.3056 | Path: Statevector MPI-distributed (8 ranks)
[RESILIENCE] Iteration 165: Global theta state checkpointed at path checkpoints/checkpoint_iter_0165.npy. 
WARNING: Energy -1.5147 below FCI -1.1373 — HWE ansatz may have left the physical particle-number sector
Iter 0166 | Energy: -1.514725 | Delta: 5.32e-04 | M: 1.1986 | Path: Statevector MPI-distributed (8 ranks)
WARNING: Energy -1.5160 below FCI -1.1373 — HWE ansatz may have left the physical particle-number sector
Iter 0167 | Energy: -1.516011 | Delta: 1.29e-03 | M: 1.5264 | Path: Statevector MPI-distributed (8 ranks)
WARNING: Energy -1.5160 below FCI -1.1373 — HWE ansatz may have left the physical particle-number sector
Iter 0168 | Energy: -1.516037 | Delta: 2.63e-05 | M: 0.6802 | Path: Statevector MPI-distributed (8 ranks)
WARNING: Energy -1.5017 below FCI -1.1373 — HWE ansatz may have left the physical particle-number sector
Iter 0169 | Energy: -1.501731 | Delta: 1.43e-02 | M: 0.6164 | Path: Statevector MPI-distributed (8 ranks)
WARNING: Energy -1.5153 below FCI -1.1373 — HWE ansatz may have left the physical particle-number sector
Iter 0170 | Energy: -1.515326 | Delta: 1.36e-02 | M: 31.0207 | Path: Statevector MPI-distributed (8 ranks)
[RESILIENCE] Iteration 170: Global theta state checkpointed at path checkpoints/checkpoint_iter_0170.npy. 
WARNING: Energy -1.5109 below FCI -1.1373 — HWE ansatz may have left the physical particle-number sector
Iter 0171 | Energy: -1.510912 | Delta: 4.41e-03 | M: 5.8614 | Path: Statevector MPI-distributed (8 ranks)
WARNING: Energy -1.5146 below FCI -1.1373 — HWE ansatz may have left the physical particle-number sector
Iter 0172 | Energy: -1.514617 | Delta: 3.71e-03 | M: 2.2239 | Path: Statevector MPI-distributed (8 ranks)
WARNING: Energy -1.5164 below FCI -1.1373 — HWE ansatz may have left the physical particle-number sector
Iter 0173 | Energy: -1.516350 | Delta: 1.73e-03 | M: 2.1344 | Path: Statevector MPI-distributed (8 ranks)
WARNING: Energy -1.5236 below FCI -1.1373 — HWE ansatz may have left the physical particle-number sector
Iter 0174 | Energy: -1.523614 | Delta: 7.26e-03 | M: 1.9287 | Path: Statevector MPI-distributed (8 ranks)
WARNING: Energy -1.5223 below FCI -1.1373 — HWE ansatz may have left the physical particle-number sector
Iter 0175 | Energy: -1.522254 | Delta: 1.36e-03 | M: 2.6824 | Path: Statevector MPI-distributed (8 ranks)
[RESILIENCE] Iteration 175: Global theta state checkpointed at path checkpoints/checkpoint_iter_0175.npy. 
WARNING: Energy -1.5203 below FCI -1.1373 — HWE ansatz may have left the physical particle-number sector
Iter 0176 | Energy: -1.520280 | Delta: 1.97e-03 | M: 7.5665 | Path: Statevector MPI-distributed (8 ranks)
WARNING: Energy -1.5262 below FCI -1.1373 — HWE ansatz may have left the physical particle-number sector
Iter 0177 | Energy: -1.526165 | Delta: 5.88e-03 | M: 2.6761 | Path: Statevector MPI-distributed (8 ranks)
WARNING: Energy -1.5140 below FCI -1.1373 — HWE ansatz may have left the physical particle-number sector
Iter 0178 | Energy: -1.513962 | Delta: 1.22e-02 | M: 2.9455 | Path: Statevector MPI-distributed (8 ranks)
WARNING: Energy -1.5314 below FCI -1.1373 — HWE ansatz may have left the physical particle-number sector
Iter 0179 | Energy: -1.531388 | Delta: 1.74e-02 | M: 4.7621 | Path: Statevector MPI-distributed (8 ranks)
WARNING: Energy -1.5289 below FCI -1.1373 — HWE ansatz may have left the physical particle-number sector
Iter 0180 | Energy: -1.528908 | Delta: 2.48e-03 | M: 2.6249 | Path: Statevector MPI-distributed (8 ranks)
[RESILIENCE] Iteration 180: Global theta state checkpointed at path checkpoints/checkpoint_iter_0180.npy. 
WARNING: Energy -1.5294 below FCI -1.1373 — HWE ansatz may have left the physical particle-number sector
Iter 0181 | Energy: -1.529446 | Delta: 5.38e-04 | M: 3.6257 | Path: Statevector MPI-distributed (8 ranks)
WARNING: Energy -1.5280 below FCI -1.1373 — HWE ansatz may have left the physical particle-number sector
Iter 0182 | Energy: -1.527987 | Delta: 1.46e-03 | M: 3.2212 | Path: Statevector MPI-distributed (8 ranks)
WARNING: Energy -1.5324 below FCI -1.1373 — HWE ansatz may have left the physical particle-number sector
Iter 0183 | Energy: -1.532450 | Delta: 4.46e-03 | M: 3.3982 | Path: Statevector MPI-distributed (8 ranks)
WARNING: Energy -1.5302 below FCI -1.1373 — HWE ansatz may have left the physical particle-number sector
Iter 0184 | Energy: -1.530180 | Delta: 2.27e-03 | M: 3.3592 | Path: Statevector MPI-distributed (8 ranks)
WARNING: Energy -1.5317 below FCI -1.1373 — HWE ansatz may have left the physical particle-number sector
Iter 0185 | Energy: -1.531689 | Delta: 1.51e-03 | M: 3.7951 | Path: Statevector MPI-distributed (8 ranks)
[RESILIENCE] Iteration 185: Global theta state checkpointed at path checkpoints/checkpoint_iter_0185.npy. 
WARNING: Energy -1.5329 below FCI -1.1373 — HWE ansatz may have left the physical particle-number sector
Iter 0186 | Energy: -1.532890 | Delta: 1.20e-03 | M: 5.8294 | Path: Statevector MPI-distributed (8 ranks)
WARNING: Energy -1.5386 below FCI -1.1373 — HWE ansatz may have left the physical particle-number sector
Iter 0187 | Energy: -1.538557 | Delta: 5.67e-03 | M: 3.2737 | Path: Statevector MPI-distributed (8 ranks)
WARNING: Energy -1.5249 below FCI -1.1373 — HWE ansatz may have left the physical particle-number sector
Iter 0188 | Energy: -1.524888 | Delta: 1.37e-02 | M: 2.7392 | Path: Statevector MPI-distributed (8 ranks)
WARNING: Energy -1.5227 below FCI -1.1373 — HWE ansatz may have left the physical particle-number sector
Iter 0189 | Energy: -1.522738 | Delta: 2.15e-03 | M: 2.3572 | Path: Statevector MPI-distributed (8 ranks)
WARNING: Energy -1.5271 below FCI -1.1373 — HWE ansatz may have left the physical particle-number sector
Iter 0190 | Energy: -1.527130 | Delta: 4.39e-03 | M: 4.1099 | Path: Statevector MPI-distributed (8 ranks)
[RESILIENCE] Iteration 190: Global theta state checkpointed at path checkpoints/checkpoint_iter_0190.npy. 
WARNING: Energy -1.5343 below FCI -1.1373 — HWE ansatz may have left the physical particle-number sector
Iter 0191 | Energy: -1.534327 | Delta: 7.20e-03 | M: 5.4676 | Path: Statevector MPI-distributed (8 ranks)
WARNING: Energy -1.5381 below FCI -1.1373 — HWE ansatz may have left the physical particle-number sector
Iter 0192 | Energy: -1.538081 | Delta: 3.75e-03 | M: 4.7468 | Path: Statevector MPI-distributed (8 ranks)
WARNING: Energy -1.5252 below FCI -1.1373 — HWE ansatz may have left the physical particle-number sector
Iter 0193 | Energy: -1.525181 | Delta: 1.29e-02 | M: 3.7232 | Path: Statevector MPI-distributed (8 ranks)
WARNING: Energy -1.5408 below FCI -1.1373 — HWE ansatz may have left the physical particle-number sector
Iter 0194 | Energy: -1.540793 | Delta: 1.56e-02 | M: 2.5476 | Path: Statevector MPI-distributed (8 ranks)
WARNING: Energy -1.5246 below FCI -1.1373 — HWE ansatz may have left the physical particle-number sector
Iter 0195 | Energy: -1.524597 | Delta: 1.62e-02 | M: 3.0969 | Path: Statevector MPI-distributed (8 ranks)
[RESILIENCE] Iteration 195: Global theta state checkpointed at path checkpoints/checkpoint_iter_0195.npy. 
WARNING: Energy -1.5397 below FCI -1.1373 — HWE ansatz may have left the physical particle-number sector
Iter 0196 | Energy: -1.539683 | Delta: 1.51e-02 | M: 113.8170 | Path: Statevector MPI-distributed (8 ranks)
WARNING: Energy -1.5347 below FCI -1.1373 — HWE ansatz may have left the physical particle-number sector
Iter 0197 | Energy: -1.534716 | Delta: 4.97e-03 | M: 7.3569 | Path: Statevector MPI-distributed (8 ranks)
WARNING: Energy -1.5283 below FCI -1.1373 — HWE ansatz may have left the physical particle-number sector
Iter 0198 | Energy: -1.528346 | Delta: 6.37e-03 | M: 89.3711 | Path: Statevector MPI-distributed (8 ranks)
WARNING: Energy -1.5322 below FCI -1.1373 — HWE ansatz may have left the physical particle-number sector
Iter 0199 | Energy: -1.532200 | Delta: 3.85e-03 | M: 131.8173 | Path: Statevector MPI-distributed (8 ranks)
WARNING: Energy -1.5436 below FCI -1.1373 — HWE ansatz may have left the physical particle-number sector
Iter 0200 | Energy: -1.543610 | Delta: 1.14e-02 | M: 129.9769 | Path: Statevector MPI-distributed (8 ranks)
[RESILIENCE] Iteration 200: Global theta state checkpointed at path checkpoints/checkpoint_iter_0200.npy. 
WARNING: Energy -1.5447 below FCI -1.1373 — HWE ansatz may have left the physical particle-number sector
Iter 0201 | Energy: -1.544691 | Delta: 1.08e-03 | M: 116.1344 | Path: Statevector MPI-distributed (8 ranks)
WARNING: Energy -1.5445 below FCI -1.1373 — HWE ansatz may have left the physical particle-number sector
Iter 0202 | Energy: -1.544479 | Delta: 2.11e-04 | M: 9.6559 | Path: Statevector MPI-distributed (8 ranks)
WARNING: Energy -1.5411 below FCI -1.1373 — HWE ansatz may have left the physical particle-number sector
Iter 0203 | Energy: -1.541111 | Delta: 3.37e-03 | M: 15.6928 | Path: Statevector MPI-distributed (8 ranks)
WARNING: Energy -1.5463 below FCI -1.1373 — HWE ansatz may have left the physical particle-number sector
Iter 0204 | Energy: -1.546272 | Delta: 5.16e-03 | M: 163.8873 | Path: Statevector MPI-distributed (8 ranks)
WARNING: Energy -1.5475 below FCI -1.1373 — HWE ansatz may have left the physical particle-number sector
Iter 0205 | Energy: -1.547480 | Delta: 1.21e-03 | M: 18.5274 | Path: Statevector MPI-distributed (8 ranks)
[RESILIENCE] Iteration 205: Global theta state checkpointed at path checkpoints/checkpoint_iter_0205.npy. 
WARNING: Energy -1.5460 below FCI -1.1373 — HWE ansatz may have left the physical particle-number sector
Iter 0206 | Energy: -1.545968 | Delta: 1.51e-03 | M: 145.1503 | Path: Statevector MPI-distributed (8 ranks)
WARNING: Energy -1.5317 below FCI -1.1373 — HWE ansatz may have left the physical particle-number sector
Iter 0207 | Energy: -1.531735 | Delta: 1.42e-02 | M: 9.4423 | Path: Statevector MPI-distributed (8 ranks)
WARNING: Energy -1.5340 below FCI -1.1373 — HWE ansatz may have left the physical particle-number sector
Iter 0208 | Energy: -1.533978 | Delta: 2.24e-03 | M: 134.4339 | Path: Statevector MPI-distributed (8 ranks)
WARNING: Energy -1.5509 below FCI -1.1373 — HWE ansatz may have left the physical particle-number sector
Iter 0209 | Energy: -1.550905 | Delta: 1.69e-02 | M: 154.0337 | Path: Statevector MPI-distributed (8 ranks)
WARNING: Energy -1.5537 below FCI -1.1373 — HWE ansatz may have left the physical particle-number sector
Iter 0210 | Energy: -1.553747 | Delta: 2.84e-03 | M: 13.4291 | Path: Statevector MPI-distributed (8 ranks)
[RESILIENCE] Iteration 210: Global theta state checkpointed at path checkpoints/checkpoint_iter_0210.npy. 
WARNING: Energy -1.5441 below FCI -1.1373 — HWE ansatz may have left the physical particle-number sector
Iter 0211 | Energy: -1.544139 | Delta: 9.61e-03 | M: 139.2734 | Path: Statevector MPI-distributed (8 ranks)
WARNING: Energy -1.5468 below FCI -1.1373 — HWE ansatz may have left the physical particle-number sector
Iter 0212 | Energy: -1.546808 | Delta: 2.67e-03 | M: 12.0718 | Path: Statevector MPI-distributed (8 ranks)
WARNING: Energy -1.5381 below FCI -1.1373 — HWE ansatz may have left the physical particle-number sector
Iter 0213 | Energy: -1.538057 | Delta: 8.75e-03 | M: 10.4798 | Path: Statevector MPI-distributed (8 ranks)
WARNING: Energy -1.5518 below FCI -1.1373 — HWE ansatz may have left the physical particle-number sector
Iter 0214 | Energy: -1.551806 | Delta: 1.37e-02 | M: 122.2675 | Path: Statevector MPI-distributed (8 ranks)
WARNING: Energy -1.5530 below FCI -1.1373 — HWE ansatz may have left the physical particle-number sector
Iter 0215 | Energy: -1.552985 | Delta: 1.18e-03 | M: 127.2540 | Path: Statevector MPI-distributed (8 ranks)
[RESILIENCE] Iteration 215: Global theta state checkpointed at path checkpoints/checkpoint_iter_0215.npy. 
WARNING: Energy -1.5465 below FCI -1.1373 — HWE ansatz may have left the physical particle-number sector
Iter 0216 | Energy: -1.546540 | Delta: 6.44e-03 | M: 150.8922 | Path: Statevector MPI-distributed (8 ranks)
WARNING: Energy -1.5529 below FCI -1.1373 — HWE ansatz may have left the physical particle-number sector
Iter 0217 | Energy: -1.552857 | Delta: 6.32e-03 | M: 15.1380 | Path: Statevector MPI-distributed (8 ranks)
WARNING: Energy -1.5499 below FCI -1.1373 — HWE ansatz may have left the physical particle-number sector
Iter 0218 | Energy: -1.549869 | Delta: 2.99e-03 | M: 145.2982 | Path: Statevector MPI-distributed (8 ranks)
WARNING: Energy -1.5484 below FCI -1.1373 — HWE ansatz may have left the physical particle-number sector
Iter 0219 | Energy: -1.548400 | Delta: 1.47e-03 | M: 183.2752 | Path: Statevector MPI-distributed (8 ranks)
WARNING: Energy -1.5564 below FCI -1.1373 — HWE ansatz may have left the physical particle-number sector
Iter 0220 | Energy: -1.556393 | Delta: 7.99e-03 | M: 148.3071 | Path: Statevector MPI-distributed (8 ranks)
[RESILIENCE] Iteration 220: Global theta state checkpointed at path checkpoints/checkpoint_iter_0220.npy. 
WARNING: Energy -1.5501 below FCI -1.1373 — HWE ansatz may have left the physical particle-number sector
Iter 0221 | Energy: -1.550134 | Delta: 6.26e-03 | M: 150.3110 | Path: Statevector MPI-distributed (8 ranks)
WARNING: Energy -1.5572 below FCI -1.1373 — HWE ansatz may have left the physical particle-number sector
Iter 0222 | Energy: -1.557242 | Delta: 7.11e-03 | M: 124.8437 | Path: Statevector MPI-distributed (8 ranks)
WARNING: Energy -1.5621 below FCI -1.1373 — HWE ansatz may have left the physical particle-number sector
Iter 0223 | Energy: -1.562093 | Delta: 4.85e-03 | M: 32.7338 | Path: Statevector MPI-distributed (8 ranks)
WARNING: Energy -1.5591 below FCI -1.1373 — HWE ansatz may have left the physical particle-number sector
Iter 0224 | Energy: -1.559129 | Delta: 2.96e-03 | M: 136.4798 | Path: Statevector MPI-distributed (8 ranks)
WARNING: Energy -1.5589 below FCI -1.1373 — HWE ansatz may have left the physical particle-number sector
Iter 0225 | Energy: -1.558943 | Delta: 1.86e-04 | M: 7.5289 | Path: Statevector MPI-distributed (8 ranks)
[RESILIENCE] Iteration 225: Global theta state checkpointed at path checkpoints/checkpoint_iter_0225.npy. 
WARNING: Energy -1.5599 below FCI -1.1373 — HWE ansatz may have left the physical particle-number sector
Iter 0226 | Energy: -1.559890 | Delta: 9.48e-04 | M: 9.2895 | Path: Statevector MPI-distributed (8 ranks)
WARNING: Energy -1.5554 below FCI -1.1373 — HWE ansatz may have left the physical particle-number sector
Iter 0227 | Energy: -1.555445 | Delta: 4.45e-03 | M: 165.9356 | Path: Statevector MPI-distributed (8 ranks)
WARNING: Energy -1.5550 below FCI -1.1373 — HWE ansatz may have left the physical particle-number sector
Iter 0228 | Energy: -1.555015 | Delta: 4.29e-04 | M: 8.7495 | Path: Statevector MPI-distributed (8 ranks)
WARNING: Energy -1.5700 below FCI -1.1373 — HWE ansatz may have left the physical particle-number sector
Iter 0229 | Energy: -1.570043 | Delta: 1.50e-02 | M: 3.3212 | Path: Statevector MPI-distributed (8 ranks)
WARNING: Energy -1.5662 below FCI -1.1373 — HWE ansatz may have left the physical particle-number sector
Iter 0230 | Energy: -1.566221 | Delta: 3.82e-03 | M: 2.4318 | Path: Statevector MPI-distributed (8 ranks)
[RESILIENCE] Iteration 230: Global theta state checkpointed at path checkpoints/checkpoint_iter_0230.npy. 
WARNING: Energy -1.5701 below FCI -1.1373 — HWE ansatz may have left the physical particle-number sector
Iter 0231 | Energy: -1.570069 | Delta: 3.85e-03 | M: 33.8816 | Path: Statevector MPI-distributed (8 ranks)
WARNING: Energy -1.5613 below FCI -1.1373 — HWE ansatz may have left the physical particle-number sector
Iter 0232 | Energy: -1.561343 | Delta: 8.73e-03 | M: 31.6482 | Path: Statevector MPI-distributed (8 ranks)
WARNING: Energy -1.5736 below FCI -1.1373 — HWE ansatz may have left the physical particle-number sector
Iter 0233 | Energy: -1.573590 | Delta: 1.22e-02 | M: 4.6286 | Path: Statevector MPI-distributed (8 ranks)
WARNING: Energy -1.5694 below FCI -1.1373 — HWE ansatz may have left the physical particle-number sector
Iter 0234 | Energy: -1.569364 | Delta: 4.23e-03 | M: 47.8027 | Path: Statevector MPI-distributed (8 ranks)
WARNING: Energy -1.5736 below FCI -1.1373 — HWE ansatz may have left the physical particle-number sector
Iter 0235 | Energy: -1.573588 | Delta: 4.22e-03 | M: 176.7728 | Path: Statevector MPI-distributed (8 ranks)
[RESILIENCE] Iteration 235: Global theta state checkpointed at path checkpoints/checkpoint_iter_0235.npy. 
WARNING: Energy -1.5671 below FCI -1.1373 — HWE ansatz may have left the physical particle-number sector
Iter 0236 | Energy: -1.567111 | Delta: 6.48e-03 | M: 170.1178 | Path: Statevector MPI-distributed (8 ranks)
WARNING: Energy -1.5585 below FCI -1.1373 — HWE ansatz may have left the physical particle-number sector
Iter 0237 | Energy: -1.558452 | Delta: 8.66e-03 | M: 179.3878 | Path: Statevector MPI-distributed (8 ranks)
WARNING: Energy -1.5764 below FCI -1.1373 — HWE ansatz may have left the physical particle-number sector
Iter 0238 | Energy: -1.576438 | Delta: 1.80e-02 | M: 166.8819 | Path: Statevector MPI-distributed (8 ranks)
WARNING: Energy -1.5768 below FCI -1.1373 — HWE ansatz may have left the physical particle-number sector
Iter 0239 | Energy: -1.576752 | Delta: 3.14e-04 | M: 158.4852 | Path: Statevector MPI-distributed (8 ranks)
WARNING: Energy -1.5653 below FCI -1.1373 — HWE ansatz may have left the physical particle-number sector
Iter 0240 | Energy: -1.565272 | Delta: 1.15e-02 | M: 158.9150 | Path: Statevector MPI-distributed (8 ranks)
[RESILIENCE] Iteration 240: Global theta state checkpointed at path checkpoints/checkpoint_iter_0240.npy. 
WARNING: Energy -1.5563 below FCI -1.1373 — HWE ansatz may have left the physical particle-number sector
Iter 0241 | Energy: -1.556344 | Delta: 8.93e-03 | M: 254.5236 | Path: Statevector MPI-distributed (8 ranks)
WARNING: Energy -1.5795 below FCI -1.1373 — HWE ansatz may have left the physical particle-number sector
Iter 0242 | Energy: -1.579495 | Delta: 2.32e-02 | M: 12.2483 | Path: Statevector MPI-distributed (8 ranks)
WARNING: Energy -1.5810 below FCI -1.1373 — HWE ansatz may have left the physical particle-number sector
Iter 0243 | Energy: -1.581049 | Delta: 1.55e-03 | M: 18.2362 | Path: Statevector MPI-distributed (8 ranks)
WARNING: Energy -1.5807 below FCI -1.1373 — HWE ansatz may have left the physical particle-number sector
Iter 0244 | Energy: -1.580701 | Delta: 3.49e-04 | M: 103.9594 | Path: Statevector MPI-distributed (8 ranks)
WARNING: Energy -1.5791 below FCI -1.1373 — HWE ansatz may have left the physical particle-number sector
Iter 0245 | Energy: -1.579055 | Delta: 1.65e-03 | M: 136.8326 | Path: Statevector MPI-distributed (8 ranks)
[RESILIENCE] Iteration 245: Global theta state checkpointed at path checkpoints/checkpoint_iter_0245.npy. 
WARNING: Energy -1.5805 below FCI -1.1373 — HWE ansatz may have left the physical particle-number sector
Iter 0246 | Energy: -1.580525 | Delta: 1.47e-03 | M: 14.3493 | Path: Statevector MPI-distributed (8 ranks)
WARNING: Energy -1.5711 below FCI -1.1373 — HWE ansatz may have left the physical particle-number sector
Iter 0247 | Energy: -1.571132 | Delta: 9.39e-03 | M: 8.3772 | Path: Statevector MPI-distributed (8 ranks)
WARNING: Energy -1.5834 below FCI -1.1373 — HWE ansatz may have left the physical particle-number sector
Iter 0248 | Energy: -1.583385 | Delta: 1.23e-02 | M: 139.3433 | Path: Statevector MPI-distributed (8 ranks)
WARNING: Energy -1.5804 below FCI -1.1373 — HWE ansatz may have left the physical particle-number sector
Iter 0249 | Energy: -1.580448 | Delta: 2.94e-03 | M: 158.9753 | Path: Statevector MPI-distributed (8 ranks)
WARNING: Energy -1.5864 below FCI -1.1373 — HWE ansatz may have left the physical particle-number sector
Iter 0250 | Energy: -1.586366 | Delta: 5.92e-03 | M: 134.7844 | Path: Statevector MPI-distributed (8 ranks)
[RESILIENCE] Iteration 250: Global theta state checkpointed at path checkpoints/checkpoint_iter_0250.npy. 
WARNING: Energy -1.5848 below FCI -1.1373 — HWE ansatz may have left the physical particle-number sector
Iter 0251 | Energy: -1.584762 | Delta: 1.60e-03 | M: 23.2599 | Path: Statevector MPI-distributed (8 ranks)
WARNING: Energy -1.5773 below FCI -1.1373 — HWE ansatz may have left the physical particle-number sector
Iter 0252 | Energy: -1.577338 | Delta: 7.42e-03 | M: 10.2454 | Path: Statevector MPI-distributed (8 ranks)
WARNING: Energy -1.5713 below FCI -1.1373 — HWE ansatz may have left the physical particle-number sector
Iter 0253 | Energy: -1.571278 | Delta: 6.06e-03 | M: 1.3300 | Path: Statevector MPI-distributed (8 ranks)
WARNING: Energy -1.5814 below FCI -1.1373 — HWE ansatz may have left the physical particle-number sector
Iter 0254 | Energy: -1.581428 | Delta: 1.01e-02 | M: 1.0279 | Path: Statevector MPI-distributed (8 ranks)
WARNING: Energy -1.5692 below FCI -1.1373 — HWE ansatz may have left the physical particle-number sector
Iter 0255 | Energy: -1.569232 | Delta: 1.22e-02 | M: 0.9616 | Path: Statevector MPI-distributed (8 ranks)
[RESILIENCE] Iteration 255: Global theta state checkpointed at path checkpoints/checkpoint_iter_0255.npy. 
WARNING: Energy -1.5761 below FCI -1.1373 — HWE ansatz may have left the physical particle-number sector
Iter 0256 | Energy: -1.576125 | Delta: 6.89e-03 | M: 0.9709 | Path: Statevector MPI-distributed (8 ranks)
WARNING: Energy -1.5799 below FCI -1.1373 — HWE ansatz may have left the physical particle-number sector
Iter 0257 | Energy: -1.579918 | Delta: 3.79e-03 | M: 8.8602 | Path: Statevector MPI-distributed (8 ranks)
WARNING: Energy -1.5848 below FCI -1.1373 — HWE ansatz may have left the physical particle-number sector
Iter 0258 | Energy: -1.584776 | Delta: 4.86e-03 | M: 6.5095 | Path: Statevector MPI-distributed (8 ranks)
WARNING: Energy -1.5848 below FCI -1.1373 — HWE ansatz may have left the physical particle-number sector
Iter 0259 | Energy: -1.584763 | Delta: 1.36e-05 | M: 31.5076 | Path: Statevector MPI-distributed (8 ranks)
WARNING: Energy -1.5922 below FCI -1.1373 — HWE ansatz may have left the physical particle-number sector
Iter 0260 | Energy: -1.592150 | Delta: 7.39e-03 | M: 3.8449 | Path: Statevector MPI-distributed (8 ranks)
[RESILIENCE] Iteration 260: Global theta state checkpointed at path checkpoints/checkpoint_iter_0260.npy. 
WARNING: Energy -1.5897 below FCI -1.1373 — HWE ansatz may have left the physical particle-number sector
Iter 0261 | Energy: -1.589694 | Delta: 2.46e-03 | M: 178.8237 | Path: Statevector MPI-distributed (8 ranks)
WARNING: Energy -1.5811 below FCI -1.1373 — HWE ansatz may have left the physical particle-number sector
Iter 0262 | Energy: -1.581122 | Delta: 8.57e-03 | M: 167.0275 | Path: Statevector MPI-distributed (8 ranks)
WARNING: Energy -1.5920 below FCI -1.1373 — HWE ansatz may have left the physical particle-number sector
Iter 0263 | Energy: -1.592048 | Delta: 1.09e-02 | M: 40.8936 | Path: Statevector MPI-distributed (8 ranks)
WARNING: Energy -1.5905 below FCI -1.1373 — HWE ansatz may have left the physical particle-number sector
Iter 0264 | Energy: -1.590502 | Delta: 1.55e-03 | M: 151.7147 | Path: Statevector MPI-distributed (8 ranks)
WARNING: Energy -1.5754 below FCI -1.1373 — HWE ansatz may have left the physical particle-number sector
Iter 0265 | Energy: -1.575399 | Delta: 1.51e-02 | M: 11.0677 | Path: Statevector MPI-distributed (8 ranks)
[RESILIENCE] Iteration 265: Global theta state checkpointed at path checkpoints/checkpoint_iter_0265.npy. 
WARNING: Energy -1.5818 below FCI -1.1373 — HWE ansatz may have left the physical particle-number sector
Iter 0266 | Energy: -1.581833 | Delta: 6.43e-03 | M: 163.4408 | Path: Statevector MPI-distributed (8 ranks)
WARNING: Energy -1.5926 below FCI -1.1373 — HWE ansatz may have left the physical particle-number sector
Iter 0267 | Energy: -1.592559 | Delta: 1.07e-02 | M: 131.7718 | Path: Statevector MPI-distributed (8 ranks)
WARNING: Energy -1.5936 below FCI -1.1373 — HWE ansatz may have left the physical particle-number sector
Iter 0268 | Energy: -1.593619 | Delta: 1.06e-03 | M: 21.0319 | Path: Statevector MPI-distributed (8 ranks)
WARNING: Energy -1.5957 below FCI -1.1373 — HWE ansatz may have left the physical particle-number sector
Iter 0269 | Energy: -1.595696 | Delta: 2.08e-03 | M: 34.0460 | Path: Statevector MPI-distributed (8 ranks)
WARNING: Energy -1.5808 below FCI -1.1373 — HWE ansatz may have left the physical particle-number sector
Iter 0270 | Energy: -1.580805 | Delta: 1.49e-02 | M: 25.1695 | Path: Statevector MPI-distributed (8 ranks)
[RESILIENCE] Iteration 270: Global theta state checkpointed at path checkpoints/checkpoint_iter_0270.npy. 
WARNING: Energy -1.5962 below FCI -1.1373 — HWE ansatz may have left the physical particle-number sector
Iter 0271 | Energy: -1.596185 | Delta: 1.54e-02 | M: 18.5471 | Path: Statevector MPI-distributed (8 ranks)
WARNING: Energy -1.5820 below FCI -1.1373 — HWE ansatz may have left the physical particle-number sector
Iter 0272 | Energy: -1.581983 | Delta: 1.42e-02 | M: 171.0686 | Path: Statevector MPI-distributed (8 ranks)
WARNING: Energy -1.5841 below FCI -1.1373 — HWE ansatz may have left the physical particle-number sector
Iter 0273 | Energy: -1.584120 | Delta: 2.14e-03 | M: 181.6718 | Path: Statevector MPI-distributed (8 ranks)
WARNING: Energy -1.5859 below FCI -1.1373 — HWE ansatz may have left the physical particle-number sector
Iter 0274 | Energy: -1.585914 | Delta: 1.79e-03 | M: 27.5998 | Path: Statevector MPI-distributed (8 ranks)
WARNING: Energy -1.5962 below FCI -1.1373 — HWE ansatz may have left the physical particle-number sector
Iter 0275 | Energy: -1.596243 | Delta: 1.03e-02 | M: 161.9346 | Path: Statevector MPI-distributed (8 ranks)
[RESILIENCE] Iteration 275: Global theta state checkpointed at path checkpoints/checkpoint_iter_0275.npy. 
WARNING: Energy -1.5938 below FCI -1.1373 — HWE ansatz may have left the physical particle-number sector
Iter 0276 | Energy: -1.593815 | Delta: 2.43e-03 | M: 183.4635 | Path: Statevector MPI-distributed (8 ranks)
WARNING: Energy -1.5830 below FCI -1.1373 — HWE ansatz may have left the physical particle-number sector
Iter 0277 | Energy: -1.582981 | Delta: 1.08e-02 | M: 9.6205 | Path: Statevector MPI-distributed (8 ranks)
WARNING: Energy -1.5958 below FCI -1.1373 — HWE ansatz may have left the physical particle-number sector
Iter 0278 | Energy: -1.595828 | Delta: 1.28e-02 | M: 47.7651 | Path: Statevector MPI-distributed (8 ranks)
WARNING: Energy -1.5963 below FCI -1.1373 — HWE ansatz may have left the physical particle-number sector
Iter 0279 | Energy: -1.596294 | Delta: 4.66e-04 | M: 100.8668 | Path: Statevector MPI-distributed (8 ranks)
WARNING: Energy -1.5952 below FCI -1.1373 — HWE ansatz may have left the physical particle-number sector
Iter 0280 | Energy: -1.595209 | Delta: 1.09e-03 | M: 16.5870 | Path: Statevector MPI-distributed (8 ranks)
[RESILIENCE] Iteration 280: Global theta state checkpointed at path checkpoints/checkpoint_iter_0280.npy. 
WARNING: Energy -1.5872 below FCI -1.1373 — HWE ansatz may have left the physical particle-number sector
Iter 0281 | Energy: -1.587153 | Delta: 8.06e-03 | M: 132.1781 | Path: Statevector MPI-distributed (8 ranks)
WARNING: Energy -1.5929 below FCI -1.1373 — HWE ansatz may have left the physical particle-number sector
Iter 0282 | Energy: -1.592856 | Delta: 5.70e-03 | M: 30.7766 | Path: Statevector MPI-distributed (8 ranks)
WARNING: Energy -1.6000 below FCI -1.1373 — HWE ansatz may have left the physical particle-number sector
Iter 0283 | Energy: -1.600049 | Delta: 7.19e-03 | M: 184.2685 | Path: Statevector MPI-distributed (8 ranks)
WARNING: Energy -1.5946 below FCI -1.1373 — HWE ansatz may have left the physical particle-number sector
Iter 0284 | Energy: -1.594590 | Delta: 5.46e-03 | M: 1.7346 | Path: Statevector MPI-distributed (8 ranks)
WARNING: Energy -1.5950 below FCI -1.1373 — HWE ansatz may have left the physical particle-number sector
Iter 0285 | Energy: -1.595022 | Delta: 4.32e-04 | M: 1.0754 | Path: Statevector MPI-distributed (8 ranks)
[RESILIENCE] Iteration 285: Global theta state checkpointed at path checkpoints/checkpoint_iter_0285.npy. 
WARNING: Energy -1.5903 below FCI -1.1373 — HWE ansatz may have left the physical particle-number sector
Iter 0286 | Energy: -1.590263 | Delta: 4.76e-03 | M: 4.5735 | Path: Statevector MPI-distributed (8 ranks)
WARNING: Energy -1.6055 below FCI -1.1373 — HWE ansatz may have left the physical particle-number sector
Iter 0287 | Energy: -1.605505 | Delta: 1.52e-02 | M: 3.3408 | Path: Statevector MPI-distributed (8 ranks)
WARNING: Energy -1.6025 below FCI -1.1373 — HWE ansatz may have left the physical particle-number sector
Iter 0288 | Energy: -1.602520 | Delta: 2.98e-03 | M: 5.9397 | Path: Statevector MPI-distributed (8 ranks)
WARNING: Energy -1.5934 below FCI -1.1373 — HWE ansatz may have left the physical particle-number sector
Iter 0289 | Energy: -1.593350 | Delta: 9.17e-03 | M: 9.9540 | Path: Statevector MPI-distributed (8 ranks)
WARNING: Energy -1.6066 below FCI -1.1373 — HWE ansatz may have left the physical particle-number sector
Iter 0290 | Energy: -1.606589 | Delta: 1.32e-02 | M: 33.9233 | Path: Statevector MPI-distributed (8 ranks)
[RESILIENCE] Iteration 290: Global theta state checkpointed at path checkpoints/checkpoint_iter_0290.npy. 
WARNING: Energy -1.5896 below FCI -1.1373 — HWE ansatz may have left the physical particle-number sector
Iter 0291 | Energy: -1.589586 | Delta: 1.70e-02 | M: 21.8605 | Path: Statevector MPI-distributed (8 ranks)
WARNING: Energy -1.6119 below FCI -1.1373 — HWE ansatz may have left the physical particle-number sector
Iter 0292 | Energy: -1.611908 | Delta: 2.23e-02 | M: 125.1496 | Path: Statevector MPI-distributed (8 ranks)
WARNING: Energy -1.6119 below FCI -1.1373 — HWE ansatz may have left the physical particle-number sector
Iter 0293 | Energy: -1.611930 | Delta: 2.22e-05 | M: 6.5868 | Path: Statevector MPI-distributed (8 ranks)
WARNING: Energy -1.6062 below FCI -1.1373 — HWE ansatz may have left the physical particle-number sector
Iter 0294 | Energy: -1.606235 | Delta: 5.70e-03 | M: 5.3069 | Path: Statevector MPI-distributed (8 ranks)
WARNING: Energy -1.6151 below FCI -1.1373 — HWE ansatz may have left the physical particle-number sector
Iter 0295 | Energy: -1.615092 | Delta: 8.86e-03 | M: 6.3244 | Path: Statevector MPI-distributed (8 ranks)
[RESILIENCE] Iteration 295: Global theta state checkpointed at path checkpoints/checkpoint_iter_0295.npy. 
WARNING: Energy -1.6143 below FCI -1.1373 — HWE ansatz may have left the physical particle-number sector
Iter 0296 | Energy: -1.614253 | Delta: 8.39e-04 | M: 4.3700 | Path: Statevector MPI-distributed (8 ranks)
WARNING: Energy -1.6121 below FCI -1.1373 — HWE ansatz may have left the physical particle-number sector
Iter 0297 | Energy: -1.612106 | Delta: 2.15e-03 | M: 6.0551 | Path: Statevector MPI-distributed (8 ranks)
WARNING: Energy -1.6039 below FCI -1.1373 — HWE ansatz may have left the physical particle-number sector
Iter 0298 | Energy: -1.603948 | Delta: 8.16e-03 | M: 3.4461 | Path: Statevector MPI-distributed (8 ranks)
WARNING: Energy -1.6092 below FCI -1.1373 — HWE ansatz may have left the physical particle-number sector
Iter 0299 | Energy: -1.609222 | Delta: 5.27e-03 | M: 0.8958 | Path: Statevector MPI-distributed (8 ranks)
WARNING: Energy -1.6107 below FCI -1.1373 — HWE ansatz may have left the physical particle-number sector
Iter 0300 | Energy: -1.610662 | Delta: 1.44e-03 | M: 0.8542 | Path: Statevector MPI-distributed (8 ranks)
[RESILIENCE] Iteration 300: Global theta state checkpointed at path checkpoints/checkpoint_iter_0300.npy. 
WARNING: Energy -1.6194 below FCI -1.1373 — HWE ansatz may have left the physical particle-number sector
Iter 0301 | Energy: -1.619441 | Delta: 8.78e-03 | M: 4.4864 | Path: Statevector MPI-distributed (8 ranks)
WARNING: Energy -1.6078 below FCI -1.1373 — HWE ansatz may have left the physical particle-number sector
Iter 0302 | Energy: -1.607829 | Delta: 1.16e-02 | M: 1.5015 | Path: Statevector MPI-distributed (8 ranks)
WARNING: Energy -1.6179 below FCI -1.1373 — HWE ansatz may have left the physical particle-number sector
Iter 0303 | Energy: -1.617914 | Delta: 1.01e-02 | M: 1.6759 | Path: Statevector MPI-distributed (8 ranks)
WARNING: Energy -1.6204 below FCI -1.1373 — HWE ansatz may have left the physical particle-number sector
Iter 0304 | Energy: -1.620364 | Delta: 2.45e-03 | M: 0.9638 | Path: Statevector MPI-distributed (8 ranks)
WARNING: Energy -1.6197 below FCI -1.1373 — HWE ansatz may have left the physical particle-number sector
Iter 0305 | Energy: -1.619729 | Delta: 6.35e-04 | M: 5.3905 | Path: Statevector MPI-distributed (8 ranks)
[RESILIENCE] Iteration 305: Global theta state checkpointed at path checkpoints/checkpoint_iter_0305.npy. 
WARNING: Energy -1.6053 below FCI -1.1373 — HWE ansatz may have left the physical particle-number sector
Iter 0306 | Energy: -1.605321 | Delta: 1.44e-02 | M: 5.2306 | Path: Statevector MPI-distributed (8 ranks)
WARNING: Energy -1.6239 below FCI -1.1373 — HWE ansatz may have left the physical particle-number sector
Iter 0307 | Energy: -1.623904 | Delta: 1.86e-02 | M: 1.0718 | Path: Statevector MPI-distributed (8 ranks)
WARNING: Energy -1.6108 below FCI -1.1373 — HWE ansatz may have left the physical particle-number sector
Iter 0308 | Energy: -1.610840 | Delta: 1.31e-02 | M: 10.8194 | Path: Statevector MPI-distributed (8 ranks)
WARNING: Energy -1.6296 below FCI -1.1373 — HWE ansatz may have left the physical particle-number sector
Iter 0309 | Energy: -1.629554 | Delta: 1.87e-02 | M: 180.0085 | Path: Statevector MPI-distributed (8 ranks)
WARNING: Energy -1.6198 below FCI -1.1373 — HWE ansatz may have left the physical particle-number sector
Iter 0310 | Energy: -1.619763 | Delta: 9.79e-03 | M: 110.2548 | Path: Statevector MPI-distributed (8 ranks)
[RESILIENCE] Iteration 310: Global theta state checkpointed at path checkpoints/checkpoint_iter_0310.npy. 
WARNING: Energy -1.6258 below FCI -1.1373 — HWE ansatz may have left the physical particle-number sector
Iter 0311 | Energy: -1.625837 | Delta: 6.07e-03 | M: 179.5016 | Path: Statevector MPI-distributed (8 ranks)
WARNING: Energy -1.6260 below FCI -1.1373 — HWE ansatz may have left the physical particle-number sector
Iter 0312 | Energy: -1.626029 | Delta: 1.91e-04 | M: 98.7090 | Path: Statevector MPI-distributed (8 ranks)
WARNING: Energy -1.6188 below FCI -1.1373 — HWE ansatz may have left the physical particle-number sector
Iter 0313 | Energy: -1.618775 | Delta: 7.25e-03 | M: 177.4891 | Path: Statevector MPI-distributed (8 ranks)
WARNING: Energy -1.6329 below FCI -1.1373 — HWE ansatz may have left the physical particle-number sector
Iter 0314 | Energy: -1.632859 | Delta: 1.41e-02 | M: 172.7267 | Path: Statevector MPI-distributed (8 ranks)
WARNING: Energy -1.6243 below FCI -1.1373 — HWE ansatz may have left the physical particle-number sector
Iter 0315 | Energy: -1.624308 | Delta: 8.55e-03 | M: 183.0061 | Path: Statevector MPI-distributed (8 ranks)
[RESILIENCE] Iteration 315: Global theta state checkpointed at path checkpoints/checkpoint_iter_0315.npy. 
WARNING: Energy -1.6210 below FCI -1.1373 — HWE ansatz may have left the physical particle-number sector
Iter 0316 | Energy: -1.620963 | Delta: 3.34e-03 | M: 190.6664 | Path: Statevector MPI-distributed (8 ranks)
WARNING: Energy -1.6296 below FCI -1.1373 — HWE ansatz may have left the physical particle-number sector
Iter 0317 | Energy: -1.629589 | Delta: 8.63e-03 | M: 166.5659 | Path: Statevector MPI-distributed (8 ranks)
WARNING: Energy -1.6209 below FCI -1.1373 — HWE ansatz may have left the physical particle-number sector
Iter 0318 | Energy: -1.620939 | Delta: 8.65e-03 | M: 94.2684 | Path: Statevector MPI-distributed (8 ranks)
WARNING: Energy -1.6311 below FCI -1.1373 — HWE ansatz may have left the physical particle-number sector
Iter 0319 | Energy: -1.631081 | Delta: 1.01e-02 | M: 29.9431 | Path: Statevector MPI-distributed (8 ranks)
WARNING: Energy -1.6319 below FCI -1.1373 — HWE ansatz may have left the physical particle-number sector
Iter 0320 | Energy: -1.631859 | Delta: 7.78e-04 | M: 5.2600 | Path: Statevector MPI-distributed (8 ranks)
[RESILIENCE] Iteration 320: Global theta state checkpointed at path checkpoints/checkpoint_iter_0320.npy. 
WARNING: Energy -1.6277 below FCI -1.1373 — HWE ansatz may have left the physical particle-number sector
Iter 0321 | Energy: -1.627677 | Delta: 4.18e-03 | M: 8.2481 | Path: Statevector MPI-distributed (8 ranks)
WARNING: Energy -1.6348 below FCI -1.1373 — HWE ansatz may have left the physical particle-number sector
Iter 0322 | Energy: -1.634767 | Delta: 7.09e-03 | M: 191.9059 | Path: Statevector MPI-distributed (8 ranks)
WARNING: Energy -1.6320 below FCI -1.1373 — HWE ansatz may have left the physical particle-number sector
Iter 0323 | Energy: -1.632032 | Delta: 2.74e-03 | M: 174.9422 | Path: Statevector MPI-distributed (8 ranks)
WARNING: Energy -1.6220 below FCI -1.1373 — HWE ansatz may have left the physical particle-number sector
Iter 0324 | Energy: -1.621951 | Delta: 1.01e-02 | M: 180.8415 | Path: Statevector MPI-distributed (8 ranks)
WARNING: Energy -1.6244 below FCI -1.1373 — HWE ansatz may have left the physical particle-number sector
Iter 0325 | Energy: -1.624374 | Delta: 2.42e-03 | M: 165.0865 | Path: Statevector MPI-distributed (8 ranks)
[RESILIENCE] Iteration 325: Global theta state checkpointed at path checkpoints/checkpoint_iter_0325.npy. 
WARNING: Energy -1.6390 below FCI -1.1373 — HWE ansatz may have left the physical particle-number sector
Iter 0326 | Energy: -1.639037 | Delta: 1.47e-02 | M: 143.5420 | Path: Statevector MPI-distributed (8 ranks)
WARNING: Energy -1.6228 below FCI -1.1373 — HWE ansatz may have left the physical particle-number sector
Iter 0327 | Energy: -1.622839 | Delta: 1.62e-02 | M: 183.3025 | Path: Statevector MPI-distributed (8 ranks)
WARNING: Energy -1.6345 below FCI -1.1373 — HWE ansatz may have left the physical particle-number sector
Iter 0328 | Energy: -1.634528 | Delta: 1.17e-02 | M: 203.0869 | Path: Statevector MPI-distributed (8 ranks)
WARNING: Energy -1.6316 below FCI -1.1373 — HWE ansatz may have left the physical particle-number sector
Iter 0329 | Energy: -1.631612 | Delta: 2.92e-03 | M: 179.7574 | Path: Statevector MPI-distributed (8 ranks)
WARNING: Energy -1.6353 below FCI -1.1373 — HWE ansatz may have left the physical particle-number sector
Iter 0330 | Energy: -1.635330 | Delta: 3.72e-03 | M: 201.7988 | Path: Statevector MPI-distributed (8 ranks)
[RESILIENCE] Iteration 330: Global theta state checkpointed at path checkpoints/checkpoint_iter_0330.npy. 
WARNING: Energy -1.6413 below FCI -1.1373 — HWE ansatz may have left the physical particle-number sector
Iter 0331 | Energy: -1.641344 | Delta: 6.01e-03 | M: 171.3318 | Path: Statevector MPI-distributed (8 ranks)
WARNING: Energy -1.6404 below FCI -1.1373 — HWE ansatz may have left the physical particle-number sector
Iter 0332 | Energy: -1.640418 | Delta: 9.25e-04 | M: 4.1749 | Path: Statevector MPI-distributed (8 ranks)
WARNING: Energy -1.6422 below FCI -1.1373 — HWE ansatz may have left the physical particle-number sector
Iter 0333 | Energy: -1.642168 | Delta: 1.75e-03 | M: 2.1182 | Path: Statevector MPI-distributed (8 ranks)
WARNING: Energy -1.6365 below FCI -1.1373 — HWE ansatz may have left the physical particle-number sector
Iter 0334 | Energy: -1.636515 | Delta: 5.65e-03 | M: 1.8023 | Path: Statevector MPI-distributed (8 ranks)
WARNING: Energy -1.6361 below FCI -1.1373 — HWE ansatz may have left the physical particle-number sector
Iter 0335 | Energy: -1.636088 | Delta: 4.27e-04 | M: 3.0189 | Path: Statevector MPI-distributed (8 ranks)
[RESILIENCE] Iteration 335: Global theta state checkpointed at path checkpoints/checkpoint_iter_0335.npy. 
WARNING: Energy -1.6408 below FCI -1.1373 — HWE ansatz may have left the physical particle-number sector
Iter 0336 | Energy: -1.640802 | Delta: 4.71e-03 | M: 145.6582 | Path: Statevector MPI-distributed (8 ranks)
WARNING: Energy -1.6460 below FCI -1.1373 — HWE ansatz may have left the physical particle-number sector
Iter 0337 | Energy: -1.645958 | Delta: 5.16e-03 | M: 171.7441 | Path: Statevector MPI-distributed (8 ranks)
WARNING: Energy -1.6423 below FCI -1.1373 — HWE ansatz may have left the physical particle-number sector
Iter 0338 | Energy: -1.642308 | Delta: 3.65e-03 | M: 176.0298 | Path: Statevector MPI-distributed (8 ranks)
WARNING: Energy -1.6438 below FCI -1.1373 — HWE ansatz may have left the physical particle-number sector
Iter 0339 | Energy: -1.643778 | Delta: 1.47e-03 | M: 157.3407 | Path: Statevector MPI-distributed (8 ranks)
WARNING: Energy -1.6484 below FCI -1.1373 — HWE ansatz may have left the physical particle-number sector
Iter 0340 | Energy: -1.648393 | Delta: 4.61e-03 | M: 148.4416 | Path: Statevector MPI-distributed (8 ranks)
[RESILIENCE] Iteration 340: Global theta state checkpointed at path checkpoints/checkpoint_iter_0340.npy. 
WARNING: Energy -1.6515 below FCI -1.1373 — HWE ansatz may have left the physical particle-number sector
Iter 0341 | Energy: -1.651521 | Delta: 3.13e-03 | M: 181.1770 | Path: Statevector MPI-distributed (8 ranks)
WARNING: Energy -1.6321 below FCI -1.1373 — HWE ansatz may have left the physical particle-number sector
Iter 0342 | Energy: -1.632085 | Delta: 1.94e-02 | M: 137.0391 | Path: Statevector MPI-distributed (8 ranks)
WARNING: Energy -1.6428 below FCI -1.1373 — HWE ansatz may have left the physical particle-number sector
Iter 0343 | Energy: -1.642828 | Delta: 1.07e-02 | M: 23.8470 | Path: Statevector MPI-distributed (8 ranks)
WARNING: Energy -1.6426 below FCI -1.1373 — HWE ansatz may have left the physical particle-number sector
Iter 0344 | Energy: -1.642585 | Delta: 2.43e-04 | M: 172.2947 | Path: Statevector MPI-distributed (8 ranks)
WARNING: Energy -1.6353 below FCI -1.1373 — HWE ansatz may have left the physical particle-number sector
Iter 0345 | Energy: -1.635321 | Delta: 7.26e-03 | M: 173.1970 | Path: Statevector MPI-distributed (8 ranks)
[RESILIENCE] Iteration 345: Global theta state checkpointed at path checkpoints/checkpoint_iter_0345.npy. 
WARNING: Energy -1.6547 below FCI -1.1373 — HWE ansatz may have left the physical particle-number sector
Iter 0346 | Energy: -1.654653 | Delta: 1.93e-02 | M: 164.2231 | Path: Statevector MPI-distributed (8 ranks)
WARNING: Energy -1.6460 below FCI -1.1373 — HWE ansatz may have left the physical particle-number sector
Iter 0347 | Energy: -1.646019 | Delta: 8.63e-03 | M: 144.5399 | Path: Statevector MPI-distributed (8 ranks)
WARNING: Energy -1.6542 below FCI -1.1373 — HWE ansatz may have left the physical particle-number sector
Iter 0348 | Energy: -1.654221 | Delta: 8.20e-03 | M: 185.7485 | Path: Statevector MPI-distributed (8 ranks)
WARNING: Energy -1.6599 below FCI -1.1373 — HWE ansatz may have left the physical particle-number sector
Iter 0349 | Energy: -1.659870 | Delta: 5.65e-03 | M: 187.1522 | Path: Statevector MPI-distributed (8 ranks)
WARNING: Energy -1.6505 below FCI -1.1373 — HWE ansatz may have left the physical particle-number sector
Iter 0350 | Energy: -1.650494 | Delta: 9.38e-03 | M: 169.6550 | Path: Statevector MPI-distributed (8 ranks)
[RESILIENCE] Iteration 350: Global theta state checkpointed at path checkpoints/checkpoint_iter_0350.npy. 
WARNING: Energy -1.6561 below FCI -1.1373 — HWE ansatz may have left the physical particle-number sector
Iter 0351 | Energy: -1.656067 | Delta: 5.57e-03 | M: 181.4645 | Path: Statevector MPI-distributed (8 ranks)
WARNING: Energy -1.6551 below FCI -1.1373 — HWE ansatz may have left the physical particle-number sector
Iter 0352 | Energy: -1.655145 | Delta: 9.21e-04 | M: 85.1551 | Path: Statevector MPI-distributed (8 ranks)
WARNING: Energy -1.6577 below FCI -1.1373 — HWE ansatz may have left the physical particle-number sector
Iter 0353 | Energy: -1.657692 | Delta: 2.55e-03 | M: 245.4748 | Path: Statevector MPI-distributed (8 ranks)
WARNING: Energy -1.6557 below FCI -1.1373 — HWE ansatz may have left the physical particle-number sector
Iter 0354 | Energy: -1.655668 | Delta: 2.02e-03 | M: 280.5176 | Path: Statevector MPI-distributed (8 ranks)
WARNING: Energy -1.6481 below FCI -1.1373 — HWE ansatz may have left the physical particle-number sector
Iter 0355 | Energy: -1.648138 | Delta: 7.53e-03 | M: 223.3775 | Path: Statevector MPI-distributed (8 ranks)
[RESILIENCE] Iteration 355: Global theta state checkpointed at path checkpoints/checkpoint_iter_0355.npy. 
WARNING: Energy -1.6596 below FCI -1.1373 — HWE ansatz may have left the physical particle-number sector
Iter 0356 | Energy: -1.659594 | Delta: 1.15e-02 | M: 221.7483 | Path: Statevector MPI-distributed (8 ranks)
WARNING: Energy -1.6576 below FCI -1.1373 — HWE ansatz may have left the physical particle-number sector
Iter 0357 | Energy: -1.657629 | Delta: 1.97e-03 | M: 182.6117 | Path: Statevector MPI-distributed (8 ranks)
WARNING: Energy -1.6616 below FCI -1.1373 — HWE ansatz may have left the physical particle-number sector
Iter 0358 | Energy: -1.661564 | Delta: 3.93e-03 | M: 212.9111 | Path: Statevector MPI-distributed (8 ranks)
WARNING: Energy -1.6599 below FCI -1.1373 — HWE ansatz may have left the physical particle-number sector
Iter 0359 | Energy: -1.659892 | Delta: 1.67e-03 | M: 208.4554 | Path: Statevector MPI-distributed (8 ranks)
WARNING: Energy -1.6531 below FCI -1.1373 — HWE ansatz may have left the physical particle-number sector
Iter 0360 | Energy: -1.653129 | Delta: 6.76e-03 | M: 13.0831 | Path: Statevector MPI-distributed (8 ranks)
[RESILIENCE] Iteration 360: Global theta state checkpointed at path checkpoints/checkpoint_iter_0360.npy. 
WARNING: Energy -1.6543 below FCI -1.1373 — HWE ansatz may have left the physical particle-number sector
Iter 0361 | Energy: -1.654321 | Delta: 1.19e-03 | M: 3.8569 | Path: Statevector MPI-distributed (8 ranks)
WARNING: Energy -1.6598 below FCI -1.1373 — HWE ansatz may have left the physical particle-number sector
Iter 0362 | Energy: -1.659818 | Delta: 5.50e-03 | M: 4.5248 | Path: Statevector MPI-distributed (8 ranks)
WARNING: Energy -1.6670 below FCI -1.1373 — HWE ansatz may have left the physical particle-number sector
Iter 0363 | Energy: -1.666967 | Delta: 7.15e-03 | M: 4.0414 | Path: Statevector MPI-distributed (8 ranks)
WARNING: Energy -1.6599 below FCI -1.1373 — HWE ansatz may have left the physical particle-number sector
Iter 0364 | Energy: -1.659891 | Delta: 7.08e-03 | M: 4.3376 | Path: Statevector MPI-distributed (8 ranks)
WARNING: Energy -1.6549 below FCI -1.1373 — HWE ansatz may have left the physical particle-number sector
Iter 0365 | Energy: -1.654912 | Delta: 4.98e-03 | M: 2.9236 | Path: Statevector MPI-distributed (8 ranks)
[RESILIENCE] Iteration 365: Global theta state checkpointed at path checkpoints/checkpoint_iter_0365.npy. 
WARNING: Energy -1.6539 below FCI -1.1373 — HWE ansatz may have left the physical particle-number sector
Iter 0366 | Energy: -1.653852 | Delta: 1.06e-03 | M: 42.8195 | Path: Statevector MPI-distributed (8 ranks)
WARNING: Energy -1.6579 below FCI -1.1373 — HWE ansatz may have left the physical particle-number sector
Iter 0367 | Energy: -1.657923 | Delta: 4.07e-03 | M: 169.8665 | Path: Statevector MPI-distributed (8 ranks)
WARNING: Energy -1.6545 below FCI -1.1373 — HWE ansatz may have left the physical particle-number sector
Iter 0368 | Energy: -1.654549 | Delta: 3.37e-03 | M: 79.8250 | Path: Statevector MPI-distributed (8 ranks)
WARNING: Energy -1.6651 below FCI -1.1373 — HWE ansatz may have left the physical particle-number sector
Iter 0369 | Energy: -1.665073 | Delta: 1.05e-02 | M: 180.4995 | Path: Statevector MPI-distributed (8 ranks)
WARNING: Energy -1.6634 below FCI -1.1373 — HWE ansatz may have left the physical particle-number sector
Iter 0370 | Energy: -1.663368 | Delta: 1.71e-03 | M: 8.0699 | Path: Statevector MPI-distributed (8 ranks)
[RESILIENCE] Iteration 370: Global theta state checkpointed at path checkpoints/checkpoint_iter_0370.npy. 
WARNING: Energy -1.6670 below FCI -1.1373 — HWE ansatz may have left the physical particle-number sector
Iter 0371 | Energy: -1.666967 | Delta: 3.60e-03 | M: 139.7593 | Path: Statevector MPI-distributed (8 ranks)
WARNING: Energy -1.6751 below FCI -1.1373 — HWE ansatz may have left the physical particle-number sector
Iter 0372 | Energy: -1.675079 | Delta: 8.11e-03 | M: 189.7659 | Path: Statevector MPI-distributed (8 ranks)
WARNING: Energy -1.6644 below FCI -1.1373 — HWE ansatz may have left the physical particle-number sector
Iter 0373 | Energy: -1.664404 | Delta: 1.07e-02 | M: 196.0941 | Path: Statevector MPI-distributed (8 ranks)
WARNING: Energy -1.6749 below FCI -1.1373 — HWE ansatz may have left the physical particle-number sector
Iter 0374 | Energy: -1.674916 | Delta: 1.05e-02 | M: 129.4403 | Path: Statevector MPI-distributed (8 ranks)
WARNING: Energy -1.6536 below FCI -1.1373 — HWE ansatz may have left the physical particle-number sector
Iter 0375 | Energy: -1.653561 | Delta: 2.14e-02 | M: 182.1735 | Path: Statevector MPI-distributed (8 ranks)
[RESILIENCE] Iteration 375: Global theta state checkpointed at path checkpoints/checkpoint_iter_0375.npy. 
WARNING: Energy -1.6760 below FCI -1.1373 — HWE ansatz may have left the physical particle-number sector
Iter 0376 | Energy: -1.676018 | Delta: 2.25e-02 | M: 175.5284 | Path: Statevector MPI-distributed (8 ranks)
WARNING: Energy -1.6701 below FCI -1.1373 — HWE ansatz may have left the physical particle-number sector
Iter 0377 | Energy: -1.670066 | Delta: 5.95e-03 | M: 89.6354 | Path: Statevector MPI-distributed (8 ranks)
WARNING: Energy -1.6748 below FCI -1.1373 — HWE ansatz may have left the physical particle-number sector
Iter 0378 | Energy: -1.674833 | Delta: 4.77e-03 | M: 168.7150 | Path: Statevector MPI-distributed (8 ranks)
WARNING: Energy -1.6672 below FCI -1.1373 — HWE ansatz may have left the physical particle-number sector
Iter 0379 | Energy: -1.667234 | Delta: 7.60e-03 | M: 185.7821 | Path: Statevector MPI-distributed (8 ranks)
WARNING: Energy -1.6806 below FCI -1.1373 — HWE ansatz may have left the physical particle-number sector
Iter 0380 | Energy: -1.680577 | Delta: 1.33e-02 | M: 153.4848 | Path: Statevector MPI-distributed (8 ranks)
[RESILIENCE] Iteration 380: Global theta state checkpointed at path checkpoints/checkpoint_iter_0380.npy. 
WARNING: Energy -1.6759 below FCI -1.1373 — HWE ansatz may have left the physical particle-number sector
Iter 0381 | Energy: -1.675883 | Delta: 4.69e-03 | M: 151.5023 | Path: Statevector MPI-distributed (8 ranks)
WARNING: Energy -1.6571 below FCI -1.1373 — HWE ansatz may have left the physical particle-number sector
Iter 0382 | Energy: -1.657077 | Delta: 1.88e-02 | M: 13.4839 | Path: Statevector MPI-distributed (8 ranks)
WARNING: Energy -1.6770 below FCI -1.1373 — HWE ansatz may have left the physical particle-number sector
Iter 0383 | Energy: -1.676991 | Delta: 1.99e-02 | M: 42.2583 | Path: Statevector MPI-distributed (8 ranks)
WARNING: Energy -1.6792 below FCI -1.1373 — HWE ansatz may have left the physical particle-number sector
Iter 0384 | Energy: -1.679232 | Delta: 2.24e-03 | M: 174.7411 | Path: Statevector MPI-distributed (8 ranks)
WARNING: Energy -1.6587 below FCI -1.1373 — HWE ansatz may have left the physical particle-number sector
Iter 0385 | Energy: -1.658733 | Delta: 2.05e-02 | M: 4.3222 | Path: Statevector MPI-distributed (8 ranks)
[RESILIENCE] Iteration 385: Global theta state checkpointed at path checkpoints/checkpoint_iter_0385.npy. 
WARNING: Energy -1.6758 below FCI -1.1373 — HWE ansatz may have left the physical particle-number sector
Iter 0386 | Energy: -1.675818 | Delta: 1.71e-02 | M: 6.6756 | Path: Statevector MPI-distributed (8 ranks)
WARNING: Energy -1.6776 below FCI -1.1373 — HWE ansatz may have left the physical particle-number sector
Iter 0387 | Energy: -1.677609 | Delta: 1.79e-03 | M: 2.5941 | Path: Statevector MPI-distributed (8 ranks)
WARNING: Energy -1.6749 below FCI -1.1373 — HWE ansatz may have left the physical particle-number sector
Iter 0388 | Energy: -1.674878 | Delta: 2.73e-03 | M: 3.7993 | Path: Statevector MPI-distributed (8 ranks)
WARNING: Energy -1.6729 below FCI -1.1373 — HWE ansatz may have left the physical particle-number sector
Iter 0389 | Energy: -1.672904 | Delta: 1.97e-03 | M: 3.7721 | Path: Statevector MPI-distributed (8 ranks)
WARNING: Energy -1.6808 below FCI -1.1373 — HWE ansatz may have left the physical particle-number sector
Iter 0390 | Energy: -1.680756 | Delta: 7.85e-03 | M: 3.3437 | Path: Statevector MPI-distributed (8 ranks)
[RESILIENCE] Iteration 390: Global theta state checkpointed at path checkpoints/checkpoint_iter_0390.npy. 
WARNING: Energy -1.6868 below FCI -1.1373 — HWE ansatz may have left the physical particle-number sector
Iter 0391 | Energy: -1.686801 | Delta: 6.05e-03 | M: 145.4402 | Path: Statevector MPI-distributed (8 ranks)
WARNING: Energy -1.6839 below FCI -1.1373 — HWE ansatz may have left the physical particle-number sector
Iter 0392 | Energy: -1.683878 | Delta: 2.92e-03 | M: 8.1867 | Path: Statevector MPI-distributed (8 ranks)
WARNING: Energy -1.6839 below FCI -1.1373 — HWE ansatz may have left the physical particle-number sector
Iter 0393 | Energy: -1.683932 | Delta: 5.48e-05 | M: 8.6340 | Path: Statevector MPI-distributed (8 ranks)
WARNING: Energy -1.6860 below FCI -1.1373 — HWE ansatz may have left the physical particle-number sector
Iter 0394 | Energy: -1.686049 | Delta: 2.12e-03 | M: 10.0230 | Path: Statevector MPI-distributed (8 ranks)
WARNING: Energy -1.6797 below FCI -1.1373 — HWE ansatz may have left the physical particle-number sector
Iter 0395 | Energy: -1.679706 | Delta: 6.34e-03 | M: 11.3824 | Path: Statevector MPI-distributed (8 ranks)
[RESILIENCE] Iteration 395: Global theta state checkpointed at path checkpoints/checkpoint_iter_0395.npy. 
WARNING: Energy -1.6865 below FCI -1.1373 — HWE ansatz may have left the physical particle-number sector
Iter 0396 | Energy: -1.686530 | Delta: 6.82e-03 | M: 8.5928 | Path: Statevector MPI-distributed (8 ranks)
WARNING: Energy -1.6767 below FCI -1.1373 — HWE ansatz may have left the physical particle-number sector
Iter 0397 | Energy: -1.676729 | Delta: 9.80e-03 | M: 3.0763 | Path: Statevector MPI-distributed (8 ranks)
WARNING: Energy -1.6759 below FCI -1.1373 — HWE ansatz may have left the physical particle-number sector
Iter 0398 | Energy: -1.675926 | Delta: 8.03e-04 | M: 4.1610 | Path: Statevector MPI-distributed (8 ranks)
WARNING: Energy -1.6818 below FCI -1.1373 — HWE ansatz may have left the physical particle-number sector
Iter 0399 | Energy: -1.681839 | Delta: 5.91e-03 | M: 4.2278 | Path: Statevector MPI-distributed (8 ranks)
WARNING: Energy -1.6829 below FCI -1.1373 — HWE ansatz may have left the physical particle-number sector
Iter 0400 | Energy: -1.682868 | Delta: 1.03e-03 | M: 2.6597 | Path: Statevector MPI-distributed (8 ranks)
[RESILIENCE] Iteration 400: Global theta state checkpointed at path checkpoints/checkpoint_iter_0400.npy. 
WARNING: Energy -1.6891 below FCI -1.1373 — HWE ansatz may have left the physical particle-number sector
Iter 0401 | Energy: -1.689121 | Delta: 6.25e-03 | M: 177.2373 | Path: Statevector MPI-distributed (8 ranks)
WARNING: Energy -1.6852 below FCI -1.1373 — HWE ansatz may have left the physical particle-number sector
Iter 0402 | Energy: -1.685158 | Delta: 3.96e-03 | M: 172.7586 | Path: Statevector MPI-distributed (8 ranks)
WARNING: Energy -1.6742 below FCI -1.1373 — HWE ansatz may have left the physical particle-number sector
Iter 0403 | Energy: -1.674221 | Delta: 1.09e-02 | M: 7.3552 | Path: Statevector MPI-distributed (8 ranks)
WARNING: Energy -1.6800 below FCI -1.1373 — HWE ansatz may have left the physical particle-number sector
Iter 0404 | Energy: -1.679969 | Delta: 5.75e-03 | M: 44.5739 | Path: Statevector MPI-distributed (8 ranks)
WARNING: Energy -1.6862 below FCI -1.1373 — HWE ansatz may have left the physical particle-number sector
Iter 0405 | Energy: -1.686187 | Delta: 6.22e-03 | M: 72.4945 | Path: Statevector MPI-distributed (8 ranks)
[RESILIENCE] Iteration 405: Global theta state checkpointed at path checkpoints/checkpoint_iter_0405.npy. 
WARNING: Energy -1.6956 below FCI -1.1373 — HWE ansatz may have left the physical particle-number sector
Iter 0406 | Energy: -1.695553 | Delta: 9.37e-03 | M: 176.5414 | Path: Statevector MPI-distributed (8 ranks)
WARNING: Energy -1.6914 below FCI -1.1373 — HWE ansatz may have left the physical particle-number sector
Iter 0407 | Energy: -1.691416 | Delta: 4.14e-03 | M: 15.9191 | Path: Statevector MPI-distributed (8 ranks)
WARNING: Energy -1.6952 below FCI -1.1373 — HWE ansatz may have left the physical particle-number sector
Iter 0408 | Energy: -1.695213 | Delta: 3.80e-03 | M: 9.5048 | Path: Statevector MPI-distributed (8 ranks)
WARNING: Energy -1.6833 below FCI -1.1373 — HWE ansatz may have left the physical particle-number sector
Iter 0409 | Energy: -1.683313 | Delta: 1.19e-02 | M: 4.5389 | Path: Statevector MPI-distributed (8 ranks)
WARNING: Energy -1.6866 below FCI -1.1373 — HWE ansatz may have left the physical particle-number sector
Iter 0410 | Energy: -1.686605 | Delta: 3.29e-03 | M: 19.3626 | Path: Statevector MPI-distributed (8 ranks)
[RESILIENCE] Iteration 410: Global theta state checkpointed at path checkpoints/checkpoint_iter_0410.npy. 
WARNING: Energy -1.6980 below FCI -1.1373 — HWE ansatz may have left the physical particle-number sector
Iter 0411 | Energy: -1.697991 | Delta: 1.14e-02 | M: 176.5963 | Path: Statevector MPI-distributed (8 ranks)
WARNING: Energy -1.6960 below FCI -1.1373 — HWE ansatz may have left the physical particle-number sector
Iter 0412 | Energy: -1.696002 | Delta: 1.99e-03 | M: 15.8283 | Path: Statevector MPI-distributed (8 ranks)
WARNING: Energy -1.6944 below FCI -1.1373 — HWE ansatz may have left the physical particle-number sector
Iter 0413 | Energy: -1.694364 | Delta: 1.64e-03 | M: 42.5923 | Path: Statevector MPI-distributed (8 ranks)
WARNING: Energy -1.6991 below FCI -1.1373 — HWE ansatz may have left the physical particle-number sector
Iter 0414 | Energy: -1.699068 | Delta: 4.70e-03 | M: 9.3291 | Path: Statevector MPI-distributed (8 ranks)
WARNING: Energy -1.6931 below FCI -1.1373 — HWE ansatz may have left the physical particle-number sector
Iter 0415 | Energy: -1.693129 | Delta: 5.94e-03 | M: 72.4428 | Path: Statevector MPI-distributed (8 ranks)
[RESILIENCE] Iteration 415: Global theta state checkpointed at path checkpoints/checkpoint_iter_0415.npy. 
WARNING: Energy -1.6919 below FCI -1.1373 — HWE ansatz may have left the physical particle-number sector
Iter 0416 | Energy: -1.691887 | Delta: 1.24e-03 | M: 172.8657 | Path: Statevector MPI-distributed (8 ranks)
WARNING: Energy -1.6962 below FCI -1.1373 — HWE ansatz may have left the physical particle-number sector
Iter 0417 | Energy: -1.696176 | Delta: 4.29e-03 | M: 47.1005 | Path: Statevector MPI-distributed (8 ranks)
WARNING: Energy -1.6881 below FCI -1.1373 — HWE ansatz may have left the physical particle-number sector
Iter 0418 | Energy: -1.688060 | Delta: 8.12e-03 | M: 14.1134 | Path: Statevector MPI-distributed (8 ranks)
WARNING: Energy -1.7049 below FCI -1.1373 — HWE ansatz may have left the physical particle-number sector
Iter 0419 | Energy: -1.704921 | Delta: 1.69e-02 | M: 0.1983 | Path: Statevector MPI-distributed (8 ranks)
WARNING: Energy -1.7024 below FCI -1.1373 — HWE ansatz may have left the physical particle-number sector
Iter 0420 | Energy: -1.702449 | Delta: 2.47e-03 | M: 9.6607 | Path: Statevector MPI-distributed (8 ranks)
[RESILIENCE] Iteration 420: Global theta state checkpointed at path checkpoints/checkpoint_iter_0420.npy. 
WARNING: Energy -1.7039 below FCI -1.1373 — HWE ansatz may have left the physical particle-number sector
Iter 0421 | Energy: -1.703914 | Delta: 1.46e-03 | M: 21.4883 | Path: Statevector MPI-distributed (8 ranks)
WARNING: Energy -1.6992 below FCI -1.1373 — HWE ansatz may have left the physical particle-number sector
Iter 0422 | Energy: -1.699207 | Delta: 4.71e-03 | M: 154.1034 | Path: Statevector MPI-distributed (8 ranks)
WARNING: Energy -1.7089 below FCI -1.1373 — HWE ansatz may have left the physical particle-number sector
Iter 0423 | Energy: -1.708894 | Delta: 9.69e-03 | M: 178.6192 | Path: Statevector MPI-distributed (8 ranks)
WARNING: Energy -1.7056 below FCI -1.1373 — HWE ansatz may have left the physical particle-number sector
Iter 0424 | Energy: -1.705601 | Delta: 3.29e-03 | M: 101.2941 | Path: Statevector MPI-distributed (8 ranks)
WARNING: Energy -1.7105 below FCI -1.1373 — HWE ansatz may have left the physical particle-number sector
Iter 0425 | Energy: -1.710535 | Delta: 4.93e-03 | M: 176.6545 | Path: Statevector MPI-distributed (8 ranks)
[RESILIENCE] Iteration 425: Global theta state checkpointed at path checkpoints/checkpoint_iter_0425.npy. 
WARNING: Energy -1.6934 below FCI -1.1373 — HWE ansatz may have left the physical particle-number sector
Iter 0426 | Energy: -1.693404 | Delta: 1.71e-02 | M: 171.1977 | Path: Statevector MPI-distributed (8 ranks)
WARNING: Energy -1.7015 below FCI -1.1373 — HWE ansatz may have left the physical particle-number sector
Iter 0427 | Energy: -1.701494 | Delta: 8.09e-03 | M: 180.6724 | Path: Statevector MPI-distributed (8 ranks)
WARNING: Energy -1.7087 below FCI -1.1373 — HWE ansatz may have left the physical particle-number sector
Iter 0428 | Energy: -1.708671 | Delta: 7.18e-03 | M: 150.2179 | Path: Statevector MPI-distributed (8 ranks)
WARNING: Energy -1.7014 below FCI -1.1373 — HWE ansatz may have left the physical particle-number sector
Iter 0429 | Energy: -1.701361 | Delta: 7.31e-03 | M: 0.7505 | Path: Statevector MPI-distributed (8 ranks)
WARNING: Energy -1.7133 below FCI -1.1373 — HWE ansatz may have left the physical particle-number sector
Iter 0430 | Energy: -1.713266 | Delta: 1.19e-02 | M: 64.4499 | Path: Statevector MPI-distributed (8 ranks)
[RESILIENCE] Iteration 430: Global theta state checkpointed at path checkpoints/checkpoint_iter_0430.npy. 
WARNING: Energy -1.7106 below FCI -1.1373 — HWE ansatz may have left the physical particle-number sector
Iter 0431 | Energy: -1.710626 | Delta: 2.64e-03 | M: 7.6691 | Path: Statevector MPI-distributed (8 ranks)
WARNING: Energy -1.7144 below FCI -1.1373 — HWE ansatz may have left the physical particle-number sector
Iter 0432 | Energy: -1.714384 | Delta: 3.76e-03 | M: 147.2797 | Path: Statevector MPI-distributed (8 ranks)
WARNING: Energy -1.7207 below FCI -1.1373 — HWE ansatz may have left the physical particle-number sector
Iter 0433 | Energy: -1.720698 | Delta: 6.31e-03 | M: 143.1086 | Path: Statevector MPI-distributed (8 ranks)
WARNING: Energy -1.7205 below FCI -1.1373 — HWE ansatz may have left the physical particle-number sector
Iter 0434 | Energy: -1.720478 | Delta: 2.21e-04 | M: 170.5359 | Path: Statevector MPI-distributed (8 ranks)
WARNING: Energy -1.7142 below FCI -1.1373 — HWE ansatz may have left the physical particle-number sector
Iter 0435 | Energy: -1.714224 | Delta: 6.25e-03 | M: 167.1439 | Path: Statevector MPI-distributed (8 ranks)
[RESILIENCE] Iteration 435: Global theta state checkpointed at path checkpoints/checkpoint_iter_0435.npy. 
WARNING: Energy -1.7130 below FCI -1.1373 — HWE ansatz may have left the physical particle-number sector
Iter 0436 | Energy: -1.712991 | Delta: 1.23e-03 | M: 169.4784 | Path: Statevector MPI-distributed (8 ranks)
WARNING: Energy -1.7134 below FCI -1.1373 — HWE ansatz may have left the physical particle-number sector
Iter 0437 | Energy: -1.713397 | Delta: 4.06e-04 | M: 173.3260 | Path: Statevector MPI-distributed (8 ranks)
WARNING: Energy -1.7180 below FCI -1.1373 — HWE ansatz may have left the physical particle-number sector
Iter 0438 | Energy: -1.718026 | Delta: 4.63e-03 | M: 135.3021 | Path: Statevector MPI-distributed (8 ranks)
WARNING: Energy -1.7239 below FCI -1.1373 — HWE ansatz may have left the physical particle-number sector
Iter 0439 | Energy: -1.723912 | Delta: 5.89e-03 | M: 18.9856 | Path: Statevector MPI-distributed (8 ranks)
WARNING: Energy -1.7194 below FCI -1.1373 — HWE ansatz may have left the physical particle-number sector
Iter 0440 | Energy: -1.719431 | Delta: 4.48e-03 | M: 176.8462 | Path: Statevector MPI-distributed (8 ranks)
[RESILIENCE] Iteration 440: Global theta state checkpointed at path checkpoints/checkpoint_iter_0440.npy. 
WARNING: Energy -1.7150 below FCI -1.1373 — HWE ansatz may have left the physical particle-number sector
Iter 0441 | Energy: -1.715013 | Delta: 4.42e-03 | M: 3.7473 | Path: Statevector MPI-distributed (8 ranks)
WARNING: Energy -1.7152 below FCI -1.1373 — HWE ansatz may have left the physical particle-number sector
Iter 0442 | Energy: -1.715197 | Delta: 1.84e-04 | M: 153.4358 | Path: Statevector MPI-distributed (8 ranks)
WARNING: Energy -1.7171 below FCI -1.1373 — HWE ansatz may have left the physical particle-number sector
Iter 0443 | Energy: -1.717076 | Delta: 1.88e-03 | M: 11.1221 | Path: Statevector MPI-distributed (8 ranks)
WARNING: Energy -1.7246 below FCI -1.1373 — HWE ansatz may have left the physical particle-number sector
Iter 0444 | Energy: -1.724553 | Delta: 7.48e-03 | M: 58.4077 | Path: Statevector MPI-distributed (8 ranks)
WARNING: Energy -1.7218 below FCI -1.1373 — HWE ansatz may have left the physical particle-number sector
Iter 0445 | Energy: -1.721774 | Delta: 2.78e-03 | M: 17.9927 | Path: Statevector MPI-distributed (8 ranks)
[RESILIENCE] Iteration 445: Global theta state checkpointed at path checkpoints/checkpoint_iter_0445.npy. 
WARNING: Energy -1.7202 below FCI -1.1373 — HWE ansatz may have left the physical particle-number sector
Iter 0446 | Energy: -1.720177 | Delta: 1.60e-03 | M: 185.2295 | Path: Statevector MPI-distributed (8 ranks)
WARNING: Energy -1.7122 below FCI -1.1373 — HWE ansatz may have left the physical particle-number sector
Iter 0447 | Energy: -1.712186 | Delta: 7.99e-03 | M: 159.6538 | Path: Statevector MPI-distributed (8 ranks)
WARNING: Energy -1.7156 below FCI -1.1373 — HWE ansatz may have left the physical particle-number sector
Iter 0448 | Energy: -1.715607 | Delta: 3.42e-03 | M: 12.7491 | Path: Statevector MPI-distributed (8 ranks)
WARNING: Energy -1.7155 below FCI -1.1373 — HWE ansatz may have left the physical particle-number sector
Iter 0449 | Energy: -1.715482 | Delta: 1.25e-04 | M: 12.4889 | Path: Statevector MPI-distributed (8 ranks)
WARNING: Energy -1.7064 below FCI -1.1373 — HWE ansatz may have left the physical particle-number sector
Iter 0450 | Energy: -1.706450 | Delta: 9.03e-03 | M: 40.8523 | Path: Statevector MPI-distributed (8 ranks)
[RESILIENCE] Iteration 450: Global theta state checkpointed at path checkpoints/checkpoint_iter_0450.npy. 
WARNING: Energy -1.7095 below FCI -1.1373 — HWE ansatz may have left the physical particle-number sector
Iter 0451 | Energy: -1.709492 | Delta: 3.04e-03 | M: 55.2242 | Path: Statevector MPI-distributed (8 ranks)
WARNING: Energy -1.7024 below FCI -1.1373 — HWE ansatz may have left the physical particle-number sector
Iter 0452 | Energy: -1.702407 | Delta: 7.08e-03 | M: 170.5254 | Path: Statevector MPI-distributed (8 ranks)
WARNING: Energy -1.7166 below FCI -1.1373 — HWE ansatz may have left the physical particle-number sector
Iter 0453 | Energy: -1.716600 | Delta: 1.42e-02 | M: 4.9876 | Path: Statevector MPI-distributed (8 ranks)
WARNING: Energy -1.7186 below FCI -1.1373 — HWE ansatz may have left the physical particle-number sector
Iter 0454 | Energy: -1.718649 | Delta: 2.05e-03 | M: 26.0944 | Path: Statevector MPI-distributed (8 ranks)
WARNING: Energy -1.7224 below FCI -1.1373 — HWE ansatz may have left the physical particle-number sector
Iter 0455 | Energy: -1.722437 | Delta: 3.79e-03 | M: 124.9670 | Path: Statevector MPI-distributed (8 ranks)
[RESILIENCE] Iteration 455: Global theta state checkpointed at path checkpoints/checkpoint_iter_0455.npy. 
WARNING: Energy -1.7268 below FCI -1.1373 — HWE ansatz may have left the physical particle-number sector
Iter 0456 | Energy: -1.726802 | Delta: 4.36e-03 | M: 7.2357 | Path: Statevector MPI-distributed (8 ranks)
WARNING: Energy -1.7274 below FCI -1.1373 — HWE ansatz may have left the physical particle-number sector
Iter 0457 | Energy: -1.727358 | Delta: 5.55e-04 | M: 10.7021 | Path: Statevector MPI-distributed (8 ranks)
WARNING: Energy -1.7313 below FCI -1.1373 — HWE ansatz may have left the physical particle-number sector
Iter 0458 | Energy: -1.731260 | Delta: 3.90e-03 | M: 2.5878 | Path: Statevector MPI-distributed (8 ranks)
WARNING: Energy -1.7331 below FCI -1.1373 — HWE ansatz may have left the physical particle-number sector
Iter 0459 | Energy: -1.733090 | Delta: 1.83e-03 | M: 3.3220 | Path: Statevector MPI-distributed (8 ranks)
WARNING: Energy -1.7329 below FCI -1.1373 — HWE ansatz may have left the physical particle-number sector
Iter 0460 | Energy: -1.732913 | Delta: 1.77e-04 | M: 4.1447 | Path: Statevector MPI-distributed (8 ranks)
[RESILIENCE] Iteration 460: Global theta state checkpointed at path checkpoints/checkpoint_iter_0460.npy. 
WARNING: Energy -1.7371 below FCI -1.1373 — HWE ansatz may have left the physical particle-number sector
Iter 0461 | Energy: -1.737122 | Delta: 4.21e-03 | M: 12.0568 | Path: Statevector MPI-distributed (8 ranks)
WARNING: Energy -1.7263 below FCI -1.1373 — HWE ansatz may have left the physical particle-number sector
Iter 0462 | Energy: -1.726252 | Delta: 1.09e-02 | M: 2.9317 | Path: Statevector MPI-distributed (8 ranks)
WARNING: Energy -1.7376 below FCI -1.1373 — HWE ansatz may have left the physical particle-number sector
Iter 0463 | Energy: -1.737639 | Delta: 1.14e-02 | M: 2.5865 | Path: Statevector MPI-distributed (8 ranks)
WARNING: Energy -1.7286 below FCI -1.1373 — HWE ansatz may have left the physical particle-number sector
Iter 0464 | Energy: -1.728612 | Delta: 9.03e-03 | M: 3.1212 | Path: Statevector MPI-distributed (8 ranks)
WARNING: Energy -1.7345 below FCI -1.1373 — HWE ansatz may have left the physical particle-number sector
Iter 0465 | Energy: -1.734511 | Delta: 5.90e-03 | M: 4.2210 | Path: Statevector MPI-distributed (8 ranks)
[RESILIENCE] Iteration 465: Global theta state checkpointed at path checkpoints/checkpoint_iter_0465.npy. 
WARNING: Energy -1.7361 below FCI -1.1373 — HWE ansatz may have left the physical particle-number sector
Iter 0466 | Energy: -1.736112 | Delta: 1.60e-03 | M: 131.6638 | Path: Statevector MPI-distributed (8 ranks)
WARNING: Energy -1.7405 below FCI -1.1373 — HWE ansatz may have left the physical particle-number sector
Iter 0467 | Energy: -1.740478 | Delta: 4.37e-03 | M: 63.2913 | Path: Statevector MPI-distributed (8 ranks)
WARNING: Energy -1.7284 below FCI -1.1373 — HWE ansatz may have left the physical particle-number sector
Iter 0468 | Energy: -1.728400 | Delta: 1.21e-02 | M: 7.0470 | Path: Statevector MPI-distributed (8 ranks)
WARNING: Energy -1.7362 below FCI -1.1373 — HWE ansatz may have left the physical particle-number sector
Iter 0469 | Energy: -1.736172 | Delta: 7.77e-03 | M: 146.5985 | Path: Statevector MPI-distributed (8 ranks)
WARNING: Energy -1.7377 below FCI -1.1373 — HWE ansatz may have left the physical particle-number sector
Iter 0470 | Energy: -1.737749 | Delta: 1.58e-03 | M: 16.3661 | Path: Statevector MPI-distributed (8 ranks)
[RESILIENCE] Iteration 470: Global theta state checkpointed at path checkpoints/checkpoint_iter_0470.npy. 
WARNING: Energy -1.7387 below FCI -1.1373 — HWE ansatz may have left the physical particle-number sector
Iter 0471 | Energy: -1.738735 | Delta: 9.87e-04 | M: 144.8541 | Path: Statevector MPI-distributed (8 ranks)
WARNING: Energy -1.7270 below FCI -1.1373 — HWE ansatz may have left the physical particle-number sector
Iter 0472 | Energy: -1.726980 | Delta: 1.18e-02 | M: 161.0811 | Path: Statevector MPI-distributed (8 ranks)
WARNING: Energy -1.7428 below FCI -1.1373 — HWE ansatz may have left the physical particle-number sector
Iter 0473 | Energy: -1.742795 | Delta: 1.58e-02 | M: 172.2104 | Path: Statevector MPI-distributed (8 ranks)
WARNING: Energy -1.7413 below FCI -1.1373 — HWE ansatz may have left the physical particle-number sector
Iter 0474 | Energy: -1.741296 | Delta: 1.50e-03 | M: 6.4067 | Path: Statevector MPI-distributed (8 ranks)
WARNING: Energy -1.7376 below FCI -1.1373 — HWE ansatz may have left the physical particle-number sector
Iter 0475 | Energy: -1.737617 | Delta: 3.68e-03 | M: 6.1982 | Path: Statevector MPI-distributed (8 ranks)
[RESILIENCE] Iteration 475: Global theta state checkpointed at path checkpoints/checkpoint_iter_0475.npy. 
WARNING: Energy -1.7482 below FCI -1.1373 — HWE ansatz may have left the physical particle-number sector
Iter 0476 | Energy: -1.748228 | Delta: 1.06e-02 | M: 19.5028 | Path: Statevector MPI-distributed (8 ranks)
WARNING: Energy -1.7509 below FCI -1.1373 — HWE ansatz may have left the physical particle-number sector
Iter 0477 | Energy: -1.750880 | Delta: 2.65e-03 | M: 159.3955 | Path: Statevector MPI-distributed (8 ranks)
WARNING: Energy -1.7424 below FCI -1.1373 — HWE ansatz may have left the physical particle-number sector
Iter 0478 | Energy: -1.742351 | Delta: 8.53e-03 | M: 3.2946 | Path: Statevector MPI-distributed (8 ranks)
WARNING: Energy -1.7413 below FCI -1.1373 — HWE ansatz may have left the physical particle-number sector
Iter 0479 | Energy: -1.741269 | Delta: 1.08e-03 | M: 159.1007 | Path: Statevector MPI-distributed (8 ranks)
WARNING: Energy -1.7419 below FCI -1.1373 — HWE ansatz may have left the physical particle-number sector
Iter 0480 | Energy: -1.741901 | Delta: 6.32e-04 | M: 169.2307 | Path: Statevector MPI-distributed (8 ranks)
[RESILIENCE] Iteration 480: Global theta state checkpointed at path checkpoints/checkpoint_iter_0480.npy. 
WARNING: Energy -1.7475 below FCI -1.1373 — HWE ansatz may have left the physical particle-number sector
Iter 0481 | Energy: -1.747505 | Delta: 5.60e-03 | M: 41.5847 | Path: Statevector MPI-distributed (8 ranks)
WARNING: Energy -1.7492 below FCI -1.1373 — HWE ansatz may have left the physical particle-number sector
Iter 0482 | Energy: -1.749172 | Delta: 1.67e-03 | M: 173.9433 | Path: Statevector MPI-distributed (8 ranks)
WARNING: Energy -1.7462 below FCI -1.1373 — HWE ansatz may have left the physical particle-number sector
Iter 0483 | Energy: -1.746246 | Delta: 2.93e-03 | M: 157.7337 | Path: Statevector MPI-distributed (8 ranks)
WARNING: Energy -1.7475 below FCI -1.1373 — HWE ansatz may have left the physical particle-number sector
Iter 0484 | Energy: -1.747477 | Delta: 1.23e-03 | M: 79.0466 | Path: Statevector MPI-distributed (8 ranks)
WARNING: Energy -1.7490 below FCI -1.1373 — HWE ansatz may have left the physical particle-number sector
Iter 0485 | Energy: -1.748985 | Delta: 1.51e-03 | M: 6.7541 | Path: Statevector MPI-distributed (8 ranks)
[RESILIENCE] Iteration 485: Global theta state checkpointed at path checkpoints/checkpoint_iter_0485.npy. 
WARNING: Energy -1.7404 below FCI -1.1373 — HWE ansatz may have left the physical particle-number sector
Iter 0486 | Energy: -1.740358 | Delta: 8.63e-03 | M: 153.8863 | Path: Statevector MPI-distributed (8 ranks)
WARNING: Energy -1.7577 below FCI -1.1373 — HWE ansatz may have left the physical particle-number sector
Iter 0487 | Energy: -1.757703 | Delta: 1.73e-02 | M: 172.3231 | Path: Statevector MPI-distributed (8 ranks)
WARNING: Energy -1.7598 below FCI -1.1373 — HWE ansatz may have left the physical particle-number sector
Iter 0488 | Energy: -1.759799 | Delta: 2.10e-03 | M: 164.1506 | Path: Statevector MPI-distributed (8 ranks)
WARNING: Energy -1.7459 below FCI -1.1373 — HWE ansatz may have left the physical particle-number sector
Iter 0489 | Energy: -1.745913 | Delta: 1.39e-02 | M: 180.1122 | Path: Statevector MPI-distributed (8 ranks)
WARNING: Energy -1.7569 below FCI -1.1373 — HWE ansatz may have left the physical particle-number sector
Iter 0490 | Energy: -1.756896 | Delta: 1.10e-02 | M: 73.4458 | Path: Statevector MPI-distributed (8 ranks)
[RESILIENCE] Iteration 490: Global theta state checkpointed at path checkpoints/checkpoint_iter_0490.npy. 
WARNING: Energy -1.7609 below FCI -1.1373 — HWE ansatz may have left the physical particle-number sector
Iter 0491 | Energy: -1.760876 | Delta: 3.98e-03 | M: 182.5549 | Path: Statevector MPI-distributed (8 ranks)
WARNING: Energy -1.7522 below FCI -1.1373 — HWE ansatz may have left the physical particle-number sector
Iter 0492 | Energy: -1.752168 | Delta: 8.71e-03 | M: 170.7488 | Path: Statevector MPI-distributed (8 ranks)
WARNING: Energy -1.7512 below FCI -1.1373 — HWE ansatz may have left the physical particle-number sector
Iter 0493 | Energy: -1.751164 | Delta: 1.00e-03 | M: 186.8423 | Path: Statevector MPI-distributed (8 ranks)
WARNING: Energy -1.7543 below FCI -1.1373 — HWE ansatz may have left the physical particle-number sector
Iter 0494 | Energy: -1.754306 | Delta: 3.14e-03 | M: 161.3561 | Path: Statevector MPI-distributed (8 ranks)
WARNING: Energy -1.7520 below FCI -1.1373 — HWE ansatz may have left the physical particle-number sector
Iter 0495 | Energy: -1.751969 | Delta: 2.34e-03 | M: 162.2566 | Path: Statevector MPI-distributed (8 ranks)
[RESILIENCE] Iteration 495: Global theta state checkpointed at path checkpoints/checkpoint_iter_0495.npy. 
WARNING: Energy -1.7541 below FCI -1.1373 — HWE ansatz may have left the physical particle-number sector
Iter 0496 | Energy: -1.754077 | Delta: 2.11e-03 | M: 167.4003 | Path: Statevector MPI-distributed (8 ranks)
WARNING: Energy -1.7547 below FCI -1.1373 — HWE ansatz may have left the physical particle-number sector
Iter 0497 | Energy: -1.754660 | Delta: 5.83e-04 | M: 17.2554 | Path: Statevector MPI-distributed (8 ranks)
WARNING: Energy -1.7516 below FCI -1.1373 — HWE ansatz may have left the physical particle-number sector
Iter 0498 | Energy: -1.751581 | Delta: 3.08e-03 | M: 13.8508 | Path: Statevector MPI-distributed (8 ranks)
WARNING: Energy -1.7582 below FCI -1.1373 — HWE ansatz may have left the physical particle-number sector
Iter 0499 | Energy: -1.758196 | Delta: 6.62e-03 | M: 1.6308 | Path: Statevector MPI-distributed (8 ranks)
WARNING: Energy -1.7570 below FCI -1.1373 — HWE ansatz may have left the physical particle-number sector
Iter 0500 | Energy: -1.756955 | Delta: 1.24e-03 | M: 8.2894 | Path: Statevector MPI-distributed (8 ranks)
[RESILIENCE] Iteration 500: Global theta state checkpointed at path checkpoints/checkpoint_iter_0500.npy. 
[Resolver] 'LiH' found in local registry 
[Resolver] 'LiH' found in local registry 
[Resolver] 'LiH' found in local registry 

[H2] Ansatz tier:hwe_adaptive
[H2] Corr score: 0.342 
[H2] Final energy : -1.756955 Ha 
[H2] Reference FCI : -1.137284 Ha 
[H2] Absolute error: +0.6197 Ha  Ha 
[H2] Iterations run: 500
[H2] Wall time: 8.90s (includes QPU queue + RTT) 
[Resolver] 'LiH' found in local registry 
[H2] Time/iter: 0.02 s 
[H2] Source: registry 
[H2] Active electrons: 2 
[H2] Estimated qubits: 4 


--- RUNNING CHEMISTRY TASK LiH ---
[Resolver] 'LiH' found in local registry 
[Resolver] 'LiH' found in local registry 
[Resolver] 'LiH' found in local registry 
[Resolver] 'LiH' found in local registry 
[Chemistry:LiH] 631 Pauli terms, 12 qubits, 96 params,  reps=2. FCI reference: -7.8825 Ha 
[Ansatz] HWE (adaptive) (auto) | corr_score=0.502 | off_diag_ratio=0.007
[Reason] score=0.502 in [0.25, 0.55). Moderate correlation detected (off_diag_ratio=0.007, zz_frac=0.979). Adaptive HWE with full entanglement recommended.
[Chemistry:LiH] 631 Pauli terms, 12 qubits, 96 params,  reps=2. FCI reference: -7.8825 Ha 
[Ansatz] HWE (adaptive) (auto) | corr_score=0.502 | off_diag_ratio=0.007
[Reason] score=0.502 in [0.25, 0.55). Moderate correlation detected (off_diag_ratio=0.007, zz_frac=0.979). Adaptive HWE with full entanglement recommended.
[Chemistry:LiH] 631 Pauli terms, 12 qubits, 96 params,  reps=2. FCI reference: -7.8825 Ha 
[Ansatz] HWE (adaptive) (auto) | corr_score=0.502 | off_diag_ratio=0.007
[Reason] score=0.502 in [0.25, 0.55). Moderate correlation detected (off_diag_ratio=0.007, zz_frac=0.979). Adaptive HWE with full entanglement recommended.
[Chemistry:LiH] 631 Pauli terms, 12 qubits, 96 params,  reps=2. FCI reference: -7.8825 Ha 
[Ansatz] HWE (adaptive) (auto) | corr_score=0.502 | off_diag_ratio=0.007
[Reason] score=0.502 in [0.25, 0.55). Moderate correlation detected (off_diag_ratio=0.007, zz_frac=0.979). Adaptive HWE with full entanglement recommended.
[Chemistry:LiH] 631 Pauli terms, 12 qubits, 96 params,  reps=2. FCI reference: -7.8825 Ha 
[Ansatz] HWE (adaptive) (auto) | corr_score=0.502 | off_diag_ratio=0.007
[Reason] score=0.502 in [0.25, 0.55). Moderate correlation detected (off_diag_ratio=0.007, zz_frac=0.979). Adaptive HWE with full entanglement recommended.
[Chemistry:LiH] 631 Pauli terms, 12 qubits, 96 params,  reps=2. FCI reference: -7.8825 Ha 
[Ansatz] HWE (adaptive) (auto) | corr_score=0.502 | off_diag_ratio=0.007
[Reason] score=0.502 in [0.25, 0.55). Moderate correlation detected (off_diag_ratio=0.007, zz_frac=0.979). Adaptive HWE with full entanglement recommended.
[Chemistry:LiH] 631 Pauli terms, 12 qubits, 96 params,  reps=2. FCI reference: -7.8825 Ha 
[Ansatz] HWE (adaptive) (auto) | corr_score=0.502 | off_diag_ratio=0.007
[Reason] score=0.502 in [0.25, 0.55). Moderate correlation detected (off_diag_ratio=0.007, zz_frac=0.979). Adaptive HWE with full entanglement recommended.
[Chemistry:LiH] 631 Pauli terms, 12 qubits, 96 params,  reps=2. FCI reference: -7.8825 Ha 
[Ansatz] HWE (adaptive) (auto) | corr_score=0.502 | off_diag_ratio=0.007
[Reason] score=0.502 in [0.25, 0.55). Moderate correlation detected (off_diag_ratio=0.007, zz_frac=0.979). Adaptive HWE with full entanglement recommended.
Iter 0001 | Energy: -0.403197 | Delta: inf | M: 8.1443 | Path: Statevector MPI-distributed (8 ranks)
Iter 0002 | Energy: -0.356889 | Delta: 4.63e-02 | M: 25.7559 | Path: Statevector MPI-distributed (8 ranks)
Iter 0003 | Energy: -0.365687 | Delta: 8.80e-03 | M: 7.8422 | Path: Statevector MPI-distributed (8 ranks)
Iter 0004 | Energy: -0.350342 | Delta: 1.53e-02 | M: 1451.5052 | Path: Statevector MPI-distributed (8 ranks)
Iter 0005 | Energy: -0.330431 | Delta: 1.99e-02 | M: 1694.7799 | Path: Statevector MPI-distributed (8 ranks)
[RESILIENCE] Iteration 5: Global theta state checkpointed at path checkpoints/checkpoint_iter_0005.npy. 
Iter 0006 | Energy: -0.322874 | Delta: 7.56e-03 | M: 137.2788 | Path: Statevector MPI-distributed (8 ranks)
Iter 0007 | Energy: -0.365135 | Delta: 4.23e-02 | M: 1681.9806 | Path: Statevector MPI-distributed (8 ranks)
Iter 0008 | Energy: -0.363050 | Delta: 2.09e-03 | M: 1163.0195 | Path: Statevector MPI-distributed (8 ranks)
Iter 0009 | Energy: -0.359068 | Delta: 3.98e-03 | M: 1409.0214 | Path: Statevector MPI-distributed (8 ranks)
Iter 0010 | Energy: -0.358565 | Delta: 5.03e-04 | M: 1528.6157 | Path: Statevector MPI-distributed (8 ranks)
[RESILIENCE] Iteration 10: Global theta state checkpointed at path checkpoints/checkpoint_iter_0010.npy. 
Iter 0011 | Energy: -0.386694 | Delta: 2.81e-02 | M: 1435.7911 | Path: Statevector MPI-distributed (8 ranks)
Iter 0012 | Energy: -0.369313 | Delta: 1.74e-02 | M: 1681.7491 | Path: Statevector MPI-distributed (8 ranks)
Iter 0013 | Energy: -0.381741 | Delta: 1.24e-02 | M: 10.3001 | Path: Statevector MPI-distributed (8 ranks)
Iter 0014 | Energy: -0.395511 | Delta: 1.38e-02 | M: 80.5394 | Path: Statevector MPI-distributed (8 ranks)
Iter 0015 | Energy: -0.391675 | Delta: 3.84e-03 | M: 156.3064 | Path: Statevector MPI-distributed (8 ranks)
[RESILIENCE] Iteration 15: Global theta state checkpointed at path checkpoints/checkpoint_iter_0015.npy. 
Iter 0016 | Energy: -0.399460 | Delta: 7.78e-03 | M: 240.3487 | Path: Statevector MPI-distributed (8 ranks)
Iter 0017 | Energy: -0.422759 | Delta: 2.33e-02 | M: 34.3653 | Path: Statevector MPI-distributed (8 ranks)
Iter 0018 | Energy: -0.425651 | Delta: 2.89e-03 | M: 17.4285 | Path: Statevector MPI-distributed (8 ranks)
Iter 0019 | Energy: -0.422051 | Delta: 3.60e-03 | M: 41.0540 | Path: Statevector MPI-distributed (8 ranks)
Iter 0020 | Energy: -0.415613 | Delta: 6.44e-03 | M: 113.0847 | Path: Statevector MPI-distributed (8 ranks)
[RESILIENCE] Iteration 20: Global theta state checkpointed at path checkpoints/checkpoint_iter_0020.npy. 
Iter 0021 | Energy: -0.461123 | Delta: 4.55e-02 | M: 296.6440 | Path: Statevector MPI-distributed (8 ranks)
Iter 0022 | Energy: -0.458169 | Delta: 2.95e-03 | M: 46.4349 | Path: Statevector MPI-distributed (8 ranks)
Iter 0023 | Energy: -0.454213 | Delta: 3.96e-03 | M: 52.5941 | Path: Statevector MPI-distributed (8 ranks)
Iter 0024 | Energy: -0.515664 | Delta: 6.15e-02 | M: 35.1344 | Path: Statevector MPI-distributed (8 ranks)
Iter 0025 | Energy: -0.511558 | Delta: 4.11e-03 | M: 18.9030 | Path: Statevector MPI-distributed (8 ranks)
[RESILIENCE] Iteration 25: Global theta state checkpointed at path checkpoints/checkpoint_iter_0025.npy. 
Iter 0026 | Energy: -0.529909 | Delta: 1.84e-02 | M: 4.3865 | Path: Statevector MPI-distributed (8 ranks)
Iter 0027 | Energy: -0.512263 | Delta: 1.76e-02 | M: 11.5295 | Path: Statevector MPI-distributed (8 ranks)
Iter 0028 | Energy: -0.591550 | Delta: 7.93e-02 | M: 73.6069 | Path: Statevector MPI-distributed (8 ranks)
Iter 0029 | Energy: -0.607963 | Delta: 1.64e-02 | M: 46.3993 | Path: Statevector MPI-distributed (8 ranks)
Iter 0030 | Energy: -0.604950 | Delta: 3.01e-03 | M: 126.7759 | Path: Statevector MPI-distributed (8 ranks)
[RESILIENCE] Iteration 30: Global theta state checkpointed at path checkpoints/checkpoint_iter_0030.npy. 
Iter 0031 | Energy: -0.586723 | Delta: 1.82e-02 | M: 40.2896 | Path: Statevector MPI-distributed (8 ranks)
Iter 0032 | Energy: -0.603485 | Delta: 1.68e-02 | M: 2.2665 | Path: Statevector MPI-distributed (8 ranks)
Iter 0033 | Energy: -0.659813 | Delta: 5.63e-02 | M: 2.6309 | Path: Statevector MPI-distributed (8 ranks)
Iter 0034 | Energy: -0.739616 | Delta: 7.98e-02 | M: 2.2918 | Path: Statevector MPI-distributed (8 ranks)
Iter 0035 | Energy: -0.725950 | Delta: 1.37e-02 | M: 174.6273 | Path: Statevector MPI-distributed (8 ranks)
[RESILIENCE] Iteration 35: Global theta state checkpointed at path checkpoints/checkpoint_iter_0035.npy. 
Iter 0036 | Energy: -0.745999 | Delta: 2.00e-02 | M: 33.8432 | Path: Statevector MPI-distributed (8 ranks)
Iter 0037 | Energy: -0.724113 | Delta: 2.19e-02 | M: 55.1594 | Path: Statevector MPI-distributed (8 ranks)
Iter 0038 | Energy: -0.724041 | Delta: 7.20e-05 | M: 24.3700 | Path: Statevector MPI-distributed (8 ranks)
Iter 0039 | Energy: -0.767884 | Delta: 4.38e-02 | M: 19.9249 | Path: Statevector MPI-distributed (8 ranks)
Iter 0040 | Energy: -0.777452 | Delta: 9.57e-03 | M: 14.9337 | Path: Statevector MPI-distributed (8 ranks)
[RESILIENCE] Iteration 40: Global theta state checkpointed at path checkpoints/checkpoint_iter_0040.npy. 
Iter 0041 | Energy: -0.821831 | Delta: 4.44e-02 | M: 17.5356 | Path: Statevector MPI-distributed (8 ranks)
Iter 0042 | Energy: -0.806514 | Delta: 1.53e-02 | M: 4.8844 | Path: Statevector MPI-distributed (8 ranks)
Iter 0043 | Energy: -0.816182 | Delta: 9.67e-03 | M: 7.5252 | Path: Statevector MPI-distributed (8 ranks)
Iter 0044 | Energy: -0.823972 | Delta: 7.79e-03 | M: 7.5431 | Path: Statevector MPI-distributed (8 ranks)
Iter 0045 | Energy: -0.847683 | Delta: 2.37e-02 | M: 16.3236 | Path: Statevector MPI-distributed (8 ranks)
[RESILIENCE] Iteration 45: Global theta state checkpointed at path checkpoints/checkpoint_iter_0045.npy. 
Iter 0046 | Energy: -0.845600 | Delta: 2.08e-03 | M: 20.1604 | Path: Statevector MPI-distributed (8 ranks)
Iter 0047 | Energy: -0.860419 | Delta: 1.48e-02 | M: 2.2922 | Path: Statevector MPI-distributed (8 ranks)
Iter 0048 | Energy: -0.862032 | Delta: 1.61e-03 | M: 5.2688 | Path: Statevector MPI-distributed (8 ranks)
Iter 0049 | Energy: -0.859766 | Delta: 2.27e-03 | M: 39.1034 | Path: Statevector MPI-distributed (8 ranks)
Iter 0050 | Energy: -0.990205 | Delta: 1.30e-01 | M: 30.7006 | Path: Statevector MPI-distributed (8 ranks)
[RESILIENCE] Iteration 50: Global theta state checkpointed at path checkpoints/checkpoint_iter_0050.npy. 
Iter 0051 | Energy: -1.029657 | Delta: 3.95e-02 | M: 30.1916 | Path: Statevector MPI-distributed (8 ranks)
Iter 0052 | Energy: -1.149992 | Delta: 1.20e-01 | M: 51.4814 | Path: Statevector MPI-distributed (8 ranks)
Iter 0053 | Energy: -1.371145 | Delta: 2.21e-01 | M: 65.5800 | Path: Statevector MPI-distributed (8 ranks)
Iter 0054 | Energy: -1.356878 | Delta: 1.43e-02 | M: 2.7221 | Path: Statevector MPI-distributed (8 ranks)
Iter 0055 | Energy: -1.372451 | Delta: 1.56e-02 | M: 1356.9956 | Path: Statevector MPI-distributed (8 ranks)
[RESILIENCE] Iteration 55: Global theta state checkpointed at path checkpoints/checkpoint_iter_0055.npy. 
Iter 0056 | Energy: -1.369789 | Delta: 2.66e-03 | M: 1.9802 | Path: Statevector MPI-distributed (8 ranks)
Iter 0057 | Energy: -1.362670 | Delta: 7.12e-03 | M: 6.2113 | Path: Statevector MPI-distributed (8 ranks)
Iter 0058 | Energy: -1.377394 | Delta: 1.47e-02 | M: 3.2040 | Path: Statevector MPI-distributed (8 ranks)
Iter 0059 | Energy: -1.461807 | Delta: 8.44e-02 | M: 7.7529 | Path: Statevector MPI-distributed (8 ranks)
Iter 0060 | Energy: -1.467302 | Delta: 5.50e-03 | M: 23.7836 | Path: Statevector MPI-distributed (8 ranks)
[RESILIENCE] Iteration 60: Global theta state checkpointed at path checkpoints/checkpoint_iter_0060.npy. 
Iter 0061 | Energy: -1.535950 | Delta: 6.86e-02 | M: 3.2201 | Path: Statevector MPI-distributed (8 ranks)
Iter 0062 | Energy: -1.543729 | Delta: 7.78e-03 | M: 1.2764 | Path: Statevector MPI-distributed (8 ranks)
Iter 0063 | Energy: -1.653183 | Delta: 1.09e-01 | M: 2.3188 | Path: Statevector MPI-distributed (8 ranks)
Iter 0064 | Energy: -1.791372 | Delta: 1.38e-01 | M: 7.7742 | Path: Statevector MPI-distributed (8 ranks)
Iter 0065 | Energy: -1.818054 | Delta: 2.67e-02 | M: 22.1509 | Path: Statevector MPI-distributed (8 ranks)
[RESILIENCE] Iteration 65: Global theta state checkpointed at path checkpoints/checkpoint_iter_0065.npy. 
Iter 0066 | Energy: -1.820897 | Delta: 2.84e-03 | M: 26.0318 | Path: Statevector MPI-distributed (8 ranks)
Iter 0067 | Energy: -1.836693 | Delta: 1.58e-02 | M: 15.8857 | Path: Statevector MPI-distributed (8 ranks)
Iter 0068 | Energy: -1.859676 | Delta: 2.30e-02 | M: 48.7495 | Path: Statevector MPI-distributed (8 ranks)
Iter 0069 | Energy: -2.107665 | Delta: 2.48e-01 | M: 236.5947 | Path: Statevector MPI-distributed (8 ranks)
Iter 0070 | Energy: -2.177020 | Delta: 6.94e-02 | M: 55.0554 | Path: Statevector MPI-distributed (8 ranks)
[RESILIENCE] Iteration 70: Global theta state checkpointed at path checkpoints/checkpoint_iter_0070.npy. 
Iter 0071 | Energy: -2.170359 | Delta: 6.66e-03 | M: 74.9966 | Path: Statevector MPI-distributed (8 ranks)
Iter 0072 | Energy: -2.285271 | Delta: 1.15e-01 | M: 69.6491 | Path: Statevector MPI-distributed (8 ranks)
Iter 0073 | Energy: -2.287502 | Delta: 2.23e-03 | M: 39.0334 | Path: Statevector MPI-distributed (8 ranks)
Iter 0074 | Energy: -2.429361 | Delta: 1.42e-01 | M: 111.8845 | Path: Statevector MPI-distributed (8 ranks)
Iter 0075 | Energy: -2.435807 | Delta: 6.45e-03 | M: 7.0295 | Path: Statevector MPI-distributed (8 ranks)
[RESILIENCE] Iteration 75: Global theta state checkpointed at path checkpoints/checkpoint_iter_0075.npy. 
Iter 0076 | Energy: -2.451859 | Delta: 1.61e-02 | M: 75.1893 | Path: Statevector MPI-distributed (8 ranks)
Iter 0077 | Energy: -2.549807 | Delta: 9.79e-02 | M: 4.0226 | Path: Statevector MPI-distributed (8 ranks)
Iter 0078 | Energy: -2.625387 | Delta: 7.56e-02 | M: 92.4247 | Path: Statevector MPI-distributed (8 ranks)
Iter 0079 | Energy: -2.615433 | Delta: 9.95e-03 | M: 153.7538 | Path: Statevector MPI-distributed (8 ranks)
Iter 0080 | Energy: -2.727280 | Delta: 1.12e-01 | M: 1268.3660 | Path: Statevector MPI-distributed (8 ranks)
[RESILIENCE] Iteration 80: Global theta state checkpointed at path checkpoints/checkpoint_iter_0080.npy. 
Iter 0081 | Energy: -2.728198 | Delta: 9.17e-04 | M: 284.0679 | Path: Statevector MPI-distributed (8 ranks)
Iter 0082 | Energy: -2.935479 | Delta: 2.07e-01 | M: 4.5361 | Path: Statevector MPI-distributed (8 ranks)
Iter 0083 | Energy: -3.005555 | Delta: 7.01e-02 | M: 1685.2852 | Path: Statevector MPI-distributed (8 ranks)
Iter 0084 | Energy: -3.159456 | Delta: 1.54e-01 | M: 17.6508 | Path: Statevector MPI-distributed (8 ranks)
Iter 0085 | Energy: -3.259165 | Delta: 9.97e-02 | M: 26.7646 | Path: Statevector MPI-distributed (8 ranks)
[RESILIENCE] Iteration 85: Global theta state checkpointed at path checkpoints/checkpoint_iter_0085.npy. 
Iter 0086 | Energy: -3.309194 | Delta: 5.00e-02 | M: 38.2937 | Path: Statevector MPI-distributed (8 ranks)
Iter 0087 | Energy: -3.379152 | Delta: 7.00e-02 | M: 31.9746 | Path: Statevector MPI-distributed (8 ranks)
Iter 0088 | Energy: -3.362459 | Delta: 1.67e-02 | M: 73.1872 | Path: Statevector MPI-distributed (8 ranks)
Iter 0089 | Energy: -3.510345 | Delta: 1.48e-01 | M: 18.3845 | Path: Statevector MPI-distributed (8 ranks)
Iter 0090 | Energy: -3.503400 | Delta: 6.95e-03 | M: 153.7634 | Path: Statevector MPI-distributed (8 ranks)
[RESILIENCE] Iteration 90: Global theta state checkpointed at path checkpoints/checkpoint_iter_0090.npy. 
Iter 0091 | Energy: -3.535577 | Delta: 3.22e-02 | M: 3.5851 | Path: Statevector MPI-distributed (8 ranks)
Iter 0092 | Energy: -3.542103 | Delta: 6.53e-03 | M: 17.5651 | Path: Statevector MPI-distributed (8 ranks)
Iter 0093 | Energy: -3.547349 | Delta: 5.25e-03 | M: 20.7359 | Path: Statevector MPI-distributed (8 ranks)
Iter 0094 | Energy: -3.532218 | Delta: 1.51e-02 | M: 23.5478 | Path: Statevector MPI-distributed (8 ranks)
Iter 0095 | Energy: -3.665547 | Delta: 1.33e-01 | M: 7.0209 | Path: Statevector MPI-distributed (8 ranks)
[RESILIENCE] Iteration 95: Global theta state checkpointed at path checkpoints/checkpoint_iter_0095.npy. 
Iter 0096 | Energy: -3.767071 | Delta: 1.02e-01 | M: 20.1814 | Path: Statevector MPI-distributed (8 ranks)
Iter 0097 | Energy: -3.768963 | Delta: 1.89e-03 | M: 2.6012 | Path: Statevector MPI-distributed (8 ranks)
Iter 0098 | Energy: -3.764949 | Delta: 4.01e-03 | M: 1.3258 | Path: Statevector MPI-distributed (8 ranks)
Iter 0099 | Energy: -3.903117 | Delta: 1.38e-01 | M: 1615.1357 | Path: Statevector MPI-distributed (8 ranks)
Iter 0100 | Energy: -3.949264 | Delta: 4.61e-02 | M: 16.6058 | Path: Statevector MPI-distributed (8 ranks)
[RESILIENCE] Iteration 100: Global theta state checkpointed at path checkpoints/checkpoint_iter_0100.npy. 
Iter 0101 | Energy: -4.018452 | Delta: 6.92e-02 | M: 17.3594 | Path: Statevector MPI-distributed (8 ranks)
Iter 0102 | Energy: -4.019974 | Delta: 1.52e-03 | M: 7.7971 | Path: Statevector MPI-distributed (8 ranks)
Iter 0103 | Energy: -4.044866 | Delta: 2.49e-02 | M: 11.8112 | Path: Statevector MPI-distributed (8 ranks)
Iter 0104 | Energy: -4.079856 | Delta: 3.50e-02 | M: 13.3428 | Path: Statevector MPI-distributed (8 ranks)
Iter 0105 | Energy: -4.085814 | Delta: 5.96e-03 | M: 40.1223 | Path: Statevector MPI-distributed (8 ranks)
[RESILIENCE] Iteration 105: Global theta state checkpointed at path checkpoints/checkpoint_iter_0105.npy. 
Iter 0106 | Energy: -4.094743 | Delta: 8.93e-03 | M: 26.2165 | Path: Statevector MPI-distributed (8 ranks)
Iter 0107 | Energy: -4.125442 | Delta: 3.07e-02 | M: 1257.5856 | Path: Statevector MPI-distributed (8 ranks)
Iter 0108 | Energy: -4.140609 | Delta: 1.52e-02 | M: 2.9340 | Path: Statevector MPI-distributed (8 ranks)
Iter 0109 | Energy: -4.136818 | Delta: 3.79e-03 | M: 13.9254 | Path: Statevector MPI-distributed (8 ranks)
Iter 0110 | Energy: -4.177062 | Delta: 4.02e-02 | M: 1.8019 | Path: Statevector MPI-distributed (8 ranks)
[RESILIENCE] Iteration 110: Global theta state checkpointed at path checkpoints/checkpoint_iter_0110.npy. 
Iter 0111 | Energy: -4.220668 | Delta: 4.36e-02 | M: 1521.0900 | Path: Statevector MPI-distributed (8 ranks)
Iter 0112 | Energy: -4.232429 | Delta: 1.18e-02 | M: 1.6794 | Path: Statevector MPI-distributed (8 ranks)
Iter 0113 | Energy: -4.365932 | Delta: 1.34e-01 | M: 18.9229 | Path: Statevector MPI-distributed (8 ranks)
Iter 0114 | Energy: -4.370800 | Delta: 4.87e-03 | M: 15.4130 | Path: Statevector MPI-distributed (8 ranks)
Iter 0115 | Energy: -4.376514 | Delta: 5.71e-03 | M: 11.2830 | Path: Statevector MPI-distributed (8 ranks)
[RESILIENCE] Iteration 115: Global theta state checkpointed at path checkpoints/checkpoint_iter_0115.npy. 
Iter 0116 | Energy: -4.424620 | Delta: 4.81e-02 | M: 7.8856 | Path: Statevector MPI-distributed (8 ranks)
Iter 0117 | Energy: -4.489490 | Delta: 6.49e-02 | M: 25.7615 | Path: Statevector MPI-distributed (8 ranks)
Iter 0118 | Energy: -4.498878 | Delta: 9.39e-03 | M: 12.2525 | Path: Statevector MPI-distributed (8 ranks)
Iter 0119 | Energy: -4.483366 | Delta: 1.55e-02 | M: 16.9966 | Path: Statevector MPI-distributed (8 ranks)
Iter 0120 | Energy: -4.487395 | Delta: 4.03e-03 | M: 22.3012 | Path: Statevector MPI-distributed (8 ranks)
[RESILIENCE] Iteration 120: Global theta state checkpointed at path checkpoints/checkpoint_iter_0120.npy. 
Iter 0121 | Energy: -4.533538 | Delta: 4.61e-02 | M: 15.5271 | Path: Statevector MPI-distributed (8 ranks)
Iter 0122 | Energy: -4.549166 | Delta: 1.56e-02 | M: 1718.7196 | Path: Statevector MPI-distributed (8 ranks)
Iter 0123 | Energy: -4.532981 | Delta: 1.62e-02 | M: 15.0878 | Path: Statevector MPI-distributed (8 ranks)
Iter 0124 | Energy: -4.664615 | Delta: 1.32e-01 | M: 1164.9001 | Path: Statevector MPI-distributed (8 ranks)
Iter 0125 | Energy: -4.726697 | Delta: 6.21e-02 | M: 221.1137 | Path: Statevector MPI-distributed (8 ranks)
[RESILIENCE] Iteration 125: Global theta state checkpointed at path checkpoints/checkpoint_iter_0125.npy. 
Iter 0126 | Energy: -4.706978 | Delta: 1.97e-02 | M: 30.6313 | Path: Statevector MPI-distributed (8 ranks)
Iter 0127 | Energy: -4.735618 | Delta: 2.86e-02 | M: 15.0996 | Path: Statevector MPI-distributed (8 ranks)
Iter 0128 | Energy: -4.731595 | Delta: 4.02e-03 | M: 16.6552 | Path: Statevector MPI-distributed (8 ranks)
Iter 0129 | Energy: -4.800643 | Delta: 6.90e-02 | M: 13.8480 | Path: Statevector MPI-distributed (8 ranks)
Iter 0130 | Energy: -4.795727 | Delta: 4.92e-03 | M: 9.5773 | Path: Statevector MPI-distributed (8 ranks)
[RESILIENCE] Iteration 130: Global theta state checkpointed at path checkpoints/checkpoint_iter_0130.npy. 
Iter 0131 | Energy: -4.828329 | Delta: 3.26e-02 | M: 15.4741 | Path: Statevector MPI-distributed (8 ranks)
Iter 0132 | Energy: -4.830330 | Delta: 2.00e-03 | M: 32.2280 | Path: Statevector MPI-distributed (8 ranks)
Iter 0133 | Energy: -4.853403 | Delta: 2.31e-02 | M: 14.6672 | Path: Statevector MPI-distributed (8 ranks)
Iter 0134 | Energy: -4.900739 | Delta: 4.73e-02 | M: 17.9923 | Path: Statevector MPI-distributed (8 ranks)
Iter 0135 | Energy: -4.900321 | Delta: 4.18e-04 | M: 31.4164 | Path: Statevector MPI-distributed (8 ranks)
[RESILIENCE] Iteration 135: Global theta state checkpointed at path checkpoints/checkpoint_iter_0135.npy. 
Iter 0136 | Energy: -4.939659 | Delta: 3.93e-02 | M: 7.9118 | Path: Statevector MPI-distributed (8 ranks)
Iter 0137 | Energy: -4.958440 | Delta: 1.88e-02 | M: 10.9301 | Path: Statevector MPI-distributed (8 ranks)
Iter 0138 | Energy: -4.961726 | Delta: 3.29e-03 | M: 20.8595 | Path: Statevector MPI-distributed (8 ranks)
Iter 0139 | Energy: -4.977439 | Delta: 1.57e-02 | M: 19.4823 | Path: Statevector MPI-distributed (8 ranks)
Iter 0140 | Energy: -4.976427 | Delta: 1.01e-03 | M: 7.6698 | Path: Statevector MPI-distributed (8 ranks)
[RESILIENCE] Iteration 140: Global theta state checkpointed at path checkpoints/checkpoint_iter_0140.npy. 
Iter 0141 | Energy: -4.991082 | Delta: 1.47e-02 | M: 20.3277 | Path: Statevector MPI-distributed (8 ranks)
Iter 0142 | Energy: -5.005204 | Delta: 1.41e-02 | M: 21.0599 | Path: Statevector MPI-distributed (8 ranks)
Iter 0143 | Energy: -5.015372 | Delta: 1.02e-02 | M: 18.8625 | Path: Statevector MPI-distributed (8 ranks)
Iter 0144 | Energy: -5.017822 | Delta: 2.45e-03 | M: 27.6609 | Path: Statevector MPI-distributed (8 ranks)
Iter 0145 | Energy: -5.025174 | Delta: 7.35e-03 | M: 12.2801 | Path: Statevector MPI-distributed (8 ranks)
[RESILIENCE] Iteration 145: Global theta state checkpointed at path checkpoints/checkpoint_iter_0145.npy. 
Iter 0146 | Energy: -5.025943 | Delta: 7.70e-04 | M: 17.4492 | Path: Statevector MPI-distributed (8 ranks)
Iter 0147 | Energy: -5.036755 | Delta: 1.08e-02 | M: 17.3775 | Path: Statevector MPI-distributed (8 ranks)
Iter 0148 | Energy: -5.050925 | Delta: 1.42e-02 | M: 16.1660 | Path: Statevector MPI-distributed (8 ranks)
Iter 0149 | Energy: -5.086199 | Delta: 3.53e-02 | M: 43.2403 | Path: Statevector MPI-distributed (8 ranks)
Iter 0150 | Energy: -5.078976 | Delta: 7.22e-03 | M: 1.3147 | Path: Statevector MPI-distributed (8 ranks)
[RESILIENCE] Iteration 150: Global theta state checkpointed at path checkpoints/checkpoint_iter_0150.npy. 
Iter 0151 | Energy: -5.170097 | Delta: 9.11e-02 | M: 17.6176 | Path: Statevector MPI-distributed (8 ranks)
Iter 0152 | Energy: -5.208209 | Delta: 3.81e-02 | M: 1635.7712 | Path: Statevector MPI-distributed (8 ranks)
Iter 0153 | Energy: -5.206417 | Delta: 1.79e-03 | M: 1.9836 | Path: Statevector MPI-distributed (8 ranks)
Iter 0154 | Energy: -5.204488 | Delta: 1.93e-03 | M: 21.0698 | Path: Statevector MPI-distributed (8 ranks)
Iter 0155 | Energy: -5.204538 | Delta: 4.98e-05 | M: 25.6111 | Path: Statevector MPI-distributed (8 ranks)
[RESILIENCE] Iteration 155: Global theta state checkpointed at path checkpoints/checkpoint_iter_0155.npy. 
Iter 0156 | Energy: -5.226721 | Delta: 2.22e-02 | M: 22.0777 | Path: Statevector MPI-distributed (8 ranks)
Iter 0157 | Energy: -5.238118 | Delta: 1.14e-02 | M: 3.3908 | Path: Statevector MPI-distributed (8 ranks)
Iter 0158 | Energy: -5.316341 | Delta: 7.82e-02 | M: 2.4256 | Path: Statevector MPI-distributed (8 ranks)
Iter 0159 | Energy: -5.312661 | Delta: 3.68e-03 | M: 2.5526 | Path: Statevector MPI-distributed (8 ranks)
Iter 0160 | Energy: -5.314141 | Delta: 1.48e-03 | M: 9.5678 | Path: Statevector MPI-distributed (8 ranks)
[RESILIENCE] Iteration 160: Global theta state checkpointed at path checkpoints/checkpoint_iter_0160.npy. 
Iter 0161 | Energy: -5.310958 | Delta: 3.18e-03 | M: 18.8719 | Path: Statevector MPI-distributed (8 ranks)
Iter 0162 | Energy: -5.343694 | Delta: 3.27e-02 | M: 35.9931 | Path: Statevector MPI-distributed (8 ranks)
Iter 0163 | Energy: -5.342698 | Delta: 9.96e-04 | M: 165.6503 | Path: Statevector MPI-distributed (8 ranks)
Iter 0164 | Energy: -5.334781 | Delta: 7.92e-03 | M: 1262.8061 | Path: Statevector MPI-distributed (8 ranks)
Iter 0165 | Energy: -5.376233 | Delta: 4.15e-02 | M: 16.7461 | Path: Statevector MPI-distributed (8 ranks)
[RESILIENCE] Iteration 165: Global theta state checkpointed at path checkpoints/checkpoint_iter_0165.npy. 
Iter 0166 | Energy: -5.389907 | Delta: 1.37e-02 | M: 16.3196 | Path: Statevector MPI-distributed (8 ranks)
Iter 0167 | Energy: -5.378961 | Delta: 1.09e-02 | M: 1648.6005 | Path: Statevector MPI-distributed (8 ranks)
Iter 0168 | Energy: -5.420793 | Delta: 4.18e-02 | M: 25.9347 | Path: Statevector MPI-distributed (8 ranks)
Iter 0169 | Energy: -5.436181 | Delta: 1.54e-02 | M: 16.1920 | Path: Statevector MPI-distributed (8 ranks)
Iter 0170 | Energy: -5.450869 | Delta: 1.47e-02 | M: 16.7593 | Path: Statevector MPI-distributed (8 ranks)
[RESILIENCE] Iteration 170: Global theta state checkpointed at path checkpoints/checkpoint_iter_0170.npy. 
Iter 0171 | Energy: -5.471722 | Delta: 2.09e-02 | M: 14.1411 | Path: Statevector MPI-distributed (8 ranks)
Iter 0172 | Energy: -5.475523 | Delta: 3.80e-03 | M: 12.4053 | Path: Statevector MPI-distributed (8 ranks)
Iter 0173 | Energy: -5.465647 | Delta: 9.88e-03 | M: 16.6242 | Path: Statevector MPI-distributed (8 ranks)
Iter 0174 | Energy: -5.470244 | Delta: 4.60e-03 | M: 17.6726 | Path: Statevector MPI-distributed (8 ranks)
Iter 0175 | Energy: -5.509158 | Delta: 3.89e-02 | M: 14.2381 | Path: Statevector MPI-distributed (8 ranks)
[RESILIENCE] Iteration 175: Global theta state checkpointed at path checkpoints/checkpoint_iter_0175.npy. 
Iter 0176 | Energy: -5.483298 | Delta: 2.59e-02 | M: 20.5726 | Path: Statevector MPI-distributed (8 ranks)
Iter 0177 | Energy: -5.521768 | Delta: 3.85e-02 | M: 19.3280 | Path: Statevector MPI-distributed (8 ranks)
Iter 0178 | Energy: -5.569736 | Delta: 4.80e-02 | M: 27.3433 | Path: Statevector MPI-distributed (8 ranks)
Iter 0179 | Energy: -5.588919 | Delta: 1.92e-02 | M: 9.6511 | Path: Statevector MPI-distributed (8 ranks)
Iter 0180 | Energy: -5.662601 | Delta: 7.37e-02 | M: 2.1448 | Path: Statevector MPI-distributed (8 ranks)
[RESILIENCE] Iteration 180: Global theta state checkpointed at path checkpoints/checkpoint_iter_0180.npy. 
Iter 0181 | Energy: -5.658262 | Delta: 4.34e-03 | M: 1285.1077 | Path: Statevector MPI-distributed (8 ranks)
Iter 0182 | Energy: -5.674093 | Delta: 1.58e-02 | M: 30.2411 | Path: Statevector MPI-distributed (8 ranks)
Iter 0183 | Energy: -5.680233 | Delta: 6.14e-03 | M: 809.7181 | Path: Statevector MPI-distributed (8 ranks)
Iter 0184 | Energy: -5.706754 | Delta: 2.65e-02 | M: 22.5678 | Path: Statevector MPI-distributed (8 ranks)
Iter 0185 | Energy: -5.699183 | Delta: 7.57e-03 | M: 15.7756 | Path: Statevector MPI-distributed (8 ranks)
[RESILIENCE] Iteration 185: Global theta state checkpointed at path checkpoints/checkpoint_iter_0185.npy. 
Iter 0186 | Energy: -5.758465 | Delta: 5.93e-02 | M: 1303.8868 | Path: Statevector MPI-distributed (8 ranks)
Iter 0187 | Energy: -5.766132 | Delta: 7.67e-03 | M: 12.7173 | Path: Statevector MPI-distributed (8 ranks)
Iter 0188 | Energy: -5.769659 | Delta: 3.53e-03 | M: 32.3939 | Path: Statevector MPI-distributed (8 ranks)
Iter 0189 | Energy: -5.766166 | Delta: 3.49e-03 | M: 17.5673 | Path: Statevector MPI-distributed (8 ranks)
Iter 0190 | Energy: -5.775008 | Delta: 8.84e-03 | M: 16.2047 | Path: Statevector MPI-distributed (8 ranks)
[RESILIENCE] Iteration 190: Global theta state checkpointed at path checkpoints/checkpoint_iter_0190.npy. 
Iter 0191 | Energy: -5.782869 | Delta: 7.86e-03 | M: 23.4203 | Path: Statevector MPI-distributed (8 ranks)
Iter 0192 | Energy: -5.804528 | Delta: 2.17e-02 | M: 4.2769 | Path: Statevector MPI-distributed (8 ranks)
Iter 0193 | Energy: -5.794704 | Delta: 9.82e-03 | M: 16.1133 | Path: Statevector MPI-distributed (8 ranks)
Iter 0194 | Energy: -5.827070 | Delta: 3.24e-02 | M: 19.9232 | Path: Statevector MPI-distributed (8 ranks)
Iter 0195 | Energy: -5.792999 | Delta: 3.41e-02 | M: 9.3674 | Path: Statevector MPI-distributed (8 ranks)
[RESILIENCE] Iteration 195: Global theta state checkpointed at path checkpoints/checkpoint_iter_0195.npy. 
Iter 0196 | Energy: -5.850055 | Delta: 5.71e-02 | M: 13.2092 | Path: Statevector MPI-distributed (8 ranks)
Iter 0197 | Energy: -5.864887 | Delta: 1.48e-02 | M: 16.9636 | Path: Statevector MPI-distributed (8 ranks)
Iter 0198 | Energy: -5.859135 | Delta: 5.75e-03 | M: 17.9819 | Path: Statevector MPI-distributed (8 ranks)
Iter 0199 | Energy: -5.873152 | Delta: 1.40e-02 | M: 21.0526 | Path: Statevector MPI-distributed (8 ranks)
Iter 0200 | Energy: -5.876049 | Delta: 2.90e-03 | M: 61.2874 | Path: Statevector MPI-distributed (8 ranks)
[RESILIENCE] Iteration 200: Global theta state checkpointed at path checkpoints/checkpoint_iter_0200.npy. 
Iter 0201 | Energy: -5.882899 | Delta: 6.85e-03 | M: 1166.9391 | Path: Statevector MPI-distributed (8 ranks)
Iter 0202 | Energy: -5.869074 | Delta: 1.38e-02 | M: 63.0022 | Path: Statevector MPI-distributed (8 ranks)
Iter 0203 | Energy: -5.869571 | Delta: 4.97e-04 | M: 36.7621 | Path: Statevector MPI-distributed (8 ranks)
Iter 0204 | Energy: -5.878566 | Delta: 9.00e-03 | M: 58.8220 | Path: Statevector MPI-distributed (8 ranks)
Iter 0205 | Energy: -5.867569 | Delta: 1.10e-02 | M: 52.4131 | Path: Statevector MPI-distributed (8 ranks)
[RESILIENCE] Iteration 205: Global theta state checkpointed at path checkpoints/checkpoint_iter_0205.npy. 
Iter 0206 | Energy: -5.866172 | Delta: 1.40e-03 | M: 67.9868 | Path: Statevector MPI-distributed (8 ranks)
Iter 0207 | Energy: -5.874222 | Delta: 8.05e-03 | M: 7.5021 | Path: Statevector MPI-distributed (8 ranks)
Iter 0208 | Energy: -5.884564 | Delta: 1.03e-02 | M: 19.0419 | Path: Statevector MPI-distributed (8 ranks)
Iter 0209 | Energy: -5.896230 | Delta: 1.17e-02 | M: 46.8837 | Path: Statevector MPI-distributed (8 ranks)
Iter 0210 | Energy: -5.908329 | Delta: 1.21e-02 | M: 92.1770 | Path: Statevector MPI-distributed (8 ranks)
[RESILIENCE] Iteration 210: Global theta state checkpointed at path checkpoints/checkpoint_iter_0210.npy. 
Iter 0211 | Energy: -5.910058 | Delta: 1.73e-03 | M: 32.2961 | Path: Statevector MPI-distributed (8 ranks)
Iter 0212 | Energy: -5.914398 | Delta: 4.34e-03 | M: 1770.8011 | Path: Statevector MPI-distributed (8 ranks)
Iter 0213 | Energy: -5.896217 | Delta: 1.82e-02 | M: 265.4198 | Path: Statevector MPI-distributed (8 ranks)
Iter 0214 | Energy: -5.930204 | Delta: 3.40e-02 | M: 17.5049 | Path: Statevector MPI-distributed (8 ranks)
Iter 0215 | Energy: -5.928960 | Delta: 1.24e-03 | M: 3.8762 | Path: Statevector MPI-distributed (8 ranks)
[RESILIENCE] Iteration 215: Global theta state checkpointed at path checkpoints/checkpoint_iter_0215.npy. 
Iter 0216 | Energy: -5.923850 | Delta: 5.11e-03 | M: 34.8352 | Path: Statevector MPI-distributed (8 ranks)
Iter 0217 | Energy: -5.938449 | Delta: 1.46e-02 | M: 28.8218 | Path: Statevector MPI-distributed (8 ranks)
Iter 0218 | Energy: -5.958135 | Delta: 1.97e-02 | M: 3.4093 | Path: Statevector MPI-distributed (8 ranks)
Iter 0219 | Energy: -5.953276 | Delta: 4.86e-03 | M: 77.6387 | Path: Statevector MPI-distributed (8 ranks)
Iter 0220 | Energy: -5.957842 | Delta: 4.57e-03 | M: 31.2827 | Path: Statevector MPI-distributed (8 ranks)
[RESILIENCE] Iteration 220: Global theta state checkpointed at path checkpoints/checkpoint_iter_0220.npy. 
Iter 0221 | Energy: -5.969920 | Delta: 1.21e-02 | M: 10.1431 | Path: Statevector MPI-distributed (8 ranks)
Iter 0222 | Energy: -5.951405 | Delta: 1.85e-02 | M: 22.5067 | Path: Statevector MPI-distributed (8 ranks)
Iter 0223 | Energy: -5.955054 | Delta: 3.65e-03 | M: 53.8148 | Path: Statevector MPI-distributed (8 ranks)
Iter 0224 | Energy: -5.983905 | Delta: 2.89e-02 | M: 114.8234 | Path: Statevector MPI-distributed (8 ranks)
Iter 0225 | Energy: -5.996174 | Delta: 1.23e-02 | M: 84.0399 | Path: Statevector MPI-distributed (8 ranks)
[RESILIENCE] Iteration 225: Global theta state checkpointed at path checkpoints/checkpoint_iter_0225.npy. 
Iter 0226 | Energy: -6.029536 | Delta: 3.34e-02 | M: 36.1501 | Path: Statevector MPI-distributed (8 ranks)
Iter 0227 | Energy: -6.026417 | Delta: 3.12e-03 | M: 4.9188 | Path: Statevector MPI-distributed (8 ranks)
Iter 0228 | Energy: -6.042164 | Delta: 1.57e-02 | M: 165.2988 | Path: Statevector MPI-distributed (8 ranks)
Iter 0229 | Energy: -6.057246 | Delta: 1.51e-02 | M: 49.0951 | Path: Statevector MPI-distributed (8 ranks)
Iter 0230 | Energy: -6.052138 | Delta: 5.11e-03 | M: 28.7454 | Path: Statevector MPI-distributed (8 ranks)
[RESILIENCE] Iteration 230: Global theta state checkpointed at path checkpoints/checkpoint_iter_0230.npy. 
Iter 0231 | Energy: -6.070335 | Delta: 1.82e-02 | M: 81.0936 | Path: Statevector MPI-distributed (8 ranks)
Iter 0232 | Energy: -6.058429 | Delta: 1.19e-02 | M: 58.5095 | Path: Statevector MPI-distributed (8 ranks)
Iter 0233 | Energy: -6.065072 | Delta: 6.64e-03 | M: 1.3934 | Path: Statevector MPI-distributed (8 ranks)
Iter 0234 | Energy: -6.065535 | Delta: 4.63e-04 | M: 41.1476 | Path: Statevector MPI-distributed (8 ranks)
Iter 0235 | Energy: -6.069069 | Delta: 3.53e-03 | M: 85.8409 | Path: Statevector MPI-distributed (8 ranks)
[RESILIENCE] Iteration 235: Global theta state checkpointed at path checkpoints/checkpoint_iter_0235.npy. 
Iter 0236 | Energy: -6.066825 | Delta: 2.24e-03 | M: 22.1064 | Path: Statevector MPI-distributed (8 ranks)
Iter 0237 | Energy: -6.072910 | Delta: 6.08e-03 | M: 19.1572 | Path: Statevector MPI-distributed (8 ranks)
Iter 0238 | Energy: -6.088736 | Delta: 1.58e-02 | M: 17.9654 | Path: Statevector MPI-distributed (8 ranks)
Iter 0239 | Energy: -6.092118 | Delta: 3.38e-03 | M: 19.7573 | Path: Statevector MPI-distributed (8 ranks)
Iter 0240 | Energy: -6.103870 | Delta: 1.18e-02 | M: 32.5112 | Path: Statevector MPI-distributed (8 ranks)
[RESILIENCE] Iteration 240: Global theta state checkpointed at path checkpoints/checkpoint_iter_0240.npy. 
Iter 0241 | Energy: -6.104260 | Delta: 3.89e-04 | M: 16.0200 | Path: Statevector MPI-distributed (8 ranks)
Iter 0242 | Energy: -6.110708 | Delta: 6.45e-03 | M: 19.9468 | Path: Statevector MPI-distributed (8 ranks)
Iter 0243 | Energy: -6.121627 | Delta: 1.09e-02 | M: 20.0022 | Path: Statevector MPI-distributed (8 ranks)
Iter 0244 | Energy: -6.130755 | Delta: 9.13e-03 | M: 7.7927 | Path: Statevector MPI-distributed (8 ranks)
Iter 0245 | Energy: -6.131840 | Delta: 1.08e-03 | M: 18.3110 | Path: Statevector MPI-distributed (8 ranks)
[RESILIENCE] Iteration 245: Global theta state checkpointed at path checkpoints/checkpoint_iter_0245.npy. 
Iter 0246 | Energy: -6.131371 | Delta: 4.69e-04 | M: 22.0957 | Path: Statevector MPI-distributed (8 ranks)
Iter 0247 | Energy: -6.139806 | Delta: 8.44e-03 | M: 21.0782 | Path: Statevector MPI-distributed (8 ranks)
Iter 0248 | Energy: -6.141127 | Delta: 1.32e-03 | M: 23.4733 | Path: Statevector MPI-distributed (8 ranks)
Iter 0249 | Energy: -6.140788 | Delta: 3.39e-04 | M: 1.8348 | Path: Statevector MPI-distributed (8 ranks)
Iter 0250 | Energy: -6.150183 | Delta: 9.40e-03 | M: 4.1731 | Path: Statevector MPI-distributed (8 ranks)
[RESILIENCE] Iteration 250: Global theta state checkpointed at path checkpoints/checkpoint_iter_0250.npy. 
Iter 0251 | Energy: -6.150744 | Delta: 5.61e-04 | M: 10.4961 | Path: Statevector MPI-distributed (8 ranks)
Iter 0252 | Energy: -6.160718 | Delta: 9.97e-03 | M: 6.1398 | Path: Statevector MPI-distributed (8 ranks)
Iter 0253 | Energy: -6.161513 | Delta: 7.95e-04 | M: 25.8368 | Path: Statevector MPI-distributed (8 ranks)
Iter 0254 | Energy: -6.159964 | Delta: 1.55e-03 | M: 34.3285 | Path: Statevector MPI-distributed (8 ranks)
Iter 0255 | Energy: -6.160397 | Delta: 4.34e-04 | M: 21.0749 | Path: Statevector MPI-distributed (8 ranks)
[RESILIENCE] Iteration 255: Global theta state checkpointed at path checkpoints/checkpoint_iter_0255.npy. 
Iter 0256 | Energy: -6.164378 | Delta: 3.98e-03 | M: 31.1730 | Path: Statevector MPI-distributed (8 ranks)
Iter 0257 | Energy: -6.178728 | Delta: 1.43e-02 | M: 28.3035 | Path: Statevector MPI-distributed (8 ranks)
Iter 0258 | Energy: -6.164870 | Delta: 1.39e-02 | M: 1247.3766 | Path: Statevector MPI-distributed (8 ranks)
Iter 0259 | Energy: -6.179020 | Delta: 1.42e-02 | M: 97.1416 | Path: Statevector MPI-distributed (8 ranks)
Iter 0260 | Energy: -6.169887 | Delta: 9.13e-03 | M: 20.0642 | Path: Statevector MPI-distributed (8 ranks)
[RESILIENCE] Iteration 260: Global theta state checkpointed at path checkpoints/checkpoint_iter_0260.npy. 
Iter 0261 | Energy: -6.168901 | Delta: 9.86e-04 | M: 3.5230 | Path: Statevector MPI-distributed (8 ranks)
Iter 0262 | Energy: -6.183895 | Delta: 1.50e-02 | M: 25.2632 | Path: Statevector MPI-distributed (8 ranks)
Iter 0263 | Energy: -6.167692 | Delta: 1.62e-02 | M: 20.2910 | Path: Statevector MPI-distributed (8 ranks)
Iter 0264 | Energy: -6.181578 | Delta: 1.39e-02 | M: 11.0127 | Path: Statevector MPI-distributed (8 ranks)
Iter 0265 | Energy: -6.183516 | Delta: 1.94e-03 | M: 33.2999 | Path: Statevector MPI-distributed (8 ranks)
[RESILIENCE] Iteration 265: Global theta state checkpointed at path checkpoints/checkpoint_iter_0265.npy. 
Iter 0266 | Energy: -6.199976 | Delta: 1.65e-02 | M: 19.2644 | Path: Statevector MPI-distributed (8 ranks)
Iter 0267 | Energy: -6.218710 | Delta: 1.87e-02 | M: 31.0922 | Path: Statevector MPI-distributed (8 ranks)
Iter 0268 | Energy: -6.222333 | Delta: 3.62e-03 | M: 14.9587 | Path: Statevector MPI-distributed (8 ranks)
Iter 0269 | Energy: -6.209881 | Delta: 1.25e-02 | M: 28.5392 | Path: Statevector MPI-distributed (8 ranks)
Iter 0270 | Energy: -6.212406 | Delta: 2.52e-03 | M: 28.8528 | Path: Statevector MPI-distributed (8 ranks)
[RESILIENCE] Iteration 270: Global theta state checkpointed at path checkpoints/checkpoint_iter_0270.npy. 
Iter 0271 | Energy: -6.209712 | Delta: 2.69e-03 | M: 29.2343 | Path: Statevector MPI-distributed (8 ranks)
Iter 0272 | Energy: -6.213275 | Delta: 3.56e-03 | M: 21.7041 | Path: Statevector MPI-distributed (8 ranks)
Iter 0273 | Energy: -6.243264 | Delta: 3.00e-02 | M: 12.0277 | Path: Statevector MPI-distributed (8 ranks)
Iter 0274 | Energy: -6.242551 | Delta: 7.13e-04 | M: 19.9386 | Path: Statevector MPI-distributed (8 ranks)
Iter 0275 | Energy: -6.246030 | Delta: 3.48e-03 | M: 21.1070 | Path: Statevector MPI-distributed (8 ranks)
[RESILIENCE] Iteration 275: Global theta state checkpointed at path checkpoints/checkpoint_iter_0275.npy. 
Iter 0276 | Energy: -6.266392 | Delta: 2.04e-02 | M: 73.0245 | Path: Statevector MPI-distributed (8 ranks)
Iter 0277 | Energy: -6.258241 | Delta: 8.15e-03 | M: 26.6809 | Path: Statevector MPI-distributed (8 ranks)
Iter 0278 | Energy: -6.279133 | Delta: 2.09e-02 | M: 90.4995 | Path: Statevector MPI-distributed (8 ranks)
Iter 0279 | Energy: -6.282804 | Delta: 3.67e-03 | M: 10.3128 | Path: Statevector MPI-distributed (8 ranks)
Iter 0280 | Energy: -6.281754 | Delta: 1.05e-03 | M: 27.7872 | Path: Statevector MPI-distributed (8 ranks)
[RESILIENCE] Iteration 280: Global theta state checkpointed at path checkpoints/checkpoint_iter_0280.npy. 
Iter 0281 | Energy: -6.294984 | Delta: 1.32e-02 | M: 29.0979 | Path: Statevector MPI-distributed (8 ranks)
Iter 0282 | Energy: -6.295639 | Delta: 6.55e-04 | M: 51.7801 | Path: Statevector MPI-distributed (8 ranks)
Iter 0283 | Energy: -6.306487 | Delta: 1.08e-02 | M: 33.8381 | Path: Statevector MPI-distributed (8 ranks)
Iter 0284 | Energy: -6.308763 | Delta: 2.28e-03 | M: 33.4462 | Path: Statevector MPI-distributed (8 ranks)
Iter 0285 | Energy: -6.307102 | Delta: 1.66e-03 | M: 20.2410 | Path: Statevector MPI-distributed (8 ranks)
[RESILIENCE] Iteration 285: Global theta state checkpointed at path checkpoints/checkpoint_iter_0285.npy. 
Iter 0286 | Energy: -6.311254 | Delta: 4.15e-03 | M: 39.5070 | Path: Statevector MPI-distributed (8 ranks)
Iter 0287 | Energy: -6.315976 | Delta: 4.72e-03 | M: 1.9175 | Path: Statevector MPI-distributed (8 ranks)
Iter 0288 | Energy: -6.329293 | Delta: 1.33e-02 | M: 29.5076 | Path: Statevector MPI-distributed (8 ranks)
Iter 0289 | Energy: -6.333890 | Delta: 4.60e-03 | M: 17.7869 | Path: Statevector MPI-distributed (8 ranks)
Iter 0290 | Energy: -6.322996 | Delta: 1.09e-02 | M: 31.6945 | Path: Statevector MPI-distributed (8 ranks)
[RESILIENCE] Iteration 290: Global theta state checkpointed at path checkpoints/checkpoint_iter_0290.npy. 
Iter 0291 | Energy: -6.322846 | Delta: 1.49e-04 | M: 28.6567 | Path: Statevector MPI-distributed (8 ranks)
Iter 0292 | Energy: -6.315843 | Delta: 7.00e-03 | M: 26.1813 | Path: Statevector MPI-distributed (8 ranks)
Iter 0293 | Energy: -6.321968 | Delta: 6.13e-03 | M: 10.3746 | Path: Statevector MPI-distributed (8 ranks)
Iter 0294 | Energy: -6.345768 | Delta: 2.38e-02 | M: 23.4949 | Path: Statevector MPI-distributed (8 ranks)
Iter 0295 | Energy: -6.371093 | Delta: 2.53e-02 | M: 1309.3063 | Path: Statevector MPI-distributed (8 ranks)
[RESILIENCE] Iteration 295: Global theta state checkpointed at path checkpoints/checkpoint_iter_0295.npy. 
Iter 0296 | Energy: -6.375654 | Delta: 4.56e-03 | M: 1324.2985 | Path: Statevector MPI-distributed (8 ranks)
Iter 0297 | Energy: -6.375265 | Delta: 3.90e-04 | M: 151.1218 | Path: Statevector MPI-distributed (8 ranks)
Iter 0298 | Energy: -6.383683 | Delta: 8.42e-03 | M: 19.2647 | Path: Statevector MPI-distributed (8 ranks)
Iter 0299 | Energy: -6.382517 | Delta: 1.17e-03 | M: 68.3230 | Path: Statevector MPI-distributed (8 ranks)
Iter 0300 | Energy: -6.407501 | Delta: 2.50e-02 | M: 58.8438 | Path: Statevector MPI-distributed (8 ranks)
[RESILIENCE] Iteration 300: Global theta state checkpointed at path checkpoints/checkpoint_iter_0300.npy. 
Iter 0301 | Energy: -6.403047 | Delta: 4.45e-03 | M: 181.1575 | Path: Statevector MPI-distributed (8 ranks)
Iter 0302 | Energy: -6.405389 | Delta: 2.34e-03 | M: 2.1304 | Path: Statevector MPI-distributed (8 ranks)
Iter 0303 | Energy: -6.420671 | Delta: 1.53e-02 | M: 1.4721 | Path: Statevector MPI-distributed (8 ranks)
Iter 0304 | Energy: -6.420573 | Delta: 9.75e-05 | M: 5.4740 | Path: Statevector MPI-distributed (8 ranks)
Iter 0305 | Energy: -6.418367 | Delta: 2.21e-03 | M: 44.3155 | Path: Statevector MPI-distributed (8 ranks)
[RESILIENCE] Iteration 305: Global theta state checkpointed at path checkpoints/checkpoint_iter_0305.npy. 
Iter 0306 | Energy: -6.415550 | Delta: 2.82e-03 | M: 31.3410 | Path: Statevector MPI-distributed (8 ranks)
Iter 0307 | Energy: -6.437798 | Delta: 2.22e-02 | M: 11.0539 | Path: Statevector MPI-distributed (8 ranks)
Iter 0308 | Energy: -6.452727 | Delta: 1.49e-02 | M: 17.7122 | Path: Statevector MPI-distributed (8 ranks)
Iter 0309 | Energy: -6.436877 | Delta: 1.59e-02 | M: 18.7840 | Path: Statevector MPI-distributed (8 ranks)
Iter 0310 | Energy: -6.448934 | Delta: 1.21e-02 | M: 41.1511 | Path: Statevector MPI-distributed (8 ranks)
[RESILIENCE] Iteration 310: Global theta state checkpointed at path checkpoints/checkpoint_iter_0310.npy. 
Iter 0311 | Energy: -6.451484 | Delta: 2.55e-03 | M: 26.2247 | Path: Statevector MPI-distributed (8 ranks)
Iter 0312 | Energy: -6.444498 | Delta: 6.99e-03 | M: 37.3578 | Path: Statevector MPI-distributed (8 ranks)
Iter 0313 | Energy: -6.467161 | Delta: 2.27e-02 | M: 25.8296 | Path: Statevector MPI-distributed (8 ranks)
Iter 0314 | Energy: -6.478813 | Delta: 1.17e-02 | M: 19.0973 | Path: Statevector MPI-distributed (8 ranks)
Iter 0315 | Energy: -6.477230 | Delta: 1.58e-03 | M: 24.5985 | Path: Statevector MPI-distributed (8 ranks)
[RESILIENCE] Iteration 315: Global theta state checkpointed at path checkpoints/checkpoint_iter_0315.npy. 
Iter 0316 | Energy: -6.468675 | Delta: 8.55e-03 | M: 1184.6826 | Path: Statevector MPI-distributed (8 ranks)
Iter 0317 | Energy: -6.489315 | Delta: 2.06e-02 | M: 23.5094 | Path: Statevector MPI-distributed (8 ranks)
Iter 0318 | Energy: -6.520274 | Delta: 3.10e-02 | M: 1.8145 | Path: Statevector MPI-distributed (8 ranks)
Iter 0319 | Energy: -6.527734 | Delta: 7.46e-03 | M: 57.0859 | Path: Statevector MPI-distributed (8 ranks)
Iter 0320 | Energy: -6.512769 | Delta: 1.50e-02 | M: 32.2533 | Path: Statevector MPI-distributed (8 ranks)
[RESILIENCE] Iteration 320: Global theta state checkpointed at path checkpoints/checkpoint_iter_0320.npy. 
Iter 0321 | Energy: -6.526055 | Delta: 1.33e-02 | M: 10.1145 | Path: Statevector MPI-distributed (8 ranks)
Iter 0322 | Energy: -6.535030 | Delta: 8.98e-03 | M: 3.0056 | Path: Statevector MPI-distributed (8 ranks)
Iter 0323 | Energy: -6.529225 | Delta: 5.81e-03 | M: 12.3156 | Path: Statevector MPI-distributed (8 ranks)
Iter 0324 | Energy: -6.529506 | Delta: 2.81e-04 | M: 105.9880 | Path: Statevector MPI-distributed (8 ranks)
Iter 0325 | Energy: -6.533188 | Delta: 3.68e-03 | M: 101.8695 | Path: Statevector MPI-distributed (8 ranks)
[RESILIENCE] Iteration 325: Global theta state checkpointed at path checkpoints/checkpoint_iter_0325.npy. 
Iter 0326 | Energy: -6.522897 | Delta: 1.03e-02 | M: 86.4925 | Path: Statevector MPI-distributed (8 ranks)
Iter 0327 | Energy: -6.532251 | Delta: 9.35e-03 | M: 32.1262 | Path: Statevector MPI-distributed (8 ranks)
Iter 0328 | Energy: -6.541292 | Delta: 9.04e-03 | M: 29.8218 | Path: Statevector MPI-distributed (8 ranks)
Iter 0329 | Energy: -6.542789 | Delta: 1.50e-03 | M: 76.8601 | Path: Statevector MPI-distributed (8 ranks)
Iter 0330 | Energy: -6.555365 | Delta: 1.26e-02 | M: 9.4757 | Path: Statevector MPI-distributed (8 ranks)
[RESILIENCE] Iteration 330: Global theta state checkpointed at path checkpoints/checkpoint_iter_0330.npy. 
Iter 0331 | Energy: -6.549779 | Delta: 5.59e-03 | M: 23.9207 | Path: Statevector MPI-distributed (8 ranks)
Iter 0332 | Energy: -6.545019 | Delta: 4.76e-03 | M: 44.9938 | Path: Statevector MPI-distributed (8 ranks)
Iter 0333 | Energy: -6.558646 | Delta: 1.36e-02 | M: 41.3682 | Path: Statevector MPI-distributed (8 ranks)
Iter 0334 | Energy: -6.563911 | Delta: 5.26e-03 | M: 73.3856 | Path: Statevector MPI-distributed (8 ranks)
Iter 0335 | Energy: -6.570288 | Delta: 6.38e-03 | M: 1510.3287 | Path: Statevector MPI-distributed (8 ranks)
[RESILIENCE] Iteration 335: Global theta state checkpointed at path checkpoints/checkpoint_iter_0335.npy. 
Iter 0336 | Energy: -6.569237 | Delta: 1.05e-03 | M: 9.8171 | Path: Statevector MPI-distributed (8 ranks)
Iter 0337 | Energy: -6.572576 | Delta: 3.34e-03 | M: 50.7458 | Path: Statevector MPI-distributed (8 ranks)
Iter 0338 | Energy: -6.576503 | Delta: 3.93e-03 | M: 24.1389 | Path: Statevector MPI-distributed (8 ranks)
Iter 0339 | Energy: -6.583860 | Delta: 7.36e-03 | M: 37.1262 | Path: Statevector MPI-distributed (8 ranks)
Iter 0340 | Energy: -6.597356 | Delta: 1.35e-02 | M: 194.2564 | Path: Statevector MPI-distributed (8 ranks)
[RESILIENCE] Iteration 340: Global theta state checkpointed at path checkpoints/checkpoint_iter_0340.npy. 
Iter 0341 | Energy: -6.603490 | Delta: 6.13e-03 | M: 80.4075 | Path: Statevector MPI-distributed (8 ranks)
Iter 0342 | Energy: -6.595789 | Delta: 7.70e-03 | M: 1357.8532 | Path: Statevector MPI-distributed (8 ranks)
Iter 0343 | Energy: -6.595594 | Delta: 1.95e-04 | M: 54.9713 | Path: Statevector MPI-distributed (8 ranks)
Iter 0344 | Energy: -6.598192 | Delta: 2.60e-03 | M: 41.2888 | Path: Statevector MPI-distributed (8 ranks)
Iter 0345 | Energy: -6.609912 | Delta: 1.17e-02 | M: 7.7717 | Path: Statevector MPI-distributed (8 ranks)
[RESILIENCE] Iteration 345: Global theta state checkpointed at path checkpoints/checkpoint_iter_0345.npy. 
Iter 0346 | Energy: -6.634275 | Delta: 2.44e-02 | M: 30.2741 | Path: Statevector MPI-distributed (8 ranks)
Iter 0347 | Energy: -6.630415 | Delta: 3.86e-03 | M: 28.3686 | Path: Statevector MPI-distributed (8 ranks)
Iter 0348 | Energy: -6.633733 | Delta: 3.32e-03 | M: 27.9692 | Path: Statevector MPI-distributed (8 ranks)
Iter 0349 | Energy: -6.633801 | Delta: 6.75e-05 | M: 27.2267 | Path: Statevector MPI-distributed (8 ranks)
Iter 0350 | Energy: -6.639563 | Delta: 5.76e-03 | M: 18.0483 | Path: Statevector MPI-distributed (8 ranks)
[RESILIENCE] Iteration 350: Global theta state checkpointed at path checkpoints/checkpoint_iter_0350.npy. 
Iter 0351 | Energy: -6.639293 | Delta: 2.70e-04 | M: 9.8492 | Path: Statevector MPI-distributed (8 ranks)
Iter 0352 | Energy: -6.640360 | Delta: 1.07e-03 | M: 54.8141 | Path: Statevector MPI-distributed (8 ranks)
Iter 0353 | Energy: -6.636522 | Delta: 3.84e-03 | M: 35.0401 | Path: Statevector MPI-distributed (8 ranks)
Iter 0354 | Energy: -6.642801 | Delta: 6.28e-03 | M: 79.2245 | Path: Statevector MPI-distributed (8 ranks)
Iter 0355 | Energy: -6.648879 | Delta: 6.08e-03 | M: 38.1899 | Path: Statevector MPI-distributed (8 ranks)
[RESILIENCE] Iteration 355: Global theta state checkpointed at path checkpoints/checkpoint_iter_0355.npy. 
Iter 0356 | Energy: -6.656037 | Delta: 7.16e-03 | M: 40.0910 | Path: Statevector MPI-distributed (8 ranks)
Iter 0357 | Energy: -6.658880 | Delta: 2.84e-03 | M: 1789.1278 | Path: Statevector MPI-distributed (8 ranks)
Iter 0358 | Energy: -6.646933 | Delta: 1.19e-02 | M: 4.3286 | Path: Statevector MPI-distributed (8 ranks)
Iter 0359 | Energy: -6.660532 | Delta: 1.36e-02 | M: 8.2577 | Path: Statevector MPI-distributed (8 ranks)
Iter 0360 | Energy: -6.665131 | Delta: 4.60e-03 | M: 33.2862 | Path: Statevector MPI-distributed (8 ranks)
[RESILIENCE] Iteration 360: Global theta state checkpointed at path checkpoints/checkpoint_iter_0360.npy. 
Iter 0361 | Energy: -6.679595 | Delta: 1.45e-02 | M: 74.0714 | Path: Statevector MPI-distributed (8 ranks)
Iter 0362 | Energy: -6.679531 | Delta: 6.36e-05 | M: 159.1155 | Path: Statevector MPI-distributed (8 ranks)
Iter 0363 | Energy: -6.678416 | Delta: 1.12e-03 | M: 3.8535 | Path: Statevector MPI-distributed (8 ranks)
Iter 0364 | Energy: -6.704455 | Delta: 2.60e-02 | M: 35.2354 | Path: Statevector MPI-distributed (8 ranks)
Iter 0365 | Energy: -6.709953 | Delta: 5.50e-03 | M: 4.4998 | Path: Statevector MPI-distributed (8 ranks)
[RESILIENCE] Iteration 365: Global theta state checkpointed at path checkpoints/checkpoint_iter_0365.npy. 
Iter 0366 | Energy: -6.723257 | Delta: 1.33e-02 | M: 54.7193 | Path: Statevector MPI-distributed (8 ranks)
Iter 0367 | Energy: -6.719111 | Delta: 4.15e-03 | M: 39.0620 | Path: Statevector MPI-distributed (8 ranks)
Iter 0368 | Energy: -6.727982 | Delta: 8.87e-03 | M: 27.8026 | Path: Statevector MPI-distributed (8 ranks)
Iter 0369 | Energy: -6.727995 | Delta: 1.31e-05 | M: 55.8542 | Path: Statevector MPI-distributed (8 ranks)
Iter 0370 | Energy: -6.735431 | Delta: 7.44e-03 | M: 20.0207 | Path: Statevector MPI-distributed (8 ranks)
[RESILIENCE] Iteration 370: Global theta state checkpointed at path checkpoints/checkpoint_iter_0370.npy. 
Iter 0371 | Energy: -6.731502 | Delta: 3.93e-03 | M: 2.9498 | Path: Statevector MPI-distributed (8 ranks)
Iter 0372 | Energy: -6.726859 | Delta: 4.64e-03 | M: 1.0644 | Path: Statevector MPI-distributed (8 ranks)
Iter 0373 | Energy: -6.736142 | Delta: 9.28e-03 | M: 1.4581 | Path: Statevector MPI-distributed (8 ranks)
Iter 0374 | Energy: -6.740464 | Delta: 4.32e-03 | M: 2.8643 | Path: Statevector MPI-distributed (8 ranks)
Iter 0375 | Energy: -6.748706 | Delta: 8.24e-03 | M: 20.7110 | Path: Statevector MPI-distributed (8 ranks)
[RESILIENCE] Iteration 375: Global theta state checkpointed at path checkpoints/checkpoint_iter_0375.npy. 
Iter 0376 | Energy: -6.741288 | Delta: 7.42e-03 | M: 21.8664 | Path: Statevector MPI-distributed (8 ranks)
Iter 0377 | Energy: -6.753483 | Delta: 1.22e-02 | M: 21.7647 | Path: Statevector MPI-distributed (8 ranks)
Iter 0378 | Energy: -6.774412 | Delta: 2.09e-02 | M: 41.5463 | Path: Statevector MPI-distributed (8 ranks)
Iter 0379 | Energy: -6.762327 | Delta: 1.21e-02 | M: 37.9617 | Path: Statevector MPI-distributed (8 ranks)
Iter 0380 | Energy: -6.762536 | Delta: 2.09e-04 | M: 55.2208 | Path: Statevector MPI-distributed (8 ranks)
[RESILIENCE] Iteration 380: Global theta state checkpointed at path checkpoints/checkpoint_iter_0380.npy. 
Iter 0381 | Energy: -6.793917 | Delta: 3.14e-02 | M: 66.7791 | Path: Statevector MPI-distributed (8 ranks)
Iter 0382 | Energy: -6.795907 | Delta: 1.99e-03 | M: 54.2433 | Path: Statevector MPI-distributed (8 ranks)
Iter 0383 | Energy: -6.796093 | Delta: 1.87e-04 | M: 25.0140 | Path: Statevector MPI-distributed (8 ranks)
Iter 0384 | Energy: -6.807658 | Delta: 1.16e-02 | M: 23.9358 | Path: Statevector MPI-distributed (8 ranks)
Iter 0385 | Energy: -6.796301 | Delta: 1.14e-02 | M: 229.8354 | Path: Statevector MPI-distributed (8 ranks)
[RESILIENCE] Iteration 385: Global theta state checkpointed at path checkpoints/checkpoint_iter_0385.npy. 
Iter 0386 | Energy: -6.800804 | Delta: 4.50e-03 | M: 1.8600 | Path: Statevector MPI-distributed (8 ranks)
Iter 0387 | Energy: -6.805074 | Delta: 4.27e-03 | M: 205.1470 | Path: Statevector MPI-distributed (8 ranks)
Iter 0388 | Energy: -6.805073 | Delta: 1.69e-06 | M: 92.2783 | Path: Statevector MPI-distributed (8 ranks)
Iter 0389 | Energy: -6.802092 | Delta: 2.98e-03 | M: 101.7513 | Path: Statevector MPI-distributed (8 ranks)
Iter 0390 | Energy: -6.816489 | Delta: 1.44e-02 | M: 56.2430 | Path: Statevector MPI-distributed (8 ranks)
[RESILIENCE] Iteration 390: Global theta state checkpointed at path checkpoints/checkpoint_iter_0390.npy. 
Iter 0391 | Energy: -6.824733 | Delta: 8.24e-03 | M: 29.6941 | Path: Statevector MPI-distributed (8 ranks)
Iter 0392 | Energy: -6.817337 | Delta: 7.40e-03 | M: 6.4101 | Path: Statevector MPI-distributed (8 ranks)
Iter 0393 | Energy: -6.826939 | Delta: 9.60e-03 | M: 1647.8483 | Path: Statevector MPI-distributed (8 ranks)
Iter 0394 | Energy: -6.828842 | Delta: 1.90e-03 | M: 66.6301 | Path: Statevector MPI-distributed (8 ranks)
Iter 0395 | Energy: -6.815354 | Delta: 1.35e-02 | M: 30.8664 | Path: Statevector MPI-distributed (8 ranks)
[RESILIENCE] Iteration 395: Global theta state checkpointed at path checkpoints/checkpoint_iter_0395.npy. 
Iter 0396 | Energy: -6.818721 | Delta: 3.37e-03 | M: 93.1905 | Path: Statevector MPI-distributed (8 ranks)
Iter 0397 | Energy: -6.823700 | Delta: 4.98e-03 | M: 5.6856 | Path: Statevector MPI-distributed (8 ranks)
Iter 0398 | Energy: -6.834969 | Delta: 1.13e-02 | M: 5.1048 | Path: Statevector MPI-distributed (8 ranks)
Iter 0399 | Energy: -6.840592 | Delta: 5.62e-03 | M: 8.2261 | Path: Statevector MPI-distributed (8 ranks)
Iter 0400 | Energy: -6.848271 | Delta: 7.68e-03 | M: 9.2151 | Path: Statevector MPI-distributed (8 ranks)
[RESILIENCE] Iteration 400: Global theta state checkpointed at path checkpoints/checkpoint_iter_0400.npy. 
Iter 0401 | Energy: -6.858871 | Delta: 1.06e-02 | M: 51.6388 | Path: Statevector MPI-distributed (8 ranks)
Iter 0402 | Energy: -6.872083 | Delta: 1.32e-02 | M: 99.3963 | Path: Statevector MPI-distributed (8 ranks)
Iter 0403 | Energy: -6.866065 | Delta: 6.02e-03 | M: 133.0742 | Path: Statevector MPI-distributed (8 ranks)
Iter 0404 | Energy: -6.866826 | Delta: 7.61e-04 | M: 58.2325 | Path: Statevector MPI-distributed (8 ranks)
Iter 0405 | Energy: -6.883545 | Delta: 1.67e-02 | M: 99.5045 | Path: Statevector MPI-distributed (8 ranks)
[RESILIENCE] Iteration 405: Global theta state checkpointed at path checkpoints/checkpoint_iter_0405.npy. 
Iter 0406 | Energy: -6.882900 | Delta: 6.46e-04 | M: 6.1149 | Path: Statevector MPI-distributed (8 ranks)
Iter 0407 | Energy: -6.890628 | Delta: 7.73e-03 | M: 140.9399 | Path: Statevector MPI-distributed (8 ranks)
Iter 0408 | Energy: -6.899180 | Delta: 8.55e-03 | M: 58.8502 | Path: Statevector MPI-distributed (8 ranks)
Iter 0409 | Energy: -6.903404 | Delta: 4.22e-03 | M: 91.0779 | Path: Statevector MPI-distributed (8 ranks)
Iter 0410 | Energy: -6.910315 | Delta: 6.91e-03 | M: 266.3909 | Path: Statevector MPI-distributed (8 ranks)
[RESILIENCE] Iteration 410: Global theta state checkpointed at path checkpoints/checkpoint_iter_0410.npy. 
Iter 0411 | Energy: -6.908744 | Delta: 1.57e-03 | M: 1107.5411 | Path: Statevector MPI-distributed (8 ranks)
Iter 0412 | Energy: -6.918568 | Delta: 9.82e-03 | M: 42.7110 | Path: Statevector MPI-distributed (8 ranks)
Iter 0413 | Energy: -6.923379 | Delta: 4.81e-03 | M: 70.5477 | Path: Statevector MPI-distributed (8 ranks)
Iter 0414 | Energy: -6.930982 | Delta: 7.60e-03 | M: 55.5860 | Path: Statevector MPI-distributed (8 ranks)
Iter 0415 | Energy: -6.943284 | Delta: 1.23e-02 | M: 8.1218 | Path: Statevector MPI-distributed (8 ranks)
[RESILIENCE] Iteration 415: Global theta state checkpointed at path checkpoints/checkpoint_iter_0415.npy. 
Iter 0416 | Energy: -6.941052 | Delta: 2.23e-03 | M: 246.9606 | Path: Statevector MPI-distributed (8 ranks)
Iter 0417 | Energy: -6.957582 | Delta: 1.65e-02 | M: 41.4355 | Path: Statevector MPI-distributed (8 ranks)
Iter 0418 | Energy: -6.958203 | Delta: 6.21e-04 | M: 26.5334 | Path: Statevector MPI-distributed (8 ranks)
Iter 0419 | Energy: -6.961701 | Delta: 3.50e-03 | M: 38.8773 | Path: Statevector MPI-distributed (8 ranks)
Iter 0420 | Energy: -6.967144 | Delta: 5.44e-03 | M: 27.5759 | Path: Statevector MPI-distributed (8 ranks)
[RESILIENCE] Iteration 420: Global theta state checkpointed at path checkpoints/checkpoint_iter_0420.npy. 
Iter 0421 | Energy: -6.973623 | Delta: 6.48e-03 | M: 5.1613 | Path: Statevector MPI-distributed (8 ranks)
Iter 0422 | Energy: -6.978373 | Delta: 4.75e-03 | M: 27.3251 | Path: Statevector MPI-distributed (8 ranks)
Iter 0423 | Energy: -6.993064 | Delta: 1.47e-02 | M: 26.2530 | Path: Statevector MPI-distributed (8 ranks)
Iter 0424 | Energy: -6.985128 | Delta: 7.94e-03 | M: 6.2771 | Path: Statevector MPI-distributed (8 ranks)
Iter 0425 | Energy: -6.989677 | Delta: 4.55e-03 | M: 34.8784 | Path: Statevector MPI-distributed (8 ranks)
[RESILIENCE] Iteration 425: Global theta state checkpointed at path checkpoints/checkpoint_iter_0425.npy. 
Iter 0426 | Energy: -6.991616 | Delta: 1.94e-03 | M: 59.4903 | Path: Statevector MPI-distributed (8 ranks)
Iter 0427 | Energy: -7.008543 | Delta: 1.69e-02 | M: 34.3045 | Path: Statevector MPI-distributed (8 ranks)
Iter 0428 | Energy: -7.011915 | Delta: 3.37e-03 | M: 34.6757 | Path: Statevector MPI-distributed (8 ranks)
Iter 0429 | Energy: -7.023133 | Delta: 1.12e-02 | M: 20.5713 | Path: Statevector MPI-distributed (8 ranks)
Iter 0430 | Energy: -7.040792 | Delta: 1.77e-02 | M: 1336.1537 | Path: Statevector MPI-distributed (8 ranks)
[RESILIENCE] Iteration 430: Global theta state checkpointed at path checkpoints/checkpoint_iter_0430.npy. 
Iter 0431 | Energy: -7.038501 | Delta: 2.29e-03 | M: 41.2247 | Path: Statevector MPI-distributed (8 ranks)
Iter 0432 | Energy: -7.036690 | Delta: 1.81e-03 | M: 1.7888 | Path: Statevector MPI-distributed (8 ranks)
Iter 0433 | Energy: -7.036093 | Delta: 5.97e-04 | M: 2.0642 | Path: Statevector MPI-distributed (8 ranks)
Iter 0434 | Energy: -7.044576 | Delta: 8.48e-03 | M: 1643.1086 | Path: Statevector MPI-distributed (8 ranks)
Iter 0435 | Energy: -7.043107 | Delta: 1.47e-03 | M: 84.3279 | Path: Statevector MPI-distributed (8 ranks)
[RESILIENCE] Iteration 435: Global theta state checkpointed at path checkpoints/checkpoint_iter_0435.npy. 
Iter 0436 | Energy: -7.048117 | Delta: 5.01e-03 | M: 105.7761 | Path: Statevector MPI-distributed (8 ranks)
Iter 0437 | Energy: -7.056524 | Delta: 8.41e-03 | M: 5.3755 | Path: Statevector MPI-distributed (8 ranks)
Iter 0438 | Energy: -7.055209 | Delta: 1.31e-03 | M: 107.5677 | Path: Statevector MPI-distributed (8 ranks)
Iter 0439 | Energy: -7.068778 | Delta: 1.36e-02 | M: 58.9035 | Path: Statevector MPI-distributed (8 ranks)
Iter 0440 | Energy: -7.063943 | Delta: 4.84e-03 | M: 1359.6155 | Path: Statevector MPI-distributed (8 ranks)
[RESILIENCE] Iteration 440: Global theta state checkpointed at path checkpoints/checkpoint_iter_0440.npy. 
Iter 0441 | Energy: -7.065709 | Delta: 1.77e-03 | M: 42.6415 | Path: Statevector MPI-distributed (8 ranks)
Iter 0442 | Energy: -7.068023 | Delta: 2.31e-03 | M: 1443.7715 | Path: Statevector MPI-distributed (8 ranks)
Iter 0443 | Energy: -7.070125 | Delta: 2.10e-03 | M: 9.7970 | Path: Statevector MPI-distributed (8 ranks)
Iter 0444 | Energy: -7.073249 | Delta: 3.12e-03 | M: 1374.6913 | Path: Statevector MPI-distributed (8 ranks)
Iter 0445 | Energy: -7.069647 | Delta: 3.60e-03 | M: 574.8259 | Path: Statevector MPI-distributed (8 ranks)
[RESILIENCE] Iteration 445: Global theta state checkpointed at path checkpoints/checkpoint_iter_0445.npy. 
Iter 0446 | Energy: -7.071185 | Delta: 1.54e-03 | M: 1506.8906 | Path: Statevector MPI-distributed (8 ranks)
Iter 0447 | Energy: -7.071805 | Delta: 6.20e-04 | M: 1553.4604 | Path: Statevector MPI-distributed (8 ranks)
Iter 0448 | Energy: -7.075521 | Delta: 3.72e-03 | M: 541.6190 | Path: Statevector MPI-distributed (8 ranks)
Iter 0449 | Energy: -7.088357 | Delta: 1.28e-02 | M: 31.4527 | Path: Statevector MPI-distributed (8 ranks)
Iter 0450 | Energy: -7.093310 | Delta: 4.95e-03 | M: 1591.0471 | Path: Statevector MPI-distributed (8 ranks)
[RESILIENCE] Iteration 450: Global theta state checkpointed at path checkpoints/checkpoint_iter_0450.npy. 
Iter 0451 | Energy: -7.083317 | Delta: 9.99e-03 | M: 1738.9974 | Path: Statevector MPI-distributed (8 ranks)
Iter 0452 | Energy: -7.086193 | Delta: 2.88e-03 | M: 1530.9034 | Path: Statevector MPI-distributed (8 ranks)
Iter 0453 | Energy: -7.093728 | Delta: 7.54e-03 | M: 1273.4793 | Path: Statevector MPI-distributed (8 ranks)
Iter 0454 | Energy: -7.094389 | Delta: 6.60e-04 | M: 1630.3642 | Path: Statevector MPI-distributed (8 ranks)
Iter 0455 | Energy: -7.105141 | Delta: 1.08e-02 | M: 2.5337 | Path: Statevector MPI-distributed (8 ranks)
[RESILIENCE] Iteration 455: Global theta state checkpointed at path checkpoints/checkpoint_iter_0455.npy. 
Iter 0456 | Energy: -7.120466 | Delta: 1.53e-02 | M: 1391.3522 | Path: Statevector MPI-distributed (8 ranks)
Iter 0457 | Energy: -7.123508 | Delta: 3.04e-03 | M: 1282.2119 | Path: Statevector MPI-distributed (8 ranks)
Iter 0458 | Energy: -7.119759 | Delta: 3.75e-03 | M: 16.6114 | Path: Statevector MPI-distributed (8 ranks)
Iter 0459 | Energy: -7.138114 | Delta: 1.84e-02 | M: 1497.3536 | Path: Statevector MPI-distributed (8 ranks)
Iter 0460 | Energy: -7.122982 | Delta: 1.51e-02 | M: 61.6794 | Path: Statevector MPI-distributed (8 ranks)
[RESILIENCE] Iteration 460: Global theta state checkpointed at path checkpoints/checkpoint_iter_0460.npy. 
Iter 0461 | Energy: -7.131127 | Delta: 8.15e-03 | M: 1284.2939 | Path: Statevector MPI-distributed (8 ranks)
Iter 0462 | Energy: -7.137605 | Delta: 6.48e-03 | M: 1267.0113 | Path: Statevector MPI-distributed (8 ranks)
Iter 0463 | Energy: -7.146795 | Delta: 9.19e-03 | M: 2.0278 | Path: Statevector MPI-distributed (8 ranks)
Iter 0464 | Energy: -7.151389 | Delta: 4.59e-03 | M: 3.1276 | Path: Statevector MPI-distributed (8 ranks)
Iter 0465 | Energy: -7.160918 | Delta: 9.53e-03 | M: 1713.0257 | Path: Statevector MPI-distributed (8 ranks)
[RESILIENCE] Iteration 465: Global theta state checkpointed at path checkpoints/checkpoint_iter_0465.npy. 
Iter 0466 | Energy: -7.158574 | Delta: 2.34e-03 | M: 3.6836 | Path: Statevector MPI-distributed (8 ranks)
Iter 0467 | Energy: -7.167026 | Delta: 8.45e-03 | M: 98.6494 | Path: Statevector MPI-distributed (8 ranks)
Iter 0468 | Energy: -7.158738 | Delta: 8.29e-03 | M: 1607.3312 | Path: Statevector MPI-distributed (8 ranks)
Iter 0469 | Energy: -7.170717 | Delta: 1.20e-02 | M: 1357.7439 | Path: Statevector MPI-distributed (8 ranks)
Iter 0470 | Energy: -7.162870 | Delta: 7.85e-03 | M: 1.4948 | Path: Statevector MPI-distributed (8 ranks)
[RESILIENCE] Iteration 470: Global theta state checkpointed at path checkpoints/checkpoint_iter_0470.npy. 
Iter 0471 | Energy: -7.163820 | Delta: 9.50e-04 | M: 1.6363 | Path: Statevector MPI-distributed (8 ranks)
Iter 0472 | Energy: -7.163653 | Delta: 1.67e-04 | M: 6.4620 | Path: Statevector MPI-distributed (8 ranks)
Iter 0473 | Energy: -7.180565 | Delta: 1.69e-02 | M: 121.1470 | Path: Statevector MPI-distributed (8 ranks)
Iter 0474 | Energy: -7.194950 | Delta: 1.44e-02 | M: 1607.8765 | Path: Statevector MPI-distributed (8 ranks)
Iter 0475 | Energy: -7.193178 | Delta: 1.77e-03 | M: 198.9446 | Path: Statevector MPI-distributed (8 ranks)
[RESILIENCE] Iteration 475: Global theta state checkpointed at path checkpoints/checkpoint_iter_0475.npy. 
Iter 0476 | Energy: -7.184925 | Delta: 8.25e-03 | M: 9.7064 | Path: Statevector MPI-distributed (8 ranks)
Iter 0477 | Energy: -7.185154 | Delta: 2.29e-04 | M: 1539.8457 | Path: Statevector MPI-distributed (8 ranks)
Iter 0478 | Energy: -7.193179 | Delta: 8.03e-03 | M: 1655.3232 | Path: Statevector MPI-distributed (8 ranks)
Iter 0479 | Energy: -7.190633 | Delta: 2.55e-03 | M: 1681.7615 | Path: Statevector MPI-distributed (8 ranks)
Iter 0480 | Energy: -7.197932 | Delta: 7.30e-03 | M: 132.9561 | Path: Statevector MPI-distributed (8 ranks)
[RESILIENCE] Iteration 480: Global theta state checkpointed at path checkpoints/checkpoint_iter_0480.npy. 
Iter 0481 | Energy: -7.201761 | Delta: 3.83e-03 | M: 951.4242 | Path: Statevector MPI-distributed (8 ranks)
Iter 0482 | Energy: -7.202165 | Delta: 4.04e-04 | M: 41.0438 | Path: Statevector MPI-distributed (8 ranks)
Iter 0483 | Energy: -7.218577 | Delta: 1.64e-02 | M: 31.1734 | Path: Statevector MPI-distributed (8 ranks)
Iter 0484 | Energy: -7.213713 | Delta: 4.86e-03 | M: 96.5800 | Path: Statevector MPI-distributed (8 ranks)
Iter 0485 | Energy: -7.226071 | Delta: 1.24e-02 | M: 612.0497 | Path: Statevector MPI-distributed (8 ranks)
[RESILIENCE] Iteration 485: Global theta state checkpointed at path checkpoints/checkpoint_iter_0485.npy. 
Iter 0486 | Energy: -7.215578 | Delta: 1.05e-02 | M: 8.9959 | Path: Statevector MPI-distributed (8 ranks)
Iter 0487 | Energy: -7.234086 | Delta: 1.85e-02 | M: 3.3699 | Path: Statevector MPI-distributed (8 ranks)
Iter 0488 | Energy: -7.222334 | Delta: 1.18e-02 | M: 155.0538 | Path: Statevector MPI-distributed (8 ranks)
Iter 0489 | Energy: -7.227019 | Delta: 4.69e-03 | M: 1328.5338 | Path: Statevector MPI-distributed (8 ranks)
Iter 0490 | Energy: -7.233500 | Delta: 6.48e-03 | M: 46.5181 | Path: Statevector MPI-distributed (8 ranks)
[RESILIENCE] Iteration 490: Global theta state checkpointed at path checkpoints/checkpoint_iter_0490.npy. 
Iter 0491 | Energy: -7.237826 | Delta: 4.33e-03 | M: 830.1154 | Path: Statevector MPI-distributed (8 ranks)
Iter 0492 | Energy: -7.236519 | Delta: 1.31e-03 | M: 137.0488 | Path: Statevector MPI-distributed (8 ranks)
Iter 0493 | Energy: -7.256623 | Delta: 2.01e-02 | M: 350.7784 | Path: Statevector MPI-distributed (8 ranks)
Iter 0494 | Energy: -7.246790 | Delta: 9.83e-03 | M: 46.2695 | Path: Statevector MPI-distributed (8 ranks)
Iter 0495 | Energy: -7.272436 | Delta: 2.56e-02 | M: 67.4350 | Path: Statevector MPI-distributed (8 ranks)
[RESILIENCE] Iteration 495: Global theta state checkpointed at path checkpoints/checkpoint_iter_0495.npy. 
Iter 0496 | Energy: -7.272216 | Delta: 2.20e-04 | M: 141.4635 | Path: Statevector MPI-distributed (8 ranks)
Iter 0497 | Energy: -7.267868 | Delta: 4.35e-03 | M: 1461.0429 | Path: Statevector MPI-distributed (8 ranks)
Iter 0498 | Energy: -7.284218 | Delta: 1.64e-02 | M: 51.0874 | Path: Statevector MPI-distributed (8 ranks)
Iter 0499 | Energy: -7.277214 | Delta: 7.00e-03 | M: 15.6988 | Path: Statevector MPI-distributed (8 ranks)
Iter 0500 | Energy: -7.277790 | Delta: 5.76e-04 | M: 3.8709 | Path: Statevector MPI-distributed (8 ranks)
[RESILIENCE] Iteration 500: Global theta state checkpointed at path checkpoints/checkpoint_iter_0500.npy. 

[LiH] Ansatz tier:hwe_adaptive[Resolver] 'BeH2' found in local registry 
[Resolver] 'BeH2' found in local registry 
[Resolver] 'BeH2' found in local registry 
[Resolver] 'BeH2' found in local registry 

[LiH] Corr score: 0.502 
[LiH] Final energy : -7.277790 Ha 
[Resolver] 'BeH2' found in local registry 
[Resolver] 'BeH2' found in local registry 
[LiH] Reference FCI : -7.882472 Ha 
[LiH] Absolute error: +0.6047 Ha  Ha 
[LiH] Iterations run: 500
[LiH] Wall time: 73.39s (includes QPU queue + RTT) 
[LiH] Time/iter: 0.15 s 
[LiH] Source: registry 
[LiH] Active electrons: 2 
[LiH] Estimated qubits: 10 
[LiH] Note: Frozen 2 core electrons. Active space: 2 electrons, 10 qubits 


--- RUNNING CHEMISTRY TASK BeH2 ---
[Resolver] 'BeH2' found in local registry 
[Resolver] 'BeH2' found in local registry 
[Chemistry:BeH2] 666 Pauli terms, 14 qubits, 112 params,  reps=2. FCI reference: -15.5951 Ha 
[Ansatz] HWE (adaptive) (auto) | corr_score=0.501 | off_diag_ratio=0.004
[Reason] score=0.501 in [0.25, 0.55). Moderate correlation detected (off_diag_ratio=0.004, zz_frac=0.977). Adaptive HWE with full entanglement recommended.
[Chemistry:BeH2] 666 Pauli terms, 14 qubits, 112 params,  reps=2. FCI reference: -15.5951 Ha 
[Ansatz] HWE (adaptive) (auto) | corr_score=0.501 | off_diag_ratio=0.004
[Reason] score=0.501 in [0.25, 0.55). Moderate correlation detected (off_diag_ratio=0.004, zz_frac=0.977). Adaptive HWE with full entanglement recommended.
[Chemistry:BeH2] 666 Pauli terms, 14 qubits, 112 params,  reps=2. FCI reference: -15.5951 Ha 
[Ansatz] HWE (adaptive) (auto) | corr_score=0.501 | off_diag_ratio=0.004
[Reason] score=0.501 in [0.25, 0.55). Moderate correlation detected (off_diag_ratio=0.004, zz_frac=0.977). Adaptive HWE with full entanglement recommended.
[Chemistry:BeH2] 666 Pauli terms, 14 qubits, 112 params,  reps=2. FCI reference: -15.5951 Ha 
[Ansatz] HWE (adaptive) (auto) | corr_score=0.501 | off_diag_ratio=0.004
[Reason] score=0.501 in [0.25, 0.55). Moderate correlation detected (off_diag_ratio=0.004, zz_frac=0.977). Adaptive HWE with full entanglement recommended.
[Chemistry:BeH2] 666 Pauli terms, 14 qubits, 112 params,  reps=2. FCI reference: -15.5951 Ha 
[Ansatz] HWE (adaptive) (auto) | corr_score=0.501 | off_diag_ratio=0.004
[Reason] score=0.501 in [0.25, 0.55). Moderate correlation detected (off_diag_ratio=0.004, zz_frac=0.977). Adaptive HWE with full entanglement recommended.
[Chemistry:BeH2] 666 Pauli terms, 14 qubits, 112 params,  reps=2. FCI reference: -15.5951 Ha 
[Ansatz] HWE (adaptive) (auto) | corr_score=0.501 | off_diag_ratio=0.004
[Reason] score=0.501 in [0.25, 0.55). Moderate correlation detected (off_diag_ratio=0.004, zz_frac=0.977). Adaptive HWE with full entanglement recommended.
[Chemistry:BeH2] 666 Pauli terms, 14 qubits, 112 params,  reps=2. FCI reference: -15.5951 Ha 
[Ansatz] HWE (adaptive) (auto) | corr_score=0.501 | off_diag_ratio=0.004
[Reason] score=0.501 in [0.25, 0.55). Moderate correlation detected (off_diag_ratio=0.004, zz_frac=0.977). Adaptive HWE with full entanglement recommended.
[Chemistry:BeH2] 666 Pauli terms, 14 qubits, 112 params,  reps=2. FCI reference: -15.5951 Ha 
[Ansatz] HWE (adaptive) (auto) | corr_score=0.501 | off_diag_ratio=0.004
[Reason] score=0.501 in [0.25, 0.55). Moderate correlation detected (off_diag_ratio=0.004, zz_frac=0.977). Adaptive HWE with full entanglement recommended.
Iter 0001 | Energy: -0.924152 | Delta: inf | M: 0.3253 | Path: Statevector MPI-distributed (8 ranks)
Iter 0002 | Energy: -0.991142 | Delta: 6.70e-02 | M: 0.9369 | Path: Statevector MPI-distributed (8 ranks)
Iter 0003 | Energy: -0.986189 | Delta: 4.95e-03 | M: 1.0134 | Path: Statevector MPI-distributed (8 ranks)
Iter 0004 | Energy: -0.999467 | Delta: 1.33e-02 | M: 0.9497 | Path: Statevector MPI-distributed (8 ranks)
Iter 0005 | Energy: -1.226322 | Delta: 2.27e-01 | M: 3.3034 | Path: Statevector MPI-distributed (8 ranks)
[RESILIENCE] Iteration 5: Global theta state checkpointed at path checkpoints/checkpoint_iter_0005.npy. 
Iter 0006 | Energy: -1.190205 | Delta: 3.61e-02 | M: 10.2351 | Path: Statevector MPI-distributed (8 ranks)
Iter 0007 | Energy: -1.216215 | Delta: 2.60e-02 | M: 0.5220 | Path: Statevector MPI-distributed (8 ranks)
Iter 0008 | Energy: -1.587532 | Delta: 3.71e-01 | M: 4.1147 | Path: Statevector MPI-distributed (8 ranks)
Iter 0009 | Energy: -2.381915 | Delta: 7.94e-01 | M: 1.1635 | Path: Statevector MPI-distributed (8 ranks)
Iter 0010 | Energy: -2.450581 | Delta: 6.87e-02 | M: 10547.9007 | Path: Statevector MPI-distributed (8 ranks)
[RESILIENCE] Iteration 10: Global theta state checkpointed at path checkpoints/checkpoint_iter_0010.npy. 
Iter 0011 | Energy: -2.960262 | Delta: 5.10e-01 | M: 1479.9632 | Path: Statevector MPI-distributed (8 ranks)
Iter 0012 | Energy: -3.713945 | Delta: 7.54e-01 | M: 1.1337 | Path: Statevector MPI-distributed (8 ranks)
Iter 0013 | Energy: -5.378494 | Delta: 1.66e+00 | M: 1.1130 | Path: Statevector MPI-distributed (8 ranks)
Iter 0014 | Energy: -5.383631 | Delta: 5.14e-03 | M: 1.6970 | Path: Statevector MPI-distributed (8 ranks)
Iter 0015 | Energy: -5.695777 | Delta: 3.12e-01 | M: 1.8858 | Path: Statevector MPI-distributed (8 ranks)
[RESILIENCE] Iteration 15: Global theta state checkpointed at path checkpoints/checkpoint_iter_0015.npy. 
Iter 0016 | Energy: -5.702599 | Delta: 6.82e-03 | M: 0.6705 | Path: Statevector MPI-distributed (8 ranks)
Iter 0017 | Energy: -6.144121 | Delta: 4.42e-01 | M: 2.3880 | Path: Statevector MPI-distributed (8 ranks)
Iter 0018 | Energy: -6.098390 | Delta: 4.57e-02 | M: 0.7717 | Path: Statevector MPI-distributed (8 ranks)
Iter 0019 | Energy: -6.214689 | Delta: 1.16e-01 | M: 2.1149 | Path: Statevector MPI-distributed (8 ranks)
Iter 0020 | Energy: -6.651245 | Delta: 4.37e-01 | M: 1.1829 | Path: Statevector MPI-distributed (8 ranks)
[RESILIENCE] Iteration 20: Global theta state checkpointed at path checkpoints/checkpoint_iter_0020.npy. 
Iter 0021 | Energy: -7.200422 | Delta: 5.49e-01 | M: 1.4894 | Path: Statevector MPI-distributed (8 ranks)
Iter 0022 | Energy: -7.300015 | Delta: 9.96e-02 | M: 175.7153 | Path: Statevector MPI-distributed (8 ranks)
Iter 0023 | Energy: -7.876466 | Delta: 5.76e-01 | M: 4.9994 | Path: Statevector MPI-distributed (8 ranks)
Iter 0024 | Energy: -7.835100 | Delta: 4.14e-02 | M: 3.5309 | Path: Statevector MPI-distributed (8 ranks)
Iter 0025 | Energy: -8.728417 | Delta: 8.93e-01 | M: 3.1085 | Path: Statevector MPI-distributed (8 ranks)
[RESILIENCE] Iteration 25: Global theta state checkpointed at path checkpoints/checkpoint_iter_0025.npy. 
Iter 0026 | Energy: -8.723532 | Delta: 4.88e-03 | M: 1.7782 | Path: Statevector MPI-distributed (8 ranks)
Iter 0027 | Energy: -8.749656 | Delta: 2.61e-02 | M: 2.2330 | Path: Statevector MPI-distributed (8 ranks)
Iter 0028 | Energy: -8.779484 | Delta: 2.98e-02 | M: 1.5352 | Path: Statevector MPI-distributed (8 ranks)
Iter 0029 | Energy: -8.787572 | Delta: 8.09e-03 | M: 3.7942 | Path: Statevector MPI-distributed (8 ranks)
Iter 0030 | Energy: -8.920151 | Delta: 1.33e-01 | M: 3.8018 | Path: Statevector MPI-distributed (8 ranks)
[RESILIENCE] Iteration 30: Global theta state checkpointed at path checkpoints/checkpoint_iter_0030.npy. 
Iter 0031 | Energy: -9.304625 | Delta: 3.84e-01 | M: 3.8149 | Path: Statevector MPI-distributed (8 ranks)
Iter 0032 | Energy: -9.330662 | Delta: 2.60e-02 | M: 2.2650 | Path: Statevector MPI-distributed (8 ranks)
Iter 0033 | Energy: -9.370557 | Delta: 3.99e-02 | M: 6.7628 | Path: Statevector MPI-distributed (8 ranks)
Iter 0034 | Energy: -9.651166 | Delta: 2.81e-01 | M: 1.3374 | Path: Statevector MPI-distributed (8 ranks)
Iter 0035 | Energy: -9.724703 | Delta: 7.35e-02 | M: 13.1362 | Path: Statevector MPI-distributed (8 ranks)
[RESILIENCE] Iteration 35: Global theta state checkpointed at path checkpoints/checkpoint_iter_0035.npy. 
Iter 0036 | Energy: -9.769860 | Delta: 4.52e-02 | M: 8.8720 | Path: Statevector MPI-distributed (8 ranks)
Iter 0037 | Energy: -9.835364 | Delta: 6.55e-02 | M: 3.4361 | Path: Statevector MPI-distributed (8 ranks)
Iter 0038 | Energy: -9.851330 | Delta: 1.60e-02 | M: 2059.9030 | Path: Statevector MPI-distributed (8 ranks)
Iter 0039 | Energy: -9.890451 | Delta: 3.91e-02 | M: 0.5290 | Path: Statevector MPI-distributed (8 ranks)
Iter 0040 | Energy: -9.872873 | Delta: 1.76e-02 | M: 1.3348 | Path: Statevector MPI-distributed (8 ranks)
[RESILIENCE] Iteration 40: Global theta state checkpointed at path checkpoints/checkpoint_iter_0040.npy. 
Iter 0041 | Energy: -9.880922 | Delta: 8.05e-03 | M: 6.6503 | Path: Statevector MPI-distributed (8 ranks)
Iter 0042 | Energy: -9.899003 | Delta: 1.81e-02 | M: 1.3589 | Path: Statevector MPI-distributed (8 ranks)
Iter 0043 | Energy: -9.900741 | Delta: 1.74e-03 | M: 4.4415 | Path: Statevector MPI-distributed (8 ranks)
Iter 0044 | Energy: -9.979126 | Delta: 7.84e-02 | M: 1.4716 | Path: Statevector MPI-distributed (8 ranks)
Iter 0045 | Energy: -9.995924 | Delta: 1.68e-02 | M: 2.0189 | Path: Statevector MPI-distributed (8 ranks)
[RESILIENCE] Iteration 45: Global theta state checkpointed at path checkpoints/checkpoint_iter_0045.npy. 
Iter 0046 | Energy: -10.152441 | Delta: 1.57e-01 | M: 1.8198 | Path: Statevector MPI-distributed (8 ranks)
Iter 0047 | Energy: -10.210394 | Delta: 5.80e-02 | M: 11.5221 | Path: Statevector MPI-distributed (8 ranks)
Iter 0048 | Energy: -10.270490 | Delta: 6.01e-02 | M: 0.7644 | Path: Statevector MPI-distributed (8 ranks)
Iter 0049 | Energy: -10.610740 | Delta: 3.40e-01 | M: 1.9312 | Path: Statevector MPI-distributed (8 ranks)
Iter 0050 | Energy: -10.599317 | Delta: 1.14e-02 | M: 110.8655 | Path: Statevector MPI-distributed (8 ranks)
[RESILIENCE] Iteration 50: Global theta state checkpointed at path checkpoints/checkpoint_iter_0050.npy. 
Iter 0051 | Energy: -10.783264 | Delta: 1.84e-01 | M: 0.3974 | Path: Statevector MPI-distributed (8 ranks)
Iter 0052 | Energy: -10.775091 | Delta: 8.17e-03 | M: 0.6122 | Path: Statevector MPI-distributed (8 ranks)
Iter 0053 | Energy: -10.855659 | Delta: 8.06e-02 | M: 2.9518 | Path: Statevector MPI-distributed (8 ranks)
Iter 0054 | Energy: -10.889996 | Delta: 3.43e-02 | M: 3.0313 | Path: Statevector MPI-distributed (8 ranks)
Iter 0055 | Energy: -10.904425 | Delta: 1.44e-02 | M: 1.2803 | Path: Statevector MPI-distributed (8 ranks)
[RESILIENCE] Iteration 55: Global theta state checkpointed at path checkpoints/checkpoint_iter_0055.npy. 
Iter 0056 | Energy: -10.910449 | Delta: 6.02e-03 | M: 7.4099 | Path: Statevector MPI-distributed (8 ranks)
Iter 0057 | Energy: -10.959149 | Delta: 4.87e-02 | M: 0.8469 | Path: Statevector MPI-distributed (8 ranks)
Iter 0058 | Energy: -11.068241 | Delta: 1.09e-01 | M: 3.6529 | Path: Statevector MPI-distributed (8 ranks)
Iter 0059 | Energy: -11.070859 | Delta: 2.62e-03 | M: 1.6840 | Path: Statevector MPI-distributed (8 ranks)
Iter 0060 | Energy: -11.708828 | Delta: 6.38e-01 | M: 3.5207 | Path: Statevector MPI-distributed (8 ranks)
[RESILIENCE] Iteration 60: Global theta state checkpointed at path checkpoints/checkpoint_iter_0060.npy. 
Iter 0061 | Energy: -12.224633 | Delta: 5.16e-01 | M: 3.3829 | Path: Statevector MPI-distributed (8 ranks)
Iter 0062 | Energy: -12.235484 | Delta: 1.09e-02 | M: 1.0006 | Path: Statevector MPI-distributed (8 ranks)
Iter 0063 | Energy: -12.237819 | Delta: 2.33e-03 | M: 13.4579 | Path: Statevector MPI-distributed (8 ranks)
Iter 0064 | Energy: -12.258773 | Delta: 2.10e-02 | M: 1.8983 | Path: Statevector MPI-distributed (8 ranks)
Iter 0065 | Energy: -12.407361 | Delta: 1.49e-01 | M: 2.7380 | Path: Statevector MPI-distributed (8 ranks)
[RESILIENCE] Iteration 65: Global theta state checkpointed at path checkpoints/checkpoint_iter_0065.npy. 
Iter 0066 | Energy: -12.394364 | Delta: 1.30e-02 | M: 1.4528 | Path: Statevector MPI-distributed (8 ranks)
Iter 0067 | Energy: -12.424518 | Delta: 3.02e-02 | M: 5.1733 | Path: Statevector MPI-distributed (8 ranks)
Iter 0068 | Energy: -12.440923 | Delta: 1.64e-02 | M: 2.1643 | Path: Statevector MPI-distributed (8 ranks)
Iter 0069 | Energy: -12.457433 | Delta: 1.65e-02 | M: 121.1804 | Path: Statevector MPI-distributed (8 ranks)
Iter 0070 | Energy: -12.539095 | Delta: 8.17e-02 | M: 2.8834 | Path: Statevector MPI-distributed (8 ranks)
[RESILIENCE] Iteration 70: Global theta state checkpointed at path checkpoints/checkpoint_iter_0070.npy. 
Iter 0071 | Energy: -12.542054 | Delta: 2.96e-03 | M: 1.6398 | Path: Statevector MPI-distributed (8 ranks)
Iter 0072 | Energy: -12.740423 | Delta: 1.98e-01 | M: 2.9127 | Path: Statevector MPI-distributed (8 ranks)
Iter 0073 | Energy: -13.012025 | Delta: 2.72e-01 | M: 4.4314 | Path: Statevector MPI-distributed (8 ranks)
Iter 0074 | Energy: -13.042875 | Delta: 3.08e-02 | M: 0.8162 | Path: Statevector MPI-distributed (8 ranks)
Iter 0075 | Energy: -13.205525 | Delta: 1.63e-01 | M: 0.9264 | Path: Statevector MPI-distributed (8 ranks)
[RESILIENCE] Iteration 75: Global theta state checkpointed at path checkpoints/checkpoint_iter_0075.npy. 
Iter 0076 | Energy: -13.203656 | Delta: 1.87e-03 | M: 0.8393 | Path: Statevector MPI-distributed (8 ranks)
Iter 0077 | Energy: -13.291036 | Delta: 8.74e-02 | M: 4.8470 | Path: Statevector MPI-distributed (8 ranks)
Iter 0078 | Energy: -13.303066 | Delta: 1.20e-02 | M: 3.9853 | Path: Statevector MPI-distributed (8 ranks)
Iter 0079 | Energy: -13.352754 | Delta: 4.97e-02 | M: 1.1437 | Path: Statevector MPI-distributed (8 ranks)
Iter 0080 | Energy: -13.355360 | Delta: 2.61e-03 | M: 2.0388 | Path: Statevector MPI-distributed (8 ranks)
[RESILIENCE] Iteration 80: Global theta state checkpointed at path checkpoints/checkpoint_iter_0080.npy. 
Iter 0081 | Energy: -13.380815 | Delta: 2.55e-02 | M: 1.3391 | Path: Statevector MPI-distributed (8 ranks)
Iter 0082 | Energy: -13.394946 | Delta: 1.41e-02 | M: 1.2279 | Path: Statevector MPI-distributed (8 ranks)
Iter 0083 | Energy: -13.429317 | Delta: 3.44e-02 | M: 1.5635 | Path: Statevector MPI-distributed (8 ranks)
Iter 0084 | Energy: -13.500157 | Delta: 7.08e-02 | M: 0.6903 | Path: Statevector MPI-distributed (8 ranks)
Iter 0085 | Energy: -13.583506 | Delta: 8.33e-02 | M: 0.7296 | Path: Statevector MPI-distributed (8 ranks)
[RESILIENCE] Iteration 85: Global theta state checkpointed at path checkpoints/checkpoint_iter_0085.npy. 
Iter 0086 | Energy: -13.611559 | Delta: 2.81e-02 | M: 2.4600 | Path: Statevector MPI-distributed (8 ranks)
Iter 0087 | Energy: -13.612609 | Delta: 1.05e-03 | M: 2.9781 | Path: Statevector MPI-distributed (8 ranks)
Iter 0088 | Energy: -13.603132 | Delta: 9.48e-03 | M: 1.8280 | Path: Statevector MPI-distributed (8 ranks)
Iter 0089 | Energy: -13.603732 | Delta: 6.00e-04 | M: 0.5263 | Path: Statevector MPI-distributed (8 ranks)
Iter 0090 | Energy: -13.611129 | Delta: 7.40e-03 | M: 1.1043 | Path: Statevector MPI-distributed (8 ranks)
[RESILIENCE] Iteration 90: Global theta state checkpointed at path checkpoints/checkpoint_iter_0090.npy. 
Iter 0091 | Energy: -13.582201 | Delta: 2.89e-02 | M: 0.8938 | Path: Statevector MPI-distributed (8 ranks)
Iter 0092 | Energy: -13.618173 | Delta: 3.60e-02 | M: 253.4223 | Path: Statevector MPI-distributed (8 ranks)
Iter 0093 | Energy: -13.663938 | Delta: 4.58e-02 | M: 1.2746 | Path: Statevector MPI-distributed (8 ranks)
Iter 0094 | Energy: -13.649439 | Delta: 1.45e-02 | M: 0.5901 | Path: Statevector MPI-distributed (8 ranks)
Iter 0095 | Energy: -13.699557 | Delta: 5.01e-02 | M: 2.6230 | Path: Statevector MPI-distributed (8 ranks)
[RESILIENCE] Iteration 95: Global theta state checkpointed at path checkpoints/checkpoint_iter_0095.npy. 
Iter 0096 | Energy: -13.753678 | Delta: 5.41e-02 | M: 1.2776 | Path: Statevector MPI-distributed (8 ranks)
Iter 0097 | Energy: -13.771284 | Delta: 1.76e-02 | M: 3.3739 | Path: Statevector MPI-distributed (8 ranks)
Iter 0098 | Energy: -13.777689 | Delta: 6.41e-03 | M: 2.9054 | Path: Statevector MPI-distributed (8 ranks)
Iter 0099 | Energy: -13.801625 | Delta: 2.39e-02 | M: 6.1558 | Path: Statevector MPI-distributed (8 ranks)
Iter 0100 | Energy: -13.854586 | Delta: 5.30e-02 | M: 1.9276 | Path: Statevector MPI-distributed (8 ranks)
[RESILIENCE] Iteration 100: Global theta state checkpointed at path checkpoints/checkpoint_iter_0100.npy. 
Iter 0101 | Energy: -13.924538 | Delta: 7.00e-02 | M: 1.6931 | Path: Statevector MPI-distributed (8 ranks)
Iter 0102 | Energy: -13.956020 | Delta: 3.15e-02 | M: 167.4157 | Path: Statevector MPI-distributed (8 ranks)
Iter 0103 | Energy: -14.045331 | Delta: 8.93e-02 | M: 3.1090 | Path: Statevector MPI-distributed (8 ranks)
Iter 0104 | Energy: -14.058071 | Delta: 1.27e-02 | M: 2.5714 | Path: Statevector MPI-distributed (8 ranks)
Iter 0105 | Energy: -14.034284 | Delta: 2.38e-02 | M: 0.9717 | Path: Statevector MPI-distributed (8 ranks)
[RESILIENCE] Iteration 105: Global theta state checkpointed at path checkpoints/checkpoint_iter_0105.npy. 
Iter 0106 | Energy: -14.046299 | Delta: 1.20e-02 | M: 4.0008 | Path: Statevector MPI-distributed (8 ranks)
Iter 0107 | Energy: -14.048788 | Delta: 2.49e-03 | M: 199.1201 | Path: Statevector MPI-distributed (8 ranks)
Iter 0108 | Energy: -14.059448 | Delta: 1.07e-02 | M: 2.3495 | Path: Statevector MPI-distributed (8 ranks)
Iter 0109 | Energy: -14.135562 | Delta: 7.61e-02 | M: 0.5663 | Path: Statevector MPI-distributed (8 ranks)
Iter 0110 | Energy: -14.154120 | Delta: 1.86e-02 | M: 0.8240 | Path: Statevector MPI-distributed (8 ranks)
[RESILIENCE] Iteration 110: Global theta state checkpointed at path checkpoints/checkpoint_iter_0110.npy. 
Iter 0111 | Energy: -14.187034 | Delta: 3.29e-02 | M: 1.1644 | Path: Statevector MPI-distributed (8 ranks)
Iter 0112 | Energy: -14.191474 | Delta: 4.44e-03 | M: 1.6053 | Path: Statevector MPI-distributed (8 ranks)
Iter 0113 | Energy: -14.212295 | Delta: 2.08e-02 | M: 2.8489 | Path: Statevector MPI-distributed (8 ranks)
Iter 0114 | Energy: -14.348187 | Delta: 1.36e-01 | M: 4.5185 | Path: Statevector MPI-distributed (8 ranks)
Iter 0115 | Energy: -14.344179 | Delta: 4.01e-03 | M: 3.3946 | Path: Statevector MPI-distributed (8 ranks)
[RESILIENCE] Iteration 115: Global theta state checkpointed at path checkpoints/checkpoint_iter_0115.npy. 
Iter 0116 | Energy: -14.395754 | Delta: 5.16e-02 | M: 17.4244 | Path: Statevector MPI-distributed (8 ranks)
Iter 0117 | Energy: -14.395298 | Delta: 4.56e-04 | M: 9.7434 | Path: Statevector MPI-distributed (8 ranks)
Iter 0118 | Energy: -14.540665 | Delta: 1.45e-01 | M: 1.9541 | Path: Statevector MPI-distributed (8 ranks)
Iter 0119 | Energy: -14.568774 | Delta: 2.81e-02 | M: 3.3383 | Path: Statevector MPI-distributed (8 ranks)
Iter 0120 | Energy: -14.628228 | Delta: 5.95e-02 | M: 2.3707 | Path: Statevector MPI-distributed (8 ranks)
[RESILIENCE] Iteration 120: Global theta state checkpointed at path checkpoints/checkpoint_iter_0120.npy. 
Iter 0121 | Energy: -14.602483 | Delta: 2.57e-02 | M: 2.7115 | Path: Statevector MPI-distributed (8 ranks)
Iter 0122 | Energy: -14.651943 | Delta: 4.95e-02 | M: 0.4668 | Path: Statevector MPI-distributed (8 ranks)
Iter 0123 | Energy: -14.649350 | Delta: 2.59e-03 | M: 6.9771 | Path: Statevector MPI-distributed (8 ranks)
Iter 0124 | Energy: -14.759016 | Delta: 1.10e-01 | M: 2.2221 | Path: Statevector MPI-distributed (8 ranks)
Iter 0125 | Energy: -14.786086 | Delta: 2.71e-02 | M: 30.1509 | Path: Statevector MPI-distributed (8 ranks)
[RESILIENCE] Iteration 125: Global theta state checkpointed at path checkpoints/checkpoint_iter_0125.npy. 
Iter 0126 | Energy: -14.773463 | Delta: 1.26e-02 | M: 1.7535 | Path: Statevector MPI-distributed (8 ranks)
Iter 0127 | Energy: -14.775438 | Delta: 1.98e-03 | M: 69.4846 | Path: Statevector MPI-distributed (8 ranks)
Iter 0128 | Energy: -14.792192 | Delta: 1.68e-02 | M: 1.1506 | Path: Statevector MPI-distributed (8 ranks)
Iter 0129 | Energy: -14.841148 | Delta: 4.90e-02 | M: 1.3267 | Path: Statevector MPI-distributed (8 ranks)
Iter 0130 | Energy: -14.870232 | Delta: 2.91e-02 | M: 2.2714 | Path: Statevector MPI-distributed (8 ranks)
[RESILIENCE] Iteration 130: Global theta state checkpointed at path checkpoints/checkpoint_iter_0130.npy. 
Iter 0131 | Energy: -14.877413 | Delta: 7.18e-03 | M: 1.9619 | Path: Statevector MPI-distributed (8 ranks)
Iter 0132 | Energy: -14.882805 | Delta: 5.39e-03 | M: 13.3441 | Path: Statevector MPI-distributed (8 ranks)
Iter 0133 | Energy: -14.936679 | Delta: 5.39e-02 | M: 1.4486 | Path: Statevector MPI-distributed (8 ranks)
Iter 0134 | Energy: -14.934909 | Delta: 1.77e-03 | M: 2.0491 | Path: Statevector MPI-distributed (8 ranks)
Iter 0135 | Energy: -14.953602 | Delta: 1.87e-02 | M: 7.8931 | Path: Statevector MPI-distributed (8 ranks)
[RESILIENCE] Iteration 135: Global theta state checkpointed at path checkpoints/checkpoint_iter_0135.npy. 
Iter 0136 | Energy: -14.954844 | Delta: 1.24e-03 | M: 5.9001 | Path: Statevector MPI-distributed (8 ranks)
Iter 0137 | Energy: -14.956458 | Delta: 1.61e-03 | M: 2.7587 | Path: Statevector MPI-distributed (8 ranks)
Iter 0138 | Energy: -14.951349 | Delta: 5.11e-03 | M: 2.2325 | Path: Statevector MPI-distributed (8 ranks)
Iter 0139 | Energy: -14.977292 | Delta: 2.59e-02 | M: 3.4962 | Path: Statevector MPI-distributed (8 ranks)
Iter 0140 | Energy: -14.988581 | Delta: 1.13e-02 | M: 1.0542 | Path: Statevector MPI-distributed (8 ranks)
[RESILIENCE] Iteration 140: Global theta state checkpointed at path checkpoints/checkpoint_iter_0140.npy. 
Iter 0141 | Energy: -14.975327 | Delta: 1.33e-02 | M: 189.7058 | Path: Statevector MPI-distributed (8 ranks)
Iter 0142 | Energy: -14.989806 | Delta: 1.45e-02 | M: 22.8793 | Path: Statevector MPI-distributed (8 ranks)
Iter 0143 | Energy: -14.979001 | Delta: 1.08e-02 | M: 3.2722 | Path: Statevector MPI-distributed (8 ranks)
Iter 0144 | Energy: -15.011026 | Delta: 3.20e-02 | M: 4.5912 | Path: Statevector MPI-distributed (8 ranks)
Iter 0145 | Energy: -15.009922 | Delta: 1.10e-03 | M: 3.9474 | Path: Statevector MPI-distributed (8 ranks)
[RESILIENCE] Iteration 145: Global theta state checkpointed at path checkpoints/checkpoint_iter_0145.npy. 
Iter 0146 | Energy: -15.020896 | Delta: 1.10e-02 | M: 2.8769 | Path: Statevector MPI-distributed (8 ranks)
Iter 0147 | Energy: -15.033535 | Delta: 1.26e-02 | M: 1.0943 | Path: Statevector MPI-distributed (8 ranks)
Iter 0148 | Energy: -15.042046 | Delta: 8.51e-03 | M: 2.9813 | Path: Statevector MPI-distributed (8 ranks)
Iter 0149 | Energy: -15.040139 | Delta: 1.91e-03 | M: 5.3786 | Path: Statevector MPI-distributed (8 ranks)
Iter 0150 | Energy: -15.029571 | Delta: 1.06e-02 | M: 4.6590 | Path: Statevector MPI-distributed (8 ranks)
[RESILIENCE] Iteration 150: Global theta state checkpointed at path checkpoints/checkpoint_iter_0150.npy. 
Iter 0151 | Energy: -15.030414 | Delta: 8.43e-04 | M: 468.2875 | Path: Statevector MPI-distributed (8 ranks)
Iter 0152 | Energy: -15.038894 | Delta: 8.48e-03 | M: 2.3663 | Path: Statevector MPI-distributed (8 ranks)
Iter 0153 | Energy: -15.071819 | Delta: 3.29e-02 | M: 4.0947 | Path: Statevector MPI-distributed (8 ranks)
Iter 0154 | Energy: -15.080360 | Delta: 8.54e-03 | M: 424.0034 | Path: Statevector MPI-distributed (8 ranks)
Iter 0155 | Energy: -15.083711 | Delta: 3.35e-03 | M: 6.2931 | Path: Statevector MPI-distributed (8 ranks)
[RESILIENCE] Iteration 155: Global theta state checkpointed at path checkpoints/checkpoint_iter_0155.npy. 
Iter 0156 | Energy: -15.080403 | Delta: 3.31e-03 | M: 0.6299 | Path: Statevector MPI-distributed (8 ranks)
Iter 0157 | Energy: -15.083466 | Delta: 3.06e-03 | M: 1.3613 | Path: Statevector MPI-distributed (8 ranks)
Iter 0158 | Energy: -15.106532 | Delta: 2.31e-02 | M: 1.3128 | Path: Statevector MPI-distributed (8 ranks)
Iter 0159 | Energy: -15.093724 | Delta: 1.28e-02 | M: 4.7134 | Path: Statevector MPI-distributed (8 ranks)
Iter 0160 | Energy: -15.116244 | Delta: 2.25e-02 | M: 336.8086 | Path: Statevector MPI-distributed (8 ranks)
[RESILIENCE] Iteration 160: Global theta state checkpointed at path checkpoints/checkpoint_iter_0160.npy. 
Iter 0161 | Energy: -15.149902 | Delta: 3.37e-02 | M: 0.9287 | Path: Statevector MPI-distributed (8 ranks)
Iter 0162 | Energy: -15.152694 | Delta: 2.79e-03 | M: 5.8013 | Path: Statevector MPI-distributed (8 ranks)
Iter 0163 | Energy: -15.149716 | Delta: 2.98e-03 | M: 244.4669 | Path: Statevector MPI-distributed (8 ranks)
Iter 0164 | Energy: -15.169731 | Delta: 2.00e-02 | M: 226.6857 | Path: Statevector MPI-distributed (8 ranks)
Iter 0165 | Energy: -15.156261 | Delta: 1.35e-02 | M: 470.4545 | Path: Statevector MPI-distributed (8 ranks)
[RESILIENCE] Iteration 165: Global theta state checkpointed at path checkpoints/checkpoint_iter_0165.npy. 
Iter 0166 | Energy: -15.150571 | Delta: 5.69e-03 | M: 2.6318 | Path: Statevector MPI-distributed (8 ranks)
Iter 0167 | Energy: -15.178449 | Delta: 2.79e-02 | M: 1.6909 | Path: Statevector MPI-distributed (8 ranks)
Iter 0168 | Energy: -15.175922 | Delta: 2.53e-03 | M: 3.3444 | Path: Statevector MPI-distributed (8 ranks)
Iter 0169 | Energy: -15.181740 | Delta: 5.82e-03 | M: 8.8332 | Path: Statevector MPI-distributed (8 ranks)
Iter 0170 | Energy: -15.237662 | Delta: 5.59e-02 | M: 5.1023 | Path: Statevector MPI-distributed (8 ranks)
[RESILIENCE] Iteration 170: Global theta state checkpointed at path checkpoints/checkpoint_iter_0170.npy. 
Iter 0171 | Energy: -15.268933 | Delta: 3.13e-02 | M: 0.7121 | Path: Statevector MPI-distributed (8 ranks)
Iter 0172 | Energy: -15.262412 | Delta: 6.52e-03 | M: 4.0103 | Path: Statevector MPI-distributed (8 ranks)
Iter 0173 | Energy: -15.264320 | Delta: 1.91e-03 | M: 2.7427 | Path: Statevector MPI-distributed (8 ranks)
Iter 0174 | Energy: -15.263700 | Delta: 6.20e-04 | M: 2.0495 | Path: Statevector MPI-distributed (8 ranks)
Iter 0175 | Energy: -15.273473 | Delta: 9.77e-03 | M: 0.9485 | Path: Statevector MPI-distributed (8 ranks)
[RESILIENCE] Iteration 175: Global theta state checkpointed at path checkpoints/checkpoint_iter_0175.npy. 
Iter 0176 | Energy: -15.267712 | Delta: 5.76e-03 | M: 1.2305 | Path: Statevector MPI-distributed (8 ranks)
Iter 0177 | Energy: -15.281722 | Delta: 1.40e-02 | M: 2.1997 | Path: Statevector MPI-distributed (8 ranks)
Iter 0178 | Energy: -15.278274 | Delta: 3.45e-03 | M: 1.5754 | Path: Statevector MPI-distributed (8 ranks)
Iter 0179 | Energy: -15.327105 | Delta: 4.88e-02 | M: 3.1459 | Path: Statevector MPI-distributed (8 ranks)
Iter 0180 | Energy: -15.333586 | Delta: 6.48e-03 | M: 0.8855 | Path: Statevector MPI-distributed (8 ranks)
[RESILIENCE] Iteration 180: Global theta state checkpointed at path checkpoints/checkpoint_iter_0180.npy. 
Iter 0181 | Energy: -15.349547 | Delta: 1.60e-02 | M: 297.0677 | Path: Statevector MPI-distributed (8 ranks)
Iter 0182 | Energy: -15.325844 | Delta: 2.37e-02 | M: 1.0106 | Path: Statevector MPI-distributed (8 ranks)
Iter 0183 | Energy: -15.345249 | Delta: 1.94e-02 | M: 2.7047 | Path: Statevector MPI-distributed (8 ranks)
Iter 0184 | Energy: -15.318610 | Delta: 2.66e-02 | M: 1.8832 | Path: Statevector MPI-distributed (8 ranks)
Iter 0185 | Energy: -15.357943 | Delta: 3.93e-02 | M: 2.5396 | Path: Statevector MPI-distributed (8 ranks)
[RESILIENCE] Iteration 185: Global theta state checkpointed at path checkpoints/checkpoint_iter_0185.npy. 
Iter 0186 | Energy: -15.359096 | Delta: 1.15e-03 | M: 0.8447 | Path: Statevector MPI-distributed (8 ranks)
Iter 0187 | Energy: -15.349298 | Delta: 9.80e-03 | M: 3.6004 | Path: Statevector MPI-distributed (8 ranks)
Iter 0188 | Energy: -15.365754 | Delta: 1.65e-02 | M: 6.2910 | Path: Statevector MPI-distributed (8 ranks)
Iter 0189 | Energy: -15.365959 | Delta: 2.05e-04 | M: 4.7255 | Path: Statevector MPI-distributed (8 ranks)
Iter 0190 | Energy: -15.384686 | Delta: 1.87e-02 | M: 1.5403 | Path: Statevector MPI-distributed (8 ranks)
[RESILIENCE] Iteration 190: Global theta state checkpointed at path checkpoints/checkpoint_iter_0190.npy. 
Iter 0191 | Energy: -15.363397 | Delta: 2.13e-02 | M: 2.3075 | Path: Statevector MPI-distributed (8 ranks)
Iter 0192 | Energy: -15.373996 | Delta: 1.06e-02 | M: 1.8813 | Path: Statevector MPI-distributed (8 ranks)
Iter 0193 | Energy: -15.387592 | Delta: 1.36e-02 | M: 158.2698 | Path: Statevector MPI-distributed (8 ranks)
Iter 0194 | Energy: -15.407771 | Delta: 2.02e-02 | M: 1.9296 | Path: Statevector MPI-distributed (8 ranks)
Iter 0195 | Energy: -15.428620 | Delta: 2.08e-02 | M: 2.1703 | Path: Statevector MPI-distributed (8 ranks)
[RESILIENCE] Iteration 195: Global theta state checkpointed at path checkpoints/checkpoint_iter_0195.npy. 
Iter 0196 | Energy: -15.431654 | Delta: 3.03e-03 | M: 3.1880 | Path: Statevector MPI-distributed (8 ranks)
Iter 0197 | Energy: -15.426007 | Delta: 5.65e-03 | M: 1.0890 | Path: Statevector MPI-distributed (8 ranks)
Iter 0198 | Energy: -15.446783 | Delta: 2.08e-02 | M: 5.3246 | Path: Statevector MPI-distributed (8 ranks)
Iter 0199 | Energy: -15.448382 | Delta: 1.60e-03 | M: 3.4274 | Path: Statevector MPI-distributed (8 ranks)
Iter 0200 | Energy: -15.460656 | Delta: 1.23e-02 | M: 470.3499 | Path: Statevector MPI-distributed (8 ranks)
[RESILIENCE] Iteration 200: Global theta state checkpointed at path checkpoints/checkpoint_iter_0200.npy. 
Iter 0201 | Energy: -15.472313 | Delta: 1.17e-02 | M: 1.1494 | Path: Statevector MPI-distributed (8 ranks)
Iter 0202 | Energy: -15.495174 | Delta: 2.29e-02 | M: 1.9439 | Path: Statevector MPI-distributed (8 ranks)
Iter 0203 | Energy: -15.496286 | Delta: 1.11e-03 | M: 1.9482 | Path: Statevector MPI-distributed (8 ranks)
Iter 0204 | Energy: -15.492116 | Delta: 4.17e-03 | M: 5.1309 | Path: Statevector MPI-distributed (8 ranks)
Iter 0205 | Energy: -15.515771 | Delta: 2.37e-02 | M: 2.8858 | Path: Statevector MPI-distributed (8 ranks)
[RESILIENCE] Iteration 205: Global theta state checkpointed at path checkpoints/checkpoint_iter_0205.npy. 
Iter 0206 | Energy: -15.515657 | Delta: 1.14e-04 | M: 3.1445 | Path: Statevector MPI-distributed (8 ranks)
Iter 0207 | Energy: -15.519673 | Delta: 4.02e-03 | M: 6.6150 | Path: Statevector MPI-distributed (8 ranks)
Iter 0208 | Energy: -15.526630 | Delta: 6.96e-03 | M: 2.6084 | Path: Statevector MPI-distributed (8 ranks)
Iter 0209 | Energy: -15.516133 | Delta: 1.05e-02 | M: 3.2848 | Path: Statevector MPI-distributed (8 ranks)
Iter 0210 | Energy: -15.522545 | Delta: 6.41e-03 | M: 1.1229 | Path: Statevector MPI-distributed (8 ranks)
[RESILIENCE] Iteration 210: Global theta state checkpointed at path checkpoints/checkpoint_iter_0210.npy. 
Iter 0211 | Energy: -15.506066 | Delta: 1.65e-02 | M: 1.1116 | Path: Statevector MPI-distributed (8 ranks)
Iter 0212 | Energy: -15.534203 | Delta: 2.81e-02 | M: 0.8411 | Path: Statevector MPI-distributed (8 ranks)
Iter 0213 | Energy: -15.547194 | Delta: 1.30e-02 | M: 85.1893 | Path: Statevector MPI-distributed (8 ranks)
Iter 0214 | Energy: -15.546212 | Delta: 9.81e-04 | M: 3.3986 | Path: Statevector MPI-distributed (8 ranks)
Iter 0215 | Energy: -15.552181 | Delta: 5.97e-03 | M: 1.7459 | Path: Statevector MPI-distributed (8 ranks)
[RESILIENCE] Iteration 215: Global theta state checkpointed at path checkpoints/checkpoint_iter_0215.npy. 
Iter 0216 | Energy: -15.568859 | Delta: 1.67e-02 | M: 0.7269 | Path: Statevector MPI-distributed (8 ranks)
Iter 0217 | Energy: -15.564753 | Delta: 4.11e-03 | M: 1.4845 | Path: Statevector MPI-distributed (8 ranks)
Iter 0218 | Energy: -15.571712 | Delta: 6.96e-03 | M: 1.6024 | Path: Statevector MPI-distributed (8 ranks)
Iter 0219 | Energy: -15.585807 | Delta: 1.41e-02 | M: 11876.5308 | Path: Statevector MPI-distributed (8 ranks)
Iter 0220 | Energy: -15.592737 | Delta: 6.93e-03 | M: 4.6128 | Path: Statevector MPI-distributed (8 ranks)
[RESILIENCE] Iteration 220: Global theta state checkpointed at path checkpoints/checkpoint_iter_0220.npy. 
Iter 0221 | Energy: -15.599756 | Delta: 7.02e-03 | M: 3.2866 | Path: Statevector MPI-distributed (8 ranks)
WARNING: Energy -15.6125 below FCI -15.5951 — HWE ansatz may have left the physical particle-number sector
Iter 0222 | Energy: -15.612506 | Delta: 1.28e-02 | M: 0.7747 | Path: Statevector MPI-distributed (8 ranks)
WARNING: Energy -15.6147 below FCI -15.5951 — HWE ansatz may have left the physical particle-number sector
Iter 0223 | Energy: -15.614739 | Delta: 2.23e-03 | M: 0.8534 | Path: Statevector MPI-distributed (8 ranks)
WARNING: Energy -15.6091 below FCI -15.5951 — HWE ansatz may have left the physical particle-number sector
Iter 0224 | Energy: -15.609133 | Delta: 5.61e-03 | M: 1.3922 | Path: Statevector MPI-distributed (8 ranks)
WARNING: Energy -15.6258 below FCI -15.5951 — HWE ansatz may have left the physical particle-number sector
Iter 0225 | Energy: -15.625817 | Delta: 1.67e-02 | M: 0.8129 | Path: Statevector MPI-distributed (8 ranks)
[RESILIENCE] Iteration 225: Global theta state checkpointed at path checkpoints/checkpoint_iter_0225.npy. 
WARNING: Energy -15.6379 below FCI -15.5951 — HWE ansatz may have left the physical particle-number sector
Iter 0226 | Energy: -15.637946 | Delta: 1.21e-02 | M: 1.8201 | Path: Statevector MPI-distributed (8 ranks)
WARNING: Energy -15.6341 below FCI -15.5951 — HWE ansatz may have left the physical particle-number sector
Iter 0227 | Energy: -15.634078 | Delta: 3.87e-03 | M: 4.8899 | Path: Statevector MPI-distributed (8 ranks)
WARNING: Energy -15.6337 below FCI -15.5951 — HWE ansatz may have left the physical particle-number sector
Iter 0228 | Energy: -15.633671 | Delta: 4.08e-04 | M: 2.4492 | Path: Statevector MPI-distributed (8 ranks)
WARNING: Energy -15.6536 below FCI -15.5951 — HWE ansatz may have left the physical particle-number sector
Iter 0229 | Energy: -15.653622 | Delta: 2.00e-02 | M: 1.2987 | Path: Statevector MPI-distributed (8 ranks)
WARNING: Energy -15.6574 below FCI -15.5951 — HWE ansatz may have left the physical particle-number sector
Iter 0230 | Energy: -15.657419 | Delta: 3.80e-03 | M: 2.4354 | Path: Statevector MPI-distributed (8 ranks)
[RESILIENCE] Iteration 230: Global theta state checkpointed at path checkpoints/checkpoint_iter_0230.npy. 
WARNING: Energy -15.6490 below FCI -15.5951 — HWE ansatz may have left the physical particle-number sector
Iter 0231 | Energy: -15.648958 | Delta: 8.46e-03 | M: 6.1536 | Path: Statevector MPI-distributed (8 ranks)
WARNING: Energy -15.6478 below FCI -15.5951 — HWE ansatz may have left the physical particle-number sector
Iter 0232 | Energy: -15.647846 | Delta: 1.11e-03 | M: 344.6652 | Path: Statevector MPI-distributed (8 ranks)
WARNING: Energy -15.6638 below FCI -15.5951 — HWE ansatz may have left the physical particle-number sector
Iter 0233 | Energy: -15.663758 | Delta: 1.59e-02 | M: 1.1693 | Path: Statevector MPI-distributed (8 ranks)
WARNING: Energy -15.6885 below FCI -15.5951 — HWE ansatz may have left the physical particle-number sector
Iter 0234 | Energy: -15.688546 | Delta: 2.48e-02 | M: 1.5146 | Path: Statevector MPI-distributed (8 ranks)
WARNING: Energy -15.6876 below FCI -15.5951 — HWE ansatz may have left the physical particle-number sector
Iter 0235 | Energy: -15.687616 | Delta: 9.30e-04 | M: 1.0323 | Path: Statevector MPI-distributed (8 ranks)
[RESILIENCE] Iteration 235: Global theta state checkpointed at path checkpoints/checkpoint_iter_0235.npy. 
WARNING: Energy -15.7003 below FCI -15.5951 — HWE ansatz may have left the physical particle-number sector
Iter 0236 | Energy: -15.700254 | Delta: 1.26e-02 | M: 261.5199 | Path: Statevector MPI-distributed (8 ranks)
WARNING: Energy -15.7005 below FCI -15.5951 — HWE ansatz may have left the physical particle-number sector
Iter 0237 | Energy: -15.700469 | Delta: 2.15e-04 | M: 1.9832 | Path: Statevector MPI-distributed (8 ranks)
WARNING: Energy -15.7260 below FCI -15.5951 — HWE ansatz may have left the physical particle-number sector
Iter 0238 | Energy: -15.725954 | Delta: 2.55e-02 | M: 1.3902 | Path: Statevector MPI-distributed (8 ranks)
WARNING: Energy -15.7416 below FCI -15.5951 — HWE ansatz may have left the physical particle-number sector
Iter 0239 | Energy: -15.741634 | Delta: 1.57e-02 | M: 3.0392 | Path: Statevector MPI-distributed (8 ranks)
WARNING: Energy -15.7409 below FCI -15.5951 — HWE ansatz may have left the physical particle-number sector
Iter 0240 | Energy: -15.740870 | Delta: 7.65e-04 | M: 8.2704 | Path: Statevector MPI-distributed (8 ranks)
[RESILIENCE] Iteration 240: Global theta state checkpointed at path checkpoints/checkpoint_iter_0240.npy. 
WARNING: Energy -15.7570 below FCI -15.5951 — HWE ansatz may have left the physical particle-number sector
Iter 0241 | Energy: -15.757019 | Delta: 1.61e-02 | M: 0.6552 | Path: Statevector MPI-distributed (8 ranks)
WARNING: Energy -15.7473 below FCI -15.5951 — HWE ansatz may have left the physical particle-number sector
Iter 0242 | Energy: -15.747313 | Delta: 9.71e-03 | M: 246.5557 | Path: Statevector MPI-distributed (8 ranks)
WARNING: Energy -15.7616 below FCI -15.5951 — HWE ansatz may have left the physical particle-number sector
Iter 0243 | Energy: -15.761633 | Delta: 1.43e-02 | M: 1.8585 | Path: Statevector MPI-distributed (8 ranks)
WARNING: Energy -15.7489 below FCI -15.5951 — HWE ansatz may have left the physical particle-number sector
Iter 0244 | Energy: -15.748933 | Delta: 1.27e-02 | M: 2.2860 | Path: Statevector MPI-distributed (8 ranks)
WARNING: Energy -15.8017 below FCI -15.5951 — HWE ansatz may have left the physical particle-number sector
Iter 0245 | Energy: -15.801669 | Delta: 5.27e-02 | M: 3.8749 | Path: Statevector MPI-distributed (8 ranks)
[RESILIENCE] Iteration 245: Global theta state checkpointed at path checkpoints/checkpoint_iter_0245.npy. 
WARNING: Energy -15.7952 below FCI -15.5951 — HWE ansatz may have left the physical particle-number sector
Iter 0246 | Energy: -15.795212 | Delta: 6.46e-03 | M: 373.0015 | Path: Statevector MPI-distributed (8 ranks)
WARNING: Energy -15.8070 below FCI -15.5951 — HWE ansatz may have left the physical particle-number sector
Iter 0247 | Energy: -15.807023 | Delta: 1.18e-02 | M: 2.1956 | Path: Statevector MPI-distributed (8 ranks)
WARNING: Energy -15.8218 below FCI -15.5951 — HWE ansatz may have left the physical particle-number sector
Iter 0248 | Energy: -15.821761 | Delta: 1.47e-02 | M: 10.0342 | Path: Statevector MPI-distributed (8 ranks)
WARNING: Energy -15.8087 below FCI -15.5951 — HWE ansatz may have left the physical particle-number sector
Iter 0249 | Energy: -15.808678 | Delta: 1.31e-02 | M: 1.7986 | Path: Statevector MPI-distributed (8 ranks)
WARNING: Energy -15.8215 below FCI -15.5951 — HWE ansatz may have left the physical particle-number sector
Iter 0250 | Energy: -15.821455 | Delta: 1.28e-02 | M: 2.4446 | Path: Statevector MPI-distributed (8 ranks)
[RESILIENCE] Iteration 250: Global theta state checkpointed at path checkpoints/checkpoint_iter_0250.npy. 
WARNING: Energy -15.8398 below FCI -15.5951 — HWE ansatz may have left the physical particle-number sector
Iter 0251 | Energy: -15.839755 | Delta: 1.83e-02 | M: 2.3101 | Path: Statevector MPI-distributed (8 ranks)
WARNING: Energy -15.8608 below FCI -15.5951 — HWE ansatz may have left the physical particle-number sector
Iter 0252 | Energy: -15.860828 | Delta: 2.11e-02 | M: 175.5362 | Path: Statevector MPI-distributed (8 ranks)
WARNING: Energy -15.8533 below FCI -15.5951 — HWE ansatz may have left the physical particle-number sector
Iter 0253 | Energy: -15.853341 | Delta: 7.49e-03 | M: 321.4986 | Path: Statevector MPI-distributed (8 ranks)
WARNING: Energy -15.8666 below FCI -15.5951 — HWE ansatz may have left the physical particle-number sector
Iter 0254 | Energy: -15.866623 | Delta: 1.33e-02 | M: 8.5307 | Path: Statevector MPI-distributed (8 ranks)
WARNING: Energy -15.8812 below FCI -15.5951 — HWE ansatz may have left the physical particle-number sector
Iter 0255 | Energy: -15.881198 | Delta: 1.46e-02 | M: 1.9736 | Path: Statevector MPI-distributed (8 ranks)
[RESILIENCE] Iteration 255: Global theta state checkpointed at path checkpoints/checkpoint_iter_0255.npy. 
WARNING: Energy -15.8905 below FCI -15.5951 — HWE ansatz may have left the physical particle-number sector
Iter 0256 | Energy: -15.890528 | Delta: 9.33e-03 | M: 8.3532 | Path: Statevector MPI-distributed (8 ranks)
WARNING: Energy -15.8824 below FCI -15.5951 — HWE ansatz may have left the physical particle-number sector
Iter 0257 | Energy: -15.882431 | Delta: 8.10e-03 | M: 172.1205 | Path: Statevector MPI-distributed (8 ranks)
WARNING: Energy -15.9108 below FCI -15.5951 — HWE ansatz may have left the physical particle-number sector
Iter 0258 | Energy: -15.910774 | Delta: 2.83e-02 | M: 538.5299 | Path: Statevector MPI-distributed (8 ranks)
WARNING: Energy -15.9223 below FCI -15.5951 — HWE ansatz may have left the physical particle-number sector
Iter 0259 | Energy: -15.922262 | Delta: 1.15e-02 | M: 3.1539 | Path: Statevector MPI-distributed (8 ranks)
WARNING: Energy -15.9504 below FCI -15.5951 — HWE ansatz may have left the physical particle-number sector
Iter 0260 | Energy: -15.950371 | Delta: 2.81e-02 | M: 1.9777 | Path: Statevector MPI-distributed (8 ranks)
[RESILIENCE] Iteration 260: Global theta state checkpointed at path checkpoints/checkpoint_iter_0260.npy. 
WARNING: Energy -15.9622 below FCI -15.5951 — HWE ansatz may have left the physical particle-number sector
Iter 0261 | Energy: -15.962199 | Delta: 1.18e-02 | M: 5.8211 | Path: Statevector MPI-distributed (8 ranks)
WARNING: Energy -15.9367 below FCI -15.5951 — HWE ansatz may have left the physical particle-number sector
Iter 0262 | Energy: -15.936677 | Delta: 2.55e-02 | M: 4.3211 | Path: Statevector MPI-distributed (8 ranks)
WARNING: Energy -15.9755 below FCI -15.5951 — HWE ansatz may have left the physical particle-number sector
Iter 0263 | Energy: -15.975536 | Delta: 3.89e-02 | M: 1.0359 | Path: Statevector MPI-distributed (8 ranks)
WARNING: Energy -15.9651 below FCI -15.5951 — HWE ansatz may have left the physical particle-number sector
Iter 0264 | Energy: -15.965087 | Delta: 1.04e-02 | M: 0.8559 | Path: Statevector MPI-distributed (8 ranks)
WARNING: Energy -15.9631 below FCI -15.5951 — HWE ansatz may have left the physical particle-number sector
Iter 0265 | Energy: -15.963112 | Delta: 1.97e-03 | M: 1.4562 | Path: Statevector MPI-distributed (8 ranks)
[RESILIENCE] Iteration 265: Global theta state checkpointed at path checkpoints/checkpoint_iter_0265.npy. 
WARNING: Energy -15.9707 below FCI -15.5951 — HWE ansatz may have left the physical particle-number sector
Iter 0266 | Energy: -15.970651 | Delta: 7.54e-03 | M: 3.9338 | Path: Statevector MPI-distributed (8 ranks)
WARNING: Energy -15.9770 below FCI -15.5951 — HWE ansatz may have left the physical particle-number sector
Iter 0267 | Energy: -15.976970 | Delta: 6.32e-03 | M: 2.6463 | Path: Statevector MPI-distributed (8 ranks)
WARNING: Energy -15.9973 below FCI -15.5951 — HWE ansatz may have left the physical particle-number sector
Iter 0268 | Energy: -15.997348 | Delta: 2.04e-02 | M: 1.0296 | Path: Statevector MPI-distributed (8 ranks)
WARNING: Energy -16.0079 below FCI -15.5951 — HWE ansatz may have left the physical particle-number sector
Iter 0269 | Energy: -16.007896 | Delta: 1.05e-02 | M: 0.9800 | Path: Statevector MPI-distributed (8 ranks)
WARNING: Energy -16.0232 below FCI -15.5951 — HWE ansatz may have left the physical particle-number sector
Iter 0270 | Energy: -16.023212 | Delta: 1.53e-02 | M: 440.5646 | Path: Statevector MPI-distributed (8 ranks)
[RESILIENCE] Iteration 270: Global theta state checkpointed at path checkpoints/checkpoint_iter_0270.npy. 
WARNING: Energy -16.0315 below FCI -15.5951 — HWE ansatz may have left the physical particle-number sector
Iter 0271 | Energy: -16.031544 | Delta: 8.33e-03 | M: 0.2895 | Path: Statevector MPI-distributed (8 ranks)
WARNING: Energy -16.0290 below FCI -15.5951 — HWE ansatz may have left the physical particle-number sector
Iter 0272 | Energy: -16.029019 | Delta: 2.52e-03 | M: 5.7268 | Path: Statevector MPI-distributed (8 ranks)
WARNING: Energy -16.0475 below FCI -15.5951 — HWE ansatz may have left the physical particle-number sector
Iter 0273 | Energy: -16.047518 | Delta: 1.85e-02 | M: 2.1403 | Path: Statevector MPI-distributed (8 ranks)
WARNING: Energy -16.0363 below FCI -15.5951 — HWE ansatz may have left the physical particle-number sector
Iter 0274 | Energy: -16.036259 | Delta: 1.13e-02 | M: 3.0789 | Path: Statevector MPI-distributed (8 ranks)
WARNING: Energy -16.0376 below FCI -15.5951 — HWE ansatz may have left the physical particle-number sector
Iter 0275 | Energy: -16.037558 | Delta: 1.30e-03 | M: 2.6199 | Path: Statevector MPI-distributed (8 ranks)
[RESILIENCE] Iteration 275: Global theta state checkpointed at path checkpoints/checkpoint_iter_0275.npy. 
WARNING: Energy -16.0472 below FCI -15.5951 — HWE ansatz may have left the physical particle-number sector
Iter 0276 | Energy: -16.047175 | Delta: 9.62e-03 | M: 2.5041 | Path: Statevector MPI-distributed (8 ranks)
WARNING: Energy -16.0531 below FCI -15.5951 — HWE ansatz may have left the physical particle-number sector
Iter 0277 | Energy: -16.053120 | Delta: 5.94e-03 | M: 2.4249 | Path: Statevector MPI-distributed (8 ranks)
WARNING: Energy -16.0666 below FCI -15.5951 — HWE ansatz may have left the physical particle-number sector
Iter 0278 | Energy: -16.066644 | Delta: 1.35e-02 | M: 1.2431 | Path: Statevector MPI-distributed (8 ranks)
WARNING: Energy -16.0778 below FCI -15.5951 — HWE ansatz may have left the physical particle-number sector
Iter 0279 | Energy: -16.077750 | Delta: 1.11e-02 | M: 1.1624 | Path: Statevector MPI-distributed (8 ranks)
WARNING: Energy -16.0923 below FCI -15.5951 — HWE ansatz may have left the physical particle-number sector
Iter 0280 | Energy: -16.092332 | Delta: 1.46e-02 | M: 0.6513 | Path: Statevector MPI-distributed (8 ranks)
[RESILIENCE] Iteration 280: Global theta state checkpointed at path checkpoints/checkpoint_iter_0280.npy. 
WARNING: Energy -16.1171 below FCI -15.5951 — HWE ansatz may have left the physical particle-number sector
Iter 0281 | Energy: -16.117083 | Delta: 2.48e-02 | M: 1.0934 | Path: Statevector MPI-distributed (8 ranks)
WARNING: Energy -16.1088 below FCI -15.5951 — HWE ansatz may have left the physical particle-number sector
Iter 0282 | Energy: -16.108847 | Delta: 8.24e-03 | M: 4.0509 | Path: Statevector MPI-distributed (8 ranks)
WARNING: Energy -16.1296 below FCI -15.5951 — HWE ansatz may have left the physical particle-number sector
Iter 0283 | Energy: -16.129650 | Delta: 2.08e-02 | M: 755.5354 | Path: Statevector MPI-distributed (8 ranks)
WARNING: Energy -16.1307 below FCI -15.5951 — HWE ansatz may have left the physical particle-number sector
Iter 0284 | Energy: -16.130737 | Delta: 1.09e-03 | M: 0.8347 | Path: Statevector MPI-distributed (8 ranks)
WARNING: Energy -16.1695 below FCI -15.5951 — HWE ansatz may have left the physical particle-number sector
Iter 0285 | Energy: -16.169511 | Delta: 3.88e-02 | M: 1.9221 | Path: Statevector MPI-distributed (8 ranks)
[RESILIENCE] Iteration 285: Global theta state checkpointed at path checkpoints/checkpoint_iter_0285.npy. 
WARNING: Energy -16.1691 below FCI -15.5951 — HWE ansatz may have left the physical particle-number sector
Iter 0286 | Energy: -16.169066 | Delta: 4.44e-04 | M: 543.3772 | Path: Statevector MPI-distributed (8 ranks)
WARNING: Energy -16.1740 below FCI -15.5951 — HWE ansatz may have left the physical particle-number sector
Iter 0287 | Energy: -16.174020 | Delta: 4.95e-03 | M: 1.2284 | Path: Statevector MPI-distributed (8 ranks)
WARNING: Energy -16.1652 below FCI -15.5951 — HWE ansatz may have left the physical particle-number sector
Iter 0288 | Energy: -16.165160 | Delta: 8.86e-03 | M: 7.7658 | Path: Statevector MPI-distributed (8 ranks)
WARNING: Energy -16.1861 below FCI -15.5951 — HWE ansatz may have left the physical particle-number sector
Iter 0289 | Energy: -16.186113 | Delta: 2.10e-02 | M: 3.4788 | Path: Statevector MPI-distributed (8 ranks)
WARNING: Energy -16.1898 below FCI -15.5951 — HWE ansatz may have left the physical particle-number sector
Iter 0290 | Energy: -16.189754 | Delta: 3.64e-03 | M: 0.9878 | Path: Statevector MPI-distributed (8 ranks)
[RESILIENCE] Iteration 290: Global theta state checkpointed at path checkpoints/checkpoint_iter_0290.npy. 
WARNING: Energy -16.2025 below FCI -15.5951 — HWE ansatz may have left the physical particle-number sector
Iter 0291 | Energy: -16.202476 | Delta: 1.27e-02 | M: 3.0004 | Path: Statevector MPI-distributed (8 ranks)
WARNING: Energy -16.2166 below FCI -15.5951 — HWE ansatz may have left the physical particle-number sector
Iter 0292 | Energy: -16.216591 | Delta: 1.41e-02 | M: 2.2693 | Path: Statevector MPI-distributed (8 ranks)
WARNING: Energy -16.2200 below FCI -15.5951 — HWE ansatz may have left the physical particle-number sector
Iter 0293 | Energy: -16.219984 | Delta: 3.39e-03 | M: 0.6887 | Path: Statevector MPI-distributed (8 ranks)
WARNING: Energy -16.2321 below FCI -15.5951 — HWE ansatz may have left the physical particle-number sector
Iter 0294 | Energy: -16.232099 | Delta: 1.21e-02 | M: 1.0365 | Path: Statevector MPI-distributed (8 ranks)
WARNING: Energy -16.2410 below FCI -15.5951 — HWE ansatz may have left the physical particle-number sector
Iter 0295 | Energy: -16.241031 | Delta: 8.93e-03 | M: 3.6808 | Path: Statevector MPI-distributed (8 ranks)
[RESILIENCE] Iteration 295: Global theta state checkpointed at path checkpoints/checkpoint_iter_0295.npy. 
WARNING: Energy -16.2492 below FCI -15.5951 — HWE ansatz may have left the physical particle-number sector
Iter 0296 | Energy: -16.249202 | Delta: 8.17e-03 | M: 3.5887 | Path: Statevector MPI-distributed (8 ranks)
WARNING: Energy -16.2519 below FCI -15.5951 — HWE ansatz may have left the physical particle-number sector
Iter 0297 | Energy: -16.251898 | Delta: 2.70e-03 | M: 4.9906 | Path: Statevector MPI-distributed (8 ranks)
WARNING: Energy -16.2498 below FCI -15.5951 — HWE ansatz may have left the physical particle-number sector
Iter 0298 | Energy: -16.249807 | Delta: 2.09e-03 | M: 291.2402 | Path: Statevector MPI-distributed (8 ranks)
WARNING: Energy -16.2591 below FCI -15.5951 — HWE ansatz may have left the physical particle-number sector
Iter 0299 | Energy: -16.259095 | Delta: 9.29e-03 | M: 28.1158 | Path: Statevector MPI-distributed (8 ranks)
WARNING: Energy -16.2688 below FCI -15.5951 — HWE ansatz may have left the physical particle-number sector
Iter 0300 | Energy: -16.268794 | Delta: 9.70e-03 | M: 1.8295 | Path: Statevector MPI-distributed (8 ranks)
[RESILIENCE] Iteration 300: Global theta state checkpointed at path checkpoints/checkpoint_iter_0300.npy. 
WARNING: Energy -16.2925 below FCI -15.5951 — HWE ansatz may have left the physical particle-number sector
Iter 0301 | Energy: -16.292453 | Delta: 2.37e-02 | M: 17.1161 | Path: Statevector MPI-distributed (8 ranks)
WARNING: Energy -16.3055 below FCI -15.5951 — HWE ansatz may have left the physical particle-number sector
Iter 0302 | Energy: -16.305459 | Delta: 1.30e-02 | M: 7.6178 | Path: Statevector MPI-distributed (8 ranks)
WARNING: Energy -16.3297 below FCI -15.5951 — HWE ansatz may have left the physical particle-number sector
Iter 0303 | Energy: -16.329730 | Delta: 2.43e-02 | M: 1.3338 | Path: Statevector MPI-distributed (8 ranks)
WARNING: Energy -16.3314 below FCI -15.5951 — HWE ansatz may have left the physical particle-number sector
Iter 0304 | Energy: -16.331365 | Delta: 1.63e-03 | M: 5191.7143 | Path: Statevector MPI-distributed (8 ranks)
WARNING: Energy -16.3402 below FCI -15.5951 — HWE ansatz may have left the physical particle-number sector
Iter 0305 | Energy: -16.340175 | Delta: 8.81e-03 | M: 0.9358 | Path: Statevector MPI-distributed (8 ranks)
[RESILIENCE] Iteration 305: Global theta state checkpointed at path checkpoints/checkpoint_iter_0305.npy. 
WARNING: Energy -16.3577 below FCI -15.5951 — HWE ansatz may have left the physical particle-number sector
Iter 0306 | Energy: -16.357661 | Delta: 1.75e-02 | M: 2.3161 | Path: Statevector MPI-distributed (8 ranks)
WARNING: Energy -16.3868 below FCI -15.5951 — HWE ansatz may have left the physical particle-number sector
Iter 0307 | Energy: -16.386832 | Delta: 2.92e-02 | M: 2.7771 | Path: Statevector MPI-distributed (8 ranks)
WARNING: Energy -16.3990 below FCI -15.5951 — HWE ansatz may have left the physical particle-number sector
Iter 0308 | Energy: -16.398988 | Delta: 1.22e-02 | M: 244.0152 | Path: Statevector MPI-distributed (8 ranks)
WARNING: Energy -16.3968 below FCI -15.5951 — HWE ansatz may have left the physical particle-number sector
Iter 0309 | Energy: -16.396815 | Delta: 2.17e-03 | M: 6.7549 | Path: Statevector MPI-distributed (8 ranks)
WARNING: Energy -16.4101 below FCI -15.5951 — HWE ansatz may have left the physical particle-number sector
Iter 0310 | Energy: -16.410122 | Delta: 1.33e-02 | M: 1.9002 | Path: Statevector MPI-distributed (8 ranks)
[RESILIENCE] Iteration 310: Global theta state checkpointed at path checkpoints/checkpoint_iter_0310.npy. 
WARNING: Energy -16.4297 below FCI -15.5951 — HWE ansatz may have left the physical particle-number sector
Iter 0311 | Energy: -16.429741 | Delta: 1.96e-02 | M: 5.3233 | Path: Statevector MPI-distributed (8 ranks)
WARNING: Energy -16.4462 below FCI -15.5951 — HWE ansatz may have left the physical particle-number sector
Iter 0312 | Energy: -16.446164 | Delta: 1.64e-02 | M: 3.3317 | Path: Statevector MPI-distributed (8 ranks)
WARNING: Energy -16.4376 below FCI -15.5951 — HWE ansatz may have left the physical particle-number sector
Iter 0313 | Energy: -16.437627 | Delta: 8.54e-03 | M: 2.0744 | Path: Statevector MPI-distributed (8 ranks)
WARNING: Energy -16.4557 below FCI -15.5951 — HWE ansatz may have left the physical particle-number sector
Iter 0314 | Energy: -16.455716 | Delta: 1.81e-02 | M: 1.9732 | Path: Statevector MPI-distributed (8 ranks)
WARNING: Energy -16.4594 below FCI -15.5951 — HWE ansatz may have left the physical particle-number sector
Iter 0315 | Energy: -16.459392 | Delta: 3.68e-03 | M: 5.8949 | Path: Statevector MPI-distributed (8 ranks)
[RESILIENCE] Iteration 315: Global theta state checkpointed at path checkpoints/checkpoint_iter_0315.npy. 
WARNING: Energy -16.4457 below FCI -15.5951 — HWE ansatz may have left the physical particle-number sector
Iter 0316 | Energy: -16.445703 | Delta: 1.37e-02 | M: 1.2730 | Path: Statevector MPI-distributed (8 ranks)
WARNING: Energy -16.5069 below FCI -15.5951 — HWE ansatz may have left the physical particle-number sector
Iter 0317 | Energy: -16.506933 | Delta: 6.12e-02 | M: 2.0607 | Path: Statevector MPI-distributed (8 ranks)
WARNING: Energy -16.4949 below FCI -15.5951 — HWE ansatz may have left the physical particle-number sector
Iter 0318 | Energy: -16.494925 | Delta: 1.20e-02 | M: 1.1584 | Path: Statevector MPI-distributed (8 ranks)
WARNING: Energy -16.5153 below FCI -15.5951 — HWE ansatz may have left the physical particle-number sector
Iter 0319 | Energy: -16.515297 | Delta: 2.04e-02 | M: 1.8631 | Path: Statevector MPI-distributed (8 ranks)
WARNING: Energy -16.5389 below FCI -15.5951 — HWE ansatz may have left the physical particle-number sector
Iter 0320 | Energy: -16.538899 | Delta: 2.36e-02 | M: 5.9020 | Path: Statevector MPI-distributed (8 ranks)
[RESILIENCE] Iteration 320: Global theta state checkpointed at path checkpoints/checkpoint_iter_0320.npy. 
WARNING: Energy -16.5722 below FCI -15.5951 — HWE ansatz may have left the physical particle-number sector
Iter 0321 | Energy: -16.572237 | Delta: 3.33e-02 | M: 3.0252 | Path: Statevector MPI-distributed (8 ranks)
WARNING: Energy -16.5995 below FCI -15.5951 — HWE ansatz may have left the physical particle-number sector
Iter 0322 | Energy: -16.599470 | Delta: 2.72e-02 | M: 2.3665 | Path: Statevector MPI-distributed (8 ranks)
WARNING: Energy -16.6093 below FCI -15.5951 — HWE ansatz may have left the physical particle-number sector
Iter 0323 | Energy: -16.609274 | Delta: 9.80e-03 | M: 0.6306 | Path: Statevector MPI-distributed (8 ranks)
WARNING: Energy -16.6025 below FCI -15.5951 — HWE ansatz may have left the physical particle-number sector
Iter 0324 | Energy: -16.602539 | Delta: 6.73e-03 | M: 0.7133 | Path: Statevector MPI-distributed (8 ranks)
WARNING: Energy -16.6050 below FCI -15.5951 — HWE ansatz may have left the physical particle-number sector
Iter 0325 | Energy: -16.605034 | Delta: 2.50e-03 | M: 1.5499 | Path: Statevector MPI-distributed (8 ranks)
[RESILIENCE] Iteration 325: Global theta state checkpointed at path checkpoints/checkpoint_iter_0325.npy. 
WARNING: Energy -16.6214 below FCI -15.5951 — HWE ansatz may have left the physical particle-number sector
Iter 0326 | Energy: -16.621398 | Delta: 1.64e-02 | M: 1.7873 | Path: Statevector MPI-distributed (8 ranks)
WARNING: Energy -16.6501 below FCI -15.5951 — HWE ansatz may have left the physical particle-number sector
Iter 0327 | Energy: -16.650100 | Delta: 2.87e-02 | M: 1.6542 | Path: Statevector MPI-distributed (8 ranks)
WARNING: Energy -16.6457 below FCI -15.5951 — HWE ansatz may have left the physical particle-number sector
Iter 0328 | Energy: -16.645704 | Delta: 4.40e-03 | M: 0.7441 | Path: Statevector MPI-distributed (8 ranks)
WARNING: Energy -16.6523 below FCI -15.5951 — HWE ansatz may have left the physical particle-number sector
Iter 0329 | Energy: -16.652301 | Delta: 6.60e-03 | M: 1.5910 | Path: Statevector MPI-distributed (8 ranks)
WARNING: Energy -16.6513 below FCI -15.5951 — HWE ansatz may have left the physical particle-number sector
Iter 0330 | Energy: -16.651298 | Delta: 1.00e-03 | M: 101.6534 | Path: Statevector MPI-distributed (8 ranks)
[RESILIENCE] Iteration 330: Global theta state checkpointed at path checkpoints/checkpoint_iter_0330.npy. 
WARNING: Energy -16.6520 below FCI -15.5951 — HWE ansatz may have left the physical particle-number sector
Iter 0331 | Energy: -16.652038 | Delta: 7.40e-04 | M: 0.7096 | Path: Statevector MPI-distributed (8 ranks)
WARNING: Energy -16.6582 below FCI -15.5951 — HWE ansatz may have left the physical particle-number sector
Iter 0332 | Energy: -16.658160 | Delta: 6.12e-03 | M: 1.2761 | Path: Statevector MPI-distributed (8 ranks)
WARNING: Energy -16.6621 below FCI -15.5951 — HWE ansatz may have left the physical particle-number sector
Iter 0333 | Energy: -16.662091 | Delta: 3.93e-03 | M: 1.2705 | Path: Statevector MPI-distributed (8 ranks)
WARNING: Energy -16.6786 below FCI -15.5951 — HWE ansatz may have left the physical particle-number sector
Iter 0334 | Energy: -16.678624 | Delta: 1.65e-02 | M: 3.3563 | Path: Statevector MPI-distributed (8 ranks)
WARNING: Energy -16.6811 below FCI -15.5951 — HWE ansatz may have left the physical particle-number sector
Iter 0335 | Energy: -16.681146 | Delta: 2.52e-03 | M: 1.9274 | Path: Statevector MPI-distributed (8 ranks)
[RESILIENCE] Iteration 335: Global theta state checkpointed at path checkpoints/checkpoint_iter_0335.npy. 
WARNING: Energy -16.6857 below FCI -15.5951 — HWE ansatz may have left the physical particle-number sector
Iter 0336 | Energy: -16.685679 | Delta: 4.53e-03 | M: 4.1577 | Path: Statevector MPI-distributed (8 ranks)
WARNING: Energy -16.7007 below FCI -15.5951 — HWE ansatz may have left the physical particle-number sector
Iter 0337 | Energy: -16.700676 | Delta: 1.50e-02 | M: 0.5240 | Path: Statevector MPI-distributed (8 ranks)
WARNING: Energy -16.7048 below FCI -15.5951 — HWE ansatz may have left the physical particle-number sector
Iter 0338 | Energy: -16.704825 | Delta: 4.15e-03 | M: 0.5654 | Path: Statevector MPI-distributed (8 ranks)
WARNING: Energy -16.7334 below FCI -15.5951 — HWE ansatz may have left the physical particle-number sector
Iter 0339 | Energy: -16.733388 | Delta: 2.86e-02 | M: 4.2428 | Path: Statevector MPI-distributed (8 ranks)
WARNING: Energy -16.7260 below FCI -15.5951 — HWE ansatz may have left the physical particle-number sector
Iter 0340 | Energy: -16.726049 | Delta: 7.34e-03 | M: 3.7811 | Path: Statevector MPI-distributed (8 ranks)
[RESILIENCE] Iteration 340: Global theta state checkpointed at path checkpoints/checkpoint_iter_0340.npy. 
WARNING: Energy -16.7341 below FCI -15.5951 — HWE ansatz may have left the physical particle-number sector
Iter 0341 | Energy: -16.734090 | Delta: 8.04e-03 | M: 3.1848 | Path: Statevector MPI-distributed (8 ranks)
WARNING: Energy -16.7387 below FCI -15.5951 — HWE ansatz may have left the physical particle-number sector
Iter 0342 | Energy: -16.738683 | Delta: 4.59e-03 | M: 3.2147 | Path: Statevector MPI-distributed (8 ranks)
WARNING: Energy -16.7346 below FCI -15.5951 — HWE ansatz may have left the physical particle-number sector
Iter 0343 | Energy: -16.734627 | Delta: 4.06e-03 | M: 2.7537 | Path: Statevector MPI-distributed (8 ranks)
WARNING: Energy -16.7454 below FCI -15.5951 — HWE ansatz may have left the physical particle-number sector
Iter 0344 | Energy: -16.745420 | Delta: 1.08e-02 | M: 5.1415 | Path: Statevector MPI-distributed (8 ranks)
WARNING: Energy -16.7499 below FCI -15.5951 — HWE ansatz may have left the physical particle-number sector
Iter 0345 | Energy: -16.749919 | Delta: 4.50e-03 | M: 7.6883 | Path: Statevector MPI-distributed (8 ranks)
[RESILIENCE] Iteration 345: Global theta state checkpointed at path checkpoints/checkpoint_iter_0345.npy. 
WARNING: Energy -16.7585 below FCI -15.5951 — HWE ansatz may have left the physical particle-number sector
Iter 0346 | Energy: -16.758545 | Delta: 8.63e-03 | M: 0.9069 | Path: Statevector MPI-distributed (8 ranks)
WARNING: Energy -16.7550 below FCI -15.5951 — HWE ansatz may have left the physical particle-number sector
Iter 0347 | Energy: -16.754990 | Delta: 3.56e-03 | M: 17.7460 | Path: Statevector MPI-distributed (8 ranks)
WARNING: Energy -16.7579 below FCI -15.5951 — HWE ansatz may have left the physical particle-number sector
Iter 0348 | Energy: -16.757941 | Delta: 2.95e-03 | M: 2.5259 | Path: Statevector MPI-distributed (8 ranks)
WARNING: Energy -16.7657 below FCI -15.5951 — HWE ansatz may have left the physical particle-number sector
Iter 0349 | Energy: -16.765714 | Delta: 7.77e-03 | M: 2.7933 | Path: Statevector MPI-distributed (8 ranks)
WARNING: Energy -16.7727 below FCI -15.5951 — HWE ansatz may have left the physical particle-number sector
Iter 0350 | Energy: -16.772685 | Delta: 6.97e-03 | M: 2.3105 | Path: Statevector MPI-distributed (8 ranks)
[RESILIENCE] Iteration 350: Global theta state checkpointed at path checkpoints/checkpoint_iter_0350.npy. 
WARNING: Energy -16.8026 below FCI -15.5951 — HWE ansatz may have left the physical particle-number sector
Iter 0351 | Energy: -16.802634 | Delta: 2.99e-02 | M: 5.8645 | Path: Statevector MPI-distributed (8 ranks)
WARNING: Energy -16.8045 below FCI -15.5951 — HWE ansatz may have left the physical particle-number sector
Iter 0352 | Energy: -16.804497 | Delta: 1.86e-03 | M: 4.5466 | Path: Statevector MPI-distributed (8 ranks)
WARNING: Energy -16.8098 below FCI -15.5951 — HWE ansatz may have left the physical particle-number sector
Iter 0353 | Energy: -16.809802 | Delta: 5.31e-03 | M: 3.2656 | Path: Statevector MPI-distributed (8 ranks)
WARNING: Energy -16.8219 below FCI -15.5951 — HWE ansatz may have left the physical particle-number sector
Iter 0354 | Energy: -16.821888 | Delta: 1.21e-02 | M: 0.8648 | Path: Statevector MPI-distributed (8 ranks)
WARNING: Energy -16.8309 below FCI -15.5951 — HWE ansatz may have left the physical particle-number sector
Iter 0355 | Energy: -16.830925 | Delta: 9.04e-03 | M: 6.1031 | Path: Statevector MPI-distributed (8 ranks)
[RESILIENCE] Iteration 355: Global theta state checkpointed at path checkpoints/checkpoint_iter_0355.npy. 
WARNING: Energy -16.8350 below FCI -15.5951 — HWE ansatz may have left the physical particle-number sector
Iter 0356 | Energy: -16.835019 | Delta: 4.09e-03 | M: 4.4565 | Path: Statevector MPI-distributed (8 ranks)
WARNING: Energy -16.8403 below FCI -15.5951 — HWE ansatz may have left the physical particle-number sector
Iter 0357 | Energy: -16.840270 | Delta: 5.25e-03 | M: 0.7972 | Path: Statevector MPI-distributed (8 ranks)
WARNING: Energy -16.8308 below FCI -15.5951 — HWE ansatz may have left the physical particle-number sector
Iter 0358 | Energy: -16.830751 | Delta: 9.52e-03 | M: 6.9317 | Path: Statevector MPI-distributed (8 ranks)
WARNING: Energy -16.8511 below FCI -15.5951 — HWE ansatz may have left the physical particle-number sector
Iter 0359 | Energy: -16.851082 | Delta: 2.03e-02 | M: 1.4103 | Path: Statevector MPI-distributed (8 ranks)
WARNING: Energy -16.8579 below FCI -15.5951 — HWE ansatz may have left the physical particle-number sector
Iter 0360 | Energy: -16.857946 | Delta: 6.86e-03 | M: 1.0394 | Path: Statevector MPI-distributed (8 ranks)
[RESILIENCE] Iteration 360: Global theta state checkpointed at path checkpoints/checkpoint_iter_0360.npy. 
WARNING: Energy -16.8814 below FCI -15.5951 — HWE ansatz may have left the physical particle-number sector
Iter 0361 | Energy: -16.881393 | Delta: 2.34e-02 | M: 163.5002 | Path: Statevector MPI-distributed (8 ranks)
WARNING: Energy -16.8862 below FCI -15.5951 — HWE ansatz may have left the physical particle-number sector
Iter 0362 | Energy: -16.886191 | Delta: 4.80e-03 | M: 0.4101 | Path: Statevector MPI-distributed (8 ranks)
WARNING: Energy -16.8804 below FCI -15.5951 — HWE ansatz may have left the physical particle-number sector
Iter 0363 | Energy: -16.880424 | Delta: 5.77e-03 | M: 0.8601 | Path: Statevector MPI-distributed (8 ranks)
WARNING: Energy -16.8846 below FCI -15.5951 — HWE ansatz may have left the physical particle-number sector
Iter 0364 | Energy: -16.884612 | Delta: 4.19e-03 | M: 6.8455 | Path: Statevector MPI-distributed (8 ranks)
WARNING: Energy -16.8817 below FCI -15.5951 — HWE ansatz may have left the physical particle-number sector
Iter 0365 | Energy: -16.881680 | Delta: 2.93e-03 | M: 3.9741 | Path: Statevector MPI-distributed (8 ranks)
[RESILIENCE] Iteration 365: Global theta state checkpointed at path checkpoints/checkpoint_iter_0365.npy. 
WARNING: Energy -16.9025 below FCI -15.5951 — HWE ansatz may have left the physical particle-number sector
Iter 0366 | Energy: -16.902497 | Delta: 2.08e-02 | M: 2.8965 | Path: Statevector MPI-distributed (8 ranks)
WARNING: Energy -16.9047 below FCI -15.5951 — HWE ansatz may have left the physical particle-number sector
Iter 0367 | Energy: -16.904727 | Delta: 2.23e-03 | M: 2.6685 | Path: Statevector MPI-distributed (8 ranks)
WARNING: Energy -16.9128 below FCI -15.5951 — HWE ansatz may have left the physical particle-number sector
Iter 0368 | Energy: -16.912825 | Delta: 8.10e-03 | M: 2.0372 | Path: Statevector MPI-distributed (8 ranks)
WARNING: Energy -16.9207 below FCI -15.5951 — HWE ansatz may have left the physical particle-number sector
Iter 0369 | Energy: -16.920690 | Delta: 7.86e-03 | M: 199.9183 | Path: Statevector MPI-distributed (8 ranks)
WARNING: Energy -16.9227 below FCI -15.5951 — HWE ansatz may have left the physical particle-number sector
Iter 0370 | Energy: -16.922657 | Delta: 1.97e-03 | M: 1.5364 | Path: Statevector MPI-distributed (8 ranks)
[RESILIENCE] Iteration 370: Global theta state checkpointed at path checkpoints/checkpoint_iter_0370.npy. 
WARNING: Energy -16.9324 below FCI -15.5951 — HWE ansatz may have left the physical particle-number sector
Iter 0371 | Energy: -16.932355 | Delta: 9.70e-03 | M: 1.2821 | Path: Statevector MPI-distributed (8 ranks)
WARNING: Energy -16.9368 below FCI -15.5951 — HWE ansatz may have left the physical particle-number sector
Iter 0372 | Energy: -16.936755 | Delta: 4.40e-03 | M: 1.0264 | Path: Statevector MPI-distributed (8 ranks)
WARNING: Energy -16.9311 below FCI -15.5951 — HWE ansatz may have left the physical particle-number sector
Iter 0373 | Energy: -16.931129 | Delta: 5.63e-03 | M: 982.9516 | Path: Statevector MPI-distributed (8 ranks)
WARNING: Energy -16.9420 below FCI -15.5951 — HWE ansatz may have left the physical particle-number sector
Iter 0374 | Energy: -16.942014 | Delta: 1.09e-02 | M: 0.7898 | Path: Statevector MPI-distributed (8 ranks)
WARNING: Energy -16.9451 below FCI -15.5951 — HWE ansatz may have left the physical particle-number sector
Iter 0375 | Energy: -16.945116 | Delta: 3.10e-03 | M: 8.6539 | Path: Statevector MPI-distributed (8 ranks)
[RESILIENCE] Iteration 375: Global theta state checkpointed at path checkpoints/checkpoint_iter_0375.npy. 
WARNING: Energy -16.9513 below FCI -15.5951 — HWE ansatz may have left the physical particle-number sector
Iter 0376 | Energy: -16.951298 | Delta: 6.18e-03 | M: 0.5814 | Path: Statevector MPI-distributed (8 ranks)
WARNING: Energy -16.9506 below FCI -15.5951 — HWE ansatz may have left the physical particle-number sector
Iter 0377 | Energy: -16.950603 | Delta: 6.95e-04 | M: 0.5752 | Path: Statevector MPI-distributed (8 ranks)
WARNING: Energy -16.9556 below FCI -15.5951 — HWE ansatz may have left the physical particle-number sector
Iter 0378 | Energy: -16.955571 | Delta: 4.97e-03 | M: 333.8902 | Path: Statevector MPI-distributed (8 ranks)
WARNING: Energy -16.9699 below FCI -15.5951 — HWE ansatz may have left the physical particle-number sector
Iter 0379 | Energy: -16.969870 | Delta: 1.43e-02 | M: 346.2514 | Path: Statevector MPI-distributed (8 ranks)
WARNING: Energy -16.9698 below FCI -15.5951 — HWE ansatz may have left the physical particle-number sector
Iter 0380 | Energy: -16.969831 | Delta: 3.90e-05 | M: 3.2031 | Path: Statevector MPI-distributed (8 ranks)
[RESILIENCE] Iteration 380: Global theta state checkpointed at path checkpoints/checkpoint_iter_0380.npy. 
WARNING: Energy -16.9824 below FCI -15.5951 — HWE ansatz may have left the physical particle-number sector
Iter 0381 | Energy: -16.982436 | Delta: 1.26e-02 | M: 2.3050 | Path: Statevector MPI-distributed (8 ranks)
WARNING: Energy -16.9803 below FCI -15.5951 — HWE ansatz may have left the physical particle-number sector
Iter 0382 | Energy: -16.980323 | Delta: 2.11e-03 | M: 3.1636 | Path: Statevector MPI-distributed (8 ranks)
WARNING: Energy -17.0041 below FCI -15.5951 — HWE ansatz may have left the physical particle-number sector
Iter 0383 | Energy: -17.004139 | Delta: 2.38e-02 | M: 1126.6402 | Path: Statevector MPI-distributed (8 ranks)
WARNING: Energy -17.0051 below FCI -15.5951 — HWE ansatz may have left the physical particle-number sector
Iter 0384 | Energy: -17.005148 | Delta: 1.01e-03 | M: 9.7705 | Path: Statevector MPI-distributed (8 ranks)
WARNING: Energy -16.9970 below FCI -15.5951 — HWE ansatz may have left the physical particle-number sector
Iter 0385 | Energy: -16.997031 | Delta: 8.12e-03 | M: 2.6521 | Path: Statevector MPI-distributed (8 ranks)
[RESILIENCE] Iteration 385: Global theta state checkpointed at path checkpoints/checkpoint_iter_0385.npy. 
WARNING: Energy -17.0225 below FCI -15.5951 — HWE ansatz may have left the physical particle-number sector
Iter 0386 | Energy: -17.022489 | Delta: 2.55e-02 | M: 11.1671 | Path: Statevector MPI-distributed (8 ranks)
WARNING: Energy -17.0260 below FCI -15.5951 — HWE ansatz may have left the physical particle-number sector
Iter 0387 | Energy: -17.025956 | Delta: 3.47e-03 | M: 1.0377 | Path: Statevector MPI-distributed (8 ranks)
WARNING: Energy -17.0276 below FCI -15.5951 — HWE ansatz may have left the physical particle-number sector
Iter 0388 | Energy: -17.027552 | Delta: 1.60e-03 | M: 1.5370 | Path: Statevector MPI-distributed (8 ranks)
WARNING: Energy -17.0384 below FCI -15.5951 — HWE ansatz may have left the physical particle-number sector
Iter 0389 | Energy: -17.038370 | Delta: 1.08e-02 | M: 2.2838 | Path: Statevector MPI-distributed (8 ranks)
WARNING: Energy -17.0309 below FCI -15.5951 — HWE ansatz may have left the physical particle-number sector
Iter 0390 | Energy: -17.030938 | Delta: 7.43e-03 | M: 4.6442 | Path: Statevector MPI-distributed (8 ranks)
[RESILIENCE] Iteration 390: Global theta state checkpointed at path checkpoints/checkpoint_iter_0390.npy. 
WARNING: Energy -17.0571 below FCI -15.5951 — HWE ansatz may have left the physical particle-number sector
Iter 0391 | Energy: -17.057147 | Delta: 2.62e-02 | M: 17.2504 | Path: Statevector MPI-distributed (8 ranks)
WARNING: Energy -17.0692 below FCI -15.5951 — HWE ansatz may have left the physical particle-number sector
Iter 0392 | Energy: -17.069176 | Delta: 1.20e-02 | M: 4.7849 | Path: Statevector MPI-distributed (8 ranks)
WARNING: Energy -17.0637 below FCI -15.5951 — HWE ansatz may have left the physical particle-number sector
Iter 0393 | Energy: -17.063736 | Delta: 5.44e-03 | M: 4.1911 | Path: Statevector MPI-distributed (8 ranks)
WARNING: Energy -17.0713 below FCI -15.5951 — HWE ansatz may have left the physical particle-number sector
Iter 0394 | Energy: -17.071255 | Delta: 7.52e-03 | M: 3.8357 | Path: Statevector MPI-distributed (8 ranks)
WARNING: Energy -17.0827 below FCI -15.5951 — HWE ansatz may have left the physical particle-number sector
Iter 0395 | Energy: -17.082721 | Delta: 1.15e-02 | M: 102.0635 | Path: Statevector MPI-distributed (8 ranks)
[RESILIENCE] Iteration 395: Global theta state checkpointed at path checkpoints/checkpoint_iter_0395.npy. 
WARNING: Energy -17.0706 below FCI -15.5951 — HWE ansatz may have left the physical particle-number sector
Iter 0396 | Energy: -17.070586 | Delta: 1.21e-02 | M: 8.4015 | Path: Statevector MPI-distributed (8 ranks)
WARNING: Energy -17.0803 below FCI -15.5951 — HWE ansatz may have left the physical particle-number sector
Iter 0397 | Energy: -17.080286 | Delta: 9.70e-03 | M: 0.4222 | Path: Statevector MPI-distributed (8 ranks)
WARNING: Energy -17.0984 below FCI -15.5951 — HWE ansatz may have left the physical particle-number sector
Iter 0398 | Energy: -17.098444 | Delta: 1.82e-02 | M: 0.6676 | Path: Statevector MPI-distributed (8 ranks)
WARNING: Energy -17.0933 below FCI -15.5951 — HWE ansatz may have left the physical particle-number sector
Iter 0399 | Energy: -17.093251 | Delta: 5.19e-03 | M: 1.1914 | Path: Statevector MPI-distributed (8 ranks)
WARNING: Energy -17.1033 below FCI -15.5951 — HWE ansatz may have left the physical particle-number sector
Iter 0400 | Energy: -17.103320 | Delta: 1.01e-02 | M: 16.4141 | Path: Statevector MPI-distributed (8 ranks)
[RESILIENCE] Iteration 400: Global theta state checkpointed at path checkpoints/checkpoint_iter_0400.npy. 
WARNING: Energy -17.1006 below FCI -15.5951 — HWE ansatz may have left the physical particle-number sector
Iter 0401 | Energy: -17.100648 | Delta: 2.67e-03 | M: 270.0324 | Path: Statevector MPI-distributed (8 ranks)
WARNING: Energy -17.1144 below FCI -15.5951 — HWE ansatz may have left the physical particle-number sector
Iter 0402 | Energy: -17.114425 | Delta: 1.38e-02 | M: 5.5486 | Path: Statevector MPI-distributed (8 ranks)
WARNING: Energy -17.1130 below FCI -15.5951 — HWE ansatz may have left the physical particle-number sector
Iter 0403 | Energy: -17.112976 | Delta: 1.45e-03 | M: 3.3598 | Path: Statevector MPI-distributed (8 ranks)
WARNING: Energy -17.1080 below FCI -15.5951 — HWE ansatz may have left the physical particle-number sector
Iter 0404 | Energy: -17.108022 | Delta: 4.95e-03 | M: 2.1301 | Path: Statevector MPI-distributed (8 ranks)
WARNING: Energy -17.1156 below FCI -15.5951 — HWE ansatz may have left the physical particle-number sector
Iter 0405 | Energy: -17.115610 | Delta: 7.59e-03 | M: 173.4268 | Path: Statevector MPI-distributed (8 ranks)
[RESILIENCE] Iteration 405: Global theta state checkpointed at path checkpoints/checkpoint_iter_0405.npy. 
WARNING: Energy -17.1119 below FCI -15.5951 — HWE ansatz may have left the physical particle-number sector
Iter 0406 | Energy: -17.111879 | Delta: 3.73e-03 | M: 10.5056 | Path: Statevector MPI-distributed (8 ranks)
WARNING: Energy -17.1132 below FCI -15.5951 — HWE ansatz may have left the physical particle-number sector
Iter 0407 | Energy: -17.113244 | Delta: 1.36e-03 | M: 242.8862 | Path: Statevector MPI-distributed (8 ranks)
WARNING: Energy -17.1139 below FCI -15.5951 — HWE ansatz may have left the physical particle-number sector
Iter 0408 | Energy: -17.113945 | Delta: 7.01e-04 | M: 4.0195 | Path: Statevector MPI-distributed (8 ranks)
WARNING: Energy -17.1086 below FCI -15.5951 — HWE ansatz may have left the physical particle-number sector
Iter 0409 | Energy: -17.108642 | Delta: 5.30e-03 | M: 3.4571 | Path: Statevector MPI-distributed (8 ranks)
WARNING: Energy -17.1223 below FCI -15.5951 — HWE ansatz may have left the physical particle-number sector
Iter 0410 | Energy: -17.122341 | Delta: 1.37e-02 | M: 2.8303 | Path: Statevector MPI-distributed (8 ranks)
[RESILIENCE] Iteration 410: Global theta state checkpointed at path checkpoints/checkpoint_iter_0410.npy. 
WARNING: Energy -17.1342 below FCI -15.5951 — HWE ansatz may have left the physical particle-number sector
Iter 0411 | Energy: -17.134189 | Delta: 1.18e-02 | M: 0.8618 | Path: Statevector MPI-distributed (8 ranks)
WARNING: Energy -17.1211 below FCI -15.5951 — HWE ansatz may have left the physical particle-number sector
Iter 0412 | Energy: -17.121057 | Delta: 1.31e-02 | M: 9.5559 | Path: Statevector MPI-distributed (8 ranks)
WARNING: Energy -17.1253 below FCI -15.5951 — HWE ansatz may have left the physical particle-number sector
Iter 0413 | Energy: -17.125292 | Delta: 4.24e-03 | M: 2.4329 | Path: Statevector MPI-distributed (8 ranks)
WARNING: Energy -17.1309 below FCI -15.5951 — HWE ansatz may have left the physical particle-number sector
Iter 0414 | Energy: -17.130889 | Delta: 5.60e-03 | M: 2.9871 | Path: Statevector MPI-distributed (8 ranks)
WARNING: Energy -17.1362 below FCI -15.5951 — HWE ansatz may have left the physical particle-number sector
Iter 0415 | Energy: -17.136231 | Delta: 5.34e-03 | M: 1.2368 | Path: Statevector MPI-distributed (8 ranks)
[RESILIENCE] Iteration 415: Global theta state checkpointed at path checkpoints/checkpoint_iter_0415.npy. 
WARNING: Energy -17.1386 below FCI -15.5951 — HWE ansatz may have left the physical particle-number sector
Iter 0416 | Energy: -17.138624 | Delta: 2.39e-03 | M: 1.2982 | Path: Statevector MPI-distributed (8 ranks)
WARNING: Energy -17.1395 below FCI -15.5951 — HWE ansatz may have left the physical particle-number sector
Iter 0417 | Energy: -17.139499 | Delta: 8.75e-04 | M: 8.7066 | Path: Statevector MPI-distributed (8 ranks)
WARNING: Energy -17.1482 below FCI -15.5951 — HWE ansatz may have left the physical particle-number sector
Iter 0418 | Energy: -17.148172 | Delta: 8.67e-03 | M: 3.8962 | Path: Statevector MPI-distributed (8 ranks)
WARNING: Energy -17.1525 below FCI -15.5951 — HWE ansatz may have left the physical particle-number sector
Iter 0419 | Energy: -17.152468 | Delta: 4.30e-03 | M: 3.9064 | Path: Statevector MPI-distributed (8 ranks)
WARNING: Energy -17.1559 below FCI -15.5951 — HWE ansatz may have left the physical particle-number sector
Iter 0420 | Energy: -17.155851 | Delta: 3.38e-03 | M: 1.0677 | Path: Statevector MPI-distributed (8 ranks)
[RESILIENCE] Iteration 420: Global theta state checkpointed at path checkpoints/checkpoint_iter_0420.npy. 
WARNING: Energy -17.1538 below FCI -15.5951 — HWE ansatz may have left the physical particle-number sector
Iter 0421 | Energy: -17.153755 | Delta: 2.10e-03 | M: 1.7307 | Path: Statevector MPI-distributed (8 ranks)
WARNING: Energy -17.1598 below FCI -15.5951 — HWE ansatz may have left the physical particle-number sector
Iter 0422 | Energy: -17.159822 | Delta: 6.07e-03 | M: 1.4246 | Path: Statevector MPI-distributed (8 ranks)
WARNING: Energy -17.1594 below FCI -15.5951 — HWE ansatz may have left the physical particle-number sector
Iter 0423 | Energy: -17.159359 | Delta: 4.63e-04 | M: 92.1470 | Path: Statevector MPI-distributed (8 ranks)
WARNING: Energy -17.1688 below FCI -15.5951 — HWE ansatz may have left the physical particle-number sector
Iter 0424 | Energy: -17.168832 | Delta: 9.47e-03 | M: 1.9231 | Path: Statevector MPI-distributed (8 ranks)
WARNING: Energy -17.1706 below FCI -15.5951 — HWE ansatz may have left the physical particle-number sector
Iter 0425 | Energy: -17.170572 | Delta: 1.74e-03 | M: 2.3830 | Path: Statevector MPI-distributed (8 ranks)
[RESILIENCE] Iteration 425: Global theta state checkpointed at path checkpoints/checkpoint_iter_0425.npy. 
WARNING: Energy -17.1740 below FCI -15.5951 — HWE ansatz may have left the physical particle-number sector
Iter 0426 | Energy: -17.174019 | Delta: 3.45e-03 | M: 2.2125 | Path: Statevector MPI-distributed (8 ranks)
WARNING: Energy -17.1731 below FCI -15.5951 — HWE ansatz may have left the physical particle-number sector
Iter 0427 | Energy: -17.173051 | Delta: 9.69e-04 | M: 228.6864 | Path: Statevector MPI-distributed (8 ranks)
WARNING: Energy -17.1761 below FCI -15.5951 — HWE ansatz may have left the physical particle-number sector
Iter 0428 | Energy: -17.176144 | Delta: 3.09e-03 | M: 3.0279 | Path: Statevector MPI-distributed (8 ranks)
WARNING: Energy -17.1852 below FCI -15.5951 — HWE ansatz may have left the physical particle-number sector
Iter 0429 | Energy: -17.185167 | Delta: 9.02e-03 | M: 1.4309 | Path: Statevector MPI-distributed (8 ranks)
WARNING: Energy -17.1810 below FCI -15.5951 — HWE ansatz may have left the physical particle-number sector
Iter 0430 | Energy: -17.181047 | Delta: 4.12e-03 | M: 1.1565 | Path: Statevector MPI-distributed (8 ranks)
[RESILIENCE] Iteration 430: Global theta state checkpointed at path checkpoints/checkpoint_iter_0430.npy. 
WARNING: Energy -17.1748 below FCI -15.5951 — HWE ansatz may have left the physical particle-number sector
Iter 0431 | Energy: -17.174760 | Delta: 6.29e-03 | M: 2.6868 | Path: Statevector MPI-distributed (8 ranks)
WARNING: Energy -17.1863 below FCI -15.5951 — HWE ansatz may have left the physical particle-number sector
Iter 0432 | Energy: -17.186276 | Delta: 1.15e-02 | M: 0.6622 | Path: Statevector MPI-distributed (8 ranks)
WARNING: Energy -17.1913 below FCI -15.5951 — HWE ansatz may have left the physical particle-number sector
Iter 0433 | Energy: -17.191295 | Delta: 5.02e-03 | M: 3.2102 | Path: Statevector MPI-distributed (8 ranks)
WARNING: Energy -17.1874 below FCI -15.5951 — HWE ansatz may have left the physical particle-number sector
Iter 0434 | Energy: -17.187350 | Delta: 3.94e-03 | M: 65.7924 | Path: Statevector MPI-distributed (8 ranks)
WARNING: Energy -17.1951 below FCI -15.5951 — HWE ansatz may have left the physical particle-number sector
Iter 0435 | Energy: -17.195059 | Delta: 7.71e-03 | M: 10410.0678 | Path: Statevector MPI-distributed (8 ranks)
[RESILIENCE] Iteration 435: Global theta state checkpointed at path checkpoints/checkpoint_iter_0435.npy. 
WARNING: Energy -17.1940 below FCI -15.5951 — HWE ansatz may have left the physical particle-number sector
Iter 0436 | Energy: -17.193971 | Delta: 1.09e-03 | M: 1691.6880 | Path: Statevector MPI-distributed (8 ranks)
WARNING: Energy -17.1998 below FCI -15.5951 — HWE ansatz may have left the physical particle-number sector
Iter 0437 | Energy: -17.199807 | Delta: 5.84e-03 | M: 0.9176 | Path: Statevector MPI-distributed (8 ranks)
WARNING: Energy -17.1930 below FCI -15.5951 — HWE ansatz may have left the physical particle-number sector
Iter 0438 | Energy: -17.193010 | Delta: 6.80e-03 | M: 1.8279 | Path: Statevector MPI-distributed (8 ranks)
WARNING: Energy -17.2027 below FCI -15.5951 — HWE ansatz may have left the physical particle-number sector
Iter 0439 | Energy: -17.202669 | Delta: 9.66e-03 | M: 1.6068 | Path: Statevector MPI-distributed (8 ranks)
WARNING: Energy -17.2062 below FCI -15.5951 — HWE ansatz may have left the physical particle-number sector
Iter 0440 | Energy: -17.206239 | Delta: 3.57e-03 | M: 1.2068 | Path: Statevector MPI-distributed (8 ranks)
[RESILIENCE] Iteration 440: Global theta state checkpointed at path checkpoints/checkpoint_iter_0440.npy. 
WARNING: Energy -17.2036 below FCI -15.5951 — HWE ansatz may have left the physical particle-number sector
Iter 0441 | Energy: -17.203650 | Delta: 2.59e-03 | M: 2.1555 | Path: Statevector MPI-distributed (8 ranks)
WARNING: Energy -17.2232 below FCI -15.5951 — HWE ansatz may have left the physical particle-number sector
Iter 0442 | Energy: -17.223230 | Delta: 1.96e-02 | M: 3.5973 | Path: Statevector MPI-distributed (8 ranks)
WARNING: Energy -17.2325 below FCI -15.5951 — HWE ansatz may have left the physical particle-number sector
Iter 0443 | Energy: -17.232515 | Delta: 9.28e-03 | M: 0.6865 | Path: Statevector MPI-distributed (8 ranks)
WARNING: Energy -17.2346 below FCI -15.5951 — HWE ansatz may have left the physical particle-number sector
Iter 0444 | Energy: -17.234647 | Delta: 2.13e-03 | M: 3.7501 | Path: Statevector MPI-distributed (8 ranks)
WARNING: Energy -17.2240 below FCI -15.5951 — HWE ansatz may have left the physical particle-number sector
Iter 0445 | Energy: -17.224019 | Delta: 1.06e-02 | M: 2.4253 | Path: Statevector MPI-distributed (8 ranks)
[RESILIENCE] Iteration 445: Global theta state checkpointed at path checkpoints/checkpoint_iter_0445.npy. 
WARNING: Energy -17.2297 below FCI -15.5951 — HWE ansatz may have left the physical particle-number sector
Iter 0446 | Energy: -17.229737 | Delta: 5.72e-03 | M: 1.4211 | Path: Statevector MPI-distributed (8 ranks)
WARNING: Energy -17.2336 below FCI -15.5951 — HWE ansatz may have left the physical particle-number sector
Iter 0447 | Energy: -17.233565 | Delta: 3.83e-03 | M: 1.6856 | Path: Statevector MPI-distributed (8 ranks)
WARNING: Energy -17.2367 below FCI -15.5951 — HWE ansatz may have left the physical particle-number sector
Iter 0448 | Energy: -17.236682 | Delta: 3.12e-03 | M: 1.2024 | Path: Statevector MPI-distributed (8 ranks)
WARNING: Energy -17.2293 below FCI -15.5951 — HWE ansatz may have left the physical particle-number sector
Iter 0449 | Energy: -17.229324 | Delta: 7.36e-03 | M: 0.8714 | Path: Statevector MPI-distributed (8 ranks)
WARNING: Energy -17.2361 below FCI -15.5951 — HWE ansatz may have left the physical particle-number sector
Iter 0450 | Energy: -17.236085 | Delta: 6.76e-03 | M: 6.0488 | Path: Statevector MPI-distributed (8 ranks)
[RESILIENCE] Iteration 450: Global theta state checkpointed at path checkpoints/checkpoint_iter_0450.npy. 
WARNING: Energy -17.2228 below FCI -15.5951 — HWE ansatz may have left the physical particle-number sector
Iter 0451 | Energy: -17.222756 | Delta: 1.33e-02 | M: 10614.6464 | Path: Statevector MPI-distributed (8 ranks)
WARNING: Energy -17.2372 below FCI -15.5951 — HWE ansatz may have left the physical particle-number sector
Iter 0452 | Energy: -17.237219 | Delta: 1.45e-02 | M: 0.3082 | Path: Statevector MPI-distributed (8 ranks)
WARNING: Energy -17.2309 below FCI -15.5951 — HWE ansatz may have left the physical particle-number sector
Iter 0453 | Energy: -17.230870 | Delta: 6.35e-03 | M: 5.2379 | Path: Statevector MPI-distributed (8 ranks)
WARNING: Energy -17.2344 below FCI -15.5951 — HWE ansatz may have left the physical particle-number sector
Iter 0454 | Energy: -17.234427 | Delta: 3.56e-03 | M: 177.4305 | Path: Statevector MPI-distributed (8 ranks)
WARNING: Energy -17.2324 below FCI -15.5951 — HWE ansatz may have left the physical particle-number sector
Iter 0455 | Energy: -17.232408 | Delta: 2.02e-03 | M: 2.1708 | Path: Statevector MPI-distributed (8 ranks)
[RESILIENCE] Iteration 455: Global theta state checkpointed at path checkpoints/checkpoint_iter_0455.npy. 
WARNING: Energy -17.2448 below FCI -15.5951 — HWE ansatz may have left the physical particle-number sector
Iter 0456 | Energy: -17.244789 | Delta: 1.24e-02 | M: 5.5843 | Path: Statevector MPI-distributed (8 ranks)
WARNING: Energy -17.2430 below FCI -15.5951 — HWE ansatz may have left the physical particle-number sector
Iter 0457 | Energy: -17.242972 | Delta: 1.82e-03 | M: 5.1876 | Path: Statevector MPI-distributed (8 ranks)
WARNING: Energy -17.2414 below FCI -15.5951 — HWE ansatz may have left the physical particle-number sector
Iter 0458 | Energy: -17.241387 | Delta: 1.58e-03 | M: 2.2944 | Path: Statevector MPI-distributed (8 ranks)
WARNING: Energy -17.2351 below FCI -15.5951 — HWE ansatz may have left the physical particle-number sector
Iter 0459 | Energy: -17.235089 | Delta: 6.30e-03 | M: 8545.0929 | Path: Statevector MPI-distributed (8 ranks)
WARNING: Energy -17.2381 below FCI -15.5951 — HWE ansatz may have left the physical particle-number sector
Iter 0460 | Energy: -17.238143 | Delta: 3.05e-03 | M: 0.5428 | Path: Statevector MPI-distributed (8 ranks)
[RESILIENCE] Iteration 460: Global theta state checkpointed at path checkpoints/checkpoint_iter_0460.npy. 
WARNING: Energy -17.2355 below FCI -15.5951 — HWE ansatz may have left the physical particle-number sector
Iter 0461 | Energy: -17.235530 | Delta: 2.61e-03 | M: 15.4057 | Path: Statevector MPI-distributed (8 ranks)
WARNING: Energy -17.2434 below FCI -15.5951 — HWE ansatz may have left the physical particle-number sector
Iter 0462 | Energy: -17.243377 | Delta: 7.85e-03 | M: 0.9945 | Path: Statevector MPI-distributed (8 ranks)
WARNING: Energy -17.2441 below FCI -15.5951 — HWE ansatz may have left the physical particle-number sector
Iter 0463 | Energy: -17.244112 | Delta: 7.35e-04 | M: 2.1458 | Path: Statevector MPI-distributed (8 ranks)
WARNING: Energy -17.2598 below FCI -15.5951 — HWE ansatz may have left the physical particle-number sector
Iter 0464 | Energy: -17.259782 | Delta: 1.57e-02 | M: 0.8561 | Path: Statevector MPI-distributed (8 ranks)
WARNING: Energy -17.2453 below FCI -15.5951 — HWE ansatz may have left the physical particle-number sector
Iter 0465 | Energy: -17.245322 | Delta: 1.45e-02 | M: 4.9836 | Path: Statevector MPI-distributed (8 ranks)
[RESILIENCE] Iteration 465: Global theta state checkpointed at path checkpoints/checkpoint_iter_0465.npy. 
WARNING: Energy -17.2648 below FCI -15.5951 — HWE ansatz may have left the physical particle-number sector
Iter 0466 | Energy: -17.264780 | Delta: 1.95e-02 | M: 0.6108 | Path: Statevector MPI-distributed (8 ranks)
WARNING: Energy -17.2652 below FCI -15.5951 — HWE ansatz may have left the physical particle-number sector
Iter 0467 | Energy: -17.265167 | Delta: 3.88e-04 | M: 42.9617 | Path: Statevector MPI-distributed (8 ranks)
WARNING: Energy -17.2676 below FCI -15.5951 — HWE ansatz may have left the physical particle-number sector
Iter 0468 | Energy: -17.267560 | Delta: 2.39e-03 | M: 41.5108 | Path: Statevector MPI-distributed (8 ranks)
WARNING: Energy -17.2692 below FCI -15.5951 — HWE ansatz may have left the physical particle-number sector
Iter 0469 | Energy: -17.269183 | Delta: 1.62e-03 | M: 21.4733 | Path: Statevector MPI-distributed (8 ranks)
WARNING: Energy -17.2656 below FCI -15.5951 — HWE ansatz may have left the physical particle-number sector
Iter 0470 | Energy: -17.265603 | Delta: 3.58e-03 | M: 6.7523 | Path: Statevector MPI-distributed (8 ranks)
[RESILIENCE] Iteration 470: Global theta state checkpointed at path checkpoints/checkpoint_iter_0470.npy. 
WARNING: Energy -17.2664 below FCI -15.5951 — HWE ansatz may have left the physical particle-number sector
Iter 0471 | Energy: -17.266387 | Delta: 7.84e-04 | M: 3.0939 | Path: Statevector MPI-distributed (8 ranks)
WARNING: Energy -17.2687 below FCI -15.5951 — HWE ansatz may have left the physical particle-number sector
Iter 0472 | Energy: -17.268658 | Delta: 2.27e-03 | M: 18.1677 | Path: Statevector MPI-distributed (8 ranks)
WARNING: Energy -17.2661 below FCI -15.5951 — HWE ansatz may have left the physical particle-number sector
Iter 0473 | Energy: -17.266135 | Delta: 2.52e-03 | M: 8973.5247 | Path: Statevector MPI-distributed (8 ranks)
WARNING: Energy -17.2588 below FCI -15.5951 — HWE ansatz may have left the physical particle-number sector
Iter 0474 | Energy: -17.258844 | Delta: 7.29e-03 | M: 1.1048 | Path: Statevector MPI-distributed (8 ranks)
WARNING: Energy -17.2747 below FCI -15.5951 — HWE ansatz may have left the physical particle-number sector
Iter 0475 | Energy: -17.274737 | Delta: 1.59e-02 | M: 826.3097 | Path: Statevector MPI-distributed (8 ranks)
[RESILIENCE] Iteration 475: Global theta state checkpointed at path checkpoints/checkpoint_iter_0475.npy. 
WARNING: Energy -17.2813 below FCI -15.5951 — HWE ansatz may have left the physical particle-number sector
Iter 0476 | Energy: -17.281299 | Delta: 6.56e-03 | M: 3.6596 | Path: Statevector MPI-distributed (8 ranks)
WARNING: Energy -17.2862 below FCI -15.5951 — HWE ansatz may have left the physical particle-number sector
Iter 0477 | Energy: -17.286153 | Delta: 4.85e-03 | M: 1.2134 | Path: Statevector MPI-distributed (8 ranks)
WARNING: Energy -17.2868 below FCI -15.5951 — HWE ansatz may have left the physical particle-number sector
Iter 0478 | Energy: -17.286781 | Delta: 6.29e-04 | M: 1.4355 | Path: Statevector MPI-distributed (8 ranks)
WARNING: Energy -17.2834 below FCI -15.5951 — HWE ansatz may have left the physical particle-number sector
Iter 0479 | Energy: -17.283426 | Delta: 3.35e-03 | M: 23.3110 | Path: Statevector MPI-distributed (8 ranks)
WARNING: Energy -17.2928 below FCI -15.5951 — HWE ansatz may have left the physical particle-number sector
Iter 0480 | Energy: -17.292829 | Delta: 9.40e-03 | M: 4.5302 | Path: Statevector MPI-distributed (8 ranks)
[RESILIENCE] Iteration 480: Global theta state checkpointed at path checkpoints/checkpoint_iter_0480.npy. 
WARNING: Energy -17.2919 below FCI -15.5951 — HWE ansatz may have left the physical particle-number sector
Iter 0481 | Energy: -17.291930 | Delta: 8.99e-04 | M: 1.6343 | Path: Statevector MPI-distributed (8 ranks)
WARNING: Energy -17.2982 below FCI -15.5951 — HWE ansatz may have left the physical particle-number sector
Iter 0482 | Energy: -17.298246 | Delta: 6.32e-03 | M: 8.0640 | Path: Statevector MPI-distributed (8 ranks)
WARNING: Energy -17.2951 below FCI -15.5951 — HWE ansatz may have left the physical particle-number sector
Iter 0483 | Energy: -17.295089 | Delta: 3.16e-03 | M: 43.4347 | Path: Statevector MPI-distributed (8 ranks)
WARNING: Energy -17.2968 below FCI -15.5951 — HWE ansatz may have left the physical particle-number sector
Iter 0484 | Energy: -17.296751 | Delta: 1.66e-03 | M: 0.7902 | Path: Statevector MPI-distributed (8 ranks)
WARNING: Energy -17.3030 below FCI -15.5951 — HWE ansatz may have left the physical particle-number sector
Iter 0485 | Energy: -17.303025 | Delta: 6.27e-03 | M: 0.5673 | Path: Statevector MPI-distributed (8 ranks)
[RESILIENCE] Iteration 485: Global theta state checkpointed at path checkpoints/checkpoint_iter_0485.npy. 
WARNING: Energy -17.3043 below FCI -15.5951 — HWE ansatz may have left the physical particle-number sector
Iter 0486 | Energy: -17.304284 | Delta: 1.26e-03 | M: 0.9478 | Path: Statevector MPI-distributed (8 ranks)
WARNING: Energy -17.3105 below FCI -15.5951 — HWE ansatz may have left the physical particle-number sector
Iter 0487 | Energy: -17.310476 | Delta: 6.19e-03 | M: 1.6529 | Path: Statevector MPI-distributed (8 ranks)
WARNING: Energy -17.3085 below FCI -15.5951 — HWE ansatz may have left the physical particle-number sector
Iter 0488 | Energy: -17.308542 | Delta: 1.93e-03 | M: 76.6479 | Path: Statevector MPI-distributed (8 ranks)
WARNING: Energy -17.3032 below FCI -15.5951 — HWE ansatz may have left the physical particle-number sector
Iter 0489 | Energy: -17.303226 | Delta: 5.32e-03 | M: 73.7888 | Path: Statevector MPI-distributed (8 ranks)
WARNING: Energy -17.3154 below FCI -15.5951 — HWE ansatz may have left the physical particle-number sector
Iter 0490 | Energy: -17.315431 | Delta: 1.22e-02 | M: 12.8507 | Path: Statevector MPI-distributed (8 ranks)
[RESILIENCE] Iteration 490: Global theta state checkpointed at path checkpoints/checkpoint_iter_0490.npy. 
WARNING: Energy -17.3120 below FCI -15.5951 — HWE ansatz may have left the physical particle-number sector
Iter 0491 | Energy: -17.311997 | Delta: 3.43e-03 | M: 1.2156 | Path: Statevector MPI-distributed (8 ranks)
WARNING: Energy -17.3209 below FCI -15.5951 — HWE ansatz may have left the physical particle-number sector
Iter 0492 | Energy: -17.320876 | Delta: 8.88e-03 | M: 17.3338 | Path: Statevector MPI-distributed (8 ranks)
WARNING: Energy -17.3060 below FCI -15.5951 — HWE ansatz may have left the physical particle-number sector
Iter 0493 | Energy: -17.305953 | Delta: 1.49e-02 | M: 1.6122 | Path: Statevector MPI-distributed (8 ranks)
WARNING: Energy -17.3181 below FCI -15.5951 — HWE ansatz may have left the physical particle-number sector
Iter 0494 | Energy: -17.318100 | Delta: 1.21e-02 | M: 6.3352 | Path: Statevector MPI-distributed (8 ranks)
WARNING: Energy -17.3148 below FCI -15.5951 — HWE ansatz may have left the physical particle-number sector
Iter 0495 | Energy: -17.314784 | Delta: 3.32e-03 | M: 3.4206 | Path: Statevector MPI-distributed (8 ranks)
[RESILIENCE] Iteration 495: Global theta state checkpointed at path checkpoints/checkpoint_iter_0495.npy. 
WARNING: Energy -17.3280 below FCI -15.5951 — HWE ansatz may have left the physical particle-number sector
Iter 0496 | Energy: -17.327969 | Delta: 1.32e-02 | M: 251.5454 | Path: Statevector MPI-distributed (8 ranks)
WARNING: Energy -17.3260 below FCI -15.5951 — HWE ansatz may have left the physical particle-number sector
Iter 0497 | Energy: -17.326033 | Delta: 1.94e-03 | M: 2.8665 | Path: Statevector MPI-distributed (8 ranks)
WARNING: Energy -17.3252 below FCI -15.5951 — HWE ansatz may have left the physical particle-number sector
Iter 0498 | Energy: -17.325239 | Delta: 7.93e-04 | M: 6.7299 | Path: Statevector MPI-distributed (8 ranks)
WARNING: Energy -17.3292 below FCI -15.5951 — HWE ansatz may have left the physical particle-number sector
Iter 0499 | Energy: -17.329246 | Delta: 4.01e-03 | M: 2.9331 | Path: Statevector MPI-distributed (8 ranks)
WARNING: Energy -17.3204 below FCI -15.5951 — HWE ansatz may have left the physical particle-number sector
Iter 0500 | Energy: -17.320363 | Delta: 8.88e-03 | M: 1.8300 | Path: Statevector MPI-distributed (8 ranks)
[RESILIENCE] Iteration 500: Global theta state checkpointed at path checkpoints/checkpoint_iter_0500.npy. 

[BeH2] Ansatz tier:hwe_adaptive[Resolver] 'H2O' found in local registry 

[BeH2] Corr score: 0.501 
[Resolver] 'H2O' found in local registry 
[BeH2] Final energy : -17.320363 Ha 
[BeH2] Reference FCI : -15.595118 Ha 
[BeH2] Absolute error: +1.7252 Ha  Ha 
[BeH2] Iterations run: 500
[BeH2] Wall time: 589.67s (includes QPU queue + RTT) 
[BeH2] Time/iter: 1.18 s 
[BeH2] Source: registry 
[BeH2] Active electrons: 4 
[BeH2] Estimated qubits: 12 
[BeH2] Note: Frozen 2 core electrons. Active space: 4 electrons, 12 qubits 


--- RUNNING CHEMISTRY TASK H2O ---
[Resolver] 'H2O' found in local registry 
[Resolver] 'H2O' found in local registry 
[Resolver] 'H2O' found in local registry 
[Resolver] 'H2O' found in local registry 
[Resolver] 'H2O' found in local registry 
[Resolver] 'H2O' found in local registry 
[Chemistry:H2O] 1086 Pauli terms, 14 qubits, 112 params,  reps=2. FCI reference: -75.0124 Ha 
[Ansatz] HWE (adaptive) (auto) | corr_score=0.502 | off_diag_ratio=0.007
[Reason] score=0.502 in [0.25, 0.55). Moderate correlation detected (off_diag_ratio=0.007, zz_frac=0.986). Adaptive HWE with full entanglement recommended.
[Chemistry:H2O] 1086 Pauli terms, 14 qubits, 112 params,  reps=2. FCI reference: -75.0124 Ha 
[Ansatz] HWE (adaptive) (auto) | corr_score=0.502 | off_diag_ratio=0.007
[Reason] score=0.502 in [0.25, 0.55). Moderate correlation detected (off_diag_ratio=0.007, zz_frac=0.986). Adaptive HWE with full entanglement recommended.
[Chemistry:H2O] 1086 Pauli terms, 14 qubits, 112 params,  reps=2. FCI reference: -75.0124 Ha 
[Ansatz] HWE (adaptive) (auto) | corr_score=0.502 | off_diag_ratio=0.007
[Reason] score=0.502 in [0.25, 0.55). Moderate correlation detected (off_diag_ratio=0.007, zz_frac=0.986). Adaptive HWE with full entanglement recommended.
[Chemistry:H2O] 1086 Pauli terms, 14 qubits, 112 params,  reps=2. FCI reference: -75.0124 Ha 
[Ansatz] HWE (adaptive) (auto) | corr_score=0.502 | off_diag_ratio=0.007
[Reason] score=0.502 in [0.25, 0.55). Moderate correlation detected (off_diag_ratio=0.007, zz_frac=0.986). Adaptive HWE with full entanglement recommended.
[Chemistry:H2O] 1086 Pauli terms, 14 qubits, 112 params,  reps=2. FCI reference: -75.0124 Ha 
[Ansatz] HWE (adaptive) (auto) | corr_score=0.502 | off_diag_ratio=0.007
[Reason] score=0.502 in [0.25, 0.55). Moderate correlation detected (off_diag_ratio=0.007, zz_frac=0.986). Adaptive HWE with full entanglement recommended.
[Chemistry:H2O] 1086 Pauli terms, 14 qubits, 112 params,  reps=2. FCI reference: -75.0124 Ha 
[Ansatz] HWE (adaptive) (auto) | corr_score=0.502 | off_diag_ratio=0.007
[Reason] score=0.502 in [0.25, 0.55). Moderate correlation detected (off_diag_ratio=0.007, zz_frac=0.986). Adaptive HWE with full entanglement recommended.
[Chemistry:H2O] 1086 Pauli terms, 14 qubits, 112 params,  reps=2. FCI reference: -75.0124 Ha 
[Ansatz] HWE (adaptive) (auto) | corr_score=0.502 | off_diag_ratio=0.007
[Reason] score=0.502 in [0.25, 0.55). Moderate correlation detected (off_diag_ratio=0.007, zz_frac=0.986). Adaptive HWE with full entanglement recommended.
[Chemistry:H2O] 1086 Pauli terms, 14 qubits, 112 params,  reps=2. FCI reference: -75.0124 Ha 
[Ansatz] HWE (adaptive) (auto) | corr_score=0.502 | off_diag_ratio=0.007
[Reason] score=0.502 in [0.25, 0.55). Moderate correlation detected (off_diag_ratio=0.007, zz_frac=0.986). Adaptive HWE with full entanglement recommended.
Iter 0001 | Energy: -3.168874 | Delta: inf | M: 35.7599 | Path: Statevector MPI-distributed (8 ranks)
Iter 0002 | Energy: -4.846628 | Delta: 1.68e+00 | M: 2.0917 | Path: Statevector MPI-distributed (8 ranks)
Iter 0003 | Energy: -9.286195 | Delta: 4.44e+00 | M: 2.0513 | Path: Statevector MPI-distributed (8 ranks)
Iter 0004 | Energy: -35.249653 | Delta: 2.60e+01 | M: 5.3785 | Path: Statevector MPI-distributed (8 ranks)
Iter 0005 | Energy: -37.366567 | Delta: 2.12e+00 | M: 811.5836 | Path: Statevector MPI-distributed (8 ranks)
[RESILIENCE] Iteration 5: Global theta state checkpointed at path checkpoints/checkpoint_iter_0005.npy. 
Iter 0006 | Energy: -48.245215 | Delta: 1.09e+01 | M: 2.4824 | Path: Statevector MPI-distributed (8 ranks)
Iter 0007 | Energy: -49.183378 | Delta: 9.38e-01 | M: 218.5789 | Path: Statevector MPI-distributed (8 ranks)
Iter 0008 | Energy: -49.255563 | Delta: 7.22e-02 | M: 646.3900 | Path: Statevector MPI-distributed (8 ranks)
Iter 0009 | Energy: -50.202385 | Delta: 9.47e-01 | M: 2.6456 | Path: Statevector MPI-distributed (8 ranks)
Iter 0010 | Energy: -50.048956 | Delta: 1.53e-01 | M: 5.1341 | Path: Statevector MPI-distributed (8 ranks)
[RESILIENCE] Iteration 10: Global theta state checkpointed at path checkpoints/checkpoint_iter_0010.npy. 
Iter 0011 | Energy: -50.321479 | Delta: 2.73e-01 | M: 8.2990 | Path: Statevector MPI-distributed (8 ranks)
Iter 0012 | Energy: -50.527586 | Delta: 2.06e-01 | M: 4.2172 | Path: Statevector MPI-distributed (8 ranks)
Iter 0013 | Energy: -50.857317 | Delta: 3.30e-01 | M: 4.1024 | Path: Statevector MPI-distributed (8 ranks)
Iter 0014 | Energy: -50.874768 | Delta: 1.75e-02 | M: 1.4334 | Path: Statevector MPI-distributed (8 ranks)
Iter 0015 | Energy: -52.616270 | Delta: 1.74e+00 | M: 1.7588 | Path: Statevector MPI-distributed (8 ranks)
[RESILIENCE] Iteration 15: Global theta state checkpointed at path checkpoints/checkpoint_iter_0015.npy. 
Iter 0016 | Energy: -52.876833 | Delta: 2.61e-01 | M: 2.6192 | Path: Statevector MPI-distributed (8 ranks)
Iter 0017 | Energy: -52.894925 | Delta: 1.81e-02 | M: 0.5474 | Path: Statevector MPI-distributed (8 ranks)
Iter 0018 | Energy: -53.395581 | Delta: 5.01e-01 | M: 8.6641 | Path: Statevector MPI-distributed (8 ranks)
Iter 0019 | Energy: -54.508511 | Delta: 1.11e+00 | M: 1.0153 | Path: Statevector MPI-distributed (8 ranks)
Iter 0020 | Energy: -54.745121 | Delta: 2.37e-01 | M: 0.7962 | Path: Statevector MPI-distributed (8 ranks)
[RESILIENCE] Iteration 20: Global theta state checkpointed at path checkpoints/checkpoint_iter_0020.npy. 
Iter 0021 | Energy: -55.730658 | Delta: 9.86e-01 | M: 1.3895 | Path: Statevector MPI-distributed (8 ranks)
Iter 0022 | Energy: -55.950922 | Delta: 2.20e-01 | M: 5.1762 | Path: Statevector MPI-distributed (8 ranks)
Iter 0023 | Energy: -56.196966 | Delta: 2.46e-01 | M: 1.6976 | Path: Statevector MPI-distributed (8 ranks)
Iter 0024 | Energy: -56.320669 | Delta: 1.24e-01 | M: 487.9026 | Path: Statevector MPI-distributed (8 ranks)
Iter 0025 | Energy: -56.718265 | Delta: 3.98e-01 | M: 2.6675 | Path: Statevector MPI-distributed (8 ranks)
[RESILIENCE] Iteration 25: Global theta state checkpointed at path checkpoints/checkpoint_iter_0025.npy. 
Iter 0026 | Energy: -56.832052 | Delta: 1.14e-01 | M: 2.8609 | Path: Statevector MPI-distributed (8 ranks)
Iter 0027 | Energy: -56.953400 | Delta: 1.21e-01 | M: 464.6626 | Path: Statevector MPI-distributed (8 ranks)
Iter 0028 | Energy: -57.757227 | Delta: 8.04e-01 | M: 1.0236 | Path: Statevector MPI-distributed (8 ranks)
Iter 0029 | Energy: -60.376662 | Delta: 2.62e+00 | M: 12.5505 | Path: Statevector MPI-distributed (8 ranks)
Iter 0030 | Energy: -60.600946 | Delta: 2.24e-01 | M: 8.7612 | Path: Statevector MPI-distributed (8 ranks)
[RESILIENCE] Iteration 30: Global theta state checkpointed at path checkpoints/checkpoint_iter_0030.npy. 
Iter 0031 | Energy: -61.231396 | Delta: 6.30e-01 | M: 2.2214 | Path: Statevector MPI-distributed (8 ranks)
Iter 0032 | Energy: -63.015341 | Delta: 1.78e+00 | M: 2.2615 | Path: Statevector MPI-distributed (8 ranks)
Iter 0033 | Energy: -63.733791 | Delta: 7.18e-01 | M: 0.6318 | Path: Statevector MPI-distributed (8 ranks)
Iter 0034 | Energy: -63.756401 | Delta: 2.26e-02 | M: 6.4843 | Path: Statevector MPI-distributed (8 ranks)
Iter 0035 | Energy: -64.273324 | Delta: 5.17e-01 | M: 1.9154 | Path: Statevector MPI-distributed (8 ranks)
[RESILIENCE] Iteration 35: Global theta state checkpointed at path checkpoints/checkpoint_iter_0035.npy. 
Iter 0036 | Energy: -64.302353 | Delta: 2.90e-02 | M: 1.6887 | Path: Statevector MPI-distributed (8 ranks)
Iter 0037 | Energy: -65.857513 | Delta: 1.56e+00 | M: 1.6567 | Path: Statevector MPI-distributed (8 ranks)
Iter 0038 | Energy: -66.141275 | Delta: 2.84e-01 | M: 1.1898 | Path: Statevector MPI-distributed (8 ranks)
Iter 0039 | Energy: -66.164098 | Delta: 2.28e-02 | M: 2.9217 | Path: Statevector MPI-distributed (8 ranks)
Iter 0040 | Energy: -66.252739 | Delta: 8.86e-02 | M: 1.3969 | Path: Statevector MPI-distributed (8 ranks)
[RESILIENCE] Iteration 40: Global theta state checkpointed at path checkpoints/checkpoint_iter_0040.npy. 
Iter 0041 | Energy: -66.222639 | Delta: 3.01e-02 | M: 1.0763 | Path: Statevector MPI-distributed (8 ranks)
Iter 0042 | Energy: -66.787677 | Delta: 5.65e-01 | M: 2.5529 | Path: Statevector MPI-distributed (8 ranks)
Iter 0043 | Energy: -66.854458 | Delta: 6.68e-02 | M: 3.3341 | Path: Statevector MPI-distributed (8 ranks)
Iter 0044 | Energy: -67.098378 | Delta: 2.44e-01 | M: 623.0970 | Path: Statevector MPI-distributed (8 ranks)
Iter 0045 | Energy: -67.177456 | Delta: 7.91e-02 | M: 65.3500 | Path: Statevector MPI-distributed (8 ranks)
[RESILIENCE] Iteration 45: Global theta state checkpointed at path checkpoints/checkpoint_iter_0045.npy. 
Iter 0046 | Energy: -67.264564 | Delta: 8.71e-02 | M: 7.8367 | Path: Statevector MPI-distributed (8 ranks)
Iter 0047 | Energy: -67.307241 | Delta: 4.27e-02 | M: 1.4197 | Path: Statevector MPI-distributed (8 ranks)
Iter 0048 | Energy: -67.548350 | Delta: 2.41e-01 | M: 7.2982 | Path: Statevector MPI-distributed (8 ranks)
Iter 0049 | Energy: -67.745590 | Delta: 1.97e-01 | M: 1.6077 | Path: Statevector MPI-distributed (8 ranks)
Iter 0050 | Energy: -67.792654 | Delta: 4.71e-02 | M: 4.3866 | Path: Statevector MPI-distributed (8 ranks)
[RESILIENCE] Iteration 50: Global theta state checkpointed at path checkpoints/checkpoint_iter_0050.npy. 
Iter 0051 | Energy: -68.064464 | Delta: 2.72e-01 | M: 372.8559 | Path: Statevector MPI-distributed (8 ranks)
Iter 0052 | Energy: -68.124481 | Delta: 6.00e-02 | M: 1.7999 | Path: Statevector MPI-distributed (8 ranks)
Iter 0053 | Energy: -68.259275 | Delta: 1.35e-01 | M: 3.8692 | Path: Statevector MPI-distributed (8 ranks)
Iter 0054 | Energy: -68.382327 | Delta: 1.23e-01 | M: 3.5211 | Path: Statevector MPI-distributed (8 ranks)
Iter 0055 | Energy: -68.491301 | Delta: 1.09e-01 | M: 4.1892 | Path: Statevector MPI-distributed (8 ranks)
[RESILIENCE] Iteration 55: Global theta state checkpointed at path checkpoints/checkpoint_iter_0055.npy. 
Iter 0056 | Energy: -68.666481 | Delta: 1.75e-01 | M: 13.5220 | Path: Statevector MPI-distributed (8 ranks)
Iter 0057 | Energy: -68.743260 | Delta: 7.68e-02 | M: 1.1280 | Path: Statevector MPI-distributed (8 ranks)
Iter 0058 | Energy: -68.833951 | Delta: 9.07e-02 | M: 0.8791 | Path: Statevector MPI-distributed (8 ranks)
Iter 0059 | Energy: -68.980905 | Delta: 1.47e-01 | M: 22.6743 | Path: Statevector MPI-distributed (8 ranks)
Iter 0060 | Energy: -69.000934 | Delta: 2.00e-02 | M: 13.4234 | Path: Statevector MPI-distributed (8 ranks)
[RESILIENCE] Iteration 60: Global theta state checkpointed at path checkpoints/checkpoint_iter_0060.npy. 
Iter 0061 | Energy: -68.962589 | Delta: 3.83e-02 | M: 0.8544 | Path: Statevector MPI-distributed (8 ranks)
Iter 0062 | Energy: -69.244855 | Delta: 2.82e-01 | M: 0.7346 | Path: Statevector MPI-distributed (8 ranks)
Iter 0063 | Energy: -69.235870 | Delta: 8.98e-03 | M: 537.8984 | Path: Statevector MPI-distributed (8 ranks)
Iter 0064 | Energy: -69.374286 | Delta: 1.38e-01 | M: 0.6763 | Path: Statevector MPI-distributed (8 ranks)
Iter 0065 | Energy: -69.371183 | Delta: 3.10e-03 | M: 2.9618 | Path: Statevector MPI-distributed (8 ranks)
[RESILIENCE] Iteration 65: Global theta state checkpointed at path checkpoints/checkpoint_iter_0065.npy. 
Iter 0066 | Energy: -69.504795 | Delta: 1.34e-01 | M: 1.3397 | Path: Statevector MPI-distributed (8 ranks)
Iter 0067 | Energy: -69.464515 | Delta: 4.03e-02 | M: 7.2733 | Path: Statevector MPI-distributed (8 ranks)
Iter 0068 | Energy: -69.710787 | Delta: 2.46e-01 | M: 0.7942 | Path: Statevector MPI-distributed (8 ranks)
Iter 0069 | Energy: -70.018802 | Delta: 3.08e-01 | M: 2.5855 | Path: Statevector MPI-distributed (8 ranks)
Iter 0070 | Energy: -70.000458 | Delta: 1.83e-02 | M: 0.6356 | Path: Statevector MPI-distributed (8 ranks)
[RESILIENCE] Iteration 70: Global theta state checkpointed at path checkpoints/checkpoint_iter_0070.npy. 
Iter 0071 | Energy: -70.047811 | Delta: 4.74e-02 | M: 16.6179 | Path: Statevector MPI-distributed (8 ranks)
Iter 0072 | Energy: -70.022001 | Delta: 2.58e-02 | M: 1.4360 | Path: Statevector MPI-distributed (8 ranks)
Iter 0073 | Energy: -69.999425 | Delta: 2.26e-02 | M: 1.1910 | Path: Statevector MPI-distributed (8 ranks)
Iter 0074 | Energy: -70.005798 | Delta: 6.37e-03 | M: 7.8415 | Path: Statevector MPI-distributed (8 ranks)
Iter 0075 | Energy: -70.082541 | Delta: 7.67e-02 | M: 677.5668 | Path: Statevector MPI-distributed (8 ranks)
[RESILIENCE] Iteration 75: Global theta state checkpointed at path checkpoints/checkpoint_iter_0075.npy. 
Iter 0076 | Energy: -70.096354 | Delta: 1.38e-02 | M: 0.2490 | Path: Statevector MPI-distributed (8 ranks)
Iter 0077 | Energy: -70.046929 | Delta: 4.94e-02 | M: 3.0576 | Path: Statevector MPI-distributed (8 ranks)
Iter 0078 | Energy: -70.087327 | Delta: 4.04e-02 | M: 10.6002 | Path: Statevector MPI-distributed (8 ranks)
Iter 0079 | Energy: -70.180043 | Delta: 9.27e-02 | M: 26.2551 | Path: Statevector MPI-distributed (8 ranks)
Iter 0080 | Energy: -70.179009 | Delta: 1.03e-03 | M: 1.4917 | Path: Statevector MPI-distributed (8 ranks)
[RESILIENCE] Iteration 80: Global theta state checkpointed at path checkpoints/checkpoint_iter_0080.npy. 
Iter 0081 | Energy: -70.156127 | Delta: 2.29e-02 | M: 2.3342 | Path: Statevector MPI-distributed (8 ranks)
Iter 0082 | Energy: -70.227418 | Delta: 7.13e-02 | M: 4377.0134 | Path: Statevector MPI-distributed (8 ranks)
Iter 0083 | Energy: -70.146958 | Delta: 8.05e-02 | M: 2.6303 | Path: Statevector MPI-distributed (8 ranks)
Iter 0084 | Energy: -70.316800 | Delta: 1.70e-01 | M: 0.5586 | Path: Statevector MPI-distributed (8 ranks)
Iter 0085 | Energy: -70.269756 | Delta: 4.70e-02 | M: 3.4128 | Path: Statevector MPI-distributed (8 ranks)
[RESILIENCE] Iteration 85: Global theta state checkpointed at path checkpoints/checkpoint_iter_0085.npy. 
Iter 0086 | Energy: -70.267784 | Delta: 1.97e-03 | M: 1.0590 | Path: Statevector MPI-distributed (8 ranks)
Iter 0087 | Energy: -70.334218 | Delta: 6.64e-02 | M: 0.7359 | Path: Statevector MPI-distributed (8 ranks)
Iter 0088 | Energy: -70.444716 | Delta: 1.10e-01 | M: 0.9442 | Path: Statevector MPI-distributed (8 ranks)
Iter 0089 | Energy: -70.435381 | Delta: 9.34e-03 | M: 6.9501 | Path: Statevector MPI-distributed (8 ranks)
Iter 0090 | Energy: -70.521568 | Delta: 8.62e-02 | M: 1.0666 | Path: Statevector MPI-distributed (8 ranks)
[RESILIENCE] Iteration 90: Global theta state checkpointed at path checkpoints/checkpoint_iter_0090.npy. 
Iter 0091 | Energy: -70.574503 | Delta: 5.29e-02 | M: 1.6854 | Path: Statevector MPI-distributed (8 ranks)
Iter 0092 | Energy: -70.659062 | Delta: 8.46e-02 | M: 1.1657 | Path: Statevector MPI-distributed (8 ranks)
Iter 0093 | Energy: -70.606415 | Delta: 5.26e-02 | M: 3.0884 | Path: Statevector MPI-distributed (8 ranks)
Iter 0094 | Energy: -70.684049 | Delta: 7.76e-02 | M: 1.7034 | Path: Statevector MPI-distributed (8 ranks)
Iter 0095 | Energy: -70.729540 | Delta: 4.55e-02 | M: 3.1400 | Path: Statevector MPI-distributed (8 ranks)
[RESILIENCE] Iteration 95: Global theta state checkpointed at path checkpoints/checkpoint_iter_0095.npy. 
Iter 0096 | Energy: -70.795281 | Delta: 6.57e-02 | M: 339.3439 | Path: Statevector MPI-distributed (8 ranks)
Iter 0097 | Energy: -70.794998 | Delta: 2.83e-04 | M: 9.1136 | Path: Statevector MPI-distributed (8 ranks)
Iter 0098 | Energy: -70.802869 | Delta: 7.87e-03 | M: 2.6080 | Path: Statevector MPI-distributed (8 ranks)
Iter 0099 | Energy: -71.029247 | Delta: 2.26e-01 | M: 2.3154 | Path: Statevector MPI-distributed (8 ranks)
Iter 0100 | Energy: -71.383274 | Delta: 3.54e-01 | M: 0.8972 | Path: Statevector MPI-distributed (8 ranks)
[RESILIENCE] Iteration 100: Global theta state checkpointed at path checkpoints/checkpoint_iter_0100.npy. 
Iter 0101 | Energy: -71.421827 | Delta: 3.86e-02 | M: 8.9286 | Path: Statevector MPI-distributed (8 ranks)
Iter 0102 | Energy: -72.005641 | Delta: 5.84e-01 | M: 8.9790 | Path: Statevector MPI-distributed (8 ranks)
Iter 0103 | Energy: -72.084396 | Delta: 7.88e-02 | M: 0.4201 | Path: Statevector MPI-distributed (8 ranks)
Iter 0104 | Energy: -72.387701 | Delta: 3.03e-01 | M: 0.8942 | Path: Statevector MPI-distributed (8 ranks)
Iter 0105 | Energy: -72.941777 | Delta: 5.54e-01 | M: 7.6990 | Path: Statevector MPI-distributed (8 ranks)
[RESILIENCE] Iteration 105: Global theta state checkpointed at path checkpoints/checkpoint_iter_0105.npy. 
Iter 0106 | Energy: -73.040843 | Delta: 9.91e-02 | M: 1.4665 | Path: Statevector MPI-distributed (8 ranks)
Iter 0107 | Energy: -73.545296 | Delta: 5.04e-01 | M: 2.3819 | Path: Statevector MPI-distributed (8 ranks)
Iter 0108 | Energy: -73.945881 | Delta: 4.01e-01 | M: 2.1405 | Path: Statevector MPI-distributed (8 ranks)
Iter 0109 | Energy: -73.956799 | Delta: 1.09e-02 | M: 2.8024 | Path: Statevector MPI-distributed (8 ranks)
Iter 0110 | Energy: -74.139221 | Delta: 1.82e-01 | M: 4.6797 | Path: Statevector MPI-distributed (8 ranks)
[RESILIENCE] Iteration 110: Global theta state checkpointed at path checkpoints/checkpoint_iter_0110.npy. 
Iter 0111 | Energy: -74.337950 | Delta: 1.99e-01 | M: 2.5953 | Path: Statevector MPI-distributed (8 ranks)
WARNING: Energy -75.4392 below FCI -75.0124 — HWE ansatz may have left the physical particle-number sector
Iter 0112 | Energy: -75.439190 | Delta: 1.10e+00 | M: 1.6728 | Path: Statevector MPI-distributed (8 ranks)
WARNING: Energy -75.8781 below FCI -75.0124 — HWE ansatz may have left the physical particle-number sector
Iter 0113 | Energy: -75.878100 | Delta: 4.39e-01 | M: 2.1340 | Path: Statevector MPI-distributed (8 ranks)
WARNING: Energy -76.6936 below FCI -75.0124 — HWE ansatz may have left the physical particle-number sector
Iter 0114 | Energy: -76.693647 | Delta: 8.16e-01 | M: 270.9439 | Path: Statevector MPI-distributed (8 ranks)
WARNING: Energy -78.5978 below FCI -75.0124 — HWE ansatz may have left the physical particle-number sector
Iter 0115 | Energy: -78.597766 | Delta: 1.90e+00 | M: 8611.4517 | Path: Statevector MPI-distributed (8 ranks)
[RESILIENCE] Iteration 115: Global theta state checkpointed at path checkpoints/checkpoint_iter_0115.npy. 
WARNING: Energy -78.7479 below FCI -75.0124 — HWE ansatz may have left the physical particle-number sector
Iter 0116 | Energy: -78.747900 | Delta: 1.50e-01 | M: 1.8540 | Path: Statevector MPI-distributed (8 ranks)
WARNING: Energy -79.5746 below FCI -75.0124 — HWE ansatz may have left the physical particle-number sector
Iter 0117 | Energy: -79.574578 | Delta: 8.27e-01 | M: 1.3719 | Path: Statevector MPI-distributed (8 ranks)
WARNING: Energy -79.6169 below FCI -75.0124 — HWE ansatz may have left the physical particle-number sector
Iter 0118 | Energy: -79.616945 | Delta: 4.24e-02 | M: 2.4015 | Path: Statevector MPI-distributed (8 ranks)
WARNING: Energy -79.6333 below FCI -75.0124 — HWE ansatz may have left the physical particle-number sector
Iter 0119 | Energy: -79.633340 | Delta: 1.64e-02 | M: 0.8377 | Path: Statevector MPI-distributed (8 ranks)
WARNING: Energy -79.6014 below FCI -75.0124 — HWE ansatz may have left the physical particle-number sector
Iter 0120 | Energy: -79.601439 | Delta: 3.19e-02 | M: 0.9767 | Path: Statevector MPI-distributed (8 ranks)
[RESILIENCE] Iteration 120: Global theta state checkpointed at path checkpoints/checkpoint_iter_0120.npy. 
WARNING: Energy -79.8978 below FCI -75.0124 — HWE ansatz may have left the physical particle-number sector
Iter 0121 | Energy: -79.897799 | Delta: 2.96e-01 | M: 3.0040 | Path: Statevector MPI-distributed (8 ranks)
WARNING: Energy -80.0088 below FCI -75.0124 — HWE ansatz may have left the physical particle-number sector
Iter 0122 | Energy: -80.008780 | Delta: 1.11e-01 | M: 3.4002 | Path: Statevector MPI-distributed (8 ranks)
WARNING: Energy -80.0914 below FCI -75.0124 — HWE ansatz may have left the physical particle-number sector
Iter 0123 | Energy: -80.091421 | Delta: 8.26e-02 | M: 2.7611 | Path: Statevector MPI-distributed (8 ranks)
WARNING: Energy -80.1025 below FCI -75.0124 — HWE ansatz may have left the physical particle-number sector
Iter 0124 | Energy: -80.102480 | Delta: 1.11e-02 | M: 31.6898 | Path: Statevector MPI-distributed (8 ranks)
WARNING: Energy -80.1462 below FCI -75.0124 — HWE ansatz may have left the physical particle-number sector
Iter 0125 | Energy: -80.146233 | Delta: 4.38e-02 | M: 1.2905 | Path: Statevector MPI-distributed (8 ranks)
[RESILIENCE] Iteration 125: Global theta state checkpointed at path checkpoints/checkpoint_iter_0125.npy. 
WARNING: Energy -80.1196 below FCI -75.0124 — HWE ansatz may have left the physical particle-number sector
Iter 0126 | Energy: -80.119640 | Delta: 2.66e-02 | M: 1.6189 | Path: Statevector MPI-distributed (8 ranks)
WARNING: Energy -80.1579 below FCI -75.0124 — HWE ansatz may have left the physical particle-number sector
Iter 0127 | Energy: -80.157941 | Delta: 3.83e-02 | M: 335.3412 | Path: Statevector MPI-distributed (8 ranks)
WARNING: Energy -80.1687 below FCI -75.0124 — HWE ansatz may have left the physical particle-number sector
Iter 0128 | Energy: -80.168742 | Delta: 1.08e-02 | M: 1.3748 | Path: Statevector MPI-distributed (8 ranks)
WARNING: Energy -80.1618 below FCI -75.0124 — HWE ansatz may have left the physical particle-number sector
Iter 0129 | Energy: -80.161770 | Delta: 6.97e-03 | M: 2.0162 | Path: Statevector MPI-distributed (8 ranks)
WARNING: Energy -80.1918 below FCI -75.0124 — HWE ansatz may have left the physical particle-number sector
Iter 0130 | Energy: -80.191827 | Delta: 3.01e-02 | M: 10.3505 | Path: Statevector MPI-distributed (8 ranks)
[RESILIENCE] Iteration 130: Global theta state checkpointed at path checkpoints/checkpoint_iter_0130.npy. 
WARNING: Energy -80.1458 below FCI -75.0124 — HWE ansatz may have left the physical particle-number sector
Iter 0131 | Energy: -80.145847 | Delta: 4.60e-02 | M: 0.8055 | Path: Statevector MPI-distributed (8 ranks)
WARNING: Energy -80.2046 below FCI -75.0124 — HWE ansatz may have left the physical particle-number sector
Iter 0132 | Energy: -80.204635 | Delta: 5.88e-02 | M: 360.9926 | Path: Statevector MPI-distributed (8 ranks)
WARNING: Energy -80.1575 below FCI -75.0124 — HWE ansatz may have left the physical particle-number sector
Iter 0133 | Energy: -80.157523 | Delta: 4.71e-02 | M: 28.9921 | Path: Statevector MPI-distributed (8 ranks)
WARNING: Energy -80.2430 below FCI -75.0124 — HWE ansatz may have left the physical particle-number sector
Iter 0134 | Energy: -80.242983 | Delta: 8.55e-02 | M: 6.3854 | Path: Statevector MPI-distributed (8 ranks)
WARNING: Energy -80.2430 below FCI -75.0124 — HWE ansatz may have left the physical particle-number sector
Iter 0135 | Energy: -80.243003 | Delta: 2.02e-05 | M: 10334.3215 | Path: Statevector MPI-distributed (8 ranks)
[RESILIENCE] Iteration 135: Global theta state checkpointed at path checkpoints/checkpoint_iter_0135.npy. 
WARNING: Energy -80.2299 below FCI -75.0124 — HWE ansatz may have left the physical particle-number sector
Iter 0136 | Energy: -80.229908 | Delta: 1.31e-02 | M: 1.1164 | Path: Statevector MPI-distributed (8 ranks)
WARNING: Energy -80.1883 below FCI -75.0124 — HWE ansatz may have left the physical particle-number sector
Iter 0137 | Energy: -80.188300 | Delta: 4.16e-02 | M: 6.9883 | Path: Statevector MPI-distributed (8 ranks)
WARNING: Energy -80.2008 below FCI -75.0124 — HWE ansatz may have left the physical particle-number sector
Iter 0138 | Energy: -80.200816 | Delta: 1.25e-02 | M: 1.2699 | Path: Statevector MPI-distributed (8 ranks)
WARNING: Energy -80.2420 below FCI -75.0124 — HWE ansatz may have left the physical particle-number sector
Iter 0139 | Energy: -80.241977 | Delta: 4.12e-02 | M: 1.1289 | Path: Statevector MPI-distributed (8 ranks)
WARNING: Energy -80.2116 below FCI -75.0124 — HWE ansatz may have left the physical particle-number sector
Iter 0140 | Energy: -80.211567 | Delta: 3.04e-02 | M: 40.9953 | Path: Statevector MPI-distributed (8 ranks)
[RESILIENCE] Iteration 140: Global theta state checkpointed at path checkpoints/checkpoint_iter_0140.npy. 
WARNING: Energy -80.2574 below FCI -75.0124 — HWE ansatz may have left the physical particle-number sector
Iter 0141 | Energy: -80.257377 | Delta: 4.58e-02 | M: 1.2062 | Path: Statevector MPI-distributed (8 ranks)
WARNING: Energy -80.3472 below FCI -75.0124 — HWE ansatz may have left the physical particle-number sector
Iter 0142 | Energy: -80.347161 | Delta: 8.98e-02 | M: 3.4295 | Path: Statevector MPI-distributed (8 ranks)
WARNING: Energy -80.3416 below FCI -75.0124 — HWE ansatz may have left the physical particle-number sector
Iter 0143 | Energy: -80.341593 | Delta: 5.57e-03 | M: 0.9550 | Path: Statevector MPI-distributed (8 ranks)
WARNING: Energy -80.3042 below FCI -75.0124 — HWE ansatz may have left the physical particle-number sector
Iter 0144 | Energy: -80.304212 | Delta: 3.74e-02 | M: 12.5984 | Path: Statevector MPI-distributed (8 ranks)
WARNING: Energy -80.3636 below FCI -75.0124 — HWE ansatz may have left the physical particle-number sector
Iter 0145 | Energy: -80.363586 | Delta: 5.94e-02 | M: 0.6143 | Path: Statevector MPI-distributed (8 ranks)
[RESILIENCE] Iteration 145: Global theta state checkpointed at path checkpoints/checkpoint_iter_0145.npy. 
WARNING: Energy -80.3401 below FCI -75.0124 — HWE ansatz may have left the physical particle-number sector
Iter 0146 | Energy: -80.340082 | Delta: 2.35e-02 | M: 2.6482 | Path: Statevector MPI-distributed (8 ranks)
WARNING: Energy -80.3857 below FCI -75.0124 — HWE ansatz may have left the physical particle-number sector
Iter 0147 | Energy: -80.385727 | Delta: 4.56e-02 | M: 2.1951 | Path: Statevector MPI-distributed (8 ranks)
WARNING: Energy -80.3960 below FCI -75.0124 — HWE ansatz may have left the physical particle-number sector
Iter 0148 | Energy: -80.395967 | Delta: 1.02e-02 | M: 3.8996 | Path: Statevector MPI-distributed (8 ranks)
WARNING: Energy -80.3656 below FCI -75.0124 — HWE ansatz may have left the physical particle-number sector
Iter 0149 | Energy: -80.365618 | Delta: 3.03e-02 | M: 3.0278 | Path: Statevector MPI-distributed (8 ranks)
WARNING: Energy -80.3776 below FCI -75.0124 — HWE ansatz may have left the physical particle-number sector
Iter 0150 | Energy: -80.377597 | Delta: 1.20e-02 | M: 0.8302 | Path: Statevector MPI-distributed (8 ranks)
[RESILIENCE] Iteration 150: Global theta state checkpointed at path checkpoints/checkpoint_iter_0150.npy. 
WARNING: Energy -80.4410 below FCI -75.0124 — HWE ansatz may have left the physical particle-number sector
Iter 0151 | Energy: -80.441013 | Delta: 6.34e-02 | M: 0.5980 | Path: Statevector MPI-distributed (8 ranks)
WARNING: Energy -80.3981 below FCI -75.0124 — HWE ansatz may have left the physical particle-number sector
Iter 0152 | Energy: -80.398122 | Delta: 4.29e-02 | M: 897.3180 | Path: Statevector MPI-distributed (8 ranks)
WARNING: Energy -80.3918 below FCI -75.0124 — HWE ansatz may have left the physical particle-number sector
Iter 0153 | Energy: -80.391769 | Delta: 6.35e-03 | M: 1.0736 | Path: Statevector MPI-distributed (8 ranks)
WARNING: Energy -80.4662 below FCI -75.0124 — HWE ansatz may have left the physical particle-number sector
Iter 0154 | Energy: -80.466198 | Delta: 7.44e-02 | M: 1.5266 | Path: Statevector MPI-distributed (8 ranks)
WARNING: Energy -80.4500 below FCI -75.0124 — HWE ansatz may have left the physical particle-number sector
Iter 0155 | Energy: -80.449978 | Delta: 1.62e-02 | M: 382.0541 | Path: Statevector MPI-distributed (8 ranks)
[RESILIENCE] Iteration 155: Global theta state checkpointed at path checkpoints/checkpoint_iter_0155.npy. 
WARNING: Energy -80.4643 below FCI -75.0124 — HWE ansatz may have left the physical particle-number sector
Iter 0156 | Energy: -80.464305 | Delta: 1.43e-02 | M: 1.1861 | Path: Statevector MPI-distributed (8 ranks)
WARNING: Energy -80.4850 below FCI -75.0124 — HWE ansatz may have left the physical particle-number sector
Iter 0157 | Energy: -80.485011 | Delta: 2.07e-02 | M: 5.4034 | Path: Statevector MPI-distributed (8 ranks)
WARNING: Energy -80.4609 below FCI -75.0124 — HWE ansatz may have left the physical particle-number sector
Iter 0158 | Energy: -80.460881 | Delta: 2.41e-02 | M: 27.5878 | Path: Statevector MPI-distributed (8 ranks)
WARNING: Energy -80.4949 below FCI -75.0124 — HWE ansatz may have left the physical particle-number sector
Iter 0159 | Energy: -80.494913 | Delta: 3.40e-02 | M: 1.6854 | Path: Statevector MPI-distributed (8 ranks)
WARNING: Energy -80.4682 below FCI -75.0124 — HWE ansatz may have left the physical particle-number sector
Iter 0160 | Energy: -80.468239 | Delta: 2.67e-02 | M: 0.5203 | Path: Statevector MPI-distributed (8 ranks)
[RESILIENCE] Iteration 160: Global theta state checkpointed at path checkpoints/checkpoint_iter_0160.npy. 
WARNING: Energy -80.4839 below FCI -75.0124 — HWE ansatz may have left the physical particle-number sector
Iter 0161 | Energy: -80.483909 | Delta: 1.57e-02 | M: 11.9106 | Path: Statevector MPI-distributed (8 ranks)
WARNING: Energy -80.5578 below FCI -75.0124 — HWE ansatz may have left the physical particle-number sector
Iter 0162 | Energy: -80.557791 | Delta: 7.39e-02 | M: 2.1932 | Path: Statevector MPI-distributed (8 ranks)
WARNING: Energy -80.5791 below FCI -75.0124 — HWE ansatz may have left the physical particle-number sector
Iter 0163 | Energy: -80.579053 | Delta: 2.13e-02 | M: 0.4241 | Path: Statevector MPI-distributed (8 ranks)
WARNING: Energy -80.5356 below FCI -75.0124 — HWE ansatz may have left the physical particle-number sector
Iter 0164 | Energy: -80.535552 | Delta: 4.35e-02 | M: 211.2038 | Path: Statevector MPI-distributed (8 ranks)
WARNING: Energy -80.5842 below FCI -75.0124 — HWE ansatz may have left the physical particle-number sector
Iter 0165 | Energy: -80.584226 | Delta: 4.87e-02 | M: 13.3999 | Path: Statevector MPI-distributed (8 ranks)
[RESILIENCE] Iteration 165: Global theta state checkpointed at path checkpoints/checkpoint_iter_0165.npy. 
WARNING: Energy -80.5546 below FCI -75.0124 — HWE ansatz may have left the physical particle-number sector
Iter 0166 | Energy: -80.554610 | Delta: 2.96e-02 | M: 1.6352 | Path: Statevector MPI-distributed (8 ranks)
WARNING: Energy -80.5526 below FCI -75.0124 — HWE ansatz may have left the physical particle-number sector
Iter 0167 | Energy: -80.552621 | Delta: 1.99e-03 | M: 2.4641 | Path: Statevector MPI-distributed (8 ranks)
WARNING: Energy -80.5877 below FCI -75.0124 — HWE ansatz may have left the physical particle-number sector
Iter 0168 | Energy: -80.587748 | Delta: 3.51e-02 | M: 0.5958 | Path: Statevector MPI-distributed (8 ranks)
WARNING: Energy -80.5377 below FCI -75.0124 — HWE ansatz may have left the physical particle-number sector
Iter 0169 | Energy: -80.537724 | Delta: 5.00e-02 | M: 1.7280 | Path: Statevector MPI-distributed (8 ranks)
WARNING: Energy -80.5744 below FCI -75.0124 — HWE ansatz may have left the physical particle-number sector
Iter 0170 | Energy: -80.574444 | Delta: 3.67e-02 | M: 1.0678 | Path: Statevector MPI-distributed (8 ranks)
[RESILIENCE] Iteration 170: Global theta state checkpointed at path checkpoints/checkpoint_iter_0170.npy. 
WARNING: Energy -80.6208 below FCI -75.0124 — HWE ansatz may have left the physical particle-number sector
Iter 0171 | Energy: -80.620791 | Delta: 4.63e-02 | M: 7.6788 | Path: Statevector MPI-distributed (8 ranks)
WARNING: Energy -80.5879 below FCI -75.0124 — HWE ansatz may have left the physical particle-number sector
Iter 0172 | Energy: -80.587860 | Delta: 3.29e-02 | M: 6.3334 | Path: Statevector MPI-distributed (8 ranks)
WARNING: Energy -80.6122 below FCI -75.0124 — HWE ansatz may have left the physical particle-number sector
Iter 0173 | Energy: -80.612242 | Delta: 2.44e-02 | M: 2.2721 | Path: Statevector MPI-distributed (8 ranks)
WARNING: Energy -80.5915 below FCI -75.0124 — HWE ansatz may have left the physical particle-number sector
Iter 0174 | Energy: -80.591487 | Delta: 2.08e-02 | M: 5.9301 | Path: Statevector MPI-distributed (8 ranks)
WARNING: Energy -80.6112 below FCI -75.0124 — HWE ansatz may have left the physical particle-number sector
Iter 0175 | Energy: -80.611220 | Delta: 1.97e-02 | M: 2.6609 | Path: Statevector MPI-distributed (8 ranks)
[RESILIENCE] Iteration 175: Global theta state checkpointed at path checkpoints/checkpoint_iter_0175.npy. 
WARNING: Energy -80.6144 below FCI -75.0124 — HWE ansatz may have left the physical particle-number sector
Iter 0176 | Energy: -80.614444 | Delta: 3.22e-03 | M: 5.8240 | Path: Statevector MPI-distributed (8 ranks)
WARNING: Energy -80.5872 below FCI -75.0124 — HWE ansatz may have left the physical particle-number sector
Iter 0177 | Energy: -80.587204 | Delta: 2.72e-02 | M: 0.6109 | Path: Statevector MPI-distributed (8 ranks)
WARNING: Energy -80.6123 below FCI -75.0124 — HWE ansatz may have left the physical particle-number sector
Iter 0178 | Energy: -80.612318 | Delta: 2.51e-02 | M: 10.8992 | Path: Statevector MPI-distributed (8 ranks)
WARNING: Energy -80.6011 below FCI -75.0124 — HWE ansatz may have left the physical particle-number sector
Iter 0179 | Energy: -80.601112 | Delta: 1.12e-02 | M: 1.0578 | Path: Statevector MPI-distributed (8 ranks)
WARNING: Energy -80.6071 below FCI -75.0124 — HWE ansatz may have left the physical particle-number sector
Iter 0180 | Energy: -80.607079 | Delta: 5.97e-03 | M: 1055.2415 | Path: Statevector MPI-distributed (8 ranks)
[RESILIENCE] Iteration 180: Global theta state checkpointed at path checkpoints/checkpoint_iter_0180.npy. 
WARNING: Energy -80.6243 below FCI -75.0124 — HWE ansatz may have left the physical particle-number sector
Iter 0181 | Energy: -80.624250 | Delta: 1.72e-02 | M: 1.8302 | Path: Statevector MPI-distributed (8 ranks)
WARNING: Energy -80.6664 below FCI -75.0124 — HWE ansatz may have left the physical particle-number sector
Iter 0182 | Energy: -80.666437 | Delta: 4.22e-02 | M: 0.8693 | Path: Statevector MPI-distributed (8 ranks)
WARNING: Energy -80.6522 below FCI -75.0124 — HWE ansatz may have left the physical particle-number sector
Iter 0183 | Energy: -80.652160 | Delta: 1.43e-02 | M: 0.8327 | Path: Statevector MPI-distributed (8 ranks)
WARNING: Energy -80.6968 below FCI -75.0124 — HWE ansatz may have left the physical particle-number sector
Iter 0184 | Energy: -80.696765 | Delta: 4.46e-02 | M: 1.6070 | Path: Statevector MPI-distributed (8 ranks)
WARNING: Energy -80.7016 below FCI -75.0124 — HWE ansatz may have left the physical particle-number sector
Iter 0185 | Energy: -80.701558 | Delta: 4.79e-03 | M: 1.6111 | Path: Statevector MPI-distributed (8 ranks)
[RESILIENCE] Iteration 185: Global theta state checkpointed at path checkpoints/checkpoint_iter_0185.npy. 
WARNING: Energy -80.7006 below FCI -75.0124 — HWE ansatz may have left the physical particle-number sector
Iter 0186 | Energy: -80.700581 | Delta: 9.77e-04 | M: 2.2965 | Path: Statevector MPI-distributed (8 ranks)
WARNING: Energy -80.6959 below FCI -75.0124 — HWE ansatz may have left the physical particle-number sector
Iter 0187 | Energy: -80.695887 | Delta: 4.69e-03 | M: 2.6809 | Path: Statevector MPI-distributed (8 ranks)
WARNING: Energy -80.7315 below FCI -75.0124 — HWE ansatz may have left the physical particle-number sector
Iter 0188 | Energy: -80.731488 | Delta: 3.56e-02 | M: 0.8610 | Path: Statevector MPI-distributed (8 ranks)
WARNING: Energy -80.7301 below FCI -75.0124 — HWE ansatz may have left the physical particle-number sector
Iter 0189 | Energy: -80.730062 | Delta: 1.43e-03 | M: 5.3904 | Path: Statevector MPI-distributed (8 ranks)
WARNING: Energy -80.7372 below FCI -75.0124 — HWE ansatz may have left the physical particle-number sector
Iter 0190 | Energy: -80.737188 | Delta: 7.13e-03 | M: 1.7649 | Path: Statevector MPI-distributed (8 ranks)
[RESILIENCE] Iteration 190: Global theta state checkpointed at path checkpoints/checkpoint_iter_0190.npy. 
WARNING: Energy -80.7350 below FCI -75.0124 — HWE ansatz may have left the physical particle-number sector
Iter 0191 | Energy: -80.734971 | Delta: 2.22e-03 | M: 1.1153 | Path: Statevector MPI-distributed (8 ranks)
WARNING: Energy -80.7326 below FCI -75.0124 — HWE ansatz may have left the physical particle-number sector
Iter 0192 | Energy: -80.732603 | Delta: 2.37e-03 | M: 6227.5280 | Path: Statevector MPI-distributed (8 ranks)
WARNING: Energy -80.7389 below FCI -75.0124 — HWE ansatz may have left the physical particle-number sector
Iter 0193 | Energy: -80.738903 | Delta: 6.30e-03 | M: 1.1065 | Path: Statevector MPI-distributed (8 ranks)
WARNING: Energy -80.7916 below FCI -75.0124 — HWE ansatz may have left the physical particle-number sector
Iter 0194 | Energy: -80.791633 | Delta: 5.27e-02 | M: 3.6993 | Path: Statevector MPI-distributed (8 ranks)
WARNING: Energy -80.7586 below FCI -75.0124 — HWE ansatz may have left the physical particle-number sector
Iter 0195 | Energy: -80.758602 | Delta: 3.30e-02 | M: 3.9447 | Path: Statevector MPI-distributed (8 ranks)
[RESILIENCE] Iteration 195: Global theta state checkpointed at path checkpoints/checkpoint_iter_0195.npy. 
WARNING: Energy -80.7574 below FCI -75.0124 — HWE ansatz may have left the physical particle-number sector
Iter 0196 | Energy: -80.757405 | Delta: 1.20e-03 | M: 1.5114 | Path: Statevector MPI-distributed (8 ranks)
WARNING: Energy -80.7570 below FCI -75.0124 — HWE ansatz may have left the physical particle-number sector
Iter 0197 | Energy: -80.756954 | Delta: 4.50e-04 | M: 5.3644 | Path: Statevector MPI-distributed (8 ranks)
WARNING: Energy -80.7659 below FCI -75.0124 — HWE ansatz may have left the physical particle-number sector
Iter 0198 | Energy: -80.765917 | Delta: 8.96e-03 | M: 1.0069 | Path: Statevector MPI-distributed (8 ranks)
WARNING: Energy -80.7615 below FCI -75.0124 — HWE ansatz may have left the physical particle-number sector
Iter 0199 | Energy: -80.761486 | Delta: 4.43e-03 | M: 3.3145 | Path: Statevector MPI-distributed (8 ranks)
WARNING: Energy -80.7458 below FCI -75.0124 — HWE ansatz may have left the physical particle-number sector
Iter 0200 | Energy: -80.745809 | Delta: 1.57e-02 | M: 6.4921 | Path: Statevector MPI-distributed (8 ranks)
[RESILIENCE] Iteration 200: Global theta state checkpointed at path checkpoints/checkpoint_iter_0200.npy. 
WARNING: Energy -80.7775 below FCI -75.0124 — HWE ansatz may have left the physical particle-number sector
Iter 0201 | Energy: -80.777480 | Delta: 3.17e-02 | M: 1.2586 | Path: Statevector MPI-distributed (8 ranks)
WARNING: Energy -80.7830 below FCI -75.0124 — HWE ansatz may have left the physical particle-number sector
Iter 0202 | Energy: -80.782963 | Delta: 5.48e-03 | M: 0.9149 | Path: Statevector MPI-distributed (8 ranks)
WARNING: Energy -80.8169 below FCI -75.0124 — HWE ansatz may have left the physical particle-number sector
Iter 0203 | Energy: -80.816937 | Delta: 3.40e-02 | M: 2.3096 | Path: Statevector MPI-distributed (8 ranks)
WARNING: Energy -80.8200 below FCI -75.0124 — HWE ansatz may have left the physical particle-number sector
Iter 0204 | Energy: -80.819998 | Delta: 3.06e-03 | M: 13.4304 | Path: Statevector MPI-distributed (8 ranks)
WARNING: Energy -80.8215 below FCI -75.0124 — HWE ansatz may have left the physical particle-number sector
Iter 0205 | Energy: -80.821496 | Delta: 1.50e-03 | M: 2.9088 | Path: Statevector MPI-distributed (8 ranks)
[RESILIENCE] Iteration 205: Global theta state checkpointed at path checkpoints/checkpoint_iter_0205.npy. 
WARNING: Energy -80.8428 below FCI -75.0124 — HWE ansatz may have left the physical particle-number sector
Iter 0206 | Energy: -80.842824 | Delta: 2.13e-02 | M: 1.2671 | Path: Statevector MPI-distributed (8 ranks)
WARNING: Energy -80.8648 below FCI -75.0124 — HWE ansatz may have left the physical particle-number sector
Iter 0207 | Energy: -80.864847 | Delta: 2.20e-02 | M: 11980.0185 | Path: Statevector MPI-distributed (8 ranks)
WARNING: Energy -80.8705 below FCI -75.0124 — HWE ansatz may have left the physical particle-number sector
Iter 0208 | Energy: -80.870538 | Delta: 5.69e-03 | M: 1.6634 | Path: Statevector MPI-distributed (8 ranks)
WARNING: Energy -80.8588 below FCI -75.0124 — HWE ansatz may have left the physical particle-number sector
Iter 0209 | Energy: -80.858833 | Delta: 1.17e-02 | M: 7.3601 | Path: Statevector MPI-distributed (8 ranks)
WARNING: Energy -80.8622 below FCI -75.0124 — HWE ansatz may have left the physical particle-number sector
Iter 0210 | Energy: -80.862236 | Delta: 3.40e-03 | M: 3.6318 | Path: Statevector MPI-distributed (8 ranks)
[RESILIENCE] Iteration 210: Global theta state checkpointed at path checkpoints/checkpoint_iter_0210.npy. 
WARNING: Energy -80.8830 below FCI -75.0124 — HWE ansatz may have left the physical particle-number sector
Iter 0211 | Energy: -80.882994 | Delta: 2.08e-02 | M: 0.9430 | Path: Statevector MPI-distributed (8 ranks)
WARNING: Energy -80.9124 below FCI -75.0124 — HWE ansatz may have left the physical particle-number sector
Iter 0212 | Energy: -80.912362 | Delta: 2.94e-02 | M: 4.4807 | Path: Statevector MPI-distributed (8 ranks)
WARNING: Energy -80.8785 below FCI -75.0124 — HWE ansatz may have left the physical particle-number sector
Iter 0213 | Energy: -80.878495 | Delta: 3.39e-02 | M: 247.8148 | Path: Statevector MPI-distributed (8 ranks)
WARNING: Energy -80.9121 below FCI -75.0124 — HWE ansatz may have left the physical particle-number sector
Iter 0214 | Energy: -80.912112 | Delta: 3.36e-02 | M: 1.0820 | Path: Statevector MPI-distributed (8 ranks)
WARNING: Energy -80.9391 below FCI -75.0124 — HWE ansatz may have left the physical particle-number sector
Iter 0215 | Energy: -80.939099 | Delta: 2.70e-02 | M: 6.8739 | Path: Statevector MPI-distributed (8 ranks)
[RESILIENCE] Iteration 215: Global theta state checkpointed at path checkpoints/checkpoint_iter_0215.npy. 
WARNING: Energy -80.9321 below FCI -75.0124 — HWE ansatz may have left the physical particle-number sector
Iter 0216 | Energy: -80.932132 | Delta: 6.97e-03 | M: 4.5368 | Path: Statevector MPI-distributed (8 ranks)
WARNING: Energy -80.9627 below FCI -75.0124 — HWE ansatz may have left the physical particle-number sector
Iter 0217 | Energy: -80.962672 | Delta: 3.05e-02 | M: 15.2817 | Path: Statevector MPI-distributed (8 ranks)
WARNING: Energy -80.9467 below FCI -75.0124 — HWE ansatz may have left the physical particle-number sector
Iter 0218 | Energy: -80.946723 | Delta: 1.59e-02 | M: 1.4517 | Path: Statevector MPI-distributed (8 ranks)
WARNING: Energy -80.9494 below FCI -75.0124 — HWE ansatz may have left the physical particle-number sector
Iter 0219 | Energy: -80.949446 | Delta: 2.72e-03 | M: 3.0933 | Path: Statevector MPI-distributed (8 ranks)
WARNING: Energy -80.9642 below FCI -75.0124 — HWE ansatz may have left the physical particle-number sector
Iter 0220 | Energy: -80.964240 | Delta: 1.48e-02 | M: 2.5571 | Path: Statevector MPI-distributed (8 ranks)
[RESILIENCE] Iteration 220: Global theta state checkpointed at path checkpoints/checkpoint_iter_0220.npy. 
WARNING: Energy -80.9725 below FCI -75.0124 — HWE ansatz may have left the physical particle-number sector
Iter 0221 | Energy: -80.972451 | Delta: 8.21e-03 | M: 5.2528 | Path: Statevector MPI-distributed (8 ranks)
WARNING: Energy -80.9284 below FCI -75.0124 — HWE ansatz may have left the physical particle-number sector
Iter 0222 | Energy: -80.928428 | Delta: 4.40e-02 | M: 4.9236 | Path: Statevector MPI-distributed (8 ranks)
WARNING: Energy -80.9364 below FCI -75.0124 — HWE ansatz may have left the physical particle-number sector
Iter 0223 | Energy: -80.936400 | Delta: 7.97e-03 | M: 1.6560 | Path: Statevector MPI-distributed (8 ranks)
WARNING: Energy -80.9931 below FCI -75.0124 — HWE ansatz may have left the physical particle-number sector
Iter 0224 | Energy: -80.993058 | Delta: 5.67e-02 | M: 5.3208 | Path: Statevector MPI-distributed (8 ranks)
WARNING: Energy -80.9327 below FCI -75.0124 — HWE ansatz may have left the physical particle-number sector
Iter 0225 | Energy: -80.932715 | Delta: 6.03e-02 | M: 5.5836 | Path: Statevector MPI-distributed (8 ranks)
[RESILIENCE] Iteration 225: Global theta state checkpointed at path checkpoints/checkpoint_iter_0225.npy. 
WARNING: Energy -80.9911 below FCI -75.0124 — HWE ansatz may have left the physical particle-number sector
Iter 0226 | Energy: -80.991051 | Delta: 5.83e-02 | M: 9606.2102 | Path: Statevector MPI-distributed (8 ranks)
WARNING: Energy -80.9534 below FCI -75.0124 — HWE ansatz may have left the physical particle-number sector
Iter 0227 | Energy: -80.953375 | Delta: 3.77e-02 | M: 3.5871 | Path: Statevector MPI-distributed (8 ranks)
WARNING: Energy -80.9597 below FCI -75.0124 — HWE ansatz may have left the physical particle-number sector
Iter 0228 | Energy: -80.959720 | Delta: 6.35e-03 | M: 187.2371 | Path: Statevector MPI-distributed (8 ranks)
WARNING: Energy -80.9462 below FCI -75.0124 — HWE ansatz may have left the physical particle-number sector
Iter 0229 | Energy: -80.946243 | Delta: 1.35e-02 | M: 0.8450 | Path: Statevector MPI-distributed (8 ranks)
WARNING: Energy -80.9961 below FCI -75.0124 — HWE ansatz may have left the physical particle-number sector
Iter 0230 | Energy: -80.996069 | Delta: 4.98e-02 | M: 4.0881 | Path: Statevector MPI-distributed (8 ranks)
[RESILIENCE] Iteration 230: Global theta state checkpointed at path checkpoints/checkpoint_iter_0230.npy. 
WARNING: Energy -80.9955 below FCI -75.0124 — HWE ansatz may have left the physical particle-number sector
Iter 0231 | Energy: -80.995477 | Delta: 5.93e-04 | M: 1.3907 | Path: Statevector MPI-distributed (8 ranks)
WARNING: Energy -80.9637 below FCI -75.0124 — HWE ansatz may have left the physical particle-number sector
Iter 0232 | Energy: -80.963654 | Delta: 3.18e-02 | M: 3.1157 | Path: Statevector MPI-distributed (8 ranks)
WARNING: Energy -81.0030 below FCI -75.0124 — HWE ansatz may have left the physical particle-number sector
Iter 0233 | Energy: -81.003017 | Delta: 3.94e-02 | M: 3.4566 | Path: Statevector MPI-distributed (8 ranks)
WARNING: Energy -80.9677 below FCI -75.0124 — HWE ansatz may have left the physical particle-number sector
Iter 0234 | Energy: -80.967656 | Delta: 3.54e-02 | M: 0.6496 | Path: Statevector MPI-distributed (8 ranks)
WARNING: Energy -80.9943 below FCI -75.0124 — HWE ansatz may have left the physical particle-number sector
Iter 0235 | Energy: -80.994277 | Delta: 2.66e-02 | M: 264.3286 | Path: Statevector MPI-distributed (8 ranks)
[RESILIENCE] Iteration 235: Global theta state checkpointed at path checkpoints/checkpoint_iter_0235.npy. 
WARNING: Energy -80.9993 below FCI -75.0124 — HWE ansatz may have left the physical particle-number sector
Iter 0236 | Energy: -80.999334 | Delta: 5.06e-03 | M: 1.1152 | Path: Statevector MPI-distributed (8 ranks)
WARNING: Energy -81.0090 below FCI -75.0124 — HWE ansatz may have left the physical particle-number sector
Iter 0237 | Energy: -81.009001 | Delta: 9.67e-03 | M: 3.2408 | Path: Statevector MPI-distributed (8 ranks)
WARNING: Energy -80.9593 below FCI -75.0124 — HWE ansatz may have left the physical particle-number sector
Iter 0238 | Energy: -80.959270 | Delta: 4.97e-02 | M: 0.9839 | Path: Statevector MPI-distributed (8 ranks)
WARNING: Energy -80.9985 below FCI -75.0124 — HWE ansatz may have left the physical particle-number sector
Iter 0239 | Energy: -80.998514 | Delta: 3.92e-02 | M: 1.3411 | Path: Statevector MPI-distributed (8 ranks)
WARNING: Energy -81.0156 below FCI -75.0124 — HWE ansatz may have left the physical particle-number sector
Iter 0240 | Energy: -81.015580 | Delta: 1.71e-02 | M: 0.5214 | Path: Statevector MPI-distributed (8 ranks)
[RESILIENCE] Iteration 240: Global theta state checkpointed at path checkpoints/checkpoint_iter_0240.npy. 
WARNING: Energy -81.0273 below FCI -75.0124 — HWE ansatz may have left the physical particle-number sector
Iter 0241 | Energy: -81.027337 | Delta: 1.18e-02 | M: 5.8254 | Path: Statevector MPI-distributed (8 ranks)
WARNING: Energy -81.0005 below FCI -75.0124 — HWE ansatz may have left the physical particle-number sector
Iter 0242 | Energy: -81.000547 | Delta: 2.68e-02 | M: 1028.4255 | Path: Statevector MPI-distributed (8 ranks)
WARNING: Energy -81.0382 below FCI -75.0124 — HWE ansatz may have left the physical particle-number sector
Iter 0243 | Energy: -81.038218 | Delta: 3.77e-02 | M: 1.1312 | Path: Statevector MPI-distributed (8 ranks)
WARNING: Energy -81.0029 below FCI -75.0124 — HWE ansatz may have left the physical particle-number sector
Iter 0244 | Energy: -81.002865 | Delta: 3.54e-02 | M: 1.5637 | Path: Statevector MPI-distributed (8 ranks)
WARNING: Energy -80.9995 below FCI -75.0124 — HWE ansatz may have left the physical particle-number sector
Iter 0245 | Energy: -80.999465 | Delta: 3.40e-03 | M: 200.8248 | Path: Statevector MPI-distributed (8 ranks)
[RESILIENCE] Iteration 245: Global theta state checkpointed at path checkpoints/checkpoint_iter_0245.npy. 
WARNING: Energy -81.0289 below FCI -75.0124 — HWE ansatz may have left the physical particle-number sector
Iter 0246 | Energy: -81.028915 | Delta: 2.94e-02 | M: 3.2672 | Path: Statevector MPI-distributed (8 ranks)
WARNING: Energy -81.0092 below FCI -75.0124 — HWE ansatz may have left the physical particle-number sector
Iter 0247 | Energy: -81.009227 | Delta: 1.97e-02 | M: 1.9081 | Path: Statevector MPI-distributed (8 ranks)
WARNING: Energy -81.0231 below FCI -75.0124 — HWE ansatz may have left the physical particle-number sector
Iter 0248 | Energy: -81.023109 | Delta: 1.39e-02 | M: 10.1248 | Path: Statevector MPI-distributed (8 ranks)
WARNING: Energy -81.0732 below FCI -75.0124 — HWE ansatz may have left the physical particle-number sector
Iter 0249 | Energy: -81.073214 | Delta: 5.01e-02 | M: 2.6621 | Path: Statevector MPI-distributed (8 ranks)
WARNING: Energy -81.0636 below FCI -75.0124 — HWE ansatz may have left the physical particle-number sector
Iter 0250 | Energy: -81.063584 | Delta: 9.63e-03 | M: 9.1265 | Path: Statevector MPI-distributed (8 ranks)
[RESILIENCE] Iteration 250: Global theta state checkpointed at path checkpoints/checkpoint_iter_0250.npy. 
WARNING: Energy -81.0755 below FCI -75.0124 — HWE ansatz may have left the physical particle-number sector
Iter 0251 | Energy: -81.075466 | Delta: 1.19e-02 | M: 1.1898 | Path: Statevector MPI-distributed (8 ranks)
WARNING: Energy -81.0693 below FCI -75.0124 — HWE ansatz may have left the physical particle-number sector
Iter 0252 | Energy: -81.069266 | Delta: 6.20e-03 | M: 5.1698 | Path: Statevector MPI-distributed (8 ranks)
WARNING: Energy -81.0746 below FCI -75.0124 — HWE ansatz may have left the physical particle-number sector
Iter 0253 | Energy: -81.074554 | Delta: 5.29e-03 | M: 1.0954 | Path: Statevector MPI-distributed (8 ranks)
WARNING: Energy -81.0633 below FCI -75.0124 — HWE ansatz may have left the physical particle-number sector
Iter 0254 | Energy: -81.063290 | Delta: 1.13e-02 | M: 3.6602 | Path: Statevector MPI-distributed (8 ranks)
WARNING: Energy -81.0515 below FCI -75.0124 — HWE ansatz may have left the physical particle-number sector
Iter 0255 | Energy: -81.051476 | Delta: 1.18e-02 | M: 0.7242 | Path: Statevector MPI-distributed (8 ranks)
[RESILIENCE] Iteration 255: Global theta state checkpointed at path checkpoints/checkpoint_iter_0255.npy. 
WARNING: Energy -81.0800 below FCI -75.0124 — HWE ansatz may have left the physical particle-number sector
Iter 0256 | Energy: -81.079978 | Delta: 2.85e-02 | M: 1.0835 | Path: Statevector MPI-distributed (8 ranks)
WARNING: Energy -81.0831 below FCI -75.0124 — HWE ansatz may have left the physical particle-number sector
Iter 0257 | Energy: -81.083071 | Delta: 3.09e-03 | M: 0.9468 | Path: Statevector MPI-distributed (8 ranks)
WARNING: Energy -81.0661 below FCI -75.0124 — HWE ansatz may have left the physical particle-number sector
Iter 0258 | Energy: -81.066143 | Delta: 1.69e-02 | M: 1.0992 | Path: Statevector MPI-distributed (8 ranks)
WARNING: Energy -81.0963 below FCI -75.0124 — HWE ansatz may have left the physical particle-number sector
Iter 0259 | Energy: -81.096315 | Delta: 3.02e-02 | M: 0.5770 | Path: Statevector MPI-distributed (8 ranks)
WARNING: Energy -81.0999 below FCI -75.0124 — HWE ansatz may have left the physical particle-number sector
Iter 0260 | Energy: -81.099887 | Delta: 3.57e-03 | M: 1.4721 | Path: Statevector MPI-distributed (8 ranks)
[RESILIENCE] Iteration 260: Global theta state checkpointed at path checkpoints/checkpoint_iter_0260.npy. 
WARNING: Energy -81.1074 below FCI -75.0124 — HWE ansatz may have left the physical particle-number sector
Iter 0261 | Energy: -81.107362 | Delta: 7.48e-03 | M: 4.7133 | Path: Statevector MPI-distributed (8 ranks)
WARNING: Energy -81.1270 below FCI -75.0124 — HWE ansatz may have left the physical particle-number sector
Iter 0262 | Energy: -81.127018 | Delta: 1.97e-02 | M: 1.8161 | Path: Statevector MPI-distributed (8 ranks)
WARNING: Energy -81.1497 below FCI -75.0124 — HWE ansatz may have left the physical particle-number sector
Iter 0263 | Energy: -81.149686 | Delta: 2.27e-02 | M: 243.0126 | Path: Statevector MPI-distributed (8 ranks)
WARNING: Energy -81.1049 below FCI -75.0124 — HWE ansatz may have left the physical particle-number sector
Iter 0264 | Energy: -81.104854 | Delta: 4.48e-02 | M: 3.8887 | Path: Statevector MPI-distributed (8 ranks)
WARNING: Energy -81.1098 below FCI -75.0124 — HWE ansatz may have left the physical particle-number sector
Iter 0265 | Energy: -81.109816 | Delta: 4.96e-03 | M: 343.8399 | Path: Statevector MPI-distributed (8 ranks)
[RESILIENCE] Iteration 265: Global theta state checkpointed at path checkpoints/checkpoint_iter_0265.npy. 
WARNING: Energy -81.1006 below FCI -75.0124 — HWE ansatz may have left the physical particle-number sector
Iter 0266 | Energy: -81.100595 | Delta: 9.22e-03 | M: 293.9963 | Path: Statevector MPI-distributed (8 ranks)
WARNING: Energy -81.1174 below FCI -75.0124 — HWE ansatz may have left the physical particle-number sector
Iter 0267 | Energy: -81.117428 | Delta: 1.68e-02 | M: 5.9595 | Path: Statevector MPI-distributed (8 ranks)
WARNING: Energy -81.1106 below FCI -75.0124 — HWE ansatz may have left the physical particle-number sector
Iter 0268 | Energy: -81.110643 | Delta: 6.78e-03 | M: 0.7932 | Path: Statevector MPI-distributed (8 ranks)
WARNING: Energy -81.1461 below FCI -75.0124 — HWE ansatz may have left the physical particle-number sector
Iter 0269 | Energy: -81.146102 | Delta: 3.55e-02 | M: 13.5688 | Path: Statevector MPI-distributed (8 ranks)
WARNING: Energy -81.1365 below FCI -75.0124 — HWE ansatz may have left the physical particle-number sector
Iter 0270 | Energy: -81.136544 | Delta: 9.56e-03 | M: 5.3514 | Path: Statevector MPI-distributed (8 ranks)
[RESILIENCE] Iteration 270: Global theta state checkpointed at path checkpoints/checkpoint_iter_0270.npy. 
WARNING: Energy -81.1156 below FCI -75.0124 — HWE ansatz may have left the physical particle-number sector
Iter 0271 | Energy: -81.115639 | Delta: 2.09e-02 | M: 2.7848 | Path: Statevector MPI-distributed (8 ranks)
WARNING: Energy -81.1401 below FCI -75.0124 — HWE ansatz may have left the physical particle-number sector
Iter 0272 | Energy: -81.140119 | Delta: 2.45e-02 | M: 1.4833 | Path: Statevector MPI-distributed (8 ranks)
WARNING: Energy -81.1426 below FCI -75.0124 — HWE ansatz may have left the physical particle-number sector
Iter 0273 | Energy: -81.142614 | Delta: 2.50e-03 | M: 2.7752 | Path: Statevector MPI-distributed (8 ranks)
WARNING: Energy -81.1167 below FCI -75.0124 — HWE ansatz may have left the physical particle-number sector
Iter 0274 | Energy: -81.116695 | Delta: 2.59e-02 | M: 208.9728 | Path: Statevector MPI-distributed (8 ranks)
WARNING: Energy -81.1101 below FCI -75.0124 — HWE ansatz may have left the physical particle-number sector
Iter 0275 | Energy: -81.110139 | Delta: 6.56e-03 | M: 1.3424 | Path: Statevector MPI-distributed (8 ranks)
[RESILIENCE] Iteration 275: Global theta state checkpointed at path checkpoints/checkpoint_iter_0275.npy. 
WARNING: Energy -81.1539 below FCI -75.0124 — HWE ansatz may have left the physical particle-number sector
Iter 0276 | Energy: -81.153874 | Delta: 4.37e-02 | M: 0.8231 | Path: Statevector MPI-distributed (8 ranks)
WARNING: Energy -81.1252 below FCI -75.0124 — HWE ansatz may have left the physical particle-number sector
Iter 0277 | Energy: -81.125205 | Delta: 2.87e-02 | M: 7.6654 | Path: Statevector MPI-distributed (8 ranks)
WARNING: Energy -81.1433 below FCI -75.0124 — HWE ansatz may have left the physical particle-number sector
Iter 0278 | Energy: -81.143253 | Delta: 1.80e-02 | M: 2.6805 | Path: Statevector MPI-distributed (8 ranks)
WARNING: Energy -81.1561 below FCI -75.0124 — HWE ansatz may have left the physical particle-number sector
Iter 0279 | Energy: -81.156103 | Delta: 1.28e-02 | M: 1.9383 | Path: Statevector MPI-distributed (8 ranks)
WARNING: Energy -81.1032 below FCI -75.0124 — HWE ansatz may have left the physical particle-number sector
Iter 0280 | Energy: -81.103176 | Delta: 5.29e-02 | M: 4.7943 | Path: Statevector MPI-distributed (8 ranks)
[RESILIENCE] Iteration 280: Global theta state checkpointed at path checkpoints/checkpoint_iter_0280.npy. 
WARNING: Energy -81.1431 below FCI -75.0124 — HWE ansatz may have left the physical particle-number sector
Iter 0281 | Energy: -81.143091 | Delta: 3.99e-02 | M: 2.5807 | Path: Statevector MPI-distributed (8 ranks)
WARNING: Energy -81.1190 below FCI -75.0124 — HWE ansatz may have left the physical particle-number sector
Iter 0282 | Energy: -81.119021 | Delta: 2.41e-02 | M: 20.4363 | Path: Statevector MPI-distributed (8 ranks)
WARNING: Energy -81.1244 below FCI -75.0124 — HWE ansatz may have left the physical particle-number sector
Iter 0283 | Energy: -81.124407 | Delta: 5.39e-03 | M: 6.4892 | Path: Statevector MPI-distributed (8 ranks)
WARNING: Energy -81.1489 below FCI -75.0124 — HWE ansatz may have left the physical particle-number sector
Iter 0284 | Energy: -81.148944 | Delta: 2.45e-02 | M: 3.3170 | Path: Statevector MPI-distributed (8 ranks)
WARNING: Energy -81.1679 below FCI -75.0124 — HWE ansatz may have left the physical particle-number sector
Iter 0285 | Energy: -81.167941 | Delta: 1.90e-02 | M: 2.0794 | Path: Statevector MPI-distributed (8 ranks)
[RESILIENCE] Iteration 285: Global theta state checkpointed at path checkpoints/checkpoint_iter_0285.npy. 
WARNING: Energy -81.1684 below FCI -75.0124 — HWE ansatz may have left the physical particle-number sector
Iter 0286 | Energy: -81.168390 | Delta: 4.49e-04 | M: 7.6790 | Path: Statevector MPI-distributed (8 ranks)
WARNING: Energy -81.1599 below FCI -75.0124 — HWE ansatz may have left the physical particle-number sector
Iter 0287 | Energy: -81.159898 | Delta: 8.49e-03 | M: 4.8033 | Path: Statevector MPI-distributed (8 ranks)
WARNING: Energy -81.1487 below FCI -75.0124 — HWE ansatz may have left the physical particle-number sector
Iter 0288 | Energy: -81.148660 | Delta: 1.12e-02 | M: 1.6545 | Path: Statevector MPI-distributed (8 ranks)
WARNING: Energy -81.1659 below FCI -75.0124 — HWE ansatz may have left the physical particle-number sector
Iter 0289 | Energy: -81.165906 | Delta: 1.72e-02 | M: 6.7849 | Path: Statevector MPI-distributed (8 ranks)
WARNING: Energy -81.1710 below FCI -75.0124 — HWE ansatz may have left the physical particle-number sector
Iter 0290 | Energy: -81.171018 | Delta: 5.11e-03 | M: 1.3356 | Path: Statevector MPI-distributed (8 ranks)
[RESILIENCE] Iteration 290: Global theta state checkpointed at path checkpoints/checkpoint_iter_0290.npy. 
WARNING: Energy -81.1569 below FCI -75.0124 — HWE ansatz may have left the physical particle-number sector
Iter 0291 | Energy: -81.156870 | Delta: 1.41e-02 | M: 3.1977 | Path: Statevector MPI-distributed (8 ranks)
WARNING: Energy -81.1686 below FCI -75.0124 — HWE ansatz may have left the physical particle-number sector
Iter 0292 | Energy: -81.168599 | Delta: 1.17e-02 | M: 13.3626 | Path: Statevector MPI-distributed (8 ranks)
WARNING: Energy -81.1791 below FCI -75.0124 — HWE ansatz may have left the physical particle-number sector
Iter 0293 | Energy: -81.179137 | Delta: 1.05e-02 | M: 200.4173 | Path: Statevector MPI-distributed (8 ranks)
WARNING: Energy -81.1996 below FCI -75.0124 — HWE ansatz may have left the physical particle-number sector
Iter 0294 | Energy: -81.199574 | Delta: 2.04e-02 | M: 5.6346 | Path: Statevector MPI-distributed (8 ranks)
WARNING: Energy -81.1881 below FCI -75.0124 — HWE ansatz may have left the physical particle-number sector
Iter 0295 | Energy: -81.188083 | Delta: 1.15e-02 | M: 1.4496 | Path: Statevector MPI-distributed (8 ranks)
[RESILIENCE] Iteration 295: Global theta state checkpointed at path checkpoints/checkpoint_iter_0295.npy. 
WARNING: Energy -81.2031 below FCI -75.0124 — HWE ansatz may have left the physical particle-number sector
Iter 0296 | Energy: -81.203120 | Delta: 1.50e-02 | M: 1.7998 | Path: Statevector MPI-distributed (8 ranks)
WARNING: Energy -81.1828 below FCI -75.0124 — HWE ansatz may have left the physical particle-number sector
Iter 0297 | Energy: -81.182773 | Delta: 2.03e-02 | M: 85.2886 | Path: Statevector MPI-distributed (8 ranks)
WARNING: Energy -81.1991 below FCI -75.0124 — HWE ansatz may have left the physical particle-number sector
Iter 0298 | Energy: -81.199138 | Delta: 1.64e-02 | M: 1.5490 | Path: Statevector MPI-distributed (8 ranks)
WARNING: Energy -81.1936 below FCI -75.0124 — HWE ansatz may have left the physical particle-number sector
Iter 0299 | Energy: -81.193638 | Delta: 5.50e-03 | M: 4.2731 | Path: Statevector MPI-distributed (8 ranks)
WARNING: Energy -81.2115 below FCI -75.0124 — HWE ansatz may have left the physical particle-number sector
Iter 0300 | Energy: -81.211482 | Delta: 1.78e-02 | M: 319.0601 | Path: Statevector MPI-distributed (8 ranks)
[RESILIENCE] Iteration 300: Global theta state checkpointed at path checkpoints/checkpoint_iter_0300.npy. 
WARNING: Energy -81.2253 below FCI -75.0124 — HWE ansatz may have left the physical particle-number sector
Iter 0301 | Energy: -81.225302 | Delta: 1.38e-02 | M: 7.2319 | Path: Statevector MPI-distributed (8 ranks)
WARNING: Energy -81.2125 below FCI -75.0124 — HWE ansatz may have left the physical particle-number sector
Iter 0302 | Energy: -81.212526 | Delta: 1.28e-02 | M: 0.4255 | Path: Statevector MPI-distributed (8 ranks)
WARNING: Energy -81.2392 below FCI -75.0124 — HWE ansatz may have left the physical particle-number sector
Iter 0303 | Energy: -81.239231 | Delta: 2.67e-02 | M: 3.5051 | Path: Statevector MPI-distributed (8 ranks)
WARNING: Energy -81.2115 below FCI -75.0124 — HWE ansatz may have left the physical particle-number sector
Iter 0304 | Energy: -81.211538 | Delta: 2.77e-02 | M: 20.2788 | Path: Statevector MPI-distributed (8 ranks)
WARNING: Energy -81.2310 below FCI -75.0124 — HWE ansatz may have left the physical particle-number sector
Iter 0305 | Energy: -81.230973 | Delta: 1.94e-02 | M: 8.4353 | Path: Statevector MPI-distributed (8 ranks)
[RESILIENCE] Iteration 305: Global theta state checkpointed at path checkpoints/checkpoint_iter_0305.npy. 
WARNING: Energy -81.2288 below FCI -75.0124 — HWE ansatz may have left the physical particle-number sector
Iter 0306 | Energy: -81.228774 | Delta: 2.20e-03 | M: 206.8691 | Path: Statevector MPI-distributed (8 ranks)
WARNING: Energy -81.2312 below FCI -75.0124 — HWE ansatz may have left the physical particle-number sector
Iter 0307 | Energy: -81.231239 | Delta: 2.46e-03 | M: 551.6037 | Path: Statevector MPI-distributed (8 ranks)
WARNING: Energy -81.2446 below FCI -75.0124 — HWE ansatz may have left the physical particle-number sector
Iter 0308 | Energy: -81.244608 | Delta: 1.34e-02 | M: 0.5544 | Path: Statevector MPI-distributed (8 ranks)
WARNING: Energy -81.2302 below FCI -75.0124 — HWE ansatz may have left the physical particle-number sector
Iter 0309 | Energy: -81.230200 | Delta: 1.44e-02 | M: 0.5317 | Path: Statevector MPI-distributed (8 ranks)
WARNING: Energy -81.2295 below FCI -75.0124 — HWE ansatz may have left the physical particle-number sector
Iter 0310 | Energy: -81.229503 | Delta: 6.97e-04 | M: 1.6102 | Path: Statevector MPI-distributed (8 ranks)
[RESILIENCE] Iteration 310: Global theta state checkpointed at path checkpoints/checkpoint_iter_0310.npy. 
WARNING: Energy -81.2161 below FCI -75.0124 — HWE ansatz may have left the physical particle-number sector
Iter 0311 | Energy: -81.216117 | Delta: 1.34e-02 | M: 4.5336 | Path: Statevector MPI-distributed (8 ranks)
WARNING: Energy -81.2494 below FCI -75.0124 — HWE ansatz may have left the physical particle-number sector
Iter 0312 | Energy: -81.249434 | Delta: 3.33e-02 | M: 1.7874 | Path: Statevector MPI-distributed (8 ranks)
WARNING: Energy -81.2533 below FCI -75.0124 — HWE ansatz may have left the physical particle-number sector
Iter 0313 | Energy: -81.253334 | Delta: 3.90e-03 | M: 22.3920 | Path: Statevector MPI-distributed (8 ranks)
WARNING: Energy -81.2317 below FCI -75.0124 — HWE ansatz may have left the physical particle-number sector
Iter 0314 | Energy: -81.231720 | Delta: 2.16e-02 | M: 1.2244 | Path: Statevector MPI-distributed (8 ranks)
WARNING: Energy -81.2323 below FCI -75.0124 — HWE ansatz may have left the physical particle-number sector
Iter 0315 | Energy: -81.232268 | Delta: 5.48e-04 | M: 4.6687 | Path: Statevector MPI-distributed (8 ranks)
[RESILIENCE] Iteration 315: Global theta state checkpointed at path checkpoints/checkpoint_iter_0315.npy. 
WARNING: Energy -81.2283 below FCI -75.0124 — HWE ansatz may have left the physical particle-number sector
Iter 0316 | Energy: -81.228314 | Delta: 3.95e-03 | M: 34.3897 | Path: Statevector MPI-distributed (8 ranks)
WARNING: Energy -81.2566 below FCI -75.0124 — HWE ansatz may have left the physical particle-number sector
Iter 0317 | Energy: -81.256618 | Delta: 2.83e-02 | M: 5.6347 | Path: Statevector MPI-distributed (8 ranks)
WARNING: Energy -81.2310 below FCI -75.0124 — HWE ansatz may have left the physical particle-number sector
Iter 0318 | Energy: -81.231035 | Delta: 2.56e-02 | M: 254.7025 | Path: Statevector MPI-distributed (8 ranks)
WARNING: Energy -81.2484 below FCI -75.0124 — HWE ansatz may have left the physical particle-number sector
Iter 0319 | Energy: -81.248386 | Delta: 1.74e-02 | M: 1.5147 | Path: Statevector MPI-distributed (8 ranks)
WARNING: Energy -81.2636 below FCI -75.0124 — HWE ansatz may have left the physical particle-number sector
Iter 0320 | Energy: -81.263587 | Delta: 1.52e-02 | M: 7.9039 | Path: Statevector MPI-distributed (8 ranks)
[RESILIENCE] Iteration 320: Global theta state checkpointed at path checkpoints/checkpoint_iter_0320.npy. 
WARNING: Energy -81.2363 below FCI -75.0124 — HWE ansatz may have left the physical particle-number sector
Iter 0321 | Energy: -81.236319 | Delta: 2.73e-02 | M: 11.8787 | Path: Statevector MPI-distributed (8 ranks)
WARNING: Energy -81.2507 below FCI -75.0124 — HWE ansatz may have left the physical particle-number sector
Iter 0322 | Energy: -81.250691 | Delta: 1.44e-02 | M: 3.4593 | Path: Statevector MPI-distributed (8 ranks)
WARNING: Energy -81.2599 below FCI -75.0124 — HWE ansatz may have left the physical particle-number sector
Iter 0323 | Energy: -81.259936 | Delta: 9.24e-03 | M: 3.2547 | Path: Statevector MPI-distributed (8 ranks)
WARNING: Energy -81.2687 below FCI -75.0124 — HWE ansatz may have left the physical particle-number sector
Iter 0324 | Energy: -81.268747 | Delta: 8.81e-03 | M: 1.8539 | Path: Statevector MPI-distributed (8 ranks)
WARNING: Energy -81.2670 below FCI -75.0124 — HWE ansatz may have left the physical particle-number sector
Iter 0325 | Energy: -81.266960 | Delta: 1.79e-03 | M: 0.9502 | Path: Statevector MPI-distributed (8 ranks)
[RESILIENCE] Iteration 325: Global theta state checkpointed at path checkpoints/checkpoint_iter_0325.npy. 
WARNING: Energy -81.2564 below FCI -75.0124 — HWE ansatz may have left the physical particle-number sector
Iter 0326 | Energy: -81.256420 | Delta: 1.05e-02 | M: 2.2341 | Path: Statevector MPI-distributed (8 ranks)
WARNING: Energy -81.2438 below FCI -75.0124 — HWE ansatz may have left the physical particle-number sector
Iter 0327 | Energy: -81.243847 | Delta: 1.26e-02 | M: 4.0505 | Path: Statevector MPI-distributed (8 ranks)
WARNING: Energy -81.2525 below FCI -75.0124 — HWE ansatz may have left the physical particle-number sector
Iter 0328 | Energy: -81.252450 | Delta: 8.60e-03 | M: 5.1428 | Path: Statevector MPI-distributed (8 ranks)
WARNING: Energy -81.2392 below FCI -75.0124 — HWE ansatz may have left the physical particle-number sector
Iter 0329 | Energy: -81.239150 | Delta: 1.33e-02 | M: 1.5580 | Path: Statevector MPI-distributed (8 ranks)
WARNING: Energy -81.2413 below FCI -75.0124 — HWE ansatz may have left the physical particle-number sector
Iter 0330 | Energy: -81.241329 | Delta: 2.18e-03 | M: 3.2908 | Path: Statevector MPI-distributed (8 ranks)
[RESILIENCE] Iteration 330: Global theta state checkpointed at path checkpoints/checkpoint_iter_0330.npy. 
WARNING: Energy -81.2450 below FCI -75.0124 — HWE ansatz may have left the physical particle-number sector
Iter 0331 | Energy: -81.244986 | Delta: 3.66e-03 | M: 3.8346 | Path: Statevector MPI-distributed (8 ranks)
WARNING: Energy -81.2731 below FCI -75.0124 — HWE ansatz may have left the physical particle-number sector
Iter 0332 | Energy: -81.273119 | Delta: 2.81e-02 | M: 1.6483 | Path: Statevector MPI-distributed (8 ranks)
WARNING: Energy -81.2556 below FCI -75.0124 — HWE ansatz may have left the physical particle-number sector
Iter 0333 | Energy: -81.255616 | Delta: 1.75e-02 | M: 1.0502 | Path: Statevector MPI-distributed (8 ranks)
WARNING: Energy -81.2594 below FCI -75.0124 — HWE ansatz may have left the physical particle-number sector
Iter 0334 | Energy: -81.259374 | Delta: 3.76e-03 | M: 0.8983 | Path: Statevector MPI-distributed (8 ranks)
WARNING: Energy -81.2597 below FCI -75.0124 — HWE ansatz may have left the physical particle-number sector
Iter 0335 | Energy: -81.259736 | Delta: 3.62e-04 | M: 1.4951 | Path: Statevector MPI-distributed (8 ranks)
[RESILIENCE] Iteration 335: Global theta state checkpointed at path checkpoints/checkpoint_iter_0335.npy. 
WARNING: Energy -81.2367 below FCI -75.0124 — HWE ansatz may have left the physical particle-number sector
Iter 0336 | Energy: -81.236673 | Delta: 2.31e-02 | M: 4.5904 | Path: Statevector MPI-distributed (8 ranks)
WARNING: Energy -81.2900 below FCI -75.0124 — HWE ansatz may have left the physical particle-number sector
Iter 0337 | Energy: -81.289971 | Delta: 5.33e-02 | M: 435.3765 | Path: Statevector MPI-distributed (8 ranks)
WARNING: Energy -81.2611 below FCI -75.0124 — HWE ansatz may have left the physical particle-number sector
Iter 0338 | Energy: -81.261089 | Delta: 2.89e-02 | M: 18.3651 | Path: Statevector MPI-distributed (8 ranks)
WARNING: Energy -81.2888 below FCI -75.0124 — HWE ansatz may have left the physical particle-number sector
Iter 0339 | Energy: -81.288766 | Delta: 2.77e-02 | M: 6.1925 | Path: Statevector MPI-distributed (8 ranks)
WARNING: Energy -81.2890 below FCI -75.0124 — HWE ansatz may have left the physical particle-number sector
Iter 0340 | Energy: -81.288967 | Delta: 2.00e-04 | M: 1.4174 | Path: Statevector MPI-distributed (8 ranks)
[RESILIENCE] Iteration 340: Global theta state checkpointed at path checkpoints/checkpoint_iter_0340.npy. 
WARNING: Energy -81.2545 below FCI -75.0124 — HWE ansatz may have left the physical particle-number sector
Iter 0341 | Energy: -81.254494 | Delta: 3.45e-02 | M: 1.9858 | Path: Statevector MPI-distributed (8 ranks)
WARNING: Energy -81.2627 below FCI -75.0124 — HWE ansatz may have left the physical particle-number sector
Iter 0342 | Energy: -81.262655 | Delta: 8.16e-03 | M: 1.3508 | Path: Statevector MPI-distributed (8 ranks)
WARNING: Energy -81.2592 below FCI -75.0124 — HWE ansatz may have left the physical particle-number sector
Iter 0343 | Energy: -81.259210 | Delta: 3.45e-03 | M: 1.1665 | Path: Statevector MPI-distributed (8 ranks)
WARNING: Energy -81.2868 below FCI -75.0124 — HWE ansatz may have left the physical particle-number sector
Iter 0344 | Energy: -81.286825 | Delta: 2.76e-02 | M: 4.0103 | Path: Statevector MPI-distributed (8 ranks)
WARNING: Energy -81.2813 below FCI -75.0124 — HWE ansatz may have left the physical particle-number sector
Iter 0345 | Energy: -81.281282 | Delta: 5.54e-03 | M: 0.9113 | Path: Statevector MPI-distributed (8 ranks)
[RESILIENCE] Iteration 345: Global theta state checkpointed at path checkpoints/checkpoint_iter_0345.npy. 
WARNING: Energy -81.2993 below FCI -75.0124 — HWE ansatz may have left the physical particle-number sector
Iter 0346 | Energy: -81.299334 | Delta: 1.81e-02 | M: 19.2170 | Path: Statevector MPI-distributed (8 ranks)
WARNING: Energy -81.2938 below FCI -75.0124 — HWE ansatz may have left the physical particle-number sector
Iter 0347 | Energy: -81.293834 | Delta: 5.50e-03 | M: 0.8833 | Path: Statevector MPI-distributed (8 ranks)
WARNING: Energy -81.2851 below FCI -75.0124 — HWE ansatz may have left the physical particle-number sector
Iter 0348 | Energy: -81.285075 | Delta: 8.76e-03 | M: 1.4937 | Path: Statevector MPI-distributed (8 ranks)
WARNING: Energy -81.2876 below FCI -75.0124 — HWE ansatz may have left the physical particle-number sector
Iter 0349 | Energy: -81.287550 | Delta: 2.48e-03 | M: 0.8258 | Path: Statevector MPI-distributed (8 ranks)
WARNING: Energy -81.2905 below FCI -75.0124 — HWE ansatz may have left the physical particle-number sector
Iter 0350 | Energy: -81.290493 | Delta: 2.94e-03 | M: 1.1224 | Path: Statevector MPI-distributed (8 ranks)
[RESILIENCE] Iteration 350: Global theta state checkpointed at path checkpoints/checkpoint_iter_0350.npy. 
WARNING: Energy -81.2904 below FCI -75.0124 — HWE ansatz may have left the physical particle-number sector
Iter 0351 | Energy: -81.290414 | Delta: 7.90e-05 | M: 1.6901 | Path: Statevector MPI-distributed (8 ranks)
WARNING: Energy -81.2802 below FCI -75.0124 — HWE ansatz may have left the physical particle-number sector
Iter 0352 | Energy: -81.280219 | Delta: 1.02e-02 | M: 1192.9495 | Path: Statevector MPI-distributed (8 ranks)
WARNING: Energy -81.2831 below FCI -75.0124 — HWE ansatz may have left the physical particle-number sector
Iter 0353 | Energy: -81.283071 | Delta: 2.85e-03 | M: 1.3248 | Path: Statevector MPI-distributed (8 ranks)
WARNING: Energy -81.3116 below FCI -75.0124 — HWE ansatz may have left the physical particle-number sector
Iter 0354 | Energy: -81.311572 | Delta: 2.85e-02 | M: 2.8153 | Path: Statevector MPI-distributed (8 ranks)
WARNING: Energy -81.2918 below FCI -75.0124 — HWE ansatz may have left the physical particle-number sector
Iter 0355 | Energy: -81.291849 | Delta: 1.97e-02 | M: 1.8626 | Path: Statevector MPI-distributed (8 ranks)
[RESILIENCE] Iteration 355: Global theta state checkpointed at path checkpoints/checkpoint_iter_0355.npy. 
WARNING: Energy -81.2862 below FCI -75.0124 — HWE ansatz may have left the physical particle-number sector
Iter 0356 | Energy: -81.286175 | Delta: 5.67e-03 | M: 4.3256 | Path: Statevector MPI-distributed (8 ranks)
WARNING: Energy -81.2824 below FCI -75.0124 — HWE ansatz may have left the physical particle-number sector
Iter 0357 | Energy: -81.282397 | Delta: 3.78e-03 | M: 4.6340 | Path: Statevector MPI-distributed (8 ranks)
WARNING: Energy -81.3011 below FCI -75.0124 — HWE ansatz may have left the physical particle-number sector
Iter 0358 | Energy: -81.301113 | Delta: 1.87e-02 | M: 0.7481 | Path: Statevector MPI-distributed (8 ranks)
WARNING: Energy -81.3042 below FCI -75.0124 — HWE ansatz may have left the physical particle-number sector
Iter 0359 | Energy: -81.304204 | Delta: 3.09e-03 | M: 1.2909 | Path: Statevector MPI-distributed (8 ranks)
WARNING: Energy -81.2983 below FCI -75.0124 — HWE ansatz may have left the physical particle-number sector
Iter 0360 | Energy: -81.298268 | Delta: 5.94e-03 | M: 1.8743 | Path: Statevector MPI-distributed (8 ranks)
[RESILIENCE] Iteration 360: Global theta state checkpointed at path checkpoints/checkpoint_iter_0360.npy. 
WARNING: Energy -81.2918 below FCI -75.0124 — HWE ansatz may have left the physical particle-number sector
Iter 0361 | Energy: -81.291818 | Delta: 6.45e-03 | M: 8.1454 | Path: Statevector MPI-distributed (8 ranks)
WARNING: Energy -81.2719 below FCI -75.0124 — HWE ansatz may have left the physical particle-number sector
Iter 0362 | Energy: -81.271946 | Delta: 1.99e-02 | M: 3.7236 | Path: Statevector MPI-distributed (8 ranks)
WARNING: Energy -81.2872 below FCI -75.0124 — HWE ansatz may have left the physical particle-number sector
Iter 0363 | Energy: -81.287152 | Delta: 1.52e-02 | M: 0.7624 | Path: Statevector MPI-distributed (8 ranks)
WARNING: Energy -81.3218 below FCI -75.0124 — HWE ansatz may have left the physical particle-number sector
Iter 0364 | Energy: -81.321840 | Delta: 3.47e-02 | M: 1.3339 | Path: Statevector MPI-distributed (8 ranks)
WARNING: Energy -81.3215 below FCI -75.0124 — HWE ansatz may have left the physical particle-number sector
Iter 0365 | Energy: -81.321520 | Delta: 3.19e-04 | M: 8.6277 | Path: Statevector MPI-distributed (8 ranks)
[RESILIENCE] Iteration 365: Global theta state checkpointed at path checkpoints/checkpoint_iter_0365.npy. 
WARNING: Energy -81.3184 below FCI -75.0124 — HWE ansatz may have left the physical particle-number sector
Iter 0366 | Energy: -81.318446 | Delta: 3.07e-03 | M: 3.4004 | Path: Statevector MPI-distributed (8 ranks)
WARNING: Energy -81.2867 below FCI -75.0124 — HWE ansatz may have left the physical particle-number sector
Iter 0367 | Energy: -81.286706 | Delta: 3.17e-02 | M: 8.6472 | Path: Statevector MPI-distributed (8 ranks)
WARNING: Energy -81.3172 below FCI -75.0124 — HWE ansatz may have left the physical particle-number sector
Iter 0368 | Energy: -81.317158 | Delta: 3.05e-02 | M: 9.6040 | Path: Statevector MPI-distributed (8 ranks)
WARNING: Energy -81.3014 below FCI -75.0124 — HWE ansatz may have left the physical particle-number sector
Iter 0369 | Energy: -81.301447 | Delta: 1.57e-02 | M: 2.7978 | Path: Statevector MPI-distributed (8 ranks)
WARNING: Energy -81.2991 below FCI -75.0124 — HWE ansatz may have left the physical particle-number sector
Iter 0370 | Energy: -81.299082 | Delta: 2.36e-03 | M: 2.8476 | Path: Statevector MPI-distributed (8 ranks)
[RESILIENCE] Iteration 370: Global theta state checkpointed at path checkpoints/checkpoint_iter_0370.npy. 
WARNING: Energy -81.3074 below FCI -75.0124 — HWE ansatz may have left the physical particle-number sector
Iter 0371 | Energy: -81.307364 | Delta: 8.28e-03 | M: 2.0581 | Path: Statevector MPI-distributed (8 ranks)
WARNING: Energy -81.2919 below FCI -75.0124 — HWE ansatz may have left the physical particle-number sector
Iter 0372 | Energy: -81.291904 | Delta: 1.55e-02 | M: 1.5011 | Path: Statevector MPI-distributed (8 ranks)
WARNING: Energy -81.3234 below FCI -75.0124 — HWE ansatz may have left the physical particle-number sector
Iter 0373 | Energy: -81.323390 | Delta: 3.15e-02 | M: 4.6075 | Path: Statevector MPI-distributed (8 ranks)
WARNING: Energy -81.3116 below FCI -75.0124 — HWE ansatz may have left the physical particle-number sector
Iter 0374 | Energy: -81.311604 | Delta: 1.18e-02 | M: 3.6102 | Path: Statevector MPI-distributed (8 ranks)
WARNING: Energy -81.3286 below FCI -75.0124 — HWE ansatz may have left the physical particle-number sector
Iter 0375 | Energy: -81.328587 | Delta: 1.70e-02 | M: 4.9921 | Path: Statevector MPI-distributed (8 ranks)
[RESILIENCE] Iteration 375: Global theta state checkpointed at path checkpoints/checkpoint_iter_0375.npy. 
WARNING: Energy -81.3416 below FCI -75.0124 — HWE ansatz may have left the physical particle-number sector
Iter 0376 | Energy: -81.341624 | Delta: 1.30e-02 | M: 93.5483 | Path: Statevector MPI-distributed (8 ranks)
WARNING: Energy -81.3441 below FCI -75.0124 — HWE ansatz may have left the physical particle-number sector
Iter 0377 | Energy: -81.344120 | Delta: 2.50e-03 | M: 3.0747 | Path: Statevector MPI-distributed (8 ranks)
WARNING: Energy -81.3031 below FCI -75.0124 — HWE ansatz may have left the physical particle-number sector
Iter 0378 | Energy: -81.303123 | Delta: 4.10e-02 | M: 8.9058 | Path: Statevector MPI-distributed (8 ranks)
WARNING: Energy -81.3051 below FCI -75.0124 — HWE ansatz may have left the physical particle-number sector
Iter 0379 | Energy: -81.305132 | Delta: 2.01e-03 | M: 2.3267 | Path: Statevector MPI-distributed (8 ranks)
WARNING: Energy -81.3110 below FCI -75.0124 — HWE ansatz may have left the physical particle-number sector
Iter 0380 | Energy: -81.310960 | Delta: 5.83e-03 | M: 7.3240 | Path: Statevector MPI-distributed (8 ranks)
[RESILIENCE] Iteration 380: Global theta state checkpointed at path checkpoints/checkpoint_iter_0380.npy. 
WARNING: Energy -81.3348 below FCI -75.0124 — HWE ansatz may have left the physical particle-number sector
Iter 0381 | Energy: -81.334827 | Delta: 2.39e-02 | M: 2.2315 | Path: Statevector MPI-distributed (8 ranks)
WARNING: Energy -81.3222 below FCI -75.0124 — HWE ansatz may have left the physical particle-number sector
Iter 0382 | Energy: -81.322168 | Delta: 1.27e-02 | M: 2.1720 | Path: Statevector MPI-distributed (8 ranks)
WARNING: Energy -81.2901 below FCI -75.0124 — HWE ansatz may have left the physical particle-number sector
Iter 0383 | Energy: -81.290061 | Delta: 3.21e-02 | M: 1.8761 | Path: Statevector MPI-distributed (8 ranks)
WARNING: Energy -81.3384 below FCI -75.0124 — HWE ansatz may have left the physical particle-number sector
Iter 0384 | Energy: -81.338415 | Delta: 4.84e-02 | M: 11.4928 | Path: Statevector MPI-distributed (8 ranks)
WARNING: Energy -81.3245 below FCI -75.0124 — HWE ansatz may have left the physical particle-number sector
Iter 0385 | Energy: -81.324547 | Delta: 1.39e-02 | M: 1.7537 | Path: Statevector MPI-distributed (8 ranks)
[RESILIENCE] Iteration 385: Global theta state checkpointed at path checkpoints/checkpoint_iter_0385.npy. 
WARNING: Energy -81.3274 below FCI -75.0124 — HWE ansatz may have left the physical particle-number sector
Iter 0386 | Energy: -81.327380 | Delta: 2.83e-03 | M: 20.7644 | Path: Statevector MPI-distributed (8 ranks)
WARNING: Energy -81.3232 below FCI -75.0124 — HWE ansatz may have left the physical particle-number sector
Iter 0387 | Energy: -81.323166 | Delta: 4.21e-03 | M: 1.8308 | Path: Statevector MPI-distributed (8 ranks)
WARNING: Energy -81.3065 below FCI -75.0124 — HWE ansatz may have left the physical particle-number sector
Iter 0388 | Energy: -81.306475 | Delta: 1.67e-02 | M: 4.5993 | Path: Statevector MPI-distributed (8 ranks)
WARNING: Energy -81.3522 below FCI -75.0124 — HWE ansatz may have left the physical particle-number sector
Iter 0389 | Energy: -81.352151 | Delta: 4.57e-02 | M: 1.9907 | Path: Statevector MPI-distributed (8 ranks)
WARNING: Energy -81.3229 below FCI -75.0124 — HWE ansatz may have left the physical particle-number sector
Iter 0390 | Energy: -81.322870 | Delta: 2.93e-02 | M: 2.9631 | Path: Statevector MPI-distributed (8 ranks)
[RESILIENCE] Iteration 390: Global theta state checkpointed at path checkpoints/checkpoint_iter_0390.npy. 
WARNING: Energy -81.3132 below FCI -75.0124 — HWE ansatz may have left the physical particle-number sector
Iter 0391 | Energy: -81.313171 | Delta: 9.70e-03 | M: 214.5054 | Path: Statevector MPI-distributed (8 ranks)
WARNING: Energy -81.3415 below FCI -75.0124 — HWE ansatz may have left the physical particle-number sector
Iter 0392 | Energy: -81.341462 | Delta: 2.83e-02 | M: 8.3194 | Path: Statevector MPI-distributed (8 ranks)
WARNING: Energy -81.3460 below FCI -75.0124 — HWE ansatz may have left the physical particle-number sector
Iter 0393 | Energy: -81.345963 | Delta: 4.50e-03 | M: 3.4761 | Path: Statevector MPI-distributed (8 ranks)
WARNING: Energy -81.3505 below FCI -75.0124 — HWE ansatz may have left the physical particle-number sector
Iter 0394 | Energy: -81.350536 | Delta: 4.57e-03 | M: 0.8488 | Path: Statevector MPI-distributed (8 ranks)
WARNING: Energy -81.3111 below FCI -75.0124 — HWE ansatz may have left the physical particle-number sector
Iter 0395 | Energy: -81.311072 | Delta: 3.95e-02 | M: 3.2908 | Path: Statevector MPI-distributed (8 ranks)
[RESILIENCE] Iteration 395: Global theta state checkpointed at path checkpoints/checkpoint_iter_0395.npy. 
WARNING: Energy -81.3275 below FCI -75.0124 — HWE ansatz may have left the physical particle-number sector
Iter 0396 | Energy: -81.327500 | Delta: 1.64e-02 | M: 27.7428 | Path: Statevector MPI-distributed (8 ranks)
WARNING: Energy -81.3376 below FCI -75.0124 — HWE ansatz may have left the physical particle-number sector
Iter 0397 | Energy: -81.337576 | Delta: 1.01e-02 | M: 5.9383 | Path: Statevector MPI-distributed (8 ranks)
WARNING: Energy -81.3289 below FCI -75.0124 — HWE ansatz may have left the physical particle-number sector
Iter 0398 | Energy: -81.328932 | Delta: 8.64e-03 | M: 2.7172 | Path: Statevector MPI-distributed (8 ranks)
WARNING: Energy -81.3181 below FCI -75.0124 — HWE ansatz may have left the physical particle-number sector
Iter 0399 | Energy: -81.318118 | Delta: 1.08e-02 | M: 2.0581 | Path: Statevector MPI-distributed (8 ranks)
WARNING: Energy -81.3336 below FCI -75.0124 — HWE ansatz may have left the physical particle-number sector
Iter 0400 | Energy: -81.333590 | Delta: 1.55e-02 | M: 2.5798 | Path: Statevector MPI-distributed (8 ranks)
[RESILIENCE] Iteration 400: Global theta state checkpointed at path checkpoints/checkpoint_iter_0400.npy. 
WARNING: Energy -81.3469 below FCI -75.0124 — HWE ansatz may have left the physical particle-number sector
Iter 0401 | Energy: -81.346919 | Delta: 1.33e-02 | M: 4.1494 | Path: Statevector MPI-distributed (8 ranks)
WARNING: Energy -81.3428 below FCI -75.0124 — HWE ansatz may have left the physical particle-number sector
Iter 0402 | Energy: -81.342828 | Delta: 4.09e-03 | M: 1.2442 | Path: Statevector MPI-distributed (8 ranks)
WARNING: Energy -81.3227 below FCI -75.0124 — HWE ansatz may have left the physical particle-number sector
Iter 0403 | Energy: -81.322740 | Delta: 2.01e-02 | M: 2.4880 | Path: Statevector MPI-distributed (8 ranks)
WARNING: Energy -81.3596 below FCI -75.0124 — HWE ansatz may have left the physical particle-number sector
Iter 0404 | Energy: -81.359562 | Delta: 3.68e-02 | M: 0.6383 | Path: Statevector MPI-distributed (8 ranks)
WARNING: Energy -81.3238 below FCI -75.0124 — HWE ansatz may have left the physical particle-number sector
Iter 0405 | Energy: -81.323773 | Delta: 3.58e-02 | M: 1.7223 | Path: Statevector MPI-distributed (8 ranks)
[RESILIENCE] Iteration 405: Global theta state checkpointed at path checkpoints/checkpoint_iter_0405.npy. 
WARNING: Energy -81.3219 below FCI -75.0124 — HWE ansatz may have left the physical particle-number sector
Iter 0406 | Energy: -81.321934 | Delta: 1.84e-03 | M: 3.8141 | Path: Statevector MPI-distributed (8 ranks)
WARNING: Energy -81.3379 below FCI -75.0124 — HWE ansatz may have left the physical particle-number sector
Iter 0407 | Energy: -81.337904 | Delta: 1.60e-02 | M: 24.1607 | Path: Statevector MPI-distributed (8 ranks)
WARNING: Energy -81.3445 below FCI -75.0124 — HWE ansatz may have left the physical particle-number sector
Iter 0408 | Energy: -81.344485 | Delta: 6.58e-03 | M: 0.7526 | Path: Statevector MPI-distributed (8 ranks)
WARNING: Energy -81.3369 below FCI -75.0124 — HWE ansatz may have left the physical particle-number sector
Iter 0409 | Energy: -81.336893 | Delta: 7.59e-03 | M: 0.9117 | Path: Statevector MPI-distributed (8 ranks)
WARNING: Energy -81.3741 below FCI -75.0124 — HWE ansatz may have left the physical particle-number sector
Iter 0410 | Energy: -81.374098 | Delta: 3.72e-02 | M: 3.1037 | Path: Statevector MPI-distributed (8 ranks)
[RESILIENCE] Iteration 410: Global theta state checkpointed at path checkpoints/checkpoint_iter_0410.npy. 
WARNING: Energy -81.3613 below FCI -75.0124 — HWE ansatz may have left the physical particle-number sector
Iter 0411 | Energy: -81.361252 | Delta: 1.28e-02 | M: 1.9225 | Path: Statevector MPI-distributed (8 ranks)
WARNING: Energy -81.3474 below FCI -75.0124 — HWE ansatz may have left the physical particle-number sector
Iter 0412 | Energy: -81.347375 | Delta: 1.39e-02 | M: 3.1524 | Path: Statevector MPI-distributed (8 ranks)
WARNING: Energy -81.3774 below FCI -75.0124 — HWE ansatz may have left the physical particle-number sector
Iter 0413 | Energy: -81.377364 | Delta: 3.00e-02 | M: 1.7918 | Path: Statevector MPI-distributed (8 ranks)
WARNING: Energy -81.3653 below FCI -75.0124 — HWE ansatz may have left the physical particle-number sector
Iter 0414 | Energy: -81.365290 | Delta: 1.21e-02 | M: 12.8391 | Path: Statevector MPI-distributed (8 ranks)
WARNING: Energy -81.3679 below FCI -75.0124 — HWE ansatz may have left the physical particle-number sector
Iter 0415 | Energy: -81.367943 | Delta: 2.65e-03 | M: 1.0494 | Path: Statevector MPI-distributed (8 ranks)
[RESILIENCE] Iteration 415: Global theta state checkpointed at path checkpoints/checkpoint_iter_0415.npy. 
WARNING: Energy -81.3356 below FCI -75.0124 — HWE ansatz may have left the physical particle-number sector
Iter 0416 | Energy: -81.335644 | Delta: 3.23e-02 | M: 2.9507 | Path: Statevector MPI-distributed (8 ranks)
WARNING: Energy -81.3758 below FCI -75.0124 — HWE ansatz may have left the physical particle-number sector
Iter 0417 | Energy: -81.375778 | Delta: 4.01e-02 | M: 4.9499 | Path: Statevector MPI-distributed (8 ranks)
WARNING: Energy -81.4030 below FCI -75.0124 — HWE ansatz may have left the physical particle-number sector
Iter 0418 | Energy: -81.403030 | Delta: 2.73e-02 | M: 1.8214 | Path: Statevector MPI-distributed (8 ranks)
WARNING: Energy -81.3943 below FCI -75.0124 — HWE ansatz may have left the physical particle-number sector
Iter 0419 | Energy: -81.394313 | Delta: 8.72e-03 | M: 3.7532 | Path: Statevector MPI-distributed (8 ranks)
WARNING: Energy -81.3974 below FCI -75.0124 — HWE ansatz may have left the physical particle-number sector
Iter 0420 | Energy: -81.397394 | Delta: 3.08e-03 | M: 1.0808 | Path: Statevector MPI-distributed (8 ranks)
[RESILIENCE] Iteration 420: Global theta state checkpointed at path checkpoints/checkpoint_iter_0420.npy. 
WARNING: Energy -81.3824 below FCI -75.0124 — HWE ansatz may have left the physical particle-number sector
Iter 0421 | Energy: -81.382439 | Delta: 1.50e-02 | M: 0.5681 | Path: Statevector MPI-distributed (8 ranks)
WARNING: Energy -81.3816 below FCI -75.0124 — HWE ansatz may have left the physical particle-number sector
Iter 0422 | Energy: -81.381554 | Delta: 8.85e-04 | M: 2.7821 | Path: Statevector MPI-distributed (8 ranks)
WARNING: Energy -81.3640 below FCI -75.0124 — HWE ansatz may have left the physical particle-number sector
Iter 0423 | Energy: -81.364029 | Delta: 1.75e-02 | M: 5.6048 | Path: Statevector MPI-distributed (8 ranks)
WARNING: Energy -81.3827 below FCI -75.0124 — HWE ansatz may have left the physical particle-number sector
Iter 0424 | Energy: -81.382681 | Delta: 1.87e-02 | M: 0.9220 | Path: Statevector MPI-distributed (8 ranks)
WARNING: Energy -81.3916 below FCI -75.0124 — HWE ansatz may have left the physical particle-number sector
Iter 0425 | Energy: -81.391621 | Delta: 8.94e-03 | M: 148.7300 | Path: Statevector MPI-distributed (8 ranks)
[RESILIENCE] Iteration 425: Global theta state checkpointed at path checkpoints/checkpoint_iter_0425.npy. 
WARNING: Energy -81.3740 below FCI -75.0124 — HWE ansatz may have left the physical particle-number sector
Iter 0426 | Energy: -81.374015 | Delta: 1.76e-02 | M: 2.2223 | Path: Statevector MPI-distributed (8 ranks)
WARNING: Energy -81.3779 below FCI -75.0124 — HWE ansatz may have left the physical particle-number sector
Iter 0427 | Energy: -81.377896 | Delta: 3.88e-03 | M: 2347.3992 | Path: Statevector MPI-distributed (8 ranks)
WARNING: Energy -81.3981 below FCI -75.0124 — HWE ansatz may have left the physical particle-number sector
Iter 0428 | Energy: -81.398083 | Delta: 2.02e-02 | M: 0.4781 | Path: Statevector MPI-distributed (8 ranks)
WARNING: Energy -81.3830 below FCI -75.0124 — HWE ansatz may have left the physical particle-number sector
Iter 0429 | Energy: -81.382952 | Delta: 1.51e-02 | M: 1.1712 | Path: Statevector MPI-distributed (8 ranks)
WARNING: Energy -81.3937 below FCI -75.0124 — HWE ansatz may have left the physical particle-number sector
Iter 0430 | Energy: -81.393730 | Delta: 1.08e-02 | M: 1.1435 | Path: Statevector MPI-distributed (8 ranks)
[RESILIENCE] Iteration 430: Global theta state checkpointed at path checkpoints/checkpoint_iter_0430.npy. 
WARNING: Energy -81.3893 below FCI -75.0124 — HWE ansatz may have left the physical particle-number sector
Iter 0431 | Energy: -81.389338 | Delta: 4.39e-03 | M: 1.0387 | Path: Statevector MPI-distributed (8 ranks)
WARNING: Energy -81.4128 below FCI -75.0124 — HWE ansatz may have left the physical particle-number sector
Iter 0432 | Energy: -81.412774 | Delta: 2.34e-02 | M: 2.1914 | Path: Statevector MPI-distributed (8 ranks)
WARNING: Energy -81.3782 below FCI -75.0124 — HWE ansatz may have left the physical particle-number sector
Iter 0433 | Energy: -81.378185 | Delta: 3.46e-02 | M: 1.9103 | Path: Statevector MPI-distributed (8 ranks)
WARNING: Energy -81.3954 below FCI -75.0124 — HWE ansatz may have left the physical particle-number sector
Iter 0434 | Energy: -81.395364 | Delta: 1.72e-02 | M: 4.2039 | Path: Statevector MPI-distributed (8 ranks)
WARNING: Energy -81.4015 below FCI -75.0124 — HWE ansatz may have left the physical particle-number sector
Iter 0435 | Energy: -81.401459 | Delta: 6.10e-03 | M: 2.7945 | Path: Statevector MPI-distributed (8 ranks)
[RESILIENCE] Iteration 435: Global theta state checkpointed at path checkpoints/checkpoint_iter_0435.npy. 
WARNING: Energy -81.3754 below FCI -75.0124 — HWE ansatz may have left the physical particle-number sector
Iter 0436 | Energy: -81.375423 | Delta: 2.60e-02 | M: 7.9725 | Path: Statevector MPI-distributed (8 ranks)
WARNING: Energy -81.3928 below FCI -75.0124 — HWE ansatz may have left the physical particle-number sector
Iter 0437 | Energy: -81.392846 | Delta: 1.74e-02 | M: 1.2097 | Path: Statevector MPI-distributed (8 ranks)
WARNING: Energy -81.3909 below FCI -75.0124 — HWE ansatz may have left the physical particle-number sector
Iter 0438 | Energy: -81.390938 | Delta: 1.91e-03 | M: 0.7225 | Path: Statevector MPI-distributed (8 ranks)
WARNING: Energy -81.4031 below FCI -75.0124 — HWE ansatz may have left the physical particle-number sector
Iter 0439 | Energy: -81.403117 | Delta: 1.22e-02 | M: 1.4819 | Path: Statevector MPI-distributed (8 ranks)
WARNING: Energy -81.4050 below FCI -75.0124 — HWE ansatz may have left the physical particle-number sector
Iter 0440 | Energy: -81.405020 | Delta: 1.90e-03 | M: 1.6994 | Path: Statevector MPI-distributed (8 ranks)
[RESILIENCE] Iteration 440: Global theta state checkpointed at path checkpoints/checkpoint_iter_0440.npy. 
WARNING: Energy -81.4098 below FCI -75.0124 — HWE ansatz may have left the physical particle-number sector
Iter 0441 | Energy: -81.409751 | Delta: 4.73e-03 | M: 204.3214 | Path: Statevector MPI-distributed (8 ranks)
WARNING: Energy -81.3925 below FCI -75.0124 — HWE ansatz may have left the physical particle-number sector
Iter 0442 | Energy: -81.392496 | Delta: 1.73e-02 | M: 3.6986 | Path: Statevector MPI-distributed (8 ranks)
WARNING: Energy -81.3796 below FCI -75.0124 — HWE ansatz may have left the physical particle-number sector
Iter 0443 | Energy: -81.379648 | Delta: 1.28e-02 | M: 0.6143 | Path: Statevector MPI-distributed (8 ranks)
WARNING: Energy -81.3846 below FCI -75.0124 — HWE ansatz may have left the physical particle-number sector
Iter 0444 | Energy: -81.384582 | Delta: 4.93e-03 | M: 2.1461 | Path: Statevector MPI-distributed (8 ranks)
WARNING: Energy -81.4157 below FCI -75.0124 — HWE ansatz may have left the physical particle-number sector
Iter 0445 | Energy: -81.415663 | Delta: 3.11e-02 | M: 323.2728 | Path: Statevector MPI-distributed (8 ranks)
[RESILIENCE] Iteration 445: Global theta state checkpointed at path checkpoints/checkpoint_iter_0445.npy. 
WARNING: Energy -81.4120 below FCI -75.0124 — HWE ansatz may have left the physical particle-number sector
Iter 0446 | Energy: -81.411962 | Delta: 3.70e-03 | M: 3.4104 | Path: Statevector MPI-distributed (8 ranks)
WARNING: Energy -81.4145 below FCI -75.0124 — HWE ansatz may have left the physical particle-number sector
Iter 0447 | Energy: -81.414518 | Delta: 2.56e-03 | M: 3.1880 | Path: Statevector MPI-distributed (8 ranks)
WARNING: Energy -81.4466 below FCI -75.0124 — HWE ansatz may have left the physical particle-number sector
Iter 0448 | Energy: -81.446556 | Delta: 3.20e-02 | M: 4.1553 | Path: Statevector MPI-distributed (8 ranks)
WARNING: Energy -81.4447 below FCI -75.0124 — HWE ansatz may have left the physical particle-number sector
Iter 0449 | Energy: -81.444688 | Delta: 1.87e-03 | M: 4.4630 | Path: Statevector MPI-distributed (8 ranks)
WARNING: Energy -81.4320 below FCI -75.0124 — HWE ansatz may have left the physical particle-number sector
Iter 0450 | Energy: -81.432018 | Delta: 1.27e-02 | M: 0.8128 | Path: Statevector MPI-distributed (8 ranks)
[RESILIENCE] Iteration 450: Global theta state checkpointed at path checkpoints/checkpoint_iter_0450.npy. 
WARNING: Energy -81.4428 below FCI -75.0124 — HWE ansatz may have left the physical particle-number sector
Iter 0451 | Energy: -81.442849 | Delta: 1.08e-02 | M: 11.3795 | Path: Statevector MPI-distributed (8 ranks)
WARNING: Energy -81.4250 below FCI -75.0124 — HWE ansatz may have left the physical particle-number sector
Iter 0452 | Energy: -81.425047 | Delta: 1.78e-02 | M: 1.6343 | Path: Statevector MPI-distributed (8 ranks)
WARNING: Energy -81.4190 below FCI -75.0124 — HWE ansatz may have left the physical particle-number sector
Iter 0453 | Energy: -81.418950 | Delta: 6.10e-03 | M: 3.4498 | Path: Statevector MPI-distributed (8 ranks)
WARNING: Energy -81.3990 below FCI -75.0124 — HWE ansatz may have left the physical particle-number sector
Iter 0454 | Energy: -81.399020 | Delta: 1.99e-02 | M: 607.8677 | Path: Statevector MPI-distributed (8 ranks)
WARNING: Energy -81.4515 below FCI -75.0124 — HWE ansatz may have left the physical particle-number sector
Iter 0455 | Energy: -81.451458 | Delta: 5.24e-02 | M: 3.8413 | Path: Statevector MPI-distributed (8 ranks)
[RESILIENCE] Iteration 455: Global theta state checkpointed at path checkpoints/checkpoint_iter_0455.npy. 
WARNING: Energy -81.3951 below FCI -75.0124 — HWE ansatz may have left the physical particle-number sector
Iter 0456 | Energy: -81.395142 | Delta: 5.63e-02 | M: 1.7371 | Path: Statevector MPI-distributed (8 ranks)
WARNING: Energy -81.4133 below FCI -75.0124 — HWE ansatz may have left the physical particle-number sector
Iter 0457 | Energy: -81.413296 | Delta: 1.82e-02 | M: 251.0461 | Path: Statevector MPI-distributed (8 ranks)
WARNING: Energy -81.4370 below FCI -75.0124 — HWE ansatz may have left the physical particle-number sector
Iter 0458 | Energy: -81.437041 | Delta: 2.37e-02 | M: 6.5625 | Path: Statevector MPI-distributed (8 ranks)
WARNING: Energy -81.4466 below FCI -75.0124 — HWE ansatz may have left the physical particle-number sector
Iter 0459 | Energy: -81.446647 | Delta: 9.61e-03 | M: 2.3594 | Path: Statevector MPI-distributed (8 ranks)
WARNING: Energy -81.4257 below FCI -75.0124 — HWE ansatz may have left the physical particle-number sector
Iter 0460 | Energy: -81.425665 | Delta: 2.10e-02 | M: 392.1047 | Path: Statevector MPI-distributed (8 ranks)
[RESILIENCE] Iteration 460: Global theta state checkpointed at path checkpoints/checkpoint_iter_0460.npy. 
WARNING: Energy -81.4353 below FCI -75.0124 — HWE ansatz may have left the physical particle-number sector
Iter 0461 | Energy: -81.435259 | Delta: 9.59e-03 | M: 2.7678 | Path: Statevector MPI-distributed (8 ranks)
WARNING: Energy -81.4413 below FCI -75.0124 — HWE ansatz may have left the physical particle-number sector
Iter 0462 | Energy: -81.441274 | Delta: 6.02e-03 | M: 6.0843 | Path: Statevector MPI-distributed (8 ranks)
WARNING: Energy -81.4311 below FCI -75.0124 — HWE ansatz may have left the physical particle-number sector
Iter 0463 | Energy: -81.431118 | Delta: 1.02e-02 | M: 0.8589 | Path: Statevector MPI-distributed (8 ranks)
WARNING: Energy -81.4368 below FCI -75.0124 — HWE ansatz may have left the physical particle-number sector
Iter 0464 | Energy: -81.436783 | Delta: 5.66e-03 | M: 156.4576 | Path: Statevector MPI-distributed (8 ranks)
WARNING: Energy -81.4244 below FCI -75.0124 — HWE ansatz may have left the physical particle-number sector
Iter 0465 | Energy: -81.424405 | Delta: 1.24e-02 | M: 0.6247 | Path: Statevector MPI-distributed (8 ranks)
[RESILIENCE] Iteration 465: Global theta state checkpointed at path checkpoints/checkpoint_iter_0465.npy. 
WARNING: Energy -81.4294 below FCI -75.0124 — HWE ansatz may have left the physical particle-number sector
Iter 0466 | Energy: -81.429357 | Delta: 4.95e-03 | M: 2.6213 | Path: Statevector MPI-distributed (8 ranks)
WARNING: Energy -81.4183 below FCI -75.0124 — HWE ansatz may have left the physical particle-number sector
Iter 0467 | Energy: -81.418320 | Delta: 1.10e-02 | M: 2.7736 | Path: Statevector MPI-distributed (8 ranks)
WARNING: Energy -81.4249 below FCI -75.0124 — HWE ansatz may have left the physical particle-number sector
Iter 0468 | Energy: -81.424895 | Delta: 6.58e-03 | M: 7.2273 | Path: Statevector MPI-distributed (8 ranks)
WARNING: Energy -81.4233 below FCI -75.0124 — HWE ansatz may have left the physical particle-number sector
Iter 0469 | Energy: -81.423341 | Delta: 1.55e-03 | M: 1.5731 | Path: Statevector MPI-distributed (8 ranks)
WARNING: Energy -81.4433 below FCI -75.0124 — HWE ansatz may have left the physical particle-number sector
Iter 0470 | Energy: -81.443319 | Delta: 2.00e-02 | M: 1.1593 | Path: Statevector MPI-distributed (8 ranks)
[RESILIENCE] Iteration 470: Global theta state checkpointed at path checkpoints/checkpoint_iter_0470.npy. 
WARNING: Energy -81.4654 below FCI -75.0124 — HWE ansatz may have left the physical particle-number sector
Iter 0471 | Energy: -81.465425 | Delta: 2.21e-02 | M: 2.4601 | Path: Statevector MPI-distributed (8 ranks)
WARNING: Energy -81.4596 below FCI -75.0124 — HWE ansatz may have left the physical particle-number sector
Iter 0472 | Energy: -81.459615 | Delta: 5.81e-03 | M: 12.5426 | Path: Statevector MPI-distributed (8 ranks)
WARNING: Energy -81.4563 below FCI -75.0124 — HWE ansatz may have left the physical particle-number sector
Iter 0473 | Energy: -81.456343 | Delta: 3.27e-03 | M: 2.9096 | Path: Statevector MPI-distributed (8 ranks)
WARNING: Energy -81.4583 below FCI -75.0124 — HWE ansatz may have left the physical particle-number sector
Iter 0474 | Energy: -81.458347 | Delta: 2.00e-03 | M: 8272.2973 | Path: Statevector MPI-distributed (8 ranks)
WARNING: Energy -81.4696 below FCI -75.0124 — HWE ansatz may have left the physical particle-number sector
Iter 0475 | Energy: -81.469568 | Delta: 1.12e-02 | M: 8589.5642 | Path: Statevector MPI-distributed (8 ranks)
[RESILIENCE] Iteration 475: Global theta state checkpointed at path checkpoints/checkpoint_iter_0475.npy. 
WARNING: Energy -81.4564 below FCI -75.0124 — HWE ansatz may have left the physical particle-number sector
Iter 0476 | Energy: -81.456354 | Delta: 1.32e-02 | M: 4.4441 | Path: Statevector MPI-distributed (8 ranks)
WARNING: Energy -81.4675 below FCI -75.0124 — HWE ansatz may have left the physical particle-number sector
Iter 0477 | Energy: -81.467469 | Delta: 1.11e-02 | M: 3.9775 | Path: Statevector MPI-distributed (8 ranks)
WARNING: Energy -81.4663 below FCI -75.0124 — HWE ansatz may have left the physical particle-number sector
Iter 0478 | Energy: -81.466274 | Delta: 1.20e-03 | M: 127.4177 | Path: Statevector MPI-distributed (8 ranks)
WARNING: Energy -81.4841 below FCI -75.0124 — HWE ansatz may have left the physical particle-number sector
Iter 0479 | Energy: -81.484137 | Delta: 1.79e-02 | M: 8.9631 | Path: Statevector MPI-distributed (8 ranks)
WARNING: Energy -81.4838 below FCI -75.0124 — HWE ansatz may have left the physical particle-number sector
Iter 0480 | Energy: -81.483753 | Delta: 3.84e-04 | M: 7789.1616 | Path: Statevector MPI-distributed (8 ranks)
[RESILIENCE] Iteration 480: Global theta state checkpointed at path checkpoints/checkpoint_iter_0480.npy. 
WARNING: Energy -81.4732 below FCI -75.0124 — HWE ansatz may have left the physical particle-number sector
Iter 0481 | Energy: -81.473161 | Delta: 1.06e-02 | M: 4088.0462 | Path: Statevector MPI-distributed (8 ranks)
WARNING: Energy -81.4782 below FCI -75.0124 — HWE ansatz may have left the physical particle-number sector
Iter 0482 | Energy: -81.478195 | Delta: 5.03e-03 | M: 18.0574 | Path: Statevector MPI-distributed (8 ranks)
WARNING: Energy -81.4753 below FCI -75.0124 — HWE ansatz may have left the physical particle-number sector
Iter 0483 | Energy: -81.475287 | Delta: 2.91e-03 | M: 2.2299 | Path: Statevector MPI-distributed (8 ranks)
WARNING: Energy -81.5020 below FCI -75.0124 — HWE ansatz may have left the physical particle-number sector
Iter 0484 | Energy: -81.502009 | Delta: 2.67e-02 | M: 2.0391 | Path: Statevector MPI-distributed (8 ranks)
WARNING: Energy -81.4837 below FCI -75.0124 — HWE ansatz may have left the physical particle-number sector
Iter 0485 | Energy: -81.483673 | Delta: 1.83e-02 | M: 242.7841 | Path: Statevector MPI-distributed (8 ranks)
[RESILIENCE] Iteration 485: Global theta state checkpointed at path checkpoints/checkpoint_iter_0485.npy. 
WARNING: Energy -81.4870 below FCI -75.0124 — HWE ansatz may have left the physical particle-number sector
Iter 0486 | Energy: -81.487048 | Delta: 3.38e-03 | M: 2.2108 | Path: Statevector MPI-distributed (8 ranks)
WARNING: Energy -81.4736 below FCI -75.0124 — HWE ansatz may have left the physical particle-number sector
Iter 0487 | Energy: -81.473639 | Delta: 1.34e-02 | M: 251.4014 | Path: Statevector MPI-distributed (8 ranks)
WARNING: Energy -81.4881 below FCI -75.0124 — HWE ansatz may have left the physical particle-number sector
Iter 0488 | Energy: -81.488104 | Delta: 1.45e-02 | M: 5.0788 | Path: Statevector MPI-distributed (8 ranks)
WARNING: Energy -81.4828 below FCI -75.0124 — HWE ansatz may have left the physical particle-number sector
Iter 0489 | Energy: -81.482773 | Delta: 5.33e-03 | M: 17.4429 | Path: Statevector MPI-distributed (8 ranks)
WARNING: Energy -81.4961 below FCI -75.0124 — HWE ansatz may have left the physical particle-number sector
Iter 0490 | Energy: -81.496108 | Delta: 1.33e-02 | M: 2.7725 | Path: Statevector MPI-distributed (8 ranks)
[RESILIENCE] Iteration 490: Global theta state checkpointed at path checkpoints/checkpoint_iter_0490.npy. 
WARNING: Energy -81.4747 below FCI -75.0124 — HWE ansatz may have left the physical particle-number sector
Iter 0491 | Energy: -81.474691 | Delta: 2.14e-02 | M: 335.2169 | Path: Statevector MPI-distributed (8 ranks)
WARNING: Energy -81.4829 below FCI -75.0124 — HWE ansatz may have left the physical particle-number sector
Iter 0492 | Energy: -81.482870 | Delta: 8.18e-03 | M: 1.2692 | Path: Statevector MPI-distributed (8 ranks)
WARNING: Energy -81.4832 below FCI -75.0124 — HWE ansatz may have left the physical particle-number sector
Iter 0493 | Energy: -81.483185 | Delta: 3.15e-04 | M: 1.4444 | Path: Statevector MPI-distributed (8 ranks)
WARNING: Energy -81.4827 below FCI -75.0124 — HWE ansatz may have left the physical particle-number sector
Iter 0494 | Energy: -81.482724 | Delta: 4.61e-04 | M: 3.5215 | Path: Statevector MPI-distributed (8 ranks)
WARNING: Energy -81.4773 below FCI -75.0124 — HWE ansatz may have left the physical particle-number sector
Iter 0495 | Energy: -81.477296 | Delta: 5.43e-03 | M: 39.8245 | Path: Statevector MPI-distributed (8 ranks)
[RESILIENCE] Iteration 495: Global theta state checkpointed at path checkpoints/checkpoint_iter_0495.npy. 
WARNING: Energy -81.4662 below FCI -75.0124 — HWE ansatz may have left the physical particle-number sector
Iter 0496 | Energy: -81.466196 | Delta: 1.11e-02 | M: 2.4696 | Path: Statevector MPI-distributed (8 ranks)
WARNING: Energy -81.4704 below FCI -75.0124 — HWE ansatz may have left the physical particle-number sector
Iter 0497 | Energy: -81.470360 | Delta: 4.16e-03 | M: 2.6552 | Path: Statevector MPI-distributed (8 ranks)
WARNING: Energy -81.4972 below FCI -75.0124 — HWE ansatz may have left the physical particle-number sector
Iter 0498 | Energy: -81.497220 | Delta: 2.69e-02 | M: 1.7003 | Path: Statevector MPI-distributed (8 ranks)
WARNING: Energy -81.4825 below FCI -75.0124 — HWE ansatz may have left the physical particle-number sector
Iter 0499 | Energy: -81.482520 | Delta: 1.47e-02 | M: 193.5428 | Path: Statevector MPI-distributed (8 ranks)
WARNING: Energy -81.4895 below FCI -75.0124 — HWE ansatz may have left the physical particle-number sector
Iter 0500 | Energy: -81.489483 | Delta: 6.96e-03 | M: 3.9912 | Path: Statevector MPI-distributed (8 ranks)
[RESILIENCE] Iteration 500: Global theta state checkpointed at path checkpoints/checkpoint_iter_0500.npy. 

[H2O] Ansatz tier:hwe_adaptive
[H2O] Corr score: 0.502 
[H2O] Final energy : -81.489483 Ha 
[H2O] Reference FCI : -75.012437 Ha 
[H2O] Absolute error: +6.4770 Ha  Ha 
[H2O] Iterations run: 500
[H2O] Wall time: 638.85s (includes QPU queue + RTT) 
[H2O] Time/iter: 1.28 s 
[H2O] Source: registry 
[H2O] Active electrons: 8 
[H2O] Estimated qubits: 12 
[H2O] Note: Frozen 2 core electrons. Active space: 8 electrons, 12 qubits 



--- RUNNING FINANCE (4-Assest Portfolio QUBO) TASK ---
[Finance] Prepared 10 Pauli terms for 4-asset portfolio (4 qubits,  16 params)  
[Finance] Prepared 10 Pauli terms for 4-asset portfolio (4 qubits,  16 params)  
[Finance] Prepared 10 Pauli terms for 4-asset portfolio (4 qubits,  16 params)  
[Finance] Prepared 10 Pauli terms for 4-asset portfolio (4 qubits,  16 params)  
[Finance] Prepared 10 Pauli terms for 4-asset portfolio (4 qubits,  16 params)  
[Finance] Prepared 10 Pauli terms for 4-asset portfolio (4 qubits,  16 params)  
[Finance] Prepared 10 Pauli terms for 4-asset portfolio (4 qubits,  16 params)  
[Finance] Prepared 10 Pauli terms for 4-asset portfolio (4 qubits,  16 params)  
Iter 0001 | Energy: -0.201346 | Delta: inf | M: 1.0691 | Path: Statevector MPI-distributed (8 ranks)
Iter 0002 | Energy: -0.200841 | Delta: 5.05e-04 | M: 2.6950 | Path: Statevector MPI-distributed (8 ranks)
Iter 0003 | Energy: -0.201004 | Delta: 1.63e-04 | M: 2.6790 | Path: Statevector MPI-distributed (8 ranks)
Iter 0004 | Energy: -0.201000 | Delta: 4.08e-06 | M: 2.6319 | Path: Statevector MPI-distributed (8 ranks)
Iter 0005 | Energy: -0.200907 | Delta: 9.28e-05 | M: 0.9407 | Path: Statevector MPI-distributed (8 ranks)
[RESILIENCE] Iteration 5: Global theta state checkpointed at path checkpoints/checkpoint_iter_0005.npy. 
Iter 0006 | Energy: -0.200979 | Delta: 7.21e-05 | M: 3.8755 | Path: Statevector MPI-distributed (8 ranks)
Iter 0007 | Energy: -0.201225 | Delta: 2.46e-04 | M: 4.0404 | Path: Statevector MPI-distributed (8 ranks)
Iter 0008 | Energy: -0.201248 | Delta: 2.27e-05 | M: 3.6409 | Path: Statevector MPI-distributed (8 ranks)
Iter 0009 | Energy: -0.200893 | Delta: 3.55e-04 | M: 2.2583 | Path: Statevector MPI-distributed (8 ranks)
Iter 0010 | Energy: -0.201063 | Delta: 1.70e-04 | M: 3.4495 | Path: Statevector MPI-distributed (8 ranks)
[RESILIENCE] Iteration 10: Global theta state checkpointed at path checkpoints/checkpoint_iter_0010.npy. 
Iter 0011 | Energy: -0.201387 | Delta: 3.24e-04 | M: 1.9539 | Path: Statevector MPI-distributed (8 ranks)
Iter 0012 | Energy: -0.201016 | Delta: 3.71e-04 | M: 2.9030 | Path: Statevector MPI-distributed (8 ranks)
Iter 0013 | Energy: -0.201103 | Delta: 8.71e-05 | M: 3.1568 | Path: Statevector MPI-distributed (8 ranks)
Iter 0014 | Energy: -0.201041 | Delta: 6.14e-05 | M: 2.2763 | Path: Statevector MPI-distributed (8 ranks)
Iter 0015 | Energy: -0.201102 | Delta: 6.05e-05 | M: 4.6926 | Path: Statevector MPI-distributed (8 ranks)
[RESILIENCE] Iteration 15: Global theta state checkpointed at path checkpoints/checkpoint_iter_0015.npy. 
Iter 0016 | Energy: -0.201137 | Delta: 3.49e-05 | M: 2.8542 | Path: Statevector MPI-distributed (8 ranks)
Iter 0017 | Energy: -0.201119 | Delta: 1.73e-05 | M: 2.6659 | Path: Statevector MPI-distributed (8 ranks)
Iter 0018 | Energy: -0.201395 | Delta: 2.76e-04 | M: 4.8220 | Path: Statevector MPI-distributed (8 ranks)
Iter 0019 | Energy: -0.201163 | Delta: 2.32e-04 | M: 2.2004 | Path: Statevector MPI-distributed (8 ranks)
Iter 0020 | Energy: -0.201178 | Delta: 1.44e-05 | M: 1.8633 | Path: Statevector MPI-distributed (8 ranks)
Converged: energy spread over last 10 iters = 3.80e-04 < tol=0.001, at iteration 20
[RESILIENCE] Iteration 20: Global theta state checkpointed at path checkpoints/checkpoint_iter_0020.npy. 
[Finance] Final objective : -0.201178 
[Resolver] 'LiH' found in local registry 
[Resolver] 'LiH' found in local registry 
[Resolver] 'LiH' found in local registry 
[Resolver] 'LiH' found in local registry 
[Finance] Iterations run : 20
[Finance] Wall time : 0.24 s

 RUNNING SCALING (with P=8 ranks) 
[Resolver] 'LiH' found in local registry 
[Resolver] 'LiH' found in local registry 
[Resolver] 'LiH' found in local registry 
[Resolver] 'LiH' found in local registry 
[Chemistry:LiH] 631 Pauli terms, 12 qubits, 96 params,  reps=2. FCI reference: -7.8825 Ha 
[Ansatz] HWE (adaptive) (auto) | corr_score=0.502 | off_diag_ratio=0.007
[Reason] score=0.502 in [0.25, 0.55). Moderate correlation detected (off_diag_ratio=0.007, zz_frac=0.979). Adaptive HWE with full entanglement recommended.
[Chemistry:LiH] 631 Pauli terms, 12 qubits, 96 params,  reps=2. FCI reference: -7.8825 Ha 
[Ansatz] HWE (adaptive) (auto) | corr_score=0.502 | off_diag_ratio=0.007
[Reason] score=0.502 in [0.25, 0.55). Moderate correlation detected (off_diag_ratio=0.007, zz_frac=0.979). Adaptive HWE with full entanglement recommended.
[Chemistry:LiH] 631 Pauli terms, 12 qubits, 96 params,  reps=2. FCI reference: -7.8825 Ha 
[Ansatz] HWE (adaptive) (auto) | corr_score=0.502 | off_diag_ratio=0.007
[Reason] score=0.502 in [0.25, 0.55). Moderate correlation detected (off_diag_ratio=0.007, zz_frac=0.979). Adaptive HWE with full entanglement recommended.
[Chemistry:LiH] 631 Pauli terms, 12 qubits, 96 params,  reps=2. FCI reference: -7.8825 Ha 
[Ansatz] HWE (adaptive) (auto) | corr_score=0.502 | off_diag_ratio=0.007
[Reason] score=0.502 in [0.25, 0.55). Moderate correlation detected (off_diag_ratio=0.007, zz_frac=0.979). Adaptive HWE with full entanglement recommended.
[Chemistry:LiH] 631 Pauli terms, 12 qubits, 96 params,  reps=2. FCI reference: -7.8825 Ha 
[Ansatz] HWE (adaptive) (auto) | corr_score=0.502 | off_diag_ratio=0.007
[Reason] score=0.502 in [0.25, 0.55). Moderate correlation detected (off_diag_ratio=0.007, zz_frac=0.979). Adaptive HWE with full entanglement recommended.
[Chemistry:LiH] 631 Pauli terms, 12 qubits, 96 params,  reps=2. FCI reference: -7.8825 Ha 
[Ansatz] HWE (adaptive) (auto) | corr_score=0.502 | off_diag_ratio=0.007
[Reason] score=0.502 in [0.25, 0.55). Moderate correlation detected (off_diag_ratio=0.007, zz_frac=0.979). Adaptive HWE with full entanglement recommended.
[Chemistry:LiH] 631 Pauli terms, 12 qubits, 96 params,  reps=2. FCI reference: -7.8825 Ha 
[Ansatz] HWE (adaptive) (auto) | corr_score=0.502 | off_diag_ratio=0.007
[Reason] score=0.502 in [0.25, 0.55). Moderate correlation detected (off_diag_ratio=0.007, zz_frac=0.979). Adaptive HWE with full entanglement recommended.
[Chemistry:LiH] 631 Pauli terms, 12 qubits, 96 params,  reps=2. FCI reference: -7.8825 Ha 
[Ansatz] HWE (adaptive) (auto) | corr_score=0.502 | off_diag_ratio=0.007
[Reason] score=0.502 in [0.25, 0.55). Moderate correlation detected (off_diag_ratio=0.007, zz_frac=0.979). Adaptive HWE with full entanglement recommended.
Iter 0001 | Energy: -0.449677 | Delta: inf | M: 10.6272 | Path: Statevector MPI-distributed (8 ranks)
Iter 0002 | Energy: -0.460287 | Delta: 1.06e-02 | M: 316.7209 | Path: Statevector MPI-distributed (8 ranks)
Iter 0003 | Energy: -0.551809 | Delta: 9.15e-02 | M: 215.0900 | Path: Statevector MPI-distributed (8 ranks)
Iter 0004 | Energy: -0.553863 | Delta: 2.05e-03 | M: 53.3490 | Path: Statevector MPI-distributed (8 ranks)
Iter 0005 | Energy: -0.832025 | Delta: 2.78e-01 | M: 10.5606 | Path: Statevector MPI-distributed (8 ranks)
[RESILIENCE] Iteration 5: Global theta state checkpointed at path checkpoints/checkpoint_iter_0005.npy. 
Iter 0006 | Energy: -1.514902 | Delta: 6.83e-01 | M: 147.2919 | Path: Statevector MPI-distributed (8 ranks)
Iter 0007 | Energy: -4.070387 | Delta: 2.56e+00 | M: 130.2958 | Path: Statevector MPI-distributed (8 ranks)
Iter 0008 | Energy: -4.065670 | Delta: 4.72e-03 | M: 2.4071 | Path: Statevector MPI-distributed (8 ranks)
Iter 0009 | Energy: -4.403513 | Delta: 3.38e-01 | M: 1381.4679 | Path: Statevector MPI-distributed (8 ranks)
Iter 0010 | Energy: -4.421931 | Delta: 1.84e-02 | M: 78.5820 | Path: Statevector MPI-distributed (8 ranks)
[RESILIENCE] Iteration 10: Global theta state checkpointed at path checkpoints/checkpoint_iter_0010.npy. 
[Scaling] P=8 T_total=2.0591 final_E=-4.421931 tier=hwe_adaptive qubits=12 iters=10



---ALL LOCAL BENCHMARKS COMPLETE ----
Ranks used : 8
GPU : False
Backend : simulator 
Molecule   Energy (Ha)      Error (Ha)     Ansatz               Corr   Iters    Time(s)    T/iter(s) 
H2         -1.756955        +0.6197 Ha     HWE (adaptive)       0.342  500      8.90       0.0178    
LiH        -7.277790        +0.6047 Ha     HWE (adaptive)       0.502  500      73.39      0.1468    
BeH2       -17.320363       +1.7252 Ha     HWE (adaptive)       0.501  500      589.67     1.1793    
H2O        -81.489483       +6.4770 Ha     HWE (adaptive)       0.502  500      638.85     1.2777    
