
==========
== CUDA ==
==========

CUDA Version 12.2.0

Container image Copyright (c) 2016-2023, NVIDIA CORPORATION & AFFILIATES. All rights reserved.

This container image and its contents are governed by the NVIDIA Deep Learning Container License.
By pulling and using the container, you accept the terms and conditions of this license:
https://developer.nvidia.com/ngc/nvidia-deep-learning-container-license

A copy of this license is made available in this container at /NGC-DL-CONTAINER-LICENSE for your convenience.

WARNING: The NVIDIA Driver was not detected.  GPU functionality will not be available.
   Use the NVIDIA Container Toolkit to start this container with GPU support; see
   https://docs.nvidia.com/datacenter/cloud-native/ .

hpc_core and interface imported.
[Config] GPU=CPU mode
[Config] Molecules: ['H2', 'LiH', 'BeH2', 'H2O']
[Config] Resolver: max_qubits=20, cache=.pubchem_cache/
[Stack]  Initialized 1 MPI rank(s), GPU=disabled, backend='simulator'


--- RUNNING CHEMISTRY TASK H2 ---
[Resolver] 'H2' found in local registry 
[Chemistry:H2] 15 Pauli terms, 4 qubits, 24 params,  reps=1. FCI reference: -1.1373 Ha 
[Ansatz] HWE (adaptive) (auto) | corr_score=0.342 | off_diag_ratio=0.056
[Reason] score=0.342 in [0.25, 0.55). Moderate correlation detected (off_diag_ratio=0.056, zz_frac=0.667). Adaptive HWE with full entanglement recommended.
Iter 0001 | Energy: -0.028405 | Delta: inf | M: 120.9540 | Path: Statevector MPI-distributed (1 ranks)
Iter 0002 | Energy: -0.036117 | Delta: 7.71e-03 | M: 263.9705 | Path: Statevector MPI-distributed (1 ranks)
Iter 0003 | Energy: -0.024847 | Delta: 1.13e-02 | M: 251.2804 | Path: Statevector MPI-distributed (1 ranks)
Iter 0004 | Energy: -0.033009 | Delta: 8.16e-03 | M: 211.4999 | Path: Statevector MPI-distributed (1 ranks)
Iter 0005 | Energy: -0.025232 | Delta: 7.78e-03 | M: 241.6478 | Path: Statevector MPI-distributed (1 ranks)
[RESILIENCE] Iteration 5: Global theta state checkpointed at path checkpoints/checkpoint_iter_0005.npy. 
Iter 0006 | Energy: -0.025780 | Delta: 5.48e-04 | M: 169.6209 | Path: Statevector MPI-distributed (1 ranks)
Iter 0007 | Energy: -0.034108 | Delta: 8.33e-03 | M: 212.9999 | Path: Statevector MPI-distributed (1 ranks)
Iter 0008 | Energy: -0.031148 | Delta: 2.96e-03 | M: 190.2217 | Path: Statevector MPI-distributed (1 ranks)
Iter 0009 | Energy: -0.033555 | Delta: 2.41e-03 | M: 241.0970 | Path: Statevector MPI-distributed (1 ranks)
Iter 0010 | Energy: -0.034607 | Delta: 1.05e-03 | M: 233.4805 | Path: Statevector MPI-distributed (1 ranks)
[RESILIENCE] Iteration 10: Global theta state checkpointed at path checkpoints/checkpoint_iter_0010.npy. 
Iter 0011 | Energy: -0.033359 | Delta: 1.25e-03 | M: 229.9641 | Path: Statevector MPI-distributed (1 ranks)
Iter 0012 | Energy: -0.039045 | Delta: 5.69e-03 | M: 231.7617 | Path: Statevector MPI-distributed (1 ranks)
Iter 0013 | Energy: -0.025524 | Delta: 1.35e-02 | M: 246.2808 | Path: Statevector MPI-distributed (1 ranks)
Iter 0014 | Energy: -0.024214 | Delta: 1.31e-03 | M: 216.5591 | Path: Statevector MPI-distributed (1 ranks)
Iter 0015 | Energy: -0.038659 | Delta: 1.44e-02 | M: 241.3164 | Path: Statevector MPI-distributed (1 ranks)
[RESILIENCE] Iteration 15: Global theta state checkpointed at path checkpoints/checkpoint_iter_0015.npy. 
Iter 0016 | Energy: -0.032858 | Delta: 5.80e-03 | M: 258.2683 | Path: Statevector MPI-distributed (1 ranks)
Iter 0017 | Energy: -0.033548 | Delta: 6.90e-04 | M: 236.9805 | Path: Statevector MPI-distributed (1 ranks)
Iter 0018 | Energy: -0.032100 | Delta: 1.45e-03 | M: 239.5675 | Path: Statevector MPI-distributed (1 ranks)
Iter 0019 | Energy: -0.036751 | Delta: 4.65e-03 | M: 220.6365 | Path: Statevector MPI-distributed (1 ranks)
Iter 0020 | Energy: -0.028691 | Delta: 8.06e-03 | M: 227.4300 | Path: Statevector MPI-distributed (1 ranks)
[RESILIENCE] Iteration 20: Global theta state checkpointed at path checkpoints/checkpoint_iter_0020.npy. 
Iter 0021 | Energy: -0.035306 | Delta: 6.62e-03 | M: 251.1105 | Path: Statevector MPI-distributed (1 ranks)
Iter 0022 | Energy: -0.033313 | Delta: 1.99e-03 | M: 180.6894 | Path: Statevector MPI-distributed (1 ranks)
Iter 0023 | Energy: -0.027810 | Delta: 5.50e-03 | M: 255.6673 | Path: Statevector MPI-distributed (1 ranks)
Iter 0024 | Energy: -0.035761 | Delta: 7.95e-03 | M: 245.4190 | Path: Statevector MPI-distributed (1 ranks)
Iter 0025 | Energy: -0.030086 | Delta: 5.67e-03 | M: 244.1734 | Path: Statevector MPI-distributed (1 ranks)
[RESILIENCE] Iteration 25: Global theta state checkpointed at path checkpoints/checkpoint_iter_0025.npy. 
Iter 0026 | Energy: -0.029979 | Delta: 1.07e-04 | M: 222.9293 | Path: Statevector MPI-distributed (1 ranks)
Iter 0027 | Energy: -0.043471 | Delta: 1.35e-02 | M: 228.3990 | Path: Statevector MPI-distributed (1 ranks)
Iter 0028 | Energy: -0.032992 | Delta: 1.05e-02 | M: 225.3434 | Path: Statevector MPI-distributed (1 ranks)
Iter 0029 | Energy: -0.034479 | Delta: 1.49e-03 | M: 224.4324 | Path: Statevector MPI-distributed (1 ranks)
Iter 0030 | Energy: -0.041859 | Delta: 7.38e-03 | M: 230.8335 | Path: Statevector MPI-distributed (1 ranks)
[RESILIENCE] Iteration 30: Global theta state checkpointed at path checkpoints/checkpoint_iter_0030.npy. 
Iter 0031 | Energy: -0.044050 | Delta: 2.19e-03 | M: 245.0695 | Path: Statevector MPI-distributed (1 ranks)
Iter 0032 | Energy: -0.038428 | Delta: 5.62e-03 | M: 228.1049 | Path: Statevector MPI-distributed (1 ranks)
Iter 0033 | Energy: -0.043695 | Delta: 5.27e-03 | M: 243.1802 | Path: Statevector MPI-distributed (1 ranks)
Iter 0034 | Energy: -0.046534 | Delta: 2.84e-03 | M: 222.6173 | Path: Statevector MPI-distributed (1 ranks)
Iter 0035 | Energy: -0.049682 | Delta: 3.15e-03 | M: 236.1463 | Path: Statevector MPI-distributed (1 ranks)
[RESILIENCE] Iteration 35: Global theta state checkpointed at path checkpoints/checkpoint_iter_0035.npy. 
Iter 0036 | Energy: -0.051955 | Delta: 2.27e-03 | M: 224.8501 | Path: Statevector MPI-distributed (1 ranks)
Iter 0037 | Energy: -0.053295 | Delta: 1.34e-03 | M: 249.2691 | Path: Statevector MPI-distributed (1 ranks)
Iter 0038 | Energy: -0.049133 | Delta: 4.16e-03 | M: 194.5325 | Path: Statevector MPI-distributed (1 ranks)
Iter 0039 | Energy: -0.045365 | Delta: 3.77e-03 | M: 231.2598 | Path: Statevector MPI-distributed (1 ranks)
Iter 0040 | Energy: -0.056155 | Delta: 1.08e-02 | M: 221.1639 | Path: Statevector MPI-distributed (1 ranks)
[RESILIENCE] Iteration 40: Global theta state checkpointed at path checkpoints/checkpoint_iter_0040.npy. 
Iter 0041 | Energy: -0.050738 | Delta: 5.42e-03 | M: 229.1093 | Path: Statevector MPI-distributed (1 ranks)
Iter 0042 | Energy: -0.054428 | Delta: 3.69e-03 | M: 220.0726 | Path: Statevector MPI-distributed (1 ranks)
Iter 0043 | Energy: -0.065044 | Delta: 1.06e-02 | M: 243.7174 | Path: Statevector MPI-distributed (1 ranks)
Iter 0044 | Energy: -0.057975 | Delta: 7.07e-03 | M: 222.7762 | Path: Statevector MPI-distributed (1 ranks)
Iter 0045 | Energy: -0.062649 | Delta: 4.67e-03 | M: 231.6228 | Path: Statevector MPI-distributed (1 ranks)
[RESILIENCE] Iteration 45: Global theta state checkpointed at path checkpoints/checkpoint_iter_0045.npy. 
Iter 0046 | Energy: -0.058685 | Delta: 3.96e-03 | M: 227.4360 | Path: Statevector MPI-distributed (1 ranks)
Iter 0047 | Energy: -0.070908 | Delta: 1.22e-02 | M: 240.2181 | Path: Statevector MPI-distributed (1 ranks)
Iter 0048 | Energy: -0.077062 | Delta: 6.15e-03 | M: 228.2421 | Path: Statevector MPI-distributed (1 ranks)
Iter 0049 | Energy: -0.076921 | Delta: 1.41e-04 | M: 232.4124 | Path: Statevector MPI-distributed (1 ranks)
Iter 0050 | Energy: -0.083488 | Delta: 6.57e-03 | M: 230.5863 | Path: Statevector MPI-distributed (1 ranks)
[RESILIENCE] Iteration 50: Global theta state checkpointed at path checkpoints/checkpoint_iter_0050.npy. 
Iter 0051 | Energy: -0.087736 | Delta: 4.25e-03 | M: 223.8686 | Path: Statevector MPI-distributed (1 ranks)
Iter 0052 | Energy: -0.090332 | Delta: 2.60e-03 | M: 226.1651 | Path: Statevector MPI-distributed (1 ranks)
Iter 0053 | Energy: -0.091253 | Delta: 9.20e-04 | M: 229.1653 | Path: Statevector MPI-distributed (1 ranks)
Iter 0054 | Energy: -0.093379 | Delta: 2.13e-03 | M: 224.3007 | Path: Statevector MPI-distributed (1 ranks)
Iter 0055 | Energy: -0.101769 | Delta: 8.39e-03 | M: 216.7025 | Path: Statevector MPI-distributed (1 ranks)
[RESILIENCE] Iteration 55: Global theta state checkpointed at path checkpoints/checkpoint_iter_0055.npy. 
Iter 0056 | Energy: -0.102917 | Delta: 1.15e-03 | M: 236.0326 | Path: Statevector MPI-distributed (1 ranks)
Iter 0057 | Energy: -0.105918 | Delta: 3.00e-03 | M: 231.6248 | Path: Statevector MPI-distributed (1 ranks)
Iter 0058 | Energy: -0.103302 | Delta: 2.62e-03 | M: 231.0952 | Path: Statevector MPI-distributed (1 ranks)
Iter 0059 | Energy: -0.108170 | Delta: 4.87e-03 | M: 261.7539 | Path: Statevector MPI-distributed (1 ranks)
Iter 0060 | Energy: -0.111244 | Delta: 3.07e-03 | M: 225.6711 | Path: Statevector MPI-distributed (1 ranks)
[RESILIENCE] Iteration 60: Global theta state checkpointed at path checkpoints/checkpoint_iter_0060.npy. 
Iter 0061 | Energy: -0.120059 | Delta: 8.82e-03 | M: 225.3180 | Path: Statevector MPI-distributed (1 ranks)
Iter 0062 | Energy: -0.122577 | Delta: 2.52e-03 | M: 220.2232 | Path: Statevector MPI-distributed (1 ranks)
Iter 0063 | Energy: -0.127021 | Delta: 4.44e-03 | M: 155.2885 | Path: Statevector MPI-distributed (1 ranks)
Iter 0064 | Energy: -0.128700 | Delta: 1.68e-03 | M: 233.4399 | Path: Statevector MPI-distributed (1 ranks)
Iter 0065 | Energy: -0.127872 | Delta: 8.28e-04 | M: 222.0606 | Path: Statevector MPI-distributed (1 ranks)
[RESILIENCE] Iteration 65: Global theta state checkpointed at path checkpoints/checkpoint_iter_0065.npy. 
Iter 0066 | Energy: -0.137881 | Delta: 1.00e-02 | M: 222.9967 | Path: Statevector MPI-distributed (1 ranks)
Iter 0067 | Energy: -0.139594 | Delta: 1.71e-03 | M: 165.8877 | Path: Statevector MPI-distributed (1 ranks)
Iter 0068 | Energy: -0.138753 | Delta: 8.41e-04 | M: 210.1753 | Path: Statevector MPI-distributed (1 ranks)
Iter 0069 | Energy: -0.148575 | Delta: 9.82e-03 | M: 221.5629 | Path: Statevector MPI-distributed (1 ranks)
Iter 0070 | Energy: -0.149660 | Delta: 1.09e-03 | M: 224.9848 | Path: Statevector MPI-distributed (1 ranks)
[RESILIENCE] Iteration 70: Global theta state checkpointed at path checkpoints/checkpoint_iter_0070.npy. 
Iter 0071 | Energy: -0.146915 | Delta: 2.75e-03 | M: 215.8165 | Path: Statevector MPI-distributed (1 ranks)
Iter 0072 | Energy: -0.142825 | Delta: 4.09e-03 | M: 212.9004 | Path: Statevector MPI-distributed (1 ranks)
Iter 0073 | Energy: -0.150853 | Delta: 8.03e-03 | M: 218.0404 | Path: Statevector MPI-distributed (1 ranks)
Iter 0074 | Energy: -0.164088 | Delta: 1.32e-02 | M: 205.7115 | Path: Statevector MPI-distributed (1 ranks)
Iter 0075 | Energy: -0.163337 | Delta: 7.51e-04 | M: 217.5999 | Path: Statevector MPI-distributed (1 ranks)
[RESILIENCE] Iteration 75: Global theta state checkpointed at path checkpoints/checkpoint_iter_0075.npy. 
Iter 0076 | Energy: -0.160710 | Delta: 2.63e-03 | M: 217.3374 | Path: Statevector MPI-distributed (1 ranks)
Iter 0077 | Energy: -0.166845 | Delta: 6.14e-03 | M: 196.2625 | Path: Statevector MPI-distributed (1 ranks)
Iter 0078 | Energy: -0.170002 | Delta: 3.16e-03 | M: 262.7565 | Path: Statevector MPI-distributed (1 ranks)
Iter 0079 | Energy: -0.173291 | Delta: 3.29e-03 | M: 240.5805 | Path: Statevector MPI-distributed (1 ranks)
Iter 0080 | Energy: -0.174028 | Delta: 7.37e-04 | M: 236.0617 | Path: Statevector MPI-distributed (1 ranks)
[RESILIENCE] Iteration 80: Global theta state checkpointed at path checkpoints/checkpoint_iter_0080.npy. 
Iter 0081 | Energy: -0.178294 | Delta: 4.27e-03 | M: 248.6014 | Path: Statevector MPI-distributed (1 ranks)
Iter 0082 | Energy: -0.177651 | Delta: 6.43e-04 | M: 229.6052 | Path: Statevector MPI-distributed (1 ranks)
Iter 0083 | Energy: -0.181550 | Delta: 3.90e-03 | M: 214.9098 | Path: Statevector MPI-distributed (1 ranks)
Iter 0084 | Energy: -0.197919 | Delta: 1.64e-02 | M: 224.8814 | Path: Statevector MPI-distributed (1 ranks)
Iter 0085 | Energy: -0.196738 | Delta: 1.18e-03 | M: 218.5101 | Path: Statevector MPI-distributed (1 ranks)
[RESILIENCE] Iteration 85: Global theta state checkpointed at path checkpoints/checkpoint_iter_0085.npy. 
Iter 0086 | Energy: -0.193226 | Delta: 3.51e-03 | M: 140.2624 | Path: Statevector MPI-distributed (1 ranks)
Iter 0087 | Energy: -0.202809 | Delta: 9.58e-03 | M: 148.4179 | Path: Statevector MPI-distributed (1 ranks)
Iter 0088 | Energy: -0.204639 | Delta: 1.83e-03 | M: 219.6783 | Path: Statevector MPI-distributed (1 ranks)
Iter 0089 | Energy: -0.217766 | Delta: 1.31e-02 | M: 146.6671 | Path: Statevector MPI-distributed (1 ranks)
Iter 0090 | Energy: -0.233689 | Delta: 1.59e-02 | M: 232.6955 | Path: Statevector MPI-distributed (1 ranks)
[RESILIENCE] Iteration 90: Global theta state checkpointed at path checkpoints/checkpoint_iter_0090.npy. 
Iter 0091 | Energy: -0.231412 | Delta: 2.28e-03 | M: 135.2613 | Path: Statevector MPI-distributed (1 ranks)
Iter 0092 | Energy: -0.235549 | Delta: 4.14e-03 | M: 215.0008 | Path: Statevector MPI-distributed (1 ranks)
Iter 0093 | Energy: -0.247350 | Delta: 1.18e-02 | M: 207.1377 | Path: Statevector MPI-distributed (1 ranks)
Iter 0094 | Energy: -0.252750 | Delta: 5.40e-03 | M: 222.4495 | Path: Statevector MPI-distributed (1 ranks)
Iter 0095 | Energy: -0.258340 | Delta: 5.59e-03 | M: 234.3989 | Path: Statevector MPI-distributed (1 ranks)
[RESILIENCE] Iteration 95: Global theta state checkpointed at path checkpoints/checkpoint_iter_0095.npy. 
Iter 0096 | Energy: -0.261370 | Delta: 3.03e-03 | M: 236.7058 | Path: Statevector MPI-distributed (1 ranks)
Iter 0097 | Energy: -0.273176 | Delta: 1.18e-02 | M: 207.9110 | Path: Statevector MPI-distributed (1 ranks)
Iter 0098 | Energy: -0.297052 | Delta: 2.39e-02 | M: 232.3820 | Path: Statevector MPI-distributed (1 ranks)
Iter 0099 | Energy: -0.324556 | Delta: 2.75e-02 | M: 242.3455 | Path: Statevector MPI-distributed (1 ranks)
Iter 0100 | Energy: -0.325950 | Delta: 1.39e-03 | M: 159.0251 | Path: Statevector MPI-distributed (1 ranks)
[RESILIENCE] Iteration 100: Global theta state checkpointed at path checkpoints/checkpoint_iter_0100.npy. 
Iter 0101 | Energy: -0.330618 | Delta: 4.67e-03 | M: 235.5959 | Path: Statevector MPI-distributed (1 ranks)
Iter 0102 | Energy: -0.342640 | Delta: 1.20e-02 | M: 226.7089 | Path: Statevector MPI-distributed (1 ranks)
Iter 0103 | Energy: -0.372838 | Delta: 3.02e-02 | M: 242.9164 | Path: Statevector MPI-distributed (1 ranks)
Iter 0104 | Energy: -0.374853 | Delta: 2.02e-03 | M: 250.0982 | Path: Statevector MPI-distributed (1 ranks)
Iter 0105 | Energy: -0.369425 | Delta: 5.43e-03 | M: 233.7664 | Path: Statevector MPI-distributed (1 ranks)
[RESILIENCE] Iteration 105: Global theta state checkpointed at path checkpoints/checkpoint_iter_0105.npy. 
Iter 0106 | Energy: -0.379043 | Delta: 9.62e-03 | M: 240.7321 | Path: Statevector MPI-distributed (1 ranks)
Iter 0107 | Energy: -0.393046 | Delta: 1.40e-02 | M: 257.2254 | Path: Statevector MPI-distributed (1 ranks)
Iter 0108 | Energy: -0.410985 | Delta: 1.79e-02 | M: 250.7217 | Path: Statevector MPI-distributed (1 ranks)
Iter 0109 | Energy: -0.422950 | Delta: 1.20e-02 | M: 255.4273 | Path: Statevector MPI-distributed (1 ranks)
Iter 0110 | Energy: -0.439970 | Delta: 1.70e-02 | M: 239.6927 | Path: Statevector MPI-distributed (1 ranks)
[RESILIENCE] Iteration 110: Global theta state checkpointed at path checkpoints/checkpoint_iter_0110.npy. 
Iter 0111 | Energy: -0.444449 | Delta: 4.48e-03 | M: 253.5292 | Path: Statevector MPI-distributed (1 ranks)
Iter 0112 | Energy: -0.444312 | Delta: 1.37e-04 | M: 253.3093 | Path: Statevector MPI-distributed (1 ranks)
Iter 0113 | Energy: -0.446663 | Delta: 2.35e-03 | M: 242.1591 | Path: Statevector MPI-distributed (1 ranks)
Iter 0114 | Energy: -0.473145 | Delta: 2.65e-02 | M: 224.0295 | Path: Statevector MPI-distributed (1 ranks)
Iter 0115 | Energy: -0.479518 | Delta: 6.37e-03 | M: 229.2394 | Path: Statevector MPI-distributed (1 ranks)
[RESILIENCE] Iteration 115: Global theta state checkpointed at path checkpoints/checkpoint_iter_0115.npy. 
Iter 0116 | Energy: -0.480339 | Delta: 8.21e-04 | M: 219.2774 | Path: Statevector MPI-distributed (1 ranks)
Iter 0117 | Energy: -0.477856 | Delta: 2.48e-03 | M: 204.6086 | Path: Statevector MPI-distributed (1 ranks)
Iter 0118 | Energy: -0.497253 | Delta: 1.94e-02 | M: 151.3908 | Path: Statevector MPI-distributed (1 ranks)
Iter 0119 | Energy: -0.491093 | Delta: 6.16e-03 | M: 239.2418 | Path: Statevector MPI-distributed (1 ranks)
Iter 0120 | Energy: -0.492951 | Delta: 1.86e-03 | M: 234.8884 | Path: Statevector MPI-distributed (1 ranks)
[RESILIENCE] Iteration 120: Global theta state checkpointed at path checkpoints/checkpoint_iter_0120.npy. 
Iter 0121 | Energy: -0.504535 | Delta: 1.16e-02 | M: 163.6667 | Path: Statevector MPI-distributed (1 ranks)
Iter 0122 | Energy: -0.509069 | Delta: 4.53e-03 | M: 215.5940 | Path: Statevector MPI-distributed (1 ranks)
Iter 0123 | Energy: -0.509263 | Delta: 1.94e-04 | M: 212.6902 | Path: Statevector MPI-distributed (1 ranks)
Iter 0124 | Energy: -0.531370 | Delta: 2.21e-02 | M: 238.1802 | Path: Statevector MPI-distributed (1 ranks)
Iter 0125 | Energy: -0.542044 | Delta: 1.07e-02 | M: 296.8377 | Path: Statevector MPI-distributed (1 ranks)
[RESILIENCE] Iteration 125: Global theta state checkpointed at path checkpoints/checkpoint_iter_0125.npy. 
Iter 0126 | Energy: -0.543114 | Delta: 1.07e-03 | M: 247.7739 | Path: Statevector MPI-distributed (1 ranks)
Iter 0127 | Energy: -0.563591 | Delta: 2.05e-02 | M: 235.4220 | Path: Statevector MPI-distributed (1 ranks)
Iter 0128 | Energy: -0.559192 | Delta: 4.40e-03 | M: 134.7464 | Path: Statevector MPI-distributed (1 ranks)
Iter 0129 | Energy: -0.562279 | Delta: 3.09e-03 | M: 254.1859 | Path: Statevector MPI-distributed (1 ranks)
Iter 0130 | Energy: -0.562279 | Delta: 1.54e-07 | M: 228.3573 | Path: Statevector MPI-distributed (1 ranks)
[RESILIENCE] Iteration 130: Global theta state checkpointed at path checkpoints/checkpoint_iter_0130.npy. 
Iter 0131 | Energy: -0.565886 | Delta: 3.61e-03 | M: 230.6170 | Path: Statevector MPI-distributed (1 ranks)
Iter 0132 | Energy: -0.565125 | Delta: 7.60e-04 | M: 237.0720 | Path: Statevector MPI-distributed (1 ranks)
Iter 0133 | Energy: -0.568656 | Delta: 3.53e-03 | M: 241.3018 | Path: Statevector MPI-distributed (1 ranks)
Iter 0134 | Energy: -0.561891 | Delta: 6.77e-03 | M: 227.4043 | Path: Statevector MPI-distributed (1 ranks)
Iter 0135 | Energy: -0.581763 | Delta: 1.99e-02 | M: 229.1047 | Path: Statevector MPI-distributed (1 ranks)
[RESILIENCE] Iteration 135: Global theta state checkpointed at path checkpoints/checkpoint_iter_0135.npy. 
Iter 0136 | Energy: -0.578734 | Delta: 3.03e-03 | M: 281.8982 | Path: Statevector MPI-distributed (1 ranks)
Iter 0137 | Energy: -0.591541 | Delta: 1.28e-02 | M: 341.4300 | Path: Statevector MPI-distributed (1 ranks)
Iter 0138 | Energy: -0.587407 | Delta: 4.13e-03 | M: 212.9365 | Path: Statevector MPI-distributed (1 ranks)
Iter 0139 | Energy: -0.608620 | Delta: 2.12e-02 | M: 208.8297 | Path: Statevector MPI-distributed (1 ranks)
Iter 0140 | Energy: -0.608751 | Delta: 1.32e-04 | M: 171.7246 | Path: Statevector MPI-distributed (1 ranks)
[RESILIENCE] Iteration 140: Global theta state checkpointed at path checkpoints/checkpoint_iter_0140.npy. 
Iter 0141 | Energy: -0.601695 | Delta: 7.06e-03 | M: 235.4201 | Path: Statevector MPI-distributed (1 ranks)
Iter 0142 | Energy: -0.614673 | Delta: 1.30e-02 | M: 220.3804 | Path: Statevector MPI-distributed (1 ranks)
Iter 0143 | Energy: -0.636623 | Delta: 2.19e-02 | M: 215.2862 | Path: Statevector MPI-distributed (1 ranks)
Iter 0144 | Energy: -0.659891 | Delta: 2.33e-02 | M: 229.3798 | Path: Statevector MPI-distributed (1 ranks)
Iter 0145 | Energy: -0.666481 | Delta: 6.59e-03 | M: 227.7260 | Path: Statevector MPI-distributed (1 ranks)
[RESILIENCE] Iteration 145: Global theta state checkpointed at path checkpoints/checkpoint_iter_0145.npy. 
Iter 0146 | Energy: -0.705397 | Delta: 3.89e-02 | M: 157.9527 | Path: Statevector MPI-distributed (1 ranks)
Iter 0147 | Energy: -0.705576 | Delta: 1.80e-04 | M: 253.1128 | Path: Statevector MPI-distributed (1 ranks)
Iter 0148 | Energy: -0.710299 | Delta: 4.72e-03 | M: 217.3991 | Path: Statevector MPI-distributed (1 ranks)
Iter 0149 | Energy: -0.755199 | Delta: 4.49e-02 | M: 227.0274 | Path: Statevector MPI-distributed (1 ranks)
Iter 0150 | Energy: -0.752143 | Delta: 3.06e-03 | M: 199.5822 | Path: Statevector MPI-distributed (1 ranks)
[RESILIENCE] Iteration 150: Global theta state checkpointed at path checkpoints/checkpoint_iter_0150.npy. 
Iter 0151 | Energy: -0.775772 | Delta: 2.36e-02 | M: 1017.4268 | Path: Statevector MPI-distributed (1 ranks)
Iter 0152 | Energy: -0.791377 | Delta: 1.56e-02 | M: 222.2722 | Path: Statevector MPI-distributed (1 ranks)
Iter 0153 | Energy: -0.805523 | Delta: 1.41e-02 | M: 307.2029 | Path: Statevector MPI-distributed (1 ranks)
Iter 0154 | Energy: -0.808232 | Delta: 2.71e-03 | M: 301.1019 | Path: Statevector MPI-distributed (1 ranks)
Iter 0155 | Energy: -0.805846 | Delta: 2.39e-03 | M: 228.7662 | Path: Statevector MPI-distributed (1 ranks)
[RESILIENCE] Iteration 155: Global theta state checkpointed at path checkpoints/checkpoint_iter_0155.npy. 
Iter 0156 | Energy: -0.817670 | Delta: 1.18e-02 | M: 222.9841 | Path: Statevector MPI-distributed (1 ranks)
Iter 0157 | Energy: -0.831939 | Delta: 1.43e-02 | M: 228.0922 | Path: Statevector MPI-distributed (1 ranks)
Iter 0158 | Energy: -0.866652 | Delta: 3.47e-02 | M: 242.0330 | Path: Statevector MPI-distributed (1 ranks)
Iter 0159 | Energy: -0.869221 | Delta: 2.57e-03 | M: 239.6389 | Path: Statevector MPI-distributed (1 ranks)
Iter 0160 | Energy: -0.867221 | Delta: 2.00e-03 | M: 223.4959 | Path: Statevector MPI-distributed (1 ranks)
[RESILIENCE] Iteration 160: Global theta state checkpointed at path checkpoints/checkpoint_iter_0160.npy. 
Iter 0161 | Energy: -0.872851 | Delta: 5.63e-03 | M: 213.0972 | Path: Statevector MPI-distributed (1 ranks)
Iter 0162 | Energy: -0.884201 | Delta: 1.13e-02 | M: 236.4041 | Path: Statevector MPI-distributed (1 ranks)
Iter 0163 | Energy: -0.887431 | Delta: 3.23e-03 | M: 237.3948 | Path: Statevector MPI-distributed (1 ranks)
Iter 0164 | Energy: -0.890332 | Delta: 2.90e-03 | M: 225.6687 | Path: Statevector MPI-distributed (1 ranks)
Iter 0165 | Energy: -0.894620 | Delta: 4.29e-03 | M: 236.6508 | Path: Statevector MPI-distributed (1 ranks)
[RESILIENCE] Iteration 165: Global theta state checkpointed at path checkpoints/checkpoint_iter_0165.npy. 
Iter 0166 | Energy: -0.912449 | Delta: 1.78e-02 | M: 246.6949 | Path: Statevector MPI-distributed (1 ranks)
Iter 0167 | Energy: -0.906881 | Delta: 5.57e-03 | M: 221.8570 | Path: Statevector MPI-distributed (1 ranks)
Iter 0168 | Energy: -0.923943 | Delta: 1.71e-02 | M: 238.4013 | Path: Statevector MPI-distributed (1 ranks)
Iter 0169 | Energy: -0.921979 | Delta: 1.96e-03 | M: 251.0765 | Path: Statevector MPI-distributed (1 ranks)
Iter 0170 | Energy: -0.974890 | Delta: 5.29e-02 | M: 234.7341 | Path: Statevector MPI-distributed (1 ranks)
[RESILIENCE] Iteration 170: Global theta state checkpointed at path checkpoints/checkpoint_iter_0170.npy. 
Iter 0171 | Energy: -0.968514 | Delta: 6.38e-03 | M: 228.6669 | Path: Statevector MPI-distributed (1 ranks)
Iter 0172 | Energy: -0.997752 | Delta: 2.92e-02 | M: 884.3415 | Path: Statevector MPI-distributed (1 ranks)
Iter 0173 | Energy: -1.012518 | Delta: 1.48e-02 | M: 326.8465 | Path: Statevector MPI-distributed (1 ranks)
Iter 0174 | Energy: -1.030708 | Delta: 1.82e-02 | M: 179.1551 | Path: Statevector MPI-distributed (1 ranks)
Iter 0175 | Energy: -1.029883 | Delta: 8.26e-04 | M: 234.9179 | Path: Statevector MPI-distributed (1 ranks)
[RESILIENCE] Iteration 175: Global theta state checkpointed at path checkpoints/checkpoint_iter_0175.npy. 
Iter 0176 | Energy: -1.033059 | Delta: 3.18e-03 | M: 242.1071 | Path: Statevector MPI-distributed (1 ranks)
Iter 0177 | Energy: -1.062950 | Delta: 2.99e-02 | M: 252.8096 | Path: Statevector MPI-distributed (1 ranks)
Iter 0178 | Energy: -1.057409 | Delta: 5.54e-03 | M: 249.4627 | Path: Statevector MPI-distributed (1 ranks)
Iter 0179 | Energy: -1.072634 | Delta: 1.52e-02 | M: 160.5617 | Path: Statevector MPI-distributed (1 ranks)
Iter 0180 | Energy: -1.075703 | Delta: 3.07e-03 | M: 246.5935 | Path: Statevector MPI-distributed (1 ranks)
[RESILIENCE] Iteration 180: Global theta state checkpointed at path checkpoints/checkpoint_iter_0180.npy. 
Iter 0181 | Energy: -1.080241 | Delta: 4.54e-03 | M: 252.7153 | Path: Statevector MPI-distributed (1 ranks)
Iter 0182 | Energy: -1.096506 | Delta: 1.63e-02 | M: 249.0889 | Path: Statevector MPI-distributed (1 ranks)
Iter 0183 | Energy: -1.109930 | Delta: 1.34e-02 | M: 240.4878 | Path: Statevector MPI-distributed (1 ranks)
Iter 0184 | Energy: -1.103036 | Delta: 6.89e-03 | M: 233.3444 | Path: Statevector MPI-distributed (1 ranks)
Iter 0185 | Energy: -1.111966 | Delta: 8.93e-03 | M: 245.1179 | Path: Statevector MPI-distributed (1 ranks)
[RESILIENCE] Iteration 185: Global theta state checkpointed at path checkpoints/checkpoint_iter_0185.npy. 
Iter 0186 | Energy: -1.113876 | Delta: 1.91e-03 | M: 168.6538 | Path: Statevector MPI-distributed (1 ranks)
Iter 0187 | Energy: -1.117460 | Delta: 3.58e-03 | M: 244.4025 | Path: Statevector MPI-distributed (1 ranks)
Iter 0188 | Energy: -1.123525 | Delta: 6.07e-03 | M: 212.1728 | Path: Statevector MPI-distributed (1 ranks)
Iter 0189 | Energy: -1.135734 | Delta: 1.22e-02 | M: 168.4963 | Path: Statevector MPI-distributed (1 ranks)
Iter 0190 | Energy: -1.135979 | Delta: 2.45e-04 | M: 227.5187 | Path: Statevector MPI-distributed (1 ranks)
[RESILIENCE] Iteration 190: Global theta state checkpointed at path checkpoints/checkpoint_iter_0190.npy. 
Iter 0191 | Energy: -1.142722 | Delta: 6.74e-03 | M: 259.2551 | Path: Statevector MPI-distributed (1 ranks)
Iter 0192 | Energy: -1.140740 | Delta: 1.98e-03 | M: 206.8439 | Path: Statevector MPI-distributed (1 ranks)
Iter 0193 | Energy: -1.143535 | Delta: 2.79e-03 | M: 241.5245 | Path: Statevector MPI-distributed (1 ranks)
Iter 0194 | Energy: -1.146969 | Delta: 3.43e-03 | M: 222.2681 | Path: Statevector MPI-distributed (1 ranks)
Iter 0195 | Energy: -1.145332 | Delta: 1.64e-03 | M: 225.3280 | Path: Statevector MPI-distributed (1 ranks)
[RESILIENCE] Iteration 195: Global theta state checkpointed at path checkpoints/checkpoint_iter_0195.npy. 
Iter 0196 | Energy: -1.146877 | Delta: 1.54e-03 | M: 264.6308 | Path: Statevector MPI-distributed (1 ranks)
WARNING: Energy -1.1762 below FCI -1.1373 — HWE ansatz may have left the physical particle-number sector
Iter 0197 | Energy: -1.176188 | Delta: 2.93e-02 | M: 241.1405 | Path: Statevector MPI-distributed (1 ranks)
WARNING: Energy -1.1705 below FCI -1.1373 — HWE ansatz may have left the physical particle-number sector
Iter 0198 | Energy: -1.170479 | Delta: 5.71e-03 | M: 238.6349 | Path: Statevector MPI-distributed (1 ranks)
WARNING: Energy -1.1856 below FCI -1.1373 — HWE ansatz may have left the physical particle-number sector
Iter 0199 | Energy: -1.185580 | Delta: 1.51e-02 | M: 234.2207 | Path: Statevector MPI-distributed (1 ranks)
WARNING: Energy -1.1800 below FCI -1.1373 — HWE ansatz may have left the physical particle-number sector
Iter 0200 | Energy: -1.180014 | Delta: 5.57e-03 | M: 248.8426 | Path: Statevector MPI-distributed (1 ranks)
[RESILIENCE] Iteration 200: Global theta state checkpointed at path checkpoints/checkpoint_iter_0200.npy. 
WARNING: Energy -1.1897 below FCI -1.1373 — HWE ansatz may have left the physical particle-number sector
Iter 0201 | Energy: -1.189740 | Delta: 9.73e-03 | M: 241.8011 | Path: Statevector MPI-distributed (1 ranks)
WARNING: Energy -1.2021 below FCI -1.1373 — HWE ansatz may have left the physical particle-number sector
Iter 0202 | Energy: -1.202107 | Delta: 1.24e-02 | M: 243.8646 | Path: Statevector MPI-distributed (1 ranks)
WARNING: Energy -1.2164 below FCI -1.1373 — HWE ansatz may have left the physical particle-number sector
Iter 0203 | Energy: -1.216431 | Delta: 1.43e-02 | M: 220.5994 | Path: Statevector MPI-distributed (1 ranks)
WARNING: Energy -1.2071 below FCI -1.1373 — HWE ansatz may have left the physical particle-number sector
Iter 0204 | Energy: -1.207090 | Delta: 9.34e-03 | M: 240.9608 | Path: Statevector MPI-distributed (1 ranks)
WARNING: Energy -1.2303 below FCI -1.1373 — HWE ansatz may have left the physical particle-number sector
Iter 0205 | Energy: -1.230324 | Delta: 2.32e-02 | M: 230.3124 | Path: Statevector MPI-distributed (1 ranks)
[RESILIENCE] Iteration 205: Global theta state checkpointed at path checkpoints/checkpoint_iter_0205.npy. 
WARNING: Energy -1.2299 below FCI -1.1373 — HWE ansatz may have left the physical particle-number sector
Iter 0206 | Energy: -1.229912 | Delta: 4.12e-04 | M: 243.2515 | Path: Statevector MPI-distributed (1 ranks)
WARNING: Energy -1.2247 below FCI -1.1373 — HWE ansatz may have left the physical particle-number sector
Iter 0207 | Energy: -1.224730 | Delta: 5.18e-03 | M: 252.0795 | Path: Statevector MPI-distributed (1 ranks)
WARNING: Energy -1.2286 below FCI -1.1373 — HWE ansatz may have left the physical particle-number sector
Iter 0208 | Energy: -1.228594 | Delta: 3.86e-03 | M: 210.5675 | Path: Statevector MPI-distributed (1 ranks)
WARNING: Energy -1.2357 below FCI -1.1373 — HWE ansatz may have left the physical particle-number sector
Iter 0209 | Energy: -1.235737 | Delta: 7.14e-03 | M: 237.6383 | Path: Statevector MPI-distributed (1 ranks)
WARNING: Energy -1.2308 below FCI -1.1373 — HWE ansatz may have left the physical particle-number sector
Iter 0210 | Energy: -1.230766 | Delta: 4.97e-03 | M: 229.6860 | Path: Statevector MPI-distributed (1 ranks)
[RESILIENCE] Iteration 210: Global theta state checkpointed at path checkpoints/checkpoint_iter_0210.npy. 
WARNING: Energy -1.2411 below FCI -1.1373 — HWE ansatz may have left the physical particle-number sector
Iter 0211 | Energy: -1.241055 | Delta: 1.03e-02 | M: 222.1453 | Path: Statevector MPI-distributed (1 ranks)
WARNING: Energy -1.2526 below FCI -1.1373 — HWE ansatz may have left the physical particle-number sector
Iter 0212 | Energy: -1.252570 | Delta: 1.15e-02 | M: 229.7140 | Path: Statevector MPI-distributed (1 ranks)
WARNING: Energy -1.2487 below FCI -1.1373 — HWE ansatz may have left the physical particle-number sector
Iter 0213 | Energy: -1.248681 | Delta: 3.89e-03 | M: 265.1486 | Path: Statevector MPI-distributed (1 ranks)
WARNING: Energy -1.2483 below FCI -1.1373 — HWE ansatz may have left the physical particle-number sector
Iter 0214 | Energy: -1.248348 | Delta: 3.33e-04 | M: 242.6989 | Path: Statevector MPI-distributed (1 ranks)
WARNING: Energy -1.2582 below FCI -1.1373 — HWE ansatz may have left the physical particle-number sector
Iter 0215 | Energy: -1.258168 | Delta: 9.82e-03 | M: 246.9636 | Path: Statevector MPI-distributed (1 ranks)
[RESILIENCE] Iteration 215: Global theta state checkpointed at path checkpoints/checkpoint_iter_0215.npy. 
WARNING: Energy -1.2570 below FCI -1.1373 — HWE ansatz may have left the physical particle-number sector
Iter 0216 | Energy: -1.256955 | Delta: 1.21e-03 | M: 220.3530 | Path: Statevector MPI-distributed (1 ranks)
WARNING: Energy -1.2685 below FCI -1.1373 — HWE ansatz may have left the physical particle-number sector
Iter 0217 | Energy: -1.268527 | Delta: 1.16e-02 | M: 231.4481 | Path: Statevector MPI-distributed (1 ranks)
WARNING: Energy -1.2860 below FCI -1.1373 — HWE ansatz may have left the physical particle-number sector
Iter 0218 | Energy: -1.285989 | Delta: 1.75e-02 | M: 193.8026 | Path: Statevector MPI-distributed (1 ranks)
WARNING: Energy -1.2954 below FCI -1.1373 — HWE ansatz may have left the physical particle-number sector
Iter 0219 | Energy: -1.295428 | Delta: 9.44e-03 | M: 507.6696 | Path: Statevector MPI-distributed (1 ranks)
WARNING: Energy -1.3028 below FCI -1.1373 — HWE ansatz may have left the physical particle-number sector
Iter 0220 | Energy: -1.302846 | Delta: 7.42e-03 | M: 534.0457 | Path: Statevector MPI-distributed (1 ranks)
[RESILIENCE] Iteration 220: Global theta state checkpointed at path checkpoints/checkpoint_iter_0220.npy. 
WARNING: Energy -1.3049 below FCI -1.1373 — HWE ansatz may have left the physical particle-number sector
Iter 0221 | Energy: -1.304869 | Delta: 2.02e-03 | M: 851.7071 | Path: Statevector MPI-distributed (1 ranks)
WARNING: Energy -1.3131 below FCI -1.1373 — HWE ansatz may have left the physical particle-number sector
Iter 0222 | Energy: -1.313070 | Delta: 8.20e-03 | M: 148.5165 | Path: Statevector MPI-distributed (1 ranks)
WARNING: Energy -1.3123 below FCI -1.1373 — HWE ansatz may have left the physical particle-number sector
Iter 0223 | Energy: -1.312250 | Delta: 8.20e-04 | M: 620.4016 | Path: Statevector MPI-distributed (1 ranks)
WARNING: Energy -1.3264 below FCI -1.1373 — HWE ansatz may have left the physical particle-number sector
Iter 0224 | Energy: -1.326429 | Delta: 1.42e-02 | M: 183.4502 | Path: Statevector MPI-distributed (1 ranks)
WARNING: Energy -1.3275 below FCI -1.1373 — HWE ansatz may have left the physical particle-number sector
Iter 0225 | Energy: -1.327462 | Delta: 1.03e-03 | M: 251.3786 | Path: Statevector MPI-distributed (1 ranks)
[RESILIENCE] Iteration 225: Global theta state checkpointed at path checkpoints/checkpoint_iter_0225.npy. 
WARNING: Energy -1.3298 below FCI -1.1373 — HWE ansatz may have left the physical particle-number sector
Iter 0226 | Energy: -1.329845 | Delta: 2.38e-03 | M: 256.1082 | Path: Statevector MPI-distributed (1 ranks)
WARNING: Energy -1.3268 below FCI -1.1373 — HWE ansatz may have left the physical particle-number sector
Iter 0227 | Energy: -1.326756 | Delta: 3.09e-03 | M: 262.9245 | Path: Statevector MPI-distributed (1 ranks)
WARNING: Energy -1.3530 below FCI -1.1373 — HWE ansatz may have left the physical particle-number sector
Iter 0228 | Energy: -1.352971 | Delta: 2.62e-02 | M: 258.1050 | Path: Statevector MPI-distributed (1 ranks)
WARNING: Energy -1.3568 below FCI -1.1373 — HWE ansatz may have left the physical particle-number sector
Iter 0229 | Energy: -1.356751 | Delta: 3.78e-03 | M: 263.1510 | Path: Statevector MPI-distributed (1 ranks)
WARNING: Energy -1.3648 below FCI -1.1373 — HWE ansatz may have left the physical particle-number sector
Iter 0230 | Energy: -1.364763 | Delta: 8.01e-03 | M: 258.6330 | Path: Statevector MPI-distributed (1 ranks)
[RESILIENCE] Iteration 230: Global theta state checkpointed at path checkpoints/checkpoint_iter_0230.npy. 
WARNING: Energy -1.3654 below FCI -1.1373 — HWE ansatz may have left the physical particle-number sector
Iter 0231 | Energy: -1.365423 | Delta: 6.60e-04 | M: 240.7987 | Path: Statevector MPI-distributed (1 ranks)
WARNING: Energy -1.3655 below FCI -1.1373 — HWE ansatz may have left the physical particle-number sector
Iter 0232 | Energy: -1.365502 | Delta: 7.85e-05 | M: 259.6796 | Path: Statevector MPI-distributed (1 ranks)
WARNING: Energy -1.3842 below FCI -1.1373 — HWE ansatz may have left the physical particle-number sector
Iter 0233 | Energy: -1.384169 | Delta: 1.87e-02 | M: 193.8359 | Path: Statevector MPI-distributed (1 ranks)
WARNING: Energy -1.4163 below FCI -1.1373 — HWE ansatz may have left the physical particle-number sector
Iter 0234 | Energy: -1.416257 | Delta: 3.21e-02 | M: 168.7304 | Path: Statevector MPI-distributed (1 ranks)
WARNING: Energy -1.4092 below FCI -1.1373 — HWE ansatz may have left the physical particle-number sector
Iter 0235 | Energy: -1.409232 | Delta: 7.03e-03 | M: 274.7884 | Path: Statevector MPI-distributed (1 ranks)
[RESILIENCE] Iteration 235: Global theta state checkpointed at path checkpoints/checkpoint_iter_0235.npy. 
WARNING: Energy -1.4135 below FCI -1.1373 — HWE ansatz may have left the physical particle-number sector
Iter 0236 | Energy: -1.413549 | Delta: 4.32e-03 | M: 240.6383 | Path: Statevector MPI-distributed (1 ranks)
WARNING: Energy -1.4273 below FCI -1.1373 — HWE ansatz may have left the physical particle-number sector
Iter 0237 | Energy: -1.427336 | Delta: 1.38e-02 | M: 254.9925 | Path: Statevector MPI-distributed (1 ranks)
WARNING: Energy -1.4245 below FCI -1.1373 — HWE ansatz may have left the physical particle-number sector
Iter 0238 | Energy: -1.424471 | Delta: 2.87e-03 | M: 257.8432 | Path: Statevector MPI-distributed (1 ranks)
WARNING: Energy -1.4429 below FCI -1.1373 — HWE ansatz may have left the physical particle-number sector
Iter 0239 | Energy: -1.442888 | Delta: 1.84e-02 | M: 243.8754 | Path: Statevector MPI-distributed (1 ranks)
WARNING: Energy -1.4411 below FCI -1.1373 — HWE ansatz may have left the physical particle-number sector
Iter 0240 | Energy: -1.441122 | Delta: 1.77e-03 | M: 251.9104 | Path: Statevector MPI-distributed (1 ranks)
[RESILIENCE] Iteration 240: Global theta state checkpointed at path checkpoints/checkpoint_iter_0240.npy. 
WARNING: Energy -1.4348 below FCI -1.1373 — HWE ansatz may have left the physical particle-number sector
Iter 0241 | Energy: -1.434757 | Delta: 6.37e-03 | M: 173.0232 | Path: Statevector MPI-distributed (1 ranks)
WARNING: Energy -1.4504 below FCI -1.1373 — HWE ansatz may have left the physical particle-number sector
Iter 0242 | Energy: -1.450435 | Delta: 1.57e-02 | M: 242.6743 | Path: Statevector MPI-distributed (1 ranks)
WARNING: Energy -1.4746 below FCI -1.1373 — HWE ansatz may have left the physical particle-number sector
Iter 0243 | Energy: -1.474617 | Delta: 2.42e-02 | M: 210.4996 | Path: Statevector MPI-distributed (1 ranks)
WARNING: Energy -1.4817 below FCI -1.1373 — HWE ansatz may have left the physical particle-number sector
Iter 0244 | Energy: -1.481696 | Delta: 7.08e-03 | M: 322.7096 | Path: Statevector MPI-distributed (1 ranks)
WARNING: Energy -1.4900 below FCI -1.1373 — HWE ansatz may have left the physical particle-number sector
Iter 0245 | Energy: -1.489989 | Delta: 8.29e-03 | M: 246.4448 | Path: Statevector MPI-distributed (1 ranks)
[RESILIENCE] Iteration 245: Global theta state checkpointed at path checkpoints/checkpoint_iter_0245.npy. 
WARNING: Energy -1.4858 below FCI -1.1373 — HWE ansatz may have left the physical particle-number sector
Iter 0246 | Energy: -1.485754 | Delta: 4.23e-03 | M: 334.0806 | Path: Statevector MPI-distributed (1 ranks)
WARNING: Energy -1.4851 below FCI -1.1373 — HWE ansatz may have left the physical particle-number sector
Iter 0247 | Energy: -1.485125 | Delta: 6.29e-04 | M: 326.9207 | Path: Statevector MPI-distributed (1 ranks)
WARNING: Energy -1.4980 below FCI -1.1373 — HWE ansatz may have left the physical particle-number sector
Iter 0248 | Energy: -1.497976 | Delta: 1.29e-02 | M: 259.9059 | Path: Statevector MPI-distributed (1 ranks)
WARNING: Energy -1.4930 below FCI -1.1373 — HWE ansatz may have left the physical particle-number sector
Iter 0249 | Energy: -1.493024 | Delta: 4.95e-03 | M: 403.0181 | Path: Statevector MPI-distributed (1 ranks)
WARNING: Energy -1.4969 below FCI -1.1373 — HWE ansatz may have left the physical particle-number sector
Iter 0250 | Energy: -1.496862 | Delta: 3.84e-03 | M: 413.6023 | Path: Statevector MPI-distributed (1 ranks)
[RESILIENCE] Iteration 250: Global theta state checkpointed at path checkpoints/checkpoint_iter_0250.npy. 
WARNING: Energy -1.5083 below FCI -1.1373 — HWE ansatz may have left the physical particle-number sector
Iter 0251 | Energy: -1.508328 | Delta: 1.15e-02 | M: 167.9518 | Path: Statevector MPI-distributed (1 ranks)
WARNING: Energy -1.5105 below FCI -1.1373 — HWE ansatz may have left the physical particle-number sector
Iter 0252 | Energy: -1.510488 | Delta: 2.16e-03 | M: 140.7811 | Path: Statevector MPI-distributed (1 ranks)
WARNING: Energy -1.5157 below FCI -1.1373 — HWE ansatz may have left the physical particle-number sector
Iter 0253 | Energy: -1.515707 | Delta: 5.22e-03 | M: 170.4766 | Path: Statevector MPI-distributed (1 ranks)
WARNING: Energy -1.5220 below FCI -1.1373 — HWE ansatz may have left the physical particle-number sector
Iter 0254 | Energy: -1.521983 | Delta: 6.28e-03 | M: 361.7084 | Path: Statevector MPI-distributed (1 ranks)
WARNING: Energy -1.5371 below FCI -1.1373 — HWE ansatz may have left the physical particle-number sector
Iter 0255 | Energy: -1.537081 | Delta: 1.51e-02 | M: 243.8127 | Path: Statevector MPI-distributed (1 ranks)
[RESILIENCE] Iteration 255: Global theta state checkpointed at path checkpoints/checkpoint_iter_0255.npy. 
WARNING: Energy -1.5384 below FCI -1.1373 — HWE ansatz may have left the physical particle-number sector
Iter 0256 | Energy: -1.538350 | Delta: 1.27e-03 | M: 254.7220 | Path: Statevector MPI-distributed (1 ranks)
WARNING: Energy -1.5525 below FCI -1.1373 — HWE ansatz may have left the physical particle-number sector
Iter 0257 | Energy: -1.552473 | Delta: 1.41e-02 | M: 398.1523 | Path: Statevector MPI-distributed (1 ranks)
WARNING: Energy -1.5556 below FCI -1.1373 — HWE ansatz may have left the physical particle-number sector
Iter 0258 | Energy: -1.555550 | Delta: 3.08e-03 | M: 158.8772 | Path: Statevector MPI-distributed (1 ranks)
WARNING: Energy -1.5618 below FCI -1.1373 — HWE ansatz may have left the physical particle-number sector
Iter 0259 | Energy: -1.561789 | Delta: 6.24e-03 | M: 208.5402 | Path: Statevector MPI-distributed (1 ranks)
WARNING: Energy -1.5732 below FCI -1.1373 — HWE ansatz may have left the physical particle-number sector
Iter 0260 | Energy: -1.573218 | Delta: 1.14e-02 | M: 355.7534 | Path: Statevector MPI-distributed (1 ranks)
[RESILIENCE] Iteration 260: Global theta state checkpointed at path checkpoints/checkpoint_iter_0260.npy. 
WARNING: Energy -1.5694 below FCI -1.1373 — HWE ansatz may have left the physical particle-number sector
Iter 0261 | Energy: -1.569361 | Delta: 3.86e-03 | M: 255.3763 | Path: Statevector MPI-distributed (1 ranks)
WARNING: Energy -1.5773 below FCI -1.1373 — HWE ansatz may have left the physical particle-number sector
Iter 0262 | Energy: -1.577318 | Delta: 7.96e-03 | M: 263.9492 | Path: Statevector MPI-distributed (1 ranks)
WARNING: Energy -1.5649 below FCI -1.1373 — HWE ansatz may have left the physical particle-number sector
Iter 0263 | Energy: -1.564937 | Delta: 1.24e-02 | M: 222.8639 | Path: Statevector MPI-distributed (1 ranks)
WARNING: Energy -1.5807 below FCI -1.1373 — HWE ansatz may have left the physical particle-number sector
Iter 0264 | Energy: -1.580661 | Delta: 1.57e-02 | M: 288.5120 | Path: Statevector MPI-distributed (1 ranks)
WARNING: Energy -1.5755 below FCI -1.1373 — HWE ansatz may have left the physical particle-number sector
Iter 0265 | Energy: -1.575516 | Delta: 5.15e-03 | M: 287.9719 | Path: Statevector MPI-distributed (1 ranks)
[RESILIENCE] Iteration 265: Global theta state checkpointed at path checkpoints/checkpoint_iter_0265.npy. 
WARNING: Energy -1.5899 below FCI -1.1373 — HWE ansatz may have left the physical particle-number sector
Iter 0266 | Energy: -1.589938 | Delta: 1.44e-02 | M: 349.2483 | Path: Statevector MPI-distributed (1 ranks)
WARNING: Energy -1.6050 below FCI -1.1373 — HWE ansatz may have left the physical particle-number sector
Iter 0267 | Energy: -1.604975 | Delta: 1.50e-02 | M: 375.3677 | Path: Statevector MPI-distributed (1 ranks)
WARNING: Energy -1.6076 below FCI -1.1373 — HWE ansatz may have left the physical particle-number sector
Iter 0268 | Energy: -1.607576 | Delta: 2.60e-03 | M: 206.7936 | Path: Statevector MPI-distributed (1 ranks)
WARNING: Energy -1.6042 below FCI -1.1373 — HWE ansatz may have left the physical particle-number sector
Iter 0269 | Energy: -1.604159 | Delta: 3.42e-03 | M: 219.5258 | Path: Statevector MPI-distributed (1 ranks)
WARNING: Energy -1.6004 below FCI -1.1373 — HWE ansatz may have left the physical particle-number sector
Iter 0270 | Energy: -1.600429 | Delta: 3.73e-03 | M: 230.0758 | Path: Statevector MPI-distributed (1 ranks)
[RESILIENCE] Iteration 270: Global theta state checkpointed at path checkpoints/checkpoint_iter_0270.npy. 
WARNING: Energy -1.6159 below FCI -1.1373 — HWE ansatz may have left the physical particle-number sector
Iter 0271 | Energy: -1.615907 | Delta: 1.55e-02 | M: 320.4372 | Path: Statevector MPI-distributed (1 ranks)
WARNING: Energy -1.6095 below FCI -1.1373 — HWE ansatz may have left the physical particle-number sector
Iter 0272 | Energy: -1.609511 | Delta: 6.40e-03 | M: 280.8860 | Path: Statevector MPI-distributed (1 ranks)
WARNING: Energy -1.6276 below FCI -1.1373 — HWE ansatz may have left the physical particle-number sector
Iter 0273 | Energy: -1.627585 | Delta: 1.81e-02 | M: 314.4574 | Path: Statevector MPI-distributed (1 ranks)
WARNING: Energy -1.6248 below FCI -1.1373 — HWE ansatz may have left the physical particle-number sector
Iter 0274 | Energy: -1.624833 | Delta: 2.75e-03 | M: 272.2116 | Path: Statevector MPI-distributed (1 ranks)
WARNING: Energy -1.6321 below FCI -1.1373 — HWE ansatz may have left the physical particle-number sector
Iter 0275 | Energy: -1.632115 | Delta: 7.28e-03 | M: 325.7220 | Path: Statevector MPI-distributed (1 ranks)
[RESILIENCE] Iteration 275: Global theta state checkpointed at path checkpoints/checkpoint_iter_0275.npy. 
WARNING: Energy -1.6370 below FCI -1.1373 — HWE ansatz may have left the physical particle-number sector
Iter 0276 | Energy: -1.637024 | Delta: 4.91e-03 | M: 223.0913 | Path: Statevector MPI-distributed (1 ranks)
WARNING: Energy -1.6307 below FCI -1.1373 — HWE ansatz may have left the physical particle-number sector
Iter 0277 | Energy: -1.630672 | Delta: 6.35e-03 | M: 261.4895 | Path: Statevector MPI-distributed (1 ranks)
WARNING: Energy -1.6322 below FCI -1.1373 — HWE ansatz may have left the physical particle-number sector
Iter 0278 | Energy: -1.632237 | Delta: 1.56e-03 | M: 188.3415 | Path: Statevector MPI-distributed (1 ranks)
WARNING: Energy -1.6355 below FCI -1.1373 — HWE ansatz may have left the physical particle-number sector
Iter 0279 | Energy: -1.635545 | Delta: 3.31e-03 | M: 138.3195 | Path: Statevector MPI-distributed (1 ranks)
WARNING: Energy -1.6328 below FCI -1.1373 — HWE ansatz may have left the physical particle-number sector
Iter 0280 | Energy: -1.632801 | Delta: 2.74e-03 | M: 283.5507 | Path: Statevector MPI-distributed (1 ranks)
[RESILIENCE] Iteration 280: Global theta state checkpointed at path checkpoints/checkpoint_iter_0280.npy. 
WARNING: Energy -1.6318 below FCI -1.1373 — HWE ansatz may have left the physical particle-number sector
Iter 0281 | Energy: -1.631822 | Delta: 9.79e-04 | M: 293.9562 | Path: Statevector MPI-distributed (1 ranks)
WARNING: Energy -1.6442 below FCI -1.1373 — HWE ansatz may have left the physical particle-number sector
Iter 0282 | Energy: -1.644221 | Delta: 1.24e-02 | M: 343.0753 | Path: Statevector MPI-distributed (1 ranks)
WARNING: Energy -1.6407 below FCI -1.1373 — HWE ansatz may have left the physical particle-number sector
Iter 0283 | Energy: -1.640730 | Delta: 3.49e-03 | M: 237.2011 | Path: Statevector MPI-distributed (1 ranks)
WARNING: Energy -1.6457 below FCI -1.1373 — HWE ansatz may have left the physical particle-number sector
Iter 0284 | Energy: -1.645678 | Delta: 4.95e-03 | M: 266.4136 | Path: Statevector MPI-distributed (1 ranks)
WARNING: Energy -1.6461 below FCI -1.1373 — HWE ansatz may have left the physical particle-number sector
Iter 0285 | Energy: -1.646134 | Delta: 4.57e-04 | M: 292.9494 | Path: Statevector MPI-distributed (1 ranks)
[RESILIENCE] Iteration 285: Global theta state checkpointed at path checkpoints/checkpoint_iter_0285.npy. 
WARNING: Energy -1.6463 below FCI -1.1373 — HWE ansatz may have left the physical particle-number sector
Iter 0286 | Energy: -1.646252 | Delta: 1.18e-04 | M: 247.4479 | Path: Statevector MPI-distributed (1 ranks)
WARNING: Energy -1.6471 below FCI -1.1373 — HWE ansatz may have left the physical particle-number sector
Iter 0287 | Energy: -1.647147 | Delta: 8.95e-04 | M: 236.4657 | Path: Statevector MPI-distributed (1 ranks)
WARNING: Energy -1.6595 below FCI -1.1373 — HWE ansatz may have left the physical particle-number sector
Iter 0288 | Energy: -1.659541 | Delta: 1.24e-02 | M: 247.0280 | Path: Statevector MPI-distributed (1 ranks)
WARNING: Energy -1.6662 below FCI -1.1373 — HWE ansatz may have left the physical particle-number sector
Iter 0289 | Energy: -1.666162 | Delta: 6.62e-03 | M: 315.0060 | Path: Statevector MPI-distributed (1 ranks)
WARNING: Energy -1.6646 below FCI -1.1373 — HWE ansatz may have left the physical particle-number sector
Iter 0290 | Energy: -1.664564 | Delta: 1.60e-03 | M: 217.5304 | Path: Statevector MPI-distributed (1 ranks)
[RESILIENCE] Iteration 290: Global theta state checkpointed at path checkpoints/checkpoint_iter_0290.npy. 
WARNING: Energy -1.6742 below FCI -1.1373 — HWE ansatz may have left the physical particle-number sector
Iter 0291 | Energy: -1.674175 | Delta: 9.61e-03 | M: 327.2580 | Path: Statevector MPI-distributed (1 ranks)
WARNING: Energy -1.6723 below FCI -1.1373 — HWE ansatz may have left the physical particle-number sector
Iter 0292 | Energy: -1.672332 | Delta: 1.84e-03 | M: 242.9298 | Path: Statevector MPI-distributed (1 ranks)
WARNING: Energy -1.6692 below FCI -1.1373 — HWE ansatz may have left the physical particle-number sector
Iter 0293 | Energy: -1.669185 | Delta: 3.15e-03 | M: 207.4421 | Path: Statevector MPI-distributed (1 ranks)
WARNING: Energy -1.6689 below FCI -1.1373 — HWE ansatz may have left the physical particle-number sector
Iter 0294 | Energy: -1.668900 | Delta: 2.85e-04 | M: 215.8209 | Path: Statevector MPI-distributed (1 ranks)
WARNING: Energy -1.6640 below FCI -1.1373 — HWE ansatz may have left the physical particle-number sector
Iter 0295 | Energy: -1.664025 | Delta: 4.88e-03 | M: 333.0245 | Path: Statevector MPI-distributed (1 ranks)
[RESILIENCE] Iteration 295: Global theta state checkpointed at path checkpoints/checkpoint_iter_0295.npy. 
WARNING: Energy -1.6758 below FCI -1.1373 — HWE ansatz may have left the physical particle-number sector
Iter 0296 | Energy: -1.675775 | Delta: 1.18e-02 | M: 171.2871 | Path: Statevector MPI-distributed (1 ranks)
WARNING: Energy -1.6764 below FCI -1.1373 — HWE ansatz may have left the physical particle-number sector
Iter 0297 | Energy: -1.676350 | Delta: 5.75e-04 | M: 289.3735 | Path: Statevector MPI-distributed (1 ranks)
WARNING: Energy -1.6774 below FCI -1.1373 — HWE ansatz may have left the physical particle-number sector
Iter 0298 | Energy: -1.677364 | Delta: 1.01e-03 | M: 322.7457 | Path: Statevector MPI-distributed (1 ranks)
WARNING: Energy -1.6754 below FCI -1.1373 — HWE ansatz may have left the physical particle-number sector
Iter 0299 | Energy: -1.675403 | Delta: 1.96e-03 | M: 365.6237 | Path: Statevector MPI-distributed (1 ranks)
WARNING: Energy -1.6794 below FCI -1.1373 — HWE ansatz may have left the physical particle-number sector
Iter 0300 | Energy: -1.679405 | Delta: 4.00e-03 | M: 167.0339 | Path: Statevector MPI-distributed (1 ranks)
[RESILIENCE] Iteration 300: Global theta state checkpointed at path checkpoints/checkpoint_iter_0300.npy. 
WARNING: Energy -1.6833 below FCI -1.1373 — HWE ansatz may have left the physical particle-number sector
Iter 0301 | Energy: -1.683291 | Delta: 3.89e-03 | M: 213.9279 | Path: Statevector MPI-distributed (1 ranks)
WARNING: Energy -1.6820 below FCI -1.1373 — HWE ansatz may have left the physical particle-number sector
Iter 0302 | Energy: -1.682020 | Delta: 1.27e-03 | M: 248.4435 | Path: Statevector MPI-distributed (1 ranks)
WARNING: Energy -1.6878 below FCI -1.1373 — HWE ansatz may have left the physical particle-number sector
Iter 0303 | Energy: -1.687775 | Delta: 5.75e-03 | M: 281.1384 | Path: Statevector MPI-distributed (1 ranks)
WARNING: Energy -1.6878 below FCI -1.1373 — HWE ansatz may have left the physical particle-number sector
Iter 0304 | Energy: -1.687831 | Delta: 5.60e-05 | M: 261.2137 | Path: Statevector MPI-distributed (1 ranks)
WARNING: Energy -1.6848 below FCI -1.1373 — HWE ansatz may have left the physical particle-number sector
Iter 0305 | Energy: -1.684800 | Delta: 3.03e-03 | M: 232.1995 | Path: Statevector MPI-distributed (1 ranks)
[RESILIENCE] Iteration 305: Global theta state checkpointed at path checkpoints/checkpoint_iter_0305.npy. 
WARNING: Energy -1.6887 below FCI -1.1373 — HWE ansatz may have left the physical particle-number sector
Iter 0306 | Energy: -1.688722 | Delta: 3.92e-03 | M: 242.5533 | Path: Statevector MPI-distributed (1 ranks)
WARNING: Energy -1.6803 below FCI -1.1373 — HWE ansatz may have left the physical particle-number sector
Iter 0307 | Energy: -1.680323 | Delta: 8.40e-03 | M: 262.5451 | Path: Statevector MPI-distributed (1 ranks)
WARNING: Energy -1.6883 below FCI -1.1373 — HWE ansatz may have left the physical particle-number sector
Iter 0308 | Energy: -1.688333 | Delta: 8.01e-03 | M: 87.1934 | Path: Statevector MPI-distributed (1 ranks)
WARNING: Energy -1.6867 below FCI -1.1373 — HWE ansatz may have left the physical particle-number sector
Iter 0309 | Energy: -1.686725 | Delta: 1.61e-03 | M: 320.4140 | Path: Statevector MPI-distributed (1 ranks)
WARNING: Energy -1.6935 below FCI -1.1373 — HWE ansatz may have left the physical particle-number sector
Iter 0310 | Energy: -1.693522 | Delta: 6.80e-03 | M: 308.4886 | Path: Statevector MPI-distributed (1 ranks)
[RESILIENCE] Iteration 310: Global theta state checkpointed at path checkpoints/checkpoint_iter_0310.npy. 
WARNING: Energy -1.6869 below FCI -1.1373 — HWE ansatz may have left the physical particle-number sector
Iter 0311 | Energy: -1.686866 | Delta: 6.66e-03 | M: 237.6723 | Path: Statevector MPI-distributed (1 ranks)
WARNING: Energy -1.6927 below FCI -1.1373 — HWE ansatz may have left the physical particle-number sector
Iter 0312 | Energy: -1.692680 | Delta: 5.81e-03 | M: 159.7097 | Path: Statevector MPI-distributed (1 ranks)
WARNING: Energy -1.6858 below FCI -1.1373 — HWE ansatz may have left the physical particle-number sector
Iter 0313 | Energy: -1.685819 | Delta: 6.86e-03 | M: 299.7892 | Path: Statevector MPI-distributed (1 ranks)
WARNING: Energy -1.6987 below FCI -1.1373 — HWE ansatz may have left the physical particle-number sector
Iter 0314 | Energy: -1.698668 | Delta: 1.28e-02 | M: 287.0604 | Path: Statevector MPI-distributed (1 ranks)
WARNING: Energy -1.6946 below FCI -1.1373 — HWE ansatz may have left the physical particle-number sector
Iter 0315 | Energy: -1.694640 | Delta: 4.03e-03 | M: 232.6397 | Path: Statevector MPI-distributed (1 ranks)
[RESILIENCE] Iteration 315: Global theta state checkpointed at path checkpoints/checkpoint_iter_0315.npy. 
WARNING: Energy -1.7014 below FCI -1.1373 — HWE ansatz may have left the physical particle-number sector
Iter 0316 | Energy: -1.701351 | Delta: 6.71e-03 | M: 236.8694 | Path: Statevector MPI-distributed (1 ranks)
WARNING: Energy -1.7035 below FCI -1.1373 — HWE ansatz may have left the physical particle-number sector
Iter 0317 | Energy: -1.703543 | Delta: 2.19e-03 | M: 228.4291 | Path: Statevector MPI-distributed (1 ranks)
WARNING: Energy -1.7004 below FCI -1.1373 — HWE ansatz may have left the physical particle-number sector
Iter 0318 | Energy: -1.700450 | Delta: 3.09e-03 | M: 304.0425 | Path: Statevector MPI-distributed (1 ranks)
WARNING: Energy -1.7074 below FCI -1.1373 — HWE ansatz may have left the physical particle-number sector
Iter 0319 | Energy: -1.707369 | Delta: 6.92e-03 | M: 216.7432 | Path: Statevector MPI-distributed (1 ranks)
WARNING: Energy -1.7066 below FCI -1.1373 — HWE ansatz may have left the physical particle-number sector
Iter 0320 | Energy: -1.706645 | Delta: 7.24e-04 | M: 283.8021 | Path: Statevector MPI-distributed (1 ranks)
[RESILIENCE] Iteration 320: Global theta state checkpointed at path checkpoints/checkpoint_iter_0320.npy. 
WARNING: Energy -1.7096 below FCI -1.1373 — HWE ansatz may have left the physical particle-number sector
Iter 0321 | Energy: -1.709615 | Delta: 2.97e-03 | M: 318.1323 | Path: Statevector MPI-distributed (1 ranks)
WARNING: Energy -1.7066 below FCI -1.1373 — HWE ansatz may have left the physical particle-number sector
Iter 0322 | Energy: -1.706637 | Delta: 2.98e-03 | M: 175.9318 | Path: Statevector MPI-distributed (1 ranks)
WARNING: Energy -1.7181 below FCI -1.1373 — HWE ansatz may have left the physical particle-number sector
Iter 0323 | Energy: -1.718135 | Delta: 1.15e-02 | M: 324.9081 | Path: Statevector MPI-distributed (1 ranks)
WARNING: Energy -1.7121 below FCI -1.1373 — HWE ansatz may have left the physical particle-number sector
Iter 0324 | Energy: -1.712115 | Delta: 6.02e-03 | M: 191.9843 | Path: Statevector MPI-distributed (1 ranks)
WARNING: Energy -1.7138 below FCI -1.1373 — HWE ansatz may have left the physical particle-number sector
Iter 0325 | Energy: -1.713837 | Delta: 1.72e-03 | M: 293.5364 | Path: Statevector MPI-distributed (1 ranks)
[RESILIENCE] Iteration 325: Global theta state checkpointed at path checkpoints/checkpoint_iter_0325.npy. 
WARNING: Energy -1.7154 below FCI -1.1373 — HWE ansatz may have left the physical particle-number sector
Iter 0326 | Energy: -1.715361 | Delta: 1.52e-03 | M: 262.2753 | Path: Statevector MPI-distributed (1 ranks)
WARNING: Energy -1.7123 below FCI -1.1373 — HWE ansatz may have left the physical particle-number sector
Iter 0327 | Energy: -1.712341 | Delta: 3.02e-03 | M: 213.0566 | Path: Statevector MPI-distributed (1 ranks)
WARNING: Energy -1.7218 below FCI -1.1373 — HWE ansatz may have left the physical particle-number sector
Iter 0328 | Energy: -1.721785 | Delta: 9.44e-03 | M: 256.1862 | Path: Statevector MPI-distributed (1 ranks)
WARNING: Energy -1.7167 below FCI -1.1373 — HWE ansatz may have left the physical particle-number sector
Iter 0329 | Energy: -1.716730 | Delta: 5.05e-03 | M: 192.2670 | Path: Statevector MPI-distributed (1 ranks)
WARNING: Energy -1.7174 below FCI -1.1373 — HWE ansatz may have left the physical particle-number sector
Iter 0330 | Energy: -1.717433 | Delta: 7.02e-04 | M: 298.5233 | Path: Statevector MPI-distributed (1 ranks)
[RESILIENCE] Iteration 330: Global theta state checkpointed at path checkpoints/checkpoint_iter_0330.npy. 
WARNING: Energy -1.7252 below FCI -1.1373 — HWE ansatz may have left the physical particle-number sector
Iter 0331 | Energy: -1.725204 | Delta: 7.77e-03 | M: 153.3876 | Path: Statevector MPI-distributed (1 ranks)
WARNING: Energy -1.7141 below FCI -1.1373 — HWE ansatz may have left the physical particle-number sector
Iter 0332 | Energy: -1.714078 | Delta: 1.11e-02 | M: 308.5411 | Path: Statevector MPI-distributed (1 ranks)
WARNING: Energy -1.7192 below FCI -1.1373 — HWE ansatz may have left the physical particle-number sector
Iter 0333 | Energy: -1.719234 | Delta: 5.16e-03 | M: 305.1309 | Path: Statevector MPI-distributed (1 ranks)
WARNING: Energy -1.7200 below FCI -1.1373 — HWE ansatz may have left the physical particle-number sector
Iter 0334 | Energy: -1.719971 | Delta: 7.38e-04 | M: 316.0167 | Path: Statevector MPI-distributed (1 ranks)
WARNING: Energy -1.7250 below FCI -1.1373 — HWE ansatz may have left the physical particle-number sector
Iter 0335 | Energy: -1.725036 | Delta: 5.06e-03 | M: 297.1142 | Path: Statevector MPI-distributed (1 ranks)
[RESILIENCE] Iteration 335: Global theta state checkpointed at path checkpoints/checkpoint_iter_0335.npy. 
WARNING: Energy -1.7255 below FCI -1.1373 — HWE ansatz may have left the physical particle-number sector
Iter 0336 | Energy: -1.725477 | Delta: 4.41e-04 | M: 303.3363 | Path: Statevector MPI-distributed (1 ranks)
WARNING: Energy -1.7230 below FCI -1.1373 — HWE ansatz may have left the physical particle-number sector
Iter 0337 | Energy: -1.722993 | Delta: 2.48e-03 | M: 188.1768 | Path: Statevector MPI-distributed (1 ranks)
WARNING: Energy -1.7340 below FCI -1.1373 — HWE ansatz may have left the physical particle-number sector
Iter 0338 | Energy: -1.733999 | Delta: 1.10e-02 | M: 209.8073 | Path: Statevector MPI-distributed (1 ranks)
WARNING: Energy -1.7286 below FCI -1.1373 — HWE ansatz may have left the physical particle-number sector
Iter 0339 | Energy: -1.728640 | Delta: 5.36e-03 | M: 227.3632 | Path: Statevector MPI-distributed (1 ranks)
WARNING: Energy -1.7318 below FCI -1.1373 — HWE ansatz may have left the physical particle-number sector
Iter 0340 | Energy: -1.731843 | Delta: 3.20e-03 | M: 216.9952 | Path: Statevector MPI-distributed (1 ranks)
[RESILIENCE] Iteration 340: Global theta state checkpointed at path checkpoints/checkpoint_iter_0340.npy. 
WARNING: Energy -1.7197 below FCI -1.1373 — HWE ansatz may have left the physical particle-number sector
Iter 0341 | Energy: -1.719682 | Delta: 1.22e-02 | M: 187.5092 | Path: Statevector MPI-distributed (1 ranks)
WARNING: Energy -1.7204 below FCI -1.1373 — HWE ansatz may have left the physical particle-number sector
Iter 0342 | Energy: -1.720375 | Delta: 6.93e-04 | M: 275.2974 | Path: Statevector MPI-distributed (1 ranks)
WARNING: Energy -1.7230 below FCI -1.1373 — HWE ansatz may have left the physical particle-number sector
Iter 0343 | Energy: -1.722975 | Delta: 2.60e-03 | M: 157.9161 | Path: Statevector MPI-distributed (1 ranks)
WARNING: Energy -1.7311 below FCI -1.1373 — HWE ansatz may have left the physical particle-number sector
Iter 0344 | Energy: -1.731068 | Delta: 8.09e-03 | M: 269.5249 | Path: Statevector MPI-distributed (1 ranks)
WARNING: Energy -1.7323 below FCI -1.1373 — HWE ansatz may have left the physical particle-number sector
Iter 0345 | Energy: -1.732260 | Delta: 1.19e-03 | M: 335.2552 | Path: Statevector MPI-distributed (1 ranks)
[RESILIENCE] Iteration 345: Global theta state checkpointed at path checkpoints/checkpoint_iter_0345.npy. 
WARNING: Energy -1.7324 below FCI -1.1373 — HWE ansatz may have left the physical particle-number sector
Iter 0346 | Energy: -1.732360 | Delta: 1.00e-04 | M: 298.9507 | Path: Statevector MPI-distributed (1 ranks)
WARNING: Energy -1.7271 below FCI -1.1373 — HWE ansatz may have left the physical particle-number sector
Iter 0347 | Energy: -1.727138 | Delta: 5.22e-03 | M: 195.5488 | Path: Statevector MPI-distributed (1 ranks)
WARNING: Energy -1.7343 below FCI -1.1373 — HWE ansatz may have left the physical particle-number sector
Iter 0348 | Energy: -1.734294 | Delta: 7.16e-03 | M: 279.9932 | Path: Statevector MPI-distributed (1 ranks)
WARNING: Energy -1.7373 below FCI -1.1373 — HWE ansatz may have left the physical particle-number sector
Iter 0349 | Energy: -1.737331 | Delta: 3.04e-03 | M: 523.9372 | Path: Statevector MPI-distributed (1 ranks)
WARNING: Energy -1.7242 below FCI -1.1373 — HWE ansatz may have left the physical particle-number sector
Iter 0350 | Energy: -1.724158 | Delta: 1.32e-02 | M: 269.5578 | Path: Statevector MPI-distributed (1 ranks)
[RESILIENCE] Iteration 350: Global theta state checkpointed at path checkpoints/checkpoint_iter_0350.npy. 
WARNING: Energy -1.7368 below FCI -1.1373 — HWE ansatz may have left the physical particle-number sector
Iter 0351 | Energy: -1.736813 | Delta: 1.27e-02 | M: 253.6742 | Path: Statevector MPI-distributed (1 ranks)
WARNING: Energy -1.7356 below FCI -1.1373 — HWE ansatz may have left the physical particle-number sector
Iter 0352 | Energy: -1.735603 | Delta: 1.21e-03 | M: 244.7006 | Path: Statevector MPI-distributed (1 ranks)
WARNING: Energy -1.7354 below FCI -1.1373 — HWE ansatz may have left the physical particle-number sector
Iter 0353 | Energy: -1.735428 | Delta: 1.75e-04 | M: 262.5471 | Path: Statevector MPI-distributed (1 ranks)
WARNING: Energy -1.7365 below FCI -1.1373 — HWE ansatz may have left the physical particle-number sector
Iter 0354 | Energy: -1.736462 | Delta: 1.03e-03 | M: 233.3159 | Path: Statevector MPI-distributed (1 ranks)
WARNING: Energy -1.7310 below FCI -1.1373 — HWE ansatz may have left the physical particle-number sector
Iter 0355 | Energy: -1.731020 | Delta: 5.44e-03 | M: 277.4545 | Path: Statevector MPI-distributed (1 ranks)
[RESILIENCE] Iteration 355: Global theta state checkpointed at path checkpoints/checkpoint_iter_0355.npy. 
WARNING: Energy -1.7294 below FCI -1.1373 — HWE ansatz may have left the physical particle-number sector
Iter 0356 | Energy: -1.729364 | Delta: 1.66e-03 | M: 223.5128 | Path: Statevector MPI-distributed (1 ranks)
WARNING: Energy -1.7323 below FCI -1.1373 — HWE ansatz may have left the physical particle-number sector
Iter 0357 | Energy: -1.732304 | Delta: 2.94e-03 | M: 244.7796 | Path: Statevector MPI-distributed (1 ranks)
WARNING: Energy -1.7407 below FCI -1.1373 — HWE ansatz may have left the physical particle-number sector
Iter 0358 | Energy: -1.740689 | Delta: 8.38e-03 | M: 313.8011 | Path: Statevector MPI-distributed (1 ranks)
WARNING: Energy -1.7397 below FCI -1.1373 — HWE ansatz may have left the physical particle-number sector
Iter 0359 | Energy: -1.739691 | Delta: 9.98e-04 | M: 308.6011 | Path: Statevector MPI-distributed (1 ranks)
WARNING: Energy -1.7421 below FCI -1.1373 — HWE ansatz may have left the physical particle-number sector
Iter 0360 | Energy: -1.742135 | Delta: 2.44e-03 | M: 234.6972 | Path: Statevector MPI-distributed (1 ranks)
[RESILIENCE] Iteration 360: Global theta state checkpointed at path checkpoints/checkpoint_iter_0360.npy. 
WARNING: Energy -1.7281 below FCI -1.1373 — HWE ansatz may have left the physical particle-number sector
Iter 0361 | Energy: -1.728089 | Delta: 1.40e-02 | M: 306.7588 | Path: Statevector MPI-distributed (1 ranks)
WARNING: Energy -1.7425 below FCI -1.1373 — HWE ansatz may have left the physical particle-number sector
Iter 0362 | Energy: -1.742493 | Delta: 1.44e-02 | M: 202.1118 | Path: Statevector MPI-distributed (1 ranks)
WARNING: Energy -1.7402 below FCI -1.1373 — HWE ansatz may have left the physical particle-number sector
Iter 0363 | Energy: -1.740232 | Delta: 2.26e-03 | M: 296.9996 | Path: Statevector MPI-distributed (1 ranks)
WARNING: Energy -1.7351 below FCI -1.1373 — HWE ansatz may have left the physical particle-number sector
Iter 0364 | Energy: -1.735087 | Delta: 5.15e-03 | M: 255.0662 | Path: Statevector MPI-distributed (1 ranks)
WARNING: Energy -1.7414 below FCI -1.1373 — HWE ansatz may have left the physical particle-number sector
Iter 0365 | Energy: -1.741404 | Delta: 6.32e-03 | M: 326.2963 | Path: Statevector MPI-distributed (1 ranks)
[RESILIENCE] Iteration 365: Global theta state checkpointed at path checkpoints/checkpoint_iter_0365.npy. 
WARNING: Energy -1.7246 below FCI -1.1373 — HWE ansatz may have left the physical particle-number sector
Iter 0366 | Energy: -1.724645 | Delta: 1.68e-02 | M: 243.3855 | Path: Statevector MPI-distributed (1 ranks)
WARNING: Energy -1.7449 below FCI -1.1373 — HWE ansatz may have left the physical particle-number sector
Iter 0367 | Energy: -1.744912 | Delta: 2.03e-02 | M: 292.4521 | Path: Statevector MPI-distributed (1 ranks)
WARNING: Energy -1.7411 below FCI -1.1373 — HWE ansatz may have left the physical particle-number sector
Iter 0368 | Energy: -1.741150 | Delta: 3.76e-03 | M: 193.8750 | Path: Statevector MPI-distributed (1 ranks)
WARNING: Energy -1.7359 below FCI -1.1373 — HWE ansatz may have left the physical particle-number sector
Iter 0369 | Energy: -1.735925 | Delta: 5.23e-03 | M: 297.9282 | Path: Statevector MPI-distributed (1 ranks)
WARNING: Energy -1.7359 below FCI -1.1373 — HWE ansatz may have left the physical particle-number sector
Iter 0370 | Energy: -1.735862 | Delta: 6.31e-05 | M: 209.3047 | Path: Statevector MPI-distributed (1 ranks)
[RESILIENCE] Iteration 370: Global theta state checkpointed at path checkpoints/checkpoint_iter_0370.npy. 
WARNING: Energy -1.7382 below FCI -1.1373 — HWE ansatz may have left the physical particle-number sector
Iter 0371 | Energy: -1.738237 | Delta: 2.38e-03 | M: 203.7072 | Path: Statevector MPI-distributed (1 ranks)
WARNING: Energy -1.7336 below FCI -1.1373 — HWE ansatz may have left the physical particle-number sector
Iter 0372 | Energy: -1.733638 | Delta: 4.60e-03 | M: 218.1819 | Path: Statevector MPI-distributed (1 ranks)
WARNING: Energy -1.7427 below FCI -1.1373 — HWE ansatz may have left the physical particle-number sector
Iter 0373 | Energy: -1.742745 | Delta: 9.11e-03 | M: 308.8634 | Path: Statevector MPI-distributed (1 ranks)
WARNING: Energy -1.7372 below FCI -1.1373 — HWE ansatz may have left the physical particle-number sector
Iter 0374 | Energy: -1.737162 | Delta: 5.58e-03 | M: 295.5223 | Path: Statevector MPI-distributed (1 ranks)
WARNING: Energy -1.7376 below FCI -1.1373 — HWE ansatz may have left the physical particle-number sector
Iter 0375 | Energy: -1.737574 | Delta: 4.12e-04 | M: 283.7586 | Path: Statevector MPI-distributed (1 ranks)
[RESILIENCE] Iteration 375: Global theta state checkpointed at path checkpoints/checkpoint_iter_0375.npy. 
WARNING: Energy -1.7440 below FCI -1.1373 — HWE ansatz may have left the physical particle-number sector
Iter 0376 | Energy: -1.743980 | Delta: 6.41e-03 | M: 716.3645 | Path: Statevector MPI-distributed (1 ranks)
WARNING: Energy -1.7437 below FCI -1.1373 — HWE ansatz may have left the physical particle-number sector
Iter 0377 | Energy: -1.743676 | Delta: 3.04e-04 | M: 194.5412 | Path: Statevector MPI-distributed (1 ranks)
WARNING: Energy -1.7480 below FCI -1.1373 — HWE ansatz may have left the physical particle-number sector
Iter 0378 | Energy: -1.747952 | Delta: 4.28e-03 | M: 236.6873 | Path: Statevector MPI-distributed (1 ranks)
WARNING: Energy -1.7501 below FCI -1.1373 — HWE ansatz may have left the physical particle-number sector
Iter 0379 | Energy: -1.750085 | Delta: 2.13e-03 | M: 706.5951 | Path: Statevector MPI-distributed (1 ranks)
WARNING: Energy -1.7423 below FCI -1.1373 — HWE ansatz may have left the physical particle-number sector
Iter 0380 | Energy: -1.742268 | Delta: 7.82e-03 | M: 324.8581 | Path: Statevector MPI-distributed (1 ranks)
[RESILIENCE] Iteration 380: Global theta state checkpointed at path checkpoints/checkpoint_iter_0380.npy. 
WARNING: Energy -1.7467 below FCI -1.1373 — HWE ansatz may have left the physical particle-number sector
Iter 0381 | Energy: -1.746714 | Delta: 4.45e-03 | M: 171.9947 | Path: Statevector MPI-distributed (1 ranks)
WARNING: Energy -1.7432 below FCI -1.1373 — HWE ansatz may have left the physical particle-number sector
Iter 0382 | Energy: -1.743175 | Delta: 3.54e-03 | M: 188.8616 | Path: Statevector MPI-distributed (1 ranks)
WARNING: Energy -1.7527 below FCI -1.1373 — HWE ansatz may have left the physical particle-number sector
Iter 0383 | Energy: -1.752687 | Delta: 9.51e-03 | M: 191.8110 | Path: Statevector MPI-distributed (1 ranks)
WARNING: Energy -1.7431 below FCI -1.1373 — HWE ansatz may have left the physical particle-number sector
Iter 0384 | Energy: -1.743081 | Delta: 9.61e-03 | M: 278.0121 | Path: Statevector MPI-distributed (1 ranks)
WARNING: Energy -1.7490 below FCI -1.1373 — HWE ansatz may have left the physical particle-number sector
Iter 0385 | Energy: -1.748992 | Delta: 5.91e-03 | M: 186.2674 | Path: Statevector MPI-distributed (1 ranks)
[RESILIENCE] Iteration 385: Global theta state checkpointed at path checkpoints/checkpoint_iter_0385.npy. 
WARNING: Energy -1.7527 below FCI -1.1373 — HWE ansatz may have left the physical particle-number sector
Iter 0386 | Energy: -1.752705 | Delta: 3.71e-03 | M: 330.8417 | Path: Statevector MPI-distributed (1 ranks)
WARNING: Energy -1.7539 below FCI -1.1373 — HWE ansatz may have left the physical particle-number sector
Iter 0387 | Energy: -1.753897 | Delta: 1.19e-03 | M: 271.8071 | Path: Statevector MPI-distributed (1 ranks)
WARNING: Energy -1.7487 below FCI -1.1373 — HWE ansatz may have left the physical particle-number sector
Iter 0388 | Energy: -1.748668 | Delta: 5.23e-03 | M: 253.7315 | Path: Statevector MPI-distributed (1 ranks)
WARNING: Energy -1.7469 below FCI -1.1373 — HWE ansatz may have left the physical particle-number sector
Iter 0389 | Energy: -1.746903 | Delta: 1.77e-03 | M: 296.3124 | Path: Statevector MPI-distributed (1 ranks)
WARNING: Energy -1.7413 below FCI -1.1373 — HWE ansatz may have left the physical particle-number sector
Iter 0390 | Energy: -1.741283 | Delta: 5.62e-03 | M: 321.2756 | Path: Statevector MPI-distributed (1 ranks)
[RESILIENCE] Iteration 390: Global theta state checkpointed at path checkpoints/checkpoint_iter_0390.npy. 
WARNING: Energy -1.7431 below FCI -1.1373 — HWE ansatz may have left the physical particle-number sector
Iter 0391 | Energy: -1.743051 | Delta: 1.77e-03 | M: 271.6484 | Path: Statevector MPI-distributed (1 ranks)
WARNING: Energy -1.7476 below FCI -1.1373 — HWE ansatz may have left the physical particle-number sector
Iter 0392 | Energy: -1.747599 | Delta: 4.55e-03 | M: 140.6542 | Path: Statevector MPI-distributed (1 ranks)
WARNING: Energy -1.7463 below FCI -1.1373 — HWE ansatz may have left the physical particle-number sector
Iter 0393 | Energy: -1.746250 | Delta: 1.35e-03 | M: 239.5852 | Path: Statevector MPI-distributed (1 ranks)
WARNING: Energy -1.7463 below FCI -1.1373 — HWE ansatz may have left the physical particle-number sector
Iter 0394 | Energy: -1.746338 | Delta: 8.80e-05 | M: 287.6004 | Path: Statevector MPI-distributed (1 ranks)
WARNING: Energy -1.7518 below FCI -1.1373 — HWE ansatz may have left the physical particle-number sector
Iter 0395 | Energy: -1.751815 | Delta: 5.48e-03 | M: 266.2094 | Path: Statevector MPI-distributed (1 ranks)
[RESILIENCE] Iteration 395: Global theta state checkpointed at path checkpoints/checkpoint_iter_0395.npy. 
WARNING: Energy -1.7512 below FCI -1.1373 — HWE ansatz may have left the physical particle-number sector
Iter 0396 | Energy: -1.751231 | Delta: 5.84e-04 | M: 309.0762 | Path: Statevector MPI-distributed (1 ranks)
WARNING: Energy -1.7470 below FCI -1.1373 — HWE ansatz may have left the physical particle-number sector
Iter 0397 | Energy: -1.746973 | Delta: 4.26e-03 | M: 236.7710 | Path: Statevector MPI-distributed (1 ranks)
WARNING: Energy -1.7542 below FCI -1.1373 — HWE ansatz may have left the physical particle-number sector
Iter 0398 | Energy: -1.754171 | Delta: 7.20e-03 | M: 296.1472 | Path: Statevector MPI-distributed (1 ranks)
WARNING: Energy -1.7528 below FCI -1.1373 — HWE ansatz may have left the physical particle-number sector
Iter 0399 | Energy: -1.752824 | Delta: 1.35e-03 | M: 360.1315 | Path: Statevector MPI-distributed (1 ranks)
WARNING: Energy -1.7532 below FCI -1.1373 — HWE ansatz may have left the physical particle-number sector
Iter 0400 | Energy: -1.753169 | Delta: 3.45e-04 | M: 326.6032 | Path: Statevector MPI-distributed (1 ranks)
[RESILIENCE] Iteration 400: Global theta state checkpointed at path checkpoints/checkpoint_iter_0400.npy. 
WARNING: Energy -1.7486 below FCI -1.1373 — HWE ansatz may have left the physical particle-number sector
Iter 0401 | Energy: -1.748591 | Delta: 4.58e-03 | M: 292.1078 | Path: Statevector MPI-distributed (1 ranks)
WARNING: Energy -1.7482 below FCI -1.1373 — HWE ansatz may have left the physical particle-number sector
Iter 0402 | Energy: -1.748226 | Delta: 3.65e-04 | M: 330.0835 | Path: Statevector MPI-distributed (1 ranks)
WARNING: Energy -1.7527 below FCI -1.1373 — HWE ansatz may have left the physical particle-number sector
Iter 0403 | Energy: -1.752653 | Delta: 4.43e-03 | M: 214.4726 | Path: Statevector MPI-distributed (1 ranks)
WARNING: Energy -1.7519 below FCI -1.1373 — HWE ansatz may have left the physical particle-number sector
Iter 0404 | Energy: -1.751938 | Delta: 7.15e-04 | M: 170.9559 | Path: Statevector MPI-distributed (1 ranks)
WARNING: Energy -1.7549 below FCI -1.1373 — HWE ansatz may have left the physical particle-number sector
Iter 0405 | Energy: -1.754924 | Delta: 2.99e-03 | M: 324.9081 | Path: Statevector MPI-distributed (1 ranks)
[RESILIENCE] Iteration 405: Global theta state checkpointed at path checkpoints/checkpoint_iter_0405.npy. 
WARNING: Energy -1.7498 below FCI -1.1373 — HWE ansatz may have left the physical particle-number sector
Iter 0406 | Energy: -1.749762 | Delta: 5.16e-03 | M: 163.9227 | Path: Statevector MPI-distributed (1 ranks)
WARNING: Energy -1.7531 below FCI -1.1373 — HWE ansatz may have left the physical particle-number sector
Iter 0407 | Energy: -1.753146 | Delta: 3.38e-03 | M: 294.9445 | Path: Statevector MPI-distributed (1 ranks)
WARNING: Energy -1.7596 below FCI -1.1373 — HWE ansatz may have left the physical particle-number sector
Iter 0408 | Energy: -1.759555 | Delta: 6.41e-03 | M: 178.5077 | Path: Statevector MPI-distributed (1 ranks)
WARNING: Energy -1.7580 below FCI -1.1373 — HWE ansatz may have left the physical particle-number sector
Iter 0409 | Energy: -1.757960 | Delta: 1.60e-03 | M: 210.1341 | Path: Statevector MPI-distributed (1 ranks)
WARNING: Energy -1.7567 below FCI -1.1373 — HWE ansatz may have left the physical particle-number sector
Iter 0410 | Energy: -1.756744 | Delta: 1.22e-03 | M: 194.2266 | Path: Statevector MPI-distributed (1 ranks)
[RESILIENCE] Iteration 410: Global theta state checkpointed at path checkpoints/checkpoint_iter_0410.npy. 
WARNING: Energy -1.7627 below FCI -1.1373 — HWE ansatz may have left the physical particle-number sector
Iter 0411 | Energy: -1.762708 | Delta: 5.96e-03 | M: 226.4006 | Path: Statevector MPI-distributed (1 ranks)
WARNING: Energy -1.7546 below FCI -1.1373 — HWE ansatz may have left the physical particle-number sector
Iter 0412 | Energy: -1.754565 | Delta: 8.14e-03 | M: 198.2577 | Path: Statevector MPI-distributed (1 ranks)
WARNING: Energy -1.7513 below FCI -1.1373 — HWE ansatz may have left the physical particle-number sector
Iter 0413 | Energy: -1.751274 | Delta: 3.29e-03 | M: 371.8283 | Path: Statevector MPI-distributed (1 ranks)
WARNING: Energy -1.7536 below FCI -1.1373 — HWE ansatz may have left the physical particle-number sector
Iter 0414 | Energy: -1.753634 | Delta: 2.36e-03 | M: 327.6444 | Path: Statevector MPI-distributed (1 ranks)
WARNING: Energy -1.7575 below FCI -1.1373 — HWE ansatz may have left the physical particle-number sector
Iter 0415 | Energy: -1.757484 | Delta: 3.85e-03 | M: 217.9330 | Path: Statevector MPI-distributed (1 ranks)
[RESILIENCE] Iteration 415: Global theta state checkpointed at path checkpoints/checkpoint_iter_0415.npy. 
WARNING: Energy -1.7583 below FCI -1.1373 — HWE ansatz may have left the physical particle-number sector
Iter 0416 | Energy: -1.758301 | Delta: 8.17e-04 | M: 220.8848 | Path: Statevector MPI-distributed (1 ranks)
WARNING: Energy -1.7646 below FCI -1.1373 — HWE ansatz may have left the physical particle-number sector
Iter 0417 | Energy: -1.764643 | Delta: 6.34e-03 | M: 436.9638 | Path: Statevector MPI-distributed (1 ranks)
WARNING: Energy -1.7544 below FCI -1.1373 — HWE ansatz may have left the physical particle-number sector
Iter 0418 | Energy: -1.754350 | Delta: 1.03e-02 | M: 193.1722 | Path: Statevector MPI-distributed (1 ranks)
WARNING: Energy -1.7646 below FCI -1.1373 — HWE ansatz may have left the physical particle-number sector
Iter 0419 | Energy: -1.764648 | Delta: 1.03e-02 | M: 620.6752 | Path: Statevector MPI-distributed (1 ranks)
WARNING: Energy -1.7591 below FCI -1.1373 — HWE ansatz may have left the physical particle-number sector
Iter 0420 | Energy: -1.759057 | Delta: 5.59e-03 | M: 336.1031 | Path: Statevector MPI-distributed (1 ranks)
[RESILIENCE] Iteration 420: Global theta state checkpointed at path checkpoints/checkpoint_iter_0420.npy. 
WARNING: Energy -1.7594 below FCI -1.1373 — HWE ansatz may have left the physical particle-number sector
Iter 0421 | Energy: -1.759436 | Delta: 3.79e-04 | M: 326.5387 | Path: Statevector MPI-distributed (1 ranks)
WARNING: Energy -1.7620 below FCI -1.1373 — HWE ansatz may have left the physical particle-number sector
Iter 0422 | Energy: -1.761996 | Delta: 2.56e-03 | M: 272.5852 | Path: Statevector MPI-distributed (1 ranks)
WARNING: Energy -1.7628 below FCI -1.1373 — HWE ansatz may have left the physical particle-number sector
Iter 0423 | Energy: -1.762786 | Delta: 7.90e-04 | M: 333.3909 | Path: Statevector MPI-distributed (1 ranks)
WARNING: Energy -1.7616 below FCI -1.1373 — HWE ansatz may have left the physical particle-number sector
Iter 0424 | Energy: -1.761641 | Delta: 1.14e-03 | M: 332.5010 | Path: Statevector MPI-distributed (1 ranks)
WARNING: Energy -1.7617 below FCI -1.1373 — HWE ansatz may have left the physical particle-number sector
Iter 0425 | Energy: -1.761720 | Delta: 7.87e-05 | M: 250.1880 | Path: Statevector MPI-distributed (1 ranks)
[RESILIENCE] Iteration 425: Global theta state checkpointed at path checkpoints/checkpoint_iter_0425.npy. 
WARNING: Energy -1.7649 below FCI -1.1373 — HWE ansatz may have left the physical particle-number sector
Iter 0426 | Energy: -1.764912 | Delta: 3.19e-03 | M: 192.2399 | Path: Statevector MPI-distributed (1 ranks)
WARNING: Energy -1.7621 below FCI -1.1373 — HWE ansatz may have left the physical particle-number sector
Iter 0427 | Energy: -1.762085 | Delta: 2.83e-03 | M: 237.7941 | Path: Statevector MPI-distributed (1 ranks)
WARNING: Energy -1.7587 below FCI -1.1373 — HWE ansatz may have left the physical particle-number sector
Iter 0428 | Energy: -1.758669 | Delta: 3.42e-03 | M: 265.1201 | Path: Statevector MPI-distributed (1 ranks)
WARNING: Energy -1.7664 below FCI -1.1373 — HWE ansatz may have left the physical particle-number sector
Iter 0429 | Energy: -1.766396 | Delta: 7.73e-03 | M: 263.7466 | Path: Statevector MPI-distributed (1 ranks)
WARNING: Energy -1.7608 below FCI -1.1373 — HWE ansatz may have left the physical particle-number sector
Iter 0430 | Energy: -1.760813 | Delta: 5.58e-03 | M: 341.0044 | Path: Statevector MPI-distributed (1 ranks)
[RESILIENCE] Iteration 430: Global theta state checkpointed at path checkpoints/checkpoint_iter_0430.npy. 
WARNING: Energy -1.7726 below FCI -1.1373 — HWE ansatz may have left the physical particle-number sector
Iter 0431 | Energy: -1.772604 | Delta: 1.18e-02 | M: 140.7495 | Path: Statevector MPI-distributed (1 ranks)
WARNING: Energy -1.7577 below FCI -1.1373 — HWE ansatz may have left the physical particle-number sector
Iter 0432 | Energy: -1.757688 | Delta: 1.49e-02 | M: 273.5776 | Path: Statevector MPI-distributed (1 ranks)
WARNING: Energy -1.7659 below FCI -1.1373 — HWE ansatz may have left the physical particle-number sector
Iter 0433 | Energy: -1.765912 | Delta: 8.22e-03 | M: 320.7125 | Path: Statevector MPI-distributed (1 ranks)
WARNING: Energy -1.7635 below FCI -1.1373 — HWE ansatz may have left the physical particle-number sector
Iter 0434 | Energy: -1.763522 | Delta: 2.39e-03 | M: 160.9338 | Path: Statevector MPI-distributed (1 ranks)
WARNING: Energy -1.7639 below FCI -1.1373 — HWE ansatz may have left the physical particle-number sector
Iter 0435 | Energy: -1.763936 | Delta: 4.14e-04 | M: 53.9946 | Path: Statevector MPI-distributed (1 ranks)
[RESILIENCE] Iteration 435: Global theta state checkpointed at path checkpoints/checkpoint_iter_0435.npy. 
WARNING: Energy -1.7605 below FCI -1.1373 — HWE ansatz may have left the physical particle-number sector
Iter 0436 | Energy: -1.760550 | Delta: 3.39e-03 | M: 278.3084 | Path: Statevector MPI-distributed (1 ranks)
WARNING: Energy -1.7709 below FCI -1.1373 — HWE ansatz may have left the physical particle-number sector
Iter 0437 | Energy: -1.770950 | Delta: 1.04e-02 | M: 221.5268 | Path: Statevector MPI-distributed (1 ranks)
WARNING: Energy -1.7659 below FCI -1.1373 — HWE ansatz may have left the physical particle-number sector
Iter 0438 | Energy: -1.765876 | Delta: 5.07e-03 | M: 291.9429 | Path: Statevector MPI-distributed (1 ranks)
WARNING: Energy -1.7665 below FCI -1.1373 — HWE ansatz may have left the physical particle-number sector
Iter 0439 | Energy: -1.766508 | Delta: 6.32e-04 | M: 346.7462 | Path: Statevector MPI-distributed (1 ranks)
WARNING: Energy -1.7679 below FCI -1.1373 — HWE ansatz may have left the physical particle-number sector
Iter 0440 | Energy: -1.767879 | Delta: 1.37e-03 | M: 173.6238 | Path: Statevector MPI-distributed (1 ranks)
[RESILIENCE] Iteration 440: Global theta state checkpointed at path checkpoints/checkpoint_iter_0440.npy. 
WARNING: Energy -1.7660 below FCI -1.1373 — HWE ansatz may have left the physical particle-number sector
Iter 0441 | Energy: -1.766035 | Delta: 1.84e-03 | M: 291.7702 | Path: Statevector MPI-distributed (1 ranks)
WARNING: Energy -1.7735 below FCI -1.1373 — HWE ansatz may have left the physical particle-number sector
Iter 0442 | Energy: -1.773519 | Delta: 7.48e-03 | M: 262.3264 | Path: Statevector MPI-distributed (1 ranks)
WARNING: Energy -1.7702 below FCI -1.1373 — HWE ansatz may have left the physical particle-number sector
Iter 0443 | Energy: -1.770174 | Delta: 3.35e-03 | M: 255.9247 | Path: Statevector MPI-distributed (1 ranks)
WARNING: Energy -1.7678 below FCI -1.1373 — HWE ansatz may have left the physical particle-number sector
Iter 0444 | Energy: -1.767794 | Delta: 2.38e-03 | M: 310.3342 | Path: Statevector MPI-distributed (1 ranks)
WARNING: Energy -1.7695 below FCI -1.1373 — HWE ansatz may have left the physical particle-number sector
Iter 0445 | Energy: -1.769539 | Delta: 1.74e-03 | M: 304.5948 | Path: Statevector MPI-distributed (1 ranks)
[RESILIENCE] Iteration 445: Global theta state checkpointed at path checkpoints/checkpoint_iter_0445.npy. 
WARNING: Energy -1.7690 below FCI -1.1373 — HWE ansatz may have left the physical particle-number sector
Iter 0446 | Energy: -1.768977 | Delta: 5.62e-04 | M: 241.7698 | Path: Statevector MPI-distributed (1 ranks)
WARNING: Energy -1.7641 below FCI -1.1373 — HWE ansatz may have left the physical particle-number sector
Iter 0447 | Energy: -1.764066 | Delta: 4.91e-03 | M: 232.9233 | Path: Statevector MPI-distributed (1 ranks)
WARNING: Energy -1.7741 below FCI -1.1373 — HWE ansatz may have left the physical particle-number sector
Iter 0448 | Energy: -1.774054 | Delta: 9.99e-03 | M: 277.9533 | Path: Statevector MPI-distributed (1 ranks)
WARNING: Energy -1.7735 below FCI -1.1373 — HWE ansatz may have left the physical particle-number sector
Iter 0449 | Energy: -1.773536 | Delta: 5.18e-04 | M: 243.2114 | Path: Statevector MPI-distributed (1 ranks)
WARNING: Energy -1.7720 below FCI -1.1373 — HWE ansatz may have left the physical particle-number sector
Iter 0450 | Energy: -1.771963 | Delta: 1.57e-03 | M: 218.8899 | Path: Statevector MPI-distributed (1 ranks)
[RESILIENCE] Iteration 450: Global theta state checkpointed at path checkpoints/checkpoint_iter_0450.npy. 
WARNING: Energy -1.7694 below FCI -1.1373 — HWE ansatz may have left the physical particle-number sector
Iter 0451 | Energy: -1.769399 | Delta: 2.56e-03 | M: 173.1698 | Path: Statevector MPI-distributed (1 ranks)
WARNING: Energy -1.7716 below FCI -1.1373 — HWE ansatz may have left the physical particle-number sector
Iter 0452 | Energy: -1.771550 | Delta: 2.15e-03 | M: 122.2317 | Path: Statevector MPI-distributed (1 ranks)
WARNING: Energy -1.7744 below FCI -1.1373 — HWE ansatz may have left the physical particle-number sector
Iter 0453 | Energy: -1.774395 | Delta: 2.84e-03 | M: 292.6797 | Path: Statevector MPI-distributed (1 ranks)
WARNING: Energy -1.7712 below FCI -1.1373 — HWE ansatz may have left the physical particle-number sector
Iter 0454 | Energy: -1.771164 | Delta: 3.23e-03 | M: 296.6989 | Path: Statevector MPI-distributed (1 ranks)
WARNING: Energy -1.7734 below FCI -1.1373 — HWE ansatz may have left the physical particle-number sector
Iter 0455 | Energy: -1.773417 | Delta: 2.25e-03 | M: 346.4811 | Path: Statevector MPI-distributed (1 ranks)
[RESILIENCE] Iteration 455: Global theta state checkpointed at path checkpoints/checkpoint_iter_0455.npy. 
WARNING: Energy -1.7780 below FCI -1.1373 — HWE ansatz may have left the physical particle-number sector
Iter 0456 | Energy: -1.778015 | Delta: 4.60e-03 | M: 336.0182 | Path: Statevector MPI-distributed (1 ranks)
WARNING: Energy -1.7743 below FCI -1.1373 — HWE ansatz may have left the physical particle-number sector
Iter 0457 | Energy: -1.774290 | Delta: 3.72e-03 | M: 229.0672 | Path: Statevector MPI-distributed (1 ranks)
WARNING: Energy -1.7725 below FCI -1.1373 — HWE ansatz may have left the physical particle-number sector
Iter 0458 | Energy: -1.772548 | Delta: 1.74e-03 | M: 250.1596 | Path: Statevector MPI-distributed (1 ranks)
WARNING: Energy -1.7804 below FCI -1.1373 — HWE ansatz may have left the physical particle-number sector
Iter 0459 | Energy: -1.780413 | Delta: 7.87e-03 | M: 303.1845 | Path: Statevector MPI-distributed (1 ranks)
WARNING: Energy -1.7757 below FCI -1.1373 — HWE ansatz may have left the physical particle-number sector
Iter 0460 | Energy: -1.775721 | Delta: 4.69e-03 | M: 244.5142 | Path: Statevector MPI-distributed (1 ranks)
[RESILIENCE] Iteration 460: Global theta state checkpointed at path checkpoints/checkpoint_iter_0460.npy. 
WARNING: Energy -1.7698 below FCI -1.1373 — HWE ansatz may have left the physical particle-number sector
Iter 0461 | Energy: -1.769833 | Delta: 5.89e-03 | M: 263.1999 | Path: Statevector MPI-distributed (1 ranks)
WARNING: Energy -1.7765 below FCI -1.1373 — HWE ansatz may have left the physical particle-number sector
Iter 0462 | Energy: -1.776494 | Delta: 6.66e-03 | M: 250.6543 | Path: Statevector MPI-distributed (1 ranks)
WARNING: Energy -1.7763 below FCI -1.1373 — HWE ansatz may have left the physical particle-number sector
Iter 0463 | Energy: -1.776292 | Delta: 2.02e-04 | M: 214.0120 | Path: Statevector MPI-distributed (1 ranks)
WARNING: Energy -1.7761 below FCI -1.1373 — HWE ansatz may have left the physical particle-number sector
Iter 0464 | Energy: -1.776123 | Delta: 1.70e-04 | M: 307.2863 | Path: Statevector MPI-distributed (1 ranks)
WARNING: Energy -1.7823 below FCI -1.1373 — HWE ansatz may have left the physical particle-number sector
Iter 0465 | Energy: -1.782282 | Delta: 6.16e-03 | M: 282.6538 | Path: Statevector MPI-distributed (1 ranks)
[RESILIENCE] Iteration 465: Global theta state checkpointed at path checkpoints/checkpoint_iter_0465.npy. 
WARNING: Energy -1.7697 below FCI -1.1373 — HWE ansatz may have left the physical particle-number sector
Iter 0466 | Energy: -1.769717 | Delta: 1.26e-02 | M: 318.8612 | Path: Statevector MPI-distributed (1 ranks)
WARNING: Energy -1.7771 below FCI -1.1373 — HWE ansatz may have left the physical particle-number sector
Iter 0467 | Energy: -1.777116 | Delta: 7.40e-03 | M: 209.3435 | Path: Statevector MPI-distributed (1 ranks)
WARNING: Energy -1.7785 below FCI -1.1373 — HWE ansatz may have left the physical particle-number sector
Iter 0468 | Energy: -1.778473 | Delta: 1.36e-03 | M: 254.6896 | Path: Statevector MPI-distributed (1 ranks)
WARNING: Energy -1.7772 below FCI -1.1373 — HWE ansatz may have left the physical particle-number sector
Iter 0469 | Energy: -1.777173 | Delta: 1.30e-03 | M: 276.1553 | Path: Statevector MPI-distributed (1 ranks)
WARNING: Energy -1.7820 below FCI -1.1373 — HWE ansatz may have left the physical particle-number sector
Iter 0470 | Energy: -1.781958 | Delta: 4.78e-03 | M: 235.3670 | Path: Statevector MPI-distributed (1 ranks)
[RESILIENCE] Iteration 470: Global theta state checkpointed at path checkpoints/checkpoint_iter_0470.npy. 
WARNING: Energy -1.7797 below FCI -1.1373 — HWE ansatz may have left the physical particle-number sector
Iter 0471 | Energy: -1.779743 | Delta: 2.21e-03 | M: 251.4480 | Path: Statevector MPI-distributed (1 ranks)
WARNING: Energy -1.7841 below FCI -1.1373 — HWE ansatz may have left the physical particle-number sector
Iter 0472 | Energy: -1.784108 | Delta: 4.37e-03 | M: 108.2032 | Path: Statevector MPI-distributed (1 ranks)
WARNING: Energy -1.7721 below FCI -1.1373 — HWE ansatz may have left the physical particle-number sector
Iter 0473 | Energy: -1.772135 | Delta: 1.20e-02 | M: 294.9658 | Path: Statevector MPI-distributed (1 ranks)
WARNING: Energy -1.7792 below FCI -1.1373 — HWE ansatz may have left the physical particle-number sector
Iter 0474 | Energy: -1.779229 | Delta: 7.09e-03 | M: 329.3168 | Path: Statevector MPI-distributed (1 ranks)
WARNING: Energy -1.7814 below FCI -1.1373 — HWE ansatz may have left the physical particle-number sector
Iter 0475 | Energy: -1.781380 | Delta: 2.15e-03 | M: 285.3347 | Path: Statevector MPI-distributed (1 ranks)
[RESILIENCE] Iteration 475: Global theta state checkpointed at path checkpoints/checkpoint_iter_0475.npy. 
WARNING: Energy -1.7821 below FCI -1.1373 — HWE ansatz may have left the physical particle-number sector
Iter 0476 | Energy: -1.782084 | Delta: 7.05e-04 | M: 128.8443 | Path: Statevector MPI-distributed (1 ranks)
WARNING: Energy -1.7824 below FCI -1.1373 — HWE ansatz may have left the physical particle-number sector
Iter 0477 | Energy: -1.782442 | Delta: 3.58e-04 | M: 170.7555 | Path: Statevector MPI-distributed (1 ranks)
WARNING: Energy -1.7809 below FCI -1.1373 — HWE ansatz may have left the physical particle-number sector
Iter 0478 | Energy: -1.780931 | Delta: 1.51e-03 | M: 265.2913 | Path: Statevector MPI-distributed (1 ranks)
WARNING: Energy -1.7786 below FCI -1.1373 — HWE ansatz may have left the physical particle-number sector
Iter 0479 | Energy: -1.778585 | Delta: 2.35e-03 | M: 125.3741 | Path: Statevector MPI-distributed (1 ranks)
WARNING: Energy -1.7811 below FCI -1.1373 — HWE ansatz may have left the physical particle-number sector
Iter 0480 | Energy: -1.781064 | Delta: 2.48e-03 | M: 311.1038 | Path: Statevector MPI-distributed (1 ranks)
[RESILIENCE] Iteration 480: Global theta state checkpointed at path checkpoints/checkpoint_iter_0480.npy. 
WARNING: Energy -1.7756 below FCI -1.1373 — HWE ansatz may have left the physical particle-number sector
Iter 0481 | Energy: -1.775636 | Delta: 5.43e-03 | M: 262.1777 | Path: Statevector MPI-distributed (1 ranks)
WARNING: Energy -1.7817 below FCI -1.1373 — HWE ansatz may have left the physical particle-number sector
Iter 0482 | Energy: -1.781722 | Delta: 6.09e-03 | M: 235.4458 | Path: Statevector MPI-distributed (1 ranks)
WARNING: Energy -1.7829 below FCI -1.1373 — HWE ansatz may have left the physical particle-number sector
Iter 0483 | Energy: -1.782876 | Delta: 1.15e-03 | M: 237.8356 | Path: Statevector MPI-distributed (1 ranks)
WARNING: Energy -1.7813 below FCI -1.1373 — HWE ansatz may have left the physical particle-number sector
Iter 0484 | Energy: -1.781340 | Delta: 1.54e-03 | M: 280.6976 | Path: Statevector MPI-distributed (1 ranks)
WARNING: Energy -1.7772 below FCI -1.1373 — HWE ansatz may have left the physical particle-number sector
Iter 0485 | Energy: -1.777202 | Delta: 4.14e-03 | M: 310.0334 | Path: Statevector MPI-distributed (1 ranks)
[RESILIENCE] Iteration 485: Global theta state checkpointed at path checkpoints/checkpoint_iter_0485.npy. 
WARNING: Energy -1.7850 below FCI -1.1373 — HWE ansatz may have left the physical particle-number sector
Iter 0486 | Energy: -1.785021 | Delta: 7.82e-03 | M: 204.8499 | Path: Statevector MPI-distributed (1 ranks)
WARNING: Energy -1.7783 below FCI -1.1373 — HWE ansatz may have left the physical particle-number sector
Iter 0487 | Energy: -1.778278 | Delta: 6.74e-03 | M: 377.2430 | Path: Statevector MPI-distributed (1 ranks)
WARNING: Energy -1.7820 below FCI -1.1373 — HWE ansatz may have left the physical particle-number sector
Iter 0488 | Energy: -1.781960 | Delta: 3.68e-03 | M: 311.0284 | Path: Statevector MPI-distributed (1 ranks)
WARNING: Energy -1.7815 below FCI -1.1373 — HWE ansatz may have left the physical particle-number sector
Iter 0489 | Energy: -1.781464 | Delta: 4.96e-04 | M: 214.8829 | Path: Statevector MPI-distributed (1 ranks)
WARNING: Energy -1.7882 below FCI -1.1373 — HWE ansatz may have left the physical particle-number sector
Iter 0490 | Energy: -1.788198 | Delta: 6.73e-03 | M: 245.3876 | Path: Statevector MPI-distributed (1 ranks)
[RESILIENCE] Iteration 490: Global theta state checkpointed at path checkpoints/checkpoint_iter_0490.npy. 
WARNING: Energy -1.7861 below FCI -1.1373 — HWE ansatz may have left the physical particle-number sector
Iter 0491 | Energy: -1.786072 | Delta: 2.13e-03 | M: 122.7609 | Path: Statevector MPI-distributed (1 ranks)
WARNING: Energy -1.7827 below FCI -1.1373 — HWE ansatz may have left the physical particle-number sector
Iter 0492 | Energy: -1.782650 | Delta: 3.42e-03 | M: 297.8615 | Path: Statevector MPI-distributed (1 ranks)
WARNING: Energy -1.7823 below FCI -1.1373 — HWE ansatz may have left the physical particle-number sector
Iter 0493 | Energy: -1.782337 | Delta: 3.13e-04 | M: 203.4138 | Path: Statevector MPI-distributed (1 ranks)
WARNING: Energy -1.7820 below FCI -1.1373 — HWE ansatz may have left the physical particle-number sector
Iter 0494 | Energy: -1.782037 | Delta: 3.01e-04 | M: 366.2980 | Path: Statevector MPI-distributed (1 ranks)
WARNING: Energy -1.7881 below FCI -1.1373 — HWE ansatz may have left the physical particle-number sector
Iter 0495 | Energy: -1.788100 | Delta: 6.06e-03 | M: 241.3689 | Path: Statevector MPI-distributed (1 ranks)
[RESILIENCE] Iteration 495: Global theta state checkpointed at path checkpoints/checkpoint_iter_0495.npy. 
WARNING: Energy -1.7889 below FCI -1.1373 — HWE ansatz may have left the physical particle-number sector
Iter 0496 | Energy: -1.788856 | Delta: 7.56e-04 | M: 299.9024 | Path: Statevector MPI-distributed (1 ranks)
WARNING: Energy -1.7835 below FCI -1.1373 — HWE ansatz may have left the physical particle-number sector
Iter 0497 | Energy: -1.783550 | Delta: 5.31e-03 | M: 347.1833 | Path: Statevector MPI-distributed (1 ranks)
WARNING: Energy -1.7859 below FCI -1.1373 — HWE ansatz may have left the physical particle-number sector
Iter 0498 | Energy: -1.785921 | Delta: 2.37e-03 | M: 119.2134 | Path: Statevector MPI-distributed (1 ranks)
WARNING: Energy -1.7858 below FCI -1.1373 — HWE ansatz may have left the physical particle-number sector
Iter 0499 | Energy: -1.785801 | Delta: 1.20e-04 | M: 139.9439 | Path: Statevector MPI-distributed (1 ranks)
WARNING: Energy -1.7900 below FCI -1.1373 — HWE ansatz may have left the physical particle-number sector
Iter 0500 | Energy: -1.790023 | Delta: 4.22e-03 | M: 203.1846 | Path: Statevector MPI-distributed (1 ranks)
[RESILIENCE] Iteration 500: Global theta state checkpointed at path checkpoints/checkpoint_iter_0500.npy. 

[H2] Ansatz tier:hwe_adaptive
[H2] Corr score: 0.342 
[H2] Final energy : -1.790023 Ha 
[H2] Reference FCI : -1.137284 Ha 
[H2] Absolute error: +0.6527 Ha  Ha 
[H2] Iterations run: 500
[H2] Wall time: 6.32s (includes QPU queue + RTT) 
[H2] Time/iter: 0.01 s 
[H2] Source: registry 
[H2] Active electrons: 2 
[H2] Estimated qubits: 4 


--- RUNNING CHEMISTRY TASK LiH ---
[Resolver] 'LiH' found in local registry 
[Chemistry:LiH] 631 Pauli terms, 12 qubits, 96 params,  reps=2. FCI reference: -7.8825 Ha 
[Ansatz] HWE (adaptive) (auto) | corr_score=0.502 | off_diag_ratio=0.007
[Reason] score=0.502 in [0.25, 0.55). Moderate correlation detected (off_diag_ratio=0.007, zz_frac=0.979). Adaptive HWE with full entanglement recommended.
Iter 0001 | Energy: -0.469672 | Delta: inf | M: 3690.1451 | Path: Statevector MPI-distributed (1 ranks)
Iter 0002 | Energy: -0.393366 | Delta: 7.63e-02 | M: 3380.6138 | Path: Statevector MPI-distributed (1 ranks)
Iter 0003 | Energy: -0.407148 | Delta: 1.38e-02 | M: 5156.9931 | Path: Statevector MPI-distributed (1 ranks)
Iter 0004 | Energy: -0.405473 | Delta: 1.67e-03 | M: 3779.0078 | Path: Statevector MPI-distributed (1 ranks)
Iter 0005 | Energy: -0.382400 | Delta: 2.31e-02 | M: 1242.6526 | Path: Statevector MPI-distributed (1 ranks)
[RESILIENCE] Iteration 5: Global theta state checkpointed at path checkpoints/checkpoint_iter_0005.npy. 
Iter 0006 | Energy: -0.383522 | Delta: 1.12e-03 | M: 4961.9187 | Path: Statevector MPI-distributed (1 ranks)
Iter 0007 | Energy: -0.425427 | Delta: 4.19e-02 | M: 3662.6270 | Path: Statevector MPI-distributed (1 ranks)
Iter 0008 | Energy: -0.465263 | Delta: 3.98e-02 | M: 3969.3456 | Path: Statevector MPI-distributed (1 ranks)
Iter 0009 | Energy: -0.520829 | Delta: 5.56e-02 | M: 3345.6153 | Path: Statevector MPI-distributed (1 ranks)
Iter 0010 | Energy: -0.552141 | Delta: 3.13e-02 | M: 3709.3607 | Path: Statevector MPI-distributed (1 ranks)
[RESILIENCE] Iteration 10: Global theta state checkpointed at path checkpoints/checkpoint_iter_0010.npy. 
Iter 0011 | Energy: -0.578924 | Delta: 2.68e-02 | M: 4262.8307 | Path: Statevector MPI-distributed (1 ranks)
Iter 0012 | Energy: -0.581864 | Delta: 2.94e-03 | M: 3694.3010 | Path: Statevector MPI-distributed (1 ranks)
Iter 0013 | Energy: -0.587222 | Delta: 5.36e-03 | M: 6781.9573 | Path: Statevector MPI-distributed (1 ranks)
Iter 0014 | Energy: -0.583066 | Delta: 4.16e-03 | M: 4181.6569 | Path: Statevector MPI-distributed (1 ranks)
Iter 0015 | Energy: -0.627595 | Delta: 4.45e-02 | M: 4544.0669 | Path: Statevector MPI-distributed (1 ranks)
[RESILIENCE] Iteration 15: Global theta state checkpointed at path checkpoints/checkpoint_iter_0015.npy. 
Iter 0016 | Energy: -0.643954 | Delta: 1.64e-02 | M: 3744.5519 | Path: Statevector MPI-distributed (1 ranks)
Iter 0017 | Energy: -0.656448 | Delta: 1.25e-02 | M: 3833.0017 | Path: Statevector MPI-distributed (1 ranks)
Iter 0018 | Energy: -0.680501 | Delta: 2.41e-02 | M: 2933.6556 | Path: Statevector MPI-distributed (1 ranks)
Iter 0019 | Energy: -0.731828 | Delta: 5.13e-02 | M: 3838.0842 | Path: Statevector MPI-distributed (1 ranks)
Iter 0020 | Energy: -0.787239 | Delta: 5.54e-02 | M: 3754.5633 | Path: Statevector MPI-distributed (1 ranks)
[RESILIENCE] Iteration 20: Global theta state checkpointed at path checkpoints/checkpoint_iter_0020.npy. 
Iter 0021 | Energy: -0.771683 | Delta: 1.56e-02 | M: 3259.0856 | Path: Statevector MPI-distributed (1 ranks)
Iter 0022 | Energy: -1.305777 | Delta: 5.34e-01 | M: 3990.6076 | Path: Statevector MPI-distributed (1 ranks)
Iter 0023 | Energy: -1.343329 | Delta: 3.76e-02 | M: 3784.7946 | Path: Statevector MPI-distributed (1 ranks)
Iter 0024 | Energy: -1.350624 | Delta: 7.29e-03 | M: 4123.9569 | Path: Statevector MPI-distributed (1 ranks)
Iter 0025 | Energy: -1.434952 | Delta: 8.43e-02 | M: 4343.3063 | Path: Statevector MPI-distributed (1 ranks)
[RESILIENCE] Iteration 25: Global theta state checkpointed at path checkpoints/checkpoint_iter_0025.npy. 
Iter 0026 | Energy: -1.457215 | Delta: 2.23e-02 | M: 3798.4137 | Path: Statevector MPI-distributed (1 ranks)
Iter 0027 | Energy: -1.623133 | Delta: 1.66e-01 | M: 6057.3374 | Path: Statevector MPI-distributed (1 ranks)
Iter 0028 | Energy: -1.693936 | Delta: 7.08e-02 | M: 5083.8110 | Path: Statevector MPI-distributed (1 ranks)
Iter 0029 | Energy: -1.833407 | Delta: 1.39e-01 | M: 4760.4788 | Path: Statevector MPI-distributed (1 ranks)
Iter 0030 | Energy: -2.465203 | Delta: 6.32e-01 | M: 4222.5637 | Path: Statevector MPI-distributed (1 ranks)
[RESILIENCE] Iteration 30: Global theta state checkpointed at path checkpoints/checkpoint_iter_0030.npy. 
Iter 0031 | Energy: -2.598511 | Delta: 1.33e-01 | M: 3920.7306 | Path: Statevector MPI-distributed (1 ranks)
Iter 0032 | Energy: -2.607507 | Delta: 9.00e-03 | M: 4128.2297 | Path: Statevector MPI-distributed (1 ranks)
Iter 0033 | Energy: -2.651734 | Delta: 4.42e-02 | M: 4072.5178 | Path: Statevector MPI-distributed (1 ranks)
Iter 0034 | Energy: -2.648875 | Delta: 2.86e-03 | M: 3702.3136 | Path: Statevector MPI-distributed (1 ranks)
Iter 0035 | Energy: -2.746379 | Delta: 9.75e-02 | M: 4569.8677 | Path: Statevector MPI-distributed (1 ranks)
[RESILIENCE] Iteration 35: Global theta state checkpointed at path checkpoints/checkpoint_iter_0035.npy. 
Iter 0036 | Energy: -2.744064 | Delta: 2.32e-03 | M: 3857.2455 | Path: Statevector MPI-distributed (1 ranks)
Iter 0037 | Energy: -2.733981 | Delta: 1.01e-02 | M: 4096.1544 | Path: Statevector MPI-distributed (1 ranks)
Iter 0038 | Energy: -2.739995 | Delta: 6.01e-03 | M: 4151.6974 | Path: Statevector MPI-distributed (1 ranks)
Iter 0039 | Energy: -2.809085 | Delta: 6.91e-02 | M: 4096.6062 | Path: Statevector MPI-distributed (1 ranks)
Iter 0040 | Energy: -2.804282 | Delta: 4.80e-03 | M: 3924.3029 | Path: Statevector MPI-distributed (1 ranks)
[RESILIENCE] Iteration 40: Global theta state checkpointed at path checkpoints/checkpoint_iter_0040.npy. 
Iter 0041 | Energy: -2.980021 | Delta: 1.76e-01 | M: 4048.7481 | Path: Statevector MPI-distributed (1 ranks)
Iter 0042 | Energy: -2.981840 | Delta: 1.82e-03 | M: 3878.9369 | Path: Statevector MPI-distributed (1 ranks)
Iter 0043 | Energy: -2.993945 | Delta: 1.21e-02 | M: 3187.6037 | Path: Statevector MPI-distributed (1 ranks)
Iter 0044 | Energy: -3.038957 | Delta: 4.50e-02 | M: 4112.8531 | Path: Statevector MPI-distributed (1 ranks)
Iter 0045 | Energy: -3.102583 | Delta: 6.36e-02 | M: 3538.3199 | Path: Statevector MPI-distributed (1 ranks)
[RESILIENCE] Iteration 45: Global theta state checkpointed at path checkpoints/checkpoint_iter_0045.npy. 
Iter 0046 | Energy: -3.117980 | Delta: 1.54e-02 | M: 3844.9009 | Path: Statevector MPI-distributed (1 ranks)
Iter 0047 | Energy: -3.116120 | Delta: 1.86e-03 | M: 3616.2350 | Path: Statevector MPI-distributed (1 ranks)
Iter 0048 | Energy: -3.169021 | Delta: 5.29e-02 | M: 3500.4551 | Path: Statevector MPI-distributed (1 ranks)
Iter 0049 | Energy: -3.410050 | Delta: 2.41e-01 | M: 3049.0488 | Path: Statevector MPI-distributed (1 ranks)
Iter 0050 | Energy: -3.416727 | Delta: 6.68e-03 | M: 3630.1173 | Path: Statevector MPI-distributed (1 ranks)
[RESILIENCE] Iteration 50: Global theta state checkpointed at path checkpoints/checkpoint_iter_0050.npy. 
Iter 0051 | Energy: -3.413315 | Delta: 3.41e-03 | M: 3889.9930 | Path: Statevector MPI-distributed (1 ranks)
Iter 0052 | Energy: -3.449040 | Delta: 3.57e-02 | M: 2850.9411 | Path: Statevector MPI-distributed (1 ranks)
Iter 0053 | Energy: -3.470126 | Delta: 2.11e-02 | M: 3712.1680 | Path: Statevector MPI-distributed (1 ranks)
Iter 0054 | Energy: -3.487130 | Delta: 1.70e-02 | M: 4598.3234 | Path: Statevector MPI-distributed (1 ranks)
Iter 0055 | Energy: -3.488560 | Delta: 1.43e-03 | M: 3669.6688 | Path: Statevector MPI-distributed (1 ranks)
[RESILIENCE] Iteration 55: Global theta state checkpointed at path checkpoints/checkpoint_iter_0055.npy. 
Iter 0056 | Energy: -3.483143 | Delta: 5.42e-03 | M: 3602.8426 | Path: Statevector MPI-distributed (1 ranks)
Iter 0057 | Energy: -3.494881 | Delta: 1.17e-02 | M: 3627.8670 | Path: Statevector MPI-distributed (1 ranks)
Iter 0058 | Energy: -3.555502 | Delta: 6.06e-02 | M: 3369.8403 | Path: Statevector MPI-distributed (1 ranks)
Iter 0059 | Energy: -3.567616 | Delta: 1.21e-02 | M: 3397.9728 | Path: Statevector MPI-distributed (1 ranks)
Iter 0060 | Energy: -3.585150 | Delta: 1.75e-02 | M: 3518.8250 | Path: Statevector MPI-distributed (1 ranks)
[RESILIENCE] Iteration 60: Global theta state checkpointed at path checkpoints/checkpoint_iter_0060.npy. 
Iter 0061 | Energy: -3.627762 | Delta: 4.26e-02 | M: 5337.1031 | Path: Statevector MPI-distributed (1 ranks)
Iter 0062 | Energy: -3.829490 | Delta: 2.02e-01 | M: 5388.6115 | Path: Statevector MPI-distributed (1 ranks)
Iter 0063 | Energy: -3.830947 | Delta: 1.46e-03 | M: 3804.5341 | Path: Statevector MPI-distributed (1 ranks)
Iter 0064 | Energy: -3.817917 | Delta: 1.30e-02 | M: 4012.3263 | Path: Statevector MPI-distributed (1 ranks)
Iter 0065 | Energy: -3.911599 | Delta: 9.37e-02 | M: 4530.9601 | Path: Statevector MPI-distributed (1 ranks)
[RESILIENCE] Iteration 65: Global theta state checkpointed at path checkpoints/checkpoint_iter_0065.npy. 
Iter 0066 | Energy: -3.902504 | Delta: 9.09e-03 | M: 3756.8565 | Path: Statevector MPI-distributed (1 ranks)
Iter 0067 | Energy: -3.984599 | Delta: 8.21e-02 | M: 3540.1210 | Path: Statevector MPI-distributed (1 ranks)
Iter 0068 | Energy: -4.009119 | Delta: 2.45e-02 | M: 2897.3463 | Path: Statevector MPI-distributed (1 ranks)
Iter 0069 | Energy: -3.995157 | Delta: 1.40e-02 | M: 3482.1629 | Path: Statevector MPI-distributed (1 ranks)
Iter 0070 | Energy: -4.051964 | Delta: 5.68e-02 | M: 4498.8229 | Path: Statevector MPI-distributed (1 ranks)
[RESILIENCE] Iteration 70: Global theta state checkpointed at path checkpoints/checkpoint_iter_0070.npy. 
Iter 0071 | Energy: -4.042290 | Delta: 9.67e-03 | M: 4979.8038 | Path: Statevector MPI-distributed (1 ranks)
Iter 0072 | Energy: -4.096037 | Delta: 5.37e-02 | M: 3318.7085 | Path: Statevector MPI-distributed (1 ranks)
Iter 0073 | Energy: -4.119264 | Delta: 2.32e-02 | M: 3912.4847 | Path: Statevector MPI-distributed (1 ranks)
Iter 0074 | Energy: -4.144186 | Delta: 2.49e-02 | M: 3899.4059 | Path: Statevector MPI-distributed (1 ranks)
Iter 0075 | Energy: -4.296342 | Delta: 1.52e-01 | M: 3982.5567 | Path: Statevector MPI-distributed (1 ranks)
[RESILIENCE] Iteration 75: Global theta state checkpointed at path checkpoints/checkpoint_iter_0075.npy. 
Iter 0076 | Energy: -4.310445 | Delta: 1.41e-02 | M: 3643.2234 | Path: Statevector MPI-distributed (1 ranks)
Iter 0077 | Energy: -4.324335 | Delta: 1.39e-02 | M: 3680.3428 | Path: Statevector MPI-distributed (1 ranks)
Iter 0078 | Energy: -4.353201 | Delta: 2.89e-02 | M: 3448.0401 | Path: Statevector MPI-distributed (1 ranks)
Iter 0079 | Energy: -4.352759 | Delta: 4.43e-04 | M: 545.4530 | Path: Statevector MPI-distributed (1 ranks)
Iter 0080 | Energy: -4.404900 | Delta: 5.21e-02 | M: 5093.5716 | Path: Statevector MPI-distributed (1 ranks)
[RESILIENCE] Iteration 80: Global theta state checkpointed at path checkpoints/checkpoint_iter_0080.npy. 
Iter 0081 | Energy: -4.445657 | Delta: 4.08e-02 | M: 3836.1585 | Path: Statevector MPI-distributed (1 ranks)
Iter 0082 | Energy: -4.424259 | Delta: 2.14e-02 | M: 2641.9696 | Path: Statevector MPI-distributed (1 ranks)
Iter 0083 | Energy: -4.427936 | Delta: 3.68e-03 | M: 3557.8501 | Path: Statevector MPI-distributed (1 ranks)
Iter 0084 | Energy: -4.469781 | Delta: 4.18e-02 | M: 3679.4099 | Path: Statevector MPI-distributed (1 ranks)
Iter 0085 | Energy: -4.485128 | Delta: 1.53e-02 | M: 3409.7411 | Path: Statevector MPI-distributed (1 ranks)
[RESILIENCE] Iteration 85: Global theta state checkpointed at path checkpoints/checkpoint_iter_0085.npy. 
Iter 0086 | Energy: -4.541207 | Delta: 5.61e-02 | M: 2894.4432 | Path: Statevector MPI-distributed (1 ranks)
Iter 0087 | Energy: -4.564894 | Delta: 2.37e-02 | M: 3461.9113 | Path: Statevector MPI-distributed (1 ranks)
Iter 0088 | Energy: -4.590458 | Delta: 2.56e-02 | M: 3879.9697 | Path: Statevector MPI-distributed (1 ranks)
Iter 0089 | Energy: -4.609834 | Delta: 1.94e-02 | M: 4035.1949 | Path: Statevector MPI-distributed (1 ranks)
Iter 0090 | Energy: -4.598708 | Delta: 1.11e-02 | M: 4455.5502 | Path: Statevector MPI-distributed (1 ranks)
[RESILIENCE] Iteration 90: Global theta state checkpointed at path checkpoints/checkpoint_iter_0090.npy. 
Iter 0091 | Energy: -4.633494 | Delta: 3.48e-02 | M: 4639.8639 | Path: Statevector MPI-distributed (1 ranks)
Iter 0092 | Energy: -4.636828 | Delta: 3.33e-03 | M: 2751.5273 | Path: Statevector MPI-distributed (1 ranks)
Iter 0093 | Energy: -4.649982 | Delta: 1.32e-02 | M: 3720.8666 | Path: Statevector MPI-distributed (1 ranks)
Iter 0094 | Energy: -4.651533 | Delta: 1.55e-03 | M: 3424.0946 | Path: Statevector MPI-distributed (1 ranks)
Iter 0095 | Energy: -4.662297 | Delta: 1.08e-02 | M: 3829.5277 | Path: Statevector MPI-distributed (1 ranks)
[RESILIENCE] Iteration 95: Global theta state checkpointed at path checkpoints/checkpoint_iter_0095.npy. 
Iter 0096 | Energy: -4.651305 | Delta: 1.10e-02 | M: 3586.0204 | Path: Statevector MPI-distributed (1 ranks)
Iter 0097 | Energy: -4.696967 | Delta: 4.57e-02 | M: 2882.0267 | Path: Statevector MPI-distributed (1 ranks)
Iter 0098 | Energy: -4.677034 | Delta: 1.99e-02 | M: 3825.0304 | Path: Statevector MPI-distributed (1 ranks)
Iter 0099 | Energy: -4.671077 | Delta: 5.96e-03 | M: 3791.5358 | Path: Statevector MPI-distributed (1 ranks)
Iter 0100 | Energy: -4.692385 | Delta: 2.13e-02 | M: 3703.4838 | Path: Statevector MPI-distributed (1 ranks)
[RESILIENCE] Iteration 100: Global theta state checkpointed at path checkpoints/checkpoint_iter_0100.npy. 
Iter 0101 | Energy: -4.693769 | Delta: 1.38e-03 | M: 2984.6267 | Path: Statevector MPI-distributed (1 ranks)
Iter 0102 | Energy: -4.703443 | Delta: 9.67e-03 | M: 3549.1048 | Path: Statevector MPI-distributed (1 ranks)
Iter 0103 | Energy: -4.713428 | Delta: 9.98e-03 | M: 3463.2287 | Path: Statevector MPI-distributed (1 ranks)
Iter 0104 | Energy: -4.742936 | Delta: 2.95e-02 | M: 3455.5559 | Path: Statevector MPI-distributed (1 ranks)
Iter 0105 | Energy: -4.820990 | Delta: 7.81e-02 | M: 3544.0075 | Path: Statevector MPI-distributed (1 ranks)
[RESILIENCE] Iteration 105: Global theta state checkpointed at path checkpoints/checkpoint_iter_0105.npy. 
Iter 0106 | Energy: -4.807359 | Delta: 1.36e-02 | M: 602.1588 | Path: Statevector MPI-distributed (1 ranks)
Iter 0107 | Energy: -4.887350 | Delta: 8.00e-02 | M: 4775.4519 | Path: Statevector MPI-distributed (1 ranks)
Iter 0108 | Energy: -4.886009 | Delta: 1.34e-03 | M: 3876.1490 | Path: Statevector MPI-distributed (1 ranks)
Iter 0109 | Energy: -4.882643 | Delta: 3.37e-03 | M: 3202.8456 | Path: Statevector MPI-distributed (1 ranks)
Iter 0110 | Energy: -4.887824 | Delta: 5.18e-03 | M: 5101.6329 | Path: Statevector MPI-distributed (1 ranks)
[RESILIENCE] Iteration 110: Global theta state checkpointed at path checkpoints/checkpoint_iter_0110.npy. 
Iter 0111 | Energy: -4.898174 | Delta: 1.03e-02 | M: 3709.1909 | Path: Statevector MPI-distributed (1 ranks)
Iter 0112 | Energy: -4.905612 | Delta: 7.44e-03 | M: 3743.3142 | Path: Statevector MPI-distributed (1 ranks)
Iter 0113 | Energy: -4.918193 | Delta: 1.26e-02 | M: 3298.3840 | Path: Statevector MPI-distributed (1 ranks)
Iter 0114 | Energy: -4.926439 | Delta: 8.25e-03 | M: 3687.6144 | Path: Statevector MPI-distributed (1 ranks)
Iter 0115 | Energy: -4.922695 | Delta: 3.74e-03 | M: 4159.7014 | Path: Statevector MPI-distributed (1 ranks)
[RESILIENCE] Iteration 115: Global theta state checkpointed at path checkpoints/checkpoint_iter_0115.npy. 
Iter 0116 | Energy: -4.923824 | Delta: 1.13e-03 | M: 3382.0593 | Path: Statevector MPI-distributed (1 ranks)
Iter 0117 | Energy: -4.932395 | Delta: 8.57e-03 | M: 3282.1239 | Path: Statevector MPI-distributed (1 ranks)
Iter 0118 | Energy: -4.928025 | Delta: 4.37e-03 | M: 3196.9946 | Path: Statevector MPI-distributed (1 ranks)
Iter 0119 | Energy: -4.930540 | Delta: 2.51e-03 | M: 3797.7198 | Path: Statevector MPI-distributed (1 ranks)
Iter 0120 | Energy: -4.942969 | Delta: 1.24e-02 | M: 3656.2653 | Path: Statevector MPI-distributed (1 ranks)
[RESILIENCE] Iteration 120: Global theta state checkpointed at path checkpoints/checkpoint_iter_0120.npy. 
Iter 0121 | Energy: -4.970766 | Delta: 2.78e-02 | M: 3690.2691 | Path: Statevector MPI-distributed (1 ranks)
Iter 0122 | Energy: -4.983709 | Delta: 1.29e-02 | M: 3481.2110 | Path: Statevector MPI-distributed (1 ranks)
Iter 0123 | Energy: -4.971621 | Delta: 1.21e-02 | M: 3597.7162 | Path: Statevector MPI-distributed (1 ranks)
Iter 0124 | Energy: -4.977593 | Delta: 5.97e-03 | M: 4048.4429 | Path: Statevector MPI-distributed (1 ranks)
Iter 0125 | Energy: -4.991967 | Delta: 1.44e-02 | M: 3575.9965 | Path: Statevector MPI-distributed (1 ranks)
[RESILIENCE] Iteration 125: Global theta state checkpointed at path checkpoints/checkpoint_iter_0125.npy. 
Iter 0126 | Energy: -4.989138 | Delta: 2.83e-03 | M: 3625.9660 | Path: Statevector MPI-distributed (1 ranks)
Iter 0127 | Energy: -4.994718 | Delta: 5.58e-03 | M: 4472.9921 | Path: Statevector MPI-distributed (1 ranks)
Iter 0128 | Energy: -4.991883 | Delta: 2.83e-03 | M: 3471.7084 | Path: Statevector MPI-distributed (1 ranks)
Iter 0129 | Energy: -5.022001 | Delta: 3.01e-02 | M: 3610.8698 | Path: Statevector MPI-distributed (1 ranks)
Iter 0130 | Energy: -5.017298 | Delta: 4.70e-03 | M: 3462.6975 | Path: Statevector MPI-distributed (1 ranks)
[RESILIENCE] Iteration 130: Global theta state checkpointed at path checkpoints/checkpoint_iter_0130.npy. 
Iter 0131 | Energy: -5.034101 | Delta: 1.68e-02 | M: 4377.0654 | Path: Statevector MPI-distributed (1 ranks)
Iter 0132 | Energy: -5.034277 | Delta: 1.76e-04 | M: 3792.7767 | Path: Statevector MPI-distributed (1 ranks)
Iter 0133 | Energy: -5.034914 | Delta: 6.37e-04 | M: 3507.4134 | Path: Statevector MPI-distributed (1 ranks)
Iter 0134 | Energy: -5.032880 | Delta: 2.03e-03 | M: 3768.7867 | Path: Statevector MPI-distributed (1 ranks)
Iter 0135 | Energy: -5.030893 | Delta: 1.99e-03 | M: 3654.3813 | Path: Statevector MPI-distributed (1 ranks)
[RESILIENCE] Iteration 135: Global theta state checkpointed at path checkpoints/checkpoint_iter_0135.npy. 
Iter 0136 | Energy: -5.039358 | Delta: 8.47e-03 | M: 3863.6967 | Path: Statevector MPI-distributed (1 ranks)
Iter 0137 | Energy: -5.038301 | Delta: 1.06e-03 | M: 3695.4373 | Path: Statevector MPI-distributed (1 ranks)
Iter 0138 | Energy: -5.057716 | Delta: 1.94e-02 | M: 3744.3084 | Path: Statevector MPI-distributed (1 ranks)
Iter 0139 | Energy: -5.059436 | Delta: 1.72e-03 | M: 3734.2170 | Path: Statevector MPI-distributed (1 ranks)
Iter 0140 | Energy: -5.047432 | Delta: 1.20e-02 | M: 3428.9653 | Path: Statevector MPI-distributed (1 ranks)
[RESILIENCE] Iteration 140: Global theta state checkpointed at path checkpoints/checkpoint_iter_0140.npy. 
Iter 0141 | Energy: -5.060682 | Delta: 1.32e-02 | M: 4469.6002 | Path: Statevector MPI-distributed (1 ranks)
Iter 0142 | Energy: -5.078006 | Delta: 1.73e-02 | M: 3496.0282 | Path: Statevector MPI-distributed (1 ranks)
Iter 0143 | Energy: -5.078794 | Delta: 7.88e-04 | M: 3765.9012 | Path: Statevector MPI-distributed (1 ranks)
Iter 0144 | Energy: -5.083178 | Delta: 4.38e-03 | M: 3401.3030 | Path: Statevector MPI-distributed (1 ranks)
Iter 0145 | Energy: -5.081849 | Delta: 1.33e-03 | M: 3615.1586 | Path: Statevector MPI-distributed (1 ranks)
[RESILIENCE] Iteration 145: Global theta state checkpointed at path checkpoints/checkpoint_iter_0145.npy. 
Iter 0146 | Energy: -5.092412 | Delta: 1.06e-02 | M: 3725.4517 | Path: Statevector MPI-distributed (1 ranks)
Iter 0147 | Energy: -5.099391 | Delta: 6.98e-03 | M: 3511.3573 | Path: Statevector MPI-distributed (1 ranks)
Iter 0148 | Energy: -5.095392 | Delta: 4.00e-03 | M: 3554.9628 | Path: Statevector MPI-distributed (1 ranks)
Iter 0149 | Energy: -5.101474 | Delta: 6.08e-03 | M: 3738.7927 | Path: Statevector MPI-distributed (1 ranks)
Iter 0150 | Energy: -5.093997 | Delta: 7.48e-03 | M: 3894.3062 | Path: Statevector MPI-distributed (1 ranks)
[RESILIENCE] Iteration 150: Global theta state checkpointed at path checkpoints/checkpoint_iter_0150.npy. 
Iter 0151 | Energy: -5.142416 | Delta: 4.84e-02 | M: 3674.0051 | Path: Statevector MPI-distributed (1 ranks)
Iter 0152 | Energy: -5.147733 | Delta: 5.32e-03 | M: 3645.0636 | Path: Statevector MPI-distributed (1 ranks)
Iter 0153 | Energy: -5.161014 | Delta: 1.33e-02 | M: 4536.8168 | Path: Statevector MPI-distributed (1 ranks)
Iter 0154 | Energy: -5.148824 | Delta: 1.22e-02 | M: 3658.4137 | Path: Statevector MPI-distributed (1 ranks)
Iter 0155 | Energy: -5.159421 | Delta: 1.06e-02 | M: 3486.1145 | Path: Statevector MPI-distributed (1 ranks)
[RESILIENCE] Iteration 155: Global theta state checkpointed at path checkpoints/checkpoint_iter_0155.npy. 
Iter 0156 | Energy: -5.149561 | Delta: 9.86e-03 | M: 2994.0205 | Path: Statevector MPI-distributed (1 ranks)
Iter 0157 | Energy: -5.159574 | Delta: 1.00e-02 | M: 5236.8913 | Path: Statevector MPI-distributed (1 ranks)
Iter 0158 | Energy: -5.160234 | Delta: 6.60e-04 | M: 3464.9637 | Path: Statevector MPI-distributed (1 ranks)
Iter 0159 | Energy: -5.176828 | Delta: 1.66e-02 | M: 4565.7548 | Path: Statevector MPI-distributed (1 ranks)
Iter 0160 | Energy: -5.166728 | Delta: 1.01e-02 | M: 2799.2026 | Path: Statevector MPI-distributed (1 ranks)
[RESILIENCE] Iteration 160: Global theta state checkpointed at path checkpoints/checkpoint_iter_0160.npy. 
Iter 0161 | Energy: -5.178611 | Delta: 1.19e-02 | M: 3519.8988 | Path: Statevector MPI-distributed (1 ranks)
Iter 0162 | Energy: -5.182598 | Delta: 3.99e-03 | M: 4058.6748 | Path: Statevector MPI-distributed (1 ranks)
Iter 0163 | Energy: -5.195327 | Delta: 1.27e-02 | M: 3853.6579 | Path: Statevector MPI-distributed (1 ranks)
Iter 0164 | Energy: -5.198606 | Delta: 3.28e-03 | M: 3446.8071 | Path: Statevector MPI-distributed (1 ranks)
Iter 0165 | Energy: -5.203289 | Delta: 4.68e-03 | M: 3814.6358 | Path: Statevector MPI-distributed (1 ranks)
[RESILIENCE] Iteration 165: Global theta state checkpointed at path checkpoints/checkpoint_iter_0165.npy. 
Iter 0166 | Energy: -5.199032 | Delta: 4.26e-03 | M: 3424.9933 | Path: Statevector MPI-distributed (1 ranks)
Iter 0167 | Energy: -5.201398 | Delta: 2.37e-03 | M: 4664.5092 | Path: Statevector MPI-distributed (1 ranks)
Iter 0168 | Energy: -5.209929 | Delta: 8.53e-03 | M: 3608.7809 | Path: Statevector MPI-distributed (1 ranks)
Iter 0169 | Energy: -5.213969 | Delta: 4.04e-03 | M: 3810.9484 | Path: Statevector MPI-distributed (1 ranks)
Iter 0170 | Energy: -5.219590 | Delta: 5.62e-03 | M: 3082.7478 | Path: Statevector MPI-distributed (1 ranks)
[RESILIENCE] Iteration 170: Global theta state checkpointed at path checkpoints/checkpoint_iter_0170.npy. 
Iter 0171 | Energy: -5.201697 | Delta: 1.79e-02 | M: 3271.0529 | Path: Statevector MPI-distributed (1 ranks)
Iter 0172 | Energy: -5.226986 | Delta: 2.53e-02 | M: 3703.4822 | Path: Statevector MPI-distributed (1 ranks)
Iter 0173 | Energy: -5.236469 | Delta: 9.48e-03 | M: 3378.9498 | Path: Statevector MPI-distributed (1 ranks)
Iter 0174 | Energy: -5.244509 | Delta: 8.04e-03 | M: 3607.7995 | Path: Statevector MPI-distributed (1 ranks)
Iter 0175 | Energy: -5.242892 | Delta: 1.62e-03 | M: 3632.4147 | Path: Statevector MPI-distributed (1 ranks)
[RESILIENCE] Iteration 175: Global theta state checkpointed at path checkpoints/checkpoint_iter_0175.npy. 
Iter 0176 | Energy: -5.250978 | Delta: 8.09e-03 | M: 5615.5302 | Path: Statevector MPI-distributed (1 ranks)
Iter 0177 | Energy: -5.249013 | Delta: 1.97e-03 | M: 4060.6751 | Path: Statevector MPI-distributed (1 ranks)
Iter 0178 | Energy: -5.252923 | Delta: 3.91e-03 | M: 3841.2062 | Path: Statevector MPI-distributed (1 ranks)
Iter 0179 | Energy: -5.259389 | Delta: 6.47e-03 | M: 3439.9984 | Path: Statevector MPI-distributed (1 ranks)
Iter 0180 | Energy: -5.265534 | Delta: 6.14e-03 | M: 3510.3721 | Path: Statevector MPI-distributed (1 ranks)
[RESILIENCE] Iteration 180: Global theta state checkpointed at path checkpoints/checkpoint_iter_0180.npy. 
Iter 0181 | Energy: -5.272408 | Delta: 6.87e-03 | M: 2804.3160 | Path: Statevector MPI-distributed (1 ranks)
Iter 0182 | Energy: -5.276146 | Delta: 3.74e-03 | M: 4177.0754 | Path: Statevector MPI-distributed (1 ranks)
Iter 0183 | Energy: -5.277952 | Delta: 1.81e-03 | M: 3682.2682 | Path: Statevector MPI-distributed (1 ranks)
Iter 0184 | Energy: -5.270365 | Delta: 7.59e-03 | M: 3209.5575 | Path: Statevector MPI-distributed (1 ranks)
Iter 0185 | Energy: -5.306448 | Delta: 3.61e-02 | M: 3520.6405 | Path: Statevector MPI-distributed (1 ranks)
[RESILIENCE] Iteration 185: Global theta state checkpointed at path checkpoints/checkpoint_iter_0185.npy. 
Iter 0186 | Energy: -5.302343 | Delta: 4.11e-03 | M: 3563.8787 | Path: Statevector MPI-distributed (1 ranks)
Iter 0187 | Energy: -5.329090 | Delta: 2.67e-02 | M: 4056.3194 | Path: Statevector MPI-distributed (1 ranks)
Iter 0188 | Energy: -5.329651 | Delta: 5.61e-04 | M: 3683.5260 | Path: Statevector MPI-distributed (1 ranks)
Iter 0189 | Energy: -5.334136 | Delta: 4.49e-03 | M: 2979.3920 | Path: Statevector MPI-distributed (1 ranks)
Iter 0190 | Energy: -5.342495 | Delta: 8.36e-03 | M: 3901.4055 | Path: Statevector MPI-distributed (1 ranks)
[RESILIENCE] Iteration 190: Global theta state checkpointed at path checkpoints/checkpoint_iter_0190.npy. 
Iter 0191 | Energy: -5.349066 | Delta: 6.57e-03 | M: 3648.8188 | Path: Statevector MPI-distributed (1 ranks)
Iter 0192 | Energy: -5.345751 | Delta: 3.32e-03 | M: 3777.3957 | Path: Statevector MPI-distributed (1 ranks)
Iter 0193 | Energy: -5.345191 | Delta: 5.60e-04 | M: 3493.7621 | Path: Statevector MPI-distributed (1 ranks)
Iter 0194 | Energy: -5.347354 | Delta: 2.16e-03 | M: 3679.6172 | Path: Statevector MPI-distributed (1 ranks)
Iter 0195 | Energy: -5.351432 | Delta: 4.08e-03 | M: 2881.1150 | Path: Statevector MPI-distributed (1 ranks)
[RESILIENCE] Iteration 195: Global theta state checkpointed at path checkpoints/checkpoint_iter_0195.npy. 
Iter 0196 | Energy: -5.353778 | Delta: 2.35e-03 | M: 3489.4807 | Path: Statevector MPI-distributed (1 ranks)
Iter 0197 | Energy: -5.348190 | Delta: 5.59e-03 | M: 3525.7373 | Path: Statevector MPI-distributed (1 ranks)
Iter 0198 | Energy: -5.352912 | Delta: 4.72e-03 | M: 3572.2896 | Path: Statevector MPI-distributed (1 ranks)
Iter 0199 | Energy: -5.354803 | Delta: 1.89e-03 | M: 3622.5747 | Path: Statevector MPI-distributed (1 ranks)
Iter 0200 | Energy: -5.365382 | Delta: 1.06e-02 | M: 3193.2199 | Path: Statevector MPI-distributed (1 ranks)
[RESILIENCE] Iteration 200: Global theta state checkpointed at path checkpoints/checkpoint_iter_0200.npy. 
Iter 0201 | Energy: -5.370394 | Delta: 5.01e-03 | M: 3825.1318 | Path: Statevector MPI-distributed (1 ranks)
Iter 0202 | Energy: -5.362730 | Delta: 7.66e-03 | M: 3645.0942 | Path: Statevector MPI-distributed (1 ranks)
Iter 0203 | Energy: -5.365804 | Delta: 3.07e-03 | M: 3555.5808 | Path: Statevector MPI-distributed (1 ranks)
Iter 0204 | Energy: -5.374394 | Delta: 8.59e-03 | M: 3809.1743 | Path: Statevector MPI-distributed (1 ranks)
Iter 0205 | Energy: -5.382588 | Delta: 8.19e-03 | M: 3686.6952 | Path: Statevector MPI-distributed (1 ranks)
[RESILIENCE] Iteration 205: Global theta state checkpointed at path checkpoints/checkpoint_iter_0205.npy. 
Iter 0206 | Energy: -5.372543 | Delta: 1.00e-02 | M: 2992.0486 | Path: Statevector MPI-distributed (1 ranks)
Iter 0207 | Energy: -5.365724 | Delta: 6.82e-03 | M: 3543.7661 | Path: Statevector MPI-distributed (1 ranks)
Iter 0208 | Energy: -5.377504 | Delta: 1.18e-02 | M: 3446.9810 | Path: Statevector MPI-distributed (1 ranks)
Iter 0209 | Energy: -5.373763 | Delta: 3.74e-03 | M: 3711.9451 | Path: Statevector MPI-distributed (1 ranks)
Iter 0210 | Energy: -5.375070 | Delta: 1.31e-03 | M: 3648.4026 | Path: Statevector MPI-distributed (1 ranks)
[RESILIENCE] Iteration 210: Global theta state checkpointed at path checkpoints/checkpoint_iter_0210.npy. 
Iter 0211 | Energy: -5.380190 | Delta: 5.12e-03 | M: 3478.6739 | Path: Statevector MPI-distributed (1 ranks)
Iter 0212 | Energy: -5.381144 | Delta: 9.54e-04 | M: 3648.8064 | Path: Statevector MPI-distributed (1 ranks)
Iter 0213 | Energy: -5.385935 | Delta: 4.79e-03 | M: 3998.4472 | Path: Statevector MPI-distributed (1 ranks)
Iter 0214 | Energy: -5.400971 | Delta: 1.50e-02 | M: 2717.8746 | Path: Statevector MPI-distributed (1 ranks)
Iter 0215 | Energy: -5.405807 | Delta: 4.84e-03 | M: 4028.9749 | Path: Statevector MPI-distributed (1 ranks)
[RESILIENCE] Iteration 215: Global theta state checkpointed at path checkpoints/checkpoint_iter_0215.npy. 
Iter 0216 | Energy: -5.418967 | Delta: 1.32e-02 | M: 2564.5425 | Path: Statevector MPI-distributed (1 ranks)
Iter 0217 | Energy: -5.405491 | Delta: 1.35e-02 | M: 3501.2245 | Path: Statevector MPI-distributed (1 ranks)
Iter 0218 | Energy: -5.404318 | Delta: 1.17e-03 | M: 3557.8173 | Path: Statevector MPI-distributed (1 ranks)
Iter 0219 | Energy: -5.433253 | Delta: 2.89e-02 | M: 3728.7490 | Path: Statevector MPI-distributed (1 ranks)
Iter 0220 | Energy: -5.434551 | Delta: 1.30e-03 | M: 3535.5063 | Path: Statevector MPI-distributed (1 ranks)
[RESILIENCE] Iteration 220: Global theta state checkpointed at path checkpoints/checkpoint_iter_0220.npy. 
Iter 0221 | Energy: -5.432291 | Delta: 2.26e-03 | M: 3239.2017 | Path: Statevector MPI-distributed (1 ranks)
Iter 0222 | Energy: -5.435286 | Delta: 2.99e-03 | M: 3712.7589 | Path: Statevector MPI-distributed (1 ranks)
Iter 0223 | Energy: -5.437984 | Delta: 2.70e-03 | M: 3621.2233 | Path: Statevector MPI-distributed (1 ranks)
Iter 0224 | Energy: -5.451731 | Delta: 1.37e-02 | M: 3453.6430 | Path: Statevector MPI-distributed (1 ranks)
Iter 0225 | Energy: -5.436230 | Delta: 1.55e-02 | M: 3487.2957 | Path: Statevector MPI-distributed (1 ranks)
[RESILIENCE] Iteration 225: Global theta state checkpointed at path checkpoints/checkpoint_iter_0225.npy. 
Iter 0226 | Energy: -5.444088 | Delta: 7.86e-03 | M: 3228.4529 | Path: Statevector MPI-distributed (1 ranks)
Iter 0227 | Energy: -5.438264 | Delta: 5.82e-03 | M: 3165.2761 | Path: Statevector MPI-distributed (1 ranks)
Iter 0228 | Energy: -5.459627 | Delta: 2.14e-02 | M: 3504.5616 | Path: Statevector MPI-distributed (1 ranks)
Iter 0229 | Energy: -5.452174 | Delta: 7.45e-03 | M: 3650.9340 | Path: Statevector MPI-distributed (1 ranks)
Iter 0230 | Energy: -5.454366 | Delta: 2.19e-03 | M: 3350.7313 | Path: Statevector MPI-distributed (1 ranks)
[RESILIENCE] Iteration 230: Global theta state checkpointed at path checkpoints/checkpoint_iter_0230.npy. 
Iter 0231 | Energy: -5.468622 | Delta: 1.43e-02 | M: 3249.7030 | Path: Statevector MPI-distributed (1 ranks)
Iter 0232 | Energy: -5.479503 | Delta: 1.09e-02 | M: 3368.2061 | Path: Statevector MPI-distributed (1 ranks)
Iter 0233 | Energy: -5.469692 | Delta: 9.81e-03 | M: 3365.5797 | Path: Statevector MPI-distributed (1 ranks)
Iter 0234 | Energy: -5.478214 | Delta: 8.52e-03 | M: 3651.5878 | Path: Statevector MPI-distributed (1 ranks)
Iter 0235 | Energy: -5.494790 | Delta: 1.66e-02 | M: 3242.6012 | Path: Statevector MPI-distributed (1 ranks)
[RESILIENCE] Iteration 235: Global theta state checkpointed at path checkpoints/checkpoint_iter_0235.npy. 
Iter 0236 | Energy: -5.490529 | Delta: 4.26e-03 | M: 3548.4588 | Path: Statevector MPI-distributed (1 ranks)
Iter 0237 | Energy: -5.479087 | Delta: 1.14e-02 | M: 3537.3246 | Path: Statevector MPI-distributed (1 ranks)
Iter 0238 | Energy: -5.492386 | Delta: 1.33e-02 | M: 3341.9541 | Path: Statevector MPI-distributed (1 ranks)
Iter 0239 | Energy: -5.522216 | Delta: 2.98e-02 | M: 3376.7542 | Path: Statevector MPI-distributed (1 ranks)
Iter 0240 | Energy: -5.510256 | Delta: 1.20e-02 | M: 3564.0466 | Path: Statevector MPI-distributed (1 ranks)
[RESILIENCE] Iteration 240: Global theta state checkpointed at path checkpoints/checkpoint_iter_0240.npy. 
Iter 0241 | Energy: -5.507262 | Delta: 2.99e-03 | M: 3216.4860 | Path: Statevector MPI-distributed (1 ranks)
Iter 0242 | Energy: -5.507457 | Delta: 1.95e-04 | M: 3218.7581 | Path: Statevector MPI-distributed (1 ranks)
Iter 0243 | Energy: -5.512050 | Delta: 4.59e-03 | M: 2872.0517 | Path: Statevector MPI-distributed (1 ranks)
Iter 0244 | Energy: -5.520378 | Delta: 8.33e-03 | M: 4325.4700 | Path: Statevector MPI-distributed (1 ranks)
Iter 0245 | Energy: -5.519893 | Delta: 4.85e-04 | M: 3347.5240 | Path: Statevector MPI-distributed (1 ranks)
[RESILIENCE] Iteration 245: Global theta state checkpointed at path checkpoints/checkpoint_iter_0245.npy. 
Iter 0246 | Energy: -5.522600 | Delta: 2.71e-03 | M: 3128.5612 | Path: Statevector MPI-distributed (1 ranks)
Iter 0247 | Energy: -5.510025 | Delta: 1.26e-02 | M: 3416.6967 | Path: Statevector MPI-distributed (1 ranks)
Iter 0248 | Energy: -5.524323 | Delta: 1.43e-02 | M: 3288.3043 | Path: Statevector MPI-distributed (1 ranks)
Iter 0249 | Energy: -5.526138 | Delta: 1.82e-03 | M: 3859.7661 | Path: Statevector MPI-distributed (1 ranks)
Iter 0250 | Energy: -5.523420 | Delta: 2.72e-03 | M: 3305.9578 | Path: Statevector MPI-distributed (1 ranks)
[RESILIENCE] Iteration 250: Global theta state checkpointed at path checkpoints/checkpoint_iter_0250.npy. 
Iter 0251 | Energy: -5.521864 | Delta: 1.56e-03 | M: 3435.4475 | Path: Statevector MPI-distributed (1 ranks)
Iter 0252 | Energy: -5.524521 | Delta: 2.66e-03 | M: 4882.1649 | Path: Statevector MPI-distributed (1 ranks)
Iter 0253 | Energy: -5.534997 | Delta: 1.05e-02 | M: 3751.9982 | Path: Statevector MPI-distributed (1 ranks)
Iter 0254 | Energy: -5.526140 | Delta: 8.86e-03 | M: 5717.1736 | Path: Statevector MPI-distributed (1 ranks)
Iter 0255 | Energy: -5.525816 | Delta: 3.24e-04 | M: 3559.8643 | Path: Statevector MPI-distributed (1 ranks)
[RESILIENCE] Iteration 255: Global theta state checkpointed at path checkpoints/checkpoint_iter_0255.npy. 
Iter 0256 | Energy: -5.529340 | Delta: 3.52e-03 | M: 3586.5942 | Path: Statevector MPI-distributed (1 ranks)
Iter 0257 | Energy: -5.533735 | Delta: 4.40e-03 | M: 3963.7394 | Path: Statevector MPI-distributed (1 ranks)
Iter 0258 | Energy: -5.536646 | Delta: 2.91e-03 | M: 4725.2185 | Path: Statevector MPI-distributed (1 ranks)
Iter 0259 | Energy: -5.547723 | Delta: 1.11e-02 | M: 3813.5036 | Path: Statevector MPI-distributed (1 ranks)
Iter 0260 | Energy: -5.537765 | Delta: 9.96e-03 | M: 3719.7306 | Path: Statevector MPI-distributed (1 ranks)
[RESILIENCE] Iteration 260: Global theta state checkpointed at path checkpoints/checkpoint_iter_0260.npy. 
Iter 0261 | Energy: -5.535127 | Delta: 2.64e-03 | M: 3413.4883 | Path: Statevector MPI-distributed (1 ranks)
Iter 0262 | Energy: -5.536147 | Delta: 1.02e-03 | M: 3643.1473 | Path: Statevector MPI-distributed (1 ranks)
Iter 0263 | Energy: -5.540398 | Delta: 4.25e-03 | M: 4945.4893 | Path: Statevector MPI-distributed (1 ranks)
Iter 0264 | Energy: -5.538850 | Delta: 1.55e-03 | M: 3750.6776 | Path: Statevector MPI-distributed (1 ranks)
Iter 0265 | Energy: -5.547054 | Delta: 8.20e-03 | M: 3291.7848 | Path: Statevector MPI-distributed (1 ranks)
[RESILIENCE] Iteration 265: Global theta state checkpointed at path checkpoints/checkpoint_iter_0265.npy. 
Iter 0266 | Energy: -5.535875 | Delta: 1.12e-02 | M: 3588.0083 | Path: Statevector MPI-distributed (1 ranks)
Iter 0267 | Energy: -5.548327 | Delta: 1.25e-02 | M: 4741.7501 | Path: Statevector MPI-distributed (1 ranks)
Iter 0268 | Energy: -5.543711 | Delta: 4.62e-03 | M: 3578.0373 | Path: Statevector MPI-distributed (1 ranks)
Iter 0269 | Energy: -5.554546 | Delta: 1.08e-02 | M: 3492.1632 | Path: Statevector MPI-distributed (1 ranks)
Iter 0270 | Energy: -5.556443 | Delta: 1.90e-03 | M: 3957.7387 | Path: Statevector MPI-distributed (1 ranks)
[RESILIENCE] Iteration 270: Global theta state checkpointed at path checkpoints/checkpoint_iter_0270.npy. 
Iter 0271 | Energy: -5.563679 | Delta: 7.24e-03 | M: 4773.2490 | Path: Statevector MPI-distributed (1 ranks)
Iter 0272 | Energy: -5.561678 | Delta: 2.00e-03 | M: 3814.8295 | Path: Statevector MPI-distributed (1 ranks)
Iter 0273 | Energy: -5.559890 | Delta: 1.79e-03 | M: 2903.9306 | Path: Statevector MPI-distributed (1 ranks)
Iter 0274 | Energy: -5.563796 | Delta: 3.91e-03 | M: 3228.0986 | Path: Statevector MPI-distributed (1 ranks)
Iter 0275 | Energy: -5.568188 | Delta: 4.39e-03 | M: 3895.1841 | Path: Statevector MPI-distributed (1 ranks)
[RESILIENCE] Iteration 275: Global theta state checkpointed at path checkpoints/checkpoint_iter_0275.npy. 
Iter 0276 | Energy: -5.567215 | Delta: 9.73e-04 | M: 3129.4857 | Path: Statevector MPI-distributed (1 ranks)
Iter 0277 | Energy: -5.562241 | Delta: 4.97e-03 | M: 3785.3563 | Path: Statevector MPI-distributed (1 ranks)
Iter 0278 | Energy: -5.561295 | Delta: 9.46e-04 | M: 2597.5489 | Path: Statevector MPI-distributed (1 ranks)
Iter 0279 | Energy: -5.565680 | Delta: 4.38e-03 | M: 4002.0743 | Path: Statevector MPI-distributed (1 ranks)
Iter 0280 | Energy: -5.562736 | Delta: 2.94e-03 | M: 3677.0316 | Path: Statevector MPI-distributed (1 ranks)
[RESILIENCE] Iteration 280: Global theta state checkpointed at path checkpoints/checkpoint_iter_0280.npy. 
Iter 0281 | Energy: -5.561257 | Delta: 1.48e-03 | M: 3570.4073 | Path: Statevector MPI-distributed (1 ranks)
Iter 0282 | Energy: -5.569682 | Delta: 8.43e-03 | M: 3764.9594 | Path: Statevector MPI-distributed (1 ranks)
Iter 0283 | Energy: -5.577405 | Delta: 7.72e-03 | M: 4039.7129 | Path: Statevector MPI-distributed (1 ranks)
Iter 0284 | Energy: -5.569234 | Delta: 8.17e-03 | M: 3704.1173 | Path: Statevector MPI-distributed (1 ranks)
Iter 0285 | Energy: -5.580890 | Delta: 1.17e-02 | M: 3440.2052 | Path: Statevector MPI-distributed (1 ranks)
[RESILIENCE] Iteration 285: Global theta state checkpointed at path checkpoints/checkpoint_iter_0285.npy. 
Iter 0286 | Energy: -5.575414 | Delta: 5.48e-03 | M: 3538.5933 | Path: Statevector MPI-distributed (1 ranks)
Iter 0287 | Energy: -5.574003 | Delta: 1.41e-03 | M: 3762.1008 | Path: Statevector MPI-distributed (1 ranks)
Iter 0288 | Energy: -5.574885 | Delta: 8.83e-04 | M: 3293.7907 | Path: Statevector MPI-distributed (1 ranks)
Iter 0289 | Energy: -5.569441 | Delta: 5.44e-03 | M: 3428.7553 | Path: Statevector MPI-distributed (1 ranks)
Iter 0290 | Energy: -5.583807 | Delta: 1.44e-02 | M: 3571.1892 | Path: Statevector MPI-distributed (1 ranks)
[RESILIENCE] Iteration 290: Global theta state checkpointed at path checkpoints/checkpoint_iter_0290.npy. 
Iter 0291 | Energy: -5.579952 | Delta: 3.85e-03 | M: 2685.3020 | Path: Statevector MPI-distributed (1 ranks)
Iter 0292 | Energy: -5.592765 | Delta: 1.28e-02 | M: 4117.6929 | Path: Statevector MPI-distributed (1 ranks)
Iter 0293 | Energy: -5.581796 | Delta: 1.10e-02 | M: 3535.0907 | Path: Statevector MPI-distributed (1 ranks)
Iter 0294 | Energy: -5.588749 | Delta: 6.95e-03 | M: 3782.7661 | Path: Statevector MPI-distributed (1 ranks)
Iter 0295 | Energy: -5.582504 | Delta: 6.24e-03 | M: 3497.2951 | Path: Statevector MPI-distributed (1 ranks)
[RESILIENCE] Iteration 295: Global theta state checkpointed at path checkpoints/checkpoint_iter_0295.npy. 
Iter 0296 | Energy: -5.606954 | Delta: 2.45e-02 | M: 3831.0519 | Path: Statevector MPI-distributed (1 ranks)
Iter 0297 | Energy: -5.604499 | Delta: 2.46e-03 | M: 3681.3007 | Path: Statevector MPI-distributed (1 ranks)
Iter 0298 | Energy: -5.602176 | Delta: 2.32e-03 | M: 3571.2596 | Path: Statevector MPI-distributed (1 ranks)
Iter 0299 | Energy: -5.596380 | Delta: 5.80e-03 | M: 3558.4774 | Path: Statevector MPI-distributed (1 ranks)
Iter 0300 | Energy: -5.594932 | Delta: 1.45e-03 | M: 3643.1436 | Path: Statevector MPI-distributed (1 ranks)
[RESILIENCE] Iteration 300: Global theta state checkpointed at path checkpoints/checkpoint_iter_0300.npy. 
Iter 0301 | Energy: -5.605683 | Delta: 1.08e-02 | M: 3549.3516 | Path: Statevector MPI-distributed (1 ranks)
Iter 0302 | Energy: -5.610572 | Delta: 4.89e-03 | M: 3630.3154 | Path: Statevector MPI-distributed (1 ranks)
Iter 0303 | Energy: -5.608447 | Delta: 2.13e-03 | M: 3489.2731 | Path: Statevector MPI-distributed (1 ranks)
Iter 0304 | Energy: -5.609781 | Delta: 1.33e-03 | M: 3593.3561 | Path: Statevector MPI-distributed (1 ranks)
Iter 0305 | Energy: -5.609527 | Delta: 2.54e-04 | M: 3422.9471 | Path: Statevector MPI-distributed (1 ranks)
[RESILIENCE] Iteration 305: Global theta state checkpointed at path checkpoints/checkpoint_iter_0305.npy. 
Iter 0306 | Energy: -5.604956 | Delta: 4.57e-03 | M: 3672.8722 | Path: Statevector MPI-distributed (1 ranks)
Iter 0307 | Energy: -5.607912 | Delta: 2.96e-03 | M: 3706.6660 | Path: Statevector MPI-distributed (1 ranks)
Iter 0308 | Energy: -5.610452 | Delta: 2.54e-03 | M: 3571.8890 | Path: Statevector MPI-distributed (1 ranks)
Iter 0309 | Energy: -5.612346 | Delta: 1.89e-03 | M: 2757.2820 | Path: Statevector MPI-distributed (1 ranks)
Iter 0310 | Energy: -5.608464 | Delta: 3.88e-03 | M: 3424.4221 | Path: Statevector MPI-distributed (1 ranks)
[RESILIENCE] Iteration 310: Global theta state checkpointed at path checkpoints/checkpoint_iter_0310.npy. 
Iter 0311 | Energy: -5.617201 | Delta: 8.74e-03 | M: 3682.2001 | Path: Statevector MPI-distributed (1 ranks)
Iter 0312 | Energy: -5.607315 | Delta: 9.89e-03 | M: 3299.5641 | Path: Statevector MPI-distributed (1 ranks)
Iter 0313 | Energy: -5.626382 | Delta: 1.91e-02 | M: 3959.4490 | Path: Statevector MPI-distributed (1 ranks)
Iter 0314 | Energy: -5.628711 | Delta: 2.33e-03 | M: 3769.0631 | Path: Statevector MPI-distributed (1 ranks)
Iter 0315 | Energy: -5.624841 | Delta: 3.87e-03 | M: 3837.9496 | Path: Statevector MPI-distributed (1 ranks)
[RESILIENCE] Iteration 315: Global theta state checkpointed at path checkpoints/checkpoint_iter_0315.npy. 
Iter 0316 | Energy: -5.628185 | Delta: 3.34e-03 | M: 2871.9611 | Path: Statevector MPI-distributed (1 ranks)
Iter 0317 | Energy: -5.624227 | Delta: 3.96e-03 | M: 3761.5136 | Path: Statevector MPI-distributed (1 ranks)
Iter 0318 | Energy: -5.635506 | Delta: 1.13e-02 | M: 2797.8587 | Path: Statevector MPI-distributed (1 ranks)
Iter 0319 | Energy: -5.632826 | Delta: 2.68e-03 | M: 4276.4292 | Path: Statevector MPI-distributed (1 ranks)
Iter 0320 | Energy: -5.633233 | Delta: 4.07e-04 | M: 3468.3453 | Path: Statevector MPI-distributed (1 ranks)
[RESILIENCE] Iteration 320: Global theta state checkpointed at path checkpoints/checkpoint_iter_0320.npy. 
Iter 0321 | Energy: -5.626053 | Delta: 7.18e-03 | M: 3701.1013 | Path: Statevector MPI-distributed (1 ranks)
Iter 0322 | Energy: -5.642951 | Delta: 1.69e-02 | M: 2750.4553 | Path: Statevector MPI-distributed (1 ranks)
Iter 0323 | Energy: -5.641077 | Delta: 1.87e-03 | M: 4274.7443 | Path: Statevector MPI-distributed (1 ranks)
Iter 0324 | Energy: -5.642271 | Delta: 1.19e-03 | M: 3502.0474 | Path: Statevector MPI-distributed (1 ranks)
Iter 0325 | Energy: -5.641003 | Delta: 1.27e-03 | M: 3699.0388 | Path: Statevector MPI-distributed (1 ranks)
[RESILIENCE] Iteration 325: Global theta state checkpointed at path checkpoints/checkpoint_iter_0325.npy. 
Iter 0326 | Energy: -5.648295 | Delta: 7.29e-03 | M: 3948.1764 | Path: Statevector MPI-distributed (1 ranks)
Iter 0327 | Energy: -5.649404 | Delta: 1.11e-03 | M: 4426.2471 | Path: Statevector MPI-distributed (1 ranks)
Iter 0328 | Energy: -5.647660 | Delta: 1.74e-03 | M: 3435.2742 | Path: Statevector MPI-distributed (1 ranks)
Iter 0329 | Energy: -5.662142 | Delta: 1.45e-02 | M: 3508.0918 | Path: Statevector MPI-distributed (1 ranks)
Iter 0330 | Energy: -5.648455 | Delta: 1.37e-02 | M: 3728.3190 | Path: Statevector MPI-distributed (1 ranks)
[RESILIENCE] Iteration 330: Global theta state checkpointed at path checkpoints/checkpoint_iter_0330.npy. 
Iter 0331 | Energy: -5.663319 | Delta: 1.49e-02 | M: 3498.9369 | Path: Statevector MPI-distributed (1 ranks)
Iter 0332 | Energy: -5.658969 | Delta: 4.35e-03 | M: 3696.5730 | Path: Statevector MPI-distributed (1 ranks)
Iter 0333 | Energy: -5.660361 | Delta: 1.39e-03 | M: 3793.5183 | Path: Statevector MPI-distributed (1 ranks)
Iter 0334 | Energy: -5.655352 | Delta: 5.01e-03 | M: 3211.9813 | Path: Statevector MPI-distributed (1 ranks)
Iter 0335 | Energy: -5.660498 | Delta: 5.15e-03 | M: 463.4993 | Path: Statevector MPI-distributed (1 ranks)
[RESILIENCE] Iteration 335: Global theta state checkpointed at path checkpoints/checkpoint_iter_0335.npy. 
Iter 0336 | Energy: -5.657663 | Delta: 2.84e-03 | M: 4261.3332 | Path: Statevector MPI-distributed (1 ranks)
Iter 0337 | Energy: -5.663067 | Delta: 5.40e-03 | M: 3773.4114 | Path: Statevector MPI-distributed (1 ranks)
Iter 0338 | Energy: -5.664144 | Delta: 1.08e-03 | M: 3057.5946 | Path: Statevector MPI-distributed (1 ranks)
Iter 0339 | Energy: -5.655370 | Delta: 8.77e-03 | M: 4198.5995 | Path: Statevector MPI-distributed (1 ranks)
Iter 0340 | Energy: -5.662063 | Delta: 6.69e-03 | M: 3991.7443 | Path: Statevector MPI-distributed (1 ranks)
[RESILIENCE] Iteration 340: Global theta state checkpointed at path checkpoints/checkpoint_iter_0340.npy. 
Iter 0341 | Energy: -5.669169 | Delta: 7.11e-03 | M: 3674.8063 | Path: Statevector MPI-distributed (1 ranks)
Iter 0342 | Energy: -5.658273 | Delta: 1.09e-02 | M: 3904.0552 | Path: Statevector MPI-distributed (1 ranks)
Iter 0343 | Energy: -5.668483 | Delta: 1.02e-02 | M: 3896.8434 | Path: Statevector MPI-distributed (1 ranks)
Iter 0344 | Energy: -5.665476 | Delta: 3.01e-03 | M: 3548.2678 | Path: Statevector MPI-distributed (1 ranks)
Iter 0345 | Energy: -5.674415 | Delta: 8.94e-03 | M: 3664.6780 | Path: Statevector MPI-distributed (1 ranks)
[RESILIENCE] Iteration 345: Global theta state checkpointed at path checkpoints/checkpoint_iter_0345.npy. 
Iter 0346 | Energy: -5.666763 | Delta: 7.65e-03 | M: 3812.4192 | Path: Statevector MPI-distributed (1 ranks)
Iter 0347 | Energy: -5.664680 | Delta: 2.08e-03 | M: 3591.6083 | Path: Statevector MPI-distributed (1 ranks)
Iter 0348 | Energy: -5.666258 | Delta: 1.58e-03 | M: 3610.2856 | Path: Statevector MPI-distributed (1 ranks)
Iter 0349 | Energy: -5.668794 | Delta: 2.54e-03 | M: 3634.3327 | Path: Statevector MPI-distributed (1 ranks)
Iter 0350 | Energy: -5.674180 | Delta: 5.39e-03 | M: 2826.0041 | Path: Statevector MPI-distributed (1 ranks)
[RESILIENCE] Iteration 350: Global theta state checkpointed at path checkpoints/checkpoint_iter_0350.npy. 
Iter 0351 | Energy: -5.661502 | Delta: 1.27e-02 | M: 3688.5809 | Path: Statevector MPI-distributed (1 ranks)
Iter 0352 | Energy: -5.661568 | Delta: 6.59e-05 | M: 3585.6368 | Path: Statevector MPI-distributed (1 ranks)
Iter 0353 | Energy: -5.671593 | Delta: 1.00e-02 | M: 3565.4793 | Path: Statevector MPI-distributed (1 ranks)
Iter 0354 | Energy: -5.672939 | Delta: 1.35e-03 | M: 3500.5646 | Path: Statevector MPI-distributed (1 ranks)
Iter 0355 | Energy: -5.673149 | Delta: 2.10e-04 | M: 3492.9340 | Path: Statevector MPI-distributed (1 ranks)
[RESILIENCE] Iteration 355: Global theta state checkpointed at path checkpoints/checkpoint_iter_0355.npy. 
Iter 0356 | Energy: -5.668576 | Delta: 4.57e-03 | M: 3387.6452 | Path: Statevector MPI-distributed (1 ranks)
Iter 0357 | Energy: -5.675165 | Delta: 6.59e-03 | M: 3603.6119 | Path: Statevector MPI-distributed (1 ranks)
Iter 0358 | Energy: -5.676167 | Delta: 1.00e-03 | M: 3967.7835 | Path: Statevector MPI-distributed (1 ranks)
Iter 0359 | Energy: -5.674105 | Delta: 2.06e-03 | M: 3778.8458 | Path: Statevector MPI-distributed (1 ranks)
Iter 0360 | Energy: -5.680387 | Delta: 6.28e-03 | M: 3832.7426 | Path: Statevector MPI-distributed (1 ranks)
[RESILIENCE] Iteration 360: Global theta state checkpointed at path checkpoints/checkpoint_iter_0360.npy. 
Iter 0361 | Energy: -5.674691 | Delta: 5.70e-03 | M: 2716.2945 | Path: Statevector MPI-distributed (1 ranks)
Iter 0362 | Energy: -5.677828 | Delta: 3.14e-03 | M: 3872.0402 | Path: Statevector MPI-distributed (1 ranks)
Iter 0363 | Energy: -5.672954 | Delta: 4.87e-03 | M: 3631.7134 | Path: Statevector MPI-distributed (1 ranks)
Iter 0364 | Energy: -5.674842 | Delta: 1.89e-03 | M: 3678.5631 | Path: Statevector MPI-distributed (1 ranks)
Iter 0365 | Energy: -5.687650 | Delta: 1.28e-02 | M: 3502.8252 | Path: Statevector MPI-distributed (1 ranks)
[RESILIENCE] Iteration 365: Global theta state checkpointed at path checkpoints/checkpoint_iter_0365.npy. 
Iter 0366 | Energy: -5.678843 | Delta: 8.81e-03 | M: 3330.6806 | Path: Statevector MPI-distributed (1 ranks)
Iter 0367 | Energy: -5.690662 | Delta: 1.18e-02 | M: 3682.5824 | Path: Statevector MPI-distributed (1 ranks)
Iter 0368 | Energy: -5.686693 | Delta: 3.97e-03 | M: 3771.4204 | Path: Statevector MPI-distributed (1 ranks)
Iter 0369 | Energy: -5.679761 | Delta: 6.93e-03 | M: 3763.3008 | Path: Statevector MPI-distributed (1 ranks)
Iter 0370 | Energy: -5.691305 | Delta: 1.15e-02 | M: 3404.2574 | Path: Statevector MPI-distributed (1 ranks)
[RESILIENCE] Iteration 370: Global theta state checkpointed at path checkpoints/checkpoint_iter_0370.npy. 
Iter 0371 | Energy: -5.684835 | Delta: 6.47e-03 | M: 3190.7151 | Path: Statevector MPI-distributed (1 ranks)
Iter 0372 | Energy: -5.700109 | Delta: 1.53e-02 | M: 4241.2393 | Path: Statevector MPI-distributed (1 ranks)
Iter 0373 | Energy: -5.701670 | Delta: 1.56e-03 | M: 3549.1409 | Path: Statevector MPI-distributed (1 ranks)
Iter 0374 | Energy: -5.701671 | Delta: 1.11e-06 | M: 3452.3972 | Path: Statevector MPI-distributed (1 ranks)
Iter 0375 | Energy: -5.709136 | Delta: 7.47e-03 | M: 3272.8409 | Path: Statevector MPI-distributed (1 ranks)
[RESILIENCE] Iteration 375: Global theta state checkpointed at path checkpoints/checkpoint_iter_0375.npy. 
Iter 0376 | Energy: -5.714273 | Delta: 5.14e-03 | M: 844.1348 | Path: Statevector MPI-distributed (1 ranks)
Iter 0377 | Energy: -5.708681 | Delta: 5.59e-03 | M: 3521.7741 | Path: Statevector MPI-distributed (1 ranks)
Iter 0378 | Energy: -5.706040 | Delta: 2.64e-03 | M: 3009.5295 | Path: Statevector MPI-distributed (1 ranks)
Iter 0379 | Energy: -5.710383 | Delta: 4.34e-03 | M: 2504.0662 | Path: Statevector MPI-distributed (1 ranks)
Iter 0380 | Energy: -5.713579 | Delta: 3.20e-03 | M: 3251.9349 | Path: Statevector MPI-distributed (1 ranks)
[RESILIENCE] Iteration 380: Global theta state checkpointed at path checkpoints/checkpoint_iter_0380.npy. 
Iter 0381 | Energy: -5.707826 | Delta: 5.75e-03 | M: 4974.8493 | Path: Statevector MPI-distributed (1 ranks)
Iter 0382 | Energy: -5.712628 | Delta: 4.80e-03 | M: 3392.2109 | Path: Statevector MPI-distributed (1 ranks)
Iter 0383 | Energy: -5.713930 | Delta: 1.30e-03 | M: 3514.1938 | Path: Statevector MPI-distributed (1 ranks)
Iter 0384 | Energy: -5.715521 | Delta: 1.59e-03 | M: 2731.8768 | Path: Statevector MPI-distributed (1 ranks)
Iter 0385 | Energy: -5.717905 | Delta: 2.38e-03 | M: 4692.9419 | Path: Statevector MPI-distributed (1 ranks)
[RESILIENCE] Iteration 385: Global theta state checkpointed at path checkpoints/checkpoint_iter_0385.npy. 
Iter 0386 | Energy: -5.715447 | Delta: 2.46e-03 | M: 3545.2098 | Path: Statevector MPI-distributed (1 ranks)
Iter 0387 | Energy: -5.716483 | Delta: 1.04e-03 | M: 3901.4522 | Path: Statevector MPI-distributed (1 ranks)
Iter 0388 | Energy: -5.714409 | Delta: 2.07e-03 | M: 3189.9292 | Path: Statevector MPI-distributed (1 ranks)
Iter 0389 | Energy: -5.716431 | Delta: 2.02e-03 | M: 5988.1788 | Path: Statevector MPI-distributed (1 ranks)
Iter 0390 | Energy: -5.719009 | Delta: 2.58e-03 | M: 3636.4606 | Path: Statevector MPI-distributed (1 ranks)
[RESILIENCE] Iteration 390: Global theta state checkpointed at path checkpoints/checkpoint_iter_0390.npy. 
Iter 0391 | Energy: -5.720185 | Delta: 1.18e-03 | M: 3701.2792 | Path: Statevector MPI-distributed (1 ranks)
Iter 0392 | Energy: -5.707648 | Delta: 1.25e-02 | M: 3816.2314 | Path: Statevector MPI-distributed (1 ranks)
Iter 0393 | Energy: -5.716106 | Delta: 8.46e-03 | M: 3628.4475 | Path: Statevector MPI-distributed (1 ranks)
Iter 0394 | Energy: -5.713710 | Delta: 2.40e-03 | M: 3565.5957 | Path: Statevector MPI-distributed (1 ranks)
Iter 0395 | Energy: -5.718907 | Delta: 5.20e-03 | M: 3606.8962 | Path: Statevector MPI-distributed (1 ranks)
[RESILIENCE] Iteration 395: Global theta state checkpointed at path checkpoints/checkpoint_iter_0395.npy. 
Iter 0396 | Energy: -5.726343 | Delta: 7.44e-03 | M: 4107.4903 | Path: Statevector MPI-distributed (1 ranks)
Iter 0397 | Energy: -5.724536 | Delta: 1.81e-03 | M: 4642.9962 | Path: Statevector MPI-distributed (1 ranks)
Iter 0398 | Energy: -5.736133 | Delta: 1.16e-02 | M: 3772.4093 | Path: Statevector MPI-distributed (1 ranks)
Iter 0399 | Energy: -5.731375 | Delta: 4.76e-03 | M: 3467.9035 | Path: Statevector MPI-distributed (1 ranks)
Iter 0400 | Energy: -5.738098 | Delta: 6.72e-03 | M: 3627.0411 | Path: Statevector MPI-distributed (1 ranks)
[RESILIENCE] Iteration 400: Global theta state checkpointed at path checkpoints/checkpoint_iter_0400.npy. 
Iter 0401 | Energy: -5.733144 | Delta: 4.95e-03 | M: 2709.1653 | Path: Statevector MPI-distributed (1 ranks)
Iter 0402 | Energy: -5.732142 | Delta: 1.00e-03 | M: 3728.3647 | Path: Statevector MPI-distributed (1 ranks)
Iter 0403 | Energy: -5.730131 | Delta: 2.01e-03 | M: 3756.8594 | Path: Statevector MPI-distributed (1 ranks)
Iter 0404 | Energy: -5.732459 | Delta: 2.33e-03 | M: 4502.2232 | Path: Statevector MPI-distributed (1 ranks)
Iter 0405 | Energy: -5.742313 | Delta: 9.85e-03 | M: 3865.4414 | Path: Statevector MPI-distributed (1 ranks)
[RESILIENCE] Iteration 405: Global theta state checkpointed at path checkpoints/checkpoint_iter_0405.npy. 
Iter 0406 | Energy: -5.738654 | Delta: 3.66e-03 | M: 3887.6089 | Path: Statevector MPI-distributed (1 ranks)
Iter 0407 | Energy: -5.736146 | Delta: 2.51e-03 | M: 3565.5372 | Path: Statevector MPI-distributed (1 ranks)
Iter 0408 | Energy: -5.739259 | Delta: 3.11e-03 | M: 3299.2324 | Path: Statevector MPI-distributed (1 ranks)
Iter 0409 | Energy: -5.738729 | Delta: 5.30e-04 | M: 3594.3136 | Path: Statevector MPI-distributed (1 ranks)
Iter 0410 | Energy: -5.734567 | Delta: 4.16e-03 | M: 3627.1028 | Path: Statevector MPI-distributed (1 ranks)
[RESILIENCE] Iteration 410: Global theta state checkpointed at path checkpoints/checkpoint_iter_0410.npy. 
Iter 0411 | Energy: -5.734877 | Delta: 3.10e-04 | M: 3599.9063 | Path: Statevector MPI-distributed (1 ranks)
Iter 0412 | Energy: -5.737757 | Delta: 2.88e-03 | M: 3390.9721 | Path: Statevector MPI-distributed (1 ranks)
Iter 0413 | Energy: -5.743523 | Delta: 5.77e-03 | M: 3804.9856 | Path: Statevector MPI-distributed (1 ranks)
Iter 0414 | Energy: -5.745181 | Delta: 1.66e-03 | M: 3732.1693 | Path: Statevector MPI-distributed (1 ranks)
Iter 0415 | Energy: -5.742314 | Delta: 2.87e-03 | M: 3939.6163 | Path: Statevector MPI-distributed (1 ranks)
[RESILIENCE] Iteration 415: Global theta state checkpointed at path checkpoints/checkpoint_iter_0415.npy. 
Iter 0416 | Energy: -5.738991 | Delta: 3.32e-03 | M: 4262.9270 | Path: Statevector MPI-distributed (1 ranks)
Iter 0417 | Energy: -5.746143 | Delta: 7.15e-03 | M: 3733.8849 | Path: Statevector MPI-distributed (1 ranks)
Iter 0418 | Energy: -5.751859 | Delta: 5.72e-03 | M: 3849.7577 | Path: Statevector MPI-distributed (1 ranks)
Iter 0419 | Energy: -5.744107 | Delta: 7.75e-03 | M: 3766.5306 | Path: Statevector MPI-distributed (1 ranks)
Iter 0420 | Energy: -5.746443 | Delta: 2.34e-03 | M: 3908.8694 | Path: Statevector MPI-distributed (1 ranks)
[RESILIENCE] Iteration 420: Global theta state checkpointed at path checkpoints/checkpoint_iter_0420.npy. 
Iter 0421 | Energy: -5.751185 | Delta: 4.74e-03 | M: 3647.5404 | Path: Statevector MPI-distributed (1 ranks)
Iter 0422 | Energy: -5.748436 | Delta: 2.75e-03 | M: 3944.4019 | Path: Statevector MPI-distributed (1 ranks)
Iter 0423 | Energy: -5.749081 | Delta: 6.45e-04 | M: 3590.0533 | Path: Statevector MPI-distributed (1 ranks)
Iter 0424 | Energy: -5.753435 | Delta: 4.35e-03 | M: 3408.4530 | Path: Statevector MPI-distributed (1 ranks)
Iter 0425 | Energy: -5.754847 | Delta: 1.41e-03 | M: 5136.5857 | Path: Statevector MPI-distributed (1 ranks)
[RESILIENCE] Iteration 425: Global theta state checkpointed at path checkpoints/checkpoint_iter_0425.npy. 
Iter 0426 | Energy: -5.761941 | Delta: 7.09e-03 | M: 3500.5350 | Path: Statevector MPI-distributed (1 ranks)
Iter 0427 | Energy: -5.751860 | Delta: 1.01e-02 | M: 4650.5066 | Path: Statevector MPI-distributed (1 ranks)
Iter 0428 | Energy: -5.748574 | Delta: 3.29e-03 | M: 6592.9697 | Path: Statevector MPI-distributed (1 ranks)
Iter 0429 | Energy: -5.756884 | Delta: 8.31e-03 | M: 5031.3295 | Path: Statevector MPI-distributed (1 ranks)
Iter 0430 | Energy: -5.751752 | Delta: 5.13e-03 | M: 4037.3654 | Path: Statevector MPI-distributed (1 ranks)
[RESILIENCE] Iteration 430: Global theta state checkpointed at path checkpoints/checkpoint_iter_0430.npy. 
Iter 0431 | Energy: -5.750136 | Delta: 1.62e-03 | M: 4126.2149 | Path: Statevector MPI-distributed (1 ranks)
Iter 0432 | Energy: -5.756654 | Delta: 6.52e-03 | M: 3799.0481 | Path: Statevector MPI-distributed (1 ranks)
Iter 0433 | Energy: -5.754762 | Delta: 1.89e-03 | M: 3964.3795 | Path: Statevector MPI-distributed (1 ranks)
Iter 0434 | Energy: -5.752896 | Delta: 1.87e-03 | M: 2918.3236 | Path: Statevector MPI-distributed (1 ranks)
Iter 0435 | Energy: -5.750623 | Delta: 2.27e-03 | M: 3873.8742 | Path: Statevector MPI-distributed (1 ranks)
[RESILIENCE] Iteration 435: Global theta state checkpointed at path checkpoints/checkpoint_iter_0435.npy. 
Iter 0436 | Energy: -5.754478 | Delta: 3.85e-03 | M: 3848.0775 | Path: Statevector MPI-distributed (1 ranks)
Iter 0437 | Energy: -5.748069 | Delta: 6.41e-03 | M: 2726.9457 | Path: Statevector MPI-distributed (1 ranks)
Iter 0438 | Energy: -5.755898 | Delta: 7.83e-03 | M: 3963.0529 | Path: Statevector MPI-distributed (1 ranks)
Iter 0439 | Energy: -5.756214 | Delta: 3.16e-04 | M: 4301.2807 | Path: Statevector MPI-distributed (1 ranks)
Iter 0440 | Energy: -5.767875 | Delta: 1.17e-02 | M: 4666.0815 | Path: Statevector MPI-distributed (1 ranks)
[RESILIENCE] Iteration 440: Global theta state checkpointed at path checkpoints/checkpoint_iter_0440.npy. 
Iter 0441 | Energy: -5.756904 | Delta: 1.10e-02 | M: 3837.3280 | Path: Statevector MPI-distributed (1 ranks)
Iter 0442 | Energy: -5.766639 | Delta: 9.73e-03 | M: 1391.3341 | Path: Statevector MPI-distributed (1 ranks)
Iter 0443 | Energy: -5.770570 | Delta: 3.93e-03 | M: 4417.0133 | Path: Statevector MPI-distributed (1 ranks)
Iter 0444 | Energy: -5.771911 | Delta: 1.34e-03 | M: 3335.0812 | Path: Statevector MPI-distributed (1 ranks)
Iter 0445 | Energy: -5.766061 | Delta: 5.85e-03 | M: 4022.7828 | Path: Statevector MPI-distributed (1 ranks)
[RESILIENCE] Iteration 445: Global theta state checkpointed at path checkpoints/checkpoint_iter_0445.npy. 
Iter 0446 | Energy: -5.760701 | Delta: 5.36e-03 | M: 3969.7134 | Path: Statevector MPI-distributed (1 ranks)
Iter 0447 | Energy: -5.767176 | Delta: 6.47e-03 | M: 4138.6360 | Path: Statevector MPI-distributed (1 ranks)
Iter 0448 | Energy: -5.757254 | Delta: 9.92e-03 | M: 4084.0186 | Path: Statevector MPI-distributed (1 ranks)
Iter 0449 | Energy: -5.769222 | Delta: 1.20e-02 | M: 3677.1864 | Path: Statevector MPI-distributed (1 ranks)
Iter 0450 | Energy: -5.772427 | Delta: 3.20e-03 | M: 2016.6902 | Path: Statevector MPI-distributed (1 ranks)
[RESILIENCE] Iteration 450: Global theta state checkpointed at path checkpoints/checkpoint_iter_0450.npy. 
Iter 0451 | Energy: -5.778034 | Delta: 5.61e-03 | M: 2925.6356 | Path: Statevector MPI-distributed (1 ranks)
Iter 0452 | Energy: -5.773275 | Delta: 4.76e-03 | M: 4275.6390 | Path: Statevector MPI-distributed (1 ranks)
Iter 0453 | Energy: -5.777776 | Delta: 4.50e-03 | M: 4098.8716 | Path: Statevector MPI-distributed (1 ranks)
Iter 0454 | Energy: -5.779372 | Delta: 1.60e-03 | M: 4105.8885 | Path: Statevector MPI-distributed (1 ranks)
Iter 0455 | Energy: -5.784845 | Delta: 5.47e-03 | M: 4689.8514 | Path: Statevector MPI-distributed (1 ranks)
[RESILIENCE] Iteration 455: Global theta state checkpointed at path checkpoints/checkpoint_iter_0455.npy. 
Iter 0456 | Energy: -5.782203 | Delta: 2.64e-03 | M: 3688.7843 | Path: Statevector MPI-distributed (1 ranks)
Iter 0457 | Energy: -5.777861 | Delta: 4.34e-03 | M: 3691.7279 | Path: Statevector MPI-distributed (1 ranks)
Iter 0458 | Energy: -5.779519 | Delta: 1.66e-03 | M: 3638.6616 | Path: Statevector MPI-distributed (1 ranks)
Iter 0459 | Energy: -5.771711 | Delta: 7.81e-03 | M: 3637.2675 | Path: Statevector MPI-distributed (1 ranks)
Iter 0460 | Energy: -5.777038 | Delta: 5.33e-03 | M: 3911.7620 | Path: Statevector MPI-distributed (1 ranks)
[RESILIENCE] Iteration 460: Global theta state checkpointed at path checkpoints/checkpoint_iter_0460.npy. 
Iter 0461 | Energy: -5.784022 | Delta: 6.98e-03 | M: 3218.3889 | Path: Statevector MPI-distributed (1 ranks)
Iter 0462 | Energy: -5.790291 | Delta: 6.27e-03 | M: 3631.2310 | Path: Statevector MPI-distributed (1 ranks)
Iter 0463 | Energy: -5.787329 | Delta: 2.96e-03 | M: 5545.2781 | Path: Statevector MPI-distributed (1 ranks)
Iter 0464 | Energy: -5.790997 | Delta: 3.67e-03 | M: 2276.0329 | Path: Statevector MPI-distributed (1 ranks)
Iter 0465 | Energy: -5.792728 | Delta: 1.73e-03 | M: 3806.8870 | Path: Statevector MPI-distributed (1 ranks)
[RESILIENCE] Iteration 465: Global theta state checkpointed at path checkpoints/checkpoint_iter_0465.npy. 
Iter 0466 | Energy: -5.790162 | Delta: 2.57e-03 | M: 3222.6552 | Path: Statevector MPI-distributed (1 ranks)
Iter 0467 | Energy: -5.795423 | Delta: 5.26e-03 | M: 5226.8142 | Path: Statevector MPI-distributed (1 ranks)
Iter 0468 | Energy: -5.792962 | Delta: 2.46e-03 | M: 3840.7124 | Path: Statevector MPI-distributed (1 ranks)
Iter 0469 | Energy: -5.792379 | Delta: 5.83e-04 | M: 3933.1254 | Path: Statevector MPI-distributed (1 ranks)
Iter 0470 | Energy: -5.795300 | Delta: 2.92e-03 | M: 4213.4010 | Path: Statevector MPI-distributed (1 ranks)
[RESILIENCE] Iteration 470: Global theta state checkpointed at path checkpoints/checkpoint_iter_0470.npy. 
Iter 0471 | Energy: -5.800654 | Delta: 5.35e-03 | M: 3493.4286 | Path: Statevector MPI-distributed (1 ranks)
Iter 0472 | Energy: -5.802027 | Delta: 1.37e-03 | M: 3724.3606 | Path: Statevector MPI-distributed (1 ranks)
Iter 0473 | Energy: -5.799667 | Delta: 2.36e-03 | M: 3613.2763 | Path: Statevector MPI-distributed (1 ranks)
Iter 0474 | Energy: -5.800968 | Delta: 1.30e-03 | M: 3744.9045 | Path: Statevector MPI-distributed (1 ranks)
Iter 0475 | Energy: -5.798031 | Delta: 2.94e-03 | M: 3578.4610 | Path: Statevector MPI-distributed (1 ranks)
[RESILIENCE] Iteration 475: Global theta state checkpointed at path checkpoints/checkpoint_iter_0475.npy. 
Iter 0476 | Energy: -5.798848 | Delta: 8.17e-04 | M: 3776.2874 | Path: Statevector MPI-distributed (1 ranks)
Iter 0477 | Energy: -5.799058 | Delta: 2.09e-04 | M: 3822.3075 | Path: Statevector MPI-distributed (1 ranks)
Iter 0478 | Energy: -5.804078 | Delta: 5.02e-03 | M: 3699.5886 | Path: Statevector MPI-distributed (1 ranks)
Iter 0479 | Energy: -5.803619 | Delta: 4.59e-04 | M: 3753.6418 | Path: Statevector MPI-distributed (1 ranks)
Iter 0480 | Energy: -5.799837 | Delta: 3.78e-03 | M: 3907.3770 | Path: Statevector MPI-distributed (1 ranks)
[RESILIENCE] Iteration 480: Global theta state checkpointed at path checkpoints/checkpoint_iter_0480.npy. 
Iter 0481 | Energy: -5.807183 | Delta: 7.35e-03 | M: 3012.2233 | Path: Statevector MPI-distributed (1 ranks)
Iter 0482 | Energy: -5.808507 | Delta: 1.32e-03 | M: 3880.4435 | Path: Statevector MPI-distributed (1 ranks)
Iter 0483 | Energy: -5.801349 | Delta: 7.16e-03 | M: 3516.2456 | Path: Statevector MPI-distributed (1 ranks)
Iter 0484 | Energy: -5.813199 | Delta: 1.18e-02 | M: 3495.1092 | Path: Statevector MPI-distributed (1 ranks)
Iter 0485 | Energy: -5.804362 | Delta: 8.84e-03 | M: 3697.7648 | Path: Statevector MPI-distributed (1 ranks)
[RESILIENCE] Iteration 485: Global theta state checkpointed at path checkpoints/checkpoint_iter_0485.npy. 
Iter 0486 | Energy: -5.816814 | Delta: 1.25e-02 | M: 3640.2665 | Path: Statevector MPI-distributed (1 ranks)
Iter 0487 | Energy: -5.816166 | Delta: 6.48e-04 | M: 3444.9709 | Path: Statevector MPI-distributed (1 ranks)
Iter 0488 | Energy: -5.803571 | Delta: 1.26e-02 | M: 2972.5092 | Path: Statevector MPI-distributed (1 ranks)
Iter 0489 | Energy: -5.809311 | Delta: 5.74e-03 | M: 3818.0759 | Path: Statevector MPI-distributed (1 ranks)
Iter 0490 | Energy: -5.816611 | Delta: 7.30e-03 | M: 3648.0250 | Path: Statevector MPI-distributed (1 ranks)
[RESILIENCE] Iteration 490: Global theta state checkpointed at path checkpoints/checkpoint_iter_0490.npy. 
Iter 0491 | Energy: -5.811779 | Delta: 4.83e-03 | M: 3529.9342 | Path: Statevector MPI-distributed (1 ranks)
Iter 0492 | Energy: -5.812391 | Delta: 6.11e-04 | M: 3229.1848 | Path: Statevector MPI-distributed (1 ranks)
Iter 0493 | Energy: -5.810192 | Delta: 2.20e-03 | M: 3674.9393 | Path: Statevector MPI-distributed (1 ranks)
Iter 0494 | Energy: -5.817090 | Delta: 6.90e-03 | M: 3601.0929 | Path: Statevector MPI-distributed (1 ranks)
Iter 0495 | Energy: -5.804953 | Delta: 1.21e-02 | M: 3339.4196 | Path: Statevector MPI-distributed (1 ranks)
[RESILIENCE] Iteration 495: Global theta state checkpointed at path checkpoints/checkpoint_iter_0495.npy. 
Iter 0496 | Energy: -5.804113 | Delta: 8.40e-04 | M: 3456.3919 | Path: Statevector MPI-distributed (1 ranks)
Iter 0497 | Energy: -5.817832 | Delta: 1.37e-02 | M: 3370.0866 | Path: Statevector MPI-distributed (1 ranks)
Iter 0498 | Energy: -5.811451 | Delta: 6.38e-03 | M: 3581.0321 | Path: Statevector MPI-distributed (1 ranks)
Iter 0499 | Energy: -5.811813 | Delta: 3.62e-04 | M: 3662.7183 | Path: Statevector MPI-distributed (1 ranks)
Iter 0500 | Energy: -5.816520 | Delta: 4.71e-03 | M: 2717.1241 | Path: Statevector MPI-distributed (1 ranks)
[RESILIENCE] Iteration 500: Global theta state checkpointed at path checkpoints/checkpoint_iter_0500.npy. 

[LiH] Ansatz tier:hwe_adaptive
[LiH] Corr score: 0.502 
[LiH] Final energy : -5.816520 Ha 
[LiH] Reference FCI : -7.882472 Ha 
[LiH] Absolute error: +2.0660 Ha  Ha 
[LiH] Iterations run: 500
[LiH] Wall time: 75.82s (includes QPU queue + RTT) 
[LiH] Time/iter: 0.15 s 
[LiH] Source: registry 
[LiH] Active electrons: 2 
[LiH] Estimated qubits: 10 
[LiH] Note: Frozen 2 core electrons. Active space: 2 electrons, 10 qubits 


--- RUNNING CHEMISTRY TASK BeH2 ---
[Resolver] 'BeH2' found in local registry 
[Chemistry:BeH2] 666 Pauli terms, 14 qubits, 112 params,  reps=2. FCI reference: -15.5951 Ha 
[Ansatz] HWE (adaptive) (auto) | corr_score=0.501 | off_diag_ratio=0.004
[Reason] score=0.501 in [0.25, 0.55). Moderate correlation detected (off_diag_ratio=0.004, zz_frac=0.977). Adaptive HWE with full entanglement recommended.
Iter 0001 | Energy: -0.910659 | Delta: inf | M: 7738.0661 | Path: Statevector MPI-distributed (1 ranks)
Iter 0002 | Energy: -1.017346 | Delta: 1.07e-01 | M: 8886.2996 | Path: Statevector MPI-distributed (1 ranks)
Iter 0003 | Energy: -1.294280 | Delta: 2.77e-01 | M: 7677.1249 | Path: Statevector MPI-distributed (1 ranks)
Iter 0004 | Energy: -1.468393 | Delta: 1.74e-01 | M: 8750.7311 | Path: Statevector MPI-distributed (1 ranks)
Iter 0005 | Energy: -2.013671 | Delta: 5.45e-01 | M: 8134.3916 | Path: Statevector MPI-distributed (1 ranks)
[RESILIENCE] Iteration 5: Global theta state checkpointed at path checkpoints/checkpoint_iter_0005.npy. 
Iter 0006 | Energy: -2.162775 | Delta: 1.49e-01 | M: 4455.9926 | Path: Statevector MPI-distributed (1 ranks)
Iter 0007 | Energy: -2.158141 | Delta: 4.63e-03 | M: 4112.8620 | Path: Statevector MPI-distributed (1 ranks)
Iter 0008 | Energy: -2.209184 | Delta: 5.10e-02 | M: 9496.9515 | Path: Statevector MPI-distributed (1 ranks)
Iter 0009 | Energy: -2.576576 | Delta: 3.67e-01 | M: 10690.7160 | Path: Statevector MPI-distributed (1 ranks)
Iter 0010 | Energy: -2.641359 | Delta: 6.48e-02 | M: 6112.0381 | Path: Statevector MPI-distributed (1 ranks)
[RESILIENCE] Iteration 10: Global theta state checkpointed at path checkpoints/checkpoint_iter_0010.npy. 
Iter 0011 | Energy: -2.626153 | Delta: 1.52e-02 | M: 10086.3295 | Path: Statevector MPI-distributed (1 ranks)
Iter 0012 | Energy: -2.723603 | Delta: 9.74e-02 | M: 9962.7155 | Path: Statevector MPI-distributed (1 ranks)
Iter 0013 | Energy: -2.715429 | Delta: 8.17e-03 | M: 9011.2881 | Path: Statevector MPI-distributed (1 ranks)
Iter 0014 | Energy: -3.644374 | Delta: 9.29e-01 | M: 8151.9052 | Path: Statevector MPI-distributed (1 ranks)
Iter 0015 | Energy: -4.100362 | Delta: 4.56e-01 | M: 8018.5233 | Path: Statevector MPI-distributed (1 ranks)
[RESILIENCE] Iteration 15: Global theta state checkpointed at path checkpoints/checkpoint_iter_0015.npy. 
Iter 0016 | Energy: -4.965596 | Delta: 8.65e-01 | M: 7916.6505 | Path: Statevector MPI-distributed (1 ranks)
Iter 0017 | Energy: -5.529300 | Delta: 5.64e-01 | M: 8217.0414 | Path: Statevector MPI-distributed (1 ranks)
Iter 0018 | Energy: -6.285919 | Delta: 7.57e-01 | M: 7875.2656 | Path: Statevector MPI-distributed (1 ranks)
Iter 0019 | Energy: -6.277735 | Delta: 8.18e-03 | M: 8185.8537 | Path: Statevector MPI-distributed (1 ranks)
Iter 0020 | Energy: -6.270094 | Delta: 7.64e-03 | M: 8128.5360 | Path: Statevector MPI-distributed (1 ranks)
[RESILIENCE] Iteration 20: Global theta state checkpointed at path checkpoints/checkpoint_iter_0020.npy. 
Iter 0021 | Energy: -7.587603 | Delta: 1.32e+00 | M: 7481.5954 | Path: Statevector MPI-distributed (1 ranks)
Iter 0022 | Energy: -8.100258 | Delta: 5.13e-01 | M: 7656.1647 | Path: Statevector MPI-distributed (1 ranks)
Iter 0023 | Energy: -8.199103 | Delta: 9.88e-02 | M: 7888.0911 | Path: Statevector MPI-distributed (1 ranks)
Iter 0024 | Energy: -8.246008 | Delta: 4.69e-02 | M: 8389.6233 | Path: Statevector MPI-distributed (1 ranks)
Iter 0025 | Energy: -8.407473 | Delta: 1.61e-01 | M: 7978.5534 | Path: Statevector MPI-distributed (1 ranks)
[RESILIENCE] Iteration 25: Global theta state checkpointed at path checkpoints/checkpoint_iter_0025.npy. 
Iter 0026 | Energy: -8.429114 | Delta: 2.16e-02 | M: 8930.4520 | Path: Statevector MPI-distributed (1 ranks)
Iter 0027 | Energy: -8.478922 | Delta: 4.98e-02 | M: 7926.9412 | Path: Statevector MPI-distributed (1 ranks)
Iter 0028 | Energy: -8.663028 | Delta: 1.84e-01 | M: 7615.4710 | Path: Statevector MPI-distributed (1 ranks)
Iter 0029 | Energy: -9.005808 | Delta: 3.43e-01 | M: 7886.2736 | Path: Statevector MPI-distributed (1 ranks)
Iter 0030 | Energy: -9.139580 | Delta: 1.34e-01 | M: 6764.6634 | Path: Statevector MPI-distributed (1 ranks)
[RESILIENCE] Iteration 30: Global theta state checkpointed at path checkpoints/checkpoint_iter_0030.npy. 
Iter 0031 | Energy: -9.929529 | Delta: 7.90e-01 | M: 7301.7357 | Path: Statevector MPI-distributed (1 ranks)
Iter 0032 | Energy: -10.141476 | Delta: 2.12e-01 | M: 7546.0772 | Path: Statevector MPI-distributed (1 ranks)
Iter 0033 | Energy: -10.130147 | Delta: 1.13e-02 | M: 7042.1203 | Path: Statevector MPI-distributed (1 ranks)
Iter 0034 | Energy: -10.688784 | Delta: 5.59e-01 | M: 7470.1109 | Path: Statevector MPI-distributed (1 ranks)
Iter 0035 | Energy: -10.767577 | Delta: 7.88e-02 | M: 7158.7676 | Path: Statevector MPI-distributed (1 ranks)
[RESILIENCE] Iteration 35: Global theta state checkpointed at path checkpoints/checkpoint_iter_0035.npy. 
Iter 0036 | Energy: -10.787702 | Delta: 2.01e-02 | M: 7265.8586 | Path: Statevector MPI-distributed (1 ranks)
Iter 0037 | Energy: -10.891694 | Delta: 1.04e-01 | M: 7093.6061 | Path: Statevector MPI-distributed (1 ranks)
Iter 0038 | Energy: -10.932144 | Delta: 4.05e-02 | M: 7120.4110 | Path: Statevector MPI-distributed (1 ranks)
Iter 0039 | Energy: -11.245224 | Delta: 3.13e-01 | M: 8333.9510 | Path: Statevector MPI-distributed (1 ranks)
Iter 0040 | Energy: -11.299347 | Delta: 5.41e-02 | M: 6945.1807 | Path: Statevector MPI-distributed (1 ranks)
[RESILIENCE] Iteration 40: Global theta state checkpointed at path checkpoints/checkpoint_iter_0040.npy. 
Iter 0041 | Energy: -11.805150 | Delta: 5.06e-01 | M: 6792.1540 | Path: Statevector MPI-distributed (1 ranks)
Iter 0042 | Energy: -11.812778 | Delta: 7.63e-03 | M: 4797.9793 | Path: Statevector MPI-distributed (1 ranks)
Iter 0043 | Energy: -11.822481 | Delta: 9.70e-03 | M: 4809.6897 | Path: Statevector MPI-distributed (1 ranks)
Iter 0044 | Energy: -11.816469 | Delta: 6.01e-03 | M: 6476.6660 | Path: Statevector MPI-distributed (1 ranks)
Iter 0045 | Energy: -11.842314 | Delta: 2.58e-02 | M: 10748.6114 | Path: Statevector MPI-distributed (1 ranks)
[RESILIENCE] Iteration 45: Global theta state checkpointed at path checkpoints/checkpoint_iter_0045.npy. 
Iter 0046 | Energy: -11.855246 | Delta: 1.29e-02 | M: 6885.5257 | Path: Statevector MPI-distributed (1 ranks)
Iter 0047 | Energy: -11.860299 | Delta: 5.05e-03 | M: 10021.2924 | Path: Statevector MPI-distributed (1 ranks)
Iter 0048 | Energy: -12.057341 | Delta: 1.97e-01 | M: 6125.5957 | Path: Statevector MPI-distributed (1 ranks)
Iter 0049 | Energy: -12.386903 | Delta: 3.30e-01 | M: 7298.3124 | Path: Statevector MPI-distributed (1 ranks)
Iter 0050 | Energy: -12.359308 | Delta: 2.76e-02 | M: 6398.4088 | Path: Statevector MPI-distributed (1 ranks)
[RESILIENCE] Iteration 50: Global theta state checkpointed at path checkpoints/checkpoint_iter_0050.npy. 
Iter 0051 | Energy: -12.593382 | Delta: 2.34e-01 | M: 9169.3108 | Path: Statevector MPI-distributed (1 ranks)
Iter 0052 | Energy: -12.852276 | Delta: 2.59e-01 | M: 6685.7860 | Path: Statevector MPI-distributed (1 ranks)
Iter 0053 | Energy: -12.907243 | Delta: 5.50e-02 | M: 5942.8841 | Path: Statevector MPI-distributed (1 ranks)
Iter 0054 | Energy: -12.977161 | Delta: 6.99e-02 | M: 9000.6479 | Path: Statevector MPI-distributed (1 ranks)
Iter 0055 | Energy: -13.008431 | Delta: 3.13e-02 | M: 8549.8296 | Path: Statevector MPI-distributed (1 ranks)
[RESILIENCE] Iteration 55: Global theta state checkpointed at path checkpoints/checkpoint_iter_0055.npy. 
Iter 0056 | Energy: -12.986076 | Delta: 2.24e-02 | M: 8504.8079 | Path: Statevector MPI-distributed (1 ranks)
Iter 0057 | Energy: -13.024971 | Delta: 3.89e-02 | M: 8426.1720 | Path: Statevector MPI-distributed (1 ranks)
Iter 0058 | Energy: -13.042874 | Delta: 1.79e-02 | M: 8350.4162 | Path: Statevector MPI-distributed (1 ranks)
Iter 0059 | Energy: -13.325535 | Delta: 2.83e-01 | M: 8279.3744 | Path: Statevector MPI-distributed (1 ranks)
Iter 0060 | Energy: -13.385736 | Delta: 6.02e-02 | M: 7835.9755 | Path: Statevector MPI-distributed (1 ranks)
[RESILIENCE] Iteration 60: Global theta state checkpointed at path checkpoints/checkpoint_iter_0060.npy. 
Iter 0061 | Energy: -13.514821 | Delta: 1.29e-01 | M: 7595.6992 | Path: Statevector MPI-distributed (1 ranks)
Iter 0062 | Energy: -13.541768 | Delta: 2.69e-02 | M: 7998.9361 | Path: Statevector MPI-distributed (1 ranks)
Iter 0063 | Energy: -13.720494 | Delta: 1.79e-01 | M: 7740.2539 | Path: Statevector MPI-distributed (1 ranks)
Iter 0064 | Energy: -14.106544 | Delta: 3.86e-01 | M: 5997.2566 | Path: Statevector MPI-distributed (1 ranks)
Iter 0065 | Energy: -14.262944 | Delta: 1.56e-01 | M: 7863.1323 | Path: Statevector MPI-distributed (1 ranks)
[RESILIENCE] Iteration 65: Global theta state checkpointed at path checkpoints/checkpoint_iter_0065.npy. 
Iter 0066 | Energy: -14.325571 | Delta: 6.26e-02 | M: 7562.7242 | Path: Statevector MPI-distributed (1 ranks)
Iter 0067 | Energy: -14.406430 | Delta: 8.09e-02 | M: 5413.2757 | Path: Statevector MPI-distributed (1 ranks)
Iter 0068 | Energy: -14.392216 | Delta: 1.42e-02 | M: 11701.1367 | Path: Statevector MPI-distributed (1 ranks)
Iter 0069 | Energy: -14.492627 | Delta: 1.00e-01 | M: 8740.0567 | Path: Statevector MPI-distributed (1 ranks)
Iter 0070 | Energy: -14.472163 | Delta: 2.05e-02 | M: 8940.3647 | Path: Statevector MPI-distributed (1 ranks)
[RESILIENCE] Iteration 70: Global theta state checkpointed at path checkpoints/checkpoint_iter_0070.npy. 
Iter 0071 | Energy: -14.479128 | Delta: 6.97e-03 | M: 5968.0594 | Path: Statevector MPI-distributed (1 ranks)
Iter 0072 | Energy: -14.489519 | Delta: 1.04e-02 | M: 6273.2767 | Path: Statevector MPI-distributed (1 ranks)
Iter 0073 | Energy: -14.537659 | Delta: 4.81e-02 | M: 8651.4830 | Path: Statevector MPI-distributed (1 ranks)
Iter 0074 | Energy: -14.561513 | Delta: 2.39e-02 | M: 7716.5023 | Path: Statevector MPI-distributed (1 ranks)
Iter 0075 | Energy: -14.538634 | Delta: 2.29e-02 | M: 6856.6527 | Path: Statevector MPI-distributed (1 ranks)
[RESILIENCE] Iteration 75: Global theta state checkpointed at path checkpoints/checkpoint_iter_0075.npy. 
Iter 0076 | Energy: -14.565775 | Delta: 2.71e-02 | M: 12058.4405 | Path: Statevector MPI-distributed (1 ranks)
Iter 0077 | Energy: -14.565573 | Delta: 2.02e-04 | M: 7259.1119 | Path: Statevector MPI-distributed (1 ranks)
Iter 0078 | Energy: -14.605293 | Delta: 3.97e-02 | M: 6678.3460 | Path: Statevector MPI-distributed (1 ranks)
Iter 0079 | Energy: -14.647067 | Delta: 4.18e-02 | M: 8006.4572 | Path: Statevector MPI-distributed (1 ranks)
Iter 0080 | Energy: -14.637596 | Delta: 9.47e-03 | M: 7971.9028 | Path: Statevector MPI-distributed (1 ranks)
[RESILIENCE] Iteration 80: Global theta state checkpointed at path checkpoints/checkpoint_iter_0080.npy. 
Iter 0081 | Energy: -14.639520 | Delta: 1.92e-03 | M: 7476.6884 | Path: Statevector MPI-distributed (1 ranks)
Iter 0082 | Energy: -14.627795 | Delta: 1.17e-02 | M: 9216.8709 | Path: Statevector MPI-distributed (1 ranks)
Iter 0083 | Energy: -14.624523 | Delta: 3.27e-03 | M: 8480.3524 | Path: Statevector MPI-distributed (1 ranks)
Iter 0084 | Energy: -14.691601 | Delta: 6.71e-02 | M: 8690.4890 | Path: Statevector MPI-distributed (1 ranks)
Iter 0085 | Energy: -14.730046 | Delta: 3.84e-02 | M: 8545.5674 | Path: Statevector MPI-distributed (1 ranks)
[RESILIENCE] Iteration 85: Global theta state checkpointed at path checkpoints/checkpoint_iter_0085.npy. 
Iter 0086 | Energy: -14.769392 | Delta: 3.93e-02 | M: 7276.4954 | Path: Statevector MPI-distributed (1 ranks)
Iter 0087 | Energy: -14.815341 | Delta: 4.59e-02 | M: 7160.8538 | Path: Statevector MPI-distributed (1 ranks)
Iter 0088 | Energy: -14.853245 | Delta: 3.79e-02 | M: 7544.1839 | Path: Statevector MPI-distributed (1 ranks)
Iter 0089 | Energy: -14.862031 | Delta: 8.79e-03 | M: 7990.7360 | Path: Statevector MPI-distributed (1 ranks)
Iter 0090 | Energy: -14.912428 | Delta: 5.04e-02 | M: 7849.6283 | Path: Statevector MPI-distributed (1 ranks)
[RESILIENCE] Iteration 90: Global theta state checkpointed at path checkpoints/checkpoint_iter_0090.npy. 
Iter 0091 | Energy: -14.957082 | Delta: 4.47e-02 | M: 7171.7333 | Path: Statevector MPI-distributed (1 ranks)
Iter 0092 | Energy: -15.017081 | Delta: 6.00e-02 | M: 8109.7709 | Path: Statevector MPI-distributed (1 ranks)
Iter 0093 | Energy: -15.050607 | Delta: 3.35e-02 | M: 7883.1867 | Path: Statevector MPI-distributed (1 ranks)
Iter 0094 | Energy: -15.253196 | Delta: 2.03e-01 | M: 5397.1755 | Path: Statevector MPI-distributed (1 ranks)
Iter 0095 | Energy: -15.292816 | Delta: 3.96e-02 | M: 7472.8400 | Path: Statevector MPI-distributed (1 ranks)
[RESILIENCE] Iteration 95: Global theta state checkpointed at path checkpoints/checkpoint_iter_0095.npy. 
Iter 0096 | Energy: -15.350193 | Delta: 5.74e-02 | M: 6823.4151 | Path: Statevector MPI-distributed (1 ranks)
Iter 0097 | Energy: -15.465583 | Delta: 1.15e-01 | M: 6838.1957 | Path: Statevector MPI-distributed (1 ranks)
Iter 0098 | Energy: -15.482069 | Delta: 1.65e-02 | M: 6634.2559 | Path: Statevector MPI-distributed (1 ranks)
WARNING: Energy -15.6694 below FCI -15.5951 — HWE ansatz may have left the physical particle-number sector
Iter 0099 | Energy: -15.669434 | Delta: 1.87e-01 | M: 6982.4556 | Path: Statevector MPI-distributed (1 ranks)
WARNING: Energy -15.6661 below FCI -15.5951 — HWE ansatz may have left the physical particle-number sector
Iter 0100 | Energy: -15.666101 | Delta: 3.33e-03 | M: 6392.4904 | Path: Statevector MPI-distributed (1 ranks)
[RESILIENCE] Iteration 100: Global theta state checkpointed at path checkpoints/checkpoint_iter_0100.npy. 
WARNING: Energy -15.7580 below FCI -15.5951 — HWE ansatz may have left the physical particle-number sector
Iter 0101 | Energy: -15.758000 | Delta: 9.19e-02 | M: 6714.3728 | Path: Statevector MPI-distributed (1 ranks)
WARNING: Energy -15.8188 below FCI -15.5951 — HWE ansatz may have left the physical particle-number sector
Iter 0102 | Energy: -15.818811 | Delta: 6.08e-02 | M: 6955.3503 | Path: Statevector MPI-distributed (1 ranks)
WARNING: Energy -15.8081 below FCI -15.5951 — HWE ansatz may have left the physical particle-number sector
Iter 0103 | Energy: -15.808135 | Delta: 1.07e-02 | M: 7173.7906 | Path: Statevector MPI-distributed (1 ranks)
WARNING: Energy -15.8146 below FCI -15.5951 — HWE ansatz may have left the physical particle-number sector
Iter 0104 | Energy: -15.814608 | Delta: 6.47e-03 | M: 6725.8720 | Path: Statevector MPI-distributed (1 ranks)
WARNING: Energy -15.9185 below FCI -15.5951 — HWE ansatz may have left the physical particle-number sector
Iter 0105 | Energy: -15.918519 | Delta: 1.04e-01 | M: 7486.8588 | Path: Statevector MPI-distributed (1 ranks)
[RESILIENCE] Iteration 105: Global theta state checkpointed at path checkpoints/checkpoint_iter_0105.npy. 
WARNING: Energy -15.9231 below FCI -15.5951 — HWE ansatz may have left the physical particle-number sector
Iter 0106 | Energy: -15.923144 | Delta: 4.62e-03 | M: 6628.7556 | Path: Statevector MPI-distributed (1 ranks)
WARNING: Energy -15.9199 below FCI -15.5951 — HWE ansatz may have left the physical particle-number sector
Iter 0107 | Energy: -15.919855 | Delta: 3.29e-03 | M: 6478.7845 | Path: Statevector MPI-distributed (1 ranks)
WARNING: Energy -15.9285 below FCI -15.5951 — HWE ansatz may have left the physical particle-number sector
Iter 0108 | Energy: -15.928459 | Delta: 8.60e-03 | M: 6230.9388 | Path: Statevector MPI-distributed (1 ranks)
WARNING: Energy -15.9491 below FCI -15.5951 — HWE ansatz may have left the physical particle-number sector
Iter 0109 | Energy: -15.949113 | Delta: 2.07e-02 | M: 6399.9359 | Path: Statevector MPI-distributed (1 ranks)
WARNING: Energy -15.9754 below FCI -15.5951 — HWE ansatz may have left the physical particle-number sector
Iter 0110 | Energy: -15.975362 | Delta: 2.62e-02 | M: 6539.0732 | Path: Statevector MPI-distributed (1 ranks)
[RESILIENCE] Iteration 110: Global theta state checkpointed at path checkpoints/checkpoint_iter_0110.npy. 
WARNING: Energy -15.9904 below FCI -15.5951 — HWE ansatz may have left the physical particle-number sector
Iter 0111 | Energy: -15.990375 | Delta: 1.50e-02 | M: 6606.9282 | Path: Statevector MPI-distributed (1 ranks)
WARNING: Energy -16.0136 below FCI -15.5951 — HWE ansatz may have left the physical particle-number sector
Iter 0112 | Energy: -16.013597 | Delta: 2.32e-02 | M: 6930.1826 | Path: Statevector MPI-distributed (1 ranks)
WARNING: Energy -16.0195 below FCI -15.5951 — HWE ansatz may have left the physical particle-number sector
Iter 0113 | Energy: -16.019494 | Delta: 5.90e-03 | M: 6387.4401 | Path: Statevector MPI-distributed (1 ranks)
WARNING: Energy -15.9991 below FCI -15.5951 — HWE ansatz may have left the physical particle-number sector
Iter 0114 | Energy: -15.999094 | Delta: 2.04e-02 | M: 6820.7440 | Path: Statevector MPI-distributed (1 ranks)
WARNING: Energy -16.0366 below FCI -15.5951 — HWE ansatz may have left the physical particle-number sector
Iter 0115 | Energy: -16.036639 | Delta: 3.75e-02 | M: 6686.3934 | Path: Statevector MPI-distributed (1 ranks)
[RESILIENCE] Iteration 115: Global theta state checkpointed at path checkpoints/checkpoint_iter_0115.npy. 
WARNING: Energy -16.2063 below FCI -15.5951 — HWE ansatz may have left the physical particle-number sector
Iter 0116 | Energy: -16.206345 | Delta: 1.70e-01 | M: 6090.5754 | Path: Statevector MPI-distributed (1 ranks)
WARNING: Energy -16.2377 below FCI -15.5951 — HWE ansatz may have left the physical particle-number sector
Iter 0117 | Energy: -16.237710 | Delta: 3.14e-02 | M: 6564.7622 | Path: Statevector MPI-distributed (1 ranks)
WARNING: Energy -16.3455 below FCI -15.5951 — HWE ansatz may have left the physical particle-number sector
Iter 0118 | Energy: -16.345499 | Delta: 1.08e-01 | M: 6385.7605 | Path: Statevector MPI-distributed (1 ranks)
WARNING: Energy -16.3869 below FCI -15.5951 — HWE ansatz may have left the physical particle-number sector
Iter 0119 | Energy: -16.386877 | Delta: 4.14e-02 | M: 6604.3761 | Path: Statevector MPI-distributed (1 ranks)
WARNING: Energy -16.4129 below FCI -15.5951 — HWE ansatz may have left the physical particle-number sector
Iter 0120 | Energy: -16.412931 | Delta: 2.61e-02 | M: 7117.7544 | Path: Statevector MPI-distributed (1 ranks)
[RESILIENCE] Iteration 120: Global theta state checkpointed at path checkpoints/checkpoint_iter_0120.npy. 
WARNING: Energy -16.4058 below FCI -15.5951 — HWE ansatz may have left the physical particle-number sector
Iter 0121 | Energy: -16.405763 | Delta: 7.17e-03 | M: 7415.0558 | Path: Statevector MPI-distributed (1 ranks)
WARNING: Energy -16.4072 below FCI -15.5951 — HWE ansatz may have left the physical particle-number sector
Iter 0122 | Energy: -16.407180 | Delta: 1.42e-03 | M: 7289.5052 | Path: Statevector MPI-distributed (1 ranks)
WARNING: Energy -16.4092 below FCI -15.5951 — HWE ansatz may have left the physical particle-number sector
Iter 0123 | Energy: -16.409155 | Delta: 1.97e-03 | M: 6822.4788 | Path: Statevector MPI-distributed (1 ranks)
WARNING: Energy -16.4094 below FCI -15.5951 — HWE ansatz may have left the physical particle-number sector
Iter 0124 | Energy: -16.409352 | Delta: 1.97e-04 | M: 6386.8770 | Path: Statevector MPI-distributed (1 ranks)
WARNING: Energy -16.4199 below FCI -15.5951 — HWE ansatz may have left the physical particle-number sector
Iter 0125 | Energy: -16.419869 | Delta: 1.05e-02 | M: 7117.5203 | Path: Statevector MPI-distributed (1 ranks)
[RESILIENCE] Iteration 125: Global theta state checkpointed at path checkpoints/checkpoint_iter_0125.npy. 
WARNING: Energy -16.4239 below FCI -15.5951 — HWE ansatz may have left the physical particle-number sector
Iter 0126 | Energy: -16.423947 | Delta: 4.08e-03 | M: 6421.0796 | Path: Statevector MPI-distributed (1 ranks)
WARNING: Energy -16.5482 below FCI -15.5951 — HWE ansatz may have left the physical particle-number sector
Iter 0127 | Energy: -16.548201 | Delta: 1.24e-01 | M: 5448.7009 | Path: Statevector MPI-distributed (1 ranks)
WARNING: Energy -16.5895 below FCI -15.5951 — HWE ansatz may have left the physical particle-number sector
Iter 0128 | Energy: -16.589547 | Delta: 4.13e-02 | M: 6153.8296 | Path: Statevector MPI-distributed (1 ranks)
WARNING: Energy -16.6044 below FCI -15.5951 — HWE ansatz may have left the physical particle-number sector
Iter 0129 | Energy: -16.604367 | Delta: 1.48e-02 | M: 11829.6743 | Path: Statevector MPI-distributed (1 ranks)
WARNING: Energy -16.6447 below FCI -15.5951 — HWE ansatz may have left the physical particle-number sector
Iter 0130 | Energy: -16.644676 | Delta: 4.03e-02 | M: 8406.3816 | Path: Statevector MPI-distributed (1 ranks)
[RESILIENCE] Iteration 130: Global theta state checkpointed at path checkpoints/checkpoint_iter_0130.npy. 
WARNING: Energy -16.6462 below FCI -15.5951 — HWE ansatz may have left the physical particle-number sector
Iter 0131 | Energy: -16.646207 | Delta: 1.53e-03 | M: 9328.0571 | Path: Statevector MPI-distributed (1 ranks)
WARNING: Energy -16.6508 below FCI -15.5951 — HWE ansatz may have left the physical particle-number sector
Iter 0132 | Energy: -16.650823 | Delta: 4.62e-03 | M: 7979.5385 | Path: Statevector MPI-distributed (1 ranks)
WARNING: Energy -16.7415 below FCI -15.5951 — HWE ansatz may have left the physical particle-number sector
Iter 0133 | Energy: -16.741544 | Delta: 9.07e-02 | M: 5761.6158 | Path: Statevector MPI-distributed (1 ranks)
WARNING: Energy -16.7444 below FCI -15.5951 — HWE ansatz may have left the physical particle-number sector
Iter 0134 | Energy: -16.744354 | Delta: 2.81e-03 | M: 11413.5102 | Path: Statevector MPI-distributed (1 ranks)
WARNING: Energy -16.7818 below FCI -15.5951 — HWE ansatz may have left the physical particle-number sector
Iter 0135 | Energy: -16.781782 | Delta: 3.74e-02 | M: 8421.1743 | Path: Statevector MPI-distributed (1 ranks)
[RESILIENCE] Iteration 135: Global theta state checkpointed at path checkpoints/checkpoint_iter_0135.npy. 
WARNING: Energy -16.8400 below FCI -15.5951 — HWE ansatz may have left the physical particle-number sector
Iter 0136 | Energy: -16.840043 | Delta: 5.83e-02 | M: 8604.6620 | Path: Statevector MPI-distributed (1 ranks)
WARNING: Energy -16.8273 below FCI -15.5951 — HWE ansatz may have left the physical particle-number sector
Iter 0137 | Energy: -16.827290 | Delta: 1.28e-02 | M: 2723.1515 | Path: Statevector MPI-distributed (1 ranks)
WARNING: Energy -16.8386 below FCI -15.5951 — HWE ansatz may have left the physical particle-number sector
Iter 0138 | Energy: -16.838574 | Delta: 1.13e-02 | M: 10450.1302 | Path: Statevector MPI-distributed (1 ranks)
WARNING: Energy -16.8426 below FCI -15.5951 — HWE ansatz may have left the physical particle-number sector
Iter 0139 | Energy: -16.842649 | Delta: 4.08e-03 | M: 9001.7807 | Path: Statevector MPI-distributed (1 ranks)
WARNING: Energy -16.8670 below FCI -15.5951 — HWE ansatz may have left the physical particle-number sector
Iter 0140 | Energy: -16.866983 | Delta: 2.43e-02 | M: 10240.5230 | Path: Statevector MPI-distributed (1 ranks)
[RESILIENCE] Iteration 140: Global theta state checkpointed at path checkpoints/checkpoint_iter_0140.npy. 
WARNING: Energy -16.8574 below FCI -15.5951 — HWE ansatz may have left the physical particle-number sector
Iter 0141 | Energy: -16.857432 | Delta: 9.55e-03 | M: 9350.9985 | Path: Statevector MPI-distributed (1 ranks)
WARNING: Energy -16.8736 below FCI -15.5951 — HWE ansatz may have left the physical particle-number sector
Iter 0142 | Energy: -16.873580 | Delta: 1.61e-02 | M: 9198.3000 | Path: Statevector MPI-distributed (1 ranks)
WARNING: Energy -16.8673 below FCI -15.5951 — HWE ansatz may have left the physical particle-number sector
Iter 0143 | Energy: -16.867269 | Delta: 6.31e-03 | M: 11134.4778 | Path: Statevector MPI-distributed (1 ranks)
WARNING: Energy -16.8679 below FCI -15.5951 — HWE ansatz may have left the physical particle-number sector
Iter 0144 | Energy: -16.867856 | Delta: 5.87e-04 | M: 10373.5028 | Path: Statevector MPI-distributed (1 ranks)
WARNING: Energy -16.8909 below FCI -15.5951 — HWE ansatz may have left the physical particle-number sector
Iter 0145 | Energy: -16.890925 | Delta: 2.31e-02 | M: 12672.7893 | Path: Statevector MPI-distributed (1 ranks)
[RESILIENCE] Iteration 145: Global theta state checkpointed at path checkpoints/checkpoint_iter_0145.npy. 
WARNING: Energy -16.9496 below FCI -15.5951 — HWE ansatz may have left the physical particle-number sector
Iter 0146 | Energy: -16.949647 | Delta: 5.87e-02 | M: 7656.1992 | Path: Statevector MPI-distributed (1 ranks)
WARNING: Energy -16.9679 below FCI -15.5951 — HWE ansatz may have left the physical particle-number sector
Iter 0147 | Energy: -16.967891 | Delta: 1.82e-02 | M: 9963.8264 | Path: Statevector MPI-distributed (1 ranks)
WARNING: Energy -16.9722 below FCI -15.5951 — HWE ansatz may have left the physical particle-number sector
Iter 0148 | Energy: -16.972232 | Delta: 4.34e-03 | M: 10800.6954 | Path: Statevector MPI-distributed (1 ranks)
WARNING: Energy -16.9899 below FCI -15.5951 — HWE ansatz may have left the physical particle-number sector
Iter 0149 | Energy: -16.989878 | Delta: 1.76e-02 | M: 9624.8912 | Path: Statevector MPI-distributed (1 ranks)
WARNING: Energy -16.9984 below FCI -15.5951 — HWE ansatz may have left the physical particle-number sector
Iter 0150 | Energy: -16.998387 | Delta: 8.51e-03 | M: 9923.3331 | Path: Statevector MPI-distributed (1 ranks)
[RESILIENCE] Iteration 150: Global theta state checkpointed at path checkpoints/checkpoint_iter_0150.npy. 
WARNING: Energy -16.9835 below FCI -15.5951 — HWE ansatz may have left the physical particle-number sector
Iter 0151 | Energy: -16.983515 | Delta: 1.49e-02 | M: 11597.7490 | Path: Statevector MPI-distributed (1 ranks)
WARNING: Energy -16.9920 below FCI -15.5951 — HWE ansatz may have left the physical particle-number sector
Iter 0152 | Energy: -16.991974 | Delta: 8.46e-03 | M: 8365.2309 | Path: Statevector MPI-distributed (1 ranks)
WARNING: Energy -16.9978 below FCI -15.5951 — HWE ansatz may have left the physical particle-number sector
Iter 0153 | Energy: -16.997793 | Delta: 5.82e-03 | M: 8296.3375 | Path: Statevector MPI-distributed (1 ranks)
WARNING: Energy -17.0092 below FCI -15.5951 — HWE ansatz may have left the physical particle-number sector
Iter 0154 | Energy: -17.009170 | Delta: 1.14e-02 | M: 6897.1433 | Path: Statevector MPI-distributed (1 ranks)
WARNING: Energy -17.0309 below FCI -15.5951 — HWE ansatz may have left the physical particle-number sector
Iter 0155 | Energy: -17.030931 | Delta: 2.18e-02 | M: 7436.8543 | Path: Statevector MPI-distributed (1 ranks)
[RESILIENCE] Iteration 155: Global theta state checkpointed at path checkpoints/checkpoint_iter_0155.npy. 
WARNING: Energy -17.0405 below FCI -15.5951 — HWE ansatz may have left the physical particle-number sector
Iter 0156 | Energy: -17.040524 | Delta: 9.59e-03 | M: 8362.1720 | Path: Statevector MPI-distributed (1 ranks)
WARNING: Energy -17.0796 below FCI -15.5951 — HWE ansatz may have left the physical particle-number sector
Iter 0157 | Energy: -17.079594 | Delta: 3.91e-02 | M: 8366.9855 | Path: Statevector MPI-distributed (1 ranks)
WARNING: Energy -17.0931 below FCI -15.5951 — HWE ansatz may have left the physical particle-number sector
Iter 0158 | Energy: -17.093076 | Delta: 1.35e-02 | M: 8314.3936 | Path: Statevector MPI-distributed (1 ranks)
WARNING: Energy -17.0898 below FCI -15.5951 — HWE ansatz may have left the physical particle-number sector
Iter 0159 | Energy: -17.089763 | Delta: 3.31e-03 | M: 7821.7019 | Path: Statevector MPI-distributed (1 ranks)
WARNING: Energy -17.0811 below FCI -15.5951 — HWE ansatz may have left the physical particle-number sector
Iter 0160 | Energy: -17.081141 | Delta: 8.62e-03 | M: 8571.6609 | Path: Statevector MPI-distributed (1 ranks)
[RESILIENCE] Iteration 160: Global theta state checkpointed at path checkpoints/checkpoint_iter_0160.npy. 
WARNING: Energy -17.0912 below FCI -15.5951 — HWE ansatz may have left the physical particle-number sector
Iter 0161 | Energy: -17.091169 | Delta: 1.00e-02 | M: 7574.5438 | Path: Statevector MPI-distributed (1 ranks)
WARNING: Energy -17.0953 below FCI -15.5951 — HWE ansatz may have left the physical particle-number sector
Iter 0162 | Energy: -17.095251 | Delta: 4.08e-03 | M: 6243.9723 | Path: Statevector MPI-distributed (1 ranks)
WARNING: Energy -17.1129 below FCI -15.5951 — HWE ansatz may have left the physical particle-number sector
Iter 0163 | Energy: -17.112946 | Delta: 1.77e-02 | M: 7781.5746 | Path: Statevector MPI-distributed (1 ranks)
WARNING: Energy -17.1099 below FCI -15.5951 — HWE ansatz may have left the physical particle-number sector
Iter 0164 | Energy: -17.109937 | Delta: 3.01e-03 | M: 7457.6433 | Path: Statevector MPI-distributed (1 ranks)
WARNING: Energy -17.1024 below FCI -15.5951 — HWE ansatz may have left the physical particle-number sector
Iter 0165 | Energy: -17.102409 | Delta: 7.53e-03 | M: 8196.9015 | Path: Statevector MPI-distributed (1 ranks)
[RESILIENCE] Iteration 165: Global theta state checkpointed at path checkpoints/checkpoint_iter_0165.npy. 
WARNING: Energy -17.1197 below FCI -15.5951 — HWE ansatz may have left the physical particle-number sector
Iter 0166 | Energy: -17.119713 | Delta: 1.73e-02 | M: 7494.5415 | Path: Statevector MPI-distributed (1 ranks)
WARNING: Energy -17.1166 below FCI -15.5951 — HWE ansatz may have left the physical particle-number sector
Iter 0167 | Energy: -17.116611 | Delta: 3.10e-03 | M: 7042.3482 | Path: Statevector MPI-distributed (1 ranks)
WARNING: Energy -17.1150 below FCI -15.5951 — HWE ansatz may have left the physical particle-number sector
Iter 0168 | Energy: -17.114998 | Delta: 1.61e-03 | M: 7374.5517 | Path: Statevector MPI-distributed (1 ranks)
WARNING: Energy -17.1189 below FCI -15.5951 — HWE ansatz may have left the physical particle-number sector
Iter 0169 | Energy: -17.118882 | Delta: 3.88e-03 | M: 7387.3861 | Path: Statevector MPI-distributed (1 ranks)
WARNING: Energy -17.1318 below FCI -15.5951 — HWE ansatz may have left the physical particle-number sector
Iter 0170 | Energy: -17.131836 | Delta: 1.30e-02 | M: 7409.5737 | Path: Statevector MPI-distributed (1 ranks)
[RESILIENCE] Iteration 170: Global theta state checkpointed at path checkpoints/checkpoint_iter_0170.npy. 
WARNING: Energy -17.1383 below FCI -15.5951 — HWE ansatz may have left the physical particle-number sector
Iter 0171 | Energy: -17.138311 | Delta: 6.47e-03 | M: 7685.5884 | Path: Statevector MPI-distributed (1 ranks)
WARNING: Energy -17.1488 below FCI -15.5951 — HWE ansatz may have left the physical particle-number sector
Iter 0172 | Energy: -17.148848 | Delta: 1.05e-02 | M: 7373.7502 | Path: Statevector MPI-distributed (1 ranks)
WARNING: Energy -17.1740 below FCI -15.5951 — HWE ansatz may have left the physical particle-number sector
Iter 0173 | Energy: -17.174027 | Delta: 2.52e-02 | M: 7378.0070 | Path: Statevector MPI-distributed (1 ranks)
WARNING: Energy -17.1682 below FCI -15.5951 — HWE ansatz may have left the physical particle-number sector
Iter 0174 | Energy: -17.168239 | Delta: 5.79e-03 | M: 7215.6749 | Path: Statevector MPI-distributed (1 ranks)
WARNING: Energy -17.1910 below FCI -15.5951 — HWE ansatz may have left the physical particle-number sector
Iter 0175 | Energy: -17.190959 | Delta: 2.27e-02 | M: 6319.1636 | Path: Statevector MPI-distributed (1 ranks)
[RESILIENCE] Iteration 175: Global theta state checkpointed at path checkpoints/checkpoint_iter_0175.npy. 
WARNING: Energy -17.2008 below FCI -15.5951 — HWE ansatz may have left the physical particle-number sector
Iter 0176 | Energy: -17.200820 | Delta: 9.86e-03 | M: 7191.0803 | Path: Statevector MPI-distributed (1 ranks)
WARNING: Energy -17.1937 below FCI -15.5951 — HWE ansatz may have left the physical particle-number sector
Iter 0177 | Energy: -17.193688 | Delta: 7.13e-03 | M: 7097.5884 | Path: Statevector MPI-distributed (1 ranks)
WARNING: Energy -17.2058 below FCI -15.5951 — HWE ansatz may have left the physical particle-number sector
Iter 0178 | Energy: -17.205751 | Delta: 1.21e-02 | M: 7030.4566 | Path: Statevector MPI-distributed (1 ranks)
WARNING: Energy -17.2072 below FCI -15.5951 — HWE ansatz may have left the physical particle-number sector
Iter 0179 | Energy: -17.207205 | Delta: 1.45e-03 | M: 6861.0303 | Path: Statevector MPI-distributed (1 ranks)
WARNING: Energy -17.1956 below FCI -15.5951 — HWE ansatz may have left the physical particle-number sector
Iter 0180 | Energy: -17.195591 | Delta: 1.16e-02 | M: 6167.3240 | Path: Statevector MPI-distributed (1 ranks)
[RESILIENCE] Iteration 180: Global theta state checkpointed at path checkpoints/checkpoint_iter_0180.npy. 
WARNING: Energy -17.2076 below FCI -15.5951 — HWE ansatz may have left the physical particle-number sector
Iter 0181 | Energy: -17.207625 | Delta: 1.20e-02 | M: 7934.0113 | Path: Statevector MPI-distributed (1 ranks)
WARNING: Energy -17.2189 below FCI -15.5951 — HWE ansatz may have left the physical particle-number sector
Iter 0182 | Energy: -17.218871 | Delta: 1.12e-02 | M: 6792.2629 | Path: Statevector MPI-distributed (1 ranks)
WARNING: Energy -17.2269 below FCI -15.5951 — HWE ansatz may have left the physical particle-number sector
Iter 0183 | Energy: -17.226870 | Delta: 8.00e-03 | M: 7211.1479 | Path: Statevector MPI-distributed (1 ranks)
WARNING: Energy -17.2169 below FCI -15.5951 — HWE ansatz may have left the physical particle-number sector
Iter 0184 | Energy: -17.216860 | Delta: 1.00e-02 | M: 8039.5512 | Path: Statevector MPI-distributed (1 ranks)
WARNING: Energy -17.2155 below FCI -15.5951 — HWE ansatz may have left the physical particle-number sector
Iter 0185 | Energy: -17.215530 | Delta: 1.33e-03 | M: 6197.8274 | Path: Statevector MPI-distributed (1 ranks)
[RESILIENCE] Iteration 185: Global theta state checkpointed at path checkpoints/checkpoint_iter_0185.npy. 
WARNING: Energy -17.2376 below FCI -15.5951 — HWE ansatz may have left the physical particle-number sector
Iter 0186 | Energy: -17.237639 | Delta: 2.21e-02 | M: 6761.3811 | Path: Statevector MPI-distributed (1 ranks)
WARNING: Energy -17.2260 below FCI -15.5951 — HWE ansatz may have left the physical particle-number sector
Iter 0187 | Energy: -17.225992 | Delta: 1.16e-02 | M: 7263.7169 | Path: Statevector MPI-distributed (1 ranks)
WARNING: Energy -17.2319 below FCI -15.5951 — HWE ansatz may have left the physical particle-number sector
Iter 0188 | Energy: -17.231890 | Delta: 5.90e-03 | M: 6846.1594 | Path: Statevector MPI-distributed (1 ranks)
WARNING: Energy -17.2474 below FCI -15.5951 — HWE ansatz may have left the physical particle-number sector
Iter 0189 | Energy: -17.247400 | Delta: 1.55e-02 | M: 6650.9276 | Path: Statevector MPI-distributed (1 ranks)
WARNING: Energy -17.2536 below FCI -15.5951 — HWE ansatz may have left the physical particle-number sector
Iter 0190 | Energy: -17.253566 | Delta: 6.17e-03 | M: 8803.4388 | Path: Statevector MPI-distributed (1 ranks)
[RESILIENCE] Iteration 190: Global theta state checkpointed at path checkpoints/checkpoint_iter_0190.npy. 
WARNING: Energy -17.2517 below FCI -15.5951 — HWE ansatz may have left the physical particle-number sector
Iter 0191 | Energy: -17.251655 | Delta: 1.91e-03 | M: 6840.5075 | Path: Statevector MPI-distributed (1 ranks)
WARNING: Energy -17.2667 below FCI -15.5951 — HWE ansatz may have left the physical particle-number sector
Iter 0192 | Energy: -17.266665 | Delta: 1.50e-02 | M: 6914.3645 | Path: Statevector MPI-distributed (1 ranks)
WARNING: Energy -17.3153 below FCI -15.5951 — HWE ansatz may have left the physical particle-number sector
Iter 0193 | Energy: -17.315327 | Delta: 4.87e-02 | M: 6409.3845 | Path: Statevector MPI-distributed (1 ranks)
WARNING: Energy -17.3053 below FCI -15.5951 — HWE ansatz may have left the physical particle-number sector
Iter 0194 | Energy: -17.305286 | Delta: 1.00e-02 | M: 6698.0110 | Path: Statevector MPI-distributed (1 ranks)
WARNING: Energy -17.3023 below FCI -15.5951 — HWE ansatz may have left the physical particle-number sector
Iter 0195 | Energy: -17.302253 | Delta: 3.03e-03 | M: 6784.6665 | Path: Statevector MPI-distributed (1 ranks)
[RESILIENCE] Iteration 195: Global theta state checkpointed at path checkpoints/checkpoint_iter_0195.npy. 
WARNING: Energy -17.3012 below FCI -15.5951 — HWE ansatz may have left the physical particle-number sector
Iter 0196 | Energy: -17.301235 | Delta: 1.02e-03 | M: 6368.4665 | Path: Statevector MPI-distributed (1 ranks)
WARNING: Energy -17.3082 below FCI -15.5951 — HWE ansatz may have left the physical particle-number sector
Iter 0197 | Energy: -17.308242 | Delta: 7.01e-03 | M: 6780.2406 | Path: Statevector MPI-distributed (1 ranks)
WARNING: Energy -17.3264 below FCI -15.5951 — HWE ansatz may have left the physical particle-number sector
Iter 0198 | Energy: -17.326409 | Delta: 1.82e-02 | M: 6613.9085 | Path: Statevector MPI-distributed (1 ranks)
WARNING: Energy -17.3071 below FCI -15.5951 — HWE ansatz may have left the physical particle-number sector
Iter 0199 | Energy: -17.307069 | Delta: 1.93e-02 | M: 6850.5436 | Path: Statevector MPI-distributed (1 ranks)
WARNING: Energy -17.3266 below FCI -15.5951 — HWE ansatz may have left the physical particle-number sector
Iter 0200 | Energy: -17.326566 | Delta: 1.95e-02 | M: 6679.9247 | Path: Statevector MPI-distributed (1 ranks)
[RESILIENCE] Iteration 200: Global theta state checkpointed at path checkpoints/checkpoint_iter_0200.npy. 
WARNING: Energy -17.3315 below FCI -15.5951 — HWE ansatz may have left the physical particle-number sector
Iter 0201 | Energy: -17.331496 | Delta: 4.93e-03 | M: 6521.7839 | Path: Statevector MPI-distributed (1 ranks)
WARNING: Energy -17.3231 below FCI -15.5951 — HWE ansatz may have left the physical particle-number sector
Iter 0202 | Energy: -17.323150 | Delta: 8.35e-03 | M: 5931.8202 | Path: Statevector MPI-distributed (1 ranks)
WARNING: Energy -17.3389 below FCI -15.5951 — HWE ansatz may have left the physical particle-number sector
Iter 0203 | Energy: -17.338938 | Delta: 1.58e-02 | M: 6811.9579 | Path: Statevector MPI-distributed (1 ranks)
WARNING: Energy -17.3330 below FCI -15.5951 — HWE ansatz may have left the physical particle-number sector
Iter 0204 | Energy: -17.333019 | Delta: 5.92e-03 | M: 6941.6027 | Path: Statevector MPI-distributed (1 ranks)
WARNING: Energy -17.3335 below FCI -15.5951 — HWE ansatz may have left the physical particle-number sector
Iter 0205 | Energy: -17.333466 | Delta: 4.47e-04 | M: 6487.9235 | Path: Statevector MPI-distributed (1 ranks)
[RESILIENCE] Iteration 205: Global theta state checkpointed at path checkpoints/checkpoint_iter_0205.npy. 
WARNING: Energy -17.3607 below FCI -15.5951 — HWE ansatz may have left the physical particle-number sector
Iter 0206 | Energy: -17.360719 | Delta: 2.73e-02 | M: 6782.1797 | Path: Statevector MPI-distributed (1 ranks)
WARNING: Energy -17.3378 below FCI -15.5951 — HWE ansatz may have left the physical particle-number sector
Iter 0207 | Energy: -17.337751 | Delta: 2.30e-02 | M: 6104.5723 | Path: Statevector MPI-distributed (1 ranks)
WARNING: Energy -17.3513 below FCI -15.5951 — HWE ansatz may have left the physical particle-number sector
Iter 0208 | Energy: -17.351282 | Delta: 1.35e-02 | M: 6575.3494 | Path: Statevector MPI-distributed (1 ranks)
WARNING: Energy -17.3592 below FCI -15.5951 — HWE ansatz may have left the physical particle-number sector
Iter 0209 | Energy: -17.359161 | Delta: 7.88e-03 | M: 6522.5629 | Path: Statevector MPI-distributed (1 ranks)
WARNING: Energy -17.3492 below FCI -15.5951 — HWE ansatz may have left the physical particle-number sector
Iter 0210 | Energy: -17.349231 | Delta: 9.93e-03 | M: 6692.9588 | Path: Statevector MPI-distributed (1 ranks)
[RESILIENCE] Iteration 210: Global theta state checkpointed at path checkpoints/checkpoint_iter_0210.npy. 
WARNING: Energy -17.3631 below FCI -15.5951 — HWE ansatz may have left the physical particle-number sector
Iter 0211 | Energy: -17.363121 | Delta: 1.39e-02 | M: 6086.7373 | Path: Statevector MPI-distributed (1 ranks)
WARNING: Energy -17.3686 below FCI -15.5951 — HWE ansatz may have left the physical particle-number sector
Iter 0212 | Energy: -17.368583 | Delta: 5.46e-03 | M: 5773.4740 | Path: Statevector MPI-distributed (1 ranks)
WARNING: Energy -17.3771 below FCI -15.5951 — HWE ansatz may have left the physical particle-number sector
Iter 0213 | Energy: -17.377122 | Delta: 8.54e-03 | M: 6640.5564 | Path: Statevector MPI-distributed (1 ranks)
WARNING: Energy -17.3627 below FCI -15.5951 — HWE ansatz may have left the physical particle-number sector
Iter 0214 | Energy: -17.362663 | Delta: 1.45e-02 | M: 5487.7158 | Path: Statevector MPI-distributed (1 ranks)
WARNING: Energy -17.3630 below FCI -15.5951 — HWE ansatz may have left the physical particle-number sector
Iter 0215 | Energy: -17.363046 | Delta: 3.83e-04 | M: 6546.3929 | Path: Statevector MPI-distributed (1 ranks)
[RESILIENCE] Iteration 215: Global theta state checkpointed at path checkpoints/checkpoint_iter_0215.npy. 
WARNING: Energy -17.3867 below FCI -15.5951 — HWE ansatz may have left the physical particle-number sector
Iter 0216 | Energy: -17.386691 | Delta: 2.36e-02 | M: 7193.1649 | Path: Statevector MPI-distributed (1 ranks)
WARNING: Energy -17.3673 below FCI -15.5951 — HWE ansatz may have left the physical particle-number sector
Iter 0217 | Energy: -17.367334 | Delta: 1.94e-02 | M: 7495.6055 | Path: Statevector MPI-distributed (1 ranks)
WARNING: Energy -17.3703 below FCI -15.5951 — HWE ansatz may have left the physical particle-number sector
Iter 0218 | Energy: -17.370303 | Delta: 2.97e-03 | M: 6893.1581 | Path: Statevector MPI-distributed (1 ranks)
WARNING: Energy -17.3651 below FCI -15.5951 — HWE ansatz may have left the physical particle-number sector
Iter 0219 | Energy: -17.365107 | Delta: 5.20e-03 | M: 5652.4346 | Path: Statevector MPI-distributed (1 ranks)
WARNING: Energy -17.3821 below FCI -15.5951 — HWE ansatz may have left the physical particle-number sector
Iter 0220 | Energy: -17.382117 | Delta: 1.70e-02 | M: 7067.0193 | Path: Statevector MPI-distributed (1 ranks)
[RESILIENCE] Iteration 220: Global theta state checkpointed at path checkpoints/checkpoint_iter_0220.npy. 
WARNING: Energy -17.3715 below FCI -15.5951 — HWE ansatz may have left the physical particle-number sector
Iter 0221 | Energy: -17.371472 | Delta: 1.06e-02 | M: 7325.3686 | Path: Statevector MPI-distributed (1 ranks)
WARNING: Energy -17.3897 below FCI -15.5951 — HWE ansatz may have left the physical particle-number sector
Iter 0222 | Energy: -17.389740 | Delta: 1.83e-02 | M: 5510.7375 | Path: Statevector MPI-distributed (1 ranks)
WARNING: Energy -17.3853 below FCI -15.5951 — HWE ansatz may have left the physical particle-number sector
Iter 0223 | Energy: -17.385303 | Delta: 4.44e-03 | M: 6531.7975 | Path: Statevector MPI-distributed (1 ranks)
WARNING: Energy -17.4036 below FCI -15.5951 — HWE ansatz may have left the physical particle-number sector
Iter 0224 | Energy: -17.403596 | Delta: 1.83e-02 | M: 6783.7822 | Path: Statevector MPI-distributed (1 ranks)
WARNING: Energy -17.3869 below FCI -15.5951 — HWE ansatz may have left the physical particle-number sector
Iter 0225 | Energy: -17.386924 | Delta: 1.67e-02 | M: 10710.0413 | Path: Statevector MPI-distributed (1 ranks)
[RESILIENCE] Iteration 225: Global theta state checkpointed at path checkpoints/checkpoint_iter_0225.npy. 
WARNING: Energy -17.3943 below FCI -15.5951 — HWE ansatz may have left the physical particle-number sector
Iter 0226 | Energy: -17.394270 | Delta: 7.35e-03 | M: 6717.2279 | Path: Statevector MPI-distributed (1 ranks)
WARNING: Energy -17.3967 below FCI -15.5951 — HWE ansatz may have left the physical particle-number sector
Iter 0227 | Energy: -17.396683 | Delta: 2.41e-03 | M: 7052.5313 | Path: Statevector MPI-distributed (1 ranks)
WARNING: Energy -17.3936 below FCI -15.5951 — HWE ansatz may have left the physical particle-number sector
Iter 0228 | Energy: -17.393647 | Delta: 3.04e-03 | M: 6760.6644 | Path: Statevector MPI-distributed (1 ranks)
WARNING: Energy -17.4120 below FCI -15.5951 — HWE ansatz may have left the physical particle-number sector
Iter 0229 | Energy: -17.412031 | Delta: 1.84e-02 | M: 6465.8992 | Path: Statevector MPI-distributed (1 ranks)
WARNING: Energy -17.3966 below FCI -15.5951 — HWE ansatz may have left the physical particle-number sector
Iter 0230 | Energy: -17.396600 | Delta: 1.54e-02 | M: 6243.6474 | Path: Statevector MPI-distributed (1 ranks)
[RESILIENCE] Iteration 230: Global theta state checkpointed at path checkpoints/checkpoint_iter_0230.npy. 
WARNING: Energy -17.3970 below FCI -15.5951 — HWE ansatz may have left the physical particle-number sector
Iter 0231 | Energy: -17.396981 | Delta: 3.81e-04 | M: 6477.9982 | Path: Statevector MPI-distributed (1 ranks)
WARNING: Energy -17.4122 below FCI -15.5951 — HWE ansatz may have left the physical particle-number sector
Iter 0232 | Energy: -17.412174 | Delta: 1.52e-02 | M: 6022.1732 | Path: Statevector MPI-distributed (1 ranks)
WARNING: Energy -17.4146 below FCI -15.5951 — HWE ansatz may have left the physical particle-number sector
Iter 0233 | Energy: -17.414583 | Delta: 2.41e-03 | M: 6232.0670 | Path: Statevector MPI-distributed (1 ranks)
WARNING: Energy -17.4205 below FCI -15.5951 — HWE ansatz may have left the physical particle-number sector
Iter 0234 | Energy: -17.420460 | Delta: 5.88e-03 | M: 6716.2832 | Path: Statevector MPI-distributed (1 ranks)
WARNING: Energy -17.3965 below FCI -15.5951 — HWE ansatz may have left the physical particle-number sector
Iter 0235 | Energy: -17.396504 | Delta: 2.40e-02 | M: 8836.2672 | Path: Statevector MPI-distributed (1 ranks)
[RESILIENCE] Iteration 235: Global theta state checkpointed at path checkpoints/checkpoint_iter_0235.npy. 
WARNING: Energy -17.4187 below FCI -15.5951 — HWE ansatz may have left the physical particle-number sector
Iter 0236 | Energy: -17.418716 | Delta: 2.22e-02 | M: 6986.5348 | Path: Statevector MPI-distributed (1 ranks)
WARNING: Energy -17.4211 below FCI -15.5951 — HWE ansatz may have left the physical particle-number sector
Iter 0237 | Energy: -17.421119 | Delta: 2.40e-03 | M: 6652.6020 | Path: Statevector MPI-distributed (1 ranks)
WARNING: Energy -17.4070 below FCI -15.5951 — HWE ansatz may have left the physical particle-number sector
Iter 0238 | Energy: -17.406979 | Delta: 1.41e-02 | M: 6687.5168 | Path: Statevector MPI-distributed (1 ranks)
WARNING: Energy -17.3954 below FCI -15.5951 — HWE ansatz may have left the physical particle-number sector
Iter 0239 | Energy: -17.395360 | Delta: 1.16e-02 | M: 6975.3915 | Path: Statevector MPI-distributed (1 ranks)
WARNING: Energy -17.3985 below FCI -15.5951 — HWE ansatz may have left the physical particle-number sector
Iter 0240 | Energy: -17.398536 | Delta: 3.18e-03 | M: 6802.9305 | Path: Statevector MPI-distributed (1 ranks)
[RESILIENCE] Iteration 240: Global theta state checkpointed at path checkpoints/checkpoint_iter_0240.npy. 
WARNING: Energy -17.4030 below FCI -15.5951 — HWE ansatz may have left the physical particle-number sector
Iter 0241 | Energy: -17.403050 | Delta: 4.51e-03 | M: 7298.5566 | Path: Statevector MPI-distributed (1 ranks)
WARNING: Energy -17.4120 below FCI -15.5951 — HWE ansatz may have left the physical particle-number sector
Iter 0242 | Energy: -17.412028 | Delta: 8.98e-03 | M: 6768.5709 | Path: Statevector MPI-distributed (1 ranks)
WARNING: Energy -17.4257 below FCI -15.5951 — HWE ansatz may have left the physical particle-number sector
Iter 0243 | Energy: -17.425720 | Delta: 1.37e-02 | M: 6618.2914 | Path: Statevector MPI-distributed (1 ranks)
WARNING: Energy -17.4127 below FCI -15.5951 — HWE ansatz may have left the physical particle-number sector
Iter 0244 | Energy: -17.412742 | Delta: 1.30e-02 | M: 6653.7736 | Path: Statevector MPI-distributed (1 ranks)
WARNING: Energy -17.4217 below FCI -15.5951 — HWE ansatz may have left the physical particle-number sector
Iter 0245 | Energy: -17.421699 | Delta: 8.96e-03 | M: 6568.2133 | Path: Statevector MPI-distributed (1 ranks)
[RESILIENCE] Iteration 245: Global theta state checkpointed at path checkpoints/checkpoint_iter_0245.npy. 
WARNING: Energy -17.4272 below FCI -15.5951 — HWE ansatz may have left the physical particle-number sector
Iter 0246 | Energy: -17.427193 | Delta: 5.49e-03 | M: 6736.9904 | Path: Statevector MPI-distributed (1 ranks)
WARNING: Energy -17.4208 below FCI -15.5951 — HWE ansatz may have left the physical particle-number sector
Iter 0247 | Energy: -17.420817 | Delta: 6.38e-03 | M: 6977.1821 | Path: Statevector MPI-distributed (1 ranks)
WARNING: Energy -17.4324 below FCI -15.5951 — HWE ansatz may have left the physical particle-number sector
Iter 0248 | Energy: -17.432386 | Delta: 1.16e-02 | M: 7443.7395 | Path: Statevector MPI-distributed (1 ranks)
WARNING: Energy -17.4128 below FCI -15.5951 — HWE ansatz may have left the physical particle-number sector
Iter 0249 | Energy: -17.412802 | Delta: 1.96e-02 | M: 6677.8856 | Path: Statevector MPI-distributed (1 ranks)
WARNING: Energy -17.4318 below FCI -15.5951 — HWE ansatz may have left the physical particle-number sector
Iter 0250 | Energy: -17.431817 | Delta: 1.90e-02 | M: 6442.6440 | Path: Statevector MPI-distributed (1 ranks)
[RESILIENCE] Iteration 250: Global theta state checkpointed at path checkpoints/checkpoint_iter_0250.npy. 
WARNING: Energy -17.4403 below FCI -15.5951 — HWE ansatz may have left the physical particle-number sector
Iter 0251 | Energy: -17.440267 | Delta: 8.45e-03 | M: 6813.1185 | Path: Statevector MPI-distributed (1 ranks)
WARNING: Energy -17.4313 below FCI -15.5951 — HWE ansatz may have left the physical particle-number sector
Iter 0252 | Energy: -17.431332 | Delta: 8.94e-03 | M: 6781.1864 | Path: Statevector MPI-distributed (1 ranks)
WARNING: Energy -17.4441 below FCI -15.5951 — HWE ansatz may have left the physical particle-number sector
Iter 0253 | Energy: -17.444115 | Delta: 1.28e-02 | M: 6391.0072 | Path: Statevector MPI-distributed (1 ranks)
WARNING: Energy -17.4343 below FCI -15.5951 — HWE ansatz may have left the physical particle-number sector
Iter 0254 | Energy: -17.434346 | Delta: 9.77e-03 | M: 6282.8557 | Path: Statevector MPI-distributed (1 ranks)
WARNING: Energy -17.4419 below FCI -15.5951 — HWE ansatz may have left the physical particle-number sector
Iter 0255 | Energy: -17.441928 | Delta: 7.58e-03 | M: 6532.9025 | Path: Statevector MPI-distributed (1 ranks)
[RESILIENCE] Iteration 255: Global theta state checkpointed at path checkpoints/checkpoint_iter_0255.npy. 
WARNING: Energy -17.4510 below FCI -15.5951 — HWE ansatz may have left the physical particle-number sector
Iter 0256 | Energy: -17.451000 | Delta: 9.07e-03 | M: 10939.4219 | Path: Statevector MPI-distributed (1 ranks)
WARNING: Energy -17.4509 below FCI -15.5951 — HWE ansatz may have left the physical particle-number sector
Iter 0257 | Energy: -17.450912 | Delta: 8.78e-05 | M: 6996.9168 | Path: Statevector MPI-distributed (1 ranks)
WARNING: Energy -17.4329 below FCI -15.5951 — HWE ansatz may have left the physical particle-number sector
Iter 0258 | Energy: -17.432897 | Delta: 1.80e-02 | M: 6960.8965 | Path: Statevector MPI-distributed (1 ranks)
WARNING: Energy -17.4462 below FCI -15.5951 — HWE ansatz may have left the physical particle-number sector
Iter 0259 | Energy: -17.446189 | Delta: 1.33e-02 | M: 7105.2801 | Path: Statevector MPI-distributed (1 ranks)
WARNING: Energy -17.4422 below FCI -15.5951 — HWE ansatz may have left the physical particle-number sector
Iter 0260 | Energy: -17.442227 | Delta: 3.96e-03 | M: 7660.4615 | Path: Statevector MPI-distributed (1 ranks)
[RESILIENCE] Iteration 260: Global theta state checkpointed at path checkpoints/checkpoint_iter_0260.npy. 
WARNING: Energy -17.4564 below FCI -15.5951 — HWE ansatz may have left the physical particle-number sector
Iter 0261 | Energy: -17.456446 | Delta: 1.42e-02 | M: 7120.4540 | Path: Statevector MPI-distributed (1 ranks)
WARNING: Energy -17.4389 below FCI -15.5951 — HWE ansatz may have left the physical particle-number sector
Iter 0262 | Energy: -17.438934 | Delta: 1.75e-02 | M: 6905.5097 | Path: Statevector MPI-distributed (1 ranks)
WARNING: Energy -17.4373 below FCI -15.5951 — HWE ansatz may have left the physical particle-number sector
Iter 0263 | Energy: -17.437304 | Delta: 1.63e-03 | M: 6672.8394 | Path: Statevector MPI-distributed (1 ranks)
WARNING: Energy -17.4437 below FCI -15.5951 — HWE ansatz may have left the physical particle-number sector
Iter 0264 | Energy: -17.443695 | Delta: 6.39e-03 | M: 7235.4007 | Path: Statevector MPI-distributed (1 ranks)
WARNING: Energy -17.4535 below FCI -15.5951 — HWE ansatz may have left the physical particle-number sector
Iter 0265 | Energy: -17.453494 | Delta: 9.80e-03 | M: 6590.6541 | Path: Statevector MPI-distributed (1 ranks)
[RESILIENCE] Iteration 265: Global theta state checkpointed at path checkpoints/checkpoint_iter_0265.npy. 
WARNING: Energy -17.4525 below FCI -15.5951 — HWE ansatz may have left the physical particle-number sector
Iter 0266 | Energy: -17.452510 | Delta: 9.84e-04 | M: 6663.6435 | Path: Statevector MPI-distributed (1 ranks)
WARNING: Energy -17.4418 below FCI -15.5951 — HWE ansatz may have left the physical particle-number sector
Iter 0267 | Energy: -17.441840 | Delta: 1.07e-02 | M: 6505.9608 | Path: Statevector MPI-distributed (1 ranks)
WARNING: Energy -17.4618 below FCI -15.5951 — HWE ansatz may have left the physical particle-number sector
Iter 0268 | Energy: -17.461760 | Delta: 1.99e-02 | M: 9731.4148 | Path: Statevector MPI-distributed (1 ranks)
WARNING: Energy -17.4586 below FCI -15.5951 — HWE ansatz may have left the physical particle-number sector
Iter 0269 | Energy: -17.458593 | Delta: 3.17e-03 | M: 5710.5220 | Path: Statevector MPI-distributed (1 ranks)
WARNING: Energy -17.4631 below FCI -15.5951 — HWE ansatz may have left the physical particle-number sector
Iter 0270 | Energy: -17.463091 | Delta: 4.50e-03 | M: 6664.0729 | Path: Statevector MPI-distributed (1 ranks)
[RESILIENCE] Iteration 270: Global theta state checkpointed at path checkpoints/checkpoint_iter_0270.npy. 
WARNING: Energy -17.4695 below FCI -15.5951 — HWE ansatz may have left the physical particle-number sector
Iter 0271 | Energy: -17.469491 | Delta: 6.40e-03 | M: 6938.4978 | Path: Statevector MPI-distributed (1 ranks)
WARNING: Energy -17.4652 below FCI -15.5951 — HWE ansatz may have left the physical particle-number sector
Iter 0272 | Energy: -17.465173 | Delta: 4.32e-03 | M: 5118.9423 | Path: Statevector MPI-distributed (1 ranks)
WARNING: Energy -17.4779 below FCI -15.5951 — HWE ansatz may have left the physical particle-number sector
Iter 0273 | Energy: -17.477916 | Delta: 1.27e-02 | M: 7251.4858 | Path: Statevector MPI-distributed (1 ranks)
WARNING: Energy -17.4655 below FCI -15.5951 — HWE ansatz may have left the physical particle-number sector
Iter 0274 | Energy: -17.465457 | Delta: 1.25e-02 | M: 6590.8428 | Path: Statevector MPI-distributed (1 ranks)
WARNING: Energy -17.4606 below FCI -15.5951 — HWE ansatz may have left the physical particle-number sector
Iter 0275 | Energy: -17.460551 | Delta: 4.91e-03 | M: 6929.5175 | Path: Statevector MPI-distributed (1 ranks)
[RESILIENCE] Iteration 275: Global theta state checkpointed at path checkpoints/checkpoint_iter_0275.npy. 
WARNING: Energy -17.4680 below FCI -15.5951 — HWE ansatz may have left the physical particle-number sector
Iter 0276 | Energy: -17.468026 | Delta: 7.47e-03 | M: 6845.3218 | Path: Statevector MPI-distributed (1 ranks)
WARNING: Energy -17.4693 below FCI -15.5951 — HWE ansatz may have left the physical particle-number sector
Iter 0277 | Energy: -17.469255 | Delta: 1.23e-03 | M: 7529.8539 | Path: Statevector MPI-distributed (1 ranks)
WARNING: Energy -17.4579 below FCI -15.5951 — HWE ansatz may have left the physical particle-number sector
Iter 0278 | Energy: -17.457879 | Delta: 1.14e-02 | M: 6670.0794 | Path: Statevector MPI-distributed (1 ranks)
WARNING: Energy -17.4746 below FCI -15.5951 — HWE ansatz may have left the physical particle-number sector
Iter 0279 | Energy: -17.474551 | Delta: 1.67e-02 | M: 5237.6235 | Path: Statevector MPI-distributed (1 ranks)
WARNING: Energy -17.4612 below FCI -15.5951 — HWE ansatz may have left the physical particle-number sector
Iter 0280 | Energy: -17.461202 | Delta: 1.33e-02 | M: 7002.3282 | Path: Statevector MPI-distributed (1 ranks)
[RESILIENCE] Iteration 280: Global theta state checkpointed at path checkpoints/checkpoint_iter_0280.npy. 
WARNING: Energy -17.4819 below FCI -15.5951 — HWE ansatz may have left the physical particle-number sector
Iter 0281 | Energy: -17.481895 | Delta: 2.07e-02 | M: 7250.2793 | Path: Statevector MPI-distributed (1 ranks)
WARNING: Energy -17.4556 below FCI -15.5951 — HWE ansatz may have left the physical particle-number sector
Iter 0282 | Energy: -17.455566 | Delta: 2.63e-02 | M: 7072.3924 | Path: Statevector MPI-distributed (1 ranks)
WARNING: Energy -17.4644 below FCI -15.5951 — HWE ansatz may have left the physical particle-number sector
Iter 0283 | Energy: -17.464430 | Delta: 8.86e-03 | M: 6922.0076 | Path: Statevector MPI-distributed (1 ranks)
WARNING: Energy -17.4766 below FCI -15.5951 — HWE ansatz may have left the physical particle-number sector
Iter 0284 | Energy: -17.476609 | Delta: 1.22e-02 | M: 7431.3072 | Path: Statevector MPI-distributed (1 ranks)
WARNING: Energy -17.4597 below FCI -15.5951 — HWE ansatz may have left the physical particle-number sector
Iter 0285 | Energy: -17.459692 | Delta: 1.69e-02 | M: 7240.8928 | Path: Statevector MPI-distributed (1 ranks)
[RESILIENCE] Iteration 285: Global theta state checkpointed at path checkpoints/checkpoint_iter_0285.npy. 
WARNING: Energy -17.4667 below FCI -15.5951 — HWE ansatz may have left the physical particle-number sector
Iter 0286 | Energy: -17.466737 | Delta: 7.05e-03 | M: 7513.9449 | Path: Statevector MPI-distributed (1 ranks)
WARNING: Energy -17.4575 below FCI -15.5951 — HWE ansatz may have left the physical particle-number sector
Iter 0287 | Energy: -17.457499 | Delta: 9.24e-03 | M: 7715.9325 | Path: Statevector MPI-distributed (1 ranks)
WARNING: Energy -17.4838 below FCI -15.5951 — HWE ansatz may have left the physical particle-number sector
Iter 0288 | Energy: -17.483769 | Delta: 2.63e-02 | M: 7579.2708 | Path: Statevector MPI-distributed (1 ranks)
WARNING: Energy -17.4706 below FCI -15.5951 — HWE ansatz may have left the physical particle-number sector
Iter 0289 | Energy: -17.470553 | Delta: 1.32e-02 | M: 6776.5337 | Path: Statevector MPI-distributed (1 ranks)
WARNING: Energy -17.4847 below FCI -15.5951 — HWE ansatz may have left the physical particle-number sector
Iter 0290 | Energy: -17.484682 | Delta: 1.41e-02 | M: 6660.8872 | Path: Statevector MPI-distributed (1 ranks)
[RESILIENCE] Iteration 290: Global theta state checkpointed at path checkpoints/checkpoint_iter_0290.npy. 
WARNING: Energy -17.4851 below FCI -15.5951 — HWE ansatz may have left the physical particle-number sector
Iter 0291 | Energy: -17.485057 | Delta: 3.75e-04 | M: 9472.0849 | Path: Statevector MPI-distributed (1 ranks)
WARNING: Energy -17.4773 below FCI -15.5951 — HWE ansatz may have left the physical particle-number sector
Iter 0292 | Energy: -17.477327 | Delta: 7.73e-03 | M: 7368.2550 | Path: Statevector MPI-distributed (1 ranks)
WARNING: Energy -17.4867 below FCI -15.5951 — HWE ansatz may have left the physical particle-number sector
Iter 0293 | Energy: -17.486669 | Delta: 9.34e-03 | M: 7362.3389 | Path: Statevector MPI-distributed (1 ranks)
WARNING: Energy -17.4839 below FCI -15.5951 — HWE ansatz may have left the physical particle-number sector
Iter 0294 | Energy: -17.483872 | Delta: 2.80e-03 | M: 7430.9223 | Path: Statevector MPI-distributed (1 ranks)
WARNING: Energy -17.4768 below FCI -15.5951 — HWE ansatz may have left the physical particle-number sector
Iter 0295 | Energy: -17.476821 | Delta: 7.05e-03 | M: 7246.2301 | Path: Statevector MPI-distributed (1 ranks)
[RESILIENCE] Iteration 295: Global theta state checkpointed at path checkpoints/checkpoint_iter_0295.npy. 
WARNING: Energy -17.4741 below FCI -15.5951 — HWE ansatz may have left the physical particle-number sector
Iter 0296 | Energy: -17.474101 | Delta: 2.72e-03 | M: 7079.9618 | Path: Statevector MPI-distributed (1 ranks)
WARNING: Energy -17.4867 below FCI -15.5951 — HWE ansatz may have left the physical particle-number sector
Iter 0297 | Energy: -17.486734 | Delta: 1.26e-02 | M: 6934.3529 | Path: Statevector MPI-distributed (1 ranks)
WARNING: Energy -17.4893 below FCI -15.5951 — HWE ansatz may have left the physical particle-number sector
Iter 0298 | Energy: -17.489279 | Delta: 2.54e-03 | M: 4468.4834 | Path: Statevector MPI-distributed (1 ranks)
WARNING: Energy -17.4792 below FCI -15.5951 — HWE ansatz may have left the physical particle-number sector
Iter 0299 | Energy: -17.479151 | Delta: 1.01e-02 | M: 7256.4634 | Path: Statevector MPI-distributed (1 ranks)
WARNING: Energy -17.4712 below FCI -15.5951 — HWE ansatz may have left the physical particle-number sector
Iter 0300 | Energy: -17.471170 | Delta: 7.98e-03 | M: 8075.1426 | Path: Statevector MPI-distributed (1 ranks)
[RESILIENCE] Iteration 300: Global theta state checkpointed at path checkpoints/checkpoint_iter_0300.npy. 
WARNING: Energy -17.4947 below FCI -15.5951 — HWE ansatz may have left the physical particle-number sector
Iter 0301 | Energy: -17.494709 | Delta: 2.35e-02 | M: 5547.5095 | Path: Statevector MPI-distributed (1 ranks)
WARNING: Energy -17.4764 below FCI -15.5951 — HWE ansatz may have left the physical particle-number sector
Iter 0302 | Energy: -17.476432 | Delta: 1.83e-02 | M: 7207.3730 | Path: Statevector MPI-distributed (1 ranks)
WARNING: Energy -17.4762 below FCI -15.5951 — HWE ansatz may have left the physical particle-number sector
Iter 0303 | Energy: -17.476197 | Delta: 2.35e-04 | M: 7385.8874 | Path: Statevector MPI-distributed (1 ranks)
WARNING: Energy -17.4886 below FCI -15.5951 — HWE ansatz may have left the physical particle-number sector
Iter 0304 | Energy: -17.488597 | Delta: 1.24e-02 | M: 7136.4167 | Path: Statevector MPI-distributed (1 ranks)
WARNING: Energy -17.4803 below FCI -15.5951 — HWE ansatz may have left the physical particle-number sector
Iter 0305 | Energy: -17.480330 | Delta: 8.27e-03 | M: 7165.1554 | Path: Statevector MPI-distributed (1 ranks)
[RESILIENCE] Iteration 305: Global theta state checkpointed at path checkpoints/checkpoint_iter_0305.npy. 
WARNING: Energy -17.4821 below FCI -15.5951 — HWE ansatz may have left the physical particle-number sector
Iter 0306 | Energy: -17.482135 | Delta: 1.81e-03 | M: 6997.1914 | Path: Statevector MPI-distributed (1 ranks)
WARNING: Energy -17.4977 below FCI -15.5951 — HWE ansatz may have left the physical particle-number sector
Iter 0307 | Energy: -17.497708 | Delta: 1.56e-02 | M: 7198.0072 | Path: Statevector MPI-distributed (1 ranks)
WARNING: Energy -17.4932 below FCI -15.5951 — HWE ansatz may have left the physical particle-number sector
Iter 0308 | Energy: -17.493180 | Delta: 4.53e-03 | M: 7783.1464 | Path: Statevector MPI-distributed (1 ranks)
WARNING: Energy -17.4784 below FCI -15.5951 — HWE ansatz may have left the physical particle-number sector
Iter 0309 | Energy: -17.478373 | Delta: 1.48e-02 | M: 7825.5056 | Path: Statevector MPI-distributed (1 ranks)
WARNING: Energy -17.4978 below FCI -15.5951 — HWE ansatz may have left the physical particle-number sector
Iter 0310 | Energy: -17.497823 | Delta: 1.95e-02 | M: 10076.9654 | Path: Statevector MPI-distributed (1 ranks)
[RESILIENCE] Iteration 310: Global theta state checkpointed at path checkpoints/checkpoint_iter_0310.npy. 
WARNING: Energy -17.4793 below FCI -15.5951 — HWE ansatz may have left the physical particle-number sector
Iter 0311 | Energy: -17.479281 | Delta: 1.85e-02 | M: 7601.4440 | Path: Statevector MPI-distributed (1 ranks)
WARNING: Energy -17.4796 below FCI -15.5951 — HWE ansatz may have left the physical particle-number sector
Iter 0312 | Energy: -17.479617 | Delta: 3.36e-04 | M: 7515.0328 | Path: Statevector MPI-distributed (1 ranks)
WARNING: Energy -17.4952 below FCI -15.5951 — HWE ansatz may have left the physical particle-number sector
Iter 0313 | Energy: -17.495218 | Delta: 1.56e-02 | M: 6585.0322 | Path: Statevector MPI-distributed (1 ranks)
WARNING: Energy -17.4815 below FCI -15.5951 — HWE ansatz may have left the physical particle-number sector
Iter 0314 | Energy: -17.481468 | Delta: 1.38e-02 | M: 6460.1048 | Path: Statevector MPI-distributed (1 ranks)
WARNING: Energy -17.4906 below FCI -15.5951 — HWE ansatz may have left the physical particle-number sector
Iter 0315 | Energy: -17.490611 | Delta: 9.14e-03 | M: 7316.2926 | Path: Statevector MPI-distributed (1 ranks)
[RESILIENCE] Iteration 315: Global theta state checkpointed at path checkpoints/checkpoint_iter_0315.npy. 
WARNING: Energy -17.4801 below FCI -15.5951 — HWE ansatz may have left the physical particle-number sector
Iter 0316 | Energy: -17.480129 | Delta: 1.05e-02 | M: 6960.4204 | Path: Statevector MPI-distributed (1 ranks)
WARNING: Energy -17.4797 below FCI -15.5951 — HWE ansatz may have left the physical particle-number sector
Iter 0317 | Energy: -17.479698 | Delta: 4.31e-04 | M: 8669.0015 | Path: Statevector MPI-distributed (1 ranks)
WARNING: Energy -17.4812 below FCI -15.5951 — HWE ansatz may have left the physical particle-number sector
Iter 0318 | Energy: -17.481203 | Delta: 1.51e-03 | M: 6891.5645 | Path: Statevector MPI-distributed (1 ranks)
WARNING: Energy -17.4973 below FCI -15.5951 — HWE ansatz may have left the physical particle-number sector
Iter 0319 | Energy: -17.497306 | Delta: 1.61e-02 | M: 6820.4580 | Path: Statevector MPI-distributed (1 ranks)
WARNING: Energy -17.4969 below FCI -15.5951 — HWE ansatz may have left the physical particle-number sector
Iter 0320 | Energy: -17.496927 | Delta: 3.80e-04 | M: 6682.3122 | Path: Statevector MPI-distributed (1 ranks)
[RESILIENCE] Iteration 320: Global theta state checkpointed at path checkpoints/checkpoint_iter_0320.npy. 
WARNING: Energy -17.4907 below FCI -15.5951 — HWE ansatz may have left the physical particle-number sector
Iter 0321 | Energy: -17.490744 | Delta: 6.18e-03 | M: 7072.7205 | Path: Statevector MPI-distributed (1 ranks)
WARNING: Energy -17.4935 below FCI -15.5951 — HWE ansatz may have left the physical particle-number sector
Iter 0322 | Energy: -17.493505 | Delta: 2.76e-03 | M: 9576.1414 | Path: Statevector MPI-distributed (1 ranks)
WARNING: Energy -17.5046 below FCI -15.5951 — HWE ansatz may have left the physical particle-number sector
Iter 0323 | Energy: -17.504561 | Delta: 1.11e-02 | M: 6638.1322 | Path: Statevector MPI-distributed (1 ranks)
WARNING: Energy -17.5067 below FCI -15.5951 — HWE ansatz may have left the physical particle-number sector
Iter 0324 | Energy: -17.506744 | Delta: 2.18e-03 | M: 7318.5336 | Path: Statevector MPI-distributed (1 ranks)
WARNING: Energy -17.4858 below FCI -15.5951 — HWE ansatz may have left the physical particle-number sector
Iter 0325 | Energy: -17.485818 | Delta: 2.09e-02 | M: 6646.7824 | Path: Statevector MPI-distributed (1 ranks)
[RESILIENCE] Iteration 325: Global theta state checkpointed at path checkpoints/checkpoint_iter_0325.npy. 
WARNING: Energy -17.5017 below FCI -15.5951 — HWE ansatz may have left the physical particle-number sector
Iter 0326 | Energy: -17.501712 | Delta: 1.59e-02 | M: 7247.5886 | Path: Statevector MPI-distributed (1 ranks)
WARNING: Energy -17.4983 below FCI -15.5951 — HWE ansatz may have left the physical particle-number sector
Iter 0327 | Energy: -17.498347 | Delta: 3.37e-03 | M: 7207.5856 | Path: Statevector MPI-distributed (1 ranks)
WARNING: Energy -17.4995 below FCI -15.5951 — HWE ansatz may have left the physical particle-number sector
Iter 0328 | Energy: -17.499515 | Delta: 1.17e-03 | M: 6618.1455 | Path: Statevector MPI-distributed (1 ranks)
WARNING: Energy -17.5079 below FCI -15.5951 — HWE ansatz may have left the physical particle-number sector
Iter 0329 | Energy: -17.507930 | Delta: 8.41e-03 | M: 7554.9777 | Path: Statevector MPI-distributed (1 ranks)
WARNING: Energy -17.5023 below FCI -15.5951 — HWE ansatz may have left the physical particle-number sector
Iter 0330 | Energy: -17.502303 | Delta: 5.63e-03 | M: 6828.9588 | Path: Statevector MPI-distributed (1 ranks)
[RESILIENCE] Iteration 330: Global theta state checkpointed at path checkpoints/checkpoint_iter_0330.npy. 
WARNING: Energy -17.5023 below FCI -15.5951 — HWE ansatz may have left the physical particle-number sector
Iter 0331 | Energy: -17.502329 | Delta: 2.64e-05 | M: 6962.8097 | Path: Statevector MPI-distributed (1 ranks)
WARNING: Energy -17.4961 below FCI -15.5951 — HWE ansatz may have left the physical particle-number sector
Iter 0332 | Energy: -17.496072 | Delta: 6.26e-03 | M: 6307.5951 | Path: Statevector MPI-distributed (1 ranks)
WARNING: Energy -17.4998 below FCI -15.5951 — HWE ansatz may have left the physical particle-number sector
Iter 0333 | Energy: -17.499797 | Delta: 3.73e-03 | M: 7007.0592 | Path: Statevector MPI-distributed (1 ranks)
WARNING: Energy -17.4982 below FCI -15.5951 — HWE ansatz may have left the physical particle-number sector
Iter 0334 | Energy: -17.498191 | Delta: 1.61e-03 | M: 6657.7384 | Path: Statevector MPI-distributed (1 ranks)
WARNING: Energy -17.5138 below FCI -15.5951 — HWE ansatz may have left the physical particle-number sector
Iter 0335 | Energy: -17.513834 | Delta: 1.56e-02 | M: 8266.6808 | Path: Statevector MPI-distributed (1 ranks)
[RESILIENCE] Iteration 335: Global theta state checkpointed at path checkpoints/checkpoint_iter_0335.npy. 
WARNING: Energy -17.5094 below FCI -15.5951 — HWE ansatz may have left the physical particle-number sector
Iter 0336 | Energy: -17.509406 | Delta: 4.43e-03 | M: 6833.8159 | Path: Statevector MPI-distributed (1 ranks)
WARNING: Energy -17.5084 below FCI -15.5951 — HWE ansatz may have left the physical particle-number sector
Iter 0337 | Energy: -17.508441 | Delta: 9.65e-04 | M: 7313.1550 | Path: Statevector MPI-distributed (1 ranks)
WARNING: Energy -17.5236 below FCI -15.5951 — HWE ansatz may have left the physical particle-number sector
Iter 0338 | Energy: -17.523562 | Delta: 1.51e-02 | M: 6891.6200 | Path: Statevector MPI-distributed (1 ranks)
WARNING: Energy -17.5146 below FCI -15.5951 — HWE ansatz may have left the physical particle-number sector
Iter 0339 | Energy: -17.514591 | Delta: 8.97e-03 | M: 6969.5522 | Path: Statevector MPI-distributed (1 ranks)
WARNING: Energy -17.5005 below FCI -15.5951 — HWE ansatz may have left the physical particle-number sector
Iter 0340 | Energy: -17.500474 | Delta: 1.41e-02 | M: 6734.3240 | Path: Statevector MPI-distributed (1 ranks)
[RESILIENCE] Iteration 340: Global theta state checkpointed at path checkpoints/checkpoint_iter_0340.npy. 
WARNING: Energy -17.5039 below FCI -15.5951 — HWE ansatz may have left the physical particle-number sector
Iter 0341 | Energy: -17.503870 | Delta: 3.40e-03 | M: 6237.3789 | Path: Statevector MPI-distributed (1 ranks)
WARNING: Energy -17.4997 below FCI -15.5951 — HWE ansatz may have left the physical particle-number sector
Iter 0342 | Energy: -17.499733 | Delta: 4.14e-03 | M: 6566.9487 | Path: Statevector MPI-distributed (1 ranks)
WARNING: Energy -17.5076 below FCI -15.5951 — HWE ansatz may have left the physical particle-number sector
Iter 0343 | Energy: -17.507593 | Delta: 7.86e-03 | M: 5531.3489 | Path: Statevector MPI-distributed (1 ranks)
WARNING: Energy -17.5202 below FCI -15.5951 — HWE ansatz may have left the physical particle-number sector
Iter 0344 | Energy: -17.520211 | Delta: 1.26e-02 | M: 6804.1420 | Path: Statevector MPI-distributed (1 ranks)
WARNING: Energy -17.5154 below FCI -15.5951 — HWE ansatz may have left the physical particle-number sector
Iter 0345 | Energy: -17.515350 | Delta: 4.86e-03 | M: 7142.0861 | Path: Statevector MPI-distributed (1 ranks)
[RESILIENCE] Iteration 345: Global theta state checkpointed at path checkpoints/checkpoint_iter_0345.npy. 
WARNING: Energy -17.5202 below FCI -15.5951 — HWE ansatz may have left the physical particle-number sector
Iter 0346 | Energy: -17.520195 | Delta: 4.84e-03 | M: 6390.6071 | Path: Statevector MPI-distributed (1 ranks)
WARNING: Energy -17.5130 below FCI -15.5951 — HWE ansatz may have left the physical particle-number sector
Iter 0347 | Energy: -17.512979 | Delta: 7.22e-03 | M: 6624.7606 | Path: Statevector MPI-distributed (1 ranks)
WARNING: Energy -17.5278 below FCI -15.5951 — HWE ansatz may have left the physical particle-number sector
Iter 0348 | Energy: -17.527810 | Delta: 1.48e-02 | M: 6543.2044 | Path: Statevector MPI-distributed (1 ranks)
WARNING: Energy -17.5347 below FCI -15.5951 — HWE ansatz may have left the physical particle-number sector
Iter 0349 | Energy: -17.534657 | Delta: 6.85e-03 | M: 6353.7120 | Path: Statevector MPI-distributed (1 ranks)
WARNING: Energy -17.5175 below FCI -15.5951 — HWE ansatz may have left the physical particle-number sector
Iter 0350 | Energy: -17.517459 | Delta: 1.72e-02 | M: 6419.9599 | Path: Statevector MPI-distributed (1 ranks)
[RESILIENCE] Iteration 350: Global theta state checkpointed at path checkpoints/checkpoint_iter_0350.npy. 
WARNING: Energy -17.5180 below FCI -15.5951 — HWE ansatz may have left the physical particle-number sector
Iter 0351 | Energy: -17.518025 | Delta: 5.66e-04 | M: 6802.3469 | Path: Statevector MPI-distributed (1 ranks)
WARNING: Energy -17.5111 below FCI -15.5951 — HWE ansatz may have left the physical particle-number sector
Iter 0352 | Energy: -17.511122 | Delta: 6.90e-03 | M: 6680.9937 | Path: Statevector MPI-distributed (1 ranks)
WARNING: Energy -17.5108 below FCI -15.5951 — HWE ansatz may have left the physical particle-number sector
Iter 0353 | Energy: -17.510804 | Delta: 3.18e-04 | M: 6782.8799 | Path: Statevector MPI-distributed (1 ranks)
WARNING: Energy -17.5206 below FCI -15.5951 — HWE ansatz may have left the physical particle-number sector
Iter 0354 | Energy: -17.520620 | Delta: 9.82e-03 | M: 7047.8775 | Path: Statevector MPI-distributed (1 ranks)
WARNING: Energy -17.5337 below FCI -15.5951 — HWE ansatz may have left the physical particle-number sector
Iter 0355 | Energy: -17.533662 | Delta: 1.30e-02 | M: 5803.1817 | Path: Statevector MPI-distributed (1 ranks)
[RESILIENCE] Iteration 355: Global theta state checkpointed at path checkpoints/checkpoint_iter_0355.npy. 
WARNING: Energy -17.5127 below FCI -15.5951 — HWE ansatz may have left the physical particle-number sector
Iter 0356 | Energy: -17.512729 | Delta: 2.09e-02 | M: 7063.3895 | Path: Statevector MPI-distributed (1 ranks)
WARNING: Energy -17.5309 below FCI -15.5951 — HWE ansatz may have left the physical particle-number sector
Iter 0357 | Energy: -17.530924 | Delta: 1.82e-02 | M: 6401.6382 | Path: Statevector MPI-distributed (1 ranks)
WARNING: Energy -17.5215 below FCI -15.5951 — HWE ansatz may have left the physical particle-number sector
Iter 0358 | Energy: -17.521505 | Delta: 9.42e-03 | M: 6874.4114 | Path: Statevector MPI-distributed (1 ranks)
WARNING: Energy -17.5334 below FCI -15.5951 — HWE ansatz may have left the physical particle-number sector
Iter 0359 | Energy: -17.533359 | Delta: 1.19e-02 | M: 6975.7925 | Path: Statevector MPI-distributed (1 ranks)
WARNING: Energy -17.5353 below FCI -15.5951 — HWE ansatz may have left the physical particle-number sector
Iter 0360 | Energy: -17.535309 | Delta: 1.95e-03 | M: 6694.4099 | Path: Statevector MPI-distributed (1 ranks)
[RESILIENCE] Iteration 360: Global theta state checkpointed at path checkpoints/checkpoint_iter_0360.npy. 
WARNING: Energy -17.5176 below FCI -15.5951 — HWE ansatz may have left the physical particle-number sector
Iter 0361 | Energy: -17.517586 | Delta: 1.77e-02 | M: 6412.5463 | Path: Statevector MPI-distributed (1 ranks)
WARNING: Energy -17.5231 below FCI -15.5951 — HWE ansatz may have left the physical particle-number sector
Iter 0362 | Energy: -17.523124 | Delta: 5.54e-03 | M: 7005.1613 | Path: Statevector MPI-distributed (1 ranks)
WARNING: Energy -17.5275 below FCI -15.5951 — HWE ansatz may have left the physical particle-number sector
Iter 0363 | Energy: -17.527510 | Delta: 4.39e-03 | M: 7189.3150 | Path: Statevector MPI-distributed (1 ranks)
WARNING: Energy -17.5379 below FCI -15.5951 — HWE ansatz may have left the physical particle-number sector
Iter 0364 | Energy: -17.537852 | Delta: 1.03e-02 | M: 6770.4730 | Path: Statevector MPI-distributed (1 ranks)
WARNING: Energy -17.5431 below FCI -15.5951 — HWE ansatz may have left the physical particle-number sector
Iter 0365 | Energy: -17.543117 | Delta: 5.26e-03 | M: 8030.6090 | Path: Statevector MPI-distributed (1 ranks)
[RESILIENCE] Iteration 365: Global theta state checkpointed at path checkpoints/checkpoint_iter_0365.npy. 
WARNING: Energy -17.5277 below FCI -15.5951 — HWE ansatz may have left the physical particle-number sector
Iter 0366 | Energy: -17.527668 | Delta: 1.54e-02 | M: 6506.0511 | Path: Statevector MPI-distributed (1 ranks)
WARNING: Energy -17.5382 below FCI -15.5951 — HWE ansatz may have left the physical particle-number sector
Iter 0367 | Energy: -17.538230 | Delta: 1.06e-02 | M: 6674.9170 | Path: Statevector MPI-distributed (1 ranks)
WARNING: Energy -17.5284 below FCI -15.5951 — HWE ansatz may have left the physical particle-number sector
Iter 0368 | Energy: -17.528435 | Delta: 9.80e-03 | M: 6203.8057 | Path: Statevector MPI-distributed (1 ranks)
WARNING: Energy -17.5316 below FCI -15.5951 — HWE ansatz may have left the physical particle-number sector
Iter 0369 | Energy: -17.531634 | Delta: 3.20e-03 | M: 6482.0309 | Path: Statevector MPI-distributed (1 ranks)
WARNING: Energy -17.5321 below FCI -15.5951 — HWE ansatz may have left the physical particle-number sector
Iter 0370 | Energy: -17.532062 | Delta: 4.28e-04 | M: 6360.0283 | Path: Statevector MPI-distributed (1 ranks)
[RESILIENCE] Iteration 370: Global theta state checkpointed at path checkpoints/checkpoint_iter_0370.npy. 
WARNING: Energy -17.5433 below FCI -15.5951 — HWE ansatz may have left the physical particle-number sector
Iter 0371 | Energy: -17.543335 | Delta: 1.13e-02 | M: 7340.6060 | Path: Statevector MPI-distributed (1 ranks)
WARNING: Energy -17.5358 below FCI -15.5951 — HWE ansatz may have left the physical particle-number sector
Iter 0372 | Energy: -17.535843 | Delta: 7.49e-03 | M: 6445.0000 | Path: Statevector MPI-distributed (1 ranks)
WARNING: Energy -17.5153 below FCI -15.5951 — HWE ansatz may have left the physical particle-number sector
Iter 0373 | Energy: -17.515294 | Delta: 2.05e-02 | M: 6695.9850 | Path: Statevector MPI-distributed (1 ranks)
WARNING: Energy -17.5315 below FCI -15.5951 — HWE ansatz may have left the physical particle-number sector
Iter 0374 | Energy: -17.531510 | Delta: 1.62e-02 | M: 6947.3159 | Path: Statevector MPI-distributed (1 ranks)
WARNING: Energy -17.5467 below FCI -15.5951 — HWE ansatz may have left the physical particle-number sector
Iter 0375 | Energy: -17.546673 | Delta: 1.52e-02 | M: 6654.0370 | Path: Statevector MPI-distributed (1 ranks)
[RESILIENCE] Iteration 375: Global theta state checkpointed at path checkpoints/checkpoint_iter_0375.npy. 
WARNING: Energy -17.5365 below FCI -15.5951 — HWE ansatz may have left the physical particle-number sector
Iter 0376 | Energy: -17.536546 | Delta: 1.01e-02 | M: 6640.4052 | Path: Statevector MPI-distributed (1 ranks)
WARNING: Energy -17.5310 below FCI -15.5951 — HWE ansatz may have left the physical particle-number sector
Iter 0377 | Energy: -17.531031 | Delta: 5.51e-03 | M: 6177.7012 | Path: Statevector MPI-distributed (1 ranks)
WARNING: Energy -17.5234 below FCI -15.5951 — HWE ansatz may have left the physical particle-number sector
Iter 0378 | Energy: -17.523409 | Delta: 7.62e-03 | M: 6766.4665 | Path: Statevector MPI-distributed (1 ranks)
WARNING: Energy -17.5377 below FCI -15.5951 — HWE ansatz may have left the physical particle-number sector
Iter 0379 | Energy: -17.537652 | Delta: 1.42e-02 | M: 7784.6661 | Path: Statevector MPI-distributed (1 ranks)
WARNING: Energy -17.5233 below FCI -15.5951 — HWE ansatz may have left the physical particle-number sector
Iter 0380 | Energy: -17.523266 | Delta: 1.44e-02 | M: 7086.7759 | Path: Statevector MPI-distributed (1 ranks)
[RESILIENCE] Iteration 380: Global theta state checkpointed at path checkpoints/checkpoint_iter_0380.npy. 
WARNING: Energy -17.5291 below FCI -15.5951 — HWE ansatz may have left the physical particle-number sector
Iter 0381 | Energy: -17.529118 | Delta: 5.85e-03 | M: 6946.7257 | Path: Statevector MPI-distributed (1 ranks)
WARNING: Energy -17.5232 below FCI -15.5951 — HWE ansatz may have left the physical particle-number sector
Iter 0382 | Energy: -17.523208 | Delta: 5.91e-03 | M: 6494.2231 | Path: Statevector MPI-distributed (1 ranks)
WARNING: Energy -17.5452 below FCI -15.5951 — HWE ansatz may have left the physical particle-number sector
Iter 0383 | Energy: -17.545231 | Delta: 2.20e-02 | M: 6548.2524 | Path: Statevector MPI-distributed (1 ranks)
WARNING: Energy -17.5498 below FCI -15.5951 — HWE ansatz may have left the physical particle-number sector
Iter 0384 | Energy: -17.549786 | Delta: 4.56e-03 | M: 6582.3085 | Path: Statevector MPI-distributed (1 ranks)
WARNING: Energy -17.5247 below FCI -15.5951 — HWE ansatz may have left the physical particle-number sector
Iter 0385 | Energy: -17.524747 | Delta: 2.50e-02 | M: 6417.9003 | Path: Statevector MPI-distributed (1 ranks)
[RESILIENCE] Iteration 385: Global theta state checkpointed at path checkpoints/checkpoint_iter_0385.npy. 
WARNING: Energy -17.5340 below FCI -15.5951 — HWE ansatz may have left the physical particle-number sector
Iter 0386 | Energy: -17.534041 | Delta: 9.29e-03 | M: 9331.6701 | Path: Statevector MPI-distributed (1 ranks)
WARNING: Energy -17.5475 below FCI -15.5951 — HWE ansatz may have left the physical particle-number sector
Iter 0387 | Energy: -17.547529 | Delta: 1.35e-02 | M: 5984.9864 | Path: Statevector MPI-distributed (1 ranks)
WARNING: Energy -17.5339 below FCI -15.5951 — HWE ansatz may have left the physical particle-number sector
Iter 0388 | Energy: -17.533899 | Delta: 1.36e-02 | M: 7461.8017 | Path: Statevector MPI-distributed (1 ranks)
WARNING: Energy -17.5305 below FCI -15.5951 — HWE ansatz may have left the physical particle-number sector
Iter 0389 | Energy: -17.530497 | Delta: 3.40e-03 | M: 6944.2469 | Path: Statevector MPI-distributed (1 ranks)
WARNING: Energy -17.5388 below FCI -15.5951 — HWE ansatz may have left the physical particle-number sector
Iter 0390 | Energy: -17.538833 | Delta: 8.34e-03 | M: 6966.4570 | Path: Statevector MPI-distributed (1 ranks)
[RESILIENCE] Iteration 390: Global theta state checkpointed at path checkpoints/checkpoint_iter_0390.npy. 
WARNING: Energy -17.5434 below FCI -15.5951 — HWE ansatz may have left the physical particle-number sector
Iter 0391 | Energy: -17.543384 | Delta: 4.55e-03 | M: 6971.0295 | Path: Statevector MPI-distributed (1 ranks)
WARNING: Energy -17.5445 below FCI -15.5951 — HWE ansatz may have left the physical particle-number sector
Iter 0392 | Energy: -17.544485 | Delta: 1.10e-03 | M: 6516.9657 | Path: Statevector MPI-distributed (1 ranks)
WARNING: Energy -17.5355 below FCI -15.5951 — HWE ansatz may have left the physical particle-number sector
Iter 0393 | Energy: -17.535512 | Delta: 8.97e-03 | M: 6911.4903 | Path: Statevector MPI-distributed (1 ranks)
WARNING: Energy -17.5312 below FCI -15.5951 — HWE ansatz may have left the physical particle-number sector
Iter 0394 | Energy: -17.531167 | Delta: 4.34e-03 | M: 6776.4410 | Path: Statevector MPI-distributed (1 ranks)
WARNING: Energy -17.5404 below FCI -15.5951 — HWE ansatz may have left the physical particle-number sector
Iter 0395 | Energy: -17.540358 | Delta: 9.19e-03 | M: 6953.4471 | Path: Statevector MPI-distributed (1 ranks)
[RESILIENCE] Iteration 395: Global theta state checkpointed at path checkpoints/checkpoint_iter_0395.npy. 
WARNING: Energy -17.5412 below FCI -15.5951 — HWE ansatz may have left the physical particle-number sector
Iter 0396 | Energy: -17.541237 | Delta: 8.79e-04 | M: 5211.5026 | Path: Statevector MPI-distributed (1 ranks)
WARNING: Energy -17.5484 below FCI -15.5951 — HWE ansatz may have left the physical particle-number sector
Iter 0397 | Energy: -17.548404 | Delta: 7.17e-03 | M: 6334.2438 | Path: Statevector MPI-distributed (1 ranks)
WARNING: Energy -17.5393 below FCI -15.5951 — HWE ansatz may have left the physical particle-number sector
Iter 0398 | Energy: -17.539310 | Delta: 9.09e-03 | M: 7790.9641 | Path: Statevector MPI-distributed (1 ranks)
WARNING: Energy -17.5471 below FCI -15.5951 — HWE ansatz may have left the physical particle-number sector
Iter 0399 | Energy: -17.547131 | Delta: 7.82e-03 | M: 8279.5466 | Path: Statevector MPI-distributed (1 ranks)
WARNING: Energy -17.5286 below FCI -15.5951 — HWE ansatz may have left the physical particle-number sector
Iter 0400 | Energy: -17.528591 | Delta: 1.85e-02 | M: 7336.8537 | Path: Statevector MPI-distributed (1 ranks)
[RESILIENCE] Iteration 400: Global theta state checkpointed at path checkpoints/checkpoint_iter_0400.npy. 
WARNING: Energy -17.5396 below FCI -15.5951 — HWE ansatz may have left the physical particle-number sector
Iter 0401 | Energy: -17.539614 | Delta: 1.10e-02 | M: 7080.5225 | Path: Statevector MPI-distributed (1 ranks)
WARNING: Energy -17.5540 below FCI -15.5951 — HWE ansatz may have left the physical particle-number sector
Iter 0402 | Energy: -17.553972 | Delta: 1.44e-02 | M: 6823.3022 | Path: Statevector MPI-distributed (1 ranks)
WARNING: Energy -17.5504 below FCI -15.5951 — HWE ansatz may have left the physical particle-number sector
Iter 0403 | Energy: -17.550353 | Delta: 3.62e-03 | M: 7355.3727 | Path: Statevector MPI-distributed (1 ranks)
WARNING: Energy -17.5459 below FCI -15.5951 — HWE ansatz may have left the physical particle-number sector
Iter 0404 | Energy: -17.545894 | Delta: 4.46e-03 | M: 7085.6192 | Path: Statevector MPI-distributed (1 ranks)
WARNING: Energy -17.5437 below FCI -15.5951 — HWE ansatz may have left the physical particle-number sector
Iter 0405 | Energy: -17.543748 | Delta: 2.15e-03 | M: 6733.5966 | Path: Statevector MPI-distributed (1 ranks)
[RESILIENCE] Iteration 405: Global theta state checkpointed at path checkpoints/checkpoint_iter_0405.npy. 
WARNING: Energy -17.5512 below FCI -15.5951 — HWE ansatz may have left the physical particle-number sector
Iter 0406 | Energy: -17.551188 | Delta: 7.44e-03 | M: 6733.1025 | Path: Statevector MPI-distributed (1 ranks)
WARNING: Energy -17.5462 below FCI -15.5951 — HWE ansatz may have left the physical particle-number sector
Iter 0407 | Energy: -17.546151 | Delta: 5.04e-03 | M: 6404.3863 | Path: Statevector MPI-distributed (1 ranks)
WARNING: Energy -17.5458 below FCI -15.5951 — HWE ansatz may have left the physical particle-number sector
Iter 0408 | Energy: -17.545845 | Delta: 3.06e-04 | M: 7412.0985 | Path: Statevector MPI-distributed (1 ranks)
WARNING: Energy -17.5414 below FCI -15.5951 — HWE ansatz may have left the physical particle-number sector
Iter 0409 | Energy: -17.541369 | Delta: 4.48e-03 | M: 7150.0570 | Path: Statevector MPI-distributed (1 ranks)
WARNING: Energy -17.5515 below FCI -15.5951 — HWE ansatz may have left the physical particle-number sector
Iter 0410 | Energy: -17.551545 | Delta: 1.02e-02 | M: 7270.1030 | Path: Statevector MPI-distributed (1 ranks)
[RESILIENCE] Iteration 410: Global theta state checkpointed at path checkpoints/checkpoint_iter_0410.npy. 
WARNING: Energy -17.5568 below FCI -15.5951 — HWE ansatz may have left the physical particle-number sector
Iter 0411 | Energy: -17.556757 | Delta: 5.21e-03 | M: 6548.3228 | Path: Statevector MPI-distributed (1 ranks)
WARNING: Energy -17.5654 below FCI -15.5951 — HWE ansatz may have left the physical particle-number sector
Iter 0412 | Energy: -17.565441 | Delta: 8.68e-03 | M: 6997.2285 | Path: Statevector MPI-distributed (1 ranks)
WARNING: Energy -17.5590 below FCI -15.5951 — HWE ansatz may have left the physical particle-number sector
Iter 0413 | Energy: -17.558980 | Delta: 6.46e-03 | M: 6957.4463 | Path: Statevector MPI-distributed (1 ranks)
WARNING: Energy -17.5544 below FCI -15.5951 — HWE ansatz may have left the physical particle-number sector
Iter 0414 | Energy: -17.554374 | Delta: 4.61e-03 | M: 7103.5706 | Path: Statevector MPI-distributed (1 ranks)
WARNING: Energy -17.5500 below FCI -15.5951 — HWE ansatz may have left the physical particle-number sector
Iter 0415 | Energy: -17.549995 | Delta: 4.38e-03 | M: 6975.1536 | Path: Statevector MPI-distributed (1 ranks)
[RESILIENCE] Iteration 415: Global theta state checkpointed at path checkpoints/checkpoint_iter_0415.npy. 
WARNING: Energy -17.5523 below FCI -15.5951 — HWE ansatz may have left the physical particle-number sector
Iter 0416 | Energy: -17.552305 | Delta: 2.31e-03 | M: 5243.3026 | Path: Statevector MPI-distributed (1 ranks)
WARNING: Energy -17.5631 below FCI -15.5951 — HWE ansatz may have left the physical particle-number sector
Iter 0417 | Energy: -17.563097 | Delta: 1.08e-02 | M: 7072.0649 | Path: Statevector MPI-distributed (1 ranks)
WARNING: Energy -17.5641 below FCI -15.5951 — HWE ansatz may have left the physical particle-number sector
Iter 0418 | Energy: -17.564068 | Delta: 9.71e-04 | M: 6609.9398 | Path: Statevector MPI-distributed (1 ranks)
WARNING: Energy -17.5649 below FCI -15.5951 — HWE ansatz may have left the physical particle-number sector
Iter 0419 | Energy: -17.564877 | Delta: 8.09e-04 | M: 6336.0812 | Path: Statevector MPI-distributed (1 ranks)
WARNING: Energy -17.5526 below FCI -15.5951 — HWE ansatz may have left the physical particle-number sector
Iter 0420 | Energy: -17.552564 | Delta: 1.23e-02 | M: 6920.5328 | Path: Statevector MPI-distributed (1 ranks)
[RESILIENCE] Iteration 420: Global theta state checkpointed at path checkpoints/checkpoint_iter_0420.npy. 
WARNING: Energy -17.5692 below FCI -15.5951 — HWE ansatz may have left the physical particle-number sector
Iter 0421 | Energy: -17.569209 | Delta: 1.66e-02 | M: 6578.6295 | Path: Statevector MPI-distributed (1 ranks)
WARNING: Energy -17.5696 below FCI -15.5951 — HWE ansatz may have left the physical particle-number sector
Iter 0422 | Energy: -17.569551 | Delta: 3.42e-04 | M: 5895.0339 | Path: Statevector MPI-distributed (1 ranks)
WARNING: Energy -17.5683 below FCI -15.5951 — HWE ansatz may have left the physical particle-number sector
Iter 0423 | Energy: -17.568344 | Delta: 1.21e-03 | M: 9843.9821 | Path: Statevector MPI-distributed (1 ranks)
WARNING: Energy -17.5666 below FCI -15.5951 — HWE ansatz may have left the physical particle-number sector
Iter 0424 | Energy: -17.566638 | Delta: 1.71e-03 | M: 6922.2347 | Path: Statevector MPI-distributed (1 ranks)
WARNING: Energy -17.5631 below FCI -15.5951 — HWE ansatz may have left the physical particle-number sector
Iter 0425 | Energy: -17.563087 | Delta: 3.55e-03 | M: 6730.3827 | Path: Statevector MPI-distributed (1 ranks)
[RESILIENCE] Iteration 425: Global theta state checkpointed at path checkpoints/checkpoint_iter_0425.npy. 
WARNING: Energy -17.5488 below FCI -15.5951 — HWE ansatz may have left the physical particle-number sector
Iter 0426 | Energy: -17.548757 | Delta: 1.43e-02 | M: 6852.7307 | Path: Statevector MPI-distributed (1 ranks)
WARNING: Energy -17.5476 below FCI -15.5951 — HWE ansatz may have left the physical particle-number sector
Iter 0427 | Energy: -17.547638 | Delta: 1.12e-03 | M: 6906.0687 | Path: Statevector MPI-distributed (1 ranks)
WARNING: Energy -17.5588 below FCI -15.5951 — HWE ansatz may have left the physical particle-number sector
Iter 0428 | Energy: -17.558791 | Delta: 1.12e-02 | M: 6659.4806 | Path: Statevector MPI-distributed (1 ranks)
WARNING: Energy -17.5628 below FCI -15.5951 — HWE ansatz may have left the physical particle-number sector
Iter 0429 | Energy: -17.562830 | Delta: 4.04e-03 | M: 6522.2628 | Path: Statevector MPI-distributed (1 ranks)
WARNING: Energy -17.5531 below FCI -15.5951 — HWE ansatz may have left the physical particle-number sector
Iter 0430 | Energy: -17.553115 | Delta: 9.72e-03 | M: 6073.3156 | Path: Statevector MPI-distributed (1 ranks)
[RESILIENCE] Iteration 430: Global theta state checkpointed at path checkpoints/checkpoint_iter_0430.npy. 
WARNING: Energy -17.5662 below FCI -15.5951 — HWE ansatz may have left the physical particle-number sector
Iter 0431 | Energy: -17.566152 | Delta: 1.30e-02 | M: 5191.2805 | Path: Statevector MPI-distributed (1 ranks)
WARNING: Energy -17.5606 below FCI -15.5951 — HWE ansatz may have left the physical particle-number sector
Iter 0432 | Energy: -17.560607 | Delta: 5.55e-03 | M: 7751.7971 | Path: Statevector MPI-distributed (1 ranks)
WARNING: Energy -17.5686 below FCI -15.5951 — HWE ansatz may have left the physical particle-number sector
Iter 0433 | Energy: -17.568574 | Delta: 7.97e-03 | M: 6256.7391 | Path: Statevector MPI-distributed (1 ranks)
WARNING: Energy -17.5536 below FCI -15.5951 — HWE ansatz may have left the physical particle-number sector
Iter 0434 | Energy: -17.553574 | Delta: 1.50e-02 | M: 7076.6458 | Path: Statevector MPI-distributed (1 ranks)
WARNING: Energy -17.5711 below FCI -15.5951 — HWE ansatz may have left the physical particle-number sector
Iter 0435 | Energy: -17.571075 | Delta: 1.75e-02 | M: 6749.8601 | Path: Statevector MPI-distributed (1 ranks)
[RESILIENCE] Iteration 435: Global theta state checkpointed at path checkpoints/checkpoint_iter_0435.npy. 
WARNING: Energy -17.5650 below FCI -15.5951 — HWE ansatz may have left the physical particle-number sector
Iter 0436 | Energy: -17.565009 | Delta: 6.07e-03 | M: 6982.5347 | Path: Statevector MPI-distributed (1 ranks)
WARNING: Energy -17.5750 below FCI -15.5951 — HWE ansatz may have left the physical particle-number sector
Iter 0437 | Energy: -17.574967 | Delta: 9.96e-03 | M: 6784.8830 | Path: Statevector MPI-distributed (1 ranks)
WARNING: Energy -17.5704 below FCI -15.5951 — HWE ansatz may have left the physical particle-number sector
Iter 0438 | Energy: -17.570357 | Delta: 4.61e-03 | M: 6479.3786 | Path: Statevector MPI-distributed (1 ranks)
WARNING: Energy -17.5658 below FCI -15.5951 — HWE ansatz may have left the physical particle-number sector
Iter 0439 | Energy: -17.565822 | Delta: 4.53e-03 | M: 7002.5867 | Path: Statevector MPI-distributed (1 ranks)
WARNING: Energy -17.5585 below FCI -15.5951 — HWE ansatz may have left the physical particle-number sector
Iter 0440 | Energy: -17.558458 | Delta: 7.36e-03 | M: 7004.4215 | Path: Statevector MPI-distributed (1 ranks)
[RESILIENCE] Iteration 440: Global theta state checkpointed at path checkpoints/checkpoint_iter_0440.npy. 
WARNING: Energy -17.5716 below FCI -15.5951 — HWE ansatz may have left the physical particle-number sector
Iter 0441 | Energy: -17.571639 | Delta: 1.32e-02 | M: 7337.7586 | Path: Statevector MPI-distributed (1 ranks)
WARNING: Energy -17.5641 below FCI -15.5951 — HWE ansatz may have left the physical particle-number sector
Iter 0442 | Energy: -17.564115 | Delta: 7.52e-03 | M: 10024.0692 | Path: Statevector MPI-distributed (1 ranks)
WARNING: Energy -17.5727 below FCI -15.5951 — HWE ansatz may have left the physical particle-number sector
Iter 0443 | Energy: -17.572699 | Delta: 8.58e-03 | M: 7210.9283 | Path: Statevector MPI-distributed (1 ranks)
WARNING: Energy -17.5746 below FCI -15.5951 — HWE ansatz may have left the physical particle-number sector
Iter 0444 | Energy: -17.574644 | Delta: 1.95e-03 | M: 6985.2072 | Path: Statevector MPI-distributed (1 ranks)
WARNING: Energy -17.5700 below FCI -15.5951 — HWE ansatz may have left the physical particle-number sector
Iter 0445 | Energy: -17.570000 | Delta: 4.64e-03 | M: 8000.9614 | Path: Statevector MPI-distributed (1 ranks)
[RESILIENCE] Iteration 445: Global theta state checkpointed at path checkpoints/checkpoint_iter_0445.npy. 
WARNING: Energy -17.5553 below FCI -15.5951 — HWE ansatz may have left the physical particle-number sector
Iter 0446 | Energy: -17.555261 | Delta: 1.47e-02 | M: 6756.0174 | Path: Statevector MPI-distributed (1 ranks)
WARNING: Energy -17.5596 below FCI -15.5951 — HWE ansatz may have left the physical particle-number sector
Iter 0447 | Energy: -17.559645 | Delta: 4.38e-03 | M: 6915.9125 | Path: Statevector MPI-distributed (1 ranks)
WARNING: Energy -17.5748 below FCI -15.5951 — HWE ansatz may have left the physical particle-number sector
Iter 0448 | Energy: -17.574787 | Delta: 1.51e-02 | M: 7425.1334 | Path: Statevector MPI-distributed (1 ranks)
WARNING: Energy -17.5651 below FCI -15.5951 — HWE ansatz may have left the physical particle-number sector
Iter 0449 | Energy: -17.565135 | Delta: 9.65e-03 | M: 6527.2019 | Path: Statevector MPI-distributed (1 ranks)
WARNING: Energy -17.5801 below FCI -15.5951 — HWE ansatz may have left the physical particle-number sector
Iter 0450 | Energy: -17.580084 | Delta: 1.49e-02 | M: 6607.6888 | Path: Statevector MPI-distributed (1 ranks)
[RESILIENCE] Iteration 450: Global theta state checkpointed at path checkpoints/checkpoint_iter_0450.npy. 
WARNING: Energy -17.5735 below FCI -15.5951 — HWE ansatz may have left the physical particle-number sector
Iter 0451 | Energy: -17.573466 | Delta: 6.62e-03 | M: 8640.3674 | Path: Statevector MPI-distributed (1 ranks)
WARNING: Energy -17.5804 below FCI -15.5951 — HWE ansatz may have left the physical particle-number sector
Iter 0452 | Energy: -17.580392 | Delta: 6.93e-03 | M: 6790.8924 | Path: Statevector MPI-distributed (1 ranks)
WARNING: Energy -17.5663 below FCI -15.5951 — HWE ansatz may have left the physical particle-number sector
Iter 0453 | Energy: -17.566346 | Delta: 1.40e-02 | M: 7035.4531 | Path: Statevector MPI-distributed (1 ranks)
WARNING: Energy -17.5741 below FCI -15.5951 — HWE ansatz may have left the physical particle-number sector
Iter 0454 | Energy: -17.574073 | Delta: 7.73e-03 | M: 6616.6044 | Path: Statevector MPI-distributed (1 ranks)
WARNING: Energy -17.5795 below FCI -15.5951 — HWE ansatz may have left the physical particle-number sector
Iter 0455 | Energy: -17.579469 | Delta: 5.40e-03 | M: 6732.8212 | Path: Statevector MPI-distributed (1 ranks)
[RESILIENCE] Iteration 455: Global theta state checkpointed at path checkpoints/checkpoint_iter_0455.npy. 
WARNING: Energy -17.5720 below FCI -15.5951 — HWE ansatz may have left the physical particle-number sector
Iter 0456 | Energy: -17.571987 | Delta: 7.48e-03 | M: 6588.9551 | Path: Statevector MPI-distributed (1 ranks)
WARNING: Energy -17.5809 below FCI -15.5951 — HWE ansatz may have left the physical particle-number sector
Iter 0457 | Energy: -17.580912 | Delta: 8.93e-03 | M: 6668.3929 | Path: Statevector MPI-distributed (1 ranks)
WARNING: Energy -17.5717 below FCI -15.5951 — HWE ansatz may have left the physical particle-number sector
Iter 0458 | Energy: -17.571744 | Delta: 9.17e-03 | M: 6905.6717 | Path: Statevector MPI-distributed (1 ranks)
WARNING: Energy -17.5696 below FCI -15.5951 — HWE ansatz may have left the physical particle-number sector
Iter 0459 | Energy: -17.569612 | Delta: 2.13e-03 | M: 6545.1096 | Path: Statevector MPI-distributed (1 ranks)
WARNING: Energy -17.5848 below FCI -15.5951 — HWE ansatz may have left the physical particle-number sector
Iter 0460 | Energy: -17.584844 | Delta: 1.52e-02 | M: 7013.9419 | Path: Statevector MPI-distributed (1 ranks)
[RESILIENCE] Iteration 460: Global theta state checkpointed at path checkpoints/checkpoint_iter_0460.npy. 
WARNING: Energy -17.5635 below FCI -15.5951 — HWE ansatz may have left the physical particle-number sector
Iter 0461 | Energy: -17.563473 | Delta: 2.14e-02 | M: 6545.7997 | Path: Statevector MPI-distributed (1 ranks)
WARNING: Energy -17.5742 below FCI -15.5951 — HWE ansatz may have left the physical particle-number sector
Iter 0462 | Energy: -17.574177 | Delta: 1.07e-02 | M: 6612.1347 | Path: Statevector MPI-distributed (1 ranks)
WARNING: Energy -17.5662 below FCI -15.5951 — HWE ansatz may have left the physical particle-number sector
Iter 0463 | Energy: -17.566224 | Delta: 7.95e-03 | M: 6818.4128 | Path: Statevector MPI-distributed (1 ranks)
WARNING: Energy -17.5780 below FCI -15.5951 — HWE ansatz may have left the physical particle-number sector
Iter 0464 | Energy: -17.577990 | Delta: 1.18e-02 | M: 6726.1473 | Path: Statevector MPI-distributed (1 ranks)
WARNING: Energy -17.5864 below FCI -15.5951 — HWE ansatz may have left the physical particle-number sector
Iter 0465 | Energy: -17.586350 | Delta: 8.36e-03 | M: 6847.8349 | Path: Statevector MPI-distributed (1 ranks)
[RESILIENCE] Iteration 465: Global theta state checkpointed at path checkpoints/checkpoint_iter_0465.npy. 
WARNING: Energy -17.5749 below FCI -15.5951 — HWE ansatz may have left the physical particle-number sector
Iter 0466 | Energy: -17.574927 | Delta: 1.14e-02 | M: 7202.6330 | Path: Statevector MPI-distributed (1 ranks)
WARNING: Energy -17.5871 below FCI -15.5951 — HWE ansatz may have left the physical particle-number sector
Iter 0467 | Energy: -17.587127 | Delta: 1.22e-02 | M: 1031.3666 | Path: Statevector MPI-distributed (1 ranks)
WARNING: Energy -17.5863 below FCI -15.5951 — HWE ansatz may have left the physical particle-number sector
Iter 0468 | Energy: -17.586332 | Delta: 7.95e-04 | M: 7109.0196 | Path: Statevector MPI-distributed (1 ranks)
WARNING: Energy -17.5697 below FCI -15.5951 — HWE ansatz may have left the physical particle-number sector
Iter 0469 | Energy: -17.569730 | Delta: 1.66e-02 | M: 6754.0122 | Path: Statevector MPI-distributed (1 ranks)
WARNING: Energy -17.5912 below FCI -15.5951 — HWE ansatz may have left the physical particle-number sector
Iter 0470 | Energy: -17.591153 | Delta: 2.14e-02 | M: 6795.1705 | Path: Statevector MPI-distributed (1 ranks)
[RESILIENCE] Iteration 470: Global theta state checkpointed at path checkpoints/checkpoint_iter_0470.npy. 
WARNING: Energy -17.5856 below FCI -15.5951 — HWE ansatz may have left the physical particle-number sector
Iter 0471 | Energy: -17.585574 | Delta: 5.58e-03 | M: 6451.8600 | Path: Statevector MPI-distributed (1 ranks)
WARNING: Energy -17.5825 below FCI -15.5951 — HWE ansatz may have left the physical particle-number sector
Iter 0472 | Energy: -17.582478 | Delta: 3.10e-03 | M: 6419.8091 | Path: Statevector MPI-distributed (1 ranks)
WARNING: Energy -17.5780 below FCI -15.5951 — HWE ansatz may have left the physical particle-number sector
Iter 0473 | Energy: -17.578008 | Delta: 4.47e-03 | M: 6513.6276 | Path: Statevector MPI-distributed (1 ranks)
WARNING: Energy -17.5751 below FCI -15.5951 — HWE ansatz may have left the physical particle-number sector
Iter 0474 | Energy: -17.575064 | Delta: 2.94e-03 | M: 7628.1121 | Path: Statevector MPI-distributed (1 ranks)
WARNING: Energy -17.5748 below FCI -15.5951 — HWE ansatz may have left the physical particle-number sector
Iter 0475 | Energy: -17.574792 | Delta: 2.72e-04 | M: 6773.8806 | Path: Statevector MPI-distributed (1 ranks)
[RESILIENCE] Iteration 475: Global theta state checkpointed at path checkpoints/checkpoint_iter_0475.npy. 
WARNING: Energy -17.5811 below FCI -15.5951 — HWE ansatz may have left the physical particle-number sector
Iter 0476 | Energy: -17.581139 | Delta: 6.35e-03 | M: 6360.6851 | Path: Statevector MPI-distributed (1 ranks)
WARNING: Energy -17.5824 below FCI -15.5951 — HWE ansatz may have left the physical particle-number sector
Iter 0477 | Energy: -17.582365 | Delta: 1.23e-03 | M: 8333.4546 | Path: Statevector MPI-distributed (1 ranks)
WARNING: Energy -17.5874 below FCI -15.5951 — HWE ansatz may have left the physical particle-number sector
Iter 0478 | Energy: -17.587386 | Delta: 5.02e-03 | M: 7141.3074 | Path: Statevector MPI-distributed (1 ranks)
WARNING: Energy -17.5820 below FCI -15.5951 — HWE ansatz may have left the physical particle-number sector
Iter 0479 | Energy: -17.582028 | Delta: 5.36e-03 | M: 6940.7298 | Path: Statevector MPI-distributed (1 ranks)
WARNING: Energy -17.5927 below FCI -15.5951 — HWE ansatz may have left the physical particle-number sector
Iter 0480 | Energy: -17.592725 | Delta: 1.07e-02 | M: 6866.2745 | Path: Statevector MPI-distributed (1 ranks)
[RESILIENCE] Iteration 480: Global theta state checkpointed at path checkpoints/checkpoint_iter_0480.npy. 
WARNING: Energy -17.5837 below FCI -15.5951 — HWE ansatz may have left the physical particle-number sector
Iter 0481 | Energy: -17.583663 | Delta: 9.06e-03 | M: 6867.2349 | Path: Statevector MPI-distributed (1 ranks)
WARNING: Energy -17.5777 below FCI -15.5951 — HWE ansatz may have left the physical particle-number sector
Iter 0482 | Energy: -17.577745 | Delta: 5.92e-03 | M: 6533.3393 | Path: Statevector MPI-distributed (1 ranks)
WARNING: Energy -17.5962 below FCI -15.5951 — HWE ansatz may have left the physical particle-number sector
Iter 0483 | Energy: -17.596233 | Delta: 1.85e-02 | M: 6839.8176 | Path: Statevector MPI-distributed (1 ranks)
WARNING: Energy -17.5865 below FCI -15.5951 — HWE ansatz may have left the physical particle-number sector
Iter 0484 | Energy: -17.586516 | Delta: 9.72e-03 | M: 7116.0824 | Path: Statevector MPI-distributed (1 ranks)
WARNING: Energy -17.5919 below FCI -15.5951 — HWE ansatz may have left the physical particle-number sector
Iter 0485 | Energy: -17.591941 | Delta: 5.42e-03 | M: 7007.1015 | Path: Statevector MPI-distributed (1 ranks)
[RESILIENCE] Iteration 485: Global theta state checkpointed at path checkpoints/checkpoint_iter_0485.npy. 
WARNING: Energy -17.6010 below FCI -15.5951 — HWE ansatz may have left the physical particle-number sector
Iter 0486 | Energy: -17.601041 | Delta: 9.10e-03 | M: 10540.4742 | Path: Statevector MPI-distributed (1 ranks)
WARNING: Energy -17.5801 below FCI -15.5951 — HWE ansatz may have left the physical particle-number sector
Iter 0487 | Energy: -17.580072 | Delta: 2.10e-02 | M: 7602.1490 | Path: Statevector MPI-distributed (1 ranks)
WARNING: Energy -17.5903 below FCI -15.5951 — HWE ansatz may have left the physical particle-number sector
Iter 0488 | Energy: -17.590256 | Delta: 1.02e-02 | M: 6979.7743 | Path: Statevector MPI-distributed (1 ranks)
WARNING: Energy -17.5910 below FCI -15.5951 — HWE ansatz may have left the physical particle-number sector
Iter 0489 | Energy: -17.590964 | Delta: 7.08e-04 | M: 7069.0800 | Path: Statevector MPI-distributed (1 ranks)
WARNING: Energy -17.6045 below FCI -15.5951 — HWE ansatz may have left the physical particle-number sector
Iter 0490 | Energy: -17.604547 | Delta: 1.36e-02 | M: 7202.6063 | Path: Statevector MPI-distributed (1 ranks)
[RESILIENCE] Iteration 490: Global theta state checkpointed at path checkpoints/checkpoint_iter_0490.npy. 
WARNING: Energy -17.5984 below FCI -15.5951 — HWE ansatz may have left the physical particle-number sector
Iter 0491 | Energy: -17.598381 | Delta: 6.17e-03 | M: 5522.9365 | Path: Statevector MPI-distributed (1 ranks)
WARNING: Energy -17.5941 below FCI -15.5951 — HWE ansatz may have left the physical particle-number sector
Iter 0492 | Energy: -17.594062 | Delta: 4.32e-03 | M: 7350.7037 | Path: Statevector MPI-distributed (1 ranks)
WARNING: Energy -17.5902 below FCI -15.5951 — HWE ansatz may have left the physical particle-number sector
Iter 0493 | Energy: -17.590176 | Delta: 3.89e-03 | M: 7029.3100 | Path: Statevector MPI-distributed (1 ranks)
WARNING: Energy -17.6043 below FCI -15.5951 — HWE ansatz may have left the physical particle-number sector
Iter 0494 | Energy: -17.604309 | Delta: 1.41e-02 | M: 6785.9103 | Path: Statevector MPI-distributed (1 ranks)
WARNING: Energy -17.5928 below FCI -15.5951 — HWE ansatz may have left the physical particle-number sector
Iter 0495 | Energy: -17.592772 | Delta: 1.15e-02 | M: 6875.3246 | Path: Statevector MPI-distributed (1 ranks)
[RESILIENCE] Iteration 495: Global theta state checkpointed at path checkpoints/checkpoint_iter_0495.npy. 
WARNING: Energy -17.5918 below FCI -15.5951 — HWE ansatz may have left the physical particle-number sector
Iter 0496 | Energy: -17.591811 | Delta: 9.61e-04 | M: 7325.5542 | Path: Statevector MPI-distributed (1 ranks)
WARNING: Energy -17.5923 below FCI -15.5951 — HWE ansatz may have left the physical particle-number sector
Iter 0497 | Energy: -17.592280 | Delta: 4.69e-04 | M: 7312.6202 | Path: Statevector MPI-distributed (1 ranks)
WARNING: Energy -17.6016 below FCI -15.5951 — HWE ansatz may have left the physical particle-number sector
Iter 0498 | Energy: -17.601615 | Delta: 9.33e-03 | M: 7398.8997 | Path: Statevector MPI-distributed (1 ranks)
WARNING: Energy -17.5883 below FCI -15.5951 — HWE ansatz may have left the physical particle-number sector
Iter 0499 | Energy: -17.588326 | Delta: 1.33e-02 | M: 7247.5284 | Path: Statevector MPI-distributed (1 ranks)
WARNING: Energy -17.6054 below FCI -15.5951 — HWE ansatz may have left the physical particle-number sector
Iter 0500 | Energy: -17.605428 | Delta: 1.71e-02 | M: 6662.1429 | Path: Statevector MPI-distributed (1 ranks)
[RESILIENCE] Iteration 500: Global theta state checkpointed at path checkpoints/checkpoint_iter_0500.npy. 

[BeH2] Ansatz tier:hwe_adaptive
[BeH2] Corr score: 0.501 
[BeH2] Final energy : -17.605428 Ha 
[BeH2] Reference FCI : -15.595118 Ha 
[BeH2] Absolute error: +2.0103 Ha  Ha 
[BeH2] Iterations run: 500
[BeH2] Wall time: 133.25s (includes QPU queue + RTT) 
[BeH2] Time/iter: 0.27 s 
[BeH2] Source: registry 
[BeH2] Active electrons: 4 
[BeH2] Estimated qubits: 12 
[BeH2] Note: Frozen 2 core electrons. Active space: 4 electrons, 12 qubits 


--- RUNNING CHEMISTRY TASK H2O ---
[Resolver] 'H2O' found in local registry 
[Chemistry:H2O] 1086 Pauli terms, 14 qubits, 112 params,  reps=2. FCI reference: -75.0124 Ha 
[Ansatz] HWE (adaptive) (auto) | corr_score=0.502 | off_diag_ratio=0.007
[Reason] score=0.502 in [0.25, 0.55). Moderate correlation detected (off_diag_ratio=0.007, zz_frac=0.986). Adaptive HWE with full entanglement recommended.
Iter 0001 | Energy: -3.240530 | Delta: inf | M: 9725.2591 | Path: Statevector MPI-distributed (1 ranks)
Iter 0002 | Energy: -15.035554 | Delta: 1.18e+01 | M: 9892.7625 | Path: Statevector MPI-distributed (1 ranks)
Iter 0003 | Energy: -24.619894 | Delta: 9.58e+00 | M: 9908.4245 | Path: Statevector MPI-distributed (1 ranks)
Iter 0004 | Energy: -47.840103 | Delta: 2.32e+01 | M: 9564.2005 | Path: Statevector MPI-distributed (1 ranks)
Iter 0005 | Energy: -51.405230 | Delta: 3.57e+00 | M: 7355.2423 | Path: Statevector MPI-distributed (1 ranks)
[RESILIENCE] Iteration 5: Global theta state checkpointed at path checkpoints/checkpoint_iter_0005.npy. 
Iter 0006 | Energy: -54.395928 | Delta: 2.99e+00 | M: 10137.9230 | Path: Statevector MPI-distributed (1 ranks)
Iter 0007 | Energy: -54.471733 | Delta: 7.58e-02 | M: 9241.7293 | Path: Statevector MPI-distributed (1 ranks)
Iter 0008 | Energy: -56.969902 | Delta: 2.50e+00 | M: 9895.0643 | Path: Statevector MPI-distributed (1 ranks)
Iter 0009 | Energy: -58.359334 | Delta: 1.39e+00 | M: 9343.6480 | Path: Statevector MPI-distributed (1 ranks)
Iter 0010 | Energy: -58.794903 | Delta: 4.36e-01 | M: 9436.8819 | Path: Statevector MPI-distributed (1 ranks)
[RESILIENCE] Iteration 10: Global theta state checkpointed at path checkpoints/checkpoint_iter_0010.npy. 
Iter 0011 | Energy: -59.751637 | Delta: 9.57e-01 | M: 6513.3989 | Path: Statevector MPI-distributed (1 ranks)
Iter 0012 | Energy: -60.859933 | Delta: 1.11e+00 | M: 11403.9318 | Path: Statevector MPI-distributed (1 ranks)
Iter 0013 | Energy: -62.077873 | Delta: 1.22e+00 | M: 9447.4090 | Path: Statevector MPI-distributed (1 ranks)
Iter 0014 | Energy: -61.914327 | Delta: 1.64e-01 | M: 9756.2033 | Path: Statevector MPI-distributed (1 ranks)
Iter 0015 | Energy: -63.282744 | Delta: 1.37e+00 | M: 10328.4477 | Path: Statevector MPI-distributed (1 ranks)
[RESILIENCE] Iteration 15: Global theta state checkpointed at path checkpoints/checkpoint_iter_0015.npy. 
Iter 0016 | Energy: -63.874690 | Delta: 5.92e-01 | M: 9560.7358 | Path: Statevector MPI-distributed (1 ranks)
Iter 0017 | Energy: -64.056496 | Delta: 1.82e-01 | M: 9450.6089 | Path: Statevector MPI-distributed (1 ranks)
Iter 0018 | Energy: -65.598705 | Delta: 1.54e+00 | M: 11090.4929 | Path: Statevector MPI-distributed (1 ranks)
Iter 0019 | Energy: -66.222339 | Delta: 6.24e-01 | M: 9955.8123 | Path: Statevector MPI-distributed (1 ranks)
Iter 0020 | Energy: -66.269801 | Delta: 4.75e-02 | M: 9912.6651 | Path: Statevector MPI-distributed (1 ranks)
[RESILIENCE] Iteration 20: Global theta state checkpointed at path checkpoints/checkpoint_iter_0020.npy. 
Iter 0021 | Energy: -67.856701 | Delta: 1.59e+00 | M: 9157.1113 | Path: Statevector MPI-distributed (1 ranks)
Iter 0022 | Energy: -68.001200 | Delta: 1.44e-01 | M: 7783.7632 | Path: Statevector MPI-distributed (1 ranks)
Iter 0023 | Energy: -68.041467 | Delta: 4.03e-02 | M: 9394.0097 | Path: Statevector MPI-distributed (1 ranks)
Iter 0024 | Energy: -70.150179 | Delta: 2.11e+00 | M: 8643.8705 | Path: Statevector MPI-distributed (1 ranks)
Iter 0025 | Energy: -70.140466 | Delta: 9.71e-03 | M: 9734.5409 | Path: Statevector MPI-distributed (1 ranks)
[RESILIENCE] Iteration 25: Global theta state checkpointed at path checkpoints/checkpoint_iter_0025.npy. 
Iter 0026 | Energy: -70.126288 | Delta: 1.42e-02 | M: 9090.6074 | Path: Statevector MPI-distributed (1 ranks)
Iter 0027 | Energy: -70.267856 | Delta: 1.42e-01 | M: 9102.3902 | Path: Statevector MPI-distributed (1 ranks)
Iter 0028 | Energy: -70.269567 | Delta: 1.71e-03 | M: 9466.2638 | Path: Statevector MPI-distributed (1 ranks)
Iter 0029 | Energy: -70.566475 | Delta: 2.97e-01 | M: 9445.9099 | Path: Statevector MPI-distributed (1 ranks)
Iter 0030 | Energy: -71.625100 | Delta: 1.06e+00 | M: 7936.2925 | Path: Statevector MPI-distributed (1 ranks)
[RESILIENCE] Iteration 30: Global theta state checkpointed at path checkpoints/checkpoint_iter_0030.npy. 
Iter 0031 | Energy: -71.894710 | Delta: 2.70e-01 | M: 9127.8584 | Path: Statevector MPI-distributed (1 ranks)
Iter 0032 | Energy: -72.733003 | Delta: 8.38e-01 | M: 9447.1523 | Path: Statevector MPI-distributed (1 ranks)
Iter 0033 | Energy: -73.160444 | Delta: 4.27e-01 | M: 9379.5149 | Path: Statevector MPI-distributed (1 ranks)
Iter 0034 | Energy: -73.921402 | Delta: 7.61e-01 | M: 9391.2996 | Path: Statevector MPI-distributed (1 ranks)
WARNING: Energy -76.1611 below FCI -75.0124 — HWE ansatz may have left the physical particle-number sector
Iter 0035 | Energy: -76.161130 | Delta: 2.24e+00 | M: 8747.9149 | Path: Statevector MPI-distributed (1 ranks)
[RESILIENCE] Iteration 35: Global theta state checkpointed at path checkpoints/checkpoint_iter_0035.npy. 
WARNING: Energy -76.2707 below FCI -75.0124 — HWE ansatz may have left the physical particle-number sector
Iter 0036 | Energy: -76.270696 | Delta: 1.10e-01 | M: 10638.7501 | Path: Statevector MPI-distributed (1 ranks)
WARNING: Energy -76.3433 below FCI -75.0124 — HWE ansatz may have left the physical particle-number sector
Iter 0037 | Energy: -76.343278 | Delta: 7.26e-02 | M: 9031.9003 | Path: Statevector MPI-distributed (1 ranks)
WARNING: Energy -76.9646 below FCI -75.0124 — HWE ansatz may have left the physical particle-number sector
Iter 0038 | Energy: -76.964640 | Delta: 6.21e-01 | M: 8625.1603 | Path: Statevector MPI-distributed (1 ranks)
WARNING: Energy -77.6066 below FCI -75.0124 — HWE ansatz may have left the physical particle-number sector
Iter 0039 | Energy: -77.606624 | Delta: 6.42e-01 | M: 9421.8765 | Path: Statevector MPI-distributed (1 ranks)
WARNING: Energy -77.6743 below FCI -75.0124 — HWE ansatz may have left the physical particle-number sector
Iter 0040 | Energy: -77.674322 | Delta: 6.77e-02 | M: 9091.9095 | Path: Statevector MPI-distributed (1 ranks)
[RESILIENCE] Iteration 40: Global theta state checkpointed at path checkpoints/checkpoint_iter_0040.npy. 
WARNING: Energy -77.6944 below FCI -75.0124 — HWE ansatz may have left the physical particle-number sector
Iter 0041 | Energy: -77.694360 | Delta: 2.00e-02 | M: 9010.2997 | Path: Statevector MPI-distributed (1 ranks)
WARNING: Energy -77.6467 below FCI -75.0124 — HWE ansatz may have left the physical particle-number sector
Iter 0042 | Energy: -77.646715 | Delta: 4.76e-02 | M: 10128.7270 | Path: Statevector MPI-distributed (1 ranks)
WARNING: Energy -77.7000 below FCI -75.0124 — HWE ansatz may have left the physical particle-number sector
Iter 0043 | Energy: -77.700024 | Delta: 5.33e-02 | M: 10658.5205 | Path: Statevector MPI-distributed (1 ranks)
WARNING: Energy -77.6957 below FCI -75.0124 — HWE ansatz may have left the physical particle-number sector
Iter 0044 | Energy: -77.695695 | Delta: 4.33e-03 | M: 11491.5637 | Path: Statevector MPI-distributed (1 ranks)
WARNING: Energy -77.7045 below FCI -75.0124 — HWE ansatz may have left the physical particle-number sector
Iter 0045 | Energy: -77.704533 | Delta: 8.84e-03 | M: 9158.8899 | Path: Statevector MPI-distributed (1 ranks)
[RESILIENCE] Iteration 45: Global theta state checkpointed at path checkpoints/checkpoint_iter_0045.npy. 
WARNING: Energy -78.0237 below FCI -75.0124 — HWE ansatz may have left the physical particle-number sector
Iter 0046 | Energy: -78.023674 | Delta: 3.19e-01 | M: 10229.0774 | Path: Statevector MPI-distributed (1 ranks)
WARNING: Energy -78.5467 below FCI -75.0124 — HWE ansatz may have left the physical particle-number sector
Iter 0047 | Energy: -78.546722 | Delta: 5.23e-01 | M: 7689.8434 | Path: Statevector MPI-distributed (1 ranks)
WARNING: Energy -78.6395 below FCI -75.0124 — HWE ansatz may have left the physical particle-number sector
Iter 0048 | Energy: -78.639524 | Delta: 9.28e-02 | M: 9711.0612 | Path: Statevector MPI-distributed (1 ranks)
WARNING: Energy -78.6864 below FCI -75.0124 — HWE ansatz may have left the physical particle-number sector
Iter 0049 | Energy: -78.686362 | Delta: 4.68e-02 | M: 9029.8829 | Path: Statevector MPI-distributed (1 ranks)
WARNING: Energy -78.8363 below FCI -75.0124 — HWE ansatz may have left the physical particle-number sector
Iter 0050 | Energy: -78.836286 | Delta: 1.50e-01 | M: 8646.7919 | Path: Statevector MPI-distributed (1 ranks)
[RESILIENCE] Iteration 50: Global theta state checkpointed at path checkpoints/checkpoint_iter_0050.npy. 
WARNING: Energy -78.8805 below FCI -75.0124 — HWE ansatz may have left the physical particle-number sector
Iter 0051 | Energy: -78.880528 | Delta: 4.42e-02 | M: 11986.6904 | Path: Statevector MPI-distributed (1 ranks)
WARNING: Energy -78.9507 below FCI -75.0124 — HWE ansatz may have left the physical particle-number sector
Iter 0052 | Energy: -78.950681 | Delta: 7.02e-02 | M: 9987.5778 | Path: Statevector MPI-distributed (1 ranks)
WARNING: Energy -78.9834 below FCI -75.0124 — HWE ansatz may have left the physical particle-number sector
Iter 0053 | Energy: -78.983414 | Delta: 3.27e-02 | M: 8783.6209 | Path: Statevector MPI-distributed (1 ranks)
WARNING: Energy -79.0430 below FCI -75.0124 — HWE ansatz may have left the physical particle-number sector
Iter 0054 | Energy: -79.043049 | Delta: 5.96e-02 | M: 10063.9395 | Path: Statevector MPI-distributed (1 ranks)
WARNING: Energy -79.0601 below FCI -75.0124 — HWE ansatz may have left the physical particle-number sector
Iter 0055 | Energy: -79.060111 | Delta: 1.71e-02 | M: 9885.2394 | Path: Statevector MPI-distributed (1 ranks)
[RESILIENCE] Iteration 55: Global theta state checkpointed at path checkpoints/checkpoint_iter_0055.npy. 
WARNING: Energy -79.0667 below FCI -75.0124 — HWE ansatz may have left the physical particle-number sector
Iter 0056 | Energy: -79.066685 | Delta: 6.57e-03 | M: 9905.7779 | Path: Statevector MPI-distributed (1 ranks)
WARNING: Energy -79.0653 below FCI -75.0124 — HWE ansatz may have left the physical particle-number sector
Iter 0057 | Energy: -79.065345 | Delta: 1.34e-03 | M: 10824.5535 | Path: Statevector MPI-distributed (1 ranks)
WARNING: Energy -79.1966 below FCI -75.0124 — HWE ansatz may have left the physical particle-number sector
Iter 0058 | Energy: -79.196571 | Delta: 1.31e-01 | M: 10388.0103 | Path: Statevector MPI-distributed (1 ranks)
WARNING: Energy -79.1813 below FCI -75.0124 — HWE ansatz may have left the physical particle-number sector
Iter 0059 | Energy: -79.181317 | Delta: 1.53e-02 | M: 9937.3101 | Path: Statevector MPI-distributed (1 ranks)
WARNING: Energy -79.1884 below FCI -75.0124 — HWE ansatz may have left the physical particle-number sector
Iter 0060 | Energy: -79.188388 | Delta: 7.07e-03 | M: 10267.7300 | Path: Statevector MPI-distributed (1 ranks)
[RESILIENCE] Iteration 60: Global theta state checkpointed at path checkpoints/checkpoint_iter_0060.npy. 
WARNING: Energy -79.2318 below FCI -75.0124 — HWE ansatz may have left the physical particle-number sector
Iter 0061 | Energy: -79.231769 | Delta: 4.34e-02 | M: 7848.2313 | Path: Statevector MPI-distributed (1 ranks)
WARNING: Energy -79.2037 below FCI -75.0124 — HWE ansatz may have left the physical particle-number sector
Iter 0062 | Energy: -79.203686 | Delta: 2.81e-02 | M: 9990.9501 | Path: Statevector MPI-distributed (1 ranks)
WARNING: Energy -79.2696 below FCI -75.0124 — HWE ansatz may have left the physical particle-number sector
Iter 0063 | Energy: -79.269640 | Delta: 6.60e-02 | M: 9303.8610 | Path: Statevector MPI-distributed (1 ranks)
WARNING: Energy -79.2885 below FCI -75.0124 — HWE ansatz may have left the physical particle-number sector
Iter 0064 | Energy: -79.288459 | Delta: 1.88e-02 | M: 11130.7592 | Path: Statevector MPI-distributed (1 ranks)
WARNING: Energy -79.2765 below FCI -75.0124 — HWE ansatz may have left the physical particle-number sector
Iter 0065 | Energy: -79.276544 | Delta: 1.19e-02 | M: 10460.1821 | Path: Statevector MPI-distributed (1 ranks)
[RESILIENCE] Iteration 65: Global theta state checkpointed at path checkpoints/checkpoint_iter_0065.npy. 
WARNING: Energy -79.2965 below FCI -75.0124 — HWE ansatz may have left the physical particle-number sector
Iter 0066 | Energy: -79.296453 | Delta: 1.99e-02 | M: 10994.7802 | Path: Statevector MPI-distributed (1 ranks)
WARNING: Energy -79.2879 below FCI -75.0124 — HWE ansatz may have left the physical particle-number sector
Iter 0067 | Energy: -79.287949 | Delta: 8.50e-03 | M: 10819.9773 | Path: Statevector MPI-distributed (1 ranks)
WARNING: Energy -79.3498 below FCI -75.0124 — HWE ansatz may have left the physical particle-number sector
Iter 0068 | Energy: -79.349807 | Delta: 6.19e-02 | M: 9199.8993 | Path: Statevector MPI-distributed (1 ranks)
WARNING: Energy -79.3855 below FCI -75.0124 — HWE ansatz may have left the physical particle-number sector
Iter 0069 | Energy: -79.385548 | Delta: 3.57e-02 | M: 9136.7101 | Path: Statevector MPI-distributed (1 ranks)
WARNING: Energy -79.4136 below FCI -75.0124 — HWE ansatz may have left the physical particle-number sector
Iter 0070 | Energy: -79.413588 | Delta: 2.80e-02 | M: 9977.3274 | Path: Statevector MPI-distributed (1 ranks)
[RESILIENCE] Iteration 70: Global theta state checkpointed at path checkpoints/checkpoint_iter_0070.npy. 
WARNING: Energy -79.4486 below FCI -75.0124 — HWE ansatz may have left the physical particle-number sector
Iter 0071 | Energy: -79.448612 | Delta: 3.50e-02 | M: 9806.0053 | Path: Statevector MPI-distributed (1 ranks)
WARNING: Energy -79.4615 below FCI -75.0124 — HWE ansatz may have left the physical particle-number sector
Iter 0072 | Energy: -79.461454 | Delta: 1.28e-02 | M: 9073.3555 | Path: Statevector MPI-distributed (1 ranks)
WARNING: Energy -79.5109 below FCI -75.0124 — HWE ansatz may have left the physical particle-number sector
Iter 0073 | Energy: -79.510934 | Delta: 4.95e-02 | M: 9852.0679 | Path: Statevector MPI-distributed (1 ranks)
WARNING: Energy -79.5434 below FCI -75.0124 — HWE ansatz may have left the physical particle-number sector
Iter 0074 | Energy: -79.543415 | Delta: 3.25e-02 | M: 9635.7067 | Path: Statevector MPI-distributed (1 ranks)
WARNING: Energy -79.5637 below FCI -75.0124 — HWE ansatz may have left the physical particle-number sector
Iter 0075 | Energy: -79.563678 | Delta: 2.03e-02 | M: 8359.4434 | Path: Statevector MPI-distributed (1 ranks)
[RESILIENCE] Iteration 75: Global theta state checkpointed at path checkpoints/checkpoint_iter_0075.npy. 
WARNING: Energy -79.5438 below FCI -75.0124 — HWE ansatz may have left the physical particle-number sector
Iter 0076 | Energy: -79.543785 | Delta: 1.99e-02 | M: 9110.2416 | Path: Statevector MPI-distributed (1 ranks)
WARNING: Energy -79.5725 below FCI -75.0124 — HWE ansatz may have left the physical particle-number sector
Iter 0077 | Energy: -79.572513 | Delta: 2.87e-02 | M: 9545.2298 | Path: Statevector MPI-distributed (1 ranks)
WARNING: Energy -79.6143 below FCI -75.0124 — HWE ansatz may have left the physical particle-number sector
Iter 0078 | Energy: -79.614316 | Delta: 4.18e-02 | M: 9527.5723 | Path: Statevector MPI-distributed (1 ranks)
WARNING: Energy -79.6480 below FCI -75.0124 — HWE ansatz may have left the physical particle-number sector
Iter 0079 | Energy: -79.647957 | Delta: 3.36e-02 | M: 9272.1891 | Path: Statevector MPI-distributed (1 ranks)
WARNING: Energy -79.6873 below FCI -75.0124 — HWE ansatz may have left the physical particle-number sector
Iter 0080 | Energy: -79.687331 | Delta: 3.94e-02 | M: 7988.6489 | Path: Statevector MPI-distributed (1 ranks)
[RESILIENCE] Iteration 80: Global theta state checkpointed at path checkpoints/checkpoint_iter_0080.npy. 
WARNING: Energy -79.6183 below FCI -75.0124 — HWE ansatz may have left the physical particle-number sector
Iter 0081 | Energy: -79.618283 | Delta: 6.90e-02 | M: 9514.2384 | Path: Statevector MPI-distributed (1 ranks)
WARNING: Energy -79.6681 below FCI -75.0124 — HWE ansatz may have left the physical particle-number sector
Iter 0082 | Energy: -79.668051 | Delta: 4.98e-02 | M: 9961.9892 | Path: Statevector MPI-distributed (1 ranks)
WARNING: Energy -79.6395 below FCI -75.0124 — HWE ansatz may have left the physical particle-number sector
Iter 0083 | Energy: -79.639513 | Delta: 2.85e-02 | M: 9996.5963 | Path: Statevector MPI-distributed (1 ranks)
WARNING: Energy -79.6606 below FCI -75.0124 — HWE ansatz may have left the physical particle-number sector
Iter 0084 | Energy: -79.660558 | Delta: 2.10e-02 | M: 9828.6041 | Path: Statevector MPI-distributed (1 ranks)
WARNING: Energy -79.6669 below FCI -75.0124 — HWE ansatz may have left the physical particle-number sector
Iter 0085 | Energy: -79.666918 | Delta: 6.36e-03 | M: 8828.9438 | Path: Statevector MPI-distributed (1 ranks)
[RESILIENCE] Iteration 85: Global theta state checkpointed at path checkpoints/checkpoint_iter_0085.npy. 
WARNING: Energy -79.7410 below FCI -75.0124 — HWE ansatz may have left the physical particle-number sector
Iter 0086 | Energy: -79.740980 | Delta: 7.41e-02 | M: 9716.8806 | Path: Statevector MPI-distributed (1 ranks)
WARNING: Energy -79.7853 below FCI -75.0124 — HWE ansatz may have left the physical particle-number sector
Iter 0087 | Energy: -79.785294 | Delta: 4.43e-02 | M: 9234.2423 | Path: Statevector MPI-distributed (1 ranks)
WARNING: Energy -79.7660 below FCI -75.0124 — HWE ansatz may have left the physical particle-number sector
Iter 0088 | Energy: -79.765981 | Delta: 1.93e-02 | M: 9671.1796 | Path: Statevector MPI-distributed (1 ranks)
WARNING: Energy -79.7521 below FCI -75.0124 — HWE ansatz may have left the physical particle-number sector
Iter 0089 | Energy: -79.752143 | Delta: 1.38e-02 | M: 9438.2662 | Path: Statevector MPI-distributed (1 ranks)
WARNING: Energy -79.7770 below FCI -75.0124 — HWE ansatz may have left the physical particle-number sector
Iter 0090 | Energy: -79.777017 | Delta: 2.49e-02 | M: 8927.1280 | Path: Statevector MPI-distributed (1 ranks)
[RESILIENCE] Iteration 90: Global theta state checkpointed at path checkpoints/checkpoint_iter_0090.npy. 
WARNING: Energy -79.8020 below FCI -75.0124 — HWE ansatz may have left the physical particle-number sector
Iter 0091 | Energy: -79.802035 | Delta: 2.50e-02 | M: 9147.0143 | Path: Statevector MPI-distributed (1 ranks)
WARNING: Energy -79.7625 below FCI -75.0124 — HWE ansatz may have left the physical particle-number sector
Iter 0092 | Energy: -79.762450 | Delta: 3.96e-02 | M: 9880.4880 | Path: Statevector MPI-distributed (1 ranks)
WARNING: Energy -79.7504 below FCI -75.0124 — HWE ansatz may have left the physical particle-number sector
Iter 0093 | Energy: -79.750357 | Delta: 1.21e-02 | M: 9332.5249 | Path: Statevector MPI-distributed (1 ranks)
WARNING: Energy -79.7662 below FCI -75.0124 — HWE ansatz may have left the physical particle-number sector
Iter 0094 | Energy: -79.766248 | Delta: 1.59e-02 | M: 9452.1626 | Path: Statevector MPI-distributed (1 ranks)
WARNING: Energy -79.7941 below FCI -75.0124 — HWE ansatz may have left the physical particle-number sector
Iter 0095 | Energy: -79.794068 | Delta: 2.78e-02 | M: 9752.2076 | Path: Statevector MPI-distributed (1 ranks)
[RESILIENCE] Iteration 95: Global theta state checkpointed at path checkpoints/checkpoint_iter_0095.npy. 
WARNING: Energy -79.8066 below FCI -75.0124 — HWE ansatz may have left the physical particle-number sector
Iter 0096 | Energy: -79.806611 | Delta: 1.25e-02 | M: 9214.3569 | Path: Statevector MPI-distributed (1 ranks)
WARNING: Energy -79.8530 below FCI -75.0124 — HWE ansatz may have left the physical particle-number sector
Iter 0097 | Energy: -79.853046 | Delta: 4.64e-02 | M: 7735.0534 | Path: Statevector MPI-distributed (1 ranks)
WARNING: Energy -79.8124 below FCI -75.0124 — HWE ansatz may have left the physical particle-number sector
Iter 0098 | Energy: -79.812393 | Delta: 4.07e-02 | M: 6961.8290 | Path: Statevector MPI-distributed (1 ranks)
WARNING: Energy -79.8614 below FCI -75.0124 — HWE ansatz may have left the physical particle-number sector
Iter 0099 | Energy: -79.861441 | Delta: 4.90e-02 | M: 8388.4677 | Path: Statevector MPI-distributed (1 ranks)
WARNING: Energy -79.8587 below FCI -75.0124 — HWE ansatz may have left the physical particle-number sector
Iter 0100 | Energy: -79.858698 | Delta: 2.74e-03 | M: 9010.2213 | Path: Statevector MPI-distributed (1 ranks)
[RESILIENCE] Iteration 100: Global theta state checkpointed at path checkpoints/checkpoint_iter_0100.npy. 
WARNING: Energy -79.8821 below FCI -75.0124 — HWE ansatz may have left the physical particle-number sector
Iter 0101 | Energy: -79.882104 | Delta: 2.34e-02 | M: 9591.1041 | Path: Statevector MPI-distributed (1 ranks)
WARNING: Energy -79.8960 below FCI -75.0124 — HWE ansatz may have left the physical particle-number sector
Iter 0102 | Energy: -79.895955 | Delta: 1.39e-02 | M: 9915.5145 | Path: Statevector MPI-distributed (1 ranks)
WARNING: Energy -79.9336 below FCI -75.0124 — HWE ansatz may have left the physical particle-number sector
Iter 0103 | Energy: -79.933603 | Delta: 3.76e-02 | M: 14678.2340 | Path: Statevector MPI-distributed (1 ranks)
WARNING: Energy -79.9313 below FCI -75.0124 — HWE ansatz may have left the physical particle-number sector
Iter 0104 | Energy: -79.931265 | Delta: 2.34e-03 | M: 10027.1480 | Path: Statevector MPI-distributed (1 ranks)
WARNING: Energy -79.9660 below FCI -75.0124 — HWE ansatz may have left the physical particle-number sector
Iter 0105 | Energy: -79.965977 | Delta: 3.47e-02 | M: 9411.6370 | Path: Statevector MPI-distributed (1 ranks)
[RESILIENCE] Iteration 105: Global theta state checkpointed at path checkpoints/checkpoint_iter_0105.npy. 
WARNING: Energy -79.9083 below FCI -75.0124 — HWE ansatz may have left the physical particle-number sector
Iter 0106 | Energy: -79.908320 | Delta: 5.77e-02 | M: 9942.8698 | Path: Statevector MPI-distributed (1 ranks)
WARNING: Energy -79.9458 below FCI -75.0124 — HWE ansatz may have left the physical particle-number sector
Iter 0107 | Energy: -79.945849 | Delta: 3.75e-02 | M: 10487.3210 | Path: Statevector MPI-distributed (1 ranks)
WARNING: Energy -79.9697 below FCI -75.0124 — HWE ansatz may have left the physical particle-number sector
Iter 0108 | Energy: -79.969726 | Delta: 2.39e-02 | M: 9719.2361 | Path: Statevector MPI-distributed (1 ranks)
WARNING: Energy -79.9875 below FCI -75.0124 — HWE ansatz may have left the physical particle-number sector
Iter 0109 | Energy: -79.987509 | Delta: 1.78e-02 | M: 7972.8072 | Path: Statevector MPI-distributed (1 ranks)
WARNING: Energy -79.9461 below FCI -75.0124 — HWE ansatz may have left the physical particle-number sector
Iter 0110 | Energy: -79.946121 | Delta: 4.14e-02 | M: 9929.0678 | Path: Statevector MPI-distributed (1 ranks)
[RESILIENCE] Iteration 110: Global theta state checkpointed at path checkpoints/checkpoint_iter_0110.npy. 
WARNING: Energy -80.0142 below FCI -75.0124 — HWE ansatz may have left the physical particle-number sector
Iter 0111 | Energy: -80.014156 | Delta: 6.80e-02 | M: 9501.1901 | Path: Statevector MPI-distributed (1 ranks)
WARNING: Energy -80.0759 below FCI -75.0124 — HWE ansatz may have left the physical particle-number sector
Iter 0112 | Energy: -80.075916 | Delta: 6.18e-02 | M: 9506.8625 | Path: Statevector MPI-distributed (1 ranks)
WARNING: Energy -80.0760 below FCI -75.0124 — HWE ansatz may have left the physical particle-number sector
Iter 0113 | Energy: -80.076010 | Delta: 9.37e-05 | M: 8626.7595 | Path: Statevector MPI-distributed (1 ranks)
WARNING: Energy -80.0689 below FCI -75.0124 — HWE ansatz may have left the physical particle-number sector
Iter 0114 | Energy: -80.068876 | Delta: 7.13e-03 | M: 10693.0903 | Path: Statevector MPI-distributed (1 ranks)
WARNING: Energy -80.0970 below FCI -75.0124 — HWE ansatz may have left the physical particle-number sector
Iter 0115 | Energy: -80.097036 | Delta: 2.82e-02 | M: 6774.2984 | Path: Statevector MPI-distributed (1 ranks)
[RESILIENCE] Iteration 115: Global theta state checkpointed at path checkpoints/checkpoint_iter_0115.npy. 
WARNING: Energy -80.1341 below FCI -75.0124 — HWE ansatz may have left the physical particle-number sector
Iter 0116 | Energy: -80.134130 | Delta: 3.71e-02 | M: 9571.9896 | Path: Statevector MPI-distributed (1 ranks)
WARNING: Energy -80.1533 below FCI -75.0124 — HWE ansatz may have left the physical particle-number sector
Iter 0117 | Energy: -80.153285 | Delta: 1.92e-02 | M: 8516.6934 | Path: Statevector MPI-distributed (1 ranks)
WARNING: Energy -80.1309 below FCI -75.0124 — HWE ansatz may have left the physical particle-number sector
Iter 0118 | Energy: -80.130913 | Delta: 2.24e-02 | M: 7782.9574 | Path: Statevector MPI-distributed (1 ranks)
WARNING: Energy -80.1270 below FCI -75.0124 — HWE ansatz may have left the physical particle-number sector
Iter 0119 | Energy: -80.127045 | Delta: 3.87e-03 | M: 9171.1912 | Path: Statevector MPI-distributed (1 ranks)
WARNING: Energy -80.1245 below FCI -75.0124 — HWE ansatz may have left the physical particle-number sector
Iter 0120 | Energy: -80.124475 | Delta: 2.57e-03 | M: 8930.6630 | Path: Statevector MPI-distributed (1 ranks)
[RESILIENCE] Iteration 120: Global theta state checkpointed at path checkpoints/checkpoint_iter_0120.npy. 
WARNING: Energy -80.1348 below FCI -75.0124 — HWE ansatz may have left the physical particle-number sector
Iter 0121 | Energy: -80.134844 | Delta: 1.04e-02 | M: 9076.1688 | Path: Statevector MPI-distributed (1 ranks)
WARNING: Energy -80.1707 below FCI -75.0124 — HWE ansatz may have left the physical particle-number sector
Iter 0122 | Energy: -80.170714 | Delta: 3.59e-02 | M: 9686.2220 | Path: Statevector MPI-distributed (1 ranks)
WARNING: Energy -80.1692 below FCI -75.0124 — HWE ansatz may have left the physical particle-number sector
Iter 0123 | Energy: -80.169240 | Delta: 1.47e-03 | M: 9333.5678 | Path: Statevector MPI-distributed (1 ranks)
WARNING: Energy -80.1585 below FCI -75.0124 — HWE ansatz may have left the physical particle-number sector
Iter 0124 | Energy: -80.158480 | Delta: 1.08e-02 | M: 10361.3585 | Path: Statevector MPI-distributed (1 ranks)
WARNING: Energy -80.1252 below FCI -75.0124 — HWE ansatz may have left the physical particle-number sector
Iter 0125 | Energy: -80.125202 | Delta: 3.33e-02 | M: 9415.9624 | Path: Statevector MPI-distributed (1 ranks)
[RESILIENCE] Iteration 125: Global theta state checkpointed at path checkpoints/checkpoint_iter_0125.npy. 
WARNING: Energy -80.1502 below FCI -75.0124 — HWE ansatz may have left the physical particle-number sector
Iter 0126 | Energy: -80.150152 | Delta: 2.50e-02 | M: 9276.6460 | Path: Statevector MPI-distributed (1 ranks)
WARNING: Energy -80.1610 below FCI -75.0124 — HWE ansatz may have left the physical particle-number sector
Iter 0127 | Energy: -80.160984 | Delta: 1.08e-02 | M: 9148.4738 | Path: Statevector MPI-distributed (1 ranks)
WARNING: Energy -80.1955 below FCI -75.0124 — HWE ansatz may have left the physical particle-number sector
Iter 0128 | Energy: -80.195451 | Delta: 3.45e-02 | M: 8883.0559 | Path: Statevector MPI-distributed (1 ranks)
WARNING: Energy -80.2170 below FCI -75.0124 — HWE ansatz may have left the physical particle-number sector
Iter 0129 | Energy: -80.216959 | Delta: 2.15e-02 | M: 9814.9376 | Path: Statevector MPI-distributed (1 ranks)
WARNING: Energy -80.2144 below FCI -75.0124 — HWE ansatz may have left the physical particle-number sector
Iter 0130 | Energy: -80.214395 | Delta: 2.56e-03 | M: 8959.4463 | Path: Statevector MPI-distributed (1 ranks)
[RESILIENCE] Iteration 130: Global theta state checkpointed at path checkpoints/checkpoint_iter_0130.npy. 
WARNING: Energy -80.1999 below FCI -75.0124 — HWE ansatz may have left the physical particle-number sector
Iter 0131 | Energy: -80.199896 | Delta: 1.45e-02 | M: 9609.6302 | Path: Statevector MPI-distributed (1 ranks)
WARNING: Energy -80.2302 below FCI -75.0124 — HWE ansatz may have left the physical particle-number sector
Iter 0132 | Energy: -80.230192 | Delta: 3.03e-02 | M: 9386.9484 | Path: Statevector MPI-distributed (1 ranks)
WARNING: Energy -80.1959 below FCI -75.0124 — HWE ansatz may have left the physical particle-number sector
Iter 0133 | Energy: -80.195888 | Delta: 3.43e-02 | M: 9188.5008 | Path: Statevector MPI-distributed (1 ranks)
WARNING: Energy -80.2650 below FCI -75.0124 — HWE ansatz may have left the physical particle-number sector
Iter 0134 | Energy: -80.264970 | Delta: 6.91e-02 | M: 8508.1757 | Path: Statevector MPI-distributed (1 ranks)
WARNING: Energy -80.2287 below FCI -75.0124 — HWE ansatz may have left the physical particle-number sector
Iter 0135 | Energy: -80.228708 | Delta: 3.63e-02 | M: 9045.5841 | Path: Statevector MPI-distributed (1 ranks)
[RESILIENCE] Iteration 135: Global theta state checkpointed at path checkpoints/checkpoint_iter_0135.npy. 
WARNING: Energy -80.2589 below FCI -75.0124 — HWE ansatz may have left the physical particle-number sector
Iter 0136 | Energy: -80.258922 | Delta: 3.02e-02 | M: 10175.8278 | Path: Statevector MPI-distributed (1 ranks)
WARNING: Energy -80.2774 below FCI -75.0124 — HWE ansatz may have left the physical particle-number sector
Iter 0137 | Energy: -80.277397 | Delta: 1.85e-02 | M: 8531.0236 | Path: Statevector MPI-distributed (1 ranks)
WARNING: Energy -80.2749 below FCI -75.0124 — HWE ansatz may have left the physical particle-number sector
Iter 0138 | Energy: -80.274866 | Delta: 2.53e-03 | M: 9130.1224 | Path: Statevector MPI-distributed (1 ranks)
WARNING: Energy -80.2948 below FCI -75.0124 — HWE ansatz may have left the physical particle-number sector
Iter 0139 | Energy: -80.294836 | Delta: 2.00e-02 | M: 9296.1667 | Path: Statevector MPI-distributed (1 ranks)
WARNING: Energy -80.2982 below FCI -75.0124 — HWE ansatz may have left the physical particle-number sector
Iter 0140 | Energy: -80.298152 | Delta: 3.32e-03 | M: 12081.3349 | Path: Statevector MPI-distributed (1 ranks)
[RESILIENCE] Iteration 140: Global theta state checkpointed at path checkpoints/checkpoint_iter_0140.npy. 
WARNING: Energy -80.2661 below FCI -75.0124 — HWE ansatz may have left the physical particle-number sector
Iter 0141 | Energy: -80.266056 | Delta: 3.21e-02 | M: 9352.1572 | Path: Statevector MPI-distributed (1 ranks)
WARNING: Energy -80.2714 below FCI -75.0124 — HWE ansatz may have left the physical particle-number sector
Iter 0142 | Energy: -80.271355 | Delta: 5.30e-03 | M: 8652.0126 | Path: Statevector MPI-distributed (1 ranks)
WARNING: Energy -80.3167 below FCI -75.0124 — HWE ansatz may have left the physical particle-number sector
Iter 0143 | Energy: -80.316726 | Delta: 4.54e-02 | M: 9838.6540 | Path: Statevector MPI-distributed (1 ranks)
WARNING: Energy -80.3068 below FCI -75.0124 — HWE ansatz may have left the physical particle-number sector
Iter 0144 | Energy: -80.306767 | Delta: 9.96e-03 | M: 10062.9852 | Path: Statevector MPI-distributed (1 ranks)
WARNING: Energy -80.3274 below FCI -75.0124 — HWE ansatz may have left the physical particle-number sector
Iter 0145 | Energy: -80.327352 | Delta: 2.06e-02 | M: 10144.3021 | Path: Statevector MPI-distributed (1 ranks)
[RESILIENCE] Iteration 145: Global theta state checkpointed at path checkpoints/checkpoint_iter_0145.npy. 
WARNING: Energy -80.2848 below FCI -75.0124 — HWE ansatz may have left the physical particle-number sector
Iter 0146 | Energy: -80.284841 | Delta: 4.25e-02 | M: 9027.6506 | Path: Statevector MPI-distributed (1 ranks)
WARNING: Energy -80.3009 below FCI -75.0124 — HWE ansatz may have left the physical particle-number sector
Iter 0147 | Energy: -80.300880 | Delta: 1.60e-02 | M: 8459.5563 | Path: Statevector MPI-distributed (1 ranks)
WARNING: Energy -80.3462 below FCI -75.0124 — HWE ansatz may have left the physical particle-number sector
Iter 0148 | Energy: -80.346240 | Delta: 4.54e-02 | M: 4969.5513 | Path: Statevector MPI-distributed (1 ranks)
WARNING: Energy -80.3690 below FCI -75.0124 — HWE ansatz may have left the physical particle-number sector
Iter 0149 | Energy: -80.368978 | Delta: 2.27e-02 | M: 9913.7641 | Path: Statevector MPI-distributed (1 ranks)
WARNING: Energy -80.3879 below FCI -75.0124 — HWE ansatz may have left the physical particle-number sector
Iter 0150 | Energy: -80.387877 | Delta: 1.89e-02 | M: 10922.1475 | Path: Statevector MPI-distributed (1 ranks)
[RESILIENCE] Iteration 150: Global theta state checkpointed at path checkpoints/checkpoint_iter_0150.npy. 
WARNING: Energy -80.3387 below FCI -75.0124 — HWE ansatz may have left the physical particle-number sector
Iter 0151 | Energy: -80.338711 | Delta: 4.92e-02 | M: 9823.1680 | Path: Statevector MPI-distributed (1 ranks)
WARNING: Energy -80.3832 below FCI -75.0124 — HWE ansatz may have left the physical particle-number sector
Iter 0152 | Energy: -80.383158 | Delta: 4.44e-02 | M: 9967.2056 | Path: Statevector MPI-distributed (1 ranks)
WARNING: Energy -80.3412 below FCI -75.0124 — HWE ansatz may have left the physical particle-number sector
Iter 0153 | Energy: -80.341245 | Delta: 4.19e-02 | M: 7333.7860 | Path: Statevector MPI-distributed (1 ranks)
WARNING: Energy -80.3896 below FCI -75.0124 — HWE ansatz may have left the physical particle-number sector
Iter 0154 | Energy: -80.389606 | Delta: 4.84e-02 | M: 9752.0000 | Path: Statevector MPI-distributed (1 ranks)
WARNING: Energy -80.3706 below FCI -75.0124 — HWE ansatz may have left the physical particle-number sector
Iter 0155 | Energy: -80.370556 | Delta: 1.90e-02 | M: 9455.4390 | Path: Statevector MPI-distributed (1 ranks)
[RESILIENCE] Iteration 155: Global theta state checkpointed at path checkpoints/checkpoint_iter_0155.npy. 
WARNING: Energy -80.3557 below FCI -75.0124 — HWE ansatz may have left the physical particle-number sector
Iter 0156 | Energy: -80.355654 | Delta: 1.49e-02 | M: 9098.1352 | Path: Statevector MPI-distributed (1 ranks)
WARNING: Energy -80.3582 below FCI -75.0124 — HWE ansatz may have left the physical particle-number sector
Iter 0157 | Energy: -80.358160 | Delta: 2.51e-03 | M: 9198.7552 | Path: Statevector MPI-distributed (1 ranks)
WARNING: Energy -80.3896 below FCI -75.0124 — HWE ansatz may have left the physical particle-number sector
Iter 0158 | Energy: -80.389576 | Delta: 3.14e-02 | M: 9360.4896 | Path: Statevector MPI-distributed (1 ranks)
WARNING: Energy -80.3880 below FCI -75.0124 — HWE ansatz may have left the physical particle-number sector
Iter 0159 | Energy: -80.388017 | Delta: 1.56e-03 | M: 7242.0993 | Path: Statevector MPI-distributed (1 ranks)
WARNING: Energy -80.3971 below FCI -75.0124 — HWE ansatz may have left the physical particle-number sector
Iter 0160 | Energy: -80.397123 | Delta: 9.11e-03 | M: 8866.1490 | Path: Statevector MPI-distributed (1 ranks)
[RESILIENCE] Iteration 160: Global theta state checkpointed at path checkpoints/checkpoint_iter_0160.npy. 
WARNING: Energy -80.4212 below FCI -75.0124 — HWE ansatz may have left the physical particle-number sector
Iter 0161 | Energy: -80.421226 | Delta: 2.41e-02 | M: 8502.2762 | Path: Statevector MPI-distributed (1 ranks)
WARNING: Energy -80.4227 below FCI -75.0124 — HWE ansatz may have left the physical particle-number sector
Iter 0162 | Energy: -80.422655 | Delta: 1.43e-03 | M: 9850.6975 | Path: Statevector MPI-distributed (1 ranks)
WARNING: Energy -80.4100 below FCI -75.0124 — HWE ansatz may have left the physical particle-number sector
Iter 0163 | Energy: -80.410033 | Delta: 1.26e-02 | M: 9757.1521 | Path: Statevector MPI-distributed (1 ranks)
WARNING: Energy -80.4151 below FCI -75.0124 — HWE ansatz may have left the physical particle-number sector
Iter 0164 | Energy: -80.415058 | Delta: 5.02e-03 | M: 9183.0215 | Path: Statevector MPI-distributed (1 ranks)
WARNING: Energy -80.4390 below FCI -75.0124 — HWE ansatz may have left the physical particle-number sector
Iter 0165 | Energy: -80.439009 | Delta: 2.40e-02 | M: 8936.1363 | Path: Statevector MPI-distributed (1 ranks)
[RESILIENCE] Iteration 165: Global theta state checkpointed at path checkpoints/checkpoint_iter_0165.npy. 
WARNING: Energy -80.4627 below FCI -75.0124 — HWE ansatz may have left the physical particle-number sector
Iter 0166 | Energy: -80.462747 | Delta: 2.37e-02 | M: 7259.5174 | Path: Statevector MPI-distributed (1 ranks)
WARNING: Energy -80.4385 below FCI -75.0124 — HWE ansatz may have left the physical particle-number sector
Iter 0167 | Energy: -80.438517 | Delta: 2.42e-02 | M: 10280.2757 | Path: Statevector MPI-distributed (1 ranks)
WARNING: Energy -80.4693 below FCI -75.0124 — HWE ansatz may have left the physical particle-number sector
Iter 0168 | Energy: -80.469264 | Delta: 3.07e-02 | M: 8392.3454 | Path: Statevector MPI-distributed (1 ranks)
WARNING: Energy -80.4232 below FCI -75.0124 — HWE ansatz may have left the physical particle-number sector
Iter 0169 | Energy: -80.423180 | Delta: 4.61e-02 | M: 9677.3178 | Path: Statevector MPI-distributed (1 ranks)
WARNING: Energy -80.4323 below FCI -75.0124 — HWE ansatz may have left the physical particle-number sector
Iter 0170 | Energy: -80.432294 | Delta: 9.11e-03 | M: 9095.6720 | Path: Statevector MPI-distributed (1 ranks)
[RESILIENCE] Iteration 170: Global theta state checkpointed at path checkpoints/checkpoint_iter_0170.npy. 
WARNING: Energy -80.4579 below FCI -75.0124 — HWE ansatz may have left the physical particle-number sector
Iter 0171 | Energy: -80.457889 | Delta: 2.56e-02 | M: 7825.0525 | Path: Statevector MPI-distributed (1 ranks)
WARNING: Energy -80.4543 below FCI -75.0124 — HWE ansatz may have left the physical particle-number sector
Iter 0172 | Energy: -80.454348 | Delta: 3.54e-03 | M: 12207.1685 | Path: Statevector MPI-distributed (1 ranks)
WARNING: Energy -80.4555 below FCI -75.0124 — HWE ansatz may have left the physical particle-number sector
Iter 0173 | Energy: -80.455542 | Delta: 1.19e-03 | M: 9232.1999 | Path: Statevector MPI-distributed (1 ranks)
WARNING: Energy -80.4639 below FCI -75.0124 — HWE ansatz may have left the physical particle-number sector
Iter 0174 | Energy: -80.463910 | Delta: 8.37e-03 | M: 9266.7862 | Path: Statevector MPI-distributed (1 ranks)
WARNING: Energy -80.4964 below FCI -75.0124 — HWE ansatz may have left the physical particle-number sector
Iter 0175 | Energy: -80.496365 | Delta: 3.25e-02 | M: 9478.2768 | Path: Statevector MPI-distributed (1 ranks)
[RESILIENCE] Iteration 175: Global theta state checkpointed at path checkpoints/checkpoint_iter_0175.npy. 
WARNING: Energy -80.4609 below FCI -75.0124 — HWE ansatz may have left the physical particle-number sector
Iter 0176 | Energy: -80.460940 | Delta: 3.54e-02 | M: 7478.6355 | Path: Statevector MPI-distributed (1 ranks)
WARNING: Energy -80.4840 below FCI -75.0124 — HWE ansatz may have left the physical particle-number sector
Iter 0177 | Energy: -80.483970 | Delta: 2.30e-02 | M: 9574.9187 | Path: Statevector MPI-distributed (1 ranks)
WARNING: Energy -80.5219 below FCI -75.0124 — HWE ansatz may have left the physical particle-number sector
Iter 0178 | Energy: -80.521868 | Delta: 3.79e-02 | M: 9131.8819 | Path: Statevector MPI-distributed (1 ranks)
WARNING: Energy -80.5162 below FCI -75.0124 — HWE ansatz may have left the physical particle-number sector
Iter 0179 | Energy: -80.516247 | Delta: 5.62e-03 | M: 10071.4792 | Path: Statevector MPI-distributed (1 ranks)
WARNING: Energy -80.5071 below FCI -75.0124 — HWE ansatz may have left the physical particle-number sector
Iter 0180 | Energy: -80.507069 | Delta: 9.18e-03 | M: 9326.0989 | Path: Statevector MPI-distributed (1 ranks)
[RESILIENCE] Iteration 180: Global theta state checkpointed at path checkpoints/checkpoint_iter_0180.npy. 
WARNING: Energy -80.4992 below FCI -75.0124 — HWE ansatz may have left the physical particle-number sector
Iter 0181 | Energy: -80.499206 | Delta: 7.86e-03 | M: 8959.0214 | Path: Statevector MPI-distributed (1 ranks)
WARNING: Energy -80.5440 below FCI -75.0124 — HWE ansatz may have left the physical particle-number sector
Iter 0182 | Energy: -80.544030 | Delta: 4.48e-02 | M: 9194.4319 | Path: Statevector MPI-distributed (1 ranks)
WARNING: Energy -80.5083 below FCI -75.0124 — HWE ansatz may have left the physical particle-number sector
Iter 0183 | Energy: -80.508266 | Delta: 3.58e-02 | M: 9247.1982 | Path: Statevector MPI-distributed (1 ranks)
WARNING: Energy -80.5306 below FCI -75.0124 — HWE ansatz may have left the physical particle-number sector
Iter 0184 | Energy: -80.530576 | Delta: 2.23e-02 | M: 9312.1522 | Path: Statevector MPI-distributed (1 ranks)
WARNING: Energy -80.5522 below FCI -75.0124 — HWE ansatz may have left the physical particle-number sector
Iter 0185 | Energy: -80.552176 | Delta: 2.16e-02 | M: 9510.1967 | Path: Statevector MPI-distributed (1 ranks)
[RESILIENCE] Iteration 185: Global theta state checkpointed at path checkpoints/checkpoint_iter_0185.npy. 
WARNING: Energy -80.5121 below FCI -75.0124 — HWE ansatz may have left the physical particle-number sector
Iter 0186 | Energy: -80.512071 | Delta: 4.01e-02 | M: 9141.4598 | Path: Statevector MPI-distributed (1 ranks)
WARNING: Energy -80.5102 below FCI -75.0124 — HWE ansatz may have left the physical particle-number sector
Iter 0187 | Energy: -80.510224 | Delta: 1.85e-03 | M: 7386.9225 | Path: Statevector MPI-distributed (1 ranks)
WARNING: Energy -80.5093 below FCI -75.0124 — HWE ansatz may have left the physical particle-number sector
Iter 0188 | Energy: -80.509274 | Delta: 9.50e-04 | M: 9605.0903 | Path: Statevector MPI-distributed (1 ranks)
WARNING: Energy -80.5383 below FCI -75.0124 — HWE ansatz may have left the physical particle-number sector
Iter 0189 | Energy: -80.538263 | Delta: 2.90e-02 | M: 9762.9159 | Path: Statevector MPI-distributed (1 ranks)
WARNING: Energy -80.5415 below FCI -75.0124 — HWE ansatz may have left the physical particle-number sector
Iter 0190 | Energy: -80.541545 | Delta: 3.28e-03 | M: 8557.0226 | Path: Statevector MPI-distributed (1 ranks)
[RESILIENCE] Iteration 190: Global theta state checkpointed at path checkpoints/checkpoint_iter_0190.npy. 
WARNING: Energy -80.5862 below FCI -75.0124 — HWE ansatz may have left the physical particle-number sector
Iter 0191 | Energy: -80.586237 | Delta: 4.47e-02 | M: 8960.7091 | Path: Statevector MPI-distributed (1 ranks)
WARNING: Energy -80.5727 below FCI -75.0124 — HWE ansatz may have left the physical particle-number sector
Iter 0192 | Energy: -80.572676 | Delta: 1.36e-02 | M: 8937.7708 | Path: Statevector MPI-distributed (1 ranks)
WARNING: Energy -80.5520 below FCI -75.0124 — HWE ansatz may have left the physical particle-number sector
Iter 0193 | Energy: -80.551967 | Delta: 2.07e-02 | M: 11727.0847 | Path: Statevector MPI-distributed (1 ranks)
WARNING: Energy -80.5635 below FCI -75.0124 — HWE ansatz may have left the physical particle-number sector
Iter 0194 | Energy: -80.563535 | Delta: 1.16e-02 | M: 9131.5962 | Path: Statevector MPI-distributed (1 ranks)
WARNING: Energy -80.5671 below FCI -75.0124 — HWE ansatz may have left the physical particle-number sector
Iter 0195 | Energy: -80.567147 | Delta: 3.61e-03 | M: 10331.9913 | Path: Statevector MPI-distributed (1 ranks)
[RESILIENCE] Iteration 195: Global theta state checkpointed at path checkpoints/checkpoint_iter_0195.npy. 
WARNING: Energy -80.6100 below FCI -75.0124 — HWE ansatz may have left the physical particle-number sector
Iter 0196 | Energy: -80.609968 | Delta: 4.28e-02 | M: 9896.8188 | Path: Statevector MPI-distributed (1 ranks)
WARNING: Energy -80.5784 below FCI -75.0124 — HWE ansatz may have left the physical particle-number sector
Iter 0197 | Energy: -80.578374 | Delta: 3.16e-02 | M: 8625.3728 | Path: Statevector MPI-distributed (1 ranks)
WARNING: Energy -80.6083 below FCI -75.0124 — HWE ansatz may have left the physical particle-number sector
Iter 0198 | Energy: -80.608292 | Delta: 2.99e-02 | M: 9650.6847 | Path: Statevector MPI-distributed (1 ranks)
WARNING: Energy -80.6056 below FCI -75.0124 — HWE ansatz may have left the physical particle-number sector
Iter 0199 | Energy: -80.605577 | Delta: 2.72e-03 | M: 9873.5153 | Path: Statevector MPI-distributed (1 ranks)
WARNING: Energy -80.5902 below FCI -75.0124 — HWE ansatz may have left the physical particle-number sector
Iter 0200 | Energy: -80.590217 | Delta: 1.54e-02 | M: 8866.4787 | Path: Statevector MPI-distributed (1 ranks)
[RESILIENCE] Iteration 200: Global theta state checkpointed at path checkpoints/checkpoint_iter_0200.npy. 
WARNING: Energy -80.6478 below FCI -75.0124 — HWE ansatz may have left the physical particle-number sector
Iter 0201 | Energy: -80.647763 | Delta: 5.75e-02 | M: 8551.1254 | Path: Statevector MPI-distributed (1 ranks)
WARNING: Energy -80.6290 below FCI -75.0124 — HWE ansatz may have left the physical particle-number sector
Iter 0202 | Energy: -80.628972 | Delta: 1.88e-02 | M: 10370.1178 | Path: Statevector MPI-distributed (1 ranks)
WARNING: Energy -80.6519 below FCI -75.0124 — HWE ansatz may have left the physical particle-number sector
Iter 0203 | Energy: -80.651893 | Delta: 2.29e-02 | M: 9283.5822 | Path: Statevector MPI-distributed (1 ranks)
WARNING: Energy -80.6548 below FCI -75.0124 — HWE ansatz may have left the physical particle-number sector
Iter 0204 | Energy: -80.654803 | Delta: 2.91e-03 | M: 9582.7647 | Path: Statevector MPI-distributed (1 ranks)
WARNING: Energy -80.6329 below FCI -75.0124 — HWE ansatz may have left the physical particle-number sector
Iter 0205 | Energy: -80.632918 | Delta: 2.19e-02 | M: 11065.0712 | Path: Statevector MPI-distributed (1 ranks)
[RESILIENCE] Iteration 205: Global theta state checkpointed at path checkpoints/checkpoint_iter_0205.npy. 
WARNING: Energy -80.6591 below FCI -75.0124 — HWE ansatz may have left the physical particle-number sector
Iter 0206 | Energy: -80.659100 | Delta: 2.62e-02 | M: 8996.5328 | Path: Statevector MPI-distributed (1 ranks)
WARNING: Energy -80.6370 below FCI -75.0124 — HWE ansatz may have left the physical particle-number sector
Iter 0207 | Energy: -80.637039 | Delta: 2.21e-02 | M: 9551.2262 | Path: Statevector MPI-distributed (1 ranks)
WARNING: Energy -80.6568 below FCI -75.0124 — HWE ansatz may have left the physical particle-number sector
Iter 0208 | Energy: -80.656822 | Delta: 1.98e-02 | M: 9897.8330 | Path: Statevector MPI-distributed (1 ranks)
WARNING: Energy -80.6429 below FCI -75.0124 — HWE ansatz may have left the physical particle-number sector
Iter 0209 | Energy: -80.642933 | Delta: 1.39e-02 | M: 7436.2405 | Path: Statevector MPI-distributed (1 ranks)
WARNING: Energy -80.6721 below FCI -75.0124 — HWE ansatz may have left the physical particle-number sector
Iter 0210 | Energy: -80.672070 | Delta: 2.91e-02 | M: 8819.7886 | Path: Statevector MPI-distributed (1 ranks)
[RESILIENCE] Iteration 210: Global theta state checkpointed at path checkpoints/checkpoint_iter_0210.npy. 
WARNING: Energy -80.6892 below FCI -75.0124 — HWE ansatz may have left the physical particle-number sector
Iter 0211 | Energy: -80.689155 | Delta: 1.71e-02 | M: 7016.4369 | Path: Statevector MPI-distributed (1 ranks)
WARNING: Energy -80.6477 below FCI -75.0124 — HWE ansatz may have left the physical particle-number sector
Iter 0212 | Energy: -80.647704 | Delta: 4.15e-02 | M: 10836.4590 | Path: Statevector MPI-distributed (1 ranks)
WARNING: Energy -80.6265 below FCI -75.0124 — HWE ansatz may have left the physical particle-number sector
Iter 0213 | Energy: -80.626519 | Delta: 2.12e-02 | M: 9789.2172 | Path: Statevector MPI-distributed (1 ranks)
WARNING: Energy -80.6445 below FCI -75.0124 — HWE ansatz may have left the physical particle-number sector
Iter 0214 | Energy: -80.644540 | Delta: 1.80e-02 | M: 8589.0876 | Path: Statevector MPI-distributed (1 ranks)
WARNING: Energy -80.6832 below FCI -75.0124 — HWE ansatz may have left the physical particle-number sector
Iter 0215 | Energy: -80.683164 | Delta: 3.86e-02 | M: 9811.3733 | Path: Statevector MPI-distributed (1 ranks)
[RESILIENCE] Iteration 215: Global theta state checkpointed at path checkpoints/checkpoint_iter_0215.npy. 
WARNING: Energy -80.6713 below FCI -75.0124 — HWE ansatz may have left the physical particle-number sector
Iter 0216 | Energy: -80.671263 | Delta: 1.19e-02 | M: 9022.4381 | Path: Statevector MPI-distributed (1 ranks)
WARNING: Energy -80.6881 below FCI -75.0124 — HWE ansatz may have left the physical particle-number sector
Iter 0217 | Energy: -80.688099 | Delta: 1.68e-02 | M: 9287.2788 | Path: Statevector MPI-distributed (1 ranks)
WARNING: Energy -80.6896 below FCI -75.0124 — HWE ansatz may have left the physical particle-number sector
Iter 0218 | Energy: -80.689551 | Delta: 1.45e-03 | M: 9441.5543 | Path: Statevector MPI-distributed (1 ranks)
WARNING: Energy -80.6855 below FCI -75.0124 — HWE ansatz may have left the physical particle-number sector
Iter 0219 | Energy: -80.685468 | Delta: 4.08e-03 | M: 9117.4626 | Path: Statevector MPI-distributed (1 ranks)
WARNING: Energy -80.6857 below FCI -75.0124 — HWE ansatz may have left the physical particle-number sector
Iter 0220 | Energy: -80.685656 | Delta: 1.88e-04 | M: 9338.5854 | Path: Statevector MPI-distributed (1 ranks)
[RESILIENCE] Iteration 220: Global theta state checkpointed at path checkpoints/checkpoint_iter_0220.npy. 
WARNING: Energy -80.6769 below FCI -75.0124 — HWE ansatz may have left the physical particle-number sector
Iter 0221 | Energy: -80.676891 | Delta: 8.77e-03 | M: 9650.0722 | Path: Statevector MPI-distributed (1 ranks)
WARNING: Energy -80.7224 below FCI -75.0124 — HWE ansatz may have left the physical particle-number sector
Iter 0222 | Energy: -80.722404 | Delta: 4.55e-02 | M: 9327.2005 | Path: Statevector MPI-distributed (1 ranks)
WARNING: Energy -80.7335 below FCI -75.0124 — HWE ansatz may have left the physical particle-number sector
Iter 0223 | Energy: -80.733532 | Delta: 1.11e-02 | M: 9482.5516 | Path: Statevector MPI-distributed (1 ranks)
WARNING: Energy -80.7056 below FCI -75.0124 — HWE ansatz may have left the physical particle-number sector
Iter 0224 | Energy: -80.705569 | Delta: 2.80e-02 | M: 8920.6985 | Path: Statevector MPI-distributed (1 ranks)
WARNING: Energy -80.7293 below FCI -75.0124 — HWE ansatz may have left the physical particle-number sector
Iter 0225 | Energy: -80.729304 | Delta: 2.37e-02 | M: 9656.2490 | Path: Statevector MPI-distributed (1 ranks)
[RESILIENCE] Iteration 225: Global theta state checkpointed at path checkpoints/checkpoint_iter_0225.npy. 
WARNING: Energy -80.7458 below FCI -75.0124 — HWE ansatz may have left the physical particle-number sector
Iter 0226 | Energy: -80.745783 | Delta: 1.65e-02 | M: 11193.8427 | Path: Statevector MPI-distributed (1 ranks)
WARNING: Energy -80.7308 below FCI -75.0124 — HWE ansatz may have left the physical particle-number sector
Iter 0227 | Energy: -80.730780 | Delta: 1.50e-02 | M: 9361.0213 | Path: Statevector MPI-distributed (1 ranks)
WARNING: Energy -80.7590 below FCI -75.0124 — HWE ansatz may have left the physical particle-number sector
Iter 0228 | Energy: -80.759042 | Delta: 2.83e-02 | M: 9701.1784 | Path: Statevector MPI-distributed (1 ranks)
WARNING: Energy -80.7290 below FCI -75.0124 — HWE ansatz may have left the physical particle-number sector
Iter 0229 | Energy: -80.729030 | Delta: 3.00e-02 | M: 8850.0701 | Path: Statevector MPI-distributed (1 ranks)
WARNING: Energy -80.7189 below FCI -75.0124 — HWE ansatz may have left the physical particle-number sector
Iter 0230 | Energy: -80.718861 | Delta: 1.02e-02 | M: 9010.3225 | Path: Statevector MPI-distributed (1 ranks)
[RESILIENCE] Iteration 230: Global theta state checkpointed at path checkpoints/checkpoint_iter_0230.npy. 
WARNING: Energy -80.7847 below FCI -75.0124 — HWE ansatz may have left the physical particle-number sector
Iter 0231 | Energy: -80.784720 | Delta: 6.59e-02 | M: 9461.6416 | Path: Statevector MPI-distributed (1 ranks)
WARNING: Energy -80.7380 below FCI -75.0124 — HWE ansatz may have left the physical particle-number sector
Iter 0232 | Energy: -80.738026 | Delta: 4.67e-02 | M: 9053.7798 | Path: Statevector MPI-distributed (1 ranks)
WARNING: Energy -80.7647 below FCI -75.0124 — HWE ansatz may have left the physical particle-number sector
Iter 0233 | Energy: -80.764655 | Delta: 2.66e-02 | M: 9087.8805 | Path: Statevector MPI-distributed (1 ranks)
WARNING: Energy -80.7795 below FCI -75.0124 — HWE ansatz may have left the physical particle-number sector
Iter 0234 | Energy: -80.779459 | Delta: 1.48e-02 | M: 8953.9064 | Path: Statevector MPI-distributed (1 ranks)
WARNING: Energy -80.7556 below FCI -75.0124 — HWE ansatz may have left the physical particle-number sector
Iter 0235 | Energy: -80.755553 | Delta: 2.39e-02 | M: 10374.9312 | Path: Statevector MPI-distributed (1 ranks)
[RESILIENCE] Iteration 235: Global theta state checkpointed at path checkpoints/checkpoint_iter_0235.npy. 
WARNING: Energy -80.7580 below FCI -75.0124 — HWE ansatz may have left the physical particle-number sector
Iter 0236 | Energy: -80.758006 | Delta: 2.45e-03 | M: 9313.8261 | Path: Statevector MPI-distributed (1 ranks)
WARNING: Energy -80.7797 below FCI -75.0124 — HWE ansatz may have left the physical particle-number sector
Iter 0237 | Energy: -80.779686 | Delta: 2.17e-02 | M: 11935.6277 | Path: Statevector MPI-distributed (1 ranks)
WARNING: Energy -80.8062 below FCI -75.0124 — HWE ansatz may have left the physical particle-number sector
Iter 0238 | Energy: -80.806154 | Delta: 2.65e-02 | M: 10025.6432 | Path: Statevector MPI-distributed (1 ranks)
WARNING: Energy -80.8029 below FCI -75.0124 — HWE ansatz may have left the physical particle-number sector
Iter 0239 | Energy: -80.802906 | Delta: 3.25e-03 | M: 10248.5517 | Path: Statevector MPI-distributed (1 ranks)
WARNING: Energy -80.7748 below FCI -75.0124 — HWE ansatz may have left the physical particle-number sector
Iter 0240 | Energy: -80.774840 | Delta: 2.81e-02 | M: 7366.2422 | Path: Statevector MPI-distributed (1 ranks)
[RESILIENCE] Iteration 240: Global theta state checkpointed at path checkpoints/checkpoint_iter_0240.npy. 
WARNING: Energy -80.8022 below FCI -75.0124 — HWE ansatz may have left the physical particle-number sector
Iter 0241 | Energy: -80.802179 | Delta: 2.73e-02 | M: 8952.9050 | Path: Statevector MPI-distributed (1 ranks)
WARNING: Energy -80.8385 below FCI -75.0124 — HWE ansatz may have left the physical particle-number sector
Iter 0242 | Energy: -80.838525 | Delta: 3.63e-02 | M: 9578.3396 | Path: Statevector MPI-distributed (1 ranks)
WARNING: Energy -80.8190 below FCI -75.0124 — HWE ansatz may have left the physical particle-number sector
Iter 0243 | Energy: -80.819025 | Delta: 1.95e-02 | M: 8556.3749 | Path: Statevector MPI-distributed (1 ranks)
WARNING: Energy -80.8603 below FCI -75.0124 — HWE ansatz may have left the physical particle-number sector
Iter 0244 | Energy: -80.860310 | Delta: 4.13e-02 | M: 12499.0891 | Path: Statevector MPI-distributed (1 ranks)
WARNING: Energy -80.8539 below FCI -75.0124 — HWE ansatz may have left the physical particle-number sector
Iter 0245 | Energy: -80.853851 | Delta: 6.46e-03 | M: 7442.3120 | Path: Statevector MPI-distributed (1 ranks)
[RESILIENCE] Iteration 245: Global theta state checkpointed at path checkpoints/checkpoint_iter_0245.npy. 
WARNING: Energy -80.8137 below FCI -75.0124 — HWE ansatz may have left the physical particle-number sector
Iter 0246 | Energy: -80.813697 | Delta: 4.02e-02 | M: 10090.2932 | Path: Statevector MPI-distributed (1 ranks)
WARNING: Energy -80.8512 below FCI -75.0124 — HWE ansatz may have left the physical particle-number sector
Iter 0247 | Energy: -80.851196 | Delta: 3.75e-02 | M: 10223.6501 | Path: Statevector MPI-distributed (1 ranks)
WARNING: Energy -80.8666 below FCI -75.0124 — HWE ansatz may have left the physical particle-number sector
Iter 0248 | Energy: -80.866643 | Delta: 1.54e-02 | M: 10288.0612 | Path: Statevector MPI-distributed (1 ranks)
WARNING: Energy -80.8520 below FCI -75.0124 — HWE ansatz may have left the physical particle-number sector
Iter 0249 | Energy: -80.851986 | Delta: 1.47e-02 | M: 9846.3264 | Path: Statevector MPI-distributed (1 ranks)
WARNING: Energy -80.8644 below FCI -75.0124 — HWE ansatz may have left the physical particle-number sector
Iter 0250 | Energy: -80.864387 | Delta: 1.24e-02 | M: 8354.0392 | Path: Statevector MPI-distributed (1 ranks)
[RESILIENCE] Iteration 250: Global theta state checkpointed at path checkpoints/checkpoint_iter_0250.npy. 
WARNING: Energy -80.8782 below FCI -75.0124 — HWE ansatz may have left the physical particle-number sector
Iter 0251 | Energy: -80.878206 | Delta: 1.38e-02 | M: 9986.6192 | Path: Statevector MPI-distributed (1 ranks)
WARNING: Energy -80.8683 below FCI -75.0124 — HWE ansatz may have left the physical particle-number sector
Iter 0252 | Energy: -80.868277 | Delta: 9.93e-03 | M: 9015.2948 | Path: Statevector MPI-distributed (1 ranks)
WARNING: Energy -80.9220 below FCI -75.0124 — HWE ansatz may have left the physical particle-number sector
Iter 0253 | Energy: -80.921971 | Delta: 5.37e-02 | M: 9618.8458 | Path: Statevector MPI-distributed (1 ranks)
WARNING: Energy -80.9266 below FCI -75.0124 — HWE ansatz may have left the physical particle-number sector
Iter 0254 | Energy: -80.926561 | Delta: 4.59e-03 | M: 9147.0295 | Path: Statevector MPI-distributed (1 ranks)
WARNING: Energy -80.9387 below FCI -75.0124 — HWE ansatz may have left the physical particle-number sector
Iter 0255 | Energy: -80.938655 | Delta: 1.21e-02 | M: 9283.9556 | Path: Statevector MPI-distributed (1 ranks)
[RESILIENCE] Iteration 255: Global theta state checkpointed at path checkpoints/checkpoint_iter_0255.npy. 
WARNING: Energy -80.9276 below FCI -75.0124 — HWE ansatz may have left the physical particle-number sector
Iter 0256 | Energy: -80.927560 | Delta: 1.11e-02 | M: 9873.3921 | Path: Statevector MPI-distributed (1 ranks)
WARNING: Energy -80.9160 below FCI -75.0124 — HWE ansatz may have left the physical particle-number sector
Iter 0257 | Energy: -80.915965 | Delta: 1.16e-02 | M: 11255.3484 | Path: Statevector MPI-distributed (1 ranks)
WARNING: Energy -80.9430 below FCI -75.0124 — HWE ansatz may have left the physical particle-number sector
Iter 0258 | Energy: -80.943009 | Delta: 2.70e-02 | M: 10110.1924 | Path: Statevector MPI-distributed (1 ranks)
WARNING: Energy -80.9031 below FCI -75.0124 — HWE ansatz may have left the physical particle-number sector
Iter 0259 | Energy: -80.903101 | Delta: 3.99e-02 | M: 9483.1433 | Path: Statevector MPI-distributed (1 ranks)
WARNING: Energy -80.9379 below FCI -75.0124 — HWE ansatz may have left the physical particle-number sector
Iter 0260 | Energy: -80.937921 | Delta: 3.48e-02 | M: 9002.8932 | Path: Statevector MPI-distributed (1 ranks)
[RESILIENCE] Iteration 260: Global theta state checkpointed at path checkpoints/checkpoint_iter_0260.npy. 
WARNING: Energy -80.9361 below FCI -75.0124 — HWE ansatz may have left the physical particle-number sector
Iter 0261 | Energy: -80.936110 | Delta: 1.81e-03 | M: 9687.8883 | Path: Statevector MPI-distributed (1 ranks)
WARNING: Energy -80.9458 below FCI -75.0124 — HWE ansatz may have left the physical particle-number sector
Iter 0262 | Energy: -80.945835 | Delta: 9.73e-03 | M: 8556.1098 | Path: Statevector MPI-distributed (1 ranks)
WARNING: Energy -80.9510 below FCI -75.0124 — HWE ansatz may have left the physical particle-number sector
Iter 0263 | Energy: -80.951001 | Delta: 5.17e-03 | M: 9336.5436 | Path: Statevector MPI-distributed (1 ranks)
WARNING: Energy -80.9474 below FCI -75.0124 — HWE ansatz may have left the physical particle-number sector
Iter 0264 | Energy: -80.947426 | Delta: 3.57e-03 | M: 9834.3901 | Path: Statevector MPI-distributed (1 ranks)
WARNING: Energy -80.9186 below FCI -75.0124 — HWE ansatz may have left the physical particle-number sector
Iter 0265 | Energy: -80.918585 | Delta: 2.88e-02 | M: 9128.6667 | Path: Statevector MPI-distributed (1 ranks)
[RESILIENCE] Iteration 265: Global theta state checkpointed at path checkpoints/checkpoint_iter_0265.npy. 
WARNING: Energy -80.9413 below FCI -75.0124 — HWE ansatz may have left the physical particle-number sector
Iter 0266 | Energy: -80.941328 | Delta: 2.27e-02 | M: 7574.1621 | Path: Statevector MPI-distributed (1 ranks)
WARNING: Energy -80.9188 below FCI -75.0124 — HWE ansatz may have left the physical particle-number sector
Iter 0267 | Energy: -80.918789 | Delta: 2.25e-02 | M: 9953.2639 | Path: Statevector MPI-distributed (1 ranks)
WARNING: Energy -80.9549 below FCI -75.0124 — HWE ansatz may have left the physical particle-number sector
Iter 0268 | Energy: -80.954906 | Delta: 3.61e-02 | M: 9281.3675 | Path: Statevector MPI-distributed (1 ranks)
WARNING: Energy -80.9248 below FCI -75.0124 — HWE ansatz may have left the physical particle-number sector
Iter 0269 | Energy: -80.924840 | Delta: 3.01e-02 | M: 9415.2800 | Path: Statevector MPI-distributed (1 ranks)
WARNING: Energy -80.9249 below FCI -75.0124 — HWE ansatz may have left the physical particle-number sector
Iter 0270 | Energy: -80.924910 | Delta: 7.08e-05 | M: 9562.0449 | Path: Statevector MPI-distributed (1 ranks)
[RESILIENCE] Iteration 270: Global theta state checkpointed at path checkpoints/checkpoint_iter_0270.npy. 
WARNING: Energy -80.9457 below FCI -75.0124 — HWE ansatz may have left the physical particle-number sector
Iter 0271 | Energy: -80.945711 | Delta: 2.08e-02 | M: 10067.2578 | Path: Statevector MPI-distributed (1 ranks)
WARNING: Energy -80.9726 below FCI -75.0124 — HWE ansatz may have left the physical particle-number sector
Iter 0272 | Energy: -80.972555 | Delta: 2.68e-02 | M: 9303.7933 | Path: Statevector MPI-distributed (1 ranks)
WARNING: Energy -81.0136 below FCI -75.0124 — HWE ansatz may have left the physical particle-number sector
Iter 0273 | Energy: -81.013570 | Delta: 4.10e-02 | M: 9281.7594 | Path: Statevector MPI-distributed (1 ranks)
WARNING: Energy -80.9804 below FCI -75.0124 — HWE ansatz may have left the physical particle-number sector
Iter 0274 | Energy: -80.980377 | Delta: 3.32e-02 | M: 10479.2107 | Path: Statevector MPI-distributed (1 ranks)
WARNING: Energy -81.0149 below FCI -75.0124 — HWE ansatz may have left the physical particle-number sector
Iter 0275 | Energy: -81.014901 | Delta: 3.45e-02 | M: 9309.8766 | Path: Statevector MPI-distributed (1 ranks)
[RESILIENCE] Iteration 275: Global theta state checkpointed at path checkpoints/checkpoint_iter_0275.npy. 
WARNING: Energy -81.0164 below FCI -75.0124 — HWE ansatz may have left the physical particle-number sector
Iter 0276 | Energy: -81.016419 | Delta: 1.52e-03 | M: 9205.7616 | Path: Statevector MPI-distributed (1 ranks)
WARNING: Energy -81.0170 below FCI -75.0124 — HWE ansatz may have left the physical particle-number sector
Iter 0277 | Energy: -81.017006 | Delta: 5.86e-04 | M: 8723.5733 | Path: Statevector MPI-distributed (1 ranks)
WARNING: Energy -81.0197 below FCI -75.0124 — HWE ansatz may have left the physical particle-number sector
Iter 0278 | Energy: -81.019707 | Delta: 2.70e-03 | M: 9808.0441 | Path: Statevector MPI-distributed (1 ranks)
WARNING: Energy -81.0001 below FCI -75.0124 — HWE ansatz may have left the physical particle-number sector
Iter 0279 | Energy: -81.000137 | Delta: 1.96e-02 | M: 9927.2029 | Path: Statevector MPI-distributed (1 ranks)
WARNING: Energy -81.0185 below FCI -75.0124 — HWE ansatz may have left the physical particle-number sector
Iter 0280 | Energy: -81.018469 | Delta: 1.83e-02 | M: 9200.8248 | Path: Statevector MPI-distributed (1 ranks)
[RESILIENCE] Iteration 280: Global theta state checkpointed at path checkpoints/checkpoint_iter_0280.npy. 
WARNING: Energy -80.9975 below FCI -75.0124 — HWE ansatz may have left the physical particle-number sector
Iter 0281 | Energy: -80.997532 | Delta: 2.09e-02 | M: 7830.2593 | Path: Statevector MPI-distributed (1 ranks)
WARNING: Energy -81.0573 below FCI -75.0124 — HWE ansatz may have left the physical particle-number sector
Iter 0282 | Energy: -81.057265 | Delta: 5.97e-02 | M: 9492.5769 | Path: Statevector MPI-distributed (1 ranks)
WARNING: Energy -81.0452 below FCI -75.0124 — HWE ansatz may have left the physical particle-number sector
Iter 0283 | Energy: -81.045204 | Delta: 1.21e-02 | M: 9429.9599 | Path: Statevector MPI-distributed (1 ranks)
WARNING: Energy -81.0181 below FCI -75.0124 — HWE ansatz may have left the physical particle-number sector
Iter 0284 | Energy: -81.018055 | Delta: 2.71e-02 | M: 8918.2996 | Path: Statevector MPI-distributed (1 ranks)
WARNING: Energy -81.0336 below FCI -75.0124 — HWE ansatz may have left the physical particle-number sector
Iter 0285 | Energy: -81.033643 | Delta: 1.56e-02 | M: 10662.0030 | Path: Statevector MPI-distributed (1 ranks)
[RESILIENCE] Iteration 285: Global theta state checkpointed at path checkpoints/checkpoint_iter_0285.npy. 
WARNING: Energy -81.0226 below FCI -75.0124 — HWE ansatz may have left the physical particle-number sector
Iter 0286 | Energy: -81.022637 | Delta: 1.10e-02 | M: 8707.7659 | Path: Statevector MPI-distributed (1 ranks)
WARNING: Energy -81.0775 below FCI -75.0124 — HWE ansatz may have left the physical particle-number sector
Iter 0287 | Energy: -81.077530 | Delta: 5.49e-02 | M: 9340.1484 | Path: Statevector MPI-distributed (1 ranks)
WARNING: Energy -81.0590 below FCI -75.0124 — HWE ansatz may have left the physical particle-number sector
Iter 0288 | Energy: -81.058955 | Delta: 1.86e-02 | M: 8689.9387 | Path: Statevector MPI-distributed (1 ranks)
WARNING: Energy -81.0846 below FCI -75.0124 — HWE ansatz may have left the physical particle-number sector
Iter 0289 | Energy: -81.084600 | Delta: 2.56e-02 | M: 10046.8499 | Path: Statevector MPI-distributed (1 ranks)
WARNING: Energy -81.0559 below FCI -75.0124 — HWE ansatz may have left the physical particle-number sector
Iter 0290 | Energy: -81.055879 | Delta: 2.87e-02 | M: 9144.8839 | Path: Statevector MPI-distributed (1 ranks)
[RESILIENCE] Iteration 290: Global theta state checkpointed at path checkpoints/checkpoint_iter_0290.npy. 
WARNING: Energy -81.0752 below FCI -75.0124 — HWE ansatz may have left the physical particle-number sector
Iter 0291 | Energy: -81.075182 | Delta: 1.93e-02 | M: 6668.2945 | Path: Statevector MPI-distributed (1 ranks)
WARNING: Energy -81.0786 below FCI -75.0124 — HWE ansatz may have left the physical particle-number sector
Iter 0292 | Energy: -81.078624 | Delta: 3.44e-03 | M: 10278.0735 | Path: Statevector MPI-distributed (1 ranks)
WARNING: Energy -81.0946 below FCI -75.0124 — HWE ansatz may have left the physical particle-number sector
Iter 0293 | Energy: -81.094593 | Delta: 1.60e-02 | M: 9389.0385 | Path: Statevector MPI-distributed (1 ranks)
WARNING: Energy -81.0842 below FCI -75.0124 — HWE ansatz may have left the physical particle-number sector
Iter 0294 | Energy: -81.084176 | Delta: 1.04e-02 | M: 10651.1600 | Path: Statevector MPI-distributed (1 ranks)
WARNING: Energy -81.0951 below FCI -75.0124 — HWE ansatz may have left the physical particle-number sector
Iter 0295 | Energy: -81.095121 | Delta: 1.09e-02 | M: 9301.6848 | Path: Statevector MPI-distributed (1 ranks)
[RESILIENCE] Iteration 295: Global theta state checkpointed at path checkpoints/checkpoint_iter_0295.npy. 
WARNING: Energy -81.0861 below FCI -75.0124 — HWE ansatz may have left the physical particle-number sector
Iter 0296 | Energy: -81.086118 | Delta: 9.00e-03 | M: 8822.4473 | Path: Statevector MPI-distributed (1 ranks)
WARNING: Energy -81.0623 below FCI -75.0124 — HWE ansatz may have left the physical particle-number sector
Iter 0297 | Energy: -81.062304 | Delta: 2.38e-02 | M: 9209.9503 | Path: Statevector MPI-distributed (1 ranks)
WARNING: Energy -81.0839 below FCI -75.0124 — HWE ansatz may have left the physical particle-number sector
Iter 0298 | Energy: -81.083906 | Delta: 2.16e-02 | M: 9339.2023 | Path: Statevector MPI-distributed (1 ranks)
WARNING: Energy -81.1336 below FCI -75.0124 — HWE ansatz may have left the physical particle-number sector
Iter 0299 | Energy: -81.133637 | Delta: 4.97e-02 | M: 8242.8763 | Path: Statevector MPI-distributed (1 ranks)
WARNING: Energy -81.1222 below FCI -75.0124 — HWE ansatz may have left the physical particle-number sector
Iter 0300 | Energy: -81.122214 | Delta: 1.14e-02 | M: 8465.0552 | Path: Statevector MPI-distributed (1 ranks)
[RESILIENCE] Iteration 300: Global theta state checkpointed at path checkpoints/checkpoint_iter_0300.npy. 
WARNING: Energy -81.1320 below FCI -75.0124 — HWE ansatz may have left the physical particle-number sector
Iter 0301 | Energy: -81.131999 | Delta: 9.78e-03 | M: 9042.5352 | Path: Statevector MPI-distributed (1 ranks)
WARNING: Energy -81.0988 below FCI -75.0124 — HWE ansatz may have left the physical particle-number sector
Iter 0302 | Energy: -81.098768 | Delta: 3.32e-02 | M: 8718.6909 | Path: Statevector MPI-distributed (1 ranks)
WARNING: Energy -81.0987 below FCI -75.0124 — HWE ansatz may have left the physical particle-number sector
Iter 0303 | Energy: -81.098720 | Delta: 4.74e-05 | M: 10297.9991 | Path: Statevector MPI-distributed (1 ranks)
WARNING: Energy -81.1320 below FCI -75.0124 — HWE ansatz may have left the physical particle-number sector
Iter 0304 | Energy: -81.132005 | Delta: 3.33e-02 | M: 8795.2317 | Path: Statevector MPI-distributed (1 ranks)
WARNING: Energy -81.1542 below FCI -75.0124 — HWE ansatz may have left the physical particle-number sector
Iter 0305 | Energy: -81.154180 | Delta: 2.22e-02 | M: 9381.8922 | Path: Statevector MPI-distributed (1 ranks)
[RESILIENCE] Iteration 305: Global theta state checkpointed at path checkpoints/checkpoint_iter_0305.npy. 
WARNING: Energy -81.1760 below FCI -75.0124 — HWE ansatz may have left the physical particle-number sector
Iter 0306 | Energy: -81.176009 | Delta: 2.18e-02 | M: 10315.5355 | Path: Statevector MPI-distributed (1 ranks)
WARNING: Energy -81.1670 below FCI -75.0124 — HWE ansatz may have left the physical particle-number sector
Iter 0307 | Energy: -81.166992 | Delta: 9.02e-03 | M: 9064.7520 | Path: Statevector MPI-distributed (1 ranks)
WARNING: Energy -81.1547 below FCI -75.0124 — HWE ansatz may have left the physical particle-number sector
Iter 0308 | Energy: -81.154663 | Delta: 1.23e-02 | M: 8613.3184 | Path: Statevector MPI-distributed (1 ranks)
WARNING: Energy -81.1753 below FCI -75.0124 — HWE ansatz may have left the physical particle-number sector
Iter 0309 | Energy: -81.175299 | Delta: 2.06e-02 | M: 8793.5848 | Path: Statevector MPI-distributed (1 ranks)
WARNING: Energy -81.1775 below FCI -75.0124 — HWE ansatz may have left the physical particle-number sector
Iter 0310 | Energy: -81.177462 | Delta: 2.16e-03 | M: 9621.4607 | Path: Statevector MPI-distributed (1 ranks)
[RESILIENCE] Iteration 310: Global theta state checkpointed at path checkpoints/checkpoint_iter_0310.npy. 
WARNING: Energy -81.1882 below FCI -75.0124 — HWE ansatz may have left the physical particle-number sector
Iter 0311 | Energy: -81.188205 | Delta: 1.07e-02 | M: 9161.7741 | Path: Statevector MPI-distributed (1 ranks)
WARNING: Energy -81.1610 below FCI -75.0124 — HWE ansatz may have left the physical particle-number sector
Iter 0312 | Energy: -81.161012 | Delta: 2.72e-02 | M: 9190.9114 | Path: Statevector MPI-distributed (1 ranks)
WARNING: Energy -81.2005 below FCI -75.0124 — HWE ansatz may have left the physical particle-number sector
Iter 0313 | Energy: -81.200520 | Delta: 3.95e-02 | M: 9490.6055 | Path: Statevector MPI-distributed (1 ranks)
WARNING: Energy -81.1838 below FCI -75.0124 — HWE ansatz may have left the physical particle-number sector
Iter 0314 | Energy: -81.183837 | Delta: 1.67e-02 | M: 9630.4648 | Path: Statevector MPI-distributed (1 ranks)
WARNING: Energy -81.1967 below FCI -75.0124 — HWE ansatz may have left the physical particle-number sector
Iter 0315 | Energy: -81.196692 | Delta: 1.29e-02 | M: 8985.4365 | Path: Statevector MPI-distributed (1 ranks)
[RESILIENCE] Iteration 315: Global theta state checkpointed at path checkpoints/checkpoint_iter_0315.npy. 
WARNING: Energy -81.1739 below FCI -75.0124 — HWE ansatz may have left the physical particle-number sector
Iter 0316 | Energy: -81.173901 | Delta: 2.28e-02 | M: 10783.1434 | Path: Statevector MPI-distributed (1 ranks)
WARNING: Energy -81.1669 below FCI -75.0124 — HWE ansatz may have left the physical particle-number sector
Iter 0317 | Energy: -81.166926 | Delta: 6.98e-03 | M: 6994.8800 | Path: Statevector MPI-distributed (1 ranks)
WARNING: Energy -81.2184 below FCI -75.0124 — HWE ansatz may have left the physical particle-number sector
Iter 0318 | Energy: -81.218416 | Delta: 5.15e-02 | M: 9088.5927 | Path: Statevector MPI-distributed (1 ranks)
WARNING: Energy -81.2323 below FCI -75.0124 — HWE ansatz may have left the physical particle-number sector
Iter 0319 | Energy: -81.232275 | Delta: 1.39e-02 | M: 8927.6545 | Path: Statevector MPI-distributed (1 ranks)
WARNING: Energy -81.1982 below FCI -75.0124 — HWE ansatz may have left the physical particle-number sector
Iter 0320 | Energy: -81.198216 | Delta: 3.41e-02 | M: 9016.3699 | Path: Statevector MPI-distributed (1 ranks)
[RESILIENCE] Iteration 320: Global theta state checkpointed at path checkpoints/checkpoint_iter_0320.npy. 
WARNING: Energy -81.2279 below FCI -75.0124 — HWE ansatz may have left the physical particle-number sector
Iter 0321 | Energy: -81.227898 | Delta: 2.97e-02 | M: 8804.7750 | Path: Statevector MPI-distributed (1 ranks)
WARNING: Energy -81.2056 below FCI -75.0124 — HWE ansatz may have left the physical particle-number sector
Iter 0322 | Energy: -81.205590 | Delta: 2.23e-02 | M: 8814.0120 | Path: Statevector MPI-distributed (1 ranks)
WARNING: Energy -81.2390 below FCI -75.0124 — HWE ansatz may have left the physical particle-number sector
Iter 0323 | Energy: -81.238951 | Delta: 3.34e-02 | M: 8729.8217 | Path: Statevector MPI-distributed (1 ranks)
WARNING: Energy -81.2455 below FCI -75.0124 — HWE ansatz may have left the physical particle-number sector
Iter 0324 | Energy: -81.245521 | Delta: 6.57e-03 | M: 8350.2501 | Path: Statevector MPI-distributed (1 ranks)
WARNING: Energy -81.2081 below FCI -75.0124 — HWE ansatz may have left the physical particle-number sector
Iter 0325 | Energy: -81.208051 | Delta: 3.75e-02 | M: 15708.0591 | Path: Statevector MPI-distributed (1 ranks)
[RESILIENCE] Iteration 325: Global theta state checkpointed at path checkpoints/checkpoint_iter_0325.npy. 
WARNING: Energy -81.2328 below FCI -75.0124 — HWE ansatz may have left the physical particle-number sector
Iter 0326 | Energy: -81.232786 | Delta: 2.47e-02 | M: 10091.8820 | Path: Statevector MPI-distributed (1 ranks)
WARNING: Energy -81.2299 below FCI -75.0124 — HWE ansatz may have left the physical particle-number sector
Iter 0327 | Energy: -81.229898 | Delta: 2.89e-03 | M: 9975.9676 | Path: Statevector MPI-distributed (1 ranks)
WARNING: Energy -81.2497 below FCI -75.0124 — HWE ansatz may have left the physical particle-number sector
Iter 0328 | Energy: -81.249736 | Delta: 1.98e-02 | M: 9053.7295 | Path: Statevector MPI-distributed (1 ranks)
WARNING: Energy -81.2328 below FCI -75.0124 — HWE ansatz may have left the physical particle-number sector
Iter 0329 | Energy: -81.232758 | Delta: 1.70e-02 | M: 9820.1888 | Path: Statevector MPI-distributed (1 ranks)
WARNING: Energy -81.2579 below FCI -75.0124 — HWE ansatz may have left the physical particle-number sector
Iter 0330 | Energy: -81.257943 | Delta: 2.52e-02 | M: 8656.7907 | Path: Statevector MPI-distributed (1 ranks)
[RESILIENCE] Iteration 330: Global theta state checkpointed at path checkpoints/checkpoint_iter_0330.npy. 
WARNING: Energy -81.2814 below FCI -75.0124 — HWE ansatz may have left the physical particle-number sector
Iter 0331 | Energy: -81.281381 | Delta: 2.34e-02 | M: 10219.6672 | Path: Statevector MPI-distributed (1 ranks)
WARNING: Energy -81.2404 below FCI -75.0124 — HWE ansatz may have left the physical particle-number sector
Iter 0332 | Energy: -81.240403 | Delta: 4.10e-02 | M: 8380.7204 | Path: Statevector MPI-distributed (1 ranks)
WARNING: Energy -81.2935 below FCI -75.0124 — HWE ansatz may have left the physical particle-number sector
Iter 0333 | Energy: -81.293465 | Delta: 5.31e-02 | M: 9489.6297 | Path: Statevector MPI-distributed (1 ranks)
WARNING: Energy -81.2449 below FCI -75.0124 — HWE ansatz may have left the physical particle-number sector
Iter 0334 | Energy: -81.244887 | Delta: 4.86e-02 | M: 9014.3002 | Path: Statevector MPI-distributed (1 ranks)
WARNING: Energy -81.2904 below FCI -75.0124 — HWE ansatz may have left the physical particle-number sector
Iter 0335 | Energy: -81.290393 | Delta: 4.55e-02 | M: 9239.1015 | Path: Statevector MPI-distributed (1 ranks)
[RESILIENCE] Iteration 335: Global theta state checkpointed at path checkpoints/checkpoint_iter_0335.npy. 
WARNING: Energy -81.2662 below FCI -75.0124 — HWE ansatz may have left the physical particle-number sector
Iter 0336 | Energy: -81.266198 | Delta: 2.42e-02 | M: 7352.7366 | Path: Statevector MPI-distributed (1 ranks)
WARNING: Energy -81.2935 below FCI -75.0124 — HWE ansatz may have left the physical particle-number sector
Iter 0337 | Energy: -81.293513 | Delta: 2.73e-02 | M: 9884.3569 | Path: Statevector MPI-distributed (1 ranks)
WARNING: Energy -81.2916 below FCI -75.0124 — HWE ansatz may have left the physical particle-number sector
Iter 0338 | Energy: -81.291644 | Delta: 1.87e-03 | M: 11277.2267 | Path: Statevector MPI-distributed (1 ranks)
WARNING: Energy -81.3108 below FCI -75.0124 — HWE ansatz may have left the physical particle-number sector
Iter 0339 | Energy: -81.310765 | Delta: 1.91e-02 | M: 9557.6282 | Path: Statevector MPI-distributed (1 ranks)
WARNING: Energy -81.2738 below FCI -75.0124 — HWE ansatz may have left the physical particle-number sector
Iter 0340 | Energy: -81.273821 | Delta: 3.69e-02 | M: 10197.2511 | Path: Statevector MPI-distributed (1 ranks)
[RESILIENCE] Iteration 340: Global theta state checkpointed at path checkpoints/checkpoint_iter_0340.npy. 
WARNING: Energy -81.3023 below FCI -75.0124 — HWE ansatz may have left the physical particle-number sector
Iter 0341 | Energy: -81.302284 | Delta: 2.85e-02 | M: 9585.9088 | Path: Statevector MPI-distributed (1 ranks)
WARNING: Energy -81.3334 below FCI -75.0124 — HWE ansatz may have left the physical particle-number sector
Iter 0342 | Energy: -81.333448 | Delta: 3.12e-02 | M: 10631.9731 | Path: Statevector MPI-distributed (1 ranks)
WARNING: Energy -81.3434 below FCI -75.0124 — HWE ansatz may have left the physical particle-number sector
Iter 0343 | Energy: -81.343428 | Delta: 9.98e-03 | M: 9665.1411 | Path: Statevector MPI-distributed (1 ranks)
WARNING: Energy -81.3454 below FCI -75.0124 — HWE ansatz may have left the physical particle-number sector
Iter 0344 | Energy: -81.345381 | Delta: 1.95e-03 | M: 7764.7340 | Path: Statevector MPI-distributed (1 ranks)
WARNING: Energy -81.3564 below FCI -75.0124 — HWE ansatz may have left the physical particle-number sector
Iter 0345 | Energy: -81.356386 | Delta: 1.10e-02 | M: 9727.0381 | Path: Statevector MPI-distributed (1 ranks)
[RESILIENCE] Iteration 345: Global theta state checkpointed at path checkpoints/checkpoint_iter_0345.npy. 
WARNING: Energy -81.3469 below FCI -75.0124 — HWE ansatz may have left the physical particle-number sector
Iter 0346 | Energy: -81.346875 | Delta: 9.51e-03 | M: 9352.1740 | Path: Statevector MPI-distributed (1 ranks)
WARNING: Energy -81.3324 below FCI -75.0124 — HWE ansatz may have left the physical particle-number sector
Iter 0347 | Energy: -81.332356 | Delta: 1.45e-02 | M: 10014.5677 | Path: Statevector MPI-distributed (1 ranks)
WARNING: Energy -81.3283 below FCI -75.0124 — HWE ansatz may have left the physical particle-number sector
Iter 0348 | Energy: -81.328303 | Delta: 4.05e-03 | M: 9452.5004 | Path: Statevector MPI-distributed (1 ranks)
WARNING: Energy -81.3580 below FCI -75.0124 — HWE ansatz may have left the physical particle-number sector
Iter 0349 | Energy: -81.357989 | Delta: 2.97e-02 | M: 9758.8016 | Path: Statevector MPI-distributed (1 ranks)
WARNING: Energy -81.3172 below FCI -75.0124 — HWE ansatz may have left the physical particle-number sector
Iter 0350 | Energy: -81.317153 | Delta: 4.08e-02 | M: 9801.8829 | Path: Statevector MPI-distributed (1 ranks)
[RESILIENCE] Iteration 350: Global theta state checkpointed at path checkpoints/checkpoint_iter_0350.npy. 
WARNING: Energy -81.3600 below FCI -75.0124 — HWE ansatz may have left the physical particle-number sector
Iter 0351 | Energy: -81.360044 | Delta: 4.29e-02 | M: 8934.1245 | Path: Statevector MPI-distributed (1 ranks)
WARNING: Energy -81.3445 below FCI -75.0124 — HWE ansatz may have left the physical particle-number sector
Iter 0352 | Energy: -81.344462 | Delta: 1.56e-02 | M: 9280.8029 | Path: Statevector MPI-distributed (1 ranks)
WARNING: Energy -81.3412 below FCI -75.0124 — HWE ansatz may have left the physical particle-number sector
Iter 0353 | Energy: -81.341187 | Delta: 3.28e-03 | M: 9556.8293 | Path: Statevector MPI-distributed (1 ranks)
WARNING: Energy -81.3749 below FCI -75.0124 — HWE ansatz may have left the physical particle-number sector
Iter 0354 | Energy: -81.374906 | Delta: 3.37e-02 | M: 8917.9596 | Path: Statevector MPI-distributed (1 ranks)
WARNING: Energy -81.3457 below FCI -75.0124 — HWE ansatz may have left the physical particle-number sector
Iter 0355 | Energy: -81.345651 | Delta: 2.93e-02 | M: 8687.6969 | Path: Statevector MPI-distributed (1 ranks)
[RESILIENCE] Iteration 355: Global theta state checkpointed at path checkpoints/checkpoint_iter_0355.npy. 
WARNING: Energy -81.3695 below FCI -75.0124 — HWE ansatz may have left the physical particle-number sector
Iter 0356 | Energy: -81.369544 | Delta: 2.39e-02 | M: 8819.2226 | Path: Statevector MPI-distributed (1 ranks)
WARNING: Energy -81.3539 below FCI -75.0124 — HWE ansatz may have left the physical particle-number sector
Iter 0357 | Energy: -81.353926 | Delta: 1.56e-02 | M: 6287.2560 | Path: Statevector MPI-distributed (1 ranks)
WARNING: Energy -81.3329 below FCI -75.0124 — HWE ansatz may have left the physical particle-number sector
Iter 0358 | Energy: -81.332917 | Delta: 2.10e-02 | M: 9648.8886 | Path: Statevector MPI-distributed (1 ranks)
WARNING: Energy -81.3455 below FCI -75.0124 — HWE ansatz may have left the physical particle-number sector
Iter 0359 | Energy: -81.345544 | Delta: 1.26e-02 | M: 9488.9436 | Path: Statevector MPI-distributed (1 ranks)
WARNING: Energy -81.3819 below FCI -75.0124 — HWE ansatz may have left the physical particle-number sector
Iter 0360 | Energy: -81.381949 | Delta: 3.64e-02 | M: 9294.7992 | Path: Statevector MPI-distributed (1 ranks)
[RESILIENCE] Iteration 360: Global theta state checkpointed at path checkpoints/checkpoint_iter_0360.npy. 
WARNING: Energy -81.3785 below FCI -75.0124 — HWE ansatz may have left the physical particle-number sector
Iter 0361 | Energy: -81.378526 | Delta: 3.42e-03 | M: 7603.7179 | Path: Statevector MPI-distributed (1 ranks)
WARNING: Energy -81.4035 below FCI -75.0124 — HWE ansatz may have left the physical particle-number sector
Iter 0362 | Energy: -81.403458 | Delta: 2.49e-02 | M: 8820.4715 | Path: Statevector MPI-distributed (1 ranks)
WARNING: Energy -81.3986 below FCI -75.0124 — HWE ansatz may have left the physical particle-number sector
Iter 0363 | Energy: -81.398620 | Delta: 4.84e-03 | M: 8485.9023 | Path: Statevector MPI-distributed (1 ranks)
WARNING: Energy -81.3850 below FCI -75.0124 — HWE ansatz may have left the physical particle-number sector
Iter 0364 | Energy: -81.385030 | Delta: 1.36e-02 | M: 12669.1208 | Path: Statevector MPI-distributed (1 ranks)
WARNING: Energy -81.3821 below FCI -75.0124 — HWE ansatz may have left the physical particle-number sector
Iter 0365 | Energy: -81.382146 | Delta: 2.88e-03 | M: 10167.0219 | Path: Statevector MPI-distributed (1 ranks)
[RESILIENCE] Iteration 365: Global theta state checkpointed at path checkpoints/checkpoint_iter_0365.npy. 
WARNING: Energy -81.4100 below FCI -75.0124 — HWE ansatz may have left the physical particle-number sector
Iter 0366 | Energy: -81.410021 | Delta: 2.79e-02 | M: 9551.7073 | Path: Statevector MPI-distributed (1 ranks)
WARNING: Energy -81.3962 below FCI -75.0124 — HWE ansatz may have left the physical particle-number sector
Iter 0367 | Energy: -81.396221 | Delta: 1.38e-02 | M: 12061.2342 | Path: Statevector MPI-distributed (1 ranks)
WARNING: Energy -81.4218 below FCI -75.0124 — HWE ansatz may have left the physical particle-number sector
Iter 0368 | Energy: -81.421800 | Delta: 2.56e-02 | M: 10142.4272 | Path: Statevector MPI-distributed (1 ranks)
WARNING: Energy -81.3959 below FCI -75.0124 — HWE ansatz may have left the physical particle-number sector
Iter 0369 | Energy: -81.395870 | Delta: 2.59e-02 | M: 7499.2606 | Path: Statevector MPI-distributed (1 ranks)
WARNING: Energy -81.4368 below FCI -75.0124 — HWE ansatz may have left the physical particle-number sector
Iter 0370 | Energy: -81.436821 | Delta: 4.10e-02 | M: 9880.7874 | Path: Statevector MPI-distributed (1 ranks)
[RESILIENCE] Iteration 370: Global theta state checkpointed at path checkpoints/checkpoint_iter_0370.npy. 
WARNING: Energy -81.3971 below FCI -75.0124 — HWE ansatz may have left the physical particle-number sector
Iter 0371 | Energy: -81.397136 | Delta: 3.97e-02 | M: 9423.6049 | Path: Statevector MPI-distributed (1 ranks)
WARNING: Energy -81.4145 below FCI -75.0124 — HWE ansatz may have left the physical particle-number sector
Iter 0372 | Energy: -81.414531 | Delta: 1.74e-02 | M: 9509.7135 | Path: Statevector MPI-distributed (1 ranks)
WARNING: Energy -81.4001 below FCI -75.0124 — HWE ansatz may have left the physical particle-number sector
Iter 0373 | Energy: -81.400145 | Delta: 1.44e-02 | M: 9257.8962 | Path: Statevector MPI-distributed (1 ranks)
WARNING: Energy -81.4311 below FCI -75.0124 — HWE ansatz may have left the physical particle-number sector
Iter 0374 | Energy: -81.431074 | Delta: 3.09e-02 | M: 8967.5322 | Path: Statevector MPI-distributed (1 ranks)
WARNING: Energy -81.4155 below FCI -75.0124 — HWE ansatz may have left the physical particle-number sector
Iter 0375 | Energy: -81.415518 | Delta: 1.56e-02 | M: 6866.1410 | Path: Statevector MPI-distributed (1 ranks)
[RESILIENCE] Iteration 375: Global theta state checkpointed at path checkpoints/checkpoint_iter_0375.npy. 
WARNING: Energy -81.4254 below FCI -75.0124 — HWE ansatz may have left the physical particle-number sector
Iter 0376 | Energy: -81.425447 | Delta: 9.93e-03 | M: 9510.7238 | Path: Statevector MPI-distributed (1 ranks)
WARNING: Energy -81.4554 below FCI -75.0124 — HWE ansatz may have left the physical particle-number sector
Iter 0377 | Energy: -81.455416 | Delta: 3.00e-02 | M: 9262.1756 | Path: Statevector MPI-distributed (1 ranks)
WARNING: Energy -81.4567 below FCI -75.0124 — HWE ansatz may have left the physical particle-number sector
Iter 0378 | Energy: -81.456657 | Delta: 1.24e-03 | M: 9294.6253 | Path: Statevector MPI-distributed (1 ranks)
WARNING: Energy -81.4647 below FCI -75.0124 — HWE ansatz may have left the physical particle-number sector
Iter 0379 | Energy: -81.464733 | Delta: 8.08e-03 | M: 9436.4890 | Path: Statevector MPI-distributed (1 ranks)
WARNING: Energy -81.4288 below FCI -75.0124 — HWE ansatz may have left the physical particle-number sector
Iter 0380 | Energy: -81.428778 | Delta: 3.60e-02 | M: 9220.5435 | Path: Statevector MPI-distributed (1 ranks)
[RESILIENCE] Iteration 380: Global theta state checkpointed at path checkpoints/checkpoint_iter_0380.npy. 
WARNING: Energy -81.4226 below FCI -75.0124 — HWE ansatz may have left the physical particle-number sector
Iter 0381 | Energy: -81.422571 | Delta: 6.21e-03 | M: 9493.6959 | Path: Statevector MPI-distributed (1 ranks)
WARNING: Energy -81.4197 below FCI -75.0124 — HWE ansatz may have left the physical particle-number sector
Iter 0382 | Energy: -81.419709 | Delta: 2.86e-03 | M: 8855.5886 | Path: Statevector MPI-distributed (1 ranks)
WARNING: Energy -81.4316 below FCI -75.0124 — HWE ansatz may have left the physical particle-number sector
Iter 0383 | Energy: -81.431599 | Delta: 1.19e-02 | M: 9201.8948 | Path: Statevector MPI-distributed (1 ranks)
WARNING: Energy -81.4330 below FCI -75.0124 — HWE ansatz may have left the physical particle-number sector
Iter 0384 | Energy: -81.433021 | Delta: 1.42e-03 | M: 9494.5425 | Path: Statevector MPI-distributed (1 ranks)
WARNING: Energy -81.4541 below FCI -75.0124 — HWE ansatz may have left the physical particle-number sector
Iter 0385 | Energy: -81.454127 | Delta: 2.11e-02 | M: 8898.8833 | Path: Statevector MPI-distributed (1 ranks)
[RESILIENCE] Iteration 385: Global theta state checkpointed at path checkpoints/checkpoint_iter_0385.npy. 
WARNING: Energy -81.4949 below FCI -75.0124 — HWE ansatz may have left the physical particle-number sector
Iter 0386 | Energy: -81.494876 | Delta: 4.07e-02 | M: 9797.4652 | Path: Statevector MPI-distributed (1 ranks)
WARNING: Energy -81.4935 below FCI -75.0124 — HWE ansatz may have left the physical particle-number sector
Iter 0387 | Energy: -81.493456 | Delta: 1.42e-03 | M: 8700.7413 | Path: Statevector MPI-distributed (1 ranks)
WARNING: Energy -81.4474 below FCI -75.0124 — HWE ansatz may have left the physical particle-number sector
Iter 0388 | Energy: -81.447383 | Delta: 4.61e-02 | M: 9288.6399 | Path: Statevector MPI-distributed (1 ranks)
WARNING: Energy -81.4661 below FCI -75.0124 — HWE ansatz may have left the physical particle-number sector
Iter 0389 | Energy: -81.466144 | Delta: 1.88e-02 | M: 9670.1085 | Path: Statevector MPI-distributed (1 ranks)
WARNING: Energy -81.4799 below FCI -75.0124 — HWE ansatz may have left the physical particle-number sector
Iter 0390 | Energy: -81.479889 | Delta: 1.37e-02 | M: 9069.2780 | Path: Statevector MPI-distributed (1 ranks)
[RESILIENCE] Iteration 390: Global theta state checkpointed at path checkpoints/checkpoint_iter_0390.npy. 
WARNING: Energy -81.5140 below FCI -75.0124 — HWE ansatz may have left the physical particle-number sector
Iter 0391 | Energy: -81.514023 | Delta: 3.41e-02 | M: 9130.4250 | Path: Statevector MPI-distributed (1 ranks)
WARNING: Energy -81.4909 below FCI -75.0124 — HWE ansatz may have left the physical particle-number sector
Iter 0392 | Energy: -81.490920 | Delta: 2.31e-02 | M: 9175.3773 | Path: Statevector MPI-distributed (1 ranks)
WARNING: Energy -81.4969 below FCI -75.0124 — HWE ansatz may have left the physical particle-number sector
Iter 0393 | Energy: -81.496852 | Delta: 5.93e-03 | M: 8507.1147 | Path: Statevector MPI-distributed (1 ranks)
WARNING: Energy -81.5238 below FCI -75.0124 — HWE ansatz may have left the physical particle-number sector
Iter 0394 | Energy: -81.523774 | Delta: 2.69e-02 | M: 8719.1809 | Path: Statevector MPI-distributed (1 ranks)
WARNING: Energy -81.4925 below FCI -75.0124 — HWE ansatz may have left the physical particle-number sector
Iter 0395 | Energy: -81.492501 | Delta: 3.13e-02 | M: 12199.5941 | Path: Statevector MPI-distributed (1 ranks)
[RESILIENCE] Iteration 395: Global theta state checkpointed at path checkpoints/checkpoint_iter_0395.npy. 
WARNING: Energy -81.5139 below FCI -75.0124 — HWE ansatz may have left the physical particle-number sector
Iter 0396 | Energy: -81.513927 | Delta: 2.14e-02 | M: 9339.8805 | Path: Statevector MPI-distributed (1 ranks)
WARNING: Energy -81.4894 below FCI -75.0124 — HWE ansatz may have left the physical particle-number sector
Iter 0397 | Energy: -81.489360 | Delta: 2.46e-02 | M: 9678.7747 | Path: Statevector MPI-distributed (1 ranks)
WARNING: Energy -81.4988 below FCI -75.0124 — HWE ansatz may have left the physical particle-number sector
Iter 0398 | Energy: -81.498757 | Delta: 9.40e-03 | M: 9864.2128 | Path: Statevector MPI-distributed (1 ranks)
WARNING: Energy -81.4874 below FCI -75.0124 — HWE ansatz may have left the physical particle-number sector
Iter 0399 | Energy: -81.487442 | Delta: 1.13e-02 | M: 9251.2664 | Path: Statevector MPI-distributed (1 ranks)
WARNING: Energy -81.5148 below FCI -75.0124 — HWE ansatz may have left the physical particle-number sector
Iter 0400 | Energy: -81.514781 | Delta: 2.73e-02 | M: 9525.8013 | Path: Statevector MPI-distributed (1 ranks)
[RESILIENCE] Iteration 400: Global theta state checkpointed at path checkpoints/checkpoint_iter_0400.npy. 
WARNING: Energy -81.5291 below FCI -75.0124 — HWE ansatz may have left the physical particle-number sector
Iter 0401 | Energy: -81.529055 | Delta: 1.43e-02 | M: 9303.6677 | Path: Statevector MPI-distributed (1 ranks)
WARNING: Energy -81.5120 below FCI -75.0124 — HWE ansatz may have left the physical particle-number sector
Iter 0402 | Energy: -81.511955 | Delta: 1.71e-02 | M: 11872.2361 | Path: Statevector MPI-distributed (1 ranks)
WARNING: Energy -81.5149 below FCI -75.0124 — HWE ansatz may have left the physical particle-number sector
Iter 0403 | Energy: -81.514857 | Delta: 2.90e-03 | M: 9524.9239 | Path: Statevector MPI-distributed (1 ranks)
WARNING: Energy -81.5215 below FCI -75.0124 — HWE ansatz may have left the physical particle-number sector
Iter 0404 | Energy: -81.521503 | Delta: 6.65e-03 | M: 9862.2665 | Path: Statevector MPI-distributed (1 ranks)
WARNING: Energy -81.5234 below FCI -75.0124 — HWE ansatz may have left the physical particle-number sector
Iter 0405 | Energy: -81.523448 | Delta: 1.94e-03 | M: 9296.4541 | Path: Statevector MPI-distributed (1 ranks)
[RESILIENCE] Iteration 405: Global theta state checkpointed at path checkpoints/checkpoint_iter_0405.npy. 
WARNING: Energy -81.5261 below FCI -75.0124 — HWE ansatz may have left the physical particle-number sector
Iter 0406 | Energy: -81.526114 | Delta: 2.67e-03 | M: 9224.3044 | Path: Statevector MPI-distributed (1 ranks)
WARNING: Energy -81.5059 below FCI -75.0124 — HWE ansatz may have left the physical particle-number sector
Iter 0407 | Energy: -81.505938 | Delta: 2.02e-02 | M: 10696.9174 | Path: Statevector MPI-distributed (1 ranks)
WARNING: Energy -81.5323 below FCI -75.0124 — HWE ansatz may have left the physical particle-number sector
Iter 0408 | Energy: -81.532269 | Delta: 2.63e-02 | M: 9899.2512 | Path: Statevector MPI-distributed (1 ranks)
WARNING: Energy -81.4841 below FCI -75.0124 — HWE ansatz may have left the physical particle-number sector
Iter 0409 | Energy: -81.484086 | Delta: 4.82e-02 | M: 9851.8818 | Path: Statevector MPI-distributed (1 ranks)
WARNING: Energy -81.5309 below FCI -75.0124 — HWE ansatz may have left the physical particle-number sector
Iter 0410 | Energy: -81.530884 | Delta: 4.68e-02 | M: 9604.8790 | Path: Statevector MPI-distributed (1 ranks)
[RESILIENCE] Iteration 410: Global theta state checkpointed at path checkpoints/checkpoint_iter_0410.npy. 
WARNING: Energy -81.5293 below FCI -75.0124 — HWE ansatz may have left the physical particle-number sector
Iter 0411 | Energy: -81.529305 | Delta: 1.58e-03 | M: 9699.9925 | Path: Statevector MPI-distributed (1 ranks)
WARNING: Energy -81.5319 below FCI -75.0124 — HWE ansatz may have left the physical particle-number sector
Iter 0412 | Energy: -81.531870 | Delta: 2.57e-03 | M: 10152.1783 | Path: Statevector MPI-distributed (1 ranks)
WARNING: Energy -81.5382 below FCI -75.0124 — HWE ansatz may have left the physical particle-number sector
Iter 0413 | Energy: -81.538224 | Delta: 6.35e-03 | M: 9561.8498 | Path: Statevector MPI-distributed (1 ranks)
WARNING: Energy -81.4923 below FCI -75.0124 — HWE ansatz may have left the physical particle-number sector
Iter 0414 | Energy: -81.492302 | Delta: 4.59e-02 | M: 9102.5568 | Path: Statevector MPI-distributed (1 ranks)
WARNING: Energy -81.5063 below FCI -75.0124 — HWE ansatz may have left the physical particle-number sector
Iter 0415 | Energy: -81.506258 | Delta: 1.40e-02 | M: 10418.6917 | Path: Statevector MPI-distributed (1 ranks)
[RESILIENCE] Iteration 415: Global theta state checkpointed at path checkpoints/checkpoint_iter_0415.npy. 
WARNING: Energy -81.5475 below FCI -75.0124 — HWE ansatz may have left the physical particle-number sector
Iter 0416 | Energy: -81.547462 | Delta: 4.12e-02 | M: 8241.5609 | Path: Statevector MPI-distributed (1 ranks)
WARNING: Energy -81.5367 below FCI -75.0124 — HWE ansatz may have left the physical particle-number sector
Iter 0417 | Energy: -81.536679 | Delta: 1.08e-02 | M: 9149.6925 | Path: Statevector MPI-distributed (1 ranks)
WARNING: Energy -81.5513 below FCI -75.0124 — HWE ansatz may have left the physical particle-number sector
Iter 0418 | Energy: -81.551300 | Delta: 1.46e-02 | M: 10592.8745 | Path: Statevector MPI-distributed (1 ranks)
WARNING: Energy -81.5242 below FCI -75.0124 — HWE ansatz may have left the physical particle-number sector
Iter 0419 | Energy: -81.524187 | Delta: 2.71e-02 | M: 9658.2245 | Path: Statevector MPI-distributed (1 ranks)
WARNING: Energy -81.5120 below FCI -75.0124 — HWE ansatz may have left the physical particle-number sector
Iter 0420 | Energy: -81.511963 | Delta: 1.22e-02 | M: 9100.5372 | Path: Statevector MPI-distributed (1 ranks)
[RESILIENCE] Iteration 420: Global theta state checkpointed at path checkpoints/checkpoint_iter_0420.npy. 
WARNING: Energy -81.5646 below FCI -75.0124 — HWE ansatz may have left the physical particle-number sector
Iter 0421 | Energy: -81.564621 | Delta: 5.27e-02 | M: 8701.8623 | Path: Statevector MPI-distributed (1 ranks)
WARNING: Energy -81.5688 below FCI -75.0124 — HWE ansatz may have left the physical particle-number sector
Iter 0422 | Energy: -81.568805 | Delta: 4.18e-03 | M: 8782.0953 | Path: Statevector MPI-distributed (1 ranks)
WARNING: Energy -81.5396 below FCI -75.0124 — HWE ansatz may have left the physical particle-number sector
Iter 0423 | Energy: -81.539562 | Delta: 2.92e-02 | M: 9265.7483 | Path: Statevector MPI-distributed (1 ranks)
WARNING: Energy -81.5266 below FCI -75.0124 — HWE ansatz may have left the physical particle-number sector
Iter 0424 | Energy: -81.526605 | Delta: 1.30e-02 | M: 8703.7268 | Path: Statevector MPI-distributed (1 ranks)
WARNING: Energy -81.5200 below FCI -75.0124 — HWE ansatz may have left the physical particle-number sector
Iter 0425 | Energy: -81.520048 | Delta: 6.56e-03 | M: 11422.3757 | Path: Statevector MPI-distributed (1 ranks)
[RESILIENCE] Iteration 425: Global theta state checkpointed at path checkpoints/checkpoint_iter_0425.npy. 
WARNING: Energy -81.5519 below FCI -75.0124 — HWE ansatz may have left the physical particle-number sector
Iter 0426 | Energy: -81.551942 | Delta: 3.19e-02 | M: 9614.5562 | Path: Statevector MPI-distributed (1 ranks)
WARNING: Energy -81.5393 below FCI -75.0124 — HWE ansatz may have left the physical particle-number sector
Iter 0427 | Energy: -81.539282 | Delta: 1.27e-02 | M: 11224.7521 | Path: Statevector MPI-distributed (1 ranks)
WARNING: Energy -81.5384 below FCI -75.0124 — HWE ansatz may have left the physical particle-number sector
Iter 0428 | Energy: -81.538444 | Delta: 8.38e-04 | M: 9276.6703 | Path: Statevector MPI-distributed (1 ranks)
WARNING: Energy -81.5790 below FCI -75.0124 — HWE ansatz may have left the physical particle-number sector
Iter 0429 | Energy: -81.579048 | Delta: 4.06e-02 | M: 9430.6870 | Path: Statevector MPI-distributed (1 ranks)
WARNING: Energy -81.5818 below FCI -75.0124 — HWE ansatz may have left the physical particle-number sector
Iter 0430 | Energy: -81.581759 | Delta: 2.71e-03 | M: 9466.8409 | Path: Statevector MPI-distributed (1 ranks)
[RESILIENCE] Iteration 430: Global theta state checkpointed at path checkpoints/checkpoint_iter_0430.npy. 
WARNING: Energy -81.5763 below FCI -75.0124 — HWE ansatz may have left the physical particle-number sector
Iter 0431 | Energy: -81.576272 | Delta: 5.49e-03 | M: 7274.9380 | Path: Statevector MPI-distributed (1 ranks)
WARNING: Energy -81.5910 below FCI -75.0124 — HWE ansatz may have left the physical particle-number sector
Iter 0432 | Energy: -81.590968 | Delta: 1.47e-02 | M: 8941.4946 | Path: Statevector MPI-distributed (1 ranks)
WARNING: Energy -81.5644 below FCI -75.0124 — HWE ansatz may have left the physical particle-number sector
Iter 0433 | Energy: -81.564376 | Delta: 2.66e-02 | M: 9062.3444 | Path: Statevector MPI-distributed (1 ranks)
WARNING: Energy -81.5884 below FCI -75.0124 — HWE ansatz may have left the physical particle-number sector
Iter 0434 | Energy: -81.588384 | Delta: 2.40e-02 | M: 11959.0230 | Path: Statevector MPI-distributed (1 ranks)
WARNING: Energy -81.5843 below FCI -75.0124 — HWE ansatz may have left the physical particle-number sector
Iter 0435 | Energy: -81.584323 | Delta: 4.06e-03 | M: 9768.5986 | Path: Statevector MPI-distributed (1 ranks)
[RESILIENCE] Iteration 435: Global theta state checkpointed at path checkpoints/checkpoint_iter_0435.npy. 
WARNING: Energy -81.5910 below FCI -75.0124 — HWE ansatz may have left the physical particle-number sector
Iter 0436 | Energy: -81.590964 | Delta: 6.64e-03 | M: 9159.2443 | Path: Statevector MPI-distributed (1 ranks)
WARNING: Energy -81.5538 below FCI -75.0124 — HWE ansatz may have left the physical particle-number sector
Iter 0437 | Energy: -81.553770 | Delta: 3.72e-02 | M: 9964.4265 | Path: Statevector MPI-distributed (1 ranks)
WARNING: Energy -81.5780 below FCI -75.0124 — HWE ansatz may have left the physical particle-number sector
Iter 0438 | Energy: -81.577988 | Delta: 2.42e-02 | M: 7461.5352 | Path: Statevector MPI-distributed (1 ranks)
WARNING: Energy -81.5603 below FCI -75.0124 — HWE ansatz may have left the physical particle-number sector
Iter 0439 | Energy: -81.560283 | Delta: 1.77e-02 | M: 9666.1334 | Path: Statevector MPI-distributed (1 ranks)
WARNING: Energy -81.5612 below FCI -75.0124 — HWE ansatz may have left the physical particle-number sector
Iter 0440 | Energy: -81.561198 | Delta: 9.15e-04 | M: 9139.5019 | Path: Statevector MPI-distributed (1 ranks)
[RESILIENCE] Iteration 440: Global theta state checkpointed at path checkpoints/checkpoint_iter_0440.npy. 
WARNING: Energy -81.5796 below FCI -75.0124 — HWE ansatz may have left the physical particle-number sector
Iter 0441 | Energy: -81.579610 | Delta: 1.84e-02 | M: 9197.6214 | Path: Statevector MPI-distributed (1 ranks)
WARNING: Energy -81.5515 below FCI -75.0124 — HWE ansatz may have left the physical particle-number sector
Iter 0442 | Energy: -81.551469 | Delta: 2.81e-02 | M: 9239.8769 | Path: Statevector MPI-distributed (1 ranks)
WARNING: Energy -81.5848 below FCI -75.0124 — HWE ansatz may have left the physical particle-number sector
Iter 0443 | Energy: -81.584815 | Delta: 3.33e-02 | M: 9544.3926 | Path: Statevector MPI-distributed (1 ranks)
WARNING: Energy -81.6078 below FCI -75.0124 — HWE ansatz may have left the physical particle-number sector
Iter 0444 | Energy: -81.607797 | Delta: 2.30e-02 | M: 9074.0985 | Path: Statevector MPI-distributed (1 ranks)
WARNING: Energy -81.6035 below FCI -75.0124 — HWE ansatz may have left the physical particle-number sector
Iter 0445 | Energy: -81.603461 | Delta: 4.34e-03 | M: 9432.4743 | Path: Statevector MPI-distributed (1 ranks)
[RESILIENCE] Iteration 445: Global theta state checkpointed at path checkpoints/checkpoint_iter_0445.npy. 
WARNING: Energy -81.5558 below FCI -75.0124 — HWE ansatz may have left the physical particle-number sector
Iter 0446 | Energy: -81.555799 | Delta: 4.77e-02 | M: 8708.9042 | Path: Statevector MPI-distributed (1 ranks)
WARNING: Energy -81.5959 below FCI -75.0124 — HWE ansatz may have left the physical particle-number sector
Iter 0447 | Energy: -81.595867 | Delta: 4.01e-02 | M: 10624.4281 | Path: Statevector MPI-distributed (1 ranks)
WARNING: Energy -81.5638 below FCI -75.0124 — HWE ansatz may have left the physical particle-number sector
Iter 0448 | Energy: -81.563849 | Delta: 3.20e-02 | M: 9120.5933 | Path: Statevector MPI-distributed (1 ranks)
WARNING: Energy -81.5870 below FCI -75.0124 — HWE ansatz may have left the physical particle-number sector
Iter 0449 | Energy: -81.586991 | Delta: 2.31e-02 | M: 8670.8253 | Path: Statevector MPI-distributed (1 ranks)
WARNING: Energy -81.5697 below FCI -75.0124 — HWE ansatz may have left the physical particle-number sector
Iter 0450 | Energy: -81.569719 | Delta: 1.73e-02 | M: 11938.8584 | Path: Statevector MPI-distributed (1 ranks)
[RESILIENCE] Iteration 450: Global theta state checkpointed at path checkpoints/checkpoint_iter_0450.npy. 
WARNING: Energy -81.6053 below FCI -75.0124 — HWE ansatz may have left the physical particle-number sector
Iter 0451 | Energy: -81.605334 | Delta: 3.56e-02 | M: 9385.7993 | Path: Statevector MPI-distributed (1 ranks)
WARNING: Energy -81.5672 below FCI -75.0124 — HWE ansatz may have left the physical particle-number sector
Iter 0452 | Energy: -81.567218 | Delta: 3.81e-02 | M: 8931.0705 | Path: Statevector MPI-distributed (1 ranks)
WARNING: Energy -81.5884 below FCI -75.0124 — HWE ansatz may have left the physical particle-number sector
Iter 0453 | Energy: -81.588353 | Delta: 2.11e-02 | M: 10193.7752 | Path: Statevector MPI-distributed (1 ranks)
WARNING: Energy -81.6039 below FCI -75.0124 — HWE ansatz may have left the physical particle-number sector
Iter 0454 | Energy: -81.603870 | Delta: 1.55e-02 | M: 9356.2637 | Path: Statevector MPI-distributed (1 ranks)
WARNING: Energy -81.6051 below FCI -75.0124 — HWE ansatz may have left the physical particle-number sector
Iter 0455 | Energy: -81.605063 | Delta: 1.19e-03 | M: 9387.3002 | Path: Statevector MPI-distributed (1 ranks)
[RESILIENCE] Iteration 455: Global theta state checkpointed at path checkpoints/checkpoint_iter_0455.npy. 
WARNING: Energy -81.6196 below FCI -75.0124 — HWE ansatz may have left the physical particle-number sector
Iter 0456 | Energy: -81.619581 | Delta: 1.45e-02 | M: 8676.3905 | Path: Statevector MPI-distributed (1 ranks)
WARNING: Energy -81.6263 below FCI -75.0124 — HWE ansatz may have left the physical particle-number sector
Iter 0457 | Energy: -81.626338 | Delta: 6.76e-03 | M: 9427.5598 | Path: Statevector MPI-distributed (1 ranks)
WARNING: Energy -81.6112 below FCI -75.0124 — HWE ansatz may have left the physical particle-number sector
Iter 0458 | Energy: -81.611200 | Delta: 1.51e-02 | M: 10864.2276 | Path: Statevector MPI-distributed (1 ranks)
WARNING: Energy -81.5847 below FCI -75.0124 — HWE ansatz may have left the physical particle-number sector
Iter 0459 | Energy: -81.584668 | Delta: 2.65e-02 | M: 9628.9896 | Path: Statevector MPI-distributed (1 ranks)
WARNING: Energy -81.5675 below FCI -75.0124 — HWE ansatz may have left the physical particle-number sector
Iter 0460 | Energy: -81.567507 | Delta: 1.72e-02 | M: 7717.5547 | Path: Statevector MPI-distributed (1 ranks)
[RESILIENCE] Iteration 460: Global theta state checkpointed at path checkpoints/checkpoint_iter_0460.npy. 
WARNING: Energy -81.5703 below FCI -75.0124 — HWE ansatz may have left the physical particle-number sector
Iter 0461 | Energy: -81.570345 | Delta: 2.84e-03 | M: 7348.4113 | Path: Statevector MPI-distributed (1 ranks)
WARNING: Energy -81.6137 below FCI -75.0124 — HWE ansatz may have left the physical particle-number sector
Iter 0462 | Energy: -81.613697 | Delta: 4.34e-02 | M: 10064.6573 | Path: Statevector MPI-distributed (1 ranks)
WARNING: Energy -81.5814 below FCI -75.0124 — HWE ansatz may have left the physical particle-number sector
Iter 0463 | Energy: -81.581411 | Delta: 3.23e-02 | M: 9345.5558 | Path: Statevector MPI-distributed (1 ranks)
WARNING: Energy -81.6371 below FCI -75.0124 — HWE ansatz may have left the physical particle-number sector
Iter 0464 | Energy: -81.637147 | Delta: 5.57e-02 | M: 9301.4609 | Path: Statevector MPI-distributed (1 ranks)
WARNING: Energy -81.6261 below FCI -75.0124 — HWE ansatz may have left the physical particle-number sector
Iter 0465 | Energy: -81.626137 | Delta: 1.10e-02 | M: 12157.1809 | Path: Statevector MPI-distributed (1 ranks)
[RESILIENCE] Iteration 465: Global theta state checkpointed at path checkpoints/checkpoint_iter_0465.npy. 
WARNING: Energy -81.6222 below FCI -75.0124 — HWE ansatz may have left the physical particle-number sector
Iter 0466 | Energy: -81.622216 | Delta: 3.92e-03 | M: 9837.2570 | Path: Statevector MPI-distributed (1 ranks)
WARNING: Energy -81.6047 below FCI -75.0124 — HWE ansatz may have left the physical particle-number sector
Iter 0467 | Energy: -81.604721 | Delta: 1.75e-02 | M: 9327.0106 | Path: Statevector MPI-distributed (1 ranks)
WARNING: Energy -81.6401 below FCI -75.0124 — HWE ansatz may have left the physical particle-number sector
Iter 0468 | Energy: -81.640132 | Delta: 3.54e-02 | M: 9376.0503 | Path: Statevector MPI-distributed (1 ranks)
WARNING: Energy -81.5907 below FCI -75.0124 — HWE ansatz may have left the physical particle-number sector
Iter 0469 | Energy: -81.590732 | Delta: 4.94e-02 | M: 10103.5028 | Path: Statevector MPI-distributed (1 ranks)
WARNING: Energy -81.5967 below FCI -75.0124 — HWE ansatz may have left the physical particle-number sector
Iter 0470 | Energy: -81.596697 | Delta: 5.96e-03 | M: 9781.6171 | Path: Statevector MPI-distributed (1 ranks)
[RESILIENCE] Iteration 470: Global theta state checkpointed at path checkpoints/checkpoint_iter_0470.npy. 
WARNING: Energy -81.6377 below FCI -75.0124 — HWE ansatz may have left the physical particle-number sector
Iter 0471 | Energy: -81.637668 | Delta: 4.10e-02 | M: 9440.4621 | Path: Statevector MPI-distributed (1 ranks)
WARNING: Energy -81.6274 below FCI -75.0124 — HWE ansatz may have left the physical particle-number sector
Iter 0472 | Energy: -81.627373 | Delta: 1.03e-02 | M: 7474.3862 | Path: Statevector MPI-distributed (1 ranks)
WARNING: Energy -81.6320 below FCI -75.0124 — HWE ansatz may have left the physical particle-number sector
Iter 0473 | Energy: -81.631975 | Delta: 4.60e-03 | M: 9713.8771 | Path: Statevector MPI-distributed (1 ranks)
WARNING: Energy -81.6071 below FCI -75.0124 — HWE ansatz may have left the physical particle-number sector
Iter 0474 | Energy: -81.607073 | Delta: 2.49e-02 | M: 7825.7109 | Path: Statevector MPI-distributed (1 ranks)
WARNING: Energy -81.5982 below FCI -75.0124 — HWE ansatz may have left the physical particle-number sector
Iter 0475 | Energy: -81.598241 | Delta: 8.83e-03 | M: 9948.4375 | Path: Statevector MPI-distributed (1 ranks)
[RESILIENCE] Iteration 475: Global theta state checkpointed at path checkpoints/checkpoint_iter_0475.npy. 
WARNING: Energy -81.6608 below FCI -75.0124 — HWE ansatz may have left the physical particle-number sector
Iter 0476 | Energy: -81.660840 | Delta: 6.26e-02 | M: 9249.0088 | Path: Statevector MPI-distributed (1 ranks)
WARNING: Energy -81.6288 below FCI -75.0124 — HWE ansatz may have left the physical particle-number sector
Iter 0477 | Energy: -81.628833 | Delta: 3.20e-02 | M: 9046.7711 | Path: Statevector MPI-distributed (1 ranks)
WARNING: Energy -81.6284 below FCI -75.0124 — HWE ansatz may have left the physical particle-number sector
Iter 0478 | Energy: -81.628443 | Delta: 3.90e-04 | M: 9072.5532 | Path: Statevector MPI-distributed (1 ranks)
WARNING: Energy -81.6525 below FCI -75.0124 — HWE ansatz may have left the physical particle-number sector
Iter 0479 | Energy: -81.652470 | Delta: 2.40e-02 | M: 9879.2827 | Path: Statevector MPI-distributed (1 ranks)
WARNING: Energy -81.6533 below FCI -75.0124 — HWE ansatz may have left the physical particle-number sector
Iter 0480 | Energy: -81.653309 | Delta: 8.39e-04 | M: 9435.8184 | Path: Statevector MPI-distributed (1 ranks)
[RESILIENCE] Iteration 480: Global theta state checkpointed at path checkpoints/checkpoint_iter_0480.npy. 
WARNING: Energy -81.6647 below FCI -75.0124 — HWE ansatz may have left the physical particle-number sector
Iter 0481 | Energy: -81.664667 | Delta: 1.14e-02 | M: 8931.9422 | Path: Statevector MPI-distributed (1 ranks)
WARNING: Energy -81.6475 below FCI -75.0124 — HWE ansatz may have left the physical particle-number sector
Iter 0482 | Energy: -81.647461 | Delta: 1.72e-02 | M: 9712.4292 | Path: Statevector MPI-distributed (1 ranks)
WARNING: Energy -81.6414 below FCI -75.0124 — HWE ansatz may have left the physical particle-number sector
Iter 0483 | Energy: -81.641394 | Delta: 6.07e-03 | M: 9427.7642 | Path: Statevector MPI-distributed (1 ranks)
WARNING: Energy -81.6556 below FCI -75.0124 — HWE ansatz may have left the physical particle-number sector
Iter 0484 | Energy: -81.655622 | Delta: 1.42e-02 | M: 7945.9138 | Path: Statevector MPI-distributed (1 ranks)
WARNING: Energy -81.6507 below FCI -75.0124 — HWE ansatz may have left the physical particle-number sector
Iter 0485 | Energy: -81.650701 | Delta: 4.92e-03 | M: 9811.8955 | Path: Statevector MPI-distributed (1 ranks)
[RESILIENCE] Iteration 485: Global theta state checkpointed at path checkpoints/checkpoint_iter_0485.npy. 
WARNING: Energy -81.6493 below FCI -75.0124 — HWE ansatz may have left the physical particle-number sector
Iter 0486 | Energy: -81.649253 | Delta: 1.45e-03 | M: 9905.2723 | Path: Statevector MPI-distributed (1 ranks)
WARNING: Energy -81.6130 below FCI -75.0124 — HWE ansatz may have left the physical particle-number sector
Iter 0487 | Energy: -81.612991 | Delta: 3.63e-02 | M: 9372.5585 | Path: Statevector MPI-distributed (1 ranks)
WARNING: Energy -81.6497 below FCI -75.0124 — HWE ansatz may have left the physical particle-number sector
Iter 0488 | Energy: -81.649661 | Delta: 3.67e-02 | M: 9852.4177 | Path: Statevector MPI-distributed (1 ranks)
WARNING: Energy -81.6676 below FCI -75.0124 — HWE ansatz may have left the physical particle-number sector
Iter 0489 | Energy: -81.667642 | Delta: 1.80e-02 | M: 9175.4940 | Path: Statevector MPI-distributed (1 ranks)
WARNING: Energy -81.6650 below FCI -75.0124 — HWE ansatz may have left the physical particle-number sector
Iter 0490 | Energy: -81.665027 | Delta: 2.61e-03 | M: 9426.5053 | Path: Statevector MPI-distributed (1 ranks)
[RESILIENCE] Iteration 490: Global theta state checkpointed at path checkpoints/checkpoint_iter_0490.npy. 
WARNING: Energy -81.6483 below FCI -75.0124 — HWE ansatz may have left the physical particle-number sector
Iter 0491 | Energy: -81.648297 | Delta: 1.67e-02 | M: 12498.5320 | Path: Statevector MPI-distributed (1 ranks)
WARNING: Energy -81.6834 below FCI -75.0124 — HWE ansatz may have left the physical particle-number sector
Iter 0492 | Energy: -81.683424 | Delta: 3.51e-02 | M: 9557.6199 | Path: Statevector MPI-distributed (1 ranks)
WARNING: Energy -81.6828 below FCI -75.0124 — HWE ansatz may have left the physical particle-number sector
Iter 0493 | Energy: -81.682770 | Delta: 6.54e-04 | M: 10076.2036 | Path: Statevector MPI-distributed (1 ranks)
WARNING: Energy -81.6647 below FCI -75.0124 — HWE ansatz may have left the physical particle-number sector
Iter 0494 | Energy: -81.664722 | Delta: 1.80e-02 | M: 9261.2093 | Path: Statevector MPI-distributed (1 ranks)
WARNING: Energy -81.6793 below FCI -75.0124 — HWE ansatz may have left the physical particle-number sector
Iter 0495 | Energy: -81.679266 | Delta: 1.45e-02 | M: 8351.1170 | Path: Statevector MPI-distributed (1 ranks)
[RESILIENCE] Iteration 495: Global theta state checkpointed at path checkpoints/checkpoint_iter_0495.npy. 
WARNING: Energy -81.6674 below FCI -75.0124 — HWE ansatz may have left the physical particle-number sector
Iter 0496 | Energy: -81.667363 | Delta: 1.19e-02 | M: 9265.8491 | Path: Statevector MPI-distributed (1 ranks)
WARNING: Energy -81.6350 below FCI -75.0124 — HWE ansatz may have left the physical particle-number sector
Iter 0497 | Energy: -81.634993 | Delta: 3.24e-02 | M: 8902.5784 | Path: Statevector MPI-distributed (1 ranks)
WARNING: Energy -81.6406 below FCI -75.0124 — HWE ansatz may have left the physical particle-number sector
Iter 0498 | Energy: -81.640601 | Delta: 5.61e-03 | M: 9972.9171 | Path: Statevector MPI-distributed (1 ranks)
WARNING: Energy -81.6824 below FCI -75.0124 — HWE ansatz may have left the physical particle-number sector
Iter 0499 | Energy: -81.682426 | Delta: 4.18e-02 | M: 9389.4867 | Path: Statevector MPI-distributed (1 ranks)
WARNING: Energy -81.6713 below FCI -75.0124 — HWE ansatz may have left the physical particle-number sector
Iter 0500 | Energy: -81.671273 | Delta: 1.12e-02 | M: 8660.7462 | Path: Statevector MPI-distributed (1 ranks)
[RESILIENCE] Iteration 500: Global theta state checkpointed at path checkpoints/checkpoint_iter_0500.npy. 

[H2O] Ansatz tier:hwe_adaptive
[H2O] Corr score: 0.502 
[H2O] Final energy : -81.671273 Ha 
[H2O] Reference FCI : -75.012437 Ha 
[H2O] Absolute error: +6.6588 Ha  Ha 
[H2O] Iterations run: 500
[H2O] Wall time: 156.92s (includes QPU queue + RTT) 
[H2O] Time/iter: 0.31 s 
[H2O] Source: registry 
[H2O] Active electrons: 8 
[H2O] Estimated qubits: 12 
[H2O] Note: Frozen 2 core electrons. Active space: 8 electrons, 12 qubits 



--- RUNNING FINANCE (4-Assest Portfolio QUBO) TASK ---
[Finance] Prepared 10 Pauli terms for 4-asset portfolio (4 qubits,  16 params)  
Iter 0001 | Energy: -0.201346 | Delta: inf | M: 101.6346 | Path: Statevector MPI-distributed (1 ranks)
Iter 0002 | Energy: -0.200841 | Delta: 5.05e-04 | M: 694.0317 | Path: Statevector MPI-distributed (1 ranks)
Iter 0003 | Energy: -0.201004 | Delta: 1.63e-04 | M: 512.5771 | Path: Statevector MPI-distributed (1 ranks)
Iter 0004 | Energy: -0.201000 | Delta: 4.08e-06 | M: 141.6169 | Path: Statevector MPI-distributed (1 ranks)
Iter 0005 | Energy: -0.200907 | Delta: 9.28e-05 | M: 132.3333 | Path: Statevector MPI-distributed (1 ranks)
[RESILIENCE] Iteration 5: Global theta state checkpointed at path checkpoints/checkpoint_iter_0005.npy. 
Iter 0006 | Energy: -0.200979 | Delta: 7.21e-05 | M: 146.7159 | Path: Statevector MPI-distributed (1 ranks)
Iter 0007 | Energy: -0.201225 | Delta: 2.46e-04 | M: 154.1414 | Path: Statevector MPI-distributed (1 ranks)
Iter 0008 | Energy: -0.201248 | Delta: 2.27e-05 | M: 154.2660 | Path: Statevector MPI-distributed (1 ranks)
Iter 0009 | Energy: -0.200893 | Delta: 3.55e-04 | M: 153.3315 | Path: Statevector MPI-distributed (1 ranks)
Iter 0010 | Energy: -0.201063 | Delta: 1.70e-04 | M: 135.9676 | Path: Statevector MPI-distributed (1 ranks)
[RESILIENCE] Iteration 10: Global theta state checkpointed at path checkpoints/checkpoint_iter_0010.npy. 
Iter 0011 | Energy: -0.201387 | Delta: 3.24e-04 | M: 101.2250 | Path: Statevector MPI-distributed (1 ranks)
Iter 0012 | Energy: -0.201016 | Delta: 3.71e-04 | M: 153.2348 | Path: Statevector MPI-distributed (1 ranks)
Iter 0013 | Energy: -0.201103 | Delta: 8.71e-05 | M: 152.5155 | Path: Statevector MPI-distributed (1 ranks)
Iter 0014 | Energy: -0.201041 | Delta: 6.14e-05 | M: 146.0337 | Path: Statevector MPI-distributed (1 ranks)
Iter 0015 | Energy: -0.201102 | Delta: 6.05e-05 | M: 163.6075 | Path: Statevector MPI-distributed (1 ranks)
[RESILIENCE] Iteration 15: Global theta state checkpointed at path checkpoints/checkpoint_iter_0015.npy. 
Iter 0016 | Energy: -0.201137 | Delta: 3.49e-05 | M: 147.0449 | Path: Statevector MPI-distributed (1 ranks)
Iter 0017 | Energy: -0.201119 | Delta: 1.73e-05 | M: 160.5672 | Path: Statevector MPI-distributed (1 ranks)
Iter 0018 | Energy: -0.201395 | Delta: 2.76e-04 | M: 148.2987 | Path: Statevector MPI-distributed (1 ranks)
Iter 0019 | Energy: -0.201163 | Delta: 2.32e-04 | M: 155.5812 | Path: Statevector MPI-distributed (1 ranks)
Iter 0020 | Energy: -0.201178 | Delta: 1.44e-05 | M: 162.2294 | Path: Statevector MPI-distributed (1 ranks)
Converged: energy spread over last 10 iters = 3.80e-04 < tol=0.001, at iteration 20
[RESILIENCE] Iteration 20: Global theta state checkpointed at path checkpoints/checkpoint_iter_0020.npy. 
[Finance] Final objective : -0.201178 
[Finance] Iterations run : 20
[Finance] Wall time : 0.11 s

 RUNNING SCALING (with P=1 ranks) 
[Resolver] 'LiH' found in local registry 
[Chemistry:LiH] 631 Pauli terms, 12 qubits, 96 params,  reps=2. FCI reference: -7.8825 Ha 
[Ansatz] HWE (adaptive) (auto) | corr_score=0.502 | off_diag_ratio=0.007
[Reason] score=0.502 in [0.25, 0.55). Moderate correlation detected (off_diag_ratio=0.007, zz_frac=0.979). Adaptive HWE with full entanglement recommended.
Iter 0001 | Energy: -0.449677 | Delta: inf | M: 3716.5856 | Path: Statevector MPI-distributed (1 ranks)
Iter 0002 | Energy: -0.460287 | Delta: 1.06e-02 | M: 4334.3226 | Path: Statevector MPI-distributed (1 ranks)
Iter 0003 | Energy: -0.551809 | Delta: 9.15e-02 | M: 4110.4993 | Path: Statevector MPI-distributed (1 ranks)
Iter 0004 | Energy: -0.553863 | Delta: 2.05e-03 | M: 3610.3730 | Path: Statevector MPI-distributed (1 ranks)
Iter 0005 | Energy: -0.832025 | Delta: 2.78e-01 | M: 3342.4947 | Path: Statevector MPI-distributed (1 ranks)
[RESILIENCE] Iteration 5: Global theta state checkpointed at path checkpoints/checkpoint_iter_0005.npy. 
Iter 0006 | Energy: -1.514902 | Delta: 6.83e-01 | M: 3740.5402 | Path: Statevector MPI-distributed (1 ranks)
Iter 0007 | Energy: -4.070387 | Delta: 2.56e+00 | M: 3988.0900 | Path: Statevector MPI-distributed (1 ranks)
Iter 0008 | Energy: -4.065670 | Delta: 4.72e-03 | M: 3943.4681 | Path: Statevector MPI-distributed (1 ranks)
Iter 0009 | Energy: -4.403513 | Delta: 3.38e-01 | M: 3510.0150 | Path: Statevector MPI-distributed (1 ranks)
Iter 0010 | Energy: -4.421931 | Delta: 1.84e-02 | M: 3784.8866 | Path: Statevector MPI-distributed (1 ranks)
[RESILIENCE] Iteration 10: Global theta state checkpointed at path checkpoints/checkpoint_iter_0010.npy. 
[Scaling] P=1 T_total=1.4597 final_E=-4.421931 tier=hwe_adaptive qubits=12 iters=10



---ALL LOCAL BENCHMARKS COMPLETE ----
Ranks used : 1
GPU : False
Backend : simulator 
Molecule   Energy (Ha)      Error (Ha)     Ansatz               Corr   Iters    Time(s)    T/iter(s) 
H2         -1.790023        +0.6527 Ha     HWE (adaptive)       0.342  500      6.32       0.0126    
LiH        -5.816520        +2.0660 Ha     HWE (adaptive)       0.502  500      75.82      0.1516    
BeH2       -17.605428       +2.0103 Ha     HWE (adaptive)       0.501  500      133.25     0.2665    
H2O        -81.671273       +6.6588 Ha     HWE (adaptive)       0.502  500      156.92     0.3138    
