[    0.00s] Log started
[Config] GPU=requested
[Config] Molecules: ['H2', 'LiH', 'BeH2', 'H2O']
[Config] Resolver: max_qubits=20, cache=.pubchem_cache/
[Stack] GPU statevector (cuStateVec) avai[Chemistry:H2] 15 Pauli terms, 4 qubits, 24 params, reps=1. FCI reference: -1.1373 Ha 
[Ansatz] HWE (adaptive) (auto) | corr_score=0.342 | off_diag_ratio=0.056
[Reason] score=0.342 in [0.25, 0.55). Moderate correlation (off_diag_ratio=0.056, zz_frac=0.667). Adaptive 
[Ansatz] HWE (adaptive) (auto) | corr_s[Resolver] 'LiH' found in local registry 
[Chemistry:LiH] 631 Pauli terms, 12 qubits, 96 params, reps=2. FCI reference: -7.8825 Ha 
[Ansatz] HWE (adaptive) (auto) | corr_score=0.502 | off_diag_ratio=0.007
[Reason] score=0.502 in [0.25, 0.55). Moderate correlation (off_diag_ratio=0.007, zz_frac=0.979). Adaptive HWE with full entanglement recommended.
[Resolver] 'BeH2' found in local registry 
[Chemistry:BeH2] 666 Pauli terms, 14 qubits, 112 params, reps=2. FCI reference: -15.5951 Ha 
[Ansatz] HWE (adaptive) (auto) | corr_score=0.501 | off_diag_ratio=0.004
[Reason] score=0.501 in [0.25, 0.55). Moderate correlation (off_diag_ratio=0.004, zz_frac=0.977). Adaptive HWE with full entanglement recommended.
[Resolver] 'H2O' found in local registry 
[Chemistry:H2O] 1086 Pauli terms, 14 qubits, 112 params, reps=2. FCI reference: -75.0124 Ha 
[Ansatz] HWE (adaptive) (auto) | corr_score=0.502 | off_diag_ratio=0.007
[Reason] score=0.502 in [0.25, 0.55). Moderate correlation (off_diag_ratio=0.007, zz_frac=0.986). Adaptive HWE with full entanglement recommended.
[Resolver] 'LiH' found in local registry 
[Chemistry:LiH] 631 Pauli terms, 12 qubits, 96 params, reps=2. FCI reference: -7.8825 Ha 
[Ansatz] HWE (adaptive) (auto) | corr_score=0.502 | off_diag_ratio=0.007
[Reason] score=0.502 in [0.25, 0.55). Moderate correlation (off_diag_ratio=0.007, zz_frac=0.979). Adaptive HWE with full entanglement recommended.
[Resolver] 'LiH' found in local registry 
[Chemistry:LiH] 631 Pauli terms, 12 qubits, 96 params, reps=2. FCI reference: -7.8825 Ha 
[Ansatz] HWE (adaptive) (auto) | corr_score=0.502 | off_diag_ratio=0.007
[Reason] score=0.502 in [0.25, 0.55). Moderate correlation (off_diag_ratio=0.007, zz_frac=0.979). Adaptive HWE with full entanglement recommended.
[  771.10s] Log closed
77.6321 | Path: GPU-cuStateVec MPI-distributed (2 ranks)
Iter 0014 | Energy: -0.041947 | Delta: 4.41e-03 | M: 11397.0832 | Path: GPU-cuStateVec MPI-distributed (2 ranks)
Iter 0015 | Energy: -0.049653 | Delta: 7.71e-03 | M: 9062.4752 | Path: GPU-cuStateVec MPI-distributed (2 ranks)
[RESILIENCE] Iteration 15: Global theta state checkpointed at path checkpoints/H2/checkpoint_iter_0015.npy. 
Iter 0016 | Energy: -0.047697 | Delta: 1.96e-03 | M: 8506.7548 | Path: GPU-cuStateVec MPI-distributed (2 ranks)
Iter 0017 | Energy: -0.045866 | Delta: 1.83e-03 | M: 11525.0179 | Path: GPU-cuStateVec MPI-distributed (2 ranks)
Iter 0018 | Energy: -0.051388 | Delta: 5.52e-03 | M: 11239.9323 | Path: GPU-cuStateVec MPI-distributed (2 ranks)
Iter 0019 | Energy: -0.055030 | Delta: 3.64e-03 | M: 8964.0051 | Path: GPU-cuStateVec MPI-distributed (2 ranks)
Iter 0020 | Energy: -0.056306 | Delta: 1.28e-03 | M: 8914.4421 | Path: GPU-cuStateVec MPI-distributed (2 ranks)
[RESILIENCE] Iteration 20: Global theta state checkpointed at path checkpoints/H2/checkpoint_iter_0020.npy. 
Iter 0021 | Energy: -0.055543 | Delta: 7.63e-04 | M: 9207.1320 | Path: GPU-cuStateVec MPI-distributed (2 ranks)
Iter 0022 | Energy: -0.061926 | Delta: 6.38e-03 | M: 9025.0642 | Path: GPU-cuStateVec MPI-distributed (2 ranks)
Iter 0023 | Energy: -0.061371 | Delta: 5.56e-04 | M: 452.8309 | Path: GPU-cuStateVec MPI-distributed (2 ranks)
Iter 0024 | Energy: -0.052939 | Delta: 8.43e-03 | M: 9381.9135 | Path: GPU-cuStateVec MPI-distributed (2 ranks)
Iter 0025 | Energy: -0.057413 | Delta: 4.47e-03 | M: 11100.8907 | Path: GPU-cuStateVec MPI-distributed (2 ranks)
[RESILIENCE] Iteration 25: Global theta state checkpointed at path checkpoints/H2/checkpoint_iter_0025.npy. 
Iter 0026 | Energy: -0.072205 | Delta: 1.48e-02 | M: 11076.3411 | Path: GPU-cuStateVec MPI-distributed (2 ranks)
Iter 0027 | Energy: -0.082031 | Delta: 9.83e-03 | M: 11201.7108 | Path: GPU-cuStateVec MPI-distributed (2 ranks)
Iter 0028 | Energy: -0.088259 | Delta: 6.23e-03 | M: 11453.1749 | Path: GPU-cuStateVec MPI-distributed (2 ranks)
Iter 0029 | Energy: -0.083477 | Delta: 4.78e-03 | M: 8702.3060 | Path: GPU-cuStateVec MPI-distributed (2 ranks)
Iter 0030 | Energy: -0.087601 | Delta: 4.12e-03 | M: 9172.7226 | Path: GPU-cuStateVec MPI-distributed (2 ranks)
[RESILIENCE] Iteration 30: Global theta state checkpointed at path checkpoints/H2/checkpoint_iter_0030.npy. 
Iter 0031 | Energy: -0.095204 | Delta: 7.60e-03 | M: 9223.4487 | Path: GPU-cuStateVec MPI-distributed (2 ranks)
Iter 0032 | Energy: -0.104732 | Delta: 9.53e-03 | M: 8923.2168 | Path: GPU-cuStateVec MPI-distributed (2 ranks)
Iter 0033 | Energy: -0.105180 | Delta: 4.48e-04 | M: 11287.2412 | Path: GPU-cuStateVec MPI-distributed (2 ranks)
Iter 0034 | Energy: -0.107591 | Delta: 2.41e-03 | M: 10786.6347 | Path: GPU-cuStateVec MPI-distributed (2 ranks)
Iter 0035 | Energy: -0.117344 | Delta: 9.75e-03 | M: 11615.3724 | Path: GPU-cuStateVec MPI-distributed (2 ranks)
[RESILIENCE] Iteration 35: Global theta state checkpointed at path checkpoints/H2/checkpoint_iter_0035.npy. 
Iter 0036 | Energy: -0.125186 | Delta: 7.84e-03 | M: 9368.9515 | Path: GPU-cuStateVec MPI-distributed (2 ranks)
Iter 0037 | Energy: -0.123267 | Delta: 1.92e-03 | M: 10922.0163 | Path: GPU-cuStateVec MPI-distributed (2 ranks)
Iter 0038 | Energy: -0.137322 | Delta: 1.41e-02 | M: 7744.8136 | Path: GPU-cuStateVec MPI-distributed (2 ranks)
Iter 0039 | Energy: -0.152753 | Delta: 1.54e-02 | M: 11456.6306 | Path: GPU-cuStateVec MPI-distributed (2 ranks)
Iter 0040 | Energy: -0.157060 | Delta: 4.31e-03 | M: 11658.4720 | Path: GPU-cuStateVec MPI-distributed (2 ranks)
[RESILIENCE] Iteration 40: Global theta state checkpointed at path checkpoints/H2/checkpoint_iter_0040.npy. 
Iter 0041 | Energy: -0.157721 | Delta: 6.61e-04 | M: 9031.7375 | Path: GPU-cuStateVec MPI-distributed (2 ranks)
Iter 0042 | Energy: -0.156961 | Delta: 7.60e-04 | M: 8538.7446 | Path: GPU-cuStateVec MPI-distributed (2 ranks)
Iter 0043 | Energy: -0.162177 | Delta: 5.22e-03 | M: 11355.3645 | Path: GPU-cuStateVec MPI-distributed (2 ranks)
Iter 0044 | Energy: -0.179111 | Delta: 1.69e-02 | M: 9221.2766 | Path: GPU-cuStateVec MPI-distributed (2 ranks)
Iter 0045 | Energy: -0.188373 | Delta: 9.26e-03 | M: 8986.2113 | Path: GPU-cuStateVec MPI-distributed (2 ranks)
[RESILIENCE] Iteration 45: Global theta state checkpointed at path checkpoints/H2/checkpoint_iter_0045.npy. 
Iter 0046 | Energy: -0.200790 | Delta: 1.24e-02 | M: 9019.3882 | Path: GPU-cuStateVec MPI-distributed (2 ranks)
Iter 0047 | Energy: -0.197062 | Delta: 3.73e-03 | M: 9277.1317 | Path: GPU-cuStateVec MPI-distributed (2 ranks)
Iter 0048 | Energy: -0.189798 | Delta: 7.26e-03 | M: 9393.2139 | Path: GPU-cuStateVec MPI-distributed (2 ranks)
Iter 0049 | Energy: -0.205025 | Delta: 1.52e-02 | M: 11512.5953 | Path: GPU-cuStateVec MPI-distributed (2 ranks)
Iter 0050 | Energy: -0.234639 | Delta: 2.96e-02 | M: 8655.6971 | Path: GPU-cuStateVec MPI-distributed (2 ranks)
[RESILIENCE] Iteration 50: Global theta state checkpointed at path checkpoints/H2/checkpoint_iter_0050.npy. 
Iter 0051 | Energy: -0.230608 | Delta: 4.03e-03 | M: 9314.7746 | Path: GPU-cuStateVec MPI-distributed (2 ranks)
Iter 0052 | Energy: -0.238507 | Delta: 7.90e-03 | M: 9103.0978 | Path: GPU-cuStateVec MPI-distributed (2 ranks)
Iter 0053 | Energy: -0.245525 | Delta: 7.02e-03 | M: 11226.4993 | Path: GPU-cuStateVec MPI-distributed (2 ranks)
Iter 0054 | Energy: -0.237356 | Delta: 8.17e-03 | M: 8994.3029 | Path: GPU-cuStateVec MPI-distributed (2 ranks)
Iter 0055 | Energy: -0.259306 | Delta: 2.19e-02 | M: 9214.0443 | Path: GPU-cuStateVec MPI-distributed (2 ranks)
[RESILIENCE] Iteration 55: Global theta state checkpointed at path checkpoints/H2/checkpoint_iter_0055.npy. 
Iter 0056 | Energy: -0.275362 | Delta: 1.61e-02 | M: 8746.7151 | Path: GPU-cuStateVec MPI-distributed (2 ranks)
Iter 0057 | Energy: -0.272275 | Delta: 3.09e-03 | M: 9392.5319 | Path: GPU-cuStateVec MPI-distributed (2 ranks)
Iter 0058 | Energy: -0.292185 | Delta: 1.99e-02 | M: 9225.1078 | Path: GPU-cuStateVec MPI-distributed (2 ranks)
Iter 0059 | Energy: -0.302573 | Delta: 1.04e-02 | M: 9128.4835 | Path: GPU-cuStateVec MPI-distributed (2 ranks)
Iter 0060 | Energy: -0.349488 | Delta: 4.69e-02 | M: 11488.5230 | Path: GPU-cuStateVec MPI-distributed (2 ranks)
[RESILIENCE] Iteration 60: Global theta state checkpointed at path checkpoints/H2/checkpoint_iter_0060.npy. 
Iter 0061 | Energy: -0.377147 | Delta: 2.77e-02 | M: 11703.0754 | Path: GPU-cuStateVec MPI-distributed (2 ranks)
Iter 0062 | Energy: -0.377085 | Delta: 6.25e-05 | M: 11707.3263 | Path: GPU-cuStateVec MPI-distributed (2 ranks)
Iter 0063 | Energy: -0.378766 | Delta: 1.68e-03 | M: 8772.4761 | Path: GPU-cuStateVec MPI-distributed (2 ranks)
Iter 0064 | Energy: -0.397378 | Delta: 1.86e-02 | M: 11341.0464 | Path: GPU-cuStateVec MPI-distributed (2 ranks)
Iter 0065 | Energy: -0.428638 | Delta: 3.13e-02 | M: 493.0335 | Path: GPU-cuStateVec MPI-distributed (2 ranks)
[RESILIENCE] Iteration 65: Global theta state checkpointed at path checkpoints/H2/checkpoint_iter_0065.npy. 
Iter 0066 | Energy: -0.428725 | Delta: 8.65e-05 | M: 459.2131 | Path: GPU-cuStateVec MPI-distributed (2 ranks)
Iter 0067 | Energy: -0.456223 | Delta: 2.75e-02 | M: 8902.4622 | Path: GPU-cuStateVec MPI-distributed (2 ranks)
Iter 0068 | Energy: -0.477559 | Delta: 2.13e-02 | M: 9265.5562 | Path: GPU-cuStateVec MPI-distributed (2 ranks)
Iter 0069 | Energy: -0.481686 | Delta: 4.13e-03 | M: 9370.2222 | Path: GPU-cuStateVec MPI-distributed (2 ranks)
Iter 0070 | Energy: -0.489568 | Delta: 7.88e-03 | M: 9203.6258 | Path: GPU-cuStateVec MPI-distributed (2 ranks)
[RESILIENCE] Iteration 70: Global theta state checkpointed at path checkpoints/H2/checkpoint_iter_0070.npy. 
Iter 0071 | Energy: -0.488210 | Delta: 1.36e-03 | M: 11243.0163 | Path: GPU-cuStateVec MPI-distributed (2 ranks)
Iter 0072 | Energy: -0.492942 | Delta: 4.73e-03 | M: 10410.5634 | Path: GPU-cuStateVec MPI-distributed (2 ranks)
Iter 0073 | Energy: -0.555441 | Delta: 6.25e-02 | M: 11878.2487 | Path: GPU-cuStateVec MPI-distributed (2 ranks)
Iter 0074 | Energy: -0.558116 | Delta: 2.67e-03 | M: 8997.6437 | Path: GPU-cuStateVec MPI-distributed (2 ranks)
Iter 0075 | Energy: -0.557646 | Delta: 4.70e-04 | M: 8870.4335 | Path: GPU-cuStateVec MPI-distributed (2 ranks)
[RESILIENCE] Iteration 75: Global theta state checkpointed at path checkpoints/H2/checkpoint_iter_0075.npy. 
Iter 0076 | Energy: -0.555519 | Delta: 2.13e-03 | M: 9201.2007 | Path: GPU-cuStateVec MPI-distributed (2 ranks)
Iter 0077 | Energy: -0.569376 | Delta: 1.39e-02 | M: 11612.1289 | Path: GPU-cuStateVec MPI-distributed (2 ranks)
Iter 0078 | Energy: -0.593032 | Delta: 2.37e-02 | M: 9019.8276 | Path: GPU-cuStateVec MPI-distributed (2 ranks)
Iter 0079 | Energy: -0.586227 | Delta: 6.81e-03 | M: 9209.2228 | Path: GPU-cuStateVec MPI-distributed (2 ranks)
Iter 0080 | Energy: -0.591151 | Delta: 4.92e-03 | M: 9600.3805 | Path: GPU-cuStateVec MPI-distributed (2 ranks)
[RESILIENCE] Iteration 80: Global theta state checkpointed at path checkpoints/H2/checkpoint_iter_0080.npy. 
Iter 0081 | Energy: -0.608018 | Delta: 1.69e-02 | M: 9140.3091 | Path: GPU-cuStateVec MPI-distributed (2 ranks)
Iter 0082 | Energy: -0.603117 | Delta: 4.90e-03 | M: 9254.1966 | Path: GPU-cuStateVec MPI-distributed (2 ranks)
Iter 0083 | Energy: -0.603431 | Delta: 3.14e-04 | M: 11930.3684 | Path: GPU-cuStateVec MPI-distributed (2 ranks)
Iter 0084 | Energy: -0.623809 | Delta: 2.04e-02 | M: 9460.4773 | Path: GPU-cuStateVec MPI-distributed (2 ranks)
Iter 0085 | Energy: -0.618667 | Delta: 5.14e-03 | M: 10680.3666 | Path: GPU-cuStateVec MPI-distributed (2 ranks)
[RESILIENCE] Iteration 85: Global theta state checkpointed at path checkpoints/H2/checkpoint_iter_0085.npy. 
Iter 0086 | Energy: -0.648739 | Delta: 3.01e-02 | M: 8984.2066 | Path: GPU-cuStateVec MPI-distributed (2 ranks)
Iter 0087 | Energy: -0.645768 | Delta: 2.97e-03 | M: 9517.6595 | Path: GPU-cuStateVec MPI-distributed (2 ranks)
Iter 0088 | Energy: -0.648330 | Delta: 2.56e-03 | M: 9177.2508 | Path: GPU-cuStateVec MPI-distributed (2 ranks)
Iter 0089 | Energy: -0.652072 | Delta: 3.74e-03 | M: 9034.7927 | Path: GPU-cuStateVec MPI-distributed (2 ranks)
Iter 0090 | Energy: -0.663115 | Delta: 1.10e-02 | M: 11009.2075 | Path: GPU-cuStateVec MPI-distributed (2 ranks)
[RESILIENCE] Iteration 90: Global theta state checkpointed at path checkpoints/H2/checkpoint_iter_0090.npy. 
Iter 0091 | Energy: -0.667072 | Delta: 3.96e-03 | M: 8904.4839 | Path: GPU-cuStateVec MPI-distributed (2 ranks)
Iter 0092 | Energy: -0.686643 | Delta: 1.96e-02 | M: 8892.1122 | Path: GPU-cuStateVec MPI-distributed (2 ranks)
Iter 0093 | Energy: -0.717692 | Delta: 3.10e-02 | M: 8844.6915 | Path: GPU-cuStateVec MPI-distributed (2 ranks)
Iter 0094 | Energy: -0.725276 | Delta: 7.58e-03 | M: 9364.7165 | Path: GPU-cuStateVec MPI-distributed (2 ranks)
Iter 0095 | Energy: -0.760465 | Delta: 3.52e-02 | M: 9402.4920 | Path: GPU-cuStateVec MPI-distributed (2 ranks)
[RESILIENCE] Iteration 95: Global theta state checkpointed at path checkpoints/H2/checkpoint_iter_0095.npy. 
Iter 0096 | Energy: -0.760575 | Delta: 1.10e-04 | M: 11616.5403 | Path: GPU-cuStateVec MPI-distributed (2 ranks)
Iter 0097 | Energy: -0.792131 | Delta: 3.16e-02 | M: 11589.2205 | Path: GPU-cuStateVec MPI-distributed (2 ranks)
Iter 0098 | Energy: -0.811251 | Delta: 1.91e-02 | M: 9463.6817 | Path: GPU-cuStateVec MPI-distributed (2 ranks)
Iter 0099 | Energy: -0.834872 | Delta: 2.36e-02 | M: 9500.2721 | Path: GPU-cuStateVec MPI-distributed (2 ranks)
Iter 0100 | Energy: -0.866477 | Delta: 3.16e-02 | M: 9123.0935 | Path: GPU-cuStateVec MPI-distributed (2 ranks)
[RESILIENCE] Iteration 100: Global theta state checkpointed at path checkpoints/H2/checkpoint_iter_0100.npy. 
Iter 0101 | Energy: -0.858003 | Delta: 8.47e-03 | M: 8887.4280 | Path: GPU-cuStateVec MPI-distributed (2 ranks)
Iter 0102 | Energy: -0.907781 | Delta: 4.98e-02 | M: 10785.2209 | Path: GPU-cuStateVec MPI-distributed (2 ranks)
Iter 0103 | Energy: -0.914757 | Delta: 6.98e-03 | M: 8534.3702 | Path: GPU-cuStateVec MPI-distributed (2 ranks)
Iter 0104 | Energy: -0.910524 | Delta: 4.23e-03 | M: 9053.0134 | Path: GPU-cuStateVec MPI-distributed (2 ranks)
Iter 0105 | Energy: -0.916545 | Delta: 6.02e-03 | M: 11918.4361 | Path: GPU-cuStateVec MPI-distributed (2 ranks)
[RESILIENCE] Iteration 105: Global theta state checkpointed at path checkpoints/H2/checkpoint_iter_0105.npy. 
Iter 0106 | Energy: -0.913122 | Delta: 3.42e-03 | M: 9211.4407 | Path: GPU-cuStateVec MPI-distributed (2 ranks)
Iter 0107 | Energy: -0.935058 | Delta: 2.19e-02 | M: 9042.6909 | Path: GPU-cuStateVec MPI-distributed (2 ranks)
Iter 0108 | Energy: -0.939233 | Delta: 4.17e-03 | M: 8943.6643 | Path: GPU-cuStateVec MPI-distributed (2 ranks)
Iter 0109 | Energy: -0.938823 | Delta: 4.09e-04 | M: 8920.6279 | Path: GPU-cuStateVec MPI-distributed (2 ranks)
Iter 0110 | Energy: -0.951156 | Delta: 1.23e-02 | M: 9338.5275 | Path: GPU-cuStateVec MPI-distributed (2 ranks)
[RESILIENCE] Iteration 110: Global theta state checkpointed at path checkpoints/H2/checkpoint_iter_0110.npy. 
Iter 0111 | Energy: -0.972435 | Delta: 2.13e-02 | M: 11347.8479 | Path: GPU-cuStateVec MPI-distributed (2 ranks)
Iter 0112 | Energy: -1.014662 | Delta: 4.22e-02 | M: 9333.3732 | Path: GPU-cuStateVec MPI-distributed (2 ranks)
Iter 0113 | Energy: -1.021855 | Delta: 7.19e-03 | M: 11794.1289 | Path: GPU-cuStateVec MPI-distributed (2 ranks)
Iter 0114 | Energy: -1.039026 | Delta: 1.72e-02 | M: 10788.0689 | Path: GPU-cuStateVec MPI-distributed (2 ranks)
Iter 0115 | Energy: -1.078631 | Delta: 3.96e-02 | M: 8867.1200 | Path: GPU-cuStateVec MPI-distributed (2 ranks)
[RESILIENCE] Iteration 115: Global theta state checkpointed at path checkpoints/H2/checkpoint_iter_0115.npy. 
Iter 0116 | Energy: -1.074066 | Delta: 4.57e-03 | M: 8940.2391 | Path: GPU-cuStateVec MPI-distributed (2 ranks)
Iter 0117 | Energy: -1.080843 | Delta: 6.78e-03 | M: 57.6470 | Path: GPU-cuStateVec MPI-distributed (2 ranks)
Iter 0118 | Energy: -1.077193 | Delta: 3.65e-03 | M: 181.7128 | Path: GPU-cuStateVec MPI-distributed (2 ranks)
Iter 0119 | Energy: -1.098943 | Delta: 2.18e-02 | M: 62.7959 | Path: GPU-cuStateVec MPI-distributed (2 ranks)
Iter 0120 | Energy: -1.113970 | Delta: 1.50e-02 | M: 11284.2573 | Path: GPU-cuStateVec MPI-distributed (2 ranks)
[RESILIENCE] Iteration 120: Global theta state checkpointed at path checkpoints/H2/checkpoint_iter_0120.npy. 
Iter 0121 | Energy: -1.120281 | Delta: 6.31e-03 | M: 57.5971 | Path: GPU-cuStateVec MPI-distributed (2 ranks)
Iter 0122 | Energy: -1.117180 | Delta: 3.10e-03 | M: 8920.9109 | Path: GPU-cuStateVec MPI-distributed (2 ranks)
Iter 0123 | Energy: -1.131374 | Delta: 1.42e-02 | M: 62.3767 | Path: GPU-cuStateVec MPI-distributed (2 ranks)
Iter 0124 | Energy: -1.130586 | Delta: 7.89e-04 | M: 8675.0443 | Path: GPU-cuStateVec MPI-distributed (2 ranks)
Iter 0125 | Energy: -1.134508 | Delta: 3.92e-03 | M: 7695.9206 | Path: GPU-cuStateVec MPI-distributed (2 ranks)
[RESILIENCE] Iteration 125: Global theta state checkpointed at path checkpoints/H2/checkpoint_iter_0125.npy. 
Iter 0126 | Energy: -1.134896 | Delta: 3.87e-04 | M: 8926.9115 | Path: GPU-cuStateVec MPI-distributed (2 ranks)
NOTE: Energy -1.1695 crossed below FCI -1.1373 at iter 127 — HWE ansatz leaving physical sector (expected limitation)
Iter 0127 | Energy: -1.169454 | Delta: 3.46e-02 | M: 11698.4573 | Path: GPU-cuStateVec MPI-distributed (2 ranks)
Iter 0128 | Energy: -1.161551 | Delta: 7.90e-03 | M: 11664.4261 | Path: GPU-cuStateVec MPI-distributed (2 ranks)
Iter 0129 | Energy: -1.165341 | Delta: 3.79e-03 | M: 11714.3564 | Path: GPU-cuStateVec MPI-distributed (2 ranks)
Iter 0130 | Energy: -1.162592 | Delta: 2.75e-03 | M: 8898.5882 | Path: GPU-cuStateVec MPI-distributed (2 ranks)
[RESILIENCE] Iteration 130: Global theta state checkpointed at path checkpoints/H2/checkpoint_iter_0130.npy. 
Iter 0131 | Energy: -1.166031 | Delta: 3.44e-03 | M: 9208.8689 | Path: GPU-cuStateVec MPI-distributed (2 ranks)
Iter 0132 | Energy: -1.172081 | Delta: 6.05e-03 | M: 9173.7517 | Path: GPU-cuStateVec MPI-distributed (2 ranks)
Iter 0133 | Energy: -1.169426 | Delta: 2.66e-03 | M: 9210.5675 | Path: GPU-cuStateVec MPI-distributed (2 ranks)
Iter 0134 | Energy: -1.178971 | Delta: 9.54e-03 | M: 9396.6312 | Path: GPU-cuStateVec MPI-distributed (2 ranks)
Iter 0135 | Energy: -1.182285 | Delta: 3.31e-03 | M: 9383.1696 | Path: GPU-cuStateVec MPI-distributed (2 ranks)
[RESILIENCE] Iteration 135: Global theta state checkpointed at path checkpoints/H2/checkpoint_iter_0135.npy. 
Iter 0136 | Energy: -1.177917 | Delta: 4.37e-03 | M: 8996.9690 | Path: GPU-cuStateVec MPI-distributed (2 ranks)
Iter 0137 | Energy: -1.179370 | Delta: 1.45e-03 | M: 8936.0212 | Path: GPU-cuStateVec MPI-distributed (2 ranks)
Iter 0138 | Energy: -1.186667 | Delta: 7.30e-03 | M: 8601.6527 | Path: GPU-cuStateVec MPI-distributed (2 ranks)
Iter 0139 | Energy: -1.188373 | Delta: 1.71e-03 | M: 9276.5233 | Path: GPU-cuStateVec MPI-distributed (2 ranks)
Iter 0140 | Energy: -1.187870 | Delta: 5.03e-04 | M: 8845.9952 | Path: GPU-cuStateVec MPI-distributed (2 ranks)
[RESILIENCE] Iteration 140: Global theta state checkpointed at path checkpoints/H2/checkpoint_iter_0140.npy. 
Iter 0141 | Energy: -1.212090 | Delta: 2.42e-02 | M: 8990.5879 | Path: GPU-cuStateVec MPI-distributed (2 ranks)
Iter 0142 | Energy: -1.214721 | Delta: 2.63e-03 | M: 6999.9399 | Path: GPU-cuStateVec MPI-distributed (2 ranks)
Iter 0143 | Energy: -1.219015 | Delta: 4.29e-03 | M: 7416.5611 | Path: GPU-cuStateVec MPI-distributed (2 ranks)
Iter 0144 | Energy: -1.230619 | Delta: 1.16e-02 | M: 8167.2186 | Path: GPU-cuStateVec MPI-distributed (2 ranks)
Iter 0145 | Energy: -1.231294 | Delta: 6.75e-04 | M: 8306.1380 | Path: GPU-cuStateVec MPI-distributed (2 ranks)
[RESILIENCE] Iteration 145: Global theta state checkpointed at path checkpoints/H2/checkpoint_iter_0145.npy. 
Iter 0146 | Energy: -1.238420 | Delta: 7.13e-03 | M: 8842.1154 | Path: GPU-cuStateVec MPI-distributed (2 ranks)
Iter 0147 | Energy: -1.240041 | Delta: 1.62e-03 | M: 9082.3796 | Path: GPU-cuStateVec MPI-distributed (2 ranks)
Iter 0148 | Energy: -1.253496 | Delta: 1.35e-02 | M: 6737.7696 | Path: GPU-cuStateVec MPI-distributed (2 ranks)
Iter 0149 | Energy: -1.265603 | Delta: 1.21e-02 | M: 11295.9596 | Path: GPU-cuStateVec MPI-distributed (2 ranks)
Iter 0150 | Energy: -1.270863 | Delta: 5.26e-03 | M: 9183.8254 | Path: GPU-cuStateVec MPI-distributed (2 ranks)
[RESILIENCE] Iteration 150: Global theta state checkpointed at path checkpoints/H2/checkpoint_iter_0150.npy. 
Iter 0151 | Energy: -1.268570 | Delta: 2.29e-03 | M: 9456.3456 | Path: GPU-cuStateVec MPI-distributed (2 ranks)
Iter 0152 | Energy: -1.276877 | Delta: 8.31e-03 | M: 9081.0328 | Path: GPU-cuStateVec MPI-distributed (2 ranks)
Iter 0153 | Energy: -1.284514 | Delta: 7.64e-03 | M: 10329.1016 | Path: GPU-cuStateVec MPI-distributed (2 ranks)
Iter 0154 | Energy: -1.295406 | Delta: 1.09e-02 | M: 11829.0430 | Path: GPU-cuStateVec MPI-distributed (2 ranks)
Iter 0155 | Energy: -1.297339 | Delta: 1.93e-03 | M: 10880.6994 | Path: GPU-cuStateVec MPI-distributed (2 ranks)
[RESILIENCE] Iteration 155: Global theta state checkpointed at path checkpoints/H2/checkpoint_iter_0155.npy. 
Iter 0156 | Energy: -1.296740 | Delta: 5.99e-04 | M: 9005.9685 | Path: GPU-cuStateVec MPI-distributed (2 ranks)
Iter 0157 | Energy: -1.302708 | Delta: 5.97e-03 | M: 11730.1142 | Path: GPU-cuStateVec MPI-distributed (2 ranks)
Iter 0158 | Energy: -1.304841 | Delta: 2.13e-03 | M: 11484.9928 | Path: GPU-cuStateVec MPI-distributed (2 ranks)
Iter 0159 | Energy: -1.314083 | Delta: 9.24e-03 | M: 11361.3972 | Path: GPU-cuStateVec MPI-distributed (2 ranks)
Iter 0160 | Energy: -1.323153 | Delta: 9.07e-03 | M: 11197.5603 | Path: GPU-cuStateVec MPI-distributed (2 ranks)
[RESILIENCE] Iteration 160: Global theta state checkpointed at path checkpoints/H2/checkpoint_iter_0160.npy. 
Iter 0161 | Energy: -1.325430 | Delta: 2.28e-03 | M: 217.5919 | Path: GPU-cuStateVec MPI-distributed (2 ranks)
Iter 0162 | Energy: -1.331394 | Delta: 5.96e-03 | M: 9096.4344 | Path: GPU-cuStateVec MPI-distributed (2 ranks)
Iter 0163 | Energy: -1.330747 | Delta: 6.47e-04 | M: 9086.6206 | Path: GPU-cuStateVec MPI-distributed (2 ranks)
Iter 0164 | Energy: -1.332724 | Delta: 1.98e-03 | M: 9078.2338 | Path: GPU-cuStateVec MPI-distributed (2 ranks)
Iter 0165 | Energy: -1.333137 | Delta: 4.13e-04 | M: 9453.6541 | Path: GPU-cuStateVec MPI-distributed (2 ranks)
[RESILIENCE] Iteration 165: Global theta state checkpointed at path checkpoints/H2/checkpoint_iter_0165.npy. 
Iter 0166 | Energy: -1.331896 | Delta: 1.24e-03 | M: 9313.6548 | Path: GPU-cuStateVec MPI-distributed (2 ranks)
Iter 0167 | Energy: -1.335423 | Delta: 3.53e-03 | M: 10401.4649 | Path: GPU-cuStateVec MPI-distributed (2 ranks)
Iter 0168 | Energy: -1.342308 | Delta: 6.89e-03 | M: 9055.6611 | Path: GPU-cuStateVec MPI-distributed (2 ranks)
Iter 0169 | Energy: -1.351245 | Delta: 8.94e-03 | M: 9038.3817 | Path: GPU-cuStateVec MPI-distributed (2 ranks)
Iter 0170 | Energy: -1.355412 | Delta: 4.17e-03 | M: 442.6363 | Path: GPU-cuStateVec MPI-distributed (2 ranks)
[RESILIENCE] Iteration 170: Global theta state checkpointed at path checkpoints/H2/checkpoint_iter_0170.npy. 
Iter 0171 | Energy: -1.353259 | Delta: 2.15e-03 | M: 8958.6807 | Path: GPU-cuStateVec MPI-distributed (2 ranks)
Iter 0172 | Energy: -1.356363 | Delta: 3.10e-03 | M: 11206.7797 | Path: GPU-cuStateVec MPI-distributed (2 ranks)
Iter 0173 | Energy: -1.357287 | Delta: 9.24e-04 | M: 11491.4670 | Path: GPU-cuStateVec MPI-distributed (2 ranks)
Iter 0174 | Energy: -1.359004 | Delta: 1.72e-03 | M: 8969.1823 | Path: GPU-cuStateVec MPI-distributed (2 ranks)
Iter 0175 | Energy: -1.353181 | Delta: 5.82e-03 | M: 9422.6939 | Path: GPU-cuStateVec MPI-distributed (2 ranks)
[RESILIENCE] Iteration 175: Global theta state checkpointed at path checkpoints/H2/checkpoint_iter_0175.npy. 
Iter 0176 | Energy: -1.363325 | Delta: 1.01e-02 | M: 9058.5993 | Path: GPU-cuStateVec MPI-distributed (2 ranks)
Iter 0177 | Energy: -1.366474 | Delta: 3.15e-03 | M: 9183.0198 | Path: GPU-cuStateVec MPI-distributed (2 ranks)
Iter 0178 | Energy: -1.367146 | Delta: 6.72e-04 | M: 9312.2368 | Path: GPU-cuStateVec MPI-distributed (2 ranks)
Iter 0179 | Energy: -1.367449 | Delta: 3.03e-04 | M: 11206.0614 | Path: GPU-cuStateVec MPI-distributed (2 ranks)
Iter 0180 | Energy: -1.371866 | Delta: 4.42e-03 | M: 32.0140 | Path: GPU-cuStateVec MPI-distributed (2 ranks)
[RESILIENCE] Iteration 180: Global theta state checkpointed at path checkpoints/H2/checkpoint_iter_0180.npy. 
Iter 0181 | Energy: -1.377779 | Delta: 5.91e-03 | M: 18.0187 | Path: GPU-cuStateVec MPI-distributed (2 ranks)
Iter 0182 | Energy: -1.385216 | Delta: 7.44e-03 | M: 8374.9496 | Path: GPU-cuStateVec MPI-distributed (2 ranks)
Iter 0183 | Energy: -1.383623 | Delta: 1.59e-03 | M: 9344.7083 | Path: GPU-cuStateVec MPI-distributed (2 ranks)
Iter 0184 | Energy: -1.381520 | Delta: 2.10e-03 | M: 9297.0298 | Path: GPU-cuStateVec MPI-distributed (2 ranks)
Iter 0185 | Energy: -1.388368 | Delta: 6.85e-03 | M: 11366.6781 | Path: GPU-cuStateVec MPI-distributed (2 ranks)
[RESILIENCE] Iteration 185: Global theta state checkpointed at path checkpoints/H2/checkpoint_iter_0185.npy. 
Iter 0186 | Energy: -1.387086 | Delta: 1.28e-03 | M: 9015.6147 | Path: GPU-cuStateVec MPI-distributed (2 ranks)
Iter 0187 | Energy: -1.390614 | Delta: 3.53e-03 | M: 9271.3924 | Path: GPU-cuStateVec MPI-distributed (2 ranks)
Iter 0188 | Energy: -1.386489 | Delta: 4.12e-03 | M: 9254.3181 | Path: GPU-cuStateVec MPI-distributed (2 ranks)
Iter 0189 | Energy: -1.396734 | Delta: 1.02e-02 | M: 9078.6202 | Path: GPU-cuStateVec MPI-distributed (2 ranks)
Iter 0190 | Energy: -1.397083 | Delta: 3.50e-04 | M: 8941.0528 | Path: GPU-cuStateVec MPI-distributed (2 ranks)
[RESILIENCE] Iteration 190: Global theta state checkpointed at path checkpoints/H2/checkpoint_iter_0190.npy. 
Iter 0191 | Energy: -1.394238 | Delta: 2.85e-03 | M: 426.7252 | Path: GPU-cuStateVec MPI-distributed (2 ranks)
Iter 0192 | Energy: -1.403216 | Delta: 8.98e-03 | M: 9639.6625 | Path: GPU-cuStateVec MPI-distributed (2 ranks)
Iter 0193 | Energy: -1.402394 | Delta: 8.21e-04 | M: 9082.5953 | Path: GPU-cuStateVec MPI-distributed (2 ranks)
Iter 0194 | Energy: -1.407194 | Delta: 4.80e-03 | M: 9500.9724 | Path: GPU-cuStateVec MPI-distributed (2 ranks)
Iter 0195 | Energy: -1.408051 | Delta: 8.57e-04 | M: 9279.8811 | Path: GPU-cuStateVec MPI-distributed (2 ranks)
[RESILIENCE] Iteration 195: Global theta state checkpointed at path checkpoints/H2/checkpoint_iter_0195.npy. 
Iter 0196 | Energy: -1.415914 | Delta: 7.86e-03 | M: 7725.0323 | Path: GPU-cuStateVec MPI-distributed (2 ranks)
Iter 0197 | Energy: -1.415213 | Delta: 7.01e-04 | M: 9777.6961 | Path: GPU-cuStateVec MPI-distributed (2 ranks)
Iter 0198 | Energy: -1.409566 | Delta: 5.65e-03 | M: 8725.8918 | Path: GPU-cuStateVec MPI-distributed (2 ranks)
Iter 0199 | Energy: -1.420202 | Delta: 1.06e-02 | M: 8489.4785 | Path: GPU-cuStateVec MPI-distributed (2 ranks)
Iter 0200 | Energy: -1.420053 | Delta: 1.48e-04 | M: 8892.8220 | Path: GPU-cuStateVec MPI-distributed (2 ranks)
[RESILIENCE] Iteration 200: Global theta state checkpointed at path checkpoints/H2/checkpoint_iter_0200.npy. 
[VQE] Best physical energy: -1.134896 Ha (error: 0.0024 Ha) at iter 126
[VQE] Final energy -1.420053 is below FCI — reporting best physical result

[H2] Ansatz tier:hwe_adaptive
[H2] Corr score: 0.342 
[H2] Best physical energy: -1.134896 Ha 
[H2] Reference FCI : -1.137284 Ha 
[H2] Absolute error: +0.0024 Ha 
[H2] Iterations run: 200 (best at iter 126)
[H2] Wall time: 39.26s (includes QPU queue + RTT) 
[H2] Time/iter: 0.20 s 
[H2] Source: registry 
[H2] Active electrons: 2 
[H2] Estimated qubits: 4 


--- RUNNING CHEMISTRY TASK LiH ---
[Resolver] 'LiH' found in local registry 
[Chemistry:LiH] 631 Pauli terms, 12 qubits, 96 params, reps=2. FCI reference: -7.8825 Ha 
[Ansatz] HWE (adaptive) (auto) | corr_score=0.502 | off_diag_ratio=0.007
[Reason] score=0.502 in [0.25, 0.55). Moderate correlation (off_diag_ratio=0.007, zz_frac=0.979). Adaptive HWE with full entanglement recommended.
Iter 0001 | Energy: -0.446148 | Delta: inf | M: 10872.9592 | Path: GPU-cuStateVec MPI-distributed (2 ranks)
Iter 0002 | Energy: -0.454823 | Delta: 8.67e-03 | M: 11455.2411 | Path: GPU-cuStateVec MPI-distributed (2 ranks)
Iter 0003 | Energy: -0.412540 | Delta: 4.23e-02 | M: 10825.0223 | Path: GPU-cuStateVec MPI-distributed (2 ranks)
Iter 0004 | Energy: -0.399932 | Delta: 1.26e-02 | M: 10158.1397 | Path: GPU-cuStateVec MPI-distributed (2 ranks)
Iter 0005 | Energy: -0.415982 | Delta: 1.60e-02 | M: 10818.0658 | Path: GPU-cuStateVec MPI-distributed (2 ranks)
[RESILIENCE] Iteration 5: Global theta state checkpointed at path checkpoints/LiH/checkpoint_iter_0005.npy. 
Iter 0006 | Energy: -0.413792 | Delta: 2.19e-03 | M: 10603.9499 | Path: GPU-cuStateVec MPI-distributed (2 ranks)
Iter 0007 | Energy: -0.411301 | Delta: 2.49e-03 | M: 10577.8214 | Path: GPU-cuStateVec MPI-distributed (2 ranks)
Iter 0008 | Energy: -0.411249 | Delta: 5.21e-05 | M: 11405.4062 | Path: GPU-cuStateVec MPI-distributed (2 ranks)
Iter 0009 | Energy: -0.412543 | Delta: 1.29e-03 | M: 10927.4013 | Path: GPU-cuStateVec MPI-distributed (2 ranks)
Iter 0010 | Energy: -0.404811 | Delta: 7.73e-03 | M: 11321.1103 | Path: GPU-cuStateVec MPI-distributed (2 ranks)
[RESILIENCE] Iteration 10: Global theta state checkpointed at path checkpoints/LiH/checkpoint_iter_0010.npy. 
Iter 0011 | Energy: -0.403208 | Delta: 1.60e-03 | M: 10935.5862 | Path: GPU-cuStateVec MPI-distributed (2 ranks)
Iter 0012 | Energy: -0.428774 | Delta: 2.56e-02 | M: 10810.0469 | Path: GPU-cuStateVec MPI-distributed (2 ranks)
Iter 0013 | Energy: -0.406082 | Delta: 2.27e-02 | M: 10697.6655 | Path: GPU-cuStateVec MPI-distributed (2 ranks)
Iter 0014 | Energy: -0.411147 | Delta: 5.06e-03 | M: 13350.8147 | Path: GPU-cuStateVec MPI-distributed (2 ranks)
Iter 0015 | Energy: -0.406957 | Delta: 4.19e-03 | M: 10441.6444 | Path: GPU-cuStateVec MPI-distributed (2 ranks)
[RESILIENCE] Iteration 15: Global theta state checkpointed at path checkpoints/LiH/checkpoint_iter_0015.npy. 
Iter 0016 | Energy: -0.412794 | Delta: 5.84e-03 | M: 11452.9943 | Path: GPU-cuStateVec MPI-distributed (2 ranks)
Iter 0017 | Energy: -0.417260 | Delta: 4.47e-03 | M: 10443.8465 | Path: GPU-cuStateVec MPI-distributed (2 ranks)
Iter 0018 | Energy: -0.450204 | Delta: 3.29e-02 | M: 11295.5471 | Path: GPU-cuStateVec MPI-distributed (2 ranks)
Iter 0019 | Energy: -0.447903 | Delta: 2.30e-03 | M: 13172.9876 | Path: GPU-cuStateVec MPI-distributed (2 ranks)
Iter 0020 | Energy: -0.427132 | Delta: 2.08e-02 | M: 13288.0551 | Path: GPU-cuStateVec MPI-distributed (2 ranks)
[RESILIENCE] Iteration 20: Global theta state checkpointed at path checkpoints/LiH/checkpoint_iter_0020.npy. 
Iter 0021 | Energy: -0.441780 | Delta: 1.46e-02 | M: 10159.1112 | Path: GPU-cuStateVec MPI-distributed (2 ranks)
Iter 0022 | Energy: -0.439151 | Delta: 2.63e-03 | M: 10211.2342 | Path: GPU-cuStateVec MPI-distributed (2 ranks)
Iter 0023 | Energy: -0.454437 | Delta: 1.53e-02 | M: 11516.3912 | Path: GPU-cuStateVec MPI-distributed (2 ranks)
Iter 0024 | Energy: -0.459132 | Delta: 4.70e-03 | M: 10785.6170 | Path: GPU-cuStateVec MPI-distributed (2 ranks)
Iter 0025 | Energy: -0.450987 | Delta: 8.14e-03 | M: 14009.4183 | Path: GPU-cuStateVec MPI-distributed (2 ranks)
[RESILIENCE] Iteration 25: Global theta state checkpointed at path checkpoints/LiH/checkpoint_iter_0025.npy. 
Iter 0026 | Energy: -0.458987 | Delta: 8.00e-03 | M: 11414.0638 | Path: GPU-cuStateVec MPI-distributed (2 ranks)
Iter 0027 | Energy: -0.466759 | Delta: 7.77e-03 | M: 10281.8558 | Path: GPU-cuStateVec MPI-distributed (2 ranks)
Iter 0028 | Energy: -0.457552 | Delta: 9.21e-03 | M: 10860.3962 | Path: GPU-cuStateVec MPI-distributed (2 ranks)
Iter 0029 | Energy: -0.482201 | Delta: 2.46e-02 | M: 11298.2740 | Path: GPU-cuStateVec MPI-distributed (2 ranks)
Iter 0030 | Energy: -0.482023 | Delta: 1.78e-04 | M: 144.4251 | Path: GPU-cuStateVec MPI-distributed (2 ranks)
[RESILIENCE] Iteration 30: Global theta state checkpointed at path checkpoints/LiH/checkpoint_iter_0030.npy. 
Iter 0031 | Energy: -0.557966 | Delta: 7.59e-02 | M: 11412.8429 | Path: GPU-cuStateVec MPI-distributed (2 ranks)
Iter 0032 | Energy: -0.587280 | Delta: 2.93e-02 | M: 103.8801 | Path: GPU-cuStateVec MPI-distributed (2 ranks)
Iter 0033 | Energy: -0.602909 | Delta: 1.56e-02 | M: 9711.7054 | Path: GPU-cuStateVec MPI-distributed (2 ranks)
Iter 0034 | Energy: -0.604303 | Delta: 1.39e-03 | M: 9688.8464 | Path: GPU-cuStateVec MPI-distributed (2 ranks)
Iter 0035 | Energy: -0.608470 | Delta: 4.17e-03 | M: 10827.6170 | Path: GPU-cuStateVec MPI-distributed (2 ranks)
[RESILIENCE] Iteration 35: Global theta state checkpointed at path checkpoints/LiH/checkpoint_iter_0035.npy. 
Iter 0036 | Energy: -0.603876 | Delta: 4.59e-03 | M: 11236.7983 | Path: GPU-cuStateVec MPI-distributed (2 ranks)
Iter 0037 | Energy: -0.598694 | Delta: 5.18e-03 | M: 11238.3610 | Path: GPU-cuStateVec MPI-distributed (2 ranks)
Iter 0038 | Energy: -0.624113 | Delta: 2.54e-02 | M: 11142.3518 | Path: GPU-cuStateVec MPI-distributed (2 ranks)
Iter 0039 | Energy: -0.664522 | Delta: 4.04e-02 | M: 10791.4184 | Path: GPU-cuStateVec MPI-distributed (2 ranks)
Iter 0040 | Energy: -0.657312 | Delta: 7.21e-03 | M: 8458.0641 | Path: GPU-cuStateVec MPI-distributed (2 ranks)
[RESILIENCE] Iteration 40: Global theta state checkpointed at path checkpoints/LiH/checkpoint_iter_0040.npy. 
Iter 0041 | Energy: -0.661108 | Delta: 3.80e-03 | M: 8041.8211 | Path: GPU-cuStateVec MPI-distributed (2 ranks)
Iter 0042 | Energy: -0.665507 | Delta: 4.40e-03 | M: 195.0390 | Path: GPU-cuStateVec MPI-distributed (2 ranks)
Iter 0043 | Energy: -0.690731 | Delta: 2.52e-02 | M: 11047.2560 | Path: GPU-cuStateVec MPI-distributed (2 ranks)
Iter 0044 | Energy: -0.703530 | Delta: 1.28e-02 | M: 10883.3926 | Path: GPU-cuStateVec MPI-distributed (2 ranks)
Iter 0045 | Energy: -0.731756 | Delta: 2.82e-02 | M: 10852.3176 | Path: GPU-cuStateVec MPI-distributed (2 ranks)
[RESILIENCE] Iteration 45: Global theta state checkpointed at path checkpoints/LiH/checkpoint_iter_0045.npy. 
Iter 0046 | Energy: -0.754687 | Delta: 2.29e-02 | M: 11066.9247 | Path: GPU-cuStateVec MPI-distributed (2 ranks)
Iter 0047 | Energy: -0.777216 | Delta: 2.25e-02 | M: 11319.7356 | Path: GPU-cuStateVec MPI-distributed (2 ranks)
Iter 0048 | Energy: -0.870031 | Delta: 9.28e-02 | M: 13984.6511 | Path: GPU-cuStateVec MPI-distributed (2 ranks)
Iter 0049 | Energy: -0.893982 | Delta: 2.40e-02 | M: 11338.9994 | Path: GPU-cuStateVec MPI-distributed (2 ranks)
Iter 0050 | Energy: -0.959624 | Delta: 6.56e-02 | M: 10715.5288 | Path: GPU-cuStateVec MPI-distributed (2 ranks)
[RESILIENCE] Iteration 50: Global theta state checkpointed at path checkpoints/LiH/checkpoint_iter_0050.npy. 
Iter 0051 | Energy: -0.981075 | Delta: 2.15e-02 | M: 303.3736 | Path: GPU-cuStateVec MPI-distributed (2 ranks)
Iter 0052 | Energy: -0.979279 | Delta: 1.80e-03 | M: 13473.3896 | Path: GPU-cuStateVec MPI-distributed (2 ranks)
Iter 0053 | Energy: -0.979249 | Delta: 2.99e-05 | M: 13439.6155 | Path: GPU-cuStateVec MPI-distributed (2 ranks)
Iter 0054 | Energy: -0.984459 | Delta: 5.21e-03 | M: 12187.3694 | Path: GPU-cuStateVec MPI-distributed (2 ranks)
Iter 0055 | Energy: -0.971795 | Delta: 1.27e-02 | M: 112.2493 | Path: GPU-cuStateVec MPI-distributed (2 ranks)
[RESILIENCE] Iteration 55: Global theta state checkpointed at path checkpoints/LiH/checkpoint_iter_0055.npy. 
Iter 0056 | Energy: -1.110052 | Delta: 1.38e-01 | M: 11158.2074 | Path: GPU-cuStateVec MPI-distributed (2 ranks)
Iter 0057 | Energy: -1.129452 | Delta: 1.94e-02 | M: 11217.9284 | Path: GPU-cuStateVec MPI-distributed (2 ranks)
Iter 0058 | Energy: -1.162319 | Delta: 3.29e-02 | M: 11364.0457 | Path: GPU-cuStateVec MPI-distributed (2 ranks)
Iter 0059 | Energy: -1.183668 | Delta: 2.13e-02 | M: 10094.2933 | Path: GPU-cuStateVec MPI-distributed (2 ranks)
Iter 0060 | Energy: -1.191993 | Delta: 8.33e-03 | M: 252.9403 | Path: GPU-cuStateVec MPI-distributed (2 ranks)
[RESILIENCE] Iteration 60: Global theta state checkpointed at path checkpoints/LiH/checkpoint_iter_0060.npy. 
Iter 0061 | Energy: -1.205678 | Delta: 1.37e-02 | M: 103.0005 | Path: GPU-cuStateVec MPI-distributed (2 ranks)
Iter 0062 | Energy: -1.215614 | Delta: 9.94e-03 | M: 11373.3321 | Path: GPU-cuStateVec MPI-distributed (2 ranks)
Iter 0063 | Energy: -1.225177 | Delta: 9.56e-03 | M: 11013.8795 | Path: GPU-cuStateVec MPI-distributed (2 ranks)
Iter 0064 | Energy: -1.231903 | Delta: 6.73e-03 | M: 10726.6095 | Path: GPU-cuStateVec MPI-distributed (2 ranks)
Iter 0065 | Energy: -1.232243 | Delta: 3.41e-04 | M: 10542.5306 | Path: GPU-cuStateVec MPI-distributed (2 ranks)
[RESILIENCE] Iteration 65: Global theta state checkpointed at path checkpoints/LiH/checkpoint_iter_0065.npy. 
Iter 0066 | Energy: -1.257822 | Delta: 2.56e-02 | M: 14101.2407 | Path: GPU-cuStateVec MPI-distributed (2 ranks)
Iter 0067 | Energy: -1.329086 | Delta: 7.13e-02 | M: 11610.0122 | Path: GPU-cuStateVec MPI-distributed (2 ranks)
Iter 0068 | Energy: -1.372991 | Delta: 4.39e-02 | M: 13428.7129 | Path: GPU-cuStateVec MPI-distributed (2 ranks)
Iter 0069 | Energy: -1.380666 | Delta: 7.68e-03 | M: 10895.3069 | Path: GPU-cuStateVec MPI-distributed (2 ranks)
Iter 0070 | Energy: -1.419720 | Delta: 3.91e-02 | M: 11627.4662 | Path: GPU-cuStateVec MPI-distributed (2 ranks)
[RESILIENCE] Iteration 70: Global theta state checkpointed at path checkpoints/LiH/checkpoint_iter_0070.npy. 
Iter 0071 | Energy: -1.402267 | Delta: 1.75e-02 | M: 11025.8781 | Path: GPU-cuStateVec MPI-distributed (2 ranks)
Iter 0072 | Energy: -1.450290 | Delta: 4.80e-02 | M: 168.3503 | Path: GPU-cuStateVec MPI-distributed (2 ranks)
Iter 0073 | Energy: -1.464082 | Delta: 1.38e-02 | M: 11189.0909 | Path: GPU-cuStateVec MPI-distributed (2 ranks)
Iter 0074 | Energy: -1.475274 | Delta: 1.12e-02 | M: 11067.4960 | Path: GPU-cuStateVec MPI-distributed (2 ranks)
Iter 0075 | Energy: -1.481733 | Delta: 6.46e-03 | M: 10956.7788 | Path: GPU-cuStateVec MPI-distributed (2 ranks)
[RESILIENCE] Iteration 75: Global theta state checkpointed at path checkpoints/LiH/checkpoint_iter_0075.npy. 
Iter 0076 | Energy: -1.480686 | Delta: 1.05e-03 | M: 11978.0452 | Path: GPU-cuStateVec MPI-distributed (2 ranks)
Iter 0077 | Energy: -1.485331 | Delta: 4.64e-03 | M: 11127.1042 | Path: GPU-cuStateVec MPI-distributed (2 ranks)
Iter 0078 | Energy: -1.682273 | Delta: 1.97e-01 | M: 90.7216 | Path: GPU-cuStateVec MPI-distributed (2 ranks)
Iter 0079 | Energy: -1.736547 | Delta: 5.43e-02 | M: 13390.0649 | Path: GPU-cuStateVec MPI-distributed (2 ranks)
Iter 0080 | Energy: -1.964160 | Delta: 2.28e-01 | M: 11416.7476 | Path: GPU-cuStateVec MPI-distributed (2 ranks)
[RESILIENCE] Iteration 80: Global theta state checkpointed at path checkpoints/LiH/checkpoint_iter_0080.npy. 
Iter 0081 | Energy: -2.030033 | Delta: 6.59e-02 | M: 10536.2292 | Path: GPU-cuStateVec MPI-distributed (2 ranks)
Iter 0082 | Energy: -2.112504 | Delta: 8.25e-02 | M: 11294.5608 | Path: GPU-cuStateVec MPI-distributed (2 ranks)
Iter 0083 | Energy: -2.126721 | Delta: 1.42e-02 | M: 229.4463 | Path: GPU-cuStateVec MPI-distributed (2 ranks)
Iter 0084 | Energy: -2.171808 | Delta: 4.51e-02 | M: 136.1771 | Path: GPU-cuStateVec MPI-distributed (2 ranks)
Iter 0085 | Energy: -2.183595 | Delta: 1.18e-02 | M: 13723.0967 | Path: GPU-cuStateVec MPI-distributed (2 ranks)
[RESILIENCE] Iteration 85: Global theta state checkpointed at path checkpoints/LiH/checkpoint_iter_0085.npy. 
Iter 0086 | Energy: -2.167585 | Delta: 1.60e-02 | M: 10207.9899 | Path: GPU-cuStateVec MPI-distributed (2 ranks)
Iter 0087 | Energy: -2.330092 | Delta: 1.63e-01 | M: 11353.4235 | Path: GPU-cuStateVec MPI-distributed (2 ranks)
Iter 0088 | Energy: -2.368421 | Delta: 3.83e-02 | M: 14116.3276 | Path: GPU-cuStateVec MPI-distributed (2 ranks)
Iter 0089 | Energy: -2.372634 | Delta: 4.21e-03 | M: 10961.8182 | Path: GPU-cuStateVec MPI-distributed (2 ranks)
Iter 0090 | Energy: -2.473957 | Delta: 1.01e-01 | M: 209.8227 | Path: GPU-cuStateVec MPI-distributed (2 ranks)
[RESILIENCE] Iteration 90: Global theta state checkpointed at path checkpoints/LiH/checkpoint_iter_0090.npy. 
Iter 0091 | Energy: -2.480521 | Delta: 6.56e-03 | M: 11389.7292 | Path: GPU-cuStateVec MPI-distributed (2 ranks)
Iter 0092 | Energy: -2.631579 | Delta: 1.51e-01 | M: 9698.6430 | Path: GPU-cuStateVec MPI-distributed (2 ranks)
Iter 0093 | Energy: -2.628681 | Delta: 2.90e-03 | M: 10593.3644 | Path: GPU-cuStateVec MPI-distributed (2 ranks)
Iter 0094 | Energy: -2.714545 | Delta: 8.59e-02 | M: 11288.7721 | Path: GPU-cuStateVec MPI-distributed (2 ranks)
Iter 0095 | Energy: -2.724040 | Delta: 9.49e-03 | M: 10455.6468 | Path: GPU-cuStateVec MPI-distributed (2 ranks)
[RESILIENCE] Iteration 95: Global theta state checkpointed at path checkpoints/LiH/checkpoint_iter_0095.npy. 
Iter 0096 | Energy: -2.718926 | Delta: 5.11e-03 | M: 10658.4305 | Path: GPU-cuStateVec MPI-distributed (2 ranks)
Iter 0097 | Energy: -2.743565 | Delta: 2.46e-02 | M: 11206.9208 | Path: GPU-cuStateVec MPI-distributed (2 ranks)
Iter 0098 | Energy: -2.859181 | Delta: 1.16e-01 | M: 10309.5507 | Path: GPU-cuStateVec MPI-distributed (2 ranks)
Iter 0099 | Energy: -2.843596 | Delta: 1.56e-02 | M: 230.2910 | Path: GPU-cuStateVec MPI-distributed (2 ranks)
Iter 0100 | Energy: -2.894019 | Delta: 5.04e-02 | M: 11166.4971 | Path: GPU-cuStateVec MPI-distributed (2 ranks)
[RESILIENCE] Iteration 100: Global theta state checkpointed at path checkpoints/LiH/checkpoint_iter_0100.npy. 
Iter 0101 | Energy: -2.896094 | Delta: 2.07e-03 | M: 8784.2757 | Path: GPU-cuStateVec MPI-distributed (2 ranks)
Iter 0102 | Energy: -2.947467 | Delta: 5.14e-02 | M: 11998.4415 | Path: GPU-cuStateVec MPI-distributed (2 ranks)
Iter 0103 | Energy: -2.975088 | Delta: 2.76e-02 | M: 10708.0160 | Path: GPU-cuStateVec MPI-distributed (2 ranks)
Iter 0104 | Energy: -2.986883 | Delta: 1.18e-02 | M: 10876.5827 | Path: GPU-cuStateVec MPI-distributed (2 ranks)
Iter 0105 | Energy: -2.997162 | Delta: 1.03e-02 | M: 10468.6744 | Path: GPU-cuStateVec MPI-distributed (2 ranks)
[RESILIENCE] Iteration 105: Global theta state checkpointed at path checkpoints/LiH/checkpoint_iter_0105.npy. 
Iter 0106 | Energy: -3.095958 | Delta: 9.88e-02 | M: 10456.2639 | Path: GPU-cuStateVec MPI-distributed (2 ranks)
Iter 0107 | Energy: -3.180577 | Delta: 8.46e-02 | M: 10722.8093 | Path: GPU-cuStateVec MPI-distributed (2 ranks)
Iter 0108 | Energy: -3.188644 | Delta: 8.07e-03 | M: 11320.2031 | Path: GPU-cuStateVec MPI-distributed (2 ranks)
Iter 0109 | Energy: -3.172584 | Delta: 1.61e-02 | M: 9808.6186 | Path: GPU-cuStateVec MPI-distributed (2 ranks)
Iter 0110 | Energy: -3.193177 | Delta: 2.06e-02 | M: 11318.5431 | Path: GPU-cuStateVec MPI-distributed (2 ranks)
[RESILIENCE] Iteration 110: Global theta state checkpointed at path checkpoints/LiH/checkpoint_iter_0110.npy. 
Iter 0111 | Energy: -3.191055 | Delta: 2.12e-03 | M: 10610.7675 | Path: GPU-cuStateVec MPI-distributed (2 ranks)
Iter 0112 | Energy: -3.198627 | Delta: 7.57e-03 | M: 11133.6532 | Path: GPU-cuStateVec MPI-distributed (2 ranks)
Iter 0113 | Energy: -3.202927 | Delta: 4.30e-03 | M: 11008.8368 | Path: GPU-cuStateVec MPI-distributed (2 ranks)
Iter 0114 | Energy: -3.248558 | Delta: 4.56e-02 | M: 13126.1022 | Path: GPU-cuStateVec MPI-distributed (2 ranks)
Iter 0115 | Energy: -3.288243 | Delta: 3.97e-02 | M: 14478.5194 | Path: GPU-cuStateVec MPI-distributed (2 ranks)
[RESILIENCE] Iteration 115: Global theta state checkpointed at path checkpoints/LiH/checkpoint_iter_0115.npy. 
Iter 0116 | Energy: -3.422236 | Delta: 1.34e-01 | M: 11271.9352 | Path: GPU-cuStateVec MPI-distributed (2 ranks)
Iter 0117 | Energy: -3.506297 | Delta: 8.41e-02 | M: 11082.8349 | Path: GPU-cuStateVec MPI-distributed (2 ranks)
Iter 0118 | Energy: -3.489467 | Delta: 1.68e-02 | M: 10747.4250 | Path: GPU-cuStateVec MPI-distributed (2 ranks)
Iter 0119 | Energy: -3.501259 | Delta: 1.18e-02 | M: 11054.4303 | Path: GPU-cuStateVec MPI-distributed (2 ranks)
Iter 0120 | Energy: -3.485738 | Delta: 1.55e-02 | M: 10654.5512 | Path: GPU-cuStateVec MPI-distributed (2 ranks)
[RESILIENCE] Iteration 120: Global theta state checkpointed at path checkpoints/LiH/checkpoint_iter_0120.npy. 
Iter 0121 | Energy: -3.746870 | Delta: 2.61e-01 | M: 11861.2238 | Path: GPU-cuStateVec MPI-distributed (2 ranks)
Iter 0122 | Energy: -3.745760 | Delta: 1.11e-03 | M: 11073.9359 | Path: GPU-cuStateVec MPI-distributed (2 ranks)
Iter 0123 | Energy: -3.744025 | Delta: 1.73e-03 | M: 11448.2287 | Path: GPU-cuStateVec MPI-distributed (2 ranks)
Iter 0124 | Energy: -3.792083 | Delta: 4.81e-02 | M: 11476.6195 | Path: GPU-cuStateVec MPI-distributed (2 ranks)
Iter 0125 | Energy: -3.782375 | Delta: 9.71e-03 | M: 13425.6429 | Path: GPU-cuStateVec MPI-distributed (2 ranks)
[RESILIENCE] Iteration 125: Global theta state checkpointed at path checkpoints/LiH/checkpoint_iter_0125.npy. 
Iter 0126 | Energy: -3.788659 | Delta: 6.28e-03 | M: 10087.4767 | Path: GPU-cuStateVec MPI-distributed (2 ranks)
Iter 0127 | Energy: -3.803246 | Delta: 1.46e-02 | M: 10153.6967 | Path: GPU-cuStateVec MPI-distributed (2 ranks)
Iter 0128 | Energy: -3.819132 | Delta: 1.59e-02 | M: 12019.3140 | Path: GPU-cuStateVec MPI-distributed (2 ranks)
Iter 0129 | Energy: -3.922666 | Delta: 1.04e-01 | M: 11162.7561 | Path: GPU-cuStateVec MPI-distributed (2 ranks)
Iter 0130 | Energy: -3.937333 | Delta: 1.47e-02 | M: 320.9745 | Path: GPU-cuStateVec MPI-distributed (2 ranks)
[RESILIENCE] Iteration 130: Global theta state checkpointed at path checkpoints/LiH/checkpoint_iter_0130.npy. 
Iter 0131 | Energy: -4.060606 | Delta: 1.23e-01 | M: 11127.7405 | Path: GPU-cuStateVec MPI-distributed (2 ranks)
Iter 0132 | Energy: -4.099834 | Delta: 3.92e-02 | M: 219.8208 | Path: GPU-cuStateVec MPI-distributed (2 ranks)
Iter 0133 | Energy: -4.100946 | Delta: 1.11e-03 | M: 13620.2638 | Path: GPU-cuStateVec MPI-distributed (2 ranks)
Iter 0134 | Energy: -4.221305 | Delta: 1.20e-01 | M: 10484.2241 | Path: GPU-cuStateVec MPI-distributed (2 ranks)
Iter 0135 | Energy: -4.228292 | Delta: 6.99e-03 | M: 11390.6211 | Path: GPU-cuStateVec MPI-distributed (2 ranks)
[RESILIENCE] Iteration 135: Global theta state checkpointed at path checkpoints/LiH/checkpoint_iter_0135.npy. 
Iter 0136 | Energy: -4.239599 | Delta: 1.13e-02 | M: 11427.8172 | Path: GPU-cuStateVec MPI-distributed (2 ranks)
Iter 0137 | Energy: -4.235141 | Delta: 4.46e-03 | M: 11427.9856 | Path: GPU-cuStateVec MPI-distributed (2 ranks)
Iter 0138 | Energy: -4.290432 | Delta: 5.53e-02 | M: 10973.4244 | Path: GPU-cuStateVec MPI-distributed (2 ranks)
Iter 0139 | Energy: -4.301623 | Delta: 1.12e-02 | M: 11266.3391 | Path: GPU-cuStateVec MPI-distributed (2 ranks)
Iter 0140 | Energy: -4.305933 | Delta: 4.31e-03 | M: 11550.3393 | Path: GPU-cuStateVec MPI-distributed (2 ranks)
[RESILIENCE] Iteration 140: Global theta state checkpointed at path checkpoints/LiH/checkpoint_iter_0140.npy. 
Iter 0141 | Energy: -4.354837 | Delta: 4.89e-02 | M: 11374.6259 | Path: GPU-cuStateVec MPI-distributed (2 ranks)
Iter 0142 | Energy: -4.351094 | Delta: 3.74e-03 | M: 11030.8777 | Path: GPU-cuStateVec MPI-distributed (2 ranks)
Iter 0143 | Energy: -4.326112 | Delta: 2.50e-02 | M: 10976.8592 | Path: GPU-cuStateVec MPI-distributed (2 ranks)
Iter 0144 | Energy: -4.475066 | Delta: 1.49e-01 | M: 11195.1792 | Path: GPU-cuStateVec MPI-distributed (2 ranks)
Iter 0145 | Energy: -4.456953 | Delta: 1.81e-02 | M: 10704.5979 | Path: GPU-cuStateVec MPI-distributed (2 ranks)
[RESILIENCE] Iteration 145: Global theta state checkpointed at path checkpoints/LiH/checkpoint_iter_0145.npy. 
Iter 0146 | Energy: -4.544984 | Delta: 8.80e-02 | M: 12995.7562 | Path: GPU-cuStateVec MPI-distributed (2 ranks)
Iter 0147 | Energy: -4.543223 | Delta: 1.76e-03 | M: 11003.0666 | Path: GPU-cuStateVec MPI-distributed (2 ranks)
Iter 0148 | Energy: -4.535145 | Delta: 8.08e-03 | M: 10628.2154 | Path: GPU-cuStateVec MPI-distributed (2 ranks)
Iter 0149 | Energy: -4.768158 | Delta: 2.33e-01 | M: 10681.3235 | Path: GPU-cuStateVec MPI-distributed (2 ranks)
Iter 0150 | Energy: -4.838036 | Delta: 6.99e-02 | M: 10872.2047 | Path: GPU-cuStateVec MPI-distributed (2 ranks)
[RESILIENCE] Iteration 150: Global theta state checkpointed at path checkpoints/LiH/checkpoint_iter_0150.npy. 
Iter 0151 | Energy: -4.876817 | Delta: 3.88e-02 | M: 9763.8984 | Path: GPU-cuStateVec MPI-distributed (2 ranks)
Iter 0152 | Energy: -4.873427 | Delta: 3.39e-03 | M: 10757.3761 | Path: GPU-cuStateVec MPI-distributed (2 ranks)
Iter 0153 | Energy: -4.884880 | Delta: 1.15e-02 | M: 10749.2833 | Path: GPU-cuStateVec MPI-distributed (2 ranks)
Iter 0154 | Energy: -4.882499 | Delta: 2.38e-03 | M: 11555.3352 | Path: GPU-cuStateVec MPI-distributed (2 ranks)
Iter 0155 | Energy: -4.900159 | Delta: 1.77e-02 | M: 14064.8692 | Path: GPU-cuStateVec MPI-distributed (2 ranks)
[RESILIENCE] Iteration 155: Global theta state checkpointed at path checkpoints/LiH/checkpoint_iter_0155.npy. 
Iter 0156 | Energy: -4.910924 | Delta: 1.08e-02 | M: 11551.2460 | Path: GPU-cuStateVec MPI-distributed (2 ranks)
Iter 0157 | Energy: -4.913541 | Delta: 2.62e-03 | M: 10681.1547 | Path: GPU-cuStateVec MPI-distributed (2 ranks)
Iter 0158 | Energy: -4.927318 | Delta: 1.38e-02 | M: 10846.1526 | Path: GPU-cuStateVec MPI-distributed (2 ranks)
Iter 0159 | Energy: -4.926725 | Delta: 5.93e-04 | M: 10791.4727 | Path: GPU-cuStateVec MPI-distributed (2 ranks)
Iter 0160 | Energy: -4.936224 | Delta: 9.50e-03 | M: 10450.7587 | Path: GPU-cuStateVec MPI-distributed (2 ranks)
[RESILIENCE] Iteration 160: Global theta state checkpointed at path checkpoints/LiH/checkpoint_iter_0160.npy. 
Iter 0161 | Energy: -4.940002 | Delta: 3.78e-03 | M: 10990.1978 | Path: GPU-cuStateVec MPI-distributed (2 ranks)
Iter 0162 | Energy: -4.938023 | Delta: 1.98e-03 | M: 13137.7979 | Path: GPU-cuStateVec MPI-distributed (2 ranks)
Iter 0163 | Energy: -4.942662 | Delta: 4.64e-03 | M: 276.9841 | Path: GPU-cuStateVec MPI-distributed (2 ranks)
Iter 0164 | Energy: -4.944193 | Delta: 1.53e-03 | M: 11463.7306 | Path: GPU-cuStateVec MPI-distributed (2 ranks)
Iter 0165 | Energy: -4.948424 | Delta: 4.23e-03 | M: 10874.7622 | Path: GPU-cuStateVec MPI-distributed (2 ranks)
[RESILIENCE] Iteration 165: Global theta state checkpointed at path checkpoints/LiH/checkpoint_iter_0165.npy. 
Iter 0166 | Energy: -4.954214 | Delta: 5.79e-03 | M: 11496.4802 | Path: GPU-cuStateVec MPI-distributed (2 ranks)
Iter 0167 | Energy: -4.966257 | Delta: 1.20e-02 | M: 11008.5745 | Path: GPU-cuStateVec MPI-distributed (2 ranks)
Iter 0168 | Energy: -4.972938 | Delta: 6.68e-03 | M: 10930.0331 | Path: GPU-cuStateVec MPI-distributed (2 ranks)
Iter 0169 | Energy: -4.995576 | Delta: 2.26e-02 | M: 7001.7103 | Path: GPU-cuStateVec MPI-distributed (2 ranks)
Iter 0170 | Energy: -5.037604 | Delta: 4.20e-02 | M: 11346.2574 | Path: GPU-cuStateVec MPI-distributed (2 ranks)
[RESILIENCE] Iteration 170: Global theta state checkpointed at path checkpoints/LiH/checkpoint_iter_0170.npy. 
Iter 0171 | Energy: -5.050359 | Delta: 1.28e-02 | M: 10907.3441 | Path: GPU-cuStateVec MPI-distributed (2 ranks)
Iter 0172 | Energy: -5.080438 | Delta: 3.01e-02 | M: 11663.4720 | Path: GPU-cuStateVec MPI-distributed (2 ranks)
Iter 0173 | Energy: -5.070135 | Delta: 1.03e-02 | M: 11261.0976 | Path: GPU-cuStateVec MPI-distributed (2 ranks)
Iter 0174 | Energy: -5.137062 | Delta: 6.69e-02 | M: 190.4597 | Path: GPU-cuStateVec MPI-distributed (2 ranks)
Iter 0175 | Energy: -5.138423 | Delta: 1.36e-03 | M: 258.5858 | Path: GPU-cuStateVec MPI-distributed (2 ranks)
[RESILIENCE] Iteration 175: Global theta state checkpointed at path checkpoints/LiH/checkpoint_iter_0175.npy. 
Iter 0176 | Energy: -5.125132 | Delta: 1.33e-02 | M: 9670.1707 | Path: GPU-cuStateVec MPI-distributed (2 ranks)
Iter 0177 | Energy: -5.219422 | Delta: 9.43e-02 | M: 12293.1609 | Path: GPU-cuStateVec MPI-distributed (2 ranks)
Iter 0178 | Energy: -5.230939 | Delta: 1.15e-02 | M: 11040.6218 | Path: GPU-cuStateVec MPI-distributed (2 ranks)
Iter 0179 | Energy: -5.283689 | Delta: 5.28e-02 | M: 10208.5708 | Path: GPU-cuStateVec MPI-distributed (2 ranks)
Iter 0180 | Energy: -5.283985 | Delta: 2.96e-04 | M: 4.6971 | Path: GPU-cuStateVec MPI-distributed (2 ranks)
[RESILIENCE] Iteration 180: Global theta state checkpointed at path checkpoints/LiH/checkpoint_iter_0180.npy. 
Iter 0181 | Energy: -5.278032 | Delta: 5.95e-03 | M: 10467.4033 | Path: GPU-cuStateVec MPI-distributed (2 ranks)
Iter 0182 | Energy: -5.281685 | Delta: 3.65e-03 | M: 11179.1189 | Path: GPU-cuStateVec MPI-distributed (2 ranks)
Iter 0183 | Energy: -5.287202 | Delta: 5.52e-03 | M: 11238.9847 | Path: GPU-cuStateVec MPI-distributed (2 ranks)
Iter 0184 | Energy: -5.280846 | Delta: 6.36e-03 | M: 10011.9613 | Path: GPU-cuStateVec MPI-distributed (2 ranks)
Iter 0185 | Energy: -5.318019 | Delta: 3.72e-02 | M: 10776.2001 | Path: GPU-cuStateVec MPI-distributed (2 ranks)
[RESILIENCE] Iteration 185: Global theta state checkpointed at path checkpoints/LiH/checkpoint_iter_0185.npy. 
Iter 0186 | Energy: -5.332629 | Delta: 1.46e-02 | M: 9754.1033 | Path: GPU-cuStateVec MPI-distributed (2 ranks)
Iter 0187 | Energy: -5.364259 | Delta: 3.16e-02 | M: 10400.6995 | Path: GPU-cuStateVec MPI-distributed (2 ranks)
Iter 0188 | Energy: -5.373188 | Delta: 8.93e-03 | M: 9902.3022 | Path: GPU-cuStateVec MPI-distributed (2 ranks)
Iter 0189 | Energy: -5.384194 | Delta: 1.10e-02 | M: 13829.7732 | Path: GPU-cuStateVec MPI-distributed (2 ranks)
Iter 0190 | Energy: -5.379101 | Delta: 5.09e-03 | M: 11409.7325 | Path: GPU-cuStateVec MPI-distributed (2 ranks)
[RESILIENCE] Iteration 190: Global theta state checkpointed at path checkpoints/LiH/checkpoint_iter_0190.npy. 
Iter 0191 | Energy: -5.421126 | Delta: 4.20e-02 | M: 10373.0659 | Path: GPU-cuStateVec MPI-distributed (2 ranks)
Iter 0192 | Energy: -5.420489 | Delta: 6.37e-04 | M: 13472.2492 | Path: GPU-cuStateVec MPI-distributed (2 ranks)
Iter 0193 | Energy: -5.407259 | Delta: 1.32e-02 | M: 11086.1854 | Path: GPU-cuStateVec MPI-distributed (2 ranks)
Iter 0194 | Energy: -5.470545 | Delta: 6.33e-02 | M: 11449.1722 | Path: GPU-cuStateVec MPI-distributed (2 ranks)
Iter 0195 | Energy: -5.471179 | Delta: 6.34e-04 | M: 11963.4282 | Path: GPU-cuStateVec MPI-distributed (2 ranks)
[RESILIENCE] Iteration 195: Global theta state checkpointed at path checkpoints/LiH/checkpoint_iter_0195.npy. 
Iter 0196 | Energy: -5.474182 | Delta: 3.00e-03 | M: 8264.3701 | Path: GPU-cuStateVec MPI-distributed (2 ranks)
Iter 0197 | Energy: -5.482907 | Delta: 8.73e-03 | M: 9951.9046 | Path: GPU-cuStateVec MPI-distributed (2 ranks)
Iter 0198 | Energy: -5.473910 | Delta: 9.00e-03 | M: 11160.1681 | Path: GPU-cuStateVec MPI-distributed (2 ranks)
Iter 0199 | Energy: -5.523459 | Delta: 4.95e-02 | M: 264.6015 | Path: GPU-cuStateVec MPI-distributed (2 ranks)
Iter 0200 | Energy: -5.529877 | Delta: 6.42e-03 | M: 11360.3626 | Path: GPU-cuStateVec MPI-distributed (2 ranks)
[RESILIENCE] Iteration 200: Global theta state checkpointed at path checkpoints/LiH/checkpoint_iter_0200.npy. 
Iter 0201 | Energy: -5.546909 | Delta: 1.70e-02 | M: 10702.3994 | Path: GPU-cuStateVec MPI-distributed (2 ranks)
Iter 0202 | Energy: -5.577300 | Delta: 3.04e-02 | M: 10697.5526 | Path: GPU-cuStateVec MPI-distributed (2 ranks)
Iter 0203 | Energy: -5.581528 | Delta: 4.23e-03 | M: 14295.4140 | Path: GPU-cuStateVec MPI-distributed (2 ranks)
Iter 0204 | Energy: -5.586820 | Delta: 5.29e-03 | M: 210.1752 | Path: GPU-cuStateVec MPI-distributed (2 ranks)
Iter 0205 | Energy: -5.596099 | Delta: 9.28e-03 | M: 11374.3603 | Path: GPU-cuStateVec MPI-distributed (2 ranks)
[RESILIENCE] Iteration 205: Global theta state checkpointed at path checkpoints/LiH/checkpoint_iter_0205.npy. 
Iter 0206 | Energy: -5.600447 | Delta: 4.35e-03 | M: 11160.7617 | Path: GPU-cuStateVec MPI-distributed (2 ranks)
Iter 0207 | Energy: -5.583261 | Delta: 1.72e-02 | M: 11500.0647 | Path: GPU-cuStateVec MPI-distributed (2 ranks)
Iter 0208 | Energy: -5.600096 | Delta: 1.68e-02 | M: 11573.3631 | Path: GPU-cuStateVec MPI-distributed (2 ranks)
Iter 0209 | Energy: -5.611354 | Delta: 1.13e-02 | M: 318.0247 | Path: GPU-cuStateVec MPI-distributed (2 ranks)
Iter 0210 | Energy: -5.613835 | Delta: 2.48e-03 | M: 11393.0431 | Path: GPU-cuStateVec MPI-distributed (2 ranks)
[RESILIENCE] Iteration 210: Global theta state checkpointed at path checkpoints/LiH/checkpoint_iter_0210.npy. 
Iter 0211 | Energy: -5.626649 | Delta: 1.28e-02 | M: 11140.9135 | Path: GPU-cuStateVec MPI-distributed (2 ranks)
Iter 0212 | Energy: -5.620959 | Delta: 5.69e-03 | M: 11330.2793 | Path: GPU-cuStateVec MPI-distributed (2 ranks)
Iter 0213 | Energy: -5.622353 | Delta: 1.39e-03 | M: 10956.9482 | Path: GPU-cuStateVec MPI-distributed (2 ranks)
Iter 0214 | Energy: -5.621677 | Delta: 6.75e-04 | M: 13852.7881 | Path: GPU-cuStateVec MPI-distributed (2 ranks)
Iter 0215 | Energy: -5.633121 | Delta: 1.14e-02 | M: 10966.5773 | Path: GPU-cuStateVec MPI-distributed (2 ranks)
[RESILIENCE] Iteration 215: Global theta state checkpointed at path checkpoints/LiH/checkpoint_iter_0215.npy. 
Iter 0216 | Energy: -5.622068 | Delta: 1.11e-02 | M: 11454.2210 | Path: GPU-cuStateVec MPI-distributed (2 ranks)
Iter 0217 | Energy: -5.656028 | Delta: 3.40e-02 | M: 10314.0004 | Path: GPU-cuStateVec MPI-distributed (2 ranks)
Iter 0218 | Energy: -5.655365 | Delta: 6.63e-04 | M: 11008.9757 | Path: GPU-cuStateVec MPI-distributed (2 ranks)
Iter 0219 | Energy: -5.665520 | Delta: 1.02e-02 | M: 11259.3709 | Path: GPU-cuStateVec MPI-distributed (2 ranks)
Iter 0220 | Energy: -5.674413 | Delta: 8.89e-03 | M: 14180.7117 | Path: GPU-cuStateVec MPI-distributed (2 ranks)
[RESILIENCE] Iteration 220: Global theta state checkpointed at path checkpoints/LiH/checkpoint_iter_0220.npy. 
Iter 0221 | Energy: -5.664063 | Delta: 1.04e-02 | M: 49.3286 | Path: GPU-cuStateVec MPI-distributed (2 ranks)
Iter 0222 | Energy: -5.662883 | Delta: 1.18e-03 | M: 13582.6114 | Path: GPU-cuStateVec MPI-distributed (2 ranks)
Iter 0223 | Energy: -5.678422 | Delta: 1.55e-02 | M: 196.4595 | Path: GPU-cuStateVec MPI-distributed (2 ranks)
Iter 0224 | Energy: -5.693653 | Delta: 1.52e-02 | M: 11289.2494 | Path: GPU-cuStateVec MPI-distributed (2 ranks)
Iter 0225 | Energy: -5.691571 | Delta: 2.08e-03 | M: 12.7780 | Path: GPU-cuStateVec MPI-distributed (2 ranks)
[RESILIENCE] Iteration 225: Global theta state checkpointed at path checkpoints/LiH/checkpoint_iter_0225.npy. 
Iter 0226 | Energy: -5.700479 | Delta: 8.91e-03 | M: 181.6056 | Path: GPU-cuStateVec MPI-distributed (2 ranks)
Iter 0227 | Energy: -5.706295 | Delta: 5.82e-03 | M: 10571.4537 | Path: GPU-cuStateVec MPI-distributed (2 ranks)
Iter 0228 | Energy: -5.703437 | Delta: 2.86e-03 | M: 11435.3709 | Path: GPU-cuStateVec MPI-distributed (2 ranks)
Iter 0229 | Energy: -5.700048 | Delta: 3.39e-03 | M: 11054.6933 | Path: GPU-cuStateVec MPI-distributed (2 ranks)
Iter 0230 | Energy: -5.712282 | Delta: 1.22e-02 | M: 14195.0991 | Path: GPU-cuStateVec MPI-distributed (2 ranks)
[RESILIENCE] Iteration 230: Global theta state checkpointed at path checkpoints/LiH/checkpoint_iter_0230.npy. 
Iter 0231 | Energy: -5.721964 | Delta: 9.68e-03 | M: 11725.4435 | Path: GPU-cuStateVec MPI-distributed (2 ranks)
Iter 0232 | Energy: -5.714449 | Delta: 7.51e-03 | M: 10956.7834 | Path: GPU-cuStateVec MPI-distributed (2 ranks)
Iter 0233 | Energy: -5.732729 | Delta: 1.83e-02 | M: 11100.7554 | Path: GPU-cuStateVec MPI-distributed (2 ranks)
Iter 0234 | Energy: -5.729304 | Delta: 3.43e-03 | M: 11078.5904 | Path: GPU-cuStateVec MPI-distributed (2 ranks)
Iter 0235 | Energy: -5.750416 | Delta: 2.11e-02 | M: 11349.4595 | Path: GPU-cuStateVec MPI-distributed (2 ranks)
[RESILIENCE] Iteration 235: Global theta state checkpointed at path checkpoints/LiH/checkpoint_iter_0235.npy. 
Iter 0236 | Energy: -5.754593 | Delta: 4.18e-03 | M: 10912.4281 | Path: GPU-cuStateVec MPI-distributed (2 ranks)
Iter 0237 | Energy: -5.766786 | Delta: 1.22e-02 | M: 11203.1678 | Path: GPU-cuStateVec MPI-distributed (2 ranks)
Iter 0238 | Energy: -5.770172 | Delta: 3.39e-03 | M: 10628.7235 | Path: GPU-cuStateVec MPI-distributed (2 ranks)
Iter 0239 | Energy: -5.762608 | Delta: 7.56e-03 | M: 13833.3608 | Path: GPU-cuStateVec MPI-distributed (2 ranks)
Iter 0240 | Energy: -5.777885 | Delta: 1.53e-02 | M: 11051.1881 | Path: GPU-cuStateVec MPI-distributed (2 ranks)
[RESILIENCE] Iteration 240: Global theta state checkpointed at path checkpoints/LiH/checkpoint_iter_0240.npy. 
Iter 0241 | Energy: -5.764145 | Delta: 1.37e-02 | M: 11550.1155 | Path: GPU-cuStateVec MPI-distributed (2 ranks)
Iter 0242 | Energy: -5.768375 | Delta: 4.23e-03 | M: 11744.3502 | Path: GPU-cuStateVec MPI-distributed (2 ranks)
Iter 0243 | Energy: -5.775496 | Delta: 7.12e-03 | M: 11185.0281 | Path: GPU-cuStateVec MPI-distributed (2 ranks)
Iter 0244 | Energy: -5.776934 | Delta: 1.44e-03 | M: 10443.2070 | Path: GPU-cuStateVec MPI-distributed (2 ranks)
Iter 0245 | Energy: -5.793898 | Delta: 1.70e-02 | M: 11043.2432 | Path: GPU-cuStateVec MPI-distributed (2 ranks)
[RESILIENCE] Iteration 245: Global theta state checkpointed at path checkpoints/LiH/checkpoint_iter_0245.npy. 
Iter 0246 | Energy: -5.777757 | Delta: 1.61e-02 | M: 10496.7143 | Path: GPU-cuStateVec MPI-distributed (2 ranks)
Iter 0247 | Energy: -5.799084 | Delta: 2.13e-02 | M: 11441.6224 | Path: GPU-cuStateVec MPI-distributed (2 ranks)
Iter 0248 | Energy: -5.809291 | Delta: 1.02e-02 | M: 11301.8646 | Path: GPU-cuStateVec MPI-distributed (2 ranks)
Iter 0249 | Energy: -5.818074 | Delta: 8.78e-03 | M: 6066.7026 | Path: GPU-cuStateVec MPI-distributed (2 ranks)
Iter 0250 | Energy: -5.820431 | Delta: 2.36e-03 | M: 10069.3862 | Path: GPU-cuStateVec MPI-distributed (2 ranks)
[RESILIENCE] Iteration 250: Global theta state checkpointed at path checkpoints/LiH/checkpoint_iter_0250.npy. 
Iter 0251 | Energy: -5.821632 | Delta: 1.20e-03 | M: 10435.3637 | Path: GPU-cuStateVec MPI-distributed (2 ranks)
Iter 0252 | Energy: -5.820604 | Delta: 1.03e-03 | M: 10943.7203 | Path: GPU-cuStateVec MPI-distributed (2 ranks)
Iter 0253 | Energy: -5.808837 | Delta: 1.18e-02 | M: 10219.7396 | Path: GPU-cuStateVec MPI-distributed (2 ranks)
Iter 0254 | Energy: -5.824721 | Delta: 1.59e-02 | M: 11517.2183 | Path: GPU-cuStateVec MPI-distributed (2 ranks)
Iter 0255 | Energy: -5.825852 | Delta: 1.13e-03 | M: 11027.6560 | Path: GPU-cuStateVec MPI-distributed (2 ranks)
[RESILIENCE] Iteration 255: Global theta state checkpointed at path checkpoints/LiH/checkpoint_iter_0255.npy. 
Iter 0256 | Energy: -5.824979 | Delta: 8.73e-04 | M: 9844.7757 | Path: GPU-cuStateVec MPI-distributed (2 ranks)
Iter 0257 | Energy: -5.850935 | Delta: 2.60e-02 | M: 10300.1998 | Path: GPU-cuStateVec MPI-distributed (2 ranks)
Iter 0258 | Energy: -5.837780 | Delta: 1.32e-02 | M: 11066.9022 | Path: GPU-cuStateVec MPI-distributed (2 ranks)
Iter 0259 | Energy: -5.839629 | Delta: 1.85e-03 | M: 10670.1121 | Path: GPU-cuStateVec MPI-distributed (2 ranks)
Iter 0260 | Energy: -5.859488 | Delta: 1.99e-02 | M: 11213.8505 | Path: GPU-cuStateVec MPI-distributed (2 ranks)
[RESILIENCE] Iteration 260: Global theta state checkpointed at path checkpoints/LiH/checkpoint_iter_0260.npy. 
Iter 0261 | Energy: -5.846457 | Delta: 1.30e-02 | M: 13130.9160 | Path: GPU-cuStateVec MPI-distributed (2 ranks)
Iter 0262 | Energy: -5.851985 | Delta: 5.53e-03 | M: 10662.7889 | Path: GPU-cuStateVec MPI-distributed (2 ranks)
Iter 0263 | Energy: -5.852861 | Delta: 8.76e-04 | M: 11240.0892 | Path: GPU-cuStateVec MPI-distributed (2 ranks)
Iter 0264 | Energy: -5.859556 | Delta: 6.69e-03 | M: 10843.4152 | Path: GPU-cuStateVec MPI-distributed (2 ranks)
Iter 0265 | Energy: -5.864054 | Delta: 4.50e-03 | M: 9652.7699 | Path: GPU-cuStateVec MPI-distributed (2 ranks)
[RESILIENCE] Iteration 265: Global theta state checkpointed at path checkpoints/LiH/checkpoint_iter_0265.npy. 
Iter 0266 | Energy: -5.868333 | Delta: 4.28e-03 | M: 10304.2808 | Path: GPU-cuStateVec MPI-distributed (2 ranks)
Iter 0267 | Energy: -5.879946 | Delta: 1.16e-02 | M: 11221.9150 | Path: GPU-cuStateVec MPI-distributed (2 ranks)
Iter 0268 | Energy: -5.882830 | Delta: 2.88e-03 | M: 11254.3084 | Path: GPU-cuStateVec MPI-distributed (2 ranks)
Iter 0269 | Energy: -5.883697 | Delta: 8.67e-04 | M: 10874.1592 | Path: GPU-cuStateVec MPI-distributed (2 ranks)
Iter 0270 | Energy: -5.888566 | Delta: 4.87e-03 | M: 10987.0242 | Path: GPU-cuStateVec MPI-distributed (2 ranks)
[RESILIENCE] Iteration 270: Global theta state checkpointed at path checkpoints/LiH/checkpoint_iter_0270.npy. 
Iter 0271 | Energy: -5.883002 | Delta: 5.56e-03 | M: 11078.8602 | Path: GPU-cuStateVec MPI-distributed (2 ranks)
Iter 0272 | Energy: -5.886348 | Delta: 3.35e-03 | M: 13922.1409 | Path: GPU-cuStateVec MPI-distributed (2 ranks)
Iter 0273 | Energy: -5.895176 | Delta: 8.83e-03 | M: 10859.3679 | Path: GPU-cuStateVec MPI-distributed (2 ranks)
Iter 0274 | Energy: -5.905040 | Delta: 9.86e-03 | M: 10523.4316 | Path: GPU-cuStateVec MPI-distributed (2 ranks)
Iter 0275 | Energy: -5.909473 | Delta: 4.43e-03 | M: 10952.0986 | Path: GPU-cuStateVec MPI-distributed (2 ranks)
[RESILIENCE] Iteration 275: Global theta state checkpointed at path checkpoints/LiH/checkpoint_iter_0275.npy. 
Iter 0276 | Energy: -5.915604 | Delta: 6.13e-03 | M: 13872.0790 | Path: GPU-cuStateVec MPI-distributed (2 ranks)
Iter 0277 | Energy: -5.922484 | Delta: 6.88e-03 | M: 203.8328 | Path: GPU-cuStateVec MPI-distributed (2 ranks)
Iter 0278 | Energy: -5.927470 | Delta: 4.99e-03 | M: 11081.3375 | Path: GPU-cuStateVec MPI-distributed (2 ranks)
Iter 0279 | Energy: -5.941403 | Delta: 1.39e-02 | M: 198.6306 | Path: GPU-cuStateVec MPI-distributed (2 ranks)
Iter 0280 | Energy: -5.947921 | Delta: 6.52e-03 | M: 10815.8255 | Path: GPU-cuStateVec MPI-distributed (2 ranks)
[RESILIENCE] Iteration 280: Global theta state checkpointed at path checkpoints/LiH/checkpoint_iter_0280.npy. 
Iter 0281 | Energy: -5.943044 | Delta: 4.88e-03 | M: 10775.7399 | Path: GPU-cuStateVec MPI-distributed (2 ranks)
Iter 0282 | Energy: -5.940184 | Delta: 2.86e-03 | M: 11273.1821 | Path: GPU-cuStateVec MPI-distributed (2 ranks)
Iter 0283 | Energy: -5.945530 | Delta: 5.35e-03 | M: 11449.0807 | Path: GPU-cuStateVec MPI-distributed (2 ranks)
Iter 0284 | Energy: -5.958782 | Delta: 1.33e-02 | M: 11251.3391 | Path: GPU-cuStateVec MPI-distributed (2 ranks)
Iter 0285 | Energy: -5.958055 | Delta: 7.27e-04 | M: 219.5630 | Path: GPU-cuStateVec MPI-distributed (2 ranks)
[RESILIENCE] Iteration 285: Global theta state checkpointed at path checkpoints/LiH/checkpoint_iter_0285.npy. 
Iter 0286 | Energy: -5.952825 | Delta: 5.23e-03 | M: 9649.0201 | Path: GPU-cuStateVec MPI-distributed (2 ranks)
Iter 0287 | Energy: -5.957638 | Delta: 4.81e-03 | M: 7776.2776 | Path: GPU-cuStateVec MPI-distributed (2 ranks)
Iter 0288 | Energy: -5.957104 | Delta: 5.35e-04 | M: 13817.9009 | Path: GPU-cuStateVec MPI-distributed (2 ranks)
Iter 0289 | Energy: -5.967000 | Delta: 9.90e-03 | M: 433.2372 | Path: GPU-cuStateVec MPI-distributed (2 ranks)
Iter 0290 | Energy: -5.968769 | Delta: 1.77e-03 | M: 10520.2233 | Path: GPU-cuStateVec MPI-distributed (2 ranks)
[RESILIENCE] Iteration 290: Global theta state checkpointed at path checkpoints/LiH/checkpoint_iter_0290.npy. 
Iter 0291 | Energy: -5.972732 | Delta: 3.96e-03 | M: 11044.4407 | Path: GPU-cuStateVec MPI-distributed (2 ranks)
Iter 0292 | Energy: -5.986022 | Delta: 1.33e-02 | M: 8792.2652 | Path: GPU-cuStateVec MPI-distributed (2 ranks)
Iter 0293 | Energy: -5.990378 | Delta: 4.36e-03 | M: 11073.7662 | Path: GPU-cuStateVec MPI-distributed (2 ranks)
Iter 0294 | Energy: -6.013730 | Delta: 2.34e-02 | M: 10939.0445 | Path: GPU-cuStateVec MPI-distributed (2 ranks)
Iter 0295 | Energy: -6.017535 | Delta: 3.81e-03 | M: 11460.4748 | Path: GPU-cuStateVec MPI-distributed (2 ranks)
[RESILIENCE] Iteration 295: Global theta state checkpointed at path checkpoints/LiH/checkpoint_iter_0295.npy. 
Iter 0296 | Energy: -6.017124 | Delta: 4.10e-04 | M: 11704.2564 | Path: GPU-cuStateVec MPI-distributed (2 ranks)
Iter 0297 | Energy: -6.025405 | Delta: 8.28e-03 | M: 14002.1305 | Path: GPU-cuStateVec MPI-distributed (2 ranks)
Iter 0298 | Energy: -6.024988 | Delta: 4.18e-04 | M: 11324.8585 | Path: GPU-cuStateVec MPI-distributed (2 ranks)
Iter 0299 | Energy: -6.035145 | Delta: 1.02e-02 | M: 11060.4595 | Path: GPU-cuStateVec MPI-distributed (2 ranks)
Iter 0300 | Energy: -6.037808 | Delta: 2.66e-03 | M: 14109.3210 | Path: GPU-cuStateVec MPI-distributed (2 ranks)
[RESILIENCE] Iteration 300: Global theta state checkpointed at path checkpoints/LiH/checkpoint_iter_0300.npy. 
Iter 0301 | Energy: -6.031663 | Delta: 6.15e-03 | M: 220.8998 | Path: GPU-cuStateVec MPI-distributed (2 ranks)
Iter 0302 | Energy: -6.031893 | Delta: 2.30e-04 | M: 11367.5134 | Path: GPU-cuStateVec MPI-distributed (2 ranks)
Iter 0303 | Energy: -6.047116 | Delta: 1.52e-02 | M: 257.0322 | Path: GPU-cuStateVec MPI-distributed (2 ranks)
Iter 0304 | Energy: -6.051927 | Delta: 4.81e-03 | M: 14132.4130 | Path: GPU-cuStateVec MPI-distributed (2 ranks)
Iter 0305 | Energy: -6.050012 | Delta: 1.92e-03 | M: 10991.1234 | Path: GPU-cuStateVec MPI-distributed (2 ranks)
[RESILIENCE] Iteration 305: Global theta state checkpointed at path checkpoints/LiH/checkpoint_iter_0305.npy. 
Iter 0306 | Energy: -6.054527 | Delta: 4.52e-03 | M: 64.0786 | Path: GPU-cuStateVec MPI-distributed (2 ranks)
Iter 0307 | Energy: -6.056025 | Delta: 1.50e-03 | M: 11421.0718 | Path: GPU-cuStateVec MPI-distributed (2 ranks)
Iter 0308 | Energy: -6.076829 | Delta: 2.08e-02 | M: 10161.1924 | Path: GPU-cuStateVec MPI-distributed (2 ranks)
Iter 0309 | Energy: -6.073327 | Delta: 3.50e-03 | M: 10843.9014 | Path: GPU-cuStateVec MPI-distributed (2 ranks)
Iter 0310 | Energy: -6.074165 | Delta: 8.38e-04 | M: 9897.3032 | Path: GPU-cuStateVec MPI-distributed (2 ranks)
[RESILIENCE] Iteration 310: Global theta state checkpointed at path checkpoints/LiH/checkpoint_iter_0310.npy. 
Iter 0311 | Energy: -6.073136 | Delta: 1.03e-03 | M: 74.1210 | Path: GPU-cuStateVec MPI-distributed (2 ranks)
Iter 0312 | Energy: -6.096348 | Delta: 2.32e-02 | M: 10789.1773 | Path: GPU-cuStateVec MPI-distributed (2 ranks)
Iter 0313 | Energy: -6.086960 | Delta: 9.39e-03 | M: 11083.1625 | Path: GPU-cuStateVec MPI-distributed (2 ranks)
Iter 0314 | Energy: -6.089330 | Delta: 2.37e-03 | M: 11329.3794 | Path: GPU-cuStateVec MPI-distributed (2 ranks)
Iter 0315 | Energy: -6.109791 | Delta: 2.05e-02 | M: 10655.4997 | Path: GPU-cuStateVec MPI-distributed (2 ranks)
[RESILIENCE] Iteration 315: Global theta state checkpointed at path checkpoints/LiH/checkpoint_iter_0315.npy. 
Iter 0316 | Energy: -6.105568 | Delta: 4.22e-03 | M: 12631.2078 | Path: GPU-cuStateVec MPI-distributed (2 ranks)
Iter 0317 | Energy: -6.106627 | Delta: 1.06e-03 | M: 10931.1145 | Path: GPU-cuStateVec MPI-distributed (2 ranks)
Iter 0318 | Energy: -6.106746 | Delta: 1.19e-04 | M: 11467.7620 | Path: GPU-cuStateVec MPI-distributed (2 ranks)
Iter 0319 | Energy: -6.102035 | Delta: 4.71e-03 | M: 14455.2821 | Path: GPU-cuStateVec MPI-distributed (2 ranks)
Iter 0320 | Energy: -6.114345 | Delta: 1.23e-02 | M: 11274.4578 | Path: GPU-cuStateVec MPI-distributed (2 ranks)
[RESILIENCE] Iteration 320: Global theta state checkpointed at path checkpoints/LiH/checkpoint_iter_0320.npy. 
Iter 0321 | Energy: -6.108782 | Delta: 5.56e-03 | M: 10968.2118 | Path: GPU-cuStateVec MPI-distributed (2 ranks)
Iter 0322 | Energy: -6.122013 | Delta: 1.32e-02 | M: 13965.7240 | Path: GPU-cuStateVec MPI-distributed (2 ranks)
Iter 0323 | Energy: -6.106115 | Delta: 1.59e-02 | M: 11294.0457 | Path: GPU-cuStateVec MPI-distributed (2 ranks)
Iter 0324 | Energy: -6.114496 | Delta: 8.38e-03 | M: 10787.2893 | Path: GPU-cuStateVec MPI-distributed (2 ranks)
Iter 0325 | Energy: -6.107709 | Delta: 6.79e-03 | M: 11158.0928 | Path: GPU-cuStateVec MPI-distributed (2 ranks)
[RESILIENCE] Iteration 325: Global theta state checkpointed at path checkpoints/LiH/checkpoint_iter_0325.npy. 
Iter 0326 | Energy: -6.116728 | Delta: 9.02e-03 | M: 10927.5591 | Path: GPU-cuStateVec MPI-distributed (2 ranks)
Iter 0327 | Energy: -6.119236 | Delta: 2.51e-03 | M: 10193.2060 | Path: GPU-cuStateVec MPI-distributed (2 ranks)
Iter 0328 | Energy: -6.119419 | Delta: 1.82e-04 | M: 10640.5675 | Path: GPU-cuStateVec MPI-distributed (2 ranks)
Iter 0329 | Energy: -6.143002 | Delta: 2.36e-02 | M: 11277.4440 | Path: GPU-cuStateVec MPI-distributed (2 ranks)
Iter 0330 | Energy: -6.148907 | Delta: 5.91e-03 | M: 11467.8436 | Path: GPU-cuStateVec MPI-distributed (2 ranks)
[RESILIENCE] Iteration 330: Global theta state checkpointed at path checkpoints/LiH/checkpoint_iter_0330.npy. 
Iter 0331 | Energy: -6.146264 | Delta: 2.64e-03 | M: 10382.9938 | Path: GPU-cuStateVec MPI-distributed (2 ranks)
Iter 0332 | Energy: -6.167764 | Delta: 2.15e-02 | M: 11231.9050 | Path: GPU-cuStateVec MPI-distributed (2 ranks)
Iter 0333 | Energy: -6.147947 | Delta: 1.98e-02 | M: 11107.0590 | Path: GPU-cuStateVec MPI-distributed (2 ranks)
Iter 0334 | Energy: -6.155467 | Delta: 7.52e-03 | M: 10931.8876 | Path: GPU-cuStateVec MPI-distributed (2 ranks)
Iter 0335 | Energy: -6.159207 | Delta: 3.74e-03 | M: 10525.4204 | Path: GPU-cuStateVec MPI-distributed (2 ranks)
[RESILIENCE] Iteration 335: Global theta state checkpointed at path checkpoints/LiH/checkpoint_iter_0335.npy. 
Iter 0336 | Energy: -6.174053 | Delta: 1.48e-02 | M: 13225.0369 | Path: GPU-cuStateVec MPI-distributed (2 ranks)
Iter 0337 | Energy: -6.155622 | Delta: 1.84e-02 | M: 9998.5111 | Path: GPU-cuStateVec MPI-distributed (2 ranks)
Iter 0338 | Energy: -6.163224 | Delta: 7.60e-03 | M: 10927.6344 | Path: GPU-cuStateVec MPI-distributed (2 ranks)
Iter 0339 | Energy: -6.174251 | Delta: 1.10e-02 | M: 10549.7860 | Path: GPU-cuStateVec MPI-distributed (2 ranks)
Iter 0340 | Energy: -6.172586 | Delta: 1.66e-03 | M: 9027.8150 | Path: GPU-cuStateVec MPI-distributed (2 ranks)
[RESILIENCE] Iteration 340: Global theta state checkpointed at path checkpoints/LiH/checkpoint_iter_0340.npy. 
Iter 0341 | Energy: -6.180197 | Delta: 7.61e-03 | M: 9426.0979 | Path: GPU-cuStateVec MPI-distributed (2 ranks)
Iter 0342 | Energy: -6.186063 | Delta: 5.87e-03 | M: 10607.2950 | Path: GPU-cuStateVec MPI-distributed (2 ranks)
Iter 0343 | Energy: -6.190131 | Delta: 4.07e-03 | M: 222.0581 | Path: GPU-cuStateVec MPI-distributed (2 ranks)
Iter 0344 | Energy: -6.195875 | Delta: 5.74e-03 | M: 10219.5139 | Path: GPU-cuStateVec MPI-distributed (2 ranks)
Iter 0345 | Energy: -6.179585 | Delta: 1.63e-02 | M: 9989.6005 | Path: GPU-cuStateVec MPI-distributed (2 ranks)
[RESILIENCE] Iteration 345: Global theta state checkpointed at path checkpoints/LiH/checkpoint_iter_0345.npy. 
Iter 0346 | Energy: -6.183807 | Delta: 4.22e-03 | M: 10794.5214 | Path: GPU-cuStateVec MPI-distributed (2 ranks)
Iter 0347 | Energy: -6.200620 | Delta: 1.68e-02 | M: 11089.1156 | Path: GPU-cuStateVec MPI-distributed (2 ranks)
Iter 0348 | Energy: -6.191247 | Delta: 9.37e-03 | M: 10679.5696 | Path: GPU-cuStateVec MPI-distributed (2 ranks)
Iter 0349 | Energy: -6.211073 | Delta: 1.98e-02 | M: 6671.4133 | Path: GPU-cuStateVec MPI-distributed (2 ranks)
Iter 0350 | Energy: -6.223616 | Delta: 1.25e-02 | M: 7176.2835 | Path: GPU-cuStateVec MPI-distributed (2 ranks)
[RESILIENCE] Iteration 350: Global theta state checkpointed at path checkpoints/LiH/checkpoint_iter_0350.npy. 
Iter 0351 | Energy: -6.224344 | Delta: 7.28e-04 | M: 11435.3285 | Path: GPU-cuStateVec MPI-distributed (2 ranks)
Iter 0352 | Energy: -6.222904 | Delta: 1.44e-03 | M: 8894.6218 | Path: GPU-cuStateVec MPI-distributed (2 ranks)
Iter 0353 | Energy: -6.232240 | Delta: 9.34e-03 | M: 8668.2903 | Path: GPU-cuStateVec MPI-distributed (2 ranks)
Iter 0354 | Energy: -6.233028 | Delta: 7.89e-04 | M: 12333.6601 | Path: GPU-cuStateVec MPI-distributed (2 ranks)
Iter 0355 | Energy: -6.237409 | Delta: 4.38e-03 | M: 217.7299 | Path: GPU-cuStateVec MPI-distributed (2 ranks)
[RESILIENCE] Iteration 355: Global theta state checkpointed at path checkpoints/LiH/checkpoint_iter_0355.npy. 
Iter 0356 | Energy: -6.230926 | Delta: 6.48e-03 | M: 11453.5122 | Path: GPU-cuStateVec MPI-distributed (2 ranks)
Iter 0357 | Energy: -6.230876 | Delta: 5.03e-05 | M: 10656.9614 | Path: GPU-cuStateVec MPI-distributed (2 ranks)
Iter 0358 | Energy: -6.236682 | Delta: 5.81e-03 | M: 13544.9803 | Path: GPU-cuStateVec MPI-distributed (2 ranks)
Iter 0359 | Energy: -6.246369 | Delta: 9.69e-03 | M: 11788.5823 | Path: GPU-cuStateVec MPI-distributed (2 ranks)
Iter 0360 | Energy: -6.248997 | Delta: 2.63e-03 | M: 13834.1847 | Path: GPU-cuStateVec MPI-distributed (2 ranks)
[RESILIENCE] Iteration 360: Global theta state checkpointed at path checkpoints/LiH/checkpoint_iter_0360.npy. 
Iter 0361 | Energy: -6.254491 | Delta: 5.49e-03 | M: 244.1229 | Path: GPU-cuStateVec MPI-distributed (2 ranks)
Iter 0362 | Energy: -6.254284 | Delta: 2.08e-04 | M: 10643.8542 | Path: GPU-cuStateVec MPI-distributed (2 ranks)
Iter 0363 | Energy: -6.254877 | Delta: 5.93e-04 | M: 160.1049 | Path: GPU-cuStateVec MPI-distributed (2 ranks)
Iter 0364 | Energy: -6.268333 | Delta: 1.35e-02 | M: 11210.6967 | Path: GPU-cuStateVec MPI-distributed (2 ranks)
Iter 0365 | Energy: -6.251582 | Delta: 1.68e-02 | M: 11099.0412 | Path: GPU-cuStateVec MPI-distributed (2 ranks)
[RESILIENCE] Iteration 365: Global theta state checkpointed at path checkpoints/LiH/checkpoint_iter_0365.npy. 
Iter 0366 | Energy: -6.260081 | Delta: 8.50e-03 | M: 142.2896 | Path: GPU-cuStateVec MPI-distributed (2 ranks)
Iter 0367 | Energy: -6.266808 | Delta: 6.73e-03 | M: 277.1149 | Path: GPU-cuStateVec MPI-distributed (2 ranks)
Iter 0368 | Energy: -6.269616 | Delta: 2.81e-03 | M: 10370.3775 | Path: GPU-cuStateVec MPI-distributed (2 ranks)
Iter 0369 | Energy: -6.263095 | Delta: 6.52e-03 | M: 10233.2405 | Path: GPU-cuStateVec MPI-distributed (2 ranks)
Iter 0370 | Energy: -6.261879 | Delta: 1.22e-03 | M: 11999.6817 | Path: GPU-cuStateVec MPI-distributed (2 ranks)
[RESILIENCE] Iteration 370: Global theta state checkpointed at path checkpoints/LiH/checkpoint_iter_0370.npy. 
Iter 0371 | Energy: -6.267912 | Delta: 6.03e-03 | M: 10099.8528 | Path: GPU-cuStateVec MPI-distributed (2 ranks)
Iter 0372 | Energy: -6.273930 | Delta: 6.02e-03 | M: 10855.1479 | Path: GPU-cuStateVec MPI-distributed (2 ranks)
Iter 0373 | Energy: -6.287242 | Delta: 1.33e-02 | M: 214.4801 | Path: GPU-cuStateVec MPI-distributed (2 ranks)
Iter 0374 | Energy: -6.290305 | Delta: 3.06e-03 | M: 11477.8064 | Path: GPU-cuStateVec MPI-distributed (2 ranks)
Iter 0375 | Energy: -6.293440 | Delta: 3.13e-03 | M: 10709.1997 | Path: GPU-cuStateVec MPI-distributed (2 ranks)
[RESILIENCE] Iteration 375: Global theta state checkpointed at path checkpoints/LiH/checkpoint_iter_0375.npy. 
Iter 0376 | Energy: -6.309700 | Delta: 1.63e-02 | M: 11002.9157 | Path: GPU-cuStateVec MPI-distributed (2 ranks)
Iter 0377 | Energy: -6.299551 | Delta: 1.01e-02 | M: 11046.6129 | Path: GPU-cuStateVec MPI-distributed (2 ranks)
Iter 0378 | Energy: -6.302555 | Delta: 3.00e-03 | M: 11134.7114 | Path: GPU-cuStateVec MPI-distributed (2 ranks)
Iter 0379 | Energy: -6.307084 | Delta: 4.53e-03 | M: 203.9702 | Path: GPU-cuStateVec MPI-distributed (2 ranks)
Iter 0380 | Energy: -6.294818 | Delta: 1.23e-02 | M: 10605.2305 | Path: GPU-cuStateVec MPI-distributed (2 ranks)
[RESILIENCE] Iteration 380: Global theta state checkpointed at path checkpoints/LiH/checkpoint_iter_0380.npy. 
Iter 0381 | Energy: -6.302419 | Delta: 7.60e-03 | M: 10928.7612 | Path: GPU-cuStateVec MPI-distributed (2 ranks)
Iter 0382 | Energy: -6.298722 | Delta: 3.70e-03 | M: 11378.0656 | Path: GPU-cuStateVec MPI-distributed (2 ranks)
Iter 0383 | Energy: -6.308229 | Delta: 9.51e-03 | M: 11230.4762 | Path: GPU-cuStateVec MPI-distributed (2 ranks)
Iter 0384 | Energy: -6.328575 | Delta: 2.03e-02 | M: 11332.7344 | Path: GPU-cuStateVec MPI-distributed (2 ranks)
Iter 0385 | Energy: -6.317375 | Delta: 1.12e-02 | M: 235.3376 | Path: GPU-cuStateVec MPI-distributed (2 ranks)
[RESILIENCE] Iteration 385: Global theta state checkpointed at path checkpoints/LiH/checkpoint_iter_0385.npy. 
Iter 0386 | Energy: -6.324061 | Delta: 6.69e-03 | M: 11223.6369 | Path: GPU-cuStateVec MPI-distributed (2 ranks)
Iter 0387 | Energy: -6.319380 | Delta: 4.68e-03 | M: 11701.8705 | Path: GPU-cuStateVec MPI-distributed (2 ranks)
Iter 0388 | Energy: -6.320762 | Delta: 1.38e-03 | M: 11444.8395 | Path: GPU-cuStateVec MPI-distributed (2 ranks)
Iter 0389 | Energy: -6.331172 | Delta: 1.04e-02 | M: 10870.6353 | Path: GPU-cuStateVec MPI-distributed (2 ranks)
Iter 0390 | Energy: -6.344123 | Delta: 1.30e-02 | M: 11082.0365 | Path: GPU-cuStateVec MPI-distributed (2 ranks)
[RESILIENCE] Iteration 390: Global theta state checkpointed at path checkpoints/LiH/checkpoint_iter_0390.npy. 
Iter 0391 | Energy: -6.348163 | Delta: 4.04e-03 | M: 257.0136 | Path: GPU-cuStateVec MPI-distributed (2 ranks)
Iter 0392 | Energy: -6.355006 | Delta: 6.84e-03 | M: 11292.6061 | Path: GPU-cuStateVec MPI-distributed (2 ranks)
Iter 0393 | Energy: -6.350274 | Delta: 4.73e-03 | M: 11616.1635 | Path: GPU-cuStateVec MPI-distributed (2 ranks)
Iter 0394 | Energy: -6.349398 | Delta: 8.75e-04 | M: 11157.3520 | Path: GPU-cuStateVec MPI-distributed (2 ranks)
Iter 0395 | Energy: -6.353977 | Delta: 4.58e-03 | M: 11412.6151 | Path: GPU-cuStateVec MPI-distributed (2 ranks)
[RESILIENCE] Iteration 395: Global theta state checkpointed at path checkpoints/LiH/checkpoint_iter_0395.npy. 
Iter 0396 | Energy: -6.365288 | Delta: 1.13e-02 | M: 11131.1487 | Path: GPU-cuStateVec MPI-distributed (2 ranks)
Iter 0397 | Energy: -6.375590 | Delta: 1.03e-02 | M: 84.4239 | Path: GPU-cuStateVec MPI-distributed (2 ranks)
Iter 0398 | Energy: -6.395539 | Delta: 1.99e-02 | M: 10684.3288 | Path: GPU-cuStateVec MPI-distributed (2 ranks)
Iter 0399 | Energy: -6.385474 | Delta: 1.01e-02 | M: 11145.4865 | Path: GPU-cuStateVec MPI-distributed (2 ranks)
Iter 0400 | Energy: -6.389340 | Delta: 3.87e-03 | M: 11359.2304 | Path: GPU-cuStateVec MPI-distributed (2 ranks)
[RESILIENCE] Iteration 400: Global theta state checkpointed at path checkpoints/LiH/checkpoint_iter_0400.npy. 
Iter 0401 | Energy: -6.383479 | Delta: 5.86e-03 | M: 11141.4600 | Path: GPU-cuStateVec MPI-distributed (2 ranks)
Iter 0402 | Energy: -6.402455 | Delta: 1.90e-02 | M: 10155.5915 | Path: GPU-cuStateVec MPI-distributed (2 ranks)
Iter 0403 | Energy: -6.406656 | Delta: 4.20e-03 | M: 405.8872 | Path: GPU-cuStateVec MPI-distributed (2 ranks)
Iter 0404 | Energy: -6.408629 | Delta: 1.97e-03 | M: 10391.5397 | Path: GPU-cuStateVec MPI-distributed (2 ranks)
Iter 0405 | Energy: -6.402219 | Delta: 6.41e-03 | M: 11388.3397 | Path: GPU-cuStateVec MPI-distributed (2 ranks)
[RESILIENCE] Iteration 405: Global theta state checkpointed at path checkpoints/LiH/checkpoint_iter_0405.npy. 
Iter 0406 | Energy: -6.421539 | Delta: 1.93e-02 | M: 11143.6432 | Path: GPU-cuStateVec MPI-distributed (2 ranks)
Iter 0407 | Energy: -6.421340 | Delta: 1.99e-04 | M: 11631.1319 | Path: GPU-cuStateVec MPI-distributed (2 ranks)
Iter 0408 | Energy: -6.425113 | Delta: 3.77e-03 | M: 11215.4495 | Path: GPU-cuStateVec MPI-distributed (2 ranks)
Iter 0409 | Energy: -6.422036 | Delta: 3.08e-03 | M: 215.8448 | Path: GPU-cuStateVec MPI-distributed (2 ranks)
Iter 0410 | Energy: -6.426384 | Delta: 4.35e-03 | M: 10626.5328 | Path: GPU-cuStateVec MPI-distributed (2 ranks)
[RESILIENCE] Iteration 410: Global theta state checkpointed at path checkpoints/LiH/checkpoint_iter_0410.npy. 
Iter 0411 | Energy: -6.425267 | Delta: 1.12e-03 | M: 11119.4641 | Path: GPU-cuStateVec MPI-distributed (2 ranks)
Iter 0412 | Energy: -6.420068 | Delta: 5.20e-03 | M: 9496.9021 | Path: GPU-cuStateVec MPI-distributed (2 ranks)
Iter 0413 | Energy: -6.428541 | Delta: 8.47e-03 | M: 10739.9816 | Path: GPU-cuStateVec MPI-distributed (2 ranks)
Iter 0414 | Energy: -6.429509 | Delta: 9.68e-04 | M: 10786.5355 | Path: GPU-cuStateVec MPI-distributed (2 ranks)
Iter 0415 | Energy: -6.435482 | Delta: 5.97e-03 | M: 42.6385 | Path: GPU-cuStateVec MPI-distributed (2 ranks)
[RESILIENCE] Iteration 415: Global theta state checkpointed at path checkpoints/LiH/checkpoint_iter_0415.npy. 
Iter 0416 | Energy: -6.423418 | Delta: 1.21e-02 | M: 224.1205 | Path: GPU-cuStateVec MPI-distributed (2 ranks)
Iter 0417 | Energy: -6.430232 | Delta: 6.81e-03 | M: 10438.0320 | Path: GPU-cuStateVec MPI-distributed (2 ranks)
Iter 0418 | Energy: -6.462587 | Delta: 3.24e-02 | M: 11287.7549 | Path: GPU-cuStateVec MPI-distributed (2 ranks)
Iter 0419 | Energy: -6.458796 | Delta: 3.79e-03 | M: 10635.8054 | Path: GPU-cuStateVec MPI-distributed (2 ranks)
Iter 0420 | Energy: -6.457606 | Delta: 1.19e-03 | M: 96.1634 | Path: GPU-cuStateVec MPI-distributed (2 ranks)
[RESILIENCE] Iteration 420: Global theta state checkpointed at path checkpoints/LiH/checkpoint_iter_0420.npy. 
Iter 0421 | Energy: -6.461017 | Delta: 3.41e-03 | M: 143.5062 | Path: GPU-cuStateVec MPI-distributed (2 ranks)
Iter 0422 | Energy: -6.451910 | Delta: 9.11e-03 | M: 10905.9224 | Path: GPU-cuStateVec MPI-distributed (2 ranks)
Iter 0423 | Energy: -6.466956 | Delta: 1.50e-02 | M: 10934.7617 | Path: GPU-cuStateVec MPI-distributed (2 ranks)
Iter 0424 | Energy: -6.482336 | Delta: 1.54e-02 | M: 10538.5111 | Path: GPU-cuStateVec MPI-distributed (2 ranks)
Iter 0425 | Energy: -6.482261 | Delta: 7.48e-05 | M: 11437.9968 | Path: GPU-cuStateVec MPI-distributed (2 ranks)
[RESILIENCE] Iteration 425: Global theta state checkpointed at path checkpoints/LiH/checkpoint_iter_0425.npy. 
Iter 0426 | Energy: -6.477296 | Delta: 4.96e-03 | M: 10885.3063 | Path: GPU-cuStateVec MPI-distributed (2 ranks)
Iter 0427 | Energy: -6.490517 | Delta: 1.32e-02 | M: 164.8253 | Path: GPU-cuStateVec MPI-distributed (2 ranks)
Iter 0428 | Energy: -6.498449 | Delta: 7.93e-03 | M: 11268.4537 | Path: GPU-cuStateVec MPI-distributed (2 ranks)
Iter 0429 | Energy: -6.510867 | Delta: 1.24e-02 | M: 11097.5907 | Path: GPU-cuStateVec MPI-distributed (2 ranks)
Iter 0430 | Energy: -6.509265 | Delta: 1.60e-03 | M: 11498.0502 | Path: GPU-cuStateVec MPI-distributed (2 ranks)
[RESILIENCE] Iteration 430: Global theta state checkpointed at path checkpoints/LiH/checkpoint_iter_0430.npy. 
Iter 0431 | Energy: -6.511759 | Delta: 2.49e-03 | M: 11209.3930 | Path: GPU-cuStateVec MPI-distributed (2 ranks)
Iter 0432 | Energy: -6.511298 | Delta: 4.61e-04 | M: 13860.3147 | Path: GPU-cuStateVec MPI-distributed (2 ranks)
Iter 0433 | Energy: -6.529876 | Delta: 1.86e-02 | M: 181.4730 | Path: GPU-cuStateVec MPI-distributed (2 ranks)
Iter 0434 | Energy: -6.532056 | Delta: 2.18e-03 | M: 11544.8996 | Path: GPU-cuStateVec MPI-distributed (2 ranks)
Iter 0435 | Energy: -6.540836 | Delta: 8.78e-03 | M: 10776.7004 | Path: GPU-cuStateVec MPI-distributed (2 ranks)
[RESILIENCE] Iteration 435: Global theta state checkpointed at path checkpoints/LiH/checkpoint_iter_0435.npy. 
Iter 0436 | Energy: -6.553677 | Delta: 1.28e-02 | M: 10774.6400 | Path: GPU-cuStateVec MPI-distributed (2 ranks)
Iter 0437 | Energy: -6.561314 | Delta: 7.64e-03 | M: 11250.8945 | Path: GPU-cuStateVec MPI-distributed (2 ranks)
Iter 0438 | Energy: -6.557389 | Delta: 3.93e-03 | M: 10971.8929 | Path: GPU-cuStateVec MPI-distributed (2 ranks)
Iter 0439 | Energy: -6.563983 | Delta: 6.59e-03 | M: 284.9663 | Path: GPU-cuStateVec MPI-distributed (2 ranks)
Iter 0440 | Energy: -6.581568 | Delta: 1.76e-02 | M: 10714.4942 | Path: GPU-cuStateVec MPI-distributed (2 ranks)
[RESILIENCE] Iteration 440: Global theta state checkpointed at path checkpoints/LiH/checkpoint_iter_0440.npy. 
Iter 0441 | Energy: -6.580871 | Delta: 6.97e-04 | M: 11177.9730 | Path: GPU-cuStateVec MPI-distributed (2 ranks)
Iter 0442 | Energy: -6.581525 | Delta: 6.54e-04 | M: 11124.1727 | Path: GPU-cuStateVec MPI-distributed (2 ranks)
Iter 0443 | Energy: -6.579321 | Delta: 2.20e-03 | M: 11242.6954 | Path: GPU-cuStateVec MPI-distributed (2 ranks)
Iter 0444 | Energy: -6.584311 | Delta: 4.99e-03 | M: 11240.6761 | Path: GPU-cuStateVec MPI-distributed (2 ranks)
Iter 0445 | Energy: -6.584777 | Delta: 4.66e-04 | M: 345.2258 | Path: GPU-cuStateVec MPI-distributed (2 ranks)
[RESILIENCE] Iteration 445: Global theta state checkpointed at path checkpoints/LiH/checkpoint_iter_0445.npy. 
Iter 0446 | Energy: -6.585951 | Delta: 1.17e-03 | M: 9803.1541 | Path: GPU-cuStateVec MPI-distributed (2 ranks)
Iter 0447 | Energy: -6.594191 | Delta: 8.24e-03 | M: 10825.4569 | Path: GPU-cuStateVec MPI-distributed (2 ranks)
Iter 0448 | Energy: -6.594177 | Delta: 1.36e-05 | M: 11008.4334 | Path: GPU-cuStateVec MPI-distributed (2 ranks)
Iter 0449 | Energy: -6.600516 | Delta: 6.34e-03 | M: 11288.4483 | Path: GPU-cuStateVec MPI-distributed (2 ranks)
Iter 0450 | Energy: -6.598835 | Delta: 1.68e-03 | M: 12937.3855 | Path: GPU-cuStateVec MPI-distributed (2 ranks)
[RESILIENCE] Iteration 450: Global theta state checkpointed at path checkpoints/LiH/checkpoint_iter_0450.npy. 
Iter 0451 | Energy: -6.604642 | Delta: 5.81e-03 | M: 235.6692 | Path: GPU-cuStateVec MPI-distributed (2 ranks)
Iter 0452 | Energy: -6.612785 | Delta: 8.14e-03 | M: 11976.7108 | Path: GPU-cuStateVec MPI-distributed (2 ranks)
Iter 0453 | Energy: -6.605645 | Delta: 7.14e-03 | M: 9555.3618 | Path: GPU-cuStateVec MPI-distributed (2 ranks)
Iter 0454 | Energy: -6.610249 | Delta: 4.60e-03 | M: 8421.8773 | Path: GPU-cuStateVec MPI-distributed (2 ranks)
Iter 0455 | Energy: -6.616170 | Delta: 5.92e-03 | M: 10459.2271 | Path: GPU-cuStateVec MPI-distributed (2 ranks)
[RESILIENCE] Iteration 455: Global theta state checkpointed at path checkpoints/LiH/checkpoint_iter_0455.npy. 
Iter 0456 | Energy: -6.612441 | Delta: 3.73e-03 | M: 10058.7192 | Path: GPU-cuStateVec MPI-distributed (2 ranks)
Iter 0457 | Energy: -6.613255 | Delta: 8.15e-04 | M: 234.5744 | Path: GPU-cuStateVec MPI-distributed (2 ranks)
Iter 0458 | Energy: -6.616190 | Delta: 2.94e-03 | M: 10380.9652 | Path: GPU-cuStateVec MPI-distributed (2 ranks)
Iter 0459 | Energy: -6.617121 | Delta: 9.31e-04 | M: 10864.1144 | Path: GPU-cuStateVec MPI-distributed (2 ranks)
Iter 0460 | Energy: -6.630893 | Delta: 1.38e-02 | M: 10861.4132 | Path: GPU-cuStateVec MPI-distributed (2 ranks)
[RESILIENCE] Iteration 460: Global theta state checkpointed at path checkpoints/LiH/checkpoint_iter_0460.npy. 
Iter 0461 | Energy: -6.634523 | Delta: 3.63e-03 | M: 9814.1153 | Path: GPU-cuStateVec MPI-distributed (2 ranks)
Iter 0462 | Energy: -6.646007 | Delta: 1.15e-02 | M: 9991.9682 | Path: GPU-cuStateVec MPI-distributed (2 ranks)
Iter 0463 | Energy: -6.649564 | Delta: 3.56e-03 | M: 225.8899 | Path: GPU-cuStateVec MPI-distributed (2 ranks)
Iter 0464 | Energy: -6.672805 | Delta: 2.32e-02 | M: 11682.8112 | Path: GPU-cuStateVec MPI-distributed (2 ranks)
Iter 0465 | Energy: -6.695276 | Delta: 2.25e-02 | M: 10993.1984 | Path: GPU-cuStateVec MPI-distributed (2 ranks)
[RESILIENCE] Iteration 465: Global theta state checkpointed at path checkpoints/LiH/checkpoint_iter_0465.npy. 
Iter 0466 | Energy: -6.703759 | Delta: 8.48e-03 | M: 11346.2452 | Path: GPU-cuStateVec MPI-distributed (2 ranks)
Iter 0467 | Energy: -6.708601 | Delta: 4.84e-03 | M: 10825.0263 | Path: GPU-cuStateVec MPI-distributed (2 ranks)
Iter 0468 | Energy: -6.719635 | Delta: 1.10e-02 | M: 10226.6010 | Path: GPU-cuStateVec MPI-distributed (2 ranks)
Iter 0469 | Energy: -6.719959 | Delta: 3.24e-04 | M: 250.2789 | Path: GPU-cuStateVec MPI-distributed (2 ranks)
Iter 0470 | Energy: -6.725593 | Delta: 5.63e-03 | M: 10765.0136 | Path: GPU-cuStateVec MPI-distributed (2 ranks)
[RESILIENCE] Iteration 470: Global theta state checkpointed at path checkpoints/LiH/checkpoint_iter_0470.npy. 
Iter 0471 | Energy: -6.724787 | Delta: 8.05e-04 | M: 10332.2693 | Path: GPU-cuStateVec MPI-distributed (2 ranks)
Iter 0472 | Energy: -6.729165 | Delta: 4.38e-03 | M: 9774.6158 | Path: GPU-cuStateVec MPI-distributed (2 ranks)
Iter 0473 | Energy: -6.738144 | Delta: 8.98e-03 | M: 10820.2806 | Path: GPU-cuStateVec MPI-distributed (2 ranks)
Iter 0474 | Energy: -6.745811 | Delta: 7.67e-03 | M: 10915.9687 | Path: GPU-cuStateVec MPI-distributed (2 ranks)
Iter 0475 | Energy: -6.749374 | Delta: 3.56e-03 | M: 128.3644 | Path: GPU-cuStateVec MPI-distributed (2 ranks)
[RESILIENCE] Iteration 475: Global theta state checkpointed at path checkpoints/LiH/checkpoint_iter_0475.npy. 
Iter 0476 | Energy: -6.747242 | Delta: 2.13e-03 | M: 196.0546 | Path: GPU-cuStateVec MPI-distributed (2 ranks)
Iter 0477 | Energy: -6.754591 | Delta: 7.35e-03 | M: 11549.9481 | Path: GPU-cuStateVec MPI-distributed (2 ranks)
Iter 0478 | Energy: -6.762333 | Delta: 7.74e-03 | M: 11559.7014 | Path: GPU-cuStateVec MPI-distributed (2 ranks)
Iter 0479 | Energy: -6.767994 | Delta: 5.66e-03 | M: 10757.9456 | Path: GPU-cuStateVec MPI-distributed (2 ranks)
Iter 0480 | Energy: -6.766217 | Delta: 1.78e-03 | M: 14659.8251 | Path: GPU-cuStateVec MPI-distributed (2 ranks)
[RESILIENCE] Iteration 480: Global theta state checkpointed at path checkpoints/LiH/checkpoint_iter_0480.npy. 
Iter 0481 | Energy: -6.775126 | Delta: 8.91e-03 | M: 267.4220 | Path: GPU-cuStateVec MPI-distributed (2 ranks)
Iter 0482 | Energy: -6.778683 | Delta: 3.56e-03 | M: 174.0563 | Path: GPU-cuStateVec MPI-distributed (2 ranks)
Iter 0483 | Energy: -6.787515 | Delta: 8.83e-03 | M: 11327.6975 | Path: GPU-cuStateVec MPI-distributed (2 ranks)
Iter 0484 | Energy: -6.800936 | Delta: 1.34e-02 | M: 11307.2706 | Path: GPU-cuStateVec MPI-distributed (2 ranks)
Iter 0485 | Energy: -6.808327 | Delta: 7.39e-03 | M: 11318.0439 | Path: GPU-cuStateVec MPI-distributed (2 ranks)
[RESILIENCE] Iteration 485: Global theta state checkpointed at path checkpoints/LiH/checkpoint_iter_0485.npy. 
Iter 0486 | Energy: -6.812538 | Delta: 4.21e-03 | M: 13102.5610 | Path: GPU-cuStateVec MPI-distributed (2 ranks)
Iter 0487 | Energy: -6.816809 | Delta: 4.27e-03 | M: 127.8785 | Path: GPU-cuStateVec MPI-distributed (2 ranks)
Iter 0488 | Energy: -6.822377 | Delta: 5.57e-03 | M: 218.5700 | Path: GPU-cuStateVec MPI-distributed (2 ranks)
Iter 0489 | Energy: -6.823456 | Delta: 1.08e-03 | M: 11008.6889 | Path: GPU-cuStateVec MPI-distributed (2 ranks)
Iter 0490 | Energy: -6.820634 | Delta: 2.82e-03 | M: 11241.0276 | Path: GPU-cuStateVec MPI-distributed (2 ranks)
[RESILIENCE] Iteration 490: Global theta state checkpointed at path checkpoints/LiH/checkpoint_iter_0490.npy. 
Iter 0491 | Energy: -6.832783 | Delta: 1.21e-02 | M: 11341.2619 | Path: GPU-cuStateVec MPI-distributed (2 ranks)
Iter 0492 | Energy: -6.842033 | Delta: 9.25e-03 | M: 11397.1878 | Path: GPU-cuStateVec MPI-distributed (2 ranks)
Iter 0493 | Energy: -6.839224 | Delta: 2.81e-03 | M: 206.9516 | Path: GPU-cuStateVec MPI-distributed (2 ranks)
Iter 0494 | Energy: -6.838604 | Delta: 6.21e-04 | M: 11186.6083 | Path: GPU-cuStateVec MPI-distributed (2 ranks)
Iter 0495 | Energy: -6.844086 | Delta: 5.48e-03 | M: 10908.5607 | Path: GPU-cuStateVec MPI-distributed (2 ranks)
[RESILIENCE] Iteration 495: Global theta state checkpointed at path checkpoints/LiH/checkpoint_iter_0495.npy. 
Iter 0496 | Energy: -6.844699 | Delta: 6.13e-04 | M: 9367.1241 | Path: GPU-cuStateVec MPI-distributed (2 ranks)
Iter 0497 | Energy: -6.842672 | Delta: 2.03e-03 | M: 10612.9751 | Path: GPU-cuStateVec MPI-distributed (2 ranks)
Iter 0498 | Energy: -6.845201 | Delta: 2.53e-03 | M: 13504.6813 | Path: GPU-cuStateVec MPI-distributed (2 ranks)
Iter 0499 | Energy: -6.845448 | Delta: 2.48e-04 | M: 152.2533 | Path: GPU-cuStateVec MPI-distributed (2 ranks)
Iter 0500 | Energy: -6.845982 | Delta: 5.34e-04 | M: 116.4720 | Path: GPU-cuStateVec MPI-distributed (2 ranks)
[RESILIENCE] Iteration 500: Global theta state checkpointed at path checkpoints/LiH/checkpoint_iter_0500.npy. 
Iter 0501 | Energy: -6.852663 | Delta: 6.68e-03 | M: 11298.5539 | Path: GPU-cuStateVec MPI-distributed (2 ranks)
Iter 0502 | Energy: -6.856181 | Delta: 3.52e-03 | M: 10827.1704 | Path: GPU-cuStateVec MPI-distributed (2 ranks)
Iter 0503 | Energy: -6.849909 | Delta: 6.27e-03 | M: 11182.3675 | Path: GPU-cuStateVec MPI-distributed (2 ranks)
Iter 0504 | Energy: -6.860560 | Delta: 1.07e-02 | M: 11526.7452 | Path: GPU-cuStateVec MPI-distributed (2 ranks)
Iter 0505 | Energy: -6.860258 | Delta: 3.02e-04 | M: 250.1213 | Path: GPU-cuStateVec MPI-distributed (2 ranks)
[RESILIENCE] Iteration 505: Global theta state checkpointed at path checkpoints/LiH/checkpoint_iter_0505.npy. 
Iter 0506 | Energy: -6.855166 | Delta: 5.09e-03 | M: 101.3336 | Path: GPU-cuStateVec MPI-distributed (2 ranks)
Iter 0507 | Energy: -6.861189 | Delta: 6.02e-03 | M: 11232.9408 | Path: GPU-cuStateVec MPI-distributed (2 ranks)
Iter 0508 | Energy: -6.866465 | Delta: 5.28e-03 | M: 11452.8889 | Path: GPU-cuStateVec MPI-distributed (2 ranks)
Iter 0509 | Energy: -6.870599 | Delta: 4.13e-03 | M: 11512.2030 | Path: GPU-cuStateVec MPI-distributed (2 ranks)
Iter 0510 | Energy: -6.866397 | Delta: 4.20e-03 | M: 10202.3289 | Path: GPU-cuStateVec MPI-distributed (2 ranks)
[RESILIENCE] Iteration 510: Global theta state checkpointed at path checkpoints/LiH/checkpoint_iter_0510.npy. 
Iter 0511 | Energy: -6.875435 | Delta: 9.04e-03 | M: 108.2915 | Path: GPU-cuStateVec MPI-distributed (2 ranks)
Iter 0512 | Energy: -6.881585 | Delta: 6.15e-03 | M: 124.2123 | Path: GPU-cuStateVec MPI-distributed (2 ranks)
Iter 0513 | Energy: -6.879223 | Delta: 2.36e-03 | M: 11457.1587 | Path: GPU-cuStateVec MPI-distributed (2 ranks)
Iter 0514 | Energy: -6.883612 | Delta: 4.39e-03 | M: 11425.2918 | Path: GPU-cuStateVec MPI-distributed (2 ranks)
Iter 0515 | Energy: -6.895793 | Delta: 1.22e-02 | M: 10076.2167 | Path: GPU-cuStateVec MPI-distributed (2 ranks)
[RESILIENCE] Iteration 515: Global theta state checkpointed at path checkpoints/LiH/checkpoint_iter_0515.npy. 
Iter 0516 | Energy: -6.886555 | Delta: 9.24e-03 | M: 11066.2528 | Path: GPU-cuStateVec MPI-distributed (2 ranks)
Iter 0517 | Energy: -6.890611 | Delta: 4.06e-03 | M: 150.2684 | Path: GPU-cuStateVec MPI-distributed (2 ranks)
Iter 0518 | Energy: -6.891681 | Delta: 1.07e-03 | M: 111.3454 | Path: GPU-cuStateVec MPI-distributed (2 ranks)
Iter 0519 | Energy: -6.889296 | Delta: 2.38e-03 | M: 11118.1938 | Path: GPU-cuStateVec MPI-distributed (2 ranks)
Iter 0520 | Energy: -6.892978 | Delta: 3.68e-03 | M: 10977.7705 | Path: GPU-cuStateVec MPI-distributed (2 ranks)
[RESILIENCE] Iteration 520: Global theta state checkpointed at path checkpoints/LiH/checkpoint_iter_0520.npy. 
Iter 0521 | Energy: -6.898061 | Delta: 5.08e-03 | M: 10378.8421 | Path: GPU-cuStateVec MPI-distributed (2 ranks)
Iter 0522 | Energy: -6.916504 | Delta: 1.84e-02 | M: 11256.5372 | Path: GPU-cuStateVec MPI-distributed (2 ranks)
Iter 0523 | Energy: -6.905466 | Delta: 1.10e-02 | M: 37.1328 | Path: GPU-cuStateVec MPI-distributed (2 ranks)
Iter 0524 | Energy: -6.906424 | Delta: 9.57e-04 | M: 198.8372 | Path: GPU-cuStateVec MPI-distributed (2 ranks)
Iter 0525 | Energy: -6.907394 | Delta: 9.71e-04 | M: 9901.0432 | Path: GPU-cuStateVec MPI-distributed (2 ranks)
[RESILIENCE] Iteration 525: Global theta state checkpointed at path checkpoints/LiH/checkpoint_iter_0525.npy. 
Iter 0526 | Energy: -6.916665 | Delta: 9.27e-03 | M: 10400.9549 | Path: GPU-cuStateVec MPI-distributed (2 ranks)
Iter 0527 | Energy: -6.917523 | Delta: 8.57e-04 | M: 11704.4795 | Path: GPU-cuStateVec MPI-distributed (2 ranks)
Iter 0528 | Energy: -6.908998 | Delta: 8.52e-03 | M: 11455.1844 | Path: GPU-cuStateVec MPI-distributed (2 ranks)
Iter 0529 | Energy: -6.914491 | Delta: 5.49e-03 | M: 134.3035 | Path: GPU-cuStateVec MPI-distributed (2 ranks)
Iter 0530 | Energy: -6.916664 | Delta: 2.17e-03 | M: 10716.0443 | Path: GPU-cuStateVec MPI-distributed (2 ranks)
[RESILIENCE] Iteration 530: Global theta state checkpointed at path checkpoints/LiH/checkpoint_iter_0530.npy. 
Iter 0531 | Energy: -6.927452 | Delta: 1.08e-02 | M: 11122.3479 | Path: GPU-cuStateVec MPI-distributed (2 ranks)
Iter 0532 | Energy: -6.919541 | Delta: 7.91e-03 | M: 6802.9909 | Path: GPU-cuStateVec MPI-distributed (2 ranks)
Iter 0533 | Energy: -6.935853 | Delta: 1.63e-02 | M: 8622.9945 | Path: GPU-cuStateVec MPI-distributed (2 ranks)
Iter 0534 | Energy: -6.953287 | Delta: 1.74e-02 | M: 11418.6390 | Path: GPU-cuStateVec MPI-distributed (2 ranks)
Iter 0535 | Energy: -6.941726 | Delta: 1.16e-02 | M: 150.5070 | Path: GPU-cuStateVec MPI-distributed (2 ranks)
[RESILIENCE] Iteration 535: Global theta state checkpointed at path checkpoints/LiH/checkpoint_iter_0535.npy. 
Iter 0536 | Energy: -6.948213 | Delta: 6.49e-03 | M: 11652.9128 | Path: GPU-cuStateVec MPI-distributed (2 ranks)
Iter 0537 | Energy: -6.945929 | Delta: 2.28e-03 | M: 9028.4242 | Path: GPU-cuStateVec MPI-distributed (2 ranks)
Iter 0538 | Energy: -6.947392 | Delta: 1.46e-03 | M: 10045.9232 | Path: GPU-cuStateVec MPI-distributed (2 ranks)
Iter 0539 | Energy: -6.948486 | Delta: 1.09e-03 | M: 11014.6021 | Path: GPU-cuStateVec MPI-distributed (2 ranks)
Iter 0540 | Energy: -6.951636 | Delta: 3.15e-03 | M: 13988.9779 | Path: GPU-cuStateVec MPI-distributed (2 ranks)
[RESILIENCE] Iteration 540: Global theta state checkpointed at path checkpoints/LiH/checkpoint_iter_0540.npy. 
Iter 0541 | Energy: -6.948914 | Delta: 2.72e-03 | M: 240.5820 | Path: GPU-cuStateVec MPI-distributed (2 ranks)
Iter 0542 | Energy: -6.955701 | Delta: 6.79e-03 | M: 236.2110 | Path: GPU-cuStateVec MPI-distributed (2 ranks)
Iter 0543 | Energy: -6.961919 | Delta: 6.22e-03 | M: 12278.5926 | Path: GPU-cuStateVec MPI-distributed (2 ranks)
Iter 0544 | Energy: -6.958309 | Delta: 3.61e-03 | M: 11142.3707 | Path: GPU-cuStateVec MPI-distributed (2 ranks)
Iter 0545 | Energy: -6.963069 | Delta: 4.76e-03 | M: 11447.2088 | Path: GPU-cuStateVec MPI-distributed (2 ranks)
[RESILIENCE] Iteration 545: Global theta state checkpointed at path checkpoints/LiH/checkpoint_iter_0545.npy. 
Iter 0546 | Energy: -6.952571 | Delta: 1.05e-02 | M: 10376.4468 | Path: GPU-cuStateVec MPI-distributed (2 ranks)
Iter 0547 | Energy: -6.960563 | Delta: 7.99e-03 | M: 232.5150 | Path: GPU-cuStateVec MPI-distributed (2 ranks)
Iter 0548 | Energy: -6.956029 | Delta: 4.53e-03 | M: 6877.4254 | Path: GPU-cuStateVec MPI-distributed (2 ranks)
Iter 0549 | Energy: -6.966476 | Delta: 1.04e-02 | M: 10233.1016 | Path: GPU-cuStateVec MPI-distributed (2 ranks)
Iter 0550 | Energy: -6.973641 | Delta: 7.16e-03 | M: 11480.7575 | Path: GPU-cuStateVec MPI-distributed (2 ranks)
[RESILIENCE] Iteration 550: Global theta state checkpointed at path checkpoints/LiH/checkpoint_iter_0550.npy. 
Iter 0551 | Energy: -6.968361 | Delta: 5.28e-03 | M: 12268.9981 | Path: GPU-cuStateVec MPI-distributed (2 ranks)
Iter 0552 | Energy: -6.971859 | Delta: 3.50e-03 | M: 10751.3321 | Path: GPU-cuStateVec MPI-distributed (2 ranks)
Iter 0553 | Energy: -6.972878 | Delta: 1.02e-03 | M: 155.7822 | Path: GPU-cuStateVec MPI-distributed (2 ranks)
Iter 0554 | Energy: -6.973177 | Delta: 2.98e-04 | M: 12740.4044 | Path: GPU-cuStateVec MPI-distributed (2 ranks)
Iter 0555 | Energy: -6.977259 | Delta: 4.08e-03 | M: 13147.5989 | Path: GPU-cuStateVec MPI-distributed (2 ranks)
[RESILIENCE] Iteration 555: Global theta state checkpointed at path checkpoints/LiH/checkpoint_iter_0555.npy. 
Iter 0556 | Energy: -6.985058 | Delta: 7.80e-03 | M: 10378.5807 | Path: GPU-cuStateVec MPI-distributed (2 ranks)
Iter 0557 | Energy: -6.980802 | Delta: 4.26e-03 | M: 11498.5369 | Path: GPU-cuStateVec MPI-distributed (2 ranks)
Iter 0558 | Energy: -6.984341 | Delta: 3.54e-03 | M: 11089.8962 | Path: GPU-cuStateVec MPI-distributed (2 ranks)
Iter 0559 | Energy: -6.987208 | Delta: 2.87e-03 | M: 266.6264 | Path: GPU-cuStateVec MPI-distributed (2 ranks)
Iter 0560 | Energy: -7.000299 | Delta: 1.31e-02 | M: 10118.1790 | Path: GPU-cuStateVec MPI-distributed (2 ranks)
[RESILIENCE] Iteration 560: Global theta state checkpointed at path checkpoints/LiH/checkpoint_iter_0560.npy. 
Iter 0561 | Energy: -7.004580 | Delta: 4.28e-03 | M: 10241.9034 | Path: GPU-cuStateVec MPI-distributed (2 ranks)
Iter 0562 | Energy: -7.018489 | Delta: 1.39e-02 | M: 7022.3217 | Path: GPU-cuStateVec MPI-distributed (2 ranks)
Iter 0563 | Energy: -7.012265 | Delta: 6.22e-03 | M: 11555.6278 | Path: GPU-cuStateVec MPI-distributed (2 ranks)
Iter 0564 | Energy: -7.027199 | Delta: 1.49e-02 | M: 10927.5501 | Path: GPU-cuStateVec MPI-distributed (2 ranks)
Iter 0565 | Energy: -7.027532 | Delta: 3.33e-04 | M: 6782.5891 | Path: GPU-cuStateVec MPI-distributed (2 ranks)
[RESILIENCE] Iteration 565: Global theta state checkpointed at path checkpoints/LiH/checkpoint_iter_0565.npy. 
Iter 0566 | Energy: -7.041175 | Delta: 1.36e-02 | M: 122.0378 | Path: GPU-cuStateVec MPI-distributed (2 ranks)
Iter 0567 | Energy: -7.038091 | Delta: 3.08e-03 | M: 204.3169 | Path: GPU-cuStateVec MPI-distributed (2 ranks)
Iter 0568 | Energy: -7.031384 | Delta: 6.71e-03 | M: 11265.4647 | Path: GPU-cuStateVec MPI-distributed (2 ranks)
Iter 0569 | Energy: -7.050458 | Delta: 1.91e-02 | M: 11457.8564 | Path: GPU-cuStateVec MPI-distributed (2 ranks)
Iter 0570 | Energy: -7.051601 | Delta: 1.14e-03 | M: 11464.9307 | Path: GPU-cuStateVec MPI-distributed (2 ranks)
[RESILIENCE] Iteration 570: Global theta state checkpointed at path checkpoints/LiH/checkpoint_iter_0570.npy. 
Iter 0571 | Energy: -7.044488 | Delta: 7.11e-03 | M: 4.0388 | Path: GPU-cuStateVec MPI-distributed (2 ranks)
Iter 0572 | Energy: -7.047866 | Delta: 3.38e-03 | M: 9486.3111 | Path: GPU-cuStateVec MPI-distributed (2 ranks)
Iter 0573 | Energy: -7.065705 | Delta: 1.78e-02 | M: 10743.4134 | Path: GPU-cuStateVec MPI-distributed (2 ranks)
Iter 0574 | Energy: -7.062107 | Delta: 3.60e-03 | M: 10617.7727 | Path: GPU-cuStateVec MPI-distributed (2 ranks)
Iter 0575 | Energy: -7.071582 | Delta: 9.47e-03 | M: 10312.7525 | Path: GPU-cuStateVec MPI-distributed (2 ranks)
[RESILIENCE] Iteration 575: Global theta state checkpointed at path checkpoints/LiH/checkpoint_iter_0575.npy. 
Iter 0576 | Energy: -7.078645 | Delta: 7.06e-03 | M: 10719.9138 | Path: GPU-cuStateVec MPI-distributed (2 ranks)
Iter 0577 | Energy: -7.087542 | Delta: 8.90e-03 | M: 13594.1195 | Path: GPU-cuStateVec MPI-distributed (2 ranks)
Iter 0578 | Energy: -7.084280 | Delta: 3.26e-03 | M: 8833.4050 | Path: GPU-cuStateVec MPI-distributed (2 ranks)
Iter 0579 | Energy: -7.081295 | Delta: 2.98e-03 | M: 9587.0039 | Path: GPU-cuStateVec MPI-distributed (2 ranks)
Iter 0580 | Energy: -7.086289 | Delta: 4.99e-03 | M: 10921.9375 | Path: GPU-cuStateVec MPI-distributed (2 ranks)
[RESILIENCE] Iteration 580: Global theta state checkpointed at path checkpoints/LiH/checkpoint_iter_0580.npy. 
Iter 0581 | Energy: -7.085219 | Delta: 1.07e-03 | M: 10456.6540 | Path: GPU-cuStateVec MPI-distributed (2 ranks)
Iter 0582 | Energy: -7.093812 | Delta: 8.59e-03 | M: 11062.7190 | Path: GPU-cuStateVec MPI-distributed (2 ranks)
Iter 0583 | Energy: -7.095875 | Delta: 2.06e-03 | M: 13853.7177 | Path: GPU-cuStateVec MPI-distributed (2 ranks)
Iter 0584 | Energy: -7.094564 | Delta: 1.31e-03 | M: 11252.5251 | Path: GPU-cuStateVec MPI-distributed (2 ranks)
Iter 0585 | Energy: -7.094630 | Delta: 6.53e-05 | M: 10155.2683 | Path: GPU-cuStateVec MPI-distributed (2 ranks)
[RESILIENCE] Iteration 585: Global theta state checkpointed at path checkpoints/LiH/checkpoint_iter_0585.npy. 
Iter 0586 | Energy: -7.092929 | Delta: 1.70e-03 | M: 10777.8563 | Path: GPU-cuStateVec MPI-distributed (2 ranks)
Iter 0587 | Energy: -7.092625 | Delta: 3.04e-04 | M: 11026.2213 | Path: GPU-cuStateVec MPI-distributed (2 ranks)
Iter 0588 | Energy: -7.099417 | Delta: 6.79e-03 | M: 11233.9411 | Path: GPU-cuStateVec MPI-distributed (2 ranks)
Iter 0589 | Energy: -7.103281 | Delta: 3.86e-03 | M: 13533.3097 | Path: GPU-cuStateVec MPI-distributed (2 ranks)
Iter 0590 | Energy: -7.107730 | Delta: 4.45e-03 | M: 9428.4853 | Path: GPU-cuStateVec MPI-distributed (2 ranks)
[RESILIENCE] Iteration 590: Global theta state checkpointed at path checkpoints/LiH/checkpoint_iter_0590.npy. 
Iter 0591 | Energy: -7.097234 | Delta: 1.05e-02 | M: 10311.9858 | Path: GPU-cuStateVec MPI-distributed (2 ranks)
Iter 0592 | Energy: -7.108838 | Delta: 1.16e-02 | M: 10954.5958 | Path: GPU-cuStateVec MPI-distributed (2 ranks)
Iter 0593 | Energy: -7.107487 | Delta: 1.35e-03 | M: 13484.9935 | Path: GPU-cuStateVec MPI-distributed (2 ranks)
Iter 0594 | Energy: -7.121648 | Delta: 1.42e-02 | M: 9514.4961 | Path: GPU-cuStateVec MPI-distributed (2 ranks)
Iter 0595 | Energy: -7.130170 | Delta: 8.52e-03 | M: 10627.5212 | Path: GPU-cuStateVec MPI-distributed (2 ranks)
[RESILIENCE] Iteration 595: Global theta state checkpointed at path checkpoints/LiH/checkpoint_iter_0595.npy. 
Iter 0596 | Energy: -7.123495 | Delta: 6.68e-03 | M: 13972.6205 | Path: GPU-cuStateVec MPI-distributed (2 ranks)
Iter 0597 | Energy: -7.132943 | Delta: 9.45e-03 | M: 10446.5428 | Path: GPU-cuStateVec MPI-distributed (2 ranks)
Iter 0598 | Energy: -7.131708 | Delta: 1.24e-03 | M: 10445.9594 | Path: GPU-cuStateVec MPI-distributed (2 ranks)
Iter 0599 | Energy: -7.124063 | Delta: 7.65e-03 | M: 10171.2541 | Path: GPU-cuStateVec MPI-distributed (2 ranks)
Iter 0600 | Energy: -7.135310 | Delta: 1.12e-02 | M: 11544.6357 | Path: GPU-cuStateVec MPI-distributed (2 ranks)
[RESILIENCE] Iteration 600: Global theta state checkpointed at path checkpoints/LiH/checkpoint_iter_0600.npy. 
Iter 0601 | Energy: -7.140207 | Delta: 4.90e-03 | M: 11218.7975 | Path: GPU-cuStateVec MPI-distributed (2 ranks)
Iter 0602 | Energy: -7.138451 | Delta: 1.76e-03 | M: 10343.8761 | Path: GPU-cuStateVec MPI-distributed (2 ranks)
Iter 0603 | Energy: -7.140019 | Delta: 1.57e-03 | M: 11577.7941 | Path: GPU-cuStateVec MPI-distributed (2 ranks)
Iter 0604 | Energy: -7.147948 | Delta: 7.93e-03 | M: 10765.1301 | Path: GPU-cuStateVec MPI-distributed (2 ranks)
Iter 0605 | Energy: -7.142566 | Delta: 5.38e-03 | M: 12062.4334 | Path: GPU-cuStateVec MPI-distributed (2 ranks)
[RESILIENCE] Iteration 605: Global theta state checkpointed at path checkpoints/LiH/checkpoint_iter_0605.npy. 
Iter 0606 | Energy: -7.147922 | Delta: 5.36e-03 | M: 10597.1191 | Path: GPU-cuStateVec MPI-distributed (2 ranks)
Iter 0607 | Energy: -7.159681 | Delta: 1.18e-02 | M: 11257.9197 | Path: GPU-cuStateVec MPI-distributed (2 ranks)
Iter 0608 | Energy: -7.158173 | Delta: 1.51e-03 | M: 11255.4003 | Path: GPU-cuStateVec MPI-distributed (2 ranks)
Iter 0609 | Energy: -7.159448 | Delta: 1.28e-03 | M: 11174.2584 | Path: GPU-cuStateVec MPI-distributed (2 ranks)
Iter 0610 | Energy: -7.159202 | Delta: 2.46e-04 | M: 94.4051 | Path: GPU-cuStateVec MPI-distributed (2 ranks)
[RESILIENCE] Iteration 610: Global theta state checkpointed at path checkpoints/LiH/checkpoint_iter_0610.npy. 
Iter 0611 | Energy: -7.163343 | Delta: 4.14e-03 | M: 11334.5222 | Path: GPU-cuStateVec MPI-distributed (2 ranks)
Iter 0612 | Energy: -7.165585 | Delta: 2.24e-03 | M: 11336.6253 | Path: GPU-cuStateVec MPI-distributed (2 ranks)
Iter 0613 | Energy: -7.164688 | Delta: 8.98e-04 | M: 10665.6267 | Path: GPU-cuStateVec MPI-distributed (2 ranks)
Iter 0614 | Energy: -7.168277 | Delta: 3.59e-03 | M: 11208.9310 | Path: GPU-cuStateVec MPI-distributed (2 ranks)
Iter 0615 | Energy: -7.169092 | Delta: 8.15e-04 | M: 11160.5694 | Path: GPU-cuStateVec MPI-distributed (2 ranks)
[RESILIENCE] Iteration 615: Global theta state checkpointed at path checkpoints/LiH/checkpoint_iter_0615.npy. 
Iter 0616 | Energy: -7.168621 | Delta: 4.71e-04 | M: 10512.8674 | Path: GPU-cuStateVec MPI-distributed (2 ranks)
Iter 0617 | Energy: -7.181047 | Delta: 1.24e-02 | M: 73.2041 | Path: GPU-cuStateVec MPI-distributed (2 ranks)
Iter 0618 | Energy: -7.182594 | Delta: 1.55e-03 | M: 12940.6292 | Path: GPU-cuStateVec MPI-distributed (2 ranks)
Iter 0619 | Energy: -7.177803 | Delta: 4.79e-03 | M: 11105.7167 | Path: GPU-cuStateVec MPI-distributed (2 ranks)
Iter 0620 | Energy: -7.177651 | Delta: 1.52e-04 | M: 10940.0770 | Path: GPU-cuStateVec MPI-distributed (2 ranks)
[RESILIENCE] Iteration 620: Global theta state checkpointed at path checkpoints/LiH/checkpoint_iter_0620.npy. 
Iter 0621 | Energy: -7.177339 | Delta: 3.12e-04 | M: 12990.3355 | Path: GPU-cuStateVec MPI-distributed (2 ranks)
Iter 0622 | Energy: -7.194297 | Delta: 1.70e-02 | M: 9314.8981 | Path: GPU-cuStateVec MPI-distributed (2 ranks)
Iter 0623 | Energy: -7.178596 | Delta: 1.57e-02 | M: 11182.9662 | Path: GPU-cuStateVec MPI-distributed (2 ranks)
Iter 0624 | Energy: -7.189869 | Delta: 1.13e-02 | M: 11344.5206 | Path: GPU-cuStateVec MPI-distributed (2 ranks)
Iter 0625 | Energy: -7.198190 | Delta: 8.32e-03 | M: 11203.3542 | Path: GPU-cuStateVec MPI-distributed (2 ranks)
[RESILIENCE] Iteration 625: Global theta state checkpointed at path checkpoints/LiH/checkpoint_iter_0625.npy. 
Iter 0626 | Energy: -7.201386 | Delta: 3.20e-03 | M: 9820.4500 | Path: GPU-cuStateVec MPI-distributed (2 ranks)
Iter 0627 | Energy: -7.206003 | Delta: 4.62e-03 | M: 10954.8428 | Path: GPU-cuStateVec MPI-distributed (2 ranks)
Iter 0628 | Energy: -7.202734 | Delta: 3.27e-03 | M: 11067.7915 | Path: GPU-cuStateVec MPI-distributed (2 ranks)
Iter 0629 | Energy: -7.210255 | Delta: 7.52e-03 | M: 11062.1965 | Path: GPU-cuStateVec MPI-distributed (2 ranks)
Iter 0630 | Energy: -7.216812 | Delta: 6.56e-03 | M: 14100.9272 | Path: GPU-cuStateVec MPI-distributed (2 ranks)
[RESILIENCE] Iteration 630: Global theta state checkpointed at path checkpoints/LiH/checkpoint_iter_0630.npy. 
Iter 0631 | Energy: -7.215020 | Delta: 1.79e-03 | M: 11088.9275 | Path: GPU-cuStateVec MPI-distributed (2 ranks)
Iter 0632 | Energy: -7.218487 | Delta: 3.47e-03 | M: 11046.3720 | Path: GPU-cuStateVec MPI-distributed (2 ranks)
Iter 0633 | Energy: -7.219029 | Delta: 5.42e-04 | M: 193.3965 | Path: GPU-cuStateVec MPI-distributed (2 ranks)
Iter 0634 | Energy: -7.222014 | Delta: 2.98e-03 | M: 11253.9087 | Path: GPU-cuStateVec MPI-distributed (2 ranks)
Iter 0635 | Energy: -7.216289 | Delta: 5.72e-03 | M: 11790.5981 | Path: GPU-cuStateVec MPI-distributed (2 ranks)
[RESILIENCE] Iteration 635: Global theta state checkpointed at path checkpoints/LiH/checkpoint_iter_0635.npy. 
Iter 0636 | Energy: -7.223027 | Delta: 6.74e-03 | M: 11413.1674 | Path: GPU-cuStateVec MPI-distributed (2 ranks)
Iter 0637 | Energy: -7.228068 | Delta: 5.04e-03 | M: 11056.2453 | Path: GPU-cuStateVec MPI-distributed (2 ranks)
Iter 0638 | Energy: -7.237082 | Delta: 9.01e-03 | M: 11350.9673 | Path: GPU-cuStateVec MPI-distributed (2 ranks)
Iter 0639 | Energy: -7.241951 | Delta: 4.87e-03 | M: 10995.9456 | Path: GPU-cuStateVec MPI-distributed (2 ranks)
Iter 0640 | Energy: -7.237588 | Delta: 4.36e-03 | M: 10886.8607 | Path: GPU-cuStateVec MPI-distributed (2 ranks)
[RESILIENCE] Iteration 640: Global theta state checkpointed at path checkpoints/LiH/checkpoint_iter_0640.npy. 
Iter 0641 | Energy: -7.239860 | Delta: 2.27e-03 | M: 10419.0220 | Path: GPU-cuStateVec MPI-distributed (2 ranks)
Iter 0642 | Energy: -7.245512 | Delta: 5.65e-03 | M: 11001.1780 | Path: GPU-cuStateVec MPI-distributed (2 ranks)
Iter 0643 | Energy: -7.248618 | Delta: 3.11e-03 | M: 10746.4350 | Path: GPU-cuStateVec MPI-distributed (2 ranks)
Iter 0644 | Energy: -7.257830 | Delta: 9.21e-03 | M: 10459.4366 | Path: GPU-cuStateVec MPI-distributed (2 ranks)
Iter 0645 | Energy: -7.259538 | Delta: 1.71e-03 | M: 11292.7051 | Path: GPU-cuStateVec MPI-distributed (2 ranks)
[RESILIENCE] Iteration 645: Global theta state checkpointed at path checkpoints/LiH/checkpoint_iter_0645.npy. 
Iter 0646 | Energy: -7.265262 | Delta: 5.72e-03 | M: 11023.1674 | Path: GPU-cuStateVec MPI-distributed (2 ranks)
Iter 0647 | Energy: -7.274535 | Delta: 9.27e-03 | M: 11072.9509 | Path: GPU-cuStateVec MPI-distributed (2 ranks)
Iter 0648 | Energy: -7.282481 | Delta: 7.95e-03 | M: 10953.9178 | Path: GPU-cuStateVec MPI-distributed (2 ranks)
Iter 0649 | Energy: -7.277327 | Delta: 5.15e-03 | M: 10780.6224 | Path: GPU-cuStateVec MPI-distributed (2 ranks)
Iter 0650 | Energy: -7.288813 | Delta: 1.15e-02 | M: 11055.1841 | Path: GPU-cuStateVec MPI-distributed (2 ranks)
[RESILIENCE] Iteration 650: Global theta state checkpointed at path checkpoints/LiH/checkpoint_iter_0650.npy. 
Iter 0651 | Energy: -7.296121 | Delta: 7.31e-03 | M: 10972.2788 | Path: GPU-cuStateVec MPI-distributed (2 ranks)
Iter 0652 | Energy: -7.290006 | Delta: 6.12e-03 | M: 10895.0766 | Path: GPU-cuStateVec MPI-distributed (2 ranks)
Iter 0653 | Energy: -7.290109 | Delta: 1.03e-04 | M: 10534.5506 | Path: GPU-cuStateVec MPI-distributed (2 ranks)
Iter 0654 | Energy: -7.290722 | Delta: 6.14e-04 | M: 14085.9628 | Path: GPU-cuStateVec MPI-distributed (2 ranks)
Iter 0655 | Energy: -7.289100 | Delta: 1.62e-03 | M: 202.1889 | Path: GPU-cuStateVec MPI-distributed (2 ranks)
[RESILIENCE] Iteration 655: Global theta state checkpointed at path checkpoints/LiH/checkpoint_iter_0655.npy. 
Iter 0656 | Energy: -7.297694 | Delta: 8.59e-03 | M: 140.7881 | Path: GPU-cuStateVec MPI-distributed (2 ranks)
Iter 0657 | Energy: -7.302898 | Delta: 5.20e-03 | M: 11017.7627 | Path: GPU-cuStateVec MPI-distributed (2 ranks)
Iter 0658 | Energy: -7.299302 | Delta: 3.60e-03 | M: 13448.8963 | Path: GPU-cuStateVec MPI-distributed (2 ranks)
Iter 0659 | Energy: -7.308821 | Delta: 9.52e-03 | M: 11475.7598 | Path: GPU-cuStateVec MPI-distributed (2 ranks)
Iter 0660 | Energy: -7.306236 | Delta: 2.58e-03 | M: 10913.8397 | Path: GPU-cuStateVec MPI-distributed (2 ranks)
[RESILIENCE] Iteration 660: Global theta state checkpointed at path checkpoints/LiH/checkpoint_iter_0660.npy. 
Iter 0661 | Energy: -7.311484 | Delta: 5.25e-03 | M: 12246.2269 | Path: GPU-cuStateVec MPI-distributed (2 ranks)
Iter 0662 | Energy: -7.311670 | Delta: 1.86e-04 | M: 12832.4869 | Path: GPU-cuStateVec MPI-distributed (2 ranks)
Iter 0663 | Energy: -7.315005 | Delta: 3.33e-03 | M: 10519.4933 | Path: GPU-cuStateVec MPI-distributed (2 ranks)
Iter 0664 | Energy: -7.313118 | Delta: 1.89e-03 | M: 8801.7464 | Path: GPU-cuStateVec MPI-distributed (2 ranks)
Iter 0665 | Energy: -7.318463 | Delta: 5.34e-03 | M: 13124.7560 | Path: GPU-cuStateVec MPI-distributed (2 ranks)
[RESILIENCE] Iteration 665: Global theta state checkpointed at path checkpoints/LiH/checkpoint_iter_0665.npy. 
Iter 0666 | Energy: -7.318675 | Delta: 2.12e-04 | M: 9500.6722 | Path: GPU-cuStateVec MPI-distributed (2 ranks)
Iter 0667 | Energy: -7.321627 | Delta: 2.95e-03 | M: 10522.8974 | Path: GPU-cuStateVec MPI-distributed (2 ranks)
Iter 0668 | Energy: -7.325431 | Delta: 3.80e-03 | M: 9927.8721 | Path: GPU-cuStateVec MPI-distributed (2 ranks)
Iter 0669 | Energy: -7.321620 | Delta: 3.81e-03 | M: 10938.0897 | Path: GPU-cuStateVec MPI-distributed (2 ranks)
Iter 0670 | Energy: -7.324387 | Delta: 2.77e-03 | M: 10859.3288 | Path: GPU-cuStateVec MPI-distributed (2 ranks)
[RESILIENCE] Iteration 670: Global theta state checkpointed at path checkpoints/LiH/checkpoint_iter_0670.npy. 
Iter 0671 | Energy: -7.328259 | Delta: 3.87e-03 | M: 9413.4955 | Path: GPU-cuStateVec MPI-distributed (2 ranks)
Iter 0672 | Energy: -7.330933 | Delta: 2.67e-03 | M: 11232.8695 | Path: GPU-cuStateVec MPI-distributed (2 ranks)
Iter 0673 | Energy: -7.332038 | Delta: 1.11e-03 | M: 10801.6796 | Path: GPU-cuStateVec MPI-distributed (2 ranks)
Iter 0674 | Energy: -7.329763 | Delta: 2.27e-03 | M: 10657.4983 | Path: GPU-cuStateVec MPI-distributed (2 ranks)
Iter 0675 | Energy: -7.327470 | Delta: 2.29e-03 | M: 11474.0115 | Path: GPU-cuStateVec MPI-distributed (2 ranks)
[RESILIENCE] Iteration 675: Global theta state checkpointed at path checkpoints/LiH/checkpoint_iter_0675.npy. 
Iter 0676 | Energy: -7.332742 | Delta: 5.27e-03 | M: 10804.3795 | Path: GPU-cuStateVec MPI-distributed (2 ranks)
Iter 0677 | Energy: -7.344334 | Delta: 1.16e-02 | M: 11462.0711 | Path: GPU-cuStateVec MPI-distributed (2 ranks)
Iter 0678 | Energy: -7.336721 | Delta: 7.61e-03 | M: 12730.6165 | Path: GPU-cuStateVec MPI-distributed (2 ranks)
Iter 0679 | Energy: -7.333804 | Delta: 2.92e-03 | M: 11305.8556 | Path: GPU-cuStateVec MPI-distributed (2 ranks)
Iter 0680 | Energy: -7.334922 | Delta: 1.12e-03 | M: 13480.1099 | Path: GPU-cuStateVec MPI-distributed (2 ranks)
[RESILIENCE] Iteration 680: Global theta state checkpointed at path checkpoints/LiH/checkpoint_iter_0680.npy. 
Iter 0681 | Energy: -7.332147 | Delta: 2.78e-03 | M: 11569.1681 | Path: GPU-cuStateVec MPI-distributed (2 ranks)
Iter 0682 | Energy: -7.344218 | Delta: 1.21e-02 | M: 11402.2981 | Path: GPU-cuStateVec MPI-distributed (2 ranks)
Iter 0683 | Energy: -7.337618 | Delta: 6.60e-03 | M: 11201.6842 | Path: GPU-cuStateVec MPI-distributed (2 ranks)
Iter 0684 | Energy: -7.353905 | Delta: 1.63e-02 | M: 10826.7539 | Path: GPU-cuStateVec MPI-distributed (2 ranks)
Iter 0685 | Energy: -7.361760 | Delta: 7.85e-03 | M: 13723.4074 | Path: GPU-cuStateVec MPI-distributed (2 ranks)
[RESILIENCE] Iteration 685: Global theta state checkpointed at path checkpoints/LiH/checkpoint_iter_0685.npy. 
Iter 0686 | Energy: -7.362798 | Delta: 1.04e-03 | M: 11141.4642 | Path: GPU-cuStateVec MPI-distributed (2 ranks)
Iter 0687 | Energy: -7.369098 | Delta: 6.30e-03 | M: 11188.3485 | Path: GPU-cuStateVec MPI-distributed (2 ranks)
Iter 0688 | Energy: -7.364502 | Delta: 4.60e-03 | M: 11459.3871 | Path: GPU-cuStateVec MPI-distributed (2 ranks)
Iter 0689 | Energy: -7.364565 | Delta: 6.30e-05 | M: 11557.6831 | Path: GPU-cuStateVec MPI-distributed (2 ranks)
Iter 0690 | Energy: -7.373458 | Delta: 8.89e-03 | M: 11104.7042 | Path: GPU-cuStateVec MPI-distributed (2 ranks)
[RESILIENCE] Iteration 690: Global theta state checkpointed at path checkpoints/LiH/checkpoint_iter_0690.npy. 
Iter 0691 | Energy: -7.385472 | Delta: 1.20e-02 | M: 12410.9462 | Path: GPU-cuStateVec MPI-distributed (2 ranks)
Iter 0692 | Energy: -7.385379 | Delta: 9.28e-05 | M: 11243.7798 | Path: GPU-cuStateVec MPI-distributed (2 ranks)
Iter 0693 | Energy: -7.385265 | Delta: 1.13e-04 | M: 11422.9936 | Path: GPU-cuStateVec MPI-distributed (2 ranks)
Iter 0694 | Energy: -7.384269 | Delta: 9.96e-04 | M: 11054.3016 | Path: GPU-cuStateVec MPI-distributed (2 ranks)
Iter 0695 | Energy: -7.393130 | Delta: 8.86e-03 | M: 10453.3298 | Path: GPU-cuStateVec MPI-distributed (2 ranks)
[RESILIENCE] Iteration 695: Global theta state checkpointed at path checkpoints/LiH/checkpoint_iter_0695.npy. 
Iter 0696 | Energy: -7.385167 | Delta: 7.96e-03 | M: 11167.9013 | Path: GPU-cuStateVec MPI-distributed (2 ranks)
Iter 0697 | Energy: -7.389580 | Delta: 4.41e-03 | M: 11309.0089 | Path: GPU-cuStateVec MPI-distributed (2 ranks)
Iter 0698 | Energy: -7.391711 | Delta: 2.13e-03 | M: 11303.7560 | Path: GPU-cuStateVec MPI-distributed (2 ranks)
Iter 0699 | Energy: -7.389277 | Delta: 2.43e-03 | M: 11307.3075 | Path: GPU-cuStateVec MPI-distributed (2 ranks)
Iter 0700 | Energy: -7.398255 | Delta: 8.98e-03 | M: 11428.7721 | Path: GPU-cuStateVec MPI-distributed (2 ranks)
[RESILIENCE] Iteration 700: Global theta state checkpointed at path checkpoints/LiH/checkpoint_iter_0700.npy. 
Iter 0701 | Energy: -7.397075 | Delta: 1.18e-03 | M: 11408.6035 | Path: GPU-cuStateVec MPI-distributed (2 ranks)
Iter 0702 | Energy: -7.397762 | Delta: 6.87e-04 | M: 10180.3301 | Path: GPU-cuStateVec MPI-distributed (2 ranks)
Iter 0703 | Energy: -7.405564 | Delta: 7.80e-03 | M: 11189.9190 | Path: GPU-cuStateVec MPI-distributed (2 ranks)
Iter 0704 | Energy: -7.399551 | Delta: 6.01e-03 | M: 12854.2190 | Path: GPU-cuStateVec MPI-distributed (2 ranks)
Iter 0705 | Energy: -7.406111 | Delta: 6.56e-03 | M: 10675.6135 | Path: GPU-cuStateVec MPI-distributed (2 ranks)
[RESILIENCE] Iteration 705: Global theta state checkpointed at path checkpoints/LiH/checkpoint_iter_0705.npy. 
Iter 0706 | Energy: -7.409603 | Delta: 3.49e-03 | M: 10494.7214 | Path: GPU-cuStateVec MPI-distributed (2 ranks)
Iter 0707 | Energy: -7.411036 | Delta: 1.43e-03 | M: 10976.7031 | Path: GPU-cuStateVec MPI-distributed (2 ranks)
Iter 0708 | Energy: -7.405982 | Delta: 5.05e-03 | M: 10987.8805 | Path: GPU-cuStateVec MPI-distributed (2 ranks)
Iter 0709 | Energy: -7.414023 | Delta: 8.04e-03 | M: 10415.4962 | Path: GPU-cuStateVec MPI-distributed (2 ranks)
Iter 0710 | Energy: -7.417042 | Delta: 3.02e-03 | M: 13917.2620 | Path: GPU-cuStateVec MPI-distributed (2 ranks)
[RESILIENCE] Iteration 710: Global theta state checkpointed at path checkpoints/LiH/checkpoint_iter_0710.npy. 
Iter 0711 | Energy: -7.419296 | Delta: 2.25e-03 | M: 11266.5410 | Path: GPU-cuStateVec MPI-distributed (2 ranks)
Iter 0712 | Energy: -7.419255 | Delta: 4.04e-05 | M: 11444.8474 | Path: GPU-cuStateVec MPI-distributed (2 ranks)
Iter 0713 | Energy: -7.420547 | Delta: 1.29e-03 | M: 11357.1054 | Path: GPU-cuStateVec MPI-distributed (2 ranks)
Iter 0714 | Energy: -7.420212 | Delta: 3.35e-04 | M: 12432.0833 | Path: GPU-cuStateVec MPI-distributed (2 ranks)
Iter 0715 | Energy: -7.420131 | Delta: 8.07e-05 | M: 10668.4560 | Path: GPU-cuStateVec MPI-distributed (2 ranks)
[RESILIENCE] Iteration 715: Global theta state checkpointed at path checkpoints/LiH/checkpoint_iter_0715.npy. 
Iter 0716 | Energy: -7.424852 | Delta: 4.72e-03 | M: 69.7782 | Path: GPU-cuStateVec MPI-distributed (2 ranks)
Iter 0717 | Energy: -7.425227 | Delta: 3.75e-04 | M: 10971.5547 | Path: GPU-cuStateVec MPI-distributed (2 ranks)
Iter 0718 | Energy: -7.434022 | Delta: 8.80e-03 | M: 11409.1108 | Path: GPU-cuStateVec MPI-distributed (2 ranks)
Iter 0719 | Energy: -7.434309 | Delta: 2.87e-04 | M: 11105.2300 | Path: GPU-cuStateVec MPI-distributed (2 ranks)
Iter 0720 | Energy: -7.435402 | Delta: 1.09e-03 | M: 11036.1395 | Path: GPU-cuStateVec MPI-distributed (2 ranks)
[RESILIENCE] Iteration 720: Global theta state checkpointed at path checkpoints/LiH/checkpoint_iter_0720.npy. 
Iter 0721 | Energy: -7.439678 | Delta: 4.28e-03 | M: 11201.1081 | Path: GPU-cuStateVec MPI-distributed (2 ranks)
Iter 0722 | Energy: -7.434919 | Delta: 4.76e-03 | M: 11399.9215 | Path: GPU-cuStateVec MPI-distributed (2 ranks)
Iter 0723 | Energy: -7.442126 | Delta: 7.21e-03 | M: 10978.2855 | Path: GPU-cuStateVec MPI-distributed (2 ranks)
Iter 0724 | Energy: -7.440008 | Delta: 2.12e-03 | M: 10733.0229 | Path: GPU-cuStateVec MPI-distributed (2 ranks)
Iter 0725 | Energy: -7.435974 | Delta: 4.03e-03 | M: 10955.4250 | Path: GPU-cuStateVec MPI-distributed (2 ranks)
[RESILIENCE] Iteration 725: Global theta state checkpointed at path checkpoints/LiH/checkpoint_iter_0725.npy. 
Iter 0726 | Energy: -7.443323 | Delta: 7.35e-03 | M: 11481.5879 | Path: GPU-cuStateVec MPI-distributed (2 ranks)
Iter 0727 | Energy: -7.445194 | Delta: 1.87e-03 | M: 141.3942 | Path: GPU-cuStateVec MPI-distributed (2 ranks)
Iter 0728 | Energy: -7.441884 | Delta: 3.31e-03 | M: 158.2494 | Path: GPU-cuStateVec MPI-distributed (2 ranks)
Iter 0729 | Energy: -7.440326 | Delta: 1.56e-03 | M: 11133.2924 | Path: GPU-cuStateVec MPI-distributed (2 ranks)
Iter 0730 | Energy: -7.446169 | Delta: 5.84e-03 | M: 11827.8433 | Path: GPU-cuStateVec MPI-distributed (2 ranks)
[RESILIENCE] Iteration 730: Global theta state checkpointed at path checkpoints/LiH/checkpoint_iter_0730.npy. 
Iter 0731 | Energy: -7.443565 | Delta: 2.60e-03 | M: 11021.6336 | Path: GPU-cuStateVec MPI-distributed (2 ranks)
Iter 0732 | Energy: -7.447769 | Delta: 4.20e-03 | M: 10497.7938 | Path: GPU-cuStateVec MPI-distributed (2 ranks)
Iter 0733 | Energy: -7.449210 | Delta: 1.44e-03 | M: 11602.5863 | Path: GPU-cuStateVec MPI-distributed (2 ranks)
Iter 0734 | Energy: -7.457065 | Delta: 7.86e-03 | M: 11530.3436 | Path: GPU-cuStateVec MPI-distributed (2 ranks)
Iter 0735 | Energy: -7.456345 | Delta: 7.21e-04 | M: 11750.0560 | Path: GPU-cuStateVec MPI-distributed (2 ranks)
[RESILIENCE] Iteration 735: Global theta state checkpointed at path checkpoints/LiH/checkpoint_iter_0735.npy. 
Iter 0736 | Energy: -7.457426 | Delta: 1.08e-03 | M: 12001.5599 | Path: GPU-cuStateVec MPI-distributed (2 ranks)
Iter 0737 | Energy: -7.460978 | Delta: 3.55e-03 | M: 10802.9452 | Path: GPU-cuStateVec MPI-distributed (2 ranks)
Iter 0738 | Energy: -7.464599 | Delta: 3.62e-03 | M: 10395.4971 | Path: GPU-cuStateVec MPI-distributed (2 ranks)
Iter 0739 | Energy: -7.461275 | Delta: 3.32e-03 | M: 151.2099 | Path: GPU-cuStateVec MPI-distributed (2 ranks)
Iter 0740 | Energy: -7.476208 | Delta: 1.49e-02 | M: 10937.3321 | Path: GPU-cuStateVec MPI-distributed (2 ranks)
[RESILIENCE] Iteration 740: Global theta state checkpointed at path checkpoints/LiH/checkpoint_iter_0740.npy. 
Iter 0741 | Energy: -7.467001 | Delta: 9.21e-03 | M: 11344.8152 | Path: GPU-cuStateVec MPI-distributed (2 ranks)
Iter 0742 | Energy: -7.465800 | Delta: 1.20e-03 | M: 12339.9824 | Path: GPU-cuStateVec MPI-distributed (2 ranks)
Iter 0743 | Energy: -7.469102 | Delta: 3.30e-03 | M: 10129.3906 | Path: GPU-cuStateVec MPI-distributed (2 ranks)
Iter 0744 | Energy: -7.468961 | Delta: 1.41e-04 | M: 10877.0920 | Path: GPU-cuStateVec MPI-distributed (2 ranks)
Iter 0745 | Energy: -7.473742 | Delta: 4.78e-03 | M: 11104.1443 | Path: GPU-cuStateVec MPI-distributed (2 ranks)
[RESILIENCE] Iteration 745: Global theta state checkpointed at path checkpoints/LiH/checkpoint_iter_0745.npy. 
Iter 0746 | Energy: -7.476260 | Delta: 2.52e-03 | M: 11286.2384 | Path: GPU-cuStateVec MPI-distributed (2 ranks)
Iter 0747 | Energy: -7.478885 | Delta: 2.63e-03 | M: 10737.1588 | Path: GPU-cuStateVec MPI-distributed (2 ranks)
Iter 0748 | Energy: -7.474779 | Delta: 4.11e-03 | M: 9199.1435 | Path: GPU-cuStateVec MPI-distributed (2 ranks)
Iter 0749 | Energy: -7.481669 | Delta: 6.89e-03 | M: 11205.9442 | Path: GPU-cuStateVec MPI-distributed (2 ranks)
Iter 0750 | Energy: -7.476764 | Delta: 4.90e-03 | M: 10317.5603 | Path: GPU-cuStateVec MPI-distributed (2 ranks)
[RESILIENCE] Iteration 750: Global theta state checkpointed at path checkpoints/LiH/checkpoint_iter_0750.npy. 
Iter 0751 | Energy: -7.482929 | Delta: 6.16e-03 | M: 10839.7343 | Path: GPU-cuStateVec MPI-distributed (2 ranks)
Iter 0752 | Energy: -7.475013 | Delta: 7.92e-03 | M: 9292.0746 | Path: GPU-cuStateVec MPI-distributed (2 ranks)
Iter 0753 | Energy: -7.491314 | Delta: 1.63e-02 | M: 13765.3511 | Path: GPU-cuStateVec MPI-distributed (2 ranks)
Iter 0754 | Energy: -7.493324 | Delta: 2.01e-03 | M: 10604.0441 | Path: GPU-cuStateVec MPI-distributed (2 ranks)
Iter 0755 | Energy: -7.493523 | Delta: 1.99e-04 | M: 10586.9838 | Path: GPU-cuStateVec MPI-distributed (2 ranks)
[RESILIENCE] Iteration 755: Global theta state checkpointed at path checkpoints/LiH/checkpoint_iter_0755.npy. 
Iter 0756 | Energy: -7.496945 | Delta: 3.42e-03 | M: 9662.7399 | Path: GPU-cuStateVec MPI-distributed (2 ranks)
Iter 0757 | Energy: -7.494674 | Delta: 2.27e-03 | M: 8277.0806 | Path: GPU-cuStateVec MPI-distributed (2 ranks)
Iter 0758 | Energy: -7.500756 | Delta: 6.08e-03 | M: 9283.9827 | Path: GPU-cuStateVec MPI-distributed (2 ranks)
Iter 0759 | Energy: -7.502092 | Delta: 1.34e-03 | M: 10407.3610 | Path: GPU-cuStateVec MPI-distributed (2 ranks)
Iter 0760 | Energy: -7.510160 | Delta: 8.07e-03 | M: 10996.9305 | Path: GPU-cuStateVec MPI-distributed (2 ranks)
[RESILIENCE] Iteration 760: Global theta state checkpointed at path checkpoints/LiH/checkpoint_iter_0760.npy. 
Iter 0761 | Energy: -7.502959 | Delta: 7.20e-03 | M: 10435.8647 | Path: GPU-cuStateVec MPI-distributed (2 ranks)
Iter 0762 | Energy: -7.505018 | Delta: 2.06e-03 | M: 12794.4577 | Path: GPU-cuStateVec MPI-distributed (2 ranks)
Iter 0763 | Energy: -7.512826 | Delta: 7.81e-03 | M: 10626.9658 | Path: GPU-cuStateVec MPI-distributed (2 ranks)
Iter 0764 | Energy: -7.518845 | Delta: 6.02e-03 | M: 13940.6954 | Path: GPU-cuStateVec MPI-distributed (2 ranks)
Iter 0765 | Energy: -7.528467 | Delta: 9.62e-03 | M: 10554.2211 | Path: GPU-cuStateVec MPI-distributed (2 ranks)
[RESILIENCE] Iteration 765: Global theta state checkpointed at path checkpoints/LiH/checkpoint_iter_0765.npy. 
Iter 0766 | Energy: -7.528724 | Delta: 2.57e-04 | M: 10380.4223 | Path: GPU-cuStateVec MPI-distributed (2 ranks)
Iter 0767 | Energy: -7.535750 | Delta: 7.03e-03 | M: 13543.5507 | Path: GPU-cuStateVec MPI-distributed (2 ranks)
Iter 0768 | Energy: -7.546284 | Delta: 1.05e-02 | M: 11264.0308 | Path: GPU-cuStateVec MPI-distributed (2 ranks)

[LiH] Ansatz tier:hwe_adaptive
[LiH] Corr score: 0.502 
[LiH] Final energy: -7.546284 Ha 
[LiH] Reference FCI : -7.882472 Ha 
[LiH] Absolute error: +0.3362 Ha 
[LiH] Iterations run: 768 (best at iter 768)
[LiH] Wall time: 187.19s (includes QPU queue + RTT) 
[LiH] Time/iter: 0.24 s 
[LiH] Source: registry 
[LiH] Active electrons: 2 
[LiH] Estimated qubits: 10 
[LiH] Note: Frozen 2 core electrons. Active space: 2 electrons, 10 qubits 


--- RUNNING CHEMISTRY TASK BeH2 ---
[Resolver] 'BeH2' found in local registry 
[Chemistry:BeH2] 666 Pauli terms, 14 qubits, 112 params, reps=2. FCI reference: -15.5951 Ha 
[Ansatz] HWE (adaptive) (auto) | corr_score=0.501 | off_diag_ratio=0.004
[Reason] score=0.501 in [0.25, 0.55). Moderate correlation (off_diag_ratio=0.004, zz_frac=0.977). Adaptive HWE with full entanglement recommended.
Iter 0001 | Energy: -0.975403 | Delta: inf | M: 9657.6947 | Path: GPU-cuStateVec MPI-distributed (2 ranks)
Iter 0002 | Energy: -0.895111 | Delta: 8.03e-02 | M: 14740.8432 | Path: GPU-cuStateVec MPI-distributed (2 ranks)
Iter 0003 | Energy: -0.846900 | Delta: 4.82e-02 | M: 12031.9397 | Path: GPU-cuStateVec MPI-distributed (2 ranks)
Iter 0004 | Energy: -0.926304 | Delta: 7.94e-02 | M: 8931.5268 | Path: GPU-cuStateVec MPI-distributed (2 ranks)
Iter 0005 | Energy: -1.007841 | Delta: 8.15e-02 | M: 11516.1402 | Path: GPU-cuStateVec MPI-distributed (2 ranks)
[RESILIENCE] Iteration 5: Global theta state checkpointed at path checkpoints/BeH2/checkpoint_iter_0005.npy. 
Iter 0006 | Energy: -1.169179 | Delta: 1.61e-01 | M: 12285.8249 | Path: GPU-cuStateVec MPI-distributed (2 ranks)
Iter 0007 | Energy: -1.400253 | Delta: 2.31e-01 | M: 12185.4148 | Path: GPU-cuStateVec MPI-distributed (2 ranks)
Iter 0008 | Energy: -1.377644 | Delta: 2.26e-02 | M: 12452.0270 | Path: GPU-cuStateVec MPI-distributed (2 ranks)
Iter 0009 | Energy: -1.365462 | Delta: 1.22e-02 | M: 12363.4696 | Path: GPU-cuStateVec MPI-distributed (2 ranks)
Iter 0010 | Energy: -1.454839 | Delta: 8.94e-02 | M: 15040.9963 | Path: GPU-cuStateVec MPI-distributed (2 ranks)
[RESILIENCE] Iteration 10: Global theta state checkpointed at path checkpoints/BeH2/checkpoint_iter_0010.npy. 
Iter 0011 | Energy: -1.627105 | Delta: 1.72e-01 | M: 12586.7953 | Path: GPU-cuStateVec MPI-distributed (2 ranks)
Iter 0012 | Energy: -1.660951 | Delta: 3.38e-02 | M: 12904.9683 | Path: GPU-cuStateVec MPI-distributed (2 ranks)
Iter 0013 | Energy: -1.822047 | Delta: 1.61e-01 | M: 11975.6902 | Path: GPU-cuStateVec MPI-distributed (2 ranks)
Iter 0014 | Energy: -1.991496 | Delta: 1.69e-01 | M: 11121.4867 | Path: GPU-cuStateVec MPI-distributed (2 ranks)
Iter 0015 | Energy: -2.107976 | Delta: 1.16e-01 | M: 12090.6126 | Path: GPU-cuStateVec MPI-distributed (2 ranks)
[RESILIENCE] Iteration 15: Global theta state checkpointed at path checkpoints/BeH2/checkpoint_iter_0015.npy. 
Iter 0016 | Energy: -2.101631 | Delta: 6.34e-03 | M: 11912.3492 | Path: GPU-cuStateVec MPI-distributed (2 ranks)
Iter 0017 | Energy: -2.086536 | Delta: 1.51e-02 | M: 11703.9468 | Path: GPU-cuStateVec MPI-distributed (2 ranks)
Iter 0018 | Energy: -2.105476 | Delta: 1.89e-02 | M: 12867.8241 | Path: GPU-cuStateVec MPI-distributed (2 ranks)
Iter 0019 | Energy: -2.836814 | Delta: 7.31e-01 | M: 15257.7357 | Path: GPU-cuStateVec MPI-distributed (2 ranks)
Iter 0020 | Energy: -2.823916 | Delta: 1.29e-02 | M: 12074.6282 | Path: GPU-cuStateVec MPI-distributed (2 ranks)
[RESILIENCE] Iteration 20: Global theta state checkpointed at path checkpoints/BeH2/checkpoint_iter_0020.npy. 
Iter 0021 | Energy: -3.453277 | Delta: 6.29e-01 | M: 12782.3917 | Path: GPU-cuStateVec MPI-distributed (2 ranks)
Iter 0022 | Energy: -3.519866 | Delta: 6.66e-02 | M: 11375.4508 | Path: GPU-cuStateVec MPI-distributed (2 ranks)
Iter 0023 | Energy: -3.708672 | Delta: 1.89e-01 | M: 12911.6101 | Path: GPU-cuStateVec MPI-distributed (2 ranks)
Iter 0024 | Energy: -3.753686 | Delta: 4.50e-02 | M: 12335.6800 | Path: GPU-cuStateVec MPI-distributed (2 ranks)
Iter 0025 | Energy: -4.488584 | Delta: 7.35e-01 | M: 11829.6513 | Path: GPU-cuStateVec MPI-distributed (2 ranks)
[RESILIENCE] Iteration 25: Global theta state checkpointed at path checkpoints/BeH2/checkpoint_iter_0025.npy. 
Iter 0026 | Energy: -4.645133 | Delta: 1.57e-01 | M: 12594.2620 | Path: GPU-cuStateVec MPI-distributed (2 ranks)
Iter 0027 | Energy: -4.780054 | Delta: 1.35e-01 | M: 12106.9553 | Path: GPU-cuStateVec MPI-distributed (2 ranks)
Iter 0028 | Energy: -4.877357 | Delta: 9.73e-02 | M: 12327.3599 | Path: GPU-cuStateVec MPI-distributed (2 ranks)
Iter 0029 | Energy: -5.277788 | Delta: 4.00e-01 | M: 12371.9912 | Path: GPU-cuStateVec MPI-distributed (2 ranks)
Iter 0030 | Energy: -5.697313 | Delta: 4.20e-01 | M: 15317.8182 | Path: GPU-cuStateVec MPI-distributed (2 ranks)
[RESILIENCE] Iteration 30: Global theta state checkpointed at path checkpoints/BeH2/checkpoint_iter_0030.npy. 
Iter 0031 | Energy: -6.077864 | Delta: 3.81e-01 | M: 441.8570 | Path: GPU-cuStateVec MPI-distributed (2 ranks)
Iter 0032 | Energy: -6.301980 | Delta: 2.24e-01 | M: 12917.9859 | Path: GPU-cuStateVec MPI-distributed (2 ranks)
Iter 0033 | Energy: -7.239587 | Delta: 9.38e-01 | M: 13283.6184 | Path: GPU-cuStateVec MPI-distributed (2 ranks)
Iter 0034 | Energy: -7.320763 | Delta: 8.12e-02 | M: 11512.1955 | Path: GPU-cuStateVec MPI-distributed (2 ranks)
Iter 0035 | Energy: -7.302083 | Delta: 1.87e-02 | M: 15808.3882 | Path: GPU-cuStateVec MPI-distributed (2 ranks)
[RESILIENCE] Iteration 35: Global theta state checkpointed at path checkpoints/BeH2/checkpoint_iter_0035.npy. 
Iter 0036 | Energy: -7.568018 | Delta: 2.66e-01 | M: 12049.2010 | Path: GPU-cuStateVec MPI-distributed (2 ranks)
Iter 0037 | Energy: -7.743127 | Delta: 1.75e-01 | M: 12847.9725 | Path: GPU-cuStateVec MPI-distributed (2 ranks)
Iter 0038 | Energy: -7.806948 | Delta: 6.38e-02 | M: 12301.8416 | Path: GPU-cuStateVec MPI-distributed (2 ranks)
Iter 0039 | Energy: -7.934750 | Delta: 1.28e-01 | M: 12570.3814 | Path: GPU-cuStateVec MPI-distributed (2 ranks)
Iter 0040 | Energy: -7.940707 | Delta: 5.96e-03 | M: 111.5789 | Path: GPU-cuStateVec MPI-distributed (2 ranks)
[RESILIENCE] Iteration 40: Global theta state checkpointed at path checkpoints/BeH2/checkpoint_iter_0040.npy. 
Iter 0041 | Energy: -8.158731 | Delta: 2.18e-01 | M: 11802.7121 | Path: GPU-cuStateVec MPI-distributed (2 ranks)
Iter 0042 | Energy: -8.160795 | Delta: 2.06e-03 | M: 12022.2275 | Path: GPU-cuStateVec MPI-distributed (2 ranks)
Iter 0043 | Energy: -8.239337 | Delta: 7.85e-02 | M: 349.4189 | Path: GPU-cuStateVec MPI-distributed (2 ranks)
Iter 0044 | Energy: -8.535254 | Delta: 2.96e-01 | M: 11831.1735 | Path: GPU-cuStateVec MPI-distributed (2 ranks)
Iter 0045 | Energy: -8.557481 | Delta: 2.22e-02 | M: 12159.4896 | Path: GPU-cuStateVec MPI-distributed (2 ranks)
[RESILIENCE] Iteration 45: Global theta state checkpointed at path checkpoints/BeH2/checkpoint_iter_0045.npy. 
Iter 0046 | Energy: -8.596313 | Delta: 3.88e-02 | M: 11833.3743 | Path: GPU-cuStateVec MPI-distributed (2 ranks)
Iter 0047 | Energy: -8.618841 | Delta: 2.25e-02 | M: 11571.0157 | Path: GPU-cuStateVec MPI-distributed (2 ranks)
Iter 0048 | Energy: -8.649938 | Delta: 3.11e-02 | M: 13157.1358 | Path: GPU-cuStateVec MPI-distributed (2 ranks)
Iter 0049 | Energy: -8.717777 | Delta: 6.78e-02 | M: 12819.7606 | Path: GPU-cuStateVec MPI-distributed (2 ranks)
Iter 0050 | Energy: -8.840375 | Delta: 1.23e-01 | M: 11621.3996 | Path: GPU-cuStateVec MPI-distributed (2 ranks)
[RESILIENCE] Iteration 50: Global theta state checkpointed at path checkpoints/BeH2/checkpoint_iter_0050.npy. 
Iter 0051 | Energy: -8.903111 | Delta: 6.27e-02 | M: 9816.3595 | Path: GPU-cuStateVec MPI-distributed (2 ranks)
Iter 0052 | Energy: -8.948470 | Delta: 4.54e-02 | M: 11522.5616 | Path: GPU-cuStateVec MPI-distributed (2 ranks)
Iter 0053 | Energy: -8.954184 | Delta: 5.71e-03 | M: 15592.0931 | Path: GPU-cuStateVec MPI-distributed (2 ranks)
Iter 0054 | Energy: -8.965291 | Delta: 1.11e-02 | M: 11637.4943 | Path: GPU-cuStateVec MPI-distributed (2 ranks)
Iter 0055 | Energy: -8.962166 | Delta: 3.13e-03 | M: 105.4144 | Path: GPU-cuStateVec MPI-distributed (2 ranks)
[RESILIENCE] Iteration 55: Global theta state checkpointed at path checkpoints/BeH2/checkpoint_iter_0055.npy. 
Iter 0056 | Energy: -9.066210 | Delta: 1.04e-01 | M: 11799.9178 | Path: GPU-cuStateVec MPI-distributed (2 ranks)
Iter 0057 | Energy: -9.105061 | Delta: 3.89e-02 | M: 78.1512 | Path: GPU-cuStateVec MPI-distributed (2 ranks)
Iter 0058 | Energy: -9.093234 | Delta: 1.18e-02 | M: 11090.7141 | Path: GPU-cuStateVec MPI-distributed (2 ranks)
Iter 0059 | Energy: -9.179873 | Delta: 8.66e-02 | M: 365.5018 | Path: GPU-cuStateVec MPI-distributed (2 ranks)
Iter 0060 | Energy: -9.261334 | Delta: 8.15e-02 | M: 100.1416 | Path: GPU-cuStateVec MPI-distributed (2 ranks)
[RESILIENCE] Iteration 60: Global theta state checkpointed at path checkpoints/BeH2/checkpoint_iter_0060.npy. 
Iter 0061 | Energy: -9.314997 | Delta: 5.37e-02 | M: 11195.6192 | Path: GPU-cuStateVec MPI-distributed (2 ranks)
Iter 0062 | Energy: -9.347220 | Delta: 3.22e-02 | M: 118.4639 | Path: GPU-cuStateVec MPI-distributed (2 ranks)
Iter 0063 | Energy: -9.355557 | Delta: 8.34e-03 | M: 360.9839 | Path: GPU-cuStateVec MPI-distributed (2 ranks)
Iter 0064 | Energy: -9.451928 | Delta: 9.64e-02 | M: 90.2259 | Path: GPU-cuStateVec MPI-distributed (2 ranks)
Iter 0065 | Energy: -9.606824 | Delta: 1.55e-01 | M: 11454.6834 | Path: GPU-cuStateVec MPI-distributed (2 ranks)
[RESILIENCE] Iteration 65: Global theta state checkpointed at path checkpoints/BeH2/checkpoint_iter_0065.npy. 
Iter 0066 | Energy: -9.640133 | Delta: 3.33e-02 | M: 11555.1280 | Path: GPU-cuStateVec MPI-distributed (2 ranks)
Iter 0067 | Energy: -9.608463 | Delta: 3.17e-02 | M: 11768.6728 | Path: GPU-cuStateVec MPI-distributed (2 ranks)
Iter 0068 | Energy: -9.772234 | Delta: 1.64e-01 | M: 12642.8379 | Path: GPU-cuStateVec MPI-distributed (2 ranks)
Iter 0069 | Energy: -9.751396 | Delta: 2.08e-02 | M: 12638.2973 | Path: GPU-cuStateVec MPI-distributed (2 ranks)
Iter 0070 | Energy: -9.863667 | Delta: 1.12e-01 | M: 11457.6004 | Path: GPU-cuStateVec MPI-distributed (2 ranks)
[RESILIENCE] Iteration 70: Global theta state checkpointed at path checkpoints/BeH2/checkpoint_iter_0070.npy. 
Iter 0071 | Energy: -9.894339 | Delta: 3.07e-02 | M: 11530.8441 | Path: GPU-cuStateVec MPI-distributed (2 ranks)
Iter 0072 | Energy: -9.894036 | Delta: 3.03e-04 | M: 11750.5065 | Path: GPU-cuStateVec MPI-distributed (2 ranks)
Iter 0073 | Energy: -9.925375 | Delta: 3.13e-02 | M: 11919.1380 | Path: GPU-cuStateVec MPI-distributed (2 ranks)
Iter 0074 | Energy: -10.055608 | Delta: 1.30e-01 | M: 12808.3055 | Path: GPU-cuStateVec MPI-distributed (2 ranks)
Iter 0075 | Energy: -10.112966 | Delta: 5.74e-02 | M: 12838.7591 | Path: GPU-cuStateVec MPI-distributed (2 ranks)
[RESILIENCE] Iteration 75: Global theta state checkpointed at path checkpoints/BeH2/checkpoint_iter_0075.npy. 
Iter 0076 | Energy: -10.258070 | Delta: 1.45e-01 | M: 15332.8807 | Path: GPU-cuStateVec MPI-distributed (2 ranks)
Iter 0077 | Energy: -10.275136 | Delta: 1.71e-02 | M: 11689.5311 | Path: GPU-cuStateVec MPI-distributed (2 ranks)
Iter 0078 | Energy: -10.257009 | Delta: 1.81e-02 | M: 12918.0671 | Path: GPU-cuStateVec MPI-distributed (2 ranks)
Iter 0079 | Energy: -10.344232 | Delta: 8.72e-02 | M: 12569.6677 | Path: GPU-cuStateVec MPI-distributed (2 ranks)
Iter 0080 | Energy: -10.345926 | Delta: 1.69e-03 | M: 15252.1079 | Path: GPU-cuStateVec MPI-distributed (2 ranks)
[RESILIENCE] Iteration 80: Global theta state checkpointed at path checkpoints/BeH2/checkpoint_iter_0080.npy. 
Iter 0081 | Energy: -10.394710 | Delta: 4.88e-02 | M: 12847.6329 | Path: GPU-cuStateVec MPI-distributed (2 ranks)
Iter 0082 | Energy: -10.413019 | Delta: 1.83e-02 | M: 12063.4234 | Path: GPU-cuStateVec MPI-distributed (2 ranks)
Iter 0083 | Energy: -10.524177 | Delta: 1.11e-01 | M: 12002.8907 | Path: GPU-cuStateVec MPI-distributed (2 ranks)
Iter 0084 | Energy: -10.514866 | Delta: 9.31e-03 | M: 12248.4305 | Path: GPU-cuStateVec MPI-distributed (2 ranks)
Iter 0085 | Energy: -10.558256 | Delta: 4.34e-02 | M: 13018.6737 | Path: GPU-cuStateVec MPI-distributed (2 ranks)
[RESILIENCE] Iteration 85: Global theta state checkpointed at path checkpoints/BeH2/checkpoint_iter_0085.npy. 
Iter 0086 | Energy: -10.599839 | Delta: 4.16e-02 | M: 11893.1362 | Path: GPU-cuStateVec MPI-distributed (2 ranks)
Iter 0087 | Energy: -10.704998 | Delta: 1.05e-01 | M: 12212.6815 | Path: GPU-cuStateVec MPI-distributed (2 ranks)
Iter 0088 | Energy: -10.689448 | Delta: 1.55e-02 | M: 10322.3827 | Path: GPU-cuStateVec MPI-distributed (2 ranks)
Iter 0089 | Energy: -10.771720 | Delta: 8.23e-02 | M: 12251.6868 | Path: GPU-cuStateVec MPI-distributed (2 ranks)
Iter 0090 | Energy: -10.830223 | Delta: 5.85e-02 | M: 12730.5641 | Path: GPU-cuStateVec MPI-distributed (2 ranks)
[RESILIENCE] Iteration 90: Global theta state checkpointed at path checkpoints/BeH2/checkpoint_iter_0090.npy. 
Iter 0091 | Energy: -10.975245 | Delta: 1.45e-01 | M: 12960.3509 | Path: GPU-cuStateVec MPI-distributed (2 ranks)
Iter 0092 | Energy: -10.999663 | Delta: 2.44e-02 | M: 12597.0014 | Path: GPU-cuStateVec MPI-distributed (2 ranks)
Iter 0093 | Energy: -10.980952 | Delta: 1.87e-02 | M: 617.1124 | Path: GPU-cuStateVec MPI-distributed (2 ranks)
Iter 0094 | Energy: -10.977492 | Delta: 3.46e-03 | M: 12365.4076 | Path: GPU-cuStateVec MPI-distributed (2 ranks)
Iter 0095 | Energy: -10.998675 | Delta: 2.12e-02 | M: 12773.3928 | Path: GPU-cuStateVec MPI-distributed (2 ranks)
[RESILIENCE] Iteration 95: Global theta state checkpointed at path checkpoints/BeH2/checkpoint_iter_0095.npy. 
Iter 0096 | Energy: -11.071337 | Delta: 7.27e-02 | M: 13107.8047 | Path: GPU-cuStateVec MPI-distributed (2 ranks)
Iter 0097 | Energy: -11.228310 | Delta: 1.57e-01 | M: 12049.4134 | Path: GPU-cuStateVec MPI-distributed (2 ranks)
Iter 0098 | Energy: -11.271932 | Delta: 4.36e-02 | M: 12930.4156 | Path: GPU-cuStateVec MPI-distributed (2 ranks)
Iter 0099 | Energy: -11.308531 | Delta: 3.66e-02 | M: 12713.1917 | Path: GPU-cuStateVec MPI-distributed (2 ranks)
Iter 0100 | Energy: -11.437423 | Delta: 1.29e-01 | M: 4081.4248 | Path: GPU-cuStateVec MPI-distributed (2 ranks)
[RESILIENCE] Iteration 100: Global theta state checkpointed at path checkpoints/BeH2/checkpoint_iter_0100.npy. 
Iter 0101 | Energy: -11.534418 | Delta: 9.70e-02 | M: 12963.2959 | Path: GPU-cuStateVec MPI-distributed (2 ranks)
Iter 0102 | Energy: -11.539159 | Delta: 4.74e-03 | M: 12440.5798 | Path: GPU-cuStateVec MPI-distributed (2 ranks)
Iter 0103 | Energy: -11.586120 | Delta: 4.70e-02 | M: 12450.8814 | Path: GPU-cuStateVec MPI-distributed (2 ranks)
Iter 0104 | Energy: -11.554233 | Delta: 3.19e-02 | M: 12663.5142 | Path: GPU-cuStateVec MPI-distributed (2 ranks)
Iter 0105 | Energy: -11.604698 | Delta: 5.05e-02 | M: 13666.2578 | Path: GPU-cuStateVec MPI-distributed (2 ranks)
[RESILIENCE] Iteration 105: Global theta state checkpointed at path checkpoints/BeH2/checkpoint_iter_0105.npy. 
Iter 0106 | Energy: -11.682964 | Delta: 7.83e-02 | M: 7238.4308 | Path: GPU-cuStateVec MPI-distributed (2 ranks)
Iter 0107 | Energy: -11.784440 | Delta: 1.01e-01 | M: 10349.2482 | Path: GPU-cuStateVec MPI-distributed (2 ranks)
Iter 0108 | Energy: -11.780259 | Delta: 4.18e-03 | M: 13883.3974 | Path: GPU-cuStateVec MPI-distributed (2 ranks)
Iter 0109 | Energy: -11.831200 | Delta: 5.09e-02 | M: 8013.0943 | Path: GPU-cuStateVec MPI-distributed (2 ranks)
Iter 0110 | Energy: -11.892599 | Delta: 6.14e-02 | M: 7732.7419 | Path: GPU-cuStateVec MPI-distributed (2 ranks)
[RESILIENCE] Iteration 110: Global theta state checkpointed at path checkpoints/BeH2/checkpoint_iter_0110.npy. 
Iter 0111 | Energy: -11.928181 | Delta: 3.56e-02 | M: 5637.4353 | Path: GPU-cuStateVec MPI-distributed (2 ranks)
Iter 0112 | Energy: -11.950667 | Delta: 2.25e-02 | M: 8876.4264 | Path: GPU-cuStateVec MPI-distributed (2 ranks)
Iter 0113 | Energy: -11.954497 | Delta: 3.83e-03 | M: 10659.1401 | Path: GPU-cuStateVec MPI-distributed (2 ranks)
Iter 0114 | Energy: -11.976928 | Delta: 2.24e-02 | M: 11164.3211 | Path: GPU-cuStateVec MPI-distributed (2 ranks)
Iter 0115 | Energy: -11.983137 | Delta: 6.21e-03 | M: 10944.7679 | Path: GPU-cuStateVec MPI-distributed (2 ranks)
[RESILIENCE] Iteration 115: Global theta state checkpointed at path checkpoints/BeH2/checkpoint_iter_0115.npy. 
Iter 0116 | Energy: -11.983155 | Delta: 1.86e-05 | M: 9240.2486 | Path: GPU-cuStateVec MPI-distributed (2 ranks)
Iter 0117 | Energy: -12.069478 | Delta: 8.63e-02 | M: 11607.6905 | Path: GPU-cuStateVec MPI-distributed (2 ranks)
Iter 0118 | Energy: -12.079802 | Delta: 1.03e-02 | M: 11806.6639 | Path: GPU-cuStateVec MPI-distributed (2 ranks)
Iter 0119 | Energy: -12.124233 | Delta: 4.44e-02 | M: 9127.1636 | Path: GPU-cuStateVec MPI-distributed (2 ranks)
Iter 0120 | Energy: -12.253612 | Delta: 1.29e-01 | M: 13019.6133 | Path: GPU-cuStateVec MPI-distributed (2 ranks)
[RESILIENCE] Iteration 120: Global theta state checkpointed at path checkpoints/BeH2/checkpoint_iter_0120.npy. 
Iter 0121 | Energy: -12.317648 | Delta: 6.40e-02 | M: 11690.9578 | Path: GPU-cuStateVec MPI-distributed (2 ranks)
Iter 0122 | Energy: -12.351764 | Delta: 3.41e-02 | M: 11063.9346 | Path: GPU-cuStateVec MPI-distributed (2 ranks)
Iter 0123 | Energy: -12.378976 | Delta: 2.72e-02 | M: 10987.9887 | Path: GPU-cuStateVec MPI-distributed (2 ranks)
Iter 0124 | Energy: -12.461354 | Delta: 8.24e-02 | M: 9482.3097 | Path: GPU-cuStateVec MPI-distributed (2 ranks)
Iter 0125 | Energy: -12.448448 | Delta: 1.29e-02 | M: 10908.6872 | Path: GPU-cuStateVec MPI-distributed (2 ranks)
[RESILIENCE] Iteration 125: Global theta state checkpointed at path checkpoints/BeH2/checkpoint_iter_0125.npy. 
Iter 0126 | Energy: -12.538850 | Delta: 9.04e-02 | M: 10124.1608 | Path: GPU-cuStateVec MPI-distributed (2 ranks)
Iter 0127 | Energy: -12.594478 | Delta: 5.56e-02 | M: 9775.7327 | Path: GPU-cuStateVec MPI-distributed (2 ranks)
Iter 0128 | Energy: -12.628768 | Delta: 3.43e-02 | M: 11476.7888 | Path: GPU-cuStateVec MPI-distributed (2 ranks)
Iter 0129 | Energy: -12.642780 | Delta: 1.40e-02 | M: 10661.8908 | Path: GPU-cuStateVec MPI-distributed (2 ranks)
Iter 0130 | Energy: -12.634011 | Delta: 8.77e-03 | M: 9597.4279 | Path: GPU-cuStateVec MPI-distributed (2 ranks)
[RESILIENCE] Iteration 130: Global theta state checkpointed at path checkpoints/BeH2/checkpoint_iter_0130.npy. 
Iter 0131 | Energy: -12.713025 | Delta: 7.90e-02 | M: 12092.2823 | Path: GPU-cuStateVec MPI-distributed (2 ranks)
Iter 0132 | Energy: -12.736649 | Delta: 2.36e-02 | M: 9224.6987 | Path: GPU-cuStateVec MPI-distributed (2 ranks)
Iter 0133 | Energy: -12.712627 | Delta: 2.40e-02 | M: 11616.6614 | Path: GPU-cuStateVec MPI-distributed (2 ranks)
Iter 0134 | Energy: -12.785227 | Delta: 7.26e-02 | M: 11296.3003 | Path: GPU-cuStateVec MPI-distributed (2 ranks)
Iter 0135 | Energy: -12.788693 | Delta: 3.47e-03 | M: 11314.8788 | Path: GPU-cuStateVec MPI-distributed (2 ranks)
[RESILIENCE] Iteration 135: Global theta state checkpointed at path checkpoints/BeH2/checkpoint_iter_0135.npy. 
Iter 0136 | Energy: -12.833494 | Delta: 4.48e-02 | M: 11273.2278 | Path: GPU-cuStateVec MPI-distributed (2 ranks)
Iter 0137 | Energy: -12.899151 | Delta: 6.57e-02 | M: 8168.7688 | Path: GPU-cuStateVec MPI-distributed (2 ranks)
Iter 0138 | Energy: -12.919466 | Delta: 2.03e-02 | M: 11937.9050 | Path: GPU-cuStateVec MPI-distributed (2 ranks)
Iter 0139 | Energy: -12.911212 | Delta: 8.25e-03 | M: 11807.0908 | Path: GPU-cuStateVec MPI-distributed (2 ranks)
Iter 0140 | Energy: -12.953385 | Delta: 4.22e-02 | M: 12943.7165 | Path: GPU-cuStateVec MPI-distributed (2 ranks)
[RESILIENCE] Iteration 140: Global theta state checkpointed at path checkpoints/BeH2/checkpoint_iter_0140.npy. 
Iter 0141 | Energy: -13.043472 | Delta: 9.01e-02 | M: 11220.0708 | Path: GPU-cuStateVec MPI-distributed (2 ranks)
Iter 0142 | Energy: -13.048355 | Delta: 4.88e-03 | M: 11352.9848 | Path: GPU-cuStateVec MPI-distributed (2 ranks)
Iter 0143 | Energy: -13.055720 | Delta: 7.37e-03 | M: 9229.7377 | Path: GPU-cuStateVec MPI-distributed (2 ranks)
Iter 0144 | Energy: -13.069395 | Delta: 1.37e-02 | M: 13333.8818 | Path: GPU-cuStateVec MPI-distributed (2 ranks)
Iter 0145 | Energy: -13.125489 | Delta: 5.61e-02 | M: 8818.8416 | Path: GPU-cuStateVec MPI-distributed (2 ranks)
[RESILIENCE] Iteration 145: Global theta state checkpointed at path checkpoints/BeH2/checkpoint_iter_0145.npy. 
Iter 0146 | Energy: -13.120300 | Delta: 5.19e-03 | M: 7724.7569 | Path: GPU-cuStateVec MPI-distributed (2 ranks)
Iter 0147 | Energy: -13.223162 | Delta: 1.03e-01 | M: 12494.9640 | Path: GPU-cuStateVec MPI-distributed (2 ranks)
Iter 0148 | Energy: -13.226914 | Delta: 3.75e-03 | M: 10620.0079 | Path: GPU-cuStateVec MPI-distributed (2 ranks)
Iter 0149 | Energy: -13.260571 | Delta: 3.37e-02 | M: 11340.9415 | Path: GPU-cuStateVec MPI-distributed (2 ranks)
Iter 0150 | Energy: -13.259455 | Delta: 1.12e-03 | M: 10728.2735 | Path: GPU-cuStateVec MPI-distributed (2 ranks)
[RESILIENCE] Iteration 150: Global theta state checkpointed at path checkpoints/BeH2/checkpoint_iter_0150.npy. 
Iter 0151 | Energy: -13.285825 | Delta: 2.64e-02 | M: 11589.9053 | Path: GPU-cuStateVec MPI-distributed (2 ranks)
Iter 0152 | Energy: -13.317306 | Delta: 3.15e-02 | M: 7976.9571 | Path: GPU-cuStateVec MPI-distributed (2 ranks)
Iter 0153 | Energy: -13.316959 | Delta: 3.47e-04 | M: 8634.3827 | Path: GPU-cuStateVec MPI-distributed (2 ranks)
Iter 0154 | Energy: -13.318731 | Delta: 1.77e-03 | M: 13503.6498 | Path: GPU-cuStateVec MPI-distributed (2 ranks)
Iter 0155 | Energy: -13.365630 | Delta: 4.69e-02 | M: 7795.9159 | Path: GPU-cuStateVec MPI-distributed (2 ranks)
[RESILIENCE] Iteration 155: Global theta state checkpointed at path checkpoints/BeH2/checkpoint_iter_0155.npy. 
Iter 0156 | Energy: -13.372205 | Delta: 6.57e-03 | M: 10939.2734 | Path: GPU-cuStateVec MPI-distributed (2 ranks)
Iter 0157 | Energy: -13.402228 | Delta: 3.00e-02 | M: 11722.2112 | Path: GPU-cuStateVec MPI-distributed (2 ranks)
Iter 0158 | Energy: -13.393590 | Delta: 8.64e-03 | M: 12442.9655 | Path: GPU-cuStateVec MPI-distributed (2 ranks)
Iter 0159 | Energy: -13.452793 | Delta: 5.92e-02 | M: 9505.9298 | Path: GPU-cuStateVec MPI-distributed (2 ranks)
Iter 0160 | Energy: -13.469219 | Delta: 1.64e-02 | M: 10666.6087 | Path: GPU-cuStateVec MPI-distributed (2 ranks)
[RESILIENCE] Iteration 160: Global theta state checkpointed at path checkpoints/BeH2/checkpoint_iter_0160.npy. 
Iter 0161 | Energy: -13.489937 | Delta: 2.07e-02 | M: 14891.7500 | Path: GPU-cuStateVec MPI-distributed (2 ranks)
Iter 0162 | Energy: -13.512498 | Delta: 2.26e-02 | M: 11714.9868 | Path: GPU-cuStateVec MPI-distributed (2 ranks)
Iter 0163 | Energy: -13.547976 | Delta: 3.55e-02 | M: 11959.8235 | Path: GPU-cuStateVec MPI-distributed (2 ranks)
Iter 0164 | Energy: -13.553787 | Delta: 5.81e-03 | M: 11401.8533 | Path: GPU-cuStateVec MPI-distributed (2 ranks)
Iter 0165 | Energy: -13.601187 | Delta: 4.74e-02 | M: 11568.9253 | Path: GPU-cuStateVec MPI-distributed (2 ranks)
[RESILIENCE] Iteration 165: Global theta state checkpointed at path checkpoints/BeH2/checkpoint_iter_0165.npy. 
Iter 0166 | Energy: -13.653495 | Delta: 5.23e-02 | M: 10390.7285 | Path: GPU-cuStateVec MPI-distributed (2 ranks)
Iter 0167 | Energy: -13.666969 | Delta: 1.35e-02 | M: 11889.4513 | Path: GPU-cuStateVec MPI-distributed (2 ranks)
Iter 0168 | Energy: -13.790586 | Delta: 1.24e-01 | M: 9283.0963 | Path: GPU-cuStateVec MPI-distributed (2 ranks)
Iter 0169 | Energy: -13.819015 | Delta: 2.84e-02 | M: 10954.7061 | Path: GPU-cuStateVec MPI-distributed (2 ranks)
Iter 0170 | Energy: -13.850157 | Delta: 3.11e-02 | M: 12226.1694 | Path: GPU-cuStateVec MPI-distributed (2 ranks)
[RESILIENCE] Iteration 170: Global theta state checkpointed at path checkpoints/BeH2/checkpoint_iter_0170.npy. 
Iter 0171 | Energy: -13.857347 | Delta: 7.19e-03 | M: 11773.0616 | Path: GPU-cuStateVec MPI-distributed (2 ranks)
Iter 0172 | Energy: -13.859403 | Delta: 2.06e-03 | M: 14076.1838 | Path: GPU-cuStateVec MPI-distributed (2 ranks)
Iter 0173 | Energy: -13.881285 | Delta: 2.19e-02 | M: 11668.0860 | Path: GPU-cuStateVec MPI-distributed (2 ranks)
Iter 0174 | Energy: -13.879678 | Delta: 1.61e-03 | M: 9333.5465 | Path: GPU-cuStateVec MPI-distributed (2 ranks)
Iter 0175 | Energy: -13.882812 | Delta: 3.13e-03 | M: 10774.0019 | Path: GPU-cuStateVec MPI-distributed (2 ranks)
[RESILIENCE] Iteration 175: Global theta state checkpointed at path checkpoints/BeH2/checkpoint_iter_0175.npy. 
Iter 0176 | Energy: -13.918723 | Delta: 3.59e-02 | M: 14095.4171 | Path: GPU-cuStateVec MPI-distributed (2 ranks)
Iter 0177 | Energy: -13.927348 | Delta: 8.62e-03 | M: 10514.7335 | Path: GPU-cuStateVec MPI-distributed (2 ranks)
Iter 0178 | Energy: -14.017196 | Delta: 8.98e-02 | M: 190.8957 | Path: GPU-cuStateVec MPI-distributed (2 ranks)
Iter 0179 | Energy: -14.021711 | Delta: 4.51e-03 | M: 7585.3059 | Path: GPU-cuStateVec MPI-distributed (2 ranks)
Iter 0180 | Energy: -14.037493 | Delta: 1.58e-02 | M: 13658.1928 | Path: GPU-cuStateVec MPI-distributed (2 ranks)
[RESILIENCE] Iteration 180: Global theta state checkpointed at path checkpoints/BeH2/checkpoint_iter_0180.npy. 
Iter 0181 | Energy: -14.057984 | Delta: 2.05e-02 | M: 104.4228 | Path: GPU-cuStateVec MPI-distributed (2 ranks)
Iter 0182 | Energy: -14.132313 | Delta: 7.43e-02 | M: 7771.5007 | Path: GPU-cuStateVec MPI-distributed (2 ranks)
Iter 0183 | Energy: -14.117536 | Delta: 1.48e-02 | M: 11339.2992 | Path: GPU-cuStateVec MPI-distributed (2 ranks)
Iter 0184 | Energy: -14.147736 | Delta: 3.02e-02 | M: 245.4544 | Path: GPU-cuStateVec MPI-distributed (2 ranks)
Iter 0185 | Energy: -14.148515 | Delta: 7.79e-04 | M: 299.9726 | Path: GPU-cuStateVec MPI-distributed (2 ranks)
[RESILIENCE] Iteration 185: Global theta state checkpointed at path checkpoints/BeH2/checkpoint_iter_0185.npy. 
Iter 0186 | Energy: -14.224669 | Delta: 7.62e-02 | M: 12352.0490 | Path: GPU-cuStateVec MPI-distributed (2 ranks)
Iter 0187 | Energy: -14.220482 | Delta: 4.19e-03 | M: 11698.9150 | Path: GPU-cuStateVec MPI-distributed (2 ranks)
Iter 0188 | Energy: -14.260343 | Delta: 3.99e-02 | M: 11640.6111 | Path: GPU-cuStateVec MPI-distributed (2 ranks)
Iter 0189 | Energy: -14.274559 | Delta: 1.42e-02 | M: 11593.1493 | Path: GPU-cuStateVec MPI-distributed (2 ranks)
Iter 0190 | Energy: -14.335203 | Delta: 6.06e-02 | M: 10794.6496 | Path: GPU-cuStateVec MPI-distributed (2 ranks)
[RESILIENCE] Iteration 190: Global theta state checkpointed at path checkpoints/BeH2/checkpoint_iter_0190.npy. 
Iter 0191 | Energy: -14.358658 | Delta: 2.35e-02 | M: 125.8044 | Path: GPU-cuStateVec MPI-distributed (2 ranks)
Iter 0192 | Energy: -14.369634 | Delta: 1.10e-02 | M: 10159.0042 | Path: GPU-cuStateVec MPI-distributed (2 ranks)
Iter 0193 | Energy: -14.392324 | Delta: 2.27e-02 | M: 11616.6048 | Path: GPU-cuStateVec MPI-distributed (2 ranks)
Iter 0194 | Energy: -14.384471 | Delta: 7.85e-03 | M: 9663.1701 | Path: GPU-cuStateVec MPI-distributed (2 ranks)
Iter 0195 | Energy: -14.397263 | Delta: 1.28e-02 | M: 12605.0029 | Path: GPU-cuStateVec MPI-distributed (2 ranks)
[RESILIENCE] Iteration 195: Global theta state checkpointed at path checkpoints/BeH2/checkpoint_iter_0195.npy. 
Iter 0196 | Energy: -14.406685 | Delta: 9.42e-03 | M: 5.0998 | Path: GPU-cuStateVec MPI-distributed (2 ranks)
Iter 0197 | Energy: -14.453960 | Delta: 4.73e-02 | M: 97.6826 | Path: GPU-cuStateVec MPI-distributed (2 ranks)
Iter 0198 | Energy: -14.450843 | Delta: 3.12e-03 | M: 11101.0997 | Path: GPU-cuStateVec MPI-distributed (2 ranks)
Iter 0199 | Energy: -14.521642 | Delta: 7.08e-02 | M: 11592.8723 | Path: GPU-cuStateVec MPI-distributed (2 ranks)
Iter 0200 | Energy: -14.539203 | Delta: 1.76e-02 | M: 11575.3035 | Path: GPU-cuStateVec MPI-distributed (2 ranks)
[RESILIENCE] Iteration 200: Global theta state checkpointed at path checkpoints/BeH2/checkpoint_iter_0200.npy. 
Iter 0201 | Energy: -14.579852 | Delta: 4.06e-02 | M: 6934.1982 | Path: GPU-cuStateVec MPI-distributed (2 ranks)
Iter 0202 | Energy: -14.552191 | Delta: 2.77e-02 | M: 12382.8682 | Path: GPU-cuStateVec MPI-distributed (2 ranks)
Iter 0203 | Energy: -14.577567 | Delta: 2.54e-02 | M: 11267.1767 | Path: GPU-cuStateVec MPI-distributed (2 ranks)
Iter 0204 | Energy: -14.565570 | Delta: 1.20e-02 | M: 124.1542 | Path: GPU-cuStateVec MPI-distributed (2 ranks)
Iter 0205 | Energy: -14.589981 | Delta: 2.44e-02 | M: 72.7916 | Path: GPU-cuStateVec MPI-distributed (2 ranks)
[RESILIENCE] Iteration 205: Global theta state checkpointed at path checkpoints/BeH2/checkpoint_iter_0205.npy. 
Iter 0206 | Energy: -14.625146 | Delta: 3.52e-02 | M: 8954.5466 | Path: GPU-cuStateVec MPI-distributed (2 ranks)
Iter 0207 | Energy: -14.632323 | Delta: 7.18e-03 | M: 13589.4785 | Path: GPU-cuStateVec MPI-distributed (2 ranks)
Iter 0208 | Energy: -14.725937 | Delta: 9.36e-02 | M: 282.2061 | Path: GPU-cuStateVec MPI-distributed (2 ranks)
Iter 0209 | Energy: -14.713257 | Delta: 1.27e-02 | M: 11031.0262 | Path: GPU-cuStateVec MPI-distributed (2 ranks)
Iter 0210 | Energy: -14.730871 | Delta: 1.76e-02 | M: 9127.6561 | Path: GPU-cuStateVec MPI-distributed (2 ranks)
[RESILIENCE] Iteration 210: Global theta state checkpointed at path checkpoints/BeH2/checkpoint_iter_0210.npy. 
Iter 0211 | Energy: -14.737500 | Delta: 6.63e-03 | M: 10911.1425 | Path: GPU-cuStateVec MPI-distributed (2 ranks)
Iter 0212 | Energy: -14.735748 | Delta: 1.75e-03 | M: 10218.9709 | Path: GPU-cuStateVec MPI-distributed (2 ranks)
Iter 0213 | Energy: -14.732867 | Delta: 2.88e-03 | M: 9702.2797 | Path: GPU-cuStateVec MPI-distributed (2 ranks)
Iter 0214 | Energy: -14.763193 | Delta: 3.03e-02 | M: 10509.4941 | Path: GPU-cuStateVec MPI-distributed (2 ranks)
Iter 0215 | Energy: -14.762449 | Delta: 7.44e-04 | M: 8584.1339 | Path: GPU-cuStateVec MPI-distributed (2 ranks)
[RESILIENCE] Iteration 215: Global theta state checkpointed at path checkpoints/BeH2/checkpoint_iter_0215.npy. 
Iter 0216 | Energy: -14.826207 | Delta: 6.38e-02 | M: 10933.0899 | Path: GPU-cuStateVec MPI-distributed (2 ranks)
Iter 0217 | Energy: -14.859591 | Delta: 3.34e-02 | M: 8031.3742 | Path: GPU-cuStateVec MPI-distributed (2 ranks)
Iter 0218 | Energy: -14.885144 | Delta: 2.56e-02 | M: 8115.1777 | Path: GPU-cuStateVec MPI-distributed (2 ranks)
Iter 0219 | Energy: -14.903150 | Delta: 1.80e-02 | M: 9680.9702 | Path: GPU-cuStateVec MPI-distributed (2 ranks)
Iter 0220 | Energy: -14.886903 | Delta: 1.62e-02 | M: 6370.6804 | Path: GPU-cuStateVec MPI-distributed (2 ranks)
[RESILIENCE] Iteration 220: Global theta state checkpointed at path checkpoints/BeH2/checkpoint_iter_0220.npy. 
Iter 0221 | Energy: -14.917867 | Delta: 3.10e-02 | M: 11008.6421 | Path: GPU-cuStateVec MPI-distributed (2 ranks)
Iter 0222 | Energy: -14.909775 | Delta: 8.09e-03 | M: 11720.0088 | Path: GPU-cuStateVec MPI-distributed (2 ranks)
Iter 0223 | Energy: -14.955236 | Delta: 4.55e-02 | M: 10872.7375 | Path: GPU-cuStateVec MPI-distributed (2 ranks)
Iter 0224 | Energy: -14.977084 | Delta: 2.18e-02 | M: 12651.4154 | Path: GPU-cuStateVec MPI-distributed (2 ranks)
Iter 0225 | Energy: -14.994081 | Delta: 1.70e-02 | M: 11848.7263 | Path: GPU-cuStateVec MPI-distributed (2 ranks)
[RESILIENCE] Iteration 225: Global theta state checkpointed at path checkpoints/BeH2/checkpoint_iter_0225.npy. 
Iter 0226 | Energy: -15.007881 | Delta: 1.38e-02 | M: 10318.2636 | Path: GPU-cuStateVec MPI-distributed (2 ranks)
Iter 0227 | Energy: -15.018205 | Delta: 1.03e-02 | M: 11460.0939 | Path: GPU-cuStateVec MPI-distributed (2 ranks)
Iter 0228 | Energy: -15.016859 | Delta: 1.35e-03 | M: 11221.3573 | Path: GPU-cuStateVec MPI-distributed (2 ranks)
Iter 0229 | Energy: -15.045189 | Delta: 2.83e-02 | M: 11375.0524 | Path: GPU-cuStateVec MPI-distributed (2 ranks)
Iter 0230 | Energy: -15.032734 | Delta: 1.25e-02 | M: 12071.9587 | Path: GPU-cuStateVec MPI-distributed (2 ranks)
[RESILIENCE] Iteration 230: Global theta state checkpointed at path checkpoints/BeH2/checkpoint_iter_0230.npy. 
Iter 0231 | Energy: -15.044886 | Delta: 1.22e-02 | M: 9918.6470 | Path: GPU-cuStateVec MPI-distributed (2 ranks)
Iter 0232 | Energy: -15.069872 | Delta: 2.50e-02 | M: 13405.2431 | Path: GPU-cuStateVec MPI-distributed (2 ranks)
Iter 0233 | Energy: -15.078229 | Delta: 8.36e-03 | M: 8601.2238 | Path: GPU-cuStateVec MPI-distributed (2 ranks)
Iter 0234 | Energy: -15.071912 | Delta: 6.32e-03 | M: 11704.1475 | Path: GPU-cuStateVec MPI-distributed (2 ranks)
Iter 0235 | Energy: -15.091418 | Delta: 1.95e-02 | M: 11699.7644 | Path: GPU-cuStateVec MPI-distributed (2 ranks)
[RESILIENCE] Iteration 235: Global theta state checkpointed at path checkpoints/BeH2/checkpoint_iter_0235.npy. 
Iter 0236 | Energy: -15.081214 | Delta: 1.02e-02 | M: 11528.0324 | Path: GPU-cuStateVec MPI-distributed (2 ranks)
Iter 0237 | Energy: -15.081065 | Delta: 1.49e-04 | M: 12070.9496 | Path: GPU-cuStateVec MPI-distributed (2 ranks)
Iter 0238 | Energy: -15.101889 | Delta: 2.08e-02 | M: 11687.2664 | Path: GPU-cuStateVec MPI-distributed (2 ranks)
Iter 0239 | Energy: -15.112075 | Delta: 1.02e-02 | M: 11956.8961 | Path: GPU-cuStateVec MPI-distributed (2 ranks)
Iter 0240 | Energy: -15.118481 | Delta: 6.41e-03 | M: 12313.0336 | Path: GPU-cuStateVec MPI-distributed (2 ranks)
[RESILIENCE] Iteration 240: Global theta state checkpointed at path checkpoints/BeH2/checkpoint_iter_0240.npy. 
Iter 0241 | Energy: -15.144530 | Delta: 2.60e-02 | M: 10653.7680 | Path: GPU-cuStateVec MPI-distributed (2 ranks)
Iter 0242 | Energy: -15.150673 | Delta: 6.14e-03 | M: 13015.6075 | Path: GPU-cuStateVec MPI-distributed (2 ranks)
Iter 0243 | Energy: -15.158195 | Delta: 7.52e-03 | M: 12623.4598 | Path: GPU-cuStateVec MPI-distributed (2 ranks)
Iter 0244 | Energy: -15.174414 | Delta: 1.62e-02 | M: 11033.9341 | Path: GPU-cuStateVec MPI-distributed (2 ranks)
Iter 0245 | Energy: -15.184018 | Delta: 9.60e-03 | M: 11603.3577 | Path: GPU-cuStateVec MPI-distributed (2 ranks)
[RESILIENCE] Iteration 245: Global theta state checkpointed at path checkpoints/BeH2/checkpoint_iter_0245.npy. 
Iter 0246 | Energy: -15.189069 | Delta: 5.05e-03 | M: 8442.8166 | Path: GPU-cuStateVec MPI-distributed (2 ranks)
Iter 0247 | Energy: -15.200235 | Delta: 1.12e-02 | M: 11954.9760 | Path: GPU-cuStateVec MPI-distributed (2 ranks)
Iter 0248 | Energy: -15.206764 | Delta: 6.53e-03 | M: 10985.1219 | Path: GPU-cuStateVec MPI-distributed (2 ranks)
Iter 0249 | Energy: -15.243219 | Delta: 3.65e-02 | M: 14164.2105 | Path: GPU-cuStateVec MPI-distributed (2 ranks)
Iter 0250 | Energy: -15.236443 | Delta: 6.78e-03 | M: 10227.0533 | Path: GPU-cuStateVec MPI-distributed (2 ranks)
[RESILIENCE] Iteration 250: Global theta state checkpointed at path checkpoints/BeH2/checkpoint_iter_0250.npy. 
Iter 0251 | Energy: -15.241431 | Delta: 4.99e-03 | M: 9368.5990 | Path: GPU-cuStateVec MPI-distributed (2 ranks)
Iter 0252 | Energy: -15.250363 | Delta: 8.93e-03 | M: 10353.1765 | Path: GPU-cuStateVec MPI-distributed (2 ranks)
Iter 0253 | Energy: -15.267846 | Delta: 1.75e-02 | M: 7771.8317 | Path: GPU-cuStateVec MPI-distributed (2 ranks)
Iter 0254 | Energy: -15.277267 | Delta: 9.42e-03 | M: 7987.3380 | Path: GPU-cuStateVec MPI-distributed (2 ranks)
Iter 0255 | Energy: -15.299337 | Delta: 2.21e-02 | M: 10785.5800 | Path: GPU-cuStateVec MPI-distributed (2 ranks)
[RESILIENCE] Iteration 255: Global theta state checkpointed at path checkpoints/BeH2/checkpoint_iter_0255.npy. 
Iter 0256 | Energy: -15.324314 | Delta: 2.50e-02 | M: 13247.5494 | Path: GPU-cuStateVec MPI-distributed (2 ranks)
Iter 0257 | Energy: -15.363836 | Delta: 3.95e-02 | M: 11195.5850 | Path: GPU-cuStateVec MPI-distributed (2 ranks)
Iter 0258 | Energy: -15.421387 | Delta: 5.76e-02 | M: 11821.1604 | Path: GPU-cuStateVec MPI-distributed (2 ranks)
Iter 0259 | Energy: -15.443262 | Delta: 2.19e-02 | M: 11319.2627 | Path: GPU-cuStateVec MPI-distributed (2 ranks)
Iter 0260 | Energy: -15.486203 | Delta: 4.29e-02 | M: 12107.3883 | Path: GPU-cuStateVec MPI-distributed (2 ranks)
[RESILIENCE] Iteration 260: Global theta state checkpointed at path checkpoints/BeH2/checkpoint_iter_0260.npy. 
Iter 0261 | Energy: -15.555709 | Delta: 6.95e-02 | M: 10720.2600 | Path: GPU-cuStateVec MPI-distributed (2 ranks)
NOTE: Energy -15.5995 crossed below FCI -15.5951 at iter 262 — HWE ansatz leaving physical sector (expected limitation)
Iter 0262 | Energy: -15.599460 | Delta: 4.38e-02 | M: 11150.5573 | Path: GPU-cuStateVec MPI-distributed (2 ranks)
Iter 0263 | Energy: -15.642305 | Delta: 4.28e-02 | M: 11062.9403 | Path: GPU-cuStateVec MPI-distributed (2 ranks)
Iter 0264 | Energy: -15.636667 | Delta: 5.64e-03 | M: 11592.1742 | Path: GPU-cuStateVec MPI-distributed (2 ranks)
Iter 0265 | Energy: -15.642155 | Delta: 5.49e-03 | M: 10355.5701 | Path: GPU-cuStateVec MPI-distributed (2 ranks)
[RESILIENCE] Iteration 265: Global theta state checkpointed at path checkpoints/BeH2/checkpoint_iter_0265.npy. 
Iter 0266 | Energy: -15.634960 | Delta: 7.19e-03 | M: 11127.6784 | Path: GPU-cuStateVec MPI-distributed (2 ranks)
Iter 0267 | Energy: -15.652533 | Delta: 1.76e-02 | M: 10570.0155 | Path: GPU-cuStateVec MPI-distributed (2 ranks)
Iter 0268 | Energy: -15.678859 | Delta: 2.63e-02 | M: 8810.7824 | Path: GPU-cuStateVec MPI-distributed (2 ranks)
Iter 0269 | Energy: -15.678188 | Delta: 6.71e-04 | M: 11429.5221 | Path: GPU-cuStateVec MPI-distributed (2 ranks)
Iter 0270 | Energy: -15.676847 | Delta: 1.34e-03 | M: 11179.6578 | Path: GPU-cuStateVec MPI-distributed (2 ranks)
[RESILIENCE] Iteration 270: Global theta state checkpointed at path checkpoints/BeH2/checkpoint_iter_0270.npy. 
Iter 0271 | Energy: -15.732046 | Delta: 5.52e-02 | M: 11067.4915 | Path: GPU-cuStateVec MPI-distributed (2 ranks)
Iter 0272 | Energy: -15.743759 | Delta: 1.17e-02 | M: 9889.5977 | Path: GPU-cuStateVec MPI-distributed (2 ranks)
Iter 0273 | Energy: -15.736357 | Delta: 7.40e-03 | M: 12365.9241 | Path: GPU-cuStateVec MPI-distributed (2 ranks)
Iter 0274 | Energy: -15.744317 | Delta: 7.96e-03 | M: 10313.4932 | Path: GPU-cuStateVec MPI-distributed (2 ranks)
Iter 0275 | Energy: -15.759564 | Delta: 1.52e-02 | M: 11502.1121 | Path: GPU-cuStateVec MPI-distributed (2 ranks)
[RESILIENCE] Iteration 275: Global theta state checkpointed at path checkpoints/BeH2/checkpoint_iter_0275.npy. 
Iter 0276 | Energy: -15.771335 | Delta: 1.18e-02 | M: 11815.0686 | Path: GPU-cuStateVec MPI-distributed (2 ranks)
Iter 0277 | Energy: -15.788490 | Delta: 1.72e-02 | M: 10884.7905 | Path: GPU-cuStateVec MPI-distributed (2 ranks)
Iter 0278 | Energy: -15.797554 | Delta: 9.06e-03 | M: 11622.5560 | Path: GPU-cuStateVec MPI-distributed (2 ranks)
Iter 0279 | Energy: -15.807445 | Delta: 9.89e-03 | M: 11964.0893 | Path: GPU-cuStateVec MPI-distributed (2 ranks)
Iter 0280 | Energy: -15.820277 | Delta: 1.28e-02 | M: 12270.3209 | Path: GPU-cuStateVec MPI-distributed (2 ranks)
[RESILIENCE] Iteration 280: Global theta state checkpointed at path checkpoints/BeH2/checkpoint_iter_0280.npy. 
Iter 0281 | Energy: -15.815625 | Delta: 4.65e-03 | M: 12095.6334 | Path: GPU-cuStateVec MPI-distributed (2 ranks)
Iter 0282 | Energy: -15.826543 | Delta: 1.09e-02 | M: 10019.1192 | Path: GPU-cuStateVec MPI-distributed (2 ranks)
Iter 0283 | Energy: -15.833353 | Delta: 6.81e-03 | M: 13903.5258 | Path: GPU-cuStateVec MPI-distributed (2 ranks)
Iter 0284 | Energy: -15.830780 | Delta: 2.57e-03 | M: 11771.1113 | Path: GPU-cuStateVec MPI-distributed (2 ranks)
Iter 0285 | Energy: -15.850215 | Delta: 1.94e-02 | M: 12219.1900 | Path: GPU-cuStateVec MPI-distributed (2 ranks)
[RESILIENCE] Iteration 285: Global theta state checkpointed at path checkpoints/BeH2/checkpoint_iter_0285.npy. 
Iter 0286 | Energy: -15.839235 | Delta: 1.10e-02 | M: 11025.5326 | Path: GPU-cuStateVec MPI-distributed (2 ranks)
Iter 0287 | Energy: -15.868860 | Delta: 2.96e-02 | M: 13855.2670 | Path: GPU-cuStateVec MPI-distributed (2 ranks)
Iter 0288 | Energy: -15.863138 | Delta: 5.72e-03 | M: 10567.7848 | Path: GPU-cuStateVec MPI-distributed (2 ranks)
Iter 0289 | Energy: -15.870758 | Delta: 7.62e-03 | M: 7990.8395 | Path: GPU-cuStateVec MPI-distributed (2 ranks)
Iter 0290 | Energy: -15.880832 | Delta: 1.01e-02 | M: 8704.1949 | Path: GPU-cuStateVec MPI-distributed (2 ranks)
[RESILIENCE] Iteration 290: Global theta state checkpointed at path checkpoints/BeH2/checkpoint_iter_0290.npy. 
Iter 0291 | Energy: -15.882979 | Delta: 2.15e-03 | M: 14216.4330 | Path: GPU-cuStateVec MPI-distributed (2 ranks)
Iter 0292 | Energy: -15.887826 | Delta: 4.85e-03 | M: 10795.2216 | Path: GPU-cuStateVec MPI-distributed (2 ranks)
Iter 0293 | Energy: -15.904290 | Delta: 1.65e-02 | M: 11303.9946 | Path: GPU-cuStateVec MPI-distributed (2 ranks)
Iter 0294 | Energy: -15.942633 | Delta: 3.83e-02 | M: 14362.6834 | Path: GPU-cuStateVec MPI-distributed (2 ranks)
Iter 0295 | Energy: -15.958976 | Delta: 1.63e-02 | M: 11105.4499 | Path: GPU-cuStateVec MPI-distributed (2 ranks)
[RESILIENCE] Iteration 295: Global theta state checkpointed at path checkpoints/BeH2/checkpoint_iter_0295.npy. 
Iter 0296 | Energy: -15.962774 | Delta: 3.80e-03 | M: 10904.4800 | Path: GPU-cuStateVec MPI-distributed (2 ranks)
Iter 0297 | Energy: -15.977507 | Delta: 1.47e-02 | M: 12327.9349 | Path: GPU-cuStateVec MPI-distributed (2 ranks)
Iter 0298 | Energy: -15.999764 | Delta: 2.23e-02 | M: 10048.0367 | Path: GPU-cuStateVec MPI-distributed (2 ranks)
Iter 0299 | Energy: -16.003927 | Delta: 4.16e-03 | M: 11894.3004 | Path: GPU-cuStateVec MPI-distributed (2 ranks)
Iter 0300 | Energy: -16.004836 | Delta: 9.10e-04 | M: 8796.8518 | Path: GPU-cuStateVec MPI-distributed (2 ranks)
[RESILIENCE] Iteration 300: Global theta state checkpointed at path checkpoints/BeH2/checkpoint_iter_0300.npy. 
Iter 0301 | Energy: -15.989113 | Delta: 1.57e-02 | M: 11577.2310 | Path: GPU-cuStateVec MPI-distributed (2 ranks)
Iter 0302 | Energy: -16.007388 | Delta: 1.83e-02 | M: 11996.3906 | Path: GPU-cuStateVec MPI-distributed (2 ranks)
Iter 0303 | Energy: -16.035822 | Delta: 2.84e-02 | M: 5148.1238 | Path: GPU-cuStateVec MPI-distributed (2 ranks)
Iter 0304 | Energy: -16.022006 | Delta: 1.38e-02 | M: 11179.1785 | Path: GPU-cuStateVec MPI-distributed (2 ranks)
Iter 0305 | Energy: -16.019083 | Delta: 2.92e-03 | M: 11183.8979 | Path: GPU-cuStateVec MPI-distributed (2 ranks)
[RESILIENCE] Iteration 305: Global theta state checkpointed at path checkpoints/BeH2/checkpoint_iter_0305.npy. 
Iter 0306 | Energy: -16.021035 | Delta: 1.95e-03 | M: 11742.6931 | Path: GPU-cuStateVec MPI-distributed (2 ranks)
Iter 0307 | Energy: -16.022862 | Delta: 1.83e-03 | M: 11724.2828 | Path: GPU-cuStateVec MPI-distributed (2 ranks)
Iter 0308 | Energy: -16.036091 | Delta: 1.32e-02 | M: 11324.2481 | Path: GPU-cuStateVec MPI-distributed (2 ranks)
Iter 0309 | Energy: -16.030974 | Delta: 5.12e-03 | M: 10293.8679 | Path: GPU-cuStateVec MPI-distributed (2 ranks)
Iter 0310 | Energy: -16.061765 | Delta: 3.08e-02 | M: 11017.1859 | Path: GPU-cuStateVec MPI-distributed (2 ranks)
[RESILIENCE] Iteration 310: Global theta state checkpointed at path checkpoints/BeH2/checkpoint_iter_0310.npy. 
Iter 0311 | Energy: -16.070057 | Delta: 8.29e-03 | M: 528.6248 | Path: GPU-cuStateVec MPI-distributed (2 ranks)
Iter 0312 | Energy: -16.081349 | Delta: 1.13e-02 | M: 13233.4178 | Path: GPU-cuStateVec MPI-distributed (2 ranks)
Iter 0313 | Energy: -16.089108 | Delta: 7.76e-03 | M: 13547.5866 | Path: GPU-cuStateVec MPI-distributed (2 ranks)
Iter 0314 | Energy: -16.092014 | Delta: 2.91e-03 | M: 8712.5466 | Path: GPU-cuStateVec MPI-distributed (2 ranks)
Iter 0315 | Energy: -16.088538 | Delta: 3.48e-03 | M: 11289.6127 | Path: GPU-cuStateVec MPI-distributed (2 ranks)
[RESILIENCE] Iteration 315: Global theta state checkpointed at path checkpoints/BeH2/checkpoint_iter_0315.npy. 
Iter 0316 | Energy: -16.083990 | Delta: 4.55e-03 | M: 13713.6946 | Path: GPU-cuStateVec MPI-distributed (2 ranks)
Iter 0317 | Energy: -16.188467 | Delta: 1.04e-01 | M: 285.7924 | Path: GPU-cuStateVec MPI-distributed (2 ranks)
Iter 0318 | Energy: -16.198673 | Delta: 1.02e-02 | M: 12695.3775 | Path: GPU-cuStateVec MPI-distributed (2 ranks)
Iter 0319 | Energy: -16.190148 | Delta: 8.52e-03 | M: 8717.0502 | Path: GPU-cuStateVec MPI-distributed (2 ranks)
Iter 0320 | Energy: -16.184334 | Delta: 5.81e-03 | M: 10391.7848 | Path: GPU-cuStateVec MPI-distributed (2 ranks)
[RESILIENCE] Iteration 320: Global theta state checkpointed at path checkpoints/BeH2/checkpoint_iter_0320.npy. 
Iter 0321 | Energy: -16.210676 | Delta: 2.63e-02 | M: 9965.6663 | Path: GPU-cuStateVec MPI-distributed (2 ranks)
Iter 0322 | Energy: -16.210178 | Delta: 4.99e-04 | M: 11759.0794 | Path: GPU-cuStateVec MPI-distributed (2 ranks)
Iter 0323 | Energy: -16.250869 | Delta: 4.07e-02 | M: 272.5408 | Path: GPU-cuStateVec MPI-distributed (2 ranks)
Iter 0324 | Energy: -16.258800 | Delta: 7.93e-03 | M: 11030.1570 | Path: GPU-cuStateVec MPI-distributed (2 ranks)
Iter 0325 | Energy: -16.258014 | Delta: 7.86e-04 | M: 7422.5189 | Path: GPU-cuStateVec MPI-distributed (2 ranks)
[RESILIENCE] Iteration 325: Global theta state checkpointed at path checkpoints/BeH2/checkpoint_iter_0325.npy. 
Iter 0326 | Energy: -16.262320 | Delta: 4.31e-03 | M: 7759.2645 | Path: GPU-cuStateVec MPI-distributed (2 ranks)
Iter 0327 | Energy: -16.258168 | Delta: 4.15e-03 | M: 8745.9735 | Path: GPU-cuStateVec MPI-distributed (2 ranks)
Iter 0328 | Energy: -16.269656 | Delta: 1.15e-02 | M: 10184.7790 | Path: GPU-cuStateVec MPI-distributed (2 ranks)
Iter 0329 | Energy: -16.265904 | Delta: 3.75e-03 | M: 9707.9973 | Path: GPU-cuStateVec MPI-distributed (2 ranks)
Iter 0330 | Energy: -16.273076 | Delta: 7.17e-03 | M: 11158.3699 | Path: GPU-cuStateVec MPI-distributed (2 ranks)
[RESILIENCE] Iteration 330: Global theta state checkpointed at path checkpoints/BeH2/checkpoint_iter_0330.npy. 
Iter 0331 | Energy: -16.266265 | Delta: 6.81e-03 | M: 8843.1321 | Path: GPU-cuStateVec MPI-distributed (2 ranks)
Iter 0332 | Energy: -16.273594 | Delta: 7.33e-03 | M: 11751.3492 | Path: GPU-cuStateVec MPI-distributed (2 ranks)
Iter 0333 | Energy: -16.287207 | Delta: 1.36e-02 | M: 12082.2013 | Path: GPU-cuStateVec MPI-distributed (2 ranks)
Iter 0334 | Energy: -16.319937 | Delta: 3.27e-02 | M: 11143.3716 | Path: GPU-cuStateVec MPI-distributed (2 ranks)
Iter 0335 | Energy: -16.329844 | Delta: 9.91e-03 | M: 300.6604 | Path: GPU-cuStateVec MPI-distributed (2 ranks)
[RESILIENCE] Iteration 335: Global theta state checkpointed at path checkpoints/BeH2/checkpoint_iter_0335.npy. 
Iter 0336 | Energy: -16.402007 | Delta: 7.22e-02 | M: 11730.2510 | Path: GPU-cuStateVec MPI-distributed (2 ranks)
Iter 0337 | Energy: -16.422140 | Delta: 2.01e-02 | M: 12310.6875 | Path: GPU-cuStateVec MPI-distributed (2 ranks)
Iter 0338 | Energy: -16.483275 | Delta: 6.11e-02 | M: 314.0704 | Path: GPU-cuStateVec MPI-distributed (2 ranks)
Iter 0339 | Energy: -16.495230 | Delta: 1.20e-02 | M: 41.8124 | Path: GPU-cuStateVec MPI-distributed (2 ranks)
Iter 0340 | Energy: -16.507754 | Delta: 1.25e-02 | M: 55.3287 | Path: GPU-cuStateVec MPI-distributed (2 ranks)
[RESILIENCE] Iteration 340: Global theta state checkpointed at path checkpoints/BeH2/checkpoint_iter_0340.npy. 
Iter 0341 | Energy: -16.492060 | Delta: 1.57e-02 | M: 87.8033 | Path: GPU-cuStateVec MPI-distributed (2 ranks)
Iter 0342 | Energy: -16.509894 | Delta: 1.78e-02 | M: 10264.9405 | Path: GPU-cuStateVec MPI-distributed (2 ranks)
Iter 0343 | Energy: -16.541265 | Delta: 3.14e-02 | M: 10616.8678 | Path: GPU-cuStateVec MPI-distributed (2 ranks)
Iter 0344 | Energy: -16.557121 | Delta: 1.59e-02 | M: 11730.5546 | Path: GPU-cuStateVec MPI-distributed (2 ranks)
Iter 0345 | Energy: -16.581800 | Delta: 2.47e-02 | M: 82.4853 | Path: GPU-cuStateVec MPI-distributed (2 ranks)
[RESILIENCE] Iteration 345: Global theta state checkpointed at path checkpoints/BeH2/checkpoint_iter_0345.npy. 
Iter 0346 | Energy: -16.590883 | Delta: 9.08e-03 | M: 11936.8277 | Path: GPU-cuStateVec MPI-distributed (2 ranks)
Iter 0347 | Energy: -16.623691 | Delta: 3.28e-02 | M: 9356.2134 | Path: GPU-cuStateVec MPI-distributed (2 ranks)
Iter 0348 | Energy: -16.637198 | Delta: 1.35e-02 | M: 8695.6739 | Path: GPU-cuStateVec MPI-distributed (2 ranks)
Iter 0349 | Energy: -16.636424 | Delta: 7.74e-04 | M: 10118.9570 | Path: GPU-cuStateVec MPI-distributed (2 ranks)
Iter 0350 | Energy: -16.634430 | Delta: 1.99e-03 | M: 12478.5649 | Path: GPU-cuStateVec MPI-distributed (2 ranks)
[RESILIENCE] Iteration 350: Global theta state checkpointed at path checkpoints/BeH2/checkpoint_iter_0350.npy. 
Iter 0351 | Energy: -16.659546 | Delta: 2.51e-02 | M: 11474.2856 | Path: GPU-cuStateVec MPI-distributed (2 ranks)
Iter 0352 | Energy: -16.664420 | Delta: 4.87e-03 | M: 11085.6923 | Path: GPU-cuStateVec MPI-distributed (2 ranks)
Iter 0353 | Energy: -16.659827 | Delta: 4.59e-03 | M: 10631.1676 | Path: GPU-cuStateVec MPI-distributed (2 ranks)
Iter 0354 | Energy: -16.664312 | Delta: 4.49e-03 | M: 11929.6779 | Path: GPU-cuStateVec MPI-distributed (2 ranks)
Iter 0355 | Energy: -16.650074 | Delta: 1.42e-02 | M: 9134.2819 | Path: GPU-cuStateVec MPI-distributed (2 ranks)
[RESILIENCE] Iteration 355: Global theta state checkpointed at path checkpoints/BeH2/checkpoint_iter_0355.npy. 
Iter 0356 | Energy: -16.666071 | Delta: 1.60e-02 | M: 8599.0208 | Path: GPU-cuStateVec MPI-distributed (2 ranks)
Iter 0357 | Energy: -16.681003 | Delta: 1.49e-02 | M: 9746.6385 | Path: GPU-cuStateVec MPI-distributed (2 ranks)
Iter 0358 | Energy: -16.686931 | Delta: 5.93e-03 | M: 8627.7385 | Path: GPU-cuStateVec MPI-distributed (2 ranks)
Iter 0359 | Energy: -16.676513 | Delta: 1.04e-02 | M: 11177.0004 | Path: GPU-cuStateVec MPI-distributed (2 ranks)
Iter 0360 | Energy: -16.681742 | Delta: 5.23e-03 | M: 11242.3518 | Path: GPU-cuStateVec MPI-distributed (2 ranks)
[RESILIENCE] Iteration 360: Global theta state checkpointed at path checkpoints/BeH2/checkpoint_iter_0360.npy. 
Iter 0361 | Energy: -16.670000 | Delta: 1.17e-02 | M: 7510.8294 | Path: GPU-cuStateVec MPI-distributed (2 ranks)
Iter 0362 | Energy: -16.703056 | Delta: 3.31e-02 | M: 7955.5829 | Path: GPU-cuStateVec MPI-distributed (2 ranks)
Iter 0363 | Energy: -16.736393 | Delta: 3.33e-02 | M: 11730.8436 | Path: GPU-cuStateVec MPI-distributed (2 ranks)
Iter 0364 | Energy: -16.757353 | Delta: 2.10e-02 | M: 9920.1081 | Path: GPU-cuStateVec MPI-distributed (2 ranks)
Iter 0365 | Energy: -16.786285 | Delta: 2.89e-02 | M: 13963.8218 | Path: GPU-cuStateVec MPI-distributed (2 ranks)
[RESILIENCE] Iteration 365: Global theta state checkpointed at path checkpoints/BeH2/checkpoint_iter_0365.npy. 
Iter 0366 | Energy: -16.801600 | Delta: 1.53e-02 | M: 9042.8876 | Path: GPU-cuStateVec MPI-distributed (2 ranks)
Iter 0367 | Energy: -16.809724 | Delta: 8.12e-03 | M: 220.7223 | Path: GPU-cuStateVec MPI-distributed (2 ranks)
Iter 0368 | Energy: -16.809282 | Delta: 4.42e-04 | M: 228.6961 | Path: GPU-cuStateVec MPI-distributed (2 ranks)
Iter 0369 | Energy: -16.824692 | Delta: 1.54e-02 | M: 89.2919 | Path: GPU-cuStateVec MPI-distributed (2 ranks)
Iter 0370 | Energy: -16.840899 | Delta: 1.62e-02 | M: 13534.7682 | Path: GPU-cuStateVec MPI-distributed (2 ranks)
[RESILIENCE] Iteration 370: Global theta state checkpointed at path checkpoints/BeH2/checkpoint_iter_0370.npy. 
Iter 0371 | Energy: -16.836370 | Delta: 4.53e-03 | M: 249.9745 | Path: GPU-cuStateVec MPI-distributed (2 ranks)
Iter 0372 | Energy: -16.862506 | Delta: 2.61e-02 | M: 10943.4996 | Path: GPU-cuStateVec MPI-distributed (2 ranks)
Iter 0373 | Energy: -16.873101 | Delta: 1.06e-02 | M: 10867.7668 | Path: GPU-cuStateVec MPI-distributed (2 ranks)
Iter 0374 | Energy: -16.928369 | Delta: 5.53e-02 | M: 542.3344 | Path: GPU-cuStateVec MPI-distributed (2 ranks)
Iter 0375 | Energy: -16.945501 | Delta: 1.71e-02 | M: 9496.1829 | Path: GPU-cuStateVec MPI-distributed (2 ranks)
[RESILIENCE] Iteration 375: Global theta state checkpointed at path checkpoints/BeH2/checkpoint_iter_0375.npy. 
Iter 0376 | Energy: -16.939694 | Delta: 5.81e-03 | M: 9517.8176 | Path: GPU-cuStateVec MPI-distributed (2 ranks)
Iter 0377 | Energy: -16.936229 | Delta: 3.46e-03 | M: 10863.3319 | Path: GPU-cuStateVec MPI-distributed (2 ranks)
Iter 0378 | Energy: -16.943255 | Delta: 7.03e-03 | M: 9704.8324 | Path: GPU-cuStateVec MPI-distributed (2 ranks)
Iter 0379 | Energy: -16.949812 | Delta: 6.56e-03 | M: 9738.4540 | Path: GPU-cuStateVec MPI-distributed (2 ranks)
Iter 0380 | Energy: -16.952050 | Delta: 2.24e-03 | M: 11200.6022 | Path: GPU-cuStateVec MPI-distributed (2 ranks)
[RESILIENCE] Iteration 380: Global theta state checkpointed at path checkpoints/BeH2/checkpoint_iter_0380.npy. 
Iter 0381 | Energy: -16.944479 | Delta: 7.57e-03 | M: 9433.3246 | Path: GPU-cuStateVec MPI-distributed (2 ranks)
Iter 0382 | Energy: -16.955072 | Delta: 1.06e-02 | M: 7895.8456 | Path: GPU-cuStateVec MPI-distributed (2 ranks)
Iter 0383 | Energy: -16.964589 | Delta: 9.52e-03 | M: 408.6604 | Path: GPU-cuStateVec MPI-distributed (2 ranks)
Iter 0384 | Energy: -16.962478 | Delta: 2.11e-03 | M: 11459.1087 | Path: GPU-cuStateVec MPI-distributed (2 ranks)
Iter 0385 | Energy: -16.968551 | Delta: 6.07e-03 | M: 8859.3214 | Path: GPU-cuStateVec MPI-distributed (2 ranks)
[RESILIENCE] Iteration 385: Global theta state checkpointed at path checkpoints/BeH2/checkpoint_iter_0385.npy. 
Iter 0386 | Energy: -16.988718 | Delta: 2.02e-02 | M: 9067.0802 | Path: GPU-cuStateVec MPI-distributed (2 ranks)
Iter 0387 | Energy: -16.979170 | Delta: 9.55e-03 | M: 11819.5939 | Path: GPU-cuStateVec MPI-distributed (2 ranks)
Iter 0388 | Energy: -16.992484 | Delta: 1.33e-02 | M: 13320.7047 | Path: GPU-cuStateVec MPI-distributed (2 ranks)
Iter 0389 | Energy: -16.995805 | Delta: 3.32e-03 | M: 11314.3316 | Path: GPU-cuStateVec MPI-distributed (2 ranks)
Iter 0390 | Energy: -17.008710 | Delta: 1.29e-02 | M: 11370.9364 | Path: GPU-cuStateVec MPI-distributed (2 ranks)
[RESILIENCE] Iteration 390: Global theta state checkpointed at path checkpoints/BeH2/checkpoint_iter_0390.npy. 
Iter 0391 | Energy: -17.021549 | Delta: 1.28e-02 | M: 9952.2235 | Path: GPU-cuStateVec MPI-distributed (2 ranks)
Iter 0392 | Energy: -17.009511 | Delta: 1.20e-02 | M: 12278.3678 | Path: GPU-cuStateVec MPI-distributed (2 ranks)
Iter 0393 | Energy: -17.012687 | Delta: 3.18e-03 | M: 11740.5286 | Path: GPU-cuStateVec MPI-distributed (2 ranks)
Iter 0394 | Energy: -17.014069 | Delta: 1.38e-03 | M: 9259.9372 | Path: GPU-cuStateVec MPI-distributed (2 ranks)
Iter 0395 | Energy: -17.010223 | Delta: 3.85e-03 | M: 14020.8390 | Path: GPU-cuStateVec MPI-distributed (2 ranks)
[RESILIENCE] Iteration 395: Global theta state checkpointed at path checkpoints/BeH2/checkpoint_iter_0395.npy. 
Iter 0396 | Energy: -17.043289 | Delta: 3.31e-02 | M: 11508.2921 | Path: GPU-cuStateVec MPI-distributed (2 ranks)
Iter 0397 | Energy: -17.041780 | Delta: 1.51e-03 | M: 8575.0002 | Path: GPU-cuStateVec MPI-distributed (2 ranks)
Iter 0398 | Energy: -17.044688 | Delta: 2.91e-03 | M: 7641.6835 | Path: GPU-cuStateVec MPI-distributed (2 ranks)
Iter 0399 | Energy: -17.064522 | Delta: 1.98e-02 | M: 10620.3838 | Path: GPU-cuStateVec MPI-distributed (2 ranks)
Iter 0400 | Energy: -17.062177 | Delta: 2.34e-03 | M: 10837.7011 | Path: GPU-cuStateVec MPI-distributed (2 ranks)
[RESILIENCE] Iteration 400: Global theta state checkpointed at path checkpoints/BeH2/checkpoint_iter_0400.npy. 
Iter 0401 | Energy: -17.069390 | Delta: 7.21e-03 | M: 239.1069 | Path: GPU-cuStateVec MPI-distributed (2 ranks)
Iter 0402 | Energy: -17.082139 | Delta: 1.27e-02 | M: 11924.8950 | Path: GPU-cuStateVec MPI-distributed (2 ranks)
Iter 0403 | Energy: -17.095517 | Delta: 1.34e-02 | M: 11792.2422 | Path: GPU-cuStateVec MPI-distributed (2 ranks)
Iter 0404 | Energy: -17.095685 | Delta: 1.68e-04 | M: 11191.1678 | Path: GPU-cuStateVec MPI-distributed (2 ranks)
Iter 0405 | Energy: -17.101382 | Delta: 5.70e-03 | M: 11781.5301 | Path: GPU-cuStateVec MPI-distributed (2 ranks)
[RESILIENCE] Iteration 405: Global theta state checkpointed at path checkpoints/BeH2/checkpoint_iter_0405.npy. 
Iter 0406 | Energy: -17.120672 | Delta: 1.93e-02 | M: 10320.7022 | Path: GPU-cuStateVec MPI-distributed (2 ranks)
Iter 0407 | Energy: -17.122051 | Delta: 1.38e-03 | M: 241.1645 | Path: GPU-cuStateVec MPI-distributed (2 ranks)
Iter 0408 | Energy: -17.119730 | Delta: 2.32e-03 | M: 11906.8995 | Path: GPU-cuStateVec MPI-distributed (2 ranks)
Iter 0409 | Energy: -17.140485 | Delta: 2.08e-02 | M: 10085.1858 | Path: GPU-cuStateVec MPI-distributed (2 ranks)
Iter 0410 | Energy: -17.118854 | Delta: 2.16e-02 | M: 11995.7240 | Path: GPU-cuStateVec MPI-distributed (2 ranks)
[RESILIENCE] Iteration 410: Global theta state checkpointed at path checkpoints/BeH2/checkpoint_iter_0410.npy. 
Iter 0411 | Energy: -17.126977 | Delta: 8.12e-03 | M: 10953.3693 | Path: GPU-cuStateVec MPI-distributed (2 ranks)
Iter 0412 | Energy: -17.137767 | Delta: 1.08e-02 | M: 337.5254 | Path: GPU-cuStateVec MPI-distributed (2 ranks)
Iter 0413 | Energy: -17.139940 | Delta: 2.17e-03 | M: 269.5348 | Path: GPU-cuStateVec MPI-distributed (2 ranks)
Iter 0414 | Energy: -17.165270 | Delta: 2.53e-02 | M: 11236.0670 | Path: GPU-cuStateVec MPI-distributed (2 ranks)
Iter 0415 | Energy: -17.175076 | Delta: 9.81e-03 | M: 11370.3957 | Path: GPU-cuStateVec MPI-distributed (2 ranks)
[RESILIENCE] Iteration 415: Global theta state checkpointed at path checkpoints/BeH2/checkpoint_iter_0415.npy. 
Iter 0416 | Energy: -17.172179 | Delta: 2.90e-03 | M: 11223.9849 | Path: GPU-cuStateVec MPI-distributed (2 ranks)
Iter 0417 | Energy: -17.173454 | Delta: 1.27e-03 | M: 12380.2459 | Path: GPU-cuStateVec MPI-distributed (2 ranks)
Iter 0418 | Energy: -17.166867 | Delta: 6.59e-03 | M: 12567.6710 | Path: GPU-cuStateVec MPI-distributed (2 ranks)
Iter 0419 | Energy: -17.183559 | Delta: 1.67e-02 | M: 11274.6996 | Path: GPU-cuStateVec MPI-distributed (2 ranks)
Iter 0420 | Energy: -17.181423 | Delta: 2.14e-03 | M: 12195.3703 | Path: GPU-cuStateVec MPI-distributed (2 ranks)
[RESILIENCE] Iteration 420: Global theta state checkpointed at path checkpoints/BeH2/checkpoint_iter_0420.npy. 
Iter 0421 | Energy: -17.171786 | Delta: 9.64e-03 | M: 11297.1636 | Path: GPU-cuStateVec MPI-distributed (2 ranks)
Iter 0422 | Energy: -17.193422 | Delta: 2.16e-02 | M: 12715.9672 | Path: GPU-cuStateVec MPI-distributed (2 ranks)
Iter 0423 | Energy: -17.201828 | Delta: 8.41e-03 | M: 11302.7844 | Path: GPU-cuStateVec MPI-distributed (2 ranks)
Iter 0424 | Energy: -17.205510 | Delta: 3.68e-03 | M: 12961.8840 | Path: GPU-cuStateVec MPI-distributed (2 ranks)
Iter 0425 | Energy: -17.237581 | Delta: 3.21e-02 | M: 294.5125 | Path: GPU-cuStateVec MPI-distributed (2 ranks)
[RESILIENCE] Iteration 425: Global theta state checkpointed at path checkpoints/BeH2/checkpoint_iter_0425.npy. 
Iter 0426 | Energy: -17.241979 | Delta: 4.40e-03 | M: 11761.3387 | Path: GPU-cuStateVec MPI-distributed (2 ranks)
Iter 0427 | Energy: -17.249382 | Delta: 7.40e-03 | M: 9274.1287 | Path: GPU-cuStateVec MPI-distributed (2 ranks)
Iter 0428 | Energy: -17.247288 | Delta: 2.09e-03 | M: 11414.3613 | Path: GPU-cuStateVec MPI-distributed (2 ranks)
Iter 0429 | Energy: -17.267770 | Delta: 2.05e-02 | M: 11771.6809 | Path: GPU-cuStateVec MPI-distributed (2 ranks)
Iter 0430 | Energy: -17.256266 | Delta: 1.15e-02 | M: 11044.7135 | Path: GPU-cuStateVec MPI-distributed (2 ranks)
[RESILIENCE] Iteration 430: Global theta state checkpointed at path checkpoints/BeH2/checkpoint_iter_0430.npy. 
Iter 0431 | Energy: -17.270421 | Delta: 1.42e-02 | M: 430.9412 | Path: GPU-cuStateVec MPI-distributed (2 ranks)
Iter 0432 | Energy: -17.274820 | Delta: 4.40e-03 | M: 11677.9040 | Path: GPU-cuStateVec MPI-distributed (2 ranks)
Iter 0433 | Energy: -17.285319 | Delta: 1.05e-02 | M: 6714.0972 | Path: GPU-cuStateVec MPI-distributed (2 ranks)
Iter 0434 | Energy: -17.279284 | Delta: 6.04e-03 | M: 8311.4785 | Path: GPU-cuStateVec MPI-distributed (2 ranks)
Iter 0435 | Energy: -17.301458 | Delta: 2.22e-02 | M: 12074.4511 | Path: GPU-cuStateVec MPI-distributed (2 ranks)
[RESILIENCE] Iteration 435: Global theta state checkpointed at path checkpoints/BeH2/checkpoint_iter_0435.npy. 
Iter 0436 | Energy: -17.282740 | Delta: 1.87e-02 | M: 12108.6235 | Path: GPU-cuStateVec MPI-distributed (2 ranks)
Iter 0437 | Energy: -17.294005 | Delta: 1.13e-02 | M: 92.1460 | Path: GPU-cuStateVec MPI-distributed (2 ranks)
Iter 0438 | Energy: -17.284311 | Delta: 9.69e-03 | M: 12471.1932 | Path: GPU-cuStateVec MPI-distributed (2 ranks)
Iter 0439 | Energy: -17.289380 | Delta: 5.07e-03 | M: 11635.8449 | Path: GPU-cuStateVec MPI-distributed (2 ranks)
Iter 0440 | Energy: -17.301485 | Delta: 1.21e-02 | M: 11503.8377 | Path: GPU-cuStateVec MPI-distributed (2 ranks)
[RESILIENCE] Iteration 440: Global theta state checkpointed at path checkpoints/BeH2/checkpoint_iter_0440.npy. 
Iter 0441 | Energy: -17.304062 | Delta: 2.58e-03 | M: 12719.2149 | Path: GPU-cuStateVec MPI-distributed (2 ranks)
Iter 0442 | Energy: -17.308596 | Delta: 4.53e-03 | M: 13723.9854 | Path: GPU-cuStateVec MPI-distributed (2 ranks)
Iter 0443 | Energy: -17.306442 | Delta: 2.15e-03 | M: 313.5767 | Path: GPU-cuStateVec MPI-distributed (2 ranks)
Iter 0444 | Energy: -17.336739 | Delta: 3.03e-02 | M: 12424.7386 | Path: GPU-cuStateVec MPI-distributed (2 ranks)
Iter 0445 | Energy: -17.330764 | Delta: 5.98e-03 | M: 11564.4781 | Path: GPU-cuStateVec MPI-distributed (2 ranks)
[RESILIENCE] Iteration 445: Global theta state checkpointed at path checkpoints/BeH2/checkpoint_iter_0445.npy. 
Iter 0446 | Energy: -17.322177 | Delta: 8.59e-03 | M: 11636.7482 | Path: GPU-cuStateVec MPI-distributed (2 ranks)
Iter 0447 | Energy: -17.316672 | Delta: 5.50e-03 | M: 11097.5687 | Path: GPU-cuStateVec MPI-distributed (2 ranks)
Iter 0448 | Energy: -17.335022 | Delta: 1.84e-02 | M: 10830.7696 | Path: GPU-cuStateVec MPI-distributed (2 ranks)
Iter 0449 | Energy: -17.340839 | Delta: 5.82e-03 | M: 448.3419 | Path: GPU-cuStateVec MPI-distributed (2 ranks)
Iter 0450 | Energy: -17.351713 | Delta: 1.09e-02 | M: 9979.0077 | Path: GPU-cuStateVec MPI-distributed (2 ranks)
[RESILIENCE] Iteration 450: Global theta state checkpointed at path checkpoints/BeH2/checkpoint_iter_0450.npy. 
Iter 0451 | Energy: -17.341685 | Delta: 1.00e-02 | M: 10309.8837 | Path: GPU-cuStateVec MPI-distributed (2 ranks)
Iter 0452 | Energy: -17.342404 | Delta: 7.18e-04 | M: 13832.4872 | Path: GPU-cuStateVec MPI-distributed (2 ranks)
Iter 0453 | Energy: -17.365128 | Delta: 2.27e-02 | M: 12156.9454 | Path: GPU-cuStateVec MPI-distributed (2 ranks)
Iter 0454 | Energy: -17.373258 | Delta: 8.13e-03 | M: 14414.2623 | Path: GPU-cuStateVec MPI-distributed (2 ranks)
Iter 0455 | Energy: -17.364688 | Delta: 8.57e-03 | M: 199.4146 | Path: GPU-cuStateVec MPI-distributed (2 ranks)
[RESILIENCE] Iteration 455: Global theta state checkpointed at path checkpoints/BeH2/checkpoint_iter_0455.npy. 
Iter 0456 | Energy: -17.366196 | Delta: 1.51e-03 | M: 12079.2781 | Path: GPU-cuStateVec MPI-distributed (2 ranks)
Iter 0457 | Energy: -17.380514 | Delta: 1.43e-02 | M: 10781.0853 | Path: GPU-cuStateVec MPI-distributed (2 ranks)
Iter 0458 | Energy: -17.383754 | Delta: 3.24e-03 | M: 11346.3999 | Path: GPU-cuStateVec MPI-distributed (2 ranks)
Iter 0459 | Energy: -17.400509 | Delta: 1.68e-02 | M: 11529.0407 | Path: GPU-cuStateVec MPI-distributed (2 ranks)
Iter 0460 | Energy: -17.390176 | Delta: 1.03e-02 | M: 11612.5403 | Path: GPU-cuStateVec MPI-distributed (2 ranks)
[RESILIENCE] Iteration 460: Global theta state checkpointed at path checkpoints/BeH2/checkpoint_iter_0460.npy. 
Iter 0461 | Energy: -17.391987 | Delta: 1.81e-03 | M: 293.5881 | Path: GPU-cuStateVec MPI-distributed (2 ranks)
Iter 0462 | Energy: -17.397762 | Delta: 5.77e-03 | M: 11924.1514 | Path: GPU-cuStateVec MPI-distributed (2 ranks)
Iter 0463 | Energy: -17.402897 | Delta: 5.13e-03 | M: 11170.8010 | Path: GPU-cuStateVec MPI-distributed (2 ranks)
Iter 0464 | Energy: -17.400246 | Delta: 2.65e-03 | M: 7527.9432 | Path: GPU-cuStateVec MPI-distributed (2 ranks)
Iter 0465 | Energy: -17.403152 | Delta: 2.91e-03 | M: 12215.4716 | Path: GPU-cuStateVec MPI-distributed (2 ranks)
[RESILIENCE] Iteration 465: Global theta state checkpointed at path checkpoints/BeH2/checkpoint_iter_0465.npy. 
Iter 0466 | Energy: -17.413932 | Delta: 1.08e-02 | M: 11161.1362 | Path: GPU-cuStateVec MPI-distributed (2 ranks)
Iter 0467 | Energy: -17.414034 | Delta: 1.02e-04 | M: 308.8055 | Path: GPU-cuStateVec MPI-distributed (2 ranks)
Iter 0468 | Energy: -17.413685 | Delta: 3.49e-04 | M: 12204.7763 | Path: GPU-cuStateVec MPI-distributed (2 ranks)
Iter 0469 | Energy: -17.414160 | Delta: 4.75e-04 | M: 7312.8523 | Path: GPU-cuStateVec MPI-distributed (2 ranks)
Iter 0470 | Energy: -17.415994 | Delta: 1.83e-03 | M: 7907.7514 | Path: GPU-cuStateVec MPI-distributed (2 ranks)
[RESILIENCE] Iteration 470: Global theta state checkpointed at path checkpoints/BeH2/checkpoint_iter_0470.npy. 
Iter 0471 | Energy: -17.416530 | Delta: 5.36e-04 | M: 10532.6879 | Path: GPU-cuStateVec MPI-distributed (2 ranks)
Iter 0472 | Energy: -17.410995 | Delta: 5.53e-03 | M: 11203.0903 | Path: GPU-cuStateVec MPI-distributed (2 ranks)
Iter 0473 | Energy: -17.420537 | Delta: 9.54e-03 | M: 346.2776 | Path: GPU-cuStateVec MPI-distributed (2 ranks)
Iter 0474 | Energy: -17.428543 | Delta: 8.01e-03 | M: 12685.7470 | Path: GPU-cuStateVec MPI-distributed (2 ranks)
Iter 0475 | Energy: -17.425486 | Delta: 3.06e-03 | M: 10618.3440 | Path: GPU-cuStateVec MPI-distributed (2 ranks)
[RESILIENCE] Iteration 475: Global theta state checkpointed at path checkpoints/BeH2/checkpoint_iter_0475.npy. 
Iter 0476 | Energy: -17.431650 | Delta: 6.16e-03 | M: 10619.1005 | Path: GPU-cuStateVec MPI-distributed (2 ranks)
Iter 0477 | Energy: -17.439612 | Delta: 7.96e-03 | M: 11149.9307 | Path: GPU-cuStateVec MPI-distributed (2 ranks)
Iter 0478 | Energy: -17.434316 | Delta: 5.30e-03 | M: 11085.5748 | Path: GPU-cuStateVec MPI-distributed (2 ranks)
Iter 0479 | Energy: -17.442516 | Delta: 8.20e-03 | M: 278.5188 | Path: GPU-cuStateVec MPI-distributed (2 ranks)
Iter 0480 | Energy: -17.444635 | Delta: 2.12e-03 | M: 278.7402 | Path: GPU-cuStateVec MPI-distributed (2 ranks)
[RESILIENCE] Iteration 480: Global theta state checkpointed at path checkpoints/BeH2/checkpoint_iter_0480.npy. 
Iter 0481 | Energy: -17.437031 | Delta: 7.60e-03 | M: 9716.1295 | Path: GPU-cuStateVec MPI-distributed (2 ranks)
Iter 0482 | Energy: -17.454004 | Delta: 1.70e-02 | M: 7515.3929 | Path: GPU-cuStateVec MPI-distributed (2 ranks)
Iter 0483 | Energy: -17.452504 | Delta: 1.50e-03 | M: 7581.6003 | Path: GPU-cuStateVec MPI-distributed (2 ranks)
Iter 0484 | Energy: -17.454794 | Delta: 2.29e-03 | M: 10412.5070 | Path: GPU-cuStateVec MPI-distributed (2 ranks)
Iter 0485 | Energy: -17.461127 | Delta: 6.33e-03 | M: 217.4550 | Path: GPU-cuStateVec MPI-distributed (2 ranks)
[RESILIENCE] Iteration 485: Global theta state checkpointed at path checkpoints/BeH2/checkpoint_iter_0485.npy. 
Iter 0486 | Energy: -17.456593 | Delta: 4.53e-03 | M: 174.5666 | Path: GPU-cuStateVec MPI-distributed (2 ranks)
Iter 0487 | Energy: -17.467318 | Delta: 1.07e-02 | M: 11304.4721 | Path: GPU-cuStateVec MPI-distributed (2 ranks)
Iter 0488 | Energy: -17.470162 | Delta: 2.84e-03 | M: 11649.0127 | Path: GPU-cuStateVec MPI-distributed (2 ranks)
Iter 0489 | Energy: -17.467359 | Delta: 2.80e-03 | M: 10188.2905 | Path: GPU-cuStateVec MPI-distributed (2 ranks)
Iter 0490 | Energy: -17.475211 | Delta: 7.85e-03 | M: 9474.9698 | Path: GPU-cuStateVec MPI-distributed (2 ranks)
[RESILIENCE] Iteration 490: Global theta state checkpointed at path checkpoints/BeH2/checkpoint_iter_0490.npy. 
Iter 0491 | Energy: -17.473044 | Delta: 2.17e-03 | M: 142.2996 | Path: GPU-cuStateVec MPI-distributed (2 ranks)
Iter 0492 | Energy: -17.488776 | Delta: 1.57e-02 | M: 237.6094 | Path: GPU-cuStateVec MPI-distributed (2 ranks)
Iter 0493 | Energy: -17.494275 | Delta: 5.50e-03 | M: 11542.2201 | Path: GPU-cuStateVec MPI-distributed (2 ranks)
Iter 0494 | Energy: -17.483021 | Delta: 1.13e-02 | M: 11618.9654 | Path: GPU-cuStateVec MPI-distributed (2 ranks)
Iter 0495 | Energy: -17.471461 | Delta: 1.16e-02 | M: 10792.7245 | Path: GPU-cuStateVec MPI-distributed (2 ranks)
[RESILIENCE] Iteration 495: Global theta state checkpointed at path checkpoints/BeH2/checkpoint_iter_0495.npy. 
Iter 0496 | Energy: -17.488838 | Delta: 1.74e-02 | M: 10890.7386 | Path: GPU-cuStateVec MPI-distributed (2 ranks)
Iter 0497 | Energy: -17.478649 | Delta: 1.02e-02 | M: 129.0086 | Path: GPU-cuStateVec MPI-distributed (2 ranks)
Iter 0498 | Energy: -17.493802 | Delta: 1.52e-02 | M: 218.3863 | Path: GPU-cuStateVec MPI-distributed (2 ranks)
Iter 0499 | Energy: -17.490562 | Delta: 3.24e-03 | M: 11826.6801 | Path: GPU-cuStateVec MPI-distributed (2 ranks)
Iter 0500 | Energy: -17.495728 | Delta: 5.17e-03 | M: 9118.8688 | Path: GPU-cuStateVec MPI-distributed (2 ranks)
[RESILIENCE] Iteration 500: Global theta state checkpointed at path checkpoints/BeH2/checkpoint_iter_0500.npy. 
Iter 0501 | Energy: -17.498046 | Delta: 2.32e-03 | M: 11367.6494 | Path: GPU-cuStateVec MPI-distributed (2 ranks)
Iter 0502 | Energy: -17.495349 | Delta: 2.70e-03 | M: 12627.2525 | Path: GPU-cuStateVec MPI-distributed (2 ranks)
Iter 0503 | Energy: -17.497107 | Delta: 1.76e-03 | M: 235.8615 | Path: GPU-cuStateVec MPI-distributed (2 ranks)
Iter 0504 | Energy: -17.490033 | Delta: 7.07e-03 | M: 268.7492 | Path: GPU-cuStateVec MPI-distributed (2 ranks)
Iter 0505 | Energy: -17.495719 | Delta: 5.69e-03 | M: 6997.5103 | Path: GPU-cuStateVec MPI-distributed (2 ranks)
[RESILIENCE] Iteration 505: Global theta state checkpointed at path checkpoints/BeH2/checkpoint_iter_0505.npy. 
Iter 0506 | Energy: -17.504661 | Delta: 8.94e-03 | M: 8421.9827 | Path: GPU-cuStateVec MPI-distributed (2 ranks)
Iter 0507 | Energy: -17.508237 | Delta: 3.58e-03 | M: 10816.1391 | Path: GPU-cuStateVec MPI-distributed (2 ranks)
Iter 0508 | Energy: -17.513300 | Delta: 5.06e-03 | M: 12260.9917 | Path: GPU-cuStateVec MPI-distributed (2 ranks)
Iter 0509 | Energy: -17.521982 | Delta: 8.68e-03 | M: 11144.0967 | Path: GPU-cuStateVec MPI-distributed (2 ranks)
Iter 0510 | Energy: -17.518291 | Delta: 3.69e-03 | M: 273.1081 | Path: GPU-cuStateVec MPI-distributed (2 ranks)
[RESILIENCE] Iteration 510: Global theta state checkpointed at path checkpoints/BeH2/checkpoint_iter_0510.npy. 
Iter 0511 | Energy: -17.523859 | Delta: 5.57e-03 | M: 11282.2280 | Path: GPU-cuStateVec MPI-distributed (2 ranks)
Iter 0512 | Energy: -17.526161 | Delta: 2.30e-03 | M: 12105.7686 | Path: GPU-cuStateVec MPI-distributed (2 ranks)
Iter 0513 | Energy: -17.535875 | Delta: 9.71e-03 | M: 11143.1889 | Path: GPU-cuStateVec MPI-distributed (2 ranks)
Iter 0514 | Energy: -17.544123 | Delta: 8.25e-03 | M: 10829.6065 | Path: GPU-cuStateVec MPI-distributed (2 ranks)
Iter 0515 | Energy: -17.544891 | Delta: 7.68e-04 | M: 501.5987 | Path: GPU-cuStateVec MPI-distributed (2 ranks)
[RESILIENCE] Iteration 515: Global theta state checkpointed at path checkpoints/BeH2/checkpoint_iter_0515.npy. 
Iter 0516 | Energy: -17.537486 | Delta: 7.40e-03 | M: 329.4006 | Path: GPU-cuStateVec MPI-distributed (2 ranks)
Iter 0517 | Energy: -17.550829 | Delta: 1.33e-02 | M: 10881.0282 | Path: GPU-cuStateVec MPI-distributed (2 ranks)
Iter 0518 | Energy: -17.543399 | Delta: 7.43e-03 | M: 9096.6785 | Path: GPU-cuStateVec MPI-distributed (2 ranks)
Iter 0519 | Energy: -17.551713 | Delta: 8.31e-03 | M: 10692.9252 | Path: GPU-cuStateVec MPI-distributed (2 ranks)
Iter 0520 | Energy: -17.541101 | Delta: 1.06e-02 | M: 10892.5570 | Path: GPU-cuStateVec MPI-distributed (2 ranks)
[RESILIENCE] Iteration 520: Global theta state checkpointed at path checkpoints/BeH2/checkpoint_iter_0520.npy. 
Iter 0521 | Energy: -17.563621 | Delta: 2.25e-02 | M: 240.1900 | Path: GPU-cuStateVec MPI-distributed (2 ranks)
Iter 0522 | Energy: -17.559029 | Delta: 4.59e-03 | M: 211.5829 | Path: GPU-cuStateVec MPI-distributed (2 ranks)
Iter 0523 | Energy: -17.561017 | Delta: 1.99e-03 | M: 12198.5438 | Path: GPU-cuStateVec MPI-distributed (2 ranks)
Iter 0524 | Energy: -17.568907 | Delta: 7.89e-03 | M: 12015.6749 | Path: GPU-cuStateVec MPI-distributed (2 ranks)
Iter 0525 | Energy: -17.570238 | Delta: 1.33e-03 | M: 9213.6967 | Path: GPU-cuStateVec MPI-distributed (2 ranks)
[RESILIENCE] Iteration 525: Global theta state checkpointed at path checkpoints/BeH2/checkpoint_iter_0525.npy. 
Iter 0526 | Energy: -17.546867 | Delta: 2.34e-02 | M: 13701.3038 | Path: GPU-cuStateVec MPI-distributed (2 ranks)
Iter 0527 | Energy: -17.566875 | Delta: 2.00e-02 | M: 286.7370 | Path: GPU-cuStateVec MPI-distributed (2 ranks)
Iter 0528 | Energy: -17.579576 | Delta: 1.27e-02 | M: 311.6800 | Path: GPU-cuStateVec MPI-distributed (2 ranks)
Iter 0529 | Energy: -17.582774 | Delta: 3.20e-03 | M: 12196.8639 | Path: GPU-cuStateVec MPI-distributed (2 ranks)
Iter 0530 | Energy: -17.571168 | Delta: 1.16e-02 | M: 11725.3840 | Path: GPU-cuStateVec MPI-distributed (2 ranks)
[RESILIENCE] Iteration 530: Global theta state checkpointed at path checkpoints/BeH2/checkpoint_iter_0530.npy. 
Iter 0531 | Energy: -17.578017 | Delta: 6.85e-03 | M: 10605.6184 | Path: GPU-cuStateVec MPI-distributed (2 ranks)
Iter 0532 | Energy: -17.566667 | Delta: 1.13e-02 | M: 12543.8149 | Path: GPU-cuStateVec MPI-distributed (2 ranks)
Iter 0533 | Energy: -17.591253 | Delta: 2.46e-02 | M: 665.7959 | Path: GPU-cuStateVec MPI-distributed (2 ranks)
Iter 0534 | Energy: -17.591193 | Delta: 6.04e-05 | M: 159.8709 | Path: GPU-cuStateVec MPI-distributed (2 ranks)
Iter 0535 | Energy: -17.604249 | Delta: 1.31e-02 | M: 12811.6302 | Path: GPU-cuStateVec MPI-distributed (2 ranks)
[RESILIENCE] Iteration 535: Global theta state checkpointed at path checkpoints/BeH2/checkpoint_iter_0535.npy. 
Iter 0536 | Energy: -17.597634 | Delta: 6.61e-03 | M: 11597.0792 | Path: GPU-cuStateVec MPI-distributed (2 ranks)
Iter 0537 | Energy: -17.596348 | Delta: 1.29e-03 | M: 9257.5039 | Path: GPU-cuStateVec MPI-distributed (2 ranks)
Iter 0538 | Energy: -17.603305 | Delta: 6.96e-03 | M: 12022.9392 | Path: GPU-cuStateVec MPI-distributed (2 ranks)
Iter 0539 | Energy: -17.609097 | Delta: 5.79e-03 | M: 15010.3671 | Path: GPU-cuStateVec MPI-distributed (2 ranks)
Iter 0540 | Energy: -17.606729 | Delta: 2.37e-03 | M: 222.3075 | Path: GPU-cuStateVec MPI-distributed (2 ranks)
[RESILIENCE] Iteration 540: Global theta state checkpointed at path checkpoints/BeH2/checkpoint_iter_0540.npy. 
Iter 0541 | Energy: -17.597835 | Delta: 8.89e-03 | M: 8638.3653 | Path: GPU-cuStateVec MPI-distributed (2 ranks)
Iter 0542 | Energy: -17.604248 | Delta: 6.41e-03 | M: 8562.5800 | Path: GPU-cuStateVec MPI-distributed (2 ranks)
Iter 0543 | Energy: -17.606965 | Delta: 2.72e-03 | M: 11660.3767 | Path: GPU-cuStateVec MPI-distributed (2 ranks)
Iter 0544 | Energy: -17.601369 | Delta: 5.60e-03 | M: 11694.4788 | Path: GPU-cuStateVec MPI-distributed (2 ranks)
Iter 0545 | Energy: -17.611198 | Delta: 9.83e-03 | M: 260.6422 | Path: GPU-cuStateVec MPI-distributed (2 ranks)
[RESILIENCE] Iteration 545: Global theta state checkpointed at path checkpoints/BeH2/checkpoint_iter_0545.npy. 
Iter 0546 | Energy: -17.608592 | Delta: 2.61e-03 | M: 10531.7252 | Path: GPU-cuStateVec MPI-distributed (2 ranks)
Iter 0547 | Energy: -17.611431 | Delta: 2.84e-03 | M: 11469.0219 | Path: GPU-cuStateVec MPI-distributed (2 ranks)
Iter 0548 | Energy: -17.603174 | Delta: 8.26e-03 | M: 11330.4754 | Path: GPU-cuStateVec MPI-distributed (2 ranks)
Iter 0549 | Energy: -17.603075 | Delta: 9.89e-05 | M: 10652.4900 | Path: GPU-cuStateVec MPI-distributed (2 ranks)
Iter 0550 | Energy: -17.616303 | Delta: 1.32e-02 | M: 11214.7677 | Path: GPU-cuStateVec MPI-distributed (2 ranks)
[RESILIENCE] Iteration 550: Global theta state checkpointed at path checkpoints/BeH2/checkpoint_iter_0550.npy. 
Iter 0551 | Energy: -17.618985 | Delta: 2.68e-03 | M: 12019.8611 | Path: GPU-cuStateVec MPI-distributed (2 ranks)
Iter 0552 | Energy: -17.620235 | Delta: 1.25e-03 | M: 113.7483 | Path: GPU-cuStateVec MPI-distributed (2 ranks)
Iter 0553 | Energy: -17.621474 | Delta: 1.24e-03 | M: 11555.9053 | Path: GPU-cuStateVec MPI-distributed (2 ranks)
Iter 0554 | Energy: -17.620820 | Delta: 6.54e-04 | M: 11131.5990 | Path: GPU-cuStateVec MPI-distributed (2 ranks)
Iter 0555 | Energy: -17.626772 | Delta: 5.95e-03 | M: 11661.4865 | Path: GPU-cuStateVec MPI-distributed (2 ranks)
[RESILIENCE] Iteration 555: Global theta state checkpointed at path checkpoints/BeH2/checkpoint_iter_0555.npy. 
Iter 0556 | Energy: -17.618353 | Delta: 8.42e-03 | M: 10386.3852 | Path: GPU-cuStateVec MPI-distributed (2 ranks)
Iter 0557 | Energy: -17.630483 | Delta: 1.21e-02 | M: 429.3610 | Path: GPU-cuStateVec MPI-distributed (2 ranks)
Iter 0558 | Energy: -17.618253 | Delta: 1.22e-02 | M: 112.8727 | Path: GPU-cuStateVec MPI-distributed (2 ranks)
Iter 0559 | Energy: -17.631093 | Delta: 1.28e-02 | M: 12264.4923 | Path: GPU-cuStateVec MPI-distributed (2 ranks)
Iter 0560 | Energy: -17.635589 | Delta: 4.50e-03 | M: 12876.7021 | Path: GPU-cuStateVec MPI-distributed (2 ranks)
[RESILIENCE] Iteration 560: Global theta state checkpointed at path checkpoints/BeH2/checkpoint_iter_0560.npy. 
Iter 0561 | Energy: -17.632895 | Delta: 2.69e-03 | M: 11260.1993 | Path: GPU-cuStateVec MPI-distributed (2 ranks)
Iter 0562 | Energy: -17.645609 | Delta: 1.27e-02 | M: 12403.0628 | Path: GPU-cuStateVec MPI-distributed (2 ranks)
Iter 0563 | Energy: -17.655996 | Delta: 1.04e-02 | M: 300.9587 | Path: GPU-cuStateVec MPI-distributed (2 ranks)
Iter 0564 | Energy: -17.641647 | Delta: 1.43e-02 | M: 225.9330 | Path: GPU-cuStateVec MPI-distributed (2 ranks)
Iter 0565 | Energy: -17.635816 | Delta: 5.83e-03 | M: 10571.5674 | Path: GPU-cuStateVec MPI-distributed (2 ranks)
[RESILIENCE] Iteration 565: Global theta state checkpointed at path checkpoints/BeH2/checkpoint_iter_0565.npy. 
Iter 0566 | Energy: -17.657821 | Delta: 2.20e-02 | M: 11289.6014 | Path: GPU-cuStateVec MPI-distributed (2 ranks)
Iter 0567 | Energy: -17.651424 | Delta: 6.40e-03 | M: 11336.1177 | Path: GPU-cuStateVec MPI-distributed (2 ranks)
Iter 0568 | Energy: -17.646434 | Delta: 4.99e-03 | M: 12016.2044 | Path: GPU-cuStateVec MPI-distributed (2 ranks)
Iter 0569 | Energy: -17.656324 | Delta: 9.89e-03 | M: 374.6189 | Path: GPU-cuStateVec MPI-distributed (2 ranks)
Iter 0570 | Energy: -17.662575 | Delta: 6.25e-03 | M: 157.9151 | Path: GPU-cuStateVec MPI-distributed (2 ranks)
[RESILIENCE] Iteration 570: Global theta state checkpointed at path checkpoints/BeH2/checkpoint_iter_0570.npy. 
Iter 0571 | Energy: -17.663369 | Delta: 7.94e-04 | M: 10851.4465 | Path: GPU-cuStateVec MPI-distributed (2 ranks)
Iter 0572 | Energy: -17.657177 | Delta: 6.19e-03 | M: 12075.6087 | Path: GPU-cuStateVec MPI-distributed (2 ranks)
Iter 0573 | Energy: -17.658080 | Delta: 9.02e-04 | M: 11929.9595 | Path: GPU-cuStateVec MPI-distributed (2 ranks)
Iter 0574 | Energy: -17.658812 | Delta: 7.33e-04 | M: 10455.5596 | Path: GPU-cuStateVec MPI-distributed (2 ranks)
Iter 0575 | Energy: -17.660633 | Delta: 1.82e-03 | M: 9085.2635 | Path: GPU-cuStateVec MPI-distributed (2 ranks)
[RESILIENCE] Iteration 575: Global theta state checkpointed at path checkpoints/BeH2/checkpoint_iter_0575.npy. 
Iter 0576 | Energy: -17.662374 | Delta: 1.74e-03 | M: 266.4155 | Path: GPU-cuStateVec MPI-distributed (2 ranks)
Iter 0577 | Energy: -17.657226 | Delta: 5.15e-03 | M: 269.5211 | Path: GPU-cuStateVec MPI-distributed (2 ranks)
Iter 0578 | Energy: -17.663295 | Delta: 6.07e-03 | M: 7181.7882 | Path: GPU-cuStateVec MPI-distributed (2 ranks)
Iter 0579 | Energy: -17.668710 | Delta: 5.41e-03 | M: 11948.1890 | Path: GPU-cuStateVec MPI-distributed (2 ranks)
Iter 0580 | Energy: -17.667142 | Delta: 1.57e-03 | M: 12912.4400 | Path: GPU-cuStateVec MPI-distributed (2 ranks)
[RESILIENCE] Iteration 580: Global theta state checkpointed at path checkpoints/BeH2/checkpoint_iter_0580.npy. 
Iter 0581 | Energy: -17.675557 | Delta: 8.42e-03 | M: 240.8643 | Path: GPU-cuStateVec MPI-distributed (2 ranks)
Iter 0582 | Energy: -17.664779 | Delta: 1.08e-02 | M: 168.2920 | Path: GPU-cuStateVec MPI-distributed (2 ranks)
Iter 0583 | Energy: -17.679387 | Delta: 1.46e-02 | M: 334.1980 | Path: GPU-cuStateVec MPI-distributed (2 ranks)
Iter 0584 | Energy: -17.676447 | Delta: 2.94e-03 | M: 8826.3513 | Path: GPU-cuStateVec MPI-distributed (2 ranks)
Iter 0585 | Energy: -17.664142 | Delta: 1.23e-02 | M: 9367.5008 | Path: GPU-cuStateVec MPI-distributed (2 ranks)
[RESILIENCE] Iteration 585: Global theta state checkpointed at path checkpoints/BeH2/checkpoint_iter_0585.npy. 
Iter 0586 | Energy: -17.666291 | Delta: 2.15e-03 | M: 11638.0782 | Path: GPU-cuStateVec MPI-distributed (2 ranks)
Iter 0587 | Energy: -17.678615 | Delta: 1.23e-02 | M: 4.8826 | Path: GPU-cuStateVec MPI-distributed (2 ranks)
Iter 0588 | Energy: -17.674352 | Delta: 4.26e-03 | M: 251.0207 | Path: GPU-cuStateVec MPI-distributed (2 ranks)
Iter 0589 | Energy: -17.681359 | Delta: 7.01e-03 | M: 354.2664 | Path: GPU-cuStateVec MPI-distributed (2 ranks)
Iter 0590 | Energy: -17.683368 | Delta: 2.01e-03 | M: 283.7165 | Path: GPU-cuStateVec MPI-distributed (2 ranks)
[RESILIENCE] Iteration 590: Global theta state checkpointed at path checkpoints/BeH2/checkpoint_iter_0590.npy. 
Iter 0591 | Energy: -17.690269 | Delta: 6.90e-03 | M: 11972.8352 | Path: GPU-cuStateVec MPI-distributed (2 ranks)
Iter 0592 | Energy: -17.689250 | Delta: 1.02e-03 | M: 188.4029 | Path: GPU-cuStateVec MPI-distributed (2 ranks)
Iter 0593 | Energy: -17.667640 | Delta: 2.16e-02 | M: 9565.0471 | Path: GPU-cuStateVec MPI-distributed (2 ranks)
Iter 0594 | Energy: -17.695365 | Delta: 2.77e-02 | M: 11583.9350 | Path: GPU-cuStateVec MPI-distributed (2 ranks)
Iter 0595 | Energy: -17.692762 | Delta: 2.60e-03 | M: 10552.8478 | Path: GPU-cuStateVec MPI-distributed (2 ranks)
[RESILIENCE] Iteration 595: Global theta state checkpointed at path checkpoints/BeH2/checkpoint_iter_0595.npy. 
Iter 0596 | Energy: -17.689635 | Delta: 3.13e-03 | M: 12447.8863 | Path: GPU-cuStateVec MPI-distributed (2 ranks)
Iter 0597 | Energy: -17.684299 | Delta: 5.34e-03 | M: 12018.1009 | Path: GPU-cuStateVec MPI-distributed (2 ranks)
Iter 0598 | Energy: -17.702333 | Delta: 1.80e-02 | M: 10691.8061 | Path: GPU-cuStateVec MPI-distributed (2 ranks)
Iter 0599 | Energy: -17.694878 | Delta: 7.45e-03 | M: 172.7864 | Path: GPU-cuStateVec MPI-distributed (2 ranks)
Iter 0600 | Energy: -17.696006 | Delta: 1.13e-03 | M: 208.3167 | Path: GPU-cuStateVec MPI-distributed (2 ranks)
[RESILIENCE] Iteration 600: Global theta state checkpointed at path checkpoints/BeH2/checkpoint_iter_0600.npy. 
Iter 0601 | Energy: -17.682923 | Delta: 1.31e-02 | M: 13486.2557 | Path: GPU-cuStateVec MPI-distributed (2 ranks)
Iter 0602 | Energy: -17.689077 | Delta: 6.15e-03 | M: 9016.4352 | Path: GPU-cuStateVec MPI-distributed (2 ranks)
Iter 0603 | Energy: -17.694351 | Delta: 5.27e-03 | M: 12084.7789 | Path: GPU-cuStateVec MPI-distributed (2 ranks)
Iter 0604 | Energy: -17.704958 | Delta: 1.06e-02 | M: 13637.7418 | Path: GPU-cuStateVec MPI-distributed (2 ranks)
Iter 0605 | Energy: -17.704739 | Delta: 2.19e-04 | M: 243.5680 | Path: GPU-cuStateVec MPI-distributed (2 ranks)
[RESILIENCE] Iteration 605: Global theta state checkpointed at path checkpoints/BeH2/checkpoint_iter_0605.npy. 
Iter 0606 | Energy: -17.689227 | Delta: 1.55e-02 | M: 11602.0115 | Path: GPU-cuStateVec MPI-distributed (2 ranks)
Iter 0607 | Energy: -17.698027 | Delta: 8.80e-03 | M: 11070.3868 | Path: GPU-cuStateVec MPI-distributed (2 ranks)
Iter 0608 | Energy: -17.701924 | Delta: 3.90e-03 | M: 9911.1987 | Path: GPU-cuStateVec MPI-distributed (2 ranks)
Iter 0609 | Energy: -17.701883 | Delta: 4.19e-05 | M: 11216.5481 | Path: GPU-cuStateVec MPI-distributed (2 ranks)
Iter 0610 | Energy: -17.704650 | Delta: 2.77e-03 | M: 11361.0314 | Path: GPU-cuStateVec MPI-distributed (2 ranks)
[RESILIENCE] Iteration 610: Global theta state checkpointed at path checkpoints/BeH2/checkpoint_iter_0610.npy. 
Iter 0611 | Energy: -17.703831 | Delta: 8.19e-04 | M: 417.1356 | Path: GPU-cuStateVec MPI-distributed (2 ranks)
Iter 0612 | Energy: -17.707804 | Delta: 3.97e-03 | M: 11461.7271 | Path: GPU-cuStateVec MPI-distributed (2 ranks)
Iter 0613 | Energy: -17.700261 | Delta: 7.54e-03 | M: 8288.2931 | Path: GPU-cuStateVec MPI-distributed (2 ranks)
Iter 0614 | Energy: -17.711098 | Delta: 1.08e-02 | M: 7906.8948 | Path: GPU-cuStateVec MPI-distributed (2 ranks)
Iter 0615 | Energy: -17.717573 | Delta: 6.47e-03 | M: 273.4238 | Path: GPU-cuStateVec MPI-distributed (2 ranks)
[RESILIENCE] Iteration 615: Global theta state checkpointed at path checkpoints/BeH2/checkpoint_iter_0615.npy. 
Iter 0616 | Energy: -17.709388 | Delta: 8.18e-03 | M: 9774.3651 | Path: GPU-cuStateVec MPI-distributed (2 ranks)
Iter 0617 | Energy: -17.705974 | Delta: 3.41e-03 | M: 189.3166 | Path: GPU-cuStateVec MPI-distributed (2 ranks)
Iter 0618 | Energy: -17.703501 | Delta: 2.47e-03 | M: 11631.2140 | Path: GPU-cuStateVec MPI-distributed (2 ranks)
Iter 0619 | Energy: -17.708855 | Delta: 5.35e-03 | M: 11736.7621 | Path: GPU-cuStateVec MPI-distributed (2 ranks)
Iter 0620 | Energy: -17.719507 | Delta: 1.07e-02 | M: 12297.9180 | Path: GPU-cuStateVec MPI-distributed (2 ranks)
[RESILIENCE] Iteration 620: Global theta state checkpointed at path checkpoints/BeH2/checkpoint_iter_0620.npy. 
Iter 0621 | Energy: -17.708437 | Delta: 1.11e-02 | M: 14386.7683 | Path: GPU-cuStateVec MPI-distributed (2 ranks)
Iter 0622 | Energy: -17.721373 | Delta: 1.29e-02 | M: 12458.1696 | Path: GPU-cuStateVec MPI-distributed (2 ranks)
Iter 0623 | Energy: -17.717349 | Delta: 4.02e-03 | M: 11442.8682 | Path: GPU-cuStateVec MPI-distributed (2 ranks)
Iter 0624 | Energy: -17.719159 | Delta: 1.81e-03 | M: 10256.5288 | Path: GPU-cuStateVec MPI-distributed (2 ranks)
Iter 0625 | Energy: -17.726720 | Delta: 7.56e-03 | M: 11691.5872 | Path: GPU-cuStateVec MPI-distributed (2 ranks)
[RESILIENCE] Iteration 625: Global theta state checkpointed at path checkpoints/BeH2/checkpoint_iter_0625.npy. 
Iter 0626 | Energy: -17.732049 | Delta: 5.33e-03 | M: 12201.6181 | Path: GPU-cuStateVec MPI-distributed (2 ranks)
Iter 0627 | Energy: -17.738244 | Delta: 6.19e-03 | M: 10159.4148 | Path: GPU-cuStateVec MPI-distributed (2 ranks)
Iter 0628 | Energy: -17.732673 | Delta: 5.57e-03 | M: 10493.1239 | Path: GPU-cuStateVec MPI-distributed (2 ranks)
Iter 0629 | Energy: -17.728952 | Delta: 3.72e-03 | M: 121.3847 | Path: GPU-cuStateVec MPI-distributed (2 ranks)
Iter 0630 | Energy: -17.734992 | Delta: 6.04e-03 | M: 11179.9121 | Path: GPU-cuStateVec MPI-distributed (2 ranks)
[RESILIENCE] Iteration 630: Global theta state checkpointed at path checkpoints/BeH2/checkpoint_iter_0630.npy. 
Iter 0631 | Energy: -17.736672 | Delta: 1.68e-03 | M: 10814.5414 | Path: GPU-cuStateVec MPI-distributed (2 ranks)
Iter 0632 | Energy: -17.729391 | Delta: 7.28e-03 | M: 11847.8454 | Path: GPU-cuStateVec MPI-distributed (2 ranks)
Iter 0633 | Energy: -17.736057 | Delta: 6.67e-03 | M: 11807.2964 | Path: GPU-cuStateVec MPI-distributed (2 ranks)
Iter 0634 | Energy: -17.732245 | Delta: 3.81e-03 | M: 213.0073 | Path: GPU-cuStateVec MPI-distributed (2 ranks)
Iter 0635 | Energy: -17.734859 | Delta: 2.61e-03 | M: 11736.0426 | Path: GPU-cuStateVec MPI-distributed (2 ranks)
[RESILIENCE] Iteration 635: Global theta state checkpointed at path checkpoints/BeH2/checkpoint_iter_0635.npy. 
Iter 0636 | Energy: -17.736248 | Delta: 1.39e-03 | M: 12393.5087 | Path: GPU-cuStateVec MPI-distributed (2 ranks)
Iter 0637 | Energy: -17.741449 | Delta: 5.20e-03 | M: 11571.5564 | Path: GPU-cuStateVec MPI-distributed (2 ranks)
Iter 0638 | Energy: -17.736602 | Delta: 4.85e-03 | M: 10493.3846 | Path: GPU-cuStateVec MPI-distributed (2 ranks)
Iter 0639 | Energy: -17.739532 | Delta: 2.93e-03 | M: 345.2975 | Path: GPU-cuStateVec MPI-distributed (2 ranks)
Iter 0640 | Energy: -17.738538 | Delta: 9.94e-04 | M: 11734.3281 | Path: GPU-cuStateVec MPI-distributed (2 ranks)
[RESILIENCE] Iteration 640: Global theta state checkpointed at path checkpoints/BeH2/checkpoint_iter_0640.npy. 
Iter 0641 | Energy: -17.750764 | Delta: 1.22e-02 | M: 247.1723 | Path: GPU-cuStateVec MPI-distributed (2 ranks)
Iter 0642 | Energy: -17.745549 | Delta: 5.21e-03 | M: 11551.9036 | Path: GPU-cuStateVec MPI-distributed (2 ranks)
Iter 0643 | Energy: -17.747739 | Delta: 2.19e-03 | M: 10955.4027 | Path: GPU-cuStateVec MPI-distributed (2 ranks)
Iter 0644 | Energy: -17.745802 | Delta: 1.94e-03 | M: 11414.0097 | Path: GPU-cuStateVec MPI-distributed (2 ranks)
Iter 0645 | Energy: -17.744086 | Delta: 1.72e-03 | M: 8280.4817 | Path: GPU-cuStateVec MPI-distributed (2 ranks)
[RESILIENCE] Iteration 645: Global theta state checkpointed at path checkpoints/BeH2/checkpoint_iter_0645.npy. 
Iter 0646 | Energy: -17.744313 | Delta: 2.27e-04 | M: 10616.8820 | Path: GPU-cuStateVec MPI-distributed (2 ranks)
Iter 0647 | Energy: -17.752655 | Delta: 8.34e-03 | M: 14872.9709 | Path: GPU-cuStateVec MPI-distributed (2 ranks)
Iter 0648 | Energy: -17.757646 | Delta: 4.99e-03 | M: 13118.5005 | Path: GPU-cuStateVec MPI-distributed (2 ranks)
Iter 0649 | Energy: -17.753233 | Delta: 4.41e-03 | M: 8230.1981 | Path: GPU-cuStateVec MPI-distributed (2 ranks)
Iter 0650 | Energy: -17.750791 | Delta: 2.44e-03 | M: 8003.2034 | Path: GPU-cuStateVec MPI-distributed (2 ranks)
[RESILIENCE] Iteration 650: Global theta state checkpointed at path checkpoints/BeH2/checkpoint_iter_0650.npy. 
Iter 0651 | Energy: -17.753854 | Delta: 3.06e-03 | M: 9478.3389 | Path: GPU-cuStateVec MPI-distributed (2 ranks)
Iter 0652 | Energy: -17.761792 | Delta: 7.94e-03 | M: 9524.2755 | Path: GPU-cuStateVec MPI-distributed (2 ranks)
Iter 0653 | Energy: -17.740135 | Delta: 2.17e-02 | M: 13317.4438 | Path: GPU-cuStateVec MPI-distributed (2 ranks)
Iter 0654 | Energy: -17.761382 | Delta: 2.12e-02 | M: 13432.5126 | Path: GPU-cuStateVec MPI-distributed (2 ranks)
Iter 0655 | Energy: -17.754487 | Delta: 6.90e-03 | M: 8764.2283 | Path: GPU-cuStateVec MPI-distributed (2 ranks)
[RESILIENCE] Iteration 655: Global theta state checkpointed at path checkpoints/BeH2/checkpoint_iter_0655.npy. 
Iter 0656 | Energy: -17.763198 | Delta: 8.71e-03 | M: 14162.9358 | Path: GPU-cuStateVec MPI-distributed (2 ranks)
Iter 0657 | Energy: -17.761815 | Delta: 1.38e-03 | M: 11338.5159 | Path: GPU-cuStateVec MPI-distributed (2 ranks)
Iter 0658 | Energy: -17.764598 | Delta: 2.78e-03 | M: 9490.1788 | Path: GPU-cuStateVec MPI-distributed (2 ranks)
Iter 0659 | Energy: -17.763758 | Delta: 8.40e-04 | M: 11318.0554 | Path: GPU-cuStateVec MPI-distributed (2 ranks)
Iter 0660 | Energy: -17.762883 | Delta: 8.75e-04 | M: 11610.7639 | Path: GPU-cuStateVec MPI-distributed (2 ranks)
[RESILIENCE] Iteration 660: Global theta state checkpointed at path checkpoints/BeH2/checkpoint_iter_0660.npy. 
Iter 0661 | Energy: -17.767680 | Delta: 4.80e-03 | M: 10487.3173 | Path: GPU-cuStateVec MPI-distributed (2 ranks)
Iter 0662 | Energy: -17.766555 | Delta: 1.13e-03 | M: 12175.4166 | Path: GPU-cuStateVec MPI-distributed (2 ranks)
Iter 0663 | Energy: -17.769534 | Delta: 2.98e-03 | M: 8971.0312 | Path: GPU-cuStateVec MPI-distributed (2 ranks)
Iter 0664 | Energy: -17.762606 | Delta: 6.93e-03 | M: 10654.3413 | Path: GPU-cuStateVec MPI-distributed (2 ranks)
Iter 0665 | Energy: -17.772121 | Delta: 9.51e-03 | M: 11578.0297 | Path: GPU-cuStateVec MPI-distributed (2 ranks)
[RESILIENCE] Iteration 665: Global theta state checkpointed at path checkpoints/BeH2/checkpoint_iter_0665.npy. 
Iter 0666 | Energy: -17.767377 | Delta: 4.74e-03 | M: 11828.0271 | Path: GPU-cuStateVec MPI-distributed (2 ranks)
Iter 0667 | Energy: -17.768111 | Delta: 7.34e-04 | M: 11324.9568 | Path: GPU-cuStateVec MPI-distributed (2 ranks)
Iter 0668 | Energy: -17.765017 | Delta: 3.09e-03 | M: 9624.5608 | Path: GPU-cuStateVec MPI-distributed (2 ranks)
Iter 0669 | Energy: -17.779875 | Delta: 1.49e-02 | M: 11918.5944 | Path: GPU-cuStateVec MPI-distributed (2 ranks)
Iter 0670 | Energy: -17.777903 | Delta: 1.97e-03 | M: 11394.6596 | Path: GPU-cuStateVec MPI-distributed (2 ranks)
[RESILIENCE] Iteration 670: Global theta state checkpointed at path checkpoints/BeH2/checkpoint_iter_0670.npy. 
Iter 0671 | Energy: -17.775660 | Delta: 2.24e-03 | M: 11820.8219 | Path: GPU-cuStateVec MPI-distributed (2 ranks)
Iter 0672 | Energy: -17.783454 | Delta: 7.79e-03 | M: 11658.2972 | Path: GPU-cuStateVec MPI-distributed (2 ranks)
Iter 0673 | Energy: -17.778045 | Delta: 5.41e-03 | M: 11092.2078 | Path: GPU-cuStateVec MPI-distributed (2 ranks)
Iter 0674 | Energy: -17.775225 | Delta: 2.82e-03 | M: 11357.7446 | Path: GPU-cuStateVec MPI-distributed (2 ranks)
Iter 0675 | Energy: -17.774096 | Delta: 1.13e-03 | M: 10025.9564 | Path: GPU-cuStateVec MPI-distributed (2 ranks)
[RESILIENCE] Iteration 675: Global theta state checkpointed at path checkpoints/BeH2/checkpoint_iter_0675.npy. 
Iter 0676 | Energy: -17.772431 | Delta: 1.67e-03 | M: 10739.7940 | Path: GPU-cuStateVec MPI-distributed (2 ranks)
Iter 0677 | Energy: -17.790115 | Delta: 1.77e-02 | M: 10954.5151 | Path: GPU-cuStateVec MPI-distributed (2 ranks)
Iter 0678 | Energy: -17.767013 | Delta: 2.31e-02 | M: 12401.7773 | Path: GPU-cuStateVec MPI-distributed (2 ranks)
Iter 0679 | Energy: -17.777221 | Delta: 1.02e-02 | M: 7437.7870 | Path: GPU-cuStateVec MPI-distributed (2 ranks)
Iter 0680 | Energy: -17.780745 | Delta: 3.52e-03 | M: 11685.2789 | Path: GPU-cuStateVec MPI-distributed (2 ranks)
[RESILIENCE] Iteration 680: Global theta state checkpointed at path checkpoints/BeH2/checkpoint_iter_0680.npy. 
Iter 0681 | Energy: -17.788507 | Delta: 7.76e-03 | M: 7906.0307 | Path: GPU-cuStateVec MPI-distributed (2 ranks)
Iter 0682 | Energy: -17.772525 | Delta: 1.60e-02 | M: 14028.0706 | Path: GPU-cuStateVec MPI-distributed (2 ranks)
Iter 0683 | Energy: -17.792507 | Delta: 2.00e-02 | M: 11643.7947 | Path: GPU-cuStateVec MPI-distributed (2 ranks)
Iter 0684 | Energy: -17.791917 | Delta: 5.91e-04 | M: 11217.7632 | Path: GPU-cuStateVec MPI-distributed (2 ranks)
Iter 0685 | Energy: -17.784166 | Delta: 7.75e-03 | M: 8225.7537 | Path: GPU-cuStateVec MPI-distributed (2 ranks)
[RESILIENCE] Iteration 685: Global theta state checkpointed at path checkpoints/BeH2/checkpoint_iter_0685.npy. 
Iter 0686 | Energy: -17.791277 | Delta: 7.11e-03 | M: 7810.2215 | Path: GPU-cuStateVec MPI-distributed (2 ranks)
Iter 0687 | Energy: -17.793641 | Delta: 2.36e-03 | M: 12495.3180 | Path: GPU-cuStateVec MPI-distributed (2 ranks)
Iter 0688 | Energy: -17.799285 | Delta: 5.64e-03 | M: 305.5747 | Path: GPU-cuStateVec MPI-distributed (2 ranks)
Iter 0689 | Energy: -17.798472 | Delta: 8.13e-04 | M: 10612.6119 | Path: GPU-cuStateVec MPI-distributed (2 ranks)
Iter 0690 | Energy: -17.806395 | Delta: 7.92e-03 | M: 11814.3221 | Path: GPU-cuStateVec MPI-distributed (2 ranks)
[RESILIENCE] Iteration 690: Global theta state checkpointed at path checkpoints/BeH2/checkpoint_iter_0690.npy. 
Iter 0691 | Energy: -17.802390 | Delta: 4.00e-03 | M: 10908.8808 | Path: GPU-cuStateVec MPI-distributed (2 ranks)
Iter 0692 | Energy: -17.796820 | Delta: 5.57e-03 | M: 11912.4532 | Path: GPU-cuStateVec MPI-distributed (2 ranks)
Iter 0693 | Energy: -17.793661 | Delta: 3.16e-03 | M: 12252.2232 | Path: GPU-cuStateVec MPI-distributed (2 ranks)
Iter 0694 | Energy: -17.805662 | Delta: 1.20e-02 | M: 11193.2350 | Path: GPU-cuStateVec MPI-distributed (2 ranks)
Iter 0695 | Energy: -17.800451 | Delta: 5.21e-03 | M: 91.7634 | Path: GPU-cuStateVec MPI-distributed (2 ranks)
[RESILIENCE] Iteration 695: Global theta state checkpointed at path checkpoints/BeH2/checkpoint_iter_0695.npy. 
Iter 0696 | Energy: -17.813668 | Delta: 1.32e-02 | M: 12022.7785 | Path: GPU-cuStateVec MPI-distributed (2 ranks)
Iter 0697 | Energy: -17.800056 | Delta: 1.36e-02 | M: 11437.0043 | Path: GPU-cuStateVec MPI-distributed (2 ranks)
Iter 0698 | Energy: -17.797993 | Delta: 2.06e-03 | M: 12366.1760 | Path: GPU-cuStateVec MPI-distributed (2 ranks)
Iter 0699 | Energy: -17.811103 | Delta: 1.31e-02 | M: 8332.0380 | Path: GPU-cuStateVec MPI-distributed (2 ranks)
Iter 0700 | Energy: -17.812230 | Delta: 1.13e-03 | M: 10827.4978 | Path: GPU-cuStateVec MPI-distributed (2 ranks)
[RESILIENCE] Iteration 700: Global theta state checkpointed at path checkpoints/BeH2/checkpoint_iter_0700.npy. 
Iter 0701 | Energy: -17.801074 | Delta: 1.12e-02 | M: 142.8963 | Path: GPU-cuStateVec MPI-distributed (2 ranks)
Iter 0702 | Energy: -17.802792 | Delta: 1.72e-03 | M: 11679.5782 | Path: GPU-cuStateVec MPI-distributed (2 ranks)
Iter 0703 | Energy: -17.815126 | Delta: 1.23e-02 | M: 12872.8424 | Path: GPU-cuStateVec MPI-distributed (2 ranks)
Iter 0704 | Energy: -17.817905 | Delta: 2.78e-03 | M: 11863.0124 | Path: GPU-cuStateVec MPI-distributed (2 ranks)
Iter 0705 | Energy: -17.814501 | Delta: 3.40e-03 | M: 10279.4750 | Path: GPU-cuStateVec MPI-distributed (2 ranks)
[RESILIENCE] Iteration 705: Global theta state checkpointed at path checkpoints/BeH2/checkpoint_iter_0705.npy. 
Iter 0706 | Energy: -17.812004 | Delta: 2.50e-03 | M: 185.6292 | Path: GPU-cuStateVec MPI-distributed (2 ranks)
Iter 0707 | Energy: -17.823452 | Delta: 1.14e-02 | M: 168.5832 | Path: GPU-cuStateVec MPI-distributed (2 ranks)
Iter 0708 | Energy: -17.813527 | Delta: 9.92e-03 | M: 12166.2163 | Path: GPU-cuStateVec MPI-distributed (2 ranks)
Iter 0709 | Energy: -17.814484 | Delta: 9.57e-04 | M: 11199.8834 | Path: GPU-cuStateVec MPI-distributed (2 ranks)
Iter 0710 | Energy: -17.808739 | Delta: 5.75e-03 | M: 11095.8131 | Path: GPU-cuStateVec MPI-distributed (2 ranks)
[RESILIENCE] Iteration 710: Global theta state checkpointed at path checkpoints/BeH2/checkpoint_iter_0710.npy. 
Iter 0711 | Energy: -17.809748 | Delta: 1.01e-03 | M: 11914.5685 | Path: GPU-cuStateVec MPI-distributed (2 ranks)
Iter 0712 | Energy: -17.816920 | Delta: 7.17e-03 | M: 13562.4909 | Path: GPU-cuStateVec MPI-distributed (2 ranks)
Iter 0713 | Energy: -17.819039 | Delta: 2.12e-03 | M: 107.2973 | Path: GPU-cuStateVec MPI-distributed (2 ranks)
Iter 0714 | Energy: -17.817004 | Delta: 2.04e-03 | M: 11681.4616 | Path: GPU-cuStateVec MPI-distributed (2 ranks)
Iter 0715 | Energy: -17.829438 | Delta: 1.24e-02 | M: 14069.6658 | Path: GPU-cuStateVec MPI-distributed (2 ranks)
[RESILIENCE] Iteration 715: Global theta state checkpointed at path checkpoints/BeH2/checkpoint_iter_0715.npy. 
Iter 0716 | Energy: -17.823100 | Delta: 6.34e-03 | M: 11751.4688 | Path: GPU-cuStateVec MPI-distributed (2 ranks)
Iter 0717 | Energy: -17.826574 | Delta: 3.47e-03 | M: 11197.7535 | Path: GPU-cuStateVec MPI-distributed (2 ranks)
Iter 0718 | Energy: -17.825877 | Delta: 6.96e-04 | M: 11359.0372 | Path: GPU-cuStateVec MPI-distributed (2 ranks)
Iter 0719 | Energy: -17.832843 | Delta: 6.97e-03 | M: 142.3659 | Path: GPU-cuStateVec MPI-distributed (2 ranks)
Iter 0720 | Energy: -17.828824 | Delta: 4.02e-03 | M: 11379.5392 | Path: GPU-cuStateVec MPI-distributed (2 ranks)
[RESILIENCE] Iteration 720: Global theta state checkpointed at path checkpoints/BeH2/checkpoint_iter_0720.npy. 
Iter 0721 | Energy: -17.831990 | Delta: 3.17e-03 | M: 8266.1224 | Path: GPU-cuStateVec MPI-distributed (2 ranks)
Iter 0722 | Energy: -17.841554 | Delta: 9.56e-03 | M: 8568.0943 | Path: GPU-cuStateVec MPI-distributed (2 ranks)
Iter 0723 | Energy: -17.828447 | Delta: 1.31e-02 | M: 11150.6887 | Path: GPU-cuStateVec MPI-distributed (2 ranks)
Iter 0724 | Energy: -17.832748 | Delta: 4.30e-03 | M: 11400.4745 | Path: GPU-cuStateVec MPI-distributed (2 ranks)
Iter 0725 | Energy: -17.834468 | Delta: 1.72e-03 | M: 188.5226 | Path: GPU-cuStateVec MPI-distributed (2 ranks)
[RESILIENCE] Iteration 725: Global theta state checkpointed at path checkpoints/BeH2/checkpoint_iter_0725.npy. 
Iter 0726 | Energy: -17.844131 | Delta: 9.66e-03 | M: 11801.7358 | Path: GPU-cuStateVec MPI-distributed (2 ranks)
Iter 0727 | Energy: -17.842083 | Delta: 2.05e-03 | M: 13438.9894 | Path: GPU-cuStateVec MPI-distributed (2 ranks)
Iter 0728 | Energy: -17.844603 | Delta: 2.52e-03 | M: 10769.7608 | Path: GPU-cuStateVec MPI-distributed (2 ranks)
Iter 0729 | Energy: -17.838216 | Delta: 6.39e-03 | M: 11916.9876 | Path: GPU-cuStateVec MPI-distributed (2 ranks)
Iter 0730 | Energy: -17.845435 | Delta: 7.22e-03 | M: 11225.3257 | Path: GPU-cuStateVec MPI-distributed (2 ranks)
[RESILIENCE] Iteration 730: Global theta state checkpointed at path checkpoints/BeH2/checkpoint_iter_0730.npy. 
Iter 0731 | Energy: -17.844074 | Delta: 1.36e-03 | M: 157.4895 | Path: GPU-cuStateVec MPI-distributed (2 ranks)
Iter 0732 | Energy: -17.841299 | Delta: 2.78e-03 | M: 14635.2013 | Path: GPU-cuStateVec MPI-distributed (2 ranks)
Iter 0733 | Energy: -17.837131 | Delta: 4.17e-03 | M: 11355.6204 | Path: GPU-cuStateVec MPI-distributed (2 ranks)
Iter 0734 | Energy: -17.850637 | Delta: 1.35e-02 | M: 11931.4714 | Path: GPU-cuStateVec MPI-distributed (2 ranks)
Iter 0735 | Energy: -17.839873 | Delta: 1.08e-02 | M: 9583.6302 | Path: GPU-cuStateVec MPI-distributed (2 ranks)
[RESILIENCE] Iteration 735: Global theta state checkpointed at path checkpoints/BeH2/checkpoint_iter_0735.npy. 
Iter 0736 | Energy: -17.837496 | Delta: 2.38e-03 | M: 12009.5604 | Path: GPU-cuStateVec MPI-distributed (2 ranks)
Iter 0737 | Energy: -17.842311 | Delta: 4.82e-03 | M: 11386.2344 | Path: GPU-cuStateVec MPI-distributed (2 ranks)
Iter 0738 | Energy: -17.853571 | Delta: 1.13e-02 | M: 11713.2021 | Path: GPU-cuStateVec MPI-distributed (2 ranks)
Iter 0739 | Energy: -17.848496 | Delta: 5.08e-03 | M: 11524.1839 | Path: GPU-cuStateVec MPI-distributed (2 ranks)
Iter 0740 | Energy: -17.847151 | Delta: 1.35e-03 | M: 11873.9261 | Path: GPU-cuStateVec MPI-distributed (2 ranks)
[RESILIENCE] Iteration 740: Global theta state checkpointed at path checkpoints/BeH2/checkpoint_iter_0740.npy. 
Iter 0741 | Energy: -17.841200 | Delta: 5.95e-03 | M: 11690.7635 | Path: GPU-cuStateVec MPI-distributed (2 ranks)
Iter 0742 | Energy: -17.850992 | Delta: 9.79e-03 | M: 13552.8066 | Path: GPU-cuStateVec MPI-distributed (2 ranks)
Iter 0743 | Energy: -17.848477 | Delta: 2.51e-03 | M: 11717.2002 | Path: GPU-cuStateVec MPI-distributed (2 ranks)
Iter 0744 | Energy: -17.853880 | Delta: 5.40e-03 | M: 12556.2450 | Path: GPU-cuStateVec MPI-distributed (2 ranks)
Iter 0745 | Energy: -17.857783 | Delta: 3.90e-03 | M: 264.0192 | Path: GPU-cuStateVec MPI-distributed (2 ranks)
[RESILIENCE] Iteration 745: Global theta state checkpointed at path checkpoints/BeH2/checkpoint_iter_0745.npy. 
Iter 0746 | Energy: -17.857961 | Delta: 1.79e-04 | M: 11565.6853 | Path: GPU-cuStateVec MPI-distributed (2 ranks)
Iter 0747 | Energy: -17.849887 | Delta: 8.07e-03 | M: 12458.2011 | Path: GPU-cuStateVec MPI-distributed (2 ranks)
Iter 0748 | Energy: -17.850771 | Delta: 8.84e-04 | M: 10993.4039 | Path: GPU-cuStateVec MPI-distributed (2 ranks)
Iter 0749 | Energy: -17.859453 | Delta: 8.68e-03 | M: 11997.4294 | Path: GPU-cuStateVec MPI-distributed (2 ranks)
Iter 0750 | Energy: -17.849665 | Delta: 9.79e-03 | M: 10859.7560 | Path: GPU-cuStateVec MPI-distributed (2 ranks)
[RESILIENCE] Iteration 750: Global theta state checkpointed at path checkpoints/BeH2/checkpoint_iter_0750.npy. 
Iter 0751 | Energy: -17.855668 | Delta: 6.00e-03 | M: 14720.2378 | Path: GPU-cuStateVec MPI-distributed (2 ranks)
Iter 0752 | Energy: -17.855537 | Delta: 1.31e-04 | M: 14852.8619 | Path: GPU-cuStateVec MPI-distributed (2 ranks)
Iter 0753 | Energy: -17.854681 | Delta: 8.56e-04 | M: 9765.4071 | Path: GPU-cuStateVec MPI-distributed (2 ranks)
Iter 0754 | Energy: -17.850791 | Delta: 3.89e-03 | M: 7449.2415 | Path: GPU-cuStateVec MPI-distributed (2 ranks)
Iter 0755 | Energy: -17.858382 | Delta: 7.59e-03 | M: 7969.1193 | Path: GPU-cuStateVec MPI-distributed (2 ranks)
[RESILIENCE] Iteration 755: Global theta state checkpointed at path checkpoints/BeH2/checkpoint_iter_0755.npy. 
Iter 0756 | Energy: -17.861193 | Delta: 2.81e-03 | M: 7725.6143 | Path: GPU-cuStateVec MPI-distributed (2 ranks)
Iter 0757 | Energy: -17.862302 | Delta: 1.11e-03 | M: 8821.5065 | Path: GPU-cuStateVec MPI-distributed (2 ranks)
Iter 0758 | Energy: -17.867077 | Delta: 4.77e-03 | M: 7951.1383 | Path: GPU-cuStateVec MPI-distributed (2 ranks)
Iter 0759 | Energy: -17.867233 | Delta: 1.56e-04 | M: 11708.1187 | Path: GPU-cuStateVec MPI-distributed (2 ranks)
Iter 0760 | Energy: -17.867882 | Delta: 6.50e-04 | M: 9154.4553 | Path: GPU-cuStateVec MPI-distributed (2 ranks)
[RESILIENCE] Iteration 760: Global theta state checkpointed at path checkpoints/BeH2/checkpoint_iter_0760.npy. 
Iter 0761 | Energy: -17.860779 | Delta: 7.10e-03 | M: 264.0787 | Path: GPU-cuStateVec MPI-distributed (2 ranks)
Iter 0762 | Energy: -17.867043 | Delta: 6.26e-03 | M: 9959.0635 | Path: GPU-cuStateVec MPI-distributed (2 ranks)
Iter 0763 | Energy: -17.860957 | Delta: 6.09e-03 | M: 13532.4129 | Path: GPU-cuStateVec MPI-distributed (2 ranks)
Iter 0764 | Energy: -17.867024 | Delta: 6.07e-03 | M: 13598.2102 | Path: GPU-cuStateVec MPI-distributed (2 ranks)
Iter 0765 | Energy: -17.866428 | Delta: 5.96e-04 | M: 12061.0735 | Path: GPU-cuStateVec MPI-distributed (2 ranks)
[RESILIENCE] Iteration 765: Global theta state checkpointed at path checkpoints/BeH2/checkpoint_iter_0765.npy. 
Iter 0766 | Energy: -17.874322 | Delta: 7.89e-03 | M: 7328.6137 | Path: GPU-cuStateVec MPI-distributed (2 ranks)
Iter 0767 | Energy: -17.865694 | Delta: 8.63e-03 | M: 14445.2742 | Path: GPU-cuStateVec MPI-distributed (2 ranks)
Iter 0768 | Energy: -17.874730 | Delta: 9.04e-03 | M: 12195.4638 | Path: GPU-cuStateVec MPI-distributed (2 ranks)
Iter 0769 | Energy: -17.853629 | Delta: 2.11e-02 | M: 11276.0363 | Path: GPU-cuStateVec MPI-distributed (2 ranks)
Iter 0770 | Energy: -17.874479 | Delta: 2.09e-02 | M: 11869.6775 | Path: GPU-cuStateVec MPI-distributed (2 ranks)
[RESILIENCE] Iteration 770: Global theta state checkpointed at path checkpoints/BeH2/checkpoint_iter_0770.npy. 
Iter 0771 | Energy: -17.869673 | Delta: 4.81e-03 | M: 13371.4601 | Path: GPU-cuStateVec MPI-distributed (2 ranks)
Iter 0772 | Energy: -17.865886 | Delta: 3.79e-03 | M: 272.3054 | Path: GPU-cuStateVec MPI-distributed (2 ranks)
Iter 0773 | Energy: -17.863613 | Delta: 2.27e-03 | M: 13293.9820 | Path: GPU-cuStateVec MPI-distributed (2 ranks)
Iter 0774 | Energy: -17.881015 | Delta: 1.74e-02 | M: 10691.9987 | Path: GPU-cuStateVec MPI-distributed (2 ranks)
Iter 0775 | Energy: -17.865043 | Delta: 1.60e-02 | M: 13944.6115 | Path: GPU-cuStateVec MPI-distributed (2 ranks)
[RESILIENCE] Iteration 775: Global theta state checkpointed at path checkpoints/BeH2/checkpoint_iter_0775.npy. 
Iter 0776 | Energy: -17.884259 | Delta: 1.92e-02 | M: 12068.7783 | Path: GPU-cuStateVec MPI-distributed (2 ranks)
Iter 0777 | Energy: -17.879766 | Delta: 4.49e-03 | M: 13681.7733 | Path: GPU-cuStateVec MPI-distributed (2 ranks)
Iter 0778 | Energy: -17.867683 | Delta: 1.21e-02 | M: 10927.7145 | Path: GPU-cuStateVec MPI-distributed (2 ranks)
Iter 0779 | Energy: -17.885678 | Delta: 1.80e-02 | M: 12045.7313 | Path: GPU-cuStateVec MPI-distributed (2 ranks)
Iter 0780 | Energy: -17.878307 | Delta: 7.37e-03 | M: 12357.1956 | Path: GPU-cuStateVec MPI-distributed (2 ranks)
[RESILIENCE] Iteration 780: Global theta state checkpointed at path checkpoints/BeH2/checkpoint_iter_0780.npy. 
Iter 0781 | Energy: -17.876351 | Delta: 1.96e-03 | M: 11082.2619 | Path: GPU-cuStateVec MPI-distributed (2 ranks)
Iter 0782 | Energy: -17.878339 | Delta: 1.99e-03 | M: 11232.8265 | Path: GPU-cuStateVec MPI-distributed (2 ranks)
Iter 0783 | Energy: -17.869064 | Delta: 9.27e-03 | M: 12529.6471 | Path: GPU-cuStateVec MPI-distributed (2 ranks)
Iter 0784 | Energy: -17.886568 | Delta: 1.75e-02 | M: 10494.9302 | Path: GPU-cuStateVec MPI-distributed (2 ranks)
Iter 0785 | Energy: -17.888724 | Delta: 2.16e-03 | M: 257.6104 | Path: GPU-cuStateVec MPI-distributed (2 ranks)
[RESILIENCE] Iteration 785: Global theta state checkpointed at path checkpoints/BeH2/checkpoint_iter_0785.npy. 
Iter 0786 | Energy: -17.881898 | Delta: 6.83e-03 | M: 11128.7355 | Path: GPU-cuStateVec MPI-distributed (2 ranks)
Iter 0787 | Energy: -17.873736 | Delta: 8.16e-03 | M: 10289.3036 | Path: GPU-cuStateVec MPI-distributed (2 ranks)
Iter 0788 | Energy: -17.878161 | Delta: 4.43e-03 | M: 11803.4364 | Path: GPU-cuStateVec MPI-distributed (2 ranks)
Iter 0789 | Energy: -17.876909 | Delta: 1.25e-03 | M: 11518.8645 | Path: GPU-cuStateVec MPI-distributed (2 ranks)
Iter 0790 | Energy: -17.887669 | Delta: 1.08e-02 | M: 318.2520 | Path: GPU-cuStateVec MPI-distributed (2 ranks)
[RESILIENCE] Iteration 790: Global theta state checkpointed at path checkpoints/BeH2/checkpoint_iter_0790.npy. 
Iter 0791 | Energy: -17.877336 | Delta: 1.03e-02 | M: 262.0465 | Path: GPU-cuStateVec MPI-distributed (2 ranks)
Iter 0792 | Energy: -17.885503 | Delta: 8.17e-03 | M: 315.5286 | Path: GPU-cuStateVec MPI-distributed (2 ranks)
Iter 0793 | Energy: -17.883253 | Delta: 2.25e-03 | M: 248.2653 | Path: GPU-cuStateVec MPI-distributed (2 ranks)
Iter 0794 | Energy: -17.889387 | Delta: 6.13e-03 | M: 7544.2468 | Path: GPU-cuStateVec MPI-distributed (2 ranks)
Iter 0795 | Energy: -17.873762 | Delta: 1.56e-02 | M: 11515.6991 | Path: GPU-cuStateVec MPI-distributed (2 ranks)
[RESILIENCE] Iteration 795: Global theta state checkpointed at path checkpoints/BeH2/checkpoint_iter_0795.npy. 
Iter 0796 | Energy: -17.883566 | Delta: 9.80e-03 | M: 12249.2369 | Path: GPU-cuStateVec MPI-distributed (2 ranks)
Iter 0797 | Energy: -17.892524 | Delta: 8.96e-03 | M: 255.9708 | Path: GPU-cuStateVec MPI-distributed (2 ranks)
Iter 0798 | Energy: -17.874482 | Delta: 1.80e-02 | M: 11099.2870 | Path: GPU-cuStateVec MPI-distributed (2 ranks)
Iter 0799 | Energy: -17.888313 | Delta: 1.38e-02 | M: 12719.4354 | Path: GPU-cuStateVec MPI-distributed (2 ranks)
Iter 0800 | Energy: -17.892205 | Delta: 3.89e-03 | M: 10944.3502 | Path: GPU-cuStateVec MPI-distributed (2 ranks)
[RESILIENCE] Iteration 800: Global theta state checkpointed at path checkpoints/BeH2/checkpoint_iter_0800.npy. 
Iter 0801 | Energy: -17.880531 | Delta: 1.17e-02 | M: 10180.7083 | Path: GPU-cuStateVec MPI-distributed (2 ranks)
Iter 0802 | Energy: -17.886060 | Delta: 5.53e-03 | M: 12157.6557 | Path: GPU-cuStateVec MPI-distributed (2 ranks)
Iter 0803 | Energy: -17.888240 | Delta: 2.18e-03 | M: 198.0203 | Path: GPU-cuStateVec MPI-distributed (2 ranks)
Iter 0804 | Energy: -17.880836 | Delta: 7.40e-03 | M: 14081.6346 | Path: GPU-cuStateVec MPI-distributed (2 ranks)
Iter 0805 | Energy: -17.891796 | Delta: 1.10e-02 | M: 101.6180 | Path: GPU-cuStateVec MPI-distributed (2 ranks)
[RESILIENCE] Iteration 805: Global theta state checkpointed at path checkpoints/BeH2/checkpoint_iter_0805.npy. 
Iter 0806 | Energy: -17.884953 | Delta: 6.84e-03 | M: 11020.3056 | Path: GPU-cuStateVec MPI-distributed (2 ranks)
Iter 0807 | Energy: -17.891465 | Delta: 6.51e-03 | M: 8730.5925 | Path: GPU-cuStateVec MPI-distributed (2 ranks)
Iter 0808 | Energy: -17.888889 | Delta: 2.58e-03 | M: 10708.5296 | Path: GPU-cuStateVec MPI-distributed (2 ranks)
Iter 0809 | Energy: -17.897272 | Delta: 8.38e-03 | M: 178.1237 | Path: GPU-cuStateVec MPI-distributed (2 ranks)
Iter 0810 | Energy: -17.884718 | Delta: 1.26e-02 | M: 11325.2744 | Path: GPU-cuStateVec MPI-distributed (2 ranks)
[RESILIENCE] Iteration 810: Global theta state checkpointed at path checkpoints/BeH2/checkpoint_iter_0810.npy. 
Iter 0811 | Energy: -17.901051 | Delta: 1.63e-02 | M: 94.6944 | Path: GPU-cuStateVec MPI-distributed (2 ranks)
Iter 0812 | Energy: -17.896501 | Delta: 4.55e-03 | M: 10959.9339 | Path: GPU-cuStateVec MPI-distributed (2 ranks)
Iter 0813 | Energy: -17.887077 | Delta: 9.42e-03 | M: 11647.0188 | Path: GPU-cuStateVec MPI-distributed (2 ranks)
Iter 0814 | Energy: -17.898602 | Delta: 1.15e-02 | M: 9041.1653 | Path: GPU-cuStateVec MPI-distributed (2 ranks)
Iter 0815 | Energy: -17.900209 | Delta: 1.61e-03 | M: 11091.9964 | Path: GPU-cuStateVec MPI-distributed (2 ranks)
[RESILIENCE] Iteration 815: Global theta state checkpointed at path checkpoints/BeH2/checkpoint_iter_0815.npy. 
Iter 0816 | Energy: -17.890619 | Delta: 9.59e-03 | M: 11255.5446 | Path: GPU-cuStateVec MPI-distributed (2 ranks)
Iter 0817 | Energy: -17.891726 | Delta: 1.11e-03 | M: 163.5402 | Path: GPU-cuStateVec MPI-distributed (2 ranks)
Iter 0818 | Energy: -17.907873 | Delta: 1.61e-02 | M: 12072.8346 | Path: GPU-cuStateVec MPI-distributed (2 ranks)
Iter 0819 | Energy: -17.893797 | Delta: 1.41e-02 | M: 9574.6122 | Path: GPU-cuStateVec MPI-distributed (2 ranks)
Iter 0820 | Energy: -17.900078 | Delta: 6.28e-03 | M: 9519.3554 | Path: GPU-cuStateVec MPI-distributed (2 ranks)
[RESILIENCE] Iteration 820: Global theta state checkpointed at path checkpoints/BeH2/checkpoint_iter_0820.npy. 
Iter 0821 | Energy: -17.905801 | Delta: 5.72e-03 | M: 11628.9107 | Path: GPU-cuStateVec MPI-distributed (2 ranks)
Iter 0822 | Energy: -17.908014 | Delta: 2.21e-03 | M: 11600.6126 | Path: GPU-cuStateVec MPI-distributed (2 ranks)
Iter 0823 | Energy: -17.915575 | Delta: 7.56e-03 | M: 126.0232 | Path: GPU-cuStateVec MPI-distributed (2 ranks)
Iter 0824 | Energy: -17.896199 | Delta: 1.94e-02 | M: 13627.8801 | Path: GPU-cuStateVec MPI-distributed (2 ranks)
Iter 0825 | Energy: -17.910935 | Delta: 1.47e-02 | M: 11445.0411 | Path: GPU-cuStateVec MPI-distributed (2 ranks)
[RESILIENCE] Iteration 825: Global theta state checkpointed at path checkpoints/BeH2/checkpoint_iter_0825.npy. 
Iter 0826 | Energy: -17.912055 | Delta: 1.12e-03 | M: 8590.6682 | Path: GPU-cuStateVec MPI-distributed (2 ranks)
Iter 0827 | Energy: -17.907696 | Delta: 4.36e-03 | M: 11235.1010 | Path: GPU-cuStateVec MPI-distributed (2 ranks)
Iter 0828 | Energy: -17.909768 | Delta: 2.07e-03 | M: 14285.9803 | Path: GPU-cuStateVec MPI-distributed (2 ranks)
Iter 0829 | Energy: -17.900921 | Delta: 8.85e-03 | M: 7336.6937 | Path: GPU-cuStateVec MPI-distributed (2 ranks)
Iter 0830 | Energy: -17.907881 | Delta: 6.96e-03 | M: 7840.9270 | Path: GPU-cuStateVec MPI-distributed (2 ranks)
[RESILIENCE] Iteration 830: Global theta state checkpointed at path checkpoints/BeH2/checkpoint_iter_0830.npy. 
Iter 0831 | Energy: -17.914785 | Delta: 6.90e-03 | M: 9828.2944 | Path: GPU-cuStateVec MPI-distributed (2 ranks)
Iter 0832 | Energy: -17.908626 | Delta: 6.16e-03 | M: 11640.6112 | Path: GPU-cuStateVec MPI-distributed (2 ranks)
Iter 0833 | Energy: -17.906757 | Delta: 1.87e-03 | M: 171.1524 | Path: GPU-cuStateVec MPI-distributed (2 ranks)
Iter 0834 | Energy: -17.911829 | Delta: 5.07e-03 | M: 12067.7791 | Path: GPU-cuStateVec MPI-distributed (2 ranks)
Iter 0835 | Energy: -17.920781 | Delta: 8.95e-03 | M: 11541.5750 | Path: GPU-cuStateVec MPI-distributed (2 ranks)
[RESILIENCE] Iteration 835: Global theta state checkpointed at path checkpoints/BeH2/checkpoint_iter_0835.npy. 
Iter 0836 | Energy: -17.916112 | Delta: 4.67e-03 | M: 10921.2734 | Path: GPU-cuStateVec MPI-distributed (2 ranks)
Iter 0837 | Energy: -17.921113 | Delta: 5.00e-03 | M: 339.0172 | Path: GPU-cuStateVec MPI-distributed (2 ranks)
Iter 0838 | Energy: -17.914304 | Delta: 6.81e-03 | M: 10624.6348 | Path: GPU-cuStateVec MPI-distributed (2 ranks)
Iter 0839 | Energy: -17.916749 | Delta: 2.45e-03 | M: 11695.3451 | Path: GPU-cuStateVec MPI-distributed (2 ranks)
Iter 0840 | Energy: -17.919973 | Delta: 3.22e-03 | M: 216.2111 | Path: GPU-cuStateVec MPI-distributed (2 ranks)
[RESILIENCE] Iteration 840: Global theta state checkpointed at path checkpoints/BeH2/checkpoint_iter_0840.npy. 
Iter 0841 | Energy: -17.919677 | Delta: 2.97e-04 | M: 9034.8101 | Path: GPU-cuStateVec MPI-distributed (2 ranks)
Iter 0842 | Energy: -17.925762 | Delta: 6.09e-03 | M: 281.6367 | Path: GPU-cuStateVec MPI-distributed (2 ranks)
Iter 0843 | Energy: -17.915594 | Delta: 1.02e-02 | M: 15183.7398 | Path: GPU-cuStateVec MPI-distributed (2 ranks)
Iter 0844 | Energy: -17.916819 | Delta: 1.23e-03 | M: 96.3766 | Path: GPU-cuStateVec MPI-distributed (2 ranks)
Iter 0845 | Energy: -17.917911 | Delta: 1.09e-03 | M: 44.9854 | Path: GPU-cuStateVec MPI-distributed (2 ranks)
[RESILIENCE] Iteration 845: Global theta state checkpointed at path checkpoints/BeH2/checkpoint_iter_0845.npy. 
Iter 0846 | Energy: -17.919722 | Delta: 1.81e-03 | M: 14206.3170 | Path: GPU-cuStateVec MPI-distributed (2 ranks)
Iter 0847 | Energy: -17.919370 | Delta: 3.53e-04 | M: 4477.0322 | Path: GPU-cuStateVec MPI-distributed (2 ranks)
Iter 0848 | Energy: -17.926097 | Delta: 6.73e-03 | M: 189.4270 | Path: GPU-cuStateVec MPI-distributed (2 ranks)
Iter 0849 | Energy: -17.920668 | Delta: 5.43e-03 | M: 11591.7286 | Path: GPU-cuStateVec MPI-distributed (2 ranks)
Iter 0850 | Energy: -17.922002 | Delta: 1.33e-03 | M: 12852.6118 | Path: GPU-cuStateVec MPI-distributed (2 ranks)
[RESILIENCE] Iteration 850: Global theta state checkpointed at path checkpoints/BeH2/checkpoint_iter_0850.npy. 
Iter 0851 | Energy: -17.929752 | Delta: 7.75e-03 | M: 11320.3575 | Path: GPU-cuStateVec MPI-distributed (2 ranks)
Iter 0852 | Energy: -17.921696 | Delta: 8.06e-03 | M: 12098.3230 | Path: GPU-cuStateVec MPI-distributed (2 ranks)
Iter 0853 | Energy: -17.919197 | Delta: 2.50e-03 | M: 11739.9942 | Path: GPU-cuStateVec MPI-distributed (2 ranks)
Iter 0854 | Energy: -17.929495 | Delta: 1.03e-02 | M: 172.1715 | Path: GPU-cuStateVec MPI-distributed (2 ranks)
Iter 0855 | Energy: -17.920498 | Delta: 9.00e-03 | M: 11599.1519 | Path: GPU-cuStateVec MPI-distributed (2 ranks)
[RESILIENCE] Iteration 855: Global theta state checkpointed at path checkpoints/BeH2/checkpoint_iter_0855.npy. 
Iter 0856 | Energy: -17.933246 | Delta: 1.27e-02 | M: 10893.9924 | Path: GPU-cuStateVec MPI-distributed (2 ranks)
Iter 0857 | Energy: -17.928227 | Delta: 5.02e-03 | M: 108.2046 | Path: GPU-cuStateVec MPI-distributed (2 ranks)
Iter 0858 | Energy: -17.922372 | Delta: 5.85e-03 | M: 12025.5996 | Path: GPU-cuStateVec MPI-distributed (2 ranks)
Iter 0859 | Energy: -17.932913 | Delta: 1.05e-02 | M: 263.2700 | Path: GPU-cuStateVec MPI-distributed (2 ranks)
Iter 0860 | Energy: -17.933756 | Delta: 8.43e-04 | M: 118.6771 | Path: GPU-cuStateVec MPI-distributed (2 ranks)
[RESILIENCE] Iteration 860: Global theta state checkpointed at path checkpoints/BeH2/checkpoint_iter_0860.npy. 
Iter 0861 | Energy: -17.933531 | Delta: 2.25e-04 | M: 9289.2643 | Path: GPU-cuStateVec MPI-distributed (2 ranks)
Iter 0862 | Energy: -17.927405 | Delta: 6.13e-03 | M: 5088.0998 | Path: GPU-cuStateVec MPI-distributed (2 ranks)
Iter 0863 | Energy: -17.923218 | Delta: 4.19e-03 | M: 10890.0470 | Path: GPU-cuStateVec MPI-distributed (2 ranks)
Iter 0864 | Energy: -17.925283 | Delta: 2.06e-03 | M: 14220.5852 | Path: GPU-cuStateVec MPI-distributed (2 ranks)
Iter 0865 | Energy: -17.935059 | Delta: 9.78e-03 | M: 7689.2594 | Path: GPU-cuStateVec MPI-distributed (2 ranks)
[RESILIENCE] Iteration 865: Global theta state checkpointed at path checkpoints/BeH2/checkpoint_iter_0865.npy. 
Iter 0866 | Energy: -17.939903 | Delta: 4.84e-03 | M: 359.6679 | Path: GPU-cuStateVec MPI-distributed (2 ranks)
Iter 0867 | Energy: -17.940091 | Delta: 1.88e-04 | M: 9803.4770 | Path: GPU-cuStateVec MPI-distributed (2 ranks)
Iter 0868 | Energy: -17.940276 | Delta: 1.85e-04 | M: 12456.6145 | Path: GPU-cuStateVec MPI-distributed (2 ranks)
Iter 0869 | Energy: -17.946334 | Delta: 6.06e-03 | M: 146.8944 | Path: GPU-cuStateVec MPI-distributed (2 ranks)
Iter 0870 | Energy: -17.934836 | Delta: 1.15e-02 | M: 10531.3186 | Path: GPU-cuStateVec MPI-distributed (2 ranks)
[RESILIENCE] Iteration 870: Global theta state checkpointed at path checkpoints/BeH2/checkpoint_iter_0870.npy. 
Iter 0871 | Energy: -17.940470 | Delta: 5.63e-03 | M: 9815.1609 | Path: GPU-cuStateVec MPI-distributed (2 ranks)
Iter 0872 | Energy: -17.949686 | Delta: 9.22e-03 | M: 111.4395 | Path: GPU-cuStateVec MPI-distributed (2 ranks)
Iter 0873 | Energy: -17.946114 | Delta: 3.57e-03 | M: 12006.4299 | Path: GPU-cuStateVec MPI-distributed (2 ranks)
Iter 0874 | Energy: -17.940375 | Delta: 5.74e-03 | M: 11694.2422 | Path: GPU-cuStateVec MPI-distributed (2 ranks)
Iter 0875 | Energy: -17.947222 | Delta: 6.85e-03 | M: 13586.9196 | Path: GPU-cuStateVec MPI-distributed (2 ranks)
[RESILIENCE] Iteration 875: Global theta state checkpointed at path checkpoints/BeH2/checkpoint_iter_0875.npy. 
Iter 0876 | Energy: -17.943548 | Delta: 3.67e-03 | M: 11818.0001 | Path: GPU-cuStateVec MPI-distributed (2 ranks)
Iter 0877 | Energy: -17.948212 | Delta: 4.66e-03 | M: 11037.7278 | Path: GPU-cuStateVec MPI-distributed (2 ranks)
Iter 0878 | Energy: -17.940944 | Delta: 7.27e-03 | M: 222.1056 | Path: GPU-cuStateVec MPI-distributed (2 ranks)
Iter 0879 | Energy: -17.946491 | Delta: 5.55e-03 | M: 198.6452 | Path: GPU-cuStateVec MPI-distributed (2 ranks)
Iter 0880 | Energy: -17.953289 | Delta: 6.80e-03 | M: 11084.5913 | Path: GPU-cuStateVec MPI-distributed (2 ranks)
[RESILIENCE] Iteration 880: Global theta state checkpointed at path checkpoints/BeH2/checkpoint_iter_0880.npy. 
Iter 0881 | Energy: -17.954479 | Delta: 1.19e-03 | M: 11182.3628 | Path: GPU-cuStateVec MPI-distributed (2 ranks)
Iter 0882 | Energy: -17.944264 | Delta: 1.02e-02 | M: 11351.3861 | Path: GPU-cuStateVec MPI-distributed (2 ranks)
Iter 0883 | Energy: -17.951679 | Delta: 7.42e-03 | M: 12060.0377 | Path: GPU-cuStateVec MPI-distributed (2 ranks)
Iter 0884 | Energy: -17.945661 | Delta: 6.02e-03 | M: 326.5190 | Path: GPU-cuStateVec MPI-distributed (2 ranks)
Iter 0885 | Energy: -17.950423 | Delta: 4.76e-03 | M: 10098.3675 | Path: GPU-cuStateVec MPI-distributed (2 ranks)
[RESILIENCE] Iteration 885: Global theta state checkpointed at path checkpoints/BeH2/checkpoint_iter_0885.npy. 
Iter 0886 | Energy: -17.942195 | Delta: 8.23e-03 | M: 11548.8974 | Path: GPU-cuStateVec MPI-distributed (2 ranks)
Iter 0887 | Energy: -17.948812 | Delta: 6.62e-03 | M: 184.1411 | Path: GPU-cuStateVec MPI-distributed (2 ranks)
Iter 0888 | Energy: -17.956479 | Delta: 7.67e-03 | M: 14669.7630 | Path: GPU-cuStateVec MPI-distributed (2 ranks)
Iter 0889 | Energy: -17.956607 | Delta: 1.28e-04 | M: 13742.7466 | Path: GPU-cuStateVec MPI-distributed (2 ranks)
Iter 0890 | Energy: -17.954958 | Delta: 1.65e-03 | M: 186.9707 | Path: GPU-cuStateVec MPI-distributed (2 ranks)
[RESILIENCE] Iteration 890: Global theta state checkpointed at path checkpoints/BeH2/checkpoint_iter_0890.npy. 
Iter 0891 | Energy: -17.958212 | Delta: 3.25e-03 | M: 346.9324 | Path: GPU-cuStateVec MPI-distributed (2 ranks)
Iter 0892 | Energy: -17.951669 | Delta: 6.54e-03 | M: 9806.3824 | Path: GPU-cuStateVec MPI-distributed (2 ranks)
Iter 0893 | Energy: -17.954108 | Delta: 2.44e-03 | M: 11421.5591 | Path: GPU-cuStateVec MPI-distributed (2 ranks)
Iter 0894 | Energy: -17.951670 | Delta: 2.44e-03 | M: 11801.1689 | Path: GPU-cuStateVec MPI-distributed (2 ranks)
Iter 0895 | Energy: -17.951701 | Delta: 3.15e-05 | M: 11659.2034 | Path: GPU-cuStateVec MPI-distributed (2 ranks)
[RESILIENCE] Iteration 895: Global theta state checkpointed at path checkpoints/BeH2/checkpoint_iter_0895.npy. 
Iter 0896 | Energy: -17.948102 | Delta: 3.60e-03 | M: 94.2228 | Path: GPU-cuStateVec MPI-distributed (2 ranks)
[VQE] Best physical energy: -15.555709 Ha (error: 0.0394 Ha) at iter 261
[VQE] Final energy -17.948102 is below FCI — reporting best physical result

[BeH2] Ansatz tier:hwe_adaptive
[BeH2] Corr score: 0.501 
[BeH2] Best physical energy: -15.555709 Ha 
[BeH2] Reference FCI : -15.595118 Ha 
[BeH2] Absolute error: +0.0394 Ha 
[BeH2] Iterations run: 896 (best at iter 261)
[BeH2] Wall time: 248.78s (includes QPU queue + RTT) 
[BeH2] Time/iter: 0.28 s 
[BeH2] Source: registry 
[BeH2] Active electrons: 4 
[BeH2] Estimated qubits: 12 
[BeH2] Note: Frozen 2 core electrons. Active space: 4 electrons, 12 qubits 


--- RUNNING CHEMISTRY TASK H2O ---
[Resolver] 'H2O' found in local registry 
[Chemistry:H2O] 1086 Pauli terms, 14 qubits, 112 params, reps=2. FCI reference: -75.0124 Ha 
[Ansatz] HWE (adaptive) (auto) | corr_score=0.502 | off_diag_ratio=0.007
[Reason] score=0.502 in [0.25, 0.55). Moderate correlation (off_diag_ratio=0.007, zz_frac=0.986). Adaptive HWE with full entanglement recommended.
Iter 0001 | Energy: -3.372252 | Delta: inf | M: 12414.2318 | Path: GPU-cuStateVec MPI-distributed (2 ranks)
Iter 0002 | Energy: -3.086089 | Delta: 2.86e-01 | M: 174.2267 | Path: GPU-cuStateVec MPI-distributed (2 ranks)
Iter 0003 | Energy: -3.538012 | Delta: 4.52e-01 | M: 12765.4101 | Path: GPU-cuStateVec MPI-distributed (2 ranks)
Iter 0004 | Energy: -8.634443 | Delta: 5.10e+00 | M: 15653.2719 | Path: GPU-cuStateVec MPI-distributed (2 ranks)
Iter 0005 | Energy: -12.952978 | Delta: 4.32e+00 | M: 17088.6122 | Path: GPU-cuStateVec MPI-distributed (2 ranks)
[RESILIENCE] Iteration 5: Global theta state checkpointed at path checkpoints/H2O/checkpoint_iter_0005.npy. 
Iter 0006 | Energy: -22.035908 | Delta: 9.08e+00 | M: 10925.7026 | Path: GPU-cuStateVec MPI-distributed (2 ranks)
Iter 0007 | Energy: -41.801752 | Delta: 1.98e+01 | M: 17001.6675 | Path: GPU-cuStateVec MPI-distributed (2 ranks)
Iter 0008 | Energy: -41.731292 | Delta: 7.05e-02 | M: 13620.6227 | Path: GPU-cuStateVec MPI-distributed (2 ranks)
Iter 0009 | Energy: -41.861514 | Delta: 1.30e-01 | M: 10369.6928 | Path: GPU-cuStateVec MPI-distributed (2 ranks)
Iter 0010 | Energy: -43.069333 | Delta: 1.21e+00 | M: 11310.2083 | Path: GPU-cuStateVec MPI-distributed (2 ranks)
[RESILIENCE] Iteration 10: Global theta state checkpointed at path checkpoints/H2O/checkpoint_iter_0010.npy. 
Iter 0011 | Energy: -47.304159 | Delta: 4.23e+00 | M: 14403.4406 | Path: GPU-cuStateVec MPI-distributed (2 ranks)
Iter 0012 | Energy: -52.141461 | Delta: 4.84e+00 | M: 9185.9300 | Path: GPU-cuStateVec MPI-distributed (2 ranks)
Iter 0013 | Energy: -58.041127 | Delta: 5.90e+00 | M: 8580.3003 | Path: GPU-cuStateVec MPI-distributed (2 ranks)
Iter 0014 | Energy: -58.782722 | Delta: 7.42e-01 | M: 13496.1398 | Path: GPU-cuStateVec MPI-distributed (2 ranks)
Iter 0015 | Energy: -59.108855 | Delta: 3.26e-01 | M: 10947.4530 | Path: GPU-cuStateVec MPI-distributed (2 ranks)
[RESILIENCE] Iteration 15: Global theta state checkpointed at path checkpoints/H2O/checkpoint_iter_0015.npy. 
Iter 0016 | Energy: -59.107712 | Delta: 1.14e-03 | M: 10609.6263 | Path: GPU-cuStateVec MPI-distributed (2 ranks)
Iter 0017 | Energy: -59.253636 | Delta: 1.46e-01 | M: 10064.6220 | Path: GPU-cuStateVec MPI-distributed (2 ranks)
Iter 0018 | Energy: -59.657562 | Delta: 4.04e-01 | M: 10994.1100 | Path: GPU-cuStateVec MPI-distributed (2 ranks)
Iter 0019 | Energy: -59.776690 | Delta: 1.19e-01 | M: 16223.8280 | Path: GPU-cuStateVec MPI-distributed (2 ranks)
Iter 0020 | Energy: -60.022895 | Delta: 2.46e-01 | M: 11810.5504 | Path: GPU-cuStateVec MPI-distributed (2 ranks)
[RESILIENCE] Iteration 20: Global theta state checkpointed at path checkpoints/H2O/checkpoint_iter_0020.npy. 
Iter 0021 | Energy: -60.407839 | Delta: 3.85e-01 | M: 11243.9834 | Path: GPU-cuStateVec MPI-distributed (2 ranks)
Iter 0022 | Energy: -60.448116 | Delta: 4.03e-02 | M: 12818.5097 | Path: GPU-cuStateVec MPI-distributed (2 ranks)
Iter 0023 | Energy: -60.668313 | Delta: 2.20e-01 | M: 13099.2341 | Path: GPU-cuStateVec MPI-distributed (2 ranks)
Iter 0024 | Energy: -60.723607 | Delta: 5.53e-02 | M: 10327.4362 | Path: GPU-cuStateVec MPI-distributed (2 ranks)
Iter 0025 | Energy: -61.170939 | Delta: 4.47e-01 | M: 11229.9611 | Path: GPU-cuStateVec MPI-distributed (2 ranks)
[RESILIENCE] Iteration 25: Global theta state checkpointed at path checkpoints/H2O/checkpoint_iter_0025.npy. 
Iter 0026 | Energy: -64.376332 | Delta: 3.21e+00 | M: 10076.1683 | Path: GPU-cuStateVec MPI-distributed (2 ranks)
Iter 0027 | Energy: -64.573487 | Delta: 1.97e-01 | M: 12251.4381 | Path: GPU-cuStateVec MPI-distributed (2 ranks)
Iter 0028 | Energy: -67.131535 | Delta: 2.56e+00 | M: 12301.0224 | Path: GPU-cuStateVec MPI-distributed (2 ranks)
Iter 0029 | Energy: -67.256193 | Delta: 1.25e-01 | M: 8769.5380 | Path: GPU-cuStateVec MPI-distributed (2 ranks)
Iter 0030 | Energy: -68.397780 | Delta: 1.14e+00 | M: 9114.7790 | Path: GPU-cuStateVec MPI-distributed (2 ranks)
[RESILIENCE] Iteration 30: Global theta state checkpointed at path checkpoints/H2O/checkpoint_iter_0030.npy. 
Iter 0031 | Energy: -68.658456 | Delta: 2.61e-01 | M: 13334.8391 | Path: GPU-cuStateVec MPI-distributed (2 ranks)
Iter 0032 | Energy: -72.246680 | Delta: 3.59e+00 | M: 11311.2357 | Path: GPU-cuStateVec MPI-distributed (2 ranks)
Iter 0033 | Energy: -72.284873 | Delta: 3.82e-02 | M: 10610.6309 | Path: GPU-cuStateVec MPI-distributed (2 ranks)
Iter 0034 | Energy: -73.816726 | Delta: 1.53e+00 | M: 11723.6386 | Path: GPU-cuStateVec MPI-distributed (2 ranks)
Iter 0035 | Energy: -73.988863 | Delta: 1.72e-01 | M: 13045.5527 | Path: GPU-cuStateVec MPI-distributed (2 ranks)
[RESILIENCE] Iteration 35: Global theta state checkpointed at path checkpoints/H2O/checkpoint_iter_0035.npy. 
Iter 0036 | Energy: -74.718277 | Delta: 7.29e-01 | M: 11478.4971 | Path: GPU-cuStateVec MPI-distributed (2 ranks)
Iter 0037 | Energy: -74.792123 | Delta: 7.38e-02 | M: 15043.6257 | Path: GPU-cuStateVec MPI-distributed (2 ranks)
NOTE: Energy -75.0827 crossed below FCI -75.0124 at iter 38 — HWE ansatz leaving physical sector (expected limitation)
Iter 0038 | Energy: -75.082724 | Delta: 2.91e-01 | M: 12008.8946 | Path: GPU-cuStateVec MPI-distributed (2 ranks)
Iter 0039 | Energy: -75.073802 | Delta: 8.92e-03 | M: 11982.6656 | Path: GPU-cuStateVec MPI-distributed (2 ranks)
Iter 0040 | Energy: -75.652345 | Delta: 5.79e-01 | M: 13085.0249 | Path: GPU-cuStateVec MPI-distributed (2 ranks)
[RESILIENCE] Iteration 40: Global theta state checkpointed at path checkpoints/H2O/checkpoint_iter_0040.npy. 
Iter 0041 | Energy: -75.708641 | Delta: 5.63e-02 | M: 13184.5319 | Path: GPU-cuStateVec MPI-distributed (2 ranks)
Iter 0042 | Energy: -75.745708 | Delta: 3.71e-02 | M: 10437.0600 | Path: GPU-cuStateVec MPI-distributed (2 ranks)
Iter 0043 | Energy: -75.743097 | Delta: 2.61e-03 | M: 11689.5243 | Path: GPU-cuStateVec MPI-distributed (2 ranks)
Iter 0044 | Energy: -75.930972 | Delta: 1.88e-01 | M: 13437.3824 | Path: GPU-cuStateVec MPI-distributed (2 ranks)
Iter 0045 | Energy: -75.991241 | Delta: 6.03e-02 | M: 9813.4103 | Path: GPU-cuStateVec MPI-distributed (2 ranks)
[RESILIENCE] Iteration 45: Global theta state checkpointed at path checkpoints/H2O/checkpoint_iter_0045.npy. 
Iter 0046 | Energy: -76.121235 | Delta: 1.30e-01 | M: 15801.6468 | Path: GPU-cuStateVec MPI-distributed (2 ranks)
Iter 0047 | Energy: -76.583062 | Delta: 4.62e-01 | M: 12406.7643 | Path: GPU-cuStateVec MPI-distributed (2 ranks)
Iter 0048 | Energy: -77.122689 | Delta: 5.40e-01 | M: 12326.8326 | Path: GPU-cuStateVec MPI-distributed (2 ranks)
Iter 0049 | Energy: -77.424598 | Delta: 3.02e-01 | M: 13063.2619 | Path: GPU-cuStateVec MPI-distributed (2 ranks)
Iter 0050 | Energy: -77.417361 | Delta: 7.24e-03 | M: 11168.0214 | Path: GPU-cuStateVec MPI-distributed (2 ranks)
[RESILIENCE] Iteration 50: Global theta state checkpointed at path checkpoints/H2O/checkpoint_iter_0050.npy. 
Iter 0051 | Energy: -77.486141 | Delta: 6.88e-02 | M: 11550.8593 | Path: GPU-cuStateVec MPI-distributed (2 ranks)
Iter 0052 | Energy: -77.689883 | Delta: 2.04e-01 | M: 13379.3498 | Path: GPU-cuStateVec MPI-distributed (2 ranks)
Iter 0053 | Energy: -77.807999 | Delta: 1.18e-01 | M: 14889.1138 | Path: GPU-cuStateVec MPI-distributed (2 ranks)
Iter 0054 | Energy: -77.824985 | Delta: 1.70e-02 | M: 197.6962 | Path: GPU-cuStateVec MPI-distributed (2 ranks)
Iter 0055 | Energy: -78.010696 | Delta: 1.86e-01 | M: 166.8823 | Path: GPU-cuStateVec MPI-distributed (2 ranks)
[RESILIENCE] Iteration 55: Global theta state checkpointed at path checkpoints/H2O/checkpoint_iter_0055.npy. 
Iter 0056 | Energy: -78.091333 | Delta: 8.06e-02 | M: 179.5895 | Path: GPU-cuStateVec MPI-distributed (2 ranks)
Iter 0057 | Energy: -78.119199 | Delta: 2.79e-02 | M: 12928.7315 | Path: GPU-cuStateVec MPI-distributed (2 ranks)
Iter 0058 | Energy: -78.210017 | Delta: 9.08e-02 | M: 10135.8000 | Path: GPU-cuStateVec MPI-distributed (2 ranks)
Iter 0059 | Energy: -78.334762 | Delta: 1.25e-01 | M: 213.3496 | Path: GPU-cuStateVec MPI-distributed (2 ranks)
Iter 0060 | Energy: -78.409454 | Delta: 7.47e-02 | M: 277.5691 | Path: GPU-cuStateVec MPI-distributed (2 ranks)
[RESILIENCE] Iteration 60: Global theta state checkpointed at path checkpoints/H2O/checkpoint_iter_0060.npy. 
Iter 0061 | Energy: -78.489287 | Delta: 7.98e-02 | M: 8396.7174 | Path: GPU-cuStateVec MPI-distributed (2 ranks)
Iter 0062 | Energy: -78.535080 | Delta: 4.58e-02 | M: 8866.1138 | Path: GPU-cuStateVec MPI-distributed (2 ranks)
Iter 0063 | Energy: -78.601259 | Delta: 6.62e-02 | M: 7007.2223 | Path: GPU-cuStateVec MPI-distributed (2 ranks)
Iter 0064 | Energy: -78.816412 | Delta: 2.15e-01 | M: 11141.3326 | Path: GPU-cuStateVec MPI-distributed (2 ranks)
Iter 0065 | Energy: -78.885010 | Delta: 6.86e-02 | M: 12063.3579 | Path: GPU-cuStateVec MPI-distributed (2 ranks)
[RESILIENCE] Iteration 65: Global theta state checkpointed at path checkpoints/H2O/checkpoint_iter_0065.npy. 
Iter 0066 | Energy: -79.011539 | Delta: 1.27e-01 | M: 10256.0981 | Path: GPU-cuStateVec MPI-distributed (2 ranks)
Iter 0067 | Energy: -79.012091 | Delta: 5.51e-04 | M: 11404.6909 | Path: GPU-cuStateVec MPI-distributed (2 ranks)
Iter 0068 | Energy: -79.039318 | Delta: 2.72e-02 | M: 12958.9566 | Path: GPU-cuStateVec MPI-distributed (2 ranks)
Iter 0069 | Energy: -79.285657 | Delta: 2.46e-01 | M: 10610.8796 | Path: GPU-cuStateVec MPI-distributed (2 ranks)
Iter 0070 | Energy: -79.273292 | Delta: 1.24e-02 | M: 12532.9612 | Path: GPU-cuStateVec MPI-distributed (2 ranks)
[RESILIENCE] Iteration 70: Global theta state checkpointed at path checkpoints/H2O/checkpoint_iter_0070.npy. 
Iter 0071 | Energy: -79.275286 | Delta: 1.99e-03 | M: 13602.8105 | Path: GPU-cuStateVec MPI-distributed (2 ranks)
Iter 0072 | Energy: -79.356840 | Delta: 8.16e-02 | M: 12590.9378 | Path: GPU-cuStateVec MPI-distributed (2 ranks)
Iter 0073 | Energy: -79.365608 | Delta: 8.77e-03 | M: 14365.8376 | Path: GPU-cuStateVec MPI-distributed (2 ranks)
Iter 0074 | Energy: -79.361994 | Delta: 3.61e-03 | M: 12402.4928 | Path: GPU-cuStateVec MPI-distributed (2 ranks)
Iter 0075 | Energy: -79.475059 | Delta: 1.13e-01 | M: 10318.6380 | Path: GPU-cuStateVec MPI-distributed (2 ranks)
[RESILIENCE] Iteration 75: Global theta state checkpointed at path checkpoints/H2O/checkpoint_iter_0075.npy. 
Iter 0076 | Energy: -79.496683 | Delta: 2.16e-02 | M: 452.7200 | Path: GPU-cuStateVec MPI-distributed (2 ranks)
Iter 0077 | Energy: -79.669545 | Delta: 1.73e-01 | M: 12500.2545 | Path: GPU-cuStateVec MPI-distributed (2 ranks)
Iter 0078 | Energy: -79.678745 | Delta: 9.20e-03 | M: 142.2941 | Path: GPU-cuStateVec MPI-distributed (2 ranks)
Iter 0079 | Energy: -79.692223 | Delta: 1.35e-02 | M: 11835.7895 | Path: GPU-cuStateVec MPI-distributed (2 ranks)
Iter 0080 | Energy: -79.684103 | Delta: 8.12e-03 | M: 12815.3826 | Path: GPU-cuStateVec MPI-distributed (2 ranks)
[RESILIENCE] Iteration 80: Global theta state checkpointed at path checkpoints/H2O/checkpoint_iter_0080.npy. 
Iter 0081 | Energy: -79.777753 | Delta: 9.37e-02 | M: 10751.2136 | Path: GPU-cuStateVec MPI-distributed (2 ranks)
Iter 0082 | Energy: -79.801871 | Delta: 2.41e-02 | M: 57.7701 | Path: GPU-cuStateVec MPI-distributed (2 ranks)
Iter 0083 | Energy: -79.857525 | Delta: 5.57e-02 | M: 283.2325 | Path: GPU-cuStateVec MPI-distributed (2 ranks)
Iter 0084 | Energy: -79.865546 | Delta: 8.02e-03 | M: 10791.8961 | Path: GPU-cuStateVec MPI-distributed (2 ranks)
Iter 0085 | Energy: -79.864275 | Delta: 1.27e-03 | M: 93.7248 | Path: GPU-cuStateVec MPI-distributed (2 ranks)
[RESILIENCE] Iteration 85: Global theta state checkpointed at path checkpoints/H2O/checkpoint_iter_0085.npy. 
Iter 0086 | Energy: -79.858531 | Delta: 5.74e-03 | M: 12875.2300 | Path: GPU-cuStateVec MPI-distributed (2 ranks)
Iter 0087 | Energy: -79.885583 | Delta: 2.71e-02 | M: 88.9844 | Path: GPU-cuStateVec MPI-distributed (2 ranks)
Iter 0088 | Energy: -79.915755 | Delta: 3.02e-02 | M: 13159.2004 | Path: GPU-cuStateVec MPI-distributed (2 ranks)
Iter 0089 | Energy: -79.911209 | Delta: 4.55e-03 | M: 48.9536 | Path: GPU-cuStateVec MPI-distributed (2 ranks)
Iter 0090 | Energy: -80.009208 | Delta: 9.80e-02 | M: 472.5575 | Path: GPU-cuStateVec MPI-distributed (2 ranks)
[RESILIENCE] Iteration 90: Global theta state checkpointed at path checkpoints/H2O/checkpoint_iter_0090.npy. 
Iter 0091 | Energy: -80.047342 | Delta: 3.81e-02 | M: 314.5048 | Path: GPU-cuStateVec MPI-distributed (2 ranks)
Iter 0092 | Energy: -80.064039 | Delta: 1.67e-02 | M: 11609.5836 | Path: GPU-cuStateVec MPI-distributed (2 ranks)
Iter 0093 | Energy: -80.078583 | Delta: 1.45e-02 | M: 8537.3259 | Path: GPU-cuStateVec MPI-distributed (2 ranks)
Iter 0094 | Energy: -80.122022 | Delta: 4.34e-02 | M: 10967.5826 | Path: GPU-cuStateVec MPI-distributed (2 ranks)
Iter 0095 | Energy: -80.104013 | Delta: 1.80e-02 | M: 54.7142 | Path: GPU-cuStateVec MPI-distributed (2 ranks)
[RESILIENCE] Iteration 95: Global theta state checkpointed at path checkpoints/H2O/checkpoint_iter_0095.npy. 
Iter 0096 | Energy: -80.102728 | Delta: 1.29e-03 | M: 264.3728 | Path: GPU-cuStateVec MPI-distributed (2 ranks)
Iter 0097 | Energy: -80.120782 | Delta: 1.81e-02 | M: 100.0197 | Path: GPU-cuStateVec MPI-distributed (2 ranks)
Iter 0098 | Energy: -80.137925 | Delta: 1.71e-02 | M: 329.2577 | Path: GPU-cuStateVec MPI-distributed (2 ranks)
Iter 0099 | Energy: -80.160162 | Delta: 2.22e-02 | M: 203.5494 | Path: GPU-cuStateVec MPI-distributed (2 ranks)
Iter 0100 | Energy: -80.183386 | Delta: 2.32e-02 | M: 13436.0364 | Path: GPU-cuStateVec MPI-distributed (2 ranks)
[RESILIENCE] Iteration 100: Global theta state checkpointed at path checkpoints/H2O/checkpoint_iter_0100.npy. 
Iter 0101 | Energy: -80.229441 | Delta: 4.61e-02 | M: 11535.3034 | Path: GPU-cuStateVec MPI-distributed (2 ranks)
Iter 0102 | Energy: -80.271818 | Delta: 4.24e-02 | M: 12374.7651 | Path: GPU-cuStateVec MPI-distributed (2 ranks)
Iter 0103 | Energy: -80.294274 | Delta: 2.25e-02 | M: 13884.9056 | Path: GPU-cuStateVec MPI-distributed (2 ranks)
Iter 0104 | Energy: -80.319048 | Delta: 2.48e-02 | M: 12973.0141 | Path: GPU-cuStateVec MPI-distributed (2 ranks)
Iter 0105 | Energy: -80.357329 | Delta: 3.83e-02 | M: 10069.6301 | Path: GPU-cuStateVec MPI-distributed (2 ranks)
[RESILIENCE] Iteration 105: Global theta state checkpointed at path checkpoints/H2O/checkpoint_iter_0105.npy. 
Iter 0106 | Energy: -80.375310 | Delta: 1.80e-02 | M: 391.3104 | Path: GPU-cuStateVec MPI-distributed (2 ranks)
Iter 0107 | Energy: -80.363953 | Delta: 1.14e-02 | M: 13683.3114 | Path: GPU-cuStateVec MPI-distributed (2 ranks)
Iter 0108 | Energy: -80.409255 | Delta: 4.53e-02 | M: 10821.8906 | Path: GPU-cuStateVec MPI-distributed (2 ranks)
Iter 0109 | Energy: -80.440130 | Delta: 3.09e-02 | M: 9504.2227 | Path: GPU-cuStateVec MPI-distributed (2 ranks)
Iter 0110 | Energy: -80.432970 | Delta: 7.16e-03 | M: 12403.7493 | Path: GPU-cuStateVec MPI-distributed (2 ranks)
[RESILIENCE] Iteration 110: Global theta state checkpointed at path checkpoints/H2O/checkpoint_iter_0110.npy. 
Iter 0111 | Energy: -80.450021 | Delta: 1.71e-02 | M: 8790.2738 | Path: GPU-cuStateVec MPI-distributed (2 ranks)
Iter 0112 | Energy: -80.448529 | Delta: 1.49e-03 | M: 10473.8528 | Path: GPU-cuStateVec MPI-distributed (2 ranks)
Iter 0113 | Energy: -80.456080 | Delta: 7.55e-03 | M: 11828.1241 | Path: GPU-cuStateVec MPI-distributed (2 ranks)
Iter 0114 | Energy: -80.512582 | Delta: 5.65e-02 | M: 218.6199 | Path: GPU-cuStateVec MPI-distributed (2 ranks)
Iter 0115 | Energy: -80.493532 | Delta: 1.91e-02 | M: 12329.2411 | Path: GPU-cuStateVec MPI-distributed (2 ranks)
[RESILIENCE] Iteration 115: Global theta state checkpointed at path checkpoints/H2O/checkpoint_iter_0115.npy. 
Iter 0116 | Energy: -80.497291 | Delta: 3.76e-03 | M: 10109.6214 | Path: GPU-cuStateVec MPI-distributed (2 ranks)
Iter 0117 | Energy: -80.511304 | Delta: 1.40e-02 | M: 11450.7847 | Path: GPU-cuStateVec MPI-distributed (2 ranks)
Iter 0118 | Energy: -80.563333 | Delta: 5.20e-02 | M: 296.1683 | Path: GPU-cuStateVec MPI-distributed (2 ranks)
Iter 0119 | Energy: -80.598274 | Delta: 3.49e-02 | M: 12568.2497 | Path: GPU-cuStateVec MPI-distributed (2 ranks)
Iter 0120 | Energy: -80.643509 | Delta: 4.52e-02 | M: 13466.8846 | Path: GPU-cuStateVec MPI-distributed (2 ranks)
[RESILIENCE] Iteration 120: Global theta state checkpointed at path checkpoints/H2O/checkpoint_iter_0120.npy. 
Iter 0121 | Energy: -80.689600 | Delta: 4.61e-02 | M: 12327.0949 | Path: GPU-cuStateVec MPI-distributed (2 ranks)
Iter 0122 | Energy: -80.699466 | Delta: 9.87e-03 | M: 12918.2352 | Path: GPU-cuStateVec MPI-distributed (2 ranks)
Iter 0123 | Energy: -80.738593 | Delta: 3.91e-02 | M: 14971.5712 | Path: GPU-cuStateVec MPI-distributed (2 ranks)
Iter 0124 | Energy: -80.753004 | Delta: 1.44e-02 | M: 12893.4363 | Path: GPU-cuStateVec MPI-distributed (2 ranks)
Iter 0125 | Energy: -80.755995 | Delta: 2.99e-03 | M: 8552.5907 | Path: GPU-cuStateVec MPI-distributed (2 ranks)
[RESILIENCE] Iteration 125: Global theta state checkpointed at path checkpoints/H2O/checkpoint_iter_0125.npy. 
Iter 0126 | Energy: -80.737520 | Delta: 1.85e-02 | M: 11233.5023 | Path: GPU-cuStateVec MPI-distributed (2 ranks)
Iter 0127 | Energy: -80.743128 | Delta: 5.61e-03 | M: 11919.7221 | Path: GPU-cuStateVec MPI-distributed (2 ranks)
Iter 0128 | Energy: -80.763172 | Delta: 2.00e-02 | M: 13181.0074 | Path: GPU-cuStateVec MPI-distributed (2 ranks)
Iter 0129 | Energy: -80.794106 | Delta: 3.09e-02 | M: 12569.1056 | Path: GPU-cuStateVec MPI-distributed (2 ranks)
Iter 0130 | Energy: -80.777741 | Delta: 1.64e-02 | M: 197.2465 | Path: GPU-cuStateVec MPI-distributed (2 ranks)
[RESILIENCE] Iteration 130: Global theta state checkpointed at path checkpoints/H2O/checkpoint_iter_0130.npy. 
Iter 0131 | Energy: -80.782321 | Delta: 4.58e-03 | M: 12118.7820 | Path: GPU-cuStateVec MPI-distributed (2 ranks)
Iter 0132 | Energy: -80.805593 | Delta: 2.33e-02 | M: 13118.6692 | Path: GPU-cuStateVec MPI-distributed (2 ranks)
Iter 0133 | Energy: -80.822961 | Delta: 1.74e-02 | M: 12058.0439 | Path: GPU-cuStateVec MPI-distributed (2 ranks)
Iter 0134 | Energy: -80.807614 | Delta: 1.53e-02 | M: 246.2770 | Path: GPU-cuStateVec MPI-distributed (2 ranks)
Iter 0135 | Energy: -80.812390 | Delta: 4.78e-03 | M: 12878.5722 | Path: GPU-cuStateVec MPI-distributed (2 ranks)
[RESILIENCE] Iteration 135: Global theta state checkpointed at path checkpoints/H2O/checkpoint_iter_0135.npy. 
Iter 0136 | Energy: -80.809713 | Delta: 2.68e-03 | M: 12898.6910 | Path: GPU-cuStateVec MPI-distributed (2 ranks)
Iter 0137 | Energy: -80.815385 | Delta: 5.67e-03 | M: 13178.5419 | Path: GPU-cuStateVec MPI-distributed (2 ranks)
Iter 0138 | Energy: -80.831187 | Delta: 1.58e-02 | M: 217.8139 | Path: GPU-cuStateVec MPI-distributed (2 ranks)
Iter 0139 | Energy: -80.848581 | Delta: 1.74e-02 | M: 14512.1057 | Path: GPU-cuStateVec MPI-distributed (2 ranks)
Iter 0140 | Energy: -80.843182 | Delta: 5.40e-03 | M: 12785.6772 | Path: GPU-cuStateVec MPI-distributed (2 ranks)
[RESILIENCE] Iteration 140: Global theta state checkpointed at path checkpoints/H2O/checkpoint_iter_0140.npy. 
Iter 0141 | Energy: -80.850076 | Delta: 6.89e-03 | M: 10115.2223 | Path: GPU-cuStateVec MPI-distributed (2 ranks)
Iter 0142 | Energy: -80.854803 | Delta: 4.73e-03 | M: 217.1893 | Path: GPU-cuStateVec MPI-distributed (2 ranks)
Iter 0143 | Energy: -80.840061 | Delta: 1.47e-02 | M: 11812.0859 | Path: GPU-cuStateVec MPI-distributed (2 ranks)
Iter 0144 | Energy: -80.857683 | Delta: 1.76e-02 | M: 12596.4301 | Path: GPU-cuStateVec MPI-distributed (2 ranks)
Iter 0145 | Energy: -80.877200 | Delta: 1.95e-02 | M: 12321.1974 | Path: GPU-cuStateVec MPI-distributed (2 ranks)
[RESILIENCE] Iteration 145: Global theta state checkpointed at path checkpoints/H2O/checkpoint_iter_0145.npy. 
Iter 0146 | Energy: -80.897452 | Delta: 2.03e-02 | M: 13411.0833 | Path: GPU-cuStateVec MPI-distributed (2 ranks)
Iter 0147 | Energy: -80.881467 | Delta: 1.60e-02 | M: 12668.0668 | Path: GPU-cuStateVec MPI-distributed (2 ranks)
Iter 0148 | Energy: -80.877999 | Delta: 3.47e-03 | M: 13497.5859 | Path: GPU-cuStateVec MPI-distributed (2 ranks)
Iter 0149 | Energy: -80.886314 | Delta: 8.31e-03 | M: 12939.4257 | Path: GPU-cuStateVec MPI-distributed (2 ranks)
Iter 0150 | Energy: -80.893246 | Delta: 6.93e-03 | M: 205.2810 | Path: GPU-cuStateVec MPI-distributed (2 ranks)
[RESILIENCE] Iteration 150: Global theta state checkpointed at path checkpoints/H2O/checkpoint_iter_0150.npy. 
Iter 0151 | Energy: -80.889765 | Delta: 3.48e-03 | M: 12507.2650 | Path: GPU-cuStateVec MPI-distributed (2 ranks)
Iter 0152 | Energy: -80.885444 | Delta: 4.32e-03 | M: 11873.1739 | Path: GPU-cuStateVec MPI-distributed (2 ranks)
Iter 0153 | Energy: -80.873523 | Delta: 1.19e-02 | M: 10053.8922 | Path: GPU-cuStateVec MPI-distributed (2 ranks)
Iter 0154 | Energy: -80.908199 | Delta: 3.47e-02 | M: 270.2701 | Path: GPU-cuStateVec MPI-distributed (2 ranks)
Iter 0155 | Energy: -80.927730 | Delta: 1.95e-02 | M: 12478.4171 | Path: GPU-cuStateVec MPI-distributed (2 ranks)
[RESILIENCE] Iteration 155: Global theta state checkpointed at path checkpoints/H2O/checkpoint_iter_0155.npy. 
Iter 0156 | Energy: -80.988069 | Delta: 6.03e-02 | M: 13245.1923 | Path: GPU-cuStateVec MPI-distributed (2 ranks)
Iter 0157 | Energy: -80.976269 | Delta: 1.18e-02 | M: 11481.3916 | Path: GPU-cuStateVec MPI-distributed (2 ranks)
Iter 0158 | Energy: -80.991528 | Delta: 1.53e-02 | M: 156.8242 | Path: GPU-cuStateVec MPI-distributed (2 ranks)
Iter 0159 | Energy: -81.004407 | Delta: 1.29e-02 | M: 8542.9628 | Path: GPU-cuStateVec MPI-distributed (2 ranks)
Iter 0160 | Energy: -81.002063 | Delta: 2.34e-03 | M: 10715.2975 | Path: GPU-cuStateVec MPI-distributed (2 ranks)
[RESILIENCE] Iteration 160: Global theta state checkpointed at path checkpoints/H2O/checkpoint_iter_0160.npy. 
Iter 0161 | Energy: -81.004366 | Delta: 2.30e-03 | M: 13542.8025 | Path: GPU-cuStateVec MPI-distributed (2 ranks)
Iter 0162 | Energy: -81.021457 | Delta: 1.71e-02 | M: 212.0609 | Path: GPU-cuStateVec MPI-distributed (2 ranks)
Iter 0163 | Energy: -81.042859 | Delta: 2.14e-02 | M: 12608.5430 | Path: GPU-cuStateVec MPI-distributed (2 ranks)
Iter 0164 | Energy: -81.027113 | Delta: 1.57e-02 | M: 10510.8069 | Path: GPU-cuStateVec MPI-distributed (2 ranks)
Iter 0165 | Energy: -81.034085 | Delta: 6.97e-03 | M: 11381.4130 | Path: GPU-cuStateVec MPI-distributed (2 ranks)
[RESILIENCE] Iteration 165: Global theta state checkpointed at path checkpoints/H2O/checkpoint_iter_0165.npy. 
Iter 0166 | Energy: -81.045355 | Delta: 1.13e-02 | M: 728.6366 | Path: GPU-cuStateVec MPI-distributed (2 ranks)
Iter 0167 | Energy: -81.088641 | Delta: 4.33e-02 | M: 11085.2777 | Path: GPU-cuStateVec MPI-distributed (2 ranks)
Iter 0168 | Energy: -81.085161 | Delta: 3.48e-03 | M: 11763.9398 | Path: GPU-cuStateVec MPI-distributed (2 ranks)
Iter 0169 | Energy: -81.058858 | Delta: 2.63e-02 | M: 13880.5140 | Path: GPU-cuStateVec MPI-distributed (2 ranks)
Iter 0170 | Energy: -81.088997 | Delta: 3.01e-02 | M: 15687.8406 | Path: GPU-cuStateVec MPI-distributed (2 ranks)
[RESILIENCE] Iteration 170: Global theta state checkpointed at path checkpoints/H2O/checkpoint_iter_0170.npy. 
Iter 0171 | Energy: -81.080668 | Delta: 8.33e-03 | M: 219.2484 | Path: GPU-cuStateVec MPI-distributed (2 ranks)
Iter 0172 | Energy: -81.094563 | Delta: 1.39e-02 | M: 12724.3246 | Path: GPU-cuStateVec MPI-distributed (2 ranks)
Iter 0173 | Energy: -81.082457 | Delta: 1.21e-02 | M: 12772.6708 | Path: GPU-cuStateVec MPI-distributed (2 ranks)
Iter 0174 | Energy: -81.083848 | Delta: 1.39e-03 | M: 9512.1756 | Path: GPU-cuStateVec MPI-distributed (2 ranks)
Iter 0175 | Energy: -81.080585 | Delta: 3.26e-03 | M: 12327.6909 | Path: GPU-cuStateVec MPI-distributed (2 ranks)
[RESILIENCE] Iteration 175: Global theta state checkpointed at path checkpoints/H2O/checkpoint_iter_0175.npy. 
Iter 0176 | Energy: -81.082875 | Delta: 2.29e-03 | M: 11437.0101 | Path: GPU-cuStateVec MPI-distributed (2 ranks)
Iter 0177 | Energy: -81.129663 | Delta: 4.68e-02 | M: 12642.4750 | Path: GPU-cuStateVec MPI-distributed (2 ranks)
Iter 0178 | Energy: -81.080355 | Delta: 4.93e-02 | M: 13142.6692 | Path: GPU-cuStateVec MPI-distributed (2 ranks)
Iter 0179 | Energy: -81.076434 | Delta: 3.92e-03 | M: 206.8833 | Path: GPU-cuStateVec MPI-distributed (2 ranks)
Iter 0180 | Energy: -81.091522 | Delta: 1.51e-02 | M: 13557.5418 | Path: GPU-cuStateVec MPI-distributed (2 ranks)
[RESILIENCE] Iteration 180: Global theta state checkpointed at path checkpoints/H2O/checkpoint_iter_0180.npy. 
Iter 0181 | Energy: -81.139127 | Delta: 4.76e-02 | M: 13322.7655 | Path: GPU-cuStateVec MPI-distributed (2 ranks)
Iter 0182 | Energy: -81.166630 | Delta: 2.75e-02 | M: 12938.3946 | Path: GPU-cuStateVec MPI-distributed (2 ranks)
Iter 0183 | Energy: -81.197747 | Delta: 3.11e-02 | M: 13085.7838 | Path: GPU-cuStateVec MPI-distributed (2 ranks)
Iter 0184 | Energy: -81.165560 | Delta: 3.22e-02 | M: 13354.5052 | Path: GPU-cuStateVec MPI-distributed (2 ranks)
Iter 0185 | Energy: -81.164848 | Delta: 7.12e-04 | M: 11937.8040 | Path: GPU-cuStateVec MPI-distributed (2 ranks)
[RESILIENCE] Iteration 185: Global theta state checkpointed at path checkpoints/H2O/checkpoint_iter_0185.npy. 
Iter 0186 | Energy: -81.175867 | Delta: 1.10e-02 | M: 10835.8954 | Path: GPU-cuStateVec MPI-distributed (2 ranks)
Iter 0187 | Energy: -81.205258 | Delta: 2.94e-02 | M: 12964.9711 | Path: GPU-cuStateVec MPI-distributed (2 ranks)
Iter 0188 | Energy: -81.206541 | Delta: 1.28e-03 | M: 12586.9297 | Path: GPU-cuStateVec MPI-distributed (2 ranks)
Iter 0189 | Energy: -81.214902 | Delta: 8.36e-03 | M: 11243.4649 | Path: GPU-cuStateVec MPI-distributed (2 ranks)
Iter 0190 | Energy: -81.222216 | Delta: 7.31e-03 | M: 10355.3169 | Path: GPU-cuStateVec MPI-distributed (2 ranks)
[RESILIENCE] Iteration 190: Global theta state checkpointed at path checkpoints/H2O/checkpoint_iter_0190.npy. 
Iter 0191 | Energy: -81.230905 | Delta: 8.69e-03 | M: 13508.1377 | Path: GPU-cuStateVec MPI-distributed (2 ranks)
Iter 0192 | Energy: -81.224451 | Delta: 6.45e-03 | M: 13724.1629 | Path: GPU-cuStateVec MPI-distributed (2 ranks)
Iter 0193 | Energy: -81.247403 | Delta: 2.30e-02 | M: 8503.1392 | Path: GPU-cuStateVec MPI-distributed (2 ranks)
Iter 0194 | Energy: -81.260941 | Delta: 1.35e-02 | M: 12396.4676 | Path: GPU-cuStateVec MPI-distributed (2 ranks)
Iter 0195 | Energy: -81.244987 | Delta: 1.60e-02 | M: 12032.4614 | Path: GPU-cuStateVec MPI-distributed (2 ranks)
[RESILIENCE] Iteration 195: Global theta state checkpointed at path checkpoints/H2O/checkpoint_iter_0195.npy. 
Iter 0196 | Energy: -81.265512 | Delta: 2.05e-02 | M: 12756.2585 | Path: GPU-cuStateVec MPI-distributed (2 ranks)
Iter 0197 | Energy: -81.280975 | Delta: 1.55e-02 | M: 11726.9592 | Path: GPU-cuStateVec MPI-distributed (2 ranks)
Iter 0198 | Energy: -81.249793 | Delta: 3.12e-02 | M: 12471.4606 | Path: GPU-cuStateVec MPI-distributed (2 ranks)
Iter 0199 | Energy: -81.261414 | Delta: 1.16e-02 | M: 13114.8668 | Path: GPU-cuStateVec MPI-distributed (2 ranks)
Iter 0200 | Energy: -81.339699 | Delta: 7.83e-02 | M: 12419.9328 | Path: GPU-cuStateVec MPI-distributed (2 ranks)
[RESILIENCE] Iteration 200: Global theta state checkpointed at path checkpoints/H2O/checkpoint_iter_0200.npy. 
Iter 0201 | Energy: -81.352753 | Delta: 1.31e-02 | M: 11308.2425 | Path: GPU-cuStateVec MPI-distributed (2 ranks)
Iter 0202 | Energy: -81.381257 | Delta: 2.85e-02 | M: 10884.7121 | Path: GPU-cuStateVec MPI-distributed (2 ranks)
Iter 0203 | Energy: -81.363937 | Delta: 1.73e-02 | M: 11597.9437 | Path: GPU-cuStateVec MPI-distributed (2 ranks)
Iter 0204 | Energy: -81.381442 | Delta: 1.75e-02 | M: 16127.5774 | Path: GPU-cuStateVec MPI-distributed (2 ranks)
Iter 0205 | Energy: -81.378656 | Delta: 2.79e-03 | M: 14654.3985 | Path: GPU-cuStateVec MPI-distributed (2 ranks)
[RESILIENCE] Iteration 205: Global theta state checkpointed at path checkpoints/H2O/checkpoint_iter_0205.npy. 
Iter 0206 | Energy: -81.419491 | Delta: 4.08e-02 | M: 13108.6684 | Path: GPU-cuStateVec MPI-distributed (2 ranks)
Iter 0207 | Energy: -81.402854 | Delta: 1.66e-02 | M: 10979.5186 | Path: GPU-cuStateVec MPI-distributed (2 ranks)
Iter 0208 | Energy: -81.395738 | Delta: 7.12e-03 | M: 259.3071 | Path: GPU-cuStateVec MPI-distributed (2 ranks)
Iter 0209 | Energy: -81.471360 | Delta: 7.56e-02 | M: 11757.8640 | Path: GPU-cuStateVec MPI-distributed (2 ranks)
Iter 0210 | Energy: -81.425577 | Delta: 4.58e-02 | M: 13432.5747 | Path: GPU-cuStateVec MPI-distributed (2 ranks)
[RESILIENCE] Iteration 210: Global theta state checkpointed at path checkpoints/H2O/checkpoint_iter_0210.npy. 
Iter 0211 | Energy: -81.469958 | Delta: 4.44e-02 | M: 10537.5179 | Path: GPU-cuStateVec MPI-distributed (2 ranks)
Iter 0212 | Energy: -81.492111 | Delta: 2.22e-02 | M: 12734.9087 | Path: GPU-cuStateVec MPI-distributed (2 ranks)
Iter 0213 | Energy: -81.495311 | Delta: 3.20e-03 | M: 12289.0231 | Path: GPU-cuStateVec MPI-distributed (2 ranks)
Iter 0214 | Energy: -81.481538 | Delta: 1.38e-02 | M: 10901.5636 | Path: GPU-cuStateVec MPI-distributed (2 ranks)
Iter 0215 | Energy: -81.500634 | Delta: 1.91e-02 | M: 12039.2738 | Path: GPU-cuStateVec MPI-distributed (2 ranks)
[RESILIENCE] Iteration 215: Global theta state checkpointed at path checkpoints/H2O/checkpoint_iter_0215.npy. 
Iter 0216 | Energy: -81.499632 | Delta: 1.00e-03 | M: 11375.1104 | Path: GPU-cuStateVec MPI-distributed (2 ranks)
Iter 0217 | Energy: -81.527269 | Delta: 2.76e-02 | M: 9986.2282 | Path: GPU-cuStateVec MPI-distributed (2 ranks)
Iter 0218 | Energy: -81.499978 | Delta: 2.73e-02 | M: 8782.6988 | Path: GPU-cuStateVec MPI-distributed (2 ranks)
Iter 0219 | Energy: -81.530504 | Delta: 3.05e-02 | M: 11019.8899 | Path: GPU-cuStateVec MPI-distributed (2 ranks)
Iter 0220 | Energy: -81.508814 | Delta: 2.17e-02 | M: 15257.3512 | Path: GPU-cuStateVec MPI-distributed (2 ranks)
[RESILIENCE] Iteration 220: Global theta state checkpointed at path checkpoints/H2O/checkpoint_iter_0220.npy. 
Iter 0221 | Energy: -81.517097 | Delta: 8.28e-03 | M: 10485.2985 | Path: GPU-cuStateVec MPI-distributed (2 ranks)
Iter 0222 | Energy: -81.494043 | Delta: 2.31e-02 | M: 9554.3527 | Path: GPU-cuStateVec MPI-distributed (2 ranks)
Iter 0223 | Energy: -81.522564 | Delta: 2.85e-02 | M: 10196.0168 | Path: GPU-cuStateVec MPI-distributed (2 ranks)
Iter 0224 | Energy: -81.539991 | Delta: 1.74e-02 | M: 13853.6321 | Path: GPU-cuStateVec MPI-distributed (2 ranks)
Iter 0225 | Energy: -81.529568 | Delta: 1.04e-02 | M: 12125.9098 | Path: GPU-cuStateVec MPI-distributed (2 ranks)
[RESILIENCE] Iteration 225: Global theta state checkpointed at path checkpoints/H2O/checkpoint_iter_0225.npy. 
Iter 0226 | Energy: -81.519777 | Delta: 9.79e-03 | M: 11848.1097 | Path: GPU-cuStateVec MPI-distributed (2 ranks)
Iter 0227 | Energy: -81.567383 | Delta: 4.76e-02 | M: 10245.2584 | Path: GPU-cuStateVec MPI-distributed (2 ranks)
Iter 0228 | Energy: -81.545138 | Delta: 2.22e-02 | M: 13247.4550 | Path: GPU-cuStateVec MPI-distributed (2 ranks)
Iter 0229 | Energy: -81.563608 | Delta: 1.85e-02 | M: 12005.4953 | Path: GPU-cuStateVec MPI-distributed (2 ranks)
Iter 0230 | Energy: -81.576557 | Delta: 1.29e-02 | M: 11131.8855 | Path: GPU-cuStateVec MPI-distributed (2 ranks)
[RESILIENCE] Iteration 230: Global theta state checkpointed at path checkpoints/H2O/checkpoint_iter_0230.npy. 
Iter 0231 | Energy: -81.570303 | Delta: 6.25e-03 | M: 13433.8417 | Path: GPU-cuStateVec MPI-distributed (2 ranks)
Iter 0232 | Energy: -81.552353 | Delta: 1.80e-02 | M: 11082.2779 | Path: GPU-cuStateVec MPI-distributed (2 ranks)
Iter 0233 | Energy: -81.552680 | Delta: 3.27e-04 | M: 11937.3310 | Path: GPU-cuStateVec MPI-distributed (2 ranks)
Iter 0234 | Energy: -81.553752 | Delta: 1.07e-03 | M: 11633.0066 | Path: GPU-cuStateVec MPI-distributed (2 ranks)
Iter 0235 | Energy: -81.604538 | Delta: 5.08e-02 | M: 10078.7728 | Path: GPU-cuStateVec MPI-distributed (2 ranks)
[RESILIENCE] Iteration 235: Global theta state checkpointed at path checkpoints/H2O/checkpoint_iter_0235.npy. 
Iter 0236 | Energy: -81.596457 | Delta: 8.08e-03 | M: 12279.0346 | Path: GPU-cuStateVec MPI-distributed (2 ranks)
Iter 0237 | Energy: -81.597760 | Delta: 1.30e-03 | M: 13221.0377 | Path: GPU-cuStateVec MPI-distributed (2 ranks)
Iter 0238 | Energy: -81.595491 | Delta: 2.27e-03 | M: 12717.1253 | Path: GPU-cuStateVec MPI-distributed (2 ranks)
Iter 0239 | Energy: -81.583568 | Delta: 1.19e-02 | M: 11546.5193 | Path: GPU-cuStateVec MPI-distributed (2 ranks)
Iter 0240 | Energy: -81.539408 | Delta: 4.42e-02 | M: 11394.4733 | Path: GPU-cuStateVec MPI-distributed (2 ranks)
[RESILIENCE] Iteration 240: Global theta state checkpointed at path checkpoints/H2O/checkpoint_iter_0240.npy. 
Iter 0241 | Energy: -81.614240 | Delta: 7.48e-02 | M: 11603.2567 | Path: GPU-cuStateVec MPI-distributed (2 ranks)
Iter 0242 | Energy: -81.626914 | Delta: 1.27e-02 | M: 12600.9018 | Path: GPU-cuStateVec MPI-distributed (2 ranks)
Iter 0243 | Energy: -81.627118 | Delta: 2.04e-04 | M: 10914.6162 | Path: GPU-cuStateVec MPI-distributed (2 ranks)
Iter 0244 | Energy: -81.634327 | Delta: 7.21e-03 | M: 10827.5028 | Path: GPU-cuStateVec MPI-distributed (2 ranks)
Iter 0245 | Energy: -81.607690 | Delta: 2.66e-02 | M: 13898.2748 | Path: GPU-cuStateVec MPI-distributed (2 ranks)
[RESILIENCE] Iteration 245: Global theta state checkpointed at path checkpoints/H2O/checkpoint_iter_0245.npy. 
Iter 0246 | Energy: -81.604656 | Delta: 3.03e-03 | M: 14943.3251 | Path: GPU-cuStateVec MPI-distributed (2 ranks)
Iter 0247 | Energy: -81.626329 | Delta: 2.17e-02 | M: 15465.6759 | Path: GPU-cuStateVec MPI-distributed (2 ranks)
Iter 0248 | Energy: -81.603155 | Delta: 2.32e-02 | M: 12626.7991 | Path: GPU-cuStateVec MPI-distributed (2 ranks)
Iter 0249 | Energy: -81.611535 | Delta: 8.38e-03 | M: 12823.8386 | Path: GPU-cuStateVec MPI-distributed (2 ranks)
Iter 0250 | Energy: -81.589812 | Delta: 2.17e-02 | M: 9441.7528 | Path: GPU-cuStateVec MPI-distributed (2 ranks)
[RESILIENCE] Iteration 250: Global theta state checkpointed at path checkpoints/H2O/checkpoint_iter_0250.npy. 
Iter 0251 | Energy: -81.601412 | Delta: 1.16e-02 | M: 11423.5959 | Path: GPU-cuStateVec MPI-distributed (2 ranks)
Iter 0252 | Energy: -81.641519 | Delta: 4.01e-02 | M: 13170.9771 | Path: GPU-cuStateVec MPI-distributed (2 ranks)
Iter 0253 | Energy: -81.644521 | Delta: 3.00e-03 | M: 12448.5394 | Path: GPU-cuStateVec MPI-distributed (2 ranks)
Iter 0254 | Energy: -81.647648 | Delta: 3.13e-03 | M: 9394.0834 | Path: GPU-cuStateVec MPI-distributed (2 ranks)
Iter 0255 | Energy: -81.669551 | Delta: 2.19e-02 | M: 9604.9972 | Path: GPU-cuStateVec MPI-distributed (2 ranks)
[RESILIENCE] Iteration 255: Global theta state checkpointed at path checkpoints/H2O/checkpoint_iter_0255.npy. 
Iter 0256 | Energy: -81.642656 | Delta: 2.69e-02 | M: 12934.6914 | Path: GPU-cuStateVec MPI-distributed (2 ranks)
Iter 0257 | Energy: -81.661540 | Delta: 1.89e-02 | M: 147.5659 | Path: GPU-cuStateVec MPI-distributed (2 ranks)
Iter 0258 | Energy: -81.635558 | Delta: 2.60e-02 | M: 11837.1216 | Path: GPU-cuStateVec MPI-distributed (2 ranks)
Iter 0259 | Energy: -81.646889 | Delta: 1.13e-02 | M: 8089.2006 | Path: GPU-cuStateVec MPI-distributed (2 ranks)
Iter 0260 | Energy: -81.667783 | Delta: 2.09e-02 | M: 13789.8940 | Path: GPU-cuStateVec MPI-distributed (2 ranks)
[RESILIENCE] Iteration 260: Global theta state checkpointed at path checkpoints/H2O/checkpoint_iter_0260.npy. 
Iter 0261 | Energy: -81.653751 | Delta: 1.40e-02 | M: 14551.3617 | Path: GPU-cuStateVec MPI-distributed (2 ranks)
Iter 0262 | Energy: -81.643532 | Delta: 1.02e-02 | M: 15810.4506 | Path: GPU-cuStateVec MPI-distributed (2 ranks)
Iter 0263 | Energy: -81.652660 | Delta: 9.13e-03 | M: 11799.4713 | Path: GPU-cuStateVec MPI-distributed (2 ranks)
Iter 0264 | Energy: -81.668535 | Delta: 1.59e-02 | M: 13045.1332 | Path: GPU-cuStateVec MPI-distributed (2 ranks)
Iter 0265 | Energy: -81.660970 | Delta: 7.57e-03 | M: 12798.4474 | Path: GPU-cuStateVec MPI-distributed (2 ranks)
[RESILIENCE] Iteration 265: Global theta state checkpointed at path checkpoints/H2O/checkpoint_iter_0265.npy. 
Iter 0266 | Energy: -81.658931 | Delta: 2.04e-03 | M: 12625.6397 | Path: GPU-cuStateVec MPI-distributed (2 ranks)
Iter 0267 | Energy: -81.678777 | Delta: 1.98e-02 | M: 11650.5600 | Path: GPU-cuStateVec MPI-distributed (2 ranks)
Iter 0268 | Energy: -81.662393 | Delta: 1.64e-02 | M: 13610.9382 | Path: GPU-cuStateVec MPI-distributed (2 ranks)
Iter 0269 | Energy: -81.668549 | Delta: 6.16e-03 | M: 12353.0916 | Path: GPU-cuStateVec MPI-distributed (2 ranks)
Iter 0270 | Energy: -81.680847 | Delta: 1.23e-02 | M: 13327.1438 | Path: GPU-cuStateVec MPI-distributed (2 ranks)
[RESILIENCE] Iteration 270: Global theta state checkpointed at path checkpoints/H2O/checkpoint_iter_0270.npy. 
Iter 0271 | Energy: -81.679264 | Delta: 1.58e-03 | M: 10543.4261 | Path: GPU-cuStateVec MPI-distributed (2 ranks)
Iter 0272 | Energy: -81.738167 | Delta: 5.89e-02 | M: 12150.9417 | Path: GPU-cuStateVec MPI-distributed (2 ranks)
Iter 0273 | Energy: -81.737073 | Delta: 1.09e-03 | M: 11904.6305 | Path: GPU-cuStateVec MPI-distributed (2 ranks)
Iter 0274 | Energy: -81.736450 | Delta: 6.22e-04 | M: 5.7779 | Path: GPU-cuStateVec MPI-distributed (2 ranks)
Iter 0275 | Energy: -81.724928 | Delta: 1.15e-02 | M: 12178.4674 | Path: GPU-cuStateVec MPI-distributed (2 ranks)
[RESILIENCE] Iteration 275: Global theta state checkpointed at path checkpoints/H2O/checkpoint_iter_0275.npy. 
Iter 0276 | Energy: -81.726763 | Delta: 1.83e-03 | M: 13129.1159 | Path: GPU-cuStateVec MPI-distributed (2 ranks)
Iter 0277 | Energy: -81.715895 | Delta: 1.09e-02 | M: 13391.3104 | Path: GPU-cuStateVec MPI-distributed (2 ranks)
Iter 0278 | Energy: -81.707092 | Delta: 8.80e-03 | M: 8195.0849 | Path: GPU-cuStateVec MPI-distributed (2 ranks)
Iter 0279 | Energy: -81.717853 | Delta: 1.08e-02 | M: 12939.9060 | Path: GPU-cuStateVec MPI-distributed (2 ranks)
Iter 0280 | Energy: -81.755703 | Delta: 3.79e-02 | M: 12454.2030 | Path: GPU-cuStateVec MPI-distributed (2 ranks)
[RESILIENCE] Iteration 280: Global theta state checkpointed at path checkpoints/H2O/checkpoint_iter_0280.npy. 
Iter 0281 | Energy: -81.728785 | Delta: 2.69e-02 | M: 12246.3734 | Path: GPU-cuStateVec MPI-distributed (2 ranks)
Iter 0282 | Energy: -81.734799 | Delta: 6.01e-03 | M: 11740.8092 | Path: GPU-cuStateVec MPI-distributed (2 ranks)
Iter 0283 | Energy: -81.749227 | Delta: 1.44e-02 | M: 12943.0358 | Path: GPU-cuStateVec MPI-distributed (2 ranks)
Iter 0284 | Energy: -81.772780 | Delta: 2.36e-02 | M: 12025.2136 | Path: GPU-cuStateVec MPI-distributed (2 ranks)
Iter 0285 | Energy: -81.770935 | Delta: 1.84e-03 | M: 10807.5165 | Path: GPU-cuStateVec MPI-distributed (2 ranks)
[RESILIENCE] Iteration 285: Global theta state checkpointed at path checkpoints/H2O/checkpoint_iter_0285.npy. 
Iter 0286 | Energy: -81.775716 | Delta: 4.78e-03 | M: 11042.7124 | Path: GPU-cuStateVec MPI-distributed (2 ranks)
Iter 0287 | Energy: -81.756000 | Delta: 1.97e-02 | M: 7632.7120 | Path: GPU-cuStateVec MPI-distributed (2 ranks)
Iter 0288 | Energy: -81.768804 | Delta: 1.28e-02 | M: 15084.6387 | Path: GPU-cuStateVec MPI-distributed (2 ranks)
Iter 0289 | Energy: -81.769289 | Delta: 4.85e-04 | M: 12624.3732 | Path: GPU-cuStateVec MPI-distributed (2 ranks)
Iter 0290 | Energy: -81.749158 | Delta: 2.01e-02 | M: 12328.2174 | Path: GPU-cuStateVec MPI-distributed (2 ranks)
[RESILIENCE] Iteration 290: Global theta state checkpointed at path checkpoints/H2O/checkpoint_iter_0290.npy. 
Iter 0291 | Energy: -81.779142 | Delta: 3.00e-02 | M: 12363.7600 | Path: GPU-cuStateVec MPI-distributed (2 ranks)
Iter 0292 | Energy: -81.805892 | Delta: 2.67e-02 | M: 12760.9485 | Path: GPU-cuStateVec MPI-distributed (2 ranks)
Iter 0293 | Energy: -81.761939 | Delta: 4.40e-02 | M: 12964.3341 | Path: GPU-cuStateVec MPI-distributed (2 ranks)
Iter 0294 | Energy: -81.748242 | Delta: 1.37e-02 | M: 13919.5554 | Path: GPU-cuStateVec MPI-distributed (2 ranks)
Iter 0295 | Energy: -81.815484 | Delta: 6.72e-02 | M: 12426.4830 | Path: GPU-cuStateVec MPI-distributed (2 ranks)
[RESILIENCE] Iteration 295: Global theta state checkpointed at path checkpoints/H2O/checkpoint_iter_0295.npy. 
Iter 0296 | Energy: -81.788284 | Delta: 2.72e-02 | M: 12094.5563 | Path: GPU-cuStateVec MPI-distributed (2 ranks)
Iter 0297 | Energy: -81.825597 | Delta: 3.73e-02 | M: 11826.5802 | Path: GPU-cuStateVec MPI-distributed (2 ranks)
Iter 0298 | Energy: -81.780525 | Delta: 4.51e-02 | M: 11301.2550 | Path: GPU-cuStateVec MPI-distributed (2 ranks)
Iter 0299 | Energy: -81.818514 | Delta: 3.80e-02 | M: 12018.6062 | Path: GPU-cuStateVec MPI-distributed (2 ranks)
Iter 0300 | Energy: -81.802495 | Delta: 1.60e-02 | M: 13083.2550 | Path: GPU-cuStateVec MPI-distributed (2 ranks)
[RESILIENCE] Iteration 300: Global theta state checkpointed at path checkpoints/H2O/checkpoint_iter_0300.npy. 
Iter 0301 | Energy: -81.788004 | Delta: 1.45e-02 | M: 12689.1276 | Path: GPU-cuStateVec MPI-distributed (2 ranks)
Iter 0302 | Energy: -81.831418 | Delta: 4.34e-02 | M: 14483.1483 | Path: GPU-cuStateVec MPI-distributed (2 ranks)
Iter 0303 | Energy: -81.796097 | Delta: 3.53e-02 | M: 9281.8878 | Path: GPU-cuStateVec MPI-distributed (2 ranks)
Iter 0304 | Energy: -81.831095 | Delta: 3.50e-02 | M: 11424.9867 | Path: GPU-cuStateVec MPI-distributed (2 ranks)
Iter 0305 | Energy: -81.824221 | Delta: 6.87e-03 | M: 10359.1405 | Path: GPU-cuStateVec MPI-distributed (2 ranks)
[RESILIENCE] Iteration 305: Global theta state checkpointed at path checkpoints/H2O/checkpoint_iter_0305.npy. 
Iter 0306 | Energy: -81.825950 | Delta: 1.73e-03 | M: 148.8213 | Path: GPU-cuStateVec MPI-distributed (2 ranks)
Iter 0307 | Energy: -81.823107 | Delta: 2.84e-03 | M: 12898.8904 | Path: GPU-cuStateVec MPI-distributed (2 ranks)
Iter 0308 | Energy: -81.865125 | Delta: 4.20e-02 | M: 11775.2038 | Path: GPU-cuStateVec MPI-distributed (2 ranks)
Iter 0309 | Energy: -81.853187 | Delta: 1.19e-02 | M: 12368.5147 | Path: GPU-cuStateVec MPI-distributed (2 ranks)
Iter 0310 | Energy: -81.820604 | Delta: 3.26e-02 | M: 13758.7345 | Path: GPU-cuStateVec MPI-distributed (2 ranks)
[RESILIENCE] Iteration 310: Global theta state checkpointed at path checkpoints/H2O/checkpoint_iter_0310.npy. 
Iter 0311 | Energy: -81.813092 | Delta: 7.51e-03 | M: 15095.0819 | Path: GPU-cuStateVec MPI-distributed (2 ranks)
Iter 0312 | Energy: -81.859672 | Delta: 4.66e-02 | M: 10106.6266 | Path: GPU-cuStateVec MPI-distributed (2 ranks)
Iter 0313 | Energy: -81.866910 | Delta: 7.24e-03 | M: 12559.3566 | Path: GPU-cuStateVec MPI-distributed (2 ranks)
Iter 0314 | Energy: -81.813948 | Delta: 5.30e-02 | M: 13939.0339 | Path: GPU-cuStateVec MPI-distributed (2 ranks)
Iter 0315 | Energy: -81.871259 | Delta: 5.73e-02 | M: 9106.9421 | Path: GPU-cuStateVec MPI-distributed (2 ranks)
[RESILIENCE] Iteration 315: Global theta state checkpointed at path checkpoints/H2O/checkpoint_iter_0315.npy. 
Iter 0316 | Energy: -81.848193 | Delta: 2.31e-02 | M: 14552.2429 | Path: GPU-cuStateVec MPI-distributed (2 ranks)
Iter 0317 | Energy: -81.851252 | Delta: 3.06e-03 | M: 12394.7976 | Path: GPU-cuStateVec MPI-distributed (2 ranks)
Iter 0318 | Energy: -81.874142 | Delta: 2.29e-02 | M: 12492.3644 | Path: GPU-cuStateVec MPI-distributed (2 ranks)
Iter 0319 | Energy: -81.843491 | Delta: 3.07e-02 | M: 9727.1150 | Path: GPU-cuStateVec MPI-distributed (2 ranks)
Iter 0320 | Energy: -81.896523 | Delta: 5.30e-02 | M: 11419.1795 | Path: GPU-cuStateVec MPI-distributed (2 ranks)
[RESILIENCE] Iteration 320: Global theta state checkpointed at path checkpoints/H2O/checkpoint_iter_0320.npy. 
Iter 0321 | Energy: -81.887431 | Delta: 9.09e-03 | M: 12871.0001 | Path: GPU-cuStateVec MPI-distributed (2 ranks)
Iter 0322 | Energy: -81.870916 | Delta: 1.65e-02 | M: 12575.9298 | Path: GPU-cuStateVec MPI-distributed (2 ranks)
Iter 0323 | Energy: -81.887959 | Delta: 1.70e-02 | M: 11675.3310 | Path: GPU-cuStateVec MPI-distributed (2 ranks)
Iter 0324 | Energy: -81.884996 | Delta: 2.96e-03 | M: 11446.7523 | Path: GPU-cuStateVec MPI-distributed (2 ranks)
Iter 0325 | Energy: -81.888693 | Delta: 3.70e-03 | M: 12518.6193 | Path: GPU-cuStateVec MPI-distributed (2 ranks)
[RESILIENCE] Iteration 325: Global theta state checkpointed at path checkpoints/H2O/checkpoint_iter_0325.npy. 
Iter 0326 | Energy: -81.896278 | Delta: 7.58e-03 | M: 12595.1836 | Path: GPU-cuStateVec MPI-distributed (2 ranks)
Iter 0327 | Energy: -81.889947 | Delta: 6.33e-03 | M: 11724.4715 | Path: GPU-cuStateVec MPI-distributed (2 ranks)
Iter 0328 | Energy: -81.894939 | Delta: 4.99e-03 | M: 12262.9860 | Path: GPU-cuStateVec MPI-distributed (2 ranks)
Iter 0329 | Energy: -81.913478 | Delta: 1.85e-02 | M: 11854.2367 | Path: GPU-cuStateVec MPI-distributed (2 ranks)
Iter 0330 | Energy: -81.888263 | Delta: 2.52e-02 | M: 12316.9399 | Path: GPU-cuStateVec MPI-distributed (2 ranks)
[RESILIENCE] Iteration 330: Global theta state checkpointed at path checkpoints/H2O/checkpoint_iter_0330.npy. 
Iter 0331 | Energy: -81.908885 | Delta: 2.06e-02 | M: 11151.2554 | Path: GPU-cuStateVec MPI-distributed (2 ranks)
Iter 0332 | Energy: -81.895506 | Delta: 1.34e-02 | M: 16133.7822 | Path: GPU-cuStateVec MPI-distributed (2 ranks)
Iter 0333 | Energy: -81.893470 | Delta: 2.04e-03 | M: 12095.5943 | Path: GPU-cuStateVec MPI-distributed (2 ranks)
Iter 0334 | Energy: -81.921146 | Delta: 2.77e-02 | M: 12652.1986 | Path: GPU-cuStateVec MPI-distributed (2 ranks)
Iter 0335 | Energy: -81.918628 | Delta: 2.52e-03 | M: 9348.0200 | Path: GPU-cuStateVec MPI-distributed (2 ranks)
[RESILIENCE] Iteration 335: Global theta state checkpointed at path checkpoints/H2O/checkpoint_iter_0335.npy. 
Iter 0336 | Energy: -81.901228 | Delta: 1.74e-02 | M: 9330.4114 | Path: GPU-cuStateVec MPI-distributed (2 ranks)
Iter 0337 | Energy: -81.922197 | Delta: 2.10e-02 | M: 12196.0189 | Path: GPU-cuStateVec MPI-distributed (2 ranks)
Iter 0338 | Energy: -81.925262 | Delta: 3.06e-03 | M: 16424.5445 | Path: GPU-cuStateVec MPI-distributed (2 ranks)
Iter 0339 | Energy: -81.891844 | Delta: 3.34e-02 | M: 12242.8703 | Path: GPU-cuStateVec MPI-distributed (2 ranks)
Iter 0340 | Energy: -81.911238 | Delta: 1.94e-02 | M: 12444.7497 | Path: GPU-cuStateVec MPI-distributed (2 ranks)
[RESILIENCE] Iteration 340: Global theta state checkpointed at path checkpoints/H2O/checkpoint_iter_0340.npy. 
Iter 0341 | Energy: -81.907370 | Delta: 3.87e-03 | M: 10813.5092 | Path: GPU-cuStateVec MPI-distributed (2 ranks)
Iter 0342 | Energy: -81.899075 | Delta: 8.29e-03 | M: 12439.1651 | Path: GPU-cuStateVec MPI-distributed (2 ranks)
Iter 0343 | Energy: -81.955807 | Delta: 5.67e-02 | M: 12093.1389 | Path: GPU-cuStateVec MPI-distributed (2 ranks)
Iter 0344 | Energy: -81.931667 | Delta: 2.41e-02 | M: 12463.9123 | Path: GPU-cuStateVec MPI-distributed (2 ranks)
Iter 0345 | Energy: -81.923262 | Delta: 8.41e-03 | M: 7975.1682 | Path: GPU-cuStateVec MPI-distributed (2 ranks)
[RESILIENCE] Iteration 345: Global theta state checkpointed at path checkpoints/H2O/checkpoint_iter_0345.npy. 
Iter 0346 | Energy: -81.919535 | Delta: 3.73e-03 | M: 12128.5211 | Path: GPU-cuStateVec MPI-distributed (2 ranks)
Iter 0347 | Energy: -81.899976 | Delta: 1.96e-02 | M: 12146.5836 | Path: GPU-cuStateVec MPI-distributed (2 ranks)
Iter 0348 | Energy: -81.922583 | Delta: 2.26e-02 | M: 12872.4369 | Path: GPU-cuStateVec MPI-distributed (2 ranks)
Iter 0349 | Energy: -81.950147 | Delta: 2.76e-02 | M: 9647.5108 | Path: GPU-cuStateVec MPI-distributed (2 ranks)
Iter 0350 | Energy: -81.905162 | Delta: 4.50e-02 | M: 12071.6617 | Path: GPU-cuStateVec MPI-distributed (2 ranks)
[RESILIENCE] Iteration 350: Global theta state checkpointed at path checkpoints/H2O/checkpoint_iter_0350.npy. 
Iter 0351 | Energy: -81.935820 | Delta: 3.07e-02 | M: 9992.2857 | Path: GPU-cuStateVec MPI-distributed (2 ranks)
Iter 0352 | Energy: -81.929109 | Delta: 6.71e-03 | M: 10934.4734 | Path: GPU-cuStateVec MPI-distributed (2 ranks)
Iter 0353 | Energy: -81.951990 | Delta: 2.29e-02 | M: 10516.9313 | Path: GPU-cuStateVec MPI-distributed (2 ranks)
Iter 0354 | Energy: -81.966523 | Delta: 1.45e-02 | M: 12227.5319 | Path: GPU-cuStateVec MPI-distributed (2 ranks)
Iter 0355 | Energy: -81.941771 | Delta: 2.48e-02 | M: 11973.1813 | Path: GPU-cuStateVec MPI-distributed (2 ranks)
[RESILIENCE] Iteration 355: Global theta state checkpointed at path checkpoints/H2O/checkpoint_iter_0355.npy. 
Iter 0356 | Energy: -81.955088 | Delta: 1.33e-02 | M: 12792.5525 | Path: GPU-cuStateVec MPI-distributed (2 ranks)
Iter 0357 | Energy: -81.990144 | Delta: 3.51e-02 | M: 12846.7292 | Path: GPU-cuStateVec MPI-distributed (2 ranks)
Iter 0358 | Energy: -82.002115 | Delta: 1.20e-02 | M: 12745.2073 | Path: GPU-cuStateVec MPI-distributed (2 ranks)
Iter 0359 | Energy: -81.991110 | Delta: 1.10e-02 | M: 14829.6218 | Path: GPU-cuStateVec MPI-distributed (2 ranks)
Iter 0360 | Energy: -81.973789 | Delta: 1.73e-02 | M: 13042.0243 | Path: GPU-cuStateVec MPI-distributed (2 ranks)
[RESILIENCE] Iteration 360: Global theta state checkpointed at path checkpoints/H2O/checkpoint_iter_0360.npy. 
Iter 0361 | Energy: -82.008598 | Delta: 3.48e-02 | M: 12105.5221 | Path: GPU-cuStateVec MPI-distributed (2 ranks)
Iter 0362 | Energy: -82.005093 | Delta: 3.51e-03 | M: 12668.8661 | Path: GPU-cuStateVec MPI-distributed (2 ranks)
Iter 0363 | Energy: -81.976350 | Delta: 2.87e-02 | M: 11740.6186 | Path: GPU-cuStateVec MPI-distributed (2 ranks)
Iter 0364 | Energy: -81.971230 | Delta: 5.12e-03 | M: 164.2125 | Path: GPU-cuStateVec MPI-distributed (2 ranks)
Iter 0365 | Energy: -82.020480 | Delta: 4.93e-02 | M: 12256.0523 | Path: GPU-cuStateVec MPI-distributed (2 ranks)
[RESILIENCE] Iteration 365: Global theta state checkpointed at path checkpoints/H2O/checkpoint_iter_0365.npy. 
Iter 0366 | Energy: -82.016739 | Delta: 3.74e-03 | M: 12197.4937 | Path: GPU-cuStateVec MPI-distributed (2 ranks)
Iter 0367 | Energy: -81.985297 | Delta: 3.14e-02 | M: 11812.6193 | Path: GPU-cuStateVec MPI-distributed (2 ranks)
Iter 0368 | Energy: -81.995724 | Delta: 1.04e-02 | M: 12554.5505 | Path: GPU-cuStateVec MPI-distributed (2 ranks)
Iter 0369 | Energy: -82.036569 | Delta: 4.08e-02 | M: 12830.3148 | Path: GPU-cuStateVec MPI-distributed (2 ranks)
Iter 0370 | Energy: -82.008295 | Delta: 2.83e-02 | M: 13760.8499 | Path: GPU-cuStateVec MPI-distributed (2 ranks)
[RESILIENCE] Iteration 370: Global theta state checkpointed at path checkpoints/H2O/checkpoint_iter_0370.npy. 
Iter 0371 | Energy: -82.004612 | Delta: 3.68e-03 | M: 11071.1896 | Path: GPU-cuStateVec MPI-distributed (2 ranks)
Iter 0372 | Energy: -82.004115 | Delta: 4.97e-04 | M: 12005.3515 | Path: GPU-cuStateVec MPI-distributed (2 ranks)
Iter 0373 | Energy: -81.999807 | Delta: 4.31e-03 | M: 13230.9994 | Path: GPU-cuStateVec MPI-distributed (2 ranks)
Iter 0374 | Energy: -81.992799 | Delta: 7.01e-03 | M: 12113.9028 | Path: GPU-cuStateVec MPI-distributed (2 ranks)
Iter 0375 | Energy: -82.050102 | Delta: 5.73e-02 | M: 11866.3362 | Path: GPU-cuStateVec MPI-distributed (2 ranks)
[RESILIENCE] Iteration 375: Global theta state checkpointed at path checkpoints/H2O/checkpoint_iter_0375.npy. 
Iter 0376 | Energy: -82.017818 | Delta: 3.23e-02 | M: 12618.4108 | Path: GPU-cuStateVec MPI-distributed (2 ranks)
Iter 0377 | Energy: -82.024768 | Delta: 6.95e-03 | M: 11878.5204 | Path: GPU-cuStateVec MPI-distributed (2 ranks)
Iter 0378 | Energy: -82.047810 | Delta: 2.30e-02 | M: 12663.8911 | Path: GPU-cuStateVec MPI-distributed (2 ranks)
Iter 0379 | Energy: -82.074418 | Delta: 2.66e-02 | M: 12503.9473 | Path: GPU-cuStateVec MPI-distributed (2 ranks)
Iter 0380 | Energy: -82.058869 | Delta: 1.55e-02 | M: 11398.7100 | Path: GPU-cuStateVec MPI-distributed (2 ranks)
[RESILIENCE] Iteration 380: Global theta state checkpointed at path checkpoints/H2O/checkpoint_iter_0380.npy. 
Iter 0381 | Energy: -82.068867 | Delta: 1.00e-02 | M: 10851.7797 | Path: GPU-cuStateVec MPI-distributed (2 ranks)
Iter 0382 | Energy: -82.033441 | Delta: 3.54e-02 | M: 14456.6506 | Path: GPU-cuStateVec MPI-distributed (2 ranks)
Iter 0383 | Energy: -82.084636 | Delta: 5.12e-02 | M: 15197.2742 | Path: GPU-cuStateVec MPI-distributed (2 ranks)
Iter 0384 | Energy: -82.095829 | Delta: 1.12e-02 | M: 11177.9034 | Path: GPU-cuStateVec MPI-distributed (2 ranks)
Iter 0385 | Energy: -82.081047 | Delta: 1.48e-02 | M: 15409.4653 | Path: GPU-cuStateVec MPI-distributed (2 ranks)
[RESILIENCE] Iteration 385: Global theta state checkpointed at path checkpoints/H2O/checkpoint_iter_0385.npy. 
Iter 0386 | Energy: -82.055906 | Delta: 2.51e-02 | M: 15588.4263 | Path: GPU-cuStateVec MPI-distributed (2 ranks)
Iter 0387 | Energy: -82.045844 | Delta: 1.01e-02 | M: 14818.7865 | Path: GPU-cuStateVec MPI-distributed (2 ranks)
Iter 0388 | Energy: -82.051221 | Delta: 5.38e-03 | M: 13092.5812 | Path: GPU-cuStateVec MPI-distributed (2 ranks)
Iter 0389 | Energy: -82.048454 | Delta: 2.77e-03 | M: 12376.7413 | Path: GPU-cuStateVec MPI-distributed (2 ranks)
Iter 0390 | Energy: -82.098815 | Delta: 5.04e-02 | M: 9255.4022 | Path: GPU-cuStateVec MPI-distributed (2 ranks)
[RESILIENCE] Iteration 390: Global theta state checkpointed at path checkpoints/H2O/checkpoint_iter_0390.npy. 
Iter 0391 | Energy: -82.074845 | Delta: 2.40e-02 | M: 13603.3350 | Path: GPU-cuStateVec MPI-distributed (2 ranks)
Iter 0392 | Energy: -82.100151 | Delta: 2.53e-02 | M: 12755.4943 | Path: GPU-cuStateVec MPI-distributed (2 ranks)
Iter 0393 | Energy: -82.102689 | Delta: 2.54e-03 | M: 10801.5395 | Path: GPU-cuStateVec MPI-distributed (2 ranks)
Iter 0394 | Energy: -82.064168 | Delta: 3.85e-02 | M: 12861.5931 | Path: GPU-cuStateVec MPI-distributed (2 ranks)
Iter 0395 | Energy: -82.112479 | Delta: 4.83e-02 | M: 13156.9570 | Path: GPU-cuStateVec MPI-distributed (2 ranks)
[RESILIENCE] Iteration 395: Global theta state checkpointed at path checkpoints/H2O/checkpoint_iter_0395.npy. 
Iter 0396 | Energy: -82.099298 | Delta: 1.32e-02 | M: 11931.4131 | Path: GPU-cuStateVec MPI-distributed (2 ranks)
Iter 0397 | Energy: -82.064590 | Delta: 3.47e-02 | M: 11683.3417 | Path: GPU-cuStateVec MPI-distributed (2 ranks)
Iter 0398 | Energy: -82.105392 | Delta: 4.08e-02 | M: 12031.7381 | Path: GPU-cuStateVec MPI-distributed (2 ranks)
Iter 0399 | Energy: -82.128788 | Delta: 2.34e-02 | M: 8843.8220 | Path: GPU-cuStateVec MPI-distributed (2 ranks)
Iter 0400 | Energy: -82.118815 | Delta: 9.97e-03 | M: 13245.5033 | Path: GPU-cuStateVec MPI-distributed (2 ranks)
[RESILIENCE] Iteration 400: Global theta state checkpointed at path checkpoints/H2O/checkpoint_iter_0400.npy. 
Iter 0401 | Energy: -82.092128 | Delta: 2.67e-02 | M: 11916.9540 | Path: GPU-cuStateVec MPI-distributed (2 ranks)
Iter 0402 | Energy: -82.085325 | Delta: 6.80e-03 | M: 11234.6626 | Path: GPU-cuStateVec MPI-distributed (2 ranks)
Iter 0403 | Energy: -82.129626 | Delta: 4.43e-02 | M: 13901.1728 | Path: GPU-cuStateVec MPI-distributed (2 ranks)
Iter 0404 | Energy: -82.144799 | Delta: 1.52e-02 | M: 10961.6291 | Path: GPU-cuStateVec MPI-distributed (2 ranks)
Iter 0405 | Energy: -82.100058 | Delta: 4.47e-02 | M: 11506.3223 | Path: GPU-cuStateVec MPI-distributed (2 ranks)
[RESILIENCE] Iteration 405: Global theta state checkpointed at path checkpoints/H2O/checkpoint_iter_0405.npy. 
Iter 0406 | Energy: -82.132594 | Delta: 3.25e-02 | M: 10873.8597 | Path: GPU-cuStateVec MPI-distributed (2 ranks)
Iter 0407 | Energy: -82.120673 | Delta: 1.19e-02 | M: 11501.0078 | Path: GPU-cuStateVec MPI-distributed (2 ranks)
Iter 0408 | Energy: -82.120662 | Delta: 1.09e-05 | M: 13418.7870 | Path: GPU-cuStateVec MPI-distributed (2 ranks)
Iter 0409 | Energy: -82.146074 | Delta: 2.54e-02 | M: 12142.4996 | Path: GPU-cuStateVec MPI-distributed (2 ranks)
Iter 0410 | Energy: -82.125550 | Delta: 2.05e-02 | M: 13214.8324 | Path: GPU-cuStateVec MPI-distributed (2 ranks)
[RESILIENCE] Iteration 410: Global theta state checkpointed at path checkpoints/H2O/checkpoint_iter_0410.npy. 
Iter 0411 | Energy: -82.114804 | Delta: 1.07e-02 | M: 11725.2728 | Path: GPU-cuStateVec MPI-distributed (2 ranks)
Iter 0412 | Energy: -82.115853 | Delta: 1.05e-03 | M: 170.6260 | Path: GPU-cuStateVec MPI-distributed (2 ranks)
Iter 0413 | Energy: -82.119096 | Delta: 3.24e-03 | M: 11199.5570 | Path: GPU-cuStateVec MPI-distributed (2 ranks)
Iter 0414 | Energy: -82.120618 | Delta: 1.52e-03 | M: 192.2954 | Path: GPU-cuStateVec MPI-distributed (2 ranks)
Iter 0415 | Energy: -82.168654 | Delta: 4.80e-02 | M: 12133.3825 | Path: GPU-cuStateVec MPI-distributed (2 ranks)
[RESILIENCE] Iteration 415: Global theta state checkpointed at path checkpoints/H2O/checkpoint_iter_0415.npy. 
Iter 0416 | Energy: -82.169088 | Delta: 4.34e-04 | M: 11414.6904 | Path: GPU-cuStateVec MPI-distributed (2 ranks)
Iter 0417 | Energy: -82.153380 | Delta: 1.57e-02 | M: 14587.9014 | Path: GPU-cuStateVec MPI-distributed (2 ranks)
Iter 0418 | Energy: -82.159119 | Delta: 5.74e-03 | M: 158.0761 | Path: GPU-cuStateVec MPI-distributed (2 ranks)
Iter 0419 | Energy: -82.167575 | Delta: 8.46e-03 | M: 13034.1714 | Path: GPU-cuStateVec MPI-distributed (2 ranks)
Iter 0420 | Energy: -82.131925 | Delta: 3.57e-02 | M: 12458.9745 | Path: GPU-cuStateVec MPI-distributed (2 ranks)
[RESILIENCE] Iteration 420: Global theta state checkpointed at path checkpoints/H2O/checkpoint_iter_0420.npy. 
Iter 0421 | Energy: -82.135825 | Delta: 3.90e-03 | M: 15285.7233 | Path: GPU-cuStateVec MPI-distributed (2 ranks)
Iter 0422 | Energy: -82.138557 | Delta: 2.73e-03 | M: 11761.7536 | Path: GPU-cuStateVec MPI-distributed (2 ranks)
Iter 0423 | Energy: -82.169838 | Delta: 3.13e-02 | M: 15496.9451 | Path: GPU-cuStateVec MPI-distributed (2 ranks)
Iter 0424 | Energy: -82.125488 | Delta: 4.43e-02 | M: 13310.3672 | Path: GPU-cuStateVec MPI-distributed (2 ranks)
Iter 0425 | Energy: -82.173231 | Delta: 4.77e-02 | M: 12561.9513 | Path: GPU-cuStateVec MPI-distributed (2 ranks)
[RESILIENCE] Iteration 425: Global theta state checkpointed at path checkpoints/H2O/checkpoint_iter_0425.npy. 
Iter 0426 | Energy: -82.183706 | Delta: 1.05e-02 | M: 11878.3864 | Path: GPU-cuStateVec MPI-distributed (2 ranks)
Iter 0427 | Energy: -82.170059 | Delta: 1.36e-02 | M: 12728.4566 | Path: GPU-cuStateVec MPI-distributed (2 ranks)
Iter 0428 | Energy: -82.160448 | Delta: 9.61e-03 | M: 12801.5726 | Path: GPU-cuStateVec MPI-distributed (2 ranks)
Iter 0429 | Energy: -82.131069 | Delta: 2.94e-02 | M: 13015.8404 | Path: GPU-cuStateVec MPI-distributed (2 ranks)
Iter 0430 | Energy: -82.158433 | Delta: 2.74e-02 | M: 12944.9270 | Path: GPU-cuStateVec MPI-distributed (2 ranks)
[RESILIENCE] Iteration 430: Global theta state checkpointed at path checkpoints/H2O/checkpoint_iter_0430.npy. 
Iter 0431 | Energy: -82.191774 | Delta: 3.33e-02 | M: 12467.5613 | Path: GPU-cuStateVec MPI-distributed (2 ranks)
Iter 0432 | Energy: -82.161558 | Delta: 3.02e-02 | M: 13871.5125 | Path: GPU-cuStateVec MPI-distributed (2 ranks)
Iter 0433 | Energy: -82.180123 | Delta: 1.86e-02 | M: 12594.4448 | Path: GPU-cuStateVec MPI-distributed (2 ranks)
Iter 0434 | Energy: -82.151221 | Delta: 2.89e-02 | M: 12709.5641 | Path: GPU-cuStateVec MPI-distributed (2 ranks)
Iter 0435 | Energy: -82.185397 | Delta: 3.42e-02 | M: 13650.8580 | Path: GPU-cuStateVec MPI-distributed (2 ranks)
[RESILIENCE] Iteration 435: Global theta state checkpointed at path checkpoints/H2O/checkpoint_iter_0435.npy. 
Iter 0436 | Energy: -82.154683 | Delta: 3.07e-02 | M: 13136.3333 | Path: GPU-cuStateVec MPI-distributed (2 ranks)
Iter 0437 | Energy: -82.196107 | Delta: 4.14e-02 | M: 12502.3830 | Path: GPU-cuStateVec MPI-distributed (2 ranks)
Iter 0438 | Energy: -82.199430 | Delta: 3.32e-03 | M: 12868.8585 | Path: GPU-cuStateVec MPI-distributed (2 ranks)
Iter 0439 | Energy: -82.195551 | Delta: 3.88e-03 | M: 13513.7745 | Path: GPU-cuStateVec MPI-distributed (2 ranks)
Iter 0440 | Energy: -82.201536 | Delta: 5.98e-03 | M: 11018.5980 | Path: GPU-cuStateVec MPI-distributed (2 ranks)
[RESILIENCE] Iteration 440: Global theta state checkpointed at path checkpoints/H2O/checkpoint_iter_0440.npy. 
Iter 0441 | Energy: -82.200181 | Delta: 1.35e-03 | M: 11175.9896 | Path: GPU-cuStateVec MPI-distributed (2 ranks)
Iter 0442 | Energy: -82.210218 | Delta: 1.00e-02 | M: 13228.7024 | Path: GPU-cuStateVec MPI-distributed (2 ranks)
Iter 0443 | Energy: -82.219120 | Delta: 8.90e-03 | M: 182.5681 | Path: GPU-cuStateVec MPI-distributed (2 ranks)
Iter 0444 | Energy: -82.189354 | Delta: 2.98e-02 | M: 13361.8786 | Path: GPU-cuStateVec MPI-distributed (2 ranks)
Iter 0445 | Energy: -82.183929 | Delta: 5.43e-03 | M: 204.2248 | Path: GPU-cuStateVec MPI-distributed (2 ranks)
[RESILIENCE] Iteration 445: Global theta state checkpointed at path checkpoints/H2O/checkpoint_iter_0445.npy. 
Iter 0446 | Energy: -82.179874 | Delta: 4.06e-03 | M: 164.5693 | Path: GPU-cuStateVec MPI-distributed (2 ranks)
Iter 0447 | Energy: -82.210292 | Delta: 3.04e-02 | M: 9629.8832 | Path: GPU-cuStateVec MPI-distributed (2 ranks)
Iter 0448 | Energy: -82.186347 | Delta: 2.39e-02 | M: 13903.4123 | Path: GPU-cuStateVec MPI-distributed (2 ranks)
Iter 0449 | Energy: -82.189149 | Delta: 2.80e-03 | M: 10634.7638 | Path: GPU-cuStateVec MPI-distributed (2 ranks)
Iter 0450 | Energy: -82.199149 | Delta: 1.00e-02 | M: 12258.0157 | Path: GPU-cuStateVec MPI-distributed (2 ranks)
[RESILIENCE] Iteration 450: Global theta state checkpointed at path checkpoints/H2O/checkpoint_iter_0450.npy. 
Iter 0451 | Energy: -82.188239 | Delta: 1.09e-02 | M: 14351.2265 | Path: GPU-cuStateVec MPI-distributed (2 ranks)
Iter 0452 | Energy: -82.219328 | Delta: 3.11e-02 | M: 13531.1165 | Path: GPU-cuStateVec MPI-distributed (2 ranks)
Iter 0453 | Energy: -82.207402 | Delta: 1.19e-02 | M: 12046.9817 | Path: GPU-cuStateVec MPI-distributed (2 ranks)
Iter 0454 | Energy: -82.198107 | Delta: 9.30e-03 | M: 16313.6095 | Path: GPU-cuStateVec MPI-distributed (2 ranks)
Iter 0455 | Energy: -82.229902 | Delta: 3.18e-02 | M: 13436.6797 | Path: GPU-cuStateVec MPI-distributed (2 ranks)
[RESILIENCE] Iteration 455: Global theta state checkpointed at path checkpoints/H2O/checkpoint_iter_0455.npy. 
Iter 0456 | Energy: -82.212518 | Delta: 1.74e-02 | M: 10374.8954 | Path: GPU-cuStateVec MPI-distributed (2 ranks)
Iter 0457 | Energy: -82.200707 | Delta: 1.18e-02 | M: 12462.4549 | Path: GPU-cuStateVec MPI-distributed (2 ranks)
Iter 0458 | Energy: -82.210445 | Delta: 9.74e-03 | M: 16641.4917 | Path: GPU-cuStateVec MPI-distributed (2 ranks)
Iter 0459 | Energy: -82.242687 | Delta: 3.22e-02 | M: 14827.7586 | Path: GPU-cuStateVec MPI-distributed (2 ranks)
Iter 0460 | Energy: -82.225976 | Delta: 1.67e-02 | M: 13316.8267 | Path: GPU-cuStateVec MPI-distributed (2 ranks)
[RESILIENCE] Iteration 460: Global theta state checkpointed at path checkpoints/H2O/checkpoint_iter_0460.npy. 
Iter 0461 | Energy: -82.208216 | Delta: 1.78e-02 | M: 15112.0365 | Path: GPU-cuStateVec MPI-distributed (2 ranks)
Iter 0462 | Energy: -82.248626 | Delta: 4.04e-02 | M: 16006.7100 | Path: GPU-cuStateVec MPI-distributed (2 ranks)
Iter 0463 | Energy: -82.230078 | Delta: 1.85e-02 | M: 15184.8301 | Path: GPU-cuStateVec MPI-distributed (2 ranks)
Iter 0464 | Energy: -82.211518 | Delta: 1.86e-02 | M: 13896.7392 | Path: GPU-cuStateVec MPI-distributed (2 ranks)
Iter 0465 | Energy: -82.211460 | Delta: 5.79e-05 | M: 13786.6634 | Path: GPU-cuStateVec MPI-distributed (2 ranks)
[RESILIENCE] Iteration 465: Global theta state checkpointed at path checkpoints/H2O/checkpoint_iter_0465.npy. 
Iter 0466 | Energy: -82.240212 | Delta: 2.88e-02 | M: 215.2541 | Path: GPU-cuStateVec MPI-distributed (2 ranks)
Iter 0467 | Energy: -82.218181 | Delta: 2.20e-02 | M: 15049.9688 | Path: GPU-cuStateVec MPI-distributed (2 ranks)
Iter 0468 | Energy: -82.217509 | Delta: 6.72e-04 | M: 12961.9361 | Path: GPU-cuStateVec MPI-distributed (2 ranks)
Iter 0469 | Energy: -82.270287 | Delta: 5.28e-02 | M: 12561.0384 | Path: GPU-cuStateVec MPI-distributed (2 ranks)
Iter 0470 | Energy: -82.226138 | Delta: 4.41e-02 | M: 15397.9731 | Path: GPU-cuStateVec MPI-distributed (2 ranks)
[RESILIENCE] Iteration 470: Global theta state checkpointed at path checkpoints/H2O/checkpoint_iter_0470.npy. 
Iter 0471 | Energy: -82.225025 | Delta: 1.11e-03 | M: 13019.8555 | Path: GPU-cuStateVec MPI-distributed (2 ranks)
Iter 0472 | Energy: -82.225404 | Delta: 3.79e-04 | M: 13476.3477 | Path: GPU-cuStateVec MPI-distributed (2 ranks)
Iter 0473 | Energy: -82.237676 | Delta: 1.23e-02 | M: 168.5941 | Path: GPU-cuStateVec MPI-distributed (2 ranks)
Iter 0474 | Energy: -82.267524 | Delta: 2.98e-02 | M: 13419.3018 | Path: GPU-cuStateVec MPI-distributed (2 ranks)
Iter 0475 | Energy: -82.231545 | Delta: 3.60e-02 | M: 12254.1641 | Path: GPU-cuStateVec MPI-distributed (2 ranks)
[RESILIENCE] Iteration 475: Global theta state checkpointed at path checkpoints/H2O/checkpoint_iter_0475.npy. 
Iter 0476 | Energy: -82.271030 | Delta: 3.95e-02 | M: 16496.5095 | Path: GPU-cuStateVec MPI-distributed (2 ranks)
Iter 0477 | Energy: -82.256634 | Delta: 1.44e-02 | M: 8863.6697 | Path: GPU-cuStateVec MPI-distributed (2 ranks)
Iter 0478 | Energy: -82.248264 | Delta: 8.37e-03 | M: 12566.2254 | Path: GPU-cuStateVec MPI-distributed (2 ranks)
Iter 0479 | Energy: -82.287421 | Delta: 3.92e-02 | M: 14452.1981 | Path: GPU-cuStateVec MPI-distributed (2 ranks)
Iter 0480 | Energy: -82.270229 | Delta: 1.72e-02 | M: 12657.2417 | Path: GPU-cuStateVec MPI-distributed (2 ranks)
[RESILIENCE] Iteration 480: Global theta state checkpointed at path checkpoints/H2O/checkpoint_iter_0480.npy. 
Iter 0481 | Energy: -82.281745 | Delta: 1.15e-02 | M: 10212.7442 | Path: GPU-cuStateVec MPI-distributed (2 ranks)
Iter 0482 | Energy: -82.251480 | Delta: 3.03e-02 | M: 16126.8308 | Path: GPU-cuStateVec MPI-distributed (2 ranks)
Iter 0483 | Energy: -82.278972 | Delta: 2.75e-02 | M: 11484.4973 | Path: GPU-cuStateVec MPI-distributed (2 ranks)
Iter 0484 | Energy: -82.263890 | Delta: 1.51e-02 | M: 14336.7230 | Path: GPU-cuStateVec MPI-distributed (2 ranks)
Iter 0485 | Energy: -82.262137 | Delta: 1.75e-03 | M: 13444.1486 | Path: GPU-cuStateVec MPI-distributed (2 ranks)
[RESILIENCE] Iteration 485: Global theta state checkpointed at path checkpoints/H2O/checkpoint_iter_0485.npy. 
Iter 0486 | Energy: -82.306176 | Delta: 4.40e-02 | M: 12758.8442 | Path: GPU-cuStateVec MPI-distributed (2 ranks)
Iter 0487 | Energy: -82.258727 | Delta: 4.74e-02 | M: 12278.9215 | Path: GPU-cuStateVec MPI-distributed (2 ranks)
Iter 0488 | Energy: -82.285160 | Delta: 2.64e-02 | M: 312.3760 | Path: GPU-cuStateVec MPI-distributed (2 ranks)
Iter 0489 | Energy: -82.304878 | Delta: 1.97e-02 | M: 7698.5265 | Path: GPU-cuStateVec MPI-distributed (2 ranks)
Iter 0490 | Energy: -82.301603 | Delta: 3.28e-03 | M: 13325.1412 | Path: GPU-cuStateVec MPI-distributed (2 ranks)
[RESILIENCE] Iteration 490: Global theta state checkpointed at path checkpoints/H2O/checkpoint_iter_0490.npy. 
Iter 0491 | Energy: -82.272923 | Delta: 2.87e-02 | M: 12246.3232 | Path: GPU-cuStateVec MPI-distributed (2 ranks)
Iter 0492 | Energy: -82.268421 | Delta: 4.50e-03 | M: 152.6273 | Path: GPU-cuStateVec MPI-distributed (2 ranks)
Iter 0493 | Energy: -82.275177 | Delta: 6.76e-03 | M: 12784.0551 | Path: GPU-cuStateVec MPI-distributed (2 ranks)
Iter 0494 | Energy: -82.301925 | Delta: 2.67e-02 | M: 17000.7282 | Path: GPU-cuStateVec MPI-distributed (2 ranks)
Iter 0495 | Energy: -82.313511 | Delta: 1.16e-02 | M: 12794.8486 | Path: GPU-cuStateVec MPI-distributed (2 ranks)
[RESILIENCE] Iteration 495: Global theta state checkpointed at path checkpoints/H2O/checkpoint_iter_0495.npy. 
Iter 0496 | Energy: -82.322268 | Delta: 8.76e-03 | M: 12500.1810 | Path: GPU-cuStateVec MPI-distributed (2 ranks)
Iter 0497 | Energy: -82.288154 | Delta: 3.41e-02 | M: 12535.6148 | Path: GPU-cuStateVec MPI-distributed (2 ranks)
Iter 0498 | Energy: -82.297208 | Delta: 9.05e-03 | M: 226.7481 | Path: GPU-cuStateVec MPI-distributed (2 ranks)
Iter 0499 | Energy: -82.296606 | Delta: 6.02e-04 | M: 12250.9873 | Path: GPU-cuStateVec MPI-distributed (2 ranks)
Iter 0500 | Energy: -82.288602 | Delta: 8.00e-03 | M: 10547.6170 | Path: GPU-cuStateVec MPI-distributed (2 ranks)
[RESILIENCE] Iteration 500: Global theta state checkpointed at path checkpoints/H2O/checkpoint_iter_0500.npy. 
Iter 0501 | Energy: -82.286354 | Delta: 2.25e-03 | M: 10049.0196 | Path: GPU-cuStateVec MPI-distributed (2 ranks)
Iter 0502 | Energy: -82.286808 | Delta: 4.54e-04 | M: 13627.5221 | Path: GPU-cuStateVec MPI-distributed (2 ranks)
Iter 0503 | Energy: -82.281418 | Delta: 5.39e-03 | M: 12309.3721 | Path: GPU-cuStateVec MPI-distributed (2 ranks)
Iter 0504 | Energy: -82.286239 | Delta: 4.82e-03 | M: 10468.0598 | Path: GPU-cuStateVec MPI-distributed (2 ranks)
Iter 0505 | Energy: -82.298474 | Delta: 1.22e-02 | M: 15601.2800 | Path: GPU-cuStateVec MPI-distributed (2 ranks)
[RESILIENCE] Iteration 505: Global theta state checkpointed at path checkpoints/H2O/checkpoint_iter_0505.npy. 
Iter 0506 | Energy: -82.284043 | Delta: 1.44e-02 | M: 12588.5766 | Path: GPU-cuStateVec MPI-distributed (2 ranks)
Iter 0507 | Energy: -82.314100 | Delta: 3.01e-02 | M: 11120.1933 | Path: GPU-cuStateVec MPI-distributed (2 ranks)
Iter 0508 | Energy: -82.346135 | Delta: 3.20e-02 | M: 13426.1152 | Path: GPU-cuStateVec MPI-distributed (2 ranks)
Iter 0509 | Energy: -82.323202 | Delta: 2.29e-02 | M: 12534.0595 | Path: GPU-cuStateVec MPI-distributed (2 ranks)
Iter 0510 | Energy: -82.308429 | Delta: 1.48e-02 | M: 11352.9506 | Path: GPU-cuStateVec MPI-distributed (2 ranks)
[RESILIENCE] Iteration 510: Global theta state checkpointed at path checkpoints/H2O/checkpoint_iter_0510.npy. 
Iter 0511 | Energy: -82.346972 | Delta: 3.85e-02 | M: 9447.9443 | Path: GPU-cuStateVec MPI-distributed (2 ranks)
Iter 0512 | Energy: -82.331666 | Delta: 1.53e-02 | M: 12671.0330 | Path: GPU-cuStateVec MPI-distributed (2 ranks)
Iter 0513 | Energy: -82.306493 | Delta: 2.52e-02 | M: 9958.6942 | Path: GPU-cuStateVec MPI-distributed (2 ranks)
Iter 0514 | Energy: -82.301217 | Delta: 5.28e-03 | M: 12564.5541 | Path: GPU-cuStateVec MPI-distributed (2 ranks)
Iter 0515 | Energy: -82.312093 | Delta: 1.09e-02 | M: 10675.0236 | Path: GPU-cuStateVec MPI-distributed (2 ranks)
[RESILIENCE] Iteration 515: Global theta state checkpointed at path checkpoints/H2O/checkpoint_iter_0515.npy. 
Iter 0516 | Energy: -82.346144 | Delta: 3.41e-02 | M: 14263.5955 | Path: GPU-cuStateVec MPI-distributed (2 ranks)
Iter 0517 | Energy: -82.299613 | Delta: 4.65e-02 | M: 13594.1936 | Path: GPU-cuStateVec MPI-distributed (2 ranks)
Iter 0518 | Energy: -82.313773 | Delta: 1.42e-02 | M: 15989.7810 | Path: GPU-cuStateVec MPI-distributed (2 ranks)
Iter 0519 | Energy: -82.328479 | Delta: 1.47e-02 | M: 12833.7127 | Path: GPU-cuStateVec MPI-distributed (2 ranks)
Iter 0520 | Energy: -82.295294 | Delta: 3.32e-02 | M: 12119.2807 | Path: GPU-cuStateVec MPI-distributed (2 ranks)
[RESILIENCE] Iteration 520: Global theta state checkpointed at path checkpoints/H2O/checkpoint_iter_0520.npy. 
Iter 0521 | Energy: -82.332512 | Delta: 3.72e-02 | M: 12871.8303 | Path: GPU-cuStateVec MPI-distributed (2 ranks)
Iter 0522 | Energy: -82.338447 | Delta: 5.94e-03 | M: 216.2374 | Path: GPU-cuStateVec MPI-distributed (2 ranks)
Iter 0523 | Energy: -82.309044 | Delta: 2.94e-02 | M: 9660.0378 | Path: GPU-cuStateVec MPI-distributed (2 ranks)
Iter 0524 | Energy: -82.321704 | Delta: 1.27e-02 | M: 12215.8347 | Path: GPU-cuStateVec MPI-distributed (2 ranks)
Iter 0525 | Energy: -82.315740 | Delta: 5.96e-03 | M: 13672.0248 | Path: GPU-cuStateVec MPI-distributed (2 ranks)
[RESILIENCE] Iteration 525: Global theta state checkpointed at path checkpoints/H2O/checkpoint_iter_0525.npy. 
Iter 0526 | Energy: -82.313113 | Delta: 2.63e-03 | M: 15239.3773 | Path: GPU-cuStateVec MPI-distributed (2 ranks)
Iter 0527 | Energy: -82.320353 | Delta: 7.24e-03 | M: 12639.3215 | Path: GPU-cuStateVec MPI-distributed (2 ranks)
Iter 0528 | Energy: -82.347415 | Delta: 2.71e-02 | M: 14898.9605 | Path: GPU-cuStateVec MPI-distributed (2 ranks)
Iter 0529 | Energy: -82.329701 | Delta: 1.77e-02 | M: 305.5681 | Path: GPU-cuStateVec MPI-distributed (2 ranks)
Iter 0530 | Energy: -82.353917 | Delta: 2.42e-02 | M: 196.7887 | Path: GPU-cuStateVec MPI-distributed (2 ranks)
[RESILIENCE] Iteration 530: Global theta state checkpointed at path checkpoints/H2O/checkpoint_iter_0530.npy. 
Iter 0531 | Energy: -82.304082 | Delta: 4.98e-02 | M: 12078.6520 | Path: GPU-cuStateVec MPI-distributed (2 ranks)
Iter 0532 | Energy: -82.350207 | Delta: 4.61e-02 | M: 12412.9032 | Path: GPU-cuStateVec MPI-distributed (2 ranks)
Iter 0533 | Energy: -82.350321 | Delta: 1.14e-04 | M: 12984.1739 | Path: GPU-cuStateVec MPI-distributed (2 ranks)
Iter 0534 | Energy: -82.314609 | Delta: 3.57e-02 | M: 10476.2864 | Path: GPU-cuStateVec MPI-distributed (2 ranks)
Iter 0535 | Energy: -82.331294 | Delta: 1.67e-02 | M: 9670.9486 | Path: GPU-cuStateVec MPI-distributed (2 ranks)
[RESILIENCE] Iteration 535: Global theta state checkpointed at path checkpoints/H2O/checkpoint_iter_0535.npy. 
Iter 0536 | Energy: -82.326207 | Delta: 5.09e-03 | M: 11587.8588 | Path: GPU-cuStateVec MPI-distributed (2 ranks)
Iter 0537 | Energy: -82.356050 | Delta: 2.98e-02 | M: 10442.9359 | Path: GPU-cuStateVec MPI-distributed (2 ranks)
Iter 0538 | Energy: -82.330454 | Delta: 2.56e-02 | M: 8995.9864 | Path: GPU-cuStateVec MPI-distributed (2 ranks)
Iter 0539 | Energy: -82.335202 | Delta: 4.75e-03 | M: 11874.7870 | Path: GPU-cuStateVec MPI-distributed (2 ranks)
Iter 0540 | Energy: -82.341709 | Delta: 6.51e-03 | M: 10771.1978 | Path: GPU-cuStateVec MPI-distributed (2 ranks)
[RESILIENCE] Iteration 540: Global theta state checkpointed at path checkpoints/H2O/checkpoint_iter_0540.npy. 
Iter 0541 | Energy: -82.330520 | Delta: 1.12e-02 | M: 13908.4471 | Path: GPU-cuStateVec MPI-distributed (2 ranks)
Iter 0542 | Energy: -82.342836 | Delta: 1.23e-02 | M: 66.7521 | Path: GPU-cuStateVec MPI-distributed (2 ranks)
Iter 0543 | Energy: -82.329430 | Delta: 1.34e-02 | M: 12259.4281 | Path: GPU-cuStateVec MPI-distributed (2 ranks)
Iter 0544 | Energy: -82.377183 | Delta: 4.78e-02 | M: 14377.5826 | Path: GPU-cuStateVec MPI-distributed (2 ranks)
Iter 0545 | Energy: -82.371943 | Delta: 5.24e-03 | M: 10885.6915 | Path: GPU-cuStateVec MPI-distributed (2 ranks)
[RESILIENCE] Iteration 545: Global theta state checkpointed at path checkpoints/H2O/checkpoint_iter_0545.npy. 
Iter 0546 | Energy: -82.388289 | Delta: 1.63e-02 | M: 11232.1803 | Path: GPU-cuStateVec MPI-distributed (2 ranks)
Iter 0547 | Energy: -82.342024 | Delta: 4.63e-02 | M: 12068.5585 | Path: GPU-cuStateVec MPI-distributed (2 ranks)
Iter 0548 | Energy: -82.345360 | Delta: 3.34e-03 | M: 9263.6678 | Path: GPU-cuStateVec MPI-distributed (2 ranks)
Iter 0549 | Energy: -82.390162 | Delta: 4.48e-02 | M: 10852.0140 | Path: GPU-cuStateVec MPI-distributed (2 ranks)
Iter 0550 | Energy: -82.382083 | Delta: 8.08e-03 | M: 14563.2484 | Path: GPU-cuStateVec MPI-distributed (2 ranks)
[RESILIENCE] Iteration 550: Global theta state checkpointed at path checkpoints/H2O/checkpoint_iter_0550.npy. 
Iter 0551 | Energy: -82.356144 | Delta: 2.59e-02 | M: 12425.0859 | Path: GPU-cuStateVec MPI-distributed (2 ranks)
Iter 0552 | Energy: -82.390108 | Delta: 3.40e-02 | M: 145.4879 | Path: GPU-cuStateVec MPI-distributed (2 ranks)
Iter 0553 | Energy: -82.345183 | Delta: 4.49e-02 | M: 15817.0641 | Path: GPU-cuStateVec MPI-distributed (2 ranks)
Iter 0554 | Energy: -82.392440 | Delta: 4.73e-02 | M: 11179.8765 | Path: GPU-cuStateVec MPI-distributed (2 ranks)
Iter 0555 | Energy: -82.382702 | Delta: 9.74e-03 | M: 11374.2705 | Path: GPU-cuStateVec MPI-distributed (2 ranks)
[RESILIENCE] Iteration 555: Global theta state checkpointed at path checkpoints/H2O/checkpoint_iter_0555.npy. 
Iter 0556 | Energy: -82.369267 | Delta: 1.34e-02 | M: 10333.7323 | Path: GPU-cuStateVec MPI-distributed (2 ranks)
Iter 0557 | Energy: -82.362856 | Delta: 6.41e-03 | M: 12909.5781 | Path: GPU-cuStateVec MPI-distributed (2 ranks)
Iter 0558 | Energy: -82.373240 | Delta: 1.04e-02 | M: 8572.4534 | Path: GPU-cuStateVec MPI-distributed (2 ranks)
Iter 0559 | Energy: -82.408439 | Delta: 3.52e-02 | M: 15472.6638 | Path: GPU-cuStateVec MPI-distributed (2 ranks)
Iter 0560 | Energy: -82.397062 | Delta: 1.14e-02 | M: 9662.2064 | Path: GPU-cuStateVec MPI-distributed (2 ranks)
[RESILIENCE] Iteration 560: Global theta state checkpointed at path checkpoints/H2O/checkpoint_iter_0560.npy. 
Iter 0561 | Energy: -82.403060 | Delta: 6.00e-03 | M: 11291.4806 | Path: GPU-cuStateVec MPI-distributed (2 ranks)
Iter 0562 | Energy: -82.413092 | Delta: 1.00e-02 | M: 12656.6220 | Path: GPU-cuStateVec MPI-distributed (2 ranks)
Iter 0563 | Energy: -82.358689 | Delta: 5.44e-02 | M: 11233.6768 | Path: GPU-cuStateVec MPI-distributed (2 ranks)
Iter 0564 | Energy: -82.404589 | Delta: 4.59e-02 | M: 11343.1272 | Path: GPU-cuStateVec MPI-distributed (2 ranks)
Iter 0565 | Energy: -82.403112 | Delta: 1.48e-03 | M: 10241.6510 | Path: GPU-cuStateVec MPI-distributed (2 ranks)
[RESILIENCE] Iteration 565: Global theta state checkpointed at path checkpoints/H2O/checkpoint_iter_0565.npy. 
Iter 0566 | Energy: -82.407802 | Delta: 4.69e-03 | M: 12516.9224 | Path: GPU-cuStateVec MPI-distributed (2 ranks)
Iter 0567 | Energy: -82.396176 | Delta: 1.16e-02 | M: 10343.6056 | Path: GPU-cuStateVec MPI-distributed (2 ranks)
Iter 0568 | Energy: -82.389800 | Delta: 6.38e-03 | M: 13592.3028 | Path: GPU-cuStateVec MPI-distributed (2 ranks)
Iter 0569 | Energy: -82.385184 | Delta: 4.62e-03 | M: 12969.0534 | Path: GPU-cuStateVec MPI-distributed (2 ranks)
Iter 0570 | Energy: -82.405391 | Delta: 2.02e-02 | M: 13731.4907 | Path: GPU-cuStateVec MPI-distributed (2 ranks)
[RESILIENCE] Iteration 570: Global theta state checkpointed at path checkpoints/H2O/checkpoint_iter_0570.npy. 
Iter 0571 | Energy: -82.369527 | Delta: 3.59e-02 | M: 12086.2168 | Path: GPU-cuStateVec MPI-distributed (2 ranks)
Iter 0572 | Energy: -82.402534 | Delta: 3.30e-02 | M: 9530.5938 | Path: GPU-cuStateVec MPI-distributed (2 ranks)
Iter 0573 | Energy: -82.413669 | Delta: 1.11e-02 | M: 7982.4326 | Path: GPU-cuStateVec MPI-distributed (2 ranks)
Iter 0574 | Energy: -82.368885 | Delta: 4.48e-02 | M: 13855.9307 | Path: GPU-cuStateVec MPI-distributed (2 ranks)
Iter 0575 | Energy: -82.405055 | Delta: 3.62e-02 | M: 11543.2558 | Path: GPU-cuStateVec MPI-distributed (2 ranks)
[RESILIENCE] Iteration 575: Global theta state checkpointed at path checkpoints/H2O/checkpoint_iter_0575.npy. 
Iter 0576 | Energy: -82.389749 | Delta: 1.53e-02 | M: 14294.6407 | Path: GPU-cuStateVec MPI-distributed (2 ranks)
Iter 0577 | Energy: -82.372943 | Delta: 1.68e-02 | M: 10837.7381 | Path: GPU-cuStateVec MPI-distributed (2 ranks)
Iter 0578 | Energy: -82.404759 | Delta: 3.18e-02 | M: 12510.2546 | Path: GPU-cuStateVec MPI-distributed (2 ranks)
Iter 0579 | Energy: -82.377756 | Delta: 2.70e-02 | M: 12328.0021 | Path: GPU-cuStateVec MPI-distributed (2 ranks)
Iter 0580 | Energy: -82.394127 | Delta: 1.64e-02 | M: 10986.2197 | Path: GPU-cuStateVec MPI-distributed (2 ranks)
[RESILIENCE] Iteration 580: Global theta state checkpointed at path checkpoints/H2O/checkpoint_iter_0580.npy. 
Iter 0581 | Energy: -82.419260 | Delta: 2.51e-02 | M: 7990.5820 | Path: GPU-cuStateVec MPI-distributed (2 ranks)
Iter 0582 | Energy: -82.403791 | Delta: 1.55e-02 | M: 10262.0283 | Path: GPU-cuStateVec MPI-distributed (2 ranks)
Iter 0583 | Energy: -82.425005 | Delta: 2.12e-02 | M: 15382.4881 | Path: GPU-cuStateVec MPI-distributed (2 ranks)
Iter 0584 | Energy: -82.381453 | Delta: 4.36e-02 | M: 14731.5728 | Path: GPU-cuStateVec MPI-distributed (2 ranks)
Iter 0585 | Energy: -82.408838 | Delta: 2.74e-02 | M: 13579.8950 | Path: GPU-cuStateVec MPI-distributed (2 ranks)
[RESILIENCE] Iteration 585: Global theta state checkpointed at path checkpoints/H2O/checkpoint_iter_0585.npy. 
Iter 0586 | Energy: -82.382723 | Delta: 2.61e-02 | M: 13270.8680 | Path: GPU-cuStateVec MPI-distributed (2 ranks)
Iter 0587 | Energy: -82.395555 | Delta: 1.28e-02 | M: 13795.4633 | Path: GPU-cuStateVec MPI-distributed (2 ranks)
Iter 0588 | Energy: -82.411501 | Delta: 1.59e-02 | M: 13540.9696 | Path: GPU-cuStateVec MPI-distributed (2 ranks)
Iter 0589 | Energy: -82.419784 | Delta: 8.28e-03 | M: 12484.1728 | Path: GPU-cuStateVec MPI-distributed (2 ranks)
Iter 0590 | Energy: -82.384708 | Delta: 3.51e-02 | M: 10224.7698 | Path: GPU-cuStateVec MPI-distributed (2 ranks)
[RESILIENCE] Iteration 590: Global theta state checkpointed at path checkpoints/H2O/checkpoint_iter_0590.npy. 
Iter 0591 | Energy: -82.430804 | Delta: 4.61e-02 | M: 13588.0081 | Path: GPU-cuStateVec MPI-distributed (2 ranks)
Iter 0592 | Energy: -82.399687 | Delta: 3.11e-02 | M: 13507.2986 | Path: GPU-cuStateVec MPI-distributed (2 ranks)
Iter 0593 | Energy: -82.412029 | Delta: 1.23e-02 | M: 9927.4162 | Path: GPU-cuStateVec MPI-distributed (2 ranks)
Iter 0594 | Energy: -82.430084 | Delta: 1.81e-02 | M: 12345.5945 | Path: GPU-cuStateVec MPI-distributed (2 ranks)
Iter 0595 | Energy: -82.414634 | Delta: 1.54e-02 | M: 9418.1735 | Path: GPU-cuStateVec MPI-distributed (2 ranks)
[RESILIENCE] Iteration 595: Global theta state checkpointed at path checkpoints/H2O/checkpoint_iter_0595.npy. 
Iter 0596 | Energy: -82.417583 | Delta: 2.95e-03 | M: 12264.0573 | Path: GPU-cuStateVec MPI-distributed (2 ranks)
Iter 0597 | Energy: -82.389093 | Delta: 2.85e-02 | M: 8697.8921 | Path: GPU-cuStateVec MPI-distributed (2 ranks)
Iter 0598 | Energy: -82.411493 | Delta: 2.24e-02 | M: 8511.7596 | Path: GPU-cuStateVec MPI-distributed (2 ranks)
Iter 0599 | Energy: -82.425090 | Delta: 1.36e-02 | M: 14434.0985 | Path: GPU-cuStateVec MPI-distributed (2 ranks)
Iter 0600 | Energy: -82.394016 | Delta: 3.11e-02 | M: 10784.4651 | Path: GPU-cuStateVec MPI-distributed (2 ranks)
[RESILIENCE] Iteration 600: Global theta state checkpointed at path checkpoints/H2O/checkpoint_iter_0600.npy. 
Iter 0601 | Energy: -82.419352 | Delta: 2.53e-02 | M: 11367.6481 | Path: GPU-cuStateVec MPI-distributed (2 ranks)
Iter 0602 | Energy: -82.396062 | Delta: 2.33e-02 | M: 13676.6518 | Path: GPU-cuStateVec MPI-distributed (2 ranks)
Iter 0603 | Energy: -82.392370 | Delta: 3.69e-03 | M: 202.6797 | Path: GPU-cuStateVec MPI-distributed (2 ranks)
Iter 0604 | Energy: -82.425322 | Delta: 3.30e-02 | M: 11080.5262 | Path: GPU-cuStateVec MPI-distributed (2 ranks)
Iter 0605 | Energy: -82.417362 | Delta: 7.96e-03 | M: 11883.9551 | Path: GPU-cuStateVec MPI-distributed (2 ranks)
[RESILIENCE] Iteration 605: Global theta state checkpointed at path checkpoints/H2O/checkpoint_iter_0605.npy. 
Iter 0606 | Energy: -82.421281 | Delta: 3.92e-03 | M: 9360.9019 | Path: GPU-cuStateVec MPI-distributed (2 ranks)
Iter 0607 | Energy: -82.416554 | Delta: 4.73e-03 | M: 13564.7505 | Path: GPU-cuStateVec MPI-distributed (2 ranks)
Iter 0608 | Energy: -82.416727 | Delta: 1.73e-04 | M: 13241.6505 | Path: GPU-cuStateVec MPI-distributed (2 ranks)
Iter 0609 | Energy: -82.430268 | Delta: 1.35e-02 | M: 11022.6740 | Path: GPU-cuStateVec MPI-distributed (2 ranks)
Iter 0610 | Energy: -82.404842 | Delta: 2.54e-02 | M: 11054.0005 | Path: GPU-cuStateVec MPI-distributed (2 ranks)
[RESILIENCE] Iteration 610: Global theta state checkpointed at path checkpoints/H2O/checkpoint_iter_0610.npy. 
Iter 0611 | Energy: -82.413777 | Delta: 8.94e-03 | M: 15665.8229 | Path: GPU-cuStateVec MPI-distributed (2 ranks)
Iter 0612 | Energy: -82.426544 | Delta: 1.28e-02 | M: 15060.6637 | Path: GPU-cuStateVec MPI-distributed (2 ranks)
Iter 0613 | Energy: -82.421819 | Delta: 4.72e-03 | M: 11455.4104 | Path: GPU-cuStateVec MPI-distributed (2 ranks)
Iter 0614 | Energy: -82.430978 | Delta: 9.16e-03 | M: 11958.7546 | Path: GPU-cuStateVec MPI-distributed (2 ranks)
Iter 0615 | Energy: -82.420148 | Delta: 1.08e-02 | M: 11949.7521 | Path: GPU-cuStateVec MPI-distributed (2 ranks)
[RESILIENCE] Iteration 615: Global theta state checkpointed at path checkpoints/H2O/checkpoint_iter_0615.npy. 
Iter 0616 | Energy: -82.460932 | Delta: 4.08e-02 | M: 15417.1737 | Path: GPU-cuStateVec MPI-distributed (2 ranks)
Iter 0617 | Energy: -82.451004 | Delta: 9.93e-03 | M: 12720.3778 | Path: GPU-cuStateVec MPI-distributed (2 ranks)
Iter 0618 | Energy: -82.412935 | Delta: 3.81e-02 | M: 12532.7410 | Path: GPU-cuStateVec MPI-distributed (2 ranks)
Iter 0619 | Energy: -82.433529 | Delta: 2.06e-02 | M: 108.3294 | Path: GPU-cuStateVec MPI-distributed (2 ranks)
Iter 0620 | Energy: -82.435487 | Delta: 1.96e-03 | M: 13665.3092 | Path: GPU-cuStateVec MPI-distributed (2 ranks)
[RESILIENCE] Iteration 620: Global theta state checkpointed at path checkpoints/H2O/checkpoint_iter_0620.npy. 
Iter 0621 | Energy: -82.437754 | Delta: 2.27e-03 | M: 13035.6590 | Path: GPU-cuStateVec MPI-distributed (2 ranks)
Iter 0622 | Energy: -82.451526 | Delta: 1.38e-02 | M: 13906.1412 | Path: GPU-cuStateVec MPI-distributed (2 ranks)
Iter 0623 | Energy: -82.450014 | Delta: 1.51e-03 | M: 12282.1063 | Path: GPU-cuStateVec MPI-distributed (2 ranks)
Iter 0624 | Energy: -82.447336 | Delta: 2.68e-03 | M: 11145.4883 | Path: GPU-cuStateVec MPI-distributed (2 ranks)
Iter 0625 | Energy: -82.450483 | Delta: 3.15e-03 | M: 10847.1102 | Path: GPU-cuStateVec MPI-distributed (2 ranks)
[RESILIENCE] Iteration 625: Global theta state checkpointed at path checkpoints/H2O/checkpoint_iter_0625.npy. 
Iter 0626 | Energy: -82.458084 | Delta: 7.60e-03 | M: 12086.9997 | Path: GPU-cuStateVec MPI-distributed (2 ranks)
Iter 0627 | Energy: -82.454220 | Delta: 3.86e-03 | M: 16118.9673 | Path: GPU-cuStateVec MPI-distributed (2 ranks)
Iter 0628 | Energy: -82.463365 | Delta: 9.14e-03 | M: 11412.8664 | Path: GPU-cuStateVec MPI-distributed (2 ranks)
Iter 0629 | Energy: -82.440802 | Delta: 2.26e-02 | M: 12691.7859 | Path: GPU-cuStateVec MPI-distributed (2 ranks)
Iter 0630 | Energy: -82.427959 | Delta: 1.28e-02 | M: 11999.6995 | Path: GPU-cuStateVec MPI-distributed (2 ranks)
[RESILIENCE] Iteration 630: Global theta state checkpointed at path checkpoints/H2O/checkpoint_iter_0630.npy. 
Iter 0631 | Energy: -82.475850 | Delta: 4.79e-02 | M: 13971.9699 | Path: GPU-cuStateVec MPI-distributed (2 ranks)
Iter 0632 | Energy: -82.443150 | Delta: 3.27e-02 | M: 11898.2499 | Path: GPU-cuStateVec MPI-distributed (2 ranks)
Iter 0633 | Energy: -82.462056 | Delta: 1.89e-02 | M: 13883.6037 | Path: GPU-cuStateVec MPI-distributed (2 ranks)
Iter 0634 | Energy: -82.428228 | Delta: 3.38e-02 | M: 12272.3317 | Path: GPU-cuStateVec MPI-distributed (2 ranks)
Iter 0635 | Energy: -82.445372 | Delta: 1.71e-02 | M: 15032.0588 | Path: GPU-cuStateVec MPI-distributed (2 ranks)
[RESILIENCE] Iteration 635: Global theta state checkpointed at path checkpoints/H2O/checkpoint_iter_0635.npy. 
Iter 0636 | Energy: -82.431778 | Delta: 1.36e-02 | M: 12352.0716 | Path: GPU-cuStateVec MPI-distributed (2 ranks)
Iter 0637 | Energy: -82.468727 | Delta: 3.69e-02 | M: 9350.4335 | Path: GPU-cuStateVec MPI-distributed (2 ranks)
Iter 0638 | Energy: -82.483710 | Delta: 1.50e-02 | M: 10423.1186 | Path: GPU-cuStateVec MPI-distributed (2 ranks)
Iter 0639 | Energy: -82.437284 | Delta: 4.64e-02 | M: 218.9666 | Path: GPU-cuStateVec MPI-distributed (2 ranks)
Iter 0640 | Energy: -82.439074 | Delta: 1.79e-03 | M: 12379.0552 | Path: GPU-cuStateVec MPI-distributed (2 ranks)
[RESILIENCE] Iteration 640: Global theta state checkpointed at path checkpoints/H2O/checkpoint_iter_0640.npy. 
Iter 0641 | Energy: -82.451734 | Delta: 1.27e-02 | M: 9329.8332 | Path: GPU-cuStateVec MPI-distributed (2 ranks)
Iter 0642 | Energy: -82.478831 | Delta: 2.71e-02 | M: 12945.9974 | Path: GPU-cuStateVec MPI-distributed (2 ranks)
Iter 0643 | Energy: -82.458792 | Delta: 2.00e-02 | M: 15763.7711 | Path: GPU-cuStateVec MPI-distributed (2 ranks)
Iter 0644 | Energy: -82.483199 | Delta: 2.44e-02 | M: 11380.7314 | Path: GPU-cuStateVec MPI-distributed (2 ranks)
Iter 0645 | Energy: -82.480486 | Delta: 2.71e-03 | M: 15245.1158 | Path: GPU-cuStateVec MPI-distributed (2 ranks)
[RESILIENCE] Iteration 645: Global theta state checkpointed at path checkpoints/H2O/checkpoint_iter_0645.npy. 
Iter 0646 | Energy: -82.465445 | Delta: 1.50e-02 | M: 10635.1981 | Path: GPU-cuStateVec MPI-distributed (2 ranks)
Iter 0647 | Energy: -82.459354 | Delta: 6.09e-03 | M: 15354.1268 | Path: GPU-cuStateVec MPI-distributed (2 ranks)
Iter 0648 | Energy: -82.459085 | Delta: 2.69e-04 | M: 9516.1911 | Path: GPU-cuStateVec MPI-distributed (2 ranks)
Iter 0649 | Energy: -82.450314 | Delta: 8.77e-03 | M: 12182.9943 | Path: GPU-cuStateVec MPI-distributed (2 ranks)
Iter 0650 | Energy: -82.464661 | Delta: 1.43e-02 | M: 11749.2183 | Path: GPU-cuStateVec MPI-distributed (2 ranks)
[RESILIENCE] Iteration 650: Global theta state checkpointed at path checkpoints/H2O/checkpoint_iter_0650.npy. 
Iter 0651 | Energy: -82.445822 | Delta: 1.88e-02 | M: 9559.1041 | Path: GPU-cuStateVec MPI-distributed (2 ranks)
Iter 0652 | Energy: -82.471572 | Delta: 2.57e-02 | M: 15350.7524 | Path: GPU-cuStateVec MPI-distributed (2 ranks)
Iter 0653 | Energy: -82.490486 | Delta: 1.89e-02 | M: 10666.0589 | Path: GPU-cuStateVec MPI-distributed (2 ranks)
Iter 0654 | Energy: -82.464128 | Delta: 2.64e-02 | M: 13800.9388 | Path: GPU-cuStateVec MPI-distributed (2 ranks)
Iter 0655 | Energy: -82.492974 | Delta: 2.88e-02 | M: 11649.1664 | Path: GPU-cuStateVec MPI-distributed (2 ranks)
[RESILIENCE] Iteration 655: Global theta state checkpointed at path checkpoints/H2O/checkpoint_iter_0655.npy. 
Iter 0656 | Energy: -82.464004 | Delta: 2.90e-02 | M: 9861.3180 | Path: GPU-cuStateVec MPI-distributed (2 ranks)
Iter 0657 | Energy: -82.495730 | Delta: 3.17e-02 | M: 10714.5549 | Path: GPU-cuStateVec MPI-distributed (2 ranks)
Iter 0658 | Energy: -82.475280 | Delta: 2.05e-02 | M: 11382.3329 | Path: GPU-cuStateVec MPI-distributed (2 ranks)
Iter 0659 | Energy: -82.505312 | Delta: 3.00e-02 | M: 15697.3419 | Path: GPU-cuStateVec MPI-distributed (2 ranks)
Iter 0660 | Energy: -82.459672 | Delta: 4.56e-02 | M: 14582.0699 | Path: GPU-cuStateVec MPI-distributed (2 ranks)
[RESILIENCE] Iteration 660: Global theta state checkpointed at path checkpoints/H2O/checkpoint_iter_0660.npy. 
Iter 0661 | Energy: -82.493047 | Delta: 3.34e-02 | M: 14996.4282 | Path: GPU-cuStateVec MPI-distributed (2 ranks)
Iter 0662 | Energy: -82.468245 | Delta: 2.48e-02 | M: 9689.3342 | Path: GPU-cuStateVec MPI-distributed (2 ranks)
Iter 0663 | Energy: -82.504369 | Delta: 3.61e-02 | M: 15215.7275 | Path: GPU-cuStateVec MPI-distributed (2 ranks)
Iter 0664 | Energy: -82.461077 | Delta: 4.33e-02 | M: 12143.5494 | Path: GPU-cuStateVec MPI-distributed (2 ranks)
Iter 0665 | Energy: -82.476348 | Delta: 1.53e-02 | M: 11524.9943 | Path: GPU-cuStateVec MPI-distributed (2 ranks)
[RESILIENCE] Iteration 665: Global theta state checkpointed at path checkpoints/H2O/checkpoint_iter_0665.npy. 
Iter 0666 | Energy: -82.483393 | Delta: 7.05e-03 | M: 11545.2625 | Path: GPU-cuStateVec MPI-distributed (2 ranks)
Iter 0667 | Energy: -82.490096 | Delta: 6.70e-03 | M: 15451.3902 | Path: GPU-cuStateVec MPI-distributed (2 ranks)
Iter 0668 | Energy: -82.500336 | Delta: 1.02e-02 | M: 10882.6602 | Path: GPU-cuStateVec MPI-distributed (2 ranks)
Iter 0669 | Energy: -82.499811 | Delta: 5.25e-04 | M: 14453.1412 | Path: GPU-cuStateVec MPI-distributed (2 ranks)
Iter 0670 | Energy: -82.498336 | Delta: 1.47e-03 | M: 13370.4481 | Path: GPU-cuStateVec MPI-distributed (2 ranks)
[RESILIENCE] Iteration 670: Global theta state checkpointed at path checkpoints/H2O/checkpoint_iter_0670.npy. 
Iter 0671 | Energy: -82.473340 | Delta: 2.50e-02 | M: 12510.5634 | Path: GPU-cuStateVec MPI-distributed (2 ranks)
Iter 0672 | Energy: -82.498610 | Delta: 2.53e-02 | M: 12208.7732 | Path: GPU-cuStateVec MPI-distributed (2 ranks)
Iter 0673 | Energy: -82.464467 | Delta: 3.41e-02 | M: 9273.9801 | Path: GPU-cuStateVec MPI-distributed (2 ranks)
Iter 0674 | Energy: -82.500736 | Delta: 3.63e-02 | M: 11278.5946 | Path: GPU-cuStateVec MPI-distributed (2 ranks)
Iter 0675 | Energy: -82.496947 | Delta: 3.79e-03 | M: 12151.0530 | Path: GPU-cuStateVec MPI-distributed (2 ranks)
[RESILIENCE] Iteration 675: Global theta state checkpointed at path checkpoints/H2O/checkpoint_iter_0675.npy. 
Iter 0676 | Energy: -82.474353 | Delta: 2.26e-02 | M: 11484.3988 | Path: GPU-cuStateVec MPI-distributed (2 ranks)
Iter 0677 | Energy: -82.506404 | Delta: 3.21e-02 | M: 12511.0805 | Path: GPU-cuStateVec MPI-distributed (2 ranks)
Iter 0678 | Energy: -82.514824 | Delta: 8.42e-03 | M: 14476.1612 | Path: GPU-cuStateVec MPI-distributed (2 ranks)
Iter 0679 | Energy: -82.516048 | Delta: 1.22e-03 | M: 12669.0801 | Path: GPU-cuStateVec MPI-distributed (2 ranks)
Iter 0680 | Energy: -82.477105 | Delta: 3.89e-02 | M: 13336.7213 | Path: GPU-cuStateVec MPI-distributed (2 ranks)
[RESILIENCE] Iteration 680: Global theta state checkpointed at path checkpoints/H2O/checkpoint_iter_0680.npy. 
Iter 0681 | Energy: -82.483504 | Delta: 6.40e-03 | M: 12363.3730 | Path: GPU-cuStateVec MPI-distributed (2 ranks)
Iter 0682 | Energy: -82.527066 | Delta: 4.36e-02 | M: 202.3373 | Path: GPU-cuStateVec MPI-distributed (2 ranks)
Iter 0683 | Energy: -82.527243 | Delta: 1.78e-04 | M: 12210.0883 | Path: GPU-cuStateVec MPI-distributed (2 ranks)
Iter 0684 | Energy: -82.488703 | Delta: 3.85e-02 | M: 12094.6192 | Path: GPU-cuStateVec MPI-distributed (2 ranks)
Iter 0685 | Energy: -82.530360 | Delta: 4.17e-02 | M: 12798.5120 | Path: GPU-cuStateVec MPI-distributed (2 ranks)
[RESILIENCE] Iteration 685: Global theta state checkpointed at path checkpoints/H2O/checkpoint_iter_0685.npy. 
Iter 0686 | Energy: -82.487233 | Delta: 4.31e-02 | M: 12533.5908 | Path: GPU-cuStateVec MPI-distributed (2 ranks)
Iter 0687 | Energy: -82.499061 | Delta: 1.18e-02 | M: 266.0966 | Path: GPU-cuStateVec MPI-distributed (2 ranks)
Iter 0688 | Energy: -82.499922 | Delta: 8.61e-04 | M: 151.8408 | Path: GPU-cuStateVec MPI-distributed (2 ranks)
Iter 0689 | Energy: -82.513341 | Delta: 1.34e-02 | M: 162.2085 | Path: GPU-cuStateVec MPI-distributed (2 ranks)
Iter 0690 | Energy: -82.518999 | Delta: 5.66e-03 | M: 46.3222 | Path: GPU-cuStateVec MPI-distributed (2 ranks)
[RESILIENCE] Iteration 690: Global theta state checkpointed at path checkpoints/H2O/checkpoint_iter_0690.npy. 
Iter 0691 | Energy: -82.525295 | Delta: 6.30e-03 | M: 13976.9402 | Path: GPU-cuStateVec MPI-distributed (2 ranks)
Iter 0692 | Energy: -82.506392 | Delta: 1.89e-02 | M: 12385.5750 | Path: GPU-cuStateVec MPI-distributed (2 ranks)
Iter 0693 | Energy: -82.516937 | Delta: 1.05e-02 | M: 12101.6011 | Path: GPU-cuStateVec MPI-distributed (2 ranks)
Iter 0694 | Energy: -82.505865 | Delta: 1.11e-02 | M: 298.9192 | Path: GPU-cuStateVec MPI-distributed (2 ranks)
Iter 0695 | Energy: -82.510629 | Delta: 4.76e-03 | M: 15228.8323 | Path: GPU-cuStateVec MPI-distributed (2 ranks)
[RESILIENCE] Iteration 695: Global theta state checkpointed at path checkpoints/H2O/checkpoint_iter_0695.npy. 
Iter 0696 | Energy: -82.498113 | Delta: 1.25e-02 | M: 11882.0422 | Path: GPU-cuStateVec MPI-distributed (2 ranks)
Iter 0697 | Energy: -82.523188 | Delta: 2.51e-02 | M: 124.6011 | Path: GPU-cuStateVec MPI-distributed (2 ranks)
Iter 0698 | Energy: -82.508627 | Delta: 1.46e-02 | M: 10762.2965 | Path: GPU-cuStateVec MPI-distributed (2 ranks)
Iter 0699 | Energy: -82.510426 | Delta: 1.80e-03 | M: 122.4865 | Path: GPU-cuStateVec MPI-distributed (2 ranks)
Iter 0700 | Energy: -82.511607 | Delta: 1.18e-03 | M: 10510.4892 | Path: GPU-cuStateVec MPI-distributed (2 ranks)
[RESILIENCE] Iteration 700: Global theta state checkpointed at path checkpoints/H2O/checkpoint_iter_0700.npy. 
Iter 0701 | Energy: -82.545726 | Delta: 3.41e-02 | M: 9105.6248 | Path: GPU-cuStateVec MPI-distributed (2 ranks)
Iter 0702 | Energy: -82.515814 | Delta: 2.99e-02 | M: 11320.4394 | Path: GPU-cuStateVec MPI-distributed (2 ranks)
Iter 0703 | Energy: -82.504737 | Delta: 1.11e-02 | M: 159.9826 | Path: GPU-cuStateVec MPI-distributed (2 ranks)
Iter 0704 | Energy: -82.540287 | Delta: 3.56e-02 | M: 11997.6295 | Path: GPU-cuStateVec MPI-distributed (2 ranks)
Iter 0705 | Energy: -82.534137 | Delta: 6.15e-03 | M: 12945.4895 | Path: GPU-cuStateVec MPI-distributed (2 ranks)
[RESILIENCE] Iteration 705: Global theta state checkpointed at path checkpoints/H2O/checkpoint_iter_0705.npy. 
Iter 0706 | Energy: -82.544482 | Delta: 1.03e-02 | M: 10179.1115 | Path: GPU-cuStateVec MPI-distributed (2 ranks)
Iter 0707 | Energy: -82.536198 | Delta: 8.28e-03 | M: 13318.2851 | Path: GPU-cuStateVec MPI-distributed (2 ranks)
Iter 0708 | Energy: -82.543624 | Delta: 7.43e-03 | M: 11736.9737 | Path: GPU-cuStateVec MPI-distributed (2 ranks)
Iter 0709 | Energy: -82.508711 | Delta: 3.49e-02 | M: 14941.8345 | Path: GPU-cuStateVec MPI-distributed (2 ranks)
Iter 0710 | Energy: -82.541912 | Delta: 3.32e-02 | M: 14372.7335 | Path: GPU-cuStateVec MPI-distributed (2 ranks)
[RESILIENCE] Iteration 710: Global theta state checkpointed at path checkpoints/H2O/checkpoint_iter_0710.npy. 
Iter 0711 | Energy: -82.542208 | Delta: 2.96e-04 | M: 11700.8453 | Path: GPU-cuStateVec MPI-distributed (2 ranks)
Iter 0712 | Energy: -82.552784 | Delta: 1.06e-02 | M: 11346.4553 | Path: GPU-cuStateVec MPI-distributed (2 ranks)
Iter 0713 | Energy: -82.514706 | Delta: 3.81e-02 | M: 16130.4793 | Path: GPU-cuStateVec MPI-distributed (2 ranks)
Iter 0714 | Energy: -82.556939 | Delta: 4.22e-02 | M: 9972.4202 | Path: GPU-cuStateVec MPI-distributed (2 ranks)
Iter 0715 | Energy: -82.542601 | Delta: 1.43e-02 | M: 14451.9334 | Path: GPU-cuStateVec MPI-distributed (2 ranks)
[RESILIENCE] Iteration 715: Global theta state checkpointed at path checkpoints/H2O/checkpoint_iter_0715.npy. 
Iter 0716 | Energy: -82.534475 | Delta: 8.13e-03 | M: 12145.4812 | Path: GPU-cuStateVec MPI-distributed (2 ranks)
Iter 0717 | Energy: -82.537835 | Delta: 3.36e-03 | M: 15163.5443 | Path: GPU-cuStateVec MPI-distributed (2 ranks)
Iter 0718 | Energy: -82.513121 | Delta: 2.47e-02 | M: 12388.6149 | Path: GPU-cuStateVec MPI-distributed (2 ranks)
Iter 0719 | Energy: -82.553666 | Delta: 4.05e-02 | M: 11585.7545 | Path: GPU-cuStateVec MPI-distributed (2 ranks)
Iter 0720 | Energy: -82.553397 | Delta: 2.70e-04 | M: 11944.4348 | Path: GPU-cuStateVec MPI-distributed (2 ranks)
[RESILIENCE] Iteration 720: Global theta state checkpointed at path checkpoints/H2O/checkpoint_iter_0720.npy. 
Iter 0721 | Energy: -82.541201 | Delta: 1.22e-02 | M: 12527.6703 | Path: GPU-cuStateVec MPI-distributed (2 ranks)
Iter 0722 | Energy: -82.559746 | Delta: 1.85e-02 | M: 9532.9527 | Path: GPU-cuStateVec MPI-distributed (2 ranks)
Iter 0723 | Energy: -82.569373 | Delta: 9.63e-03 | M: 10066.6280 | Path: GPU-cuStateVec MPI-distributed (2 ranks)
Iter 0724 | Energy: -82.571087 | Delta: 1.71e-03 | M: 14396.6501 | Path: GPU-cuStateVec MPI-distributed (2 ranks)
Iter 0725 | Energy: -82.527824 | Delta: 4.33e-02 | M: 13466.9790 | Path: GPU-cuStateVec MPI-distributed (2 ranks)
[RESILIENCE] Iteration 725: Global theta state checkpointed at path checkpoints/H2O/checkpoint_iter_0725.npy. 
Iter 0726 | Energy: -82.559608 | Delta: 3.18e-02 | M: 15064.4681 | Path: GPU-cuStateVec MPI-distributed (2 ranks)
Iter 0727 | Energy: -82.529287 | Delta: 3.03e-02 | M: 169.7411 | Path: GPU-cuStateVec MPI-distributed (2 ranks)
Iter 0728 | Energy: -82.531117 | Delta: 1.83e-03 | M: 12813.1924 | Path: GPU-cuStateVec MPI-distributed (2 ranks)
Iter 0729 | Energy: -82.572403 | Delta: 4.13e-02 | M: 12851.0929 | Path: GPU-cuStateVec MPI-distributed (2 ranks)
Iter 0730 | Energy: -82.568795 | Delta: 3.61e-03 | M: 12370.7808 | Path: GPU-cuStateVec MPI-distributed (2 ranks)
[RESILIENCE] Iteration 730: Global theta state checkpointed at path checkpoints/H2O/checkpoint_iter_0730.npy. 
Iter 0731 | Energy: -82.583813 | Delta: 1.50e-02 | M: 414.7691 | Path: GPU-cuStateVec MPI-distributed (2 ranks)
Iter 0732 | Energy: -82.542828 | Delta: 4.10e-02 | M: 8894.6729 | Path: GPU-cuStateVec MPI-distributed (2 ranks)
Iter 0733 | Energy: -82.573876 | Delta: 3.10e-02 | M: 11083.6126 | Path: GPU-cuStateVec MPI-distributed (2 ranks)
Iter 0734 | Energy: -82.567077 | Delta: 6.80e-03 | M: 13274.5380 | Path: GPU-cuStateVec MPI-distributed (2 ranks)
Iter 0735 | Energy: -82.576987 | Delta: 9.91e-03 | M: 10082.8206 | Path: GPU-cuStateVec MPI-distributed (2 ranks)
[RESILIENCE] Iteration 735: Global theta state checkpointed at path checkpoints/H2O/checkpoint_iter_0735.npy. 
Iter 0736 | Energy: -82.576031 | Delta: 9.55e-04 | M: 14343.9888 | Path: GPU-cuStateVec MPI-distributed (2 ranks)
Iter 0737 | Energy: -82.555214 | Delta: 2.08e-02 | M: 9812.2318 | Path: GPU-cuStateVec MPI-distributed (2 ranks)
Iter 0738 | Energy: -82.581348 | Delta: 2.61e-02 | M: 10573.8639 | Path: GPU-cuStateVec MPI-distributed (2 ranks)
Iter 0739 | Energy: -82.580108 | Delta: 1.24e-03 | M: 160.1108 | Path: GPU-cuStateVec MPI-distributed (2 ranks)
Iter 0740 | Energy: -82.578707 | Delta: 1.40e-03 | M: 11998.9532 | Path: GPU-cuStateVec MPI-distributed (2 ranks)
[RESILIENCE] Iteration 740: Global theta state checkpointed at path checkpoints/H2O/checkpoint_iter_0740.npy. 
Iter 0741 | Energy: -82.554810 | Delta: 2.39e-02 | M: 12198.5825 | Path: GPU-cuStateVec MPI-distributed (2 ranks)
Iter 0742 | Energy: -82.588161 | Delta: 3.34e-02 | M: 12624.3597 | Path: GPU-cuStateVec MPI-distributed (2 ranks)
Iter 0743 | Energy: -82.575640 | Delta: 1.25e-02 | M: 11448.6628 | Path: GPU-cuStateVec MPI-distributed (2 ranks)
Iter 0744 | Energy: -82.556803 | Delta: 1.88e-02 | M: 12955.8863 | Path: GPU-cuStateVec MPI-distributed (2 ranks)
Iter 0745 | Energy: -82.570424 | Delta: 1.36e-02 | M: 11613.1614 | Path: GPU-cuStateVec MPI-distributed (2 ranks)
[RESILIENCE] Iteration 745: Global theta state checkpointed at path checkpoints/H2O/checkpoint_iter_0745.npy. 
Iter 0746 | Energy: -82.556882 | Delta: 1.35e-02 | M: 11543.9532 | Path: GPU-cuStateVec MPI-distributed (2 ranks)
Iter 0747 | Energy: -82.579738 | Delta: 2.29e-02 | M: 222.6829 | Path: GPU-cuStateVec MPI-distributed (2 ranks)
Iter 0748 | Energy: -82.559278 | Delta: 2.05e-02 | M: 10380.1724 | Path: GPU-cuStateVec MPI-distributed (2 ranks)
Iter 0749 | Energy: -82.585240 | Delta: 2.60e-02 | M: 15062.2162 | Path: GPU-cuStateVec MPI-distributed (2 ranks)
Iter 0750 | Energy: -82.589880 | Delta: 4.64e-03 | M: 12654.9606 | Path: GPU-cuStateVec MPI-distributed (2 ranks)
[RESILIENCE] Iteration 750: Global theta state checkpointed at path checkpoints/H2O/checkpoint_iter_0750.npy. 
Iter 0751 | Energy: -82.575114 | Delta: 1.48e-02 | M: 144.2894 | Path: GPU-cuStateVec MPI-distributed (2 ranks)
Iter 0752 | Energy: -82.573309 | Delta: 1.80e-03 | M: 14768.5532 | Path: GPU-cuStateVec MPI-distributed (2 ranks)
Iter 0753 | Energy: -82.598677 | Delta: 2.54e-02 | M: 15376.0085 | Path: GPU-cuStateVec MPI-distributed (2 ranks)
Iter 0754 | Energy: -82.591879 | Delta: 6.80e-03 | M: 9958.9436 | Path: GPU-cuStateVec MPI-distributed (2 ranks)
Iter 0755 | Energy: -82.547046 | Delta: 4.48e-02 | M: 197.0499 | Path: GPU-cuStateVec MPI-distributed (2 ranks)
[RESILIENCE] Iteration 755: Global theta state checkpointed at path checkpoints/H2O/checkpoint_iter_0755.npy. 
Iter 0756 | Energy: -82.581023 | Delta: 3.40e-02 | M: 9879.4332 | Path: GPU-cuStateVec MPI-distributed (2 ranks)
Iter 0757 | Energy: -82.585176 | Delta: 4.15e-03 | M: 10103.3612 | Path: GPU-cuStateVec MPI-distributed (2 ranks)
Iter 0758 | Energy: -82.565330 | Delta: 1.98e-02 | M: 12578.3564 | Path: GPU-cuStateVec MPI-distributed (2 ranks)
Iter 0759 | Energy: -82.591445 | Delta: 2.61e-02 | M: 124.1705 | Path: GPU-cuStateVec MPI-distributed (2 ranks)
Iter 0760 | Energy: -82.603898 | Delta: 1.25e-02 | M: 12611.4983 | Path: GPU-cuStateVec MPI-distributed (2 ranks)
[RESILIENCE] Iteration 760: Global theta state checkpointed at path checkpoints/H2O/checkpoint_iter_0760.npy. 
Iter 0761 | Energy: -82.579538 | Delta: 2.44e-02 | M: 11862.0213 | Path: GPU-cuStateVec MPI-distributed (2 ranks)
Iter 0762 | Energy: -82.599189 | Delta: 1.97e-02 | M: 14614.2719 | Path: GPU-cuStateVec MPI-distributed (2 ranks)
Iter 0763 | Energy: -82.590578 | Delta: 8.61e-03 | M: 250.5901 | Path: GPU-cuStateVec MPI-distributed (2 ranks)
Iter 0764 | Energy: -82.589703 | Delta: 8.75e-04 | M: 11293.8779 | Path: GPU-cuStateVec MPI-distributed (2 ranks)
Iter 0765 | Energy: -82.570514 | Delta: 1.92e-02 | M: 11028.1078 | Path: GPU-cuStateVec MPI-distributed (2 ranks)
[RESILIENCE] Iteration 765: Global theta state checkpointed at path checkpoints/H2O/checkpoint_iter_0765.npy. 
Iter 0766 | Energy: -82.590336 | Delta: 1.98e-02 | M: 11547.6810 | Path: GPU-cuStateVec MPI-distributed (2 ranks)
Iter 0767 | Energy: -82.578663 | Delta: 1.17e-02 | M: 181.2098 | Path: GPU-cuStateVec MPI-distributed (2 ranks)
Iter 0768 | Energy: -82.593377 | Delta: 1.47e-02 | M: 13320.7743 | Path: GPU-cuStateVec MPI-distributed (2 ranks)
Iter 0769 | Energy: -82.606260 | Delta: 1.29e-02 | M: 200.2614 | Path: GPU-cuStateVec MPI-distributed (2 ranks)
Iter 0770 | Energy: -82.565692 | Delta: 4.06e-02 | M: 194.7236 | Path: GPU-cuStateVec MPI-distributed (2 ranks)
[RESILIENCE] Iteration 770: Global theta state checkpointed at path checkpoints/H2O/checkpoint_iter_0770.npy. 
Iter 0771 | Energy: -82.609316 | Delta: 4.36e-02 | M: 14758.5554 | Path: GPU-cuStateVec MPI-distributed (2 ranks)
Iter 0772 | Energy: -82.573560 | Delta: 3.58e-02 | M: 15014.3679 | Path: GPU-cuStateVec MPI-distributed (2 ranks)
Iter 0773 | Energy: -82.564929 | Delta: 8.63e-03 | M: 12698.8850 | Path: GPU-cuStateVec MPI-distributed (2 ranks)
Iter 0774 | Energy: -82.598526 | Delta: 3.36e-02 | M: 12636.4868 | Path: GPU-cuStateVec MPI-distributed (2 ranks)
Iter 0775 | Energy: -82.610823 | Delta: 1.23e-02 | M: 198.4921 | Path: GPU-cuStateVec MPI-distributed (2 ranks)
[RESILIENCE] Iteration 775: Global theta state checkpointed at path checkpoints/H2O/checkpoint_iter_0775.npy. 
Iter 0776 | Energy: -82.585208 | Delta: 2.56e-02 | M: 9293.7078 | Path: GPU-cuStateVec MPI-distributed (2 ranks)
Iter 0777 | Energy: -82.596343 | Delta: 1.11e-02 | M: 10960.9025 | Path: GPU-cuStateVec MPI-distributed (2 ranks)
Iter 0778 | Energy: -82.592561 | Delta: 3.78e-03 | M: 13526.8410 | Path: GPU-cuStateVec MPI-distributed (2 ranks)
Iter 0779 | Energy: -82.606846 | Delta: 1.43e-02 | M: 134.4759 | Path: GPU-cuStateVec MPI-distributed (2 ranks)
Iter 0780 | Energy: -82.599016 | Delta: 7.83e-03 | M: 12603.1428 | Path: GPU-cuStateVec MPI-distributed (2 ranks)
[RESILIENCE] Iteration 780: Global theta state checkpointed at path checkpoints/H2O/checkpoint_iter_0780.npy. 
Iter 0781 | Energy: -82.591862 | Delta: 7.15e-03 | M: 10057.6070 | Path: GPU-cuStateVec MPI-distributed (2 ranks)
Iter 0782 | Energy: -82.574081 | Delta: 1.78e-02 | M: 12378.6676 | Path: GPU-cuStateVec MPI-distributed (2 ranks)
Iter 0783 | Energy: -82.612668 | Delta: 3.86e-02 | M: 132.0991 | Path: GPU-cuStateVec MPI-distributed (2 ranks)
Iter 0784 | Energy: -82.609986 | Delta: 2.68e-03 | M: 10091.4481 | Path: GPU-cuStateVec MPI-distributed (2 ranks)
Iter 0785 | Energy: -82.585811 | Delta: 2.42e-02 | M: 10890.6967 | Path: GPU-cuStateVec MPI-distributed (2 ranks)
[RESILIENCE] Iteration 785: Global theta state checkpointed at path checkpoints/H2O/checkpoint_iter_0785.npy. 
Iter 0786 | Energy: -82.591691 | Delta: 5.88e-03 | M: 13689.6113 | Path: GPU-cuStateVec MPI-distributed (2 ranks)
Iter 0787 | Energy: -82.603038 | Delta: 1.13e-02 | M: 113.9976 | Path: GPU-cuStateVec MPI-distributed (2 ranks)
Iter 0788 | Energy: -82.609657 | Delta: 6.62e-03 | M: 13578.9575 | Path: GPU-cuStateVec MPI-distributed (2 ranks)
Iter 0789 | Energy: -82.583633 | Delta: 2.60e-02 | M: 12522.9051 | Path: GPU-cuStateVec MPI-distributed (2 ranks)
Iter 0790 | Energy: -82.612061 | Delta: 2.84e-02 | M: 12996.4778 | Path: GPU-cuStateVec MPI-distributed (2 ranks)
[RESILIENCE] Iteration 790: Global theta state checkpointed at path checkpoints/H2O/checkpoint_iter_0790.npy. 
Iter 0791 | Energy: -82.584773 | Delta: 2.73e-02 | M: 248.2342 | Path: GPU-cuStateVec MPI-distributed (2 ranks)
Iter 0792 | Energy: -82.584726 | Delta: 4.73e-05 | M: 167.5736 | Path: GPU-cuStateVec MPI-distributed (2 ranks)
Iter 0793 | Energy: -82.604813 | Delta: 2.01e-02 | M: 11113.4970 | Path: GPU-cuStateVec MPI-distributed (2 ranks)
Iter 0794 | Energy: -82.594475 | Delta: 1.03e-02 | M: 13238.1252 | Path: GPU-cuStateVec MPI-distributed (2 ranks)
Iter 0795 | Energy: -82.608818 | Delta: 1.43e-02 | M: 12479.6457 | Path: GPU-cuStateVec MPI-distributed (2 ranks)
[RESILIENCE] Iteration 795: Global theta state checkpointed at path checkpoints/H2O/checkpoint_iter_0795.npy. 
Iter 0796 | Energy: -82.621431 | Delta: 1.26e-02 | M: 13567.0788 | Path: GPU-cuStateVec MPI-distributed (2 ranks)
Iter 0797 | Energy: -82.594362 | Delta: 2.71e-02 | M: 11518.5045 | Path: GPU-cuStateVec MPI-distributed (2 ranks)
Iter 0798 | Energy: -82.598374 | Delta: 4.01e-03 | M: 11295.4918 | Path: GPU-cuStateVec MPI-distributed (2 ranks)
Iter 0799 | Energy: -82.600604 | Delta: 2.23e-03 | M: 12311.4094 | Path: GPU-cuStateVec MPI-distributed (2 ranks)
Iter 0800 | Energy: -82.619773 | Delta: 1.92e-02 | M: 174.7283 | Path: GPU-cuStateVec MPI-distributed (2 ranks)
[RESILIENCE] Iteration 800: Global theta state checkpointed at path checkpoints/H2O/checkpoint_iter_0800.npy. 
Iter 0801 | Energy: -82.606917 | Delta: 1.29e-02 | M: 12238.0852 | Path: GPU-cuStateVec MPI-distributed (2 ranks)
Iter 0802 | Energy: -82.620964 | Delta: 1.40e-02 | M: 10321.1006 | Path: GPU-cuStateVec MPI-distributed (2 ranks)
Iter 0803 | Energy: -82.585603 | Delta: 3.54e-02 | M: 8102.1017 | Path: GPU-cuStateVec MPI-distributed (2 ranks)
Iter 0804 | Energy: -82.609506 | Delta: 2.39e-02 | M: 12313.3400 | Path: GPU-cuStateVec MPI-distributed (2 ranks)
Iter 0805 | Energy: -82.621177 | Delta: 1.17e-02 | M: 12727.1731 | Path: GPU-cuStateVec MPI-distributed (2 ranks)
[RESILIENCE] Iteration 805: Global theta state checkpointed at path checkpoints/H2O/checkpoint_iter_0805.npy. 
Iter 0806 | Energy: -82.618937 | Delta: 2.24e-03 | M: 6.0255 | Path: GPU-cuStateVec MPI-distributed (2 ranks)
Iter 0807 | Energy: -82.642443 | Delta: 2.35e-02 | M: 12467.1395 | Path: GPU-cuStateVec MPI-distributed (2 ranks)
Iter 0808 | Energy: -82.603555 | Delta: 3.89e-02 | M: 9894.3836 | Path: GPU-cuStateVec MPI-distributed (2 ranks)
Iter 0809 | Energy: -82.598634 | Delta: 4.92e-03 | M: 14442.5223 | Path: GPU-cuStateVec MPI-distributed (2 ranks)
Iter 0810 | Energy: -82.579791 | Delta: 1.88e-02 | M: 12720.8134 | Path: GPU-cuStateVec MPI-distributed (2 ranks)
[RESILIENCE] Iteration 810: Global theta state checkpointed at path checkpoints/H2O/checkpoint_iter_0810.npy. 
Iter 0811 | Energy: -82.614093 | Delta: 3.43e-02 | M: 12128.0091 | Path: GPU-cuStateVec MPI-distributed (2 ranks)
Iter 0812 | Energy: -82.616676 | Delta: 2.58e-03 | M: 10324.9323 | Path: GPU-cuStateVec MPI-distributed (2 ranks)
Iter 0813 | Energy: -82.630562 | Delta: 1.39e-02 | M: 12899.1237 | Path: GPU-cuStateVec MPI-distributed (2 ranks)
Iter 0814 | Energy: -82.613763 | Delta: 1.68e-02 | M: 13850.3463 | Path: GPU-cuStateVec MPI-distributed (2 ranks)
Iter 0815 | Energy: -82.632187 | Delta: 1.84e-02 | M: 11752.7097 | Path: GPU-cuStateVec MPI-distributed (2 ranks)
[RESILIENCE] Iteration 815: Global theta state checkpointed at path checkpoints/H2O/checkpoint_iter_0815.npy. 
Iter 0816 | Energy: -82.605877 | Delta: 2.63e-02 | M: 10740.2703 | Path: GPU-cuStateVec MPI-distributed (2 ranks)
Iter 0817 | Energy: -82.616617 | Delta: 1.07e-02 | M: 12151.3364 | Path: GPU-cuStateVec MPI-distributed (2 ranks)
Iter 0818 | Energy: -82.638717 | Delta: 2.21e-02 | M: 12986.0810 | Path: GPU-cuStateVec MPI-distributed (2 ranks)
Iter 0819 | Energy: -82.603124 | Delta: 3.56e-02 | M: 7748.3446 | Path: GPU-cuStateVec MPI-distributed (2 ranks)
Iter 0820 | Energy: -82.600253 | Delta: 2.87e-03 | M: 9013.5659 | Path: GPU-cuStateVec MPI-distributed (2 ranks)
[RESILIENCE] Iteration 820: Global theta state checkpointed at path checkpoints/H2O/checkpoint_iter_0820.npy. 
Iter 0821 | Energy: -82.641009 | Delta: 4.08e-02 | M: 9809.0074 | Path: GPU-cuStateVec MPI-distributed (2 ranks)
Iter 0822 | Energy: -82.610316 | Delta: 3.07e-02 | M: 11672.8008 | Path: GPU-cuStateVec MPI-distributed (2 ranks)
Iter 0823 | Energy: -82.638502 | Delta: 2.82e-02 | M: 9569.8051 | Path: GPU-cuStateVec MPI-distributed (2 ranks)
Iter 0824 | Energy: -82.597455 | Delta: 4.10e-02 | M: 9462.0337 | Path: GPU-cuStateVec MPI-distributed (2 ranks)
Iter 0825 | Energy: -82.612276 | Delta: 1.48e-02 | M: 11210.8633 | Path: GPU-cuStateVec MPI-distributed (2 ranks)
[RESILIENCE] Iteration 825: Global theta state checkpointed at path checkpoints/H2O/checkpoint_iter_0825.npy. 
Iter 0826 | Energy: -82.615358 | Delta: 3.08e-03 | M: 13104.3943 | Path: GPU-cuStateVec MPI-distributed (2 ranks)
Iter 0827 | Energy: -82.621578 | Delta: 6.22e-03 | M: 9559.2064 | Path: GPU-cuStateVec MPI-distributed (2 ranks)
Iter 0828 | Energy: -82.643752 | Delta: 2.22e-02 | M: 11542.8827 | Path: GPU-cuStateVec MPI-distributed (2 ranks)
Iter 0829 | Energy: -82.660897 | Delta: 1.71e-02 | M: 12303.7188 | Path: GPU-cuStateVec MPI-distributed (2 ranks)
Iter 0830 | Energy: -82.614633 | Delta: 4.63e-02 | M: 12759.2005 | Path: GPU-cuStateVec MPI-distributed (2 ranks)
[RESILIENCE] Iteration 830: Global theta state checkpointed at path checkpoints/H2O/checkpoint_iter_0830.npy. 
Iter 0831 | Energy: -82.660088 | Delta: 4.55e-02 | M: 11280.6978 | Path: GPU-cuStateVec MPI-distributed (2 ranks)
Iter 0832 | Energy: -82.630740 | Delta: 2.93e-02 | M: 11984.8986 | Path: GPU-cuStateVec MPI-distributed (2 ranks)
Iter 0833 | Energy: -82.643031 | Delta: 1.23e-02 | M: 13405.1907 | Path: GPU-cuStateVec MPI-distributed (2 ranks)
Iter 0834 | Energy: -82.649993 | Delta: 6.96e-03 | M: 10691.2257 | Path: GPU-cuStateVec MPI-distributed (2 ranks)
Iter 0835 | Energy: -82.662087 | Delta: 1.21e-02 | M: 12929.4128 | Path: GPU-cuStateVec MPI-distributed (2 ranks)
[RESILIENCE] Iteration 835: Global theta state checkpointed at path checkpoints/H2O/checkpoint_iter_0835.npy. 
Iter 0836 | Energy: -82.620546 | Delta: 4.15e-02 | M: 239.9714 | Path: GPU-cuStateVec MPI-distributed (2 ranks)
Iter 0837 | Energy: -82.650713 | Delta: 3.02e-02 | M: 12428.8423 | Path: GPU-cuStateVec MPI-distributed (2 ranks)
Iter 0838 | Energy: -82.665059 | Delta: 1.43e-02 | M: 12888.3864 | Path: GPU-cuStateVec MPI-distributed (2 ranks)
Iter 0839 | Energy: -82.634822 | Delta: 3.02e-02 | M: 12106.0262 | Path: GPU-cuStateVec MPI-distributed (2 ranks)
Iter 0840 | Energy: -82.666770 | Delta: 3.19e-02 | M: 15093.6480 | Path: GPU-cuStateVec MPI-distributed (2 ranks)
[RESILIENCE] Iteration 840: Global theta state checkpointed at path checkpoints/H2O/checkpoint_iter_0840.npy. 
Iter 0841 | Energy: -82.640295 | Delta: 2.65e-02 | M: 10210.9746 | Path: GPU-cuStateVec MPI-distributed (2 ranks)
Iter 0842 | Energy: -82.625120 | Delta: 1.52e-02 | M: 14664.0559 | Path: GPU-cuStateVec MPI-distributed (2 ranks)
Iter 0843 | Energy: -82.645646 | Delta: 2.05e-02 | M: 11254.3626 | Path: GPU-cuStateVec MPI-distributed (2 ranks)
Iter 0844 | Energy: -82.670752 | Delta: 2.51e-02 | M: 12854.6756 | Path: GPU-cuStateVec MPI-distributed (2 ranks)
Iter 0845 | Energy: -82.660698 | Delta: 1.01e-02 | M: 11982.6202 | Path: GPU-cuStateVec MPI-distributed (2 ranks)
[RESILIENCE] Iteration 845: Global theta state checkpointed at path checkpoints/H2O/checkpoint_iter_0845.npy. 
Iter 0846 | Energy: -82.634339 | Delta: 2.64e-02 | M: 14749.2791 | Path: GPU-cuStateVec MPI-distributed (2 ranks)
Iter 0847 | Energy: -82.632725 | Delta: 1.61e-03 | M: 12641.6803 | Path: GPU-cuStateVec MPI-distributed (2 ranks)
Iter 0848 | Energy: -82.660835 | Delta: 2.81e-02 | M: 12569.0975 | Path: GPU-cuStateVec MPI-distributed (2 ranks)
Iter 0849 | Energy: -82.634605 | Delta: 2.62e-02 | M: 9724.4866 | Path: GPU-cuStateVec MPI-distributed (2 ranks)
Iter 0850 | Energy: -82.626348 | Delta: 8.26e-03 | M: 10084.8291 | Path: GPU-cuStateVec MPI-distributed (2 ranks)
[RESILIENCE] Iteration 850: Global theta state checkpointed at path checkpoints/H2O/checkpoint_iter_0850.npy. 
Iter 0851 | Energy: -82.660649 | Delta: 3.43e-02 | M: 11899.2189 | Path: GPU-cuStateVec MPI-distributed (2 ranks)
Iter 0852 | Energy: -82.650050 | Delta: 1.06e-02 | M: 12957.5235 | Path: GPU-cuStateVec MPI-distributed (2 ranks)
Iter 0853 | Energy: -82.635624 | Delta: 1.44e-02 | M: 12412.0576 | Path: GPU-cuStateVec MPI-distributed (2 ranks)
Iter 0854 | Energy: -82.615683 | Delta: 1.99e-02 | M: 12361.3016 | Path: GPU-cuStateVec MPI-distributed (2 ranks)
Iter 0855 | Energy: -82.657899 | Delta: 4.22e-02 | M: 12874.4647 | Path: GPU-cuStateVec MPI-distributed (2 ranks)
[RESILIENCE] Iteration 855: Global theta state checkpointed at path checkpoints/H2O/checkpoint_iter_0855.npy. 
Iter 0856 | Energy: -82.648451 | Delta: 9.45e-03 | M: 12296.2091 | Path: GPU-cuStateVec MPI-distributed (2 ranks)
Iter 0857 | Energy: -82.670807 | Delta: 2.24e-02 | M: 12639.4284 | Path: GPU-cuStateVec MPI-distributed (2 ranks)
Iter 0858 | Energy: -82.634161 | Delta: 3.66e-02 | M: 12429.3235 | Path: GPU-cuStateVec MPI-distributed (2 ranks)
Iter 0859 | Energy: -82.647004 | Delta: 1.28e-02 | M: 13612.5804 | Path: GPU-cuStateVec MPI-distributed (2 ranks)
Iter 0860 | Energy: -82.643506 | Delta: 3.50e-03 | M: 11176.8873 | Path: GPU-cuStateVec MPI-distributed (2 ranks)
[RESILIENCE] Iteration 860: Global theta state checkpointed at path checkpoints/H2O/checkpoint_iter_0860.npy. 
Iter 0861 | Energy: -82.646775 | Delta: 3.27e-03 | M: 13451.7444 | Path: GPU-cuStateVec MPI-distributed (2 ranks)
Iter 0862 | Energy: -82.626978 | Delta: 1.98e-02 | M: 14767.7771 | Path: GPU-cuStateVec MPI-distributed (2 ranks)
Iter 0863 | Energy: -82.684608 | Delta: 5.76e-02 | M: 12669.8211 | Path: GPU-cuStateVec MPI-distributed (2 ranks)
Iter 0864 | Energy: -82.641600 | Delta: 4.30e-02 | M: 12667.7623 | Path: GPU-cuStateVec MPI-distributed (2 ranks)
Iter 0865 | Energy: -82.660204 | Delta: 1.86e-02 | M: 13186.8196 | Path: GPU-cuStateVec MPI-distributed (2 ranks)
[RESILIENCE] Iteration 865: Global theta state checkpointed at path checkpoints/H2O/checkpoint_iter_0865.npy. 
Iter 0866 | Energy: -82.651466 | Delta: 8.74e-03 | M: 10787.0180 | Path: GPU-cuStateVec MPI-distributed (2 ranks)
Iter 0867 | Energy: -82.634579 | Delta: 1.69e-02 | M: 15577.8740 | Path: GPU-cuStateVec MPI-distributed (2 ranks)
Iter 0868 | Energy: -82.650218 | Delta: 1.56e-02 | M: 12419.7321 | Path: GPU-cuStateVec MPI-distributed (2 ranks)
Iter 0869 | Energy: -82.657005 | Delta: 6.79e-03 | M: 12532.8696 | Path: GPU-cuStateVec MPI-distributed (2 ranks)
Iter 0870 | Energy: -82.650674 | Delta: 6.33e-03 | M: 15521.4769 | Path: GPU-cuStateVec MPI-distributed (2 ranks)
[RESILIENCE] Iteration 870: Global theta state checkpointed at path checkpoints/H2O/checkpoint_iter_0870.npy. 
Iter 0871 | Energy: -82.669190 | Delta: 1.85e-02 | M: 9898.8450 | Path: GPU-cuStateVec MPI-distributed (2 ranks)
Iter 0872 | Energy: -82.670307 | Delta: 1.12e-03 | M: 11999.2655 | Path: GPU-cuStateVec MPI-distributed (2 ranks)
Iter 0873 | Energy: -82.647457 | Delta: 2.29e-02 | M: 12954.8186 | Path: GPU-cuStateVec MPI-distributed (2 ranks)
Iter 0874 | Energy: -82.670967 | Delta: 2.35e-02 | M: 14245.4614 | Path: GPU-cuStateVec MPI-distributed (2 ranks)
Iter 0875 | Energy: -82.676625 | Delta: 5.66e-03 | M: 170.9317 | Path: GPU-cuStateVec MPI-distributed (2 ranks)
[RESILIENCE] Iteration 875: Global theta state checkpointed at path checkpoints/H2O/checkpoint_iter_0875.npy. 
Iter 0876 | Energy: -82.678831 | Delta: 2.21e-03 | M: 12219.8554 | Path: GPU-cuStateVec MPI-distributed (2 ranks)
Iter 0877 | Energy: -82.649935 | Delta: 2.89e-02 | M: 15159.7234 | Path: GPU-cuStateVec MPI-distributed (2 ranks)
Iter 0878 | Energy: -82.640351 | Delta: 9.58e-03 | M: 11771.9634 | Path: GPU-cuStateVec MPI-distributed (2 ranks)
Iter 0879 | Energy: -82.676181 | Delta: 3.58e-02 | M: 164.1302 | Path: GPU-cuStateVec MPI-distributed (2 ranks)
Iter 0880 | Energy: -82.680791 | Delta: 4.61e-03 | M: 12992.4297 | Path: GPU-cuStateVec MPI-distributed (2 ranks)
[RESILIENCE] Iteration 880: Global theta state checkpointed at path checkpoints/H2O/checkpoint_iter_0880.npy. 
Iter 0881 | Energy: -82.650712 | Delta: 3.01e-02 | M: 15653.7164 | Path: GPU-cuStateVec MPI-distributed (2 ranks)
Iter 0882 | Energy: -82.676005 | Delta: 2.53e-02 | M: 10621.1233 | Path: GPU-cuStateVec MPI-distributed (2 ranks)
Iter 0883 | Energy: -82.672171 | Delta: 3.83e-03 | M: 14122.8594 | Path: GPU-cuStateVec MPI-distributed (2 ranks)
Iter 0884 | Energy: -82.646401 | Delta: 2.58e-02 | M: 131.7008 | Path: GPU-cuStateVec MPI-distributed (2 ranks)
Iter 0885 | Energy: -82.678284 | Delta: 3.19e-02 | M: 200.0921 | Path: GPU-cuStateVec MPI-distributed (2 ranks)
[RESILIENCE] Iteration 885: Global theta state checkpointed at path checkpoints/H2O/checkpoint_iter_0885.npy. 
Iter 0886 | Energy: -82.650030 | Delta: 2.83e-02 | M: 15510.7067 | Path: GPU-cuStateVec MPI-distributed (2 ranks)
Iter 0887 | Energy: -82.680481 | Delta: 3.05e-02 | M: 12956.5046 | Path: GPU-cuStateVec MPI-distributed (2 ranks)
Iter 0888 | Energy: -82.646250 | Delta: 3.42e-02 | M: 14879.4239 | Path: GPU-cuStateVec MPI-distributed (2 ranks)
Iter 0889 | Energy: -82.668529 | Delta: 2.23e-02 | M: 13300.5882 | Path: GPU-cuStateVec MPI-distributed (2 ranks)
Iter 0890 | Energy: -82.654422 | Delta: 1.41e-02 | M: 12802.3321 | Path: GPU-cuStateVec MPI-distributed (2 ranks)
[RESILIENCE] Iteration 890: Global theta state checkpointed at path checkpoints/H2O/checkpoint_iter_0890.npy. 
Iter 0891 | Energy: -82.672878 | Delta: 1.85e-02 | M: 207.5162 | Path: GPU-cuStateVec MPI-distributed (2 ranks)
Iter 0892 | Energy: -82.690826 | Delta: 1.79e-02 | M: 8458.2945 | Path: GPU-cuStateVec MPI-distributed (2 ranks)
Iter 0893 | Energy: -82.647392 | Delta: 4.34e-02 | M: 12259.4609 | Path: GPU-cuStateVec MPI-distributed (2 ranks)
Iter 0894 | Energy: -82.665641 | Delta: 1.82e-02 | M: 14318.6515 | Path: GPU-cuStateVec MPI-distributed (2 ranks)
Iter 0895 | Energy: -82.662223 | Delta: 3.42e-03 | M: 12671.8262 | Path: GPU-cuStateVec MPI-distributed (2 ranks)
[RESILIENCE] Iteration 895: Global theta state checkpointed at path checkpoints/H2O/checkpoint_iter_0895.npy. 
Iter 0896 | Energy: -82.680151 | Delta: 1.79e-02 | M: 239.6747 | Path: GPU-cuStateVec MPI-distributed (2 ranks)
[VQE] Best physical energy: -74.792123 Ha (error: 0.2203 Ha) at iter 37
[VQE] Final energy -82.680151 is below FCI — reporting best physical result

[H2O] Ansatz tier:hwe_adaptive
[H2O] Corr score: 0.502 
[H2O] Best physical energy: -74.792123 Ha 
[H2O] Reference FCI : -75.012437 Ha 
[H2O] Absolute error: +0.2203 Ha 
[H2O] Iterations run: 896 (best at iter 37)
[H2O] Wall time: 280.61s (includes QPU queue + RTT) 
[H2O] Time/iter: 0.31 s 
[H2O] Source: registry 
[H2O] Active electrons: 8 
[H2O] Estimated qubits: 12 
[H2O] Note: Frozen 2 core electrons. Active space: 8 electrons, 12 qubits 

 RUNNING SCALING (with P=2 ranks) 
[Resolver] 'LiH' found in local registry 
[Chemistry:LiH] 631 Pauli terms, 12 qubits, 96 params, reps=2. FCI reference: -7.8825 Ha 
[Ansatz] HWE (adaptive) (auto) | corr_score=0.502 | off_diag_ratio=0.007
[Reason] score=0.502 in [0.25, 0.55). Moderate correlation (off_diag_ratio=0.007, zz_frac=0.979). Adaptive HWE with full entanglement recommended.
Iter 0001 | Energy: -0.391347 | Delta: inf | M: 10129.1138 | Path: GPU-cuStateVec MPI-distributed (2 ranks)
Iter 0002 | Energy: -0.353292 | Delta: 3.81e-02 | M: 9837.4640 | Path: GPU-cuStateVec MPI-distributed (2 ranks)
Iter 0003 | Energy: -0.417267 | Delta: 6.40e-02 | M: 13342.3815 | Path: GPU-cuStateVec MPI-distributed (2 ranks)
Iter 0004 | Energy: -0.638010 | Delta: 2.21e-01 | M: 10840.7159 | Path: GPU-cuStateVec MPI-distributed (2 ranks)
Iter 0005 | Energy: -0.721660 | Delta: 8.36e-02 | M: 12433.3837 | Path: GPU-cuStateVec MPI-distributed (2 ranks)
[RESILIENCE] Iteration 5: Global theta state checkpointed at path checkpoints/scaling/checkpoint_iter_0005.npy. 
Iter 0006 | Energy: -1.100416 | Delta: 3.79e-01 | M: 12720.1149 | Path: GPU-cuStateVec MPI-distributed (2 ranks)
Iter 0007 | Energy: -1.138763 | Delta: 3.83e-02 | M: 9756.4873 | Path: GPU-cuStateVec MPI-distributed (2 ranks)
Iter 0008 | Energy: -1.283152 | Delta: 1.44e-01 | M: 203.2855 | Path: GPU-cuStateVec MPI-distributed (2 ranks)
Iter 0009 | Energy: -1.253480 | Delta: 2.97e-02 | M: 10586.7608 | Path: GPU-cuStateVec MPI-distributed (2 ranks)
Iter 0010 | Energy: -1.289499 | Delta: 3.60e-02 | M: 9764.1663 | Path: GPU-cuStateVec MPI-distributed (2 ranks)
[RESILIENCE] Iteration 10: Global theta state checkpointed at path checkpoints/scaling/checkpoint_iter_0010.npy. 
[Scaling] P=2 T_total=2.4173 final_E=-1.289499 tier=hwe_adaptive qubits=12 iters=10

 RUNNING WEAK SCALING (P=2, molecule=LiH)
[Resolver] 'LiH' found in local registry 
[Chemistry:LiH] 631 Pauli terms, 12 qubits, 96 params, reps=2. FCI reference: -7.8825 Ha 
[Ansatz] HWE (adaptive) (auto) | corr_score=0.502 | off_diag_ratio=0.007
[Reason] score=0.502 in [0.25, 0.55). Moderate correlation (off_diag_ratio=0.007, zz_frac=0.979). Adaptive HWE with full entanglement recommended.
Iter 0001 | Energy: -0.393333 | Delta: inf | M: 10559.0260 | Path: GPU-cuStateVec MPI-distributed (2 ranks)
Iter 0002 | Energy: -0.558221 | Delta: 1.65e-01 | M: 8408.3950 | Path: GPU-cuStateVec MPI-distributed (2 ranks)
Iter 0003 | Energy: -0.683524 | Delta: 1.25e-01 | M: 10463.5482 | Path: GPU-cuStateVec MPI-distributed (2 ranks)
Iter 0004 | Energy: -0.969214 | Delta: 2.86e-01 | M: 9943.3749 | Path: GPU-cuStateVec MPI-distributed (2 ranks)
Iter 0005 | Energy: -1.124101 | Delta: 1.55e-01 | M: 10677.6170 | Path: GPU-cuStateVec MPI-distributed (2 ranks)
[RESILIENCE] Iteration 5: Global theta state checkpointed at path checkpoints/weak_scaling/checkpoint_iter_0005.npy. 
Iter 0006 | Energy: -1.536693 | Delta: 4.13e-01 | M: 12430.3068 | Path: GPU-cuStateVec MPI-distributed (2 ranks)
Iter 0007 | Energy: -2.211627 | Delta: 6.75e-01 | M: 248.7501 | Path: GPU-cuStateVec MPI-distributed (2 ranks)
Iter 0008 | Energy: -2.321251 | Delta: 1.10e-01 | M: 9946.6510 | Path: GPU-cuStateVec MPI-distributed (2 ranks)
Iter 0009 | Energy: -2.744259 | Delta: 4.23e-01 | M: 9919.3855 | Path: GPU-cuStateVec MPI-distributed (2 ranks)
Iter 0010 | Energy: -3.048238 | Delta: 3.04e-01 | M: 9352.3750 | Path: GPU-cuStateVec MPI-distributed (2 ranks)
[RESILIENCE] Iteration 10: Global theta state checkpointed at path checkpoints/weak_scaling/checkpoint_iter_0010.npy. 
[Weak Scaling] P=2 mol=LiH terms=631 terms/rank=316 T_total=2.4194 T/iter=0.2419 final_E=-3.048238



---ALL LOCAL BENCHMARKS COMPLETE ----
Ranks used : 2
GPU : True
Backend : simulator 
Molecule   Energy (Ha)      Error (Ha)     Ansatz               Corr   Iters    Time(s)    T/iter(s) 
H2         -1.134896        +0.0024 Ha     HWE (adaptive)       0.342  200      39.26      0.1963    
LiH        -7.546284        +0.3362 Ha     HWE (adaptive)       0.502  768      187.19     0.2437    
BeH2       -15.555709       +0.0394 Ha     HWE (adaptive)       0.501  896      248.78     0.2777    
H2O        -74.792123       +0.2203 Ha     HWE (adaptive)       0.502  896      280.61     0.3132    
[Results] Saved to results/simulator/simulator_20260326_201702.json
[  771.10s] Log closed
