[    0.00s] Log started
[Config] GPU=requested
[Config] Molecules: ['H2', 'LiH', 'BeH2', 'H2O']
[Config] Resolver: max_qubits=20, cache=.pubchem_cache/
[Stack]  Initialized 2 MPI rank(s), GPU=e[Chemistry:H2] 15 Pauli terms, 4 qubits, 24 params, reps=1. FCI reference: -1.1373 Ha 
[Ansatz] HWE (adaptive) (auto) | corr_score[Chemistry:H2] 15 Pauli terms, 4 qubits, 24 params, reps=1. FCI reference: -1.1373 Ha 
[Ansatz] HWE (adaptive) (auto) | corr_score=0.342 | off_diag_ratio=0.056
[Reason] score=0.[Resolver] 'LiH' found in local registry 
[Chemistry:LiH] 631 Pauli terms, 12 qubits, 96 params, reps=2. FCI reference: -7.8825 Ha 
[Ansatz] HWE (adaptive) (auto) | corr_score=0.502 | off_diag_ratio=0.007
[Reason] score=0.502 in [0.25, 0.55). Moderate correlation (off_diag_ratio=0.007, zz_frac=0.979). Adaptive HWE with full entanglement recommended.
0003 | Energy: -0.041786 | Delta: 7.44e-03 | M: 35.6087 | Path: CPU-Statevector MPI-distributed (2 ranks)
Iter 0004 | Energy: -0.022947 | Delta: 1.88e-02 | M: 43.7859 | Path: CPU-Statevector MPI-distributed (2 ranks)
Iter 0005 | Energy: -0.039845 | Delta: 1.69e-02 | M: 34.1869 | Path: CPU-Statevector MPI-distributed (2 ranks)
[RESILIENCE] Iteration 5: Global theta state checkpointed at path checkpoints/H2/checkpoint_iter_0005.npy. 
Iter 0006 | Energy: -0.032940 | Delta: 6.91e-03 | M: 251.4416 | Path: CPU-Statevector MPI-distributed (2 ranks)
Iter 0007 | Energy: -0.038593 | Delta: 5.65e-03 | M: 49.1206 | Path: CPU-Statevector MPI-distributed (2 ranks)
Iter 0008 | Energy: -0.034324 | Delta: 4.27e-03 | M: 29.3000 | Path: CPU-Statevector MPI-distributed (2 ranks)
Iter 0009 | Energy: -0.038720 | Delta: 4.40e-03 | M: 81.7877 | Path: CPU-Statevector MPI-distributed (2 ranks)
Iter 0010 | Energy: -0.038716 | Delta: 4.22e-06 | M: 45.6676 | Path: CPU-Statevector MPI-distributed (2 ranks)
[RESILIENCE] Iteration 10: Global theta state checkpointed at path checkpoints/H2/checkpoint_iter_0010.npy. 
Iter 0011 | Energy: -0.041388 | Delta: 2.67e-03 | M: 27.3102 | Path: CPU-Statevector MPI-distributed (2 ranks)
Iter 0012 | Energy: -0.039931 | Delta: 1.46e-03 | M: 40.0435 | Path: CPU-Statevector MPI-distributed (2 ranks)
Iter 0013 | Energy: -0.046354 | Delta: 6.42e-03 | M: 30.2951 | Path: CPU-Statevector MPI-distributed (2 ranks)
Iter 0014 | Energy: -0.041947 | Delta: 4.41e-03 | M: 22.0308 | Path: CPU-Statevector MPI-distributed (2 ranks)
Iter 0015 | Energy: -0.049653 | Delta: 7.71e-03 | M: 5.9701 | Path: CPU-Statevector MPI-distributed (2 ranks)
[RESILIENCE] Iteration 15: Global theta state checkpointed at path checkpoints/H2/checkpoint_iter_0015.npy. 
Iter 0016 | Energy: -0.047697 | Delta: 1.96e-03 | M: 22.9809 | Path: CPU-Statevector MPI-distributed (2 ranks)
Iter 0017 | Energy: -0.045866 | Delta: 1.83e-03 | M: 52.9438 | Path: CPU-Statevector MPI-distributed (2 ranks)
Iter 0018 | Energy: -0.051388 | Delta: 5.52e-03 | M: 23.0969 | Path: CPU-Statevector MPI-distributed (2 ranks)
Iter 0019 | Energy: -0.055030 | Delta: 3.64e-03 | M: 80.3018 | Path: CPU-Statevector MPI-distributed (2 ranks)
Iter 0020 | Energy: -0.056306 | Delta: 1.28e-03 | M: 296.4654 | Path: CPU-Statevector MPI-distributed (2 ranks)
[RESILIENCE] Iteration 20: Global theta state checkpointed at path checkpoints/H2/checkpoint_iter_0020.npy. 
Iter 0021 | Energy: -0.055543 | Delta: 7.63e-04 | M: 276.3311 | Path: CPU-Statevector MPI-distributed (2 ranks)
Iter 0022 | Energy: -0.061926 | Delta: 6.38e-03 | M: 74.8305 | Path: CPU-Statevector MPI-distributed (2 ranks)
Iter 0023 | Energy: -0.061371 | Delta: 5.56e-04 | M: 85.6676 | Path: CPU-Statevector MPI-distributed (2 ranks)
Iter 0024 | Energy: -0.052939 | Delta: 8.43e-03 | M: 270.7665 | Path: CPU-Statevector MPI-distributed (2 ranks)
Iter 0025 | Energy: -0.057413 | Delta: 4.47e-03 | M: 282.1432 | Path: CPU-Statevector MPI-distributed (2 ranks)
[RESILIENCE] Iteration 25: Global theta state checkpointed at path checkpoints/H2/checkpoint_iter_0025.npy. 
Iter 0026 | Energy: -0.072205 | Delta: 1.48e-02 | M: 95.8325 | Path: CPU-Statevector MPI-distributed (2 ranks)
Iter 0027 | Energy: -0.082031 | Delta: 9.83e-03 | M: 74.2416 | Path: CPU-Statevector MPI-distributed (2 ranks)
Iter 0028 | Energy: -0.088259 | Delta: 6.23e-03 | M: 278.8380 | Path: CPU-Statevector MPI-distributed (2 ranks)
Iter 0029 | Energy: -0.083477 | Delta: 4.78e-03 | M: 36.1180 | Path: CPU-Statevector MPI-distributed (2 ranks)
Iter 0030 | Energy: -0.087601 | Delta: 4.12e-03 | M: 58.7916 | Path: CPU-Statevector MPI-distributed (2 ranks)
[RESILIENCE] Iteration 30: Global theta state checkpointed at path checkpoints/H2/checkpoint_iter_0030.npy. 
Iter 0031 | Energy: -0.095204 | Delta: 7.60e-03 | M: 276.8527 | Path: CPU-Statevector MPI-distributed (2 ranks)
Iter 0032 | Energy: -0.104732 | Delta: 9.53e-03 | M: 124.1874 | Path: CPU-Statevector MPI-distributed (2 ranks)
Iter 0033 | Energy: -0.105180 | Delta: 4.48e-04 | M: 268.8494 | Path: CPU-Statevector MPI-distributed (2 ranks)
Iter 0034 | Energy: -0.107591 | Delta: 2.41e-03 | M: 86.3248 | Path: CPU-Statevector MPI-distributed (2 ranks)
Iter 0035 | Energy: -0.117344 | Delta: 9.75e-03 | M: 73.4153 | Path: CPU-Statevector MPI-distributed (2 ranks)
[RESILIENCE] Iteration 35: Global theta state checkpointed at path checkpoints/H2/checkpoint_iter_0035.npy. 
Iter 0036 | Energy: -0.125186 | Delta: 7.84e-03 | M: 208.7015 | Path: CPU-Statevector MPI-distributed (2 ranks)
Iter 0037 | Energy: -0.123267 | Delta: 1.92e-03 | M: 7.0416 | Path: CPU-Statevector MPI-distributed (2 ranks)
Iter 0038 | Energy: -0.137322 | Delta: 1.41e-02 | M: 29.0545 | Path: CPU-Statevector MPI-distributed (2 ranks)
Iter 0039 | Energy: -0.152753 | Delta: 1.54e-02 | M: 41.8844 | Path: CPU-Statevector MPI-distributed (2 ranks)
Iter 0040 | Energy: -0.157060 | Delta: 4.31e-03 | M: 42.2734 | Path: CPU-Statevector MPI-distributed (2 ranks)
[RESILIENCE] Iteration 40: Global theta state checkpointed at path checkpoints/H2/checkpoint_iter_0040.npy. 
Iter 0041 | Energy: -0.157721 | Delta: 6.61e-04 | M: 16.3964 | Path: CPU-Statevector MPI-distributed (2 ranks)
Iter 0042 | Energy: -0.156961 | Delta: 7.60e-04 | M: 291.6749 | Path: CPU-Statevector MPI-distributed (2 ranks)
Iter 0043 | Energy: -0.162177 | Delta: 5.22e-03 | M: 60.2433 | Path: CPU-Statevector MPI-distributed (2 ranks)
Iter 0044 | Energy: -0.179111 | Delta: 1.69e-02 | M: 271.7650 | Path: CPU-Statevector MPI-distributed (2 ranks)
Iter 0045 | Energy: -0.188373 | Delta: 9.26e-03 | M: 211.6229 | Path: CPU-Statevector MPI-distributed (2 ranks)
[RESILIENCE] Iteration 45: Global theta state checkpointed at path checkpoints/H2/checkpoint_iter_0045.npy. 
Iter 0046 | Energy: -0.200790 | Delta: 1.24e-02 | M: 268.1294 | Path: CPU-Statevector MPI-distributed (2 ranks)
Iter 0047 | Energy: -0.197062 | Delta: 3.73e-03 | M: 93.6646 | Path: CPU-Statevector MPI-distributed (2 ranks)
Iter 0048 | Energy: -0.189798 | Delta: 7.26e-03 | M: 87.4369 | Path: CPU-Statevector MPI-distributed (2 ranks)
Iter 0049 | Energy: -0.205025 | Delta: 1.52e-02 | M: 47.7162 | Path: CPU-Statevector MPI-distributed (2 ranks)
Iter 0050 | Energy: -0.234639 | Delta: 2.96e-02 | M: 134.8133 | Path: CPU-Statevector MPI-distributed (2 ranks)
[RESILIENCE] Iteration 50: Global theta state checkpointed at path checkpoints/H2/checkpoint_iter_0050.npy. 
Iter 0051 | Energy: -0.230608 | Delta: 4.03e-03 | M: 271.6472 | Path: CPU-Statevector MPI-distributed (2 ranks)
Iter 0052 | Energy: -0.238507 | Delta: 7.90e-03 | M: 108.3213 | Path: CPU-Statevector MPI-distributed (2 ranks)
Iter 0053 | Energy: -0.245525 | Delta: 7.02e-03 | M: 46.8993 | Path: CPU-Statevector MPI-distributed (2 ranks)
Iter 0054 | Energy: -0.237356 | Delta: 8.17e-03 | M: 69.7650 | Path: CPU-Statevector MPI-distributed (2 ranks)
Iter 0055 | Energy: -0.259306 | Delta: 2.19e-02 | M: 91.5837 | Path: CPU-Statevector MPI-distributed (2 ranks)
[RESILIENCE] Iteration 55: Global theta state checkpointed at path checkpoints/H2/checkpoint_iter_0055.npy. 
Iter 0056 | Energy: -0.275362 | Delta: 1.61e-02 | M: 126.6076 | Path: CPU-Statevector MPI-distributed (2 ranks)
Iter 0057 | Energy: -0.272275 | Delta: 3.09e-03 | M: 53.1478 | Path: CPU-Statevector MPI-distributed (2 ranks)
Iter 0058 | Energy: -0.292185 | Delta: 1.99e-02 | M: 112.8744 | Path: CPU-Statevector MPI-distributed (2 ranks)
Iter 0059 | Energy: -0.302573 | Delta: 1.04e-02 | M: 6.8255 | Path: CPU-Statevector MPI-distributed (2 ranks)
Iter 0060 | Energy: -0.349488 | Delta: 4.69e-02 | M: 46.6970 | Path: CPU-Statevector MPI-distributed (2 ranks)
[RESILIENCE] Iteration 60: Global theta state checkpointed at path checkpoints/H2/checkpoint_iter_0060.npy. 
Iter 0061 | Energy: -0.377147 | Delta: 2.77e-02 | M: 32.3222 | Path: CPU-Statevector MPI-distributed (2 ranks)
Iter 0062 | Energy: -0.377085 | Delta: 6.25e-05 | M: 278.0529 | Path: CPU-Statevector MPI-distributed (2 ranks)
Iter 0063 | Energy: -0.378766 | Delta: 1.68e-03 | M: 67.9108 | Path: CPU-Statevector MPI-distributed (2 ranks)
Iter 0064 | Energy: -0.397378 | Delta: 1.86e-02 | M: 299.7990 | Path: CPU-Statevector MPI-distributed (2 ranks)
Iter 0065 | Energy: -0.428638 | Delta: 3.13e-02 | M: 143.5408 | Path: CPU-Statevector MPI-distributed (2 ranks)
[RESILIENCE] Iteration 65: Global theta state checkpointed at path checkpoints/H2/checkpoint_iter_0065.npy. 
Iter 0066 | Energy: -0.428725 | Delta: 8.65e-05 | M: 58.6131 | Path: CPU-Statevector MPI-distributed (2 ranks)
Iter 0067 | Energy: -0.456223 | Delta: 2.75e-02 | M: 271.7419 | Path: CPU-Statevector MPI-distributed (2 ranks)
Iter 0068 | Energy: -0.477559 | Delta: 2.13e-02 | M: 272.6857 | Path: CPU-Statevector MPI-distributed (2 ranks)
Iter 0069 | Energy: -0.481686 | Delta: 4.13e-03 | M: 270.2957 | Path: CPU-Statevector MPI-distributed (2 ranks)
Iter 0070 | Energy: -0.489568 | Delta: 7.88e-03 | M: 274.1696 | Path: CPU-Statevector MPI-distributed (2 ranks)
[RESILIENCE] Iteration 70: Global theta state checkpointed at path checkpoints/H2/checkpoint_iter_0070.npy. 
Iter 0071 | Energy: -0.488210 | Delta: 1.36e-03 | M: 268.8154 | Path: CPU-Statevector MPI-distributed (2 ranks)
Iter 0072 | Energy: -0.492942 | Delta: 4.73e-03 | M: 275.5100 | Path: CPU-Statevector MPI-distributed (2 ranks)
Iter 0073 | Energy: -0.555441 | Delta: 6.25e-02 | M: 257.8662 | Path: CPU-Statevector MPI-distributed (2 ranks)
Iter 0074 | Energy: -0.558116 | Delta: 2.67e-03 | M: 97.4205 | Path: CPU-Statevector MPI-distributed (2 ranks)
Iter 0075 | Energy: -0.557646 | Delta: 4.70e-04 | M: 41.9904 | Path: CPU-Statevector MPI-distributed (2 ranks)
[RESILIENCE] Iteration 75: Global theta state checkpointed at path checkpoints/H2/checkpoint_iter_0075.npy. 
Iter 0076 | Energy: -0.555519 | Delta: 2.13e-03 | M: 234.0120 | Path: CPU-Statevector MPI-distributed (2 ranks)
Iter 0077 | Energy: -0.569376 | Delta: 1.39e-02 | M: 273.6920 | Path: CPU-Statevector MPI-distributed (2 ranks)
Iter 0078 | Energy: -0.593032 | Delta: 2.37e-02 | M: 263.2039 | Path: CPU-Statevector MPI-distributed (2 ranks)
Iter 0079 | Energy: -0.586227 | Delta: 6.81e-03 | M: 75.6539 | Path: CPU-Statevector MPI-distributed (2 ranks)
Iter 0080 | Energy: -0.591151 | Delta: 4.92e-03 | M: 154.1337 | Path: CPU-Statevector MPI-distributed (2 ranks)
[RESILIENCE] Iteration 80: Global theta state checkpointed at path checkpoints/H2/checkpoint_iter_0080.npy. 
Iter 0081 | Energy: -0.608018 | Delta: 1.69e-02 | M: 6.7760 | Path: CPU-Statevector MPI-distributed (2 ranks)
Iter 0082 | Energy: -0.603117 | Delta: 4.90e-03 | M: 19.5169 | Path: CPU-Statevector MPI-distributed (2 ranks)
Iter 0083 | Energy: -0.603431 | Delta: 3.14e-04 | M: 21.2474 | Path: CPU-Statevector MPI-distributed (2 ranks)
Iter 0084 | Energy: -0.623809 | Delta: 2.04e-02 | M: 18.1416 | Path: CPU-Statevector MPI-distributed (2 ranks)
Iter 0085 | Energy: -0.618667 | Delta: 5.14e-03 | M: 171.4945 | Path: CPU-Statevector MPI-distributed (2 ranks)
[RESILIENCE] Iteration 85: Global theta state checkpointed at path checkpoints/H2/checkpoint_iter_0085.npy. 
Iter 0086 | Energy: -0.648739 | Delta: 3.01e-02 | M: 293.9055 | Path: CPU-Statevector MPI-distributed (2 ranks)
Iter 0087 | Energy: -0.645768 | Delta: 2.97e-03 | M: 211.7934 | Path: CPU-Statevector MPI-distributed (2 ranks)
Iter 0088 | Energy: -0.648330 | Delta: 2.56e-03 | M: 275.1829 | Path: CPU-Statevector MPI-distributed (2 ranks)
Iter 0089 | Energy: -0.652072 | Delta: 3.74e-03 | M: 278.2511 | Path: CPU-Statevector MPI-distributed (2 ranks)
Iter 0090 | Energy: -0.663115 | Delta: 1.10e-02 | M: 271.7231 | Path: CPU-Statevector MPI-distributed (2 ranks)
[RESILIENCE] Iteration 90: Global theta state checkpointed at path checkpoints/H2/checkpoint_iter_0090.npy. 
Iter 0091 | Energy: -0.667072 | Delta: 3.96e-03 | M: 273.7945 | Path: CPU-Statevector MPI-distributed (2 ranks)
Iter 0092 | Energy: -0.686643 | Delta: 1.96e-02 | M: 280.1657 | Path: CPU-Statevector MPI-distributed (2 ranks)
Iter 0093 | Energy: -0.717692 | Delta: 3.10e-02 | M: 272.1673 | Path: CPU-Statevector MPI-distributed (2 ranks)
Iter 0094 | Energy: -0.725276 | Delta: 7.58e-03 | M: 271.5675 | Path: CPU-Statevector MPI-distributed (2 ranks)
Iter 0095 | Energy: -0.760465 | Delta: 3.52e-02 | M: 203.8827 | Path: CPU-Statevector MPI-distributed (2 ranks)
[RESILIENCE] Iteration 95: Global theta state checkpointed at path checkpoints/H2/checkpoint_iter_0095.npy. 
Iter 0096 | Energy: -0.760575 | Delta: 1.10e-04 | M: 272.8741 | Path: CPU-Statevector MPI-distributed (2 ranks)
Iter 0097 | Energy: -0.792131 | Delta: 3.16e-02 | M: 142.1510 | Path: CPU-Statevector MPI-distributed (2 ranks)
Iter 0098 | Energy: -0.811251 | Delta: 1.91e-02 | M: 271.6342 | Path: CPU-Statevector MPI-distributed (2 ranks)
Iter 0099 | Energy: -0.834872 | Delta: 2.36e-02 | M: 107.8601 | Path: CPU-Statevector MPI-distributed (2 ranks)
Iter 0100 | Energy: -0.866477 | Delta: 3.16e-02 | M: 268.2211 | Path: CPU-Statevector MPI-distributed (2 ranks)
[RESILIENCE] Iteration 100: Global theta state checkpointed at path checkpoints/H2/checkpoint_iter_0100.npy. 
Iter 0101 | Energy: -0.858003 | Delta: 8.47e-03 | M: 75.7636 | Path: CPU-Statevector MPI-distributed (2 ranks)
Iter 0102 | Energy: -0.907781 | Delta: 4.98e-02 | M: 33.0687 | Path: CPU-Statevector MPI-distributed (2 ranks)
Iter 0103 | Energy: -0.914757 | Delta: 6.98e-03 | M: 6.3432 | Path: CPU-Statevector MPI-distributed (2 ranks)
Iter 0104 | Energy: -0.910524 | Delta: 4.23e-03 | M: 30.6978 | Path: CPU-Statevector MPI-distributed (2 ranks)
Iter 0105 | Energy: -0.916545 | Delta: 6.02e-03 | M: 21.1860 | Path: CPU-Statevector MPI-distributed (2 ranks)
[RESILIENCE] Iteration 105: Global theta state checkpointed at path checkpoints/H2/checkpoint_iter_0105.npy. 
Iter 0106 | Energy: -0.913122 | Delta: 3.42e-03 | M: 41.8209 | Path: CPU-Statevector MPI-distributed (2 ranks)
Iter 0107 | Energy: -0.935058 | Delta: 2.19e-02 | M: 23.2310 | Path: CPU-Statevector MPI-distributed (2 ranks)
Iter 0108 | Energy: -0.939233 | Delta: 4.17e-03 | M: 246.5574 | Path: CPU-Statevector MPI-distributed (2 ranks)
Iter 0109 | Energy: -0.938823 | Delta: 4.09e-04 | M: 25.0867 | Path: CPU-Statevector MPI-distributed (2 ranks)
Iter 0110 | Energy: -0.951156 | Delta: 1.23e-02 | M: 120.8038 | Path: CPU-Statevector MPI-distributed (2 ranks)
[RESILIENCE] Iteration 110: Global theta state checkpointed at path checkpoints/H2/checkpoint_iter_0110.npy. 
Iter 0111 | Energy: -0.972435 | Delta: 2.13e-02 | M: 266.7328 | Path: CPU-Statevector MPI-distributed (2 ranks)
Iter 0112 | Energy: -1.014662 | Delta: 4.22e-02 | M: 63.3076 | Path: CPU-Statevector MPI-distributed (2 ranks)
Iter 0113 | Energy: -1.021855 | Delta: 7.19e-03 | M: 102.4313 | Path: CPU-Statevector MPI-distributed (2 ranks)
Iter 0114 | Energy: -1.039026 | Delta: 1.72e-02 | M: 272.9080 | Path: CPU-Statevector MPI-distributed (2 ranks)
Iter 0115 | Energy: -1.078631 | Delta: 3.96e-02 | M: 272.0010 | Path: CPU-Statevector MPI-distributed (2 ranks)
[RESILIENCE] Iteration 115: Global theta state checkpointed at path checkpoints/H2/checkpoint_iter_0115.npy. 
Iter 0116 | Energy: -1.074066 | Delta: 4.57e-03 | M: 269.2806 | Path: CPU-Statevector MPI-distributed (2 ranks)
Iter 0117 | Energy: -1.080843 | Delta: 6.78e-03 | M: 68.0519 | Path: CPU-Statevector MPI-distributed (2 ranks)
Iter 0118 | Energy: -1.077193 | Delta: 3.65e-03 | M: 121.9105 | Path: CPU-Statevector MPI-distributed (2 ranks)
Iter 0119 | Energy: -1.098943 | Delta: 2.18e-02 | M: 70.4050 | Path: CPU-Statevector MPI-distributed (2 ranks)
Iter 0120 | Energy: -1.113970 | Delta: 1.50e-02 | M: 270.1525 | Path: CPU-Statevector MPI-distributed (2 ranks)
[RESILIENCE] Iteration 120: Global theta state checkpointed at path checkpoints/H2/checkpoint_iter_0120.npy. 
Iter 0121 | Energy: -1.120281 | Delta: 6.31e-03 | M: 267.2550 | Path: CPU-Statevector MPI-distributed (2 ranks)
Iter 0122 | Energy: -1.117180 | Delta: 3.10e-03 | M: 51.9746 | Path: CPU-Statevector MPI-distributed (2 ranks)
Iter 0123 | Energy: -1.131374 | Delta: 1.42e-02 | M: 86.4589 | Path: CPU-Statevector MPI-distributed (2 ranks)
Iter 0124 | Energy: -1.130586 | Delta: 7.89e-04 | M: 34.3263 | Path: CPU-Statevector MPI-distributed (2 ranks)
Iter 0125 | Energy: -1.134508 | Delta: 3.92e-03 | M: 3.9484 | Path: CPU-Statevector MPI-distributed (2 ranks)
[RESILIENCE] Iteration 125: Global theta state checkpointed at path checkpoints/H2/checkpoint_iter_0125.npy. 
Iter 0126 | Energy: -1.134896 | Delta: 3.87e-04 | M: 33.1035 | Path: CPU-Statevector MPI-distributed (2 ranks)
NOTE: Energy -1.1695 crossed below FCI -1.1373 at iter 127 — HWE ansatz leaving physical sector (expected limitation)
Iter 0127 | Energy: -1.169454 | Delta: 3.46e-02 | M: 32.9014 | Path: CPU-Statevector MPI-distributed (2 ranks)
Iter 0128 | Energy: -1.161551 | Delta: 7.90e-03 | M: 23.5067 | Path: CPU-Statevector MPI-distributed (2 ranks)
Iter 0129 | Energy: -1.165341 | Delta: 3.79e-03 | M: 13.5795 | Path: CPU-Statevector MPI-distributed (2 ranks)
Iter 0130 | Energy: -1.162592 | Delta: 2.75e-03 | M: 261.7877 | Path: CPU-Statevector MPI-distributed (2 ranks)
[RESILIENCE] Iteration 130: Global theta state checkpointed at path checkpoints/H2/checkpoint_iter_0130.npy. 
Iter 0131 | Energy: -1.166031 | Delta: 3.44e-03 | M: 62.2799 | Path: CPU-Statevector MPI-distributed (2 ranks)
Iter 0132 | Energy: -1.172081 | Delta: 6.05e-03 | M: 51.5017 | Path: CPU-Statevector MPI-distributed (2 ranks)
Iter 0133 | Energy: -1.169426 | Delta: 2.66e-03 | M: 39.1022 | Path: CPU-Statevector MPI-distributed (2 ranks)
Iter 0134 | Energy: -1.178971 | Delta: 9.54e-03 | M: 37.9405 | Path: CPU-Statevector MPI-distributed (2 ranks)
Iter 0135 | Energy: -1.182285 | Delta: 3.31e-03 | M: 117.8808 | Path: CPU-Statevector MPI-distributed (2 ranks)
[RESILIENCE] Iteration 135: Global theta state checkpointed at path checkpoints/H2/checkpoint_iter_0135.npy. 
Iter 0136 | Energy: -1.177917 | Delta: 4.37e-03 | M: 203.4717 | Path: CPU-Statevector MPI-distributed (2 ranks)
Iter 0137 | Energy: -1.179370 | Delta: 1.45e-03 | M: 169.2632 | Path: CPU-Statevector MPI-distributed (2 ranks)
Iter 0138 | Energy: -1.186667 | Delta: 7.30e-03 | M: 129.9595 | Path: CPU-Statevector MPI-distributed (2 ranks)
Iter 0139 | Energy: -1.188373 | Delta: 1.71e-03 | M: 49.0675 | Path: CPU-Statevector MPI-distributed (2 ranks)
Iter 0140 | Energy: -1.187870 | Delta: 5.03e-04 | M: 25.0955 | Path: CPU-Statevector MPI-distributed (2 ranks)
[RESILIENCE] Iteration 140: Global theta state checkpointed at path checkpoints/H2/checkpoint_iter_0140.npy. 
Iter 0141 | Energy: -1.212090 | Delta: 2.42e-02 | M: 37.3821 | Path: CPU-Statevector MPI-distributed (2 ranks)
Iter 0142 | Energy: -1.214721 | Delta: 2.63e-03 | M: 66.3565 | Path: CPU-Statevector MPI-distributed (2 ranks)
Iter 0143 | Energy: -1.219015 | Delta: 4.29e-03 | M: 33.3343 | Path: CPU-Statevector MPI-distributed (2 ranks)
Iter 0144 | Energy: -1.230619 | Delta: 1.16e-02 | M: 32.3901 | Path: CPU-Statevector MPI-distributed (2 ranks)
Iter 0145 | Energy: -1.231294 | Delta: 6.75e-04 | M: 78.8609 | Path: CPU-Statevector MPI-distributed (2 ranks)
[RESILIENCE] Iteration 145: Global theta state checkpointed at path checkpoints/H2/checkpoint_iter_0145.npy. 
Iter 0146 | Energy: -1.238420 | Delta: 7.13e-03 | M: 42.6979 | Path: CPU-Statevector MPI-distributed (2 ranks)
Iter 0147 | Energy: -1.240041 | Delta: 1.62e-03 | M: 5.2663 | Path: CPU-Statevector MPI-distributed (2 ranks)
Iter 0148 | Energy: -1.253496 | Delta: 1.35e-02 | M: 19.8796 | Path: CPU-Statevector MPI-distributed (2 ranks)
Iter 0149 | Energy: -1.265603 | Delta: 1.21e-02 | M: 19.7627 | Path: CPU-Statevector MPI-distributed (2 ranks)
Iter 0150 | Energy: -1.270863 | Delta: 5.26e-03 | M: 61.9877 | Path: CPU-Statevector MPI-distributed (2 ranks)
[RESILIENCE] Iteration 150: Global theta state checkpointed at path checkpoints/H2/checkpoint_iter_0150.npy. 
Iter 0151 | Energy: -1.268570 | Delta: 2.29e-03 | M: 19.4434 | Path: CPU-Statevector MPI-distributed (2 ranks)
Iter 0152 | Energy: -1.276877 | Delta: 8.31e-03 | M: 300.5335 | Path: CPU-Statevector MPI-distributed (2 ranks)
Iter 0153 | Energy: -1.284514 | Delta: 7.64e-03 | M: 269.0489 | Path: CPU-Statevector MPI-distributed (2 ranks)
Iter 0154 | Energy: -1.295406 | Delta: 1.09e-02 | M: 269.9605 | Path: CPU-Statevector MPI-distributed (2 ranks)
Iter 0155 | Energy: -1.297339 | Delta: 1.93e-03 | M: 41.5283 | Path: CPU-Statevector MPI-distributed (2 ranks)
[RESILIENCE] Iteration 155: Global theta state checkpointed at path checkpoints/H2/checkpoint_iter_0155.npy. 
Iter 0156 | Energy: -1.296740 | Delta: 5.99e-04 | M: 109.1278 | Path: CPU-Statevector MPI-distributed (2 ranks)
Iter 0157 | Energy: -1.302708 | Delta: 5.97e-03 | M: 269.8369 | Path: CPU-Statevector MPI-distributed (2 ranks)
Iter 0158 | Energy: -1.304841 | Delta: 2.13e-03 | M: 131.4462 | Path: CPU-Statevector MPI-distributed (2 ranks)
Iter 0159 | Energy: -1.314083 | Delta: 9.24e-03 | M: 82.1244 | Path: CPU-Statevector MPI-distributed (2 ranks)
Iter 0160 | Energy: -1.323153 | Delta: 9.07e-03 | M: 277.9255 | Path: CPU-Statevector MPI-distributed (2 ranks)
[RESILIENCE] Iteration 160: Global theta state checkpointed at path checkpoints/H2/checkpoint_iter_0160.npy. 
Iter 0161 | Energy: -1.325430 | Delta: 2.28e-03 | M: 22.0976 | Path: CPU-Statevector MPI-distributed (2 ranks)
Iter 0162 | Energy: -1.331394 | Delta: 5.96e-03 | M: 222.3977 | Path: CPU-Statevector MPI-distributed (2 ranks)
Iter 0163 | Energy: -1.330747 | Delta: 6.47e-04 | M: 26.2204 | Path: CPU-Statevector MPI-distributed (2 ranks)
Iter 0164 | Energy: -1.332724 | Delta: 1.98e-03 | M: 29.8652 | Path: CPU-Statevector MPI-distributed (2 ranks)
Iter 0165 | Energy: -1.333137 | Delta: 4.13e-04 | M: 32.2294 | Path: CPU-Statevector MPI-distributed (2 ranks)
[RESILIENCE] Iteration 165: Global theta state checkpointed at path checkpoints/H2/checkpoint_iter_0165.npy. 
Iter 0166 | Energy: -1.331896 | Delta: 1.24e-03 | M: 21.5475 | Path: CPU-Statevector MPI-distributed (2 ranks)
Iter 0167 | Energy: -1.335423 | Delta: 3.53e-03 | M: 49.1019 | Path: CPU-Statevector MPI-distributed (2 ranks)
Iter 0168 | Energy: -1.342308 | Delta: 6.89e-03 | M: 28.0239 | Path: CPU-Statevector MPI-distributed (2 ranks)
Iter 0169 | Energy: -1.351245 | Delta: 8.94e-03 | M: 5.2109 | Path: CPU-Statevector MPI-distributed (2 ranks)
Iter 0170 | Energy: -1.355412 | Delta: 4.17e-03 | M: 24.9426 | Path: CPU-Statevector MPI-distributed (2 ranks)
[RESILIENCE] Iteration 170: Global theta state checkpointed at path checkpoints/H2/checkpoint_iter_0170.npy. 
Iter 0171 | Energy: -1.353259 | Delta: 2.15e-03 | M: 19.2643 | Path: CPU-Statevector MPI-distributed (2 ranks)
Iter 0172 | Energy: -1.356363 | Delta: 3.10e-03 | M: 21.2363 | Path: CPU-Statevector MPI-distributed (2 ranks)
Iter 0173 | Energy: -1.357287 | Delta: 9.24e-04 | M: 45.0170 | Path: CPU-Statevector MPI-distributed (2 ranks)
Iter 0174 | Energy: -1.359004 | Delta: 1.72e-03 | M: 233.8641 | Path: CPU-Statevector MPI-distributed (2 ranks)
Iter 0175 | Energy: -1.353181 | Delta: 5.82e-03 | M: 25.8588 | Path: CPU-Statevector MPI-distributed (2 ranks)
[RESILIENCE] Iteration 175: Global theta state checkpointed at path checkpoints/H2/checkpoint_iter_0175.npy. 
Iter 0176 | Energy: -1.363325 | Delta: 1.01e-02 | M: 63.5214 | Path: CPU-Statevector MPI-distributed (2 ranks)
Iter 0177 | Energy: -1.366474 | Delta: 3.15e-03 | M: 40.3759 | Path: CPU-Statevector MPI-distributed (2 ranks)
Iter 0178 | Energy: -1.367146 | Delta: 6.72e-04 | M: 34.3652 | Path: CPU-Statevector MPI-distributed (2 ranks)
Iter 0179 | Energy: -1.367449 | Delta: 3.03e-04 | M: 273.9347 | Path: CPU-Statevector MPI-distributed (2 ranks)
Iter 0180 | Energy: -1.371866 | Delta: 4.42e-03 | M: 142.8386 | Path: CPU-Statevector MPI-distributed (2 ranks)
[RESILIENCE] Iteration 180: Global theta state checkpointed at path checkpoints/H2/checkpoint_iter_0180.npy. 
Iter 0181 | Energy: -1.377779 | Delta: 5.91e-03 | M: 34.4176 | Path: CPU-Statevector MPI-distributed (2 ranks)
Iter 0182 | Energy: -1.385216 | Delta: 7.44e-03 | M: 70.5009 | Path: CPU-Statevector MPI-distributed (2 ranks)
Iter 0183 | Energy: -1.383623 | Delta: 1.59e-03 | M: 274.0210 | Path: CPU-Statevector MPI-distributed (2 ranks)
Iter 0184 | Energy: -1.381520 | Delta: 2.10e-03 | M: 267.1591 | Path: CPU-Statevector MPI-distributed (2 ranks)
Iter 0185 | Energy: -1.388368 | Delta: 6.85e-03 | M: 30.3736 | Path: CPU-Statevector MPI-distributed (2 ranks)
[RESILIENCE] Iteration 185: Global theta state checkpointed at path checkpoints/H2/checkpoint_iter_0185.npy. 
Iter 0186 | Energy: -1.387086 | Delta: 1.28e-03 | M: 24.2800 | Path: CPU-Statevector MPI-distributed (2 ranks)
Iter 0187 | Energy: -1.390614 | Delta: 3.53e-03 | M: 24.0068 | Path: CPU-Statevector MPI-distributed (2 ranks)
Iter 0188 | Energy: -1.386489 | Delta: 4.12e-03 | M: 56.0658 | Path: CPU-Statevector MPI-distributed (2 ranks)
Iter 0189 | Energy: -1.396734 | Delta: 1.02e-02 | M: 40.3652 | Path: CPU-Statevector MPI-distributed (2 ranks)
Iter 0190 | Energy: -1.397083 | Delta: 3.50e-04 | M: 30.3437 | Path: CPU-Statevector MPI-distributed (2 ranks)
[RESILIENCE] Iteration 190: Global theta state checkpointed at path checkpoints/H2/checkpoint_iter_0190.npy. 
Iter 0191 | Energy: -1.394238 | Delta: 2.85e-03 | M: 5.6383 | Path: CPU-Statevector MPI-distributed (2 ranks)
Iter 0192 | Energy: -1.403216 | Delta: 8.98e-03 | M: 17.7715 | Path: CPU-Statevector MPI-distributed (2 ranks)
Iter 0193 | Energy: -1.402394 | Delta: 8.21e-04 | M: 24.3605 | Path: CPU-Statevector MPI-distributed (2 ranks)
Iter 0194 | Energy: -1.407194 | Delta: 4.80e-03 | M: 27.9525 | Path: CPU-Statevector MPI-distributed (2 ranks)
Iter 0195 | Energy: -1.408051 | Delta: 8.57e-04 | M: 23.0050 | Path: CPU-Statevector MPI-distributed (2 ranks)
[RESILIENCE] Iteration 195: Global theta state checkpointed at path checkpoints/H2/checkpoint_iter_0195.npy. 
Iter 0196 | Energy: -1.415914 | Delta: 7.86e-03 | M: 292.3040 | Path: CPU-Statevector MPI-distributed (2 ranks)
Iter 0197 | Energy: -1.415213 | Delta: 7.01e-04 | M: 31.0103 | Path: CPU-Statevector MPI-distributed (2 ranks)
Iter 0198 | Energy: -1.409566 | Delta: 5.65e-03 | M: 43.8875 | Path: CPU-Statevector MPI-distributed (2 ranks)
Iter 0199 | Energy: -1.420202 | Delta: 1.06e-02 | M: 82.9825 | Path: CPU-Statevector MPI-distributed (2 ranks)
Iter 0200 | Energy: -1.420053 | Delta: 1.48e-04 | M: 47.4561 | Path: CPU-Statevector MPI-distributed (2 ranks)
[RESILIENCE] Iteration 200: Global theta state checkpointed at path checkpoints/H2/checkpoint_iter_0200.npy. 
[VQE] Best physical energy: -1.134896 Ha (error: 0.0024 Ha) at iter 126
[VQE] Final energy -1.420053 is below FCI — reporting best physical result

[H2] Ansatz tier:hwe_adaptive
[H2] Corr score: 0.342 
[H2] Best physical energy: -1.134896 Ha 
[H2] Reference FCI : -1.137284 Ha 
[H2] Absolute error: +0.0024 Ha 
[H2] Iterations run: 200 (best at iter 126)
[H2] Wall time: 0.88s (includes QPU queue + RTT) 
[H2] Time/iter: 0.00 s 
[H2] Source: registry 
[H2] Active electrons: 2 
[H2] Estimated qubits: 4 


--- RUNNING CHEMISTRY TASK LiH ---
[Resolver] 'LiH' found in local registry 
[Chemistry:LiH] 631 Pauli terms, 12 qubits, 96 params, reps=2. FCI reference: -7.8825 Ha 
[Ansatz] HWE (adaptive) (auto) | corr_score=0.502 | off_diag_ratio=0.007
[Reason] score=0.502 in [0.25, 0.55). Moderate correlation (off_diag_ratio=0.007, zz_frac=0.979). Adaptive HWE with full entanglement recommended.
Iter 0001 | Energy: -0.446148 | Delta: inf | M: 2831.0851 | Path: CPU-Statevector MPI-distributed (2 ranks)
Iter 0002 | Energy: -0.454823 | Delta: 8.67e-03 | M: 3216.3348 | Path: CPU-Statevector MPI-distributed (2 ranks)
Iter 0003 | Energy: -0.412540 | Delta: 4.23e-02 | M: 3572.6080 | Path: CPU-Statevector MPI-distributed (2 ranks)
Iter 0004 | Energy: -0.399932 | Delta: 1.26e-02 | M: 3578.6900 | Path: CPU-Statevector MPI-distributed (2 ranks)
Iter 0005 | Energy: -0.415982 | Delta: 1.60e-02 | M: 3485.8761 | Path: CPU-Statevector MPI-distributed (2 ranks)
[RESILIENCE] Iteration 5: Global theta state checkpointed at path checkpoints/LiH/checkpoint_iter_0005.npy. 
Iter 0006 | Energy: -0.413792 | Delta: 2.19e-03 | M: 4340.1462 | Path: CPU-Statevector MPI-distributed (2 ranks)
Iter 0007 | Energy: -0.411301 | Delta: 2.49e-03 | M: 3598.6739 | Path: CPU-Statevector MPI-distributed (2 ranks)
Iter 0008 | Energy: -0.411249 | Delta: 5.21e-05 | M: 4374.3871 | Path: CPU-Statevector MPI-distributed (2 ranks)
Iter 0009 | Energy: -0.412543 | Delta: 1.29e-03 | M: 4319.7526 | Path: CPU-Statevector MPI-distributed (2 ranks)
Iter 0010 | Energy: -0.404811 | Delta: 7.73e-03 | M: 3568.0947 | Path: CPU-Statevector MPI-distributed (2 ranks)
[RESILIENCE] Iteration 10: Global theta state checkpointed at path checkpoints/LiH/checkpoint_iter_0010.npy. 
Iter 0011 | Energy: -0.403208 | Delta: 1.60e-03 | M: 4437.5206 | Path: CPU-Statevector MPI-distributed (2 ranks)
Iter 0012 | Energy: -0.428774 | Delta: 2.56e-02 | M: 3552.2833 | Path: CPU-Statevector MPI-distributed (2 ranks)
Iter 0013 | Energy: -0.406082 | Delta: 2.27e-02 | M: 3541.3834 | Path: CPU-Statevector MPI-distributed (2 ranks)
Iter 0014 | Energy: -0.411147 | Delta: 5.06e-03 | M: 4402.7030 | Path: CPU-Statevector MPI-distributed (2 ranks)
Iter 0015 | Energy: -0.406957 | Delta: 4.19e-03 | M: 3485.7523 | Path: CPU-Statevector MPI-distributed (2 ranks)
[RESILIENCE] Iteration 15: Global theta state checkpointed at path checkpoints/LiH/checkpoint_iter_0015.npy. 
Iter 0016 | Energy: -0.412794 | Delta: 5.84e-03 | M: 4450.5933 | Path: CPU-Statevector MPI-distributed (2 ranks)
Iter 0017 | Energy: -0.417260 | Delta: 4.47e-03 | M: 3494.8755 | Path: CPU-Statevector MPI-distributed (2 ranks)
Iter 0018 | Energy: -0.450204 | Delta: 3.29e-02 | M: 3518.7849 | Path: CPU-Statevector MPI-distributed (2 ranks)
Iter 0019 | Energy: -0.447903 | Delta: 2.30e-03 | M: 3551.7965 | Path: CPU-Statevector MPI-distributed (2 ranks)
Iter 0020 | Energy: -0.427132 | Delta: 2.08e-02 | M: 3415.0233 | Path: CPU-Statevector MPI-distributed (2 ranks)
[RESILIENCE] Iteration 20: Global theta state checkpointed at path checkpoints/LiH/checkpoint_iter_0020.npy. 
Iter 0021 | Energy: -0.441780 | Delta: 1.46e-02 | M: 3343.0917 | Path: CPU-Statevector MPI-distributed (2 ranks)
Iter 0022 | Energy: -0.439151 | Delta: 2.63e-03 | M: 3574.2472 | Path: CPU-Statevector MPI-distributed (2 ranks)
Iter 0023 | Energy: -0.454437 | Delta: 1.53e-02 | M: 3460.8665 | Path: CPU-Statevector MPI-distributed (2 ranks)
Iter 0024 | Energy: -0.459132 | Delta: 4.70e-03 | M: 3513.2566 | Path: CPU-Statevector MPI-distributed (2 ranks)
Iter 0025 | Energy: -0.450987 | Delta: 8.14e-03 | M: 3575.6082 | Path: CPU-Statevector MPI-distributed (2 ranks)
[RESILIENCE] Iteration 25: Global theta state checkpointed at path checkpoints/LiH/checkpoint_iter_0025.npy. 
Iter 0026 | Energy: -0.458987 | Delta: 8.00e-03 | M: 3414.0986 | Path: CPU-Statevector MPI-distributed (2 ranks)
Iter 0027 | Energy: -0.466759 | Delta: 7.77e-03 | M: 4443.7048 | Path: CPU-Statevector MPI-distributed (2 ranks)
Iter 0028 | Energy: -0.457552 | Delta: 9.21e-03 | M: 4339.1503 | Path: CPU-Statevector MPI-distributed (2 ranks)
Iter 0029 | Energy: -0.482201 | Delta: 2.46e-02 | M: 4303.5422 | Path: CPU-Statevector MPI-distributed (2 ranks)
Iter 0030 | Energy: -0.482023 | Delta: 1.78e-04 | M: 4415.1720 | Path: CPU-Statevector MPI-distributed (2 ranks)
[RESILIENCE] Iteration 30: Global theta state checkpointed at path checkpoints/LiH/checkpoint_iter_0030.npy. 
Iter 0031 | Energy: -0.557966 | Delta: 7.59e-02 | M: 4392.4542 | Path: CPU-Statevector MPI-distributed (2 ranks)
Iter 0032 | Energy: -0.587280 | Delta: 2.93e-02 | M: 3395.1826 | Path: CPU-Statevector MPI-distributed (2 ranks)
Iter 0033 | Energy: -0.602909 | Delta: 1.56e-02 | M: 3543.1667 | Path: CPU-Statevector MPI-distributed (2 ranks)
Iter 0034 | Energy: -0.604303 | Delta: 1.39e-03 | M: 3562.1851 | Path: CPU-Statevector MPI-distributed (2 ranks)
Iter 0035 | Energy: -0.608470 | Delta: 4.17e-03 | M: 4300.7654 | Path: CPU-Statevector MPI-distributed (2 ranks)
[RESILIENCE] Iteration 35: Global theta state checkpointed at path checkpoints/LiH/checkpoint_iter_0035.npy. 
Iter 0036 | Energy: -0.603876 | Delta: 4.59e-03 | M: 4186.7853 | Path: CPU-Statevector MPI-distributed (2 ranks)
Iter 0037 | Energy: -0.598694 | Delta: 5.18e-03 | M: 4279.3057 | Path: CPU-Statevector MPI-distributed (2 ranks)
Iter 0038 | Energy: -0.624113 | Delta: 2.54e-02 | M: 3525.4309 | Path: CPU-Statevector MPI-distributed (2 ranks)
Iter 0039 | Energy: -0.664522 | Delta: 4.04e-02 | M: 4214.8355 | Path: CPU-Statevector MPI-distributed (2 ranks)
Iter 0040 | Energy: -0.657312 | Delta: 7.21e-03 | M: 3550.8426 | Path: CPU-Statevector MPI-distributed (2 ranks)
[RESILIENCE] Iteration 40: Global theta state checkpointed at path checkpoints/LiH/checkpoint_iter_0040.npy. 
Iter 0041 | Energy: -0.661108 | Delta: 3.80e-03 | M: 4482.7191 | Path: CPU-Statevector MPI-distributed (2 ranks)
Iter 0042 | Energy: -0.665507 | Delta: 4.40e-03 | M: 4436.2082 | Path: CPU-Statevector MPI-distributed (2 ranks)
Iter 0043 | Energy: -0.690731 | Delta: 2.52e-02 | M: 3569.8680 | Path: CPU-Statevector MPI-distributed (2 ranks)
Iter 0044 | Energy: -0.703530 | Delta: 1.28e-02 | M: 4258.1381 | Path: CPU-Statevector MPI-distributed (2 ranks)
Iter 0045 | Energy: -0.731756 | Delta: 2.82e-02 | M: 4423.0680 | Path: CPU-Statevector MPI-distributed (2 ranks)
[RESILIENCE] Iteration 45: Global theta state checkpointed at path checkpoints/LiH/checkpoint_iter_0045.npy. 
Iter 0046 | Energy: -0.754687 | Delta: 2.29e-02 | M: 3556.3938 | Path: CPU-Statevector MPI-distributed (2 ranks)
Iter 0047 | Energy: -0.777216 | Delta: 2.25e-02 | M: 3630.3947 | Path: CPU-Statevector MPI-distributed (2 ranks)
Iter 0048 | Energy: -0.870031 | Delta: 9.28e-02 | M: 2726.2040 | Path: CPU-Statevector MPI-distributed (2 ranks)
Iter 0049 | Energy: -0.893982 | Delta: 2.40e-02 | M: 3355.4698 | Path: CPU-Statevector MPI-distributed (2 ranks)
Iter 0050 | Energy: -0.959624 | Delta: 6.56e-02 | M: 3320.6481 | Path: CPU-Statevector MPI-distributed (2 ranks)
[RESILIENCE] Iteration 50: Global theta state checkpointed at path checkpoints/LiH/checkpoint_iter_0050.npy. 
Iter 0051 | Energy: -0.981075 | Delta: 2.15e-02 | M: 2.7867 | Path: CPU-Statevector MPI-distributed (2 ranks)
Iter 0052 | Energy: -0.979279 | Delta: 1.80e-03 | M: 3592.7532 | Path: CPU-Statevector MPI-distributed (2 ranks)
Iter 0053 | Energy: -0.979249 | Delta: 2.99e-05 | M: 4434.6217 | Path: CPU-Statevector MPI-distributed (2 ranks)
Iter 0054 | Energy: -0.984459 | Delta: 5.21e-03 | M: 3648.0527 | Path: CPU-Statevector MPI-distributed (2 ranks)
Iter 0055 | Energy: -0.971795 | Delta: 1.27e-02 | M: 3512.9936 | Path: CPU-Statevector MPI-distributed (2 ranks)
[RESILIENCE] Iteration 55: Global theta state checkpointed at path checkpoints/LiH/checkpoint_iter_0055.npy. 
Iter 0056 | Energy: -1.110052 | Delta: 1.38e-01 | M: 3633.9003 | Path: CPU-Statevector MPI-distributed (2 ranks)
Iter 0057 | Energy: -1.129452 | Delta: 1.94e-02 | M: 4494.6301 | Path: CPU-Statevector MPI-distributed (2 ranks)
Iter 0058 | Energy: -1.162319 | Delta: 3.29e-02 | M: 4488.7086 | Path: CPU-Statevector MPI-distributed (2 ranks)
Iter 0059 | Energy: -1.183668 | Delta: 2.13e-02 | M: 3426.5744 | Path: CPU-Statevector MPI-distributed (2 ranks)
Iter 0060 | Energy: -1.191993 | Delta: 8.33e-03 | M: 3625.2427 | Path: CPU-Statevector MPI-distributed (2 ranks)
[RESILIENCE] Iteration 60: Global theta state checkpointed at path checkpoints/LiH/checkpoint_iter_0060.npy. 
Iter 0061 | Energy: -1.205678 | Delta: 1.37e-02 | M: 3569.2185 | Path: CPU-Statevector MPI-distributed (2 ranks)
Iter 0062 | Energy: -1.215614 | Delta: 9.94e-03 | M: 3495.5678 | Path: CPU-Statevector MPI-distributed (2 ranks)
Iter 0063 | Energy: -1.225177 | Delta: 9.56e-03 | M: 4391.5365 | Path: CPU-Statevector MPI-distributed (2 ranks)
Iter 0064 | Energy: -1.231903 | Delta: 6.73e-03 | M: 3460.0303 | Path: CPU-Statevector MPI-distributed (2 ranks)
Iter 0065 | Energy: -1.232243 | Delta: 3.41e-04 | M: 3589.9904 | Path: CPU-Statevector MPI-distributed (2 ranks)
[RESILIENCE] Iteration 65: Global theta state checkpointed at path checkpoints/LiH/checkpoint_iter_0065.npy. 
Iter 0066 | Energy: -1.257822 | Delta: 2.56e-02 | M: 3621.3961 | Path: CPU-Statevector MPI-distributed (2 ranks)
Iter 0067 | Energy: -1.329086 | Delta: 7.13e-02 | M: 4177.3964 | Path: CPU-Statevector MPI-distributed (2 ranks)
Iter 0068 | Energy: -1.372991 | Delta: 4.39e-02 | M: 3601.2643 | Path: CPU-Statevector MPI-distributed (2 ranks)
Iter 0069 | Energy: -1.380666 | Delta: 7.68e-03 | M: 4230.5677 | Path: CPU-Statevector MPI-distributed (2 ranks)
Iter 0070 | Energy: -1.419720 | Delta: 3.91e-02 | M: 3551.5314 | Path: CPU-Statevector MPI-distributed (2 ranks)
[RESILIENCE] Iteration 70: Global theta state checkpointed at path checkpoints/LiH/checkpoint_iter_0070.npy. 
Iter 0071 | Energy: -1.402267 | Delta: 1.75e-02 | M: 3606.3138 | Path: CPU-Statevector MPI-distributed (2 ranks)
Iter 0072 | Energy: -1.450290 | Delta: 4.80e-02 | M: 3557.8621 | Path: CPU-Statevector MPI-distributed (2 ranks)
Iter 0073 | Energy: -1.464082 | Delta: 1.38e-02 | M: 3529.7890 | Path: CPU-Statevector MPI-distributed (2 ranks)
Iter 0074 | Energy: -1.475274 | Delta: 1.12e-02 | M: 3582.7660 | Path: CPU-Statevector MPI-distributed (2 ranks)
Iter 0075 | Energy: -1.481733 | Delta: 6.46e-03 | M: 3607.4915 | Path: CPU-Statevector MPI-distributed (2 ranks)
[RESILIENCE] Iteration 75: Global theta state checkpointed at path checkpoints/LiH/checkpoint_iter_0075.npy. 
Iter 0076 | Energy: -1.480686 | Delta: 1.05e-03 | M: 4092.4915 | Path: CPU-Statevector MPI-distributed (2 ranks)
Iter 0077 | Energy: -1.485331 | Delta: 4.64e-03 | M: 4311.6501 | Path: CPU-Statevector MPI-distributed (2 ranks)
Iter 0078 | Energy: -1.682273 | Delta: 1.97e-01 | M: 4240.8553 | Path: CPU-Statevector MPI-distributed (2 ranks)
Iter 0079 | Energy: -1.736547 | Delta: 5.43e-02 | M: 3550.2167 | Path: CPU-Statevector MPI-distributed (2 ranks)
Iter 0080 | Energy: -1.964160 | Delta: 2.28e-01 | M: 3398.9625 | Path: CPU-Statevector MPI-distributed (2 ranks)
[RESILIENCE] Iteration 80: Global theta state checkpointed at path checkpoints/LiH/checkpoint_iter_0080.npy. 
Iter 0081 | Energy: -2.030033 | Delta: 6.59e-02 | M: 3561.8069 | Path: CPU-Statevector MPI-distributed (2 ranks)
Iter 0082 | Energy: -2.112504 | Delta: 8.25e-02 | M: 2180.1051 | Path: CPU-Statevector MPI-distributed (2 ranks)
Iter 0083 | Energy: -2.126721 | Delta: 1.42e-02 | M: 3533.6825 | Path: CPU-Statevector MPI-distributed (2 ranks)
Iter 0084 | Energy: -2.171808 | Delta: 4.51e-02 | M: 3541.0790 | Path: CPU-Statevector MPI-distributed (2 ranks)
Iter 0085 | Energy: -2.183595 | Delta: 1.18e-02 | M: 3594.9475 | Path: CPU-Statevector MPI-distributed (2 ranks)
[RESILIENCE] Iteration 85: Global theta state checkpointed at path checkpoints/LiH/checkpoint_iter_0085.npy. 
Iter 0086 | Energy: -2.167585 | Delta: 1.60e-02 | M: 4424.6261 | Path: CPU-Statevector MPI-distributed (2 ranks)
Iter 0087 | Energy: -2.330092 | Delta: 1.63e-01 | M: 4355.0773 | Path: CPU-Statevector MPI-distributed (2 ranks)
Iter 0088 | Energy: -2.368421 | Delta: 3.83e-02 | M: 4435.5024 | Path: CPU-Statevector MPI-distributed (2 ranks)
Iter 0089 | Energy: -2.372634 | Delta: 4.21e-03 | M: 4463.1234 | Path: CPU-Statevector MPI-distributed (2 ranks)
Iter 0090 | Energy: -2.473957 | Delta: 1.01e-01 | M: 4469.1472 | Path: CPU-Statevector MPI-distributed (2 ranks)
[RESILIENCE] Iteration 90: Global theta state checkpointed at path checkpoints/LiH/checkpoint_iter_0090.npy. 
Iter 0091 | Energy: -2.480521 | Delta: 6.56e-03 | M: 3607.5601 | Path: CPU-Statevector MPI-distributed (2 ranks)
Iter 0092 | Energy: -2.631579 | Delta: 1.51e-01 | M: 3448.6565 | Path: CPU-Statevector MPI-distributed (2 ranks)
Iter 0093 | Energy: -2.628681 | Delta: 2.90e-03 | M: 3503.3805 | Path: CPU-Statevector MPI-distributed (2 ranks)
Iter 0094 | Energy: -2.714545 | Delta: 8.59e-02 | M: 2212.5318 | Path: CPU-Statevector MPI-distributed (2 ranks)
Iter 0095 | Energy: -2.724040 | Delta: 9.49e-03 | M: 3530.1224 | Path: CPU-Statevector MPI-distributed (2 ranks)
[RESILIENCE] Iteration 95: Global theta state checkpointed at path checkpoints/LiH/checkpoint_iter_0095.npy. 
Iter 0096 | Energy: -2.718926 | Delta: 5.11e-03 | M: 3553.3432 | Path: CPU-Statevector MPI-distributed (2 ranks)
Iter 0097 | Energy: -2.743565 | Delta: 2.46e-02 | M: 3588.5606 | Path: CPU-Statevector MPI-distributed (2 ranks)
Iter 0098 | Energy: -2.859181 | Delta: 1.16e-01 | M: 3495.7712 | Path: CPU-Statevector MPI-distributed (2 ranks)
Iter 0099 | Energy: -2.843596 | Delta: 1.56e-02 | M: 4382.3307 | Path: CPU-Statevector MPI-distributed (2 ranks)
Iter 0100 | Energy: -2.894019 | Delta: 5.04e-02 | M: 3607.6794 | Path: CPU-Statevector MPI-distributed (2 ranks)
[RESILIENCE] Iteration 100: Global theta state checkpointed at path checkpoints/LiH/checkpoint_iter_0100.npy. 
Iter 0101 | Energy: -2.896094 | Delta: 2.07e-03 | M: 4397.7580 | Path: CPU-Statevector MPI-distributed (2 ranks)
Iter 0102 | Energy: -2.947467 | Delta: 5.14e-02 | M: 4444.7287 | Path: CPU-Statevector MPI-distributed (2 ranks)
Iter 0103 | Energy: -2.975088 | Delta: 2.76e-02 | M: 4309.9071 | Path: CPU-Statevector MPI-distributed (2 ranks)
Iter 0104 | Energy: -2.986883 | Delta: 1.18e-02 | M: 3420.0649 | Path: CPU-Statevector MPI-distributed (2 ranks)
Iter 0105 | Energy: -2.997162 | Delta: 1.03e-02 | M: 3571.6010 | Path: CPU-Statevector MPI-distributed (2 ranks)
[RESILIENCE] Iteration 105: Global theta state checkpointed at path checkpoints/LiH/checkpoint_iter_0105.npy. 
Iter 0106 | Energy: -3.095958 | Delta: 9.88e-02 | M: 3491.1793 | Path: CPU-Statevector MPI-distributed (2 ranks)
Iter 0107 | Energy: -3.180577 | Delta: 8.46e-02 | M: 3559.9175 | Path: CPU-Statevector MPI-distributed (2 ranks)
Iter 0108 | Energy: -3.188644 | Delta: 8.07e-03 | M: 3509.6908 | Path: CPU-Statevector MPI-distributed (2 ranks)
Iter 0109 | Energy: -3.172584 | Delta: 1.61e-02 | M: 3691.9931 | Path: CPU-Statevector MPI-distributed (2 ranks)
Iter 0110 | Energy: -3.193177 | Delta: 2.06e-02 | M: 3511.6557 | Path: CPU-Statevector MPI-distributed (2 ranks)
[RESILIENCE] Iteration 110: Global theta state checkpointed at path checkpoints/LiH/checkpoint_iter_0110.npy. 
Iter 0111 | Energy: -3.191055 | Delta: 2.12e-03 | M: 3589.5893 | Path: CPU-Statevector MPI-distributed (2 ranks)
Iter 0112 | Energy: -3.198627 | Delta: 7.57e-03 | M: 3543.9991 | Path: CPU-Statevector MPI-distributed (2 ranks)
Iter 0113 | Energy: -3.202927 | Delta: 4.30e-03 | M: 3415.1542 | Path: CPU-Statevector MPI-distributed (2 ranks)
Iter 0114 | Energy: -3.248558 | Delta: 4.56e-02 | M: 4344.1858 | Path: CPU-Statevector MPI-distributed (2 ranks)
Iter 0115 | Energy: -3.288243 | Delta: 3.97e-02 | M: 3438.6996 | Path: CPU-Statevector MPI-distributed (2 ranks)
[RESILIENCE] Iteration 115: Global theta state checkpointed at path checkpoints/LiH/checkpoint_iter_0115.npy. 
Iter 0116 | Energy: -3.422236 | Delta: 1.34e-01 | M: 4431.4779 | Path: CPU-Statevector MPI-distributed (2 ranks)
Iter 0117 | Energy: -3.506297 | Delta: 8.41e-02 | M: 3567.1587 | Path: CPU-Statevector MPI-distributed (2 ranks)
Iter 0118 | Energy: -3.489467 | Delta: 1.68e-02 | M: 4476.4486 | Path: CPU-Statevector MPI-distributed (2 ranks)
Iter 0119 | Energy: -3.501259 | Delta: 1.18e-02 | M: 4394.2532 | Path: CPU-Statevector MPI-distributed (2 ranks)
Iter 0120 | Energy: -3.485738 | Delta: 1.55e-02 | M: 3587.4416 | Path: CPU-Statevector MPI-distributed (2 ranks)
[RESILIENCE] Iteration 120: Global theta state checkpointed at path checkpoints/LiH/checkpoint_iter_0120.npy. 
Iter 0121 | Energy: -3.746870 | Delta: 2.61e-01 | M: 4381.5776 | Path: CPU-Statevector MPI-distributed (2 ranks)
Iter 0122 | Energy: -3.745760 | Delta: 1.11e-03 | M: 4052.7421 | Path: CPU-Statevector MPI-distributed (2 ranks)
Iter 0123 | Energy: -3.744025 | Delta: 1.73e-03 | M: 4333.9132 | Path: CPU-Statevector MPI-distributed (2 ranks)
Iter 0124 | Energy: -3.792083 | Delta: 4.81e-02 | M: 3609.4147 | Path: CPU-Statevector MPI-distributed (2 ranks)
Iter 0125 | Energy: -3.782375 | Delta: 9.71e-03 | M: 3496.1630 | Path: CPU-Statevector MPI-distributed (2 ranks)
[RESILIENCE] Iteration 125: Global theta state checkpointed at path checkpoints/LiH/checkpoint_iter_0125.npy. 
Iter 0126 | Energy: -3.788659 | Delta: 6.28e-03 | M: 3537.4162 | Path: CPU-Statevector MPI-distributed (2 ranks)
Iter 0127 | Energy: -3.803246 | Delta: 1.46e-02 | M: 3584.1990 | Path: CPU-Statevector MPI-distributed (2 ranks)
Iter 0128 | Energy: -3.819132 | Delta: 1.59e-02 | M: 4453.5059 | Path: CPU-Statevector MPI-distributed (2 ranks)
Iter 0129 | Energy: -3.922666 | Delta: 1.04e-01 | M: 4400.6337 | Path: CPU-Statevector MPI-distributed (2 ranks)
Iter 0130 | Energy: -3.937333 | Delta: 1.47e-02 | M: 3633.1835 | Path: CPU-Statevector MPI-distributed (2 ranks)
[RESILIENCE] Iteration 130: Global theta state checkpointed at path checkpoints/LiH/checkpoint_iter_0130.npy. 
Iter 0131 | Energy: -4.060606 | Delta: 1.23e-01 | M: 4462.0654 | Path: CPU-Statevector MPI-distributed (2 ranks)
Iter 0132 | Energy: -4.099834 | Delta: 3.92e-02 | M: 4512.4491 | Path: CPU-Statevector MPI-distributed (2 ranks)
Iter 0133 | Energy: -4.100946 | Delta: 1.11e-03 | M: 4410.6615 | Path: CPU-Statevector MPI-distributed (2 ranks)
Iter 0134 | Energy: -4.221305 | Delta: 1.20e-01 | M: 4374.4426 | Path: CPU-Statevector MPI-distributed (2 ranks)
Iter 0135 | Energy: -4.228292 | Delta: 6.99e-03 | M: 3552.1527 | Path: CPU-Statevector MPI-distributed (2 ranks)
[RESILIENCE] Iteration 135: Global theta state checkpointed at path checkpoints/LiH/checkpoint_iter_0135.npy. 
Iter 0136 | Energy: -4.239599 | Delta: 1.13e-02 | M: 4368.9599 | Path: CPU-Statevector MPI-distributed (2 ranks)
Iter 0137 | Energy: -4.235141 | Delta: 4.46e-03 | M: 4182.5747 | Path: CPU-Statevector MPI-distributed (2 ranks)
Iter 0138 | Energy: -4.290432 | Delta: 5.53e-02 | M: 4391.7273 | Path: CPU-Statevector MPI-distributed (2 ranks)
Iter 0139 | Energy: -4.301623 | Delta: 1.12e-02 | M: 4484.1663 | Path: CPU-Statevector MPI-distributed (2 ranks)
Iter 0140 | Energy: -4.305933 | Delta: 4.31e-03 | M: 3469.6882 | Path: CPU-Statevector MPI-distributed (2 ranks)
[RESILIENCE] Iteration 140: Global theta state checkpointed at path checkpoints/LiH/checkpoint_iter_0140.npy. 
Iter 0141 | Energy: -4.354837 | Delta: 4.89e-02 | M: 3590.2152 | Path: CPU-Statevector MPI-distributed (2 ranks)
Iter 0142 | Energy: -4.351094 | Delta: 3.74e-03 | M: 4472.3423 | Path: CPU-Statevector MPI-distributed (2 ranks)
Iter 0143 | Energy: -4.326112 | Delta: 2.50e-02 | M: 422.8341 | Path: CPU-Statevector MPI-distributed (2 ranks)
Iter 0144 | Energy: -4.475066 | Delta: 1.49e-01 | M: 3327.4967 | Path: CPU-Statevector MPI-distributed (2 ranks)
Iter 0145 | Energy: -4.456953 | Delta: 1.81e-02 | M: 4021.9489 | Path: CPU-Statevector MPI-distributed (2 ranks)
[RESILIENCE] Iteration 145: Global theta state checkpointed at path checkpoints/LiH/checkpoint_iter_0145.npy. 
Iter 0146 | Energy: -4.544984 | Delta: 8.80e-02 | M: 4124.2930 | Path: CPU-Statevector MPI-distributed (2 ranks)
Iter 0147 | Energy: -4.543223 | Delta: 1.76e-03 | M: 4284.0121 | Path: CPU-Statevector MPI-distributed (2 ranks)
Iter 0148 | Energy: -4.535145 | Delta: 8.08e-03 | M: 4453.0969 | Path: CPU-Statevector MPI-distributed (2 ranks)
Iter 0149 | Energy: -4.768158 | Delta: 2.33e-01 | M: 4193.3601 | Path: CPU-Statevector MPI-distributed (2 ranks)
Iter 0150 | Energy: -4.838036 | Delta: 6.99e-02 | M: 4458.0730 | Path: CPU-Statevector MPI-distributed (2 ranks)
[RESILIENCE] Iteration 150: Global theta state checkpointed at path checkpoints/LiH/checkpoint_iter_0150.npy. 
Iter 0151 | Energy: -4.876817 | Delta: 3.88e-02 | M: 4467.5890 | Path: CPU-Statevector MPI-distributed (2 ranks)
Iter 0152 | Energy: -4.873427 | Delta: 3.39e-03 | M: 3506.0012 | Path: CPU-Statevector MPI-distributed (2 ranks)
Iter 0153 | Energy: -4.884880 | Delta: 1.15e-02 | M: 3552.8020 | Path: CPU-Statevector MPI-distributed (2 ranks)
Iter 0154 | Energy: -4.882499 | Delta: 2.38e-03 | M: 3626.8007 | Path: CPU-Statevector MPI-distributed (2 ranks)
Iter 0155 | Energy: -4.900159 | Delta: 1.77e-02 | M: 3595.3811 | Path: CPU-Statevector MPI-distributed (2 ranks)
[RESILIENCE] Iteration 155: Global theta state checkpointed at path checkpoints/LiH/checkpoint_iter_0155.npy. 
Iter 0156 | Energy: -4.910924 | Delta: 1.08e-02 | M: 3455.2862 | Path: CPU-Statevector MPI-distributed (2 ranks)
Iter 0157 | Energy: -4.913541 | Delta: 2.62e-03 | M: 3580.8054 | Path: CPU-Statevector MPI-distributed (2 ranks)
Iter 0158 | Energy: -4.927318 | Delta: 1.38e-02 | M: 3614.8566 | Path: CPU-Statevector MPI-distributed (2 ranks)
Iter 0159 | Energy: -4.926725 | Delta: 5.93e-04 | M: 3367.1599 | Path: CPU-Statevector MPI-distributed (2 ranks)
Iter 0160 | Energy: -4.936224 | Delta: 9.50e-03 | M: 3530.4362 | Path: CPU-Statevector MPI-distributed (2 ranks)
[RESILIENCE] Iteration 160: Global theta state checkpointed at path checkpoints/LiH/checkpoint_iter_0160.npy. 
Iter 0161 | Energy: -4.940002 | Delta: 3.78e-03 | M: 4395.1935 | Path: CPU-Statevector MPI-distributed (2 ranks)
Iter 0162 | Energy: -4.938023 | Delta: 1.98e-03 | M: 3476.9291 | Path: CPU-Statevector MPI-distributed (2 ranks)
Iter 0163 | Energy: -4.942662 | Delta: 4.64e-03 | M: 3575.5275 | Path: CPU-Statevector MPI-distributed (2 ranks)
Iter 0164 | Energy: -4.944193 | Delta: 1.53e-03 | M: 3624.0705 | Path: CPU-Statevector MPI-distributed (2 ranks)
Iter 0165 | Energy: -4.948424 | Delta: 4.23e-03 | M: 3604.4397 | Path: CPU-Statevector MPI-distributed (2 ranks)
[RESILIENCE] Iteration 165: Global theta state checkpointed at path checkpoints/LiH/checkpoint_iter_0165.npy. 
Iter 0166 | Energy: -4.954214 | Delta: 5.79e-03 | M: 4204.4650 | Path: CPU-Statevector MPI-distributed (2 ranks)
Iter 0167 | Energy: -4.966257 | Delta: 1.20e-02 | M: 3577.3495 | Path: CPU-Statevector MPI-distributed (2 ranks)
Iter 0168 | Energy: -4.972938 | Delta: 6.68e-03 | M: 3602.6181 | Path: CPU-Statevector MPI-distributed (2 ranks)
Iter 0169 | Energy: -4.995576 | Delta: 2.26e-02 | M: 3664.0845 | Path: CPU-Statevector MPI-distributed (2 ranks)
Iter 0170 | Energy: -5.037604 | Delta: 4.20e-02 | M: 3508.9254 | Path: CPU-Statevector MPI-distributed (2 ranks)
[RESILIENCE] Iteration 170: Global theta state checkpointed at path checkpoints/LiH/checkpoint_iter_0170.npy. 
Iter 0171 | Energy: -5.050359 | Delta: 1.28e-02 | M: 4434.5738 | Path: CPU-Statevector MPI-distributed (2 ranks)
Iter 0172 | Energy: -5.080438 | Delta: 3.01e-02 | M: 3584.5229 | Path: CPU-Statevector MPI-distributed (2 ranks)
Iter 0173 | Energy: -5.070135 | Delta: 1.03e-02 | M: 4492.3496 | Path: CPU-Statevector MPI-distributed (2 ranks)
Iter 0174 | Energy: -5.137062 | Delta: 6.69e-02 | M: 3396.1650 | Path: CPU-Statevector MPI-distributed (2 ranks)
Iter 0175 | Energy: -5.138423 | Delta: 1.36e-03 | M: 4449.2050 | Path: CPU-Statevector MPI-distributed (2 ranks)
[RESILIENCE] Iteration 175: Global theta state checkpointed at path checkpoints/LiH/checkpoint_iter_0175.npy. 
Iter 0176 | Energy: -5.125132 | Delta: 1.33e-02 | M: 3551.8359 | Path: CPU-Statevector MPI-distributed (2 ranks)
Iter 0177 | Energy: -5.219422 | Delta: 9.43e-02 | M: 3562.0817 | Path: CPU-Statevector MPI-distributed (2 ranks)
Iter 0178 | Energy: -5.230939 | Delta: 1.15e-02 | M: 3551.1345 | Path: CPU-Statevector MPI-distributed (2 ranks)
Iter 0179 | Energy: -5.283689 | Delta: 5.28e-02 | M: 2805.9006 | Path: CPU-Statevector MPI-distributed (2 ranks)
Iter 0180 | Energy: -5.283985 | Delta: 2.96e-04 | M: 3536.8195 | Path: CPU-Statevector MPI-distributed (2 ranks)
[RESILIENCE] Iteration 180: Global theta state checkpointed at path checkpoints/LiH/checkpoint_iter_0180.npy. 
Iter 0181 | Energy: -5.278032 | Delta: 5.95e-03 | M: 3578.8845 | Path: CPU-Statevector MPI-distributed (2 ranks)
Iter 0182 | Energy: -5.281685 | Delta: 3.65e-03 | M: 4438.8094 | Path: CPU-Statevector MPI-distributed (2 ranks)
Iter 0183 | Energy: -5.287202 | Delta: 5.52e-03 | M: 4192.0383 | Path: CPU-Statevector MPI-distributed (2 ranks)
Iter 0184 | Energy: -5.280846 | Delta: 6.36e-03 | M: 3523.9579 | Path: CPU-Statevector MPI-distributed (2 ranks)
Iter 0185 | Energy: -5.318019 | Delta: 3.72e-02 | M: 4428.5863 | Path: CPU-Statevector MPI-distributed (2 ranks)
[RESILIENCE] Iteration 185: Global theta state checkpointed at path checkpoints/LiH/checkpoint_iter_0185.npy. 
Iter 0186 | Energy: -5.332629 | Delta: 1.46e-02 | M: 3730.2417 | Path: CPU-Statevector MPI-distributed (2 ranks)
Iter 0187 | Energy: -5.364259 | Delta: 3.16e-02 | M: 4403.3569 | Path: CPU-Statevector MPI-distributed (2 ranks)
Iter 0188 | Energy: -5.373188 | Delta: 8.93e-03 | M: 3545.0267 | Path: CPU-Statevector MPI-distributed (2 ranks)
Iter 0189 | Energy: -5.384194 | Delta: 1.10e-02 | M: 3488.4308 | Path: CPU-Statevector MPI-distributed (2 ranks)
Iter 0190 | Energy: -5.379101 | Delta: 5.09e-03 | M: 3608.8407 | Path: CPU-Statevector MPI-distributed (2 ranks)
[RESILIENCE] Iteration 190: Global theta state checkpointed at path checkpoints/LiH/checkpoint_iter_0190.npy. 
Iter 0191 | Energy: -5.421126 | Delta: 4.20e-02 | M: 3576.1459 | Path: CPU-Statevector MPI-distributed (2 ranks)
Iter 0192 | Energy: -5.420489 | Delta: 6.37e-04 | M: 3587.2670 | Path: CPU-Statevector MPI-distributed (2 ranks)
Iter 0193 | Energy: -5.407259 | Delta: 1.32e-02 | M: 3615.9928 | Path: CPU-Statevector MPI-distributed (2 ranks)
Iter 0194 | Energy: -5.470545 | Delta: 6.33e-02 | M: 3541.0305 | Path: CPU-Statevector MPI-distributed (2 ranks)
Iter 0195 | Energy: -5.471179 | Delta: 6.34e-04 | M: 4269.9215 | Path: CPU-Statevector MPI-distributed (2 ranks)
[RESILIENCE] Iteration 195: Global theta state checkpointed at path checkpoints/LiH/checkpoint_iter_0195.npy. 
Iter 0196 | Energy: -5.474182 | Delta: 3.00e-03 | M: 4365.7457 | Path: CPU-Statevector MPI-distributed (2 ranks)
Iter 0197 | Energy: -5.482907 | Delta: 8.73e-03 | M: 3553.8676 | Path: CPU-Statevector MPI-distributed (2 ranks)
Iter 0198 | Energy: -5.473910 | Delta: 9.00e-03 | M: 4239.2210 | Path: CPU-Statevector MPI-distributed (2 ranks)
Iter 0199 | Energy: -5.523459 | Delta: 4.95e-02 | M: 3561.5826 | Path: CPU-Statevector MPI-distributed (2 ranks)
Iter 0200 | Energy: -5.529877 | Delta: 6.42e-03 | M: 4397.8062 | Path: CPU-Statevector MPI-distributed (2 ranks)
[RESILIENCE] Iteration 200: Global theta state checkpointed at path checkpoints/LiH/checkpoint_iter_0200.npy. 
Iter 0201 | Energy: -5.546909 | Delta: 1.70e-02 | M: 3388.3483 | Path: CPU-Statevector MPI-distributed (2 ranks)
Iter 0202 | Energy: -5.577300 | Delta: 3.04e-02 | M: 3568.6639 | Path: CPU-Statevector MPI-distributed (2 ranks)
Iter 0203 | Energy: -5.581528 | Delta: 4.23e-03 | M: 3480.8476 | Path: CPU-Statevector MPI-distributed (2 ranks)
Iter 0204 | Energy: -5.586820 | Delta: 5.29e-03 | M: 4446.1910 | Path: CPU-Statevector MPI-distributed (2 ranks)
Iter 0205 | Energy: -5.596099 | Delta: 9.28e-03 | M: 4333.7561 | Path: CPU-Statevector MPI-distributed (2 ranks)
[RESILIENCE] Iteration 205: Global theta state checkpointed at path checkpoints/LiH/checkpoint_iter_0205.npy. 
Iter 0206 | Energy: -5.600447 | Delta: 4.35e-03 | M: 3557.7971 | Path: CPU-Statevector MPI-distributed (2 ranks)
Iter 0207 | Energy: -5.583261 | Delta: 1.72e-02 | M: 3596.9963 | Path: CPU-Statevector MPI-distributed (2 ranks)
Iter 0208 | Energy: -5.600096 | Delta: 1.68e-02 | M: 3547.7655 | Path: CPU-Statevector MPI-distributed (2 ranks)
Iter 0209 | Energy: -5.611354 | Delta: 1.13e-02 | M: 3513.3965 | Path: CPU-Statevector MPI-distributed (2 ranks)
Iter 0210 | Energy: -5.613835 | Delta: 2.48e-03 | M: 3561.2072 | Path: CPU-Statevector MPI-distributed (2 ranks)
[RESILIENCE] Iteration 210: Global theta state checkpointed at path checkpoints/LiH/checkpoint_iter_0210.npy. 
Iter 0211 | Energy: -5.626649 | Delta: 1.28e-02 | M: 3606.3663 | Path: CPU-Statevector MPI-distributed (2 ranks)
Iter 0212 | Energy: -5.620959 | Delta: 5.69e-03 | M: 3549.1247 | Path: CPU-Statevector MPI-distributed (2 ranks)
Iter 0213 | Energy: -5.622353 | Delta: 1.39e-03 | M: 3586.3910 | Path: CPU-Statevector MPI-distributed (2 ranks)
Iter 0214 | Energy: -5.621677 | Delta: 6.75e-04 | M: 3541.8778 | Path: CPU-Statevector MPI-distributed (2 ranks)
Iter 0215 | Energy: -5.633121 | Delta: 1.14e-02 | M: 2964.2154 | Path: CPU-Statevector MPI-distributed (2 ranks)
[RESILIENCE] Iteration 215: Global theta state checkpointed at path checkpoints/LiH/checkpoint_iter_0215.npy. 
Iter 0216 | Energy: -5.622068 | Delta: 1.11e-02 | M: 4409.5996 | Path: CPU-Statevector MPI-distributed (2 ranks)
Iter 0217 | Energy: -5.656028 | Delta: 3.40e-02 | M: 3499.2775 | Path: CPU-Statevector MPI-distributed (2 ranks)
Iter 0218 | Energy: -5.655365 | Delta: 6.63e-04 | M: 4461.5004 | Path: CPU-Statevector MPI-distributed (2 ranks)
Iter 0219 | Energy: -5.665520 | Delta: 1.02e-02 | M: 4368.2251 | Path: CPU-Statevector MPI-distributed (2 ranks)
Iter 0220 | Energy: -5.674413 | Delta: 8.89e-03 | M: 3507.9013 | Path: CPU-Statevector MPI-distributed (2 ranks)
[RESILIENCE] Iteration 220: Global theta state checkpointed at path checkpoints/LiH/checkpoint_iter_0220.npy. 
Iter 0221 | Energy: -5.664063 | Delta: 1.04e-02 | M: 4460.2506 | Path: CPU-Statevector MPI-distributed (2 ranks)
Iter 0222 | Energy: -5.662883 | Delta: 1.18e-03 | M: 4456.9079 | Path: CPU-Statevector MPI-distributed (2 ranks)
Iter 0223 | Energy: -5.678422 | Delta: 1.55e-02 | M: 4478.5600 | Path: CPU-Statevector MPI-distributed (2 ranks)
Iter 0224 | Energy: -5.693653 | Delta: 1.52e-02 | M: 3542.2012 | Path: CPU-Statevector MPI-distributed (2 ranks)
Iter 0225 | Energy: -5.691571 | Delta: 2.08e-03 | M: 3261.6973 | Path: CPU-Statevector MPI-distributed (2 ranks)
[RESILIENCE] Iteration 225: Global theta state checkpointed at path checkpoints/LiH/checkpoint_iter_0225.npy. 
Iter 0226 | Energy: -5.700479 | Delta: 8.91e-03 | M: 3624.3480 | Path: CPU-Statevector MPI-distributed (2 ranks)
Iter 0227 | Energy: -5.706295 | Delta: 5.82e-03 | M: 3502.2179 | Path: CPU-Statevector MPI-distributed (2 ranks)
Iter 0228 | Energy: -5.703437 | Delta: 2.86e-03 | M: 3025.2836 | Path: CPU-Statevector MPI-distributed (2 ranks)
Iter 0229 | Energy: -5.700048 | Delta: 3.39e-03 | M: 3761.1409 | Path: CPU-Statevector MPI-distributed (2 ranks)
Iter 0230 | Energy: -5.712282 | Delta: 1.22e-02 | M: 3543.8323 | Path: CPU-Statevector MPI-distributed (2 ranks)
[RESILIENCE] Iteration 230: Global theta state checkpointed at path checkpoints/LiH/checkpoint_iter_0230.npy. 
Iter 0231 | Energy: -5.721964 | Delta: 9.68e-03 | M: 3441.2189 | Path: CPU-Statevector MPI-distributed (2 ranks)
Iter 0232 | Energy: -5.714449 | Delta: 7.51e-03 | M: 3438.1906 | Path: CPU-Statevector MPI-distributed (2 ranks)
Iter 0233 | Energy: -5.732729 | Delta: 1.83e-02 | M: 2180.8064 | Path: CPU-Statevector MPI-distributed (2 ranks)
Iter 0234 | Energy: -5.729304 | Delta: 3.43e-03 | M: 4500.9008 | Path: CPU-Statevector MPI-distributed (2 ranks)
Iter 0235 | Energy: -5.750416 | Delta: 2.11e-02 | M: 4372.5894 | Path: CPU-Statevector MPI-distributed (2 ranks)
[RESILIENCE] Iteration 235: Global theta state checkpointed at path checkpoints/LiH/checkpoint_iter_0235.npy. 
Iter 0236 | Energy: -5.754593 | Delta: 4.18e-03 | M: 4322.7561 | Path: CPU-Statevector MPI-distributed (2 ranks)
Iter 0237 | Energy: -5.766786 | Delta: 1.22e-02 | M: 3545.6773 | Path: CPU-Statevector MPI-distributed (2 ranks)
Iter 0238 | Energy: -5.770172 | Delta: 3.39e-03 | M: 3751.3931 | Path: CPU-Statevector MPI-distributed (2 ranks)
Iter 0239 | Energy: -5.762608 | Delta: 7.56e-03 | M: 3564.1951 | Path: CPU-Statevector MPI-distributed (2 ranks)
Iter 0240 | Energy: -5.777885 | Delta: 1.53e-02 | M: 3602.2695 | Path: CPU-Statevector MPI-distributed (2 ranks)
[RESILIENCE] Iteration 240: Global theta state checkpointed at path checkpoints/LiH/checkpoint_iter_0240.npy. 
Iter 0241 | Energy: -5.764145 | Delta: 1.37e-02 | M: 3602.2641 | Path: CPU-Statevector MPI-distributed (2 ranks)
Iter 0242 | Energy: -5.768375 | Delta: 4.23e-03 | M: 4104.3371 | Path: CPU-Statevector MPI-distributed (2 ranks)
Iter 0243 | Energy: -5.775496 | Delta: 7.12e-03 | M: 3589.0079 | Path: CPU-Statevector MPI-distributed (2 ranks)
Iter 0244 | Energy: -5.776934 | Delta: 1.44e-03 | M: 3537.3704 | Path: CPU-Statevector MPI-distributed (2 ranks)
Iter 0245 | Energy: -5.793898 | Delta: 1.70e-02 | M: 4391.5379 | Path: CPU-Statevector MPI-distributed (2 ranks)
[RESILIENCE] Iteration 245: Global theta state checkpointed at path checkpoints/LiH/checkpoint_iter_0245.npy. 
Iter 0246 | Energy: -5.777757 | Delta: 1.61e-02 | M: 3571.8747 | Path: CPU-Statevector MPI-distributed (2 ranks)
Iter 0247 | Energy: -5.799084 | Delta: 2.13e-02 | M: 3640.6160 | Path: CPU-Statevector MPI-distributed (2 ranks)
Iter 0248 | Energy: -5.809291 | Delta: 1.02e-02 | M: 4338.8817 | Path: CPU-Statevector MPI-distributed (2 ranks)
Iter 0249 | Energy: -5.818074 | Delta: 8.78e-03 | M: 4358.0039 | Path: CPU-Statevector MPI-distributed (2 ranks)
Iter 0250 | Energy: -5.820431 | Delta: 2.36e-03 | M: 4334.2761 | Path: CPU-Statevector MPI-distributed (2 ranks)
[RESILIENCE] Iteration 250: Global theta state checkpointed at path checkpoints/LiH/checkpoint_iter_0250.npy. 
Iter 0251 | Energy: -5.821632 | Delta: 1.20e-03 | M: 3557.4853 | Path: CPU-Statevector MPI-distributed (2 ranks)
Iter 0252 | Energy: -5.820604 | Delta: 1.03e-03 | M: 3346.9881 | Path: CPU-Statevector MPI-distributed (2 ranks)
Iter 0253 | Energy: -5.808837 | Delta: 1.18e-02 | M: 3439.0048 | Path: CPU-Statevector MPI-distributed (2 ranks)
Iter 0254 | Energy: -5.824721 | Delta: 1.59e-02 | M: 3564.7025 | Path: CPU-Statevector MPI-distributed (2 ranks)
Iter 0255 | Energy: -5.825852 | Delta: 1.13e-03 | M: 4431.0556 | Path: CPU-Statevector MPI-distributed (2 ranks)
[RESILIENCE] Iteration 255: Global theta state checkpointed at path checkpoints/LiH/checkpoint_iter_0255.npy. 
Iter 0256 | Energy: -5.824979 | Delta: 8.73e-04 | M: 4328.8015 | Path: CPU-Statevector MPI-distributed (2 ranks)
Iter 0257 | Energy: -5.850935 | Delta: 2.60e-02 | M: 3510.8164 | Path: CPU-Statevector MPI-distributed (2 ranks)
Iter 0258 | Energy: -5.837780 | Delta: 1.32e-02 | M: 3591.2386 | Path: CPU-Statevector MPI-distributed (2 ranks)
Iter 0259 | Energy: -5.839629 | Delta: 1.85e-03 | M: 3539.0385 | Path: CPU-Statevector MPI-distributed (2 ranks)
Iter 0260 | Energy: -5.859488 | Delta: 1.99e-02 | M: 4435.0778 | Path: CPU-Statevector MPI-distributed (2 ranks)
[RESILIENCE] Iteration 260: Global theta state checkpointed at path checkpoints/LiH/checkpoint_iter_0260.npy. 
Iter 0261 | Energy: -5.846457 | Delta: 1.30e-02 | M: 3717.6604 | Path: CPU-Statevector MPI-distributed (2 ranks)
Iter 0262 | Energy: -5.851985 | Delta: 5.53e-03 | M: 4167.6190 | Path: CPU-Statevector MPI-distributed (2 ranks)
Iter 0263 | Energy: -5.852861 | Delta: 8.76e-04 | M: 3529.3018 | Path: CPU-Statevector MPI-distributed (2 ranks)
Iter 0264 | Energy: -5.859556 | Delta: 6.69e-03 | M: 3569.9516 | Path: CPU-Statevector MPI-distributed (2 ranks)
Iter 0265 | Energy: -5.864054 | Delta: 4.50e-03 | M: 3595.8612 | Path: CPU-Statevector MPI-distributed (2 ranks)
[RESILIENCE] Iteration 265: Global theta state checkpointed at path checkpoints/LiH/checkpoint_iter_0265.npy. 
Iter 0266 | Energy: -5.868333 | Delta: 4.28e-03 | M: 4457.8040 | Path: CPU-Statevector MPI-distributed (2 ranks)
Iter 0267 | Energy: -5.879946 | Delta: 1.16e-02 | M: 4391.6155 | Path: CPU-Statevector MPI-distributed (2 ranks)
Iter 0268 | Energy: -5.882830 | Delta: 2.88e-03 | M: 3527.2264 | Path: CPU-Statevector MPI-distributed (2 ranks)
Iter 0269 | Energy: -5.883697 | Delta: 8.67e-04 | M: 3601.6265 | Path: CPU-Statevector MPI-distributed (2 ranks)
Iter 0270 | Energy: -5.888566 | Delta: 4.87e-03 | M: 4466.9213 | Path: CPU-Statevector MPI-distributed (2 ranks)
[RESILIENCE] Iteration 270: Global theta state checkpointed at path checkpoints/LiH/checkpoint_iter_0270.npy. 
Iter 0271 | Energy: -5.883002 | Delta: 5.56e-03 | M: 3584.3540 | Path: CPU-Statevector MPI-distributed (2 ranks)
Iter 0272 | Energy: -5.886348 | Delta: 3.35e-03 | M: 3442.4470 | Path: CPU-Statevector MPI-distributed (2 ranks)
Iter 0273 | Energy: -5.895176 | Delta: 8.83e-03 | M: 3519.1743 | Path: CPU-Statevector MPI-distributed (2 ranks)
Iter 0274 | Energy: -5.905040 | Delta: 9.86e-03 | M: 4417.4460 | Path: CPU-Statevector MPI-distributed (2 ranks)
Iter 0275 | Energy: -5.909473 | Delta: 4.43e-03 | M: 3511.3503 | Path: CPU-Statevector MPI-distributed (2 ranks)
[RESILIENCE] Iteration 275: Global theta state checkpointed at path checkpoints/LiH/checkpoint_iter_0275.npy. 
Iter 0276 | Energy: -5.915604 | Delta: 6.13e-03 | M: 4434.0677 | Path: CPU-Statevector MPI-distributed (2 ranks)
Iter 0277 | Energy: -5.922484 | Delta: 6.88e-03 | M: 4402.2836 | Path: CPU-Statevector MPI-distributed (2 ranks)
Iter 0278 | Energy: -5.927470 | Delta: 4.99e-03 | M: 3497.3279 | Path: CPU-Statevector MPI-distributed (2 ranks)
Iter 0279 | Energy: -5.941403 | Delta: 1.39e-02 | M: 3508.8390 | Path: CPU-Statevector MPI-distributed (2 ranks)
Iter 0280 | Energy: -5.947921 | Delta: 6.52e-03 | M: 3297.2878 | Path: CPU-Statevector MPI-distributed (2 ranks)
[RESILIENCE] Iteration 280: Global theta state checkpointed at path checkpoints/LiH/checkpoint_iter_0280.npy. 
Iter 0281 | Energy: -5.943044 | Delta: 4.88e-03 | M: 3588.4248 | Path: CPU-Statevector MPI-distributed (2 ranks)
Iter 0282 | Energy: -5.940184 | Delta: 2.86e-03 | M: 3542.1434 | Path: CPU-Statevector MPI-distributed (2 ranks)
Iter 0283 | Energy: -5.945530 | Delta: 5.35e-03 | M: 3522.2374 | Path: CPU-Statevector MPI-distributed (2 ranks)
Iter 0284 | Energy: -5.958782 | Delta: 1.33e-02 | M: 4405.9050 | Path: CPU-Statevector MPI-distributed (2 ranks)
Iter 0285 | Energy: -5.958055 | Delta: 7.27e-04 | M: 3354.7065 | Path: CPU-Statevector MPI-distributed (2 ranks)
[RESILIENCE] Iteration 285: Global theta state checkpointed at path checkpoints/LiH/checkpoint_iter_0285.npy. 
Iter 0286 | Energy: -5.952825 | Delta: 5.23e-03 | M: 4178.2472 | Path: CPU-Statevector MPI-distributed (2 ranks)
Iter 0287 | Energy: -5.957638 | Delta: 4.81e-03 | M: 4420.9885 | Path: CPU-Statevector MPI-distributed (2 ranks)
Iter 0288 | Energy: -5.957104 | Delta: 5.35e-04 | M: 3636.8315 | Path: CPU-Statevector MPI-distributed (2 ranks)
Iter 0289 | Energy: -5.967000 | Delta: 9.90e-03 | M: 3592.0219 | Path: CPU-Statevector MPI-distributed (2 ranks)
Iter 0290 | Energy: -5.968769 | Delta: 1.77e-03 | M: 4458.2195 | Path: CPU-Statevector MPI-distributed (2 ranks)
[RESILIENCE] Iteration 290: Global theta state checkpointed at path checkpoints/LiH/checkpoint_iter_0290.npy. 
Iter 0291 | Energy: -5.972732 | Delta: 3.96e-03 | M: 3590.1560 | Path: CPU-Statevector MPI-distributed (2 ranks)
Iter 0292 | Energy: -5.986022 | Delta: 1.33e-02 | M: 4293.7776 | Path: CPU-Statevector MPI-distributed (2 ranks)
Iter 0293 | Energy: -5.990378 | Delta: 4.36e-03 | M: 26.7957 | Path: CPU-Statevector MPI-distributed (2 ranks)
Iter 0294 | Energy: -6.013730 | Delta: 2.34e-02 | M: 3483.2631 | Path: CPU-Statevector MPI-distributed (2 ranks)
Iter 0295 | Energy: -6.017535 | Delta: 3.81e-03 | M: 3441.8578 | Path: CPU-Statevector MPI-distributed (2 ranks)
[RESILIENCE] Iteration 295: Global theta state checkpointed at path checkpoints/LiH/checkpoint_iter_0295.npy. 
Iter 0296 | Energy: -6.017124 | Delta: 4.10e-04 | M: 3505.6227 | Path: CPU-Statevector MPI-distributed (2 ranks)
Iter 0297 | Energy: -6.025405 | Delta: 8.28e-03 | M: 4455.7378 | Path: CPU-Statevector MPI-distributed (2 ranks)
Iter 0298 | Energy: -6.024988 | Delta: 4.18e-04 | M: 4185.4287 | Path: CPU-Statevector MPI-distributed (2 ranks)
Iter 0299 | Energy: -6.035145 | Delta: 1.02e-02 | M: 3539.6774 | Path: CPU-Statevector MPI-distributed (2 ranks)
Iter 0300 | Energy: -6.037808 | Delta: 2.66e-03 | M: 3471.4891 | Path: CPU-Statevector MPI-distributed (2 ranks)
[RESILIENCE] Iteration 300: Global theta state checkpointed at path checkpoints/LiH/checkpoint_iter_0300.npy. 
Iter 0301 | Energy: -6.031663 | Delta: 6.15e-03 | M: 15.1999 | Path: CPU-Statevector MPI-distributed (2 ranks)
Iter 0302 | Energy: -6.031893 | Delta: 2.30e-04 | M: 3605.8140 | Path: CPU-Statevector MPI-distributed (2 ranks)
Iter 0303 | Energy: -6.047116 | Delta: 1.52e-02 | M: 4488.9684 | Path: CPU-Statevector MPI-distributed (2 ranks)
Iter 0304 | Energy: -6.051927 | Delta: 4.81e-03 | M: 3610.8954 | Path: CPU-Statevector MPI-distributed (2 ranks)
Iter 0305 | Energy: -6.050012 | Delta: 1.92e-03 | M: 3378.5675 | Path: CPU-Statevector MPI-distributed (2 ranks)
[RESILIENCE] Iteration 305: Global theta state checkpointed at path checkpoints/LiH/checkpoint_iter_0305.npy. 
Iter 0306 | Energy: -6.054527 | Delta: 4.52e-03 | M: 3515.5617 | Path: CPU-Statevector MPI-distributed (2 ranks)
Iter 0307 | Energy: -6.056025 | Delta: 1.50e-03 | M: 3582.7520 | Path: CPU-Statevector MPI-distributed (2 ranks)
Iter 0308 | Energy: -6.076829 | Delta: 2.08e-02 | M: 3590.7231 | Path: CPU-Statevector MPI-distributed (2 ranks)
Iter 0309 | Energy: -6.073327 | Delta: 3.50e-03 | M: 14.5006 | Path: CPU-Statevector MPI-distributed (2 ranks)
Iter 0310 | Energy: -6.074165 | Delta: 8.38e-04 | M: 3426.1396 | Path: CPU-Statevector MPI-distributed (2 ranks)
[RESILIENCE] Iteration 310: Global theta state checkpointed at path checkpoints/LiH/checkpoint_iter_0310.npy. 
Iter 0311 | Energy: -6.073136 | Delta: 1.03e-03 | M: 4482.2769 | Path: CPU-Statevector MPI-distributed (2 ranks)
Iter 0312 | Energy: -6.096348 | Delta: 2.32e-02 | M: 3550.7756 | Path: CPU-Statevector MPI-distributed (2 ranks)
Iter 0313 | Energy: -6.086960 | Delta: 9.39e-03 | M: 4402.4962 | Path: CPU-Statevector MPI-distributed (2 ranks)
Iter 0314 | Energy: -6.089330 | Delta: 2.37e-03 | M: 3356.1375 | Path: CPU-Statevector MPI-distributed (2 ranks)
Iter 0315 | Energy: -6.109791 | Delta: 2.05e-02 | M: 4428.3954 | Path: CPU-Statevector MPI-distributed (2 ranks)
[RESILIENCE] Iteration 315: Global theta state checkpointed at path checkpoints/LiH/checkpoint_iter_0315.npy. 
Iter 0316 | Energy: -6.105568 | Delta: 4.22e-03 | M: 4316.0174 | Path: CPU-Statevector MPI-distributed (2 ranks)
Iter 0317 | Energy: -6.106627 | Delta: 1.06e-03 | M: 3350.7946 | Path: CPU-Statevector MPI-distributed (2 ranks)
Iter 0318 | Energy: -6.106746 | Delta: 1.19e-04 | M: 4475.1569 | Path: CPU-Statevector MPI-distributed (2 ranks)
Iter 0319 | Energy: -6.102035 | Delta: 4.71e-03 | M: 2618.3241 | Path: CPU-Statevector MPI-distributed (2 ranks)
Iter 0320 | Energy: -6.114345 | Delta: 1.23e-02 | M: 14.1528 | Path: CPU-Statevector MPI-distributed (2 ranks)
[RESILIENCE] Iteration 320: Global theta state checkpointed at path checkpoints/LiH/checkpoint_iter_0320.npy. 
Iter 0321 | Energy: -6.108782 | Delta: 5.56e-03 | M: 3396.5360 | Path: CPU-Statevector MPI-distributed (2 ranks)
Iter 0322 | Energy: -6.122013 | Delta: 1.32e-02 | M: 3239.3129 | Path: CPU-Statevector MPI-distributed (2 ranks)
Iter 0323 | Energy: -6.106115 | Delta: 1.59e-02 | M: 4330.6043 | Path: CPU-Statevector MPI-distributed (2 ranks)
Iter 0324 | Energy: -6.114496 | Delta: 8.38e-03 | M: 3527.4979 | Path: CPU-Statevector MPI-distributed (2 ranks)
Iter 0325 | Energy: -6.107709 | Delta: 6.79e-03 | M: 3597.8100 | Path: CPU-Statevector MPI-distributed (2 ranks)
[RESILIENCE] Iteration 325: Global theta state checkpointed at path checkpoints/LiH/checkpoint_iter_0325.npy. 
Iter 0326 | Energy: -6.116728 | Delta: 9.02e-03 | M: 3644.1492 | Path: CPU-Statevector MPI-distributed (2 ranks)
Iter 0327 | Energy: -6.119236 | Delta: 2.51e-03 | M: 3497.1374 | Path: CPU-Statevector MPI-distributed (2 ranks)
Iter 0328 | Energy: -6.119419 | Delta: 1.82e-04 | M: 3079.4799 | Path: CPU-Statevector MPI-distributed (2 ranks)
Iter 0329 | Energy: -6.143002 | Delta: 2.36e-02 | M: 3642.6107 | Path: CPU-Statevector MPI-distributed (2 ranks)
Iter 0330 | Energy: -6.148907 | Delta: 5.91e-03 | M: 3683.5054 | Path: CPU-Statevector MPI-distributed (2 ranks)
[RESILIENCE] Iteration 330: Global theta state checkpointed at path checkpoints/LiH/checkpoint_iter_0330.npy. 
Iter 0331 | Energy: -6.146264 | Delta: 2.64e-03 | M: 3139.1229 | Path: CPU-Statevector MPI-distributed (2 ranks)
Iter 0332 | Energy: -6.167764 | Delta: 2.15e-02 | M: 3494.6744 | Path: CPU-Statevector MPI-distributed (2 ranks)
Iter 0333 | Energy: -6.147947 | Delta: 1.98e-02 | M: 3436.9998 | Path: CPU-Statevector MPI-distributed (2 ranks)
Iter 0334 | Energy: -6.155467 | Delta: 7.52e-03 | M: 4430.7539 | Path: CPU-Statevector MPI-distributed (2 ranks)
Iter 0335 | Energy: -6.159207 | Delta: 3.74e-03 | M: 3450.0012 | Path: CPU-Statevector MPI-distributed (2 ranks)
[RESILIENCE] Iteration 335: Global theta state checkpointed at path checkpoints/LiH/checkpoint_iter_0335.npy. 
Iter 0336 | Energy: -6.174053 | Delta: 1.48e-02 | M: 3455.6859 | Path: CPU-Statevector MPI-distributed (2 ranks)
Iter 0337 | Energy: -6.155622 | Delta: 1.84e-02 | M: 3578.1666 | Path: CPU-Statevector MPI-distributed (2 ranks)
Iter 0338 | Energy: -6.163224 | Delta: 7.60e-03 | M: 3546.4221 | Path: CPU-Statevector MPI-distributed (2 ranks)
Iter 0339 | Energy: -6.174251 | Delta: 1.10e-02 | M: 3455.4628 | Path: CPU-Statevector MPI-distributed (2 ranks)
Iter 0340 | Energy: -6.172586 | Delta: 1.66e-03 | M: 3512.4122 | Path: CPU-Statevector MPI-distributed (2 ranks)
[RESILIENCE] Iteration 340: Global theta state checkpointed at path checkpoints/LiH/checkpoint_iter_0340.npy. 
Iter 0341 | Energy: -6.180197 | Delta: 7.61e-03 | M: 3437.6832 | Path: CPU-Statevector MPI-distributed (2 ranks)
Iter 0342 | Energy: -6.186063 | Delta: 5.87e-03 | M: 4336.7864 | Path: CPU-Statevector MPI-distributed (2 ranks)
Iter 0343 | Energy: -6.190131 | Delta: 4.07e-03 | M: 3560.4766 | Path: CPU-Statevector MPI-distributed (2 ranks)
Iter 0344 | Energy: -6.195875 | Delta: 5.74e-03 | M: 3632.2295 | Path: CPU-Statevector MPI-distributed (2 ranks)
Iter 0345 | Energy: -6.179585 | Delta: 1.63e-02 | M: 3579.3446 | Path: CPU-Statevector MPI-distributed (2 ranks)
[RESILIENCE] Iteration 345: Global theta state checkpointed at path checkpoints/LiH/checkpoint_iter_0345.npy. 
Iter 0346 | Energy: -6.183807 | Delta: 4.22e-03 | M: 4405.4408 | Path: CPU-Statevector MPI-distributed (2 ranks)
Iter 0347 | Energy: -6.200620 | Delta: 1.68e-02 | M: 3455.3341 | Path: CPU-Statevector MPI-distributed (2 ranks)
Iter 0348 | Energy: -6.191247 | Delta: 9.37e-03 | M: 3738.9351 | Path: CPU-Statevector MPI-distributed (2 ranks)
Iter 0349 | Energy: -6.211073 | Delta: 1.98e-02 | M: 4380.4356 | Path: CPU-Statevector MPI-distributed (2 ranks)
Iter 0350 | Energy: -6.223616 | Delta: 1.25e-02 | M: 3545.0470 | Path: CPU-Statevector MPI-distributed (2 ranks)
[RESILIENCE] Iteration 350: Global theta state checkpointed at path checkpoints/LiH/checkpoint_iter_0350.npy. 
Iter 0351 | Energy: -6.224344 | Delta: 7.28e-04 | M: 3569.9058 | Path: CPU-Statevector MPI-distributed (2 ranks)
Iter 0352 | Energy: -6.222904 | Delta: 1.44e-03 | M: 3430.9289 | Path: CPU-Statevector MPI-distributed (2 ranks)
Iter 0353 | Energy: -6.232240 | Delta: 9.34e-03 | M: 3462.8469 | Path: CPU-Statevector MPI-distributed (2 ranks)
Iter 0354 | Energy: -6.233028 | Delta: 7.89e-04 | M: 4491.3120 | Path: CPU-Statevector MPI-distributed (2 ranks)
Iter 0355 | Energy: -6.237409 | Delta: 4.38e-03 | M: 3353.3055 | Path: CPU-Statevector MPI-distributed (2 ranks)
[RESILIENCE] Iteration 355: Global theta state checkpointed at path checkpoints/LiH/checkpoint_iter_0355.npy. 
Iter 0356 | Energy: -6.230926 | Delta: 6.48e-03 | M: 38.4852 | Path: CPU-Statevector MPI-distributed (2 ranks)
Iter 0357 | Energy: -6.230876 | Delta: 5.03e-05 | M: 4214.8323 | Path: CPU-Statevector MPI-distributed (2 ranks)
Iter 0358 | Energy: -6.236682 | Delta: 5.81e-03 | M: 3.6906 | Path: CPU-Statevector MPI-distributed (2 ranks)
Iter 0359 | Energy: -6.246369 | Delta: 9.69e-03 | M: 9.4478 | Path: CPU-Statevector MPI-distributed (2 ranks)
Iter 0360 | Energy: -6.248997 | Delta: 2.63e-03 | M: 4549.2141 | Path: CPU-Statevector MPI-distributed (2 ranks)
[RESILIENCE] Iteration 360: Global theta state checkpointed at path checkpoints/LiH/checkpoint_iter_0360.npy. 
Iter 0361 | Energy: -6.254491 | Delta: 5.49e-03 | M: 3627.9998 | Path: CPU-Statevector MPI-distributed (2 ranks)
Iter 0362 | Energy: -6.254284 | Delta: 2.08e-04 | M: 3595.3716 | Path: CPU-Statevector MPI-distributed (2 ranks)
Iter 0363 | Energy: -6.254877 | Delta: 5.93e-04 | M: 3571.4253 | Path: CPU-Statevector MPI-distributed (2 ranks)
Iter 0364 | Energy: -6.268333 | Delta: 1.35e-02 | M: 3519.4217 | Path: CPU-Statevector MPI-distributed (2 ranks)
Iter 0365 | Energy: -6.251582 | Delta: 1.68e-02 | M: 4415.1451 | Path: CPU-Statevector MPI-distributed (2 ranks)
[RESILIENCE] Iteration 365: Global theta state checkpointed at path checkpoints/LiH/checkpoint_iter_0365.npy. 
Iter 0366 | Energy: -6.260081 | Delta: 8.50e-03 | M: 4464.7054 | Path: CPU-Statevector MPI-distributed (2 ranks)
Iter 0367 | Energy: -6.266808 | Delta: 6.73e-03 | M: 4378.8087 | Path: CPU-Statevector MPI-distributed (2 ranks)
Iter 0368 | Energy: -6.269616 | Delta: 2.81e-03 | M: 3626.1476 | Path: CPU-Statevector MPI-distributed (2 ranks)
Iter 0369 | Energy: -6.263095 | Delta: 6.52e-03 | M: 3570.4280 | Path: CPU-Statevector MPI-distributed (2 ranks)
Iter 0370 | Energy: -6.261879 | Delta: 1.22e-03 | M: 3572.3149 | Path: CPU-Statevector MPI-distributed (2 ranks)
[RESILIENCE] Iteration 370: Global theta state checkpointed at path checkpoints/LiH/checkpoint_iter_0370.npy. 
Iter 0371 | Energy: -6.267912 | Delta: 6.03e-03 | M: 3626.1650 | Path: CPU-Statevector MPI-distributed (2 ranks)
Iter 0372 | Energy: -6.273930 | Delta: 6.02e-03 | M: 4259.8944 | Path: CPU-Statevector MPI-distributed (2 ranks)
Iter 0373 | Energy: -6.287242 | Delta: 1.33e-02 | M: 3628.2874 | Path: CPU-Statevector MPI-distributed (2 ranks)
Iter 0374 | Energy: -6.290305 | Delta: 3.06e-03 | M: 3610.5556 | Path: CPU-Statevector MPI-distributed (2 ranks)
Iter 0375 | Energy: -6.293440 | Delta: 3.13e-03 | M: 3543.8494 | Path: CPU-Statevector MPI-distributed (2 ranks)
[RESILIENCE] Iteration 375: Global theta state checkpointed at path checkpoints/LiH/checkpoint_iter_0375.npy. 
Iter 0376 | Energy: -6.309700 | Delta: 1.63e-02 | M: 3333.7944 | Path: CPU-Statevector MPI-distributed (2 ranks)
Iter 0377 | Energy: -6.299551 | Delta: 1.01e-02 | M: 4403.0048 | Path: CPU-Statevector MPI-distributed (2 ranks)
Iter 0378 | Energy: -6.302555 | Delta: 3.00e-03 | M: 4468.2874 | Path: CPU-Statevector MPI-distributed (2 ranks)
Iter 0379 | Energy: -6.307084 | Delta: 4.53e-03 | M: 3567.2657 | Path: CPU-Statevector MPI-distributed (2 ranks)
Iter 0380 | Energy: -6.294818 | Delta: 1.23e-02 | M: 3495.7536 | Path: CPU-Statevector MPI-distributed (2 ranks)
[RESILIENCE] Iteration 380: Global theta state checkpointed at path checkpoints/LiH/checkpoint_iter_0380.npy. 
Iter 0381 | Energy: -6.302419 | Delta: 7.60e-03 | M: 3598.7344 | Path: CPU-Statevector MPI-distributed (2 ranks)
Iter 0382 | Energy: -6.298722 | Delta: 3.70e-03 | M: 3504.0049 | Path: CPU-Statevector MPI-distributed (2 ranks)
Iter 0383 | Energy: -6.308229 | Delta: 9.51e-03 | M: 3512.9932 | Path: CPU-Statevector MPI-distributed (2 ranks)
Iter 0384 | Energy: -6.328575 | Delta: 2.03e-02 | M: 4413.4536 | Path: CPU-Statevector MPI-distributed (2 ranks)
Iter 0385 | Energy: -6.317375 | Delta: 1.12e-02 | M: 3562.1311 | Path: CPU-Statevector MPI-distributed (2 ranks)
[RESILIENCE] Iteration 385: Global theta state checkpointed at path checkpoints/LiH/checkpoint_iter_0385.npy. 
Iter 0386 | Energy: -6.324061 | Delta: 6.69e-03 | M: 4358.2827 | Path: CPU-Statevector MPI-distributed (2 ranks)
Iter 0387 | Energy: -6.319380 | Delta: 4.68e-03 | M: 3549.1807 | Path: CPU-Statevector MPI-distributed (2 ranks)
Iter 0388 | Energy: -6.320762 | Delta: 1.38e-03 | M: 3502.8794 | Path: CPU-Statevector MPI-distributed (2 ranks)
Iter 0389 | Energy: -6.331172 | Delta: 1.04e-02 | M: 4358.4952 | Path: CPU-Statevector MPI-distributed (2 ranks)
Iter 0390 | Energy: -6.344123 | Delta: 1.30e-02 | M: 4353.8633 | Path: CPU-Statevector MPI-distributed (2 ranks)
[RESILIENCE] Iteration 390: Global theta state checkpointed at path checkpoints/LiH/checkpoint_iter_0390.npy. 
Iter 0391 | Energy: -6.348163 | Delta: 4.04e-03 | M: 3551.8409 | Path: CPU-Statevector MPI-distributed (2 ranks)
Iter 0392 | Energy: -6.355006 | Delta: 6.84e-03 | M: 3472.2753 | Path: CPU-Statevector MPI-distributed (2 ranks)
Iter 0393 | Energy: -6.350274 | Delta: 4.73e-03 | M: 3506.1634 | Path: CPU-Statevector MPI-distributed (2 ranks)
Iter 0394 | Energy: -6.349398 | Delta: 8.75e-04 | M: 4340.0754 | Path: CPU-Statevector MPI-distributed (2 ranks)
Iter 0395 | Energy: -6.353977 | Delta: 4.58e-03 | M: 3590.8174 | Path: CPU-Statevector MPI-distributed (2 ranks)
[RESILIENCE] Iteration 395: Global theta state checkpointed at path checkpoints/LiH/checkpoint_iter_0395.npy. 
Iter 0396 | Energy: -6.365288 | Delta: 1.13e-02 | M: 3590.5726 | Path: CPU-Statevector MPI-distributed (2 ranks)
Iter 0397 | Energy: -6.375590 | Delta: 1.03e-02 | M: 3339.7502 | Path: CPU-Statevector MPI-distributed (2 ranks)
Iter 0398 | Energy: -6.395539 | Delta: 1.99e-02 | M: 3490.9522 | Path: CPU-Statevector MPI-distributed (2 ranks)
Iter 0399 | Energy: -6.385474 | Delta: 1.01e-02 | M: 4497.9238 | Path: CPU-Statevector MPI-distributed (2 ranks)
Iter 0400 | Energy: -6.389340 | Delta: 3.87e-03 | M: 4239.2831 | Path: CPU-Statevector MPI-distributed (2 ranks)
[RESILIENCE] Iteration 400: Global theta state checkpointed at path checkpoints/LiH/checkpoint_iter_0400.npy. 
Iter 0401 | Energy: -6.383479 | Delta: 5.86e-03 | M: 3547.3015 | Path: CPU-Statevector MPI-distributed (2 ranks)
Iter 0402 | Energy: -6.402455 | Delta: 1.90e-02 | M: 3557.7829 | Path: CPU-Statevector MPI-distributed (2 ranks)
Iter 0403 | Energy: -6.406656 | Delta: 4.20e-03 | M: 3589.6550 | Path: CPU-Statevector MPI-distributed (2 ranks)
Iter 0404 | Energy: -6.408629 | Delta: 1.97e-03 | M: 3619.9955 | Path: CPU-Statevector MPI-distributed (2 ranks)
Iter 0405 | Energy: -6.402219 | Delta: 6.41e-03 | M: 4419.5734 | Path: CPU-Statevector MPI-distributed (2 ranks)
[RESILIENCE] Iteration 405: Global theta state checkpointed at path checkpoints/LiH/checkpoint_iter_0405.npy. 
Iter 0406 | Energy: -6.421539 | Delta: 1.93e-02 | M: 3564.9337 | Path: CPU-Statevector MPI-distributed (2 ranks)
Iter 0407 | Energy: -6.421340 | Delta: 1.99e-04 | M: 3575.6363 | Path: CPU-Statevector MPI-distributed (2 ranks)
Iter 0408 | Energy: -6.425113 | Delta: 3.77e-03 | M: 4427.7599 | Path: CPU-Statevector MPI-distributed (2 ranks)
Iter 0409 | Energy: -6.422036 | Delta: 3.08e-03 | M: 3395.2849 | Path: CPU-Statevector MPI-distributed (2 ranks)
Iter 0410 | Energy: -6.426384 | Delta: 4.35e-03 | M: 3532.8853 | Path: CPU-Statevector MPI-distributed (2 ranks)
[RESILIENCE] Iteration 410: Global theta state checkpointed at path checkpoints/LiH/checkpoint_iter_0410.npy. 
Iter 0411 | Energy: -6.425267 | Delta: 1.12e-03 | M: 4285.7391 | Path: CPU-Statevector MPI-distributed (2 ranks)
Iter 0412 | Energy: -6.420068 | Delta: 5.20e-03 | M: 3600.1171 | Path: CPU-Statevector MPI-distributed (2 ranks)
Iter 0413 | Energy: -6.428541 | Delta: 8.47e-03 | M: 3531.0795 | Path: CPU-Statevector MPI-distributed (2 ranks)
Iter 0414 | Energy: -6.429509 | Delta: 9.68e-04 | M: 3587.0170 | Path: CPU-Statevector MPI-distributed (2 ranks)
Iter 0415 | Energy: -6.435482 | Delta: 5.97e-03 | M: 4394.6470 | Path: CPU-Statevector MPI-distributed (2 ranks)
[RESILIENCE] Iteration 415: Global theta state checkpointed at path checkpoints/LiH/checkpoint_iter_0415.npy. 
Iter 0416 | Energy: -6.423418 | Delta: 1.21e-02 | M: 3577.8007 | Path: CPU-Statevector MPI-distributed (2 ranks)
Iter 0417 | Energy: -6.430232 | Delta: 6.81e-03 | M: 3573.7673 | Path: CPU-Statevector MPI-distributed (2 ranks)
Iter 0418 | Energy: -6.462587 | Delta: 3.24e-02 | M: 3290.0055 | Path: CPU-Statevector MPI-distributed (2 ranks)
Iter 0419 | Energy: -6.458796 | Delta: 3.79e-03 | M: 3592.1804 | Path: CPU-Statevector MPI-distributed (2 ranks)
Iter 0420 | Energy: -6.457606 | Delta: 1.19e-03 | M: 4477.6286 | Path: CPU-Statevector MPI-distributed (2 ranks)
[RESILIENCE] Iteration 420: Global theta state checkpointed at path checkpoints/LiH/checkpoint_iter_0420.npy. 
Iter 0421 | Energy: -6.461017 | Delta: 3.41e-03 | M: 3627.9629 | Path: CPU-Statevector MPI-distributed (2 ranks)
Iter 0422 | Energy: -6.451910 | Delta: 9.11e-03 | M: 3481.1537 | Path: CPU-Statevector MPI-distributed (2 ranks)
Iter 0423 | Energy: -6.466956 | Delta: 1.50e-02 | M: 3548.3136 | Path: CPU-Statevector MPI-distributed (2 ranks)
Iter 0424 | Energy: -6.482336 | Delta: 1.54e-02 | M: 3384.6524 | Path: CPU-Statevector MPI-distributed (2 ranks)
Iter 0425 | Energy: -6.482261 | Delta: 7.48e-05 | M: 3424.2811 | Path: CPU-Statevector MPI-distributed (2 ranks)
[RESILIENCE] Iteration 425: Global theta state checkpointed at path checkpoints/LiH/checkpoint_iter_0425.npy. 
Iter 0426 | Energy: -6.477296 | Delta: 4.96e-03 | M: 3518.0675 | Path: CPU-Statevector MPI-distributed (2 ranks)
Iter 0427 | Energy: -6.490517 | Delta: 1.32e-02 | M: 4389.8610 | Path: CPU-Statevector MPI-distributed (2 ranks)
Iter 0428 | Energy: -6.498449 | Delta: 7.93e-03 | M: 3588.5590 | Path: CPU-Statevector MPI-distributed (2 ranks)
Iter 0429 | Energy: -6.510867 | Delta: 1.24e-02 | M: 3530.7730 | Path: CPU-Statevector MPI-distributed (2 ranks)
Iter 0430 | Energy: -6.509265 | Delta: 1.60e-03 | M: 3602.0466 | Path: CPU-Statevector MPI-distributed (2 ranks)
[RESILIENCE] Iteration 430: Global theta state checkpointed at path checkpoints/LiH/checkpoint_iter_0430.npy. 
Iter 0431 | Energy: -6.511759 | Delta: 2.49e-03 | M: 3568.8164 | Path: CPU-Statevector MPI-distributed (2 ranks)
Iter 0432 | Energy: -6.511298 | Delta: 4.61e-04 | M: 4495.2133 | Path: CPU-Statevector MPI-distributed (2 ranks)
Iter 0433 | Energy: -6.529876 | Delta: 1.86e-02 | M: 3461.6508 | Path: CPU-Statevector MPI-distributed (2 ranks)
Iter 0434 | Energy: -6.532056 | Delta: 2.18e-03 | M: 3548.2869 | Path: CPU-Statevector MPI-distributed (2 ranks)
Iter 0435 | Energy: -6.540836 | Delta: 8.78e-03 | M: 4452.6863 | Path: CPU-Statevector MPI-distributed (2 ranks)
[RESILIENCE] Iteration 435: Global theta state checkpointed at path checkpoints/LiH/checkpoint_iter_0435.npy. 
Iter 0436 | Energy: -6.553677 | Delta: 1.28e-02 | M: 4393.4760 | Path: CPU-Statevector MPI-distributed (2 ranks)
Iter 0437 | Energy: -6.561314 | Delta: 7.64e-03 | M: 4286.1708 | Path: CPU-Statevector MPI-distributed (2 ranks)
Iter 0438 | Energy: -6.557389 | Delta: 3.93e-03 | M: 3630.1167 | Path: CPU-Statevector MPI-distributed (2 ranks)
Iter 0439 | Energy: -6.563983 | Delta: 6.59e-03 | M: 3511.6518 | Path: CPU-Statevector MPI-distributed (2 ranks)
Iter 0440 | Energy: -6.581568 | Delta: 1.76e-02 | M: 4427.3552 | Path: CPU-Statevector MPI-distributed (2 ranks)
[RESILIENCE] Iteration 440: Global theta state checkpointed at path checkpoints/LiH/checkpoint_iter_0440.npy. 
Iter 0441 | Energy: -6.580871 | Delta: 6.97e-04 | M: 3961.9465 | Path: CPU-Statevector MPI-distributed (2 ranks)
Iter 0442 | Energy: -6.581525 | Delta: 6.54e-04 | M: 3432.8297 | Path: CPU-Statevector MPI-distributed (2 ranks)
Iter 0443 | Energy: -6.579321 | Delta: 2.20e-03 | M: 3513.9034 | Path: CPU-Statevector MPI-distributed (2 ranks)
Iter 0444 | Energy: -6.584311 | Delta: 4.99e-03 | M: 4331.7286 | Path: CPU-Statevector MPI-distributed (2 ranks)
Iter 0445 | Energy: -6.584777 | Delta: 4.66e-04 | M: 4437.6310 | Path: CPU-Statevector MPI-distributed (2 ranks)
[RESILIENCE] Iteration 445: Global theta state checkpointed at path checkpoints/LiH/checkpoint_iter_0445.npy. 
Iter 0446 | Energy: -6.585951 | Delta: 1.17e-03 | M: 3583.1931 | Path: CPU-Statevector MPI-distributed (2 ranks)
Iter 0447 | Energy: -6.594191 | Delta: 8.24e-03 | M: 4332.9376 | Path: CPU-Statevector MPI-distributed (2 ranks)
Iter 0448 | Energy: -6.594177 | Delta: 1.36e-05 | M: 4452.7451 | Path: CPU-Statevector MPI-distributed (2 ranks)
Iter 0449 | Energy: -6.600516 | Delta: 6.34e-03 | M: 4423.9963 | Path: CPU-Statevector MPI-distributed (2 ranks)
Iter 0450 | Energy: -6.598835 | Delta: 1.68e-03 | M: 3582.5339 | Path: CPU-Statevector MPI-distributed (2 ranks)
[RESILIENCE] Iteration 450: Global theta state checkpointed at path checkpoints/LiH/checkpoint_iter_0450.npy. 
Iter 0451 | Energy: -6.604642 | Delta: 5.81e-03 | M: 4397.4284 | Path: CPU-Statevector MPI-distributed (2 ranks)
Iter 0452 | Energy: -6.612785 | Delta: 8.14e-03 | M: 3562.6164 | Path: CPU-Statevector MPI-distributed (2 ranks)
Iter 0453 | Energy: -6.605645 | Delta: 7.14e-03 | M: 3553.1234 | Path: CPU-Statevector MPI-distributed (2 ranks)
Iter 0454 | Energy: -6.610249 | Delta: 4.60e-03 | M: 3522.7867 | Path: CPU-Statevector MPI-distributed (2 ranks)
Iter 0455 | Energy: -6.616170 | Delta: 5.92e-03 | M: 3282.5932 | Path: CPU-Statevector MPI-distributed (2 ranks)
[RESILIENCE] Iteration 455: Global theta state checkpointed at path checkpoints/LiH/checkpoint_iter_0455.npy. 
Iter 0456 | Energy: -6.612441 | Delta: 3.73e-03 | M: 3532.5785 | Path: CPU-Statevector MPI-distributed (2 ranks)
Iter 0457 | Energy: -6.613255 | Delta: 8.15e-04 | M: 3562.3309 | Path: CPU-Statevector MPI-distributed (2 ranks)
Iter 0458 | Energy: -6.616190 | Delta: 2.94e-03 | M: 3566.3780 | Path: CPU-Statevector MPI-distributed (2 ranks)
Iter 0459 | Energy: -6.617121 | Delta: 9.31e-04 | M: 3536.4254 | Path: CPU-Statevector MPI-distributed (2 ranks)
Iter 0460 | Energy: -6.630893 | Delta: 1.38e-02 | M: 4356.5697 | Path: CPU-Statevector MPI-distributed (2 ranks)
[RESILIENCE] Iteration 460: Global theta state checkpointed at path checkpoints/LiH/checkpoint_iter_0460.npy. 
Iter 0461 | Energy: -6.634523 | Delta: 3.63e-03 | M: 4352.5008 | Path: CPU-Statevector MPI-distributed (2 ranks)
Iter 0462 | Energy: -6.646007 | Delta: 1.15e-02 | M: 4156.3122 | Path: CPU-Statevector MPI-distributed (2 ranks)
Iter 0463 | Energy: -6.649564 | Delta: 3.56e-03 | M: 4335.1482 | Path: CPU-Statevector MPI-distributed (2 ranks)
Iter 0464 | Energy: -6.672805 | Delta: 2.32e-02 | M: 4474.1950 | Path: CPU-Statevector MPI-distributed (2 ranks)
Iter 0465 | Energy: -6.695276 | Delta: 2.25e-02 | M: 4329.4404 | Path: CPU-Statevector MPI-distributed (2 ranks)
[RESILIENCE] Iteration 465: Global theta state checkpointed at path checkpoints/LiH/checkpoint_iter_0465.npy. 
Iter 0466 | Energy: -6.703759 | Delta: 8.48e-03 | M: 4429.3579 | Path: CPU-Statevector MPI-distributed (2 ranks)
Iter 0467 | Energy: -6.708601 | Delta: 4.84e-03 | M: 4397.0798 | Path: CPU-Statevector MPI-distributed (2 ranks)
Iter 0468 | Energy: -6.719635 | Delta: 1.10e-02 | M: 3583.2843 | Path: CPU-Statevector MPI-distributed (2 ranks)
Iter 0469 | Energy: -6.719959 | Delta: 3.24e-04 | M: 3445.5049 | Path: CPU-Statevector MPI-distributed (2 ranks)
Iter 0470 | Energy: -6.725593 | Delta: 5.63e-03 | M: 3427.6006 | Path: CPU-Statevector MPI-distributed (2 ranks)
[RESILIENCE] Iteration 470: Global theta state checkpointed at path checkpoints/LiH/checkpoint_iter_0470.npy. 
Iter 0471 | Energy: -6.724787 | Delta: 8.05e-04 | M: 3456.6555 | Path: CPU-Statevector MPI-distributed (2 ranks)
Iter 0472 | Energy: -6.729165 | Delta: 4.38e-03 | M: 3599.1827 | Path: CPU-Statevector MPI-distributed (2 ranks)
Iter 0473 | Energy: -6.738144 | Delta: 8.98e-03 | M: 3546.7172 | Path: CPU-Statevector MPI-distributed (2 ranks)
Iter 0474 | Energy: -6.745811 | Delta: 7.67e-03 | M: 4385.4684 | Path: CPU-Statevector MPI-distributed (2 ranks)
Iter 0475 | Energy: -6.749374 | Delta: 3.56e-03 | M: 3601.8986 | Path: CPU-Statevector MPI-distributed (2 ranks)
[RESILIENCE] Iteration 475: Global theta state checkpointed at path checkpoints/LiH/checkpoint_iter_0475.npy. 
Iter 0476 | Energy: -6.747242 | Delta: 2.13e-03 | M: 4396.5142 | Path: CPU-Statevector MPI-distributed (2 ranks)
Iter 0477 | Energy: -6.754591 | Delta: 7.35e-03 | M: 4396.4493 | Path: CPU-Statevector MPI-distributed (2 ranks)
Iter 0478 | Energy: -6.762333 | Delta: 7.74e-03 | M: 4452.4336 | Path: CPU-Statevector MPI-distributed (2 ranks)
Iter 0479 | Energy: -6.767994 | Delta: 5.66e-03 | M: 3411.4687 | Path: CPU-Statevector MPI-distributed (2 ranks)
Iter 0480 | Energy: -6.766217 | Delta: 1.78e-03 | M: 3525.0426 | Path: CPU-Statevector MPI-distributed (2 ranks)
[RESILIENCE] Iteration 480: Global theta state checkpointed at path checkpoints/LiH/checkpoint_iter_0480.npy. 
Iter 0481 | Energy: -6.775126 | Delta: 8.91e-03 | M: 3707.9309 | Path: CPU-Statevector MPI-distributed (2 ranks)
Iter 0482 | Energy: -6.778683 | Delta: 3.56e-03 | M: 3549.1453 | Path: CPU-Statevector MPI-distributed (2 ranks)
Iter 0483 | Energy: -6.787515 | Delta: 8.83e-03 | M: 3527.7677 | Path: CPU-Statevector MPI-distributed (2 ranks)
Iter 0484 | Energy: -6.800936 | Delta: 1.34e-02 | M: 3514.7249 | Path: CPU-Statevector MPI-distributed (2 ranks)
Iter 0485 | Energy: -6.808327 | Delta: 7.39e-03 | M: 3596.2961 | Path: CPU-Statevector MPI-distributed (2 ranks)
[RESILIENCE] Iteration 485: Global theta state checkpointed at path checkpoints/LiH/checkpoint_iter_0485.npy. 
Iter 0486 | Energy: -6.812538 | Delta: 4.21e-03 | M: 4467.8302 | Path: CPU-Statevector MPI-distributed (2 ranks)
Iter 0487 | Energy: -6.816809 | Delta: 4.27e-03 | M: 3796.3824 | Path: CPU-Statevector MPI-distributed (2 ranks)
Iter 0488 | Energy: -6.822377 | Delta: 5.57e-03 | M: 4441.0764 | Path: CPU-Statevector MPI-distributed (2 ranks)
Iter 0489 | Energy: -6.823456 | Delta: 1.08e-03 | M: 3460.7008 | Path: CPU-Statevector MPI-distributed (2 ranks)
Iter 0490 | Energy: -6.820634 | Delta: 2.82e-03 | M: 3531.8110 | Path: CPU-Statevector MPI-distributed (2 ranks)
[RESILIENCE] Iteration 490: Global theta state checkpointed at path checkpoints/LiH/checkpoint_iter_0490.npy. 
Iter 0491 | Energy: -6.832783 | Delta: 1.21e-02 | M: 3548.9605 | Path: CPU-Statevector MPI-distributed (2 ranks)
Iter 0492 | Energy: -6.842033 | Delta: 9.25e-03 | M: 3641.3927 | Path: CPU-Statevector MPI-distributed (2 ranks)
Iter 0493 | Energy: -6.839224 | Delta: 2.81e-03 | M: 3515.3390 | Path: CPU-Statevector MPI-distributed (2 ranks)
Iter 0494 | Energy: -6.838604 | Delta: 6.21e-04 | M: 3364.8438 | Path: CPU-Statevector MPI-distributed (2 ranks)
Iter 0495 | Energy: -6.844086 | Delta: 5.48e-03 | M: 3544.9144 | Path: CPU-Statevector MPI-distributed (2 ranks)
[RESILIENCE] Iteration 495: Global theta state checkpointed at path checkpoints/LiH/checkpoint_iter_0495.npy. 
Iter 0496 | Energy: -6.844699 | Delta: 6.13e-04 | M: 3360.9329 | Path: CPU-Statevector MPI-distributed (2 ranks)
Iter 0497 | Energy: -6.842672 | Delta: 2.03e-03 | M: 3325.9454 | Path: CPU-Statevector MPI-distributed (2 ranks)
Iter 0498 | Energy: -6.845201 | Delta: 2.53e-03 | M: 3546.3280 | Path: CPU-Statevector MPI-distributed (2 ranks)
Iter 0499 | Energy: -6.845448 | Delta: 2.48e-04 | M: 4343.7281 | Path: CPU-Statevector MPI-distributed (2 ranks)
Iter 0500 | Energy: -6.845982 | Delta: 5.34e-04 | M: 4406.6060 | Path: CPU-Statevector MPI-distributed (2 ranks)
[RESILIENCE] Iteration 500: Global theta state checkpointed at path checkpoints/LiH/checkpoint_iter_0500.npy. 
Iter 0501 | Energy: -6.852663 | Delta: 6.68e-03 | M: 3557.3921 | Path: CPU-Statevector MPI-distributed (2 ranks)
Iter 0502 | Energy: -6.856181 | Delta: 3.52e-03 | M: 3595.5600 | Path: CPU-Statevector MPI-distributed (2 ranks)
Iter 0503 | Energy: -6.849909 | Delta: 6.27e-03 | M: 3469.9074 | Path: CPU-Statevector MPI-distributed (2 ranks)
Iter 0504 | Energy: -6.860560 | Delta: 1.07e-02 | M: 3493.6696 | Path: CPU-Statevector MPI-distributed (2 ranks)
Iter 0505 | Energy: -6.860258 | Delta: 3.02e-04 | M: 3513.3435 | Path: CPU-Statevector MPI-distributed (2 ranks)
[RESILIENCE] Iteration 505: Global theta state checkpointed at path checkpoints/LiH/checkpoint_iter_0505.npy. 
Iter 0506 | Energy: -6.855166 | Delta: 5.09e-03 | M: 3512.2108 | Path: CPU-Statevector MPI-distributed (2 ranks)
Iter 0507 | Energy: -6.861189 | Delta: 6.02e-03 | M: 3527.2657 | Path: CPU-Statevector MPI-distributed (2 ranks)
Iter 0508 | Energy: -6.866465 | Delta: 5.28e-03 | M: 3601.4610 | Path: CPU-Statevector MPI-distributed (2 ranks)
Iter 0509 | Energy: -6.870599 | Delta: 4.13e-03 | M: 3624.1701 | Path: CPU-Statevector MPI-distributed (2 ranks)
Iter 0510 | Energy: -6.866397 | Delta: 4.20e-03 | M: 3582.6860 | Path: CPU-Statevector MPI-distributed (2 ranks)
[RESILIENCE] Iteration 510: Global theta state checkpointed at path checkpoints/LiH/checkpoint_iter_0510.npy. 
Iter 0511 | Energy: -6.875435 | Delta: 9.04e-03 | M: 3345.7723 | Path: CPU-Statevector MPI-distributed (2 ranks)
Iter 0512 | Energy: -6.881585 | Delta: 6.15e-03 | M: 2618.8654 | Path: CPU-Statevector MPI-distributed (2 ranks)
Iter 0513 | Energy: -6.879223 | Delta: 2.36e-03 | M: 4198.1894 | Path: CPU-Statevector MPI-distributed (2 ranks)
Iter 0514 | Energy: -6.883612 | Delta: 4.39e-03 | M: 1300.0754 | Path: CPU-Statevector MPI-distributed (2 ranks)
Iter 0515 | Energy: -6.895793 | Delta: 1.22e-02 | M: 3462.6359 | Path: CPU-Statevector MPI-distributed (2 ranks)
[RESILIENCE] Iteration 515: Global theta state checkpointed at path checkpoints/LiH/checkpoint_iter_0515.npy. 
Iter 0516 | Energy: -6.886555 | Delta: 9.24e-03 | M: 4441.2465 | Path: CPU-Statevector MPI-distributed (2 ranks)
Iter 0517 | Energy: -6.890611 | Delta: 4.06e-03 | M: 3611.1810 | Path: CPU-Statevector MPI-distributed (2 ranks)
Iter 0518 | Energy: -6.891681 | Delta: 1.07e-03 | M: 4498.9183 | Path: CPU-Statevector MPI-distributed (2 ranks)
Iter 0519 | Energy: -6.889296 | Delta: 2.38e-03 | M: 3563.7766 | Path: CPU-Statevector MPI-distributed (2 ranks)
Iter 0520 | Energy: -6.892978 | Delta: 3.68e-03 | M: 3609.6771 | Path: CPU-Statevector MPI-distributed (2 ranks)
[RESILIENCE] Iteration 520: Global theta state checkpointed at path checkpoints/LiH/checkpoint_iter_0520.npy. 
Iter 0521 | Energy: -6.898061 | Delta: 5.08e-03 | M: 4153.4852 | Path: CPU-Statevector MPI-distributed (2 ranks)
Iter 0522 | Energy: -6.916504 | Delta: 1.84e-02 | M: 4415.4181 | Path: CPU-Statevector MPI-distributed (2 ranks)
Iter 0523 | Energy: -6.905466 | Delta: 1.10e-02 | M: 3582.2853 | Path: CPU-Statevector MPI-distributed (2 ranks)
Iter 0524 | Energy: -6.906424 | Delta: 9.57e-04 | M: 3550.3663 | Path: CPU-Statevector MPI-distributed (2 ranks)
Iter 0525 | Energy: -6.907394 | Delta: 9.71e-04 | M: 3576.6571 | Path: CPU-Statevector MPI-distributed (2 ranks)
[RESILIENCE] Iteration 525: Global theta state checkpointed at path checkpoints/LiH/checkpoint_iter_0525.npy. 
Iter 0526 | Energy: -6.916665 | Delta: 9.27e-03 | M: 3523.9382 | Path: CPU-Statevector MPI-distributed (2 ranks)
Iter 0527 | Energy: -6.917523 | Delta: 8.57e-04 | M: 4340.4849 | Path: CPU-Statevector MPI-distributed (2 ranks)
Iter 0528 | Energy: -6.908998 | Delta: 8.52e-03 | M: 3618.8233 | Path: CPU-Statevector MPI-distributed (2 ranks)
Iter 0529 | Energy: -6.914491 | Delta: 5.49e-03 | M: 4392.2773 | Path: CPU-Statevector MPI-distributed (2 ranks)
Iter 0530 | Energy: -6.916664 | Delta: 2.17e-03 | M: 3598.8911 | Path: CPU-Statevector MPI-distributed (2 ranks)
[RESILIENCE] Iteration 530: Global theta state checkpointed at path checkpoints/LiH/checkpoint_iter_0530.npy. 
Iter 0531 | Energy: -6.927452 | Delta: 1.08e-02 | M: 4357.9119 | Path: CPU-Statevector MPI-distributed (2 ranks)
Iter 0532 | Energy: -6.919541 | Delta: 7.91e-03 | M: 4508.0460 | Path: CPU-Statevector MPI-distributed (2 ranks)
Iter 0533 | Energy: -6.935853 | Delta: 1.63e-02 | M: 3513.6409 | Path: CPU-Statevector MPI-distributed (2 ranks)
Iter 0534 | Energy: -6.953287 | Delta: 1.74e-02 | M: 4249.4984 | Path: CPU-Statevector MPI-distributed (2 ranks)
Iter 0535 | Energy: -6.941726 | Delta: 1.16e-02 | M: 4432.7102 | Path: CPU-Statevector MPI-distributed (2 ranks)
[RESILIENCE] Iteration 535: Global theta state checkpointed at path checkpoints/LiH/checkpoint_iter_0535.npy. 
Iter 0536 | Energy: -6.948213 | Delta: 6.49e-03 | M: 3506.8085 | Path: CPU-Statevector MPI-distributed (2 ranks)
Iter 0537 | Energy: -6.945929 | Delta: 2.28e-03 | M: 3554.7059 | Path: CPU-Statevector MPI-distributed (2 ranks)
Iter 0538 | Energy: -6.947392 | Delta: 1.46e-03 | M: 9.0642 | Path: CPU-Statevector MPI-distributed (2 ranks)
Iter 0539 | Energy: -6.948486 | Delta: 1.09e-03 | M: 6.8903 | Path: CPU-Statevector MPI-distributed (2 ranks)
Iter 0540 | Energy: -6.951636 | Delta: 3.15e-03 | M: 3336.0065 | Path: CPU-Statevector MPI-distributed (2 ranks)
[RESILIENCE] Iteration 540: Global theta state checkpointed at path checkpoints/LiH/checkpoint_iter_0540.npy. 
Iter 0541 | Energy: -6.948914 | Delta: 2.72e-03 | M: 3408.4646 | Path: CPU-Statevector MPI-distributed (2 ranks)
Iter 0542 | Energy: -6.955701 | Delta: 6.79e-03 | M: 3525.0822 | Path: CPU-Statevector MPI-distributed (2 ranks)
Iter 0543 | Energy: -6.961919 | Delta: 6.22e-03 | M: 4365.8845 | Path: CPU-Statevector MPI-distributed (2 ranks)
Iter 0544 | Energy: -6.958309 | Delta: 3.61e-03 | M: 4445.3096 | Path: CPU-Statevector MPI-distributed (2 ranks)
Iter 0545 | Energy: -6.963069 | Delta: 4.76e-03 | M: 3582.8359 | Path: CPU-Statevector MPI-distributed (2 ranks)
[RESILIENCE] Iteration 545: Global theta state checkpointed at path checkpoints/LiH/checkpoint_iter_0545.npy. 
Iter 0546 | Energy: -6.952571 | Delta: 1.05e-02 | M: 3495.2957 | Path: CPU-Statevector MPI-distributed (2 ranks)
Iter 0547 | Energy: -6.960563 | Delta: 7.99e-03 | M: 3505.2023 | Path: CPU-Statevector MPI-distributed (2 ranks)
Iter 0548 | Energy: -6.956029 | Delta: 4.53e-03 | M: 4141.0268 | Path: CPU-Statevector MPI-distributed (2 ranks)
Iter 0549 | Energy: -6.966476 | Delta: 1.04e-02 | M: 3362.0034 | Path: CPU-Statevector MPI-distributed (2 ranks)
Iter 0550 | Energy: -6.973641 | Delta: 7.16e-03 | M: 4290.6642 | Path: CPU-Statevector MPI-distributed (2 ranks)
[RESILIENCE] Iteration 550: Global theta state checkpointed at path checkpoints/LiH/checkpoint_iter_0550.npy. 
Iter 0551 | Energy: -6.968361 | Delta: 5.28e-03 | M: 4421.6125 | Path: CPU-Statevector MPI-distributed (2 ranks)
Iter 0552 | Energy: -6.971859 | Delta: 3.50e-03 | M: 3449.0604 | Path: CPU-Statevector MPI-distributed (2 ranks)
Iter 0553 | Energy: -6.972878 | Delta: 1.02e-03 | M: 3575.9012 | Path: CPU-Statevector MPI-distributed (2 ranks)
Iter 0554 | Energy: -6.973177 | Delta: 2.98e-04 | M: 4372.0026 | Path: CPU-Statevector MPI-distributed (2 ranks)
Iter 0555 | Energy: -6.977259 | Delta: 4.08e-03 | M: 3557.5505 | Path: CPU-Statevector MPI-distributed (2 ranks)
[RESILIENCE] Iteration 555: Global theta state checkpointed at path checkpoints/LiH/checkpoint_iter_0555.npy. 
Iter 0556 | Energy: -6.985058 | Delta: 7.80e-03 | M: 3578.0262 | Path: CPU-Statevector MPI-distributed (2 ranks)
Iter 0557 | Energy: -6.980802 | Delta: 4.26e-03 | M: 3425.2209 | Path: CPU-Statevector MPI-distributed (2 ranks)
Iter 0558 | Energy: -6.984341 | Delta: 3.54e-03 | M: 3549.5243 | Path: CPU-Statevector MPI-distributed (2 ranks)
Iter 0559 | Energy: -6.987208 | Delta: 2.87e-03 | M: 4286.8097 | Path: CPU-Statevector MPI-distributed (2 ranks)
Iter 0560 | Energy: -7.000299 | Delta: 1.31e-02 | M: 3622.0053 | Path: CPU-Statevector MPI-distributed (2 ranks)
[RESILIENCE] Iteration 560: Global theta state checkpointed at path checkpoints/LiH/checkpoint_iter_0560.npy. 
Iter 0561 | Energy: -7.004580 | Delta: 4.28e-03 | M: 3596.4420 | Path: CPU-Statevector MPI-distributed (2 ranks)
Iter 0562 | Energy: -7.018489 | Delta: 1.39e-02 | M: 3491.2146 | Path: CPU-Statevector MPI-distributed (2 ranks)
