[    0.00s] Log started
[Config] GPU=requested
[Config] Molecules: ['H2', 'LiH', 'BeH2', 'H2O']
[Config] Resolver: max_qubits=20, cache=.pubchem_cache/
[Resolver] 'H2' found in local registry 
[Chemistry:H2] 15 Pauli terms, 4 qubits, 24 params, reps=1. FCI reference: -1.1373 Ha 
[Ansatz] HWE (adaptive) (auto) | corr_score=0.342 | off_diag_ratio=0.056
[Reason] score=0.342 [Chemistry:H2] 15 Pauli terms, 4 qubits, 24 params, reps=1. FCI reference: -1.1373 Ha 
[Ansatz] HWE (adaptive) (auto) | corr_s[Resolver] 'LiH' found in local registry 
[Chemistry:LiH] 631 Pauli terms, 12 qubits, 96 params, reps=2. FCI reference: -7.8825 Ha 
[Ansatz] HWE (adaptive) (auto) | corr_score=0.502 | off_diag_ratio=0.007
[Reason] score=0.502 in [0.25, 0.55). Moderate correlation (off_diag_ratio=0.007, zz_frac=0.979). Adaptive HWE with full entanglement recommended.
[Resolver] 'BeH2' found in local registry 
[Chemistry:BeH2] 666 Pauli terms, 14 qubits, 112 params, reps=2. FCI reference: -15.5951 Ha 
[Ansatz] HWE (adaptive) (auto) | corr_score=0.501 | off_diag_ratio=0.004
[Reason] score=0.501 in [0.25, 0.55). Moderate correlation (off_diag_ratio=0.004, zz_frac=0.977). Adaptive HWE with full entanglement recommended.
[Resolver] 'H2O' found in local registry 
[Chemistry:H2O] 1086 Pauli terms, 14 qubits, 112 params, reps=2. FCI reference: -75.0124 Ha 
[Ansatz] HWE (adaptive) (auto) | corr_score=0.502 | off_diag_ratio=0.007
[Reason] score=0.502 in [0.25, 0.55). Moderate correlation (off_diag_ratio=0.007, zz_frac=0.986). Adaptive HWE with full entanglement recommended.
[Resolver] 'LiH' found in local registry 
[Chemistry:LiH] 631 Pauli terms, 12 qubits, 96 params, reps=2. FCI reference: -7.8825 Ha 
[Ansatz] HWE (adaptive) (auto) | corr_score=0.502 | off_diag_ratio=0.007
[Reason] score=0.502 in [0.25, 0.55). Moderate correlation (off_diag_ratio=0.007, zz_frac=0.979). Adaptive HWE with full entanglement recommended.
[Resolver] 'BeH2' found in local registry 
[Chemistry:BeH2] 666 Pauli terms, 14 qubits, 112 params, reps=2. FCI reference: -15.5951 Ha 
[Ansatz] HWE (adaptive) (auto) | corr_score=0.501 | off_diag_ratio=0.004
[Reason] score=0.501 in [0.25, 0.55). Moderate correlation (off_diag_ratio=0.004, zz_frac=0.977). Adaptive HWE with full entanglement recommended.
[  793.75s] Log closed
-cuStateVec MPI-distributed (4 ranks)
Iter 0014 | Energy: 0.302937 | Delta: 4.03e-03 | M: 6633.4326 | Path: GPU-cuStateVec MPI-distributed (4 ranks)
Iter 0015 | Energy: 0.293577 | Delta: 9.36e-03 | M: 8267.0247 | Path: GPU-cuStateVec MPI-distributed (4 ranks)
[RESILIENCE] Iteration 15: Global theta state checkpointed at path checkpoints/H2/checkpoint_iter_0015.npy. 
Iter 0016 | Energy: 0.289030 | Delta: 4.55e-03 | M: 5765.4280 | Path: GPU-cuStateVec MPI-distributed (4 ranks)
Iter 0017 | Energy: 0.284698 | Delta: 4.33e-03 | M: 7064.7194 | Path: GPU-cuStateVec MPI-distributed (4 ranks)
Iter 0018 | Energy: 0.272777 | Delta: 1.19e-02 | M: 3880.3684 | Path: GPU-cuStateVec MPI-distributed (4 ranks)
Iter 0019 | Energy: 0.263906 | Delta: 8.87e-03 | M: 6430.7862 | Path: GPU-cuStateVec MPI-distributed (4 ranks)
Iter 0020 | Energy: 0.256646 | Delta: 7.26e-03 | M: 6923.1119 | Path: GPU-cuStateVec MPI-distributed (4 ranks)
[RESILIENCE] Iteration 20: Global theta state checkpointed at path checkpoints/H2/checkpoint_iter_0020.npy. 
Iter 0021 | Energy: 0.260005 | Delta: 3.36e-03 | M: 5664.2031 | Path: GPU-cuStateVec MPI-distributed (4 ranks)
Iter 0022 | Energy: 0.247766 | Delta: 1.22e-02 | M: 5625.4564 | Path: GPU-cuStateVec MPI-distributed (4 ranks)
Iter 0023 | Energy: 0.248930 | Delta: 1.16e-03 | M: 8103.7688 | Path: GPU-cuStateVec MPI-distributed (4 ranks)
Iter 0024 | Energy: 0.261152 | Delta: 1.22e-02 | M: 5632.1432 | Path: GPU-cuStateVec MPI-distributed (4 ranks)
Iter 0025 | Energy: 0.247399 | Delta: 1.38e-02 | M: 5929.1608 | Path: GPU-cuStateVec MPI-distributed (4 ranks)
[RESILIENCE] Iteration 25: Global theta state checkpointed at path checkpoints/H2/checkpoint_iter_0025.npy. 
Iter 0026 | Energy: 0.219250 | Delta: 2.81e-02 | M: 7839.3263 | Path: GPU-cuStateVec MPI-distributed (4 ranks)
Iter 0027 | Energy: 0.179956 | Delta: 3.93e-02 | M: 7743.2900 | Path: GPU-cuStateVec MPI-distributed (4 ranks)
Iter 0028 | Energy: 0.167874 | Delta: 1.21e-02 | M: 8075.6369 | Path: GPU-cuStateVec MPI-distributed (4 ranks)
Iter 0029 | Energy: 0.177991 | Delta: 1.01e-02 | M: 6692.7274 | Path: GPU-cuStateVec MPI-distributed (4 ranks)
Iter 0030 | Energy: 0.173682 | Delta: 4.31e-03 | M: 6510.4748 | Path: GPU-cuStateVec MPI-distributed (4 ranks)
[RESILIENCE] Iteration 30: Global theta state checkpointed at path checkpoints/H2/checkpoint_iter_0030.npy. 
Iter 0031 | Energy: 0.135275 | Delta: 3.84e-02 | M: 5742.2356 | Path: GPU-cuStateVec MPI-distributed (4 ranks)
Iter 0032 | Energy: 0.120948 | Delta: 1.43e-02 | M: 5594.0406 | Path: GPU-cuStateVec MPI-distributed (4 ranks)
Iter 0033 | Energy: 0.089339 | Delta: 3.16e-02 | M: 5803.8353 | Path: GPU-cuStateVec MPI-distributed (4 ranks)
Iter 0034 | Energy: 0.083941 | Delta: 5.40e-03 | M: 5555.4138 | Path: GPU-cuStateVec MPI-distributed (4 ranks)
Iter 0035 | Energy: 0.063417 | Delta: 2.05e-02 | M: 5739.1111 | Path: GPU-cuStateVec MPI-distributed (4 ranks)
[RESILIENCE] Iteration 35: Global theta state checkpointed at path checkpoints/H2/checkpoint_iter_0035.npy. 
Iter 0036 | Energy: -0.007844 | Delta: 7.13e-02 | M: 6391.7499 | Path: GPU-cuStateVec MPI-distributed (4 ranks)
Iter 0037 | Energy: -0.007505 | Delta: 3.39e-04 | M: 8409.6514 | Path: GPU-cuStateVec MPI-distributed (4 ranks)
Iter 0038 | Energy: -0.037296 | Delta: 2.98e-02 | M: 97.0811 | Path: GPU-cuStateVec MPI-distributed (4 ranks)
Iter 0039 | Energy: -0.081918 | Delta: 4.46e-02 | M: 8274.8182 | Path: GPU-cuStateVec MPI-distributed (4 ranks)
Iter 0040 | Energy: -0.084167 | Delta: 2.25e-03 | M: 8372.7895 | Path: GPU-cuStateVec MPI-distributed (4 ranks)
[RESILIENCE] Iteration 40: Global theta state checkpointed at path checkpoints/H2/checkpoint_iter_0040.npy. 
Iter 0041 | Energy: -0.099360 | Delta: 1.52e-02 | M: 67.6515 | Path: GPU-cuStateVec MPI-distributed (4 ranks)
Iter 0042 | Energy: -0.096365 | Delta: 3.00e-03 | M: 8158.5566 | Path: GPU-cuStateVec MPI-distributed (4 ranks)
Iter 0043 | Energy: -0.117841 | Delta: 2.15e-02 | M: 132.1649 | Path: GPU-cuStateVec MPI-distributed (4 ranks)
Iter 0044 | Energy: -0.148504 | Delta: 3.07e-02 | M: 66.9687 | Path: GPU-cuStateVec MPI-distributed (4 ranks)
Iter 0045 | Energy: -0.168054 | Delta: 1.95e-02 | M: 150.0524 | Path: GPU-cuStateVec MPI-distributed (4 ranks)
[RESILIENCE] Iteration 45: Global theta state checkpointed at path checkpoints/H2/checkpoint_iter_0045.npy. 
Iter 0046 | Energy: -0.177159 | Delta: 9.11e-03 | M: 5818.7138 | Path: GPU-cuStateVec MPI-distributed (4 ranks)
Iter 0047 | Energy: -0.181774 | Delta: 4.62e-03 | M: 5848.6087 | Path: GPU-cuStateVec MPI-distributed (4 ranks)
Iter 0048 | Energy: -0.178418 | Delta: 3.36e-03 | M: 416.1284 | Path: GPU-cuStateVec MPI-distributed (4 ranks)
Iter 0049 | Energy: -0.209801 | Delta: 3.14e-02 | M: 4643.6155 | Path: GPU-cuStateVec MPI-distributed (4 ranks)
Iter 0050 | Energy: -0.271932 | Delta: 6.21e-02 | M: 5813.0437 | Path: GPU-cuStateVec MPI-distributed (4 ranks)
[RESILIENCE] Iteration 50: Global theta state checkpointed at path checkpoints/H2/checkpoint_iter_0050.npy. 
Iter 0051 | Energy: -0.266064 | Delta: 5.87e-03 | M: 5818.2518 | Path: GPU-cuStateVec MPI-distributed (4 ranks)
Iter 0052 | Energy: -0.280388 | Delta: 1.43e-02 | M: 384.8756 | Path: GPU-cuStateVec MPI-distributed (4 ranks)
Iter 0053 | Energy: -0.287341 | Delta: 6.95e-03 | M: 5820.5693 | Path: GPU-cuStateVec MPI-distributed (4 ranks)
Iter 0054 | Energy: -0.289825 | Delta: 2.48e-03 | M: 4697.7637 | Path: GPU-cuStateVec MPI-distributed (4 ranks)
Iter 0055 | Energy: -0.353460 | Delta: 6.36e-02 | M: 8377.7044 | Path: GPU-cuStateVec MPI-distributed (4 ranks)
[RESILIENCE] Iteration 55: Global theta state checkpointed at path checkpoints/H2/checkpoint_iter_0055.npy. 
Iter 0056 | Energy: -0.379955 | Delta: 2.65e-02 | M: 8109.7470 | Path: GPU-cuStateVec MPI-distributed (4 ranks)
Iter 0057 | Energy: -0.375202 | Delta: 4.75e-03 | M: 8239.1588 | Path: GPU-cuStateVec MPI-distributed (4 ranks)
Iter 0058 | Energy: -0.393831 | Delta: 1.86e-02 | M: 6573.1963 | Path: GPU-cuStateVec MPI-distributed (4 ranks)
Iter 0059 | Energy: -0.420889 | Delta: 2.71e-02 | M: 8550.9035 | Path: GPU-cuStateVec MPI-distributed (4 ranks)
Iter 0060 | Energy: -0.518997 | Delta: 9.81e-02 | M: 5239.1534 | Path: GPU-cuStateVec MPI-distributed (4 ranks)
[RESILIENCE] Iteration 60: Global theta state checkpointed at path checkpoints/H2/checkpoint_iter_0060.npy. 
Iter 0061 | Energy: -0.542159 | Delta: 2.32e-02 | M: 5786.5238 | Path: GPU-cuStateVec MPI-distributed (4 ranks)
Iter 0062 | Energy: -0.542047 | Delta: 1.12e-04 | M: 2937.8526 | Path: GPU-cuStateVec MPI-distributed (4 ranks)
Iter 0063 | Energy: -0.544827 | Delta: 2.78e-03 | M: 8327.1321 | Path: GPU-cuStateVec MPI-distributed (4 ranks)
Iter 0064 | Energy: -0.577375 | Delta: 3.25e-02 | M: 5633.8823 | Path: GPU-cuStateVec MPI-distributed (4 ranks)
Iter 0065 | Energy: -0.618412 | Delta: 4.10e-02 | M: 7906.8910 | Path: GPU-cuStateVec MPI-distributed (4 ranks)
[RESILIENCE] Iteration 65: Global theta state checkpointed at path checkpoints/H2/checkpoint_iter_0065.npy. 
Iter 0066 | Energy: -0.628694 | Delta: 1.03e-02 | M: 5839.9591 | Path: GPU-cuStateVec MPI-distributed (4 ranks)
Iter 0067 | Energy: -0.678946 | Delta: 5.03e-02 | M: 5760.6772 | Path: GPU-cuStateVec MPI-distributed (4 ranks)
Iter 0068 | Energy: -0.712018 | Delta: 3.31e-02 | M: 8276.2926 | Path: GPU-cuStateVec MPI-distributed (4 ranks)
Iter 0069 | Energy: -0.711180 | Delta: 8.38e-04 | M: 4763.3435 | Path: GPU-cuStateVec MPI-distributed (4 ranks)
Iter 0070 | Energy: -0.722869 | Delta: 1.17e-02 | M: 5815.1829 | Path: GPU-cuStateVec MPI-distributed (4 ranks)
[RESILIENCE] Iteration 70: Global theta state checkpointed at path checkpoints/H2/checkpoint_iter_0070.npy. 
Iter 0071 | Energy: -0.717600 | Delta: 5.27e-03 | M: 7902.5973 | Path: GPU-cuStateVec MPI-distributed (4 ranks)
Iter 0072 | Energy: -0.719790 | Delta: 2.19e-03 | M: 5573.5148 | Path: GPU-cuStateVec MPI-distributed (4 ranks)
Iter 0073 | Energy: -0.828640 | Delta: 1.09e-01 | M: 4739.8673 | Path: GPU-cuStateVec MPI-distributed (4 ranks)
Iter 0074 | Energy: -0.832618 | Delta: 3.98e-03 | M: 5713.8885 | Path: GPU-cuStateVec MPI-distributed (4 ranks)
Iter 0075 | Energy: -0.831661 | Delta: 9.57e-04 | M: 8010.0852 | Path: GPU-cuStateVec MPI-distributed (4 ranks)
[RESILIENCE] Iteration 75: Global theta state checkpointed at path checkpoints/H2/checkpoint_iter_0075.npy. 
Iter 0076 | Energy: -0.830642 | Delta: 1.02e-03 | M: 8041.6495 | Path: GPU-cuStateVec MPI-distributed (4 ranks)
Iter 0077 | Energy: -0.838264 | Delta: 7.62e-03 | M: 115.7926 | Path: GPU-cuStateVec MPI-distributed (4 ranks)
Iter 0078 | Energy: -0.853514 | Delta: 1.53e-02 | M: 6087.2405 | Path: GPU-cuStateVec MPI-distributed (4 ranks)
Iter 0079 | Energy: -0.845045 | Delta: 8.47e-03 | M: 7875.2729 | Path: GPU-cuStateVec MPI-distributed (4 ranks)
Iter 0080 | Energy: -0.852445 | Delta: 7.40e-03 | M: 6350.4750 | Path: GPU-cuStateVec MPI-distributed (4 ranks)
[RESILIENCE] Iteration 80: Global theta state checkpointed at path checkpoints/H2/checkpoint_iter_0080.npy. 
Iter 0081 | Energy: -0.867716 | Delta: 1.53e-02 | M: 6604.5278 | Path: GPU-cuStateVec MPI-distributed (4 ranks)
Iter 0082 | Energy: -0.858975 | Delta: 8.74e-03 | M: 6867.4707 | Path: GPU-cuStateVec MPI-distributed (4 ranks)
Iter 0083 | Energy: -0.861871 | Delta: 2.90e-03 | M: 8026.7782 | Path: GPU-cuStateVec MPI-distributed (4 ranks)
Iter 0084 | Energy: -0.887163 | Delta: 2.53e-02 | M: 5697.2479 | Path: GPU-cuStateVec MPI-distributed (4 ranks)
Iter 0085 | Energy: -0.890834 | Delta: 3.67e-03 | M: 6368.0298 | Path: GPU-cuStateVec MPI-distributed (4 ranks)
[RESILIENCE] Iteration 85: Global theta state checkpointed at path checkpoints/H2/checkpoint_iter_0085.npy. 
Iter 0086 | Energy: -0.934011 | Delta: 4.32e-02 | M: 3408.3165 | Path: GPU-cuStateVec MPI-distributed (4 ranks)
Iter 0087 | Energy: -0.934403 | Delta: 3.92e-04 | M: 5391.9105 | Path: GPU-cuStateVec MPI-distributed (4 ranks)
Iter 0088 | Energy: -0.939313 | Delta: 4.91e-03 | M: 5684.6771 | Path: GPU-cuStateVec MPI-distributed (4 ranks)
Iter 0089 | Energy: -0.941562 | Delta: 2.25e-03 | M: 5582.3884 | Path: GPU-cuStateVec MPI-distributed (4 ranks)
Iter 0090 | Energy: -0.942746 | Delta: 1.18e-03 | M: 7072.0109 | Path: GPU-cuStateVec MPI-distributed (4 ranks)
[RESILIENCE] Iteration 90: Global theta state checkpointed at path checkpoints/H2/checkpoint_iter_0090.npy. 
Iter 0091 | Energy: -0.956005 | Delta: 1.33e-02 | M: 5803.3917 | Path: GPU-cuStateVec MPI-distributed (4 ranks)
Iter 0092 | Energy: -0.975273 | Delta: 1.93e-02 | M: 4740.4456 | Path: GPU-cuStateVec MPI-distributed (4 ranks)
Iter 0093 | Energy: -0.997853 | Delta: 2.26e-02 | M: 5805.8837 | Path: GPU-cuStateVec MPI-distributed (4 ranks)
Iter 0094 | Energy: -1.002262 | Delta: 4.41e-03 | M: 4412.5655 | Path: GPU-cuStateVec MPI-distributed (4 ranks)
Iter 0095 | Energy: -1.035313 | Delta: 3.31e-02 | M: 4593.9535 | Path: GPU-cuStateVec MPI-distributed (4 ranks)
[RESILIENCE] Iteration 95: Global theta state checkpointed at path checkpoints/H2/checkpoint_iter_0095.npy. 
Iter 0096 | Energy: -1.039324 | Delta: 4.01e-03 | M: 5902.9357 | Path: GPU-cuStateVec MPI-distributed (4 ranks)
Iter 0097 | Energy: -1.066918 | Delta: 2.76e-02 | M: 5307.4703 | Path: GPU-cuStateVec MPI-distributed (4 ranks)
Iter 0098 | Energy: -1.096732 | Delta: 2.98e-02 | M: 8356.9716 | Path: GPU-cuStateVec MPI-distributed (4 ranks)
Iter 0099 | Energy: -1.100562 | Delta: 3.83e-03 | M: 5830.6069 | Path: GPU-cuStateVec MPI-distributed (4 ranks)
Iter 0100 | Energy: -1.109756 | Delta: 9.19e-03 | M: 4774.5977 | Path: GPU-cuStateVec MPI-distributed (4 ranks)
[RESILIENCE] Iteration 100: Global theta state checkpointed at path checkpoints/H2/checkpoint_iter_0100.npy. 
Iter 0101 | Energy: -1.104372 | Delta: 5.38e-03 | M: 4750.7494 | Path: GPU-cuStateVec MPI-distributed (4 ranks)
Iter 0102 | Energy: -1.135947 | Delta: 3.16e-02 | M: 8378.4363 | Path: GPU-cuStateVec MPI-distributed (4 ranks)
NOTE: Energy -1.1407 crossed below FCI -1.1373 at iter 103 — HWE ansatz leaving physical sector (expected limitation)
Iter 0103 | Energy: -1.140740 | Delta: 4.79e-03 | M: 7839.0983 | Path: GPU-cuStateVec MPI-distributed (4 ranks)
Iter 0104 | Energy: -1.136508 | Delta: 4.23e-03 | M: 5722.3229 | Path: GPU-cuStateVec MPI-distributed (4 ranks)
Iter 0105 | Energy: -1.139777 | Delta: 3.27e-03 | M: 8520.6192 | Path: GPU-cuStateVec MPI-distributed (4 ranks)
[RESILIENCE] Iteration 105: Global theta state checkpointed at path checkpoints/H2/checkpoint_iter_0105.npy. 
Iter 0106 | Energy: -1.141599 | Delta: 1.82e-03 | M: 7889.6941 | Path: GPU-cuStateVec MPI-distributed (4 ranks)
Iter 0107 | Energy: -1.149707 | Delta: 8.11e-03 | M: 8286.3485 | Path: GPU-cuStateVec MPI-distributed (4 ranks)
Iter 0108 | Energy: -1.155670 | Delta: 5.96e-03 | M: 7429.1947 | Path: GPU-cuStateVec MPI-distributed (4 ranks)
Iter 0109 | Energy: -1.153541 | Delta: 2.13e-03 | M: 3149.1570 | Path: GPU-cuStateVec MPI-distributed (4 ranks)
Iter 0110 | Energy: -1.162022 | Delta: 8.48e-03 | M: 4625.5103 | Path: GPU-cuStateVec MPI-distributed (4 ranks)
[RESILIENCE] Iteration 110: Global theta state checkpointed at path checkpoints/H2/checkpoint_iter_0110.npy. 
Iter 0111 | Energy: -1.171656 | Delta: 9.63e-03 | M: 8359.0688 | Path: GPU-cuStateVec MPI-distributed (4 ranks)
Iter 0112 | Energy: -1.204541 | Delta: 3.29e-02 | M: 8347.1349 | Path: GPU-cuStateVec MPI-distributed (4 ranks)
Iter 0113 | Energy: -1.200417 | Delta: 4.12e-03 | M: 8366.0282 | Path: GPU-cuStateVec MPI-distributed (4 ranks)
Iter 0114 | Energy: -1.200653 | Delta: 2.36e-04 | M: 5825.4484 | Path: GPU-cuStateVec MPI-distributed (4 ranks)
Iter 0115 | Energy: -1.226285 | Delta: 2.56e-02 | M: 6396.5073 | Path: GPU-cuStateVec MPI-distributed (4 ranks)
[RESILIENCE] Iteration 115: Global theta state checkpointed at path checkpoints/H2/checkpoint_iter_0115.npy. 
Iter 0116 | Energy: -1.225286 | Delta: 9.98e-04 | M: 5985.2802 | Path: GPU-cuStateVec MPI-distributed (4 ranks)
Iter 0117 | Energy: -1.224613 | Delta: 6.74e-04 | M: 8403.9414 | Path: GPU-cuStateVec MPI-distributed (4 ranks)
Iter 0118 | Energy: -1.223310 | Delta: 1.30e-03 | M: 7992.0940 | Path: GPU-cuStateVec MPI-distributed (4 ranks)
Iter 0119 | Energy: -1.225160 | Delta: 1.85e-03 | M: 5790.1905 | Path: GPU-cuStateVec MPI-distributed (4 ranks)
Iter 0120 | Energy: -1.232730 | Delta: 7.57e-03 | M: 4808.9265 | Path: GPU-cuStateVec MPI-distributed (4 ranks)
[RESILIENCE] Iteration 120: Global theta state checkpointed at path checkpoints/H2/checkpoint_iter_0120.npy. 
Iter 0121 | Energy: -1.236192 | Delta: 3.46e-03 | M: 8610.8376 | Path: GPU-cuStateVec MPI-distributed (4 ranks)
Iter 0122 | Energy: -1.234485 | Delta: 1.71e-03 | M: 5597.8719 | Path: GPU-cuStateVec MPI-distributed (4 ranks)
Iter 0123 | Energy: -1.239694 | Delta: 5.21e-03 | M: 7600.5923 | Path: GPU-cuStateVec MPI-distributed (4 ranks)
Iter 0124 | Energy: -1.241680 | Delta: 1.99e-03 | M: 7904.0660 | Path: GPU-cuStateVec MPI-distributed (4 ranks)
Iter 0125 | Energy: -1.239063 | Delta: 2.62e-03 | M: 5819.1418 | Path: GPU-cuStateVec MPI-distributed (4 ranks)
[RESILIENCE] Iteration 125: Global theta state checkpointed at path checkpoints/H2/checkpoint_iter_0125.npy. 
Iter 0126 | Energy: -1.236260 | Delta: 2.80e-03 | M: 6421.8809 | Path: GPU-cuStateVec MPI-distributed (4 ranks)
Iter 0127 | Energy: -1.250055 | Delta: 1.38e-02 | M: 6859.4714 | Path: GPU-cuStateVec MPI-distributed (4 ranks)
Iter 0128 | Energy: -1.245226 | Delta: 4.83e-03 | M: 5969.6243 | Path: GPU-cuStateVec MPI-distributed (4 ranks)
Iter 0129 | Energy: -1.247620 | Delta: 2.39e-03 | M: 4170.4969 | Path: GPU-cuStateVec MPI-distributed (4 ranks)
Iter 0130 | Energy: -1.245765 | Delta: 1.86e-03 | M: 4851.6276 | Path: GPU-cuStateVec MPI-distributed (4 ranks)
[RESILIENCE] Iteration 130: Global theta state checkpointed at path checkpoints/H2/checkpoint_iter_0130.npy. 
Iter 0131 | Energy: -1.246456 | Delta: 6.91e-04 | M: 7539.8977 | Path: GPU-cuStateVec MPI-distributed (4 ranks)
Iter 0132 | Energy: -1.248371 | Delta: 1.92e-03 | M: 6348.5702 | Path: GPU-cuStateVec MPI-distributed (4 ranks)
Iter 0133 | Energy: -1.247418 | Delta: 9.53e-04 | M: 6465.1820 | Path: GPU-cuStateVec MPI-distributed (4 ranks)
Iter 0134 | Energy: -1.249087 | Delta: 1.67e-03 | M: 6551.4671 | Path: GPU-cuStateVec MPI-distributed (4 ranks)
Iter 0135 | Energy: -1.252294 | Delta: 3.21e-03 | M: 5723.8808 | Path: GPU-cuStateVec MPI-distributed (4 ranks)
[RESILIENCE] Iteration 135: Global theta state checkpointed at path checkpoints/H2/checkpoint_iter_0135.npy. 
Iter 0136 | Energy: -1.248736 | Delta: 3.56e-03 | M: 96.8112 | Path: GPU-cuStateVec MPI-distributed (4 ranks)
Iter 0137 | Energy: -1.248793 | Delta: 5.73e-05 | M: 8537.1218 | Path: GPU-cuStateVec MPI-distributed (4 ranks)
Iter 0138 | Energy: -1.255626 | Delta: 6.83e-03 | M: 5810.1877 | Path: GPU-cuStateVec MPI-distributed (4 ranks)
Iter 0139 | Energy: -1.252750 | Delta: 2.88e-03 | M: 6671.6439 | Path: GPU-cuStateVec MPI-distributed (4 ranks)
Iter 0140 | Energy: -1.249338 | Delta: 3.41e-03 | M: 5151.3326 | Path: GPU-cuStateVec MPI-distributed (4 ranks)
[RESILIENCE] Iteration 140: Global theta state checkpointed at path checkpoints/H2/checkpoint_iter_0140.npy. 
Iter 0141 | Energy: -1.262328 | Delta: 1.30e-02 | M: 5477.0685 | Path: GPU-cuStateVec MPI-distributed (4 ranks)
Iter 0142 | Energy: -1.261181 | Delta: 1.15e-03 | M: 8123.7331 | Path: GPU-cuStateVec MPI-distributed (4 ranks)
Iter 0143 | Energy: -1.258740 | Delta: 2.44e-03 | M: 220.2198 | Path: GPU-cuStateVec MPI-distributed (4 ranks)
Iter 0144 | Energy: -1.260932 | Delta: 2.19e-03 | M: 8015.9737 | Path: GPU-cuStateVec MPI-distributed (4 ranks)
Iter 0145 | Energy: -1.263570 | Delta: 2.64e-03 | M: 5675.4913 | Path: GPU-cuStateVec MPI-distributed (4 ranks)
[RESILIENCE] Iteration 145: Global theta state checkpointed at path checkpoints/H2/checkpoint_iter_0145.npy. 
Iter 0146 | Energy: -1.268476 | Delta: 4.91e-03 | M: 7025.9973 | Path: GPU-cuStateVec MPI-distributed (4 ranks)
Iter 0147 | Energy: -1.260344 | Delta: 8.13e-03 | M: 1276.4660 | Path: GPU-cuStateVec MPI-distributed (4 ranks)
Iter 0148 | Energy: -1.271125 | Delta: 1.08e-02 | M: 5710.9597 | Path: GPU-cuStateVec MPI-distributed (4 ranks)
Iter 0149 | Energy: -1.274117 | Delta: 2.99e-03 | M: 6575.8943 | Path: GPU-cuStateVec MPI-distributed (4 ranks)
Iter 0150 | Energy: -1.273748 | Delta: 3.69e-04 | M: 8365.5828 | Path: GPU-cuStateVec MPI-distributed (4 ranks)
[RESILIENCE] Iteration 150: Global theta state checkpointed at path checkpoints/H2/checkpoint_iter_0150.npy. 
Iter 0151 | Energy: -1.278245 | Delta: 4.50e-03 | M: 6859.4304 | Path: GPU-cuStateVec MPI-distributed (4 ranks)
Iter 0152 | Energy: -1.281960 | Delta: 3.71e-03 | M: 5590.2095 | Path: GPU-cuStateVec MPI-distributed (4 ranks)
Iter 0153 | Energy: -1.277467 | Delta: 4.49e-03 | M: 5645.2120 | Path: GPU-cuStateVec MPI-distributed (4 ranks)
Iter 0154 | Energy: -1.281080 | Delta: 3.61e-03 | M: 5697.1215 | Path: GPU-cuStateVec MPI-distributed (4 ranks)
Iter 0155 | Energy: -1.285438 | Delta: 4.36e-03 | M: 5269.0150 | Path: GPU-cuStateVec MPI-distributed (4 ranks)
[RESILIENCE] Iteration 155: Global theta state checkpointed at path checkpoints/H2/checkpoint_iter_0155.npy. 
Iter 0156 | Energy: -1.282771 | Delta: 2.67e-03 | M: 4576.2276 | Path: GPU-cuStateVec MPI-distributed (4 ranks)
Iter 0157 | Energy: -1.285243 | Delta: 2.47e-03 | M: 8074.4911 | Path: GPU-cuStateVec MPI-distributed (4 ranks)
Iter 0158 | Energy: -1.284635 | Delta: 6.08e-04 | M: 4675.9959 | Path: GPU-cuStateVec MPI-distributed (4 ranks)
Iter 0159 | Energy: -1.285347 | Delta: 7.12e-04 | M: 5723.3928 | Path: GPU-cuStateVec MPI-distributed (4 ranks)
Iter 0160 | Energy: -1.285238 | Delta: 1.10e-04 | M: 8373.2829 | Path: GPU-cuStateVec MPI-distributed (4 ranks)
[RESILIENCE] Iteration 160: Global theta state checkpointed at path checkpoints/H2/checkpoint_iter_0160.npy. 
Iter 0161 | Energy: -1.289799 | Delta: 4.56e-03 | M: 4614.3718 | Path: GPU-cuStateVec MPI-distributed (4 ranks)
Iter 0162 | Energy: -1.293940 | Delta: 4.14e-03 | M: 5670.1091 | Path: GPU-cuStateVec MPI-distributed (4 ranks)
Iter 0163 | Energy: -1.295709 | Delta: 1.77e-03 | M: 7233.7431 | Path: GPU-cuStateVec MPI-distributed (4 ranks)
Iter 0164 | Energy: -1.298347 | Delta: 2.64e-03 | M: 5654.7507 | Path: GPU-cuStateVec MPI-distributed (4 ranks)
Iter 0165 | Energy: -1.299246 | Delta: 8.99e-04 | M: 6841.4895 | Path: GPU-cuStateVec MPI-distributed (4 ranks)
[RESILIENCE] Iteration 165: Global theta state checkpointed at path checkpoints/H2/checkpoint_iter_0165.npy. 
Iter 0166 | Energy: -1.300670 | Delta: 1.42e-03 | M: 7394.9827 | Path: GPU-cuStateVec MPI-distributed (4 ranks)
Iter 0167 | Energy: -1.300716 | Delta: 4.61e-05 | M: 5344.1285 | Path: GPU-cuStateVec MPI-distributed (4 ranks)
Iter 0168 | Energy: -1.297241 | Delta: 3.47e-03 | M: 4529.5573 | Path: GPU-cuStateVec MPI-distributed (4 ranks)
Iter 0169 | Energy: -1.305743 | Delta: 8.50e-03 | M: 8370.7080 | Path: GPU-cuStateVec MPI-distributed (4 ranks)
Iter 0170 | Energy: -1.310561 | Delta: 4.82e-03 | M: 5787.6513 | Path: GPU-cuStateVec MPI-distributed (4 ranks)
[RESILIENCE] Iteration 170: Global theta state checkpointed at path checkpoints/H2/checkpoint_iter_0170.npy. 
Iter 0171 | Energy: -1.306626 | Delta: 3.94e-03 | M: 6821.6985 | Path: GPU-cuStateVec MPI-distributed (4 ranks)
Iter 0172 | Energy: -1.309539 | Delta: 2.91e-03 | M: 108.1728 | Path: GPU-cuStateVec MPI-distributed (4 ranks)
Iter 0173 | Energy: -1.304347 | Delta: 5.19e-03 | M: 7480.2634 | Path: GPU-cuStateVec MPI-distributed (4 ranks)
Iter 0174 | Energy: -1.302499 | Delta: 1.85e-03 | M: 6536.9310 | Path: GPU-cuStateVec MPI-distributed (4 ranks)
Iter 0175 | Energy: -1.302452 | Delta: 4.68e-05 | M: 8474.5005 | Path: GPU-cuStateVec MPI-distributed (4 ranks)
[RESILIENCE] Iteration 175: Global theta state checkpointed at path checkpoints/H2/checkpoint_iter_0175.npy. 
Iter 0176 | Energy: -1.307999 | Delta: 5.55e-03 | M: 6976.8155 | Path: GPU-cuStateVec MPI-distributed (4 ranks)
Iter 0177 | Energy: -1.309524 | Delta: 1.53e-03 | M: 8174.0520 | Path: GPU-cuStateVec MPI-distributed (4 ranks)
Iter 0178 | Energy: -1.307455 | Delta: 2.07e-03 | M: 5466.3907 | Path: GPU-cuStateVec MPI-distributed (4 ranks)
Iter 0179 | Energy: -1.310709 | Delta: 3.25e-03 | M: 5905.8867 | Path: GPU-cuStateVec MPI-distributed (4 ranks)
Iter 0180 | Energy: -1.309554 | Delta: 1.16e-03 | M: 8339.7917 | Path: GPU-cuStateVec MPI-distributed (4 ranks)
[RESILIENCE] Iteration 180: Global theta state checkpointed at path checkpoints/H2/checkpoint_iter_0180.npy. 
Iter 0181 | Energy: -1.308649 | Delta: 9.05e-04 | M: 5841.5290 | Path: GPU-cuStateVec MPI-distributed (4 ranks)
Iter 0182 | Energy: -1.313194 | Delta: 4.55e-03 | M: 4501.4805 | Path: GPU-cuStateVec MPI-distributed (4 ranks)
Iter 0183 | Energy: -1.313487 | Delta: 2.93e-04 | M: 4504.4653 | Path: GPU-cuStateVec MPI-distributed (4 ranks)
Iter 0184 | Energy: -1.308168 | Delta: 5.32e-03 | M: 7939.5942 | Path: GPU-cuStateVec MPI-distributed (4 ranks)
Iter 0185 | Energy: -1.307439 | Delta: 7.29e-04 | M: 6382.5870 | Path: GPU-cuStateVec MPI-distributed (4 ranks)
[RESILIENCE] Iteration 185: Global theta state checkpointed at path checkpoints/H2/checkpoint_iter_0185.npy. 
Iter 0186 | Energy: -1.309648 | Delta: 2.21e-03 | M: 6401.0851 | Path: GPU-cuStateVec MPI-distributed (4 ranks)
Iter 0187 | Energy: -1.311128 | Delta: 1.48e-03 | M: 4552.5715 | Path: GPU-cuStateVec MPI-distributed (4 ranks)
Iter 0188 | Energy: -1.308932 | Delta: 2.20e-03 | M: 7910.0877 | Path: GPU-cuStateVec MPI-distributed (4 ranks)
Iter 0189 | Energy: -1.316223 | Delta: 7.29e-03 | M: 5930.0771 | Path: GPU-cuStateVec MPI-distributed (4 ranks)
Iter 0190 | Energy: -1.315674 | Delta: 5.49e-04 | M: 5664.8331 | Path: GPU-cuStateVec MPI-distributed (4 ranks)
[RESILIENCE] Iteration 190: Global theta state checkpointed at path checkpoints/H2/checkpoint_iter_0190.npy. 
Iter 0191 | Energy: -1.311795 | Delta: 3.88e-03 | M: 5774.5867 | Path: GPU-cuStateVec MPI-distributed (4 ranks)
Iter 0192 | Energy: -1.317583 | Delta: 5.79e-03 | M: 5951.4697 | Path: GPU-cuStateVec MPI-distributed (4 ranks)
Iter 0193 | Energy: -1.311122 | Delta: 6.46e-03 | M: 8255.6192 | Path: GPU-cuStateVec MPI-distributed (4 ranks)
Iter 0194 | Energy: -1.317765 | Delta: 6.64e-03 | M: 5889.0104 | Path: GPU-cuStateVec MPI-distributed (4 ranks)
Iter 0195 | Energy: -1.315198 | Delta: 2.57e-03 | M: 4785.5814 | Path: GPU-cuStateVec MPI-distributed (4 ranks)
[RESILIENCE] Iteration 195: Global theta state checkpointed at path checkpoints/H2/checkpoint_iter_0195.npy. 
Iter 0196 | Energy: -1.323902 | Delta: 8.70e-03 | M: 5876.9925 | Path: GPU-cuStateVec MPI-distributed (4 ranks)
Iter 0197 | Energy: -1.325856 | Delta: 1.95e-03 | M: 5779.2626 | Path: GPU-cuStateVec MPI-distributed (4 ranks)
Iter 0198 | Energy: -1.321349 | Delta: 4.51e-03 | M: 5919.6764 | Path: GPU-cuStateVec MPI-distributed (4 ranks)
Iter 0199 | Energy: -1.324654 | Delta: 3.30e-03 | M: 7686.3933 | Path: GPU-cuStateVec MPI-distributed (4 ranks)
Iter 0200 | Energy: -1.317652 | Delta: 7.00e-03 | M: 5703.9836 | Path: GPU-cuStateVec MPI-distributed (4 ranks)
[RESILIENCE] Iteration 200: Global theta state checkpointed at path checkpoints/H2/checkpoint_iter_0200.npy. 
[VQE] Best physical energy: -1.136508 Ha (error: 0.0008 Ha) at iter 104
[VQE] Final energy -1.317652 is below FCI — reporting best physical result

[H2] Ansatz tier:hwe_adaptive
[H2] Corr score: 0.342 
[H2] Best physical energy: -1.136508 Ha 
[H2] Reference FCI : -1.137284 Ha 
[H2] Absolute error: +0.0008 Ha 
[H2] Iterations run: 200 (best at iter 104)
[H2] Wall time: 39.83s (includes QPU queue + RTT) 
[H2] Time/iter: 0.20 s 
[H2] Source: registry 
[H2] Active electrons: 2 
[H2] Estimated qubits: 4 


--- RUNNING CHEMISTRY TASK LiH ---
[Resolver] 'LiH' found in local registry 
[Chemistry:LiH] 631 Pauli terms, 12 qubits, 96 params, reps=2. FCI reference: -7.8825 Ha 
[Ansatz] HWE (adaptive) (auto) | corr_score=0.502 | off_diag_ratio=0.007
[Reason] score=0.502 in [0.25, 0.55). Moderate correlation (off_diag_ratio=0.007, zz_frac=0.979). Adaptive HWE with full entanglement recommended.
Iter 0001 | Energy: -0.446148 | Delta: inf | M: 10.1732 | Path: GPU-cuStateVec MPI-distributed (4 ranks)
Iter 0002 | Energy: -0.454823 | Delta: 8.67e-03 | M: 5472.8953 | Path: GPU-cuStateVec MPI-distributed (4 ranks)
Iter 0003 | Energy: -0.412540 | Delta: 4.23e-02 | M: 7817.9794 | Path: GPU-cuStateVec MPI-distributed (4 ranks)
Iter 0004 | Energy: -0.399932 | Delta: 1.26e-02 | M: 8509.3486 | Path: GPU-cuStateVec MPI-distributed (4 ranks)
Iter 0005 | Energy: -0.415982 | Delta: 1.60e-02 | M: 8971.4224 | Path: GPU-cuStateVec MPI-distributed (4 ranks)
[RESILIENCE] Iteration 5: Global theta state checkpointed at path checkpoints/LiH/checkpoint_iter_0005.npy. 
Iter 0006 | Energy: -0.413792 | Delta: 2.19e-03 | M: 8806.2126 | Path: GPU-cuStateVec MPI-distributed (4 ranks)
Iter 0007 | Energy: -0.411301 | Delta: 2.49e-03 | M: 9246.9400 | Path: GPU-cuStateVec MPI-distributed (4 ranks)
Iter 0008 | Energy: -0.411249 | Delta: 5.21e-05 | M: 4721.9326 | Path: GPU-cuStateVec MPI-distributed (4 ranks)
Iter 0009 | Energy: -0.412543 | Delta: 1.29e-03 | M: 133.7418 | Path: GPU-cuStateVec MPI-distributed (4 ranks)
Iter 0010 | Energy: -0.404811 | Delta: 7.73e-03 | M: 9140.5186 | Path: GPU-cuStateVec MPI-distributed (4 ranks)
[RESILIENCE] Iteration 10: Global theta state checkpointed at path checkpoints/LiH/checkpoint_iter_0010.npy. 
Iter 0011 | Energy: -0.403208 | Delta: 1.60e-03 | M: 108.2343 | Path: GPU-cuStateVec MPI-distributed (4 ranks)
Iter 0012 | Energy: -0.428774 | Delta: 2.56e-02 | M: 9367.5734 | Path: GPU-cuStateVec MPI-distributed (4 ranks)
Iter 0013 | Energy: -0.406082 | Delta: 2.27e-02 | M: 46.9260 | Path: GPU-cuStateVec MPI-distributed (4 ranks)
Iter 0014 | Energy: -0.411147 | Delta: 5.06e-03 | M: 112.4128 | Path: GPU-cuStateVec MPI-distributed (4 ranks)
Iter 0015 | Energy: -0.406957 | Delta: 4.19e-03 | M: 9548.4973 | Path: GPU-cuStateVec MPI-distributed (4 ranks)
[RESILIENCE] Iteration 15: Global theta state checkpointed at path checkpoints/LiH/checkpoint_iter_0015.npy. 
Iter 0016 | Energy: -0.412794 | Delta: 5.84e-03 | M: 9656.7081 | Path: GPU-cuStateVec MPI-distributed (4 ranks)
Iter 0017 | Energy: -0.417260 | Delta: 4.47e-03 | M: 6593.5982 | Path: GPU-cuStateVec MPI-distributed (4 ranks)
Iter 0018 | Energy: -0.450204 | Delta: 3.29e-02 | M: 8401.5622 | Path: GPU-cuStateVec MPI-distributed (4 ranks)
Iter 0019 | Energy: -0.447903 | Delta: 2.30e-03 | M: 79.4747 | Path: GPU-cuStateVec MPI-distributed (4 ranks)
Iter 0020 | Energy: -0.427132 | Delta: 2.08e-02 | M: 8791.8676 | Path: GPU-cuStateVec MPI-distributed (4 ranks)
[RESILIENCE] Iteration 20: Global theta state checkpointed at path checkpoints/LiH/checkpoint_iter_0020.npy. 
Iter 0021 | Energy: -0.441780 | Delta: 1.46e-02 | M: 9187.3367 | Path: GPU-cuStateVec MPI-distributed (4 ranks)
Iter 0022 | Energy: -0.439151 | Delta: 2.63e-03 | M: 8481.3250 | Path: GPU-cuStateVec MPI-distributed (4 ranks)
Iter 0023 | Energy: -0.454437 | Delta: 1.53e-02 | M: 5803.0797 | Path: GPU-cuStateVec MPI-distributed (4 ranks)
Iter 0024 | Energy: -0.459132 | Delta: 4.70e-03 | M: 7775.0760 | Path: GPU-cuStateVec MPI-distributed (4 ranks)
Iter 0025 | Energy: -0.450987 | Delta: 8.14e-03 | M: 106.2210 | Path: GPU-cuStateVec MPI-distributed (4 ranks)
[RESILIENCE] Iteration 25: Global theta state checkpointed at path checkpoints/LiH/checkpoint_iter_0025.npy. 
Iter 0026 | Energy: -0.458987 | Delta: 8.00e-03 | M: 7813.7016 | Path: GPU-cuStateVec MPI-distributed (4 ranks)
Iter 0027 | Energy: -0.466759 | Delta: 7.77e-03 | M: 9822.0490 | Path: GPU-cuStateVec MPI-distributed (4 ranks)
Iter 0028 | Energy: -0.457552 | Delta: 9.21e-03 | M: 10002.4795 | Path: GPU-cuStateVec MPI-distributed (4 ranks)
Iter 0029 | Energy: -0.482201 | Delta: 2.46e-02 | M: 11.7695 | Path: GPU-cuStateVec MPI-distributed (4 ranks)
Iter 0030 | Energy: -0.482023 | Delta: 1.78e-04 | M: 8822.0190 | Path: GPU-cuStateVec MPI-distributed (4 ranks)
[RESILIENCE] Iteration 30: Global theta state checkpointed at path checkpoints/LiH/checkpoint_iter_0030.npy. 
Iter 0031 | Energy: -0.557966 | Delta: 7.59e-02 | M: 9047.3366 | Path: GPU-cuStateVec MPI-distributed (4 ranks)
Iter 0032 | Energy: -0.587280 | Delta: 2.93e-02 | M: 8758.7595 | Path: GPU-cuStateVec MPI-distributed (4 ranks)
Iter 0033 | Energy: -0.602909 | Delta: 1.56e-02 | M: 9065.3707 | Path: GPU-cuStateVec MPI-distributed (4 ranks)
Iter 0034 | Energy: -0.604303 | Delta: 1.39e-03 | M: 9011.4305 | Path: GPU-cuStateVec MPI-distributed (4 ranks)
Iter 0035 | Energy: -0.608470 | Delta: 4.17e-03 | M: 6435.0169 | Path: GPU-cuStateVec MPI-distributed (4 ranks)
[RESILIENCE] Iteration 35: Global theta state checkpointed at path checkpoints/LiH/checkpoint_iter_0035.npy. 
Iter 0036 | Energy: -0.603876 | Delta: 4.59e-03 | M: 9426.3194 | Path: GPU-cuStateVec MPI-distributed (4 ranks)
Iter 0037 | Energy: -0.598694 | Delta: 5.18e-03 | M: 47.4643 | Path: GPU-cuStateVec MPI-distributed (4 ranks)
Iter 0038 | Energy: -0.624113 | Delta: 2.54e-02 | M: 71.8294 | Path: GPU-cuStateVec MPI-distributed (4 ranks)
Iter 0039 | Energy: -0.664522 | Delta: 4.04e-02 | M: 9909.0605 | Path: GPU-cuStateVec MPI-distributed (4 ranks)
Iter 0040 | Energy: -0.657312 | Delta: 7.21e-03 | M: 9098.5697 | Path: GPU-cuStateVec MPI-distributed (4 ranks)
[RESILIENCE] Iteration 40: Global theta state checkpointed at path checkpoints/LiH/checkpoint_iter_0040.npy. 
Iter 0041 | Energy: -0.661108 | Delta: 3.80e-03 | M: 9527.1088 | Path: GPU-cuStateVec MPI-distributed (4 ranks)
Iter 0042 | Energy: -0.665507 | Delta: 4.40e-03 | M: 9812.0100 | Path: GPU-cuStateVec MPI-distributed (4 ranks)
Iter 0043 | Energy: -0.690731 | Delta: 2.52e-02 | M: 9072.8432 | Path: GPU-cuStateVec MPI-distributed (4 ranks)
Iter 0044 | Energy: -0.703530 | Delta: 1.28e-02 | M: 7638.1326 | Path: GPU-cuStateVec MPI-distributed (4 ranks)
Iter 0045 | Energy: -0.731756 | Delta: 2.82e-02 | M: 5370.8925 | Path: GPU-cuStateVec MPI-distributed (4 ranks)
[RESILIENCE] Iteration 45: Global theta state checkpointed at path checkpoints/LiH/checkpoint_iter_0045.npy. 
Iter 0046 | Energy: -0.754687 | Delta: 2.29e-02 | M: 8127.0813 | Path: GPU-cuStateVec MPI-distributed (4 ranks)
Iter 0047 | Energy: -0.777216 | Delta: 2.25e-02 | M: 8667.4799 | Path: GPU-cuStateVec MPI-distributed (4 ranks)
Iter 0048 | Energy: -0.870031 | Delta: 9.28e-02 | M: 9235.4065 | Path: GPU-cuStateVec MPI-distributed (4 ranks)
Iter 0049 | Energy: -0.893982 | Delta: 2.40e-02 | M: 9535.7513 | Path: GPU-cuStateVec MPI-distributed (4 ranks)
Iter 0050 | Energy: -0.959624 | Delta: 6.56e-02 | M: 8767.7269 | Path: GPU-cuStateVec MPI-distributed (4 ranks)
[RESILIENCE] Iteration 50: Global theta state checkpointed at path checkpoints/LiH/checkpoint_iter_0050.npy. 
Iter 0051 | Energy: -0.981075 | Delta: 2.15e-02 | M: 8924.4741 | Path: GPU-cuStateVec MPI-distributed (4 ranks)
Iter 0052 | Energy: -0.979279 | Delta: 1.80e-03 | M: 6340.1510 | Path: GPU-cuStateVec MPI-distributed (4 ranks)
Iter 0053 | Energy: -0.979249 | Delta: 2.99e-05 | M: 5783.1638 | Path: GPU-cuStateVec MPI-distributed (4 ranks)
Iter 0054 | Energy: -0.984459 | Delta: 5.21e-03 | M: 7890.3679 | Path: GPU-cuStateVec MPI-distributed (4 ranks)
Iter 0055 | Energy: -0.971795 | Delta: 1.27e-02 | M: 8532.2919 | Path: GPU-cuStateVec MPI-distributed (4 ranks)
[RESILIENCE] Iteration 55: Global theta state checkpointed at path checkpoints/LiH/checkpoint_iter_0055.npy. 
Iter 0056 | Energy: -1.110052 | Delta: 1.38e-01 | M: 8736.5386 | Path: GPU-cuStateVec MPI-distributed (4 ranks)
Iter 0057 | Energy: -1.129452 | Delta: 1.94e-02 | M: 9677.7744 | Path: GPU-cuStateVec MPI-distributed (4 ranks)
Iter 0058 | Energy: -1.162319 | Delta: 3.29e-02 | M: 8272.6407 | Path: GPU-cuStateVec MPI-distributed (4 ranks)
Iter 0059 | Energy: -1.183668 | Delta: 2.13e-02 | M: 9585.1840 | Path: GPU-cuStateVec MPI-distributed (4 ranks)
Iter 0060 | Energy: -1.191993 | Delta: 8.33e-03 | M: 9601.5787 | Path: GPU-cuStateVec MPI-distributed (4 ranks)
[RESILIENCE] Iteration 60: Global theta state checkpointed at path checkpoints/LiH/checkpoint_iter_0060.npy. 
Iter 0061 | Energy: -1.205678 | Delta: 1.37e-02 | M: 135.8720 | Path: GPU-cuStateVec MPI-distributed (4 ranks)
Iter 0062 | Energy: -1.215614 | Delta: 9.94e-03 | M: 7996.8852 | Path: GPU-cuStateVec MPI-distributed (4 ranks)
Iter 0063 | Energy: -1.225177 | Delta: 9.56e-03 | M: 9946.5073 | Path: GPU-cuStateVec MPI-distributed (4 ranks)
Iter 0064 | Energy: -1.231903 | Delta: 6.73e-03 | M: 9430.4227 | Path: GPU-cuStateVec MPI-distributed (4 ranks)
Iter 0065 | Energy: -1.232243 | Delta: 3.41e-04 | M: 8539.6302 | Path: GPU-cuStateVec MPI-distributed (4 ranks)
[RESILIENCE] Iteration 65: Global theta state checkpointed at path checkpoints/LiH/checkpoint_iter_0065.npy. 
Iter 0066 | Energy: -1.257822 | Delta: 2.56e-02 | M: 9872.1264 | Path: GPU-cuStateVec MPI-distributed (4 ranks)
Iter 0067 | Energy: -1.329086 | Delta: 7.13e-02 | M: 167.7754 | Path: GPU-cuStateVec MPI-distributed (4 ranks)
Iter 0068 | Energy: -1.372991 | Delta: 4.39e-02 | M: 9403.3162 | Path: GPU-cuStateVec MPI-distributed (4 ranks)
Iter 0069 | Energy: -1.380666 | Delta: 7.68e-03 | M: 9754.1309 | Path: GPU-cuStateVec MPI-distributed (4 ranks)
Iter 0070 | Energy: -1.419720 | Delta: 3.91e-02 | M: 9828.1202 | Path: GPU-cuStateVec MPI-distributed (4 ranks)
[RESILIENCE] Iteration 70: Global theta state checkpointed at path checkpoints/LiH/checkpoint_iter_0070.npy. 
Iter 0071 | Energy: -1.402267 | Delta: 1.75e-02 | M: 9316.1832 | Path: GPU-cuStateVec MPI-distributed (4 ranks)
Iter 0072 | Energy: -1.450290 | Delta: 4.80e-02 | M: 90.0659 | Path: GPU-cuStateVec MPI-distributed (4 ranks)
Iter 0073 | Energy: -1.464082 | Delta: 1.38e-02 | M: 64.4328 | Path: GPU-cuStateVec MPI-distributed (4 ranks)
Iter 0074 | Energy: -1.475274 | Delta: 1.12e-02 | M: 8956.2021 | Path: GPU-cuStateVec MPI-distributed (4 ranks)
Iter 0075 | Energy: -1.481733 | Delta: 6.46e-03 | M: 9072.8452 | Path: GPU-cuStateVec MPI-distributed (4 ranks)
[RESILIENCE] Iteration 75: Global theta state checkpointed at path checkpoints/LiH/checkpoint_iter_0075.npy. 
Iter 0076 | Energy: -1.480686 | Delta: 1.05e-03 | M: 8907.5729 | Path: GPU-cuStateVec MPI-distributed (4 ranks)
Iter 0077 | Energy: -1.485331 | Delta: 4.64e-03 | M: 9538.0376 | Path: GPU-cuStateVec MPI-distributed (4 ranks)
Iter 0078 | Energy: -1.682273 | Delta: 1.97e-01 | M: 9214.8558 | Path: GPU-cuStateVec MPI-distributed (4 ranks)
Iter 0079 | Energy: -1.736547 | Delta: 5.43e-02 | M: 56.1555 | Path: GPU-cuStateVec MPI-distributed (4 ranks)
Iter 0080 | Energy: -1.964160 | Delta: 2.28e-01 | M: 8477.8832 | Path: GPU-cuStateVec MPI-distributed (4 ranks)
[RESILIENCE] Iteration 80: Global theta state checkpointed at path checkpoints/LiH/checkpoint_iter_0080.npy. 
Iter 0081 | Energy: -2.030033 | Delta: 6.59e-02 | M: 9211.9425 | Path: GPU-cuStateVec MPI-distributed (4 ranks)
Iter 0082 | Energy: -2.112504 | Delta: 8.25e-02 | M: 8225.5218 | Path: GPU-cuStateVec MPI-distributed (4 ranks)
Iter 0083 | Energy: -2.126721 | Delta: 1.42e-02 | M: 7710.4682 | Path: GPU-cuStateVec MPI-distributed (4 ranks)
Iter 0084 | Energy: -2.171808 | Delta: 4.51e-02 | M: 168.9286 | Path: GPU-cuStateVec MPI-distributed (4 ranks)
Iter 0085 | Energy: -2.183595 | Delta: 1.18e-02 | M: 8591.4986 | Path: GPU-cuStateVec MPI-distributed (4 ranks)
[RESILIENCE] Iteration 85: Global theta state checkpointed at path checkpoints/LiH/checkpoint_iter_0085.npy. 
Iter 0086 | Energy: -2.167585 | Delta: 1.60e-02 | M: 9416.6914 | Path: GPU-cuStateVec MPI-distributed (4 ranks)
Iter 0087 | Energy: -2.330092 | Delta: 1.63e-01 | M: 9467.6770 | Path: GPU-cuStateVec MPI-distributed (4 ranks)
Iter 0088 | Energy: -2.368421 | Delta: 3.83e-02 | M: 9454.7898 | Path: GPU-cuStateVec MPI-distributed (4 ranks)
Iter 0089 | Energy: -2.372634 | Delta: 4.21e-03 | M: 9767.0732 | Path: GPU-cuStateVec MPI-distributed (4 ranks)
Iter 0090 | Energy: -2.473957 | Delta: 1.01e-01 | M: 9626.2251 | Path: GPU-cuStateVec MPI-distributed (4 ranks)
[RESILIENCE] Iteration 90: Global theta state checkpointed at path checkpoints/LiH/checkpoint_iter_0090.npy. 
Iter 0091 | Energy: -2.480521 | Delta: 6.56e-03 | M: 9944.0547 | Path: GPU-cuStateVec MPI-distributed (4 ranks)
Iter 0092 | Energy: -2.631579 | Delta: 1.51e-01 | M: 8995.9622 | Path: GPU-cuStateVec MPI-distributed (4 ranks)
Iter 0093 | Energy: -2.628681 | Delta: 2.90e-03 | M: 8977.9887 | Path: GPU-cuStateVec MPI-distributed (4 ranks)
Iter 0094 | Energy: -2.714545 | Delta: 8.59e-02 | M: 9264.1842 | Path: GPU-cuStateVec MPI-distributed (4 ranks)
Iter 0095 | Energy: -2.724040 | Delta: 9.49e-03 | M: 165.3546 | Path: GPU-cuStateVec MPI-distributed (4 ranks)
[RESILIENCE] Iteration 95: Global theta state checkpointed at path checkpoints/LiH/checkpoint_iter_0095.npy. 
Iter 0096 | Energy: -2.718926 | Delta: 5.11e-03 | M: 9615.0239 | Path: GPU-cuStateVec MPI-distributed (4 ranks)
Iter 0097 | Energy: -2.743565 | Delta: 2.46e-02 | M: 8940.0629 | Path: GPU-cuStateVec MPI-distributed (4 ranks)
Iter 0098 | Energy: -2.859181 | Delta: 1.16e-01 | M: 215.1461 | Path: GPU-cuStateVec MPI-distributed (4 ranks)
Iter 0099 | Energy: -2.843596 | Delta: 1.56e-02 | M: 5333.7892 | Path: GPU-cuStateVec MPI-distributed (4 ranks)
Iter 0100 | Energy: -2.894019 | Delta: 5.04e-02 | M: 7780.0787 | Path: GPU-cuStateVec MPI-distributed (4 ranks)
[RESILIENCE] Iteration 100: Global theta state checkpointed at path checkpoints/LiH/checkpoint_iter_0100.npy. 
Iter 0101 | Energy: -2.896094 | Delta: 2.07e-03 | M: 8255.4929 | Path: GPU-cuStateVec MPI-distributed (4 ranks)
Iter 0102 | Energy: -2.947467 | Delta: 5.14e-02 | M: 8170.0398 | Path: GPU-cuStateVec MPI-distributed (4 ranks)
Iter 0103 | Energy: -2.975088 | Delta: 2.76e-02 | M: 8351.7900 | Path: GPU-cuStateVec MPI-distributed (4 ranks)
Iter 0104 | Energy: -2.986883 | Delta: 1.18e-02 | M: 8834.0114 | Path: GPU-cuStateVec MPI-distributed (4 ranks)
Iter 0105 | Energy: -2.997162 | Delta: 1.03e-02 | M: 8178.3678 | Path: GPU-cuStateVec MPI-distributed (4 ranks)
[RESILIENCE] Iteration 105: Global theta state checkpointed at path checkpoints/LiH/checkpoint_iter_0105.npy. 
Iter 0106 | Energy: -3.095958 | Delta: 9.88e-02 | M: 8966.2190 | Path: GPU-cuStateVec MPI-distributed (4 ranks)
Iter 0107 | Energy: -3.180577 | Delta: 8.46e-02 | M: 9509.1098 | Path: GPU-cuStateVec MPI-distributed (4 ranks)
Iter 0108 | Energy: -3.188644 | Delta: 8.07e-03 | M: 9468.6432 | Path: GPU-cuStateVec MPI-distributed (4 ranks)
Iter 0109 | Energy: -3.172584 | Delta: 1.61e-02 | M: 7492.3287 | Path: GPU-cuStateVec MPI-distributed (4 ranks)
Iter 0110 | Energy: -3.193177 | Delta: 2.06e-02 | M: 8375.8534 | Path: GPU-cuStateVec MPI-distributed (4 ranks)
[RESILIENCE] Iteration 110: Global theta state checkpointed at path checkpoints/LiH/checkpoint_iter_0110.npy. 
Iter 0111 | Energy: -3.191055 | Delta: 2.12e-03 | M: 8412.3044 | Path: GPU-cuStateVec MPI-distributed (4 ranks)
Iter 0112 | Energy: -3.198627 | Delta: 7.57e-03 | M: 9960.2632 | Path: GPU-cuStateVec MPI-distributed (4 ranks)
Iter 0113 | Energy: -3.202927 | Delta: 4.30e-03 | M: 9703.9023 | Path: GPU-cuStateVec MPI-distributed (4 ranks)
Iter 0114 | Energy: -3.248558 | Delta: 4.56e-02 | M: 141.2426 | Path: GPU-cuStateVec MPI-distributed (4 ranks)
Iter 0115 | Energy: -3.288243 | Delta: 3.97e-02 | M: 39.5106 | Path: GPU-cuStateVec MPI-distributed (4 ranks)
[RESILIENCE] Iteration 115: Global theta state checkpointed at path checkpoints/LiH/checkpoint_iter_0115.npy. 
Iter 0116 | Energy: -3.422236 | Delta: 1.34e-01 | M: 6796.1395 | Path: GPU-cuStateVec MPI-distributed (4 ranks)
Iter 0117 | Energy: -3.506297 | Delta: 8.41e-02 | M: 181.1796 | Path: GPU-cuStateVec MPI-distributed (4 ranks)
Iter 0118 | Energy: -3.489467 | Delta: 1.68e-02 | M: 8862.9042 | Path: GPU-cuStateVec MPI-distributed (4 ranks)
Iter 0119 | Energy: -3.501259 | Delta: 1.18e-02 | M: 159.6874 | Path: GPU-cuStateVec MPI-distributed (4 ranks)
Iter 0120 | Energy: -3.485738 | Delta: 1.55e-02 | M: 10170.9677 | Path: GPU-cuStateVec MPI-distributed (4 ranks)
[RESILIENCE] Iteration 120: Global theta state checkpointed at path checkpoints/LiH/checkpoint_iter_0120.npy. 
Iter 0121 | Energy: -3.746870 | Delta: 2.61e-01 | M: 9688.6517 | Path: GPU-cuStateVec MPI-distributed (4 ranks)
Iter 0122 | Energy: -3.745760 | Delta: 1.11e-03 | M: 65.1183 | Path: GPU-cuStateVec MPI-distributed (4 ranks)
Iter 0123 | Energy: -3.744025 | Delta: 1.73e-03 | M: 9651.3085 | Path: GPU-cuStateVec MPI-distributed (4 ranks)
Iter 0124 | Energy: -3.792083 | Delta: 4.81e-02 | M: 9618.6705 | Path: GPU-cuStateVec MPI-distributed (4 ranks)
Iter 0125 | Energy: -3.782375 | Delta: 9.71e-03 | M: 9175.0741 | Path: GPU-cuStateVec MPI-distributed (4 ranks)
[RESILIENCE] Iteration 125: Global theta state checkpointed at path checkpoints/LiH/checkpoint_iter_0125.npy. 
Iter 0126 | Energy: -3.788659 | Delta: 6.28e-03 | M: 9137.1280 | Path: GPU-cuStateVec MPI-distributed (4 ranks)
Iter 0127 | Energy: -3.803246 | Delta: 1.46e-02 | M: 117.2268 | Path: GPU-cuStateVec MPI-distributed (4 ranks)
Iter 0128 | Energy: -3.819132 | Delta: 1.59e-02 | M: 9216.4981 | Path: GPU-cuStateVec MPI-distributed (4 ranks)
Iter 0129 | Energy: -3.922666 | Delta: 1.04e-01 | M: 9561.0058 | Path: GPU-cuStateVec MPI-distributed (4 ranks)
Iter 0130 | Energy: -3.937333 | Delta: 1.47e-02 | M: 9405.3572 | Path: GPU-cuStateVec MPI-distributed (4 ranks)
[RESILIENCE] Iteration 130: Global theta state checkpointed at path checkpoints/LiH/checkpoint_iter_0130.npy. 
Iter 0131 | Energy: -4.060606 | Delta: 1.23e-01 | M: 148.5222 | Path: GPU-cuStateVec MPI-distributed (4 ranks)
Iter 0132 | Energy: -4.099834 | Delta: 3.92e-02 | M: 9739.9286 | Path: GPU-cuStateVec MPI-distributed (4 ranks)
Iter 0133 | Energy: -4.100946 | Delta: 1.11e-03 | M: 197.3477 | Path: GPU-cuStateVec MPI-distributed (4 ranks)
Iter 0134 | Energy: -4.221305 | Delta: 1.20e-01 | M: 103.6224 | Path: GPU-cuStateVec MPI-distributed (4 ranks)
Iter 0135 | Energy: -4.228292 | Delta: 6.99e-03 | M: 9317.7413 | Path: GPU-cuStateVec MPI-distributed (4 ranks)
[RESILIENCE] Iteration 135: Global theta state checkpointed at path checkpoints/LiH/checkpoint_iter_0135.npy. 
Iter 0136 | Energy: -4.239599 | Delta: 1.13e-02 | M: 84.7285 | Path: GPU-cuStateVec MPI-distributed (4 ranks)
Iter 0137 | Energy: -4.235141 | Delta: 4.46e-03 | M: 139.6275 | Path: GPU-cuStateVec MPI-distributed (4 ranks)
Iter 0138 | Energy: -4.290432 | Delta: 5.53e-02 | M: 8548.8143 | Path: GPU-cuStateVec MPI-distributed (4 ranks)
Iter 0139 | Energy: -4.301623 | Delta: 1.12e-02 | M: 76.6495 | Path: GPU-cuStateVec MPI-distributed (4 ranks)
Iter 0140 | Energy: -4.305933 | Delta: 4.31e-03 | M: 37.2365 | Path: GPU-cuStateVec MPI-distributed (4 ranks)
[RESILIENCE] Iteration 140: Global theta state checkpointed at path checkpoints/LiH/checkpoint_iter_0140.npy. 
Iter 0141 | Energy: -4.354837 | Delta: 4.89e-02 | M: 9312.3843 | Path: GPU-cuStateVec MPI-distributed (4 ranks)
Iter 0142 | Energy: -4.351094 | Delta: 3.74e-03 | M: 9576.6681 | Path: GPU-cuStateVec MPI-distributed (4 ranks)
Iter 0143 | Energy: -4.326112 | Delta: 2.50e-02 | M: 9596.6444 | Path: GPU-cuStateVec MPI-distributed (4 ranks)
Iter 0144 | Energy: -4.475066 | Delta: 1.49e-01 | M: 132.8459 | Path: GPU-cuStateVec MPI-distributed (4 ranks)
Iter 0145 | Energy: -4.456953 | Delta: 1.81e-02 | M: 9927.9784 | Path: GPU-cuStateVec MPI-distributed (4 ranks)
[RESILIENCE] Iteration 145: Global theta state checkpointed at path checkpoints/LiH/checkpoint_iter_0145.npy. 
Iter 0146 | Energy: -4.544984 | Delta: 8.80e-02 | M: 41.8498 | Path: GPU-cuStateVec MPI-distributed (4 ranks)
Iter 0147 | Energy: -4.543223 | Delta: 1.76e-03 | M: 9801.5539 | Path: GPU-cuStateVec MPI-distributed (4 ranks)
Iter 0148 | Energy: -4.535145 | Delta: 8.08e-03 | M: 7398.6654 | Path: GPU-cuStateVec MPI-distributed (4 ranks)
Iter 0149 | Energy: -4.768158 | Delta: 2.33e-01 | M: 8561.2406 | Path: GPU-cuStateVec MPI-distributed (4 ranks)
Iter 0150 | Energy: -4.838036 | Delta: 6.99e-02 | M: 9235.6779 | Path: GPU-cuStateVec MPI-distributed (4 ranks)
[RESILIENCE] Iteration 150: Global theta state checkpointed at path checkpoints/LiH/checkpoint_iter_0150.npy. 
Iter 0151 | Energy: -4.876817 | Delta: 3.88e-02 | M: 9585.6880 | Path: GPU-cuStateVec MPI-distributed (4 ranks)
Iter 0152 | Energy: -4.873427 | Delta: 3.39e-03 | M: 9311.1141 | Path: GPU-cuStateVec MPI-distributed (4 ranks)
Iter 0153 | Energy: -4.884880 | Delta: 1.15e-02 | M: 8627.9996 | Path: GPU-cuStateVec MPI-distributed (4 ranks)
Iter 0154 | Energy: -4.882499 | Delta: 2.38e-03 | M: 7439.2506 | Path: GPU-cuStateVec MPI-distributed (4 ranks)
Iter 0155 | Energy: -4.900159 | Delta: 1.77e-02 | M: 8969.0356 | Path: GPU-cuStateVec MPI-distributed (4 ranks)
[RESILIENCE] Iteration 155: Global theta state checkpointed at path checkpoints/LiH/checkpoint_iter_0155.npy. 
Iter 0156 | Energy: -4.910924 | Delta: 1.08e-02 | M: 9359.1225 | Path: GPU-cuStateVec MPI-distributed (4 ranks)
Iter 0157 | Energy: -4.913541 | Delta: 2.62e-03 | M: 9546.4271 | Path: GPU-cuStateVec MPI-distributed (4 ranks)
Iter 0158 | Energy: -4.927318 | Delta: 1.38e-02 | M: 57.3194 | Path: GPU-cuStateVec MPI-distributed (4 ranks)
Iter 0159 | Energy: -4.926725 | Delta: 5.93e-04 | M: 25.4633 | Path: GPU-cuStateVec MPI-distributed (4 ranks)
Iter 0160 | Energy: -4.936224 | Delta: 9.50e-03 | M: 58.7910 | Path: GPU-cuStateVec MPI-distributed (4 ranks)
[RESILIENCE] Iteration 160: Global theta state checkpointed at path checkpoints/LiH/checkpoint_iter_0160.npy. 
Iter 0161 | Energy: -4.940002 | Delta: 3.78e-03 | M: 9124.4284 | Path: GPU-cuStateVec MPI-distributed (4 ranks)
Iter 0162 | Energy: -4.938023 | Delta: 1.98e-03 | M: 8392.7677 | Path: GPU-cuStateVec MPI-distributed (4 ranks)
Iter 0163 | Energy: -4.942662 | Delta: 4.64e-03 | M: 8277.1221 | Path: GPU-cuStateVec MPI-distributed (4 ranks)
Iter 0164 | Energy: -4.944193 | Delta: 1.53e-03 | M: 8344.2720 | Path: GPU-cuStateVec MPI-distributed (4 ranks)
Iter 0165 | Energy: -4.948424 | Delta: 4.23e-03 | M: 8389.3534 | Path: GPU-cuStateVec MPI-distributed (4 ranks)
[RESILIENCE] Iteration 165: Global theta state checkpointed at path checkpoints/LiH/checkpoint_iter_0165.npy. 
Iter 0166 | Energy: -4.954214 | Delta: 5.79e-03 | M: 8510.8346 | Path: GPU-cuStateVec MPI-distributed (4 ranks)
Iter 0167 | Energy: -4.966257 | Delta: 1.20e-02 | M: 9023.5083 | Path: GPU-cuStateVec MPI-distributed (4 ranks)
Iter 0168 | Energy: -4.972938 | Delta: 6.68e-03 | M: 8794.1507 | Path: GPU-cuStateVec MPI-distributed (4 ranks)
Iter 0169 | Energy: -4.995576 | Delta: 2.26e-02 | M: 4.0877 | Path: GPU-cuStateVec MPI-distributed (4 ranks)
Iter 0170 | Energy: -5.037604 | Delta: 4.20e-02 | M: 7799.5809 | Path: GPU-cuStateVec MPI-distributed (4 ranks)
[RESILIENCE] Iteration 170: Global theta state checkpointed at path checkpoints/LiH/checkpoint_iter_0170.npy. 
Iter 0171 | Energy: -5.050359 | Delta: 1.28e-02 | M: 9379.9168 | Path: GPU-cuStateVec MPI-distributed (4 ranks)
Iter 0172 | Energy: -5.080438 | Delta: 3.01e-02 | M: 9758.9462 | Path: GPU-cuStateVec MPI-distributed (4 ranks)
Iter 0173 | Energy: -5.070135 | Delta: 1.03e-02 | M: 8795.1914 | Path: GPU-cuStateVec MPI-distributed (4 ranks)
Iter 0174 | Energy: -5.137062 | Delta: 6.69e-02 | M: 9866.8462 | Path: GPU-cuStateVec MPI-distributed (4 ranks)
Iter 0175 | Energy: -5.138423 | Delta: 1.36e-03 | M: 9540.9832 | Path: GPU-cuStateVec MPI-distributed (4 ranks)
[RESILIENCE] Iteration 175: Global theta state checkpointed at path checkpoints/LiH/checkpoint_iter_0175.npy. 
Iter 0176 | Energy: -5.125132 | Delta: 1.33e-02 | M: 9907.6788 | Path: GPU-cuStateVec MPI-distributed (4 ranks)
Iter 0177 | Energy: -5.219422 | Delta: 9.43e-02 | M: 8488.7873 | Path: GPU-cuStateVec MPI-distributed (4 ranks)
Iter 0178 | Energy: -5.230939 | Delta: 1.15e-02 | M: 9696.4624 | Path: GPU-cuStateVec MPI-distributed (4 ranks)
Iter 0179 | Energy: -5.283689 | Delta: 5.28e-02 | M: 9960.1058 | Path: GPU-cuStateVec MPI-distributed (4 ranks)
Iter 0180 | Energy: -5.283985 | Delta: 2.96e-04 | M: 5933.9549 | Path: GPU-cuStateVec MPI-distributed (4 ranks)
[RESILIENCE] Iteration 180: Global theta state checkpointed at path checkpoints/LiH/checkpoint_iter_0180.npy. 
Iter 0181 | Energy: -5.278032 | Delta: 5.95e-03 | M: 21.7856 | Path: GPU-cuStateVec MPI-distributed (4 ranks)
Iter 0182 | Energy: -5.281685 | Delta: 3.65e-03 | M: 8.4655 | Path: GPU-cuStateVec MPI-distributed (4 ranks)
Iter 0183 | Energy: -5.287202 | Delta: 5.52e-03 | M: 9727.5603 | Path: GPU-cuStateVec MPI-distributed (4 ranks)
Iter 0184 | Energy: -5.280846 | Delta: 6.36e-03 | M: 8953.3766 | Path: GPU-cuStateVec MPI-distributed (4 ranks)
Iter 0185 | Energy: -5.318019 | Delta: 3.72e-02 | M: 9613.7555 | Path: GPU-cuStateVec MPI-distributed (4 ranks)
[RESILIENCE] Iteration 185: Global theta state checkpointed at path checkpoints/LiH/checkpoint_iter_0185.npy. 
Iter 0186 | Energy: -5.332629 | Delta: 1.46e-02 | M: 9196.2512 | Path: GPU-cuStateVec MPI-distributed (4 ranks)
Iter 0187 | Energy: -5.364259 | Delta: 3.16e-02 | M: 244.0329 | Path: GPU-cuStateVec MPI-distributed (4 ranks)
Iter 0188 | Energy: -5.373188 | Delta: 8.93e-03 | M: 9851.8442 | Path: GPU-cuStateVec MPI-distributed (4 ranks)
Iter 0189 | Energy: -5.384194 | Delta: 1.10e-02 | M: 9700.2883 | Path: GPU-cuStateVec MPI-distributed (4 ranks)
Iter 0190 | Energy: -5.379101 | Delta: 5.09e-03 | M: 9525.2467 | Path: GPU-cuStateVec MPI-distributed (4 ranks)
[RESILIENCE] Iteration 190: Global theta state checkpointed at path checkpoints/LiH/checkpoint_iter_0190.npy. 
Iter 0191 | Energy: -5.421126 | Delta: 4.20e-02 | M: 8488.4183 | Path: GPU-cuStateVec MPI-distributed (4 ranks)
Iter 0192 | Energy: -5.420489 | Delta: 6.37e-04 | M: 8921.4455 | Path: GPU-cuStateVec MPI-distributed (4 ranks)
Iter 0193 | Energy: -5.407259 | Delta: 1.32e-02 | M: 9560.5735 | Path: GPU-cuStateVec MPI-distributed (4 ranks)
Iter 0194 | Energy: -5.470545 | Delta: 6.33e-02 | M: 9129.7666 | Path: GPU-cuStateVec MPI-distributed (4 ranks)
Iter 0195 | Energy: -5.471179 | Delta: 6.34e-04 | M: 9345.7256 | Path: GPU-cuStateVec MPI-distributed (4 ranks)
[RESILIENCE] Iteration 195: Global theta state checkpointed at path checkpoints/LiH/checkpoint_iter_0195.npy. 
Iter 0196 | Energy: -5.474182 | Delta: 3.00e-03 | M: 9163.5122 | Path: GPU-cuStateVec MPI-distributed (4 ranks)
Iter 0197 | Energy: -5.482907 | Delta: 8.73e-03 | M: 9216.8602 | Path: GPU-cuStateVec MPI-distributed (4 ranks)
Iter 0198 | Energy: -5.473910 | Delta: 9.00e-03 | M: 9516.5346 | Path: GPU-cuStateVec MPI-distributed (4 ranks)
Iter 0199 | Energy: -5.523459 | Delta: 4.95e-02 | M: 9915.3129 | Path: GPU-cuStateVec MPI-distributed (4 ranks)
Iter 0200 | Energy: -5.529877 | Delta: 6.42e-03 | M: 10105.0032 | Path: GPU-cuStateVec MPI-distributed (4 ranks)
[RESILIENCE] Iteration 200: Global theta state checkpointed at path checkpoints/LiH/checkpoint_iter_0200.npy. 
Iter 0201 | Energy: -5.546909 | Delta: 1.70e-02 | M: 9761.5499 | Path: GPU-cuStateVec MPI-distributed (4 ranks)
Iter 0202 | Energy: -5.577300 | Delta: 3.04e-02 | M: 9267.9525 | Path: GPU-cuStateVec MPI-distributed (4 ranks)
Iter 0203 | Energy: -5.581528 | Delta: 4.23e-03 | M: 10105.2121 | Path: GPU-cuStateVec MPI-distributed (4 ranks)
Iter 0204 | Energy: -5.586820 | Delta: 5.29e-03 | M: 9899.9614 | Path: GPU-cuStateVec MPI-distributed (4 ranks)
Iter 0205 | Energy: -5.596099 | Delta: 9.28e-03 | M: 57.0681 | Path: GPU-cuStateVec MPI-distributed (4 ranks)
[RESILIENCE] Iteration 205: Global theta state checkpointed at path checkpoints/LiH/checkpoint_iter_0205.npy. 
Iter 0206 | Energy: -5.600447 | Delta: 4.35e-03 | M: 36.6286 | Path: GPU-cuStateVec MPI-distributed (4 ranks)
Iter 0207 | Energy: -5.583261 | Delta: 1.72e-02 | M: 9765.8457 | Path: GPU-cuStateVec MPI-distributed (4 ranks)
Iter 0208 | Energy: -5.600096 | Delta: 1.68e-02 | M: 8923.5506 | Path: GPU-cuStateVec MPI-distributed (4 ranks)
Iter 0209 | Energy: -5.611354 | Delta: 1.13e-02 | M: 9711.1446 | Path: GPU-cuStateVec MPI-distributed (4 ranks)
Iter 0210 | Energy: -5.613835 | Delta: 2.48e-03 | M: 9570.4735 | Path: GPU-cuStateVec MPI-distributed (4 ranks)
[RESILIENCE] Iteration 210: Global theta state checkpointed at path checkpoints/LiH/checkpoint_iter_0210.npy. 
Iter 0211 | Energy: -5.626649 | Delta: 1.28e-02 | M: 10084.9250 | Path: GPU-cuStateVec MPI-distributed (4 ranks)
Iter 0212 | Energy: -5.620959 | Delta: 5.69e-03 | M: 9662.8973 | Path: GPU-cuStateVec MPI-distributed (4 ranks)
Iter 0213 | Energy: -5.622353 | Delta: 1.39e-03 | M: 9156.6395 | Path: GPU-cuStateVec MPI-distributed (4 ranks)
Iter 0214 | Energy: -5.621677 | Delta: 6.75e-04 | M: 9587.3105 | Path: GPU-cuStateVec MPI-distributed (4 ranks)
Iter 0215 | Energy: -5.633121 | Delta: 1.14e-02 | M: 9938.3945 | Path: GPU-cuStateVec MPI-distributed (4 ranks)
[RESILIENCE] Iteration 215: Global theta state checkpointed at path checkpoints/LiH/checkpoint_iter_0215.npy. 
Iter 0216 | Energy: -5.622068 | Delta: 1.11e-02 | M: 9548.0243 | Path: GPU-cuStateVec MPI-distributed (4 ranks)
Iter 0217 | Energy: -5.656028 | Delta: 3.40e-02 | M: 9700.3674 | Path: GPU-cuStateVec MPI-distributed (4 ranks)
Iter 0218 | Energy: -5.655365 | Delta: 6.63e-04 | M: 9226.7689 | Path: GPU-cuStateVec MPI-distributed (4 ranks)
Iter 0219 | Energy: -5.665520 | Delta: 1.02e-02 | M: 9215.6503 | Path: GPU-cuStateVec MPI-distributed (4 ranks)
Iter 0220 | Energy: -5.674413 | Delta: 8.89e-03 | M: 9765.0363 | Path: GPU-cuStateVec MPI-distributed (4 ranks)
[RESILIENCE] Iteration 220: Global theta state checkpointed at path checkpoints/LiH/checkpoint_iter_0220.npy. 
Iter 0221 | Energy: -5.664063 | Delta: 1.04e-02 | M: 9795.4010 | Path: GPU-cuStateVec MPI-distributed (4 ranks)
Iter 0222 | Energy: -5.662883 | Delta: 1.18e-03 | M: 9831.5096 | Path: GPU-cuStateVec MPI-distributed (4 ranks)
Iter 0223 | Energy: -5.678422 | Delta: 1.55e-02 | M: 9216.7735 | Path: GPU-cuStateVec MPI-distributed (4 ranks)
Iter 0224 | Energy: -5.693653 | Delta: 1.52e-02 | M: 9708.4856 | Path: GPU-cuStateVec MPI-distributed (4 ranks)
Iter 0225 | Energy: -5.691571 | Delta: 2.08e-03 | M: 9521.1123 | Path: GPU-cuStateVec MPI-distributed (4 ranks)
[RESILIENCE] Iteration 225: Global theta state checkpointed at path checkpoints/LiH/checkpoint_iter_0225.npy. 
Iter 0226 | Energy: -5.700479 | Delta: 8.91e-03 | M: 9516.5972 | Path: GPU-cuStateVec MPI-distributed (4 ranks)
Iter 0227 | Energy: -5.706295 | Delta: 5.82e-03 | M: 8567.0154 | Path: GPU-cuStateVec MPI-distributed (4 ranks)
Iter 0228 | Energy: -5.703437 | Delta: 2.86e-03 | M: 29.0507 | Path: GPU-cuStateVec MPI-distributed (4 ranks)
Iter 0229 | Energy: -5.700048 | Delta: 3.39e-03 | M: 23.0680 | Path: GPU-cuStateVec MPI-distributed (4 ranks)
Iter 0230 | Energy: -5.712282 | Delta: 1.22e-02 | M: 52.5297 | Path: GPU-cuStateVec MPI-distributed (4 ranks)
[RESILIENCE] Iteration 230: Global theta state checkpointed at path checkpoints/LiH/checkpoint_iter_0230.npy. 
Iter 0231 | Energy: -5.721964 | Delta: 9.68e-03 | M: 9639.7400 | Path: GPU-cuStateVec MPI-distributed (4 ranks)
Iter 0232 | Energy: -5.714449 | Delta: 7.51e-03 | M: 9731.1291 | Path: GPU-cuStateVec MPI-distributed (4 ranks)
Iter 0233 | Energy: -5.732729 | Delta: 1.83e-02 | M: 9923.2216 | Path: GPU-cuStateVec MPI-distributed (4 ranks)
Iter 0234 | Energy: -5.729304 | Delta: 3.43e-03 | M: 8924.4201 | Path: GPU-cuStateVec MPI-distributed (4 ranks)
Iter 0235 | Energy: -5.750416 | Delta: 2.11e-02 | M: 9525.9703 | Path: GPU-cuStateVec MPI-distributed (4 ranks)
[RESILIENCE] Iteration 235: Global theta state checkpointed at path checkpoints/LiH/checkpoint_iter_0235.npy. 
Iter 0236 | Energy: -5.754593 | Delta: 4.18e-03 | M: 10020.0227 | Path: GPU-cuStateVec MPI-distributed (4 ranks)
Iter 0237 | Energy: -5.766786 | Delta: 1.22e-02 | M: 8607.3090 | Path: GPU-cuStateVec MPI-distributed (4 ranks)
Iter 0238 | Energy: -5.770172 | Delta: 3.39e-03 | M: 8903.1220 | Path: GPU-cuStateVec MPI-distributed (4 ranks)
Iter 0239 | Energy: -5.762608 | Delta: 7.56e-03 | M: 9281.8898 | Path: GPU-cuStateVec MPI-distributed (4 ranks)
Iter 0240 | Energy: -5.777885 | Delta: 1.53e-02 | M: 9434.2834 | Path: GPU-cuStateVec MPI-distributed (4 ranks)
[RESILIENCE] Iteration 240: Global theta state checkpointed at path checkpoints/LiH/checkpoint_iter_0240.npy. 
Iter 0241 | Energy: -5.764145 | Delta: 1.37e-02 | M: 9421.8954 | Path: GPU-cuStateVec MPI-distributed (4 ranks)
Iter 0242 | Energy: -5.768375 | Delta: 4.23e-03 | M: 9648.4746 | Path: GPU-cuStateVec MPI-distributed (4 ranks)
Iter 0243 | Energy: -5.775496 | Delta: 7.12e-03 | M: 96.6573 | Path: GPU-cuStateVec MPI-distributed (4 ranks)
Iter 0244 | Energy: -5.776934 | Delta: 1.44e-03 | M: 7320.7812 | Path: GPU-cuStateVec MPI-distributed (4 ranks)
Iter 0245 | Energy: -5.793898 | Delta: 1.70e-02 | M: 10.6148 | Path: GPU-cuStateVec MPI-distributed (4 ranks)
[RESILIENCE] Iteration 245: Global theta state checkpointed at path checkpoints/LiH/checkpoint_iter_0245.npy. 
Iter 0246 | Energy: -5.777757 | Delta: 1.61e-02 | M: 9243.6798 | Path: GPU-cuStateVec MPI-distributed (4 ranks)
Iter 0247 | Energy: -5.799084 | Delta: 2.13e-02 | M: 9673.6459 | Path: GPU-cuStateVec MPI-distributed (4 ranks)
Iter 0248 | Energy: -5.809291 | Delta: 1.02e-02 | M: 8164.8680 | Path: GPU-cuStateVec MPI-distributed (4 ranks)
Iter 0249 | Energy: -5.818074 | Delta: 8.78e-03 | M: 9615.6279 | Path: GPU-cuStateVec MPI-distributed (4 ranks)
Iter 0250 | Energy: -5.820431 | Delta: 2.36e-03 | M: 9670.6860 | Path: GPU-cuStateVec MPI-distributed (4 ranks)
[RESILIENCE] Iteration 250: Global theta state checkpointed at path checkpoints/LiH/checkpoint_iter_0250.npy. 
Iter 0251 | Energy: -5.821632 | Delta: 1.20e-03 | M: 8171.1319 | Path: GPU-cuStateVec MPI-distributed (4 ranks)
Iter 0252 | Energy: -5.820604 | Delta: 1.03e-03 | M: 17.9955 | Path: GPU-cuStateVec MPI-distributed (4 ranks)
Iter 0253 | Energy: -5.808837 | Delta: 1.18e-02 | M: 10047.7636 | Path: GPU-cuStateVec MPI-distributed (4 ranks)
Iter 0254 | Energy: -5.824721 | Delta: 1.59e-02 | M: 9641.0187 | Path: GPU-cuStateVec MPI-distributed (4 ranks)
Iter 0255 | Energy: -5.825852 | Delta: 1.13e-03 | M: 7806.0110 | Path: GPU-cuStateVec MPI-distributed (4 ranks)
[RESILIENCE] Iteration 255: Global theta state checkpointed at path checkpoints/LiH/checkpoint_iter_0255.npy. 
Iter 0256 | Energy: -5.824979 | Delta: 8.73e-04 | M: 8620.5576 | Path: GPU-cuStateVec MPI-distributed (4 ranks)
Iter 0257 | Energy: -5.850935 | Delta: 2.60e-02 | M: 8043.3011 | Path: GPU-cuStateVec MPI-distributed (4 ranks)
Iter 0258 | Energy: -5.837780 | Delta: 1.32e-02 | M: 169.3521 | Path: GPU-cuStateVec MPI-distributed (4 ranks)
Iter 0259 | Energy: -5.839629 | Delta: 1.85e-03 | M: 9176.6256 | Path: GPU-cuStateVec MPI-distributed (4 ranks)
Iter 0260 | Energy: -5.859488 | Delta: 1.99e-02 | M: 9221.7538 | Path: GPU-cuStateVec MPI-distributed (4 ranks)
[RESILIENCE] Iteration 260: Global theta state checkpointed at path checkpoints/LiH/checkpoint_iter_0260.npy. 
Iter 0261 | Energy: -5.846457 | Delta: 1.30e-02 | M: 155.2116 | Path: GPU-cuStateVec MPI-distributed (4 ranks)
Iter 0262 | Energy: -5.851985 | Delta: 5.53e-03 | M: 35.6612 | Path: GPU-cuStateVec MPI-distributed (4 ranks)
Iter 0263 | Energy: -5.852861 | Delta: 8.76e-04 | M: 9932.9662 | Path: GPU-cuStateVec MPI-distributed (4 ranks)
Iter 0264 | Energy: -5.859556 | Delta: 6.69e-03 | M: 9554.7686 | Path: GPU-cuStateVec MPI-distributed (4 ranks)
Iter 0265 | Energy: -5.864054 | Delta: 4.50e-03 | M: 9771.6598 | Path: GPU-cuStateVec MPI-distributed (4 ranks)
[RESILIENCE] Iteration 265: Global theta state checkpointed at path checkpoints/LiH/checkpoint_iter_0265.npy. 
Iter 0266 | Energy: -5.868333 | Delta: 4.28e-03 | M: 9263.5534 | Path: GPU-cuStateVec MPI-distributed (4 ranks)
Iter 0267 | Energy: -5.879946 | Delta: 1.16e-02 | M: 9908.7145 | Path: GPU-cuStateVec MPI-distributed (4 ranks)
Iter 0268 | Energy: -5.882830 | Delta: 2.88e-03 | M: 79.6635 | Path: GPU-cuStateVec MPI-distributed (4 ranks)
Iter 0269 | Energy: -5.883697 | Delta: 8.67e-04 | M: 9634.9691 | Path: GPU-cuStateVec MPI-distributed (4 ranks)
Iter 0270 | Energy: -5.888566 | Delta: 4.87e-03 | M: 9416.9664 | Path: GPU-cuStateVec MPI-distributed (4 ranks)
[RESILIENCE] Iteration 270: Global theta state checkpointed at path checkpoints/LiH/checkpoint_iter_0270.npy. 
Iter 0271 | Energy: -5.883002 | Delta: 5.56e-03 | M: 9889.1035 | Path: GPU-cuStateVec MPI-distributed (4 ranks)
Iter 0272 | Energy: -5.886348 | Delta: 3.35e-03 | M: 9008.5329 | Path: GPU-cuStateVec MPI-distributed (4 ranks)
Iter 0273 | Energy: -5.895176 | Delta: 8.83e-03 | M: 9300.6593 | Path: GPU-cuStateVec MPI-distributed (4 ranks)
Iter 0274 | Energy: -5.905040 | Delta: 9.86e-03 | M: 9612.4651 | Path: GPU-cuStateVec MPI-distributed (4 ranks)
Iter 0275 | Energy: -5.909473 | Delta: 4.43e-03 | M: 9660.7147 | Path: GPU-cuStateVec MPI-distributed (4 ranks)
[RESILIENCE] Iteration 275: Global theta state checkpointed at path checkpoints/LiH/checkpoint_iter_0275.npy. 
Iter 0276 | Energy: -5.915604 | Delta: 6.13e-03 | M: 9485.9947 | Path: GPU-cuStateVec MPI-distributed (4 ranks)
Iter 0277 | Energy: -5.922484 | Delta: 6.88e-03 | M: 9477.5558 | Path: GPU-cuStateVec MPI-distributed (4 ranks)
Iter 0278 | Energy: -5.927470 | Delta: 4.99e-03 | M: 9311.9146 | Path: GPU-cuStateVec MPI-distributed (4 ranks)
Iter 0279 | Energy: -5.941403 | Delta: 1.39e-02 | M: 9976.8186 | Path: GPU-cuStateVec MPI-distributed (4 ranks)
Iter 0280 | Energy: -5.947921 | Delta: 6.52e-03 | M: 9865.6863 | Path: GPU-cuStateVec MPI-distributed (4 ranks)
[RESILIENCE] Iteration 280: Global theta state checkpointed at path checkpoints/LiH/checkpoint_iter_0280.npy. 
Iter 0281 | Energy: -5.943044 | Delta: 4.88e-03 | M: 9670.8157 | Path: GPU-cuStateVec MPI-distributed (4 ranks)
Iter 0282 | Energy: -5.940184 | Delta: 2.86e-03 | M: 120.1299 | Path: GPU-cuStateVec MPI-distributed (4 ranks)
Iter 0283 | Energy: -5.945530 | Delta: 5.35e-03 | M: 9350.5476 | Path: GPU-cuStateVec MPI-distributed (4 ranks)
Iter 0284 | Energy: -5.958782 | Delta: 1.33e-02 | M: 9651.1298 | Path: GPU-cuStateVec MPI-distributed (4 ranks)
Iter 0285 | Energy: -5.958055 | Delta: 7.27e-04 | M: 130.0835 | Path: GPU-cuStateVec MPI-distributed (4 ranks)
[RESILIENCE] Iteration 285: Global theta state checkpointed at path checkpoints/LiH/checkpoint_iter_0285.npy. 
Iter 0286 | Energy: -5.952825 | Delta: 5.23e-03 | M: 62.3535 | Path: GPU-cuStateVec MPI-distributed (4 ranks)
Iter 0287 | Energy: -5.957638 | Delta: 4.81e-03 | M: 9861.1544 | Path: GPU-cuStateVec MPI-distributed (4 ranks)
Iter 0288 | Energy: -5.957104 | Delta: 5.35e-04 | M: 9179.8531 | Path: GPU-cuStateVec MPI-distributed (4 ranks)
Iter 0289 | Energy: -5.967000 | Delta: 9.90e-03 | M: 9021.2238 | Path: GPU-cuStateVec MPI-distributed (4 ranks)
Iter 0290 | Energy: -5.968769 | Delta: 1.77e-03 | M: 9885.2308 | Path: GPU-cuStateVec MPI-distributed (4 ranks)
[RESILIENCE] Iteration 290: Global theta state checkpointed at path checkpoints/LiH/checkpoint_iter_0290.npy. 
Iter 0291 | Energy: -5.972732 | Delta: 3.96e-03 | M: 9680.0981 | Path: GPU-cuStateVec MPI-distributed (4 ranks)
Iter 0292 | Energy: -5.986022 | Delta: 1.33e-02 | M: 8679.9106 | Path: GPU-cuStateVec MPI-distributed (4 ranks)
Iter 0293 | Energy: -5.990378 | Delta: 4.36e-03 | M: 136.7895 | Path: GPU-cuStateVec MPI-distributed (4 ranks)
Iter 0294 | Energy: -6.013730 | Delta: 2.34e-02 | M: 9336.1000 | Path: GPU-cuStateVec MPI-distributed (4 ranks)
Iter 0295 | Energy: -6.017535 | Delta: 3.81e-03 | M: 9671.1436 | Path: GPU-cuStateVec MPI-distributed (4 ranks)
[RESILIENCE] Iteration 295: Global theta state checkpointed at path checkpoints/LiH/checkpoint_iter_0295.npy. 
Iter 0296 | Energy: -6.017124 | Delta: 4.10e-04 | M: 9777.1705 | Path: GPU-cuStateVec MPI-distributed (4 ranks)
Iter 0297 | Energy: -6.025405 | Delta: 8.28e-03 | M: 9758.5976 | Path: GPU-cuStateVec MPI-distributed (4 ranks)
Iter 0298 | Energy: -6.024988 | Delta: 4.18e-04 | M: 9708.4696 | Path: GPU-cuStateVec MPI-distributed (4 ranks)
Iter 0299 | Energy: -6.035145 | Delta: 1.02e-02 | M: 9223.8757 | Path: GPU-cuStateVec MPI-distributed (4 ranks)
Iter 0300 | Energy: -6.037808 | Delta: 2.66e-03 | M: 8880.4762 | Path: GPU-cuStateVec MPI-distributed (4 ranks)
[RESILIENCE] Iteration 300: Global theta state checkpointed at path checkpoints/LiH/checkpoint_iter_0300.npy. 
Iter 0301 | Energy: -6.031663 | Delta: 6.15e-03 | M: 9435.1271 | Path: GPU-cuStateVec MPI-distributed (4 ranks)
Iter 0302 | Energy: -6.031893 | Delta: 2.30e-04 | M: 9385.8726 | Path: GPU-cuStateVec MPI-distributed (4 ranks)
Iter 0303 | Energy: -6.047116 | Delta: 1.52e-02 | M: 9675.3486 | Path: GPU-cuStateVec MPI-distributed (4 ranks)
Iter 0304 | Energy: -6.051927 | Delta: 4.81e-03 | M: 9864.7704 | Path: GPU-cuStateVec MPI-distributed (4 ranks)
Iter 0305 | Energy: -6.050012 | Delta: 1.92e-03 | M: 9341.4273 | Path: GPU-cuStateVec MPI-distributed (4 ranks)
[RESILIENCE] Iteration 305: Global theta state checkpointed at path checkpoints/LiH/checkpoint_iter_0305.npy. 
Iter 0306 | Energy: -6.054527 | Delta: 4.52e-03 | M: 9169.5605 | Path: GPU-cuStateVec MPI-distributed (4 ranks)
Iter 0307 | Energy: -6.056025 | Delta: 1.50e-03 | M: 9765.4219 | Path: GPU-cuStateVec MPI-distributed (4 ranks)
Iter 0308 | Energy: -6.076829 | Delta: 2.08e-02 | M: 9534.6100 | Path: GPU-cuStateVec MPI-distributed (4 ranks)
Iter 0309 | Energy: -6.073327 | Delta: 3.50e-03 | M: 6943.7592 | Path: GPU-cuStateVec MPI-distributed (4 ranks)
Iter 0310 | Energy: -6.074165 | Delta: 8.38e-04 | M: 8673.7509 | Path: GPU-cuStateVec MPI-distributed (4 ranks)
[RESILIENCE] Iteration 310: Global theta state checkpointed at path checkpoints/LiH/checkpoint_iter_0310.npy. 
Iter 0311 | Energy: -6.073136 | Delta: 1.03e-03 | M: 8327.5400 | Path: GPU-cuStateVec MPI-distributed (4 ranks)
Iter 0312 | Energy: -6.096348 | Delta: 2.32e-02 | M: 9698.7837 | Path: GPU-cuStateVec MPI-distributed (4 ranks)
Iter 0313 | Energy: -6.086960 | Delta: 9.39e-03 | M: 110.9482 | Path: GPU-cuStateVec MPI-distributed (4 ranks)
Iter 0314 | Energy: -6.089330 | Delta: 2.37e-03 | M: 9674.4462 | Path: GPU-cuStateVec MPI-distributed (4 ranks)
Iter 0315 | Energy: -6.109791 | Delta: 2.05e-02 | M: 9326.2279 | Path: GPU-cuStateVec MPI-distributed (4 ranks)
[RESILIENCE] Iteration 315: Global theta state checkpointed at path checkpoints/LiH/checkpoint_iter_0315.npy. 
Iter 0316 | Energy: -6.105568 | Delta: 4.22e-03 | M: 9621.9637 | Path: GPU-cuStateVec MPI-distributed (4 ranks)
Iter 0317 | Energy: -6.106627 | Delta: 1.06e-03 | M: 9560.4206 | Path: GPU-cuStateVec MPI-distributed (4 ranks)
Iter 0318 | Energy: -6.106746 | Delta: 1.19e-04 | M: 59.6497 | Path: GPU-cuStateVec MPI-distributed (4 ranks)
Iter 0319 | Energy: -6.102035 | Delta: 4.71e-03 | M: 9537.3812 | Path: GPU-cuStateVec MPI-distributed (4 ranks)
Iter 0320 | Energy: -6.114345 | Delta: 1.23e-02 | M: 45.7161 | Path: GPU-cuStateVec MPI-distributed (4 ranks)
[RESILIENCE] Iteration 320: Global theta state checkpointed at path checkpoints/LiH/checkpoint_iter_0320.npy. 
Iter 0321 | Energy: -6.108782 | Delta: 5.56e-03 | M: 9332.0164 | Path: GPU-cuStateVec MPI-distributed (4 ranks)
Iter 0322 | Energy: -6.122013 | Delta: 1.32e-02 | M: 9376.1603 | Path: GPU-cuStateVec MPI-distributed (4 ranks)
Iter 0323 | Energy: -6.106115 | Delta: 1.59e-02 | M: 72.1209 | Path: GPU-cuStateVec MPI-distributed (4 ranks)
Iter 0324 | Energy: -6.114496 | Delta: 8.38e-03 | M: 8684.9007 | Path: GPU-cuStateVec MPI-distributed (4 ranks)
Iter 0325 | Energy: -6.107709 | Delta: 6.79e-03 | M: 9908.6161 | Path: GPU-cuStateVec MPI-distributed (4 ranks)
[RESILIENCE] Iteration 325: Global theta state checkpointed at path checkpoints/LiH/checkpoint_iter_0325.npy. 
Iter 0326 | Energy: -6.116728 | Delta: 9.02e-03 | M: 123.6129 | Path: GPU-cuStateVec MPI-distributed (4 ranks)
Iter 0327 | Energy: -6.119236 | Delta: 2.51e-03 | M: 9945.7274 | Path: GPU-cuStateVec MPI-distributed (4 ranks)
Iter 0328 | Energy: -6.119419 | Delta: 1.82e-04 | M: 77.8709 | Path: GPU-cuStateVec MPI-distributed (4 ranks)
Iter 0329 | Energy: -6.143002 | Delta: 2.36e-02 | M: 127.1278 | Path: GPU-cuStateVec MPI-distributed (4 ranks)
Iter 0330 | Energy: -6.148907 | Delta: 5.91e-03 | M: 6207.8854 | Path: GPU-cuStateVec MPI-distributed (4 ranks)
[RESILIENCE] Iteration 330: Global theta state checkpointed at path checkpoints/LiH/checkpoint_iter_0330.npy. 
Iter 0331 | Energy: -6.146264 | Delta: 2.64e-03 | M: 9695.2292 | Path: GPU-cuStateVec MPI-distributed (4 ranks)
Iter 0332 | Energy: -6.167764 | Delta: 2.15e-02 | M: 75.0612 | Path: GPU-cuStateVec MPI-distributed (4 ranks)
Iter 0333 | Energy: -6.147947 | Delta: 1.98e-02 | M: 9833.6652 | Path: GPU-cuStateVec MPI-distributed (4 ranks)
Iter 0334 | Energy: -6.155467 | Delta: 7.52e-03 | M: 170.4621 | Path: GPU-cuStateVec MPI-distributed (4 ranks)
Iter 0335 | Energy: -6.159207 | Delta: 3.74e-03 | M: 159.8163 | Path: GPU-cuStateVec MPI-distributed (4 ranks)
[RESILIENCE] Iteration 335: Global theta state checkpointed at path checkpoints/LiH/checkpoint_iter_0335.npy. 
Iter 0336 | Energy: -6.174053 | Delta: 1.48e-02 | M: 8340.9023 | Path: GPU-cuStateVec MPI-distributed (4 ranks)
Iter 0337 | Energy: -6.155622 | Delta: 1.84e-02 | M: 9395.5876 | Path: GPU-cuStateVec MPI-distributed (4 ranks)
Iter 0338 | Energy: -6.163224 | Delta: 7.60e-03 | M: 92.9048 | Path: GPU-cuStateVec MPI-distributed (4 ranks)
Iter 0339 | Energy: -6.174251 | Delta: 1.10e-02 | M: 117.6906 | Path: GPU-cuStateVec MPI-distributed (4 ranks)
Iter 0340 | Energy: -6.172586 | Delta: 1.66e-03 | M: 9840.4223 | Path: GPU-cuStateVec MPI-distributed (4 ranks)
[RESILIENCE] Iteration 340: Global theta state checkpointed at path checkpoints/LiH/checkpoint_iter_0340.npy. 
Iter 0341 | Energy: -6.180197 | Delta: 7.61e-03 | M: 98.3613 | Path: GPU-cuStateVec MPI-distributed (4 ranks)
Iter 0342 | Energy: -6.186063 | Delta: 5.87e-03 | M: 6624.3291 | Path: GPU-cuStateVec MPI-distributed (4 ranks)
Iter 0343 | Energy: -6.190131 | Delta: 4.07e-03 | M: 126.2891 | Path: GPU-cuStateVec MPI-distributed (4 ranks)
Iter 0344 | Energy: -6.195875 | Delta: 5.74e-03 | M: 65.8344 | Path: GPU-cuStateVec MPI-distributed (4 ranks)
Iter 0345 | Energy: -6.179585 | Delta: 1.63e-02 | M: 66.9031 | Path: GPU-cuStateVec MPI-distributed (4 ranks)
[RESILIENCE] Iteration 345: Global theta state checkpointed at path checkpoints/LiH/checkpoint_iter_0345.npy. 
Iter 0346 | Energy: -6.183807 | Delta: 4.22e-03 | M: 91.1048 | Path: GPU-cuStateVec MPI-distributed (4 ranks)
Iter 0347 | Energy: -6.200620 | Delta: 1.68e-02 | M: 72.5180 | Path: GPU-cuStateVec MPI-distributed (4 ranks)
Iter 0348 | Energy: -6.191247 | Delta: 9.37e-03 | M: 9599.6225 | Path: GPU-cuStateVec MPI-distributed (4 ranks)
Iter 0349 | Energy: -6.211073 | Delta: 1.98e-02 | M: 9190.3422 | Path: GPU-cuStateVec MPI-distributed (4 ranks)
Iter 0350 | Energy: -6.223616 | Delta: 1.25e-02 | M: 72.8285 | Path: GPU-cuStateVec MPI-distributed (4 ranks)
[RESILIENCE] Iteration 350: Global theta state checkpointed at path checkpoints/LiH/checkpoint_iter_0350.npy. 
Iter 0351 | Energy: -6.224344 | Delta: 7.28e-04 | M: 113.0336 | Path: GPU-cuStateVec MPI-distributed (4 ranks)
Iter 0352 | Energy: -6.222904 | Delta: 1.44e-03 | M: 62.0938 | Path: GPU-cuStateVec MPI-distributed (4 ranks)
Iter 0353 | Energy: -6.232240 | Delta: 9.34e-03 | M: 150.7156 | Path: GPU-cuStateVec MPI-distributed (4 ranks)
Iter 0354 | Energy: -6.233028 | Delta: 7.89e-04 | M: 9729.1765 | Path: GPU-cuStateVec MPI-distributed (4 ranks)
Iter 0355 | Energy: -6.237409 | Delta: 4.38e-03 | M: 9730.1071 | Path: GPU-cuStateVec MPI-distributed (4 ranks)
[RESILIENCE] Iteration 355: Global theta state checkpointed at path checkpoints/LiH/checkpoint_iter_0355.npy. 
Iter 0356 | Energy: -6.230926 | Delta: 6.48e-03 | M: 53.9705 | Path: GPU-cuStateVec MPI-distributed (4 ranks)
Iter 0357 | Energy: -6.230876 | Delta: 5.03e-05 | M: 137.2836 | Path: GPU-cuStateVec MPI-distributed (4 ranks)
Iter 0358 | Energy: -6.236682 | Delta: 5.81e-03 | M: 70.4131 | Path: GPU-cuStateVec MPI-distributed (4 ranks)
Iter 0359 | Energy: -6.246369 | Delta: 9.69e-03 | M: 154.5841 | Path: GPU-cuStateVec MPI-distributed (4 ranks)
Iter 0360 | Energy: -6.248997 | Delta: 2.63e-03 | M: 9848.8515 | Path: GPU-cuStateVec MPI-distributed (4 ranks)
[RESILIENCE] Iteration 360: Global theta state checkpointed at path checkpoints/LiH/checkpoint_iter_0360.npy. 
Iter 0361 | Energy: -6.254491 | Delta: 5.49e-03 | M: 9699.0435 | Path: GPU-cuStateVec MPI-distributed (4 ranks)
Iter 0362 | Energy: -6.254284 | Delta: 2.08e-04 | M: 71.9638 | Path: GPU-cuStateVec MPI-distributed (4 ranks)
Iter 0363 | Energy: -6.254877 | Delta: 5.93e-04 | M: 72.2455 | Path: GPU-cuStateVec MPI-distributed (4 ranks)
Iter 0364 | Energy: -6.268333 | Delta: 1.35e-02 | M: 9337.1214 | Path: GPU-cuStateVec MPI-distributed (4 ranks)
Iter 0365 | Energy: -6.251582 | Delta: 1.68e-02 | M: 9285.3264 | Path: GPU-cuStateVec MPI-distributed (4 ranks)
[RESILIENCE] Iteration 365: Global theta state checkpointed at path checkpoints/LiH/checkpoint_iter_0365.npy. 
Iter 0366 | Energy: -6.260081 | Delta: 8.50e-03 | M: 9406.7328 | Path: GPU-cuStateVec MPI-distributed (4 ranks)
Iter 0367 | Energy: -6.266808 | Delta: 6.73e-03 | M: 9903.5620 | Path: GPU-cuStateVec MPI-distributed (4 ranks)
Iter 0368 | Energy: -6.269616 | Delta: 2.81e-03 | M: 65.3295 | Path: GPU-cuStateVec MPI-distributed (4 ranks)
Iter 0369 | Energy: -6.263095 | Delta: 6.52e-03 | M: 59.1687 | Path: GPU-cuStateVec MPI-distributed (4 ranks)
Iter 0370 | Energy: -6.261879 | Delta: 1.22e-03 | M: 88.1380 | Path: GPU-cuStateVec MPI-distributed (4 ranks)
[RESILIENCE] Iteration 370: Global theta state checkpointed at path checkpoints/LiH/checkpoint_iter_0370.npy. 
Iter 0371 | Energy: -6.267912 | Delta: 6.03e-03 | M: 9814.8017 | Path: GPU-cuStateVec MPI-distributed (4 ranks)
Iter 0372 | Energy: -6.273930 | Delta: 6.02e-03 | M: 9714.8011 | Path: GPU-cuStateVec MPI-distributed (4 ranks)
Iter 0373 | Energy: -6.287242 | Delta: 1.33e-02 | M: 162.4667 | Path: GPU-cuStateVec MPI-distributed (4 ranks)
Iter 0374 | Energy: -6.290305 | Delta: 3.06e-03 | M: 62.1557 | Path: GPU-cuStateVec MPI-distributed (4 ranks)
Iter 0375 | Energy: -6.293440 | Delta: 3.13e-03 | M: 167.4286 | Path: GPU-cuStateVec MPI-distributed (4 ranks)
[RESILIENCE] Iteration 375: Global theta state checkpointed at path checkpoints/LiH/checkpoint_iter_0375.npy. 
Iter 0376 | Energy: -6.309700 | Delta: 1.63e-02 | M: 93.4423 | Path: GPU-cuStateVec MPI-distributed (4 ranks)
Iter 0377 | Energy: -6.299551 | Delta: 1.01e-02 | M: 5952.1711 | Path: GPU-cuStateVec MPI-distributed (4 ranks)
Iter 0378 | Energy: -6.302555 | Delta: 3.00e-03 | M: 9336.1106 | Path: GPU-cuStateVec MPI-distributed (4 ranks)
Iter 0379 | Energy: -6.307084 | Delta: 4.53e-03 | M: 9226.4662 | Path: GPU-cuStateVec MPI-distributed (4 ranks)
Iter 0380 | Energy: -6.294818 | Delta: 1.23e-02 | M: 62.7433 | Path: GPU-cuStateVec MPI-distributed (4 ranks)
[RESILIENCE] Iteration 380: Global theta state checkpointed at path checkpoints/LiH/checkpoint_iter_0380.npy. 
Iter 0381 | Energy: -6.302419 | Delta: 7.60e-03 | M: 55.0027 | Path: GPU-cuStateVec MPI-distributed (4 ranks)
Iter 0382 | Energy: -6.298722 | Delta: 3.70e-03 | M: 61.2058 | Path: GPU-cuStateVec MPI-distributed (4 ranks)
Iter 0383 | Energy: -6.308229 | Delta: 9.51e-03 | M: 9494.8985 | Path: GPU-cuStateVec MPI-distributed (4 ranks)
Iter 0384 | Energy: -6.328575 | Delta: 2.03e-02 | M: 9019.5555 | Path: GPU-cuStateVec MPI-distributed (4 ranks)
Iter 0385 | Energy: -6.317375 | Delta: 1.12e-02 | M: 9399.4618 | Path: GPU-cuStateVec MPI-distributed (4 ranks)
[RESILIENCE] Iteration 385: Global theta state checkpointed at path checkpoints/LiH/checkpoint_iter_0385.npy. 
Iter 0386 | Energy: -6.324061 | Delta: 6.69e-03 | M: 103.6560 | Path: GPU-cuStateVec MPI-distributed (4 ranks)
Iter 0387 | Energy: -6.319380 | Delta: 4.68e-03 | M: 120.8002 | Path: GPU-cuStateVec MPI-distributed (4 ranks)
Iter 0388 | Energy: -6.320762 | Delta: 1.38e-03 | M: 9733.6274 | Path: GPU-cuStateVec MPI-distributed (4 ranks)
Iter 0389 | Energy: -6.331172 | Delta: 1.04e-02 | M: 9796.9597 | Path: GPU-cuStateVec MPI-distributed (4 ranks)
Iter 0390 | Energy: -6.344123 | Delta: 1.30e-02 | M: 9151.2670 | Path: GPU-cuStateVec MPI-distributed (4 ranks)
[RESILIENCE] Iteration 390: Global theta state checkpointed at path checkpoints/LiH/checkpoint_iter_0390.npy. 
Iter 0391 | Energy: -6.348163 | Delta: 4.04e-03 | M: 9279.6122 | Path: GPU-cuStateVec MPI-distributed (4 ranks)
Iter 0392 | Energy: -6.355006 | Delta: 6.84e-03 | M: 67.2377 | Path: GPU-cuStateVec MPI-distributed (4 ranks)
Iter 0393 | Energy: -6.350274 | Delta: 4.73e-03 | M: 78.7471 | Path: GPU-cuStateVec MPI-distributed (4 ranks)
Iter 0394 | Energy: -6.349398 | Delta: 8.75e-04 | M: 35.2369 | Path: GPU-cuStateVec MPI-distributed (4 ranks)
Iter 0395 | Energy: -6.353977 | Delta: 4.58e-03 | M: 9208.8482 | Path: GPU-cuStateVec MPI-distributed (4 ranks)
[RESILIENCE] Iteration 395: Global theta state checkpointed at path checkpoints/LiH/checkpoint_iter_0395.npy. 
Iter 0396 | Energy: -6.365288 | Delta: 1.13e-02 | M: 9024.7915 | Path: GPU-cuStateVec MPI-distributed (4 ranks)
Iter 0397 | Energy: -6.375590 | Delta: 1.03e-02 | M: 9252.1543 | Path: GPU-cuStateVec MPI-distributed (4 ranks)
Iter 0398 | Energy: -6.395539 | Delta: 1.99e-02 | M: 36.8416 | Path: GPU-cuStateVec MPI-distributed (4 ranks)
Iter 0399 | Energy: -6.385474 | Delta: 1.01e-02 | M: 89.3319 | Path: GPU-cuStateVec MPI-distributed (4 ranks)
Iter 0400 | Energy: -6.389340 | Delta: 3.87e-03 | M: 70.3047 | Path: GPU-cuStateVec MPI-distributed (4 ranks)
[RESILIENCE] Iteration 400: Global theta state checkpointed at path checkpoints/LiH/checkpoint_iter_0400.npy. 
Iter 0401 | Energy: -6.383479 | Delta: 5.86e-03 | M: 9095.8092 | Path: GPU-cuStateVec MPI-distributed (4 ranks)
Iter 0402 | Energy: -6.402455 | Delta: 1.90e-02 | M: 9447.2898 | Path: GPU-cuStateVec MPI-distributed (4 ranks)
Iter 0403 | Energy: -6.406656 | Delta: 4.20e-03 | M: 10135.8134 | Path: GPU-cuStateVec MPI-distributed (4 ranks)
Iter 0404 | Energy: -6.408629 | Delta: 1.97e-03 | M: 73.7796 | Path: GPU-cuStateVec MPI-distributed (4 ranks)
Iter 0405 | Energy: -6.402219 | Delta: 6.41e-03 | M: 90.1092 | Path: GPU-cuStateVec MPI-distributed (4 ranks)
[RESILIENCE] Iteration 405: Global theta state checkpointed at path checkpoints/LiH/checkpoint_iter_0405.npy. 
Iter 0406 | Energy: -6.421539 | Delta: 1.93e-02 | M: 129.2895 | Path: GPU-cuStateVec MPI-distributed (4 ranks)
Iter 0407 | Energy: -6.421340 | Delta: 1.99e-04 | M: 9107.4039 | Path: GPU-cuStateVec MPI-distributed (4 ranks)
Iter 0408 | Energy: -6.425113 | Delta: 3.77e-03 | M: 9005.4533 | Path: GPU-cuStateVec MPI-distributed (4 ranks)
Iter 0409 | Energy: -6.422036 | Delta: 3.08e-03 | M: 9055.8727 | Path: GPU-cuStateVec MPI-distributed (4 ranks)
Iter 0410 | Energy: -6.426384 | Delta: 4.35e-03 | M: 59.7124 | Path: GPU-cuStateVec MPI-distributed (4 ranks)
[RESILIENCE] Iteration 410: Global theta state checkpointed at path checkpoints/LiH/checkpoint_iter_0410.npy. 
Iter 0411 | Energy: -6.425267 | Delta: 1.12e-03 | M: 45.9096 | Path: GPU-cuStateVec MPI-distributed (4 ranks)
Iter 0412 | Energy: -6.420068 | Delta: 5.20e-03 | M: 53.8122 | Path: GPU-cuStateVec MPI-distributed (4 ranks)
Iter 0413 | Energy: -6.428541 | Delta: 8.47e-03 | M: 9263.2140 | Path: GPU-cuStateVec MPI-distributed (4 ranks)
Iter 0414 | Energy: -6.429509 | Delta: 9.68e-04 | M: 9456.2938 | Path: GPU-cuStateVec MPI-distributed (4 ranks)
Iter 0415 | Energy: -6.435482 | Delta: 5.97e-03 | M: 9549.5614 | Path: GPU-cuStateVec MPI-distributed (4 ranks)
[RESILIENCE] Iteration 415: Global theta state checkpointed at path checkpoints/LiH/checkpoint_iter_0415.npy. 
Iter 0416 | Energy: -6.423418 | Delta: 1.21e-02 | M: 138.2947 | Path: GPU-cuStateVec MPI-distributed (4 ranks)
Iter 0417 | Energy: -6.430232 | Delta: 6.81e-03 | M: 95.9776 | Path: GPU-cuStateVec MPI-distributed (4 ranks)
Iter 0418 | Energy: -6.462587 | Delta: 3.24e-02 | M: 122.0726 | Path: GPU-cuStateVec MPI-distributed (4 ranks)
Iter 0419 | Energy: -6.458796 | Delta: 3.79e-03 | M: 93.9542 | Path: GPU-cuStateVec MPI-distributed (4 ranks)
Iter 0420 | Energy: -6.457606 | Delta: 1.19e-03 | M: 9227.0814 | Path: GPU-cuStateVec MPI-distributed (4 ranks)
[RESILIENCE] Iteration 420: Global theta state checkpointed at path checkpoints/LiH/checkpoint_iter_0420.npy. 
Iter 0421 | Energy: -6.461017 | Delta: 3.41e-03 | M: 9721.2639 | Path: GPU-cuStateVec MPI-distributed (4 ranks)
Iter 0422 | Energy: -6.451910 | Delta: 9.11e-03 | M: 68.3748 | Path: GPU-cuStateVec MPI-distributed (4 ranks)
Iter 0423 | Energy: -6.466956 | Delta: 1.50e-02 | M: 154.9998 | Path: GPU-cuStateVec MPI-distributed (4 ranks)
Iter 0424 | Energy: -6.482336 | Delta: 1.54e-02 | M: 9287.0029 | Path: GPU-cuStateVec MPI-distributed (4 ranks)
Iter 0425 | Energy: -6.482261 | Delta: 7.48e-05 | M: 10013.0150 | Path: GPU-cuStateVec MPI-distributed (4 ranks)
[RESILIENCE] Iteration 425: Global theta state checkpointed at path checkpoints/LiH/checkpoint_iter_0425.npy. 
Iter 0426 | Energy: -6.477296 | Delta: 4.96e-03 | M: 9913.9167 | Path: GPU-cuStateVec MPI-distributed (4 ranks)
Iter 0427 | Energy: -6.490517 | Delta: 1.32e-02 | M: 10106.9729 | Path: GPU-cuStateVec MPI-distributed (4 ranks)
Iter 0428 | Energy: -6.498449 | Delta: 7.93e-03 | M: 100.9824 | Path: GPU-cuStateVec MPI-distributed (4 ranks)
Iter 0429 | Energy: -6.510867 | Delta: 1.24e-02 | M: 8350.8657 | Path: GPU-cuStateVec MPI-distributed (4 ranks)
Iter 0430 | Energy: -6.509265 | Delta: 1.60e-03 | M: 88.6028 | Path: GPU-cuStateVec MPI-distributed (4 ranks)
[RESILIENCE] Iteration 430: Global theta state checkpointed at path checkpoints/LiH/checkpoint_iter_0430.npy. 
Iter 0431 | Energy: -6.511759 | Delta: 2.49e-03 | M: 9740.9596 | Path: GPU-cuStateVec MPI-distributed (4 ranks)
Iter 0432 | Energy: -6.511298 | Delta: 4.61e-04 | M: 9435.5052 | Path: GPU-cuStateVec MPI-distributed (4 ranks)
Iter 0433 | Energy: -6.529876 | Delta: 1.86e-02 | M: 9982.3358 | Path: GPU-cuStateVec MPI-distributed (4 ranks)
Iter 0434 | Energy: -6.532056 | Delta: 2.18e-03 | M: 71.3453 | Path: GPU-cuStateVec MPI-distributed (4 ranks)
Iter 0435 | Energy: -6.540836 | Delta: 8.78e-03 | M: 143.8528 | Path: GPU-cuStateVec MPI-distributed (4 ranks)
[RESILIENCE] Iteration 435: Global theta state checkpointed at path checkpoints/LiH/checkpoint_iter_0435.npy. 
Iter 0436 | Energy: -6.553677 | Delta: 1.28e-02 | M: 94.4980 | Path: GPU-cuStateVec MPI-distributed (4 ranks)
Iter 0437 | Energy: -6.561314 | Delta: 7.64e-03 | M: 87.2056 | Path: GPU-cuStateVec MPI-distributed (4 ranks)
Iter 0438 | Energy: -6.557389 | Delta: 3.93e-03 | M: 9469.0240 | Path: GPU-cuStateVec MPI-distributed (4 ranks)
Iter 0439 | Energy: -6.563983 | Delta: 6.59e-03 | M: 9841.0920 | Path: GPU-cuStateVec MPI-distributed (4 ranks)
Iter 0440 | Energy: -6.581568 | Delta: 1.76e-02 | M: 9703.4800 | Path: GPU-cuStateVec MPI-distributed (4 ranks)
[RESILIENCE] Iteration 440: Global theta state checkpointed at path checkpoints/LiH/checkpoint_iter_0440.npy. 
Iter 0441 | Energy: -6.580871 | Delta: 6.97e-04 | M: 8106.4411 | Path: GPU-cuStateVec MPI-distributed (4 ranks)
Iter 0442 | Energy: -6.581525 | Delta: 6.54e-04 | M: 9170.9313 | Path: GPU-cuStateVec MPI-distributed (4 ranks)
Iter 0443 | Energy: -6.579321 | Delta: 2.20e-03 | M: 9512.5672 | Path: GPU-cuStateVec MPI-distributed (4 ranks)
Iter 0444 | Energy: -6.584311 | Delta: 4.99e-03 | M: 9619.4802 | Path: GPU-cuStateVec MPI-distributed (4 ranks)
Iter 0445 | Energy: -6.584777 | Delta: 4.66e-04 | M: 8872.4822 | Path: GPU-cuStateVec MPI-distributed (4 ranks)
[RESILIENCE] Iteration 445: Global theta state checkpointed at path checkpoints/LiH/checkpoint_iter_0445.npy. 
Iter 0446 | Energy: -6.585951 | Delta: 1.17e-03 | M: 176.9626 | Path: GPU-cuStateVec MPI-distributed (4 ranks)
Iter 0447 | Energy: -6.594191 | Delta: 8.24e-03 | M: 70.6727 | Path: GPU-cuStateVec MPI-distributed (4 ranks)
Iter 0448 | Energy: -6.594177 | Delta: 1.36e-05 | M: 9514.7928 | Path: GPU-cuStateVec MPI-distributed (4 ranks)
Iter 0449 | Energy: -6.600516 | Delta: 6.34e-03 | M: 9516.1401 | Path: GPU-cuStateVec MPI-distributed (4 ranks)
Iter 0450 | Energy: -6.598835 | Delta: 1.68e-03 | M: 8242.8267 | Path: GPU-cuStateVec MPI-distributed (4 ranks)
[RESILIENCE] Iteration 450: Global theta state checkpointed at path checkpoints/LiH/checkpoint_iter_0450.npy. 
Iter 0451 | Energy: -6.604642 | Delta: 5.81e-03 | M: 8890.8894 | Path: GPU-cuStateVec MPI-distributed (4 ranks)
Iter 0452 | Energy: -6.612785 | Delta: 8.14e-03 | M: 8196.0756 | Path: GPU-cuStateVec MPI-distributed (4 ranks)
Iter 0453 | Energy: -6.605645 | Delta: 7.14e-03 | M: 72.5820 | Path: GPU-cuStateVec MPI-distributed (4 ranks)
Iter 0454 | Energy: -6.610249 | Delta: 4.60e-03 | M: 92.0867 | Path: GPU-cuStateVec MPI-distributed (4 ranks)
Iter 0455 | Energy: -6.616170 | Delta: 5.92e-03 | M: 64.3119 | Path: GPU-cuStateVec MPI-distributed (4 ranks)
[RESILIENCE] Iteration 455: Global theta state checkpointed at path checkpoints/LiH/checkpoint_iter_0455.npy. 
Iter 0456 | Energy: -6.612441 | Delta: 3.73e-03 | M: 8790.6515 | Path: GPU-cuStateVec MPI-distributed (4 ranks)
Iter 0457 | Energy: -6.613255 | Delta: 8.15e-04 | M: 8898.0028 | Path: GPU-cuStateVec MPI-distributed (4 ranks)
Iter 0458 | Energy: -6.616190 | Delta: 2.94e-03 | M: 9371.3210 | Path: GPU-cuStateVec MPI-distributed (4 ranks)
Iter 0459 | Energy: -6.617121 | Delta: 9.31e-04 | M: 62.7036 | Path: GPU-cuStateVec MPI-distributed (4 ranks)
Iter 0460 | Energy: -6.630893 | Delta: 1.38e-02 | M: 135.3466 | Path: GPU-cuStateVec MPI-distributed (4 ranks)
[RESILIENCE] Iteration 460: Global theta state checkpointed at path checkpoints/LiH/checkpoint_iter_0460.npy. 
Iter 0461 | Energy: -6.634523 | Delta: 3.63e-03 | M: 163.5841 | Path: GPU-cuStateVec MPI-distributed (4 ranks)
Iter 0462 | Energy: -6.646007 | Delta: 1.15e-02 | M: 7146.9882 | Path: GPU-cuStateVec MPI-distributed (4 ranks)
Iter 0463 | Energy: -6.649564 | Delta: 3.56e-03 | M: 8666.1707 | Path: GPU-cuStateVec MPI-distributed (4 ranks)
Iter 0464 | Energy: -6.672805 | Delta: 2.32e-02 | M: 8796.2022 | Path: GPU-cuStateVec MPI-distributed (4 ranks)
Iter 0465 | Energy: -6.695276 | Delta: 2.25e-02 | M: 8038.9102 | Path: GPU-cuStateVec MPI-distributed (4 ranks)
[RESILIENCE] Iteration 465: Global theta state checkpointed at path checkpoints/LiH/checkpoint_iter_0465.npy. 
Iter 0466 | Energy: -6.703759 | Delta: 8.48e-03 | M: 110.4755 | Path: GPU-cuStateVec MPI-distributed (4 ranks)
Iter 0467 | Energy: -6.708601 | Delta: 4.84e-03 | M: 6009.0749 | Path: GPU-cuStateVec MPI-distributed (4 ranks)
Iter 0468 | Energy: -6.719635 | Delta: 1.10e-02 | M: 8580.9908 | Path: GPU-cuStateVec MPI-distributed (4 ranks)
Iter 0469 | Energy: -6.719959 | Delta: 3.24e-04 | M: 9142.4669 | Path: GPU-cuStateVec MPI-distributed (4 ranks)
Iter 0470 | Energy: -6.725593 | Delta: 5.63e-03 | M: 7758.0422 | Path: GPU-cuStateVec MPI-distributed (4 ranks)
[RESILIENCE] Iteration 470: Global theta state checkpointed at path checkpoints/LiH/checkpoint_iter_0470.npy. 
Iter 0471 | Energy: -6.724787 | Delta: 8.05e-04 | M: 8224.5798 | Path: GPU-cuStateVec MPI-distributed (4 ranks)
Iter 0472 | Energy: -6.729165 | Delta: 4.38e-03 | M: 100.5684 | Path: GPU-cuStateVec MPI-distributed (4 ranks)
Iter 0473 | Energy: -6.738144 | Delta: 8.98e-03 | M: 8799.1732 | Path: GPU-cuStateVec MPI-distributed (4 ranks)
Iter 0474 | Energy: -6.745811 | Delta: 7.67e-03 | M: 8392.8777 | Path: GPU-cuStateVec MPI-distributed (4 ranks)
Iter 0475 | Energy: -6.749374 | Delta: 3.56e-03 | M: 9026.1614 | Path: GPU-cuStateVec MPI-distributed (4 ranks)
[RESILIENCE] Iteration 475: Global theta state checkpointed at path checkpoints/LiH/checkpoint_iter_0475.npy. 
Iter 0476 | Energy: -6.747242 | Delta: 2.13e-03 | M: 8812.6957 | Path: GPU-cuStateVec MPI-distributed (4 ranks)
Iter 0477 | Energy: -6.754591 | Delta: 7.35e-03 | M: 90.7148 | Path: GPU-cuStateVec MPI-distributed (4 ranks)
Iter 0478 | Energy: -6.762333 | Delta: 7.74e-03 | M: 45.9123 | Path: GPU-cuStateVec MPI-distributed (4 ranks)
Iter 0479 | Energy: -6.767994 | Delta: 5.66e-03 | M: 99.4284 | Path: GPU-cuStateVec MPI-distributed (4 ranks)
Iter 0480 | Energy: -6.766217 | Delta: 1.78e-03 | M: 8848.0402 | Path: GPU-cuStateVec MPI-distributed (4 ranks)
[RESILIENCE] Iteration 480: Global theta state checkpointed at path checkpoints/LiH/checkpoint_iter_0480.npy. 
Iter 0481 | Energy: -6.775126 | Delta: 8.91e-03 | M: 8909.3248 | Path: GPU-cuStateVec MPI-distributed (4 ranks)
Iter 0482 | Energy: -6.778683 | Delta: 3.56e-03 | M: 9719.0908 | Path: GPU-cuStateVec MPI-distributed (4 ranks)
Iter 0483 | Energy: -6.787515 | Delta: 8.83e-03 | M: 54.6150 | Path: GPU-cuStateVec MPI-distributed (4 ranks)
Iter 0484 | Energy: -6.800936 | Delta: 1.34e-02 | M: 68.9836 | Path: GPU-cuStateVec MPI-distributed (4 ranks)
Iter 0485 | Energy: -6.808327 | Delta: 7.39e-03 | M: 53.2256 | Path: GPU-cuStateVec MPI-distributed (4 ranks)
[RESILIENCE] Iteration 485: Global theta state checkpointed at path checkpoints/LiH/checkpoint_iter_0485.npy. 
Iter 0486 | Energy: -6.812538 | Delta: 4.21e-03 | M: 8962.5150 | Path: GPU-cuStateVec MPI-distributed (4 ranks)
Iter 0487 | Energy: -6.816809 | Delta: 4.27e-03 | M: 7357.4156 | Path: GPU-cuStateVec MPI-distributed (4 ranks)
Iter 0488 | Energy: -6.822377 | Delta: 5.57e-03 | M: 8692.3552 | Path: GPU-cuStateVec MPI-distributed (4 ranks)
Iter 0489 | Energy: -6.823456 | Delta: 1.08e-03 | M: 64.3361 | Path: GPU-cuStateVec MPI-distributed (4 ranks)
Iter 0490 | Energy: -6.820634 | Delta: 2.82e-03 | M: 55.9797 | Path: GPU-cuStateVec MPI-distributed (4 ranks)
[RESILIENCE] Iteration 490: Global theta state checkpointed at path checkpoints/LiH/checkpoint_iter_0490.npy. 
Iter 0491 | Energy: -6.832783 | Delta: 1.21e-02 | M: 100.8217 | Path: GPU-cuStateVec MPI-distributed (4 ranks)
Iter 0492 | Energy: -6.842033 | Delta: 9.25e-03 | M: 7695.6050 | Path: GPU-cuStateVec MPI-distributed (4 ranks)
Iter 0493 | Energy: -6.839224 | Delta: 2.81e-03 | M: 7188.0171 | Path: GPU-cuStateVec MPI-distributed (4 ranks)
Iter 0494 | Energy: -6.838604 | Delta: 6.21e-04 | M: 7779.3199 | Path: GPU-cuStateVec MPI-distributed (4 ranks)
Iter 0495 | Energy: -6.844086 | Delta: 5.48e-03 | M: 93.8147 | Path: GPU-cuStateVec MPI-distributed (4 ranks)
[RESILIENCE] Iteration 495: Global theta state checkpointed at path checkpoints/LiH/checkpoint_iter_0495.npy. 
Iter 0496 | Energy: -6.844699 | Delta: 6.13e-04 | M: 8605.9705 | Path: GPU-cuStateVec MPI-distributed (4 ranks)
Iter 0497 | Energy: -6.842672 | Delta: 2.03e-03 | M: 8155.3400 | Path: GPU-cuStateVec MPI-distributed (4 ranks)
Iter 0498 | Energy: -6.845201 | Delta: 2.53e-03 | M: 8194.2980 | Path: GPU-cuStateVec MPI-distributed (4 ranks)
Iter 0499 | Energy: -6.845448 | Delta: 2.48e-04 | M: 8069.1587 | Path: GPU-cuStateVec MPI-distributed (4 ranks)
Iter 0500 | Energy: -6.845982 | Delta: 5.34e-04 | M: 8698.0754 | Path: GPU-cuStateVec MPI-distributed (4 ranks)
[RESILIENCE] Iteration 500: Global theta state checkpointed at path checkpoints/LiH/checkpoint_iter_0500.npy. 
Iter 0501 | Energy: -6.852663 | Delta: 6.68e-03 | M: 7399.4317 | Path: GPU-cuStateVec MPI-distributed (4 ranks)
Iter 0502 | Energy: -6.856181 | Delta: 3.52e-03 | M: 6948.1931 | Path: GPU-cuStateVec MPI-distributed (4 ranks)
Iter 0503 | Energy: -6.849909 | Delta: 6.27e-03 | M: 64.6593 | Path: GPU-cuStateVec MPI-distributed (4 ranks)
Iter 0504 | Energy: -6.860560 | Delta: 1.07e-02 | M: 102.0668 | Path: GPU-cuStateVec MPI-distributed (4 ranks)
Iter 0505 | Energy: -6.860258 | Delta: 3.02e-04 | M: 7580.9305 | Path: GPU-cuStateVec MPI-distributed (4 ranks)
[RESILIENCE] Iteration 505: Global theta state checkpointed at path checkpoints/LiH/checkpoint_iter_0505.npy. 
Iter 0506 | Energy: -6.855166 | Delta: 5.09e-03 | M: 8030.3310 | Path: GPU-cuStateVec MPI-distributed (4 ranks)
Iter 0507 | Energy: -6.861189 | Delta: 6.02e-03 | M: 180.6941 | Path: GPU-cuStateVec MPI-distributed (4 ranks)
Iter 0508 | Energy: -6.866465 | Delta: 5.28e-03 | M: 8890.2346 | Path: GPU-cuStateVec MPI-distributed (4 ranks)
Iter 0509 | Energy: -6.870599 | Delta: 4.13e-03 | M: 8756.9002 | Path: GPU-cuStateVec MPI-distributed (4 ranks)
Iter 0510 | Energy: -6.866397 | Delta: 4.20e-03 | M: 119.6966 | Path: GPU-cuStateVec MPI-distributed (4 ranks)
[RESILIENCE] Iteration 510: Global theta state checkpointed at path checkpoints/LiH/checkpoint_iter_0510.npy. 
Iter 0511 | Energy: -6.875435 | Delta: 9.04e-03 | M: 7483.9332 | Path: GPU-cuStateVec MPI-distributed (4 ranks)
Iter 0512 | Energy: -6.881585 | Delta: 6.15e-03 | M: 128.5636 | Path: GPU-cuStateVec MPI-distributed (4 ranks)
Iter 0513 | Energy: -6.879223 | Delta: 2.36e-03 | M: 8797.2020 | Path: GPU-cuStateVec MPI-distributed (4 ranks)
Iter 0514 | Energy: -6.883612 | Delta: 4.39e-03 | M: 6858.7738 | Path: GPU-cuStateVec MPI-distributed (4 ranks)
Iter 0515 | Energy: -6.895793 | Delta: 1.22e-02 | M: 8727.8515 | Path: GPU-cuStateVec MPI-distributed (4 ranks)
[RESILIENCE] Iteration 515: Global theta state checkpointed at path checkpoints/LiH/checkpoint_iter_0515.npy. 
Iter 0516 | Energy: -6.886555 | Delta: 9.24e-03 | M: 8011.9186 | Path: GPU-cuStateVec MPI-distributed (4 ranks)
Iter 0517 | Energy: -6.890611 | Delta: 4.06e-03 | M: 7865.2856 | Path: GPU-cuStateVec MPI-distributed (4 ranks)
Iter 0518 | Energy: -6.891681 | Delta: 1.07e-03 | M: 7465.6744 | Path: GPU-cuStateVec MPI-distributed (4 ranks)
Iter 0519 | Energy: -6.889296 | Delta: 2.38e-03 | M: 157.2011 | Path: GPU-cuStateVec MPI-distributed (4 ranks)
Iter 0520 | Energy: -6.892978 | Delta: 3.68e-03 | M: 172.5382 | Path: GPU-cuStateVec MPI-distributed (4 ranks)
[RESILIENCE] Iteration 520: Global theta state checkpointed at path checkpoints/LiH/checkpoint_iter_0520.npy. 
Iter 0521 | Energy: -6.898061 | Delta: 5.08e-03 | M: 7728.3494 | Path: GPU-cuStateVec MPI-distributed (4 ranks)
Iter 0522 | Energy: -6.916504 | Delta: 1.84e-02 | M: 8606.4775 | Path: GPU-cuStateVec MPI-distributed (4 ranks)
Iter 0523 | Energy: -6.905466 | Delta: 1.10e-02 | M: 9162.5475 | Path: GPU-cuStateVec MPI-distributed (4 ranks)
Iter 0524 | Energy: -6.906424 | Delta: 9.57e-04 | M: 8486.5828 | Path: GPU-cuStateVec MPI-distributed (4 ranks)
Iter 0525 | Energy: -6.907394 | Delta: 9.71e-04 | M: 9100.4291 | Path: GPU-cuStateVec MPI-distributed (4 ranks)
[RESILIENCE] Iteration 525: Global theta state checkpointed at path checkpoints/LiH/checkpoint_iter_0525.npy. 
Iter 0526 | Energy: -6.916665 | Delta: 9.27e-03 | M: 5723.3728 | Path: GPU-cuStateVec MPI-distributed (4 ranks)
Iter 0527 | Energy: -6.917523 | Delta: 8.57e-04 | M: 8561.5697 | Path: GPU-cuStateVec MPI-distributed (4 ranks)
Iter 0528 | Energy: -6.908998 | Delta: 8.52e-03 | M: 7712.3819 | Path: GPU-cuStateVec MPI-distributed (4 ranks)
Iter 0529 | Energy: -6.914491 | Delta: 5.49e-03 | M: 8615.2777 | Path: GPU-cuStateVec MPI-distributed (4 ranks)
Iter 0530 | Energy: -6.916664 | Delta: 2.17e-03 | M: 9399.7497 | Path: GPU-cuStateVec MPI-distributed (4 ranks)
[RESILIENCE] Iteration 530: Global theta state checkpointed at path checkpoints/LiH/checkpoint_iter_0530.npy. 
Iter 0531 | Energy: -6.927452 | Delta: 1.08e-02 | M: 8492.7057 | Path: GPU-cuStateVec MPI-distributed (4 ranks)
Iter 0532 | Energy: -6.919541 | Delta: 7.91e-03 | M: 68.4817 | Path: GPU-cuStateVec MPI-distributed (4 ranks)
Iter 0533 | Energy: -6.935853 | Delta: 1.63e-02 | M: 8837.3806 | Path: GPU-cuStateVec MPI-distributed (4 ranks)
Iter 0534 | Energy: -6.953287 | Delta: 1.74e-02 | M: 8021.6958 | Path: GPU-cuStateVec MPI-distributed (4 ranks)
Iter 0535 | Energy: -6.941726 | Delta: 1.16e-02 | M: 9579.9628 | Path: GPU-cuStateVec MPI-distributed (4 ranks)
[RESILIENCE] Iteration 535: Global theta state checkpointed at path checkpoints/LiH/checkpoint_iter_0535.npy. 
Iter 0536 | Energy: -6.948213 | Delta: 6.49e-03 | M: 7068.1531 | Path: GPU-cuStateVec MPI-distributed (4 ranks)
Iter 0537 | Energy: -6.945929 | Delta: 2.28e-03 | M: 136.6440 | Path: GPU-cuStateVec MPI-distributed (4 ranks)
Iter 0538 | Energy: -6.947392 | Delta: 1.46e-03 | M: 9432.8724 | Path: GPU-cuStateVec MPI-distributed (4 ranks)
Iter 0539 | Energy: -6.948486 | Delta: 1.09e-03 | M: 9110.8461 | Path: GPU-cuStateVec MPI-distributed (4 ranks)
Iter 0540 | Energy: -6.951636 | Delta: 3.15e-03 | M: 9053.4183 | Path: GPU-cuStateVec MPI-distributed (4 ranks)
[RESILIENCE] Iteration 540: Global theta state checkpointed at path checkpoints/LiH/checkpoint_iter_0540.npy. 
Iter 0541 | Energy: -6.948914 | Delta: 2.72e-03 | M: 180.1717 | Path: GPU-cuStateVec MPI-distributed (4 ranks)
Iter 0542 | Energy: -6.955701 | Delta: 6.79e-03 | M: 8720.2151 | Path: GPU-cuStateVec MPI-distributed (4 ranks)
Iter 0543 | Energy: -6.961919 | Delta: 6.22e-03 | M: 8155.3584 | Path: GPU-cuStateVec MPI-distributed (4 ranks)
Iter 0544 | Energy: -6.958309 | Delta: 3.61e-03 | M: 74.7234 | Path: GPU-cuStateVec MPI-distributed (4 ranks)
Iter 0545 | Energy: -6.963069 | Delta: 4.76e-03 | M: 115.4912 | Path: GPU-cuStateVec MPI-distributed (4 ranks)
[RESILIENCE] Iteration 545: Global theta state checkpointed at path checkpoints/LiH/checkpoint_iter_0545.npy. 
Iter 0546 | Energy: -6.952571 | Delta: 1.05e-02 | M: 8749.9805 | Path: GPU-cuStateVec MPI-distributed (4 ranks)
Iter 0547 | Energy: -6.960563 | Delta: 7.99e-03 | M: 287.3471 | Path: GPU-cuStateVec MPI-distributed (4 ranks)
Iter 0548 | Energy: -6.956029 | Delta: 4.53e-03 | M: 7038.5665 | Path: GPU-cuStateVec MPI-distributed (4 ranks)
Iter 0549 | Energy: -6.966476 | Delta: 1.04e-02 | M: 9377.4114 | Path: GPU-cuStateVec MPI-distributed (4 ranks)
Iter 0550 | Energy: -6.973641 | Delta: 7.16e-03 | M: 8910.1393 | Path: GPU-cuStateVec MPI-distributed (4 ranks)
[RESILIENCE] Iteration 550: Global theta state checkpointed at path checkpoints/LiH/checkpoint_iter_0550.npy. 
Iter 0551 | Energy: -6.968361 | Delta: 5.28e-03 | M: 8984.5216 | Path: GPU-cuStateVec MPI-distributed (4 ranks)
Iter 0552 | Energy: -6.971859 | Delta: 3.50e-03 | M: 107.2859 | Path: GPU-cuStateVec MPI-distributed (4 ranks)
Iter 0553 | Energy: -6.972878 | Delta: 1.02e-03 | M: 236.6300 | Path: GPU-cuStateVec MPI-distributed (4 ranks)
Iter 0554 | Energy: -6.973177 | Delta: 2.98e-04 | M: 8412.1361 | Path: GPU-cuStateVec MPI-distributed (4 ranks)
Iter 0555 | Energy: -6.977259 | Delta: 4.08e-03 | M: 7964.9629 | Path: GPU-cuStateVec MPI-distributed (4 ranks)
[RESILIENCE] Iteration 555: Global theta state checkpointed at path checkpoints/LiH/checkpoint_iter_0555.npy. 
Iter 0556 | Energy: -6.985058 | Delta: 7.80e-03 | M: 8986.3662 | Path: GPU-cuStateVec MPI-distributed (4 ranks)
Iter 0557 | Energy: -6.980802 | Delta: 4.26e-03 | M: 9364.1326 | Path: GPU-cuStateVec MPI-distributed (4 ranks)
Iter 0558 | Energy: -6.984341 | Delta: 3.54e-03 | M: 4805.2535 | Path: GPU-cuStateVec MPI-distributed (4 ranks)
Iter 0559 | Energy: -6.987208 | Delta: 2.87e-03 | M: 6910.0847 | Path: GPU-cuStateVec MPI-distributed (4 ranks)
Iter 0560 | Energy: -7.000299 | Delta: 1.31e-02 | M: 8127.1194 | Path: GPU-cuStateVec MPI-distributed (4 ranks)
[RESILIENCE] Iteration 560: Global theta state checkpointed at path checkpoints/LiH/checkpoint_iter_0560.npy. 
Iter 0561 | Energy: -7.004580 | Delta: 4.28e-03 | M: 8689.6517 | Path: GPU-cuStateVec MPI-distributed (4 ranks)
Iter 0562 | Energy: -7.018489 | Delta: 1.39e-02 | M: 101.3579 | Path: GPU-cuStateVec MPI-distributed (4 ranks)
Iter 0563 | Energy: -7.012265 | Delta: 6.22e-03 | M: 9477.0448 | Path: GPU-cuStateVec MPI-distributed (4 ranks)
Iter 0564 | Energy: -7.027199 | Delta: 1.49e-02 | M: 8140.8706 | Path: GPU-cuStateVec MPI-distributed (4 ranks)
Iter 0565 | Energy: -7.027532 | Delta: 3.33e-04 | M: 4.3616 | Path: GPU-cuStateVec MPI-distributed (4 ranks)
[RESILIENCE] Iteration 565: Global theta state checkpointed at path checkpoints/LiH/checkpoint_iter_0565.npy. 
Iter 0566 | Energy: -7.041175 | Delta: 1.36e-02 | M: 9389.8126 | Path: GPU-cuStateVec MPI-distributed (4 ranks)
Iter 0567 | Energy: -7.038091 | Delta: 3.08e-03 | M: 9565.7547 | Path: GPU-cuStateVec MPI-distributed (4 ranks)
Iter 0568 | Energy: -7.031384 | Delta: 6.71e-03 | M: 9548.9749 | Path: GPU-cuStateVec MPI-distributed (4 ranks)
Iter 0569 | Energy: -7.050458 | Delta: 1.91e-02 | M: 77.2404 | Path: GPU-cuStateVec MPI-distributed (4 ranks)
Iter 0570 | Energy: -7.051601 | Delta: 1.14e-03 | M: 9148.0428 | Path: GPU-cuStateVec MPI-distributed (4 ranks)
[RESILIENCE] Iteration 570: Global theta state checkpointed at path checkpoints/LiH/checkpoint_iter_0570.npy. 
Iter 0571 | Energy: -7.044488 | Delta: 7.11e-03 | M: 154.0064 | Path: GPU-cuStateVec MPI-distributed (4 ranks)
Iter 0572 | Energy: -7.047866 | Delta: 3.38e-03 | M: 114.4480 | Path: GPU-cuStateVec MPI-distributed (4 ranks)
Iter 0573 | Energy: -7.065705 | Delta: 1.78e-02 | M: 9408.7371 | Path: GPU-cuStateVec MPI-distributed (4 ranks)
Iter 0574 | Energy: -7.062107 | Delta: 3.60e-03 | M: 9147.9901 | Path: GPU-cuStateVec MPI-distributed (4 ranks)
Iter 0575 | Energy: -7.071582 | Delta: 9.47e-03 | M: 8758.1569 | Path: GPU-cuStateVec MPI-distributed (4 ranks)
[RESILIENCE] Iteration 575: Global theta state checkpointed at path checkpoints/LiH/checkpoint_iter_0575.npy. 
Iter 0576 | Energy: -7.078645 | Delta: 7.06e-03 | M: 8693.7391 | Path: GPU-cuStateVec MPI-distributed (4 ranks)
Iter 0577 | Energy: -7.087542 | Delta: 8.90e-03 | M: 165.2278 | Path: GPU-cuStateVec MPI-distributed (4 ranks)
Iter 0578 | Energy: -7.084280 | Delta: 3.26e-03 | M: 9556.3066 | Path: GPU-cuStateVec MPI-distributed (4 ranks)
Iter 0579 | Energy: -7.081295 | Delta: 2.98e-03 | M: 127.0020 | Path: GPU-cuStateVec MPI-distributed (4 ranks)
Iter 0580 | Energy: -7.086289 | Delta: 4.99e-03 | M: 122.3004 | Path: GPU-cuStateVec MPI-distributed (4 ranks)
[RESILIENCE] Iteration 580: Global theta state checkpointed at path checkpoints/LiH/checkpoint_iter_0580.npy. 
Iter 0581 | Energy: -7.085219 | Delta: 1.07e-03 | M: 8579.8226 | Path: GPU-cuStateVec MPI-distributed (4 ranks)
Iter 0582 | Energy: -7.093812 | Delta: 8.59e-03 | M: 9252.1422 | Path: GPU-cuStateVec MPI-distributed (4 ranks)
Iter 0583 | Energy: -7.095875 | Delta: 2.06e-03 | M: 9771.5139 | Path: GPU-cuStateVec MPI-distributed (4 ranks)
Iter 0584 | Energy: -7.094564 | Delta: 1.31e-03 | M: 9561.7582 | Path: GPU-cuStateVec MPI-distributed (4 ranks)
Iter 0585 | Energy: -7.094630 | Delta: 6.53e-05 | M: 119.0586 | Path: GPU-cuStateVec MPI-distributed (4 ranks)
[RESILIENCE] Iteration 585: Global theta state checkpointed at path checkpoints/LiH/checkpoint_iter_0585.npy. 
Iter 0586 | Energy: -7.092929 | Delta: 1.70e-03 | M: 8088.5138 | Path: GPU-cuStateVec MPI-distributed (4 ranks)
Iter 0587 | Energy: -7.092625 | Delta: 3.04e-04 | M: 9275.4281 | Path: GPU-cuStateVec MPI-distributed (4 ranks)
Iter 0588 | Energy: -7.099417 | Delta: 6.79e-03 | M: 9256.8613 | Path: GPU-cuStateVec MPI-distributed (4 ranks)
Iter 0589 | Energy: -7.103281 | Delta: 3.86e-03 | M: 9614.2906 | Path: GPU-cuStateVec MPI-distributed (4 ranks)
Iter 0590 | Energy: -7.107730 | Delta: 4.45e-03 | M: 9547.3113 | Path: GPU-cuStateVec MPI-distributed (4 ranks)
[RESILIENCE] Iteration 590: Global theta state checkpointed at path checkpoints/LiH/checkpoint_iter_0590.npy. 
Iter 0591 | Energy: -7.097234 | Delta: 1.05e-02 | M: 8998.0367 | Path: GPU-cuStateVec MPI-distributed (4 ranks)
Iter 0592 | Energy: -7.108838 | Delta: 1.16e-02 | M: 9728.5882 | Path: GPU-cuStateVec MPI-distributed (4 ranks)
Iter 0593 | Energy: -7.107487 | Delta: 1.35e-03 | M: 9717.7825 | Path: GPU-cuStateVec MPI-distributed (4 ranks)
Iter 0594 | Energy: -7.121648 | Delta: 1.42e-02 | M: 9824.9484 | Path: GPU-cuStateVec MPI-distributed (4 ranks)
Iter 0595 | Energy: -7.130170 | Delta: 8.52e-03 | M: 9054.8642 | Path: GPU-cuStateVec MPI-distributed (4 ranks)
[RESILIENCE] Iteration 595: Global theta state checkpointed at path checkpoints/LiH/checkpoint_iter_0595.npy. 
Iter 0596 | Energy: -7.123495 | Delta: 6.68e-03 | M: 8799.4027 | Path: GPU-cuStateVec MPI-distributed (4 ranks)
Iter 0597 | Energy: -7.132943 | Delta: 9.45e-03 | M: 9391.0726 | Path: GPU-cuStateVec MPI-distributed (4 ranks)
Iter 0598 | Energy: -7.131708 | Delta: 1.24e-03 | M: 7626.4367 | Path: GPU-cuStateVec MPI-distributed (4 ranks)
Iter 0599 | Energy: -7.124063 | Delta: 7.65e-03 | M: 9391.9702 | Path: GPU-cuStateVec MPI-distributed (4 ranks)
Iter 0600 | Energy: -7.135310 | Delta: 1.12e-02 | M: 7555.2130 | Path: GPU-cuStateVec MPI-distributed (4 ranks)
[RESILIENCE] Iteration 600: Global theta state checkpointed at path checkpoints/LiH/checkpoint_iter_0600.npy. 
Iter 0601 | Energy: -7.140207 | Delta: 4.90e-03 | M: 9048.3236 | Path: GPU-cuStateVec MPI-distributed (4 ranks)
Iter 0602 | Energy: -7.138451 | Delta: 1.76e-03 | M: 124.8773 | Path: GPU-cuStateVec MPI-distributed (4 ranks)
Iter 0603 | Energy: -7.140019 | Delta: 1.57e-03 | M: 9066.5067 | Path: GPU-cuStateVec MPI-distributed (4 ranks)
Iter 0604 | Energy: -7.147948 | Delta: 7.93e-03 | M: 9141.7067 | Path: GPU-cuStateVec MPI-distributed (4 ranks)
Iter 0605 | Energy: -7.142566 | Delta: 5.38e-03 | M: 9645.7729 | Path: GPU-cuStateVec MPI-distributed (4 ranks)
[RESILIENCE] Iteration 605: Global theta state checkpointed at path checkpoints/LiH/checkpoint_iter_0605.npy. 
Iter 0606 | Energy: -7.147922 | Delta: 5.36e-03 | M: 8639.1216 | Path: GPU-cuStateVec MPI-distributed (4 ranks)
Iter 0607 | Energy: -7.159681 | Delta: 1.18e-02 | M: 8851.4975 | Path: GPU-cuStateVec MPI-distributed (4 ranks)
Iter 0608 | Energy: -7.158173 | Delta: 1.51e-03 | M: 9776.2386 | Path: GPU-cuStateVec MPI-distributed (4 ranks)
Iter 0609 | Energy: -7.159448 | Delta: 1.28e-03 | M: 8496.8624 | Path: GPU-cuStateVec MPI-distributed (4 ranks)
Iter 0610 | Energy: -7.159202 | Delta: 2.46e-04 | M: 9489.8672 | Path: GPU-cuStateVec MPI-distributed (4 ranks)
[RESILIENCE] Iteration 610: Global theta state checkpointed at path checkpoints/LiH/checkpoint_iter_0610.npy. 
Iter 0611 | Energy: -7.163343 | Delta: 4.14e-03 | M: 9406.5357 | Path: GPU-cuStateVec MPI-distributed (4 ranks)
Iter 0612 | Energy: -7.165585 | Delta: 2.24e-03 | M: 9044.6794 | Path: GPU-cuStateVec MPI-distributed (4 ranks)
Iter 0613 | Energy: -7.164688 | Delta: 8.98e-04 | M: 8950.3209 | Path: GPU-cuStateVec MPI-distributed (4 ranks)
Iter 0614 | Energy: -7.168277 | Delta: 3.59e-03 | M: 9494.1377 | Path: GPU-cuStateVec MPI-distributed (4 ranks)
Iter 0615 | Energy: -7.169092 | Delta: 8.15e-04 | M: 9683.9427 | Path: GPU-cuStateVec MPI-distributed (4 ranks)
[RESILIENCE] Iteration 615: Global theta state checkpointed at path checkpoints/LiH/checkpoint_iter_0615.npy. 
Iter 0616 | Energy: -7.168621 | Delta: 4.71e-04 | M: 9128.0416 | Path: GPU-cuStateVec MPI-distributed (4 ranks)
Iter 0617 | Energy: -7.181047 | Delta: 1.24e-02 | M: 8675.9460 | Path: GPU-cuStateVec MPI-distributed (4 ranks)
Iter 0618 | Energy: -7.182594 | Delta: 1.55e-03 | M: 8750.6951 | Path: GPU-cuStateVec MPI-distributed (4 ranks)
Iter 0619 | Energy: -7.177803 | Delta: 4.79e-03 | M: 9780.9689 | Path: GPU-cuStateVec MPI-distributed (4 ranks)
Iter 0620 | Energy: -7.177651 | Delta: 1.52e-04 | M: 9235.8609 | Path: GPU-cuStateVec MPI-distributed (4 ranks)
[RESILIENCE] Iteration 620: Global theta state checkpointed at path checkpoints/LiH/checkpoint_iter_0620.npy. 
Iter 0621 | Energy: -7.177339 | Delta: 3.12e-04 | M: 126.9783 | Path: GPU-cuStateVec MPI-distributed (4 ranks)
Iter 0622 | Energy: -7.194297 | Delta: 1.70e-02 | M: 7062.5741 | Path: GPU-cuStateVec MPI-distributed (4 ranks)
Iter 0623 | Energy: -7.178596 | Delta: 1.57e-02 | M: 6895.3459 | Path: GPU-cuStateVec MPI-distributed (4 ranks)
Iter 0624 | Energy: -7.189869 | Delta: 1.13e-02 | M: 8113.4005 | Path: GPU-cuStateVec MPI-distributed (4 ranks)
Iter 0625 | Energy: -7.198190 | Delta: 8.32e-03 | M: 9070.2896 | Path: GPU-cuStateVec MPI-distributed (4 ranks)
[RESILIENCE] Iteration 625: Global theta state checkpointed at path checkpoints/LiH/checkpoint_iter_0625.npy. 
Iter 0626 | Energy: -7.201386 | Delta: 3.20e-03 | M: 9217.7247 | Path: GPU-cuStateVec MPI-distributed (4 ranks)
Iter 0627 | Energy: -7.206003 | Delta: 4.62e-03 | M: 9568.8579 | Path: GPU-cuStateVec MPI-distributed (4 ranks)
Iter 0628 | Energy: -7.202734 | Delta: 3.27e-03 | M: 8889.4548 | Path: GPU-cuStateVec MPI-distributed (4 ranks)
Iter 0629 | Energy: -7.210255 | Delta: 7.52e-03 | M: 6801.5050 | Path: GPU-cuStateVec MPI-distributed (4 ranks)
Iter 0630 | Energy: -7.216812 | Delta: 6.56e-03 | M: 7751.4544 | Path: GPU-cuStateVec MPI-distributed (4 ranks)
[RESILIENCE] Iteration 630: Global theta state checkpointed at path checkpoints/LiH/checkpoint_iter_0630.npy. 
Iter 0631 | Energy: -7.215020 | Delta: 1.79e-03 | M: 8374.2546 | Path: GPU-cuStateVec MPI-distributed (4 ranks)
Iter 0632 | Energy: -7.218487 | Delta: 3.47e-03 | M: 8447.1254 | Path: GPU-cuStateVec MPI-distributed (4 ranks)
Iter 0633 | Energy: -7.219029 | Delta: 5.42e-04 | M: 9240.5291 | Path: GPU-cuStateVec MPI-distributed (4 ranks)
Iter 0634 | Energy: -7.222014 | Delta: 2.98e-03 | M: 9194.8155 | Path: GPU-cuStateVec MPI-distributed (4 ranks)
Iter 0635 | Energy: -7.216289 | Delta: 5.72e-03 | M: 9317.9711 | Path: GPU-cuStateVec MPI-distributed (4 ranks)
[RESILIENCE] Iteration 635: Global theta state checkpointed at path checkpoints/LiH/checkpoint_iter_0635.npy. 
Iter 0636 | Energy: -7.223027 | Delta: 6.74e-03 | M: 9250.5236 | Path: GPU-cuStateVec MPI-distributed (4 ranks)
Iter 0637 | Energy: -7.228068 | Delta: 5.04e-03 | M: 9182.1398 | Path: GPU-cuStateVec MPI-distributed (4 ranks)
Iter 0638 | Energy: -7.237082 | Delta: 9.01e-03 | M: 122.8413 | Path: GPU-cuStateVec MPI-distributed (4 ranks)
Iter 0639 | Energy: -7.241951 | Delta: 4.87e-03 | M: 121.7028 | Path: GPU-cuStateVec MPI-distributed (4 ranks)
Iter 0640 | Energy: -7.237588 | Delta: 4.36e-03 | M: 9358.7103 | Path: GPU-cuStateVec MPI-distributed (4 ranks)
[RESILIENCE] Iteration 640: Global theta state checkpointed at path checkpoints/LiH/checkpoint_iter_0640.npy. 
Iter 0641 | Energy: -7.239860 | Delta: 2.27e-03 | M: 9242.8346 | Path: GPU-cuStateVec MPI-distributed (4 ranks)
Iter 0642 | Energy: -7.245512 | Delta: 5.65e-03 | M: 9247.8807 | Path: GPU-cuStateVec MPI-distributed (4 ranks)
Iter 0643 | Energy: -7.248618 | Delta: 3.11e-03 | M: 8807.3034 | Path: GPU-cuStateVec MPI-distributed (4 ranks)
Iter 0644 | Energy: -7.257830 | Delta: 9.21e-03 | M: 8885.2124 | Path: GPU-cuStateVec MPI-distributed (4 ranks)
Iter 0645 | Energy: -7.259538 | Delta: 1.71e-03 | M: 7413.8815 | Path: GPU-cuStateVec MPI-distributed (4 ranks)
[RESILIENCE] Iteration 645: Global theta state checkpointed at path checkpoints/LiH/checkpoint_iter_0645.npy. 
Iter 0646 | Energy: -7.265262 | Delta: 5.72e-03 | M: 8527.3229 | Path: GPU-cuStateVec MPI-distributed (4 ranks)
Iter 0647 | Energy: -7.274535 | Delta: 9.27e-03 | M: 9592.2207 | Path: GPU-cuStateVec MPI-distributed (4 ranks)
Iter 0648 | Energy: -7.282481 | Delta: 7.95e-03 | M: 6706.4808 | Path: GPU-cuStateVec MPI-distributed (4 ranks)
Iter 0649 | Energy: -7.277327 | Delta: 5.15e-03 | M: 8458.4285 | Path: GPU-cuStateVec MPI-distributed (4 ranks)
Iter 0650 | Energy: -7.288813 | Delta: 1.15e-02 | M: 9462.2679 | Path: GPU-cuStateVec MPI-distributed (4 ranks)
[RESILIENCE] Iteration 650: Global theta state checkpointed at path checkpoints/LiH/checkpoint_iter_0650.npy. 
Iter 0651 | Energy: -7.296121 | Delta: 7.31e-03 | M: 8925.6885 | Path: GPU-cuStateVec MPI-distributed (4 ranks)
Iter 0652 | Energy: -7.290006 | Delta: 6.12e-03 | M: 139.9944 | Path: GPU-cuStateVec MPI-distributed (4 ranks)
Iter 0653 | Energy: -7.290109 | Delta: 1.03e-04 | M: 8944.7017 | Path: GPU-cuStateVec MPI-distributed (4 ranks)
Iter 0654 | Energy: -7.290722 | Delta: 6.14e-04 | M: 9753.0798 | Path: GPU-cuStateVec MPI-distributed (4 ranks)
Iter 0655 | Energy: -7.289100 | Delta: 1.62e-03 | M: 7147.9966 | Path: GPU-cuStateVec MPI-distributed (4 ranks)
[RESILIENCE] Iteration 655: Global theta state checkpointed at path checkpoints/LiH/checkpoint_iter_0655.npy. 
Iter 0656 | Energy: -7.297694 | Delta: 8.59e-03 | M: 7578.4777 | Path: GPU-cuStateVec MPI-distributed (4 ranks)
Iter 0657 | Energy: -7.302898 | Delta: 5.20e-03 | M: 9082.8729 | Path: GPU-cuStateVec MPI-distributed (4 ranks)
Iter 0658 | Energy: -7.299302 | Delta: 3.60e-03 | M: 8521.9929 | Path: GPU-cuStateVec MPI-distributed (4 ranks)
Iter 0659 | Energy: -7.308821 | Delta: 9.52e-03 | M: 8448.9436 | Path: GPU-cuStateVec MPI-distributed (4 ranks)
Iter 0660 | Energy: -7.306236 | Delta: 2.58e-03 | M: 8350.6070 | Path: GPU-cuStateVec MPI-distributed (4 ranks)
[RESILIENCE] Iteration 660: Global theta state checkpointed at path checkpoints/LiH/checkpoint_iter_0660.npy. 
Iter 0661 | Energy: -7.311484 | Delta: 5.25e-03 | M: 8113.1507 | Path: GPU-cuStateVec MPI-distributed (4 ranks)
Iter 0662 | Energy: -7.311670 | Delta: 1.86e-04 | M: 9223.4291 | Path: GPU-cuStateVec MPI-distributed (4 ranks)
Iter 0663 | Energy: -7.315005 | Delta: 3.33e-03 | M: 9341.9586 | Path: GPU-cuStateVec MPI-distributed (4 ranks)
Iter 0664 | Energy: -7.313118 | Delta: 1.89e-03 | M: 8912.1961 | Path: GPU-cuStateVec MPI-distributed (4 ranks)
Iter 0665 | Energy: -7.318463 | Delta: 5.34e-03 | M: 7405.0067 | Path: GPU-cuStateVec MPI-distributed (4 ranks)
[RESILIENCE] Iteration 665: Global theta state checkpointed at path checkpoints/LiH/checkpoint_iter_0665.npy. 
Iter 0666 | Energy: -7.318675 | Delta: 2.12e-04 | M: 186.6602 | Path: GPU-cuStateVec MPI-distributed (4 ranks)
Iter 0667 | Energy: -7.321627 | Delta: 2.95e-03 | M: 8615.0274 | Path: GPU-cuStateVec MPI-distributed (4 ranks)
Iter 0668 | Energy: -7.325431 | Delta: 3.80e-03 | M: 5738.7163 | Path: GPU-cuStateVec MPI-distributed (4 ranks)
Iter 0669 | Energy: -7.321620 | Delta: 3.81e-03 | M: 6362.3020 | Path: GPU-cuStateVec MPI-distributed (4 ranks)
Iter 0670 | Energy: -7.324387 | Delta: 2.77e-03 | M: 8869.5587 | Path: GPU-cuStateVec MPI-distributed (4 ranks)
[RESILIENCE] Iteration 670: Global theta state checkpointed at path checkpoints/LiH/checkpoint_iter_0670.npy. 
Iter 0671 | Energy: -7.328259 | Delta: 3.87e-03 | M: 9065.4568 | Path: GPU-cuStateVec MPI-distributed (4 ranks)
Iter 0672 | Energy: -7.330933 | Delta: 2.67e-03 | M: 7317.5771 | Path: GPU-cuStateVec MPI-distributed (4 ranks)
Iter 0673 | Energy: -7.332038 | Delta: 1.11e-03 | M: 8235.2630 | Path: GPU-cuStateVec MPI-distributed (4 ranks)
Iter 0674 | Energy: -7.329763 | Delta: 2.27e-03 | M: 9397.7021 | Path: GPU-cuStateVec MPI-distributed (4 ranks)
Iter 0675 | Energy: -7.327470 | Delta: 2.29e-03 | M: 9084.2750 | Path: GPU-cuStateVec MPI-distributed (4 ranks)
[RESILIENCE] Iteration 675: Global theta state checkpointed at path checkpoints/LiH/checkpoint_iter_0675.npy. 
Iter 0676 | Energy: -7.332742 | Delta: 5.27e-03 | M: 7644.0335 | Path: GPU-cuStateVec MPI-distributed (4 ranks)
Iter 0677 | Energy: -7.344334 | Delta: 1.16e-02 | M: 8193.9923 | Path: GPU-cuStateVec MPI-distributed (4 ranks)
Iter 0678 | Energy: -7.336721 | Delta: 7.61e-03 | M: 7442.2287 | Path: GPU-cuStateVec MPI-distributed (4 ranks)
Iter 0679 | Energy: -7.333804 | Delta: 2.92e-03 | M: 8718.5889 | Path: GPU-cuStateVec MPI-distributed (4 ranks)
Iter 0680 | Energy: -7.334922 | Delta: 1.12e-03 | M: 8691.4973 | Path: GPU-cuStateVec MPI-distributed (4 ranks)
[RESILIENCE] Iteration 680: Global theta state checkpointed at path checkpoints/LiH/checkpoint_iter_0680.npy. 
Iter 0681 | Energy: -7.332147 | Delta: 2.78e-03 | M: 6757.5571 | Path: GPU-cuStateVec MPI-distributed (4 ranks)
Iter 0682 | Energy: -7.344218 | Delta: 1.21e-02 | M: 8597.8492 | Path: GPU-cuStateVec MPI-distributed (4 ranks)
Iter 0683 | Energy: -7.337618 | Delta: 6.60e-03 | M: 8045.5460 | Path: GPU-cuStateVec MPI-distributed (4 ranks)
Iter 0684 | Energy: -7.353905 | Delta: 1.63e-02 | M: 8488.1711 | Path: GPU-cuStateVec MPI-distributed (4 ranks)
Iter 0685 | Energy: -7.361760 | Delta: 7.85e-03 | M: 9236.3614 | Path: GPU-cuStateVec MPI-distributed (4 ranks)
[RESILIENCE] Iteration 685: Global theta state checkpointed at path checkpoints/LiH/checkpoint_iter_0685.npy. 
Iter 0686 | Energy: -7.362798 | Delta: 1.04e-03 | M: 7244.4129 | Path: GPU-cuStateVec MPI-distributed (4 ranks)
Iter 0687 | Energy: -7.369098 | Delta: 6.30e-03 | M: 78.9369 | Path: GPU-cuStateVec MPI-distributed (4 ranks)
Iter 0688 | Energy: -7.364502 | Delta: 4.60e-03 | M: 7497.9249 | Path: GPU-cuStateVec MPI-distributed (4 ranks)
Iter 0689 | Energy: -7.364565 | Delta: 6.30e-05 | M: 7947.4241 | Path: GPU-cuStateVec MPI-distributed (4 ranks)
Iter 0690 | Energy: -7.373458 | Delta: 8.89e-03 | M: 5203.4108 | Path: GPU-cuStateVec MPI-distributed (4 ranks)
[RESILIENCE] Iteration 690: Global theta state checkpointed at path checkpoints/LiH/checkpoint_iter_0690.npy. 
Iter 0691 | Energy: -7.385472 | Delta: 1.20e-02 | M: 9011.7537 | Path: GPU-cuStateVec MPI-distributed (4 ranks)
Iter 0692 | Energy: -7.385379 | Delta: 9.28e-05 | M: 9094.4691 | Path: GPU-cuStateVec MPI-distributed (4 ranks)
Iter 0693 | Energy: -7.385265 | Delta: 1.13e-04 | M: 8993.0007 | Path: GPU-cuStateVec MPI-distributed (4 ranks)
Iter 0694 | Energy: -7.384269 | Delta: 9.96e-04 | M: 9.0938 | Path: GPU-cuStateVec MPI-distributed (4 ranks)
Iter 0695 | Energy: -7.393130 | Delta: 8.86e-03 | M: 9031.1144 | Path: GPU-cuStateVec MPI-distributed (4 ranks)
[RESILIENCE] Iteration 695: Global theta state checkpointed at path checkpoints/LiH/checkpoint_iter_0695.npy. 
Iter 0696 | Energy: -7.385167 | Delta: 7.96e-03 | M: 8600.0962 | Path: GPU-cuStateVec MPI-distributed (4 ranks)
Iter 0697 | Energy: -7.389580 | Delta: 4.41e-03 | M: 7889.7823 | Path: GPU-cuStateVec MPI-distributed (4 ranks)
Iter 0698 | Energy: -7.391711 | Delta: 2.13e-03 | M: 8712.9014 | Path: GPU-cuStateVec MPI-distributed (4 ranks)
Iter 0699 | Energy: -7.389277 | Delta: 2.43e-03 | M: 8482.3641 | Path: GPU-cuStateVec MPI-distributed (4 ranks)
Iter 0700 | Energy: -7.398255 | Delta: 8.98e-03 | M: 8414.7361 | Path: GPU-cuStateVec MPI-distributed (4 ranks)
[RESILIENCE] Iteration 700: Global theta state checkpointed at path checkpoints/LiH/checkpoint_iter_0700.npy. 
Iter 0701 | Energy: -7.397075 | Delta: 1.18e-03 | M: 8328.8518 | Path: GPU-cuStateVec MPI-distributed (4 ranks)
Iter 0702 | Energy: -7.397762 | Delta: 6.87e-04 | M: 9423.2559 | Path: GPU-cuStateVec MPI-distributed (4 ranks)
Iter 0703 | Energy: -7.405564 | Delta: 7.80e-03 | M: 9295.6778 | Path: GPU-cuStateVec MPI-distributed (4 ranks)
Iter 0704 | Energy: -7.399551 | Delta: 6.01e-03 | M: 9193.6366 | Path: GPU-cuStateVec MPI-distributed (4 ranks)
Iter 0705 | Energy: -7.406111 | Delta: 6.56e-03 | M: 8976.0019 | Path: GPU-cuStateVec MPI-distributed (4 ranks)
[RESILIENCE] Iteration 705: Global theta state checkpointed at path checkpoints/LiH/checkpoint_iter_0705.npy. 
Iter 0706 | Energy: -7.409603 | Delta: 3.49e-03 | M: 9145.0534 | Path: GPU-cuStateVec MPI-distributed (4 ranks)
Iter 0707 | Energy: -7.411036 | Delta: 1.43e-03 | M: 9561.8600 | Path: GPU-cuStateVec MPI-distributed (4 ranks)
Iter 0708 | Energy: -7.405982 | Delta: 5.05e-03 | M: 8023.3064 | Path: GPU-cuStateVec MPI-distributed (4 ranks)
Iter 0709 | Energy: -7.414023 | Delta: 8.04e-03 | M: 8403.4975 | Path: GPU-cuStateVec MPI-distributed (4 ranks)
Iter 0710 | Energy: -7.417042 | Delta: 3.02e-03 | M: 7714.4282 | Path: GPU-cuStateVec MPI-distributed (4 ranks)
[RESILIENCE] Iteration 710: Global theta state checkpointed at path checkpoints/LiH/checkpoint_iter_0710.npy. 
Iter 0711 | Energy: -7.419296 | Delta: 2.25e-03 | M: 8619.2070 | Path: GPU-cuStateVec MPI-distributed (4 ranks)
Iter 0712 | Energy: -7.419255 | Delta: 4.04e-05 | M: 72.7409 | Path: GPU-cuStateVec MPI-distributed (4 ranks)
Iter 0713 | Energy: -7.420547 | Delta: 1.29e-03 | M: 203.3448 | Path: GPU-cuStateVec MPI-distributed (4 ranks)
Iter 0714 | Energy: -7.420212 | Delta: 3.35e-04 | M: 9696.7391 | Path: GPU-cuStateVec MPI-distributed (4 ranks)
Iter 0715 | Energy: -7.420131 | Delta: 8.07e-05 | M: 9218.5324 | Path: GPU-cuStateVec MPI-distributed (4 ranks)
[RESILIENCE] Iteration 715: Global theta state checkpointed at path checkpoints/LiH/checkpoint_iter_0715.npy. 
Iter 0716 | Energy: -7.424852 | Delta: 4.72e-03 | M: 8859.5880 | Path: GPU-cuStateVec MPI-distributed (4 ranks)
Iter 0717 | Energy: -7.425227 | Delta: 3.75e-04 | M: 9060.3681 | Path: GPU-cuStateVec MPI-distributed (4 ranks)
Iter 0718 | Energy: -7.434022 | Delta: 8.80e-03 | M: 9402.2748 | Path: GPU-cuStateVec MPI-distributed (4 ranks)
Iter 0719 | Energy: -7.434309 | Delta: 2.87e-04 | M: 9061.8595 | Path: GPU-cuStateVec MPI-distributed (4 ranks)
Iter 0720 | Energy: -7.435402 | Delta: 1.09e-03 | M: 200.8160 | Path: GPU-cuStateVec MPI-distributed (4 ranks)
[RESILIENCE] Iteration 720: Global theta state checkpointed at path checkpoints/LiH/checkpoint_iter_0720.npy. 
Iter 0721 | Energy: -7.439678 | Delta: 4.28e-03 | M: 132.7060 | Path: GPU-cuStateVec MPI-distributed (4 ranks)
Iter 0722 | Energy: -7.434919 | Delta: 4.76e-03 | M: 8429.9801 | Path: GPU-cuStateVec MPI-distributed (4 ranks)
Iter 0723 | Energy: -7.442126 | Delta: 7.21e-03 | M: 131.5596 | Path: GPU-cuStateVec MPI-distributed (4 ranks)
Iter 0724 | Energy: -7.440008 | Delta: 2.12e-03 | M: 84.9616 | Path: GPU-cuStateVec MPI-distributed (4 ranks)
Iter 0725 | Energy: -7.435974 | Delta: 4.03e-03 | M: 9313.1846 | Path: GPU-cuStateVec MPI-distributed (4 ranks)
[RESILIENCE] Iteration 725: Global theta state checkpointed at path checkpoints/LiH/checkpoint_iter_0725.npy. 
Iter 0726 | Energy: -7.443323 | Delta: 7.35e-03 | M: 8313.8989 | Path: GPU-cuStateVec MPI-distributed (4 ranks)
Iter 0727 | Energy: -7.445194 | Delta: 1.87e-03 | M: 8986.1455 | Path: GPU-cuStateVec MPI-distributed (4 ranks)
Iter 0728 | Energy: -7.441884 | Delta: 3.31e-03 | M: 8815.3864 | Path: GPU-cuStateVec MPI-distributed (4 ranks)
Iter 0729 | Energy: -7.440326 | Delta: 1.56e-03 | M: 9339.1853 | Path: GPU-cuStateVec MPI-distributed (4 ranks)
Iter 0730 | Energy: -7.446169 | Delta: 5.84e-03 | M: 8274.6947 | Path: GPU-cuStateVec MPI-distributed (4 ranks)
[RESILIENCE] Iteration 730: Global theta state checkpointed at path checkpoints/LiH/checkpoint_iter_0730.npy. 
Iter 0731 | Energy: -7.443565 | Delta: 2.60e-03 | M: 9171.3316 | Path: GPU-cuStateVec MPI-distributed (4 ranks)
Iter 0732 | Energy: -7.447769 | Delta: 4.20e-03 | M: 9113.0670 | Path: GPU-cuStateVec MPI-distributed (4 ranks)
Iter 0733 | Energy: -7.449210 | Delta: 1.44e-03 | M: 181.5540 | Path: GPU-cuStateVec MPI-distributed (4 ranks)
Iter 0734 | Energy: -7.457065 | Delta: 7.86e-03 | M: 8142.7455 | Path: GPU-cuStateVec MPI-distributed (4 ranks)
Iter 0735 | Energy: -7.456345 | Delta: 7.21e-04 | M: 8670.5023 | Path: GPU-cuStateVec MPI-distributed (4 ranks)
[RESILIENCE] Iteration 735: Global theta state checkpointed at path checkpoints/LiH/checkpoint_iter_0735.npy. 
Iter 0736 | Energy: -7.457426 | Delta: 1.08e-03 | M: 8982.0191 | Path: GPU-cuStateVec MPI-distributed (4 ranks)
Iter 0737 | Energy: -7.460978 | Delta: 3.55e-03 | M: 8819.7361 | Path: GPU-cuStateVec MPI-distributed (4 ranks)
Iter 0738 | Energy: -7.464599 | Delta: 3.62e-03 | M: 8926.5452 | Path: GPU-cuStateVec MPI-distributed (4 ranks)
Iter 0739 | Energy: -7.461275 | Delta: 3.32e-03 | M: 110.6067 | Path: GPU-cuStateVec MPI-distributed (4 ranks)
Iter 0740 | Energy: -7.476208 | Delta: 1.49e-02 | M: 8625.4579 | Path: GPU-cuStateVec MPI-distributed (4 ranks)
[RESILIENCE] Iteration 740: Global theta state checkpointed at path checkpoints/LiH/checkpoint_iter_0740.npy. 
Iter 0741 | Energy: -7.467001 | Delta: 9.21e-03 | M: 9161.7386 | Path: GPU-cuStateVec MPI-distributed (4 ranks)
Iter 0742 | Energy: -7.465800 | Delta: 1.20e-03 | M: 9882.7738 | Path: GPU-cuStateVec MPI-distributed (4 ranks)
Iter 0743 | Energy: -7.469102 | Delta: 3.30e-03 | M: 86.2953 | Path: GPU-cuStateVec MPI-distributed (4 ranks)
Iter 0744 | Energy: -7.468961 | Delta: 1.41e-04 | M: 77.0484 | Path: GPU-cuStateVec MPI-distributed (4 ranks)
Iter 0745 | Energy: -7.473742 | Delta: 4.78e-03 | M: 150.1144 | Path: GPU-cuStateVec MPI-distributed (4 ranks)
[RESILIENCE] Iteration 745: Global theta state checkpointed at path checkpoints/LiH/checkpoint_iter_0745.npy. 
Iter 0746 | Energy: -7.476260 | Delta: 2.52e-03 | M: 129.0615 | Path: GPU-cuStateVec MPI-distributed (4 ranks)
Iter 0747 | Energy: -7.478885 | Delta: 2.63e-03 | M: 9448.9572 | Path: GPU-cuStateVec MPI-distributed (4 ranks)
Iter 0748 | Energy: -7.474779 | Delta: 4.11e-03 | M: 9612.9044 | Path: GPU-cuStateVec MPI-distributed (4 ranks)
Iter 0749 | Energy: -7.481669 | Delta: 6.89e-03 | M: 9961.7457 | Path: GPU-cuStateVec MPI-distributed (4 ranks)
Iter 0750 | Energy: -7.476764 | Delta: 4.90e-03 | M: 9758.5883 | Path: GPU-cuStateVec MPI-distributed (4 ranks)
[RESILIENCE] Iteration 750: Global theta state checkpointed at path checkpoints/LiH/checkpoint_iter_0750.npy. 
Iter 0751 | Energy: -7.482929 | Delta: 6.16e-03 | M: 104.5119 | Path: GPU-cuStateVec MPI-distributed (4 ranks)
Iter 0752 | Energy: -7.475013 | Delta: 7.92e-03 | M: 9589.3866 | Path: GPU-cuStateVec MPI-distributed (4 ranks)
Iter 0753 | Energy: -7.491314 | Delta: 1.63e-02 | M: 9689.8365 | Path: GPU-cuStateVec MPI-distributed (4 ranks)
Iter 0754 | Energy: -7.493324 | Delta: 2.01e-03 | M: 9629.1310 | Path: GPU-cuStateVec MPI-distributed (4 ranks)
Iter 0755 | Energy: -7.493523 | Delta: 1.99e-04 | M: 9516.7605 | Path: GPU-cuStateVec MPI-distributed (4 ranks)
[RESILIENCE] Iteration 755: Global theta state checkpointed at path checkpoints/LiH/checkpoint_iter_0755.npy. 
Iter 0756 | Energy: -7.496945 | Delta: 3.42e-03 | M: 157.8683 | Path: GPU-cuStateVec MPI-distributed (4 ranks)
Iter 0757 | Energy: -7.494674 | Delta: 2.27e-03 | M: 10049.2272 | Path: GPU-cuStateVec MPI-distributed (4 ranks)
Iter 0758 | Energy: -7.500756 | Delta: 6.08e-03 | M: 9349.2047 | Path: GPU-cuStateVec MPI-distributed (4 ranks)
Iter 0759 | Energy: -7.502092 | Delta: 1.34e-03 | M: 9379.2329 | Path: GPU-cuStateVec MPI-distributed (4 ranks)
Iter 0760 | Energy: -7.510160 | Delta: 8.07e-03 | M: 9841.1710 | Path: GPU-cuStateVec MPI-distributed (4 ranks)
[RESILIENCE] Iteration 760: Global theta state checkpointed at path checkpoints/LiH/checkpoint_iter_0760.npy. 
Iter 0761 | Energy: -7.502959 | Delta: 7.20e-03 | M: 9938.5616 | Path: GPU-cuStateVec MPI-distributed (4 ranks)
Iter 0762 | Energy: -7.505018 | Delta: 2.06e-03 | M: 9916.7300 | Path: GPU-cuStateVec MPI-distributed (4 ranks)
Iter 0763 | Energy: -7.512826 | Delta: 7.81e-03 | M: 10071.2323 | Path: GPU-cuStateVec MPI-distributed (4 ranks)
Iter 0764 | Energy: -7.518845 | Delta: 6.02e-03 | M: 10015.6015 | Path: GPU-cuStateVec MPI-distributed (4 ranks)
Iter 0765 | Energy: -7.528467 | Delta: 9.62e-03 | M: 9706.3199 | Path: GPU-cuStateVec MPI-distributed (4 ranks)
[RESILIENCE] Iteration 765: Global theta state checkpointed at path checkpoints/LiH/checkpoint_iter_0765.npy. 
Iter 0766 | Energy: -7.528724 | Delta: 2.57e-04 | M: 8429.0606 | Path: GPU-cuStateVec MPI-distributed (4 ranks)
Iter 0767 | Energy: -7.535750 | Delta: 7.03e-03 | M: 9436.1072 | Path: GPU-cuStateVec MPI-distributed (4 ranks)
Iter 0768 | Energy: -7.546284 | Delta: 1.05e-02 | M: 9696.6453 | Path: GPU-cuStateVec MPI-distributed (4 ranks)

[LiH] Ansatz tier:hwe_adaptive
[LiH] Corr score: 0.502 
[LiH] Final energy: -7.546284 Ha 
[LiH] Reference FCI : -7.882472 Ha 
[LiH] Absolute error: +0.3362 Ha 
[LiH] Iterations run: 768 (best at iter 768)
[LiH] Wall time: 179.60s (includes QPU queue + RTT) 
[LiH] Time/iter: 0.23 s 
[LiH] Source: registry 
[LiH] Active electrons: 2 
[LiH] Estimated qubits: 10 
[LiH] Note: Frozen 2 core electrons. Active space: 2 electrons, 10 qubits 


--- RUNNING CHEMISTRY TASK BeH2 ---
[Resolver] 'BeH2' found in local registry 
[Chemistry:BeH2] 666 Pauli terms, 14 qubits, 112 params, reps=2. FCI reference: -15.5951 Ha 
[Ansatz] HWE (adaptive) (auto) | corr_score=0.501 | off_diag_ratio=0.004
[Reason] score=0.501 in [0.25, 0.55). Moderate correlation (off_diag_ratio=0.004, zz_frac=0.977). Adaptive HWE with full entanglement recommended.
Iter 0001 | Energy: -0.975403 | Delta: inf | M: 2.5733 | Path: GPU-cuStateVec MPI-distributed (4 ranks)
Iter 0002 | Energy: -0.895111 | Delta: 8.03e-02 | M: 91.1348 | Path: GPU-cuStateVec MPI-distributed (4 ranks)
Iter 0003 | Energy: -0.846900 | Delta: 4.82e-02 | M: 10222.6761 | Path: GPU-cuStateVec MPI-distributed (4 ranks)
Iter 0004 | Energy: -0.926304 | Delta: 7.94e-02 | M: 10590.1930 | Path: GPU-cuStateVec MPI-distributed (4 ranks)
Iter 0005 | Energy: -1.007841 | Delta: 8.15e-02 | M: 77.5921 | Path: GPU-cuStateVec MPI-distributed (4 ranks)
[RESILIENCE] Iteration 5: Global theta state checkpointed at path checkpoints/BeH2/checkpoint_iter_0005.npy. 
Iter 0006 | Energy: -1.169179 | Delta: 1.61e-01 | M: 79.0213 | Path: GPU-cuStateVec MPI-distributed (4 ranks)
Iter 0007 | Energy: -1.400253 | Delta: 2.31e-01 | M: 10554.0614 | Path: GPU-cuStateVec MPI-distributed (4 ranks)
Iter 0008 | Energy: -1.377644 | Delta: 2.26e-02 | M: 10109.7463 | Path: GPU-cuStateVec MPI-distributed (4 ranks)
Iter 0009 | Energy: -1.365462 | Delta: 1.22e-02 | M: 10505.1930 | Path: GPU-cuStateVec MPI-distributed (4 ranks)
Iter 0010 | Energy: -1.454839 | Delta: 8.94e-02 | M: 10032.8363 | Path: GPU-cuStateVec MPI-distributed (4 ranks)
[RESILIENCE] Iteration 10: Global theta state checkpointed at path checkpoints/BeH2/checkpoint_iter_0010.npy. 
Iter 0011 | Energy: -1.627105 | Delta: 1.72e-01 | M: 58.2105 | Path: GPU-cuStateVec MPI-distributed (4 ranks)
Iter 0012 | Energy: -1.660951 | Delta: 3.38e-02 | M: 9806.3822 | Path: GPU-cuStateVec MPI-distributed (4 ranks)
Iter 0013 | Energy: -1.822047 | Delta: 1.61e-01 | M: 108.4676 | Path: GPU-cuStateVec MPI-distributed (4 ranks)
Iter 0014 | Energy: -1.991496 | Delta: 1.69e-01 | M: 104.6658 | Path: GPU-cuStateVec MPI-distributed (4 ranks)
Iter 0015 | Energy: -2.107976 | Delta: 1.16e-01 | M: 4686.3021 | Path: GPU-cuStateVec MPI-distributed (4 ranks)
[RESILIENCE] Iteration 15: Global theta state checkpointed at path checkpoints/BeH2/checkpoint_iter_0015.npy. 
Iter 0016 | Energy: -2.101631 | Delta: 6.34e-03 | M: 10426.6065 | Path: GPU-cuStateVec MPI-distributed (4 ranks)
Iter 0017 | Energy: -2.086536 | Delta: 1.51e-02 | M: 10441.7923 | Path: GPU-cuStateVec MPI-distributed (4 ranks)
Iter 0018 | Energy: -2.105476 | Delta: 1.89e-02 | M: 115.8524 | Path: GPU-cuStateVec MPI-distributed (4 ranks)
Iter 0019 | Energy: -2.836814 | Delta: 7.31e-01 | M: 10066.5089 | Path: GPU-cuStateVec MPI-distributed (4 ranks)
Iter 0020 | Energy: -2.823916 | Delta: 1.29e-02 | M: 10542.1256 | Path: GPU-cuStateVec MPI-distributed (4 ranks)
[RESILIENCE] Iteration 20: Global theta state checkpointed at path checkpoints/BeH2/checkpoint_iter_0020.npy. 
Iter 0021 | Energy: -3.453277 | Delta: 6.29e-01 | M: 7986.2588 | Path: GPU-cuStateVec MPI-distributed (4 ranks)
Iter 0022 | Energy: -3.519866 | Delta: 6.66e-02 | M: 10196.2525 | Path: GPU-cuStateVec MPI-distributed (4 ranks)
Iter 0023 | Energy: -3.708672 | Delta: 1.89e-01 | M: 9383.7012 | Path: GPU-cuStateVec MPI-distributed (4 ranks)
Iter 0024 | Energy: -3.753686 | Delta: 4.50e-02 | M: 80.3911 | Path: GPU-cuStateVec MPI-distributed (4 ranks)
Iter 0025 | Energy: -4.488584 | Delta: 7.35e-01 | M: 10546.4120 | Path: GPU-cuStateVec MPI-distributed (4 ranks)
[RESILIENCE] Iteration 25: Global theta state checkpointed at path checkpoints/BeH2/checkpoint_iter_0025.npy. 
Iter 0026 | Energy: -4.645133 | Delta: 1.57e-01 | M: 39.2805 | Path: GPU-cuStateVec MPI-distributed (4 ranks)
Iter 0027 | Energy: -4.780054 | Delta: 1.35e-01 | M: 10661.1507 | Path: GPU-cuStateVec MPI-distributed (4 ranks)
Iter 0028 | Energy: -4.877357 | Delta: 9.73e-02 | M: 8409.2259 | Path: GPU-cuStateVec MPI-distributed (4 ranks)
Iter 0029 | Energy: -5.277788 | Delta: 4.00e-01 | M: 27.5911 | Path: GPU-cuStateVec MPI-distributed (4 ranks)
Iter 0030 | Energy: -5.697313 | Delta: 4.20e-01 | M: 54.8012 | Path: GPU-cuStateVec MPI-distributed (4 ranks)
[RESILIENCE] Iteration 30: Global theta state checkpointed at path checkpoints/BeH2/checkpoint_iter_0030.npy. 
Iter 0031 | Energy: -6.077864 | Delta: 3.81e-01 | M: 10129.7198 | Path: GPU-cuStateVec MPI-distributed (4 ranks)
Iter 0032 | Energy: -6.301980 | Delta: 2.24e-01 | M: 10744.3237 | Path: GPU-cuStateVec MPI-distributed (4 ranks)
Iter 0033 | Energy: -7.239587 | Delta: 9.38e-01 | M: 67.7477 | Path: GPU-cuStateVec MPI-distributed (4 ranks)
Iter 0034 | Energy: -7.320763 | Delta: 8.12e-02 | M: 89.6549 | Path: GPU-cuStateVec MPI-distributed (4 ranks)
Iter 0035 | Energy: -7.302083 | Delta: 1.87e-02 | M: 10136.9789 | Path: GPU-cuStateVec MPI-distributed (4 ranks)
[RESILIENCE] Iteration 35: Global theta state checkpointed at path checkpoints/BeH2/checkpoint_iter_0035.npy. 
Iter 0036 | Energy: -7.568018 | Delta: 2.66e-01 | M: 10719.9081 | Path: GPU-cuStateVec MPI-distributed (4 ranks)
Iter 0037 | Energy: -7.743127 | Delta: 1.75e-01 | M: 108.6032 | Path: GPU-cuStateVec MPI-distributed (4 ranks)
Iter 0038 | Energy: -7.806948 | Delta: 6.38e-02 | M: 10736.8265 | Path: GPU-cuStateVec MPI-distributed (4 ranks)
Iter 0039 | Energy: -7.934750 | Delta: 1.28e-01 | M: 10796.7833 | Path: GPU-cuStateVec MPI-distributed (4 ranks)
Iter 0040 | Energy: -7.940707 | Delta: 5.96e-03 | M: 10054.7630 | Path: GPU-cuStateVec MPI-distributed (4 ranks)
[RESILIENCE] Iteration 40: Global theta state checkpointed at path checkpoints/BeH2/checkpoint_iter_0040.npy. 
Iter 0041 | Energy: -8.158731 | Delta: 2.18e-01 | M: 9986.5450 | Path: GPU-cuStateVec MPI-distributed (4 ranks)
Iter 0042 | Energy: -8.160795 | Delta: 2.06e-03 | M: 7592.9428 | Path: GPU-cuStateVec MPI-distributed (4 ranks)
Iter 0043 | Energy: -8.239337 | Delta: 7.85e-02 | M: 8851.6269 | Path: GPU-cuStateVec MPI-distributed (4 ranks)
Iter 0044 | Energy: -8.535254 | Delta: 2.96e-01 | M: 9755.2925 | Path: GPU-cuStateVec MPI-distributed (4 ranks)
Iter 0045 | Energy: -8.557481 | Delta: 2.22e-02 | M: 10532.4832 | Path: GPU-cuStateVec MPI-distributed (4 ranks)
[RESILIENCE] Iteration 45: Global theta state checkpointed at path checkpoints/BeH2/checkpoint_iter_0045.npy. 
Iter 0046 | Energy: -8.596313 | Delta: 3.88e-02 | M: 8459.7872 | Path: GPU-cuStateVec MPI-distributed (4 ranks)
Iter 0047 | Energy: -8.618841 | Delta: 2.25e-02 | M: 9322.8068 | Path: GPU-cuStateVec MPI-distributed (4 ranks)
Iter 0048 | Energy: -8.649938 | Delta: 3.11e-02 | M: 8928.7901 | Path: GPU-cuStateVec MPI-distributed (4 ranks)
Iter 0049 | Energy: -8.717777 | Delta: 6.78e-02 | M: 9656.4233 | Path: GPU-cuStateVec MPI-distributed (4 ranks)
Iter 0050 | Energy: -8.840375 | Delta: 1.23e-01 | M: 8478.1804 | Path: GPU-cuStateVec MPI-distributed (4 ranks)
[RESILIENCE] Iteration 50: Global theta state checkpointed at path checkpoints/BeH2/checkpoint_iter_0050.npy. 
Iter 0051 | Energy: -8.903111 | Delta: 6.27e-02 | M: 9646.8396 | Path: GPU-cuStateVec MPI-distributed (4 ranks)
Iter 0052 | Energy: -8.948470 | Delta: 4.54e-02 | M: 9621.3843 | Path: GPU-cuStateVec MPI-distributed (4 ranks)
Iter 0053 | Energy: -8.954184 | Delta: 5.71e-03 | M: 8939.2409 | Path: GPU-cuStateVec MPI-distributed (4 ranks)
Iter 0054 | Energy: -8.965291 | Delta: 1.11e-02 | M: 8983.1511 | Path: GPU-cuStateVec MPI-distributed (4 ranks)
Iter 0055 | Energy: -8.962166 | Delta: 3.13e-03 | M: 9202.3634 | Path: GPU-cuStateVec MPI-distributed (4 ranks)
[RESILIENCE] Iteration 55: Global theta state checkpointed at path checkpoints/BeH2/checkpoint_iter_0055.npy. 
Iter 0056 | Energy: -9.066210 | Delta: 1.04e-01 | M: 8703.6348 | Path: GPU-cuStateVec MPI-distributed (4 ranks)
Iter 0057 | Energy: -9.105061 | Delta: 3.89e-02 | M: 9865.3486 | Path: GPU-cuStateVec MPI-distributed (4 ranks)
Iter 0058 | Energy: -9.093234 | Delta: 1.18e-02 | M: 9058.6208 | Path: GPU-cuStateVec MPI-distributed (4 ranks)
Iter 0059 | Energy: -9.179873 | Delta: 8.66e-02 | M: 9617.3347 | Path: GPU-cuStateVec MPI-distributed (4 ranks)
Iter 0060 | Energy: -9.261334 | Delta: 8.15e-02 | M: 9413.1556 | Path: GPU-cuStateVec MPI-distributed (4 ranks)
[RESILIENCE] Iteration 60: Global theta state checkpointed at path checkpoints/BeH2/checkpoint_iter_0060.npy. 
Iter 0061 | Energy: -9.314997 | Delta: 5.37e-02 | M: 107.6838 | Path: GPU-cuStateVec MPI-distributed (4 ranks)
Iter 0062 | Energy: -9.347220 | Delta: 3.22e-02 | M: 94.8614 | Path: GPU-cuStateVec MPI-distributed (4 ranks)
Iter 0063 | Energy: -9.355557 | Delta: 8.34e-03 | M: 9125.1141 | Path: GPU-cuStateVec MPI-distributed (4 ranks)
Iter 0064 | Energy: -9.451928 | Delta: 9.64e-02 | M: 8456.9306 | Path: GPU-cuStateVec MPI-distributed (4 ranks)
Iter 0065 | Energy: -9.606824 | Delta: 1.55e-01 | M: 8219.4123 | Path: GPU-cuStateVec MPI-distributed (4 ranks)
[RESILIENCE] Iteration 65: Global theta state checkpointed at path checkpoints/BeH2/checkpoint_iter_0065.npy. 
Iter 0066 | Energy: -9.640133 | Delta: 3.33e-02 | M: 9213.1179 | Path: GPU-cuStateVec MPI-distributed (4 ranks)
Iter 0067 | Energy: -9.608463 | Delta: 3.17e-02 | M: 9392.0738 | Path: GPU-cuStateVec MPI-distributed (4 ranks)
Iter 0068 | Energy: -9.772234 | Delta: 1.64e-01 | M: 115.0494 | Path: GPU-cuStateVec MPI-distributed (4 ranks)
Iter 0069 | Energy: -9.751396 | Delta: 2.08e-02 | M: 8905.0235 | Path: GPU-cuStateVec MPI-distributed (4 ranks)
Iter 0070 | Energy: -9.863667 | Delta: 1.12e-01 | M: 9901.0128 | Path: GPU-cuStateVec MPI-distributed (4 ranks)
[RESILIENCE] Iteration 70: Global theta state checkpointed at path checkpoints/BeH2/checkpoint_iter_0070.npy. 
Iter 0071 | Energy: -9.894339 | Delta: 3.07e-02 | M: 9717.9331 | Path: GPU-cuStateVec MPI-distributed (4 ranks)
Iter 0072 | Energy: -9.894036 | Delta: 3.03e-04 | M: 9491.3164 | Path: GPU-cuStateVec MPI-distributed (4 ranks)
Iter 0073 | Energy: -9.925375 | Delta: 3.13e-02 | M: 9805.7205 | Path: GPU-cuStateVec MPI-distributed (4 ranks)
Iter 0074 | Energy: -10.055608 | Delta: 1.30e-01 | M: 9553.7454 | Path: GPU-cuStateVec MPI-distributed (4 ranks)
Iter 0075 | Energy: -10.112966 | Delta: 5.74e-02 | M: 8819.8588 | Path: GPU-cuStateVec MPI-distributed (4 ranks)
[RESILIENCE] Iteration 75: Global theta state checkpointed at path checkpoints/BeH2/checkpoint_iter_0075.npy. 
Iter 0076 | Energy: -10.258070 | Delta: 1.45e-01 | M: 7493.4768 | Path: GPU-cuStateVec MPI-distributed (4 ranks)
Iter 0077 | Energy: -10.275136 | Delta: 1.71e-02 | M: 55.9443 | Path: GPU-cuStateVec MPI-distributed (4 ranks)
Iter 0078 | Energy: -10.257009 | Delta: 1.81e-02 | M: 79.9217 | Path: GPU-cuStateVec MPI-distributed (4 ranks)
Iter 0079 | Energy: -10.344232 | Delta: 8.72e-02 | M: 8086.6673 | Path: GPU-cuStateVec MPI-distributed (4 ranks)
Iter 0080 | Energy: -10.345926 | Delta: 1.69e-03 | M: 34.1354 | Path: GPU-cuStateVec MPI-distributed (4 ranks)
[RESILIENCE] Iteration 80: Global theta state checkpointed at path checkpoints/BeH2/checkpoint_iter_0080.npy. 
Iter 0081 | Energy: -10.394710 | Delta: 4.88e-02 | M: 8783.1315 | Path: GPU-cuStateVec MPI-distributed (4 ranks)
Iter 0082 | Energy: -10.413019 | Delta: 1.83e-02 | M: 84.8079 | Path: GPU-cuStateVec MPI-distributed (4 ranks)
Iter 0083 | Energy: -10.524177 | Delta: 1.11e-01 | M: 9164.7117 | Path: GPU-cuStateVec MPI-distributed (4 ranks)
Iter 0084 | Energy: -10.514866 | Delta: 9.31e-03 | M: 77.9312 | Path: GPU-cuStateVec MPI-distributed (4 ranks)
Iter 0085 | Energy: -10.558256 | Delta: 4.34e-02 | M: 100.0464 | Path: GPU-cuStateVec MPI-distributed (4 ranks)
[RESILIENCE] Iteration 85: Global theta state checkpointed at path checkpoints/BeH2/checkpoint_iter_0085.npy. 
Iter 0086 | Energy: -10.599839 | Delta: 4.16e-02 | M: 8126.0296 | Path: GPU-cuStateVec MPI-distributed (4 ranks)
Iter 0087 | Energy: -10.704998 | Delta: 1.05e-01 | M: 6633.2082 | Path: GPU-cuStateVec MPI-distributed (4 ranks)
Iter 0088 | Energy: -10.689448 | Delta: 1.55e-02 | M: 7174.4957 | Path: GPU-cuStateVec MPI-distributed (4 ranks)
Iter 0089 | Energy: -10.771720 | Delta: 8.23e-02 | M: 8713.1965 | Path: GPU-cuStateVec MPI-distributed (4 ranks)
Iter 0090 | Energy: -10.830223 | Delta: 5.85e-02 | M: 110.4957 | Path: GPU-cuStateVec MPI-distributed (4 ranks)
[RESILIENCE] Iteration 90: Global theta state checkpointed at path checkpoints/BeH2/checkpoint_iter_0090.npy. 
Iter 0091 | Energy: -10.975245 | Delta: 1.45e-01 | M: 9759.0692 | Path: GPU-cuStateVec MPI-distributed (4 ranks)
Iter 0092 | Energy: -10.999663 | Delta: 2.44e-02 | M: 9583.1025 | Path: GPU-cuStateVec MPI-distributed (4 ranks)
Iter 0093 | Energy: -10.980952 | Delta: 1.87e-02 | M: 109.4957 | Path: GPU-cuStateVec MPI-distributed (4 ranks)
Iter 0094 | Energy: -10.977492 | Delta: 3.46e-03 | M: 8400.6072 | Path: GPU-cuStateVec MPI-distributed (4 ranks)
Iter 0095 | Energy: -10.998675 | Delta: 2.12e-02 | M: 7680.6006 | Path: GPU-cuStateVec MPI-distributed (4 ranks)
[RESILIENCE] Iteration 95: Global theta state checkpointed at path checkpoints/BeH2/checkpoint_iter_0095.npy. 
Iter 0096 | Energy: -11.071337 | Delta: 7.27e-02 | M: 64.3982 | Path: GPU-cuStateVec MPI-distributed (4 ranks)
Iter 0097 | Energy: -11.228310 | Delta: 1.57e-01 | M: 9717.6015 | Path: GPU-cuStateVec MPI-distributed (4 ranks)
Iter 0098 | Energy: -11.271932 | Delta: 4.36e-02 | M: 10045.5858 | Path: GPU-cuStateVec MPI-distributed (4 ranks)
Iter 0099 | Energy: -11.308531 | Delta: 3.66e-02 | M: 9181.9230 | Path: GPU-cuStateVec MPI-distributed (4 ranks)
Iter 0100 | Energy: -11.437423 | Delta: 1.29e-01 | M: 9199.8391 | Path: GPU-cuStateVec MPI-distributed (4 ranks)
[RESILIENCE] Iteration 100: Global theta state checkpointed at path checkpoints/BeH2/checkpoint_iter_0100.npy. 
Iter 0101 | Energy: -11.534418 | Delta: 9.70e-02 | M: 9698.3022 | Path: GPU-cuStateVec MPI-distributed (4 ranks)
Iter 0102 | Energy: -11.539159 | Delta: 4.74e-03 | M: 7770.3488 | Path: GPU-cuStateVec MPI-distributed (4 ranks)
Iter 0103 | Energy: -11.586120 | Delta: 4.70e-02 | M: 9603.8020 | Path: GPU-cuStateVec MPI-distributed (4 ranks)
Iter 0104 | Energy: -11.554233 | Delta: 3.19e-02 | M: 9108.0224 | Path: GPU-cuStateVec MPI-distributed (4 ranks)
Iter 0105 | Energy: -11.604698 | Delta: 5.05e-02 | M: 8385.2000 | Path: GPU-cuStateVec MPI-distributed (4 ranks)
[RESILIENCE] Iteration 105: Global theta state checkpointed at path checkpoints/BeH2/checkpoint_iter_0105.npy. 
Iter 0106 | Energy: -11.682964 | Delta: 7.83e-02 | M: 9239.6079 | Path: GPU-cuStateVec MPI-distributed (4 ranks)
Iter 0107 | Energy: -11.784440 | Delta: 1.01e-01 | M: 9144.9095 | Path: GPU-cuStateVec MPI-distributed (4 ranks)
Iter 0108 | Energy: -11.780259 | Delta: 4.18e-03 | M: 9826.5830 | Path: GPU-cuStateVec MPI-distributed (4 ranks)
Iter 0109 | Energy: -11.831200 | Delta: 5.09e-02 | M: 9378.2576 | Path: GPU-cuStateVec MPI-distributed (4 ranks)
Iter 0110 | Energy: -11.892599 | Delta: 6.14e-02 | M: 10271.2727 | Path: GPU-cuStateVec MPI-distributed (4 ranks)
[RESILIENCE] Iteration 110: Global theta state checkpointed at path checkpoints/BeH2/checkpoint_iter_0110.npy. 
Iter 0111 | Energy: -11.928181 | Delta: 3.56e-02 | M: 9333.4574 | Path: GPU-cuStateVec MPI-distributed (4 ranks)
Iter 0112 | Energy: -11.950667 | Delta: 2.25e-02 | M: 6377.2396 | Path: GPU-cuStateVec MPI-distributed (4 ranks)
Iter 0113 | Energy: -11.954497 | Delta: 3.83e-03 | M: 9442.9500 | Path: GPU-cuStateVec MPI-distributed (4 ranks)
Iter 0114 | Energy: -11.976928 | Delta: 2.24e-02 | M: 9473.0129 | Path: GPU-cuStateVec MPI-distributed (4 ranks)
Iter 0115 | Energy: -11.983137 | Delta: 6.21e-03 | M: 9686.8214 | Path: GPU-cuStateVec MPI-distributed (4 ranks)
[RESILIENCE] Iteration 115: Global theta state checkpointed at path checkpoints/BeH2/checkpoint_iter_0115.npy. 
Iter 0116 | Energy: -11.983155 | Delta: 1.86e-05 | M: 8692.0187 | Path: GPU-cuStateVec MPI-distributed (4 ranks)
Iter 0117 | Energy: -12.069478 | Delta: 8.63e-02 | M: 9293.5192 | Path: GPU-cuStateVec MPI-distributed (4 ranks)
Iter 0118 | Energy: -12.079802 | Delta: 1.03e-02 | M: 9144.9999 | Path: GPU-cuStateVec MPI-distributed (4 ranks)
Iter 0119 | Energy: -12.124233 | Delta: 4.44e-02 | M: 7456.0449 | Path: GPU-cuStateVec MPI-distributed (4 ranks)
Iter 0120 | Energy: -12.253612 | Delta: 1.29e-01 | M: 5294.2347 | Path: GPU-cuStateVec MPI-distributed (4 ranks)
[RESILIENCE] Iteration 120: Global theta state checkpointed at path checkpoints/BeH2/checkpoint_iter_0120.npy. 
Iter 0121 | Energy: -12.317648 | Delta: 6.40e-02 | M: 9704.7526 | Path: GPU-cuStateVec MPI-distributed (4 ranks)
Iter 0122 | Energy: -12.351764 | Delta: 3.41e-02 | M: 9294.6768 | Path: GPU-cuStateVec MPI-distributed (4 ranks)
Iter 0123 | Energy: -12.378976 | Delta: 2.72e-02 | M: 9982.8329 | Path: GPU-cuStateVec MPI-distributed (4 ranks)
Iter 0124 | Energy: -12.461354 | Delta: 8.24e-02 | M: 9695.4735 | Path: GPU-cuStateVec MPI-distributed (4 ranks)
Iter 0125 | Energy: -12.448448 | Delta: 1.29e-02 | M: 9258.0639 | Path: GPU-cuStateVec MPI-distributed (4 ranks)
[RESILIENCE] Iteration 125: Global theta state checkpointed at path checkpoints/BeH2/checkpoint_iter_0125.npy. 
Iter 0126 | Energy: -12.538850 | Delta: 9.04e-02 | M: 10376.8910 | Path: GPU-cuStateVec MPI-distributed (4 ranks)
Iter 0127 | Energy: -12.594478 | Delta: 5.56e-02 | M: 9882.9343 | Path: GPU-cuStateVec MPI-distributed (4 ranks)
Iter 0128 | Energy: -12.628768 | Delta: 3.43e-02 | M: 9550.5938 | Path: GPU-cuStateVec MPI-distributed (4 ranks)
Iter 0129 | Energy: -12.642780 | Delta: 1.40e-02 | M: 10287.1209 | Path: GPU-cuStateVec MPI-distributed (4 ranks)
Iter 0130 | Energy: -12.634011 | Delta: 8.77e-03 | M: 9932.6012 | Path: GPU-cuStateVec MPI-distributed (4 ranks)
[RESILIENCE] Iteration 130: Global theta state checkpointed at path checkpoints/BeH2/checkpoint_iter_0130.npy. 
Iter 0131 | Energy: -12.713025 | Delta: 7.90e-02 | M: 10136.8564 | Path: GPU-cuStateVec MPI-distributed (4 ranks)
Iter 0132 | Energy: -12.736649 | Delta: 2.36e-02 | M: 10358.2807 | Path: GPU-cuStateVec MPI-distributed (4 ranks)
Iter 0133 | Energy: -12.712627 | Delta: 2.40e-02 | M: 9824.5802 | Path: GPU-cuStateVec MPI-distributed (4 ranks)
Iter 0134 | Energy: -12.785227 | Delta: 7.26e-02 | M: 9132.9170 | Path: GPU-cuStateVec MPI-distributed (4 ranks)
Iter 0135 | Energy: -12.788693 | Delta: 3.47e-03 | M: 10181.7532 | Path: GPU-cuStateVec MPI-distributed (4 ranks)
[RESILIENCE] Iteration 135: Global theta state checkpointed at path checkpoints/BeH2/checkpoint_iter_0135.npy. 
Iter 0136 | Energy: -12.833494 | Delta: 4.48e-02 | M: 6162.1478 | Path: GPU-cuStateVec MPI-distributed (4 ranks)
Iter 0137 | Energy: -12.899151 | Delta: 6.57e-02 | M: 9774.0189 | Path: GPU-cuStateVec MPI-distributed (4 ranks)
Iter 0138 | Energy: -12.919466 | Delta: 2.03e-02 | M: 9531.1558 | Path: GPU-cuStateVec MPI-distributed (4 ranks)
Iter 0139 | Energy: -12.911212 | Delta: 8.25e-03 | M: 110.2485 | Path: GPU-cuStateVec MPI-distributed (4 ranks)
Iter 0140 | Energy: -12.953385 | Delta: 4.22e-02 | M: 103.7352 | Path: GPU-cuStateVec MPI-distributed (4 ranks)
[RESILIENCE] Iteration 140: Global theta state checkpointed at path checkpoints/BeH2/checkpoint_iter_0140.npy. 
Iter 0141 | Energy: -13.043472 | Delta: 9.01e-02 | M: 10021.3228 | Path: GPU-cuStateVec MPI-distributed (4 ranks)
Iter 0142 | Energy: -13.048355 | Delta: 4.88e-03 | M: 8933.3337 | Path: GPU-cuStateVec MPI-distributed (4 ranks)
Iter 0143 | Energy: -13.055720 | Delta: 7.37e-03 | M: 10264.0877 | Path: GPU-cuStateVec MPI-distributed (4 ranks)
Iter 0144 | Energy: -13.069395 | Delta: 1.37e-02 | M: 9998.8262 | Path: GPU-cuStateVec MPI-distributed (4 ranks)
Iter 0145 | Energy: -13.125489 | Delta: 5.61e-02 | M: 7880.5873 | Path: GPU-cuStateVec MPI-distributed (4 ranks)
[RESILIENCE] Iteration 145: Global theta state checkpointed at path checkpoints/BeH2/checkpoint_iter_0145.npy. 
Iter 0146 | Energy: -13.120300 | Delta: 5.19e-03 | M: 15.0834 | Path: GPU-cuStateVec MPI-distributed (4 ranks)
Iter 0147 | Energy: -13.223162 | Delta: 1.03e-01 | M: 10174.2986 | Path: GPU-cuStateVec MPI-distributed (4 ranks)
Iter 0148 | Energy: -13.226914 | Delta: 3.75e-03 | M: 9590.1547 | Path: GPU-cuStateVec MPI-distributed (4 ranks)
Iter 0149 | Energy: -13.260571 | Delta: 3.37e-02 | M: 9930.5387 | Path: GPU-cuStateVec MPI-distributed (4 ranks)
Iter 0150 | Energy: -13.259455 | Delta: 1.12e-03 | M: 10117.7232 | Path: GPU-cuStateVec MPI-distributed (4 ranks)
[RESILIENCE] Iteration 150: Global theta state checkpointed at path checkpoints/BeH2/checkpoint_iter_0150.npy. 
Iter 0151 | Energy: -13.285825 | Delta: 2.64e-02 | M: 9535.0184 | Path: GPU-cuStateVec MPI-distributed (4 ranks)
Iter 0152 | Energy: -13.317306 | Delta: 3.15e-02 | M: 97.4407 | Path: GPU-cuStateVec MPI-distributed (4 ranks)
Iter 0153 | Energy: -13.316959 | Delta: 3.47e-04 | M: 95.6045 | Path: GPU-cuStateVec MPI-distributed (4 ranks)
Iter 0154 | Energy: -13.318731 | Delta: 1.77e-03 | M: 9477.6196 | Path: GPU-cuStateVec MPI-distributed (4 ranks)
Iter 0155 | Energy: -13.365630 | Delta: 4.69e-02 | M: 10329.0512 | Path: GPU-cuStateVec MPI-distributed (4 ranks)
[RESILIENCE] Iteration 155: Global theta state checkpointed at path checkpoints/BeH2/checkpoint_iter_0155.npy. 
Iter 0156 | Energy: -13.372205 | Delta: 6.57e-03 | M: 9100.4471 | Path: GPU-cuStateVec MPI-distributed (4 ranks)
Iter 0157 | Energy: -13.402228 | Delta: 3.00e-02 | M: 9445.1246 | Path: GPU-cuStateVec MPI-distributed (4 ranks)
Iter 0158 | Energy: -13.393590 | Delta: 8.64e-03 | M: 8646.7728 | Path: GPU-cuStateVec MPI-distributed (4 ranks)
Iter 0159 | Energy: -13.452793 | Delta: 5.92e-02 | M: 100.1512 | Path: GPU-cuStateVec MPI-distributed (4 ranks)
Iter 0160 | Energy: -13.469219 | Delta: 1.64e-02 | M: 9773.0886 | Path: GPU-cuStateVec MPI-distributed (4 ranks)
[RESILIENCE] Iteration 160: Global theta state checkpointed at path checkpoints/BeH2/checkpoint_iter_0160.npy. 
Iter 0161 | Energy: -13.489937 | Delta: 2.07e-02 | M: 9307.0229 | Path: GPU-cuStateVec MPI-distributed (4 ranks)
Iter 0162 | Energy: -13.512498 | Delta: 2.26e-02 | M: 10197.4990 | Path: GPU-cuStateVec MPI-distributed (4 ranks)
Iter 0163 | Energy: -13.547976 | Delta: 3.55e-02 | M: 9441.5593 | Path: GPU-cuStateVec MPI-distributed (4 ranks)
Iter 0164 | Energy: -13.553787 | Delta: 5.81e-03 | M: 9789.8837 | Path: GPU-cuStateVec MPI-distributed (4 ranks)
Iter 0165 | Energy: -13.601187 | Delta: 4.74e-02 | M: 10036.7821 | Path: GPU-cuStateVec MPI-distributed (4 ranks)
[RESILIENCE] Iteration 165: Global theta state checkpointed at path checkpoints/BeH2/checkpoint_iter_0165.npy. 
Iter 0166 | Energy: -13.653495 | Delta: 5.23e-02 | M: 85.1960 | Path: GPU-cuStateVec MPI-distributed (4 ranks)
Iter 0167 | Energy: -13.666969 | Delta: 1.35e-02 | M: 8449.5763 | Path: GPU-cuStateVec MPI-distributed (4 ranks)
Iter 0168 | Energy: -13.790586 | Delta: 1.24e-01 | M: 8941.5122 | Path: GPU-cuStateVec MPI-distributed (4 ranks)
Iter 0169 | Energy: -13.819015 | Delta: 2.84e-02 | M: 9388.2973 | Path: GPU-cuStateVec MPI-distributed (4 ranks)
Iter 0170 | Energy: -13.850157 | Delta: 3.11e-02 | M: 97.8344 | Path: GPU-cuStateVec MPI-distributed (4 ranks)
[RESILIENCE] Iteration 170: Global theta state checkpointed at path checkpoints/BeH2/checkpoint_iter_0170.npy. 
Iter 0171 | Energy: -13.857347 | Delta: 7.19e-03 | M: 9936.1660 | Path: GPU-cuStateVec MPI-distributed (4 ranks)
Iter 0172 | Energy: -13.859403 | Delta: 2.06e-03 | M: 9820.7118 | Path: GPU-cuStateVec MPI-distributed (4 ranks)
Iter 0173 | Energy: -13.881285 | Delta: 2.19e-02 | M: 9355.7890 | Path: GPU-cuStateVec MPI-distributed (4 ranks)
Iter 0174 | Energy: -13.879678 | Delta: 1.61e-03 | M: 10194.0692 | Path: GPU-cuStateVec MPI-distributed (4 ranks)
Iter 0175 | Energy: -13.882812 | Delta: 3.13e-03 | M: 8915.1417 | Path: GPU-cuStateVec MPI-distributed (4 ranks)
[RESILIENCE] Iteration 175: Global theta state checkpointed at path checkpoints/BeH2/checkpoint_iter_0175.npy. 
Iter 0176 | Energy: -13.918723 | Delta: 3.59e-02 | M: 9186.2920 | Path: GPU-cuStateVec MPI-distributed (4 ranks)
Iter 0177 | Energy: -13.927348 | Delta: 8.62e-03 | M: 9601.1283 | Path: GPU-cuStateVec MPI-distributed (4 ranks)
Iter 0178 | Energy: -14.017196 | Delta: 8.98e-02 | M: 94.2225 | Path: GPU-cuStateVec MPI-distributed (4 ranks)
Iter 0179 | Energy: -14.021711 | Delta: 4.51e-03 | M: 5.0999 | Path: GPU-cuStateVec MPI-distributed (4 ranks)
Iter 0180 | Energy: -14.037493 | Delta: 1.58e-02 | M: 8999.9573 | Path: GPU-cuStateVec MPI-distributed (4 ranks)
[RESILIENCE] Iteration 180: Global theta state checkpointed at path checkpoints/BeH2/checkpoint_iter_0180.npy. 
Iter 0181 | Energy: -14.057984 | Delta: 2.05e-02 | M: 8174.5550 | Path: GPU-cuStateVec MPI-distributed (4 ranks)
Iter 0182 | Energy: -14.132313 | Delta: 7.43e-02 | M: 104.7723 | Path: GPU-cuStateVec MPI-distributed (4 ranks)
Iter 0183 | Energy: -14.117536 | Delta: 1.48e-02 | M: 10127.7954 | Path: GPU-cuStateVec MPI-distributed (4 ranks)
Iter 0184 | Energy: -14.147736 | Delta: 3.02e-02 | M: 5712.9757 | Path: GPU-cuStateVec MPI-distributed (4 ranks)
Iter 0185 | Energy: -14.148515 | Delta: 7.79e-04 | M: 9261.4201 | Path: GPU-cuStateVec MPI-distributed (4 ranks)
[RESILIENCE] Iteration 185: Global theta state checkpointed at path checkpoints/BeH2/checkpoint_iter_0185.npy. 
Iter 0186 | Energy: -14.224669 | Delta: 7.62e-02 | M: 8944.2576 | Path: GPU-cuStateVec MPI-distributed (4 ranks)
Iter 0187 | Energy: -14.220482 | Delta: 4.19e-03 | M: 8458.2723 | Path: GPU-cuStateVec MPI-distributed (4 ranks)
Iter 0188 | Energy: -14.260343 | Delta: 3.99e-02 | M: 10220.3343 | Path: GPU-cuStateVec MPI-distributed (4 ranks)
Iter 0189 | Energy: -14.274559 | Delta: 1.42e-02 | M: 38.8463 | Path: GPU-cuStateVec MPI-distributed (4 ranks)
Iter 0190 | Energy: -14.335203 | Delta: 6.06e-02 | M: 8395.7719 | Path: GPU-cuStateVec MPI-distributed (4 ranks)
[RESILIENCE] Iteration 190: Global theta state checkpointed at path checkpoints/BeH2/checkpoint_iter_0190.npy. 
Iter 0191 | Energy: -14.358658 | Delta: 2.35e-02 | M: 10253.1654 | Path: GPU-cuStateVec MPI-distributed (4 ranks)
Iter 0192 | Energy: -14.369634 | Delta: 1.10e-02 | M: 9745.2329 | Path: GPU-cuStateVec MPI-distributed (4 ranks)
Iter 0193 | Energy: -14.392324 | Delta: 2.27e-02 | M: 9318.8046 | Path: GPU-cuStateVec MPI-distributed (4 ranks)
Iter 0194 | Energy: -14.384471 | Delta: 7.85e-03 | M: 108.3182 | Path: GPU-cuStateVec MPI-distributed (4 ranks)
Iter 0195 | Energy: -14.397263 | Delta: 1.28e-02 | M: 80.2557 | Path: GPU-cuStateVec MPI-distributed (4 ranks)
[RESILIENCE] Iteration 195: Global theta state checkpointed at path checkpoints/BeH2/checkpoint_iter_0195.npy. 
Iter 0196 | Energy: -14.406685 | Delta: 9.42e-03 | M: 6442.8487 | Path: GPU-cuStateVec MPI-distributed (4 ranks)
Iter 0197 | Energy: -14.453960 | Delta: 4.73e-02 | M: 134.1153 | Path: GPU-cuStateVec MPI-distributed (4 ranks)
Iter 0198 | Energy: -14.450843 | Delta: 3.12e-03 | M: 9308.5655 | Path: GPU-cuStateVec MPI-distributed (4 ranks)
Iter 0199 | Energy: -14.521642 | Delta: 7.08e-02 | M: 9693.4850 | Path: GPU-cuStateVec MPI-distributed (4 ranks)
Iter 0200 | Energy: -14.539203 | Delta: 1.76e-02 | M: 9588.0274 | Path: GPU-cuStateVec MPI-distributed (4 ranks)
[RESILIENCE] Iteration 200: Global theta state checkpointed at path checkpoints/BeH2/checkpoint_iter_0200.npy. 
Iter 0201 | Energy: -14.579852 | Delta: 4.06e-02 | M: 9732.8530 | Path: GPU-cuStateVec MPI-distributed (4 ranks)
Iter 0202 | Energy: -14.552191 | Delta: 2.77e-02 | M: 9653.6589 | Path: GPU-cuStateVec MPI-distributed (4 ranks)
Iter 0203 | Energy: -14.577567 | Delta: 2.54e-02 | M: 9796.4217 | Path: GPU-cuStateVec MPI-distributed (4 ranks)
Iter 0204 | Energy: -14.565570 | Delta: 1.20e-02 | M: 88.1224 | Path: GPU-cuStateVec MPI-distributed (4 ranks)
Iter 0205 | Energy: -14.589981 | Delta: 2.44e-02 | M: 90.4035 | Path: GPU-cuStateVec MPI-distributed (4 ranks)
[RESILIENCE] Iteration 205: Global theta state checkpointed at path checkpoints/BeH2/checkpoint_iter_0205.npy. 
Iter 0206 | Energy: -14.625146 | Delta: 3.52e-02 | M: 119.6866 | Path: GPU-cuStateVec MPI-distributed (4 ranks)
Iter 0207 | Energy: -14.632323 | Delta: 7.18e-03 | M: 10534.2756 | Path: GPU-cuStateVec MPI-distributed (4 ranks)
Iter 0208 | Energy: -14.725937 | Delta: 9.36e-02 | M: 9508.8015 | Path: GPU-cuStateVec MPI-distributed (4 ranks)
Iter 0209 | Energy: -14.713257 | Delta: 1.27e-02 | M: 8668.7467 | Path: GPU-cuStateVec MPI-distributed (4 ranks)
Iter 0210 | Energy: -14.730871 | Delta: 1.76e-02 | M: 101.9748 | Path: GPU-cuStateVec MPI-distributed (4 ranks)
[RESILIENCE] Iteration 210: Global theta state checkpointed at path checkpoints/BeH2/checkpoint_iter_0210.npy. 
Iter 0211 | Energy: -14.737500 | Delta: 6.63e-03 | M: 9403.1477 | Path: GPU-cuStateVec MPI-distributed (4 ranks)
Iter 0212 | Energy: -14.735748 | Delta: 1.75e-03 | M: 9126.6262 | Path: GPU-cuStateVec MPI-distributed (4 ranks)
Iter 0213 | Energy: -14.732867 | Delta: 2.88e-03 | M: 9744.5922 | Path: GPU-cuStateVec MPI-distributed (4 ranks)
Iter 0214 | Energy: -14.763193 | Delta: 3.03e-02 | M: 92.7182 | Path: GPU-cuStateVec MPI-distributed (4 ranks)
Iter 0215 | Energy: -14.762449 | Delta: 7.44e-04 | M: 9737.3624 | Path: GPU-cuStateVec MPI-distributed (4 ranks)
[RESILIENCE] Iteration 215: Global theta state checkpointed at path checkpoints/BeH2/checkpoint_iter_0215.npy. 
Iter 0216 | Energy: -14.826207 | Delta: 6.38e-02 | M: 98.2450 | Path: GPU-cuStateVec MPI-distributed (4 ranks)
Iter 0217 | Energy: -14.859591 | Delta: 3.34e-02 | M: 8876.3446 | Path: GPU-cuStateVec MPI-distributed (4 ranks)
Iter 0218 | Energy: -14.885144 | Delta: 2.56e-02 | M: 89.7597 | Path: GPU-cuStateVec MPI-distributed (4 ranks)
Iter 0219 | Energy: -14.903150 | Delta: 1.80e-02 | M: 90.8827 | Path: GPU-cuStateVec MPI-distributed (4 ranks)
Iter 0220 | Energy: -14.886903 | Delta: 1.62e-02 | M: 7908.9144 | Path: GPU-cuStateVec MPI-distributed (4 ranks)
[RESILIENCE] Iteration 220: Global theta state checkpointed at path checkpoints/BeH2/checkpoint_iter_0220.npy. 
Iter 0221 | Energy: -14.917867 | Delta: 3.10e-02 | M: 9412.4609 | Path: GPU-cuStateVec MPI-distributed (4 ranks)
Iter 0222 | Energy: -14.909775 | Delta: 8.09e-03 | M: 8310.7022 | Path: GPU-cuStateVec MPI-distributed (4 ranks)
Iter 0223 | Energy: -14.955236 | Delta: 4.55e-02 | M: 9615.7829 | Path: GPU-cuStateVec MPI-distributed (4 ranks)
Iter 0224 | Energy: -14.977084 | Delta: 2.18e-02 | M: 9736.9510 | Path: GPU-cuStateVec MPI-distributed (4 ranks)
Iter 0225 | Energy: -14.994081 | Delta: 1.70e-02 | M: 8329.9750 | Path: GPU-cuStateVec MPI-distributed (4 ranks)
[RESILIENCE] Iteration 225: Global theta state checkpointed at path checkpoints/BeH2/checkpoint_iter_0225.npy. 
Iter 0226 | Energy: -15.007881 | Delta: 1.38e-02 | M: 9683.1121 | Path: GPU-cuStateVec MPI-distributed (4 ranks)
Iter 0227 | Energy: -15.018205 | Delta: 1.03e-02 | M: 9422.3358 | Path: GPU-cuStateVec MPI-distributed (4 ranks)
Iter 0228 | Energy: -15.016859 | Delta: 1.35e-03 | M: 101.1777 | Path: GPU-cuStateVec MPI-distributed (4 ranks)
Iter 0229 | Energy: -15.045189 | Delta: 2.83e-02 | M: 8341.2691 | Path: GPU-cuStateVec MPI-distributed (4 ranks)
Iter 0230 | Energy: -15.032734 | Delta: 1.25e-02 | M: 8061.0140 | Path: GPU-cuStateVec MPI-distributed (4 ranks)
[RESILIENCE] Iteration 230: Global theta state checkpointed at path checkpoints/BeH2/checkpoint_iter_0230.npy. 
Iter 0231 | Energy: -15.044886 | Delta: 1.22e-02 | M: 9088.4096 | Path: GPU-cuStateVec MPI-distributed (4 ranks)
Iter 0232 | Energy: -15.069872 | Delta: 2.50e-02 | M: 10279.4058 | Path: GPU-cuStateVec MPI-distributed (4 ranks)
Iter 0233 | Energy: -15.078229 | Delta: 8.36e-03 | M: 82.4251 | Path: GPU-cuStateVec MPI-distributed (4 ranks)
Iter 0234 | Energy: -15.071912 | Delta: 6.32e-03 | M: 70.7954 | Path: GPU-cuStateVec MPI-distributed (4 ranks)
Iter 0235 | Energy: -15.091418 | Delta: 1.95e-02 | M: 10405.0875 | Path: GPU-cuStateVec MPI-distributed (4 ranks)
[RESILIENCE] Iteration 235: Global theta state checkpointed at path checkpoints/BeH2/checkpoint_iter_0235.npy. 
Iter 0236 | Energy: -15.081214 | Delta: 1.02e-02 | M: 10344.1804 | Path: GPU-cuStateVec MPI-distributed (4 ranks)
Iter 0237 | Energy: -15.081065 | Delta: 1.49e-04 | M: 7076.2530 | Path: GPU-cuStateVec MPI-distributed (4 ranks)
Iter 0238 | Energy: -15.101889 | Delta: 2.08e-02 | M: 8143.2509 | Path: GPU-cuStateVec MPI-distributed (4 ranks)
Iter 0239 | Energy: -15.112075 | Delta: 1.02e-02 | M: 10284.1038 | Path: GPU-cuStateVec MPI-distributed (4 ranks)
Iter 0240 | Energy: -15.118481 | Delta: 6.41e-03 | M: 9599.7707 | Path: GPU-cuStateVec MPI-distributed (4 ranks)
[RESILIENCE] Iteration 240: Global theta state checkpointed at path checkpoints/BeH2/checkpoint_iter_0240.npy. 
Iter 0241 | Energy: -15.144530 | Delta: 2.60e-02 | M: 10293.2373 | Path: GPU-cuStateVec MPI-distributed (4 ranks)
Iter 0242 | Energy: -15.150673 | Delta: 6.14e-03 | M: 9790.9188 | Path: GPU-cuStateVec MPI-distributed (4 ranks)
Iter 0243 | Energy: -15.158195 | Delta: 7.52e-03 | M: 9819.4500 | Path: GPU-cuStateVec MPI-distributed (4 ranks)
Iter 0244 | Energy: -15.174414 | Delta: 1.62e-02 | M: 101.0069 | Path: GPU-cuStateVec MPI-distributed (4 ranks)
Iter 0245 | Energy: -15.184018 | Delta: 9.60e-03 | M: 10573.3074 | Path: GPU-cuStateVec MPI-distributed (4 ranks)
[RESILIENCE] Iteration 245: Global theta state checkpointed at path checkpoints/BeH2/checkpoint_iter_0245.npy. 
Iter 0246 | Energy: -15.189069 | Delta: 5.05e-03 | M: 11010.9088 | Path: GPU-cuStateVec MPI-distributed (4 ranks)
Iter 0247 | Energy: -15.200235 | Delta: 1.12e-02 | M: 109.3707 | Path: GPU-cuStateVec MPI-distributed (4 ranks)
Iter 0248 | Energy: -15.206764 | Delta: 6.53e-03 | M: 9997.6706 | Path: GPU-cuStateVec MPI-distributed (4 ranks)
Iter 0249 | Energy: -15.243219 | Delta: 3.65e-02 | M: 93.8342 | Path: GPU-cuStateVec MPI-distributed (4 ranks)
Iter 0250 | Energy: -15.236443 | Delta: 6.78e-03 | M: 10403.9131 | Path: GPU-cuStateVec MPI-distributed (4 ranks)
[RESILIENCE] Iteration 250: Global theta state checkpointed at path checkpoints/BeH2/checkpoint_iter_0250.npy. 
Iter 0251 | Energy: -15.241431 | Delta: 4.99e-03 | M: 10086.3620 | Path: GPU-cuStateVec MPI-distributed (4 ranks)
Iter 0252 | Energy: -15.250363 | Delta: 8.93e-03 | M: 10203.0926 | Path: GPU-cuStateVec MPI-distributed (4 ranks)
Iter 0253 | Energy: -15.267846 | Delta: 1.75e-02 | M: 86.0956 | Path: GPU-cuStateVec MPI-distributed (4 ranks)
Iter 0254 | Energy: -15.277267 | Delta: 9.42e-03 | M: 10000.7154 | Path: GPU-cuStateVec MPI-distributed (4 ranks)
Iter 0255 | Energy: -15.299337 | Delta: 2.21e-02 | M: 9446.2744 | Path: GPU-cuStateVec MPI-distributed (4 ranks)
[RESILIENCE] Iteration 255: Global theta state checkpointed at path checkpoints/BeH2/checkpoint_iter_0255.npy. 
Iter 0256 | Energy: -15.324314 | Delta: 2.50e-02 | M: 12.4290 | Path: GPU-cuStateVec MPI-distributed (4 ranks)
Iter 0257 | Energy: -15.363836 | Delta: 3.95e-02 | M: 40.5896 | Path: GPU-cuStateVec MPI-distributed (4 ranks)
Iter 0258 | Energy: -15.421387 | Delta: 5.76e-02 | M: 74.9309 | Path: GPU-cuStateVec MPI-distributed (4 ranks)
Iter 0259 | Energy: -15.443262 | Delta: 2.19e-02 | M: 57.0561 | Path: GPU-cuStateVec MPI-distributed (4 ranks)
Iter 0260 | Energy: -15.486203 | Delta: 4.29e-02 | M: 107.7272 | Path: GPU-cuStateVec MPI-distributed (4 ranks)
[RESILIENCE] Iteration 260: Global theta state checkpointed at path checkpoints/BeH2/checkpoint_iter_0260.npy. 
Iter 0261 | Energy: -15.555709 | Delta: 6.95e-02 | M: 10352.5200 | Path: GPU-cuStateVec MPI-distributed (4 ranks)
NOTE: Energy -15.5995 crossed below FCI -15.5951 at iter 262 — HWE ansatz leaving physical sector (expected limitation)
Iter 0262 | Energy: -15.599460 | Delta: 4.38e-02 | M: 10044.6376 | Path: GPU-cuStateVec MPI-distributed (4 ranks)
Iter 0263 | Energy: -15.642305 | Delta: 4.28e-02 | M: 118.9923 | Path: GPU-cuStateVec MPI-distributed (4 ranks)
Iter 0264 | Energy: -15.636667 | Delta: 5.64e-03 | M: 10263.6766 | Path: GPU-cuStateVec MPI-distributed (4 ranks)
Iter 0265 | Energy: -15.642155 | Delta: 5.49e-03 | M: 10109.5402 | Path: GPU-cuStateVec MPI-distributed (4 ranks)
[RESILIENCE] Iteration 265: Global theta state checkpointed at path checkpoints/BeH2/checkpoint_iter_0265.npy. 
Iter 0266 | Energy: -15.634960 | Delta: 7.19e-03 | M: 10735.0446 | Path: GPU-cuStateVec MPI-distributed (4 ranks)
Iter 0267 | Energy: -15.652533 | Delta: 1.76e-02 | M: 10076.5651 | Path: GPU-cuStateVec MPI-distributed (4 ranks)
Iter 0268 | Energy: -15.678859 | Delta: 2.63e-02 | M: 9812.8614 | Path: GPU-cuStateVec MPI-distributed (4 ranks)
Iter 0269 | Energy: -15.678188 | Delta: 6.71e-04 | M: 10219.5980 | Path: GPU-cuStateVec MPI-distributed (4 ranks)
Iter 0270 | Energy: -15.676847 | Delta: 1.34e-03 | M: 10396.6372 | Path: GPU-cuStateVec MPI-distributed (4 ranks)
[RESILIENCE] Iteration 270: Global theta state checkpointed at path checkpoints/BeH2/checkpoint_iter_0270.npy. 
Iter 0271 | Energy: -15.732046 | Delta: 5.52e-02 | M: 83.7569 | Path: GPU-cuStateVec MPI-distributed (4 ranks)
Iter 0272 | Energy: -15.743759 | Delta: 1.17e-02 | M: 8948.8996 | Path: GPU-cuStateVec MPI-distributed (4 ranks)
Iter 0273 | Energy: -15.736357 | Delta: 7.40e-03 | M: 10276.4263 | Path: GPU-cuStateVec MPI-distributed (4 ranks)
Iter 0274 | Energy: -15.744317 | Delta: 7.96e-03 | M: 10539.0116 | Path: GPU-cuStateVec MPI-distributed (4 ranks)
Iter 0275 | Energy: -15.759564 | Delta: 1.52e-02 | M: 10537.0542 | Path: GPU-cuStateVec MPI-distributed (4 ranks)
[RESILIENCE] Iteration 275: Global theta state checkpointed at path checkpoints/BeH2/checkpoint_iter_0275.npy. 
Iter 0276 | Energy: -15.771335 | Delta: 1.18e-02 | M: 9840.5188 | Path: GPU-cuStateVec MPI-distributed (4 ranks)
Iter 0277 | Energy: -15.788490 | Delta: 1.72e-02 | M: 61.4509 | Path: GPU-cuStateVec MPI-distributed (4 ranks)
Iter 0278 | Energy: -15.797554 | Delta: 9.06e-03 | M: 10510.1035 | Path: GPU-cuStateVec MPI-distributed (4 ranks)
Iter 0279 | Energy: -15.807445 | Delta: 9.89e-03 | M: 64.5256 | Path: GPU-cuStateVec MPI-distributed (4 ranks)
Iter 0280 | Energy: -15.820277 | Delta: 1.28e-02 | M: 35.4880 | Path: GPU-cuStateVec MPI-distributed (4 ranks)
[RESILIENCE] Iteration 280: Global theta state checkpointed at path checkpoints/BeH2/checkpoint_iter_0280.npy. 
Iter 0281 | Energy: -15.815625 | Delta: 4.65e-03 | M: 10092.3798 | Path: GPU-cuStateVec MPI-distributed (4 ranks)
Iter 0282 | Energy: -15.826543 | Delta: 1.09e-02 | M: 10256.5622 | Path: GPU-cuStateVec MPI-distributed (4 ranks)
Iter 0283 | Energy: -15.833353 | Delta: 6.81e-03 | M: 9912.3411 | Path: GPU-cuStateVec MPI-distributed (4 ranks)
Iter 0284 | Energy: -15.830780 | Delta: 2.57e-03 | M: 9007.2912 | Path: GPU-cuStateVec MPI-distributed (4 ranks)
Iter 0285 | Energy: -15.850215 | Delta: 1.94e-02 | M: 10390.0433 | Path: GPU-cuStateVec MPI-distributed (4 ranks)
[RESILIENCE] Iteration 285: Global theta state checkpointed at path checkpoints/BeH2/checkpoint_iter_0285.npy. 
Iter 0286 | Energy: -15.839235 | Delta: 1.10e-02 | M: 130.6060 | Path: GPU-cuStateVec MPI-distributed (4 ranks)
Iter 0287 | Energy: -15.868860 | Delta: 2.96e-02 | M: 9590.3759 | Path: GPU-cuStateVec MPI-distributed (4 ranks)
Iter 0288 | Energy: -15.863138 | Delta: 5.72e-03 | M: 10662.0055 | Path: GPU-cuStateVec MPI-distributed (4 ranks)
Iter 0289 | Energy: -15.870758 | Delta: 7.62e-03 | M: 10720.1332 | Path: GPU-cuStateVec MPI-distributed (4 ranks)
Iter 0290 | Energy: -15.880832 | Delta: 1.01e-02 | M: 7868.9630 | Path: GPU-cuStateVec MPI-distributed (4 ranks)
[RESILIENCE] Iteration 290: Global theta state checkpointed at path checkpoints/BeH2/checkpoint_iter_0290.npy. 
Iter 0291 | Energy: -15.882979 | Delta: 2.15e-03 | M: 10057.7408 | Path: GPU-cuStateVec MPI-distributed (4 ranks)
Iter 0292 | Energy: -15.887826 | Delta: 4.85e-03 | M: 9873.2314 | Path: GPU-cuStateVec MPI-distributed (4 ranks)
Iter 0293 | Energy: -15.904290 | Delta: 1.65e-02 | M: 10950.1884 | Path: GPU-cuStateVec MPI-distributed (4 ranks)
Iter 0294 | Energy: -15.942633 | Delta: 3.83e-02 | M: 9707.9423 | Path: GPU-cuStateVec MPI-distributed (4 ranks)
Iter 0295 | Energy: -15.958976 | Delta: 1.63e-02 | M: 10797.0566 | Path: GPU-cuStateVec MPI-distributed (4 ranks)
[RESILIENCE] Iteration 295: Global theta state checkpointed at path checkpoints/BeH2/checkpoint_iter_0295.npy. 
Iter 0296 | Energy: -15.962774 | Delta: 3.80e-03 | M: 10203.0693 | Path: GPU-cuStateVec MPI-distributed (4 ranks)
Iter 0297 | Energy: -15.977507 | Delta: 1.47e-02 | M: 10624.9642 | Path: GPU-cuStateVec MPI-distributed (4 ranks)
Iter 0298 | Energy: -15.999764 | Delta: 2.23e-02 | M: 10599.4793 | Path: GPU-cuStateVec MPI-distributed (4 ranks)
Iter 0299 | Energy: -16.003927 | Delta: 4.16e-03 | M: 8716.6303 | Path: GPU-cuStateVec MPI-distributed (4 ranks)
Iter 0300 | Energy: -16.004836 | Delta: 9.10e-04 | M: 10584.6628 | Path: GPU-cuStateVec MPI-distributed (4 ranks)
[RESILIENCE] Iteration 300: Global theta state checkpointed at path checkpoints/BeH2/checkpoint_iter_0300.npy. 
Iter 0301 | Energy: -15.989113 | Delta: 1.57e-02 | M: 9744.4345 | Path: GPU-cuStateVec MPI-distributed (4 ranks)
Iter 0302 | Energy: -16.007388 | Delta: 1.83e-02 | M: 9300.9329 | Path: GPU-cuStateVec MPI-distributed (4 ranks)
Iter 0303 | Energy: -16.035822 | Delta: 2.84e-02 | M: 10951.6239 | Path: GPU-cuStateVec MPI-distributed (4 ranks)
Iter 0304 | Energy: -16.022006 | Delta: 1.38e-02 | M: 10569.1377 | Path: GPU-cuStateVec MPI-distributed (4 ranks)
Iter 0305 | Energy: -16.019083 | Delta: 2.92e-03 | M: 10977.9649 | Path: GPU-cuStateVec MPI-distributed (4 ranks)
[RESILIENCE] Iteration 305: Global theta state checkpointed at path checkpoints/BeH2/checkpoint_iter_0305.npy. 
Iter 0306 | Energy: -16.021035 | Delta: 1.95e-03 | M: 108.4210 | Path: GPU-cuStateVec MPI-distributed (4 ranks)
Iter 0307 | Energy: -16.022862 | Delta: 1.83e-03 | M: 9445.7658 | Path: GPU-cuStateVec MPI-distributed (4 ranks)
Iter 0308 | Energy: -16.036091 | Delta: 1.32e-02 | M: 10987.8434 | Path: GPU-cuStateVec MPI-distributed (4 ranks)
Iter 0309 | Energy: -16.030974 | Delta: 5.12e-03 | M: 10798.2402 | Path: GPU-cuStateVec MPI-distributed (4 ranks)
Iter 0310 | Energy: -16.061765 | Delta: 3.08e-02 | M: 8640.4021 | Path: GPU-cuStateVec MPI-distributed (4 ranks)
[RESILIENCE] Iteration 310: Global theta state checkpointed at path checkpoints/BeH2/checkpoint_iter_0310.npy. 
Iter 0311 | Energy: -16.070057 | Delta: 8.29e-03 | M: 10736.7137 | Path: GPU-cuStateVec MPI-distributed (4 ranks)
Iter 0312 | Energy: -16.081349 | Delta: 1.13e-02 | M: 8290.1303 | Path: GPU-cuStateVec MPI-distributed (4 ranks)
Iter 0313 | Energy: -16.089108 | Delta: 7.76e-03 | M: 10044.7316 | Path: GPU-cuStateVec MPI-distributed (4 ranks)
Iter 0314 | Energy: -16.092014 | Delta: 2.91e-03 | M: 9803.9373 | Path: GPU-cuStateVec MPI-distributed (4 ranks)
Iter 0315 | Energy: -16.088538 | Delta: 3.48e-03 | M: 10259.0284 | Path: GPU-cuStateVec MPI-distributed (4 ranks)
[RESILIENCE] Iteration 315: Global theta state checkpointed at path checkpoints/BeH2/checkpoint_iter_0315.npy. 
Iter 0316 | Energy: -16.083990 | Delta: 4.55e-03 | M: 8930.9418 | Path: GPU-cuStateVec MPI-distributed (4 ranks)
Iter 0317 | Energy: -16.188467 | Delta: 1.04e-01 | M: 9544.4022 | Path: GPU-cuStateVec MPI-distributed (4 ranks)
Iter 0318 | Energy: -16.198673 | Delta: 1.02e-02 | M: 87.1534 | Path: GPU-cuStateVec MPI-distributed (4 ranks)
Iter 0319 | Energy: -16.190148 | Delta: 8.52e-03 | M: 6232.3668 | Path: GPU-cuStateVec MPI-distributed (4 ranks)
Iter 0320 | Energy: -16.184334 | Delta: 5.81e-03 | M: 9971.8676 | Path: GPU-cuStateVec MPI-distributed (4 ranks)
[RESILIENCE] Iteration 320: Global theta state checkpointed at path checkpoints/BeH2/checkpoint_iter_0320.npy. 
Iter 0321 | Energy: -16.210676 | Delta: 2.63e-02 | M: 32.4982 | Path: GPU-cuStateVec MPI-distributed (4 ranks)
Iter 0322 | Energy: -16.210178 | Delta: 4.99e-04 | M: 97.7808 | Path: GPU-cuStateVec MPI-distributed (4 ranks)
Iter 0323 | Energy: -16.250869 | Delta: 4.07e-02 | M: 9883.5794 | Path: GPU-cuStateVec MPI-distributed (4 ranks)
Iter 0324 | Energy: -16.258800 | Delta: 7.93e-03 | M: 9987.2854 | Path: GPU-cuStateVec MPI-distributed (4 ranks)
Iter 0325 | Energy: -16.258014 | Delta: 7.86e-04 | M: 9561.4169 | Path: GPU-cuStateVec MPI-distributed (4 ranks)
[RESILIENCE] Iteration 325: Global theta state checkpointed at path checkpoints/BeH2/checkpoint_iter_0325.npy. 
Iter 0326 | Energy: -16.262320 | Delta: 4.31e-03 | M: 8845.1800 | Path: GPU-cuStateVec MPI-distributed (4 ranks)
Iter 0327 | Energy: -16.258168 | Delta: 4.15e-03 | M: 9328.8121 | Path: GPU-cuStateVec MPI-distributed (4 ranks)
Iter 0328 | Energy: -16.269656 | Delta: 1.15e-02 | M: 10257.7111 | Path: GPU-cuStateVec MPI-distributed (4 ranks)
Iter 0329 | Energy: -16.265904 | Delta: 3.75e-03 | M: 9094.0795 | Path: GPU-cuStateVec MPI-distributed (4 ranks)
Iter 0330 | Energy: -16.273076 | Delta: 7.17e-03 | M: 9354.6798 | Path: GPU-cuStateVec MPI-distributed (4 ranks)
[RESILIENCE] Iteration 330: Global theta state checkpointed at path checkpoints/BeH2/checkpoint_iter_0330.npy. 
Iter 0331 | Energy: -16.266265 | Delta: 6.81e-03 | M: 8257.0635 | Path: GPU-cuStateVec MPI-distributed (4 ranks)
Iter 0332 | Energy: -16.273594 | Delta: 7.33e-03 | M: 9316.6062 | Path: GPU-cuStateVec MPI-distributed (4 ranks)
Iter 0333 | Energy: -16.287207 | Delta: 1.36e-02 | M: 9564.0583 | Path: GPU-cuStateVec MPI-distributed (4 ranks)
Iter 0334 | Energy: -16.319937 | Delta: 3.27e-02 | M: 9815.9460 | Path: GPU-cuStateVec MPI-distributed (4 ranks)
Iter 0335 | Energy: -16.329844 | Delta: 9.91e-03 | M: 10230.0259 | Path: GPU-cuStateVec MPI-distributed (4 ranks)
[RESILIENCE] Iteration 335: Global theta state checkpointed at path checkpoints/BeH2/checkpoint_iter_0335.npy. 
Iter 0336 | Energy: -16.402007 | Delta: 7.22e-02 | M: 9948.0131 | Path: GPU-cuStateVec MPI-distributed (4 ranks)
Iter 0337 | Energy: -16.422140 | Delta: 2.01e-02 | M: 9777.0075 | Path: GPU-cuStateVec MPI-distributed (4 ranks)
Iter 0338 | Energy: -16.483275 | Delta: 6.11e-02 | M: 7253.0699 | Path: GPU-cuStateVec MPI-distributed (4 ranks)
Iter 0339 | Energy: -16.495230 | Delta: 1.20e-02 | M: 7660.6061 | Path: GPU-cuStateVec MPI-distributed (4 ranks)
Iter 0340 | Energy: -16.507754 | Delta: 1.25e-02 | M: 7262.5192 | Path: GPU-cuStateVec MPI-distributed (4 ranks)
[RESILIENCE] Iteration 340: Global theta state checkpointed at path checkpoints/BeH2/checkpoint_iter_0340.npy. 
Iter 0341 | Energy: -16.492060 | Delta: 1.57e-02 | M: 7132.8931 | Path: GPU-cuStateVec MPI-distributed (4 ranks)
Iter 0342 | Energy: -16.509894 | Delta: 1.78e-02 | M: 40.6097 | Path: GPU-cuStateVec MPI-distributed (4 ranks)
Iter 0343 | Energy: -16.541265 | Delta: 3.14e-02 | M: 7665.6832 | Path: GPU-cuStateVec MPI-distributed (4 ranks)
Iter 0344 | Energy: -16.557121 | Delta: 1.59e-02 | M: 6665.3836 | Path: GPU-cuStateVec MPI-distributed (4 ranks)
Iter 0345 | Energy: -16.581800 | Delta: 2.47e-02 | M: 58.9851 | Path: GPU-cuStateVec MPI-distributed (4 ranks)
[RESILIENCE] Iteration 345: Global theta state checkpointed at path checkpoints/BeH2/checkpoint_iter_0345.npy. 
Iter 0346 | Energy: -16.590883 | Delta: 9.08e-03 | M: 6654.9575 | Path: GPU-cuStateVec MPI-distributed (4 ranks)
Iter 0347 | Energy: -16.623691 | Delta: 3.28e-02 | M: 6378.1338 | Path: GPU-cuStateVec MPI-distributed (4 ranks)
Iter 0348 | Energy: -16.637198 | Delta: 1.35e-02 | M: 5914.6760 | Path: GPU-cuStateVec MPI-distributed (4 ranks)
Iter 0349 | Energy: -16.636424 | Delta: 7.74e-04 | M: 7433.3346 | Path: GPU-cuStateVec MPI-distributed (4 ranks)
Iter 0350 | Energy: -16.634430 | Delta: 1.99e-03 | M: 7020.2084 | Path: GPU-cuStateVec MPI-distributed (4 ranks)
[RESILIENCE] Iteration 350: Global theta state checkpointed at path checkpoints/BeH2/checkpoint_iter_0350.npy. 
Iter 0351 | Energy: -16.659546 | Delta: 2.51e-02 | M: 49.1414 | Path: GPU-cuStateVec MPI-distributed (4 ranks)
Iter 0352 | Energy: -16.664420 | Delta: 4.87e-03 | M: 49.2564 | Path: GPU-cuStateVec MPI-distributed (4 ranks)
Iter 0353 | Energy: -16.659827 | Delta: 4.59e-03 | M: 9334.0228 | Path: GPU-cuStateVec MPI-distributed (4 ranks)
Iter 0354 | Energy: -16.664312 | Delta: 4.49e-03 | M: 32.8033 | Path: GPU-cuStateVec MPI-distributed (4 ranks)
Iter 0355 | Energy: -16.650074 | Delta: 1.42e-02 | M: 81.2732 | Path: GPU-cuStateVec MPI-distributed (4 ranks)
[RESILIENCE] Iteration 355: Global theta state checkpointed at path checkpoints/BeH2/checkpoint_iter_0355.npy. 
Iter 0356 | Energy: -16.666071 | Delta: 1.60e-02 | M: 8601.4086 | Path: GPU-cuStateVec MPI-distributed (4 ranks)
Iter 0357 | Energy: -16.681003 | Delta: 1.49e-02 | M: 9183.4327 | Path: GPU-cuStateVec MPI-distributed (4 ranks)
Iter 0358 | Energy: -16.686931 | Delta: 5.93e-03 | M: 75.8654 | Path: GPU-cuStateVec MPI-distributed (4 ranks)
Iter 0359 | Energy: -16.676513 | Delta: 1.04e-02 | M: 82.4973 | Path: GPU-cuStateVec MPI-distributed (4 ranks)
Iter 0360 | Energy: -16.681742 | Delta: 5.23e-03 | M: 24.4110 | Path: GPU-cuStateVec MPI-distributed (4 ranks)
[RESILIENCE] Iteration 360: Global theta state checkpointed at path checkpoints/BeH2/checkpoint_iter_0360.npy. 
Iter 0361 | Energy: -16.670000 | Delta: 1.17e-02 | M: 9007.7113 | Path: GPU-cuStateVec MPI-distributed (4 ranks)
Iter 0362 | Energy: -16.703056 | Delta: 3.31e-02 | M: 10158.6296 | Path: GPU-cuStateVec MPI-distributed (4 ranks)
Iter 0363 | Energy: -16.736393 | Delta: 3.33e-02 | M: 10206.3147 | Path: GPU-cuStateVec MPI-distributed (4 ranks)
Iter 0364 | Energy: -16.757353 | Delta: 2.10e-02 | M: 75.3498 | Path: GPU-cuStateVec MPI-distributed (4 ranks)
Iter 0365 | Energy: -16.786285 | Delta: 2.89e-02 | M: 9472.3001 | Path: GPU-cuStateVec MPI-distributed (4 ranks)
[RESILIENCE] Iteration 365: Global theta state checkpointed at path checkpoints/BeH2/checkpoint_iter_0365.npy. 
Iter 0366 | Energy: -16.801600 | Delta: 1.53e-02 | M: 8098.6643 | Path: GPU-cuStateVec MPI-distributed (4 ranks)
Iter 0367 | Energy: -16.809724 | Delta: 8.12e-03 | M: 109.4651 | Path: GPU-cuStateVec MPI-distributed (4 ranks)
Iter 0368 | Energy: -16.809282 | Delta: 4.42e-04 | M: 9229.6368 | Path: GPU-cuStateVec MPI-distributed (4 ranks)
Iter 0369 | Energy: -16.824692 | Delta: 1.54e-02 | M: 9142.1732 | Path: GPU-cuStateVec MPI-distributed (4 ranks)
Iter 0370 | Energy: -16.840899 | Delta: 1.62e-02 | M: 114.3094 | Path: GPU-cuStateVec MPI-distributed (4 ranks)
[RESILIENCE] Iteration 370: Global theta state checkpointed at path checkpoints/BeH2/checkpoint_iter_0370.npy. 
Iter 0371 | Energy: -16.836370 | Delta: 4.53e-03 | M: 7834.9797 | Path: GPU-cuStateVec MPI-distributed (4 ranks)
Iter 0372 | Energy: -16.862506 | Delta: 2.61e-02 | M: 43.5922 | Path: GPU-cuStateVec MPI-distributed (4 ranks)
Iter 0373 | Energy: -16.873101 | Delta: 1.06e-02 | M: 8385.7747 | Path: GPU-cuStateVec MPI-distributed (4 ranks)
Iter 0374 | Energy: -16.928369 | Delta: 5.53e-02 | M: 8616.6190 | Path: GPU-cuStateVec MPI-distributed (4 ranks)
Iter 0375 | Energy: -16.945501 | Delta: 1.71e-02 | M: 88.2332 | Path: GPU-cuStateVec MPI-distributed (4 ranks)
[RESILIENCE] Iteration 375: Global theta state checkpointed at path checkpoints/BeH2/checkpoint_iter_0375.npy. 
Iter 0376 | Energy: -16.939694 | Delta: 5.81e-03 | M: 85.3474 | Path: GPU-cuStateVec MPI-distributed (4 ranks)
Iter 0377 | Energy: -16.936229 | Delta: 3.46e-03 | M: 9108.1650 | Path: GPU-cuStateVec MPI-distributed (4 ranks)
Iter 0378 | Energy: -16.943255 | Delta: 7.03e-03 | M: 59.6234 | Path: GPU-cuStateVec MPI-distributed (4 ranks)
Iter 0379 | Energy: -16.949812 | Delta: 6.56e-03 | M: 68.9505 | Path: GPU-cuStateVec MPI-distributed (4 ranks)
Iter 0380 | Energy: -16.952050 | Delta: 2.24e-03 | M: 92.1047 | Path: GPU-cuStateVec MPI-distributed (4 ranks)
[RESILIENCE] Iteration 380: Global theta state checkpointed at path checkpoints/BeH2/checkpoint_iter_0380.npy. 
Iter 0381 | Energy: -16.944479 | Delta: 7.57e-03 | M: 8914.4570 | Path: GPU-cuStateVec MPI-distributed (4 ranks)
Iter 0382 | Energy: -16.955072 | Delta: 1.06e-02 | M: 9151.7195 | Path: GPU-cuStateVec MPI-distributed (4 ranks)
Iter 0383 | Energy: -16.964589 | Delta: 9.52e-03 | M: 8858.7961 | Path: GPU-cuStateVec MPI-distributed (4 ranks)
Iter 0384 | Energy: -16.962478 | Delta: 2.11e-03 | M: 40.1516 | Path: GPU-cuStateVec MPI-distributed (4 ranks)
Iter 0385 | Energy: -16.968551 | Delta: 6.07e-03 | M: 8143.2022 | Path: GPU-cuStateVec MPI-distributed (4 ranks)
[RESILIENCE] Iteration 385: Global theta state checkpointed at path checkpoints/BeH2/checkpoint_iter_0385.npy. 
Iter 0386 | Energy: -16.988718 | Delta: 2.02e-02 | M: 6978.8992 | Path: GPU-cuStateVec MPI-distributed (4 ranks)
Iter 0387 | Energy: -16.979170 | Delta: 9.55e-03 | M: 8355.7535 | Path: GPU-cuStateVec MPI-distributed (4 ranks)
Iter 0388 | Energy: -16.992484 | Delta: 1.33e-02 | M: 85.8461 | Path: GPU-cuStateVec MPI-distributed (4 ranks)
Iter 0389 | Energy: -16.995805 | Delta: 3.32e-03 | M: 8885.2555 | Path: GPU-cuStateVec MPI-distributed (4 ranks)
Iter 0390 | Energy: -17.008710 | Delta: 1.29e-02 | M: 47.9534 | Path: GPU-cuStateVec MPI-distributed (4 ranks)
[RESILIENCE] Iteration 390: Global theta state checkpointed at path checkpoints/BeH2/checkpoint_iter_0390.npy. 
Iter 0391 | Energy: -17.021549 | Delta: 1.28e-02 | M: 6150.0623 | Path: GPU-cuStateVec MPI-distributed (4 ranks)
Iter 0392 | Energy: -17.009511 | Delta: 1.20e-02 | M: 191.3059 | Path: GPU-cuStateVec MPI-distributed (4 ranks)
Iter 0393 | Energy: -17.012687 | Delta: 3.18e-03 | M: 9913.3897 | Path: GPU-cuStateVec MPI-distributed (4 ranks)
Iter 0394 | Energy: -17.014069 | Delta: 1.38e-03 | M: 9853.3198 | Path: GPU-cuStateVec MPI-distributed (4 ranks)
Iter 0395 | Energy: -17.010223 | Delta: 3.85e-03 | M: 8827.8750 | Path: GPU-cuStateVec MPI-distributed (4 ranks)
[RESILIENCE] Iteration 395: Global theta state checkpointed at path checkpoints/BeH2/checkpoint_iter_0395.npy. 
Iter 0396 | Energy: -17.043289 | Delta: 3.31e-02 | M: 53.2481 | Path: GPU-cuStateVec MPI-distributed (4 ranks)
Iter 0397 | Energy: -17.041780 | Delta: 1.51e-03 | M: 39.2694 | Path: GPU-cuStateVec MPI-distributed (4 ranks)
Iter 0398 | Energy: -17.044688 | Delta: 2.91e-03 | M: 10797.1016 | Path: GPU-cuStateVec MPI-distributed (4 ranks)
Iter 0399 | Energy: -17.064522 | Delta: 1.98e-02 | M: 9476.6259 | Path: GPU-cuStateVec MPI-distributed (4 ranks)
Iter 0400 | Energy: -17.062177 | Delta: 2.34e-03 | M: 9653.0869 | Path: GPU-cuStateVec MPI-distributed (4 ranks)
[RESILIENCE] Iteration 400: Global theta state checkpointed at path checkpoints/BeH2/checkpoint_iter_0400.npy. 
Iter 0401 | Energy: -17.069390 | Delta: 7.21e-03 | M: 8369.1610 | Path: GPU-cuStateVec MPI-distributed (4 ranks)
Iter 0402 | Energy: -17.082139 | Delta: 1.27e-02 | M: 9799.7691 | Path: GPU-cuStateVec MPI-distributed (4 ranks)
Iter 0403 | Energy: -17.095517 | Delta: 1.34e-02 | M: 9682.6252 | Path: GPU-cuStateVec MPI-distributed (4 ranks)
Iter 0404 | Energy: -17.095685 | Delta: 1.68e-04 | M: 9376.1264 | Path: GPU-cuStateVec MPI-distributed (4 ranks)
Iter 0405 | Energy: -17.101382 | Delta: 5.70e-03 | M: 8707.8611 | Path: GPU-cuStateVec MPI-distributed (4 ranks)
[RESILIENCE] Iteration 405: Global theta state checkpointed at path checkpoints/BeH2/checkpoint_iter_0405.npy. 
Iter 0406 | Energy: -17.120672 | Delta: 1.93e-02 | M: 9305.2053 | Path: GPU-cuStateVec MPI-distributed (4 ranks)
Iter 0407 | Energy: -17.122051 | Delta: 1.38e-03 | M: 9564.1663 | Path: GPU-cuStateVec MPI-distributed (4 ranks)
Iter 0408 | Energy: -17.119730 | Delta: 2.32e-03 | M: 9145.6482 | Path: GPU-cuStateVec MPI-distributed (4 ranks)
Iter 0409 | Energy: -17.140485 | Delta: 2.08e-02 | M: 60.0006 | Path: GPU-cuStateVec MPI-distributed (4 ranks)
Iter 0410 | Energy: -17.118854 | Delta: 2.16e-02 | M: 10872.9035 | Path: GPU-cuStateVec MPI-distributed (4 ranks)
[RESILIENCE] Iteration 410: Global theta state checkpointed at path checkpoints/BeH2/checkpoint_iter_0410.npy. 
Iter 0411 | Energy: -17.126977 | Delta: 8.12e-03 | M: 9480.7807 | Path: GPU-cuStateVec MPI-distributed (4 ranks)
Iter 0412 | Energy: -17.137767 | Delta: 1.08e-02 | M: 7768.9181 | Path: GPU-cuStateVec MPI-distributed (4 ranks)
Iter 0413 | Energy: -17.139940 | Delta: 2.17e-03 | M: 7475.7155 | Path: GPU-cuStateVec MPI-distributed (4 ranks)
Iter 0414 | Energy: -17.165270 | Delta: 2.53e-02 | M: 69.6637 | Path: GPU-cuStateVec MPI-distributed (4 ranks)
Iter 0415 | Energy: -17.175076 | Delta: 9.81e-03 | M: 70.4161 | Path: GPU-cuStateVec MPI-distributed (4 ranks)
[RESILIENCE] Iteration 415: Global theta state checkpointed at path checkpoints/BeH2/checkpoint_iter_0415.npy. 
Iter 0416 | Energy: -17.172179 | Delta: 2.90e-03 | M: 67.2331 | Path: GPU-cuStateVec MPI-distributed (4 ranks)
Iter 0417 | Energy: -17.173454 | Delta: 1.27e-03 | M: 8496.8806 | Path: GPU-cuStateVec MPI-distributed (4 ranks)
Iter 0418 | Energy: -17.166867 | Delta: 6.59e-03 | M: 9533.6631 | Path: GPU-cuStateVec MPI-distributed (4 ranks)
Iter 0419 | Energy: -17.183559 | Delta: 1.67e-02 | M: 8541.0421 | Path: GPU-cuStateVec MPI-distributed (4 ranks)
Iter 0420 | Energy: -17.181423 | Delta: 2.14e-03 | M: 71.5195 | Path: GPU-cuStateVec MPI-distributed (4 ranks)
[RESILIENCE] Iteration 420: Global theta state checkpointed at path checkpoints/BeH2/checkpoint_iter_0420.npy. 
Iter 0421 | Energy: -17.171786 | Delta: 9.64e-03 | M: 63.0345 | Path: GPU-cuStateVec MPI-distributed (4 ranks)
Iter 0422 | Energy: -17.193422 | Delta: 2.16e-02 | M: 7426.8043 | Path: GPU-cuStateVec MPI-distributed (4 ranks)
Iter 0423 | Energy: -17.201828 | Delta: 8.41e-03 | M: 9125.5306 | Path: GPU-cuStateVec MPI-distributed (4 ranks)
Iter 0424 | Energy: -17.205510 | Delta: 3.68e-03 | M: 8621.8411 | Path: GPU-cuStateVec MPI-distributed (4 ranks)
Iter 0425 | Energy: -17.237581 | Delta: 3.21e-02 | M: 8349.0980 | Path: GPU-cuStateVec MPI-distributed (4 ranks)
[RESILIENCE] Iteration 425: Global theta state checkpointed at path checkpoints/BeH2/checkpoint_iter_0425.npy. 
Iter 0426 | Energy: -17.241979 | Delta: 4.40e-03 | M: 9155.6783 | Path: GPU-cuStateVec MPI-distributed (4 ranks)
Iter 0427 | Energy: -17.249382 | Delta: 7.40e-03 | M: 8343.2311 | Path: GPU-cuStateVec MPI-distributed (4 ranks)
Iter 0428 | Energy: -17.247288 | Delta: 2.09e-03 | M: 7763.8930 | Path: GPU-cuStateVec MPI-distributed (4 ranks)
Iter 0429 | Energy: -17.267770 | Delta: 2.05e-02 | M: 9330.4310 | Path: GPU-cuStateVec MPI-distributed (4 ranks)
Iter 0430 | Energy: -17.256266 | Delta: 1.15e-02 | M: 7764.6976 | Path: GPU-cuStateVec MPI-distributed (4 ranks)
[RESILIENCE] Iteration 430: Global theta state checkpointed at path checkpoints/BeH2/checkpoint_iter_0430.npy. 
Iter 0431 | Energy: -17.270421 | Delta: 1.42e-02 | M: 7245.9894 | Path: GPU-cuStateVec MPI-distributed (4 ranks)
Iter 0432 | Energy: -17.274820 | Delta: 4.40e-03 | M: 6661.6701 | Path: GPU-cuStateVec MPI-distributed (4 ranks)
Iter 0433 | Energy: -17.285319 | Delta: 1.05e-02 | M: 78.7017 | Path: GPU-cuStateVec MPI-distributed (4 ranks)
Iter 0434 | Energy: -17.279284 | Delta: 6.04e-03 | M: 9257.2686 | Path: GPU-cuStateVec MPI-distributed (4 ranks)
Iter 0435 | Energy: -17.301458 | Delta: 2.22e-02 | M: 8825.2367 | Path: GPU-cuStateVec MPI-distributed (4 ranks)
[RESILIENCE] Iteration 435: Global theta state checkpointed at path checkpoints/BeH2/checkpoint_iter_0435.npy. 
Iter 0436 | Energy: -17.282740 | Delta: 1.87e-02 | M: 98.1057 | Path: GPU-cuStateVec MPI-distributed (4 ranks)
Iter 0437 | Energy: -17.294005 | Delta: 1.13e-02 | M: 8866.1858 | Path: GPU-cuStateVec MPI-distributed (4 ranks)
Iter 0438 | Energy: -17.284311 | Delta: 9.69e-03 | M: 101.0206 | Path: GPU-cuStateVec MPI-distributed (4 ranks)
Iter 0439 | Energy: -17.289380 | Delta: 5.07e-03 | M: 5628.5615 | Path: GPU-cuStateVec MPI-distributed (4 ranks)
Iter 0440 | Energy: -17.301485 | Delta: 1.21e-02 | M: 8167.6361 | Path: GPU-cuStateVec MPI-distributed (4 ranks)
[RESILIENCE] Iteration 440: Global theta state checkpointed at path checkpoints/BeH2/checkpoint_iter_0440.npy. 
Iter 0441 | Energy: -17.304062 | Delta: 2.58e-03 | M: 9301.8514 | Path: GPU-cuStateVec MPI-distributed (4 ranks)
Iter 0442 | Energy: -17.308596 | Delta: 4.53e-03 | M: 108.1326 | Path: GPU-cuStateVec MPI-distributed (4 ranks)
Iter 0443 | Energy: -17.306442 | Delta: 2.15e-03 | M: 8658.8735 | Path: GPU-cuStateVec MPI-distributed (4 ranks)
Iter 0444 | Energy: -17.336739 | Delta: 3.03e-02 | M: 134.8745 | Path: GPU-cuStateVec MPI-distributed (4 ranks)
Iter 0445 | Energy: -17.330764 | Delta: 5.98e-03 | M: 8604.4923 | Path: GPU-cuStateVec MPI-distributed (4 ranks)
[RESILIENCE] Iteration 445: Global theta state checkpointed at path checkpoints/BeH2/checkpoint_iter_0445.npy. 
Iter 0446 | Energy: -17.322177 | Delta: 8.59e-03 | M: 9633.4378 | Path: GPU-cuStateVec MPI-distributed (4 ranks)
Iter 0447 | Energy: -17.316672 | Delta: 5.50e-03 | M: 8039.5295 | Path: GPU-cuStateVec MPI-distributed (4 ranks)
Iter 0448 | Energy: -17.335022 | Delta: 1.84e-02 | M: 9116.5168 | Path: GPU-cuStateVec MPI-distributed (4 ranks)
Iter 0449 | Energy: -17.340839 | Delta: 5.82e-03 | M: 8818.7420 | Path: GPU-cuStateVec MPI-distributed (4 ranks)
Iter 0450 | Energy: -17.351713 | Delta: 1.09e-02 | M: 8832.3829 | Path: GPU-cuStateVec MPI-distributed (4 ranks)
[RESILIENCE] Iteration 450: Global theta state checkpointed at path checkpoints/BeH2/checkpoint_iter_0450.npy. 
Iter 0451 | Energy: -17.341685 | Delta: 1.00e-02 | M: 7170.4536 | Path: GPU-cuStateVec MPI-distributed (4 ranks)
Iter 0452 | Energy: -17.342404 | Delta: 7.18e-04 | M: 7932.6957 | Path: GPU-cuStateVec MPI-distributed (4 ranks)
Iter 0453 | Energy: -17.365128 | Delta: 2.27e-02 | M: 8598.6285 | Path: GPU-cuStateVec MPI-distributed (4 ranks)
Iter 0454 | Energy: -17.373258 | Delta: 8.13e-03 | M: 9083.5242 | Path: GPU-cuStateVec MPI-distributed (4 ranks)
Iter 0455 | Energy: -17.364688 | Delta: 8.57e-03 | M: 8446.2670 | Path: GPU-cuStateVec MPI-distributed (4 ranks)
[RESILIENCE] Iteration 455: Global theta state checkpointed at path checkpoints/BeH2/checkpoint_iter_0455.npy. 
Iter 0456 | Energy: -17.366196 | Delta: 1.51e-03 | M: 81.8115 | Path: GPU-cuStateVec MPI-distributed (4 ranks)
Iter 0457 | Energy: -17.380514 | Delta: 1.43e-02 | M: 8056.5827 | Path: GPU-cuStateVec MPI-distributed (4 ranks)
Iter 0458 | Energy: -17.383754 | Delta: 3.24e-03 | M: 9569.2778 | Path: GPU-cuStateVec MPI-distributed (4 ranks)
Iter 0459 | Energy: -17.400509 | Delta: 1.68e-02 | M: 9923.2209 | Path: GPU-cuStateVec MPI-distributed (4 ranks)
Iter 0460 | Energy: -17.390176 | Delta: 1.03e-02 | M: 9721.1872 | Path: GPU-cuStateVec MPI-distributed (4 ranks)
[RESILIENCE] Iteration 460: Global theta state checkpointed at path checkpoints/BeH2/checkpoint_iter_0460.npy. 
Iter 0461 | Energy: -17.391987 | Delta: 1.81e-03 | M: 8895.9831 | Path: GPU-cuStateVec MPI-distributed (4 ranks)
Iter 0462 | Energy: -17.397762 | Delta: 5.77e-03 | M: 34.3870 | Path: GPU-cuStateVec MPI-distributed (4 ranks)
Iter 0463 | Energy: -17.402897 | Delta: 5.13e-03 | M: 53.2543 | Path: GPU-cuStateVec MPI-distributed (4 ranks)
Iter 0464 | Energy: -17.400246 | Delta: 2.65e-03 | M: 75.3128 | Path: GPU-cuStateVec MPI-distributed (4 ranks)
Iter 0465 | Energy: -17.403152 | Delta: 2.91e-03 | M: 9885.3659 | Path: GPU-cuStateVec MPI-distributed (4 ranks)
[RESILIENCE] Iteration 465: Global theta state checkpointed at path checkpoints/BeH2/checkpoint_iter_0465.npy. 
Iter 0466 | Energy: -17.413932 | Delta: 1.08e-02 | M: 41.5192 | Path: GPU-cuStateVec MPI-distributed (4 ranks)
Iter 0467 | Energy: -17.414034 | Delta: 1.02e-04 | M: 9337.4106 | Path: GPU-cuStateVec MPI-distributed (4 ranks)
Iter 0468 | Energy: -17.413685 | Delta: 3.49e-04 | M: 9758.0746 | Path: GPU-cuStateVec MPI-distributed (4 ranks)
Iter 0469 | Energy: -17.414160 | Delta: 4.75e-04 | M: 9385.7039 | Path: GPU-cuStateVec MPI-distributed (4 ranks)
Iter 0470 | Energy: -17.415994 | Delta: 1.83e-03 | M: 10032.8921 | Path: GPU-cuStateVec MPI-distributed (4 ranks)
[RESILIENCE] Iteration 470: Global theta state checkpointed at path checkpoints/BeH2/checkpoint_iter_0470.npy. 
Iter 0471 | Energy: -17.416530 | Delta: 5.36e-04 | M: 10359.0158 | Path: GPU-cuStateVec MPI-distributed (4 ranks)
Iter 0472 | Energy: -17.410995 | Delta: 5.53e-03 | M: 10300.4078 | Path: GPU-cuStateVec MPI-distributed (4 ranks)
Iter 0473 | Energy: -17.420537 | Delta: 9.54e-03 | M: 10323.6876 | Path: GPU-cuStateVec MPI-distributed (4 ranks)
Iter 0474 | Energy: -17.428543 | Delta: 8.01e-03 | M: 9380.9040 | Path: GPU-cuStateVec MPI-distributed (4 ranks)
Iter 0475 | Energy: -17.425486 | Delta: 3.06e-03 | M: 34.8601 | Path: GPU-cuStateVec MPI-distributed (4 ranks)
[RESILIENCE] Iteration 475: Global theta state checkpointed at path checkpoints/BeH2/checkpoint_iter_0475.npy. 
Iter 0476 | Energy: -17.431650 | Delta: 6.16e-03 | M: 8778.1512 | Path: GPU-cuStateVec MPI-distributed (4 ranks)
Iter 0477 | Energy: -17.439612 | Delta: 7.96e-03 | M: 9735.6873 | Path: GPU-cuStateVec MPI-distributed (4 ranks)
Iter 0478 | Energy: -17.434316 | Delta: 5.30e-03 | M: 9346.4998 | Path: GPU-cuStateVec MPI-distributed (4 ranks)
Iter 0479 | Energy: -17.442516 | Delta: 8.20e-03 | M: 8874.6321 | Path: GPU-cuStateVec MPI-distributed (4 ranks)
Iter 0480 | Energy: -17.444635 | Delta: 2.12e-03 | M: 105.6256 | Path: GPU-cuStateVec MPI-distributed (4 ranks)
[RESILIENCE] Iteration 480: Global theta state checkpointed at path checkpoints/BeH2/checkpoint_iter_0480.npy. 
Iter 0481 | Energy: -17.437031 | Delta: 7.60e-03 | M: 8676.0122 | Path: GPU-cuStateVec MPI-distributed (4 ranks)
Iter 0482 | Energy: -17.454004 | Delta: 1.70e-02 | M: 9800.5440 | Path: GPU-cuStateVec MPI-distributed (4 ranks)
Iter 0483 | Energy: -17.452504 | Delta: 1.50e-03 | M: 9757.3884 | Path: GPU-cuStateVec MPI-distributed (4 ranks)
Iter 0484 | Energy: -17.454794 | Delta: 2.29e-03 | M: 9538.9646 | Path: GPU-cuStateVec MPI-distributed (4 ranks)
Iter 0485 | Energy: -17.461127 | Delta: 6.33e-03 | M: 9096.5652 | Path: GPU-cuStateVec MPI-distributed (4 ranks)
[RESILIENCE] Iteration 485: Global theta state checkpointed at path checkpoints/BeH2/checkpoint_iter_0485.npy. 
Iter 0486 | Energy: -17.456593 | Delta: 4.53e-03 | M: 40.0405 | Path: GPU-cuStateVec MPI-distributed (4 ranks)
Iter 0487 | Energy: -17.467318 | Delta: 1.07e-02 | M: 9893.1336 | Path: GPU-cuStateVec MPI-distributed (4 ranks)
Iter 0488 | Energy: -17.470162 | Delta: 2.84e-03 | M: 10349.1104 | Path: GPU-cuStateVec MPI-distributed (4 ranks)
Iter 0489 | Energy: -17.467359 | Delta: 2.80e-03 | M: 9452.7353 | Path: GPU-cuStateVec MPI-distributed (4 ranks)
Iter 0490 | Energy: -17.475211 | Delta: 7.85e-03 | M: 92.7295 | Path: GPU-cuStateVec MPI-distributed (4 ranks)
[RESILIENCE] Iteration 490: Global theta state checkpointed at path checkpoints/BeH2/checkpoint_iter_0490.npy. 
Iter 0491 | Energy: -17.473044 | Delta: 2.17e-03 | M: 13.4881 | Path: GPU-cuStateVec MPI-distributed (4 ranks)
Iter 0492 | Energy: -17.488776 | Delta: 1.57e-02 | M: 10397.7582 | Path: GPU-cuStateVec MPI-distributed (4 ranks)
Iter 0493 | Energy: -17.494275 | Delta: 5.50e-03 | M: 10326.3993 | Path: GPU-cuStateVec MPI-distributed (4 ranks)
Iter 0494 | Energy: -17.483021 | Delta: 1.13e-02 | M: 10046.3225 | Path: GPU-cuStateVec MPI-distributed (4 ranks)
Iter 0495 | Energy: -17.471461 | Delta: 1.16e-02 | M: 9179.3426 | Path: GPU-cuStateVec MPI-distributed (4 ranks)
[RESILIENCE] Iteration 495: Global theta state checkpointed at path checkpoints/BeH2/checkpoint_iter_0495.npy. 
Iter 0496 | Energy: -17.488838 | Delta: 1.74e-02 | M: 9498.7718 | Path: GPU-cuStateVec MPI-distributed (4 ranks)
Iter 0497 | Energy: -17.478649 | Delta: 1.02e-02 | M: 5582.5953 | Path: GPU-cuStateVec MPI-distributed (4 ranks)
Iter 0498 | Energy: -17.493802 | Delta: 1.52e-02 | M: 108.5061 | Path: GPU-cuStateVec MPI-distributed (4 ranks)
Iter 0499 | Energy: -17.490562 | Delta: 3.24e-03 | M: 6897.8307 | Path: GPU-cuStateVec MPI-distributed (4 ranks)
Iter 0500 | Energy: -17.495728 | Delta: 5.17e-03 | M: 8289.1561 | Path: GPU-cuStateVec MPI-distributed (4 ranks)
[RESILIENCE] Iteration 500: Global theta state checkpointed at path checkpoints/BeH2/checkpoint_iter_0500.npy. 
Iter 0501 | Energy: -17.498046 | Delta: 2.32e-03 | M: 8933.6073 | Path: GPU-cuStateVec MPI-distributed (4 ranks)
Iter 0502 | Energy: -17.495349 | Delta: 2.70e-03 | M: 9905.9007 | Path: GPU-cuStateVec MPI-distributed (4 ranks)
Iter 0503 | Energy: -17.497107 | Delta: 1.76e-03 | M: 10634.5857 | Path: GPU-cuStateVec MPI-distributed (4 ranks)
Iter 0504 | Energy: -17.490033 | Delta: 7.07e-03 | M: 9776.3228 | Path: GPU-cuStateVec MPI-distributed (4 ranks)
Iter 0505 | Energy: -17.495719 | Delta: 5.69e-03 | M: 8250.9166 | Path: GPU-cuStateVec MPI-distributed (4 ranks)
[RESILIENCE] Iteration 505: Global theta state checkpointed at path checkpoints/BeH2/checkpoint_iter_0505.npy. 
Iter 0506 | Energy: -17.504661 | Delta: 8.94e-03 | M: 9735.6169 | Path: GPU-cuStateVec MPI-distributed (4 ranks)
Iter 0507 | Energy: -17.508237 | Delta: 3.58e-03 | M: 9745.6562 | Path: GPU-cuStateVec MPI-distributed (4 ranks)
Iter 0508 | Energy: -17.513300 | Delta: 5.06e-03 | M: 9883.7870 | Path: GPU-cuStateVec MPI-distributed (4 ranks)
Iter 0509 | Energy: -17.521982 | Delta: 8.68e-03 | M: 9636.7196 | Path: GPU-cuStateVec MPI-distributed (4 ranks)
Iter 0510 | Energy: -17.518291 | Delta: 3.69e-03 | M: 10908.7483 | Path: GPU-cuStateVec MPI-distributed (4 ranks)
[RESILIENCE] Iteration 510: Global theta state checkpointed at path checkpoints/BeH2/checkpoint_iter_0510.npy. 
Iter 0511 | Energy: -17.523859 | Delta: 5.57e-03 | M: 9856.4973 | Path: GPU-cuStateVec MPI-distributed (4 ranks)
Iter 0512 | Energy: -17.526161 | Delta: 2.30e-03 | M: 10251.6175 | Path: GPU-cuStateVec MPI-distributed (4 ranks)
Iter 0513 | Energy: -17.535875 | Delta: 9.71e-03 | M: 46.5021 | Path: GPU-cuStateVec MPI-distributed (4 ranks)
Iter 0514 | Energy: -17.544123 | Delta: 8.25e-03 | M: 105.1611 | Path: GPU-cuStateVec MPI-distributed (4 ranks)
Iter 0515 | Energy: -17.544891 | Delta: 7.68e-04 | M: 9302.6628 | Path: GPU-cuStateVec MPI-distributed (4 ranks)
[RESILIENCE] Iteration 515: Global theta state checkpointed at path checkpoints/BeH2/checkpoint_iter_0515.npy. 
Iter 0516 | Energy: -17.537486 | Delta: 7.40e-03 | M: 108.7822 | Path: GPU-cuStateVec MPI-distributed (4 ranks)
Iter 0517 | Energy: -17.550829 | Delta: 1.33e-02 | M: 57.9113 | Path: GPU-cuStateVec MPI-distributed (4 ranks)
Iter 0518 | Energy: -17.543399 | Delta: 7.43e-03 | M: 10355.0257 | Path: GPU-cuStateVec MPI-distributed (4 ranks)
Iter 0519 | Energy: -17.551713 | Delta: 8.31e-03 | M: 8901.2907 | Path: GPU-cuStateVec MPI-distributed (4 ranks)
Iter 0520 | Energy: -17.541101 | Delta: 1.06e-02 | M: 8936.6447 | Path: GPU-cuStateVec MPI-distributed (4 ranks)
[RESILIENCE] Iteration 520: Global theta state checkpointed at path checkpoints/BeH2/checkpoint_iter_0520.npy. 
Iter 0521 | Energy: -17.563621 | Delta: 2.25e-02 | M: 9924.0658 | Path: GPU-cuStateVec MPI-distributed (4 ranks)
Iter 0522 | Energy: -17.559029 | Delta: 4.59e-03 | M: 107.1967 | Path: GPU-cuStateVec MPI-distributed (4 ranks)
Iter 0523 | Energy: -17.561017 | Delta: 1.99e-03 | M: 8576.9272 | Path: GPU-cuStateVec MPI-distributed (4 ranks)
Iter 0524 | Energy: -17.568907 | Delta: 7.89e-03 | M: 10105.2630 | Path: GPU-cuStateVec MPI-distributed (4 ranks)
Iter 0525 | Energy: -17.570238 | Delta: 1.33e-03 | M: 7828.7084 | Path: GPU-cuStateVec MPI-distributed (4 ranks)
[RESILIENCE] Iteration 525: Global theta state checkpointed at path checkpoints/BeH2/checkpoint_iter_0525.npy. 
Iter 0526 | Energy: -17.546867 | Delta: 2.34e-02 | M: 98.3456 | Path: GPU-cuStateVec MPI-distributed (4 ranks)
Iter 0527 | Energy: -17.566875 | Delta: 2.00e-02 | M: 10193.2974 | Path: GPU-cuStateVec MPI-distributed (4 ranks)
Iter 0528 | Energy: -17.579576 | Delta: 1.27e-02 | M: 96.3444 | Path: GPU-cuStateVec MPI-distributed (4 ranks)
Iter 0529 | Energy: -17.582774 | Delta: 3.20e-03 | M: 29.4988 | Path: GPU-cuStateVec MPI-distributed (4 ranks)
Iter 0530 | Energy: -17.571168 | Delta: 1.16e-02 | M: 7770.7083 | Path: GPU-cuStateVec MPI-distributed (4 ranks)
[RESILIENCE] Iteration 530: Global theta state checkpointed at path checkpoints/BeH2/checkpoint_iter_0530.npy. 
Iter 0531 | Energy: -17.578017 | Delta: 6.85e-03 | M: 9483.1091 | Path: GPU-cuStateVec MPI-distributed (4 ranks)
Iter 0532 | Energy: -17.566667 | Delta: 1.13e-02 | M: 9970.9306 | Path: GPU-cuStateVec MPI-distributed (4 ranks)
Iter 0533 | Energy: -17.591253 | Delta: 2.46e-02 | M: 10082.6102 | Path: GPU-cuStateVec MPI-distributed (4 ranks)
Iter 0534 | Energy: -17.591193 | Delta: 6.04e-05 | M: 96.8615 | Path: GPU-cuStateVec MPI-distributed (4 ranks)
Iter 0535 | Energy: -17.604249 | Delta: 1.31e-02 | M: 106.2389 | Path: GPU-cuStateVec MPI-distributed (4 ranks)
[RESILIENCE] Iteration 535: Global theta state checkpointed at path checkpoints/BeH2/checkpoint_iter_0535.npy. 
Iter 0536 | Energy: -17.597634 | Delta: 6.61e-03 | M: 9070.2857 | Path: GPU-cuStateVec MPI-distributed (4 ranks)
Iter 0537 | Energy: -17.596348 | Delta: 1.29e-03 | M: 10156.0647 | Path: GPU-cuStateVec MPI-distributed (4 ranks)
Iter 0538 | Energy: -17.603305 | Delta: 6.96e-03 | M: 9981.7350 | Path: GPU-cuStateVec MPI-distributed (4 ranks)
Iter 0539 | Energy: -17.609097 | Delta: 5.79e-03 | M: 8243.9362 | Path: GPU-cuStateVec MPI-distributed (4 ranks)
Iter 0540 | Energy: -17.606729 | Delta: 2.37e-03 | M: 126.4779 | Path: GPU-cuStateVec MPI-distributed (4 ranks)
[RESILIENCE] Iteration 540: Global theta state checkpointed at path checkpoints/BeH2/checkpoint_iter_0540.npy. 
Iter 0541 | Energy: -17.597835 | Delta: 8.89e-03 | M: 82.3845 | Path: GPU-cuStateVec MPI-distributed (4 ranks)
Iter 0542 | Energy: -17.604248 | Delta: 6.41e-03 | M: 9840.0081 | Path: GPU-cuStateVec MPI-distributed (4 ranks)
Iter 0543 | Energy: -17.606965 | Delta: 2.72e-03 | M: 6475.7224 | Path: GPU-cuStateVec MPI-distributed (4 ranks)
Iter 0544 | Energy: -17.601369 | Delta: 5.60e-03 | M: 9859.8762 | Path: GPU-cuStateVec MPI-distributed (4 ranks)
Iter 0545 | Energy: -17.611198 | Delta: 9.83e-03 | M: 8923.7075 | Path: GPU-cuStateVec MPI-distributed (4 ranks)
[RESILIENCE] Iteration 545: Global theta state checkpointed at path checkpoints/BeH2/checkpoint_iter_0545.npy. 
Iter 0546 | Energy: -17.608592 | Delta: 2.61e-03 | M: 8724.6501 | Path: GPU-cuStateVec MPI-distributed (4 ranks)
Iter 0547 | Energy: -17.611431 | Delta: 2.84e-03 | M: 9907.5873 | Path: GPU-cuStateVec MPI-distributed (4 ranks)
Iter 0548 | Energy: -17.603174 | Delta: 8.26e-03 | M: 8799.5432 | Path: GPU-cuStateVec MPI-distributed (4 ranks)
Iter 0549 | Energy: -17.603075 | Delta: 9.89e-05 | M: 68.7344 | Path: GPU-cuStateVec MPI-distributed (4 ranks)
Iter 0550 | Energy: -17.616303 | Delta: 1.32e-02 | M: 7682.7348 | Path: GPU-cuStateVec MPI-distributed (4 ranks)
[RESILIENCE] Iteration 550: Global theta state checkpointed at path checkpoints/BeH2/checkpoint_iter_0550.npy. 
Iter 0551 | Energy: -17.618985 | Delta: 2.68e-03 | M: 9566.3891 | Path: GPU-cuStateVec MPI-distributed (4 ranks)
Iter 0552 | Energy: -17.620235 | Delta: 1.25e-03 | M: 9845.2960 | Path: GPU-cuStateVec MPI-distributed (4 ranks)
Iter 0553 | Energy: -17.621474 | Delta: 1.24e-03 | M: 60.6051 | Path: GPU-cuStateVec MPI-distributed (4 ranks)
Iter 0554 | Energy: -17.620820 | Delta: 6.54e-04 | M: 9486.8281 | Path: GPU-cuStateVec MPI-distributed (4 ranks)
Iter 0555 | Energy: -17.626772 | Delta: 5.95e-03 | M: 80.4009 | Path: GPU-cuStateVec MPI-distributed (4 ranks)
[RESILIENCE] Iteration 555: Global theta state checkpointed at path checkpoints/BeH2/checkpoint_iter_0555.npy. 
Iter 0556 | Energy: -17.618353 | Delta: 8.42e-03 | M: 8113.7084 | Path: GPU-cuStateVec MPI-distributed (4 ranks)
Iter 0557 | Energy: -17.630483 | Delta: 1.21e-02 | M: 99.5354 | Path: GPU-cuStateVec MPI-distributed (4 ranks)
Iter 0558 | Energy: -17.618253 | Delta: 1.22e-02 | M: 8439.4492 | Path: GPU-cuStateVec MPI-distributed (4 ranks)
Iter 0559 | Energy: -17.631093 | Delta: 1.28e-02 | M: 33.7263 | Path: GPU-cuStateVec MPI-distributed (4 ranks)
Iter 0560 | Energy: -17.635589 | Delta: 4.50e-03 | M: 10020.3407 | Path: GPU-cuStateVec MPI-distributed (4 ranks)
[RESILIENCE] Iteration 560: Global theta state checkpointed at path checkpoints/BeH2/checkpoint_iter_0560.npy. 
Iter 0561 | Energy: -17.632895 | Delta: 2.69e-03 | M: 52.7303 | Path: GPU-cuStateVec MPI-distributed (4 ranks)
Iter 0562 | Energy: -17.645609 | Delta: 1.27e-02 | M: 9454.7238 | Path: GPU-cuStateVec MPI-distributed (4 ranks)
Iter 0563 | Energy: -17.655996 | Delta: 1.04e-02 | M: 9658.3583 | Path: GPU-cuStateVec MPI-distributed (4 ranks)
Iter 0564 | Energy: -17.641647 | Delta: 1.43e-02 | M: 7716.0867 | Path: GPU-cuStateVec MPI-distributed (4 ranks)
Iter 0565 | Energy: -17.635816 | Delta: 5.83e-03 | M: 47.3297 | Path: GPU-cuStateVec MPI-distributed (4 ranks)
[RESILIENCE] Iteration 565: Global theta state checkpointed at path checkpoints/BeH2/checkpoint_iter_0565.npy. 
Iter 0566 | Energy: -17.657821 | Delta: 2.20e-02 | M: 9295.1304 | Path: GPU-cuStateVec MPI-distributed (4 ranks)
Iter 0567 | Energy: -17.651424 | Delta: 6.40e-03 | M: 9671.8957 | Path: GPU-cuStateVec MPI-distributed (4 ranks)
Iter 0568 | Energy: -17.646434 | Delta: 4.99e-03 | M: 98.9677 | Path: GPU-cuStateVec MPI-distributed (4 ranks)
Iter 0569 | Energy: -17.656324 | Delta: 9.89e-03 | M: 83.5465 | Path: GPU-cuStateVec MPI-distributed (4 ranks)
Iter 0570 | Energy: -17.662575 | Delta: 6.25e-03 | M: 129.5182 | Path: GPU-cuStateVec MPI-distributed (4 ranks)
[RESILIENCE] Iteration 570: Global theta state checkpointed at path checkpoints/BeH2/checkpoint_iter_0570.npy. 
Iter 0571 | Energy: -17.663369 | Delta: 7.94e-04 | M: 39.4566 | Path: GPU-cuStateVec MPI-distributed (4 ranks)
Iter 0572 | Energy: -17.657177 | Delta: 6.19e-03 | M: 10552.4564 | Path: GPU-cuStateVec MPI-distributed (4 ranks)
Iter 0573 | Energy: -17.658080 | Delta: 9.02e-04 | M: 64.1923 | Path: GPU-cuStateVec MPI-distributed (4 ranks)
Iter 0574 | Energy: -17.658812 | Delta: 7.33e-04 | M: 10371.0095 | Path: GPU-cuStateVec MPI-distributed (4 ranks)
Iter 0575 | Energy: -17.660633 | Delta: 1.82e-03 | M: 5.3752 | Path: GPU-cuStateVec MPI-distributed (4 ranks)
[RESILIENCE] Iteration 575: Global theta state checkpointed at path checkpoints/BeH2/checkpoint_iter_0575.npy. 
Iter 0576 | Energy: -17.662374 | Delta: 1.74e-03 | M: 62.6139 | Path: GPU-cuStateVec MPI-distributed (4 ranks)
Iter 0577 | Energy: -17.657226 | Delta: 5.15e-03 | M: 26.5746 | Path: GPU-cuStateVec MPI-distributed (4 ranks)
Iter 0578 | Energy: -17.663295 | Delta: 6.07e-03 | M: 9197.2006 | Path: GPU-cuStateVec MPI-distributed (4 ranks)
Iter 0579 | Energy: -17.668710 | Delta: 5.41e-03 | M: 100.2364 | Path: GPU-cuStateVec MPI-distributed (4 ranks)
Iter 0580 | Energy: -17.667142 | Delta: 1.57e-03 | M: 10417.2010 | Path: GPU-cuStateVec MPI-distributed (4 ranks)
[RESILIENCE] Iteration 580: Global theta state checkpointed at path checkpoints/BeH2/checkpoint_iter_0580.npy. 
Iter 0581 | Energy: -17.675557 | Delta: 8.42e-03 | M: 98.6305 | Path: GPU-cuStateVec MPI-distributed (4 ranks)
Iter 0582 | Energy: -17.664779 | Delta: 1.08e-02 | M: 83.3177 | Path: GPU-cuStateVec MPI-distributed (4 ranks)
Iter 0583 | Energy: -17.679387 | Delta: 1.46e-02 | M: 128.5296 | Path: GPU-cuStateVec MPI-distributed (4 ranks)
Iter 0584 | Energy: -17.676447 | Delta: 2.94e-03 | M: 40.0820 | Path: GPU-cuStateVec MPI-distributed (4 ranks)
Iter 0585 | Energy: -17.664142 | Delta: 1.23e-02 | M: 46.5199 | Path: GPU-cuStateVec MPI-distributed (4 ranks)
[RESILIENCE] Iteration 585: Global theta state checkpointed at path checkpoints/BeH2/checkpoint_iter_0585.npy. 
Iter 0586 | Energy: -17.666291 | Delta: 2.15e-03 | M: 10497.3767 | Path: GPU-cuStateVec MPI-distributed (4 ranks)
Iter 0587 | Energy: -17.678615 | Delta: 1.23e-02 | M: 6692.0133 | Path: GPU-cuStateVec MPI-distributed (4 ranks)
Iter 0588 | Energy: -17.674352 | Delta: 4.26e-03 | M: 81.1166 | Path: GPU-cuStateVec MPI-distributed (4 ranks)
Iter 0589 | Energy: -17.681359 | Delta: 7.01e-03 | M: 90.4526 | Path: GPU-cuStateVec MPI-distributed (4 ranks)
Iter 0590 | Energy: -17.683368 | Delta: 2.01e-03 | M: 99.5377 | Path: GPU-cuStateVec MPI-distributed (4 ranks)
[RESILIENCE] Iteration 590: Global theta state checkpointed at path checkpoints/BeH2/checkpoint_iter_0590.npy. 
Iter 0591 | Energy: -17.690269 | Delta: 6.90e-03 | M: 10581.9738 | Path: GPU-cuStateVec MPI-distributed (4 ranks)
Iter 0592 | Energy: -17.689250 | Delta: 1.02e-03 | M: 9705.2198 | Path: GPU-cuStateVec MPI-distributed (4 ranks)
Iter 0593 | Energy: -17.667640 | Delta: 2.16e-02 | M: 6843.9494 | Path: GPU-cuStateVec MPI-distributed (4 ranks)
Iter 0594 | Energy: -17.695365 | Delta: 2.77e-02 | M: 8105.7453 | Path: GPU-cuStateVec MPI-distributed (4 ranks)
Iter 0595 | Energy: -17.692762 | Delta: 2.60e-03 | M: 10587.2861 | Path: GPU-cuStateVec MPI-distributed (4 ranks)
[RESILIENCE] Iteration 595: Global theta state checkpointed at path checkpoints/BeH2/checkpoint_iter_0595.npy. 
Iter 0596 | Energy: -17.689635 | Delta: 3.13e-03 | M: 85.8268 | Path: GPU-cuStateVec MPI-distributed (4 ranks)
Iter 0597 | Energy: -17.684299 | Delta: 5.34e-03 | M: 110.8375 | Path: GPU-cuStateVec MPI-distributed (4 ranks)
Iter 0598 | Energy: -17.702333 | Delta: 1.80e-02 | M: 72.5457 | Path: GPU-cuStateVec MPI-distributed (4 ranks)
Iter 0599 | Energy: -17.694878 | Delta: 7.45e-03 | M: 50.8287 | Path: GPU-cuStateVec MPI-distributed (4 ranks)
Iter 0600 | Energy: -17.696006 | Delta: 1.13e-03 | M: 37.4328 | Path: GPU-cuStateVec MPI-distributed (4 ranks)
[RESILIENCE] Iteration 600: Global theta state checkpointed at path checkpoints/BeH2/checkpoint_iter_0600.npy. 
Iter 0601 | Energy: -17.682923 | Delta: 1.31e-02 | M: 5035.2096 | Path: GPU-cuStateVec MPI-distributed (4 ranks)
Iter 0602 | Energy: -17.689077 | Delta: 6.15e-03 | M: 5135.2242 | Path: GPU-cuStateVec MPI-distributed (4 ranks)
Iter 0603 | Energy: -17.694351 | Delta: 5.27e-03 | M: 7945.4373 | Path: GPU-cuStateVec MPI-distributed (4 ranks)
Iter 0604 | Energy: -17.704958 | Delta: 1.06e-02 | M: 7070.5008 | Path: GPU-cuStateVec MPI-distributed (4 ranks)
Iter 0605 | Energy: -17.704739 | Delta: 2.19e-04 | M: 20.8566 | Path: GPU-cuStateVec MPI-distributed (4 ranks)
[RESILIENCE] Iteration 605: Global theta state checkpointed at path checkpoints/BeH2/checkpoint_iter_0605.npy. 
Iter 0606 | Energy: -17.689227 | Delta: 1.55e-02 | M: 14.3925 | Path: GPU-cuStateVec MPI-distributed (4 ranks)
Iter 0607 | Energy: -17.698027 | Delta: 8.80e-03 | M: 54.4970 | Path: GPU-cuStateVec MPI-distributed (4 ranks)
Iter 0608 | Energy: -17.701924 | Delta: 3.90e-03 | M: 119.9394 | Path: GPU-cuStateVec MPI-distributed (4 ranks)
Iter 0609 | Energy: -17.701883 | Delta: 4.19e-05 | M: 51.0858 | Path: GPU-cuStateVec MPI-distributed (4 ranks)
Iter 0610 | Energy: -17.704650 | Delta: 2.77e-03 | M: 100.7810 | Path: GPU-cuStateVec MPI-distributed (4 ranks)
[RESILIENCE] Iteration 610: Global theta state checkpointed at path checkpoints/BeH2/checkpoint_iter_0610.npy. 
Iter 0611 | Energy: -17.703831 | Delta: 8.19e-04 | M: 102.2328 | Path: GPU-cuStateVec MPI-distributed (4 ranks)
Iter 0612 | Energy: -17.707804 | Delta: 3.97e-03 | M: 102.3721 | Path: GPU-cuStateVec MPI-distributed (4 ranks)
Iter 0613 | Energy: -17.700261 | Delta: 7.54e-03 | M: 96.0146 | Path: GPU-cuStateVec MPI-distributed (4 ranks)
Iter 0614 | Energy: -17.711098 | Delta: 1.08e-02 | M: 10106.5531 | Path: GPU-cuStateVec MPI-distributed (4 ranks)
Iter 0615 | Energy: -17.717573 | Delta: 6.47e-03 | M: 55.5800 | Path: GPU-cuStateVec MPI-distributed (4 ranks)
[RESILIENCE] Iteration 615: Global theta state checkpointed at path checkpoints/BeH2/checkpoint_iter_0615.npy. 
Iter 0616 | Energy: -17.709388 | Delta: 8.18e-03 | M: 103.5493 | Path: GPU-cuStateVec MPI-distributed (4 ranks)
Iter 0617 | Energy: -17.705974 | Delta: 3.41e-03 | M: 83.5522 | Path: GPU-cuStateVec MPI-distributed (4 ranks)
Iter 0618 | Energy: -17.703501 | Delta: 2.47e-03 | M: 10727.5293 | Path: GPU-cuStateVec MPI-distributed (4 ranks)
Iter 0619 | Energy: -17.708855 | Delta: 5.35e-03 | M: 10069.8087 | Path: GPU-cuStateVec MPI-distributed (4 ranks)
Iter 0620 | Energy: -17.719507 | Delta: 1.07e-02 | M: 105.0110 | Path: GPU-cuStateVec MPI-distributed (4 ranks)
[RESILIENCE] Iteration 620: Global theta state checkpointed at path checkpoints/BeH2/checkpoint_iter_0620.npy. 
Iter 0621 | Energy: -17.708437 | Delta: 1.11e-02 | M: 10978.2875 | Path: GPU-cuStateVec MPI-distributed (4 ranks)
Iter 0622 | Energy: -17.721373 | Delta: 1.29e-02 | M: 63.9658 | Path: GPU-cuStateVec MPI-distributed (4 ranks)
Iter 0623 | Energy: -17.717349 | Delta: 4.02e-03 | M: 9374.4097 | Path: GPU-cuStateVec MPI-distributed (4 ranks)
Iter 0624 | Energy: -17.719159 | Delta: 1.81e-03 | M: 10682.0815 | Path: GPU-cuStateVec MPI-distributed (4 ranks)
Iter 0625 | Energy: -17.726720 | Delta: 7.56e-03 | M: 9772.4540 | Path: GPU-cuStateVec MPI-distributed (4 ranks)
[RESILIENCE] Iteration 625: Global theta state checkpointed at path checkpoints/BeH2/checkpoint_iter_0625.npy. 
Iter 0626 | Energy: -17.732049 | Delta: 5.33e-03 | M: 108.7964 | Path: GPU-cuStateVec MPI-distributed (4 ranks)
Iter 0627 | Energy: -17.738244 | Delta: 6.19e-03 | M: 75.8820 | Path: GPU-cuStateVec MPI-distributed (4 ranks)
Iter 0628 | Energy: -17.732673 | Delta: 5.57e-03 | M: 40.7369 | Path: GPU-cuStateVec MPI-distributed (4 ranks)
Iter 0629 | Energy: -17.728952 | Delta: 3.72e-03 | M: 93.9831 | Path: GPU-cuStateVec MPI-distributed (4 ranks)
Iter 0630 | Energy: -17.734992 | Delta: 6.04e-03 | M: 10544.7611 | Path: GPU-cuStateVec MPI-distributed (4 ranks)
[RESILIENCE] Iteration 630: Global theta state checkpointed at path checkpoints/BeH2/checkpoint_iter_0630.npy. 
Iter 0631 | Energy: -17.736672 | Delta: 1.68e-03 | M: 10312.0568 | Path: GPU-cuStateVec MPI-distributed (4 ranks)
Iter 0632 | Energy: -17.729391 | Delta: 7.28e-03 | M: 8929.4451 | Path: GPU-cuStateVec MPI-distributed (4 ranks)
Iter 0633 | Energy: -17.736057 | Delta: 6.67e-03 | M: 8763.3698 | Path: GPU-cuStateVec MPI-distributed (4 ranks)
Iter 0634 | Energy: -17.732245 | Delta: 3.81e-03 | M: 107.5406 | Path: GPU-cuStateVec MPI-distributed (4 ranks)
Iter 0635 | Energy: -17.734859 | Delta: 2.61e-03 | M: 116.0180 | Path: GPU-cuStateVec MPI-distributed (4 ranks)
[RESILIENCE] Iteration 635: Global theta state checkpointed at path checkpoints/BeH2/checkpoint_iter_0635.npy. 
Iter 0636 | Energy: -17.736248 | Delta: 1.39e-03 | M: 50.1666 | Path: GPU-cuStateVec MPI-distributed (4 ranks)
Iter 0637 | Energy: -17.741449 | Delta: 5.20e-03 | M: 100.5617 | Path: GPU-cuStateVec MPI-distributed (4 ranks)
Iter 0638 | Energy: -17.736602 | Delta: 4.85e-03 | M: 379.3515 | Path: GPU-cuStateVec MPI-distributed (4 ranks)
Iter 0639 | Energy: -17.739532 | Delta: 2.93e-03 | M: 118.1880 | Path: GPU-cuStateVec MPI-distributed (4 ranks)
Iter 0640 | Energy: -17.738538 | Delta: 9.94e-04 | M: 38.6749 | Path: GPU-cuStateVec MPI-distributed (4 ranks)
[RESILIENCE] Iteration 640: Global theta state checkpointed at path checkpoints/BeH2/checkpoint_iter_0640.npy. 
Iter 0641 | Energy: -17.750764 | Delta: 1.22e-02 | M: 70.6002 | Path: GPU-cuStateVec MPI-distributed (4 ranks)
Iter 0642 | Energy: -17.745549 | Delta: 5.21e-03 | M: 94.9136 | Path: GPU-cuStateVec MPI-distributed (4 ranks)
Iter 0643 | Energy: -17.747739 | Delta: 2.19e-03 | M: 98.2033 | Path: GPU-cuStateVec MPI-distributed (4 ranks)
Iter 0644 | Energy: -17.745802 | Delta: 1.94e-03 | M: 90.0688 | Path: GPU-cuStateVec MPI-distributed (4 ranks)
Iter 0645 | Energy: -17.744086 | Delta: 1.72e-03 | M: 122.7483 | Path: GPU-cuStateVec MPI-distributed (4 ranks)
[RESILIENCE] Iteration 645: Global theta state checkpointed at path checkpoints/BeH2/checkpoint_iter_0645.npy. 
Iter 0646 | Energy: -17.744313 | Delta: 2.27e-04 | M: 37.8723 | Path: GPU-cuStateVec MPI-distributed (4 ranks)
Iter 0647 | Energy: -17.752655 | Delta: 8.34e-03 | M: 10176.8784 | Path: GPU-cuStateVec MPI-distributed (4 ranks)
Iter 0648 | Energy: -17.757646 | Delta: 4.99e-03 | M: 93.7039 | Path: GPU-cuStateVec MPI-distributed (4 ranks)
Iter 0649 | Energy: -17.753233 | Delta: 4.41e-03 | M: 10454.5530 | Path: GPU-cuStateVec MPI-distributed (4 ranks)
Iter 0650 | Energy: -17.750791 | Delta: 2.44e-03 | M: 79.8251 | Path: GPU-cuStateVec MPI-distributed (4 ranks)
[RESILIENCE] Iteration 650: Global theta state checkpointed at path checkpoints/BeH2/checkpoint_iter_0650.npy. 
Iter 0651 | Energy: -17.753854 | Delta: 3.06e-03 | M: 93.4458 | Path: GPU-cuStateVec MPI-distributed (4 ranks)
Iter 0652 | Energy: -17.761792 | Delta: 7.94e-03 | M: 115.8984 | Path: GPU-cuStateVec MPI-distributed (4 ranks)
Iter 0653 | Energy: -17.740135 | Delta: 2.17e-02 | M: 10761.2554 | Path: GPU-cuStateVec MPI-distributed (4 ranks)
Iter 0654 | Energy: -17.761382 | Delta: 2.12e-02 | M: 10642.3168 | Path: GPU-cuStateVec MPI-distributed (4 ranks)
Iter 0655 | Energy: -17.754487 | Delta: 6.90e-03 | M: 104.3208 | Path: GPU-cuStateVec MPI-distributed (4 ranks)
[RESILIENCE] Iteration 655: Global theta state checkpointed at path checkpoints/BeH2/checkpoint_iter_0655.npy. 
Iter 0656 | Energy: -17.763198 | Delta: 8.71e-03 | M: 104.3413 | Path: GPU-cuStateVec MPI-distributed (4 ranks)
Iter 0657 | Energy: -17.761815 | Delta: 1.38e-03 | M: 108.2545 | Path: GPU-cuStateVec MPI-distributed (4 ranks)
Iter 0658 | Energy: -17.764598 | Delta: 2.78e-03 | M: 113.4439 | Path: GPU-cuStateVec MPI-distributed (4 ranks)
Iter 0659 | Energy: -17.763758 | Delta: 8.40e-04 | M: 10254.4316 | Path: GPU-cuStateVec MPI-distributed (4 ranks)
Iter 0660 | Energy: -17.762883 | Delta: 8.75e-04 | M: 99.7219 | Path: GPU-cuStateVec MPI-distributed (4 ranks)
[RESILIENCE] Iteration 660: Global theta state checkpointed at path checkpoints/BeH2/checkpoint_iter_0660.npy. 
Iter 0661 | Energy: -17.767680 | Delta: 4.80e-03 | M: 124.0868 | Path: GPU-cuStateVec MPI-distributed (4 ranks)
Iter 0662 | Energy: -17.766555 | Delta: 1.13e-03 | M: 116.0905 | Path: GPU-cuStateVec MPI-distributed (4 ranks)
Iter 0663 | Energy: -17.769534 | Delta: 2.98e-03 | M: 98.4530 | Path: GPU-cuStateVec MPI-distributed (4 ranks)
Iter 0664 | Energy: -17.762606 | Delta: 6.93e-03 | M: 10051.3889 | Path: GPU-cuStateVec MPI-distributed (4 ranks)
Iter 0665 | Energy: -17.772121 | Delta: 9.51e-03 | M: 113.4543 | Path: GPU-cuStateVec MPI-distributed (4 ranks)
[RESILIENCE] Iteration 665: Global theta state checkpointed at path checkpoints/BeH2/checkpoint_iter_0665.npy. 
Iter 0666 | Energy: -17.767377 | Delta: 4.74e-03 | M: 86.6581 | Path: GPU-cuStateVec MPI-distributed (4 ranks)
Iter 0667 | Energy: -17.768111 | Delta: 7.34e-04 | M: 108.5862 | Path: GPU-cuStateVec MPI-distributed (4 ranks)
Iter 0668 | Energy: -17.765017 | Delta: 3.09e-03 | M: 9828.8795 | Path: GPU-cuStateVec MPI-distributed (4 ranks)
Iter 0669 | Energy: -17.779875 | Delta: 1.49e-02 | M: 94.7485 | Path: GPU-cuStateVec MPI-distributed (4 ranks)
Iter 0670 | Energy: -17.777903 | Delta: 1.97e-03 | M: 118.9143 | Path: GPU-cuStateVec MPI-distributed (4 ranks)
[RESILIENCE] Iteration 670: Global theta state checkpointed at path checkpoints/BeH2/checkpoint_iter_0670.npy. 
Iter 0671 | Energy: -17.775660 | Delta: 2.24e-03 | M: 124.7819 | Path: GPU-cuStateVec MPI-distributed (4 ranks)
Iter 0672 | Energy: -17.783454 | Delta: 7.79e-03 | M: 7690.9983 | Path: GPU-cuStateVec MPI-distributed (4 ranks)
Iter 0673 | Energy: -17.778045 | Delta: 5.41e-03 | M: 10142.2026 | Path: GPU-cuStateVec MPI-distributed (4 ranks)
Iter 0674 | Energy: -17.775225 | Delta: 2.82e-03 | M: 70.4953 | Path: GPU-cuStateVec MPI-distributed (4 ranks)
Iter 0675 | Energy: -17.774096 | Delta: 1.13e-03 | M: 90.7258 | Path: GPU-cuStateVec MPI-distributed (4 ranks)
[RESILIENCE] Iteration 675: Global theta state checkpointed at path checkpoints/BeH2/checkpoint_iter_0675.npy. 
Iter 0676 | Energy: -17.772431 | Delta: 1.67e-03 | M: 104.3990 | Path: GPU-cuStateVec MPI-distributed (4 ranks)
Iter 0677 | Energy: -17.790115 | Delta: 1.77e-02 | M: 10339.4527 | Path: GPU-cuStateVec MPI-distributed (4 ranks)
Iter 0678 | Energy: -17.767013 | Delta: 2.31e-02 | M: 76.7303 | Path: GPU-cuStateVec MPI-distributed (4 ranks)
Iter 0679 | Energy: -17.777221 | Delta: 1.02e-02 | M: 131.5815 | Path: GPU-cuStateVec MPI-distributed (4 ranks)
Iter 0680 | Energy: -17.780745 | Delta: 3.52e-03 | M: 10121.5886 | Path: GPU-cuStateVec MPI-distributed (4 ranks)
[RESILIENCE] Iteration 680: Global theta state checkpointed at path checkpoints/BeH2/checkpoint_iter_0680.npy. 
Iter 0681 | Energy: -17.788507 | Delta: 7.76e-03 | M: 10795.0932 | Path: GPU-cuStateVec MPI-distributed (4 ranks)
Iter 0682 | Energy: -17.772525 | Delta: 1.60e-02 | M: 10425.9224 | Path: GPU-cuStateVec MPI-distributed (4 ranks)
Iter 0683 | Energy: -17.792507 | Delta: 2.00e-02 | M: 10726.8452 | Path: GPU-cuStateVec MPI-distributed (4 ranks)
Iter 0684 | Energy: -17.791917 | Delta: 5.91e-04 | M: 97.6600 | Path: GPU-cuStateVec MPI-distributed (4 ranks)
Iter 0685 | Energy: -17.784166 | Delta: 7.75e-03 | M: 10949.4921 | Path: GPU-cuStateVec MPI-distributed (4 ranks)
[RESILIENCE] Iteration 685: Global theta state checkpointed at path checkpoints/BeH2/checkpoint_iter_0685.npy. 
Iter 0686 | Energy: -17.791277 | Delta: 7.11e-03 | M: 10392.7815 | Path: GPU-cuStateVec MPI-distributed (4 ranks)
Iter 0687 | Energy: -17.793641 | Delta: 2.36e-03 | M: 10437.8261 | Path: GPU-cuStateVec MPI-distributed (4 ranks)
Iter 0688 | Energy: -17.799285 | Delta: 5.64e-03 | M: 119.6320 | Path: GPU-cuStateVec MPI-distributed (4 ranks)
Iter 0689 | Energy: -17.798472 | Delta: 8.13e-04 | M: 76.8120 | Path: GPU-cuStateVec MPI-distributed (4 ranks)
Iter 0690 | Energy: -17.806395 | Delta: 7.92e-03 | M: 104.5275 | Path: GPU-cuStateVec MPI-distributed (4 ranks)
[RESILIENCE] Iteration 690: Global theta state checkpointed at path checkpoints/BeH2/checkpoint_iter_0690.npy. 
Iter 0691 | Energy: -17.802390 | Delta: 4.00e-03 | M: 9692.2412 | Path: GPU-cuStateVec MPI-distributed (4 ranks)
Iter 0692 | Energy: -17.796820 | Delta: 5.57e-03 | M: 94.4652 | Path: GPU-cuStateVec MPI-distributed (4 ranks)
Iter 0693 | Energy: -17.793661 | Delta: 3.16e-03 | M: 6815.7638 | Path: GPU-cuStateVec MPI-distributed (4 ranks)
Iter 0694 | Energy: -17.805662 | Delta: 1.20e-02 | M: 117.0189 | Path: GPU-cuStateVec MPI-distributed (4 ranks)
Iter 0695 | Energy: -17.800451 | Delta: 5.21e-03 | M: 8441.1008 | Path: GPU-cuStateVec MPI-distributed (4 ranks)
[RESILIENCE] Iteration 695: Global theta state checkpointed at path checkpoints/BeH2/checkpoint_iter_0695.npy. 
Iter 0696 | Energy: -17.813668 | Delta: 1.32e-02 | M: 9639.5583 | Path: GPU-cuStateVec MPI-distributed (4 ranks)
Iter 0697 | Energy: -17.800056 | Delta: 1.36e-02 | M: 9456.1142 | Path: GPU-cuStateVec MPI-distributed (4 ranks)
Iter 0698 | Energy: -17.797993 | Delta: 2.06e-03 | M: 10100.5980 | Path: GPU-cuStateVec MPI-distributed (4 ranks)
Iter 0699 | Energy: -17.811103 | Delta: 1.31e-02 | M: 112.6483 | Path: GPU-cuStateVec MPI-distributed (4 ranks)
Iter 0700 | Energy: -17.812230 | Delta: 1.13e-03 | M: 135.5511 | Path: GPU-cuStateVec MPI-distributed (4 ranks)
[RESILIENCE] Iteration 700: Global theta state checkpointed at path checkpoints/BeH2/checkpoint_iter_0700.npy. 
Iter 0701 | Energy: -17.801074 | Delta: 1.12e-02 | M: 10623.1384 | Path: GPU-cuStateVec MPI-distributed (4 ranks)
Iter 0702 | Energy: -17.802792 | Delta: 1.72e-03 | M: 9194.2936 | Path: GPU-cuStateVec MPI-distributed (4 ranks)
Iter 0703 | Energy: -17.815126 | Delta: 1.23e-02 | M: 96.1135 | Path: GPU-cuStateVec MPI-distributed (4 ranks)
Iter 0704 | Energy: -17.817905 | Delta: 2.78e-03 | M: 10762.1615 | Path: GPU-cuStateVec MPI-distributed (4 ranks)
Iter 0705 | Energy: -17.814501 | Delta: 3.40e-03 | M: 83.5871 | Path: GPU-cuStateVec MPI-distributed (4 ranks)
[RESILIENCE] Iteration 705: Global theta state checkpointed at path checkpoints/BeH2/checkpoint_iter_0705.npy. 
Iter 0706 | Energy: -17.812004 | Delta: 2.50e-03 | M: 9764.0572 | Path: GPU-cuStateVec MPI-distributed (4 ranks)
Iter 0707 | Energy: -17.823452 | Delta: 1.14e-02 | M: 88.0985 | Path: GPU-cuStateVec MPI-distributed (4 ranks)
Iter 0708 | Energy: -17.813527 | Delta: 9.92e-03 | M: 10887.4673 | Path: GPU-cuStateVec MPI-distributed (4 ranks)
Iter 0709 | Energy: -17.814484 | Delta: 9.57e-04 | M: 10245.4269 | Path: GPU-cuStateVec MPI-distributed (4 ranks)
Iter 0710 | Energy: -17.808739 | Delta: 5.75e-03 | M: 130.0853 | Path: GPU-cuStateVec MPI-distributed (4 ranks)
[RESILIENCE] Iteration 710: Global theta state checkpointed at path checkpoints/BeH2/checkpoint_iter_0710.npy. 
Iter 0711 | Energy: -17.809748 | Delta: 1.01e-03 | M: 123.2216 | Path: GPU-cuStateVec MPI-distributed (4 ranks)
Iter 0712 | Energy: -17.816920 | Delta: 7.17e-03 | M: 9332.7575 | Path: GPU-cuStateVec MPI-distributed (4 ranks)
Iter 0713 | Energy: -17.819039 | Delta: 2.12e-03 | M: 89.4718 | Path: GPU-cuStateVec MPI-distributed (4 ranks)
Iter 0714 | Energy: -17.817004 | Delta: 2.04e-03 | M: 10638.1572 | Path: GPU-cuStateVec MPI-distributed (4 ranks)
Iter 0715 | Energy: -17.829438 | Delta: 1.24e-02 | M: 8741.4575 | Path: GPU-cuStateVec MPI-distributed (4 ranks)
[RESILIENCE] Iteration 715: Global theta state checkpointed at path checkpoints/BeH2/checkpoint_iter_0715.npy. 
Iter 0716 | Energy: -17.823100 | Delta: 6.34e-03 | M: 99.2137 | Path: GPU-cuStateVec MPI-distributed (4 ranks)
Iter 0717 | Energy: -17.826574 | Delta: 3.47e-03 | M: 10694.6992 | Path: GPU-cuStateVec MPI-distributed (4 ranks)
Iter 0718 | Energy: -17.825877 | Delta: 6.96e-04 | M: 6636.6232 | Path: GPU-cuStateVec MPI-distributed (4 ranks)
Iter 0719 | Energy: -17.832843 | Delta: 6.97e-03 | M: 9481.2911 | Path: GPU-cuStateVec MPI-distributed (4 ranks)
Iter 0720 | Energy: -17.828824 | Delta: 4.02e-03 | M: 107.1043 | Path: GPU-cuStateVec MPI-distributed (4 ranks)
[RESILIENCE] Iteration 720: Global theta state checkpointed at path checkpoints/BeH2/checkpoint_iter_0720.npy. 
Iter 0721 | Energy: -17.831990 | Delta: 3.17e-03 | M: 105.6348 | Path: GPU-cuStateVec MPI-distributed (4 ranks)
Iter 0722 | Energy: -17.841554 | Delta: 9.56e-03 | M: 95.6027 | Path: GPU-cuStateVec MPI-distributed (4 ranks)
Iter 0723 | Energy: -17.828447 | Delta: 1.31e-02 | M: 8383.3289 | Path: GPU-cuStateVec MPI-distributed (4 ranks)
Iter 0724 | Energy: -17.832748 | Delta: 4.30e-03 | M: 7687.1718 | Path: GPU-cuStateVec MPI-distributed (4 ranks)
Iter 0725 | Energy: -17.834468 | Delta: 1.72e-03 | M: 9718.2018 | Path: GPU-cuStateVec MPI-distributed (4 ranks)
[RESILIENCE] Iteration 725: Global theta state checkpointed at path checkpoints/BeH2/checkpoint_iter_0725.npy. 
Iter 0726 | Energy: -17.844131 | Delta: 9.66e-03 | M: 9954.4552 | Path: GPU-cuStateVec MPI-distributed (4 ranks)
Iter 0727 | Energy: -17.842083 | Delta: 2.05e-03 | M: 9748.9474 | Path: GPU-cuStateVec MPI-distributed (4 ranks)
Iter 0728 | Energy: -17.844603 | Delta: 2.52e-03 | M: 44.4980 | Path: GPU-cuStateVec MPI-distributed (4 ranks)
Iter 0729 | Energy: -17.838216 | Delta: 6.39e-03 | M: 93.5058 | Path: GPU-cuStateVec MPI-distributed (4 ranks)
Iter 0730 | Energy: -17.845435 | Delta: 7.22e-03 | M: 6662.2848 | Path: GPU-cuStateVec MPI-distributed (4 ranks)
[RESILIENCE] Iteration 730: Global theta state checkpointed at path checkpoints/BeH2/checkpoint_iter_0730.npy. 
Iter 0731 | Energy: -17.844074 | Delta: 1.36e-03 | M: 158.9107 | Path: GPU-cuStateVec MPI-distributed (4 ranks)
Iter 0732 | Energy: -17.841299 | Delta: 2.78e-03 | M: 9265.5383 | Path: GPU-cuStateVec MPI-distributed (4 ranks)
Iter 0733 | Energy: -17.837131 | Delta: 4.17e-03 | M: 9996.6575 | Path: GPU-cuStateVec MPI-distributed (4 ranks)
Iter 0734 | Energy: -17.850637 | Delta: 1.35e-02 | M: 8660.8755 | Path: GPU-cuStateVec MPI-distributed (4 ranks)
Iter 0735 | Energy: -17.839873 | Delta: 1.08e-02 | M: 9373.5651 | Path: GPU-cuStateVec MPI-distributed (4 ranks)
[RESILIENCE] Iteration 735: Global theta state checkpointed at path checkpoints/BeH2/checkpoint_iter_0735.npy. 
Iter 0736 | Energy: -17.837496 | Delta: 2.38e-03 | M: 126.4672 | Path: GPU-cuStateVec MPI-distributed (4 ranks)
Iter 0737 | Energy: -17.842311 | Delta: 4.82e-03 | M: 10273.4231 | Path: GPU-cuStateVec MPI-distributed (4 ranks)
Iter 0738 | Energy: -17.853571 | Delta: 1.13e-02 | M: 9178.8169 | Path: GPU-cuStateVec MPI-distributed (4 ranks)
Iter 0739 | Energy: -17.848496 | Delta: 5.08e-03 | M: 10075.5613 | Path: GPU-cuStateVec MPI-distributed (4 ranks)
Iter 0740 | Energy: -17.847151 | Delta: 1.35e-03 | M: 101.4171 | Path: GPU-cuStateVec MPI-distributed (4 ranks)
[RESILIENCE] Iteration 740: Global theta state checkpointed at path checkpoints/BeH2/checkpoint_iter_0740.npy. 
Iter 0741 | Energy: -17.841200 | Delta: 5.95e-03 | M: 10275.8538 | Path: GPU-cuStateVec MPI-distributed (4 ranks)
Iter 0742 | Energy: -17.850992 | Delta: 9.79e-03 | M: 132.3189 | Path: GPU-cuStateVec MPI-distributed (4 ranks)
Iter 0743 | Energy: -17.848477 | Delta: 2.51e-03 | M: 99.3111 | Path: GPU-cuStateVec MPI-distributed (4 ranks)
Iter 0744 | Energy: -17.853880 | Delta: 5.40e-03 | M: 98.7901 | Path: GPU-cuStateVec MPI-distributed (4 ranks)
Iter 0745 | Energy: -17.857783 | Delta: 3.90e-03 | M: 10321.8283 | Path: GPU-cuStateVec MPI-distributed (4 ranks)
[RESILIENCE] Iteration 745: Global theta state checkpointed at path checkpoints/BeH2/checkpoint_iter_0745.npy. 
Iter 0746 | Energy: -17.857961 | Delta: 1.79e-04 | M: 128.2781 | Path: GPU-cuStateVec MPI-distributed (4 ranks)
Iter 0747 | Energy: -17.849887 | Delta: 8.07e-03 | M: 126.7511 | Path: GPU-cuStateVec MPI-distributed (4 ranks)
Iter 0748 | Energy: -17.850771 | Delta: 8.84e-04 | M: 48.4576 | Path: GPU-cuStateVec MPI-distributed (4 ranks)
Iter 0749 | Energy: -17.859453 | Delta: 8.68e-03 | M: 69.7123 | Path: GPU-cuStateVec MPI-distributed (4 ranks)
Iter 0750 | Energy: -17.849665 | Delta: 9.79e-03 | M: 119.4720 | Path: GPU-cuStateVec MPI-distributed (4 ranks)
[RESILIENCE] Iteration 750: Global theta state checkpointed at path checkpoints/BeH2/checkpoint_iter_0750.npy. 
Iter 0751 | Energy: -17.855668 | Delta: 6.00e-03 | M: 8882.1435 | Path: GPU-cuStateVec MPI-distributed (4 ranks)
Iter 0752 | Energy: -17.855537 | Delta: 1.31e-04 | M: 9737.2608 | Path: GPU-cuStateVec MPI-distributed (4 ranks)
Iter 0753 | Energy: -17.854681 | Delta: 8.56e-04 | M: 6423.1799 | Path: GPU-cuStateVec MPI-distributed (4 ranks)
Iter 0754 | Energy: -17.850791 | Delta: 3.89e-03 | M: 120.4270 | Path: GPU-cuStateVec MPI-distributed (4 ranks)
Iter 0755 | Energy: -17.858382 | Delta: 7.59e-03 | M: 10274.9592 | Path: GPU-cuStateVec MPI-distributed (4 ranks)
[RESILIENCE] Iteration 755: Global theta state checkpointed at path checkpoints/BeH2/checkpoint_iter_0755.npy. 
Iter 0756 | Energy: -17.861193 | Delta: 2.81e-03 | M: 9793.8112 | Path: GPU-cuStateVec MPI-distributed (4 ranks)
Iter 0757 | Energy: -17.862302 | Delta: 1.11e-03 | M: 9893.3846 | Path: GPU-cuStateVec MPI-distributed (4 ranks)
Iter 0758 | Energy: -17.867077 | Delta: 4.77e-03 | M: 9846.4905 | Path: GPU-cuStateVec MPI-distributed (4 ranks)
Iter 0759 | Energy: -17.867233 | Delta: 1.56e-04 | M: 10045.2118 | Path: GPU-cuStateVec MPI-distributed (4 ranks)
Iter 0760 | Energy: -17.867882 | Delta: 6.50e-04 | M: 10100.6259 | Path: GPU-cuStateVec MPI-distributed (4 ranks)
[RESILIENCE] Iteration 760: Global theta state checkpointed at path checkpoints/BeH2/checkpoint_iter_0760.npy. 
Iter 0761 | Energy: -17.860779 | Delta: 7.10e-03 | M: 106.9263 | Path: GPU-cuStateVec MPI-distributed (4 ranks)
Iter 0762 | Energy: -17.867043 | Delta: 6.26e-03 | M: 112.5536 | Path: GPU-cuStateVec MPI-distributed (4 ranks)
Iter 0763 | Energy: -17.860957 | Delta: 6.09e-03 | M: 117.5808 | Path: GPU-cuStateVec MPI-distributed (4 ranks)
Iter 0764 | Energy: -17.867024 | Delta: 6.07e-03 | M: 102.8954 | Path: GPU-cuStateVec MPI-distributed (4 ranks)
Iter 0765 | Energy: -17.866428 | Delta: 5.96e-04 | M: 113.8368 | Path: GPU-cuStateVec MPI-distributed (4 ranks)
[RESILIENCE] Iteration 765: Global theta state checkpointed at path checkpoints/BeH2/checkpoint_iter_0765.npy. 
Iter 0766 | Energy: -17.874322 | Delta: 7.89e-03 | M: 10225.0438 | Path: GPU-cuStateVec MPI-distributed (4 ranks)
Iter 0767 | Energy: -17.865694 | Delta: 8.63e-03 | M: 87.7707 | Path: GPU-cuStateVec MPI-distributed (4 ranks)
Iter 0768 | Energy: -17.874730 | Delta: 9.04e-03 | M: 9955.4390 | Path: GPU-cuStateVec MPI-distributed (4 ranks)
Iter 0769 | Energy: -17.853629 | Delta: 2.11e-02 | M: 119.9041 | Path: GPU-cuStateVec MPI-distributed (4 ranks)
Iter 0770 | Energy: -17.874479 | Delta: 2.09e-02 | M: 8631.4930 | Path: GPU-cuStateVec MPI-distributed (4 ranks)
[RESILIENCE] Iteration 770: Global theta state checkpointed at path checkpoints/BeH2/checkpoint_iter_0770.npy. 
Iter 0771 | Energy: -17.869673 | Delta: 4.81e-03 | M: 9003.5304 | Path: GPU-cuStateVec MPI-distributed (4 ranks)
Iter 0772 | Energy: -17.865886 | Delta: 3.79e-03 | M: 97.9202 | Path: GPU-cuStateVec MPI-distributed (4 ranks)
Iter 0773 | Energy: -17.863613 | Delta: 2.27e-03 | M: 10076.0605 | Path: GPU-cuStateVec MPI-distributed (4 ranks)
Iter 0774 | Energy: -17.881015 | Delta: 1.74e-02 | M: 9415.2482 | Path: GPU-cuStateVec MPI-distributed (4 ranks)
Iter 0775 | Energy: -17.865043 | Delta: 1.60e-02 | M: 9234.4867 | Path: GPU-cuStateVec MPI-distributed (4 ranks)
[RESILIENCE] Iteration 775: Global theta state checkpointed at path checkpoints/BeH2/checkpoint_iter_0775.npy. 
Iter 0776 | Energy: -17.884259 | Delta: 1.92e-02 | M: 110.4160 | Path: GPU-cuStateVec MPI-distributed (4 ranks)
Iter 0777 | Energy: -17.879766 | Delta: 4.49e-03 | M: 10267.1363 | Path: GPU-cuStateVec MPI-distributed (4 ranks)
Iter 0778 | Energy: -17.867683 | Delta: 1.21e-02 | M: 95.7711 | Path: GPU-cuStateVec MPI-distributed (4 ranks)
Iter 0779 | Energy: -17.885678 | Delta: 1.80e-02 | M: 92.0475 | Path: GPU-cuStateVec MPI-distributed (4 ranks)
Iter 0780 | Energy: -17.878307 | Delta: 7.37e-03 | M: 120.5780 | Path: GPU-cuStateVec MPI-distributed (4 ranks)
[RESILIENCE] Iteration 780: Global theta state checkpointed at path checkpoints/BeH2/checkpoint_iter_0780.npy. 
Iter 0781 | Energy: -17.876351 | Delta: 1.96e-03 | M: 7369.3971 | Path: GPU-cuStateVec MPI-distributed (4 ranks)
Iter 0782 | Energy: -17.878339 | Delta: 1.99e-03 | M: 8959.1633 | Path: GPU-cuStateVec MPI-distributed (4 ranks)
Iter 0783 | Energy: -17.869064 | Delta: 9.27e-03 | M: 6787.1363 | Path: GPU-cuStateVec MPI-distributed (4 ranks)
Iter 0784 | Energy: -17.886568 | Delta: 1.75e-02 | M: 9346.5639 | Path: GPU-cuStateVec MPI-distributed (4 ranks)
Iter 0785 | Energy: -17.888724 | Delta: 2.16e-03 | M: 10418.4961 | Path: GPU-cuStateVec MPI-distributed (4 ranks)
[RESILIENCE] Iteration 785: Global theta state checkpointed at path checkpoints/BeH2/checkpoint_iter_0785.npy. 
Iter 0786 | Energy: -17.881898 | Delta: 6.83e-03 | M: 10036.5913 | Path: GPU-cuStateVec MPI-distributed (4 ranks)
Iter 0787 | Energy: -17.873736 | Delta: 8.16e-03 | M: 10476.2092 | Path: GPU-cuStateVec MPI-distributed (4 ranks)
Iter 0788 | Energy: -17.878161 | Delta: 4.43e-03 | M: 10098.5381 | Path: GPU-cuStateVec MPI-distributed (4 ranks)
Iter 0789 | Energy: -17.876909 | Delta: 1.25e-03 | M: 6224.8224 | Path: GPU-cuStateVec MPI-distributed (4 ranks)
Iter 0790 | Energy: -17.887669 | Delta: 1.08e-02 | M: 7919.6481 | Path: GPU-cuStateVec MPI-distributed (4 ranks)
[RESILIENCE] Iteration 790: Global theta state checkpointed at path checkpoints/BeH2/checkpoint_iter_0790.npy. 
Iter 0791 | Energy: -17.877336 | Delta: 1.03e-02 | M: 9583.3576 | Path: GPU-cuStateVec MPI-distributed (4 ranks)
Iter 0792 | Energy: -17.885503 | Delta: 8.17e-03 | M: 99.8290 | Path: GPU-cuStateVec MPI-distributed (4 ranks)
Iter 0793 | Energy: -17.883253 | Delta: 2.25e-03 | M: 124.5793 | Path: GPU-cuStateVec MPI-distributed (4 ranks)
Iter 0794 | Energy: -17.889387 | Delta: 6.13e-03 | M: 9978.3103 | Path: GPU-cuStateVec MPI-distributed (4 ranks)
Iter 0795 | Energy: -17.873762 | Delta: 1.56e-02 | M: 8797.3278 | Path: GPU-cuStateVec MPI-distributed (4 ranks)
[RESILIENCE] Iteration 795: Global theta state checkpointed at path checkpoints/BeH2/checkpoint_iter_0795.npy. 
Iter 0796 | Energy: -17.883566 | Delta: 9.80e-03 | M: 10712.6357 | Path: GPU-cuStateVec MPI-distributed (4 ranks)
Iter 0797 | Energy: -17.892524 | Delta: 8.96e-03 | M: 9720.9378 | Path: GPU-cuStateVec MPI-distributed (4 ranks)
Iter 0798 | Energy: -17.874482 | Delta: 1.80e-02 | M: 136.9769 | Path: GPU-cuStateVec MPI-distributed (4 ranks)
Iter 0799 | Energy: -17.888313 | Delta: 1.38e-02 | M: 129.2416 | Path: GPU-cuStateVec MPI-distributed (4 ranks)
Iter 0800 | Energy: -17.892205 | Delta: 3.89e-03 | M: 10606.0032 | Path: GPU-cuStateVec MPI-distributed (4 ranks)
[RESILIENCE] Iteration 800: Global theta state checkpointed at path checkpoints/BeH2/checkpoint_iter_0800.npy. 
Iter 0801 | Energy: -17.880531 | Delta: 1.17e-02 | M: 9361.3623 | Path: GPU-cuStateVec MPI-distributed (4 ranks)
Iter 0802 | Energy: -17.886060 | Delta: 5.53e-03 | M: 10367.7867 | Path: GPU-cuStateVec MPI-distributed (4 ranks)
Iter 0803 | Energy: -17.888240 | Delta: 2.18e-03 | M: 162.6066 | Path: GPU-cuStateVec MPI-distributed (4 ranks)
Iter 0804 | Energy: -17.880836 | Delta: 7.40e-03 | M: 100.3040 | Path: GPU-cuStateVec MPI-distributed (4 ranks)
Iter 0805 | Energy: -17.891796 | Delta: 1.10e-02 | M: 9324.8186 | Path: GPU-cuStateVec MPI-distributed (4 ranks)
[RESILIENCE] Iteration 805: Global theta state checkpointed at path checkpoints/BeH2/checkpoint_iter_0805.npy. 
Iter 0806 | Energy: -17.884953 | Delta: 6.84e-03 | M: 9092.5328 | Path: GPU-cuStateVec MPI-distributed (4 ranks)
Iter 0807 | Energy: -17.891465 | Delta: 6.51e-03 | M: 9840.7799 | Path: GPU-cuStateVec MPI-distributed (4 ranks)
Iter 0808 | Energy: -17.888889 | Delta: 2.58e-03 | M: 6535.2673 | Path: GPU-cuStateVec MPI-distributed (4 ranks)
Iter 0809 | Energy: -17.897272 | Delta: 8.38e-03 | M: 9940.7840 | Path: GPU-cuStateVec MPI-distributed (4 ranks)
Iter 0810 | Energy: -17.884718 | Delta: 1.26e-02 | M: 51.1324 | Path: GPU-cuStateVec MPI-distributed (4 ranks)
[RESILIENCE] Iteration 810: Global theta state checkpointed at path checkpoints/BeH2/checkpoint_iter_0810.npy. 
Iter 0811 | Energy: -17.901051 | Delta: 1.63e-02 | M: 10153.6808 | Path: GPU-cuStateVec MPI-distributed (4 ranks)
Iter 0812 | Energy: -17.896501 | Delta: 4.55e-03 | M: 9953.6670 | Path: GPU-cuStateVec MPI-distributed (4 ranks)
Iter 0813 | Energy: -17.887077 | Delta: 9.42e-03 | M: 110.5728 | Path: GPU-cuStateVec MPI-distributed (4 ranks)
Iter 0814 | Energy: -17.898602 | Delta: 1.15e-02 | M: 123.0933 | Path: GPU-cuStateVec MPI-distributed (4 ranks)
Iter 0815 | Energy: -17.900209 | Delta: 1.61e-03 | M: 10712.9569 | Path: GPU-cuStateVec MPI-distributed (4 ranks)
[RESILIENCE] Iteration 815: Global theta state checkpointed at path checkpoints/BeH2/checkpoint_iter_0815.npy. 
Iter 0816 | Energy: -17.890619 | Delta: 9.59e-03 | M: 41.5250 | Path: GPU-cuStateVec MPI-distributed (4 ranks)
Iter 0817 | Energy: -17.891726 | Delta: 1.11e-03 | M: 10559.5614 | Path: GPU-cuStateVec MPI-distributed (4 ranks)
Iter 0818 | Energy: -17.907873 | Delta: 1.61e-02 | M: 9727.7261 | Path: GPU-cuStateVec MPI-distributed (4 ranks)
Iter 0819 | Energy: -17.893797 | Delta: 1.41e-02 | M: 9808.4888 | Path: GPU-cuStateVec MPI-distributed (4 ranks)
Iter 0820 | Energy: -17.900078 | Delta: 6.28e-03 | M: 103.9382 | Path: GPU-cuStateVec MPI-distributed (4 ranks)
[RESILIENCE] Iteration 820: Global theta state checkpointed at path checkpoints/BeH2/checkpoint_iter_0820.npy. 
Iter 0821 | Energy: -17.905801 | Delta: 5.72e-03 | M: 10108.8860 | Path: GPU-cuStateVec MPI-distributed (4 ranks)
Iter 0822 | Energy: -17.908014 | Delta: 2.21e-03 | M: 97.5428 | Path: GPU-cuStateVec MPI-distributed (4 ranks)
Iter 0823 | Energy: -17.915575 | Delta: 7.56e-03 | M: 10660.9766 | Path: GPU-cuStateVec MPI-distributed (4 ranks)
Iter 0824 | Energy: -17.896199 | Delta: 1.94e-02 | M: 10024.3421 | Path: GPU-cuStateVec MPI-distributed (4 ranks)
Iter 0825 | Energy: -17.910935 | Delta: 1.47e-02 | M: 10495.1595 | Path: GPU-cuStateVec MPI-distributed (4 ranks)
[RESILIENCE] Iteration 825: Global theta state checkpointed at path checkpoints/BeH2/checkpoint_iter_0825.npy. 
Iter 0826 | Energy: -17.912055 | Delta: 1.12e-03 | M: 10676.3604 | Path: GPU-cuStateVec MPI-distributed (4 ranks)
Iter 0827 | Energy: -17.907696 | Delta: 4.36e-03 | M: 11062.1701 | Path: GPU-cuStateVec MPI-distributed (4 ranks)
Iter 0828 | Energy: -17.909768 | Delta: 2.07e-03 | M: 6686.0829 | Path: GPU-cuStateVec MPI-distributed (4 ranks)
Iter 0829 | Energy: -17.900921 | Delta: 8.85e-03 | M: 79.9884 | Path: GPU-cuStateVec MPI-distributed (4 ranks)
Iter 0830 | Energy: -17.907881 | Delta: 6.96e-03 | M: 9717.1902 | Path: GPU-cuStateVec MPI-distributed (4 ranks)
[RESILIENCE] Iteration 830: Global theta state checkpointed at path checkpoints/BeH2/checkpoint_iter_0830.npy. 
Iter 0831 | Energy: -17.914785 | Delta: 6.90e-03 | M: 9290.7654 | Path: GPU-cuStateVec MPI-distributed (4 ranks)
Iter 0832 | Energy: -17.908626 | Delta: 6.16e-03 | M: 9884.5475 | Path: GPU-cuStateVec MPI-distributed (4 ranks)
Iter 0833 | Energy: -17.906757 | Delta: 1.87e-03 | M: 8167.5546 | Path: GPU-cuStateVec MPI-distributed (4 ranks)
Iter 0834 | Energy: -17.911829 | Delta: 5.07e-03 | M: 67.4228 | Path: GPU-cuStateVec MPI-distributed (4 ranks)
Iter 0835 | Energy: -17.920781 | Delta: 8.95e-03 | M: 9865.2656 | Path: GPU-cuStateVec MPI-distributed (4 ranks)
[RESILIENCE] Iteration 835: Global theta state checkpointed at path checkpoints/BeH2/checkpoint_iter_0835.npy. 
Iter 0836 | Energy: -17.916112 | Delta: 4.67e-03 | M: 8165.7189 | Path: GPU-cuStateVec MPI-distributed (4 ranks)
Iter 0837 | Energy: -17.921113 | Delta: 5.00e-03 | M: 10441.3675 | Path: GPU-cuStateVec MPI-distributed (4 ranks)
Iter 0838 | Energy: -17.914304 | Delta: 6.81e-03 | M: 98.7660 | Path: GPU-cuStateVec MPI-distributed (4 ranks)
Iter 0839 | Energy: -17.916749 | Delta: 2.45e-03 | M: 9730.9707 | Path: GPU-cuStateVec MPI-distributed (4 ranks)
Iter 0840 | Energy: -17.919973 | Delta: 3.22e-03 | M: 6881.8891 | Path: GPU-cuStateVec MPI-distributed (4 ranks)
[RESILIENCE] Iteration 840: Global theta state checkpointed at path checkpoints/BeH2/checkpoint_iter_0840.npy. 
Iter 0841 | Energy: -17.919677 | Delta: 2.97e-04 | M: 9113.0803 | Path: GPU-cuStateVec MPI-distributed (4 ranks)
Iter 0842 | Energy: -17.925762 | Delta: 6.09e-03 | M: 90.9766 | Path: GPU-cuStateVec MPI-distributed (4 ranks)
Iter 0843 | Energy: -17.915594 | Delta: 1.02e-02 | M: 7276.9602 | Path: GPU-cuStateVec MPI-distributed (4 ranks)
Iter 0844 | Energy: -17.916819 | Delta: 1.23e-03 | M: 8725.2763 | Path: GPU-cuStateVec MPI-distributed (4 ranks)
Iter 0845 | Energy: -17.917911 | Delta: 1.09e-03 | M: 7096.1876 | Path: GPU-cuStateVec MPI-distributed (4 ranks)
[RESILIENCE] Iteration 845: Global theta state checkpointed at path checkpoints/BeH2/checkpoint_iter_0845.npy. 
Iter 0846 | Energy: -17.919722 | Delta: 1.81e-03 | M: 121.0465 | Path: GPU-cuStateVec MPI-distributed (4 ranks)
Iter 0847 | Energy: -17.919370 | Delta: 3.53e-04 | M: 6218.8158 | Path: GPU-cuStateVec MPI-distributed (4 ranks)
Iter 0848 | Energy: -17.926097 | Delta: 6.73e-03 | M: 8423.8525 | Path: GPU-cuStateVec MPI-distributed (4 ranks)
Iter 0849 | Energy: -17.920668 | Delta: 5.43e-03 | M: 7895.7920 | Path: GPU-cuStateVec MPI-distributed (4 ranks)
Iter 0850 | Energy: -17.922002 | Delta: 1.33e-03 | M: 9043.0327 | Path: GPU-cuStateVec MPI-distributed (4 ranks)
[RESILIENCE] Iteration 850: Global theta state checkpointed at path checkpoints/BeH2/checkpoint_iter_0850.npy. 
Iter 0851 | Energy: -17.929752 | Delta: 7.75e-03 | M: 8209.3291 | Path: GPU-cuStateVec MPI-distributed (4 ranks)
Iter 0852 | Energy: -17.921696 | Delta: 8.06e-03 | M: 8228.0804 | Path: GPU-cuStateVec MPI-distributed (4 ranks)
Iter 0853 | Energy: -17.919197 | Delta: 2.50e-03 | M: 8849.5999 | Path: GPU-cuStateVec MPI-distributed (4 ranks)
Iter 0854 | Energy: -17.929495 | Delta: 1.03e-02 | M: 108.8844 | Path: GPU-cuStateVec MPI-distributed (4 ranks)
Iter 0855 | Energy: -17.920498 | Delta: 9.00e-03 | M: 10524.2762 | Path: GPU-cuStateVec MPI-distributed (4 ranks)
[RESILIENCE] Iteration 855: Global theta state checkpointed at path checkpoints/BeH2/checkpoint_iter_0855.npy. 
Iter 0856 | Energy: -17.933246 | Delta: 1.27e-02 | M: 9704.2749 | Path: GPU-cuStateVec MPI-distributed (4 ranks)
Iter 0857 | Energy: -17.928227 | Delta: 5.02e-03 | M: 9270.9284 | Path: GPU-cuStateVec MPI-distributed (4 ranks)
Iter 0858 | Energy: -17.922372 | Delta: 5.85e-03 | M: 96.4989 | Path: GPU-cuStateVec MPI-distributed (4 ranks)
Iter 0859 | Energy: -17.932913 | Delta: 1.05e-02 | M: 44.5495 | Path: GPU-cuStateVec MPI-distributed (4 ranks)
Iter 0860 | Energy: -17.933756 | Delta: 8.43e-04 | M: 7721.6299 | Path: GPU-cuStateVec MPI-distributed (4 ranks)
[RESILIENCE] Iteration 860: Global theta state checkpointed at path checkpoints/BeH2/checkpoint_iter_0860.npy. 
Iter 0861 | Energy: -17.933531 | Delta: 2.25e-04 | M: 9730.2406 | Path: GPU-cuStateVec MPI-distributed (4 ranks)
Iter 0862 | Energy: -17.927405 | Delta: 6.13e-03 | M: 92.3478 | Path: GPU-cuStateVec MPI-distributed (4 ranks)
Iter 0863 | Energy: -17.923218 | Delta: 4.19e-03 | M: 97.2324 | Path: GPU-cuStateVec MPI-distributed (4 ranks)
Iter 0864 | Energy: -17.925283 | Delta: 2.06e-03 | M: 8779.9405 | Path: GPU-cuStateVec MPI-distributed (4 ranks)
Iter 0865 | Energy: -17.935059 | Delta: 9.78e-03 | M: 6326.9398 | Path: GPU-cuStateVec MPI-distributed (4 ranks)
[RESILIENCE] Iteration 865: Global theta state checkpointed at path checkpoints/BeH2/checkpoint_iter_0865.npy. 
Iter 0866 | Energy: -17.939903 | Delta: 4.84e-03 | M: 10013.5104 | Path: GPU-cuStateVec MPI-distributed (4 ranks)
Iter 0867 | Energy: -17.940091 | Delta: 1.88e-04 | M: 8314.4182 | Path: GPU-cuStateVec MPI-distributed (4 ranks)
Iter 0868 | Energy: -17.940276 | Delta: 1.85e-04 | M: 9381.7191 | Path: GPU-cuStateVec MPI-distributed (4 ranks)
Iter 0869 | Energy: -17.946334 | Delta: 6.06e-03 | M: 7048.5600 | Path: GPU-cuStateVec MPI-distributed (4 ranks)
Iter 0870 | Energy: -17.934836 | Delta: 1.15e-02 | M: 8808.3479 | Path: GPU-cuStateVec MPI-distributed (4 ranks)
[RESILIENCE] Iteration 870: Global theta state checkpointed at path checkpoints/BeH2/checkpoint_iter_0870.npy. 
Iter 0871 | Energy: -17.940470 | Delta: 5.63e-03 | M: 93.1916 | Path: GPU-cuStateVec MPI-distributed (4 ranks)
Iter 0872 | Energy: -17.949686 | Delta: 9.22e-03 | M: 8716.2122 | Path: GPU-cuStateVec MPI-distributed (4 ranks)
Iter 0873 | Energy: -17.946114 | Delta: 3.57e-03 | M: 8995.9837 | Path: GPU-cuStateVec MPI-distributed (4 ranks)
Iter 0874 | Energy: -17.940375 | Delta: 5.74e-03 | M: 9641.1683 | Path: GPU-cuStateVec MPI-distributed (4 ranks)
Iter 0875 | Energy: -17.947222 | Delta: 6.85e-03 | M: 8411.2119 | Path: GPU-cuStateVec MPI-distributed (4 ranks)
[RESILIENCE] Iteration 875: Global theta state checkpointed at path checkpoints/BeH2/checkpoint_iter_0875.npy. 
Iter 0876 | Energy: -17.943548 | Delta: 3.67e-03 | M: 9676.7371 | Path: GPU-cuStateVec MPI-distributed (4 ranks)
Iter 0877 | Energy: -17.948212 | Delta: 4.66e-03 | M: 9724.2759 | Path: GPU-cuStateVec MPI-distributed (4 ranks)
Iter 0878 | Energy: -17.940944 | Delta: 7.27e-03 | M: 117.8895 | Path: GPU-cuStateVec MPI-distributed (4 ranks)
Iter 0879 | Energy: -17.946491 | Delta: 5.55e-03 | M: 10192.6209 | Path: GPU-cuStateVec MPI-distributed (4 ranks)
Iter 0880 | Energy: -17.953289 | Delta: 6.80e-03 | M: 100.2368 | Path: GPU-cuStateVec MPI-distributed (4 ranks)
[RESILIENCE] Iteration 880: Global theta state checkpointed at path checkpoints/BeH2/checkpoint_iter_0880.npy. 
Iter 0881 | Energy: -17.954479 | Delta: 1.19e-03 | M: 10178.9049 | Path: GPU-cuStateVec MPI-distributed (4 ranks)
Iter 0882 | Energy: -17.944264 | Delta: 1.02e-02 | M: 40.8500 | Path: GPU-cuStateVec MPI-distributed (4 ranks)
Iter 0883 | Energy: -17.951679 | Delta: 7.42e-03 | M: 8045.0320 | Path: GPU-cuStateVec MPI-distributed (4 ranks)
Iter 0884 | Energy: -17.945661 | Delta: 6.02e-03 | M: 10857.8038 | Path: GPU-cuStateVec MPI-distributed (4 ranks)
Iter 0885 | Energy: -17.950423 | Delta: 4.76e-03 | M: 9715.2951 | Path: GPU-cuStateVec MPI-distributed (4 ranks)
[RESILIENCE] Iteration 885: Global theta state checkpointed at path checkpoints/BeH2/checkpoint_iter_0885.npy. 
Iter 0886 | Energy: -17.942195 | Delta: 8.23e-03 | M: 8898.9145 | Path: GPU-cuStateVec MPI-distributed (4 ranks)
Iter 0887 | Energy: -17.948812 | Delta: 6.62e-03 | M: 10146.7605 | Path: GPU-cuStateVec MPI-distributed (4 ranks)
Iter 0888 | Energy: -17.956479 | Delta: 7.67e-03 | M: 84.0667 | Path: GPU-cuStateVec MPI-distributed (4 ranks)
Iter 0889 | Energy: -17.956607 | Delta: 1.28e-04 | M: 7392.9192 | Path: GPU-cuStateVec MPI-distributed (4 ranks)
Iter 0890 | Energy: -17.954958 | Delta: 1.65e-03 | M: 9283.1130 | Path: GPU-cuStateVec MPI-distributed (4 ranks)
[RESILIENCE] Iteration 890: Global theta state checkpointed at path checkpoints/BeH2/checkpoint_iter_0890.npy. 
Iter 0891 | Energy: -17.958212 | Delta: 3.25e-03 | M: 10972.5583 | Path: GPU-cuStateVec MPI-distributed (4 ranks)
Iter 0892 | Energy: -17.951669 | Delta: 6.54e-03 | M: 8511.4739 | Path: GPU-cuStateVec MPI-distributed (4 ranks)
Iter 0893 | Energy: -17.954108 | Delta: 2.44e-03 | M: 9079.3188 | Path: GPU-cuStateVec MPI-distributed (4 ranks)
Iter 0894 | Energy: -17.951670 | Delta: 2.44e-03 | M: 82.0578 | Path: GPU-cuStateVec MPI-distributed (4 ranks)
Iter 0895 | Energy: -17.951701 | Delta: 3.15e-05 | M: 10728.2325 | Path: GPU-cuStateVec MPI-distributed (4 ranks)
[RESILIENCE] Iteration 895: Global theta state checkpointed at path checkpoints/BeH2/checkpoint_iter_0895.npy. 
Iter 0896 | Energy: -17.948102 | Delta: 3.60e-03 | M: 117.3468 | Path: GPU-cuStateVec MPI-distributed (4 ranks)
[VQE] Best physical energy: -15.555709 Ha (error: 0.0394 Ha) at iter 261
[VQE] Final energy -17.948102 is below FCI — reporting best physical result

[BeH2] Ansatz tier:hwe_adaptive
[BeH2] Corr score: 0.501 
[BeH2] Best physical energy: -15.555709 Ha 
[BeH2] Reference FCI : -15.595118 Ha 
[BeH2] Absolute error: +0.0394 Ha 
[BeH2] Iterations run: 896 (best at iter 261)
[BeH2] Wall time: 229.72s (includes QPU queue + RTT) 
[BeH2] Time/iter: 0.26 s 
[BeH2] Source: registry 
[BeH2] Active electrons: 4 
[BeH2] Estimated qubits: 12 
[BeH2] Note: Frozen 2 core electrons. Active space: 4 electrons, 12 qubits 


--- RUNNING CHEMISTRY TASK H2O ---
[Resolver] 'H2O' found in local registry 
[Chemistry:H2O] 1086 Pauli terms, 14 qubits, 112 params, reps=2. FCI reference: -75.0124 Ha 
[Ansatz] HWE (adaptive) (auto) | corr_score=0.502 | off_diag_ratio=0.007
[Reason] score=0.502 in [0.25, 0.55). Moderate correlation (off_diag_ratio=0.007, zz_frac=0.986). Adaptive HWE with full entanglement recommended.
Iter 0001 | Energy: -3.372252 | Delta: inf | M: 5.4220 | Path: GPU-cuStateVec MPI-distributed (4 ranks)
Iter 0002 | Energy: -3.086089 | Delta: 2.86e-01 | M: 11108.2196 | Path: GPU-cuStateVec MPI-distributed (4 ranks)
Iter 0003 | Energy: -3.538012 | Delta: 4.52e-01 | M: 11090.3115 | Path: GPU-cuStateVec MPI-distributed (4 ranks)
Iter 0004 | Energy: -8.634443 | Delta: 5.10e+00 | M: 113.2440 | Path: GPU-cuStateVec MPI-distributed (4 ranks)
Iter 0005 | Energy: -12.952978 | Delta: 4.32e+00 | M: 11385.0046 | Path: GPU-cuStateVec MPI-distributed (4 ranks)
[RESILIENCE] Iteration 5: Global theta state checkpointed at path checkpoints/H2O/checkpoint_iter_0005.npy. 
Iter 0006 | Energy: -22.035908 | Delta: 9.08e+00 | M: 8657.6988 | Path: GPU-cuStateVec MPI-distributed (4 ranks)
Iter 0007 | Energy: -41.801752 | Delta: 1.98e+01 | M: 10719.3234 | Path: GPU-cuStateVec MPI-distributed (4 ranks)
Iter 0008 | Energy: -41.731292 | Delta: 7.05e-02 | M: 11419.6380 | Path: GPU-cuStateVec MPI-distributed (4 ranks)
Iter 0009 | Energy: -41.861514 | Delta: 1.30e-01 | M: 11011.3450 | Path: GPU-cuStateVec MPI-distributed (4 ranks)
Iter 0010 | Energy: -43.069333 | Delta: 1.21e+00 | M: 10546.6031 | Path: GPU-cuStateVec MPI-distributed (4 ranks)
[RESILIENCE] Iteration 10: Global theta state checkpointed at path checkpoints/H2O/checkpoint_iter_0010.npy. 
Iter 0011 | Energy: -47.304159 | Delta: 4.23e+00 | M: 11517.8412 | Path: GPU-cuStateVec MPI-distributed (4 ranks)
Iter 0012 | Energy: -52.141461 | Delta: 4.84e+00 | M: 10849.3407 | Path: GPU-cuStateVec MPI-distributed (4 ranks)
Iter 0013 | Energy: -58.041127 | Delta: 5.90e+00 | M: 10716.3206 | Path: GPU-cuStateVec MPI-distributed (4 ranks)
Iter 0014 | Energy: -58.782722 | Delta: 7.42e-01 | M: 10679.2518 | Path: GPU-cuStateVec MPI-distributed (4 ranks)
Iter 0015 | Energy: -59.108855 | Delta: 3.26e-01 | M: 10077.4559 | Path: GPU-cuStateVec MPI-distributed (4 ranks)
[RESILIENCE] Iteration 15: Global theta state checkpointed at path checkpoints/H2O/checkpoint_iter_0015.npy. 
Iter 0016 | Energy: -59.107712 | Delta: 1.14e-03 | M: 8883.1627 | Path: GPU-cuStateVec MPI-distributed (4 ranks)
Iter 0017 | Energy: -59.253636 | Delta: 1.46e-01 | M: 11286.1665 | Path: GPU-cuStateVec MPI-distributed (4 ranks)
Iter 0018 | Energy: -59.657562 | Delta: 4.04e-01 | M: 11154.3613 | Path: GPU-cuStateVec MPI-distributed (4 ranks)
Iter 0019 | Energy: -59.776690 | Delta: 1.19e-01 | M: 9971.0184 | Path: GPU-cuStateVec MPI-distributed (4 ranks)
Iter 0020 | Energy: -60.022895 | Delta: 2.46e-01 | M: 9253.9013 | Path: GPU-cuStateVec MPI-distributed (4 ranks)
[RESILIENCE] Iteration 20: Global theta state checkpointed at path checkpoints/H2O/checkpoint_iter_0020.npy. 
Iter 0021 | Energy: -60.407839 | Delta: 3.85e-01 | M: 8408.9624 | Path: GPU-cuStateVec MPI-distributed (4 ranks)
Iter 0022 | Energy: -60.448116 | Delta: 4.03e-02 | M: 88.0370 | Path: GPU-cuStateVec MPI-distributed (4 ranks)
Iter 0023 | Energy: -60.668313 | Delta: 2.20e-01 | M: 117.6585 | Path: GPU-cuStateVec MPI-distributed (4 ranks)
Iter 0024 | Energy: -60.723607 | Delta: 5.53e-02 | M: 90.0479 | Path: GPU-cuStateVec MPI-distributed (4 ranks)
Iter 0025 | Energy: -61.170939 | Delta: 4.47e-01 | M: 9999.3881 | Path: GPU-cuStateVec MPI-distributed (4 ranks)
[RESILIENCE] Iteration 25: Global theta state checkpointed at path checkpoints/H2O/checkpoint_iter_0025.npy. 
Iter 0026 | Energy: -64.376332 | Delta: 3.21e+00 | M: 10968.6528 | Path: GPU-cuStateVec MPI-distributed (4 ranks)
Iter 0027 | Energy: -64.573487 | Delta: 1.97e-01 | M: 11123.0579 | Path: GPU-cuStateVec MPI-distributed (4 ranks)
Iter 0028 | Energy: -67.131535 | Delta: 2.56e+00 | M: 11462.5074 | Path: GPU-cuStateVec MPI-distributed (4 ranks)
Iter 0029 | Energy: -67.256193 | Delta: 1.25e-01 | M: 11767.6171 | Path: GPU-cuStateVec MPI-distributed (4 ranks)
Iter 0030 | Energy: -68.397780 | Delta: 1.14e+00 | M: 8097.6749 | Path: GPU-cuStateVec MPI-distributed (4 ranks)
[RESILIENCE] Iteration 30: Global theta state checkpointed at path checkpoints/H2O/checkpoint_iter_0030.npy. 
Iter 0031 | Energy: -68.658456 | Delta: 2.61e-01 | M: 10762.7268 | Path: GPU-cuStateVec MPI-distributed (4 ranks)
Iter 0032 | Energy: -72.246680 | Delta: 3.59e+00 | M: 11480.6822 | Path: GPU-cuStateVec MPI-distributed (4 ranks)
Iter 0033 | Energy: -72.284873 | Delta: 3.82e-02 | M: 89.5449 | Path: GPU-cuStateVec MPI-distributed (4 ranks)
Iter 0034 | Energy: -73.816726 | Delta: 1.53e+00 | M: 11480.3272 | Path: GPU-cuStateVec MPI-distributed (4 ranks)
Iter 0035 | Energy: -73.988863 | Delta: 1.72e-01 | M: 10865.3219 | Path: GPU-cuStateVec MPI-distributed (4 ranks)
[RESILIENCE] Iteration 35: Global theta state checkpointed at path checkpoints/H2O/checkpoint_iter_0035.npy. 
Iter 0036 | Energy: -74.718277 | Delta: 7.29e-01 | M: 66.3387 | Path: GPU-cuStateVec MPI-distributed (4 ranks)
Iter 0037 | Energy: -74.792123 | Delta: 7.38e-02 | M: 10779.5517 | Path: GPU-cuStateVec MPI-distributed (4 ranks)
NOTE: Energy -75.0827 crossed below FCI -75.0124 at iter 38 — HWE ansatz leaving physical sector (expected limitation)
Iter 0038 | Energy: -75.082724 | Delta: 2.91e-01 | M: 104.5573 | Path: GPU-cuStateVec MPI-distributed (4 ranks)
Iter 0039 | Energy: -75.073802 | Delta: 8.92e-03 | M: 10115.7715 | Path: GPU-cuStateVec MPI-distributed (4 ranks)
Iter 0040 | Energy: -75.652345 | Delta: 5.79e-01 | M: 12.3921 | Path: GPU-cuStateVec MPI-distributed (4 ranks)
[RESILIENCE] Iteration 40: Global theta state checkpointed at path checkpoints/H2O/checkpoint_iter_0040.npy. 
Iter 0041 | Energy: -75.708641 | Delta: 5.63e-02 | M: 99.3707 | Path: GPU-cuStateVec MPI-distributed (4 ranks)
Iter 0042 | Energy: -75.745708 | Delta: 3.71e-02 | M: 90.6795 | Path: GPU-cuStateVec MPI-distributed (4 ranks)
Iter 0043 | Energy: -75.743097 | Delta: 2.61e-03 | M: 56.6327 | Path: GPU-cuStateVec MPI-distributed (4 ranks)
Iter 0044 | Energy: -75.930972 | Delta: 1.88e-01 | M: 9800.8575 | Path: GPU-cuStateVec MPI-distributed (4 ranks)
Iter 0045 | Energy: -75.991241 | Delta: 6.03e-02 | M: 98.3017 | Path: GPU-cuStateVec MPI-distributed (4 ranks)
[RESILIENCE] Iteration 45: Global theta state checkpointed at path checkpoints/H2O/checkpoint_iter_0045.npy. 
Iter 0046 | Energy: -76.121235 | Delta: 1.30e-01 | M: 10229.2636 | Path: GPU-cuStateVec MPI-distributed (4 ranks)
Iter 0047 | Energy: -76.583062 | Delta: 4.62e-01 | M: 11221.8030 | Path: GPU-cuStateVec MPI-distributed (4 ranks)
Iter 0048 | Energy: -77.122689 | Delta: 5.40e-01 | M: 9594.4156 | Path: GPU-cuStateVec MPI-distributed (4 ranks)
Iter 0049 | Energy: -77.424598 | Delta: 3.02e-01 | M: 11712.6751 | Path: GPU-cuStateVec MPI-distributed (4 ranks)
Iter 0050 | Energy: -77.417361 | Delta: 7.24e-03 | M: 11702.0161 | Path: GPU-cuStateVec MPI-distributed (4 ranks)
[RESILIENCE] Iteration 50: Global theta state checkpointed at path checkpoints/H2O/checkpoint_iter_0050.npy. 
Iter 0051 | Energy: -77.486141 | Delta: 6.88e-02 | M: 10912.9793 | Path: GPU-cuStateVec MPI-distributed (4 ranks)
Iter 0052 | Energy: -77.689883 | Delta: 2.04e-01 | M: 90.2425 | Path: GPU-cuStateVec MPI-distributed (4 ranks)
Iter 0053 | Energy: -77.807999 | Delta: 1.18e-01 | M: 11605.1048 | Path: GPU-cuStateVec MPI-distributed (4 ranks)
Iter 0054 | Energy: -77.824985 | Delta: 1.70e-02 | M: 11054.3131 | Path: GPU-cuStateVec MPI-distributed (4 ranks)
Iter 0055 | Energy: -78.010696 | Delta: 1.86e-01 | M: 10716.3277 | Path: GPU-cuStateVec MPI-distributed (4 ranks)
[RESILIENCE] Iteration 55: Global theta state checkpointed at path checkpoints/H2O/checkpoint_iter_0055.npy. 
Iter 0056 | Energy: -78.091333 | Delta: 8.06e-02 | M: 9706.8749 | Path: GPU-cuStateVec MPI-distributed (4 ranks)
Iter 0057 | Energy: -78.119199 | Delta: 2.79e-02 | M: 11173.6281 | Path: GPU-cuStateVec MPI-distributed (4 ranks)
Iter 0058 | Energy: -78.210017 | Delta: 9.08e-02 | M: 11091.1730 | Path: GPU-cuStateVec MPI-distributed (4 ranks)
Iter 0059 | Energy: -78.334762 | Delta: 1.25e-01 | M: 108.7967 | Path: GPU-cuStateVec MPI-distributed (4 ranks)
Iter 0060 | Energy: -78.409454 | Delta: 7.47e-02 | M: 11375.5289 | Path: GPU-cuStateVec MPI-distributed (4 ranks)
[RESILIENCE] Iteration 60: Global theta state checkpointed at path checkpoints/H2O/checkpoint_iter_0060.npy. 
Iter 0061 | Energy: -78.489287 | Delta: 7.98e-02 | M: 94.0629 | Path: GPU-cuStateVec MPI-distributed (4 ranks)
Iter 0062 | Energy: -78.535080 | Delta: 4.58e-02 | M: 11342.6389 | Path: GPU-cuStateVec MPI-distributed (4 ranks)
Iter 0063 | Energy: -78.601259 | Delta: 6.62e-02 | M: 82.8114 | Path: GPU-cuStateVec MPI-distributed (4 ranks)
Iter 0064 | Energy: -78.816412 | Delta: 2.15e-01 | M: 11176.9867 | Path: GPU-cuStateVec MPI-distributed (4 ranks)
Iter 0065 | Energy: -78.885010 | Delta: 6.86e-02 | M: 11077.2410 | Path: GPU-cuStateVec MPI-distributed (4 ranks)
[RESILIENCE] Iteration 65: Global theta state checkpointed at path checkpoints/H2O/checkpoint_iter_0065.npy. 
Iter 0066 | Energy: -79.011539 | Delta: 1.27e-01 | M: 90.9956 | Path: GPU-cuStateVec MPI-distributed (4 ranks)
Iter 0067 | Energy: -79.012091 | Delta: 5.51e-04 | M: 91.2540 | Path: GPU-cuStateVec MPI-distributed (4 ranks)
Iter 0068 | Energy: -79.039318 | Delta: 2.72e-02 | M: 11420.6956 | Path: GPU-cuStateVec MPI-distributed (4 ranks)
Iter 0069 | Energy: -79.285657 | Delta: 2.46e-01 | M: 78.2746 | Path: GPU-cuStateVec MPI-distributed (4 ranks)
Iter 0070 | Energy: -79.273292 | Delta: 1.24e-02 | M: 93.5287 | Path: GPU-cuStateVec MPI-distributed (4 ranks)
[RESILIENCE] Iteration 70: Global theta state checkpointed at path checkpoints/H2O/checkpoint_iter_0070.npy. 
Iter 0071 | Energy: -79.275286 | Delta: 1.99e-03 | M: 98.1567 | Path: GPU-cuStateVec MPI-distributed (4 ranks)
Iter 0072 | Energy: -79.356840 | Delta: 8.16e-02 | M: 10974.6286 | Path: GPU-cuStateVec MPI-distributed (4 ranks)
Iter 0073 | Energy: -79.365608 | Delta: 8.77e-03 | M: 11214.8740 | Path: GPU-cuStateVec MPI-distributed (4 ranks)
Iter 0074 | Energy: -79.361994 | Delta: 3.61e-03 | M: 11457.1630 | Path: GPU-cuStateVec MPI-distributed (4 ranks)
Iter 0075 | Energy: -79.475059 | Delta: 1.13e-01 | M: 11467.1386 | Path: GPU-cuStateVec MPI-distributed (4 ranks)
[RESILIENCE] Iteration 75: Global theta state checkpointed at path checkpoints/H2O/checkpoint_iter_0075.npy. 
Iter 0076 | Energy: -79.496683 | Delta: 2.16e-02 | M: 11152.0000 | Path: GPU-cuStateVec MPI-distributed (4 ranks)
Iter 0077 | Energy: -79.669545 | Delta: 1.73e-01 | M: 11573.0309 | Path: GPU-cuStateVec MPI-distributed (4 ranks)
Iter 0078 | Energy: -79.678745 | Delta: 9.20e-03 | M: 11495.6377 | Path: GPU-cuStateVec MPI-distributed (4 ranks)
Iter 0079 | Energy: -79.692223 | Delta: 1.35e-02 | M: 8329.5582 | Path: GPU-cuStateVec MPI-distributed (4 ranks)
Iter 0080 | Energy: -79.684103 | Delta: 8.12e-03 | M: 11130.1188 | Path: GPU-cuStateVec MPI-distributed (4 ranks)
[RESILIENCE] Iteration 80: Global theta state checkpointed at path checkpoints/H2O/checkpoint_iter_0080.npy. 
Iter 0081 | Energy: -79.777753 | Delta: 9.37e-02 | M: 84.1574 | Path: GPU-cuStateVec MPI-distributed (4 ranks)
Iter 0082 | Energy: -79.801871 | Delta: 2.41e-02 | M: 10312.2119 | Path: GPU-cuStateVec MPI-distributed (4 ranks)
Iter 0083 | Energy: -79.857525 | Delta: 5.57e-02 | M: 11762.6348 | Path: GPU-cuStateVec MPI-distributed (4 ranks)
Iter 0084 | Energy: -79.865546 | Delta: 8.02e-03 | M: 11138.3947 | Path: GPU-cuStateVec MPI-distributed (4 ranks)
Iter 0085 | Energy: -79.864275 | Delta: 1.27e-03 | M: 11605.1834 | Path: GPU-cuStateVec MPI-distributed (4 ranks)
[RESILIENCE] Iteration 85: Global theta state checkpointed at path checkpoints/H2O/checkpoint_iter_0085.npy. 
Iter 0086 | Energy: -79.858531 | Delta: 5.74e-03 | M: 11754.7013 | Path: GPU-cuStateVec MPI-distributed (4 ranks)
Iter 0087 | Energy: -79.885583 | Delta: 2.71e-02 | M: 10716.4372 | Path: GPU-cuStateVec MPI-distributed (4 ranks)
Iter 0088 | Energy: -79.915755 | Delta: 3.02e-02 | M: 84.9489 | Path: GPU-cuStateVec MPI-distributed (4 ranks)
Iter 0089 | Energy: -79.911209 | Delta: 4.55e-03 | M: 9491.0451 | Path: GPU-cuStateVec MPI-distributed (4 ranks)
Iter 0090 | Energy: -80.009208 | Delta: 9.80e-02 | M: 11192.9418 | Path: GPU-cuStateVec MPI-distributed (4 ranks)
[RESILIENCE] Iteration 90: Global theta state checkpointed at path checkpoints/H2O/checkpoint_iter_0090.npy. 
Iter 0091 | Energy: -80.047342 | Delta: 3.81e-02 | M: 11357.4025 | Path: GPU-cuStateVec MPI-distributed (4 ranks)
Iter 0092 | Energy: -80.064039 | Delta: 1.67e-02 | M: 10897.6103 | Path: GPU-cuStateVec MPI-distributed (4 ranks)
Iter 0093 | Energy: -80.078583 | Delta: 1.45e-02 | M: 11063.6970 | Path: GPU-cuStateVec MPI-distributed (4 ranks)
Iter 0094 | Energy: -80.122022 | Delta: 4.34e-02 | M: 9836.9863 | Path: GPU-cuStateVec MPI-distributed (4 ranks)
Iter 0095 | Energy: -80.104013 | Delta: 1.80e-02 | M: 11028.9222 | Path: GPU-cuStateVec MPI-distributed (4 ranks)
[RESILIENCE] Iteration 95: Global theta state checkpointed at path checkpoints/H2O/checkpoint_iter_0095.npy. 
Iter 0096 | Energy: -80.102728 | Delta: 1.29e-03 | M: 11356.7255 | Path: GPU-cuStateVec MPI-distributed (4 ranks)
Iter 0097 | Energy: -80.120782 | Delta: 1.81e-02 | M: 7882.5987 | Path: GPU-cuStateVec MPI-distributed (4 ranks)
Iter 0098 | Energy: -80.137925 | Delta: 1.71e-02 | M: 9678.4739 | Path: GPU-cuStateVec MPI-distributed (4 ranks)
Iter 0099 | Energy: -80.160162 | Delta: 2.22e-02 | M: 11390.9649 | Path: GPU-cuStateVec MPI-distributed (4 ranks)
Iter 0100 | Energy: -80.183386 | Delta: 2.32e-02 | M: 11339.1128 | Path: GPU-cuStateVec MPI-distributed (4 ranks)
[RESILIENCE] Iteration 100: Global theta state checkpointed at path checkpoints/H2O/checkpoint_iter_0100.npy. 
Iter 0101 | Energy: -80.229441 | Delta: 4.61e-02 | M: 11336.4182 | Path: GPU-cuStateVec MPI-distributed (4 ranks)
Iter 0102 | Energy: -80.271818 | Delta: 4.24e-02 | M: 10730.6944 | Path: GPU-cuStateVec MPI-distributed (4 ranks)
Iter 0103 | Energy: -80.294274 | Delta: 2.25e-02 | M: 10855.8086 | Path: GPU-cuStateVec MPI-distributed (4 ranks)
Iter 0104 | Energy: -80.319048 | Delta: 2.48e-02 | M: 11080.2821 | Path: GPU-cuStateVec MPI-distributed (4 ranks)
Iter 0105 | Energy: -80.357329 | Delta: 3.83e-02 | M: 10992.7717 | Path: GPU-cuStateVec MPI-distributed (4 ranks)
[RESILIENCE] Iteration 105: Global theta state checkpointed at path checkpoints/H2O/checkpoint_iter_0105.npy. 
Iter 0106 | Energy: -80.375310 | Delta: 1.80e-02 | M: 10843.5233 | Path: GPU-cuStateVec MPI-distributed (4 ranks)
Iter 0107 | Energy: -80.363953 | Delta: 1.14e-02 | M: 11636.3934 | Path: GPU-cuStateVec MPI-distributed (4 ranks)
Iter 0108 | Energy: -80.409255 | Delta: 4.53e-02 | M: 10557.8726 | Path: GPU-cuStateVec MPI-distributed (4 ranks)
Iter 0109 | Energy: -80.440130 | Delta: 3.09e-02 | M: 10735.1141 | Path: GPU-cuStateVec MPI-distributed (4 ranks)
Iter 0110 | Energy: -80.432970 | Delta: 7.16e-03 | M: 11251.9783 | Path: GPU-cuStateVec MPI-distributed (4 ranks)
[RESILIENCE] Iteration 110: Global theta state checkpointed at path checkpoints/H2O/checkpoint_iter_0110.npy. 
Iter 0111 | Energy: -80.450021 | Delta: 1.71e-02 | M: 10323.6838 | Path: GPU-cuStateVec MPI-distributed (4 ranks)
Iter 0112 | Energy: -80.448529 | Delta: 1.49e-03 | M: 10949.7260 | Path: GPU-cuStateVec MPI-distributed (4 ranks)
Iter 0113 | Energy: -80.456080 | Delta: 7.55e-03 | M: 11562.6660 | Path: GPU-cuStateVec MPI-distributed (4 ranks)
Iter 0114 | Energy: -80.512582 | Delta: 5.65e-02 | M: 11218.9841 | Path: GPU-cuStateVec MPI-distributed (4 ranks)
Iter 0115 | Energy: -80.493532 | Delta: 1.91e-02 | M: 94.7297 | Path: GPU-cuStateVec MPI-distributed (4 ranks)
[RESILIENCE] Iteration 115: Global theta state checkpointed at path checkpoints/H2O/checkpoint_iter_0115.npy. 
Iter 0116 | Energy: -80.497291 | Delta: 3.76e-03 | M: 8426.6187 | Path: GPU-cuStateVec MPI-distributed (4 ranks)
Iter 0117 | Energy: -80.511304 | Delta: 1.40e-02 | M: 11398.5372 | Path: GPU-cuStateVec MPI-distributed (4 ranks)
Iter 0118 | Energy: -80.563333 | Delta: 5.20e-02 | M: 11246.1619 | Path: GPU-cuStateVec MPI-distributed (4 ranks)
Iter 0119 | Energy: -80.598274 | Delta: 3.49e-02 | M: 10344.5251 | Path: GPU-cuStateVec MPI-distributed (4 ranks)
Iter 0120 | Energy: -80.643509 | Delta: 4.52e-02 | M: 45.0012 | Path: GPU-cuStateVec MPI-distributed (4 ranks)
[RESILIENCE] Iteration 120: Global theta state checkpointed at path checkpoints/H2O/checkpoint_iter_0120.npy. 
Iter 0121 | Energy: -80.689600 | Delta: 4.61e-02 | M: 47.0247 | Path: GPU-cuStateVec MPI-distributed (4 ranks)
Iter 0122 | Energy: -80.699466 | Delta: 9.87e-03 | M: 10200.7553 | Path: GPU-cuStateVec MPI-distributed (4 ranks)
Iter 0123 | Energy: -80.738593 | Delta: 3.91e-02 | M: 11242.1513 | Path: GPU-cuStateVec MPI-distributed (4 ranks)
Iter 0124 | Energy: -80.753004 | Delta: 1.44e-02 | M: 8329.8573 | Path: GPU-cuStateVec MPI-distributed (4 ranks)
Iter 0125 | Energy: -80.755995 | Delta: 2.99e-03 | M: 10832.8911 | Path: GPU-cuStateVec MPI-distributed (4 ranks)
[RESILIENCE] Iteration 125: Global theta state checkpointed at path checkpoints/H2O/checkpoint_iter_0125.npy. 
Iter 0126 | Energy: -80.737520 | Delta: 1.85e-02 | M: 11052.6212 | Path: GPU-cuStateVec MPI-distributed (4 ranks)
Iter 0127 | Energy: -80.743128 | Delta: 5.61e-03 | M: 11460.6544 | Path: GPU-cuStateVec MPI-distributed (4 ranks)
Iter 0128 | Energy: -80.763172 | Delta: 2.00e-02 | M: 11230.5311 | Path: GPU-cuStateVec MPI-distributed (4 ranks)
Iter 0129 | Energy: -80.794106 | Delta: 3.09e-02 | M: 10442.2063 | Path: GPU-cuStateVec MPI-distributed (4 ranks)
Iter 0130 | Energy: -80.777741 | Delta: 1.64e-02 | M: 10467.0418 | Path: GPU-cuStateVec MPI-distributed (4 ranks)
[RESILIENCE] Iteration 130: Global theta state checkpointed at path checkpoints/H2O/checkpoint_iter_0130.npy. 
Iter 0131 | Energy: -80.782321 | Delta: 4.58e-03 | M: 9325.2118 | Path: GPU-cuStateVec MPI-distributed (4 ranks)
Iter 0132 | Energy: -80.805593 | Delta: 2.33e-02 | M: 9545.1409 | Path: GPU-cuStateVec MPI-distributed (4 ranks)
Iter 0133 | Energy: -80.822961 | Delta: 1.74e-02 | M: 10786.4879 | Path: GPU-cuStateVec MPI-distributed (4 ranks)
Iter 0134 | Energy: -80.807614 | Delta: 1.53e-02 | M: 9793.8510 | Path: GPU-cuStateVec MPI-distributed (4 ranks)
Iter 0135 | Energy: -80.812390 | Delta: 4.78e-03 | M: 11343.7141 | Path: GPU-cuStateVec MPI-distributed (4 ranks)
[RESILIENCE] Iteration 135: Global theta state checkpointed at path checkpoints/H2O/checkpoint_iter_0135.npy. 
Iter 0136 | Energy: -80.809713 | Delta: 2.68e-03 | M: 98.0251 | Path: GPU-cuStateVec MPI-distributed (4 ranks)
Iter 0137 | Energy: -80.815385 | Delta: 5.67e-03 | M: 10897.0825 | Path: GPU-cuStateVec MPI-distributed (4 ranks)
Iter 0138 | Energy: -80.831187 | Delta: 1.58e-02 | M: 11234.5120 | Path: GPU-cuStateVec MPI-distributed (4 ranks)
Iter 0139 | Energy: -80.848581 | Delta: 1.74e-02 | M: 10887.0145 | Path: GPU-cuStateVec MPI-distributed (4 ranks)
Iter 0140 | Energy: -80.843182 | Delta: 5.40e-03 | M: 10690.6828 | Path: GPU-cuStateVec MPI-distributed (4 ranks)
[RESILIENCE] Iteration 140: Global theta state checkpointed at path checkpoints/H2O/checkpoint_iter_0140.npy. 
Iter 0141 | Energy: -80.850076 | Delta: 6.89e-03 | M: 11297.5581 | Path: GPU-cuStateVec MPI-distributed (4 ranks)
Iter 0142 | Energy: -80.854803 | Delta: 4.73e-03 | M: 99.3794 | Path: GPU-cuStateVec MPI-distributed (4 ranks)
Iter 0143 | Energy: -80.840061 | Delta: 1.47e-02 | M: 109.2003 | Path: GPU-cuStateVec MPI-distributed (4 ranks)
Iter 0144 | Energy: -80.857683 | Delta: 1.76e-02 | M: 10779.3233 | Path: GPU-cuStateVec MPI-distributed (4 ranks)
Iter 0145 | Energy: -80.877200 | Delta: 1.95e-02 | M: 11492.4307 | Path: GPU-cuStateVec MPI-distributed (4 ranks)
[RESILIENCE] Iteration 145: Global theta state checkpointed at path checkpoints/H2O/checkpoint_iter_0145.npy. 
Iter 0146 | Energy: -80.897452 | Delta: 2.03e-02 | M: 10481.5706 | Path: GPU-cuStateVec MPI-distributed (4 ranks)
Iter 0147 | Energy: -80.881467 | Delta: 1.60e-02 | M: 10965.1140 | Path: GPU-cuStateVec MPI-distributed (4 ranks)
Iter 0148 | Energy: -80.877999 | Delta: 3.47e-03 | M: 10657.1846 | Path: GPU-cuStateVec MPI-distributed (4 ranks)
Iter 0149 | Energy: -80.886314 | Delta: 8.31e-03 | M: 11099.3695 | Path: GPU-cuStateVec MPI-distributed (4 ranks)
Iter 0150 | Energy: -80.893246 | Delta: 6.93e-03 | M: 11029.2100 | Path: GPU-cuStateVec MPI-distributed (4 ranks)
[RESILIENCE] Iteration 150: Global theta state checkpointed at path checkpoints/H2O/checkpoint_iter_0150.npy. 
Iter 0151 | Energy: -80.889765 | Delta: 3.48e-03 | M: 10941.8561 | Path: GPU-cuStateVec MPI-distributed (4 ranks)
Iter 0152 | Energy: -80.885444 | Delta: 4.32e-03 | M: 9852.0011 | Path: GPU-cuStateVec MPI-distributed (4 ranks)
Iter 0153 | Energy: -80.873523 | Delta: 1.19e-02 | M: 11640.6351 | Path: GPU-cuStateVec MPI-distributed (4 ranks)
Iter 0154 | Energy: -80.908199 | Delta: 3.47e-02 | M: 11601.2985 | Path: GPU-cuStateVec MPI-distributed (4 ranks)
Iter 0155 | Energy: -80.927730 | Delta: 1.95e-02 | M: 11171.4995 | Path: GPU-cuStateVec MPI-distributed (4 ranks)
[RESILIENCE] Iteration 155: Global theta state checkpointed at path checkpoints/H2O/checkpoint_iter_0155.npy. 
Iter 0156 | Energy: -80.988069 | Delta: 6.03e-02 | M: 11543.4139 | Path: GPU-cuStateVec MPI-distributed (4 ranks)
Iter 0157 | Energy: -80.976269 | Delta: 1.18e-02 | M: 10336.8041 | Path: GPU-cuStateVec MPI-distributed (4 ranks)
Iter 0158 | Energy: -80.991528 | Delta: 1.53e-02 | M: 10815.3760 | Path: GPU-cuStateVec MPI-distributed (4 ranks)
Iter 0159 | Energy: -81.004407 | Delta: 1.29e-02 | M: 11373.8652 | Path: GPU-cuStateVec MPI-distributed (4 ranks)
Iter 0160 | Energy: -81.002063 | Delta: 2.34e-03 | M: 11317.9190 | Path: GPU-cuStateVec MPI-distributed (4 ranks)
[RESILIENCE] Iteration 160: Global theta state checkpointed at path checkpoints/H2O/checkpoint_iter_0160.npy. 
Iter 0161 | Energy: -81.004366 | Delta: 2.30e-03 | M: 100.9009 | Path: GPU-cuStateVec MPI-distributed (4 ranks)
Iter 0162 | Energy: -81.021457 | Delta: 1.71e-02 | M: 11114.7154 | Path: GPU-cuStateVec MPI-distributed (4 ranks)
Iter 0163 | Energy: -81.042859 | Delta: 2.14e-02 | M: 10859.8452 | Path: GPU-cuStateVec MPI-distributed (4 ranks)
Iter 0164 | Energy: -81.027113 | Delta: 1.57e-02 | M: 11490.5758 | Path: GPU-cuStateVec MPI-distributed (4 ranks)
Iter 0165 | Energy: -81.034085 | Delta: 6.97e-03 | M: 10695.4770 | Path: GPU-cuStateVec MPI-distributed (4 ranks)
[RESILIENCE] Iteration 165: Global theta state checkpointed at path checkpoints/H2O/checkpoint_iter_0165.npy. 
Iter 0166 | Energy: -81.045355 | Delta: 1.13e-02 | M: 31.3628 | Path: GPU-cuStateVec MPI-distributed (4 ranks)
Iter 0167 | Energy: -81.088641 | Delta: 4.33e-02 | M: 89.4533 | Path: GPU-cuStateVec MPI-distributed (4 ranks)
Iter 0168 | Energy: -81.085161 | Delta: 3.48e-03 | M: 107.4727 | Path: GPU-cuStateVec MPI-distributed (4 ranks)
Iter 0169 | Energy: -81.058858 | Delta: 2.63e-02 | M: 75.4440 | Path: GPU-cuStateVec MPI-distributed (4 ranks)
Iter 0170 | Energy: -81.088997 | Delta: 3.01e-02 | M: 10390.3862 | Path: GPU-cuStateVec MPI-distributed (4 ranks)
[RESILIENCE] Iteration 170: Global theta state checkpointed at path checkpoints/H2O/checkpoint_iter_0170.npy. 
Iter 0171 | Energy: -81.080668 | Delta: 8.33e-03 | M: 9436.3311 | Path: GPU-cuStateVec MPI-distributed (4 ranks)
Iter 0172 | Energy: -81.094563 | Delta: 1.39e-02 | M: 10795.5746 | Path: GPU-cuStateVec MPI-distributed (4 ranks)
Iter 0173 | Energy: -81.082457 | Delta: 1.21e-02 | M: 42.8000 | Path: GPU-cuStateVec MPI-distributed (4 ranks)
Iter 0174 | Energy: -81.083848 | Delta: 1.39e-03 | M: 117.8701 | Path: GPU-cuStateVec MPI-distributed (4 ranks)
Iter 0175 | Energy: -81.080585 | Delta: 3.26e-03 | M: 10366.0544 | Path: GPU-cuStateVec MPI-distributed (4 ranks)
[RESILIENCE] Iteration 175: Global theta state checkpointed at path checkpoints/H2O/checkpoint_iter_0175.npy. 
Iter 0176 | Energy: -81.082875 | Delta: 2.29e-03 | M: 8437.2654 | Path: GPU-cuStateVec MPI-distributed (4 ranks)
Iter 0177 | Energy: -81.129663 | Delta: 4.68e-02 | M: 10327.1049 | Path: GPU-cuStateVec MPI-distributed (4 ranks)
Iter 0178 | Energy: -81.080355 | Delta: 4.93e-02 | M: 10407.7651 | Path: GPU-cuStateVec MPI-distributed (4 ranks)
Iter 0179 | Energy: -81.076434 | Delta: 3.92e-03 | M: 10296.9819 | Path: GPU-cuStateVec MPI-distributed (4 ranks)
Iter 0180 | Energy: -81.091522 | Delta: 1.51e-02 | M: 10874.8642 | Path: GPU-cuStateVec MPI-distributed (4 ranks)
[RESILIENCE] Iteration 180: Global theta state checkpointed at path checkpoints/H2O/checkpoint_iter_0180.npy. 
Iter 0181 | Energy: -81.139127 | Delta: 4.76e-02 | M: 10973.5248 | Path: GPU-cuStateVec MPI-distributed (4 ranks)
Iter 0182 | Energy: -81.166630 | Delta: 2.75e-02 | M: 9930.1371 | Path: GPU-cuStateVec MPI-distributed (4 ranks)
Iter 0183 | Energy: -81.197747 | Delta: 3.11e-02 | M: 11950.5713 | Path: GPU-cuStateVec MPI-distributed (4 ranks)
Iter 0184 | Energy: -81.165560 | Delta: 3.22e-02 | M: 7851.7770 | Path: GPU-cuStateVec MPI-distributed (4 ranks)
Iter 0185 | Energy: -81.164848 | Delta: 7.12e-04 | M: 11724.4669 | Path: GPU-cuStateVec MPI-distributed (4 ranks)
[RESILIENCE] Iteration 185: Global theta state checkpointed at path checkpoints/H2O/checkpoint_iter_0185.npy. 
Iter 0186 | Energy: -81.175867 | Delta: 1.10e-02 | M: 11179.6662 | Path: GPU-cuStateVec MPI-distributed (4 ranks)
Iter 0187 | Energy: -81.205258 | Delta: 2.94e-02 | M: 10627.6989 | Path: GPU-cuStateVec MPI-distributed (4 ranks)
Iter 0188 | Energy: -81.206541 | Delta: 1.28e-03 | M: 11223.7809 | Path: GPU-cuStateVec MPI-distributed (4 ranks)
Iter 0189 | Energy: -81.214902 | Delta: 8.36e-03 | M: 9473.2357 | Path: GPU-cuStateVec MPI-distributed (4 ranks)
Iter 0190 | Energy: -81.222216 | Delta: 7.31e-03 | M: 53.1109 | Path: GPU-cuStateVec MPI-distributed (4 ranks)
[RESILIENCE] Iteration 190: Global theta state checkpointed at path checkpoints/H2O/checkpoint_iter_0190.npy. 
Iter 0191 | Energy: -81.230905 | Delta: 8.69e-03 | M: 72.5607 | Path: GPU-cuStateVec MPI-distributed (4 ranks)
Iter 0192 | Energy: -81.224451 | Delta: 6.45e-03 | M: 9882.6506 | Path: GPU-cuStateVec MPI-distributed (4 ranks)
Iter 0193 | Energy: -81.247403 | Delta: 2.30e-02 | M: 10895.4742 | Path: GPU-cuStateVec MPI-distributed (4 ranks)
Iter 0194 | Energy: -81.260941 | Delta: 1.35e-02 | M: 10419.7411 | Path: GPU-cuStateVec MPI-distributed (4 ranks)
Iter 0195 | Energy: -81.244987 | Delta: 1.60e-02 | M: 9987.9174 | Path: GPU-cuStateVec MPI-distributed (4 ranks)
[RESILIENCE] Iteration 195: Global theta state checkpointed at path checkpoints/H2O/checkpoint_iter_0195.npy. 
Iter 0196 | Energy: -81.265512 | Delta: 2.05e-02 | M: 10719.2667 | Path: GPU-cuStateVec MPI-distributed (4 ranks)
Iter 0197 | Energy: -81.280975 | Delta: 1.55e-02 | M: 5695.4093 | Path: GPU-cuStateVec MPI-distributed (4 ranks)
Iter 0198 | Energy: -81.249793 | Delta: 3.12e-02 | M: 8423.4877 | Path: GPU-cuStateVec MPI-distributed (4 ranks)
Iter 0199 | Energy: -81.261414 | Delta: 1.16e-02 | M: 9186.7760 | Path: GPU-cuStateVec MPI-distributed (4 ranks)
Iter 0200 | Energy: -81.339699 | Delta: 7.83e-02 | M: 11187.5286 | Path: GPU-cuStateVec MPI-distributed (4 ranks)
[RESILIENCE] Iteration 200: Global theta state checkpointed at path checkpoints/H2O/checkpoint_iter_0200.npy. 
Iter 0201 | Energy: -81.352753 | Delta: 1.31e-02 | M: 11048.8487 | Path: GPU-cuStateVec MPI-distributed (4 ranks)
Iter 0202 | Energy: -81.381257 | Delta: 2.85e-02 | M: 10152.9220 | Path: GPU-cuStateVec MPI-distributed (4 ranks)
Iter 0203 | Energy: -81.363937 | Delta: 1.73e-02 | M: 8862.7870 | Path: GPU-cuStateVec MPI-distributed (4 ranks)
Iter 0204 | Energy: -81.381442 | Delta: 1.75e-02 | M: 10777.5249 | Path: GPU-cuStateVec MPI-distributed (4 ranks)
Iter 0205 | Energy: -81.378656 | Delta: 2.79e-03 | M: 90.5363 | Path: GPU-cuStateVec MPI-distributed (4 ranks)
[RESILIENCE] Iteration 205: Global theta state checkpointed at path checkpoints/H2O/checkpoint_iter_0205.npy. 
Iter 0206 | Energy: -81.419491 | Delta: 4.08e-02 | M: 88.5274 | Path: GPU-cuStateVec MPI-distributed (4 ranks)
Iter 0207 | Energy: -81.402854 | Delta: 1.66e-02 | M: 11333.9121 | Path: GPU-cuStateVec MPI-distributed (4 ranks)
Iter 0208 | Energy: -81.395738 | Delta: 7.12e-03 | M: 8286.5904 | Path: GPU-cuStateVec MPI-distributed (4 ranks)
Iter 0209 | Energy: -81.471360 | Delta: 7.56e-02 | M: 11371.1768 | Path: GPU-cuStateVec MPI-distributed (4 ranks)
Iter 0210 | Energy: -81.425577 | Delta: 4.58e-02 | M: 10939.3000 | Path: GPU-cuStateVec MPI-distributed (4 ranks)
[RESILIENCE] Iteration 210: Global theta state checkpointed at path checkpoints/H2O/checkpoint_iter_0210.npy. 
Iter 0211 | Energy: -81.469958 | Delta: 4.44e-02 | M: 11199.2347 | Path: GPU-cuStateVec MPI-distributed (4 ranks)
Iter 0212 | Energy: -81.492111 | Delta: 2.22e-02 | M: 10069.7733 | Path: GPU-cuStateVec MPI-distributed (4 ranks)
Iter 0213 | Energy: -81.495311 | Delta: 3.20e-03 | M: 10596.1080 | Path: GPU-cuStateVec MPI-distributed (4 ranks)
Iter 0214 | Energy: -81.481538 | Delta: 1.38e-02 | M: 10897.3130 | Path: GPU-cuStateVec MPI-distributed (4 ranks)
Iter 0215 | Energy: -81.500634 | Delta: 1.91e-02 | M: 107.0878 | Path: GPU-cuStateVec MPI-distributed (4 ranks)
[RESILIENCE] Iteration 215: Global theta state checkpointed at path checkpoints/H2O/checkpoint_iter_0215.npy. 
Iter 0216 | Energy: -81.499632 | Delta: 1.00e-03 | M: 84.4642 | Path: GPU-cuStateVec MPI-distributed (4 ranks)
Iter 0217 | Energy: -81.527269 | Delta: 2.76e-02 | M: 11002.1411 | Path: GPU-cuStateVec MPI-distributed (4 ranks)
Iter 0218 | Energy: -81.499978 | Delta: 2.73e-02 | M: 9349.7544 | Path: GPU-cuStateVec MPI-distributed (4 ranks)
Iter 0219 | Energy: -81.530504 | Delta: 3.05e-02 | M: 11255.3125 | Path: GPU-cuStateVec MPI-distributed (4 ranks)
Iter 0220 | Energy: -81.508814 | Delta: 2.17e-02 | M: 11008.7028 | Path: GPU-cuStateVec MPI-distributed (4 ranks)
[RESILIENCE] Iteration 220: Global theta state checkpointed at path checkpoints/H2O/checkpoint_iter_0220.npy. 
Iter 0221 | Energy: -81.517097 | Delta: 8.28e-03 | M: 11236.7563 | Path: GPU-cuStateVec MPI-distributed (4 ranks)
Iter 0222 | Energy: -81.494043 | Delta: 2.31e-02 | M: 131.5367 | Path: GPU-cuStateVec MPI-distributed (4 ranks)
Iter 0223 | Energy: -81.522564 | Delta: 2.85e-02 | M: 10889.0116 | Path: GPU-cuStateVec MPI-distributed (4 ranks)
Iter 0224 | Energy: -81.539991 | Delta: 1.74e-02 | M: 10775.4292 | Path: GPU-cuStateVec MPI-distributed (4 ranks)
Iter 0225 | Energy: -81.529568 | Delta: 1.04e-02 | M: 11410.6048 | Path: GPU-cuStateVec MPI-distributed (4 ranks)
[RESILIENCE] Iteration 225: Global theta state checkpointed at path checkpoints/H2O/checkpoint_iter_0225.npy. 
Iter 0226 | Energy: -81.519777 | Delta: 9.79e-03 | M: 9624.6773 | Path: GPU-cuStateVec MPI-distributed (4 ranks)
Iter 0227 | Energy: -81.567383 | Delta: 4.76e-02 | M: 11241.9925 | Path: GPU-cuStateVec MPI-distributed (4 ranks)
Iter 0228 | Energy: -81.545138 | Delta: 2.22e-02 | M: 11055.4980 | Path: GPU-cuStateVec MPI-distributed (4 ranks)
Iter 0229 | Energy: -81.563608 | Delta: 1.85e-02 | M: 10694.9919 | Path: GPU-cuStateVec MPI-distributed (4 ranks)
Iter 0230 | Energy: -81.576557 | Delta: 1.29e-02 | M: 11002.3161 | Path: GPU-cuStateVec MPI-distributed (4 ranks)
[RESILIENCE] Iteration 230: Global theta state checkpointed at path checkpoints/H2O/checkpoint_iter_0230.npy. 
Iter 0231 | Energy: -81.570303 | Delta: 6.25e-03 | M: 208.5035 | Path: GPU-cuStateVec MPI-distributed (4 ranks)
Iter 0232 | Energy: -81.552353 | Delta: 1.80e-02 | M: 11294.3945 | Path: GPU-cuStateVec MPI-distributed (4 ranks)
Iter 0233 | Energy: -81.552680 | Delta: 3.27e-04 | M: 11271.0672 | Path: GPU-cuStateVec MPI-distributed (4 ranks)
Iter 0234 | Energy: -81.553752 | Delta: 1.07e-03 | M: 97.3265 | Path: GPU-cuStateVec MPI-distributed (4 ranks)
Iter 0235 | Energy: -81.604538 | Delta: 5.08e-02 | M: 10301.0778 | Path: GPU-cuStateVec MPI-distributed (4 ranks)
[RESILIENCE] Iteration 235: Global theta state checkpointed at path checkpoints/H2O/checkpoint_iter_0235.npy. 
Iter 0236 | Energy: -81.596457 | Delta: 8.08e-03 | M: 10516.7865 | Path: GPU-cuStateVec MPI-distributed (4 ranks)
Iter 0237 | Energy: -81.597760 | Delta: 1.30e-03 | M: 124.2556 | Path: GPU-cuStateVec MPI-distributed (4 ranks)
Iter 0238 | Energy: -81.595491 | Delta: 2.27e-03 | M: 11225.2692 | Path: GPU-cuStateVec MPI-distributed (4 ranks)
Iter 0239 | Energy: -81.583568 | Delta: 1.19e-02 | M: 11242.7408 | Path: GPU-cuStateVec MPI-distributed (4 ranks)
Iter 0240 | Energy: -81.539408 | Delta: 4.42e-02 | M: 11328.1401 | Path: GPU-cuStateVec MPI-distributed (4 ranks)
[RESILIENCE] Iteration 240: Global theta state checkpointed at path checkpoints/H2O/checkpoint_iter_0240.npy. 
Iter 0241 | Energy: -81.614240 | Delta: 7.48e-02 | M: 11263.5182 | Path: GPU-cuStateVec MPI-distributed (4 ranks)
Iter 0242 | Energy: -81.626914 | Delta: 1.27e-02 | M: 11453.2199 | Path: GPU-cuStateVec MPI-distributed (4 ranks)
Iter 0243 | Energy: -81.627118 | Delta: 2.04e-04 | M: 11483.6355 | Path: GPU-cuStateVec MPI-distributed (4 ranks)
Iter 0244 | Energy: -81.634327 | Delta: 7.21e-03 | M: 8717.7841 | Path: GPU-cuStateVec MPI-distributed (4 ranks)
Iter 0245 | Energy: -81.607690 | Delta: 2.66e-02 | M: 11198.4666 | Path: GPU-cuStateVec MPI-distributed (4 ranks)
[RESILIENCE] Iteration 245: Global theta state checkpointed at path checkpoints/H2O/checkpoint_iter_0245.npy. 
Iter 0246 | Energy: -81.604656 | Delta: 3.03e-03 | M: 11511.2232 | Path: GPU-cuStateVec MPI-distributed (4 ranks)
Iter 0247 | Energy: -81.626329 | Delta: 2.17e-02 | M: 11637.9175 | Path: GPU-cuStateVec MPI-distributed (4 ranks)
Iter 0248 | Energy: -81.603155 | Delta: 2.32e-02 | M: 11252.0847 | Path: GPU-cuStateVec MPI-distributed (4 ranks)
Iter 0249 | Energy: -81.611535 | Delta: 8.38e-03 | M: 10378.1151 | Path: GPU-cuStateVec MPI-distributed (4 ranks)
Iter 0250 | Energy: -81.589812 | Delta: 2.17e-02 | M: 11216.5566 | Path: GPU-cuStateVec MPI-distributed (4 ranks)
[RESILIENCE] Iteration 250: Global theta state checkpointed at path checkpoints/H2O/checkpoint_iter_0250.npy. 
Iter 0251 | Energy: -81.601412 | Delta: 1.16e-02 | M: 10049.8981 | Path: GPU-cuStateVec MPI-distributed (4 ranks)
Iter 0252 | Energy: -81.641519 | Delta: 4.01e-02 | M: 91.3405 | Path: GPU-cuStateVec MPI-distributed (4 ranks)
Iter 0253 | Energy: -81.644521 | Delta: 3.00e-03 | M: 80.2965 | Path: GPU-cuStateVec MPI-distributed (4 ranks)
Iter 0254 | Energy: -81.647648 | Delta: 3.13e-03 | M: 89.5757 | Path: GPU-cuStateVec MPI-distributed (4 ranks)
Iter 0255 | Energy: -81.669551 | Delta: 2.19e-02 | M: 11770.2517 | Path: GPU-cuStateVec MPI-distributed (4 ranks)
[RESILIENCE] Iteration 255: Global theta state checkpointed at path checkpoints/H2O/checkpoint_iter_0255.npy. 
Iter 0256 | Energy: -81.642656 | Delta: 2.69e-02 | M: 10939.2495 | Path: GPU-cuStateVec MPI-distributed (4 ranks)
Iter 0257 | Energy: -81.661540 | Delta: 1.89e-02 | M: 11079.2887 | Path: GPU-cuStateVec MPI-distributed (4 ranks)
Iter 0258 | Energy: -81.635558 | Delta: 2.60e-02 | M: 8110.3352 | Path: GPU-cuStateVec MPI-distributed (4 ranks)
Iter 0259 | Energy: -81.646889 | Delta: 1.13e-02 | M: 10005.1769 | Path: GPU-cuStateVec MPI-distributed (4 ranks)
Iter 0260 | Energy: -81.667783 | Delta: 2.09e-02 | M: 10622.9432 | Path: GPU-cuStateVec MPI-distributed (4 ranks)
[RESILIENCE] Iteration 260: Global theta state checkpointed at path checkpoints/H2O/checkpoint_iter_0260.npy. 
Iter 0261 | Energy: -81.653751 | Delta: 1.40e-02 | M: 11575.6634 | Path: GPU-cuStateVec MPI-distributed (4 ranks)
Iter 0262 | Energy: -81.643532 | Delta: 1.02e-02 | M: 9726.6400 | Path: GPU-cuStateVec MPI-distributed (4 ranks)
Iter 0263 | Energy: -81.652660 | Delta: 9.13e-03 | M: 11410.9694 | Path: GPU-cuStateVec MPI-distributed (4 ranks)
Iter 0264 | Energy: -81.668535 | Delta: 1.59e-02 | M: 171.5726 | Path: GPU-cuStateVec MPI-distributed (4 ranks)
Iter 0265 | Energy: -81.660970 | Delta: 7.57e-03 | M: 10837.8271 | Path: GPU-cuStateVec MPI-distributed (4 ranks)
[RESILIENCE] Iteration 265: Global theta state checkpointed at path checkpoints/H2O/checkpoint_iter_0265.npy. 
Iter 0266 | Energy: -81.658931 | Delta: 2.04e-03 | M: 9701.2463 | Path: GPU-cuStateVec MPI-distributed (4 ranks)
Iter 0267 | Energy: -81.678777 | Delta: 1.98e-02 | M: 11049.8854 | Path: GPU-cuStateVec MPI-distributed (4 ranks)
Iter 0268 | Energy: -81.662393 | Delta: 1.64e-02 | M: 11512.0291 | Path: GPU-cuStateVec MPI-distributed (4 ranks)
Iter 0269 | Energy: -81.668549 | Delta: 6.16e-03 | M: 11117.1054 | Path: GPU-cuStateVec MPI-distributed (4 ranks)
Iter 0270 | Energy: -81.680847 | Delta: 1.23e-02 | M: 96.1165 | Path: GPU-cuStateVec MPI-distributed (4 ranks)
[RESILIENCE] Iteration 270: Global theta state checkpointed at path checkpoints/H2O/checkpoint_iter_0270.npy. 
Iter 0271 | Energy: -81.679264 | Delta: 1.58e-03 | M: 10400.4957 | Path: GPU-cuStateVec MPI-distributed (4 ranks)
Iter 0272 | Energy: -81.738167 | Delta: 5.89e-02 | M: 10539.8976 | Path: GPU-cuStateVec MPI-distributed (4 ranks)
Iter 0273 | Energy: -81.737073 | Delta: 1.09e-03 | M: 11544.3126 | Path: GPU-cuStateVec MPI-distributed (4 ranks)
Iter 0274 | Energy: -81.736450 | Delta: 6.22e-04 | M: 7584.1289 | Path: GPU-cuStateVec MPI-distributed (4 ranks)
Iter 0275 | Energy: -81.724928 | Delta: 1.15e-02 | M: 6522.5627 | Path: GPU-cuStateVec MPI-distributed (4 ranks)
[RESILIENCE] Iteration 275: Global theta state checkpointed at path checkpoints/H2O/checkpoint_iter_0275.npy. 
Iter 0276 | Energy: -81.726763 | Delta: 1.83e-03 | M: 11108.8246 | Path: GPU-cuStateVec MPI-distributed (4 ranks)
Iter 0277 | Energy: -81.715895 | Delta: 1.09e-02 | M: 10325.2487 | Path: GPU-cuStateVec MPI-distributed (4 ranks)
Iter 0278 | Energy: -81.707092 | Delta: 8.80e-03 | M: 10819.5633 | Path: GPU-cuStateVec MPI-distributed (4 ranks)
Iter 0279 | Energy: -81.717853 | Delta: 1.08e-02 | M: 11747.5373 | Path: GPU-cuStateVec MPI-distributed (4 ranks)
Iter 0280 | Energy: -81.755703 | Delta: 3.79e-02 | M: 10379.8925 | Path: GPU-cuStateVec MPI-distributed (4 ranks)
[RESILIENCE] Iteration 280: Global theta state checkpointed at path checkpoints/H2O/checkpoint_iter_0280.npy. 
Iter 0281 | Energy: -81.728785 | Delta: 2.69e-02 | M: 10039.5453 | Path: GPU-cuStateVec MPI-distributed (4 ranks)
Iter 0282 | Energy: -81.734799 | Delta: 6.01e-03 | M: 11001.2078 | Path: GPU-cuStateVec MPI-distributed (4 ranks)
Iter 0283 | Energy: -81.749227 | Delta: 1.44e-02 | M: 11480.6029 | Path: GPU-cuStateVec MPI-distributed (4 ranks)
Iter 0284 | Energy: -81.772780 | Delta: 2.36e-02 | M: 11533.4296 | Path: GPU-cuStateVec MPI-distributed (4 ranks)
Iter 0285 | Energy: -81.770935 | Delta: 1.84e-03 | M: 10750.6550 | Path: GPU-cuStateVec MPI-distributed (4 ranks)
[RESILIENCE] Iteration 285: Global theta state checkpointed at path checkpoints/H2O/checkpoint_iter_0285.npy. 
Iter 0286 | Energy: -81.775716 | Delta: 4.78e-03 | M: 10486.5566 | Path: GPU-cuStateVec MPI-distributed (4 ranks)
Iter 0287 | Energy: -81.756000 | Delta: 1.97e-02 | M: 11487.5272 | Path: GPU-cuStateVec MPI-distributed (4 ranks)
Iter 0288 | Energy: -81.768804 | Delta: 1.28e-02 | M: 90.3681 | Path: GPU-cuStateVec MPI-distributed (4 ranks)
Iter 0289 | Energy: -81.769289 | Delta: 4.85e-04 | M: 114.1400 | Path: GPU-cuStateVec MPI-distributed (4 ranks)
Iter 0290 | Energy: -81.749158 | Delta: 2.01e-02 | M: 118.2538 | Path: GPU-cuStateVec MPI-distributed (4 ranks)
[RESILIENCE] Iteration 290: Global theta state checkpointed at path checkpoints/H2O/checkpoint_iter_0290.npy. 
Iter 0291 | Energy: -81.779142 | Delta: 3.00e-02 | M: 10903.4197 | Path: GPU-cuStateVec MPI-distributed (4 ranks)
Iter 0292 | Energy: -81.805892 | Delta: 2.67e-02 | M: 9703.4149 | Path: GPU-cuStateVec MPI-distributed (4 ranks)
Iter 0293 | Energy: -81.761939 | Delta: 4.40e-02 | M: 123.7445 | Path: GPU-cuStateVec MPI-distributed (4 ranks)
Iter 0294 | Energy: -81.748242 | Delta: 1.37e-02 | M: 30.0173 | Path: GPU-cuStateVec MPI-distributed (4 ranks)
Iter 0295 | Energy: -81.815484 | Delta: 6.72e-02 | M: 115.2789 | Path: GPU-cuStateVec MPI-distributed (4 ranks)
[RESILIENCE] Iteration 295: Global theta state checkpointed at path checkpoints/H2O/checkpoint_iter_0295.npy. 
Iter 0296 | Energy: -81.788284 | Delta: 2.72e-02 | M: 89.3137 | Path: GPU-cuStateVec MPI-distributed (4 ranks)
Iter 0297 | Energy: -81.825597 | Delta: 3.73e-02 | M: 11692.8995 | Path: GPU-cuStateVec MPI-distributed (4 ranks)
Iter 0298 | Energy: -81.780525 | Delta: 4.51e-02 | M: 11360.5214 | Path: GPU-cuStateVec MPI-distributed (4 ranks)
Iter 0299 | Energy: -81.818514 | Delta: 3.80e-02 | M: 8612.0965 | Path: GPU-cuStateVec MPI-distributed (4 ranks)
Iter 0300 | Energy: -81.802495 | Delta: 1.60e-02 | M: 11577.2702 | Path: GPU-cuStateVec MPI-distributed (4 ranks)
[RESILIENCE] Iteration 300: Global theta state checkpointed at path checkpoints/H2O/checkpoint_iter_0300.npy. 
Iter 0301 | Energy: -81.788004 | Delta: 1.45e-02 | M: 10925.1747 | Path: GPU-cuStateVec MPI-distributed (4 ranks)
Iter 0302 | Energy: -81.831418 | Delta: 4.34e-02 | M: 10931.8518 | Path: GPU-cuStateVec MPI-distributed (4 ranks)
Iter 0303 | Energy: -81.796097 | Delta: 3.53e-02 | M: 10532.5215 | Path: GPU-cuStateVec MPI-distributed (4 ranks)
Iter 0304 | Energy: -81.831095 | Delta: 3.50e-02 | M: 9246.9538 | Path: GPU-cuStateVec MPI-distributed (4 ranks)
Iter 0305 | Energy: -81.824221 | Delta: 6.87e-03 | M: 11289.6460 | Path: GPU-cuStateVec MPI-distributed (4 ranks)
[RESILIENCE] Iteration 305: Global theta state checkpointed at path checkpoints/H2O/checkpoint_iter_0305.npy. 
Iter 0306 | Energy: -81.825950 | Delta: 1.73e-03 | M: 98.8707 | Path: GPU-cuStateVec MPI-distributed (4 ranks)
Iter 0307 | Energy: -81.823107 | Delta: 2.84e-03 | M: 54.7626 | Path: GPU-cuStateVec MPI-distributed (4 ranks)
Iter 0308 | Energy: -81.865125 | Delta: 4.20e-02 | M: 95.6850 | Path: GPU-cuStateVec MPI-distributed (4 ranks)
Iter 0309 | Energy: -81.853187 | Delta: 1.19e-02 | M: 99.5127 | Path: GPU-cuStateVec MPI-distributed (4 ranks)
Iter 0310 | Energy: -81.820604 | Delta: 3.26e-02 | M: 103.4562 | Path: GPU-cuStateVec MPI-distributed (4 ranks)
[RESILIENCE] Iteration 310: Global theta state checkpointed at path checkpoints/H2O/checkpoint_iter_0310.npy. 
Iter 0311 | Energy: -81.813092 | Delta: 7.51e-03 | M: 77.4868 | Path: GPU-cuStateVec MPI-distributed (4 ranks)
Iter 0312 | Energy: -81.859672 | Delta: 4.66e-02 | M: 644.2443 | Path: GPU-cuStateVec MPI-distributed (4 ranks)
Iter 0313 | Energy: -81.866910 | Delta: 7.24e-03 | M: 10055.0927 | Path: GPU-cuStateVec MPI-distributed (4 ranks)
Iter 0314 | Energy: -81.813948 | Delta: 5.30e-02 | M: 10810.5406 | Path: GPU-cuStateVec MPI-distributed (4 ranks)
Iter 0315 | Energy: -81.871259 | Delta: 5.73e-02 | M: 114.8565 | Path: GPU-cuStateVec MPI-distributed (4 ranks)
[RESILIENCE] Iteration 315: Global theta state checkpointed at path checkpoints/H2O/checkpoint_iter_0315.npy. 
Iter 0316 | Energy: -81.848193 | Delta: 2.31e-02 | M: 10994.8682 | Path: GPU-cuStateVec MPI-distributed (4 ranks)
Iter 0317 | Energy: -81.851252 | Delta: 3.06e-03 | M: 10841.2970 | Path: GPU-cuStateVec MPI-distributed (4 ranks)
Iter 0318 | Energy: -81.874142 | Delta: 2.29e-02 | M: 81.0153 | Path: GPU-cuStateVec MPI-distributed (4 ranks)
Iter 0319 | Energy: -81.843491 | Delta: 3.07e-02 | M: 11279.1333 | Path: GPU-cuStateVec MPI-distributed (4 ranks)
Iter 0320 | Energy: -81.896523 | Delta: 5.30e-02 | M: 11179.1059 | Path: GPU-cuStateVec MPI-distributed (4 ranks)
[RESILIENCE] Iteration 320: Global theta state checkpointed at path checkpoints/H2O/checkpoint_iter_0320.npy. 
Iter 0321 | Energy: -81.887431 | Delta: 9.09e-03 | M: 96.7439 | Path: GPU-cuStateVec MPI-distributed (4 ranks)
Iter 0322 | Energy: -81.870916 | Delta: 1.65e-02 | M: 11139.7169 | Path: GPU-cuStateVec MPI-distributed (4 ranks)
Iter 0323 | Energy: -81.887959 | Delta: 1.70e-02 | M: 9596.0350 | Path: GPU-cuStateVec MPI-distributed (4 ranks)
Iter 0324 | Energy: -81.884996 | Delta: 2.96e-03 | M: 8765.4755 | Path: GPU-cuStateVec MPI-distributed (4 ranks)
Iter 0325 | Energy: -81.888693 | Delta: 3.70e-03 | M: 87.9503 | Path: GPU-cuStateVec MPI-distributed (4 ranks)
[RESILIENCE] Iteration 325: Global theta state checkpointed at path checkpoints/H2O/checkpoint_iter_0325.npy. 
Iter 0326 | Energy: -81.896278 | Delta: 7.58e-03 | M: 93.0294 | Path: GPU-cuStateVec MPI-distributed (4 ranks)
Iter 0327 | Energy: -81.889947 | Delta: 6.33e-03 | M: 98.9426 | Path: GPU-cuStateVec MPI-distributed (4 ranks)
Iter 0328 | Energy: -81.894939 | Delta: 4.99e-03 | M: 10944.2239 | Path: GPU-cuStateVec MPI-distributed (4 ranks)
Iter 0329 | Energy: -81.913478 | Delta: 1.85e-02 | M: 11178.1066 | Path: GPU-cuStateVec MPI-distributed (4 ranks)
Iter 0330 | Energy: -81.888263 | Delta: 2.52e-02 | M: 11758.2085 | Path: GPU-cuStateVec MPI-distributed (4 ranks)
[RESILIENCE] Iteration 330: Global theta state checkpointed at path checkpoints/H2O/checkpoint_iter_0330.npy. 
Iter 0331 | Energy: -81.908885 | Delta: 2.06e-02 | M: 10529.7848 | Path: GPU-cuStateVec MPI-distributed (4 ranks)
Iter 0332 | Energy: -81.895506 | Delta: 1.34e-02 | M: 113.8247 | Path: GPU-cuStateVec MPI-distributed (4 ranks)
Iter 0333 | Energy: -81.893470 | Delta: 2.04e-03 | M: 11055.5467 | Path: GPU-cuStateVec MPI-distributed (4 ranks)
Iter 0334 | Energy: -81.921146 | Delta: 2.77e-02 | M: 11589.9438 | Path: GPU-cuStateVec MPI-distributed (4 ranks)
Iter 0335 | Energy: -81.918628 | Delta: 2.52e-03 | M: 11259.7062 | Path: GPU-cuStateVec MPI-distributed (4 ranks)
[RESILIENCE] Iteration 335: Global theta state checkpointed at path checkpoints/H2O/checkpoint_iter_0335.npy. 
Iter 0336 | Energy: -81.901228 | Delta: 1.74e-02 | M: 5749.2037 | Path: GPU-cuStateVec MPI-distributed (4 ranks)
Iter 0337 | Energy: -81.922197 | Delta: 2.10e-02 | M: 9888.9191 | Path: GPU-cuStateVec MPI-distributed (4 ranks)
Iter 0338 | Energy: -81.925262 | Delta: 3.06e-03 | M: 8733.7696 | Path: GPU-cuStateVec MPI-distributed (4 ranks)
Iter 0339 | Energy: -81.891844 | Delta: 3.34e-02 | M: 8877.3637 | Path: GPU-cuStateVec MPI-distributed (4 ranks)
Iter 0340 | Energy: -81.911238 | Delta: 1.94e-02 | M: 10834.7024 | Path: GPU-cuStateVec MPI-distributed (4 ranks)
[RESILIENCE] Iteration 340: Global theta state checkpointed at path checkpoints/H2O/checkpoint_iter_0340.npy. 
Iter 0341 | Energy: -81.907370 | Delta: 3.87e-03 | M: 11495.9768 | Path: GPU-cuStateVec MPI-distributed (4 ranks)
Iter 0342 | Energy: -81.899075 | Delta: 8.29e-03 | M: 9814.1133 | Path: GPU-cuStateVec MPI-distributed (4 ranks)
Iter 0343 | Energy: -81.955807 | Delta: 5.67e-02 | M: 9996.6565 | Path: GPU-cuStateVec MPI-distributed (4 ranks)
Iter 0344 | Energy: -81.931667 | Delta: 2.41e-02 | M: 11153.9488 | Path: GPU-cuStateVec MPI-distributed (4 ranks)
Iter 0345 | Energy: -81.923262 | Delta: 8.41e-03 | M: 78.1531 | Path: GPU-cuStateVec MPI-distributed (4 ranks)
[RESILIENCE] Iteration 345: Global theta state checkpointed at path checkpoints/H2O/checkpoint_iter_0345.npy. 
Iter 0346 | Energy: -81.919535 | Delta: 3.73e-03 | M: 7228.7641 | Path: GPU-cuStateVec MPI-distributed (4 ranks)
Iter 0347 | Energy: -81.899976 | Delta: 1.96e-02 | M: 6651.8561 | Path: GPU-cuStateVec MPI-distributed (4 ranks)
Iter 0348 | Energy: -81.922583 | Delta: 2.26e-02 | M: 10906.6049 | Path: GPU-cuStateVec MPI-distributed (4 ranks)
Iter 0349 | Energy: -81.950147 | Delta: 2.76e-02 | M: 10841.4457 | Path: GPU-cuStateVec MPI-distributed (4 ranks)
Iter 0350 | Energy: -81.905162 | Delta: 4.50e-02 | M: 10936.0942 | Path: GPU-cuStateVec MPI-distributed (4 ranks)
[RESILIENCE] Iteration 350: Global theta state checkpointed at path checkpoints/H2O/checkpoint_iter_0350.npy. 
Iter 0351 | Energy: -81.935820 | Delta: 3.07e-02 | M: 57.1420 | Path: GPU-cuStateVec MPI-distributed (4 ranks)
Iter 0352 | Energy: -81.929109 | Delta: 6.71e-03 | M: 11076.0434 | Path: GPU-cuStateVec MPI-distributed (4 ranks)
Iter 0353 | Energy: -81.951990 | Delta: 2.29e-02 | M: 11314.8428 | Path: GPU-cuStateVec MPI-distributed (4 ranks)
Iter 0354 | Energy: -81.966523 | Delta: 1.45e-02 | M: 8740.6848 | Path: GPU-cuStateVec MPI-distributed (4 ranks)
Iter 0355 | Energy: -81.941771 | Delta: 2.48e-02 | M: 10392.0931 | Path: GPU-cuStateVec MPI-distributed (4 ranks)
[RESILIENCE] Iteration 355: Global theta state checkpointed at path checkpoints/H2O/checkpoint_iter_0355.npy. 
Iter 0356 | Energy: -81.955088 | Delta: 1.33e-02 | M: 10884.7267 | Path: GPU-cuStateVec MPI-distributed (4 ranks)
Iter 0357 | Energy: -81.990144 | Delta: 3.51e-02 | M: 66.6150 | Path: GPU-cuStateVec MPI-distributed (4 ranks)
Iter 0358 | Energy: -82.002115 | Delta: 1.20e-02 | M: 10834.8265 | Path: GPU-cuStateVec MPI-distributed (4 ranks)
Iter 0359 | Energy: -81.991110 | Delta: 1.10e-02 | M: 11430.4482 | Path: GPU-cuStateVec MPI-distributed (4 ranks)
Iter 0360 | Energy: -81.973789 | Delta: 1.73e-02 | M: 9849.5561 | Path: GPU-cuStateVec MPI-distributed (4 ranks)
[RESILIENCE] Iteration 360: Global theta state checkpointed at path checkpoints/H2O/checkpoint_iter_0360.npy. 
Iter 0361 | Energy: -82.008598 | Delta: 3.48e-02 | M: 11576.0699 | Path: GPU-cuStateVec MPI-distributed (4 ranks)
Iter 0362 | Energy: -82.005093 | Delta: 3.51e-03 | M: 10975.3549 | Path: GPU-cuStateVec MPI-distributed (4 ranks)
Iter 0363 | Energy: -81.976350 | Delta: 2.87e-02 | M: 62.0258 | Path: GPU-cuStateVec MPI-distributed (4 ranks)
Iter 0364 | Energy: -81.971230 | Delta: 5.12e-03 | M: 10928.0115 | Path: GPU-cuStateVec MPI-distributed (4 ranks)
Iter 0365 | Energy: -82.020480 | Delta: 4.93e-02 | M: 11247.6521 | Path: GPU-cuStateVec MPI-distributed (4 ranks)
[RESILIENCE] Iteration 365: Global theta state checkpointed at path checkpoints/H2O/checkpoint_iter_0365.npy. 
Iter 0366 | Energy: -82.016739 | Delta: 3.74e-03 | M: 11355.0843 | Path: GPU-cuStateVec MPI-distributed (4 ranks)
Iter 0367 | Energy: -81.985297 | Delta: 3.14e-02 | M: 10741.5669 | Path: GPU-cuStateVec MPI-distributed (4 ranks)
Iter 0368 | Energy: -81.995724 | Delta: 1.04e-02 | M: 9818.4614 | Path: GPU-cuStateVec MPI-distributed (4 ranks)
Iter 0369 | Energy: -82.036569 | Delta: 4.08e-02 | M: 10063.7740 | Path: GPU-cuStateVec MPI-distributed (4 ranks)
Iter 0370 | Energy: -82.008295 | Delta: 2.83e-02 | M: 11054.7401 | Path: GPU-cuStateVec MPI-distributed (4 ranks)
[RESILIENCE] Iteration 370: Global theta state checkpointed at path checkpoints/H2O/checkpoint_iter_0370.npy. 
Iter 0371 | Energy: -82.004612 | Delta: 3.68e-03 | M: 11054.7611 | Path: GPU-cuStateVec MPI-distributed (4 ranks)
Iter 0372 | Energy: -82.004115 | Delta: 4.97e-04 | M: 7045.8822 | Path: GPU-cuStateVec MPI-distributed (4 ranks)
Iter 0373 | Energy: -81.999807 | Delta: 4.31e-03 | M: 9565.7804 | Path: GPU-cuStateVec MPI-distributed (4 ranks)
Iter 0374 | Energy: -81.992799 | Delta: 7.01e-03 | M: 9311.7061 | Path: GPU-cuStateVec MPI-distributed (4 ranks)
Iter 0375 | Energy: -82.050102 | Delta: 5.73e-02 | M: 106.7516 | Path: GPU-cuStateVec MPI-distributed (4 ranks)
[RESILIENCE] Iteration 375: Global theta state checkpointed at path checkpoints/H2O/checkpoint_iter_0375.npy. 
Iter 0376 | Energy: -82.017818 | Delta: 3.23e-02 | M: 11125.1512 | Path: GPU-cuStateVec MPI-distributed (4 ranks)
Iter 0377 | Energy: -82.024768 | Delta: 6.95e-03 | M: 11492.1599 | Path: GPU-cuStateVec MPI-distributed (4 ranks)
Iter 0378 | Energy: -82.047810 | Delta: 2.30e-02 | M: 10207.2547 | Path: GPU-cuStateVec MPI-distributed (4 ranks)
Iter 0379 | Energy: -82.074418 | Delta: 2.66e-02 | M: 11038.6875 | Path: GPU-cuStateVec MPI-distributed (4 ranks)
Iter 0380 | Energy: -82.058869 | Delta: 1.55e-02 | M: 117.3856 | Path: GPU-cuStateVec MPI-distributed (4 ranks)
[RESILIENCE] Iteration 380: Global theta state checkpointed at path checkpoints/H2O/checkpoint_iter_0380.npy. 
Iter 0381 | Energy: -82.068867 | Delta: 1.00e-02 | M: 10443.0183 | Path: GPU-cuStateVec MPI-distributed (4 ranks)
Iter 0382 | Energy: -82.033441 | Delta: 3.54e-02 | M: 9794.5609 | Path: GPU-cuStateVec MPI-distributed (4 ranks)
Iter 0383 | Energy: -82.084636 | Delta: 5.12e-02 | M: 5611.4295 | Path: GPU-cuStateVec MPI-distributed (4 ranks)
Iter 0384 | Energy: -82.095829 | Delta: 1.12e-02 | M: 11288.7638 | Path: GPU-cuStateVec MPI-distributed (4 ranks)
Iter 0385 | Energy: -82.081047 | Delta: 1.48e-02 | M: 11074.1049 | Path: GPU-cuStateVec MPI-distributed (4 ranks)
[RESILIENCE] Iteration 385: Global theta state checkpointed at path checkpoints/H2O/checkpoint_iter_0385.npy. 
Iter 0386 | Energy: -82.055906 | Delta: 2.51e-02 | M: 10074.6957 | Path: GPU-cuStateVec MPI-distributed (4 ranks)
Iter 0387 | Energy: -82.045844 | Delta: 1.01e-02 | M: 101.4599 | Path: GPU-cuStateVec MPI-distributed (4 ranks)
Iter 0388 | Energy: -82.051221 | Delta: 5.38e-03 | M: 11234.9402 | Path: GPU-cuStateVec MPI-distributed (4 ranks)
Iter 0389 | Energy: -82.048454 | Delta: 2.77e-03 | M: 10746.1244 | Path: GPU-cuStateVec MPI-distributed (4 ranks)
Iter 0390 | Energy: -82.098815 | Delta: 5.04e-02 | M: 6541.3298 | Path: GPU-cuStateVec MPI-distributed (4 ranks)
[RESILIENCE] Iteration 390: Global theta state checkpointed at path checkpoints/H2O/checkpoint_iter_0390.npy. 
Iter 0391 | Energy: -82.074845 | Delta: 2.40e-02 | M: 10559.0109 | Path: GPU-cuStateVec MPI-distributed (4 ranks)
Iter 0392 | Energy: -82.100151 | Delta: 2.53e-02 | M: 10610.9157 | Path: GPU-cuStateVec MPI-distributed (4 ranks)
Iter 0393 | Energy: -82.102689 | Delta: 2.54e-03 | M: 11464.5604 | Path: GPU-cuStateVec MPI-distributed (4 ranks)
Iter 0394 | Energy: -82.064168 | Delta: 3.85e-02 | M: 10987.0286 | Path: GPU-cuStateVec MPI-distributed (4 ranks)
Iter 0395 | Energy: -82.112479 | Delta: 4.83e-02 | M: 11389.6328 | Path: GPU-cuStateVec MPI-distributed (4 ranks)
[RESILIENCE] Iteration 395: Global theta state checkpointed at path checkpoints/H2O/checkpoint_iter_0395.npy. 
Iter 0396 | Energy: -82.099298 | Delta: 1.32e-02 | M: 10971.4402 | Path: GPU-cuStateVec MPI-distributed (4 ranks)
Iter 0397 | Energy: -82.064590 | Delta: 3.47e-02 | M: 10606.3979 | Path: GPU-cuStateVec MPI-distributed (4 ranks)
Iter 0398 | Energy: -82.105392 | Delta: 4.08e-02 | M: 11438.2106 | Path: GPU-cuStateVec MPI-distributed (4 ranks)
Iter 0399 | Energy: -82.128788 | Delta: 2.34e-02 | M: 79.3924 | Path: GPU-cuStateVec MPI-distributed (4 ranks)
Iter 0400 | Energy: -82.118815 | Delta: 9.97e-03 | M: 11049.8302 | Path: GPU-cuStateVec MPI-distributed (4 ranks)
[RESILIENCE] Iteration 400: Global theta state checkpointed at path checkpoints/H2O/checkpoint_iter_0400.npy. 
Iter 0401 | Energy: -82.092128 | Delta: 2.67e-02 | M: 11793.3039 | Path: GPU-cuStateVec MPI-distributed (4 ranks)
Iter 0402 | Energy: -82.085325 | Delta: 6.80e-03 | M: 11633.6226 | Path: GPU-cuStateVec MPI-distributed (4 ranks)
Iter 0403 | Energy: -82.129626 | Delta: 4.43e-02 | M: 11052.3874 | Path: GPU-cuStateVec MPI-distributed (4 ranks)
Iter 0404 | Energy: -82.144799 | Delta: 1.52e-02 | M: 11426.7462 | Path: GPU-cuStateVec MPI-distributed (4 ranks)
Iter 0405 | Energy: -82.100058 | Delta: 4.47e-02 | M: 65.2684 | Path: GPU-cuStateVec MPI-distributed (4 ranks)
[RESILIENCE] Iteration 405: Global theta state checkpointed at path checkpoints/H2O/checkpoint_iter_0405.npy. 
Iter 0406 | Energy: -82.132594 | Delta: 3.25e-02 | M: 11299.3269 | Path: GPU-cuStateVec MPI-distributed (4 ranks)
Iter 0407 | Energy: -82.120673 | Delta: 1.19e-02 | M: 11355.0609 | Path: GPU-cuStateVec MPI-distributed (4 ranks)
Iter 0408 | Energy: -82.120662 | Delta: 1.09e-05 | M: 11856.1216 | Path: GPU-cuStateVec MPI-distributed (4 ranks)
Iter 0409 | Energy: -82.146074 | Delta: 2.54e-02 | M: 8489.7178 | Path: GPU-cuStateVec MPI-distributed (4 ranks)
Iter 0410 | Energy: -82.125550 | Delta: 2.05e-02 | M: 6806.7312 | Path: GPU-cuStateVec MPI-distributed (4 ranks)
[RESILIENCE] Iteration 410: Global theta state checkpointed at path checkpoints/H2O/checkpoint_iter_0410.npy. 
Iter 0411 | Energy: -82.114804 | Delta: 1.07e-02 | M: 4.5226 | Path: GPU-cuStateVec MPI-distributed (4 ranks)
Iter 0412 | Energy: -82.115853 | Delta: 1.05e-03 | M: 11486.6350 | Path: GPU-cuStateVec MPI-distributed (4 ranks)
Iter 0413 | Energy: -82.119096 | Delta: 3.24e-03 | M: 11110.6751 | Path: GPU-cuStateVec MPI-distributed (4 ranks)
Iter 0414 | Energy: -82.120618 | Delta: 1.52e-03 | M: 10581.4627 | Path: GPU-cuStateVec MPI-distributed (4 ranks)
Iter 0415 | Energy: -82.168654 | Delta: 4.80e-02 | M: 10419.9174 | Path: GPU-cuStateVec MPI-distributed (4 ranks)
[RESILIENCE] Iteration 415: Global theta state checkpointed at path checkpoints/H2O/checkpoint_iter_0415.npy. 
Iter 0416 | Energy: -82.169088 | Delta: 4.34e-04 | M: 11222.0806 | Path: GPU-cuStateVec MPI-distributed (4 ranks)
Iter 0417 | Energy: -82.153380 | Delta: 1.57e-02 | M: 10614.9881 | Path: GPU-cuStateVec MPI-distributed (4 ranks)
Iter 0418 | Energy: -82.159119 | Delta: 5.74e-03 | M: 7471.8855 | Path: GPU-cuStateVec MPI-distributed (4 ranks)
Iter 0419 | Energy: -82.167575 | Delta: 8.46e-03 | M: 7309.9039 | Path: GPU-cuStateVec MPI-distributed (4 ranks)
Iter 0420 | Energy: -82.131925 | Delta: 3.57e-02 | M: 7025.0842 | Path: GPU-cuStateVec MPI-distributed (4 ranks)
[RESILIENCE] Iteration 420: Global theta state checkpointed at path checkpoints/H2O/checkpoint_iter_0420.npy. 
Iter 0421 | Energy: -82.135825 | Delta: 3.90e-03 | M: 9024.2419 | Path: GPU-cuStateVec MPI-distributed (4 ranks)
Iter 0422 | Energy: -82.138557 | Delta: 2.73e-03 | M: 97.4778 | Path: GPU-cuStateVec MPI-distributed (4 ranks)
Iter 0423 | Energy: -82.169838 | Delta: 3.13e-02 | M: 93.2067 | Path: GPU-cuStateVec MPI-distributed (4 ranks)
Iter 0424 | Energy: -82.125488 | Delta: 4.43e-02 | M: 11161.7548 | Path: GPU-cuStateVec MPI-distributed (4 ranks)
Iter 0425 | Energy: -82.173231 | Delta: 4.77e-02 | M: 10584.3775 | Path: GPU-cuStateVec MPI-distributed (4 ranks)
[RESILIENCE] Iteration 425: Global theta state checkpointed at path checkpoints/H2O/checkpoint_iter_0425.npy. 
Iter 0426 | Energy: -82.183706 | Delta: 1.05e-02 | M: 10938.1569 | Path: GPU-cuStateVec MPI-distributed (4 ranks)
Iter 0427 | Energy: -82.170059 | Delta: 1.36e-02 | M: 6249.1116 | Path: GPU-cuStateVec MPI-distributed (4 ranks)
Iter 0428 | Energy: -82.160448 | Delta: 9.61e-03 | M: 9239.0988 | Path: GPU-cuStateVec MPI-distributed (4 ranks)
Iter 0429 | Energy: -82.131069 | Delta: 2.94e-02 | M: 10914.3593 | Path: GPU-cuStateVec MPI-distributed (4 ranks)
Iter 0430 | Energy: -82.158433 | Delta: 2.74e-02 | M: 10254.7246 | Path: GPU-cuStateVec MPI-distributed (4 ranks)
[RESILIENCE] Iteration 430: Global theta state checkpointed at path checkpoints/H2O/checkpoint_iter_0430.npy. 
Iter 0431 | Energy: -82.191774 | Delta: 3.33e-02 | M: 10975.6551 | Path: GPU-cuStateVec MPI-distributed (4 ranks)
Iter 0432 | Energy: -82.161558 | Delta: 3.02e-02 | M: 10823.4488 | Path: GPU-cuStateVec MPI-distributed (4 ranks)
Iter 0433 | Energy: -82.180123 | Delta: 1.86e-02 | M: 92.7089 | Path: GPU-cuStateVec MPI-distributed (4 ranks)
Iter 0434 | Energy: -82.151221 | Delta: 2.89e-02 | M: 97.2943 | Path: GPU-cuStateVec MPI-distributed (4 ranks)
Iter 0435 | Energy: -82.185397 | Delta: 3.42e-02 | M: 80.5801 | Path: GPU-cuStateVec MPI-distributed (4 ranks)
[RESILIENCE] Iteration 435: Global theta state checkpointed at path checkpoints/H2O/checkpoint_iter_0435.npy. 
Iter 0436 | Energy: -82.154683 | Delta: 3.07e-02 | M: 106.2370 | Path: GPU-cuStateVec MPI-distributed (4 ranks)
Iter 0437 | Energy: -82.196107 | Delta: 4.14e-02 | M: 9970.7836 | Path: GPU-cuStateVec MPI-distributed (4 ranks)
Iter 0438 | Energy: -82.199430 | Delta: 3.32e-03 | M: 10288.0837 | Path: GPU-cuStateVec MPI-distributed (4 ranks)
Iter 0439 | Energy: -82.195551 | Delta: 3.88e-03 | M: 9928.0185 | Path: GPU-cuStateVec MPI-distributed (4 ranks)
Iter 0440 | Energy: -82.201536 | Delta: 5.98e-03 | M: 10988.0778 | Path: GPU-cuStateVec MPI-distributed (4 ranks)
[RESILIENCE] Iteration 440: Global theta state checkpointed at path checkpoints/H2O/checkpoint_iter_0440.npy. 
Iter 0441 | Energy: -82.200181 | Delta: 1.35e-03 | M: 10214.5299 | Path: GPU-cuStateVec MPI-distributed (4 ranks)
Iter 0442 | Energy: -82.210218 | Delta: 1.00e-02 | M: 10358.1604 | Path: GPU-cuStateVec MPI-distributed (4 ranks)
Iter 0443 | Energy: -82.219120 | Delta: 8.90e-03 | M: 11482.1031 | Path: GPU-cuStateVec MPI-distributed (4 ranks)
Iter 0444 | Energy: -82.189354 | Delta: 2.98e-02 | M: 10758.3555 | Path: GPU-cuStateVec MPI-distributed (4 ranks)
Iter 0445 | Energy: -82.183929 | Delta: 5.43e-03 | M: 6989.6741 | Path: GPU-cuStateVec MPI-distributed (4 ranks)
[RESILIENCE] Iteration 445: Global theta state checkpointed at path checkpoints/H2O/checkpoint_iter_0445.npy. 
Iter 0446 | Energy: -82.179874 | Delta: 4.06e-03 | M: 10738.8890 | Path: GPU-cuStateVec MPI-distributed (4 ranks)
Iter 0447 | Energy: -82.210292 | Delta: 3.04e-02 | M: 10499.4141 | Path: GPU-cuStateVec MPI-distributed (4 ranks)
Iter 0448 | Energy: -82.186347 | Delta: 2.39e-02 | M: 10614.4267 | Path: GPU-cuStateVec MPI-distributed (4 ranks)
Iter 0449 | Energy: -82.189149 | Delta: 2.80e-03 | M: 10898.3871 | Path: GPU-cuStateVec MPI-distributed (4 ranks)
Iter 0450 | Energy: -82.199149 | Delta: 1.00e-02 | M: 10608.5841 | Path: GPU-cuStateVec MPI-distributed (4 ranks)
[RESILIENCE] Iteration 450: Global theta state checkpointed at path checkpoints/H2O/checkpoint_iter_0450.npy. 
Iter 0451 | Energy: -82.188239 | Delta: 1.09e-02 | M: 9682.0094 | Path: GPU-cuStateVec MPI-distributed (4 ranks)
Iter 0452 | Energy: -82.219328 | Delta: 3.11e-02 | M: 11088.6937 | Path: GPU-cuStateVec MPI-distributed (4 ranks)
Iter 0453 | Energy: -82.207402 | Delta: 1.19e-02 | M: 228.0495 | Path: GPU-cuStateVec MPI-distributed (4 ranks)
Iter 0454 | Energy: -82.198107 | Delta: 9.30e-03 | M: 11030.5577 | Path: GPU-cuStateVec MPI-distributed (4 ranks)
Iter 0455 | Energy: -82.229902 | Delta: 3.18e-02 | M: 6152.9857 | Path: GPU-cuStateVec MPI-distributed (4 ranks)
[RESILIENCE] Iteration 455: Global theta state checkpointed at path checkpoints/H2O/checkpoint_iter_0455.npy. 
Iter 0456 | Energy: -82.212518 | Delta: 1.74e-02 | M: 6812.9518 | Path: GPU-cuStateVec MPI-distributed (4 ranks)
Iter 0457 | Energy: -82.200707 | Delta: 1.18e-02 | M: 7777.7178 | Path: GPU-cuStateVec MPI-distributed (4 ranks)
Iter 0458 | Energy: -82.210445 | Delta: 9.74e-03 | M: 105.0930 | Path: GPU-cuStateVec MPI-distributed (4 ranks)
Iter 0459 | Energy: -82.242687 | Delta: 3.22e-02 | M: 10517.2287 | Path: GPU-cuStateVec MPI-distributed (4 ranks)
Iter 0460 | Energy: -82.225976 | Delta: 1.67e-02 | M: 96.1203 | Path: GPU-cuStateVec MPI-distributed (4 ranks)
[RESILIENCE] Iteration 460: Global theta state checkpointed at path checkpoints/H2O/checkpoint_iter_0460.npy. 
Iter 0461 | Energy: -82.208216 | Delta: 1.78e-02 | M: 8005.1646 | Path: GPU-cuStateVec MPI-distributed (4 ranks)
Iter 0462 | Energy: -82.248626 | Delta: 4.04e-02 | M: 10442.2113 | Path: GPU-cuStateVec MPI-distributed (4 ranks)
Iter 0463 | Energy: -82.230078 | Delta: 1.85e-02 | M: 8738.1228 | Path: GPU-cuStateVec MPI-distributed (4 ranks)
Iter 0464 | Energy: -82.211518 | Delta: 1.86e-02 | M: 7819.7025 | Path: GPU-cuStateVec MPI-distributed (4 ranks)
Iter 0465 | Energy: -82.211460 | Delta: 5.79e-05 | M: 10862.2410 | Path: GPU-cuStateVec MPI-distributed (4 ranks)
[RESILIENCE] Iteration 465: Global theta state checkpointed at path checkpoints/H2O/checkpoint_iter_0465.npy. 
Iter 0466 | Energy: -82.240212 | Delta: 2.88e-02 | M: 8626.8563 | Path: GPU-cuStateVec MPI-distributed (4 ranks)
Iter 0467 | Energy: -82.218181 | Delta: 2.20e-02 | M: 98.7693 | Path: GPU-cuStateVec MPI-distributed (4 ranks)
Iter 0468 | Energy: -82.217509 | Delta: 6.72e-04 | M: 60.9871 | Path: GPU-cuStateVec MPI-distributed (4 ranks)
Iter 0469 | Energy: -82.270287 | Delta: 5.28e-02 | M: 7077.7924 | Path: GPU-cuStateVec MPI-distributed (4 ranks)
Iter 0470 | Energy: -82.226138 | Delta: 4.41e-02 | M: 6805.3036 | Path: GPU-cuStateVec MPI-distributed (4 ranks)
[RESILIENCE] Iteration 470: Global theta state checkpointed at path checkpoints/H2O/checkpoint_iter_0470.npy. 
Iter 0471 | Energy: -82.225025 | Delta: 1.11e-03 | M: 11289.4290 | Path: GPU-cuStateVec MPI-distributed (4 ranks)
Iter 0472 | Energy: -82.225404 | Delta: 3.79e-04 | M: 87.1501 | Path: GPU-cuStateVec MPI-distributed (4 ranks)
Iter 0473 | Energy: -82.237676 | Delta: 1.23e-02 | M: 10598.3240 | Path: GPU-cuStateVec MPI-distributed (4 ranks)
Iter 0474 | Energy: -82.267524 | Delta: 2.98e-02 | M: 10541.2313 | Path: GPU-cuStateVec MPI-distributed (4 ranks)
Iter 0475 | Energy: -82.231545 | Delta: 3.60e-02 | M: 8441.0133 | Path: GPU-cuStateVec MPI-distributed (4 ranks)
[RESILIENCE] Iteration 475: Global theta state checkpointed at path checkpoints/H2O/checkpoint_iter_0475.npy. 
Iter 0476 | Energy: -82.271030 | Delta: 3.95e-02 | M: 8695.3547 | Path: GPU-cuStateVec MPI-distributed (4 ranks)
Iter 0477 | Energy: -82.256634 | Delta: 1.44e-02 | M: 65.3710 | Path: GPU-cuStateVec MPI-distributed (4 ranks)
Iter 0478 | Energy: -82.248264 | Delta: 8.37e-03 | M: 10630.7212 | Path: GPU-cuStateVec MPI-distributed (4 ranks)
Iter 0479 | Energy: -82.287421 | Delta: 3.92e-02 | M: 11354.8589 | Path: GPU-cuStateVec MPI-distributed (4 ranks)
Iter 0480 | Energy: -82.270229 | Delta: 1.72e-02 | M: 9317.8929 | Path: GPU-cuStateVec MPI-distributed (4 ranks)
[RESILIENCE] Iteration 480: Global theta state checkpointed at path checkpoints/H2O/checkpoint_iter_0480.npy. 
Iter 0481 | Energy: -82.281745 | Delta: 1.15e-02 | M: 11061.4352 | Path: GPU-cuStateVec MPI-distributed (4 ranks)
Iter 0482 | Energy: -82.251480 | Delta: 3.03e-02 | M: 6647.8298 | Path: GPU-cuStateVec MPI-distributed (4 ranks)
Iter 0483 | Energy: -82.278972 | Delta: 2.75e-02 | M: 8271.7321 | Path: GPU-cuStateVec MPI-distributed (4 ranks)
Iter 0484 | Energy: -82.263890 | Delta: 1.51e-02 | M: 10410.5671 | Path: GPU-cuStateVec MPI-distributed (4 ranks)
Iter 0485 | Energy: -82.262137 | Delta: 1.75e-03 | M: 10602.9582 | Path: GPU-cuStateVec MPI-distributed (4 ranks)
[RESILIENCE] Iteration 485: Global theta state checkpointed at path checkpoints/H2O/checkpoint_iter_0485.npy. 
Iter 0486 | Energy: -82.306176 | Delta: 4.40e-02 | M: 106.5172 | Path: GPU-cuStateVec MPI-distributed (4 ranks)
Iter 0487 | Energy: -82.258727 | Delta: 4.74e-02 | M: 9847.9952 | Path: GPU-cuStateVec MPI-distributed (4 ranks)
Iter 0488 | Energy: -82.285160 | Delta: 2.64e-02 | M: 11249.8120 | Path: GPU-cuStateVec MPI-distributed (4 ranks)
Iter 0489 | Energy: -82.304878 | Delta: 1.97e-02 | M: 73.0063 | Path: GPU-cuStateVec MPI-distributed (4 ranks)
Iter 0490 | Energy: -82.301603 | Delta: 3.28e-03 | M: 11105.8059 | Path: GPU-cuStateVec MPI-distributed (4 ranks)
[RESILIENCE] Iteration 490: Global theta state checkpointed at path checkpoints/H2O/checkpoint_iter_0490.npy. 
Iter 0491 | Energy: -82.272923 | Delta: 2.87e-02 | M: 6664.2688 | Path: GPU-cuStateVec MPI-distributed (4 ranks)
Iter 0492 | Energy: -82.268421 | Delta: 4.50e-03 | M: 5950.8556 | Path: GPU-cuStateVec MPI-distributed (4 ranks)
Iter 0493 | Energy: -82.275177 | Delta: 6.76e-03 | M: 10420.5716 | Path: GPU-cuStateVec MPI-distributed (4 ranks)
Iter 0494 | Energy: -82.301925 | Delta: 2.67e-02 | M: 10993.1088 | Path: GPU-cuStateVec MPI-distributed (4 ranks)
Iter 0495 | Energy: -82.313511 | Delta: 1.16e-02 | M: 110.0336 | Path: GPU-cuStateVec MPI-distributed (4 ranks)
[RESILIENCE] Iteration 495: Global theta state checkpointed at path checkpoints/H2O/checkpoint_iter_0495.npy. 
Iter 0496 | Energy: -82.322268 | Delta: 8.76e-03 | M: 107.7015 | Path: GPU-cuStateVec MPI-distributed (4 ranks)
Iter 0497 | Energy: -82.288154 | Delta: 3.41e-02 | M: 10851.3450 | Path: GPU-cuStateVec MPI-distributed (4 ranks)
Iter 0498 | Energy: -82.297208 | Delta: 9.05e-03 | M: 61.3586 | Path: GPU-cuStateVec MPI-distributed (4 ranks)
Iter 0499 | Energy: -82.296606 | Delta: 6.02e-04 | M: 10925.6299 | Path: GPU-cuStateVec MPI-distributed (4 ranks)
Iter 0500 | Energy: -82.288602 | Delta: 8.00e-03 | M: 7810.3349 | Path: GPU-cuStateVec MPI-distributed (4 ranks)
[RESILIENCE] Iteration 500: Global theta state checkpointed at path checkpoints/H2O/checkpoint_iter_0500.npy. 
Iter 0501 | Energy: -82.286354 | Delta: 2.25e-03 | M: 10243.6378 | Path: GPU-cuStateVec MPI-distributed (4 ranks)
Iter 0502 | Energy: -82.286808 | Delta: 4.54e-04 | M: 10772.1957 | Path: GPU-cuStateVec MPI-distributed (4 ranks)
Iter 0503 | Energy: -82.281418 | Delta: 5.39e-03 | M: 11085.4250 | Path: GPU-cuStateVec MPI-distributed (4 ranks)
Iter 0504 | Energy: -82.286239 | Delta: 4.82e-03 | M: 11472.4057 | Path: GPU-cuStateVec MPI-distributed (4 ranks)
Iter 0505 | Energy: -82.298474 | Delta: 1.22e-02 | M: 10455.2025 | Path: GPU-cuStateVec MPI-distributed (4 ranks)
[RESILIENCE] Iteration 505: Global theta state checkpointed at path checkpoints/H2O/checkpoint_iter_0505.npy. 
Iter 0506 | Energy: -82.284043 | Delta: 1.44e-02 | M: 10929.2208 | Path: GPU-cuStateVec MPI-distributed (4 ranks)
Iter 0507 | Energy: -82.314100 | Delta: 3.01e-02 | M: 11258.1230 | Path: GPU-cuStateVec MPI-distributed (4 ranks)
Iter 0508 | Energy: -82.346135 | Delta: 3.20e-02 | M: 10958.1461 | Path: GPU-cuStateVec MPI-distributed (4 ranks)
Iter 0509 | Energy: -82.323202 | Delta: 2.29e-02 | M: 10848.4332 | Path: GPU-cuStateVec MPI-distributed (4 ranks)
Iter 0510 | Energy: -82.308429 | Delta: 1.48e-02 | M: 10955.4573 | Path: GPU-cuStateVec MPI-distributed (4 ranks)
[RESILIENCE] Iteration 510: Global theta state checkpointed at path checkpoints/H2O/checkpoint_iter_0510.npy. 
Iter 0511 | Energy: -82.346972 | Delta: 3.85e-02 | M: 10341.1842 | Path: GPU-cuStateVec MPI-distributed (4 ranks)
Iter 0512 | Energy: -82.331666 | Delta: 1.53e-02 | M: 10761.5887 | Path: GPU-cuStateVec MPI-distributed (4 ranks)
Iter 0513 | Energy: -82.306493 | Delta: 2.52e-02 | M: 10702.9029 | Path: GPU-cuStateVec MPI-distributed (4 ranks)
Iter 0514 | Energy: -82.301217 | Delta: 5.28e-03 | M: 10373.3659 | Path: GPU-cuStateVec MPI-distributed (4 ranks)
Iter 0515 | Energy: -82.312093 | Delta: 1.09e-02 | M: 10806.6642 | Path: GPU-cuStateVec MPI-distributed (4 ranks)
[RESILIENCE] Iteration 515: Global theta state checkpointed at path checkpoints/H2O/checkpoint_iter_0515.npy. 
Iter 0516 | Energy: -82.346144 | Delta: 3.41e-02 | M: 10994.2899 | Path: GPU-cuStateVec MPI-distributed (4 ranks)
Iter 0517 | Energy: -82.299613 | Delta: 4.65e-02 | M: 10887.1975 | Path: GPU-cuStateVec MPI-distributed (4 ranks)
Iter 0518 | Energy: -82.313773 | Delta: 1.42e-02 | M: 7169.8922 | Path: GPU-cuStateVec MPI-distributed (4 ranks)
Iter 0519 | Energy: -82.328479 | Delta: 1.47e-02 | M: 10545.9399 | Path: GPU-cuStateVec MPI-distributed (4 ranks)
Iter 0520 | Energy: -82.295294 | Delta: 3.32e-02 | M: 10852.0869 | Path: GPU-cuStateVec MPI-distributed (4 ranks)
[RESILIENCE] Iteration 520: Global theta state checkpointed at path checkpoints/H2O/checkpoint_iter_0520.npy. 
Iter 0521 | Energy: -82.332512 | Delta: 3.72e-02 | M: 11183.4718 | Path: GPU-cuStateVec MPI-distributed (4 ranks)
Iter 0522 | Energy: -82.338447 | Delta: 5.94e-03 | M: 10964.3648 | Path: GPU-cuStateVec MPI-distributed (4 ranks)
Iter 0523 | Energy: -82.309044 | Delta: 2.94e-02 | M: 24.9897 | Path: GPU-cuStateVec MPI-distributed (4 ranks)
Iter 0524 | Energy: -82.321704 | Delta: 1.27e-02 | M: 78.1057 | Path: GPU-cuStateVec MPI-distributed (4 ranks)
Iter 0525 | Energy: -82.315740 | Delta: 5.96e-03 | M: 10497.5669 | Path: GPU-cuStateVec MPI-distributed (4 ranks)
[RESILIENCE] Iteration 525: Global theta state checkpointed at path checkpoints/H2O/checkpoint_iter_0525.npy. 
Iter 0526 | Energy: -82.313113 | Delta: 2.63e-03 | M: 94.3284 | Path: GPU-cuStateVec MPI-distributed (4 ranks)
Iter 0527 | Energy: -82.320353 | Delta: 7.24e-03 | M: 11492.6912 | Path: GPU-cuStateVec MPI-distributed (4 ranks)
Iter 0528 | Energy: -82.347415 | Delta: 2.71e-02 | M: 5358.7934 | Path: GPU-cuStateVec MPI-distributed (4 ranks)
Iter 0529 | Energy: -82.329701 | Delta: 1.77e-02 | M: 9384.1907 | Path: GPU-cuStateVec MPI-distributed (4 ranks)
Iter 0530 | Energy: -82.353917 | Delta: 2.42e-02 | M: 6638.0041 | Path: GPU-cuStateVec MPI-distributed (4 ranks)
[RESILIENCE] Iteration 530: Global theta state checkpointed at path checkpoints/H2O/checkpoint_iter_0530.npy. 
Iter 0531 | Energy: -82.304082 | Delta: 4.98e-02 | M: 8559.2034 | Path: GPU-cuStateVec MPI-distributed (4 ranks)
Iter 0532 | Energy: -82.350207 | Delta: 4.61e-02 | M: 8513.7764 | Path: GPU-cuStateVec MPI-distributed (4 ranks)
Iter 0533 | Energy: -82.350321 | Delta: 1.14e-04 | M: 7592.6154 | Path: GPU-cuStateVec MPI-distributed (4 ranks)
Iter 0534 | Energy: -82.314609 | Delta: 3.57e-02 | M: 10201.4946 | Path: GPU-cuStateVec MPI-distributed (4 ranks)
Iter 0535 | Energy: -82.331294 | Delta: 1.67e-02 | M: 10719.5129 | Path: GPU-cuStateVec MPI-distributed (4 ranks)
[RESILIENCE] Iteration 535: Global theta state checkpointed at path checkpoints/H2O/checkpoint_iter_0535.npy. 
Iter 0536 | Energy: -82.326207 | Delta: 5.09e-03 | M: 10752.6386 | Path: GPU-cuStateVec MPI-distributed (4 ranks)
Iter 0537 | Energy: -82.356050 | Delta: 2.98e-02 | M: 6885.1760 | Path: GPU-cuStateVec MPI-distributed (4 ranks)
Iter 0538 | Energy: -82.330454 | Delta: 2.56e-02 | M: 10007.3622 | Path: GPU-cuStateVec MPI-distributed (4 ranks)
Iter 0539 | Energy: -82.335202 | Delta: 4.75e-03 | M: 9749.9333 | Path: GPU-cuStateVec MPI-distributed (4 ranks)
Iter 0540 | Energy: -82.341709 | Delta: 6.51e-03 | M: 10496.4439 | Path: GPU-cuStateVec MPI-distributed (4 ranks)
[RESILIENCE] Iteration 540: Global theta state checkpointed at path checkpoints/H2O/checkpoint_iter_0540.npy. 
Iter 0541 | Energy: -82.330520 | Delta: 1.12e-02 | M: 10886.0972 | Path: GPU-cuStateVec MPI-distributed (4 ranks)
Iter 0542 | Energy: -82.342836 | Delta: 1.23e-02 | M: 9410.6799 | Path: GPU-cuStateVec MPI-distributed (4 ranks)
Iter 0543 | Energy: -82.329430 | Delta: 1.34e-02 | M: 10434.4215 | Path: GPU-cuStateVec MPI-distributed (4 ranks)
Iter 0544 | Energy: -82.377183 | Delta: 4.78e-02 | M: 7854.8421 | Path: GPU-cuStateVec MPI-distributed (4 ranks)
Iter 0545 | Energy: -82.371943 | Delta: 5.24e-03 | M: 10974.1653 | Path: GPU-cuStateVec MPI-distributed (4 ranks)
[RESILIENCE] Iteration 545: Global theta state checkpointed at path checkpoints/H2O/checkpoint_iter_0545.npy. 
Iter 0546 | Energy: -82.388289 | Delta: 1.63e-02 | M: 11099.9707 | Path: GPU-cuStateVec MPI-distributed (4 ranks)
Iter 0547 | Energy: -82.342024 | Delta: 4.63e-02 | M: 9874.7796 | Path: GPU-cuStateVec MPI-distributed (4 ranks)
Iter 0548 | Energy: -82.345360 | Delta: 3.34e-03 | M: 7350.8515 | Path: GPU-cuStateVec MPI-distributed (4 ranks)
Iter 0549 | Energy: -82.390162 | Delta: 4.48e-02 | M: 7632.6022 | Path: GPU-cuStateVec MPI-distributed (4 ranks)
Iter 0550 | Energy: -82.382083 | Delta: 8.08e-03 | M: 11263.7101 | Path: GPU-cuStateVec MPI-distributed (4 ranks)
[RESILIENCE] Iteration 550: Global theta state checkpointed at path checkpoints/H2O/checkpoint_iter_0550.npy. 
Iter 0551 | Energy: -82.356144 | Delta: 2.59e-02 | M: 10469.4078 | Path: GPU-cuStateVec MPI-distributed (4 ranks)
Iter 0552 | Energy: -82.390108 | Delta: 3.40e-02 | M: 10299.5570 | Path: GPU-cuStateVec MPI-distributed (4 ranks)
Iter 0553 | Energy: -82.345183 | Delta: 4.49e-02 | M: 11047.9949 | Path: GPU-cuStateVec MPI-distributed (4 ranks)
Iter 0554 | Energy: -82.392440 | Delta: 4.73e-02 | M: 11269.4574 | Path: GPU-cuStateVec MPI-distributed (4 ranks)
Iter 0555 | Energy: -82.382702 | Delta: 9.74e-03 | M: 7478.7992 | Path: GPU-cuStateVec MPI-distributed (4 ranks)
[RESILIENCE] Iteration 555: Global theta state checkpointed at path checkpoints/H2O/checkpoint_iter_0555.npy. 
Iter 0556 | Energy: -82.369267 | Delta: 1.34e-02 | M: 9360.6118 | Path: GPU-cuStateVec MPI-distributed (4 ranks)
Iter 0557 | Energy: -82.362856 | Delta: 6.41e-03 | M: 11801.4257 | Path: GPU-cuStateVec MPI-distributed (4 ranks)
Iter 0558 | Energy: -82.373240 | Delta: 1.04e-02 | M: 11559.9494 | Path: GPU-cuStateVec MPI-distributed (4 ranks)
Iter 0559 | Energy: -82.408439 | Delta: 3.52e-02 | M: 10798.3648 | Path: GPU-cuStateVec MPI-distributed (4 ranks)
Iter 0560 | Energy: -82.397062 | Delta: 1.14e-02 | M: 10793.3834 | Path: GPU-cuStateVec MPI-distributed (4 ranks)
[RESILIENCE] Iteration 560: Global theta state checkpointed at path checkpoints/H2O/checkpoint_iter_0560.npy. 
Iter 0561 | Energy: -82.403060 | Delta: 6.00e-03 | M: 10819.1147 | Path: GPU-cuStateVec MPI-distributed (4 ranks)
Iter 0562 | Energy: -82.413092 | Delta: 1.00e-02 | M: 11157.6469 | Path: GPU-cuStateVec MPI-distributed (4 ranks)
Iter 0563 | Energy: -82.358689 | Delta: 5.44e-02 | M: 11214.9391 | Path: GPU-cuStateVec MPI-distributed (4 ranks)
Iter 0564 | Energy: -82.404589 | Delta: 4.59e-02 | M: 1264.1854 | Path: GPU-cuStateVec MPI-distributed (4 ranks)
Iter 0565 | Energy: -82.403112 | Delta: 1.48e-03 | M: 4785.3752 | Path: GPU-cuStateVec MPI-distributed (4 ranks)
[RESILIENCE] Iteration 565: Global theta state checkpointed at path checkpoints/H2O/checkpoint_iter_0565.npy. 
Iter 0566 | Energy: -82.407802 | Delta: 4.69e-03 | M: 10251.3008 | Path: GPU-cuStateVec MPI-distributed (4 ranks)
Iter 0567 | Energy: -82.396176 | Delta: 1.16e-02 | M: 9632.3680 | Path: GPU-cuStateVec MPI-distributed (4 ranks)
Iter 0568 | Energy: -82.389800 | Delta: 6.38e-03 | M: 10995.4422 | Path: GPU-cuStateVec MPI-distributed (4 ranks)
Iter 0569 | Energy: -82.385184 | Delta: 4.62e-03 | M: 11378.9188 | Path: GPU-cuStateVec MPI-distributed (4 ranks)
Iter 0570 | Energy: -82.405391 | Delta: 2.02e-02 | M: 10860.0548 | Path: GPU-cuStateVec MPI-distributed (4 ranks)
[RESILIENCE] Iteration 570: Global theta state checkpointed at path checkpoints/H2O/checkpoint_iter_0570.npy. 
Iter 0571 | Energy: -82.369527 | Delta: 3.59e-02 | M: 99.9675 | Path: GPU-cuStateVec MPI-distributed (4 ranks)
Iter 0572 | Energy: -82.402534 | Delta: 3.30e-02 | M: 119.0572 | Path: GPU-cuStateVec MPI-distributed (4 ranks)
Iter 0573 | Energy: -82.413669 | Delta: 1.11e-02 | M: 8703.8685 | Path: GPU-cuStateVec MPI-distributed (4 ranks)
Iter 0574 | Energy: -82.368885 | Delta: 4.48e-02 | M: 10987.5299 | Path: GPU-cuStateVec MPI-distributed (4 ranks)
Iter 0575 | Energy: -82.405055 | Delta: 3.62e-02 | M: 11205.8641 | Path: GPU-cuStateVec MPI-distributed (4 ranks)
[RESILIENCE] Iteration 575: Global theta state checkpointed at path checkpoints/H2O/checkpoint_iter_0575.npy. 
Iter 0576 | Energy: -82.389749 | Delta: 1.53e-02 | M: 11507.0084 | Path: GPU-cuStateVec MPI-distributed (4 ranks)
Iter 0577 | Energy: -82.372943 | Delta: 1.68e-02 | M: 11587.5149 | Path: GPU-cuStateVec MPI-distributed (4 ranks)
Iter 0578 | Energy: -82.404759 | Delta: 3.18e-02 | M: 40.5124 | Path: GPU-cuStateVec MPI-distributed (4 ranks)
Iter 0579 | Energy: -82.377756 | Delta: 2.70e-02 | M: 6232.4058 | Path: GPU-cuStateVec MPI-distributed (4 ranks)
Iter 0580 | Energy: -82.394127 | Delta: 1.64e-02 | M: 86.4218 | Path: GPU-cuStateVec MPI-distributed (4 ranks)
[RESILIENCE] Iteration 580: Global theta state checkpointed at path checkpoints/H2O/checkpoint_iter_0580.npy. 
Iter 0581 | Energy: -82.419260 | Delta: 2.51e-02 | M: 9500.8091 | Path: GPU-cuStateVec MPI-distributed (4 ranks)
Iter 0582 | Energy: -82.403791 | Delta: 1.55e-02 | M: 97.0604 | Path: GPU-cuStateVec MPI-distributed (4 ranks)
Iter 0583 | Energy: -82.425005 | Delta: 2.12e-02 | M: 88.1141 | Path: GPU-cuStateVec MPI-distributed (4 ranks)
Iter 0584 | Energy: -82.381453 | Delta: 4.36e-02 | M: 106.1673 | Path: GPU-cuStateVec MPI-distributed (4 ranks)
Iter 0585 | Energy: -82.408838 | Delta: 2.74e-02 | M: 11356.5731 | Path: GPU-cuStateVec MPI-distributed (4 ranks)
[RESILIENCE] Iteration 585: Global theta state checkpointed at path checkpoints/H2O/checkpoint_iter_0585.npy. 
Iter 0586 | Energy: -82.382723 | Delta: 2.61e-02 | M: 11129.6003 | Path: GPU-cuStateVec MPI-distributed (4 ranks)
Iter 0587 | Energy: -82.395555 | Delta: 1.28e-02 | M: 11573.5159 | Path: GPU-cuStateVec MPI-distributed (4 ranks)
Iter 0588 | Energy: -82.411501 | Delta: 1.59e-02 | M: 10618.6459 | Path: GPU-cuStateVec MPI-distributed (4 ranks)
Iter 0589 | Energy: -82.419784 | Delta: 8.28e-03 | M: 10667.2032 | Path: GPU-cuStateVec MPI-distributed (4 ranks)
Iter 0590 | Energy: -82.384708 | Delta: 3.51e-02 | M: 11365.0584 | Path: GPU-cuStateVec MPI-distributed (4 ranks)
[RESILIENCE] Iteration 590: Global theta state checkpointed at path checkpoints/H2O/checkpoint_iter_0590.npy. 
Iter 0591 | Energy: -82.430804 | Delta: 4.61e-02 | M: 11172.9899 | Path: GPU-cuStateVec MPI-distributed (4 ranks)
Iter 0592 | Energy: -82.399687 | Delta: 3.11e-02 | M: 72.4999 | Path: GPU-cuStateVec MPI-distributed (4 ranks)
Iter 0593 | Energy: -82.412029 | Delta: 1.23e-02 | M: 10003.4551 | Path: GPU-cuStateVec MPI-distributed (4 ranks)
Iter 0594 | Energy: -82.430084 | Delta: 1.81e-02 | M: 11394.7165 | Path: GPU-cuStateVec MPI-distributed (4 ranks)
Iter 0595 | Energy: -82.414634 | Delta: 1.54e-02 | M: 11210.9130 | Path: GPU-cuStateVec MPI-distributed (4 ranks)
[RESILIENCE] Iteration 595: Global theta state checkpointed at path checkpoints/H2O/checkpoint_iter_0595.npy. 
Iter 0596 | Energy: -82.417583 | Delta: 2.95e-03 | M: 10932.4349 | Path: GPU-cuStateVec MPI-distributed (4 ranks)
Iter 0597 | Energy: -82.389093 | Delta: 2.85e-02 | M: 10060.5449 | Path: GPU-cuStateVec MPI-distributed (4 ranks)
Iter 0598 | Energy: -82.411493 | Delta: 2.24e-02 | M: 10826.8299 | Path: GPU-cuStateVec MPI-distributed (4 ranks)
Iter 0599 | Energy: -82.425090 | Delta: 1.36e-02 | M: 10970.6940 | Path: GPU-cuStateVec MPI-distributed (4 ranks)
Iter 0600 | Energy: -82.394016 | Delta: 3.11e-02 | M: 9022.8257 | Path: GPU-cuStateVec MPI-distributed (4 ranks)
[RESILIENCE] Iteration 600: Global theta state checkpointed at path checkpoints/H2O/checkpoint_iter_0600.npy. 
Iter 0601 | Energy: -82.419352 | Delta: 2.53e-02 | M: 5561.1600 | Path: GPU-cuStateVec MPI-distributed (4 ranks)
Iter 0602 | Energy: -82.396062 | Delta: 2.33e-02 | M: 10218.4980 | Path: GPU-cuStateVec MPI-distributed (4 ranks)
Iter 0603 | Energy: -82.392370 | Delta: 3.69e-03 | M: 10158.7074 | Path: GPU-cuStateVec MPI-distributed (4 ranks)
Iter 0604 | Energy: -82.425322 | Delta: 3.30e-02 | M: 11470.6175 | Path: GPU-cuStateVec MPI-distributed (4 ranks)
Iter 0605 | Energy: -82.417362 | Delta: 7.96e-03 | M: 10901.0192 | Path: GPU-cuStateVec MPI-distributed (4 ranks)
[RESILIENCE] Iteration 605: Global theta state checkpointed at path checkpoints/H2O/checkpoint_iter_0605.npy. 
Iter 0606 | Energy: -82.421281 | Delta: 3.92e-03 | M: 11188.2089 | Path: GPU-cuStateVec MPI-distributed (4 ranks)
Iter 0607 | Energy: -82.416554 | Delta: 4.73e-03 | M: 96.9479 | Path: GPU-cuStateVec MPI-distributed (4 ranks)
Iter 0608 | Energy: -82.416727 | Delta: 1.73e-04 | M: 11247.5637 | Path: GPU-cuStateVec MPI-distributed (4 ranks)
Iter 0609 | Energy: -82.430268 | Delta: 1.35e-02 | M: 10193.0960 | Path: GPU-cuStateVec MPI-distributed (4 ranks)
Iter 0610 | Energy: -82.404842 | Delta: 2.54e-02 | M: 10100.4351 | Path: GPU-cuStateVec MPI-distributed (4 ranks)
[RESILIENCE] Iteration 610: Global theta state checkpointed at path checkpoints/H2O/checkpoint_iter_0610.npy. 
Iter 0611 | Energy: -82.413777 | Delta: 8.94e-03 | M: 10952.4519 | Path: GPU-cuStateVec MPI-distributed (4 ranks)
Iter 0612 | Energy: -82.426544 | Delta: 1.28e-02 | M: 10652.4380 | Path: GPU-cuStateVec MPI-distributed (4 ranks)
Iter 0613 | Energy: -82.421819 | Delta: 4.72e-03 | M: 10034.0611 | Path: GPU-cuStateVec MPI-distributed (4 ranks)
Iter 0614 | Energy: -82.430978 | Delta: 9.16e-03 | M: 81.1289 | Path: GPU-cuStateVec MPI-distributed (4 ranks)
Iter 0615 | Energy: -82.420148 | Delta: 1.08e-02 | M: 10276.8729 | Path: GPU-cuStateVec MPI-distributed (4 ranks)
[RESILIENCE] Iteration 615: Global theta state checkpointed at path checkpoints/H2O/checkpoint_iter_0615.npy. 
Iter 0616 | Energy: -82.460932 | Delta: 4.08e-02 | M: 10972.9281 | Path: GPU-cuStateVec MPI-distributed (4 ranks)
Iter 0617 | Energy: -82.451004 | Delta: 9.93e-03 | M: 11091.9620 | Path: GPU-cuStateVec MPI-distributed (4 ranks)
Iter 0618 | Energy: -82.412935 | Delta: 3.81e-02 | M: 10671.3751 | Path: GPU-cuStateVec MPI-distributed (4 ranks)
Iter 0619 | Energy: -82.433529 | Delta: 2.06e-02 | M: 106.6391 | Path: GPU-cuStateVec MPI-distributed (4 ranks)
Iter 0620 | Energy: -82.435487 | Delta: 1.96e-03 | M: 9187.6184 | Path: GPU-cuStateVec MPI-distributed (4 ranks)
[RESILIENCE] Iteration 620: Global theta state checkpointed at path checkpoints/H2O/checkpoint_iter_0620.npy. 
Iter 0621 | Energy: -82.437754 | Delta: 2.27e-03 | M: 9247.4469 | Path: GPU-cuStateVec MPI-distributed (4 ranks)
Iter 0622 | Energy: -82.451526 | Delta: 1.38e-02 | M: 11500.0969 | Path: GPU-cuStateVec MPI-distributed (4 ranks)
Iter 0623 | Energy: -82.450014 | Delta: 1.51e-03 | M: 76.1605 | Path: GPU-cuStateVec MPI-distributed (4 ranks)
Iter 0624 | Energy: -82.447336 | Delta: 2.68e-03 | M: 10780.8062 | Path: GPU-cuStateVec MPI-distributed (4 ranks)
Iter 0625 | Energy: -82.450483 | Delta: 3.15e-03 | M: 10754.8964 | Path: GPU-cuStateVec MPI-distributed (4 ranks)
[RESILIENCE] Iteration 625: Global theta state checkpointed at path checkpoints/H2O/checkpoint_iter_0625.npy. 
Iter 0626 | Energy: -82.458084 | Delta: 7.60e-03 | M: 11528.1971 | Path: GPU-cuStateVec MPI-distributed (4 ranks)
Iter 0627 | Energy: -82.454220 | Delta: 3.86e-03 | M: 181.4995 | Path: GPU-cuStateVec MPI-distributed (4 ranks)
Iter 0628 | Energy: -82.463365 | Delta: 9.14e-03 | M: 70.3083 | Path: GPU-cuStateVec MPI-distributed (4 ranks)
Iter 0629 | Energy: -82.440802 | Delta: 2.26e-02 | M: 11175.8896 | Path: GPU-cuStateVec MPI-distributed (4 ranks)
Iter 0630 | Energy: -82.427959 | Delta: 1.28e-02 | M: 10315.3981 | Path: GPU-cuStateVec MPI-distributed (4 ranks)
[RESILIENCE] Iteration 630: Global theta state checkpointed at path checkpoints/H2O/checkpoint_iter_0630.npy. 
Iter 0631 | Energy: -82.475850 | Delta: 4.79e-02 | M: 11383.3770 | Path: GPU-cuStateVec MPI-distributed (4 ranks)
Iter 0632 | Energy: -82.443150 | Delta: 3.27e-02 | M: 10857.0156 | Path: GPU-cuStateVec MPI-distributed (4 ranks)
Iter 0633 | Energy: -82.462056 | Delta: 1.89e-02 | M: 8707.1771 | Path: GPU-cuStateVec MPI-distributed (4 ranks)
Iter 0634 | Energy: -82.428228 | Delta: 3.38e-02 | M: 8.4777 | Path: GPU-cuStateVec MPI-distributed (4 ranks)
Iter 0635 | Energy: -82.445372 | Delta: 1.71e-02 | M: 10582.3638 | Path: GPU-cuStateVec MPI-distributed (4 ranks)
[RESILIENCE] Iteration 635: Global theta state checkpointed at path checkpoints/H2O/checkpoint_iter_0635.npy. 
Iter 0636 | Energy: -82.431778 | Delta: 1.36e-02 | M: 10969.2698 | Path: GPU-cuStateVec MPI-distributed (4 ranks)
Iter 0637 | Energy: -82.468727 | Delta: 3.69e-02 | M: 5719.0663 | Path: GPU-cuStateVec MPI-distributed (4 ranks)
Iter 0638 | Energy: -82.483710 | Delta: 1.50e-02 | M: 7331.0433 | Path: GPU-cuStateVec MPI-distributed (4 ranks)
Iter 0639 | Energy: -82.437284 | Delta: 4.64e-02 | M: 9507.1127 | Path: GPU-cuStateVec MPI-distributed (4 ranks)
Iter 0640 | Energy: -82.439074 | Delta: 1.79e-03 | M: 56.1348 | Path: GPU-cuStateVec MPI-distributed (4 ranks)
[RESILIENCE] Iteration 640: Global theta state checkpointed at path checkpoints/H2O/checkpoint_iter_0640.npy. 
Iter 0641 | Energy: -82.451734 | Delta: 1.27e-02 | M: 100.2748 | Path: GPU-cuStateVec MPI-distributed (4 ranks)
Iter 0642 | Energy: -82.478831 | Delta: 2.71e-02 | M: 102.7398 | Path: GPU-cuStateVec MPI-distributed (4 ranks)
Iter 0643 | Energy: -82.458792 | Delta: 2.00e-02 | M: 200.4967 | Path: GPU-cuStateVec MPI-distributed (4 ranks)
Iter 0644 | Energy: -82.483199 | Delta: 2.44e-02 | M: 63.9951 | Path: GPU-cuStateVec MPI-distributed (4 ranks)
Iter 0645 | Energy: -82.480486 | Delta: 2.71e-03 | M: 11150.5415 | Path: GPU-cuStateVec MPI-distributed (4 ranks)
[RESILIENCE] Iteration 645: Global theta state checkpointed at path checkpoints/H2O/checkpoint_iter_0645.npy. 
Iter 0646 | Energy: -82.465445 | Delta: 1.50e-02 | M: 69.8474 | Path: GPU-cuStateVec MPI-distributed (4 ranks)
Iter 0647 | Energy: -82.459354 | Delta: 6.09e-03 | M: 85.4264 | Path: GPU-cuStateVec MPI-distributed (4 ranks)
Iter 0648 | Energy: -82.459085 | Delta: 2.69e-04 | M: 10838.1689 | Path: GPU-cuStateVec MPI-distributed (4 ranks)
Iter 0649 | Energy: -82.450314 | Delta: 8.77e-03 | M: 84.1870 | Path: GPU-cuStateVec MPI-distributed (4 ranks)
Iter 0650 | Energy: -82.464661 | Delta: 1.43e-02 | M: 10931.7073 | Path: GPU-cuStateVec MPI-distributed (4 ranks)
[RESILIENCE] Iteration 650: Global theta state checkpointed at path checkpoints/H2O/checkpoint_iter_0650.npy. 
Iter 0651 | Energy: -82.445822 | Delta: 1.88e-02 | M: 11243.2611 | Path: GPU-cuStateVec MPI-distributed (4 ranks)
Iter 0652 | Energy: -82.471572 | Delta: 2.57e-02 | M: 61.3944 | Path: GPU-cuStateVec MPI-distributed (4 ranks)
Iter 0653 | Energy: -82.490486 | Delta: 1.89e-02 | M: 11456.7351 | Path: GPU-cuStateVec MPI-distributed (4 ranks)
Iter 0654 | Energy: -82.464128 | Delta: 2.64e-02 | M: 712.0442 | Path: GPU-cuStateVec MPI-distributed (4 ranks)
Iter 0655 | Energy: -82.492974 | Delta: 2.88e-02 | M: 10969.6703 | Path: GPU-cuStateVec MPI-distributed (4 ranks)
[RESILIENCE] Iteration 655: Global theta state checkpointed at path checkpoints/H2O/checkpoint_iter_0655.npy. 
Iter 0656 | Energy: -82.464004 | Delta: 2.90e-02 | M: 11208.8367 | Path: GPU-cuStateVec MPI-distributed (4 ranks)
Iter 0657 | Energy: -82.495730 | Delta: 3.17e-02 | M: 156.3059 | Path: GPU-cuStateVec MPI-distributed (4 ranks)
Iter 0658 | Energy: -82.475280 | Delta: 2.05e-02 | M: 77.9741 | Path: GPU-cuStateVec MPI-distributed (4 ranks)
Iter 0659 | Energy: -82.505312 | Delta: 3.00e-02 | M: 86.9017 | Path: GPU-cuStateVec MPI-distributed (4 ranks)
Iter 0660 | Energy: -82.459672 | Delta: 4.56e-02 | M: 9291.1727 | Path: GPU-cuStateVec MPI-distributed (4 ranks)
[RESILIENCE] Iteration 660: Global theta state checkpointed at path checkpoints/H2O/checkpoint_iter_0660.npy. 
Iter 0661 | Energy: -82.493047 | Delta: 3.34e-02 | M: 87.7500 | Path: GPU-cuStateVec MPI-distributed (4 ranks)
Iter 0662 | Energy: -82.468245 | Delta: 2.48e-02 | M: 8007.7601 | Path: GPU-cuStateVec MPI-distributed (4 ranks)
Iter 0663 | Energy: -82.504369 | Delta: 3.61e-02 | M: 11578.5046 | Path: GPU-cuStateVec MPI-distributed (4 ranks)
Iter 0664 | Energy: -82.461077 | Delta: 4.33e-02 | M: 87.0158 | Path: GPU-cuStateVec MPI-distributed (4 ranks)
Iter 0665 | Energy: -82.476348 | Delta: 1.53e-02 | M: 7384.5995 | Path: GPU-cuStateVec MPI-distributed (4 ranks)
[RESILIENCE] Iteration 665: Global theta state checkpointed at path checkpoints/H2O/checkpoint_iter_0665.npy. 
Iter 0666 | Energy: -82.483393 | Delta: 7.05e-03 | M: 9109.8966 | Path: GPU-cuStateVec MPI-distributed (4 ranks)
Iter 0667 | Energy: -82.490096 | Delta: 6.70e-03 | M: 10052.9353 | Path: GPU-cuStateVec MPI-distributed (4 ranks)
Iter 0668 | Energy: -82.500336 | Delta: 1.02e-02 | M: 10948.8059 | Path: GPU-cuStateVec MPI-distributed (4 ranks)
Iter 0669 | Energy: -82.499811 | Delta: 5.25e-04 | M: 11014.3668 | Path: GPU-cuStateVec MPI-distributed (4 ranks)
Iter 0670 | Energy: -82.498336 | Delta: 1.47e-03 | M: 29.5207 | Path: GPU-cuStateVec MPI-distributed (4 ranks)
[RESILIENCE] Iteration 670: Global theta state checkpointed at path checkpoints/H2O/checkpoint_iter_0670.npy. 
Iter 0671 | Energy: -82.473340 | Delta: 2.50e-02 | M: 42.8513 | Path: GPU-cuStateVec MPI-distributed (4 ranks)
Iter 0672 | Energy: -82.498610 | Delta: 2.53e-02 | M: 109.8156 | Path: GPU-cuStateVec MPI-distributed (4 ranks)
Iter 0673 | Energy: -82.464467 | Delta: 3.41e-02 | M: 65.6633 | Path: GPU-cuStateVec MPI-distributed (4 ranks)
Iter 0674 | Energy: -82.500736 | Delta: 3.63e-02 | M: 157.2754 | Path: GPU-cuStateVec MPI-distributed (4 ranks)
Iter 0675 | Energy: -82.496947 | Delta: 3.79e-03 | M: 84.1371 | Path: GPU-cuStateVec MPI-distributed (4 ranks)
[RESILIENCE] Iteration 675: Global theta state checkpointed at path checkpoints/H2O/checkpoint_iter_0675.npy. 
Iter 0676 | Energy: -82.474353 | Delta: 2.26e-02 | M: 50.5677 | Path: GPU-cuStateVec MPI-distributed (4 ranks)
Iter 0677 | Energy: -82.506404 | Delta: 3.21e-02 | M: 87.2518 | Path: GPU-cuStateVec MPI-distributed (4 ranks)
Iter 0678 | Energy: -82.514824 | Delta: 8.42e-03 | M: 70.6946 | Path: GPU-cuStateVec MPI-distributed (4 ranks)
Iter 0679 | Energy: -82.516048 | Delta: 1.22e-03 | M: 11676.7375 | Path: GPU-cuStateVec MPI-distributed (4 ranks)
Iter 0680 | Energy: -82.477105 | Delta: 3.89e-02 | M: 114.7806 | Path: GPU-cuStateVec MPI-distributed (4 ranks)
[RESILIENCE] Iteration 680: Global theta state checkpointed at path checkpoints/H2O/checkpoint_iter_0680.npy. 
Iter 0681 | Energy: -82.483504 | Delta: 6.40e-03 | M: 222.4171 | Path: GPU-cuStateVec MPI-distributed (4 ranks)
Iter 0682 | Energy: -82.527066 | Delta: 4.36e-02 | M: 27.4308 | Path: GPU-cuStateVec MPI-distributed (4 ranks)
Iter 0683 | Energy: -82.527243 | Delta: 1.78e-04 | M: 66.7032 | Path: GPU-cuStateVec MPI-distributed (4 ranks)
Iter 0684 | Energy: -82.488703 | Delta: 3.85e-02 | M: 65.9584 | Path: GPU-cuStateVec MPI-distributed (4 ranks)
Iter 0685 | Energy: -82.530360 | Delta: 4.17e-02 | M: 58.9705 | Path: GPU-cuStateVec MPI-distributed (4 ranks)
[RESILIENCE] Iteration 685: Global theta state checkpointed at path checkpoints/H2O/checkpoint_iter_0685.npy. 
Iter 0686 | Energy: -82.487233 | Delta: 4.31e-02 | M: 77.7622 | Path: GPU-cuStateVec MPI-distributed (4 ranks)
Iter 0687 | Energy: -82.499061 | Delta: 1.18e-02 | M: 8649.4302 | Path: GPU-cuStateVec MPI-distributed (4 ranks)
Iter 0688 | Energy: -82.499922 | Delta: 8.61e-04 | M: 11036.7461 | Path: GPU-cuStateVec MPI-distributed (4 ranks)
Iter 0689 | Energy: -82.513341 | Delta: 1.34e-02 | M: 70.3822 | Path: GPU-cuStateVec MPI-distributed (4 ranks)
Iter 0690 | Energy: -82.518999 | Delta: 5.66e-03 | M: 11197.0808 | Path: GPU-cuStateVec MPI-distributed (4 ranks)
[RESILIENCE] Iteration 690: Global theta state checkpointed at path checkpoints/H2O/checkpoint_iter_0690.npy. 
Iter 0691 | Energy: -82.525295 | Delta: 6.30e-03 | M: 66.4762 | Path: GPU-cuStateVec MPI-distributed (4 ranks)
Iter 0692 | Energy: -82.506392 | Delta: 1.89e-02 | M: 99.5863 | Path: GPU-cuStateVec MPI-distributed (4 ranks)
Iter 0693 | Energy: -82.516937 | Delta: 1.05e-02 | M: 10415.5298 | Path: GPU-cuStateVec MPI-distributed (4 ranks)
Iter 0694 | Energy: -82.505865 | Delta: 1.11e-02 | M: 50.4538 | Path: GPU-cuStateVec MPI-distributed (4 ranks)
Iter 0695 | Energy: -82.510629 | Delta: 4.76e-03 | M: 1095.7566 | Path: GPU-cuStateVec MPI-distributed (4 ranks)
[RESILIENCE] Iteration 695: Global theta state checkpointed at path checkpoints/H2O/checkpoint_iter_0695.npy. 
Iter 0696 | Energy: -82.498113 | Delta: 1.25e-02 | M: 10576.6479 | Path: GPU-cuStateVec MPI-distributed (4 ranks)
Iter 0697 | Energy: -82.523188 | Delta: 2.51e-02 | M: 79.1083 | Path: GPU-cuStateVec MPI-distributed (4 ranks)
Iter 0698 | Energy: -82.508627 | Delta: 1.46e-02 | M: 10447.9305 | Path: GPU-cuStateVec MPI-distributed (4 ranks)
Iter 0699 | Energy: -82.510426 | Delta: 1.80e-03 | M: 10910.3031 | Path: GPU-cuStateVec MPI-distributed (4 ranks)
Iter 0700 | Energy: -82.511607 | Delta: 1.18e-03 | M: 83.9016 | Path: GPU-cuStateVec MPI-distributed (4 ranks)
[RESILIENCE] Iteration 700: Global theta state checkpointed at path checkpoints/H2O/checkpoint_iter_0700.npy. 
Iter 0701 | Energy: -82.545726 | Delta: 3.41e-02 | M: 58.0860 | Path: GPU-cuStateVec MPI-distributed (4 ranks)
Iter 0702 | Energy: -82.515814 | Delta: 2.99e-02 | M: 9243.8088 | Path: GPU-cuStateVec MPI-distributed (4 ranks)
Iter 0703 | Energy: -82.504737 | Delta: 1.11e-02 | M: 10404.4865 | Path: GPU-cuStateVec MPI-distributed (4 ranks)
Iter 0704 | Energy: -82.540287 | Delta: 3.56e-02 | M: 11193.9662 | Path: GPU-cuStateVec MPI-distributed (4 ranks)
Iter 0705 | Energy: -82.534137 | Delta: 6.15e-03 | M: 73.5800 | Path: GPU-cuStateVec MPI-distributed (4 ranks)
[RESILIENCE] Iteration 705: Global theta state checkpointed at path checkpoints/H2O/checkpoint_iter_0705.npy. 
Iter 0706 | Energy: -82.544482 | Delta: 1.03e-02 | M: 55.6998 | Path: GPU-cuStateVec MPI-distributed (4 ranks)
Iter 0707 | Energy: -82.536198 | Delta: 8.28e-03 | M: 83.4739 | Path: GPU-cuStateVec MPI-distributed (4 ranks)
Iter 0708 | Energy: -82.543624 | Delta: 7.43e-03 | M: 93.2628 | Path: GPU-cuStateVec MPI-distributed (4 ranks)
Iter 0709 | Energy: -82.508711 | Delta: 3.49e-02 | M: 5805.7639 | Path: GPU-cuStateVec MPI-distributed (4 ranks)
Iter 0710 | Energy: -82.541912 | Delta: 3.32e-02 | M: 5927.4057 | Path: GPU-cuStateVec MPI-distributed (4 ranks)
[RESILIENCE] Iteration 710: Global theta state checkpointed at path checkpoints/H2O/checkpoint_iter_0710.npy. 
Iter 0711 | Energy: -82.542208 | Delta: 2.96e-04 | M: 68.4489 | Path: GPU-cuStateVec MPI-distributed (4 ranks)
Iter 0712 | Energy: -82.552784 | Delta: 1.06e-02 | M: 90.8125 | Path: GPU-cuStateVec MPI-distributed (4 ranks)
Iter 0713 | Energy: -82.514706 | Delta: 3.81e-02 | M: 68.6531 | Path: GPU-cuStateVec MPI-distributed (4 ranks)
Iter 0714 | Energy: -82.556939 | Delta: 4.22e-02 | M: 108.4438 | Path: GPU-cuStateVec MPI-distributed (4 ranks)
Iter 0715 | Energy: -82.542601 | Delta: 1.43e-02 | M: 54.3381 | Path: GPU-cuStateVec MPI-distributed (4 ranks)
[RESILIENCE] Iteration 715: Global theta state checkpointed at path checkpoints/H2O/checkpoint_iter_0715.npy. 
Iter 0716 | Energy: -82.534475 | Delta: 8.13e-03 | M: 45.4164 | Path: GPU-cuStateVec MPI-distributed (4 ranks)
Iter 0717 | Energy: -82.537835 | Delta: 3.36e-03 | M: 95.8887 | Path: GPU-cuStateVec MPI-distributed (4 ranks)
Iter 0718 | Energy: -82.513121 | Delta: 2.47e-02 | M: 91.9457 | Path: GPU-cuStateVec MPI-distributed (4 ranks)
Iter 0719 | Energy: -82.553666 | Delta: 4.05e-02 | M: 9979.0255 | Path: GPU-cuStateVec MPI-distributed (4 ranks)
Iter 0720 | Energy: -82.553397 | Delta: 2.70e-04 | M: 8809.2800 | Path: GPU-cuStateVec MPI-distributed (4 ranks)
[RESILIENCE] Iteration 720: Global theta state checkpointed at path checkpoints/H2O/checkpoint_iter_0720.npy. 
Iter 0721 | Energy: -82.541201 | Delta: 1.22e-02 | M: 11093.3865 | Path: GPU-cuStateVec MPI-distributed (4 ranks)
Iter 0722 | Energy: -82.559746 | Delta: 1.85e-02 | M: 98.8407 | Path: GPU-cuStateVec MPI-distributed (4 ranks)
Iter 0723 | Energy: -82.569373 | Delta: 9.63e-03 | M: 11019.4870 | Path: GPU-cuStateVec MPI-distributed (4 ranks)
Iter 0724 | Energy: -82.571087 | Delta: 1.71e-03 | M: 11344.1584 | Path: GPU-cuStateVec MPI-distributed (4 ranks)
Iter 0725 | Energy: -82.527824 | Delta: 4.33e-02 | M: 50.8007 | Path: GPU-cuStateVec MPI-distributed (4 ranks)
[RESILIENCE] Iteration 725: Global theta state checkpointed at path checkpoints/H2O/checkpoint_iter_0725.npy. 
Iter 0726 | Energy: -82.559608 | Delta: 3.18e-02 | M: 66.0248 | Path: GPU-cuStateVec MPI-distributed (4 ranks)
Iter 0727 | Energy: -82.529287 | Delta: 3.03e-02 | M: 10718.4556 | Path: GPU-cuStateVec MPI-distributed (4 ranks)
Iter 0728 | Energy: -82.531117 | Delta: 1.83e-03 | M: 44.6511 | Path: GPU-cuStateVec MPI-distributed (4 ranks)
Iter 0729 | Energy: -82.572403 | Delta: 4.13e-02 | M: 100.3872 | Path: GPU-cuStateVec MPI-distributed (4 ranks)
Iter 0730 | Energy: -82.568795 | Delta: 3.61e-03 | M: 97.0583 | Path: GPU-cuStateVec MPI-distributed (4 ranks)
[RESILIENCE] Iteration 730: Global theta state checkpointed at path checkpoints/H2O/checkpoint_iter_0730.npy. 
Iter 0731 | Energy: -82.583813 | Delta: 1.50e-02 | M: 40.2014 | Path: GPU-cuStateVec MPI-distributed (4 ranks)
Iter 0732 | Energy: -82.542828 | Delta: 4.10e-02 | M: 99.0926 | Path: GPU-cuStateVec MPI-distributed (4 ranks)
Iter 0733 | Energy: -82.573876 | Delta: 3.10e-02 | M: 10926.5956 | Path: GPU-cuStateVec MPI-distributed (4 ranks)
Iter 0734 | Energy: -82.567077 | Delta: 6.80e-03 | M: 10007.6230 | Path: GPU-cuStateVec MPI-distributed (4 ranks)
Iter 0735 | Energy: -82.576987 | Delta: 9.91e-03 | M: 10751.9697 | Path: GPU-cuStateVec MPI-distributed (4 ranks)
[RESILIENCE] Iteration 735: Global theta state checkpointed at path checkpoints/H2O/checkpoint_iter_0735.npy. 
Iter 0736 | Energy: -82.576031 | Delta: 9.55e-04 | M: 40.0964 | Path: GPU-cuStateVec MPI-distributed (4 ranks)
Iter 0737 | Energy: -82.555214 | Delta: 2.08e-02 | M: 57.5109 | Path: GPU-cuStateVec MPI-distributed (4 ranks)
Iter 0738 | Energy: -82.581348 | Delta: 2.61e-02 | M: 71.6671 | Path: GPU-cuStateVec MPI-distributed (4 ranks)
Iter 0739 | Energy: -82.580108 | Delta: 1.24e-03 | M: 10995.6233 | Path: GPU-cuStateVec MPI-distributed (4 ranks)
Iter 0740 | Energy: -82.578707 | Delta: 1.40e-03 | M: 10478.7797 | Path: GPU-cuStateVec MPI-distributed (4 ranks)
[RESILIENCE] Iteration 740: Global theta state checkpointed at path checkpoints/H2O/checkpoint_iter_0740.npy. 
Iter 0741 | Energy: -82.554810 | Delta: 2.39e-02 | M: 10837.3258 | Path: GPU-cuStateVec MPI-distributed (4 ranks)
Iter 0742 | Energy: -82.588161 | Delta: 3.34e-02 | M: 10351.6028 | Path: GPU-cuStateVec MPI-distributed (4 ranks)
Iter 0743 | Energy: -82.575640 | Delta: 1.25e-02 | M: 11069.9061 | Path: GPU-cuStateVec MPI-distributed (4 ranks)
Iter 0744 | Energy: -82.556803 | Delta: 1.88e-02 | M: 74.9533 | Path: GPU-cuStateVec MPI-distributed (4 ranks)
Iter 0745 | Energy: -82.570424 | Delta: 1.36e-02 | M: 11156.1782 | Path: GPU-cuStateVec MPI-distributed (4 ranks)
[RESILIENCE] Iteration 745: Global theta state checkpointed at path checkpoints/H2O/checkpoint_iter_0745.npy. 
Iter 0746 | Energy: -82.556882 | Delta: 1.35e-02 | M: 6334.4250 | Path: GPU-cuStateVec MPI-distributed (4 ranks)
Iter 0747 | Energy: -82.579738 | Delta: 2.29e-02 | M: 7898.9069 | Path: GPU-cuStateVec MPI-distributed (4 ranks)
Iter 0748 | Energy: -82.559278 | Delta: 2.05e-02 | M: 9363.5287 | Path: GPU-cuStateVec MPI-distributed (4 ranks)
Iter 0749 | Energy: -82.585240 | Delta: 2.60e-02 | M: 24.9287 | Path: GPU-cuStateVec MPI-distributed (4 ranks)
Iter 0750 | Energy: -82.589880 | Delta: 4.64e-03 | M: 11467.3413 | Path: GPU-cuStateVec MPI-distributed (4 ranks)
[RESILIENCE] Iteration 750: Global theta state checkpointed at path checkpoints/H2O/checkpoint_iter_0750.npy. 
Iter 0751 | Energy: -82.575114 | Delta: 1.48e-02 | M: 11222.7206 | Path: GPU-cuStateVec MPI-distributed (4 ranks)
Iter 0752 | Energy: -82.573309 | Delta: 1.80e-03 | M: 11398.3641 | Path: GPU-cuStateVec MPI-distributed (4 ranks)
Iter 0753 | Energy: -82.598677 | Delta: 2.54e-02 | M: 10951.6789 | Path: GPU-cuStateVec MPI-distributed (4 ranks)
Iter 0754 | Energy: -82.591879 | Delta: 6.80e-03 | M: 11098.7796 | Path: GPU-cuStateVec MPI-distributed (4 ranks)
Iter 0755 | Energy: -82.547046 | Delta: 4.48e-02 | M: 128.4953 | Path: GPU-cuStateVec MPI-distributed (4 ranks)
[RESILIENCE] Iteration 755: Global theta state checkpointed at path checkpoints/H2O/checkpoint_iter_0755.npy. 
Iter 0756 | Energy: -82.581023 | Delta: 3.40e-02 | M: 69.2892 | Path: GPU-cuStateVec MPI-distributed (4 ranks)
Iter 0757 | Energy: -82.585176 | Delta: 4.15e-03 | M: 75.4254 | Path: GPU-cuStateVec MPI-distributed (4 ranks)
Iter 0758 | Energy: -82.565330 | Delta: 1.98e-02 | M: 10748.8338 | Path: GPU-cuStateVec MPI-distributed (4 ranks)
Iter 0759 | Energy: -82.591445 | Delta: 2.61e-02 | M: 10587.7342 | Path: GPU-cuStateVec MPI-distributed (4 ranks)
Iter 0760 | Energy: -82.603898 | Delta: 1.25e-02 | M: 62.1367 | Path: GPU-cuStateVec MPI-distributed (4 ranks)
[RESILIENCE] Iteration 760: Global theta state checkpointed at path checkpoints/H2O/checkpoint_iter_0760.npy. 
Iter 0761 | Energy: -82.579538 | Delta: 2.44e-02 | M: 47.1552 | Path: GPU-cuStateVec MPI-distributed (4 ranks)
Iter 0762 | Energy: -82.599189 | Delta: 1.97e-02 | M: 11090.9580 | Path: GPU-cuStateVec MPI-distributed (4 ranks)
Iter 0763 | Energy: -82.590578 | Delta: 8.61e-03 | M: 10553.4200 | Path: GPU-cuStateVec MPI-distributed (4 ranks)
Iter 0764 | Energy: -82.589703 | Delta: 8.75e-04 | M: 11029.0016 | Path: GPU-cuStateVec MPI-distributed (4 ranks)
Iter 0765 | Energy: -82.570514 | Delta: 1.92e-02 | M: 263.3688 | Path: GPU-cuStateVec MPI-distributed (4 ranks)
[RESILIENCE] Iteration 765: Global theta state checkpointed at path checkpoints/H2O/checkpoint_iter_0765.npy. 
Iter 0766 | Energy: -82.590336 | Delta: 1.98e-02 | M: 11543.3655 | Path: GPU-cuStateVec MPI-distributed (4 ranks)
Iter 0767 | Energy: -82.578663 | Delta: 1.17e-02 | M: 9671.7487 | Path: GPU-cuStateVec MPI-distributed (4 ranks)
Iter 0768 | Energy: -82.593377 | Delta: 1.47e-02 | M: 9982.8874 | Path: GPU-cuStateVec MPI-distributed (4 ranks)
Iter 0769 | Energy: -82.606260 | Delta: 1.29e-02 | M: 38.6822 | Path: GPU-cuStateVec MPI-distributed (4 ranks)
Iter 0770 | Energy: -82.565692 | Delta: 4.06e-02 | M: 38.6385 | Path: GPU-cuStateVec MPI-distributed (4 ranks)
[RESILIENCE] Iteration 770: Global theta state checkpointed at path checkpoints/H2O/checkpoint_iter_0770.npy. 
Iter 0771 | Energy: -82.609316 | Delta: 4.36e-02 | M: 10707.4974 | Path: GPU-cuStateVec MPI-distributed (4 ranks)
Iter 0772 | Energy: -82.573560 | Delta: 3.58e-02 | M: 11304.0751 | Path: GPU-cuStateVec MPI-distributed (4 ranks)
Iter 0773 | Energy: -82.564929 | Delta: 8.63e-03 | M: 82.7038 | Path: GPU-cuStateVec MPI-distributed (4 ranks)
Iter 0774 | Energy: -82.598526 | Delta: 3.36e-02 | M: 10803.5799 | Path: GPU-cuStateVec MPI-distributed (4 ranks)
Iter 0775 | Energy: -82.610823 | Delta: 1.23e-02 | M: 7692.1435 | Path: GPU-cuStateVec MPI-distributed (4 ranks)
[RESILIENCE] Iteration 775: Global theta state checkpointed at path checkpoints/H2O/checkpoint_iter_0775.npy. 
Iter 0776 | Energy: -82.585208 | Delta: 2.56e-02 | M: 109.0770 | Path: GPU-cuStateVec MPI-distributed (4 ranks)
Iter 0777 | Energy: -82.596343 | Delta: 1.11e-02 | M: 9489.4457 | Path: GPU-cuStateVec MPI-distributed (4 ranks)
Iter 0778 | Energy: -82.592561 | Delta: 3.78e-03 | M: 10909.6814 | Path: GPU-cuStateVec MPI-distributed (4 ranks)
Iter 0779 | Energy: -82.606846 | Delta: 1.43e-02 | M: 10052.2901 | Path: GPU-cuStateVec MPI-distributed (4 ranks)
Iter 0780 | Energy: -82.599016 | Delta: 7.83e-03 | M: 88.5338 | Path: GPU-cuStateVec MPI-distributed (4 ranks)
[RESILIENCE] Iteration 780: Global theta state checkpointed at path checkpoints/H2O/checkpoint_iter_0780.npy. 
Iter 0781 | Energy: -82.591862 | Delta: 7.15e-03 | M: 10919.7476 | Path: GPU-cuStateVec MPI-distributed (4 ranks)
Iter 0782 | Energy: -82.574081 | Delta: 1.78e-02 | M: 6745.6912 | Path: GPU-cuStateVec MPI-distributed (4 ranks)
Iter 0783 | Energy: -82.612668 | Delta: 3.86e-02 | M: 6070.7831 | Path: GPU-cuStateVec MPI-distributed (4 ranks)
Iter 0784 | Energy: -82.609986 | Delta: 2.68e-03 | M: 7834.8094 | Path: GPU-cuStateVec MPI-distributed (4 ranks)
Iter 0785 | Energy: -82.585811 | Delta: 2.42e-02 | M: 59.9425 | Path: GPU-cuStateVec MPI-distributed (4 ranks)
[RESILIENCE] Iteration 785: Global theta state checkpointed at path checkpoints/H2O/checkpoint_iter_0785.npy. 
Iter 0786 | Energy: -82.591691 | Delta: 5.88e-03 | M: 10336.6630 | Path: GPU-cuStateVec MPI-distributed (4 ranks)
Iter 0787 | Energy: -82.603038 | Delta: 1.13e-02 | M: 61.5859 | Path: GPU-cuStateVec MPI-distributed (4 ranks)
Iter 0788 | Energy: -82.609657 | Delta: 6.62e-03 | M: 10807.5882 | Path: GPU-cuStateVec MPI-distributed (4 ranks)
Iter 0789 | Energy: -82.583633 | Delta: 2.60e-02 | M: 44.4123 | Path: GPU-cuStateVec MPI-distributed (4 ranks)
Iter 0790 | Energy: -82.612061 | Delta: 2.84e-02 | M: 10911.9312 | Path: GPU-cuStateVec MPI-distributed (4 ranks)
[RESILIENCE] Iteration 790: Global theta state checkpointed at path checkpoints/H2O/checkpoint_iter_0790.npy. 
Iter 0791 | Energy: -82.584773 | Delta: 2.73e-02 | M: 10497.6419 | Path: GPU-cuStateVec MPI-distributed (4 ranks)
Iter 0792 | Energy: -82.584726 | Delta: 4.73e-05 | M: 85.6545 | Path: GPU-cuStateVec MPI-distributed (4 ranks)
Iter 0793 | Energy: -82.604813 | Delta: 2.01e-02 | M: 71.9202 | Path: GPU-cuStateVec MPI-distributed (4 ranks)
Iter 0794 | Energy: -82.594475 | Delta: 1.03e-02 | M: 10723.5029 | Path: GPU-cuStateVec MPI-distributed (4 ranks)
Iter 0795 | Energy: -82.608818 | Delta: 1.43e-02 | M: 9898.7813 | Path: GPU-cuStateVec MPI-distributed (4 ranks)
[RESILIENCE] Iteration 795: Global theta state checkpointed at path checkpoints/H2O/checkpoint_iter_0795.npy. 
Iter 0796 | Energy: -82.621431 | Delta: 1.26e-02 | M: 10937.3567 | Path: GPU-cuStateVec MPI-distributed (4 ranks)
Iter 0797 | Energy: -82.594362 | Delta: 2.71e-02 | M: 68.1512 | Path: GPU-cuStateVec MPI-distributed (4 ranks)
Iter 0798 | Energy: -82.598374 | Delta: 4.01e-03 | M: 72.1128 | Path: GPU-cuStateVec MPI-distributed (4 ranks)
Iter 0799 | Energy: -82.600604 | Delta: 2.23e-03 | M: 11306.5863 | Path: GPU-cuStateVec MPI-distributed (4 ranks)
Iter 0800 | Energy: -82.619773 | Delta: 1.92e-02 | M: 10590.7469 | Path: GPU-cuStateVec MPI-distributed (4 ranks)
[RESILIENCE] Iteration 800: Global theta state checkpointed at path checkpoints/H2O/checkpoint_iter_0800.npy. 
Iter 0801 | Energy: -82.606917 | Delta: 1.29e-02 | M: 5897.1095 | Path: GPU-cuStateVec MPI-distributed (4 ranks)
Iter 0802 | Energy: -82.620964 | Delta: 1.40e-02 | M: 9963.7451 | Path: GPU-cuStateVec MPI-distributed (4 ranks)
Iter 0803 | Energy: -82.585603 | Delta: 3.54e-02 | M: 32.9932 | Path: GPU-cuStateVec MPI-distributed (4 ranks)
Iter 0804 | Energy: -82.609506 | Delta: 2.39e-02 | M: 104.4641 | Path: GPU-cuStateVec MPI-distributed (4 ranks)
Iter 0805 | Energy: -82.621177 | Delta: 1.17e-02 | M: 8601.3483 | Path: GPU-cuStateVec MPI-distributed (4 ranks)
[RESILIENCE] Iteration 805: Global theta state checkpointed at path checkpoints/H2O/checkpoint_iter_0805.npy. 
Iter 0806 | Energy: -82.618937 | Delta: 2.24e-03 | M: 10441.9796 | Path: GPU-cuStateVec MPI-distributed (4 ranks)
Iter 0807 | Energy: -82.642443 | Delta: 2.35e-02 | M: 5.0766 | Path: GPU-cuStateVec MPI-distributed (4 ranks)
Iter 0808 | Energy: -82.603555 | Delta: 3.89e-02 | M: 99.6884 | Path: GPU-cuStateVec MPI-distributed (4 ranks)
Iter 0809 | Energy: -82.598634 | Delta: 4.92e-03 | M: 11164.4019 | Path: GPU-cuStateVec MPI-distributed (4 ranks)
Iter 0810 | Energy: -82.579791 | Delta: 1.88e-02 | M: 108.5302 | Path: GPU-cuStateVec MPI-distributed (4 ranks)
[RESILIENCE] Iteration 810: Global theta state checkpointed at path checkpoints/H2O/checkpoint_iter_0810.npy. 
Iter 0811 | Energy: -82.614093 | Delta: 3.43e-02 | M: 120.9832 | Path: GPU-cuStateVec MPI-distributed (4 ranks)
Iter 0812 | Energy: -82.616676 | Delta: 2.58e-03 | M: 8244.4899 | Path: GPU-cuStateVec MPI-distributed (4 ranks)
Iter 0813 | Energy: -82.630562 | Delta: 1.39e-02 | M: 10648.7756 | Path: GPU-cuStateVec MPI-distributed (4 ranks)
Iter 0814 | Energy: -82.613763 | Delta: 1.68e-02 | M: 11120.2185 | Path: GPU-cuStateVec MPI-distributed (4 ranks)
Iter 0815 | Energy: -82.632187 | Delta: 1.84e-02 | M: 11408.7794 | Path: GPU-cuStateVec MPI-distributed (4 ranks)
[RESILIENCE] Iteration 815: Global theta state checkpointed at path checkpoints/H2O/checkpoint_iter_0815.npy. 
Iter 0816 | Energy: -82.605877 | Delta: 2.63e-02 | M: 10680.2131 | Path: GPU-cuStateVec MPI-distributed (4 ranks)
Iter 0817 | Energy: -82.616617 | Delta: 1.07e-02 | M: 11234.2003 | Path: GPU-cuStateVec MPI-distributed (4 ranks)
Iter 0818 | Energy: -82.638717 | Delta: 2.21e-02 | M: 7178.2004 | Path: GPU-cuStateVec MPI-distributed (4 ranks)
Iter 0819 | Energy: -82.603124 | Delta: 3.56e-02 | M: 6808.9196 | Path: GPU-cuStateVec MPI-distributed (4 ranks)
Iter 0820 | Energy: -82.600253 | Delta: 2.87e-03 | M: 11752.9869 | Path: GPU-cuStateVec MPI-distributed (4 ranks)
[RESILIENCE] Iteration 820: Global theta state checkpointed at path checkpoints/H2O/checkpoint_iter_0820.npy. 
Iter 0821 | Energy: -82.641009 | Delta: 4.08e-02 | M: 11392.2625 | Path: GPU-cuStateVec MPI-distributed (4 ranks)
Iter 0822 | Energy: -82.610316 | Delta: 3.07e-02 | M: 10509.3797 | Path: GPU-cuStateVec MPI-distributed (4 ranks)
Iter 0823 | Energy: -82.638502 | Delta: 2.82e-02 | M: 11334.8061 | Path: GPU-cuStateVec MPI-distributed (4 ranks)
Iter 0824 | Energy: -82.597455 | Delta: 4.10e-02 | M: 11204.8569 | Path: GPU-cuStateVec MPI-distributed (4 ranks)
Iter 0825 | Energy: -82.612276 | Delta: 1.48e-02 | M: 11681.7882 | Path: GPU-cuStateVec MPI-distributed (4 ranks)
[RESILIENCE] Iteration 825: Global theta state checkpointed at path checkpoints/H2O/checkpoint_iter_0825.npy. 
Iter 0826 | Energy: -82.615358 | Delta: 3.08e-03 | M: 10532.2796 | Path: GPU-cuStateVec MPI-distributed (4 ranks)
Iter 0827 | Energy: -82.621578 | Delta: 6.22e-03 | M: 10776.9366 | Path: GPU-cuStateVec MPI-distributed (4 ranks)
Iter 0828 | Energy: -82.643752 | Delta: 2.22e-02 | M: 122.2467 | Path: GPU-cuStateVec MPI-distributed (4 ranks)
Iter 0829 | Energy: -82.660897 | Delta: 1.71e-02 | M: 108.6232 | Path: GPU-cuStateVec MPI-distributed (4 ranks)
Iter 0830 | Energy: -82.614633 | Delta: 4.63e-02 | M: 8510.3325 | Path: GPU-cuStateVec MPI-distributed (4 ranks)
[RESILIENCE] Iteration 830: Global theta state checkpointed at path checkpoints/H2O/checkpoint_iter_0830.npy. 
Iter 0831 | Energy: -82.660088 | Delta: 4.55e-02 | M: 10443.5600 | Path: GPU-cuStateVec MPI-distributed (4 ranks)
Iter 0832 | Energy: -82.630740 | Delta: 2.93e-02 | M: 110.7049 | Path: GPU-cuStateVec MPI-distributed (4 ranks)
Iter 0833 | Energy: -82.643031 | Delta: 1.23e-02 | M: 11547.7618 | Path: GPU-cuStateVec MPI-distributed (4 ranks)
Iter 0834 | Energy: -82.649993 | Delta: 6.96e-03 | M: 11705.7485 | Path: GPU-cuStateVec MPI-distributed (4 ranks)
Iter 0835 | Energy: -82.662087 | Delta: 1.21e-02 | M: 11610.9994 | Path: GPU-cuStateVec MPI-distributed (4 ranks)
[RESILIENCE] Iteration 835: Global theta state checkpointed at path checkpoints/H2O/checkpoint_iter_0835.npy. 
Iter 0836 | Energy: -82.620546 | Delta: 4.15e-02 | M: 10491.5625 | Path: GPU-cuStateVec MPI-distributed (4 ranks)
Iter 0837 | Energy: -82.650713 | Delta: 3.02e-02 | M: 11245.1869 | Path: GPU-cuStateVec MPI-distributed (4 ranks)
Iter 0838 | Energy: -82.665059 | Delta: 1.43e-02 | M: 10099.5507 | Path: GPU-cuStateVec MPI-distributed (4 ranks)
Iter 0839 | Energy: -82.634822 | Delta: 3.02e-02 | M: 11423.3644 | Path: GPU-cuStateVec MPI-distributed (4 ranks)
Iter 0840 | Energy: -82.666770 | Delta: 3.19e-02 | M: 97.6627 | Path: GPU-cuStateVec MPI-distributed (4 ranks)
[RESILIENCE] Iteration 840: Global theta state checkpointed at path checkpoints/H2O/checkpoint_iter_0840.npy. 
Iter 0841 | Energy: -82.640295 | Delta: 2.65e-02 | M: 10769.5281 | Path: GPU-cuStateVec MPI-distributed (4 ranks)
Iter 0842 | Energy: -82.625120 | Delta: 1.52e-02 | M: 11299.7527 | Path: GPU-cuStateVec MPI-distributed (4 ranks)
Iter 0843 | Energy: -82.645646 | Delta: 2.05e-02 | M: 10781.4696 | Path: GPU-cuStateVec MPI-distributed (4 ranks)
Iter 0844 | Energy: -82.670752 | Delta: 2.51e-02 | M: 11707.5625 | Path: GPU-cuStateVec MPI-distributed (4 ranks)
Iter 0845 | Energy: -82.660698 | Delta: 1.01e-02 | M: 10904.6151 | Path: GPU-cuStateVec MPI-distributed (4 ranks)
[RESILIENCE] Iteration 845: Global theta state checkpointed at path checkpoints/H2O/checkpoint_iter_0845.npy. 
Iter 0846 | Energy: -82.634339 | Delta: 2.64e-02 | M: 99.7748 | Path: GPU-cuStateVec MPI-distributed (4 ranks)
Iter 0847 | Energy: -82.632725 | Delta: 1.61e-03 | M: 98.8753 | Path: GPU-cuStateVec MPI-distributed (4 ranks)
Iter 0848 | Energy: -82.660835 | Delta: 2.81e-02 | M: 6887.7558 | Path: GPU-cuStateVec MPI-distributed (4 ranks)
Iter 0849 | Energy: -82.634605 | Delta: 2.62e-02 | M: 11329.8312 | Path: GPU-cuStateVec MPI-distributed (4 ranks)
Iter 0850 | Energy: -82.626348 | Delta: 8.26e-03 | M: 10761.3489 | Path: GPU-cuStateVec MPI-distributed (4 ranks)
[RESILIENCE] Iteration 850: Global theta state checkpointed at path checkpoints/H2O/checkpoint_iter_0850.npy. 
Iter 0851 | Energy: -82.660649 | Delta: 3.43e-02 | M: 107.4149 | Path: GPU-cuStateVec MPI-distributed (4 ranks)
Iter 0852 | Energy: -82.650050 | Delta: 1.06e-02 | M: 11071.1719 | Path: GPU-cuStateVec MPI-distributed (4 ranks)
Iter 0853 | Energy: -82.635624 | Delta: 1.44e-02 | M: 11662.8374 | Path: GPU-cuStateVec MPI-distributed (4 ranks)
Iter 0854 | Energy: -82.615683 | Delta: 1.99e-02 | M: 10307.2805 | Path: GPU-cuStateVec MPI-distributed (4 ranks)
Iter 0855 | Energy: -82.657899 | Delta: 4.22e-02 | M: 5246.3902 | Path: GPU-cuStateVec MPI-distributed (4 ranks)
[RESILIENCE] Iteration 855: Global theta state checkpointed at path checkpoints/H2O/checkpoint_iter_0855.npy. 
Iter 0856 | Energy: -82.648451 | Delta: 9.45e-03 | M: 10637.0267 | Path: GPU-cuStateVec MPI-distributed (4 ranks)
Iter 0857 | Energy: -82.670807 | Delta: 2.24e-02 | M: 10799.2893 | Path: GPU-cuStateVec MPI-distributed (4 ranks)
Iter 0858 | Energy: -82.634161 | Delta: 3.66e-02 | M: 11169.9277 | Path: GPU-cuStateVec MPI-distributed (4 ranks)
Iter 0859 | Energy: -82.647004 | Delta: 1.28e-02 | M: 11230.7251 | Path: GPU-cuStateVec MPI-distributed (4 ranks)
Iter 0860 | Energy: -82.643506 | Delta: 3.50e-03 | M: 11038.0631 | Path: GPU-cuStateVec MPI-distributed (4 ranks)
[RESILIENCE] Iteration 860: Global theta state checkpointed at path checkpoints/H2O/checkpoint_iter_0860.npy. 
Iter 0861 | Energy: -82.646775 | Delta: 3.27e-03 | M: 10431.6239 | Path: GPU-cuStateVec MPI-distributed (4 ranks)
Iter 0862 | Energy: -82.626978 | Delta: 1.98e-02 | M: 11297.5997 | Path: GPU-cuStateVec MPI-distributed (4 ranks)
Iter 0863 | Energy: -82.684608 | Delta: 5.76e-02 | M: 10823.9771 | Path: GPU-cuStateVec MPI-distributed (4 ranks)
Iter 0864 | Energy: -82.641600 | Delta: 4.30e-02 | M: 10339.8027 | Path: GPU-cuStateVec MPI-distributed (4 ranks)
Iter 0865 | Energy: -82.660204 | Delta: 1.86e-02 | M: 111.9062 | Path: GPU-cuStateVec MPI-distributed (4 ranks)
[RESILIENCE] Iteration 865: Global theta state checkpointed at path checkpoints/H2O/checkpoint_iter_0865.npy. 
Iter 0866 | Energy: -82.651466 | Delta: 8.74e-03 | M: 113.2226 | Path: GPU-cuStateVec MPI-distributed (4 ranks)
Iter 0867 | Energy: -82.634579 | Delta: 1.69e-02 | M: 56.9422 | Path: GPU-cuStateVec MPI-distributed (4 ranks)
Iter 0868 | Energy: -82.650218 | Delta: 1.56e-02 | M: 10463.0397 | Path: GPU-cuStateVec MPI-distributed (4 ranks)
Iter 0869 | Energy: -82.657005 | Delta: 6.79e-03 | M: 10624.4789 | Path: GPU-cuStateVec MPI-distributed (4 ranks)
Iter 0870 | Energy: -82.650674 | Delta: 6.33e-03 | M: 10502.7909 | Path: GPU-cuStateVec MPI-distributed (4 ranks)
[RESILIENCE] Iteration 870: Global theta state checkpointed at path checkpoints/H2O/checkpoint_iter_0870.npy. 
Iter 0871 | Energy: -82.669190 | Delta: 1.85e-02 | M: 11274.1996 | Path: GPU-cuStateVec MPI-distributed (4 ranks)
Iter 0872 | Energy: -82.670307 | Delta: 1.12e-03 | M: 105.3150 | Path: GPU-cuStateVec MPI-distributed (4 ranks)
Iter 0873 | Energy: -82.647457 | Delta: 2.29e-02 | M: 10697.0022 | Path: GPU-cuStateVec MPI-distributed (4 ranks)
Iter 0874 | Energy: -82.670967 | Delta: 2.35e-02 | M: 11362.4188 | Path: GPU-cuStateVec MPI-distributed (4 ranks)
Iter 0875 | Energy: -82.676625 | Delta: 5.66e-03 | M: 10873.2691 | Path: GPU-cuStateVec MPI-distributed (4 ranks)
[RESILIENCE] Iteration 875: Global theta state checkpointed at path checkpoints/H2O/checkpoint_iter_0875.npy. 
Iter 0876 | Energy: -82.678831 | Delta: 2.21e-03 | M: 96.8777 | Path: GPU-cuStateVec MPI-distributed (4 ranks)
Iter 0877 | Energy: -82.649935 | Delta: 2.89e-02 | M: 11032.7964 | Path: GPU-cuStateVec MPI-distributed (4 ranks)
Iter 0878 | Energy: -82.640351 | Delta: 9.58e-03 | M: 8998.4679 | Path: GPU-cuStateVec MPI-distributed (4 ranks)
Iter 0879 | Energy: -82.676181 | Delta: 3.58e-02 | M: 9459.7455 | Path: GPU-cuStateVec MPI-distributed (4 ranks)
Iter 0880 | Energy: -82.680791 | Delta: 4.61e-03 | M: 11369.1069 | Path: GPU-cuStateVec MPI-distributed (4 ranks)
[RESILIENCE] Iteration 880: Global theta state checkpointed at path checkpoints/H2O/checkpoint_iter_0880.npy. 
Iter 0881 | Energy: -82.650712 | Delta: 3.01e-02 | M: 90.7978 | Path: GPU-cuStateVec MPI-distributed (4 ranks)
Iter 0882 | Energy: -82.676005 | Delta: 2.53e-02 | M: 91.0763 | Path: GPU-cuStateVec MPI-distributed (4 ranks)
Iter 0883 | Energy: -82.672171 | Delta: 3.83e-03 | M: 11112.5939 | Path: GPU-cuStateVec MPI-distributed (4 ranks)
Iter 0884 | Energy: -82.646401 | Delta: 2.58e-02 | M: 10572.7560 | Path: GPU-cuStateVec MPI-distributed (4 ranks)
Iter 0885 | Energy: -82.678284 | Delta: 3.19e-02 | M: 105.1675 | Path: GPU-cuStateVec MPI-distributed (4 ranks)
[RESILIENCE] Iteration 885: Global theta state checkpointed at path checkpoints/H2O/checkpoint_iter_0885.npy. 
Iter 0886 | Energy: -82.650030 | Delta: 2.83e-02 | M: 11284.6452 | Path: GPU-cuStateVec MPI-distributed (4 ranks)
Iter 0887 | Energy: -82.680481 | Delta: 3.05e-02 | M: 10340.8028 | Path: GPU-cuStateVec MPI-distributed (4 ranks)
Iter 0888 | Energy: -82.646250 | Delta: 3.42e-02 | M: 96.8196 | Path: GPU-cuStateVec MPI-distributed (4 ranks)
Iter 0889 | Energy: -82.668529 | Delta: 2.23e-02 | M: 11176.5114 | Path: GPU-cuStateVec MPI-distributed (4 ranks)
Iter 0890 | Energy: -82.654422 | Delta: 1.41e-02 | M: 11243.6261 | Path: GPU-cuStateVec MPI-distributed (4 ranks)
[RESILIENCE] Iteration 890: Global theta state checkpointed at path checkpoints/H2O/checkpoint_iter_0890.npy. 
Iter 0891 | Energy: -82.672878 | Delta: 1.85e-02 | M: 7024.0822 | Path: GPU-cuStateVec MPI-distributed (4 ranks)
Iter 0892 | Energy: -82.690826 | Delta: 1.79e-02 | M: 6343.5957 | Path: GPU-cuStateVec MPI-distributed (4 ranks)
Iter 0893 | Energy: -82.647392 | Delta: 4.34e-02 | M: 9670.9856 | Path: GPU-cuStateVec MPI-distributed (4 ranks)
Iter 0894 | Energy: -82.665641 | Delta: 1.82e-02 | M: 10741.5725 | Path: GPU-cuStateVec MPI-distributed (4 ranks)
Iter 0895 | Energy: -82.662223 | Delta: 3.42e-03 | M: 11438.8370 | Path: GPU-cuStateVec MPI-distributed (4 ranks)
[RESILIENCE] Iteration 895: Global theta state checkpointed at path checkpoints/H2O/checkpoint_iter_0895.npy. 
Iter 0896 | Energy: -82.680151 | Delta: 1.79e-02 | M: 10906.4194 | Path: GPU-cuStateVec MPI-distributed (4 ranks)
[VQE] Best physical energy: -74.792123 Ha (error: 0.2203 Ha) at iter 37
[VQE] Final energy -82.680151 is below FCI — reporting best physical result

[H2O] Ansatz tier:hwe_adaptive
[H2O] Corr score: 0.502 
[H2O] Best physical energy: -74.792123 Ha 
[H2O] Reference FCI : -75.012437 Ha 
[H2O] Absolute error: +0.2203 Ha 
[H2O] Iterations run: 896 (best at iter 37)
[H2O] Wall time: 246.71s (includes QPU queue + RTT) 
[H2O] Time/iter: 0.28 s 
[H2O] Source: registry 
[H2O] Active electrons: 8 
[H2O] Estimated qubits: 12 
[H2O] Note: Frozen 2 core electrons. Active space: 8 electrons, 12 qubits 

 RUNNING SCALING (with P=4 ranks) 
[Resolver] 'LiH' found in local registry 
[Chemistry:LiH] 631 Pauli terms, 12 qubits, 96 params, reps=2. FCI reference: -7.8825 Ha 
[Ansatz] HWE (adaptive) (auto) | corr_score=0.502 | off_diag_ratio=0.007
[Reason] score=0.502 in [0.25, 0.55). Moderate correlation (off_diag_ratio=0.007, zz_frac=0.979). Adaptive HWE with full entanglement recommended.
Iter 0001 | Energy: -0.391347 | Delta: inf | M: 16.2046 | Path: GPU-cuStateVec MPI-distributed (4 ranks)
Iter 0002 | Energy: -0.353292 | Delta: 3.81e-02 | M: 52.6067 | Path: GPU-cuStateVec MPI-distributed (4 ranks)
Iter 0003 | Energy: -0.417267 | Delta: 6.40e-02 | M: 9775.0681 | Path: GPU-cuStateVec MPI-distributed (4 ranks)
Iter 0004 | Energy: -0.638010 | Delta: 2.21e-01 | M: 52.8791 | Path: GPU-cuStateVec MPI-distributed (4 ranks)
Iter 0005 | Energy: -0.721660 | Delta: 8.36e-02 | M: 74.2164 | Path: GPU-cuStateVec MPI-distributed (4 ranks)
[RESILIENCE] Iteration 5: Global theta state checkpointed at path checkpoints/scaling/checkpoint_iter_0005.npy. 
Iter 0006 | Energy: -1.100416 | Delta: 3.79e-01 | M: 9812.8064 | Path: GPU-cuStateVec MPI-distributed (4 ranks)
Iter 0007 | Energy: -1.138763 | Delta: 3.83e-02 | M: 9679.4532 | Path: GPU-cuStateVec MPI-distributed (4 ranks)
Iter 0008 | Energy: -1.283152 | Delta: 1.44e-01 | M: 8963.0979 | Path: GPU-cuStateVec MPI-distributed (4 ranks)
Iter 0009 | Energy: -1.253480 | Delta: 2.97e-02 | M: 151.1784 | Path: GPU-cuStateVec MPI-distributed (4 ranks)
Iter 0010 | Energy: -1.289499 | Delta: 3.60e-02 | M: 9755.0456 | Path: GPU-cuStateVec MPI-distributed (4 ranks)
[RESILIENCE] Iteration 10: Global theta state checkpointed at path checkpoints/scaling/checkpoint_iter_0010.npy. 
[Scaling] P=4 T_total=2.3898 final_E=-1.289499 tier=hwe_adaptive qubits=12 iters=10

 RUNNING WEAK SCALING (P=4, molecule=BeH2)
[Resolver] 'BeH2' found in local registry 
[Chemistry:BeH2] 666 Pauli terms, 14 qubits, 112 params, reps=2. FCI reference: -15.5951 Ha 
[Ansatz] HWE (adaptive) (auto) | corr_score=0.501 | off_diag_ratio=0.004
[Reason] score=0.501 in [0.25, 0.55). Moderate correlation (off_diag_ratio=0.004, zz_frac=0.977). Adaptive HWE with full entanglement recommended.
Iter 0001 | Energy: -0.941342 | Delta: inf | M: 7492.8865 | Path: GPU-cuStateVec MPI-distributed (4 ranks)
Iter 0002 | Energy: -0.833920 | Delta: 1.07e-01 | M: 113.0981 | Path: GPU-cuStateVec MPI-distributed (4 ranks)
Iter 0003 | Energy: -0.817770 | Delta: 1.62e-02 | M: 66.9127 | Path: GPU-cuStateVec MPI-distributed (4 ranks)
Iter 0004 | Energy: -1.556355 | Delta: 7.39e-01 | M: 81.1824 | Path: GPU-cuStateVec MPI-distributed (4 ranks)
Iter 0005 | Energy: -4.824463 | Delta: 3.27e+00 | M: 8152.3047 | Path: GPU-cuStateVec MPI-distributed (4 ranks)
[RESILIENCE] Iteration 5: Global theta state checkpointed at path checkpoints/weak_scaling/checkpoint_iter_0005.npy. 
Iter 0006 | Energy: -5.071194 | Delta: 2.47e-01 | M: 7127.3580 | Path: GPU-cuStateVec MPI-distributed (4 ranks)
Iter 0007 | Energy: -5.347888 | Delta: 2.77e-01 | M: 7987.0694 | Path: GPU-cuStateVec MPI-distributed (4 ranks)
Iter 0008 | Energy: -7.078545 | Delta: 1.73e+00 | M: 9122.7261 | Path: GPU-cuStateVec MPI-distributed (4 ranks)
Iter 0009 | Energy: -7.193924 | Delta: 1.15e-01 | M: 8330.2506 | Path: GPU-cuStateVec MPI-distributed (4 ranks)
Iter 0010 | Energy: -7.626978 | Delta: 4.33e-01 | M: 9622.0515 | Path: GPU-cuStateVec MPI-distributed (4 ranks)
[RESILIENCE] Iteration 10: Global theta state checkpointed at path checkpoints/weak_scaling/checkpoint_iter_0010.npy. 
[Weak Scaling] P=4 mol=BeH2 terms=666 terms/rank=166 T_total=2.6344 T/iter=0.2634 final_E=-7.626978



---ALL LOCAL BENCHMARKS COMPLETE ----
Ranks used : 4
GPU : True
Backend : simulator 
Molecule   Energy (Ha)      Error (Ha)     Ansatz               Corr   Iters    Time(s)    T/iter(s) 
H2         -1.136508        +0.0008 Ha     HWE (adaptive)       0.342  200      39.83      0.1992    
LiH        -7.546284        +0.3362 Ha     HWE (adaptive)       0.502  768      179.60     0.2339    
BeH2       -15.555709       +0.0394 Ha     HWE (adaptive)       0.501  896      229.72     0.2564    
H2O        -74.792123       +0.2203 Ha     HWE (adaptive)       0.502  896      246.71     0.2753    
[Results] Saved to results/simulator/simulator_20260326_203021.json
[  793.68s] Log closed
